run_id,market,rate,period,count,amount,side,fetched_at
9186e57d-e3d9-4b10-b92d-aa6136158212,fUST,0.0002671232876712329,120,1,-2435238.5348391,demand,2026-09-30T00:47:01.697350+00:00
9186e57d-e3d9-4b10-b92d-aa6136158212,fUST,0.000267123287,120,1,-4451.08,demand,2026-09-30T00:47:01.697350+00:00
9186e57d-e3d9-4b10-b92d-aa6136158212,fUST,0.00026221095890410957,60,1,-5991316.96618718,demand,2026-09-30T00:47:01.697350+00:00
9186e57d-e3d9-4b10-b92d-aa6136158212,fUST,0.00026221095890410957,30,1,-3497146.12275866,demand,2026-09-30T00:47:01.697350+00:00
9186e57d-e3d9-4b10-b92d-aa6136158212,fUST,0.00022,2,1,-150.0,demand,2026-09-30T00:47:01.697350+00:00
9186e57d-e3d9-4b10-b92d-aa6136158212,fUST,0.0002,2,1,-150.0,demand,2026-09-30T00:47:01.697350+00:00
9186e57d-e3d9-4b10-b92d-aa6136158212,fUST,0.00018,7,1,-1000.0,demand,2026-09-30T00:47:01.697350+00:00
9186e57d-e3d9-4b10-b92d-aa6136158212,fUST,0.00018,2,1,-3000.0,demand,2026-09-30T00:47:01.697350+00:00
9186e57d-e3d9-4b10-b92d-aa6136158212,fUST,0.000162,14,4,-20000.0,demand,2026-09-30T00:47:01.697350+00:00
9186e57d-e3d9-4b10-b92d-aa6136158212,fUST,0.0001601,29,1,-139823.84554117,demand,2026-09-30T00:47:01.697350+00:00
9186e57d-e3d9-4b10-b92d-aa6136158212,fUST,0.00016,60,18,-114200.828599,demand,2026-09-30T00:47:01.697350+00:00
9186e57d-e3d9-4b10-b92d-aa6136158212,fUST,0.00016,30,2,-13277.4,demand,2026-09-30T00:47:01.697350+00:00
9186e57d-e3d9-4b10-b92d-aa6136158212,fUST,0.000155,45,8,-47500.0,demand,2026-09-30T00:47:01.697350+00:00
9186e57d-e3d9-4b10-b92d-aa6136158212,fUST,0.000153,7,1,-1628.41778257,demand,2026-09-30T00:47:01.697350+00:00
9186e57d-e3d9-4b10-b92d-aa6136158212,fUST,0.000152,60,1,-28000.0,demand,2026-09-30T00:47:01.697350+00:00
9186e57d-e3d9-4b10-b92d-aa6136158212,fUST,0.00015,120,1,-300000.0,demand,2026-09-30T00:47:01.697350+00:00
9186e57d-e3d9-4b10-b92d-aa6136158212,fUST,0.00015,45,4,-18668.928077,demand,2026-09-30T00:47:01.697350+00:00
9186e57d-e3d9-4b10-b92d-aa6136158212,fUST,0.00015,30,14,-57500.0,demand,2026-09-30T00:47:01.697350+00:00
9186e57d-e3d9-4b10-b92d-aa6136158212,fUST,0.00015,6,1,-10000.0,demand,2026-09-30T00:47:01.697350+00:00
9186e57d-e3d9-4b10-b92d-aa6136158212,fUST,0.0001401,13,1,-99488.31479105,demand,2026-09-30T00:47:01.697350+00:00
9186e57d-e3d9-4b10-b92d-aa6136158212,fUST,0.00014000000000000001,30,1,-28000.0,demand,2026-09-30T00:47:01.697350+00:00
9186e57d-e3d9-4b10-b92d-aa6136158212,fUST,0.0001361,30,23,-93124.47696771,demand,2026-09-30T00:47:01.697350+00:00
9186e57d-e3d9-4b10-b92d-aa6136158212,fUST,0.0001351,2,25,-233046.9697005,demand,2026-09-30T00:47:01.697350+00:00
9186e57d-e3d9-4b10-b92d-aa6136158212,fUST,0.000135,2,1,-945712.98068637,demand,2026-09-30T00:47:01.697350+00:00
9186e57d-e3d9-4b10-b92d-aa6136158212,fUST,0.00013,7,1,-1000.0,demand,2026-09-30T00:47:01.697350+00:00
9186e57d-e3d9-4b10-b92d-aa6136158212,fUST,0.0001545671,2,1,100.34164019,offer,2026-09-30T00:47:01.697350+00:00
9186e57d-e3d9-4b10-b92d-aa6136158212,fUST,0.0001565549,2,1,20.32769371,offer,2026-09-30T00:47:01.697350+00:00
9186e57d-e3d9-4b10-b92d-aa6136158212,fUST,0.00015787,2,3,1694.59,offer,2026-09-30T00:47:01.697350+00:00
9186e57d-e3d9-4b10-b92d-aa6136158212,fUST,0.000159928856,2,11,4861.74506724,offer,2026-09-30T00:47:01.697350+00:00
9186e57d-e3d9-4b10-b92d-aa6136158212,fUST,0.000159938856,2,1,302.9155193,offer,2026-09-30T00:47:01.697350+00:00
9186e57d-e3d9-4b10-b92d-aa6136158212,fUST,0.0001609060273972603,2,1,356.44356588,offer,2026-09-30T00:47:01.697350+00:00
9186e57d-e3d9-4b10-b92d-aa6136158212,fUST,0.00016092602739726028,2,3,10248.91966294,offer,2026-09-30T00:47:01.697350+00:00
9186e57d-e3d9-4b10-b92d-aa6136158212,fUST,0.00016092698630136988,2,1,468.6330564,offer,2026-09-30T00:47:01.697350+00:00
9186e57d-e3d9-4b10-b92d-aa6136158212,fUST,0.00016093698630136987,2,1,476.62991097,offer,2026-09-30T00:47:01.697350+00:00
9186e57d-e3d9-4b10-b92d-aa6136158212,fUST,0.0001609372,2,2,932.68103671,offer,2026-09-30T00:47:01.697350+00:00
9186e57d-e3d9-4b10-b92d-aa6136158212,fUST,0.0001609672,2,1,2175.925058,offer,2026-09-30T00:47:01.697350+00:00
9186e57d-e3d9-4b10-b92d-aa6136158212,fUST,0.00016197,2,1,500.0,offer,2026-09-30T00:47:01.697350+00:00
9186e57d-e3d9-4b10-b92d-aa6136158212,fUST,0.0001628485,2,1,273.126169,offer,2026-09-30T00:47:01.697350+00:00
9186e57d-e3d9-4b10-b92d-aa6136158212,fUST,0.00016623,2,1,500.0,offer,2026-09-30T00:47:01.697350+00:00
9186e57d-e3d9-4b10-b92d-aa6136158212,fUST,0.00016624,2,16,5100.0,offer,2026-09-30T00:47:01.697350+00:00
9186e57d-e3d9-4b10-b92d-aa6136158212,fUST,0.00016624,7,1,355.0,offer,2026-09-30T00:47:01.697350+00:00
9186e57d-e3d9-4b10-b92d-aa6136158212,fUST,0.0001683388,2,1,248.6571334,offer,2026-09-30T00:47:01.697350+00:00
9186e57d-e3d9-4b10-b92d-aa6136158212,fUST,0.00016838,2,1,200.0,offer,2026-09-30T00:47:01.697350+00:00
9186e57d-e3d9-4b10-b92d-aa6136158212,fUST,0.00016838,7,1,200.0,offer,2026-09-30T00:47:01.697350+00:00
9186e57d-e3d9-4b10-b92d-aa6136158212,fUST,0.00016902,2,3,1500.0,offer,2026-09-30T00:47:01.697350+00:00
9186e57d-e3d9-4b10-b92d-aa6136158212,fUST,0.000178,30,1,358.31778847,offer,2026-09-30T00:47:01.697350+00:00
9186e57d-e3d9-4b10-b92d-aa6136158212,fUST,0.00017833,2,11,5758.30756805,offer,2026-09-30T00:47:01.697350+00:00
9186e57d-e3d9-4b10-b92d-aa6136158212,fUST,0.00017833972602739726,2,1,500.0,offer,2026-09-30T00:47:01.697350+00:00
9186e57d-e3d9-4b10-b92d-aa6136158212,fUST,0.00017887,3,1,445.38,offer,2026-09-30T00:47:01.697350+00:00
9186e57d-e3d9-4b10-b92d-aa6136158212,fUST,0.00017896,2,8,3511.73,offer,2026-09-30T00:47:01.697350+00:00
3ed4764c-5a2e-478e-9a7e-0e2c8e38535e,fUST,0.0002671232876712329,120,1,-2425036.42651602,demand,2026-09-30T01:47:01.622506+00:00
3ed4764c-5a2e-478e-9a7e-0e2c8e38535e,fUST,0.000267123287,120,1,-4451.08,demand,2026-09-30T01:47:01.622506+00:00
3ed4764c-5a2e-478e-9a7e-0e2c8e38535e,fUST,0.00026216164383561645,60,1,-5980475.0880863,demand,2026-09-30T01:47:01.622506+00:00
3ed4764c-5a2e-478e-9a7e-0e2c8e38535e,fUST,0.00026216164383561645,30,1,-2959063.25769532,demand,2026-09-30T01:47:01.622506+00:00
3ed4764c-5a2e-478e-9a7e-0e2c8e38535e,fUST,0.00018,7,1,-1000.0,demand,2026-09-30T01:47:01.622506+00:00
3ed4764c-5a2e-478e-9a7e-0e2c8e38535e,fUST,0.00018,2,1,-3000.0,demand,2026-09-30T01:47:01.622506+00:00
3ed4764c-5a2e-478e-9a7e-0e2c8e38535e,fUST,0.000162,14,4,-20000.0,demand,2026-09-30T01:47:01.622506+00:00
3ed4764c-5a2e-478e-9a7e-0e2c8e38535e,fUST,0.0001601,29,1,-139823.84554117,demand,2026-09-30T01:47:01.622506+00:00
3ed4764c-5a2e-478e-9a7e-0e2c8e38535e,fUST,0.00016,60,18,-114200.828599,demand,2026-09-30T01:47:01.622506+00:00
3ed4764c-5a2e-478e-9a7e-0e2c8e38535e,fUST,0.00016,30,2,-13277.4,demand,2026-09-30T01:47:01.622506+00:00
3ed4764c-5a2e-478e-9a7e-0e2c8e38535e,fUST,0.000155,45,8,-47500.0,demand,2026-09-30T01:47:01.622506+00:00
3ed4764c-5a2e-478e-9a7e-0e2c8e38535e,fUST,0.000152,60,1,-28000.0,demand,2026-09-30T01:47:01.622506+00:00
3ed4764c-5a2e-478e-9a7e-0e2c8e38535e,fUST,0.00015,120,1,-300000.0,demand,2026-09-30T01:47:01.622506+00:00
3ed4764c-5a2e-478e-9a7e-0e2c8e38535e,fUST,0.00015,45,4,-18668.928077,demand,2026-09-30T01:47:01.622506+00:00
3ed4764c-5a2e-478e-9a7e-0e2c8e38535e,fUST,0.00015,30,14,-57500.0,demand,2026-09-30T01:47:01.622506+00:00
3ed4764c-5a2e-478e-9a7e-0e2c8e38535e,fUST,0.00015,6,1,-10000.0,demand,2026-09-30T01:47:01.622506+00:00
3ed4764c-5a2e-478e-9a7e-0e2c8e38535e,fUST,0.0001401,13,1,-99488.31479105,demand,2026-09-30T01:47:01.622506+00:00
3ed4764c-5a2e-478e-9a7e-0e2c8e38535e,fUST,0.00014000000000000001,30,1,-28000.0,demand,2026-09-30T01:47:01.622506+00:00
3ed4764c-5a2e-478e-9a7e-0e2c8e38535e,fUST,0.0001361,30,23,-93124.47696771,demand,2026-09-30T01:47:01.622506+00:00
3ed4764c-5a2e-478e-9a7e-0e2c8e38535e,fUST,0.0001351,2,24,-228304.30135047,demand,2026-09-30T01:47:01.622506+00:00
3ed4764c-5a2e-478e-9a7e-0e2c8e38535e,fUST,0.000135,2,1,-945712.98068637,demand,2026-09-30T01:47:01.622506+00:00
3ed4764c-5a2e-478e-9a7e-0e2c8e38535e,fUST,0.00013,7,1,-1000.0,demand,2026-09-30T01:47:01.622506+00:00
3ed4764c-5a2e-478e-9a7e-0e2c8e38535e,fUST,0.00013,2,1,-1000.0,demand,2026-09-30T01:47:01.622506+00:00
3ed4764c-5a2e-478e-9a7e-0e2c8e38535e,fUST,0.0001226,12,1,-135216.16709793,demand,2026-09-30T01:47:01.622506+00:00
3ed4764c-5a2e-478e-9a7e-0e2c8e38535e,fUST,0.0001225,59,1,-95000.0,demand,2026-09-30T01:47:01.622506+00:00
3ed4764c-5a2e-478e-9a7e-0e2c8e38535e,fUST,0.0001517,7,1,366.28594667,offer,2026-09-30T01:47:01.622506+00:00
3ed4764c-5a2e-478e-9a7e-0e2c8e38535e,fUST,0.00015342499999999998,2,1,8045.71683708,offer,2026-09-30T01:47:01.622506+00:00
3ed4764c-5a2e-478e-9a7e-0e2c8e38535e,fUST,0.0001565,2,1,155.78450473,offer,2026-09-30T01:47:01.622506+00:00
3ed4764c-5a2e-478e-9a7e-0e2c8e38535e,fUST,0.00015749999999999998,7,1,390.24029353,offer,2026-09-30T01:47:01.622506+00:00
3ed4764c-5a2e-478e-9a7e-0e2c8e38535e,fUST,0.0001609177248,2,1,166.935941,offer,2026-09-30T01:47:01.622506+00:00
3ed4764c-5a2e-478e-9a7e-0e2c8e38535e,fUST,0.00016147,2,19,8926.81480613,offer,2026-09-30T01:47:01.622506+00:00
3ed4764c-5a2e-478e-9a7e-0e2c8e38535e,fUST,0.0001616842,2,1,4481.5414301,offer,2026-09-30T01:47:01.622506+00:00
3ed4764c-5a2e-478e-9a7e-0e2c8e38535e,fUST,0.000162,7,1,647.00038965,offer,2026-09-30T01:47:01.622506+00:00
3ed4764c-5a2e-478e-9a7e-0e2c8e38535e,fUST,0.0001643319,2,1,253.806995,offer,2026-09-30T01:47:01.622506+00:00
3ed4764c-5a2e-478e-9a7e-0e2c8e38535e,fUST,0.000168,7,1,647.00038969,offer,2026-09-30T01:47:01.622506+00:00
3ed4764c-5a2e-478e-9a7e-0e2c8e38535e,fUST,0.00017004242787732604,2,1,1611.94924344,offer,2026-09-30T01:47:01.622506+00:00
3ed4764c-5a2e-478e-9a7e-0e2c8e38535e,fUST,0.00017521,2,2,1000.0,offer,2026-09-30T01:47:01.622506+00:00
3ed4764c-5a2e-478e-9a7e-0e2c8e38535e,fUST,0.000178,2,1,1463.0,offer,2026-09-30T01:47:01.622506+00:00
3ed4764c-5a2e-478e-9a7e-0e2c8e38535e,fUST,0.00017833,2,2,1013.74945997,offer,2026-09-30T01:47:01.622506+00:00
3ed4764c-5a2e-478e-9a7e-0e2c8e38535e,fUST,0.00017885849999999998,2,5,6129.35622842,offer,2026-09-30T01:47:01.622506+00:00
3ed4764c-5a2e-478e-9a7e-0e2c8e38535e,fUST,0.00017895,2,12,5197.56184784,offer,2026-09-30T01:47:01.622506+00:00
3ed4764c-5a2e-478e-9a7e-0e2c8e38535e,fUST,0.00017896,2,11,139075.50621597,offer,2026-09-30T01:47:01.622506+00:00
3ed4764c-5a2e-478e-9a7e-0e2c8e38535e,fUST,0.0001798776,2,1,327.52,offer,2026-09-30T01:47:01.622506+00:00
3ed4764c-5a2e-478e-9a7e-0e2c8e38535e,fUST,0.00018,2,1,290.8,offer,2026-09-30T01:47:01.622506+00:00
3ed4764c-5a2e-478e-9a7e-0e2c8e38535e,fUST,0.00018243566999999998,4,1,219.93131062,offer,2026-09-30T01:47:01.622506+00:00
3ed4764c-5a2e-478e-9a7e-0e2c8e38535e,fUST,0.00018253,2,1,600.0,offer,2026-09-30T01:47:01.622506+00:00
3ed4764c-5a2e-478e-9a7e-0e2c8e38535e,fUST,0.00018257051961285457,7,1,187.72411773,offer,2026-09-30T01:47:01.622506+00:00
3ed4764c-5a2e-478e-9a7e-0e2c8e38535e,fUST,0.00018261,2,1,290.8,offer,2026-09-30T01:47:01.622506+00:00
3ed4764c-5a2e-478e-9a7e-0e2c8e38535e,fUST,0.00018467,2,1,290.79,offer,2026-09-30T01:47:01.622506+00:00
3ed4764c-5a2e-478e-9a7e-0e2c8e38535e,fUST,0.000185422382799727,2,1,243.71325398,offer,2026-09-30T01:47:01.622506+00:00
256b6b21-04a4-4075-aae8-749cdbee9642,fUST,0.0002671232876712329,120,1,-2252638.12830355,demand,2026-09-30T02:47:01.591840+00:00
256b6b21-04a4-4075-aae8-749cdbee9642,fUST,0.000267123287,120,1,-4451.08,demand,2026-09-30T02:47:01.591840+00:00
256b6b21-04a4-4075-aae8-749cdbee9642,fUST,0.00026222739726027396,60,1,-5974019.97370803,demand,2026-09-30T02:47:01.591840+00:00
256b6b21-04a4-4075-aae8-749cdbee9642,fUST,0.00022,2,1,-150.0,demand,2026-09-30T02:47:01.591840+00:00
256b6b21-04a4-4075-aae8-749cdbee9642,fUST,0.0002,2,1,-150.0,demand,2026-09-30T02:47:01.591840+00:00
256b6b21-04a4-4075-aae8-749cdbee9642,fUST,0.00018,7,1,-1000.0,demand,2026-09-30T02:47:01.591840+00:00
256b6b21-04a4-4075-aae8-749cdbee9642,fUST,0.00018,2,1,-3000.0,demand,2026-09-30T02:47:01.591840+00:00
256b6b21-04a4-4075-aae8-749cdbee9642,fUST,0.000162,14,4,-20000.0,demand,2026-09-30T02:47:01.591840+00:00
256b6b21-04a4-4075-aae8-749cdbee9642,fUST,0.0001601,29,1,-139823.84554117,demand,2026-09-30T02:47:01.591840+00:00
256b6b21-04a4-4075-aae8-749cdbee9642,fUST,0.00016,60,18,-114200.828599,demand,2026-09-30T02:47:01.591840+00:00
256b6b21-04a4-4075-aae8-749cdbee9642,fUST,0.00016,30,2,-13277.4,demand,2026-09-30T02:47:01.591840+00:00
256b6b21-04a4-4075-aae8-749cdbee9642,fUST,0.000155,45,8,-47500.0,demand,2026-09-30T02:47:01.591840+00:00
256b6b21-04a4-4075-aae8-749cdbee9642,fUST,0.000152,60,1,-28000.0,demand,2026-09-30T02:47:01.591840+00:00
256b6b21-04a4-4075-aae8-749cdbee9642,fUST,0.00015,120,1,-300000.0,demand,2026-09-30T02:47:01.591840+00:00
256b6b21-04a4-4075-aae8-749cdbee9642,fUST,0.00015,45,4,-18668.928077,demand,2026-09-30T02:47:01.591840+00:00
256b6b21-04a4-4075-aae8-749cdbee9642,fUST,0.00015,30,14,-57500.0,demand,2026-09-30T02:47:01.591840+00:00
256b6b21-04a4-4075-aae8-749cdbee9642,fUST,0.00015,6,1,-9843.55122894,demand,2026-09-30T02:47:01.591840+00:00
256b6b21-04a4-4075-aae8-749cdbee9642,fUST,0.0001401,13,1,-99488.31479105,demand,2026-09-30T02:47:01.591840+00:00
256b6b21-04a4-4075-aae8-749cdbee9642,fUST,0.00014000000000000001,30,1,-28000.0,demand,2026-09-30T02:47:01.591840+00:00
256b6b21-04a4-4075-aae8-749cdbee9642,fUST,0.0001361,30,23,-93124.47696771,demand,2026-09-30T02:47:01.591840+00:00
256b6b21-04a4-4075-aae8-749cdbee9642,fUST,0.0001351,2,23,-226989.54031547,demand,2026-09-30T02:47:01.591840+00:00
256b6b21-04a4-4075-aae8-749cdbee9642,fUST,0.000135,2,1,-945712.98068637,demand,2026-09-30T02:47:01.591840+00:00
256b6b21-04a4-4075-aae8-749cdbee9642,fUST,0.00013,7,1,-1000.0,demand,2026-09-30T02:47:01.591840+00:00
256b6b21-04a4-4075-aae8-749cdbee9642,fUST,0.00013,2,1,-1000.0,demand,2026-09-30T02:47:01.591840+00:00
256b6b21-04a4-4075-aae8-749cdbee9642,fUST,0.0001226,12,1,-135216.16709793,demand,2026-09-30T02:47:01.591840+00:00
256b6b21-04a4-4075-aae8-749cdbee9642,fUST,0.00016400000000000006,2,1,190.95394244,offer,2026-09-30T02:47:01.591840+00:00
256b6b21-04a4-4075-aae8-749cdbee9642,fUST,0.0001689545,2,2,1314.5900157,offer,2026-09-30T02:47:01.591840+00:00
256b6b21-04a4-4075-aae8-749cdbee9642,fUST,0.00017886,7,1,189.16846921,offer,2026-09-30T02:47:01.591840+00:00
256b6b21-04a4-4075-aae8-749cdbee9642,fUST,0.00017886,3,1,370.27,offer,2026-09-30T02:47:01.591840+00:00
256b6b21-04a4-4075-aae8-749cdbee9642,fUST,0.00017894890410958904,2,1,209.9095895,offer,2026-09-30T02:47:01.591840+00:00
256b6b21-04a4-4075-aae8-749cdbee9642,fUST,0.00017895,7,1,355.0,offer,2026-09-30T02:47:01.591840+00:00
256b6b21-04a4-4075-aae8-749cdbee9642,fUST,0.00017895890410958904,2,1,7018.30603017,offer,2026-09-30T02:47:01.591840+00:00
256b6b21-04a4-4075-aae8-749cdbee9642,fUST,0.00017896,2,20,175811.48283547,offer,2026-09-30T02:47:01.591840+00:00
256b6b21-04a4-4075-aae8-749cdbee9642,fUST,0.0001798776,2,1,327.52,offer,2026-09-30T02:47:01.591840+00:00
256b6b21-04a4-4075-aae8-749cdbee9642,fUST,0.00018,5,1,322.18844994,offer,2026-09-30T02:47:01.591840+00:00
256b6b21-04a4-4075-aae8-749cdbee9642,fUST,0.00018,2,3,2035.6,offer,2026-09-30T02:47:01.591840+00:00
256b6b21-04a4-4075-aae8-749cdbee9642,fUST,0.0001804,2,1,162.06,offer,2026-09-30T02:47:01.591840+00:00
256b6b21-04a4-4075-aae8-749cdbee9642,fUST,0.00018169,7,1,355.0,offer,2026-09-30T02:47:01.591840+00:00
256b6b21-04a4-4075-aae8-749cdbee9642,fUST,0.00018243720000000002,7,1,189.16846921,offer,2026-09-30T02:47:01.591840+00:00
256b6b21-04a4-4075-aae8-749cdbee9642,fUST,0.00018253,2,1,600.0,offer,2026-09-30T02:47:01.591840+00:00
256b6b21-04a4-4075-aae8-749cdbee9642,fUST,0.00018253808219178083,7,1,586.86874209,offer,2026-09-30T02:47:01.591840+00:00
256b6b21-04a4-4075-aae8-749cdbee9642,fUST,0.000185422382799727,2,1,243.71325398,offer,2026-09-30T02:47:01.591840+00:00
256b6b21-04a4-4075-aae8-749cdbee9642,fUST,0.000187803,7,1,189.16846921,offer,2026-09-30T02:47:01.591840+00:00
256b6b21-04a4-4075-aae8-749cdbee9642,fUST,0.0001879068493150685,7,1,586.86874209,offer,2026-09-30T02:47:01.591840+00:00
256b6b21-04a4-4075-aae8-749cdbee9642,fUST,0.000188,2,1,25072.33583,offer,2026-09-30T02:47:01.591840+00:00
256b6b21-04a4-4075-aae8-749cdbee9642,fUST,0.000188,4,1,181.18125881,offer,2026-09-30T02:47:01.591840+00:00
256b6b21-04a4-4075-aae8-749cdbee9642,fUST,0.00019178,2,2,6842.81568622,offer,2026-09-30T02:47:01.591840+00:00
256b6b21-04a4-4075-aae8-749cdbee9642,fUST,0.000192,2,8,2020.3775889,offer,2026-09-30T02:47:01.591840+00:00
256b6b21-04a4-4075-aae8-749cdbee9642,fUST,0.00019316880000000002,7,1,189.16846921,offer,2026-09-30T02:47:01.591840+00:00
256b6b21-04a4-4075-aae8-749cdbee9642,fUST,0.00019327561643835617,7,1,586.86874209,offer,2026-09-30T02:47:01.591840+00:00
1fa6c999-a6e1-4536-b83b-3d1334d365ad,fUST,0.0002671232876712329,120,1,-2252638.12830355,demand,2026-09-30T03:47:01.856031+00:00
1fa6c999-a6e1-4536-b83b-3d1334d365ad,fUST,0.000267123287,120,1,-4451.08,demand,2026-09-30T03:47:01.856031+00:00
1fa6c999-a6e1-4536-b83b-3d1334d365ad,fUST,0.00026206575342465753,60,1,-5973519.97370803,demand,2026-09-30T03:47:01.856031+00:00
1fa6c999-a6e1-4536-b83b-3d1334d365ad,fUST,0.00022,2,1,-150.0,demand,2026-09-30T03:47:01.856031+00:00
1fa6c999-a6e1-4536-b83b-3d1334d365ad,fUST,0.0002,2,1,-150.0,demand,2026-09-30T03:47:01.856031+00:00
1fa6c999-a6e1-4536-b83b-3d1334d365ad,fUST,0.00018,7,1,-1000.0,demand,2026-09-30T03:47:01.856031+00:00
1fa6c999-a6e1-4536-b83b-3d1334d365ad,fUST,0.00018,2,1,-3000.0,demand,2026-09-30T03:47:01.856031+00:00
1fa6c999-a6e1-4536-b83b-3d1334d365ad,fUST,0.000162,14,4,-20000.0,demand,2026-09-30T03:47:01.856031+00:00
1fa6c999-a6e1-4536-b83b-3d1334d365ad,fUST,0.0001601,29,1,-139823.84554117,demand,2026-09-30T03:47:01.856031+00:00
1fa6c999-a6e1-4536-b83b-3d1334d365ad,fUST,0.00016,60,18,-114200.828599,demand,2026-09-30T03:47:01.856031+00:00
1fa6c999-a6e1-4536-b83b-3d1334d365ad,fUST,0.00016,30,2,-13277.4,demand,2026-09-30T03:47:01.856031+00:00
1fa6c999-a6e1-4536-b83b-3d1334d365ad,fUST,0.000155,45,8,-47500.0,demand,2026-09-30T03:47:01.856031+00:00
1fa6c999-a6e1-4536-b83b-3d1334d365ad,fUST,0.000152,60,1,-28000.0,demand,2026-09-30T03:47:01.856031+00:00
1fa6c999-a6e1-4536-b83b-3d1334d365ad,fUST,0.00015,120,1,-300000.0,demand,2026-09-30T03:47:01.856031+00:00
1fa6c999-a6e1-4536-b83b-3d1334d365ad,fUST,0.00015,45,4,-18668.928077,demand,2026-09-30T03:47:01.856031+00:00
1fa6c999-a6e1-4536-b83b-3d1334d365ad,fUST,0.00015,30,14,-57500.0,demand,2026-09-30T03:47:01.856031+00:00
1fa6c999-a6e1-4536-b83b-3d1334d365ad,fUST,0.00015,6,1,-9508.36136283,demand,2026-09-30T03:47:01.856031+00:00
1fa6c999-a6e1-4536-b83b-3d1334d365ad,fUST,0.0001401,13,1,-99488.31479105,demand,2026-09-30T03:47:01.856031+00:00
1fa6c999-a6e1-4536-b83b-3d1334d365ad,fUST,0.00014000000000000001,30,1,-28000.0,demand,2026-09-30T03:47:01.856031+00:00
1fa6c999-a6e1-4536-b83b-3d1334d365ad,fUST,0.0001361,30,23,-93124.47696771,demand,2026-09-30T03:47:01.856031+00:00
1fa6c999-a6e1-4536-b83b-3d1334d365ad,fUST,0.0001351,2,8,-67147.23161675,demand,2026-09-30T03:47:01.856031+00:00
1fa6c999-a6e1-4536-b83b-3d1334d365ad,fUST,0.000135,2,1,-945712.98068637,demand,2026-09-30T03:47:01.856031+00:00
1fa6c999-a6e1-4536-b83b-3d1334d365ad,fUST,0.00013,7,1,-1000.0,demand,2026-09-30T03:47:01.856031+00:00
1fa6c999-a6e1-4536-b83b-3d1334d365ad,fUST,0.00013,2,1,-1000.0,demand,2026-09-30T03:47:01.856031+00:00
1fa6c999-a6e1-4536-b83b-3d1334d365ad,fUST,0.0001226,12,1,-135216.16709793,demand,2026-09-30T03:47:01.856031+00:00
1fa6c999-a6e1-4536-b83b-3d1334d365ad,fUST,0.00017999000000000002,2,1,133.45811007,offer,2026-09-30T03:47:01.856031+00:00
1fa6c999-a6e1-4536-b83b-3d1334d365ad,fUST,0.00018252,2,1,187.76985188,offer,2026-09-30T03:47:01.856031+00:00
1fa6c999-a6e1-4536-b83b-3d1334d365ad,fUST,0.00018253,2,1,1651.34648253,offer,2026-09-30T03:47:01.856031+00:00
1fa6c999-a6e1-4536-b83b-3d1334d365ad,fUST,0.0001870155,2,1,191.100875,offer,2026-09-30T03:47:01.856031+00:00
1fa6c999-a6e1-4536-b83b-3d1334d365ad,fUST,0.000191200451696424,7,1,3776.33913828,offer,2026-09-30T03:47:01.856031+00:00
1fa6c999-a6e1-4536-b83b-3d1334d365ad,fUST,0.000194108,2,3,831.0,offer,2026-09-30T03:47:01.856031+00:00
1fa6c999-a6e1-4536-b83b-3d1334d365ad,fUST,0.0001969923594052591,2,1,351.88379107,offer,2026-09-30T03:47:01.856031+00:00
1fa6c999-a6e1-4536-b83b-3d1334d365ad,fUST,0.000198,2,1,163.0,offer,2026-09-30T03:47:01.856031+00:00
1fa6c999-a6e1-4536-b83b-3d1334d365ad,fUST,0.00019989,2,3,1174.729,offer,2026-09-30T03:47:01.856031+00:00
1fa6c999-a6e1-4536-b83b-3d1334d365ad,fUST,0.0001999,3,1,202139.7176088,offer,2026-09-30T03:47:01.856031+00:00
1fa6c999-a6e1-4536-b83b-3d1334d365ad,fUST,0.0001999,4,1,188.11999444,offer,2026-09-30T03:47:01.856031+00:00
1fa6c999-a6e1-4536-b83b-3d1334d365ad,fUST,0.0001999,11,1,179.51819098,offer,2026-09-30T03:47:01.856031+00:00
1fa6c999-a6e1-4536-b83b-3d1334d365ad,fUST,0.0001999,2,2,24509.80314456,offer,2026-09-30T03:47:01.856031+00:00
1fa6c999-a6e1-4536-b83b-3d1334d365ad,fUST,0.00019998,3,1,300.0,offer,2026-09-30T03:47:01.856031+00:00
1fa6c999-a6e1-4536-b83b-3d1334d365ad,fUST,0.00019998,2,1,300.0,offer,2026-09-30T03:47:01.856031+00:00
1fa6c999-a6e1-4536-b83b-3d1334d365ad,fUST,0.00019998904109589042,2,1,510.50243897,offer,2026-09-30T03:47:01.856031+00:00
1fa6c999-a6e1-4536-b83b-3d1334d365ad,fUST,0.00019999,2,36,334710.46276995,offer,2026-09-30T03:47:01.856031+00:00
1fa6c999-a6e1-4536-b83b-3d1334d365ad,fUST,0.0001999901,2,1,284.06,offer,2026-09-30T03:47:01.856031+00:00
1fa6c999-a6e1-4536-b83b-3d1334d365ad,fUST,0.0002,2,4,110256.29434506,offer,2026-09-30T03:47:01.856031+00:00
1fa6c999-a6e1-4536-b83b-3d1334d365ad,fUST,0.0002,7,3,484.67,offer,2026-09-30T03:47:01.856031+00:00
1fa6c999-a6e1-4536-b83b-3d1334d365ad,fUST,0.0002003232,7,1,189.16846924,offer,2026-09-30T03:47:01.856031+00:00
1fa6c999-a6e1-4536-b83b-3d1334d365ad,fUST,0.00020043397260273974,7,1,586.86874213,offer,2026-09-30T03:47:01.856031+00:00
1fa6c999-a6e1-4536-b83b-3d1334d365ad,fUST,0.00020125999999999998,2,9,2316.08990665,offer,2026-09-30T03:47:01.856031+00:00
1fa6c999-a6e1-4536-b83b-3d1334d365ad,fUST,0.000201299,2,4,880.149,offer,2026-09-30T03:47:01.856031+00:00
1fa6c999-a6e1-4536-b83b-3d1334d365ad,fUST,0.000203,2,1,365.0,offer,2026-09-30T03:47:01.856031+00:00
215cde98-c50a-4c71-90c6-0e719f63ef59,fUST,0.0002671232876712329,120,1,-2252638.12830355,demand,2026-09-30T04:47:01.807725+00:00
215cde98-c50a-4c71-90c6-0e719f63ef59,fUST,0.000267123287,120,1,-4451.08,demand,2026-09-30T04:47:01.807725+00:00
215cde98-c50a-4c71-90c6-0e719f63ef59,fUST,0.000261958904109589,60,1,-5970785.19463128,demand,2026-09-30T04:47:01.807725+00:00
215cde98-c50a-4c71-90c6-0e719f63ef59,fUST,0.00018,7,1,-1000.0,demand,2026-09-30T04:47:01.807725+00:00
215cde98-c50a-4c71-90c6-0e719f63ef59,fUST,0.00018,2,1,-3000.0,demand,2026-09-30T04:47:01.807725+00:00
215cde98-c50a-4c71-90c6-0e719f63ef59,fUST,0.000162,14,4,-20000.0,demand,2026-09-30T04:47:01.807725+00:00
215cde98-c50a-4c71-90c6-0e719f63ef59,fUST,0.0001601,29,1,-139823.84554117,demand,2026-09-30T04:47:01.807725+00:00
215cde98-c50a-4c71-90c6-0e719f63ef59,fUST,0.00016,60,18,-114200.828599,demand,2026-09-30T04:47:01.807725+00:00
215cde98-c50a-4c71-90c6-0e719f63ef59,fUST,0.00016,30,2,-13277.4,demand,2026-09-30T04:47:01.807725+00:00
215cde98-c50a-4c71-90c6-0e719f63ef59,fUST,0.000155,45,8,-47500.0,demand,2026-09-30T04:47:01.807725+00:00
215cde98-c50a-4c71-90c6-0e719f63ef59,fUST,0.000152,60,1,-28000.0,demand,2026-09-30T04:47:01.807725+00:00
215cde98-c50a-4c71-90c6-0e719f63ef59,fUST,0.00015,120,1,-300000.0,demand,2026-09-30T04:47:01.807725+00:00
215cde98-c50a-4c71-90c6-0e719f63ef59,fUST,0.00015,45,4,-18668.928077,demand,2026-09-30T04:47:01.807725+00:00
215cde98-c50a-4c71-90c6-0e719f63ef59,fUST,0.00015,30,14,-57500.0,demand,2026-09-30T04:47:01.807725+00:00
215cde98-c50a-4c71-90c6-0e719f63ef59,fUST,0.00015,6,1,-9508.36136283,demand,2026-09-30T04:47:01.807725+00:00
215cde98-c50a-4c71-90c6-0e719f63ef59,fUST,0.0001401,13,1,-99488.31479105,demand,2026-09-30T04:47:01.807725+00:00
215cde98-c50a-4c71-90c6-0e719f63ef59,fUST,0.00014000000000000001,30,1,-28000.0,demand,2026-09-30T04:47:01.807725+00:00
215cde98-c50a-4c71-90c6-0e719f63ef59,fUST,0.0001361,30,23,-93124.47696771,demand,2026-09-30T04:47:01.807725+00:00
215cde98-c50a-4c71-90c6-0e719f63ef59,fUST,0.0001351,2,8,-66908.90742708,demand,2026-09-30T04:47:01.807725+00:00
215cde98-c50a-4c71-90c6-0e719f63ef59,fUST,0.000135,2,1,-945712.98068637,demand,2026-09-30T04:47:01.807725+00:00
215cde98-c50a-4c71-90c6-0e719f63ef59,fUST,0.00013,7,1,-1000.0,demand,2026-09-30T04:47:01.807725+00:00
215cde98-c50a-4c71-90c6-0e719f63ef59,fUST,0.00013,2,1,-1000.0,demand,2026-09-30T04:47:01.807725+00:00
215cde98-c50a-4c71-90c6-0e719f63ef59,fUST,0.0001226,12,1,-135216.16709793,demand,2026-09-30T04:47:01.807725+00:00
215cde98-c50a-4c71-90c6-0e719f63ef59,fUST,0.0001225,59,1,-95000.0,demand,2026-09-30T04:47:01.807725+00:00
215cde98-c50a-4c71-90c6-0e719f63ef59,fUST,0.0001222,29,1,-194504.86890568,demand,2026-09-30T04:47:01.807725+00:00
215cde98-c50a-4c71-90c6-0e719f63ef59,fUST,0.0001573582,2,1,345.14985652,offer,2026-09-30T04:47:01.807725+00:00
215cde98-c50a-4c71-90c6-0e719f63ef59,fUST,0.0001616167,2,51,24450.98016578,offer,2026-09-30T04:47:01.807725+00:00
215cde98-c50a-4c71-90c6-0e719f63ef59,fUST,0.0001616267,2,1,13292.4218633,offer,2026-09-30T04:47:01.807725+00:00
215cde98-c50a-4c71-90c6-0e719f63ef59,fUST,0.00016204657534246575,2,1,23466.7403509,offer,2026-09-30T04:47:01.807725+00:00
215cde98-c50a-4c71-90c6-0e719f63ef59,fUST,0.00016205753424657535,2,1,6343.38512291,offer,2026-09-30T04:47:01.807725+00:00
215cde98-c50a-4c71-90c6-0e719f63ef59,fUST,0.000169,2,1,215.61,offer,2026-09-30T04:47:01.807725+00:00
215cde98-c50a-4c71-90c6-0e719f63ef59,fUST,0.0001690212,2,1,553.6268256,offer,2026-09-30T04:47:01.807725+00:00
215cde98-c50a-4c71-90c6-0e719f63ef59,fUST,0.0001693539,2,1,669.3940984,offer,2026-09-30T04:47:01.807725+00:00
215cde98-c50a-4c71-90c6-0e719f63ef59,fUST,0.0001708497504,2,1,459.9343439,offer,2026-09-30T04:47:01.807725+00:00
215cde98-c50a-4c71-90c6-0e719f63ef59,fUST,0.00017135999999999999,7,1,202.00415402,offer,2026-09-30T04:47:01.807725+00:00
215cde98-c50a-4c71-90c6-0e719f63ef59,fUST,0.0001720421136,2,1,187.5712081,offer,2026-09-30T04:47:01.807725+00:00
215cde98-c50a-4c71-90c6-0e719f63ef59,fUST,0.00017747,2,1,515.22917916,offer,2026-09-30T04:47:01.807725+00:00
215cde98-c50a-4c71-90c6-0e719f63ef59,fUST,0.00017997,2,5,2302.72984365,offer,2026-09-30T04:47:01.807725+00:00
215cde98-c50a-4c71-90c6-0e719f63ef59,fUST,0.00017997,7,1,355.0,offer,2026-09-30T04:47:01.807725+00:00
215cde98-c50a-4c71-90c6-0e719f63ef59,fUST,0.00017999000000000002,7,2,465.96531286,offer,2026-09-30T04:47:01.807725+00:00
215cde98-c50a-4c71-90c6-0e719f63ef59,fUST,0.00018,2,4,4475.186046,offer,2026-09-30T04:47:01.807725+00:00
215cde98-c50a-4c71-90c6-0e719f63ef59,fUST,0.00018,7,1,197.9,offer,2026-09-30T04:47:01.807725+00:00
215cde98-c50a-4c71-90c6-0e719f63ef59,fUST,0.00018271,7,1,355.0,offer,2026-09-30T04:47:01.807725+00:00
215cde98-c50a-4c71-90c6-0e719f63ef59,fUST,0.0001835898,7,2,465.96531286,offer,2026-09-30T04:47:01.807725+00:00
215cde98-c50a-4c71-90c6-0e719f63ef59,fUST,0.0001844045,2,1,1083.87897368,offer,2026-09-30T04:47:01.807725+00:00
215cde98-c50a-4c71-90c6-0e719f63ef59,fUST,0.00018545,7,1,355.0,offer,2026-09-30T04:47:01.807725+00:00
215cde98-c50a-4c71-90c6-0e719f63ef59,fUST,0.0001859,2,1,215.61,offer,2026-09-30T04:47:01.807725+00:00
215cde98-c50a-4c71-90c6-0e719f63ef59,fUST,0.0001864817883,2,1,189.855725,offer,2026-09-30T04:47:01.807725+00:00
215cde98-c50a-4c71-90c6-0e719f63ef59,fUST,0.0001869665357099199,2,1,624.91058222,offer,2026-09-30T04:47:01.807725+00:00
215cde98-c50a-4c71-90c6-0e719f63ef59,fUST,0.000188,2,1,174.729,offer,2026-09-30T04:47:01.807725+00:00
ea32bc3e-cdf8-4f39-9975-f905c6195cd8,fUST,0.0002671232876712329,120,1,-2252238.12830355,demand,2026-09-30T05:47:01.660129+00:00
ea32bc3e-cdf8-4f39-9975-f905c6195cd8,fUST,0.000267123287,120,1,-4451.08,demand,2026-09-30T05:47:01.660129+00:00
ea32bc3e-cdf8-4f39-9975-f905c6195cd8,fUST,0.00026184109589041097,60,1,-5822634.37277749,demand,2026-09-30T05:47:01.660129+00:00
ea32bc3e-cdf8-4f39-9975-f905c6195cd8,fUST,0.00022,2,1,-150.0,demand,2026-09-30T05:47:01.660129+00:00
ea32bc3e-cdf8-4f39-9975-f905c6195cd8,fUST,0.0002,2,1,-150.0,demand,2026-09-30T05:47:01.660129+00:00
ea32bc3e-cdf8-4f39-9975-f905c6195cd8,fUST,0.00018,7,1,-1000.0,demand,2026-09-30T05:47:01.660129+00:00
ea32bc3e-cdf8-4f39-9975-f905c6195cd8,fUST,0.00018,2,1,-3000.0,demand,2026-09-30T05:47:01.660129+00:00
ea32bc3e-cdf8-4f39-9975-f905c6195cd8,fUST,0.000162,14,4,-20000.0,demand,2026-09-30T05:47:01.660129+00:00
ea32bc3e-cdf8-4f39-9975-f905c6195cd8,fUST,0.0001601,29,1,-139823.84554117,demand,2026-09-30T05:47:01.660129+00:00
ea32bc3e-cdf8-4f39-9975-f905c6195cd8,fUST,0.00016,60,18,-114200.828599,demand,2026-09-30T05:47:01.660129+00:00
ea32bc3e-cdf8-4f39-9975-f905c6195cd8,fUST,0.00016,30,2,-13277.4,demand,2026-09-30T05:47:01.660129+00:00
ea32bc3e-cdf8-4f39-9975-f905c6195cd8,fUST,0.000155,45,8,-47500.0,demand,2026-09-30T05:47:01.660129+00:00
ea32bc3e-cdf8-4f39-9975-f905c6195cd8,fUST,0.000152,60,1,-28000.0,demand,2026-09-30T05:47:01.660129+00:00
ea32bc3e-cdf8-4f39-9975-f905c6195cd8,fUST,0.00015,120,1,-300000.0,demand,2026-09-30T05:47:01.660129+00:00
ea32bc3e-cdf8-4f39-9975-f905c6195cd8,fUST,0.00015,45,4,-18668.928077,demand,2026-09-30T05:47:01.660129+00:00
ea32bc3e-cdf8-4f39-9975-f905c6195cd8,fUST,0.00015,30,14,-57500.0,demand,2026-09-30T05:47:01.660129+00:00
ea32bc3e-cdf8-4f39-9975-f905c6195cd8,fUST,0.00015,6,1,-9135.07938782,demand,2026-09-30T05:47:01.660129+00:00
ea32bc3e-cdf8-4f39-9975-f905c6195cd8,fUST,0.0001401,13,1,-99488.31479105,demand,2026-09-30T05:47:01.660129+00:00
ea32bc3e-cdf8-4f39-9975-f905c6195cd8,fUST,0.00014000000000000001,30,1,-28000.0,demand,2026-09-30T05:47:01.660129+00:00
ea32bc3e-cdf8-4f39-9975-f905c6195cd8,fUST,0.0001361,30,23,-93124.47696771,demand,2026-09-30T05:47:01.660129+00:00
ea32bc3e-cdf8-4f39-9975-f905c6195cd8,fUST,0.0001351,2,8,-66908.90742708,demand,2026-09-30T05:47:01.660129+00:00
ea32bc3e-cdf8-4f39-9975-f905c6195cd8,fUST,0.000135,2,1,-945712.98068637,demand,2026-09-30T05:47:01.660129+00:00
ea32bc3e-cdf8-4f39-9975-f905c6195cd8,fUST,0.00013,7,1,-1000.0,demand,2026-09-30T05:47:01.660129+00:00
ea32bc3e-cdf8-4f39-9975-f905c6195cd8,fUST,0.00013,2,1,-1000.0,demand,2026-09-30T05:47:01.660129+00:00
ea32bc3e-cdf8-4f39-9975-f905c6195cd8,fUST,0.0001226,12,1,-135216.16709793,demand,2026-09-30T05:47:01.660129+00:00
ea32bc3e-cdf8-4f39-9975-f905c6195cd8,fUST,0.00016463819999999998,7,1,235.9054718,offer,2026-09-30T05:47:01.660129+00:00
ea32bc3e-cdf8-4f39-9975-f905c6195cd8,fUST,0.00017997000000000003,2,8,3199.49452004,offer,2026-09-30T05:47:01.660129+00:00
ea32bc3e-cdf8-4f39-9975-f905c6195cd8,fUST,0.00017999000000000002,2,1,183.19852969,offer,2026-09-30T05:47:01.660129+00:00
ea32bc3e-cdf8-4f39-9975-f905c6195cd8,fUST,0.00018,2,1,4368.9625533,offer,2026-09-30T05:47:01.660129+00:00
ea32bc3e-cdf8-4f39-9975-f905c6195cd8,fUST,0.000181787,2,3,1520.396,offer,2026-09-30T05:47:01.660129+00:00
ea32bc3e-cdf8-4f39-9975-f905c6195cd8,fUST,0.0001822982,2,1,1520.1088309,offer,2026-09-30T05:47:01.660129+00:00
ea32bc3e-cdf8-4f39-9975-f905c6195cd8,fUST,0.0001852446,2,1,946.675336,offer,2026-09-30T05:47:01.660129+00:00
ea32bc3e-cdf8-4f39-9975-f905c6195cd8,fUST,0.0001861537,2,1,437.9858136,offer,2026-09-30T05:47:01.660129+00:00
ea32bc3e-cdf8-4f39-9975-f905c6195cd8,fUST,0.0001885001328,2,1,408.3053235,offer,2026-09-30T05:47:01.660129+00:00
ea32bc3e-cdf8-4f39-9975-f905c6195cd8,fUST,0.0001892937,2,1,1634.8895843,offer,2026-09-30T05:47:01.660129+00:00
ea32bc3e-cdf8-4f39-9975-f905c6195cd8,fUST,0.00019263895,2,2,375.48706904,offer,2026-09-30T05:47:01.660129+00:00
ea32bc3e-cdf8-4f39-9975-f905c6195cd8,fUST,0.00019799,2,1,152.34182708,offer,2026-09-30T05:47:01.660129+00:00
ea32bc3e-cdf8-4f39-9975-f905c6195cd8,fUST,0.00019811895,2,1,211.00311031,offer,2026-09-30T05:47:01.660129+00:00
ea32bc3e-cdf8-4f39-9975-f905c6195cd8,fUST,0.00019838,2,1,4924.157411,offer,2026-09-30T05:47:01.660129+00:00
ea32bc3e-cdf8-4f39-9975-f905c6195cd8,fUST,0.00019989,3,4,1825.3,offer,2026-09-30T05:47:01.660129+00:00
ea32bc3e-cdf8-4f39-9975-f905c6195cd8,fUST,0.00019989,2,1,174.73,offer,2026-09-30T05:47:01.660129+00:00
ea32bc3e-cdf8-4f39-9975-f905c6195cd8,fUST,0.00019998,2,1,200.0,offer,2026-09-30T05:47:01.660129+00:00
ea32bc3e-cdf8-4f39-9975-f905c6195cd8,fUST,0.00019999,2,38,293866.79402033,offer,2026-09-30T05:47:01.660129+00:00
ea32bc3e-cdf8-4f39-9975-f905c6195cd8,fUST,0.00019999,5,1,166.13341931,offer,2026-09-30T05:47:01.660129+00:00
ea32bc3e-cdf8-4f39-9975-f905c6195cd8,fUST,0.00019999,11,2,893.1667512,offer,2026-09-30T05:47:01.660129+00:00
ea32bc3e-cdf8-4f39-9975-f905c6195cd8,fUST,0.0001999901,2,1,284.06,offer,2026-09-30T05:47:01.660129+00:00
ea32bc3e-cdf8-4f39-9975-f905c6195cd8,fUST,0.0002,2,21,104479.99676406,offer,2026-09-30T05:47:01.660129+00:00
ea32bc3e-cdf8-4f39-9975-f905c6195cd8,fUST,0.0002,7,1,2000.0,offer,2026-09-30T05:47:01.660129+00:00
ea32bc3e-cdf8-4f39-9975-f905c6195cd8,fUST,0.0002,4,1,300.0,offer,2026-09-30T05:47:01.660129+00:00
ea32bc3e-cdf8-4f39-9975-f905c6195cd8,fUST,0.00020159,7,2,465.96531292,offer,2026-09-30T05:47:01.660129+00:00
e8cba757-6f58-45f7-81b0-05b853594450,fUST,0.0002671232876712329,120,1,-2251813.42830355,demand,2026-09-30T06:47:02.008730+00:00
e8cba757-6f58-45f7-81b0-05b853594450,fUST,0.000267123287,120,1,-4451.08,demand,2026-09-30T06:47:02.008730+00:00
e8cba757-6f58-45f7-81b0-05b853594450,fUST,0.0002618794520547945,60,1,-5822634.37277749,demand,2026-09-30T06:47:02.008730+00:00
e8cba757-6f58-45f7-81b0-05b853594450,fUST,0.0002618794520547945,30,1,-5999832.62,demand,2026-09-30T06:47:02.008730+00:00
e8cba757-6f58-45f7-81b0-05b853594450,fUST,0.00022,2,1,-150.0,demand,2026-09-30T06:47:02.008730+00:00
e8cba757-6f58-45f7-81b0-05b853594450,fUST,0.00018,7,1,-1000.0,demand,2026-09-30T06:47:02.008730+00:00
e8cba757-6f58-45f7-81b0-05b853594450,fUST,0.00018,2,1,-3000.0,demand,2026-09-30T06:47:02.008730+00:00
e8cba757-6f58-45f7-81b0-05b853594450,fUST,0.000162,14,4,-20000.0,demand,2026-09-30T06:47:02.008730+00:00
e8cba757-6f58-45f7-81b0-05b853594450,fUST,0.0001601,29,1,-139823.84554117,demand,2026-09-30T06:47:02.008730+00:00
e8cba757-6f58-45f7-81b0-05b853594450,fUST,0.00016,60,18,-114200.828599,demand,2026-09-30T06:47:02.008730+00:00
e8cba757-6f58-45f7-81b0-05b853594450,fUST,0.00016,30,2,-13277.4,demand,2026-09-30T06:47:02.008730+00:00
e8cba757-6f58-45f7-81b0-05b853594450,fUST,0.000155,45,8,-47500.0,demand,2026-09-30T06:47:02.008730+00:00
e8cba757-6f58-45f7-81b0-05b853594450,fUST,0.000152,60,1,-28000.0,demand,2026-09-30T06:47:02.008730+00:00
e8cba757-6f58-45f7-81b0-05b853594450,fUST,0.00015,120,1,-300000.0,demand,2026-09-30T06:47:02.008730+00:00
e8cba757-6f58-45f7-81b0-05b853594450,fUST,0.00015,45,4,-18668.928077,demand,2026-09-30T06:47:02.008730+00:00
e8cba757-6f58-45f7-81b0-05b853594450,fUST,0.00015,30,14,-57500.0,demand,2026-09-30T06:47:02.008730+00:00
e8cba757-6f58-45f7-81b0-05b853594450,fUST,0.00015,6,1,-8102.85726473,demand,2026-09-30T06:47:02.008730+00:00
e8cba757-6f58-45f7-81b0-05b853594450,fUST,0.0001401,13,1,-99488.31479105,demand,2026-09-30T06:47:02.008730+00:00
e8cba757-6f58-45f7-81b0-05b853594450,fUST,0.00014000000000000001,30,1,-28000.0,demand,2026-09-30T06:47:02.008730+00:00
e8cba757-6f58-45f7-81b0-05b853594450,fUST,0.0001361,30,23,-93124.47696771,demand,2026-09-30T06:47:02.008730+00:00
e8cba757-6f58-45f7-81b0-05b853594450,fUST,0.0001351,2,4,-28460.21496215,demand,2026-09-30T06:47:02.008730+00:00
e8cba757-6f58-45f7-81b0-05b853594450,fUST,0.000135,2,1,-945712.98068637,demand,2026-09-30T06:47:02.008730+00:00
e8cba757-6f58-45f7-81b0-05b853594450,fUST,0.00013,7,1,-1000.0,demand,2026-09-30T06:47:02.008730+00:00
e8cba757-6f58-45f7-81b0-05b853594450,fUST,0.00013,2,1,-1000.0,demand,2026-09-30T06:47:02.008730+00:00
e8cba757-6f58-45f7-81b0-05b853594450,fUST,0.0001226,12,1,-135216.16709793,demand,2026-09-30T06:47:02.008730+00:00
e8cba757-6f58-45f7-81b0-05b853594450,fUST,0.00014584000000000003,2,1,171.11447232,offer,2026-09-30T06:47:02.008730+00:00
e8cba757-6f58-45f7-81b0-05b853594450,fUST,0.00015383000000000004,2,94,71340.2327136,offer,2026-09-30T06:47:02.008730+00:00
e8cba757-6f58-45f7-81b0-05b853594450,fUST,0.00015383013698630138,2,1,893.96773604,offer,2026-09-30T06:47:02.008730+00:00
e8cba757-6f58-45f7-81b0-05b853594450,fUST,0.00015384000000000003,2,1,177.04990828,offer,2026-09-30T06:47:02.008730+00:00
e8cba757-6f58-45f7-81b0-05b853594450,fUST,0.00015385000000000003,2,1,244.26369011,offer,2026-09-30T06:47:02.008730+00:00
e8cba757-6f58-45f7-81b0-05b853594450,fUST,0.00015386000000000002,4,1,342.21241162,offer,2026-09-30T06:47:02.008730+00:00
e8cba757-6f58-45f7-81b0-05b853594450,fUST,0.00015387,2,7,3198.8472882,offer,2026-09-30T06:47:02.008730+00:00
e8cba757-6f58-45f7-81b0-05b853594450,fUST,0.00015388,2,4,1689.89,offer,2026-09-30T06:47:02.008730+00:00
e8cba757-6f58-45f7-81b0-05b853594450,fUST,0.0001539,4,1,177.61889877,offer,2026-09-30T06:47:02.008730+00:00
e8cba757-6f58-45f7-81b0-05b853594450,fUST,0.0001539013698630137,2,1,500.0,offer,2026-09-30T06:47:02.008730+00:00
e8cba757-6f58-45f7-81b0-05b853594450,fUST,0.00015392,2,1,566.36,offer,2026-09-30T06:47:02.008730+00:00
e8cba757-6f58-45f7-81b0-05b853594450,fUST,0.0001539568,2,1,1990.4141794,offer,2026-09-30T06:47:02.008730+00:00
e8cba757-6f58-45f7-81b0-05b853594450,fUST,0.0001546838094034495,2,1,250.0,offer,2026-09-30T06:47:02.008730+00:00
e8cba757-6f58-45f7-81b0-05b853594450,fUST,0.00015575,2,13,6329.59229177,offer,2026-09-30T06:47:02.008730+00:00
e8cba757-6f58-45f7-81b0-05b853594450,fUST,0.00015576,2,7,3048.42012254,offer,2026-09-30T06:47:02.008730+00:00
e8cba757-6f58-45f7-81b0-05b853594450,fUST,0.00015576,7,1,355.0,offer,2026-09-30T06:47:02.008730+00:00
e8cba757-6f58-45f7-81b0-05b853594450,fUST,0.00015577,2,11,4834.97476316,offer,2026-09-30T06:47:02.008730+00:00
e8cba757-6f58-45f7-81b0-05b853594450,fUST,0.0001558,2,1,283.149069,offer,2026-09-30T06:47:02.008730+00:00
e8cba757-6f58-45f7-81b0-05b853594450,fUST,0.00015664109589041096,2,1,500.0,offer,2026-09-30T06:47:02.008730+00:00
e8cba757-6f58-45f7-81b0-05b853594450,fUST,0.00015693,2,1,600.0,offer,2026-09-30T06:47:02.008730+00:00
e8cba757-6f58-45f7-81b0-05b853594450,fUST,0.00015694,2,15,4500.0,offer,2026-09-30T06:47:02.008730+00:00
e8cba757-6f58-45f7-81b0-05b853594450,fUST,0.0001569474,2,1,153.0,offer,2026-09-30T06:47:02.008730+00:00
e8cba757-6f58-45f7-81b0-05b853594450,fUST,0.0001593808219178082,2,1,500.0,offer,2026-09-30T06:47:02.008730+00:00
e8cba757-6f58-45f7-81b0-05b853594450,fUST,0.00016127,2,1,288.62211134,offer,2026-09-30T06:47:02.008730+00:00
e8cba757-6f58-45f7-81b0-05b853594450,fUST,0.0001615,2,1,163.65,offer,2026-09-30T06:47:02.008730+00:00
4d034343-d611-4ebd-9403-c766a7386a27,fUST,0.0002671232876712329,120,1,-2251459.19527721,demand,2026-09-30T07:47:02.174949+00:00
4d034343-d611-4ebd-9403-c766a7386a27,fUST,0.000267123287,120,1,-4451.08,demand,2026-09-30T07:47:02.174949+00:00
4d034343-d611-4ebd-9403-c766a7386a27,fUST,0.00026093424657534244,60,1,-5621425.54242149,demand,2026-09-30T07:47:02.174949+00:00
4d034343-d611-4ebd-9403-c766a7386a27,fUST,0.00026093424657534244,30,1,-5998494.37641772,demand,2026-09-30T07:47:02.174949+00:00
4d034343-d611-4ebd-9403-c766a7386a27,fUST,0.00022,2,1,-150.0,demand,2026-09-30T07:47:02.174949+00:00
4d034343-d611-4ebd-9403-c766a7386a27,fUST,0.0002,2,1,-150.0,demand,2026-09-30T07:47:02.174949+00:00
4d034343-d611-4ebd-9403-c766a7386a27,fUST,0.00018,7,1,-1000.0,demand,2026-09-30T07:47:02.174949+00:00
4d034343-d611-4ebd-9403-c766a7386a27,fUST,0.00018,2,1,-3000.0,demand,2026-09-30T07:47:02.174949+00:00
4d034343-d611-4ebd-9403-c766a7386a27,fUST,0.000162,14,4,-20000.0,demand,2026-09-30T07:47:02.174949+00:00
4d034343-d611-4ebd-9403-c766a7386a27,fUST,0.0001601,29,1,-139823.84554117,demand,2026-09-30T07:47:02.174949+00:00
4d034343-d611-4ebd-9403-c766a7386a27,fUST,0.00016,60,18,-114200.828599,demand,2026-09-30T07:47:02.174949+00:00
4d034343-d611-4ebd-9403-c766a7386a27,fUST,0.00016,30,2,-13277.4,demand,2026-09-30T07:47:02.174949+00:00
4d034343-d611-4ebd-9403-c766a7386a27,fUST,0.000155,45,8,-47500.0,demand,2026-09-30T07:47:02.174949+00:00
4d034343-d611-4ebd-9403-c766a7386a27,fUST,0.000152,60,1,-28000.0,demand,2026-09-30T07:47:02.174949+00:00
4d034343-d611-4ebd-9403-c766a7386a27,fUST,0.00015,120,1,-300000.0,demand,2026-09-30T07:47:02.174949+00:00
4d034343-d611-4ebd-9403-c766a7386a27,fUST,0.00015,45,4,-18668.928077,demand,2026-09-30T07:47:02.174949+00:00
4d034343-d611-4ebd-9403-c766a7386a27,fUST,0.00015,30,14,-57500.0,demand,2026-09-30T07:47:02.174949+00:00
4d034343-d611-4ebd-9403-c766a7386a27,fUST,0.00015,6,1,-7510.10445447,demand,2026-09-30T07:47:02.174949+00:00
4d034343-d611-4ebd-9403-c766a7386a27,fUST,0.0001401,13,1,-99488.31479105,demand,2026-09-30T07:47:02.174949+00:00
4d034343-d611-4ebd-9403-c766a7386a27,fUST,0.00014000000000000001,30,1,-28000.0,demand,2026-09-30T07:47:02.174949+00:00
4d034343-d611-4ebd-9403-c766a7386a27,fUST,0.0001361,30,23,-93124.47696771,demand,2026-09-30T07:47:02.174949+00:00
4d034343-d611-4ebd-9403-c766a7386a27,fUST,0.000135,2,1,-919810.58645394,demand,2026-09-30T07:47:02.174949+00:00
4d034343-d611-4ebd-9403-c766a7386a27,fUST,0.00013,7,1,-1000.0,demand,2026-09-30T07:47:02.174949+00:00
4d034343-d611-4ebd-9403-c766a7386a27,fUST,0.00013,2,1,-1000.0,demand,2026-09-30T07:47:02.174949+00:00
4d034343-d611-4ebd-9403-c766a7386a27,fUST,0.0001226,12,1,-135216.16709793,demand,2026-09-30T07:47:02.174949+00:00
4d034343-d611-4ebd-9403-c766a7386a27,fUST,0.000171619,2,55,27263.16855409,offer,2026-09-30T07:47:02.174949+00:00
4d034343-d611-4ebd-9403-c766a7386a27,fUST,0.000171629,2,1,2336.6853758,offer,2026-09-30T07:47:02.174949+00:00
4d034343-d611-4ebd-9403-c766a7386a27,fUST,0.0001724704,2,1,434.84613829,offer,2026-09-30T07:47:02.174949+00:00
4d034343-d611-4ebd-9403-c766a7386a27,fUST,0.0001724804,2,1,4771.0510035,offer,2026-09-30T07:47:02.174949+00:00
4d034343-d611-4ebd-9403-c766a7386a27,fUST,0.0001733991,2,1,307.741602,offer,2026-09-30T07:47:02.174949+00:00
4d034343-d611-4ebd-9403-c766a7386a27,fUST,0.0001746,2,1,151.0,offer,2026-09-30T07:47:02.174949+00:00
4d034343-d611-4ebd-9403-c766a7386a27,fUST,0.00018,7,1,170.0,offer,2026-09-30T07:47:02.174949+00:00
4d034343-d611-4ebd-9403-c766a7386a27,fUST,0.00018216438356164383,2,1,50000.0,offer,2026-09-30T07:47:02.174949+00:00
4d034343-d611-4ebd-9403-c766a7386a27,fUST,0.00018218630136986302,2,1,2516.73377186,offer,2026-09-30T07:47:02.174949+00:00
4d034343-d611-4ebd-9403-c766a7386a27,fUST,0.00018224,2,1,464.49165554,offer,2026-09-30T07:47:02.174949+00:00
4d034343-d611-4ebd-9403-c766a7386a27,fUST,0.00018333,7,1,350.7376261,offer,2026-09-30T07:47:02.174949+00:00
4d034343-d611-4ebd-9403-c766a7386a27,fUST,0.00018584,2,1,351.17404923,offer,2026-09-30T07:47:02.174949+00:00
4d034343-d611-4ebd-9403-c766a7386a27,fUST,0.00018585,2,16,5100.0,offer,2026-09-30T07:47:02.174949+00:00
4d034343-d611-4ebd-9403-c766a7386a27,fUST,0.00019049,2,1,151.35,offer,2026-09-30T07:47:02.174949+00:00
4d034343-d611-4ebd-9403-c766a7386a27,fUST,0.000195869,2,2,720.873,offer,2026-09-30T07:47:02.174949+00:00
4d034343-d611-4ebd-9403-c766a7386a27,fUST,0.00019836615286356748,2,1,166.86233172,offer,2026-09-30T07:47:02.174949+00:00
4d034343-d611-4ebd-9403-c766a7386a27,fUST,0.0002,2,3,10197.98,offer,2026-09-30T07:47:02.174949+00:00
4d034343-d611-4ebd-9403-c766a7386a27,fUST,0.00020109769999999998,2,1,152.39113522,offer,2026-09-30T07:47:02.174949+00:00
4d034343-d611-4ebd-9403-c766a7386a27,fUST,0.0002030272,2,1,205.293215,offer,2026-09-30T07:47:02.174949+00:00
4d034343-d611-4ebd-9403-c766a7386a27,fUST,0.00020444,2,1,720.0,offer,2026-09-30T07:47:02.174949+00:00
4d034343-d611-4ebd-9403-c766a7386a27,fUST,0.00020575342465753424,3,1,160.0,offer,2026-09-30T07:47:02.174949+00:00
4d034343-d611-4ebd-9403-c766a7386a27,fUST,0.0002065777,2,1,152.39113522,offer,2026-09-30T07:47:02.174949+00:00
4d034343-d611-4ebd-9403-c766a7386a27,fUST,0.0002076030432,2,1,174.2066899,offer,2026-09-30T07:47:02.174949+00:00
4d034343-d611-4ebd-9403-c766a7386a27,fUST,0.0002095681,2,1,433.116496,offer,2026-09-30T07:47:02.174949+00:00
4d034343-d611-4ebd-9403-c766a7386a27,fUST,0.0002100454109589041,2,1,210.78587688,offer,2026-09-30T07:47:02.174949+00:00
4a50672f-b714-41f1-b496-3541e3e4d969,fUST,0.0002671232876712329,120,1,-2132765.06429855,demand,2026-09-30T08:47:02.024860+00:00
4a50672f-b714-41f1-b496-3541e3e4d969,fUST,0.000267123287,120,1,-4451.08,demand,2026-09-30T08:47:02.024860+00:00
4a50672f-b714-41f1-b496-3541e3e4d969,fUST,0.0002611260273972603,60,1,-5621425.54242149,demand,2026-09-30T08:47:02.024860+00:00
4a50672f-b714-41f1-b496-3541e3e4d969,fUST,0.0002611260273972603,30,1,-5998494.37641772,demand,2026-09-30T08:47:02.024860+00:00
4a50672f-b714-41f1-b496-3541e3e4d969,fUST,0.0002,2,1,-150.0,demand,2026-09-30T08:47:02.024860+00:00
4a50672f-b714-41f1-b496-3541e3e4d969,fUST,0.00018,7,1,-1000.0,demand,2026-09-30T08:47:02.024860+00:00
4a50672f-b714-41f1-b496-3541e3e4d969,fUST,0.00018,2,1,-3000.0,demand,2026-09-30T08:47:02.024860+00:00
4a50672f-b714-41f1-b496-3541e3e4d969,fUST,0.000162,14,4,-20000.0,demand,2026-09-30T08:47:02.024860+00:00
4a50672f-b714-41f1-b496-3541e3e4d969,fUST,0.0001601,29,1,-139823.84554117,demand,2026-09-30T08:47:02.024860+00:00
4a50672f-b714-41f1-b496-3541e3e4d969,fUST,0.00016,60,18,-114200.828599,demand,2026-09-30T08:47:02.024860+00:00
4a50672f-b714-41f1-b496-3541e3e4d969,fUST,0.00016,30,2,-13277.4,demand,2026-09-30T08:47:02.024860+00:00
4a50672f-b714-41f1-b496-3541e3e4d969,fUST,0.000155,45,8,-47500.0,demand,2026-09-30T08:47:02.024860+00:00
4a50672f-b714-41f1-b496-3541e3e4d969,fUST,0.000152,60,1,-28000.0,demand,2026-09-30T08:47:02.024860+00:00
4a50672f-b714-41f1-b496-3541e3e4d969,fUST,0.00015,120,1,-300000.0,demand,2026-09-30T08:47:02.024860+00:00
4a50672f-b714-41f1-b496-3541e3e4d969,fUST,0.00015,45,4,-18668.928077,demand,2026-09-30T08:47:02.024860+00:00
4a50672f-b714-41f1-b496-3541e3e4d969,fUST,0.00015,30,14,-57500.0,demand,2026-09-30T08:47:02.024860+00:00
4a50672f-b714-41f1-b496-3541e3e4d969,fUST,0.00015,6,1,-7200.10445447,demand,2026-09-30T08:47:02.024860+00:00
4a50672f-b714-41f1-b496-3541e3e4d969,fUST,0.0001401,13,1,-99488.31479105,demand,2026-09-30T08:47:02.024860+00:00
4a50672f-b714-41f1-b496-3541e3e4d969,fUST,0.00014000000000000001,30,1,-28000.0,demand,2026-09-30T08:47:02.024860+00:00
4a50672f-b714-41f1-b496-3541e3e4d969,fUST,0.0001361,30,23,-93124.47696771,demand,2026-09-30T08:47:02.024860+00:00
4a50672f-b714-41f1-b496-3541e3e4d969,fUST,0.000135,2,1,-903288.21754497,demand,2026-09-30T08:47:02.024860+00:00
4a50672f-b714-41f1-b496-3541e3e4d969,fUST,0.00013,7,1,-1000.0,demand,2026-09-30T08:47:02.024860+00:00
4a50672f-b714-41f1-b496-3541e3e4d969,fUST,0.00013,2,1,-1000.0,demand,2026-09-30T08:47:02.024860+00:00
4a50672f-b714-41f1-b496-3541e3e4d969,fUST,0.0001226,12,1,-135216.16709793,demand,2026-09-30T08:47:02.024860+00:00
4a50672f-b714-41f1-b496-3541e3e4d969,fUST,0.0001225,59,1,-95000.0,demand,2026-09-30T08:47:02.024860+00:00
4a50672f-b714-41f1-b496-3541e3e4d969,fUST,0.00015204999999999998,2,1,87.10994596,offer,2026-09-30T08:47:02.024860+00:00
4a50672f-b714-41f1-b496-3541e3e4d969,fUST,0.00015574,2,1,163.19418736,offer,2026-09-30T08:47:02.024860+00:00
4a50672f-b714-41f1-b496-3541e3e4d969,fUST,0.00015673260273972605,2,88,43423.46471213,offer,2026-09-30T08:47:02.024860+00:00
4a50672f-b714-41f1-b496-3541e3e4d969,fUST,0.00015674260273972605,2,2,442.55294851,offer,2026-09-30T08:47:02.024860+00:00
4a50672f-b714-41f1-b496-3541e3e4d969,fUST,0.00015675260273972604,2,2,448.71055981,offer,2026-09-30T08:47:02.024860+00:00
4a50672f-b714-41f1-b496-3541e3e4d969,fUST,0.00015676,2,4,2000.0,offer,2026-09-30T08:47:02.024860+00:00
4a50672f-b714-41f1-b496-3541e3e4d969,fUST,0.00015676260273972604,2,1,229.48727517,offer,2026-09-30T08:47:02.024860+00:00
4a50672f-b714-41f1-b496-3541e3e4d969,fUST,0.00015677260273972603,2,1,232.60519567,offer,2026-09-30T08:47:02.024860+00:00
4a50672f-b714-41f1-b496-3541e3e4d969,fUST,0.00015679,2,2,1000.0,offer,2026-09-30T08:47:02.024860+00:00
4a50672f-b714-41f1-b496-3541e3e4d969,fUST,0.0001568,2,2,1000.0,offer,2026-09-30T08:47:02.024860+00:00
4a50672f-b714-41f1-b496-3541e3e4d969,fUST,0.00015681,2,1,500.0,offer,2026-09-30T08:47:02.024860+00:00
4a50672f-b714-41f1-b496-3541e3e4d969,fUST,0.00015681369863013698,2,1,500.0,offer,2026-09-30T08:47:02.024860+00:00
4a50672f-b714-41f1-b496-3541e3e4d969,fUST,0.00015682,2,12,7797.44437283,offer,2026-09-30T08:47:02.024860+00:00
4a50672f-b714-41f1-b496-3541e3e4d969,fUST,0.00015682,7,1,355.0,offer,2026-09-30T08:47:02.024860+00:00
4a50672f-b714-41f1-b496-3541e3e4d969,fUST,0.00015683,2,1,150.21192438,offer,2026-09-30T08:47:02.024860+00:00
4a50672f-b714-41f1-b496-3541e3e4d969,fUST,0.00015685,2,1,500.0,offer,2026-09-30T08:47:02.024860+00:00
4a50672f-b714-41f1-b496-3541e3e4d969,fUST,0.00015688,2,1,239.21,offer,2026-09-30T08:47:02.024860+00:00
4a50672f-b714-41f1-b496-3541e3e4d969,fUST,0.00015691,2,1,1012.32,offer,2026-09-30T08:47:02.024860+00:00
4a50672f-b714-41f1-b496-3541e3e4d969,fUST,0.0001588969,7,1,459.00255042,offer,2026-09-30T08:47:02.024860+00:00
4a50672f-b714-41f1-b496-3541e3e4d969,fUST,0.00015923382843749994,2,1,3596.66501952,offer,2026-09-30T08:47:02.024860+00:00
4a50672f-b714-41f1-b496-3541e3e4d969,fUST,0.00015955342465753426,2,1,500.0,offer,2026-09-30T08:47:02.024860+00:00
4a50672f-b714-41f1-b496-3541e3e4d969,fUST,0.00015956,7,1,355.0,offer,2026-09-30T08:47:02.024860+00:00
4a50672f-b714-41f1-b496-3541e3e4d969,fUST,0.00015987745479452057,3,1,221.47347863,offer,2026-09-30T08:47:02.024860+00:00
4a50672f-b714-41f1-b496-3541e3e4d969,fUST,0.00016005,2,16,5100.0,offer,2026-09-30T08:47:02.024860+00:00
4a50672f-b714-41f1-b496-3541e3e4d969,fUST,0.00016068493150684933,2,1,169.99030492,offer,2026-09-30T08:47:02.024860+00:00
5f66c3d5-66f0-4309-bec3-0e61f8710d48,fUST,0.0002671232876712329,120,1,-2129998.83232355,demand,2026-09-30T09:47:01.768968+00:00
5f66c3d5-66f0-4309-bec3-0e61f8710d48,fUST,0.000267123287,120,1,-4451.08,demand,2026-09-30T09:47:01.768968+00:00
5f66c3d5-66f0-4309-bec3-0e61f8710d48,fUST,0.00026124109589041096,60,1,-5618731.0848865,demand,2026-09-30T09:47:01.768968+00:00
5f66c3d5-66f0-4309-bec3-0e61f8710d48,fUST,0.00026124109589041096,30,1,-5998494.37641772,demand,2026-09-30T09:47:01.768968+00:00
5f66c3d5-66f0-4309-bec3-0e61f8710d48,fUST,0.00018,7,1,-1000.0,demand,2026-09-30T09:47:01.768968+00:00
5f66c3d5-66f0-4309-bec3-0e61f8710d48,fUST,0.00018,2,1,-3000.0,demand,2026-09-30T09:47:01.768968+00:00
5f66c3d5-66f0-4309-bec3-0e61f8710d48,fUST,0.000162,14,4,-20000.0,demand,2026-09-30T09:47:01.768968+00:00
5f66c3d5-66f0-4309-bec3-0e61f8710d48,fUST,0.0001601,29,1,-139823.84554117,demand,2026-09-30T09:47:01.768968+00:00
5f66c3d5-66f0-4309-bec3-0e61f8710d48,fUST,0.00016,60,18,-114200.828599,demand,2026-09-30T09:47:01.768968+00:00
5f66c3d5-66f0-4309-bec3-0e61f8710d48,fUST,0.00016,30,2,-13277.4,demand,2026-09-30T09:47:01.768968+00:00
5f66c3d5-66f0-4309-bec3-0e61f8710d48,fUST,0.000155,45,8,-47500.0,demand,2026-09-30T09:47:01.768968+00:00
5f66c3d5-66f0-4309-bec3-0e61f8710d48,fUST,0.000152,60,1,-28000.0,demand,2026-09-30T09:47:01.768968+00:00
5f66c3d5-66f0-4309-bec3-0e61f8710d48,fUST,0.00015,120,1,-300000.0,demand,2026-09-30T09:47:01.768968+00:00
5f66c3d5-66f0-4309-bec3-0e61f8710d48,fUST,0.00015,45,4,-18668.928077,demand,2026-09-30T09:47:01.768968+00:00
5f66c3d5-66f0-4309-bec3-0e61f8710d48,fUST,0.00015,30,14,-57500.0,demand,2026-09-30T09:47:01.768968+00:00
5f66c3d5-66f0-4309-bec3-0e61f8710d48,fUST,0.00015,6,1,-1647.77717845,demand,2026-09-30T09:47:01.768968+00:00
5f66c3d5-66f0-4309-bec3-0e61f8710d48,fUST,0.0001401,13,1,-99488.31479105,demand,2026-09-30T09:47:01.768968+00:00
5f66c3d5-66f0-4309-bec3-0e61f8710d48,fUST,0.00014000000000000001,30,1,-28000.0,demand,2026-09-30T09:47:01.768968+00:00
5f66c3d5-66f0-4309-bec3-0e61f8710d48,fUST,0.0001361,30,23,-93124.47696771,demand,2026-09-30T09:47:01.768968+00:00
5f66c3d5-66f0-4309-bec3-0e61f8710d48,fUST,0.000135,2,1,-812449.5748172,demand,2026-09-30T09:47:01.768968+00:00
5f66c3d5-66f0-4309-bec3-0e61f8710d48,fUST,0.00013,7,1,-1000.0,demand,2026-09-30T09:47:01.768968+00:00
5f66c3d5-66f0-4309-bec3-0e61f8710d48,fUST,0.00013,2,1,-1000.0,demand,2026-09-30T09:47:01.768968+00:00
5f66c3d5-66f0-4309-bec3-0e61f8710d48,fUST,0.0001226,12,1,-135216.16709793,demand,2026-09-30T09:47:01.768968+00:00
5f66c3d5-66f0-4309-bec3-0e61f8710d48,fUST,0.0001225,59,1,-95000.0,demand,2026-09-30T09:47:01.768968+00:00
5f66c3d5-66f0-4309-bec3-0e61f8710d48,fUST,0.0001222,29,1,-194504.86890568,demand,2026-09-30T09:47:01.768968+00:00
5f66c3d5-66f0-4309-bec3-0e61f8710d48,fUST,0.00013691506849315067,2,1,23478.80300437,offer,2026-09-30T09:47:01.768968+00:00
5f66c3d5-66f0-4309-bec3-0e61f8710d48,fUST,0.00013691520547945207,2,114,113705.89537321,offer,2026-09-30T09:47:01.768968+00:00
5f66c3d5-66f0-4309-bec3-0e61f8710d48,fUST,0.00013692520547945206,2,4,34867.42315887,offer,2026-09-30T09:47:01.768968+00:00
5f66c3d5-66f0-4309-bec3-0e61f8710d48,fUST,0.00013693520547945206,2,2,569.38489478,offer,2026-09-30T09:47:01.768968+00:00
5f66c3d5-66f0-4309-bec3-0e61f8710d48,fUST,0.00013694520547945205,2,7,72242.91469085,offer,2026-09-30T09:47:01.768968+00:00
5f66c3d5-66f0-4309-bec3-0e61f8710d48,fUST,0.00013694534246575343,2,1,280.40671292,offer,2026-09-30T09:47:01.768968+00:00
5f66c3d5-66f0-4309-bec3-0e61f8710d48,fUST,0.00013695,2,1,211.860952,offer,2026-09-30T09:47:01.768968+00:00
5f66c3d5-66f0-4309-bec3-0e61f8710d48,fUST,0.00013698,2,26,13550.33822744,offer,2026-09-30T09:47:01.768968+00:00
5f66c3d5-66f0-4309-bec3-0e61f8710d48,fUST,0.000136986301369863,2,4,13866.6846967,offer,2026-09-30T09:47:01.768968+00:00
5f66c3d5-66f0-4309-bec3-0e61f8710d48,fUST,0.00013702,2,27,20540.03,offer,2026-09-30T09:47:01.768968+00:00
5f66c3d5-66f0-4309-bec3-0e61f8710d48,fUST,0.00013702191780821918,2,1,500.0,offer,2026-09-30T09:47:01.768968+00:00
5f66c3d5-66f0-4309-bec3-0e61f8710d48,fUST,0.00013703,2,2,1442.55,offer,2026-09-30T09:47:01.768968+00:00
5f66c3d5-66f0-4309-bec3-0e61f8710d48,fUST,0.0001370338,2,1,1014.76,offer,2026-09-30T09:47:01.768968+00:00
5f66c3d5-66f0-4309-bec3-0e61f8710d48,fUST,0.00013704,2,14,6461.77540645,offer,2026-09-30T09:47:01.768968+00:00
5f66c3d5-66f0-4309-bec3-0e61f8710d48,fUST,0.0001396535095890411,3,1,286.58748944,offer,2026-09-30T09:47:01.768968+00:00
5f66c3d5-66f0-4309-bec3-0e61f8710d48,fUST,0.00013968,2,1,730.330478,offer,2026-09-30T09:47:01.768968+00:00
5f66c3d5-66f0-4309-bec3-0e61f8710d48,fUST,0.0001397,2,1,500.0,offer,2026-09-30T09:47:01.768968+00:00
5f66c3d5-66f0-4309-bec3-0e61f8710d48,fUST,0.0001397095890410959,2,1,500.0,offer,2026-09-30T09:47:01.768968+00:00
5f66c3d5-66f0-4309-bec3-0e61f8710d48,fUST,0.00013977,2,15,4500.0,offer,2026-09-30T09:47:01.768968+00:00
5f66c3d5-66f0-4309-bec3-0e61f8710d48,fUST,0.000140532543,2,1,707.765718,offer,2026-09-30T09:47:01.768968+00:00
5f66c3d5-66f0-4309-bec3-0e61f8710d48,fUST,0.00014142,2,2,1854.14,offer,2026-09-30T09:47:01.768968+00:00
5f66c3d5-66f0-4309-bec3-0e61f8710d48,fUST,0.00014244,2,3,1513.79766885,offer,2026-09-30T09:47:01.768968+00:00
5f66c3d5-66f0-4309-bec3-0e61f8710d48,fUST,0.00014244657978082191,3,1,286.58748944,offer,2026-09-30T09:47:01.768968+00:00
5f66c3d5-66f0-4309-bec3-0e61f8710d48,fUST,0.00014244931506849314,2,1,500.0,offer,2026-09-30T09:47:01.768968+00:00
5f66c3d5-66f0-4309-bec3-0e61f8710d48,fUST,0.00014248,2,3,2354.14,offer,2026-09-30T09:47:01.768968+00:00
bdce0aa0-354d-4ca6-ae16-c9f2bc6a19e6,fUST,0.0002671232876712329,120,1,-2129839.50698415,demand,2026-09-30T10:47:01.732512+00:00
bdce0aa0-354d-4ca6-ae16-c9f2bc6a19e6,fUST,0.000267123287,120,1,-4451.08,demand,2026-09-30T10:47:01.732512+00:00
bdce0aa0-354d-4ca6-ae16-c9f2bc6a19e6,fUST,0.0002609671232876712,60,1,-5618731.0848865,demand,2026-09-30T10:47:01.732512+00:00
bdce0aa0-354d-4ca6-ae16-c9f2bc6a19e6,fUST,0.0002609671232876712,30,1,-5902155.22368995,demand,2026-09-30T10:47:01.732512+00:00
bdce0aa0-354d-4ca6-ae16-c9f2bc6a19e6,fUST,0.00018,7,1,-1000.0,demand,2026-09-30T10:47:01.732512+00:00
bdce0aa0-354d-4ca6-ae16-c9f2bc6a19e6,fUST,0.00018,2,1,-3000.0,demand,2026-09-30T10:47:01.732512+00:00
bdce0aa0-354d-4ca6-ae16-c9f2bc6a19e6,fUST,0.000162,14,4,-20000.0,demand,2026-09-30T10:47:01.732512+00:00
bdce0aa0-354d-4ca6-ae16-c9f2bc6a19e6,fUST,0.0001601,29,1,-139823.84554117,demand,2026-09-30T10:47:01.732512+00:00
bdce0aa0-354d-4ca6-ae16-c9f2bc6a19e6,fUST,0.00016,60,18,-114200.828599,demand,2026-09-30T10:47:01.732512+00:00
bdce0aa0-354d-4ca6-ae16-c9f2bc6a19e6,fUST,0.00016,30,2,-13277.4,demand,2026-09-30T10:47:01.732512+00:00
bdce0aa0-354d-4ca6-ae16-c9f2bc6a19e6,fUST,0.0001566297260273973,2,1,-500.0,demand,2026-09-30T10:47:01.732512+00:00
bdce0aa0-354d-4ca6-ae16-c9f2bc6a19e6,fUST,0.000155,45,8,-47500.0,demand,2026-09-30T10:47:01.732512+00:00
bdce0aa0-354d-4ca6-ae16-c9f2bc6a19e6,fUST,0.000152,60,1,-28000.0,demand,2026-09-30T10:47:01.732512+00:00
bdce0aa0-354d-4ca6-ae16-c9f2bc6a19e6,fUST,0.00015,120,1,-300000.0,demand,2026-09-30T10:47:01.732512+00:00
bdce0aa0-354d-4ca6-ae16-c9f2bc6a19e6,fUST,0.00015,45,4,-18668.928077,demand,2026-09-30T10:47:01.732512+00:00
bdce0aa0-354d-4ca6-ae16-c9f2bc6a19e6,fUST,0.00015,30,14,-57500.0,demand,2026-09-30T10:47:01.732512+00:00
bdce0aa0-354d-4ca6-ae16-c9f2bc6a19e6,fUST,0.0001401,13,1,-99488.31479105,demand,2026-09-30T10:47:01.732512+00:00
bdce0aa0-354d-4ca6-ae16-c9f2bc6a19e6,fUST,0.00014000000000000001,30,1,-28000.0,demand,2026-09-30T10:47:01.732512+00:00
bdce0aa0-354d-4ca6-ae16-c9f2bc6a19e6,fUST,0.0001366397260273973,2,1,-500.0,demand,2026-09-30T10:47:01.732512+00:00
bdce0aa0-354d-4ca6-ae16-c9f2bc6a19e6,fUST,0.0001366297260273973,2,2,-1000.0,demand,2026-09-30T10:47:01.732512+00:00
bdce0aa0-354d-4ca6-ae16-c9f2bc6a19e6,fUST,0.0001361,30,23,-93124.47696771,demand,2026-09-30T10:47:01.732512+00:00
bdce0aa0-354d-4ca6-ae16-c9f2bc6a19e6,fUST,0.000135,2,1,-809347.55133305,demand,2026-09-30T10:47:01.732512+00:00
bdce0aa0-354d-4ca6-ae16-c9f2bc6a19e6,fUST,0.00013,7,1,-1000.0,demand,2026-09-30T10:47:01.732512+00:00
bdce0aa0-354d-4ca6-ae16-c9f2bc6a19e6,fUST,0.00013,2,1,-1000.0,demand,2026-09-30T10:47:01.732512+00:00
bdce0aa0-354d-4ca6-ae16-c9f2bc6a19e6,fUST,0.0001226,12,1,-135216.16709793,demand,2026-09-30T10:47:01.732512+00:00
bdce0aa0-354d-4ca6-ae16-c9f2bc6a19e6,fUST,0.00013660972602739732,2,37,18359.28735792,offer,2026-09-30T10:47:01.732512+00:00
bdce0aa0-354d-4ca6-ae16-c9f2bc6a19e6,fUST,0.00013661917808219178,2,1,1176.77724937,offer,2026-09-30T10:47:01.732512+00:00
bdce0aa0-354d-4ca6-ae16-c9f2bc6a19e6,fUST,0.00013698,2,9,4465.31229177,offer,2026-09-30T10:47:01.732512+00:00
bdce0aa0-354d-4ca6-ae16-c9f2bc6a19e6,fUST,0.00013936986301369862,2,1,500.0,offer,2026-09-30T10:47:01.732512+00:00
bdce0aa0-354d-4ca6-ae16-c9f2bc6a19e6,fUST,0.00013937,2,14,4500.0,offer,2026-09-30T10:47:01.732512+00:00
bdce0aa0-354d-4ca6-ae16-c9f2bc6a19e6,fUST,0.00014304,2,1,500.0,offer,2026-09-30T10:47:01.732512+00:00
bdce0aa0-354d-4ca6-ae16-c9f2bc6a19e6,fUST,0.00014859,2,5,2423.97999894,offer,2026-09-30T10:47:01.732512+00:00
bdce0aa0-354d-4ca6-ae16-c9f2bc6a19e6,fUST,0.00015,2,1,713.5773611,offer,2026-09-30T10:47:01.732512+00:00
bdce0aa0-354d-4ca6-ae16-c9f2bc6a19e6,fUST,0.00015331,2,1,720.0,offer,2026-09-30T10:47:01.732512+00:00
bdce0aa0-354d-4ca6-ae16-c9f2bc6a19e6,fUST,0.00016864,2,1,864.0,offer,2026-09-30T10:47:01.732512+00:00
bdce0aa0-354d-4ca6-ae16-c9f2bc6a19e6,fUST,0.00016933,2,1,500.0,offer,2026-09-30T10:47:01.732512+00:00
bdce0aa0-354d-4ca6-ae16-c9f2bc6a19e6,fUST,0.000170065,2,1,941.7039439,offer,2026-09-30T10:47:01.732512+00:00
bdce0aa0-354d-4ca6-ae16-c9f2bc6a19e6,fUST,0.0001704222,2,1,1560.4932327,offer,2026-09-30T10:47:01.732512+00:00
bdce0aa0-354d-4ca6-ae16-c9f2bc6a19e6,fUST,0.0001759326,2,1,664.080661,offer,2026-09-30T10:47:01.732512+00:00
bdce0aa0-354d-4ca6-ae16-c9f2bc6a19e6,fUST,0.000176,2,1,1348.61084192,offer,2026-09-30T10:47:01.732512+00:00
bdce0aa0-354d-4ca6-ae16-c9f2bc6a19e6,fUST,0.000178,30,1,1795.60627207,offer,2026-09-30T10:47:01.732512+00:00
bdce0aa0-354d-4ca6-ae16-c9f2bc6a19e6,fUST,0.0001795730832,2,1,1180.9110593,offer,2026-09-30T10:47:01.732512+00:00
bdce0aa0-354d-4ca6-ae16-c9f2bc6a19e6,fUST,0.00017999,2,3,1500.0,offer,2026-09-30T10:47:01.732512+00:00
bdce0aa0-354d-4ca6-ae16-c9f2bc6a19e6,fUST,0.0001799975,2,1,174.167681,offer,2026-09-30T10:47:01.732512+00:00
bdce0aa0-354d-4ca6-ae16-c9f2bc6a19e6,fUST,0.00018,2,8,11021.42415752,offer,2026-09-30T10:47:01.732512+00:00
bdce0aa0-354d-4ca6-ae16-c9f2bc6a19e6,fUST,0.00018,7,6,1000.0,offer,2026-09-30T10:47:01.732512+00:00
bdce0aa0-354d-4ca6-ae16-c9f2bc6a19e6,fUST,0.00018209,2,1,500.0,offer,2026-09-30T10:47:01.732512+00:00
bdce0aa0-354d-4ca6-ae16-c9f2bc6a19e6,fUST,0.0001855,2,1,1000.0,offer,2026-09-30T10:47:01.732512+00:00
bdce0aa0-354d-4ca6-ae16-c9f2bc6a19e6,fUST,0.00018998,2,1,500.0,offer,2026-09-30T10:47:01.732512+00:00
bdce0aa0-354d-4ca6-ae16-c9f2bc6a19e6,fUST,0.00019034,2,1,181.096,offer,2026-09-30T10:47:01.732512+00:00
408cba18-b165-43f3-bb01-28f915d8b8dc,fUST,0.0002671232876712329,120,1,-2129039.50698415,demand,2026-09-30T11:47:01.968480+00:00
408cba18-b165-43f3-bb01-28f915d8b8dc,fUST,0.000267123287,120,1,-4451.08,demand,2026-09-30T11:47:01.968480+00:00
408cba18-b165-43f3-bb01-28f915d8b8dc,fUST,0.0002609150684931507,60,1,-5618325.1268761,demand,2026-09-30T11:47:01.968480+00:00
408cba18-b165-43f3-bb01-28f915d8b8dc,fUST,0.0002609150684931507,30,1,-5899722.44368995,demand,2026-09-30T11:47:01.968480+00:00
408cba18-b165-43f3-bb01-28f915d8b8dc,fUST,0.00026,2,1,-150.0,demand,2026-09-30T11:47:01.968480+00:00
408cba18-b165-43f3-bb01-28f915d8b8dc,fUST,0.00024,2,1,-150.0,demand,2026-09-30T11:47:01.968480+00:00
408cba18-b165-43f3-bb01-28f915d8b8dc,fUST,0.000162,14,4,-20000.0,demand,2026-09-30T11:47:01.968480+00:00
408cba18-b165-43f3-bb01-28f915d8b8dc,fUST,0.0001601,29,1,-139823.84554117,demand,2026-09-30T11:47:01.968480+00:00
408cba18-b165-43f3-bb01-28f915d8b8dc,fUST,0.00016,60,18,-114200.828599,demand,2026-09-30T11:47:01.968480+00:00
408cba18-b165-43f3-bb01-28f915d8b8dc,fUST,0.00016,30,2,-13277.4,demand,2026-09-30T11:47:01.968480+00:00
408cba18-b165-43f3-bb01-28f915d8b8dc,fUST,0.000155,45,8,-47500.0,demand,2026-09-30T11:47:01.968480+00:00
408cba18-b165-43f3-bb01-28f915d8b8dc,fUST,0.000152,60,1,-28000.0,demand,2026-09-30T11:47:01.968480+00:00
408cba18-b165-43f3-bb01-28f915d8b8dc,fUST,0.00015,120,1,-300000.0,demand,2026-09-30T11:47:01.968480+00:00
408cba18-b165-43f3-bb01-28f915d8b8dc,fUST,0.00015,45,4,-18668.928077,demand,2026-09-30T11:47:01.968480+00:00
408cba18-b165-43f3-bb01-28f915d8b8dc,fUST,0.00015,30,14,-57500.0,demand,2026-09-30T11:47:01.968480+00:00
408cba18-b165-43f3-bb01-28f915d8b8dc,fUST,0.00015,2,1,-2173.50575365,demand,2026-09-30T11:47:01.968480+00:00
408cba18-b165-43f3-bb01-28f915d8b8dc,fUST,0.000142,30,1,-28000.0,demand,2026-09-30T11:47:01.968480+00:00
408cba18-b165-43f3-bb01-28f915d8b8dc,fUST,0.0001401,13,1,-99488.31479105,demand,2026-09-30T11:47:01.968480+00:00
408cba18-b165-43f3-bb01-28f915d8b8dc,fUST,0.00014000000000000001,7,1,-1000.0,demand,2026-09-30T11:47:01.968480+00:00
408cba18-b165-43f3-bb01-28f915d8b8dc,fUST,0.0001361,30,23,-93124.47696771,demand,2026-09-30T11:47:01.968480+00:00
408cba18-b165-43f3-bb01-28f915d8b8dc,fUST,0.000135,2,1,-785097.52881176,demand,2026-09-30T11:47:01.968480+00:00
408cba18-b165-43f3-bb01-28f915d8b8dc,fUST,0.00013,7,1,-1000.0,demand,2026-09-30T11:47:01.968480+00:00
408cba18-b165-43f3-bb01-28f915d8b8dc,fUST,0.00013,2,1,-1000.0,demand,2026-09-30T11:47:01.968480+00:00
408cba18-b165-43f3-bb01-28f915d8b8dc,fUST,0.0001226,12,1,-135216.16709793,demand,2026-09-30T11:47:01.968480+00:00
408cba18-b165-43f3-bb01-28f915d8b8dc,fUST,0.0001225,59,1,-95000.0,demand,2026-09-30T11:47:01.968480+00:00
408cba18-b165-43f3-bb01-28f915d8b8dc,fUST,0.00016799,2,1,102.34694303,offer,2026-09-30T11:47:01.968480+00:00
408cba18-b165-43f3-bb01-28f915d8b8dc,fUST,0.000168,2,1,6550.54903936,offer,2026-09-30T11:47:01.968480+00:00
408cba18-b165-43f3-bb01-28f915d8b8dc,fUST,0.00017999000000000002,2,1,207.41028846,offer,2026-09-30T11:47:01.968480+00:00
408cba18-b165-43f3-bb01-28f915d8b8dc,fUST,0.00018,7,1,151.12,offer,2026-09-30T11:47:01.968480+00:00
408cba18-b165-43f3-bb01-28f915d8b8dc,fUST,0.00018,2,1,151.12,offer,2026-09-30T11:47:01.968480+00:00
408cba18-b165-43f3-bb01-28f915d8b8dc,fUST,0.0001810544,2,1,163.765613,offer,2026-09-30T11:47:01.968480+00:00
408cba18-b165-43f3-bb01-28f915d8b8dc,fUST,0.00018524999999999998,2,1,2187.50487368,offer,2026-09-30T11:47:01.968480+00:00
408cba18-b165-43f3-bb01-28f915d8b8dc,fUST,0.0001860601,2,1,198.52607,offer,2026-09-30T11:47:01.968480+00:00
408cba18-b165-43f3-bb01-28f915d8b8dc,fUST,0.00018916,2,2,837.62933851,offer,2026-09-30T11:47:01.968480+00:00
408cba18-b165-43f3-bb01-28f915d8b8dc,fUST,0.00018999,2,1,500.0,offer,2026-09-30T11:47:01.968480+00:00
408cba18-b165-43f3-bb01-28f915d8b8dc,fUST,0.00018999,7,1,210.9316851,offer,2026-09-30T11:47:01.968480+00:00
408cba18-b165-43f3-bb01-28f915d8b8dc,fUST,0.000192543,10,1,293.88089989,offer,2026-09-30T11:47:01.968480+00:00
408cba18-b165-43f3-bb01-28f915d8b8dc,fUST,0.000192543,2,3,1403.963,offer,2026-09-30T11:47:01.968480+00:00
408cba18-b165-43f3-bb01-28f915d8b8dc,fUST,0.00019277,2,1,10111.73763403,offer,2026-09-30T11:47:01.968480+00:00
408cba18-b165-43f3-bb01-28f915d8b8dc,fUST,0.00019499,2,1,500.0,offer,2026-09-30T11:47:01.968480+00:00
408cba18-b165-43f3-bb01-28f915d8b8dc,fUST,0.000195,2,5,12309.06592297,offer,2026-09-30T11:47:01.968480+00:00
408cba18-b165-43f3-bb01-28f915d8b8dc,fUST,0.00019669,2,3,1183.218,offer,2026-09-30T11:47:01.968480+00:00
408cba18-b165-43f3-bb01-28f915d8b8dc,fUST,0.000198,2,1,152.44817679,offer,2026-09-30T11:47:01.968480+00:00
408cba18-b165-43f3-bb01-28f915d8b8dc,fUST,0.000199057350855766,2,1,720.75937168,offer,2026-09-30T11:47:01.968480+00:00
408cba18-b165-43f3-bb01-28f915d8b8dc,fUST,0.00019998,11,1,257.14007546,offer,2026-09-30T11:47:01.968480+00:00
408cba18-b165-43f3-bb01-28f915d8b8dc,fUST,0.00019998,2,1,500.0,offer,2026-09-30T11:47:01.968480+00:00
408cba18-b165-43f3-bb01-28f915d8b8dc,fUST,0.00019999,7,1,248.50323952,offer,2026-09-30T11:47:01.968480+00:00
408cba18-b165-43f3-bb01-28f915d8b8dc,fUST,0.00019999,2,5,1602.18945423,offer,2026-09-30T11:47:01.968480+00:00
408cba18-b165-43f3-bb01-28f915d8b8dc,fUST,0.0002,2,6,49694.07168502,offer,2026-09-30T11:47:01.968480+00:00
408cba18-b165-43f3-bb01-28f915d8b8dc,fUST,0.0002,30,1,400.0,offer,2026-09-30T11:47:01.968480+00:00
980068c4-5943-4c1f-a0ff-168db9938b7c,fUST,0.000335,2,1,-150.0,demand,2026-09-30T12:47:01.714020+00:00
980068c4-5943-4c1f-a0ff-168db9938b7c,fUST,0.000315,2,1,-150.0,demand,2026-09-30T12:47:01.714020+00:00
980068c4-5943-4c1f-a0ff-168db9938b7c,fUST,0.0002671232876712329,120,1,-2128879.35698415,demand,2026-09-30T12:47:01.714020+00:00
980068c4-5943-4c1f-a0ff-168db9938b7c,fUST,0.000267123287,120,1,-4451.08,demand,2026-09-30T12:47:01.714020+00:00
980068c4-5943-4c1f-a0ff-168db9938b7c,fUST,0.0002607397260273973,60,1,-5618325.1268761,demand,2026-09-30T12:47:01.714020+00:00
980068c4-5943-4c1f-a0ff-168db9938b7c,fUST,0.0002607397260273973,30,1,-5899722.44368995,demand,2026-09-30T12:47:01.714020+00:00
980068c4-5943-4c1f-a0ff-168db9938b7c,fUST,0.000162,14,3,-14377.0,demand,2026-09-30T12:47:01.714020+00:00
980068c4-5943-4c1f-a0ff-168db9938b7c,fUST,0.0001601,29,1,-139823.84554117,demand,2026-09-30T12:47:01.714020+00:00
980068c4-5943-4c1f-a0ff-168db9938b7c,fUST,0.00016,60,18,-114200.828599,demand,2026-09-30T12:47:01.714020+00:00
980068c4-5943-4c1f-a0ff-168db9938b7c,fUST,0.00016,30,2,-13277.4,demand,2026-09-30T12:47:01.714020+00:00
980068c4-5943-4c1f-a0ff-168db9938b7c,fUST,0.000155,45,8,-47500.0,demand,2026-09-30T12:47:01.714020+00:00
980068c4-5943-4c1f-a0ff-168db9938b7c,fUST,0.000152,60,1,-28000.0,demand,2026-09-30T12:47:01.714020+00:00
980068c4-5943-4c1f-a0ff-168db9938b7c,fUST,0.00015,120,1,-300000.0,demand,2026-09-30T12:47:01.714020+00:00
980068c4-5943-4c1f-a0ff-168db9938b7c,fUST,0.00015,45,4,-18668.928077,demand,2026-09-30T12:47:01.714020+00:00
980068c4-5943-4c1f-a0ff-168db9938b7c,fUST,0.00015,30,14,-57500.0,demand,2026-09-30T12:47:01.714020+00:00
980068c4-5943-4c1f-a0ff-168db9938b7c,fUST,0.000142,30,1,-28000.0,demand,2026-09-30T12:47:01.714020+00:00
980068c4-5943-4c1f-a0ff-168db9938b7c,fUST,0.0001401,13,1,-99488.31479105,demand,2026-09-30T12:47:01.714020+00:00
980068c4-5943-4c1f-a0ff-168db9938b7c,fUST,0.00014000000000000001,7,1,-186.49424635,demand,2026-09-30T12:47:01.714020+00:00
980068c4-5943-4c1f-a0ff-168db9938b7c,fUST,0.0001361,30,23,-93124.47696771,demand,2026-09-30T12:47:01.714020+00:00
980068c4-5943-4c1f-a0ff-168db9938b7c,fUST,0.000135,2,1,-773067.85190629,demand,2026-09-30T12:47:01.714020+00:00
980068c4-5943-4c1f-a0ff-168db9938b7c,fUST,0.00013,7,1,-1000.0,demand,2026-09-30T12:47:01.714020+00:00
980068c4-5943-4c1f-a0ff-168db9938b7c,fUST,0.00013,2,1,-1000.0,demand,2026-09-30T12:47:01.714020+00:00
980068c4-5943-4c1f-a0ff-168db9938b7c,fUST,0.0001226,12,1,-135216.16709793,demand,2026-09-30T12:47:01.714020+00:00
980068c4-5943-4c1f-a0ff-168db9938b7c,fUST,0.0001225,59,1,-95000.0,demand,2026-09-30T12:47:01.714020+00:00
980068c4-5943-4c1f-a0ff-168db9938b7c,fUST,0.0001222,29,1,-194504.86890568,demand,2026-09-30T12:47:01.714020+00:00
980068c4-5943-4c1f-a0ff-168db9938b7c,fUST,0.00016045,2,1,160.80866483,offer,2026-09-30T12:47:01.714020+00:00
980068c4-5943-4c1f-a0ff-168db9938b7c,fUST,0.0001604946,2,1,212.6461983,offer,2026-09-30T12:47:01.714020+00:00
980068c4-5943-4c1f-a0ff-168db9938b7c,fUST,0.00016144849315068494,2,14,6723.08017347,offer,2026-09-30T12:47:01.714020+00:00
980068c4-5943-4c1f-a0ff-168db9938b7c,fUST,0.00016275,2,2,503.22141596,offer,2026-09-30T12:47:01.714020+00:00
980068c4-5943-4c1f-a0ff-168db9938b7c,fUST,0.0001627571,2,1,6655.0175024,offer,2026-09-30T12:47:01.714020+00:00
980068c4-5943-4c1f-a0ff-168db9938b7c,fUST,0.0001636,2,1,2593.40204991,offer,2026-09-30T12:47:01.714020+00:00
980068c4-5943-4c1f-a0ff-168db9938b7c,fUST,0.0001638576,2,2,355.54237228,offer,2026-09-30T12:47:01.714020+00:00
980068c4-5943-4c1f-a0ff-168db9938b7c,fUST,0.0001648918,2,1,181.786904,offer,2026-09-30T12:47:01.714020+00:00
980068c4-5943-4c1f-a0ff-168db9938b7c,fUST,0.000165104,2,1,454.262976,offer,2026-09-30T12:47:01.714020+00:00
980068c4-5943-4c1f-a0ff-168db9938b7c,fUST,0.00016662,2,1,500.0,offer,2026-09-30T12:47:01.714020+00:00
980068c4-5943-4c1f-a0ff-168db9938b7c,fUST,0.0001666247,2,1,10000.0,offer,2026-09-30T12:47:01.714020+00:00
980068c4-5943-4c1f-a0ff-168db9938b7c,fUST,0.00016851933,7,1,341.28839307,offer,2026-09-30T12:47:01.714020+00:00
980068c4-5943-4c1f-a0ff-168db9938b7c,fUST,0.0001704946,2,1,162.69522436,offer,2026-09-30T12:47:01.714020+00:00
980068c4-5943-4c1f-a0ff-168db9938b7c,fUST,0.0001778737563,2,1,224.532037,offer,2026-09-30T12:47:01.714020+00:00
980068c4-5943-4c1f-a0ff-168db9938b7c,fUST,0.00018198,2,4,1664.61570291,offer,2026-09-30T12:47:01.714020+00:00
980068c4-5943-4c1f-a0ff-168db9938b7c,fUST,0.000182,2,1,184.858029,offer,2026-09-30T12:47:01.714020+00:00
980068c4-5943-4c1f-a0ff-168db9938b7c,fUST,0.0001853614275328767,2,1,224.532037,offer,2026-09-30T12:47:01.714020+00:00
980068c4-5943-4c1f-a0ff-168db9938b7c,fUST,0.000185817,2,3,1403.963,offer,2026-09-30T12:47:01.714020+00:00
980068c4-5943-4c1f-a0ff-168db9938b7c,fUST,0.00018898,2,1,160.80866483,offer,2026-09-30T12:47:01.714020+00:00
980068c4-5943-4c1f-a0ff-168db9938b7c,fUST,0.000189,2,1,10397.0,offer,2026-09-30T12:47:01.714020+00:00
980068c4-5943-4c1f-a0ff-168db9938b7c,fUST,0.0001892554494886678,2,1,1529.15989492,offer,2026-09-30T12:47:01.714020+00:00
980068c4-5943-4c1f-a0ff-168db9938b7c,fUST,0.00018996986301369863,2,1,500.0,offer,2026-09-30T12:47:01.714020+00:00
980068c4-5943-4c1f-a0ff-168db9938b7c,fUST,0.00018997,2,47,26137.03641757,offer,2026-09-30T12:47:01.714020+00:00
980068c4-5943-4c1f-a0ff-168db9938b7c,fUST,0.00018997,7,1,423.18939345,offer,2026-09-30T12:47:01.714020+00:00
980068c4-5943-4c1f-a0ff-168db9938b7c,fUST,0.00018998,2,18,273078.17735872,offer,2026-09-30T12:47:01.714020+00:00
720a7a5e-9265-418e-8959-f3524a5eb1e1,fUST,0.0002671232876712329,120,1,-2128692.40809515,demand,2026-09-30T13:47:01.550532+00:00
720a7a5e-9265-418e-8959-f3524a5eb1e1,fUST,0.000267123287,120,1,-4451.08,demand,2026-09-30T13:47:01.550532+00:00
720a7a5e-9265-418e-8959-f3524a5eb1e1,fUST,0.00025986027397260274,60,1,-5617908.30086767,demand,2026-09-30T13:47:01.550532+00:00
720a7a5e-9265-418e-8959-f3524a5eb1e1,fUST,0.00025986027397260274,30,1,-5801364.20950831,demand,2026-09-30T13:47:01.550532+00:00
720a7a5e-9265-418e-8959-f3524a5eb1e1,fUST,0.0001601,29,1,-139823.84554117,demand,2026-09-30T13:47:01.550532+00:00
720a7a5e-9265-418e-8959-f3524a5eb1e1,fUST,0.00016,60,18,-114200.828599,demand,2026-09-30T13:47:01.550532+00:00
720a7a5e-9265-418e-8959-f3524a5eb1e1,fUST,0.00016,30,2,-13277.4,demand,2026-09-30T13:47:01.550532+00:00
720a7a5e-9265-418e-8959-f3524a5eb1e1,fUST,0.000155,45,8,-47500.0,demand,2026-09-30T13:47:01.550532+00:00
720a7a5e-9265-418e-8959-f3524a5eb1e1,fUST,0.000152,60,1,-28000.0,demand,2026-09-30T13:47:01.550532+00:00
720a7a5e-9265-418e-8959-f3524a5eb1e1,fUST,0.00015,120,1,-300000.0,demand,2026-09-30T13:47:01.550532+00:00
720a7a5e-9265-418e-8959-f3524a5eb1e1,fUST,0.00015,45,4,-18668.928077,demand,2026-09-30T13:47:01.550532+00:00
720a7a5e-9265-418e-8959-f3524a5eb1e1,fUST,0.00015,30,14,-57500.0,demand,2026-09-30T13:47:01.550532+00:00
720a7a5e-9265-418e-8959-f3524a5eb1e1,fUST,0.000142,30,1,-28000.0,demand,2026-09-30T13:47:01.550532+00:00
720a7a5e-9265-418e-8959-f3524a5eb1e1,fUST,0.0001401,13,1,-99488.31479105,demand,2026-09-30T13:47:01.550532+00:00
720a7a5e-9265-418e-8959-f3524a5eb1e1,fUST,0.0001361,30,23,-93124.47696771,demand,2026-09-30T13:47:01.550532+00:00
720a7a5e-9265-418e-8959-f3524a5eb1e1,fUST,0.0001361,2,1,-1453294.16212797,demand,2026-09-30T13:47:01.550532+00:00
720a7a5e-9265-418e-8959-f3524a5eb1e1,fUST,0.00013,7,1,-1000.0,demand,2026-09-30T13:47:01.550532+00:00
720a7a5e-9265-418e-8959-f3524a5eb1e1,fUST,0.00013,2,1,-1000.0,demand,2026-09-30T13:47:01.550532+00:00
720a7a5e-9265-418e-8959-f3524a5eb1e1,fUST,0.0001226,12,1,-135216.16709793,demand,2026-09-30T13:47:01.550532+00:00
720a7a5e-9265-418e-8959-f3524a5eb1e1,fUST,0.0001225,59,1,-95000.0,demand,2026-09-30T13:47:01.550532+00:00
720a7a5e-9265-418e-8959-f3524a5eb1e1,fUST,0.0001222,29,1,-194504.86890568,demand,2026-09-30T13:47:01.550532+00:00
720a7a5e-9265-418e-8959-f3524a5eb1e1,fUST,0.0001202,19,1,-184532.71737778,demand,2026-09-30T13:47:01.550532+00:00
720a7a5e-9265-418e-8959-f3524a5eb1e1,fUST,0.00012,120,1,-30000.0,demand,2026-09-30T13:47:01.550532+00:00
720a7a5e-9265-418e-8959-f3524a5eb1e1,fUST,0.00012,7,2,-3000.0,demand,2026-09-30T13:47:01.550532+00:00
720a7a5e-9265-418e-8959-f3524a5eb1e1,fUST,0.0001181,7,1,-76226.65849949,demand,2026-09-30T13:47:01.550532+00:00
720a7a5e-9265-418e-8959-f3524a5eb1e1,fUST,0.000136986301369863,2,2,9841.7001622,offer,2026-09-30T13:47:01.550532+00:00
720a7a5e-9265-418e-8959-f3524a5eb1e1,fUST,0.00013698650000000003,2,51,25547.45057943,offer,2026-09-30T13:47:01.550532+00:00
720a7a5e-9265-418e-8959-f3524a5eb1e1,fUST,0.00013699650000000002,2,1,402.56763005,offer,2026-09-30T13:47:01.550532+00:00
720a7a5e-9265-418e-8959-f3524a5eb1e1,fUST,0.000137,2,1,500.0,offer,2026-09-30T13:47:01.550532+00:00
720a7a5e-9265-418e-8959-f3524a5eb1e1,fUST,0.00013700650000000002,2,4,1619.60069228,offer,2026-09-30T13:47:01.550532+00:00
720a7a5e-9265-418e-8959-f3524a5eb1e1,fUST,0.00013701,2,1,173.63,offer,2026-09-30T13:47:01.550532+00:00
720a7a5e-9265-418e-8959-f3524a5eb1e1,fUST,0.0001370165,2,1,413.49434655,offer,2026-09-30T13:47:01.550532+00:00
720a7a5e-9265-418e-8959-f3524a5eb1e1,fUST,0.00013702,2,3,1726.36,offer,2026-09-30T13:47:01.550532+00:00
720a7a5e-9265-418e-8959-f3524a5eb1e1,fUST,0.00013702739726027398,2,1,500.0,offer,2026-09-30T13:47:01.550532+00:00
720a7a5e-9265-418e-8959-f3524a5eb1e1,fUST,0.00013703,2,9,4500.0,offer,2026-09-30T13:47:01.550532+00:00
720a7a5e-9265-418e-8959-f3524a5eb1e1,fUST,0.0001370365,2,13,192943.11385486,offer,2026-09-30T13:47:01.550532+00:00
720a7a5e-9265-418e-8959-f3524a5eb1e1,fUST,0.0001370365,7,1,3957.11730461,offer,2026-09-30T13:47:01.550532+00:00
720a7a5e-9265-418e-8959-f3524a5eb1e1,fUST,0.00013704,2,2,367.62,offer,2026-09-30T13:47:01.550532+00:00
720a7a5e-9265-418e-8959-f3524a5eb1e1,fUST,0.00013805,2,1,211.68481733,offer,2026-09-30T13:47:01.550532+00:00
720a7a5e-9265-418e-8959-f3524a5eb1e1,fUST,0.00013806,2,2,926.71036824,offer,2026-09-30T13:47:01.550532+00:00
720a7a5e-9265-418e-8959-f3524a5eb1e1,fUST,0.00013808,2,11,6606.81880909,offer,2026-09-30T13:47:01.550532+00:00
720a7a5e-9265-418e-8959-f3524a5eb1e1,fUST,0.000138822,2,1,154.0,offer,2026-09-30T13:47:01.550532+00:00
720a7a5e-9265-418e-8959-f3524a5eb1e1,fUST,0.00013973643000000002,3,1,402.56763005,offer,2026-09-30T13:47:01.550532+00:00
720a7a5e-9265-418e-8959-f3524a5eb1e1,fUST,0.00013976712328767123,2,1,500.0,offer,2026-09-30T13:47:01.550532+00:00
720a7a5e-9265-418e-8959-f3524a5eb1e1,fUST,0.00013977,2,3,1410.63437898,offer,2026-09-30T13:47:01.550532+00:00
720a7a5e-9265-418e-8959-f3524a5eb1e1,fUST,0.00013977723,7,1,3957.11730461,offer,2026-09-30T13:47:01.550532+00:00
720a7a5e-9265-418e-8959-f3524a5eb1e1,fUST,0.00013999,2,1,500.0,offer,2026-09-30T13:47:01.550532+00:00
720a7a5e-9265-418e-8959-f3524a5eb1e1,fUST,0.00014,2,1,18437.0,offer,2026-09-30T13:47:01.550532+00:00
720a7a5e-9265-418e-8959-f3524a5eb1e1,fUST,0.00014063023302057776,2,1,5757.7069753,offer,2026-09-30T13:47:01.550532+00:00
720a7a5e-9265-418e-8959-f3524a5eb1e1,fUST,0.00014082,2,1,630.26,offer,2026-09-30T13:47:01.550532+00:00
b6402ffd-e9b3-4b39-9a91-5227760ada38,fUST,0.0002671232876712329,120,1,-2127892.40809515,demand,2026-09-30T14:47:01.703108+00:00
b6402ffd-e9b3-4b39-9a91-5227760ada38,fUST,0.000267123287,120,1,-4451.08,demand,2026-09-30T14:47:01.703108+00:00
b6402ffd-e9b3-4b39-9a91-5227760ada38,fUST,0.00025925753424657535,60,1,-5605926.86211652,demand,2026-09-30T14:47:01.703108+00:00
b6402ffd-e9b3-4b39-9a91-5227760ada38,fUST,0.00025925753424657535,30,1,-4935695.48376281,demand,2026-09-30T14:47:01.703108+00:00
b6402ffd-e9b3-4b39-9a91-5227760ada38,fUST,0.0001601,29,1,-139823.84554117,demand,2026-09-30T14:47:01.703108+00:00
b6402ffd-e9b3-4b39-9a91-5227760ada38,fUST,0.00016,60,18,-114200.828599,demand,2026-09-30T14:47:01.703108+00:00
b6402ffd-e9b3-4b39-9a91-5227760ada38,fUST,0.00016,30,2,-13277.4,demand,2026-09-30T14:47:01.703108+00:00
b6402ffd-e9b3-4b39-9a91-5227760ada38,fUST,0.000155,45,8,-47500.0,demand,2026-09-30T14:47:01.703108+00:00
b6402ffd-e9b3-4b39-9a91-5227760ada38,fUST,0.000152,60,1,-28000.0,demand,2026-09-30T14:47:01.703108+00:00
b6402ffd-e9b3-4b39-9a91-5227760ada38,fUST,0.00015,120,1,-300000.0,demand,2026-09-30T14:47:01.703108+00:00
b6402ffd-e9b3-4b39-9a91-5227760ada38,fUST,0.00015,45,4,-18668.928077,demand,2026-09-30T14:47:01.703108+00:00
b6402ffd-e9b3-4b39-9a91-5227760ada38,fUST,0.00015,30,14,-57500.0,demand,2026-09-30T14:47:01.703108+00:00
b6402ffd-e9b3-4b39-9a91-5227760ada38,fUST,0.000142,30,1,-28000.0,demand,2026-09-30T14:47:01.703108+00:00
b6402ffd-e9b3-4b39-9a91-5227760ada38,fUST,0.0001401,13,1,-84535.48351668,demand,2026-09-30T14:47:01.703108+00:00
b6402ffd-e9b3-4b39-9a91-5227760ada38,fUST,0.0001361,30,23,-93124.47696771,demand,2026-09-30T14:47:01.703108+00:00
b6402ffd-e9b3-4b39-9a91-5227760ada38,fUST,0.0001361,2,1,-1051021.68698324,demand,2026-09-30T14:47:01.703108+00:00
b6402ffd-e9b3-4b39-9a91-5227760ada38,fUST,0.00013,7,1,-1000.0,demand,2026-09-30T14:47:01.703108+00:00
b6402ffd-e9b3-4b39-9a91-5227760ada38,fUST,0.00013,2,1,-1000.0,demand,2026-09-30T14:47:01.703108+00:00
b6402ffd-e9b3-4b39-9a91-5227760ada38,fUST,0.0001226,12,1,-135216.16709793,demand,2026-09-30T14:47:01.703108+00:00
b6402ffd-e9b3-4b39-9a91-5227760ada38,fUST,0.0001225,59,1,-95000.0,demand,2026-09-30T14:47:01.703108+00:00
b6402ffd-e9b3-4b39-9a91-5227760ada38,fUST,0.0001222,29,1,-194504.86890568,demand,2026-09-30T14:47:01.703108+00:00
b6402ffd-e9b3-4b39-9a91-5227760ada38,fUST,0.0001202,19,1,-184532.71737778,demand,2026-09-30T14:47:01.703108+00:00
b6402ffd-e9b3-4b39-9a91-5227760ada38,fUST,0.00012,120,1,-30000.0,demand,2026-09-30T14:47:01.703108+00:00
b6402ffd-e9b3-4b39-9a91-5227760ada38,fUST,0.00012,7,2,-3000.0,demand,2026-09-30T14:47:01.703108+00:00
b6402ffd-e9b3-4b39-9a91-5227760ada38,fUST,0.0001181,7,1,-76226.65849949,demand,2026-09-30T14:47:01.703108+00:00
b6402ffd-e9b3-4b39-9a91-5227760ada38,fUST,0.000136705890410959,2,41,20224.91846428,offer,2026-09-30T14:47:01.703108+00:00
b6402ffd-e9b3-4b39-9a91-5227760ada38,fUST,0.00013672602739726026,2,1,18911.06684493,offer,2026-09-30T14:47:01.703108+00:00
b6402ffd-e9b3-4b39-9a91-5227760ada38,fUST,0.00013679589041095896,7,1,154.0,offer,2026-09-30T14:47:01.703108+00:00
b6402ffd-e9b3-4b39-9a91-5227760ada38,fUST,0.00013698,2,5,2309.31002603,offer,2026-09-30T14:47:01.703108+00:00
b6402ffd-e9b3-4b39-9a91-5227760ada38,fUST,0.0001436356849315069,7,1,323.23336342,offer,2026-09-30T14:47:01.703108+00:00
b6402ffd-e9b3-4b39-9a91-5227760ada38,fUST,0.0001477395616438357,7,1,415.77014901,offer,2026-09-30T14:47:01.703108+00:00
b6402ffd-e9b3-4b39-9a91-5227760ada38,fUST,0.00014796,2,1,500.0,offer,2026-09-30T14:47:01.703108+00:00
b6402ffd-e9b3-4b39-9a91-5227760ada38,fUST,0.0001714389920692,2,1,152.0,offer,2026-09-30T14:47:01.703108+00:00
b6402ffd-e9b3-4b39-9a91-5227760ada38,fUST,0.00017397061272717007,2,1,1460.83174898,offer,2026-09-30T14:47:01.703108+00:00
b6402ffd-e9b3-4b39-9a91-5227760ada38,fUST,0.0001904054,2,1,1433.8542196,offer,2026-09-30T14:47:01.703108+00:00
b6402ffd-e9b3-4b39-9a91-5227760ada38,fUST,0.00020191780821917808,3,1,168.0,offer,2026-09-30T14:47:01.703108+00:00
b6402ffd-e9b3-4b39-9a91-5227760ada38,fUST,0.0002055046999814162,2,1,160.0,offer,2026-09-30T14:47:01.703108+00:00
b6402ffd-e9b3-4b39-9a91-5227760ada38,fUST,0.00020727464166666665,2,1,155.82187166,offer,2026-09-30T14:47:01.703108+00:00
b6402ffd-e9b3-4b39-9a91-5227760ada38,fUST,0.00021119,2,1,500.0,offer,2026-09-30T14:47:01.703108+00:00
b6402ffd-e9b3-4b39-9a91-5227760ada38,fUST,0.000212,64,2,495.51040156,offer,2026-09-30T14:47:01.703108+00:00
b6402ffd-e9b3-4b39-9a91-5227760ada38,fUST,0.00021259342465753422,2,1,178.856,offer,2026-09-30T14:47:01.703108+00:00
b6402ffd-e9b3-4b39-9a91-5227760ada38,fUST,0.00021275464166666664,2,1,155.82187166,offer,2026-09-30T14:47:01.703108+00:00
b6402ffd-e9b3-4b39-9a91-5227760ada38,fUST,0.000215873,2,2,642.0,offer,2026-09-30T14:47:01.703108+00:00
b6402ffd-e9b3-4b39-9a91-5227760ada38,fUST,0.0002182082191780822,2,3,867.13216188,offer,2026-09-30T14:47:01.703108+00:00
b6402ffd-e9b3-4b39-9a91-5227760ada38,fUST,0.00021823464166666664,2,1,155.82187166,offer,2026-09-30T14:47:01.703108+00:00
b6402ffd-e9b3-4b39-9a91-5227760ada38,fUST,0.0002188735,2,2,13661.68064347,offer,2026-09-30T14:47:01.703108+00:00
b6402ffd-e9b3-4b39-9a91-5227760ada38,fUST,0.0002189388907681833,2,1,529.16464115,offer,2026-09-30T14:47:01.703108+00:00
b6402ffd-e9b3-4b39-9a91-5227760ada38,fUST,0.000219,2,1,1502.5635055,offer,2026-09-30T14:47:01.703108+00:00
b6402ffd-e9b3-4b39-9a91-5227760ada38,fUST,0.00022371464166666663,2,1,155.82187166,offer,2026-09-30T14:47:01.703108+00:00
b6402ffd-e9b3-4b39-9a91-5227760ada38,fUST,0.0002283,2,1,10850.6744825,offer,2026-09-30T14:47:01.703108+00:00
21330a23-de2f-4867-8b0d-ab4b03f0443a,fUST,0.0002671232876712329,120,1,-2121891.87756205,demand,2026-09-30T15:47:01.756274+00:00
21330a23-de2f-4867-8b0d-ab4b03f0443a,fUST,0.000267123287,120,1,-4451.08,demand,2026-09-30T15:47:01.756274+00:00
21330a23-de2f-4867-8b0d-ab4b03f0443a,fUST,0.00025925205479452056,60,1,-5605926.86211652,demand,2026-09-30T15:47:01.756274+00:00
21330a23-de2f-4867-8b0d-ab4b03f0443a,fUST,0.00025925205479452056,30,1,-4581452.30839482,demand,2026-09-30T15:47:01.756274+00:00
21330a23-de2f-4867-8b0d-ab4b03f0443a,fUST,0.0001601,29,1,-139823.84554117,demand,2026-09-30T15:47:01.756274+00:00
21330a23-de2f-4867-8b0d-ab4b03f0443a,fUST,0.00016,60,18,-114200.828599,demand,2026-09-30T15:47:01.756274+00:00
21330a23-de2f-4867-8b0d-ab4b03f0443a,fUST,0.00016,30,2,-13277.4,demand,2026-09-30T15:47:01.756274+00:00
21330a23-de2f-4867-8b0d-ab4b03f0443a,fUST,0.000155,45,8,-47500.0,demand,2026-09-30T15:47:01.756274+00:00
21330a23-de2f-4867-8b0d-ab4b03f0443a,fUST,0.000152,60,1,-28000.0,demand,2026-09-30T15:47:01.756274+00:00
21330a23-de2f-4867-8b0d-ab4b03f0443a,fUST,0.00015,120,1,-300000.0,demand,2026-09-30T15:47:01.756274+00:00
21330a23-de2f-4867-8b0d-ab4b03f0443a,fUST,0.00015,45,4,-18668.928077,demand,2026-09-30T15:47:01.756274+00:00
21330a23-de2f-4867-8b0d-ab4b03f0443a,fUST,0.00015,30,14,-57500.0,demand,2026-09-30T15:47:01.756274+00:00
21330a23-de2f-4867-8b0d-ab4b03f0443a,fUST,0.000142,30,1,-28000.0,demand,2026-09-30T15:47:01.756274+00:00
21330a23-de2f-4867-8b0d-ab4b03f0443a,fUST,0.0001401,13,1,-76539.23151432,demand,2026-09-30T15:47:01.756274+00:00
21330a23-de2f-4867-8b0d-ab4b03f0443a,fUST,0.0001361,30,23,-93124.47696771,demand,2026-09-30T15:47:01.756274+00:00
21330a23-de2f-4867-8b0d-ab4b03f0443a,fUST,0.0001361,2,1,-1050870.68698324,demand,2026-09-30T15:47:01.756274+00:00
21330a23-de2f-4867-8b0d-ab4b03f0443a,fUST,0.00013,7,1,-1000.0,demand,2026-09-30T15:47:01.756274+00:00
21330a23-de2f-4867-8b0d-ab4b03f0443a,fUST,0.00013,2,1,-1000.0,demand,2026-09-30T15:47:01.756274+00:00
21330a23-de2f-4867-8b0d-ab4b03f0443a,fUST,0.0001226,12,1,-135216.16709793,demand,2026-09-30T15:47:01.756274+00:00
21330a23-de2f-4867-8b0d-ab4b03f0443a,fUST,0.0001225,59,1,-95000.0,demand,2026-09-30T15:47:01.756274+00:00
21330a23-de2f-4867-8b0d-ab4b03f0443a,fUST,0.0001222,29,1,-194504.86890568,demand,2026-09-30T15:47:01.756274+00:00
21330a23-de2f-4867-8b0d-ab4b03f0443a,fUST,0.0001202,19,1,-184532.71737778,demand,2026-09-30T15:47:01.756274+00:00
21330a23-de2f-4867-8b0d-ab4b03f0443a,fUST,0.00012,120,1,-30000.0,demand,2026-09-30T15:47:01.756274+00:00
21330a23-de2f-4867-8b0d-ab4b03f0443a,fUST,0.00012,7,2,-3000.0,demand,2026-09-30T15:47:01.756274+00:00
21330a23-de2f-4867-8b0d-ab4b03f0443a,fUST,0.0001181,7,1,-76226.65849949,demand,2026-09-30T15:47:01.756274+00:00
21330a23-de2f-4867-8b0d-ab4b03f0443a,fUST,0.00018365618465753428,2,2,339.02612637,offer,2026-09-30T15:47:01.756274+00:00
21330a23-de2f-4867-8b0d-ab4b03f0443a,fUST,0.00019106473684210525,2,1,267.60368033,offer,2026-09-30T15:47:01.756274+00:00
21330a23-de2f-4867-8b0d-ab4b03f0443a,fUST,0.0001964902,2,1,4648.5013026,offer,2026-09-30T15:47:01.756274+00:00
21330a23-de2f-4867-8b0d-ab4b03f0443a,fUST,0.00019956628767123292,2,5,2199.87985346,offer,2026-09-30T15:47:01.756274+00:00
21330a23-de2f-4867-8b0d-ab4b03f0443a,fUST,0.0002,10,1,2605.77617503,offer,2026-09-30T15:47:01.756274+00:00
21330a23-de2f-4867-8b0d-ab4b03f0443a,fUST,0.00020361,2,1,300.0,offer,2026-09-30T15:47:01.756274+00:00
21330a23-de2f-4867-8b0d-ab4b03f0443a,fUST,0.00020626976672712534,2,1,221.96161275,offer,2026-09-30T15:47:01.756274+00:00
21330a23-de2f-4867-8b0d-ab4b03f0443a,fUST,0.00020752,2,1,500.0,offer,2026-09-30T15:47:01.756274+00:00
21330a23-de2f-4867-8b0d-ab4b03f0443a,fUST,0.00020752542763157893,2,44,25898.0,offer,2026-09-30T15:47:01.756274+00:00
21330a23-de2f-4867-8b0d-ab4b03f0443a,fUST,0.00021259,2,1,187.231,offer,2026-09-30T15:47:01.756274+00:00
21330a23-de2f-4867-8b0d-ab4b03f0443a,fUST,0.0002142727808219178,2,1,316.15498951,offer,2026-09-30T15:47:01.756274+00:00
21330a23-de2f-4867-8b0d-ab4b03f0443a,fUST,0.00021427547945205476,2,1,152.94995754,offer,2026-09-30T15:47:01.756274+00:00
21330a23-de2f-4867-8b0d-ab4b03f0443a,fUST,0.0002172297096,2,1,680.264916,offer,2026-09-30T15:47:01.756274+00:00
21330a23-de2f-4867-8b0d-ab4b03f0443a,fUST,0.00021811,2,1,500.0,offer,2026-09-30T15:47:01.756274+00:00
21330a23-de2f-4867-8b0d-ab4b03f0443a,fUST,0.00021816164383561644,2,9,2531.96885465,offer,2026-09-30T15:47:01.756274+00:00
21330a23-de2f-4867-8b0d-ab4b03f0443a,fUST,0.0002181643835616438,2,1,331.08567938,offer,2026-09-30T15:47:01.756274+00:00
21330a23-de2f-4867-8b0d-ab4b03f0443a,fUST,0.00021849,2,1,500.0,offer,2026-09-30T15:47:01.756274+00:00
21330a23-de2f-4867-8b0d-ab4b03f0443a,fUST,0.00021917808219178083,2,4,1342.80161636,offer,2026-09-30T15:47:01.756274+00:00
21330a23-de2f-4867-8b0d-ab4b03f0443a,fUST,0.00022637409316164384,2,1,680.264916,offer,2026-09-30T15:47:01.756274+00:00
21330a23-de2f-4867-8b0d-ab4b03f0443a,fUST,0.000227209,2,2,642.0,offer,2026-09-30T15:47:01.756274+00:00
21330a23-de2f-4867-8b0d-ab4b03f0443a,fUST,0.00023309,2,1,500.0,offer,2026-09-30T15:47:01.756274+00:00
21330a23-de2f-4867-8b0d-ab4b03f0443a,fUST,0.00023386253289473682,3,26,15517.95112526,offer,2026-09-30T15:47:01.756274+00:00
21330a23-de2f-4867-8b0d-ab4b03f0443a,fUST,0.00023551847672328768,2,1,680.264916,offer,2026-09-30T15:47:01.756274+00:00
21330a23-de2f-4867-8b0d-ab4b03f0443a,fUST,0.00024,2,2,1395.0,offer,2026-09-30T15:47:01.756274+00:00
21330a23-de2f-4867-8b0d-ab4b03f0443a,fUST,0.00024206364166666668,2,2,363.37496335,offer,2026-09-30T15:47:01.756274+00:00
4ec73b09-10c4-4241-a179-752db0d92619,fUST,0.0002671232876712329,120,1,-2116741.45756205,demand,2026-09-30T16:47:02.079692+00:00
4ec73b09-10c4-4241-a179-752db0d92619,fUST,0.000267123287,120,1,-4451.08,demand,2026-09-30T16:47:02.079692+00:00
4ec73b09-10c4-4241-a179-752db0d92619,fUST,0.00025944657534246576,60,1,-5605587.81142753,demand,2026-09-30T16:47:02.079692+00:00
4ec73b09-10c4-4241-a179-752db0d92619,fUST,0.00025944657534246576,30,1,-4581150.30839482,demand,2026-09-30T16:47:02.079692+00:00
4ec73b09-10c4-4241-a179-752db0d92619,fUST,0.0001601,29,1,-139823.84554117,demand,2026-09-30T16:47:02.079692+00:00
4ec73b09-10c4-4241-a179-752db0d92619,fUST,0.00016,60,18,-114200.828599,demand,2026-09-30T16:47:02.079692+00:00
4ec73b09-10c4-4241-a179-752db0d92619,fUST,0.00016,30,2,-13277.4,demand,2026-09-30T16:47:02.079692+00:00
4ec73b09-10c4-4241-a179-752db0d92619,fUST,0.000155,45,8,-47500.0,demand,2026-09-30T16:47:02.079692+00:00
4ec73b09-10c4-4241-a179-752db0d92619,fUST,0.000152,60,1,-28000.0,demand,2026-09-30T16:47:02.079692+00:00
4ec73b09-10c4-4241-a179-752db0d92619,fUST,0.00015,120,1,-300000.0,demand,2026-09-30T16:47:02.079692+00:00
4ec73b09-10c4-4241-a179-752db0d92619,fUST,0.00015,45,4,-18668.928077,demand,2026-09-30T16:47:02.079692+00:00
4ec73b09-10c4-4241-a179-752db0d92619,fUST,0.00015,30,14,-57500.0,demand,2026-09-30T16:47:02.079692+00:00
4ec73b09-10c4-4241-a179-752db0d92619,fUST,0.000142,30,1,-28000.0,demand,2026-09-30T16:47:02.079692+00:00
4ec73b09-10c4-4241-a179-752db0d92619,fUST,0.0001401,13,1,-62931.28415301,demand,2026-09-30T16:47:02.079692+00:00
4ec73b09-10c4-4241-a179-752db0d92619,fUST,0.00013611,2,1,-123000.0,demand,2026-09-30T16:47:02.079692+00:00
4ec73b09-10c4-4241-a179-752db0d92619,fUST,0.0001361,30,23,-93124.47696771,demand,2026-09-30T16:47:02.079692+00:00
4ec73b09-10c4-4241-a179-752db0d92619,fUST,0.0001361,2,1,-1010682.91011312,demand,2026-09-30T16:47:02.079692+00:00
4ec73b09-10c4-4241-a179-752db0d92619,fUST,0.00013,7,1,-1000.0,demand,2026-09-30T16:47:02.079692+00:00
4ec73b09-10c4-4241-a179-752db0d92619,fUST,0.00013,2,1,-1000.0,demand,2026-09-30T16:47:02.079692+00:00
4ec73b09-10c4-4241-a179-752db0d92619,fUST,0.0001226,12,1,-135216.16709793,demand,2026-09-30T16:47:02.079692+00:00
4ec73b09-10c4-4241-a179-752db0d92619,fUST,0.0001225,59,1,-95000.0,demand,2026-09-30T16:47:02.079692+00:00
4ec73b09-10c4-4241-a179-752db0d92619,fUST,0.0001222,29,1,-194504.86890568,demand,2026-09-30T16:47:02.079692+00:00
4ec73b09-10c4-4241-a179-752db0d92619,fUST,0.0001202,19,1,-184532.71737778,demand,2026-09-30T16:47:02.079692+00:00
4ec73b09-10c4-4241-a179-752db0d92619,fUST,0.00012,120,1,-30000.0,demand,2026-09-30T16:47:02.079692+00:00
4ec73b09-10c4-4241-a179-752db0d92619,fUST,0.00012,7,2,-3000.0,demand,2026-09-30T16:47:02.079692+00:00
4ec73b09-10c4-4241-a179-752db0d92619,fUST,0.00016806000000000001,2,9,4051.28808767,offer,2026-09-30T16:47:02.079692+00:00
4ec73b09-10c4-4241-a179-752db0d92619,fUST,0.00016807,13,1,5000.0,offer,2026-09-30T16:47:02.079692+00:00
4ec73b09-10c4-4241-a179-752db0d92619,fUST,0.000178,30,1,230.19977593,offer,2026-09-30T16:47:02.079692+00:00
4ec73b09-10c4-4241-a179-752db0d92619,fUST,0.00017850958904109588,2,1,4154.66639917,offer,2026-09-30T16:47:02.079692+00:00
4ec73b09-10c4-4241-a179-752db0d92619,fUST,0.00017851,2,1,300.0,offer,2026-09-30T16:47:02.079692+00:00
4ec73b09-10c4-4241-a179-752db0d92619,fUST,0.0001895394816,2,1,373.7532917,offer,2026-09-30T16:47:02.079692+00:00
4ec73b09-10c4-4241-a179-752db0d92619,fUST,0.0001961,7,1,747.66,offer,2026-09-30T16:47:02.079692+00:00
4ec73b09-10c4-4241-a179-752db0d92619,fUST,0.0001961,2,1,560.74,offer,2026-09-30T16:47:02.079692+00:00
4ec73b09-10c4-4241-a179-752db0d92619,fUST,0.00019855,2,1,17904.48515973,offer,2026-09-30T16:47:02.079692+00:00
4ec73b09-10c4-4241-a179-752db0d92619,fUST,0.00019996,2,5,3794.35,offer,2026-09-30T16:47:02.079692+00:00
4ec73b09-10c4-4241-a179-752db0d92619,fUST,0.00019997,2,12,6910.31140489,offer,2026-09-30T16:47:02.079692+00:00
4ec73b09-10c4-4241-a179-752db0d92619,fUST,0.00019998,2,13,6378.60864775,offer,2026-09-30T16:47:02.079692+00:00
4ec73b09-10c4-4241-a179-752db0d92619,fUST,0.00019999,2,2,698.50871505,offer,2026-09-30T16:47:02.079692+00:00
4ec73b09-10c4-4241-a179-752db0d92619,fUST,0.00020415,2,1,500.0,offer,2026-09-30T16:47:02.079692+00:00
4ec73b09-10c4-4241-a179-752db0d92619,fUST,0.00020591,7,1,747.66,offer,2026-09-30T16:47:02.079692+00:00
4ec73b09-10c4-4241-a179-752db0d92619,fUST,0.00020591,2,1,560.74,offer,2026-09-30T16:47:02.079692+00:00
4ec73b09-10c4-4241-a179-752db0d92619,fUST,0.0002068115112,2,1,190.186063,offer,2026-09-30T16:47:02.079692+00:00
4ec73b09-10c4-4241-a179-752db0d92619,fUST,0.000207,2,1,208.82997993,offer,2026-09-30T16:47:02.079692+00:00
4ec73b09-10c4-4241-a179-752db0d92619,fUST,0.00020712773028088997,2,3,737.15472785,offer,2026-09-30T16:47:02.079692+00:00
4ec73b09-10c4-4241-a179-752db0d92619,fUST,0.0002086214383561644,2,1,456.573396,offer,2026-09-30T16:47:02.079692+00:00
4ec73b09-10c4-4241-a179-752db0d92619,fUST,0.0002086478082191781,2,2,398.46862554,offer,2026-09-30T16:47:02.079692+00:00
4ec73b09-10c4-4241-a179-752db0d92619,fUST,0.000209,2,1,208.82997993,offer,2026-09-30T16:47:02.079692+00:00
4ec73b09-10c4-4241-a179-752db0d92619,fUST,0.0002099012047974662,2,1,221.96161275,offer,2026-09-30T16:47:02.079692+00:00
4ec73b09-10c4-4241-a179-752db0d92619,fUST,0.00020998,2,1,335.37643294,offer,2026-09-30T16:47:02.079692+00:00
4ec73b09-10c4-4241-a179-752db0d92619,fUST,0.00021274,2,1,317.409,offer,2026-09-30T16:47:02.079692+00:00
f3d35e0a-454b-46bb-bfa5-a90bed57f2b5,fUST,0.0002671232876712329,120,1,-2114009.19756205,demand,2026-09-30T17:47:01.874456+00:00
f3d35e0a-454b-46bb-bfa5-a90bed57f2b5,fUST,0.000267123287,120,1,-4451.08,demand,2026-09-30T17:47:01.874456+00:00
f3d35e0a-454b-46bb-bfa5-a90bed57f2b5,fUST,0.00025937808219178083,60,1,-5605587.81142753,demand,2026-09-30T17:47:01.874456+00:00
f3d35e0a-454b-46bb-bfa5-a90bed57f2b5,fUST,0.00025937808219178083,30,1,-4580851.41839482,demand,2026-09-30T17:47:01.874456+00:00
f3d35e0a-454b-46bb-bfa5-a90bed57f2b5,fUST,0.0001601,29,1,-139823.84554117,demand,2026-09-30T17:47:01.874456+00:00
f3d35e0a-454b-46bb-bfa5-a90bed57f2b5,fUST,0.00016,60,18,-114200.828599,demand,2026-09-30T17:47:01.874456+00:00
f3d35e0a-454b-46bb-bfa5-a90bed57f2b5,fUST,0.00016,30,2,-13277.4,demand,2026-09-30T17:47:01.874456+00:00
f3d35e0a-454b-46bb-bfa5-a90bed57f2b5,fUST,0.000155,45,8,-47500.0,demand,2026-09-30T17:47:01.874456+00:00
f3d35e0a-454b-46bb-bfa5-a90bed57f2b5,fUST,0.000152,60,1,-28000.0,demand,2026-09-30T17:47:01.874456+00:00
f3d35e0a-454b-46bb-bfa5-a90bed57f2b5,fUST,0.00015,120,1,-300000.0,demand,2026-09-30T17:47:01.874456+00:00
f3d35e0a-454b-46bb-bfa5-a90bed57f2b5,fUST,0.00015,45,4,-18668.928077,demand,2026-09-30T17:47:01.874456+00:00
f3d35e0a-454b-46bb-bfa5-a90bed57f2b5,fUST,0.00015,30,14,-57500.0,demand,2026-09-30T17:47:01.874456+00:00
f3d35e0a-454b-46bb-bfa5-a90bed57f2b5,fUST,0.000142,30,1,-28000.0,demand,2026-09-30T17:47:01.874456+00:00
f3d35e0a-454b-46bb-bfa5-a90bed57f2b5,fUST,0.0001401,13,1,-62931.28415301,demand,2026-09-30T17:47:01.874456+00:00
f3d35e0a-454b-46bb-bfa5-a90bed57f2b5,fUST,0.00013611,2,1,-110310.80423823,demand,2026-09-30T17:47:01.874456+00:00
f3d35e0a-454b-46bb-bfa5-a90bed57f2b5,fUST,0.0001361,30,23,-93124.47696771,demand,2026-09-30T17:47:01.874456+00:00
f3d35e0a-454b-46bb-bfa5-a90bed57f2b5,fUST,0.0001361,2,1,-1010682.91011312,demand,2026-09-30T17:47:01.874456+00:00
f3d35e0a-454b-46bb-bfa5-a90bed57f2b5,fUST,0.00013,7,1,-1000.0,demand,2026-09-30T17:47:01.874456+00:00
f3d35e0a-454b-46bb-bfa5-a90bed57f2b5,fUST,0.00013,2,1,-1000.0,demand,2026-09-30T17:47:01.874456+00:00
f3d35e0a-454b-46bb-bfa5-a90bed57f2b5,fUST,0.0001226,12,1,-135216.16709793,demand,2026-09-30T17:47:01.874456+00:00
f3d35e0a-454b-46bb-bfa5-a90bed57f2b5,fUST,0.0001225,59,1,-95000.0,demand,2026-09-30T17:47:01.874456+00:00
f3d35e0a-454b-46bb-bfa5-a90bed57f2b5,fUST,0.0001222,29,1,-194504.86890568,demand,2026-09-30T17:47:01.874456+00:00
f3d35e0a-454b-46bb-bfa5-a90bed57f2b5,fUST,0.0001202,19,1,-184532.71737778,demand,2026-09-30T17:47:01.874456+00:00
f3d35e0a-454b-46bb-bfa5-a90bed57f2b5,fUST,0.00012,120,1,-30000.0,demand,2026-09-30T17:47:01.874456+00:00
f3d35e0a-454b-46bb-bfa5-a90bed57f2b5,fUST,0.00012,7,2,-3000.0,demand,2026-09-30T17:47:01.874456+00:00
f3d35e0a-454b-46bb-bfa5-a90bed57f2b5,fUST,0.00017111,13,1,1618.32197994,offer,2026-09-30T17:47:01.874456+00:00
f3d35e0a-454b-46bb-bfa5-a90bed57f2b5,fUST,0.00017284,2,15,7168.17088546,offer,2026-09-30T17:47:01.874456+00:00
f3d35e0a-454b-46bb-bfa5-a90bed57f2b5,fUST,0.00017285,2,1,373.57230654,offer,2026-09-30T17:47:01.874456+00:00
f3d35e0a-454b-46bb-bfa5-a90bed57f2b5,fUST,0.0001752664032,2,1,158.9998791,offer,2026-09-30T17:47:01.874456+00:00
f3d35e0a-454b-46bb-bfa5-a90bed57f2b5,fUST,0.00017818,7,1,178.42287009,offer,2026-09-30T17:47:01.874456+00:00
f3d35e0a-454b-46bb-bfa5-a90bed57f2b5,fUST,0.00017991,2,15,4500.0,offer,2026-09-30T17:47:01.874456+00:00
f3d35e0a-454b-46bb-bfa5-a90bed57f2b5,fUST,0.000179982,2,1,166.67622276,offer,2026-09-30T17:47:01.874456+00:00
f3d35e0a-454b-46bb-bfa5-a90bed57f2b5,fUST,0.0001840758192,2,1,195.3100825,offer,2026-09-30T17:47:01.874456+00:00
f3d35e0a-454b-46bb-bfa5-a90bed57f2b5,fUST,0.00018499,2,1,261.03317242,offer,2026-09-30T17:47:01.874456+00:00
f3d35e0a-454b-46bb-bfa5-a90bed57f2b5,fUST,0.00018999,2,3,4465.292262,offer,2026-09-30T17:47:01.874456+00:00
f3d35e0a-454b-46bb-bfa5-a90bed57f2b5,fUST,0.00018999999999999998,2,6,35044.27469133,offer,2026-09-30T17:47:01.874456+00:00
f3d35e0a-454b-46bb-bfa5-a90bed57f2b5,fUST,0.00019079890356874993,2,2,2609.45099569,offer,2026-09-30T17:47:01.874456+00:00
f3d35e0a-454b-46bb-bfa5-a90bed57f2b5,fUST,0.000192,2,1,177.7361741,offer,2026-09-30T17:47:01.874456+00:00
f3d35e0a-454b-46bb-bfa5-a90bed57f2b5,fUST,0.00019378,2,1,600.0,offer,2026-09-30T17:47:01.874456+00:00
f3d35e0a-454b-46bb-bfa5-a90bed57f2b5,fUST,0.00019407945205479453,2,1,500.0,offer,2026-09-30T17:47:01.874456+00:00
f3d35e0a-454b-46bb-bfa5-a90bed57f2b5,fUST,0.00019408,2,7,3188.16646171,offer,2026-09-30T17:47:01.874456+00:00
f3d35e0a-454b-46bb-bfa5-a90bed57f2b5,fUST,0.00019419,7,1,606.87109508,offer,2026-09-30T17:47:01.874456+00:00
f3d35e0a-454b-46bb-bfa5-a90bed57f2b5,fUST,0.00019419,2,1,239.24522404,offer,2026-09-30T17:47:01.874456+00:00
f3d35e0a-454b-46bb-bfa5-a90bed57f2b5,fUST,0.00019451,2,19,9248.45403186,offer,2026-09-30T17:47:01.874456+00:00
f3d35e0a-454b-46bb-bfa5-a90bed57f2b5,fUST,0.00019687489091058108,2,1,379.91690042,offer,2026-09-30T17:47:01.874456+00:00
f3d35e0a-454b-46bb-bfa5-a90bed57f2b5,fUST,0.00019724,2,2,314.27031411,offer,2026-09-30T17:47:01.874456+00:00
f3d35e0a-454b-46bb-bfa5-a90bed57f2b5,fUST,0.00019725,2,131,107445.61419874,offer,2026-09-30T17:47:01.874456+00:00
f3d35e0a-454b-46bb-bfa5-a90bed57f2b5,fUST,0.00019725,4,1,190.67159932,offer,2026-09-30T17:47:01.874456+00:00
f3d35e0a-454b-46bb-bfa5-a90bed57f2b5,fUST,0.0001980738,7,1,606.87109508,offer,2026-09-30T17:47:01.874456+00:00
f3d35e0a-454b-46bb-bfa5-a90bed57f2b5,fUST,0.00019975824657534247,2,1,170.90012502,offer,2026-09-30T17:47:01.874456+00:00
55a117cd-17c5-4522-be93-ce5f5c241c4f,fUST,0.0002671232876712329,120,1,-2114009.19756205,demand,2026-09-30T18:47:02.157911+00:00
55a117cd-17c5-4522-be93-ce5f5c241c4f,fUST,0.000267123287,120,1,-4451.08,demand,2026-09-30T18:47:02.157911+00:00
55a117cd-17c5-4522-be93-ce5f5c241c4f,fUST,0.0002594219178082192,60,1,-5605587.81142753,demand,2026-09-30T18:47:02.157911+00:00
55a117cd-17c5-4522-be93-ce5f5c241c4f,fUST,0.0002594219178082192,30,1,-4580551.12406482,demand,2026-09-30T18:47:02.157911+00:00
55a117cd-17c5-4522-be93-ce5f5c241c4f,fUST,0.0001601,29,1,-136492.50418613,demand,2026-09-30T18:47:02.157911+00:00
55a117cd-17c5-4522-be93-ce5f5c241c4f,fUST,0.00016,60,18,-114200.828599,demand,2026-09-30T18:47:02.157911+00:00
55a117cd-17c5-4522-be93-ce5f5c241c4f,fUST,0.00016,30,2,-13277.4,demand,2026-09-30T18:47:02.157911+00:00
55a117cd-17c5-4522-be93-ce5f5c241c4f,fUST,0.000155,45,8,-47500.0,demand,2026-09-30T18:47:02.157911+00:00
55a117cd-17c5-4522-be93-ce5f5c241c4f,fUST,0.000152,60,1,-28000.0,demand,2026-09-30T18:47:02.157911+00:00
55a117cd-17c5-4522-be93-ce5f5c241c4f,fUST,0.000152,14,1,-1447.88988797,demand,2026-09-30T18:47:02.157911+00:00
55a117cd-17c5-4522-be93-ce5f5c241c4f,fUST,0.00015,120,1,-300000.0,demand,2026-09-30T18:47:02.157911+00:00
55a117cd-17c5-4522-be93-ce5f5c241c4f,fUST,0.00015,45,4,-18668.928077,demand,2026-09-30T18:47:02.157911+00:00
55a117cd-17c5-4522-be93-ce5f5c241c4f,fUST,0.00015,30,14,-57500.0,demand,2026-09-30T18:47:02.157911+00:00
55a117cd-17c5-4522-be93-ce5f5c241c4f,fUST,0.000142,30,1,-28000.0,demand,2026-09-30T18:47:02.157911+00:00
55a117cd-17c5-4522-be93-ce5f5c241c4f,fUST,0.0001401,13,1,-62931.28415301,demand,2026-09-30T18:47:02.157911+00:00
55a117cd-17c5-4522-be93-ce5f5c241c4f,fUST,0.00013611,2,1,-110156.62600699,demand,2026-09-30T18:47:02.157911+00:00
55a117cd-17c5-4522-be93-ce5f5c241c4f,fUST,0.0001361,30,23,-93124.47696771,demand,2026-09-30T18:47:02.157911+00:00
55a117cd-17c5-4522-be93-ce5f5c241c4f,fUST,0.0001361,2,1,-1010682.91011312,demand,2026-09-30T18:47:02.157911+00:00
55a117cd-17c5-4522-be93-ce5f5c241c4f,fUST,0.00013,7,1,-1000.0,demand,2026-09-30T18:47:02.157911+00:00
55a117cd-17c5-4522-be93-ce5f5c241c4f,fUST,0.00013,2,1,-1000.0,demand,2026-09-30T18:47:02.157911+00:00
55a117cd-17c5-4522-be93-ce5f5c241c4f,fUST,0.0001226,12,1,-135216.16709793,demand,2026-09-30T18:47:02.157911+00:00
55a117cd-17c5-4522-be93-ce5f5c241c4f,fUST,0.0001225,59,1,-95000.0,demand,2026-09-30T18:47:02.157911+00:00
55a117cd-17c5-4522-be93-ce5f5c241c4f,fUST,0.0001222,29,1,-194504.86890568,demand,2026-09-30T18:47:02.157911+00:00
55a117cd-17c5-4522-be93-ce5f5c241c4f,fUST,0.0001202,19,1,-184532.71737778,demand,2026-09-30T18:47:02.157911+00:00
55a117cd-17c5-4522-be93-ce5f5c241c4f,fUST,0.00012,120,1,-30000.0,demand,2026-09-30T18:47:02.157911+00:00
55a117cd-17c5-4522-be93-ce5f5c241c4f,fUST,0.00014282000000000002,2,2,457.14853053,offer,2026-09-30T18:47:02.157911+00:00
55a117cd-17c5-4522-be93-ce5f5c241c4f,fUST,0.00014283,2,1,5000.0,offer,2026-09-30T18:47:02.157911+00:00
55a117cd-17c5-4522-be93-ce5f5c241c4f,fUST,0.00014621,2,1,158.47131515,offer,2026-09-30T18:47:02.157911+00:00
55a117cd-17c5-4522-be93-ce5f5c241c4f,fUST,0.00015121,2,1,204.91472204,offer,2026-09-30T18:47:02.157911+00:00
55a117cd-17c5-4522-be93-ce5f5c241c4f,fUST,0.0001880221,2,3,5649.11605573,offer,2026-09-30T18:47:02.157911+00:00
55a117cd-17c5-4522-be93-ce5f5c241c4f,fUST,0.00019975315753424658,2,8,1846.41150554,offer,2026-09-30T18:47:02.157911+00:00
55a117cd-17c5-4522-be93-ce5f5c241c4f,fUST,0.00019984221575342466,2,1,1052.29890888,offer,2026-09-30T18:47:02.157911+00:00
55a117cd-17c5-4522-be93-ce5f5c241c4f,fUST,0.0002,10,1,17070.82205201,offer,2026-09-30T18:47:02.157911+00:00
55a117cd-17c5-4522-be93-ce5f5c241c4f,fUST,0.00020246575342465752,3,1,172.0,offer,2026-09-30T18:47:02.157911+00:00
55a117cd-17c5-4522-be93-ce5f5c241c4f,fUST,0.000207,2,1,161.45164529,offer,2026-09-30T18:47:02.157911+00:00
55a117cd-17c5-4522-be93-ce5f5c241c4f,fUST,0.00020724333971141104,2,2,320.0,offer,2026-09-30T18:47:02.157911+00:00
55a117cd-17c5-4522-be93-ce5f5c241c4f,fUST,0.00020838029676,2,2,326.07325021,offer,2026-09-30T18:47:02.157911+00:00
55a117cd-17c5-4522-be93-ce5f5c241c4f,fUST,0.0002085,2,3,1500.0,offer,2026-09-30T18:47:02.157911+00:00
55a117cd-17c5-4522-be93-ce5f5c241c4f,fUST,0.0002085054109589041,2,21,6313.85146607,offer,2026-09-30T18:47:02.157911+00:00
55a117cd-17c5-4522-be93-ce5f5c241c4f,fUST,0.00020859243150684933,2,1,220.13100906,offer,2026-09-30T18:47:02.157911+00:00
55a117cd-17c5-4522-be93-ce5f5c241c4f,fUST,0.00020859770547945207,2,1,901.97049332,offer,2026-09-30T18:47:02.157911+00:00
55a117cd-17c5-4522-be93-ce5f5c241c4f,fUST,0.000209,2,1,161.45164529,offer,2026-09-30T18:47:02.157911+00:00
55a117cd-17c5-4522-be93-ce5f5c241c4f,fUST,0.000211,2,1,161.45164529,offer,2026-09-30T18:47:02.157911+00:00
55a117cd-17c5-4522-be93-ce5f5c241c4f,fUST,0.00021112029676,2,1,162.11824514,offer,2026-09-30T18:47:02.157911+00:00
55a117cd-17c5-4522-be93-ce5f5c241c4f,fUST,0.00021159,2,1,5077.76057131,offer,2026-09-30T18:47:02.157911+00:00
55a117cd-17c5-4522-be93-ce5f5c241c4f,fUST,0.0002116,2,45,18744.6974558,offer,2026-09-30T18:47:02.157911+00:00
55a117cd-17c5-4522-be93-ce5f5c241c4f,fUST,0.000212,2,1,338.22,offer,2026-09-30T18:47:02.157911+00:00
55a117cd-17c5-4522-be93-ce5f5c241c4f,fUST,0.0002125257725977825,2,1,212.07919716,offer,2026-09-30T18:47:02.157911+00:00
55a117cd-17c5-4522-be93-ce5f5c241c4f,fUST,0.00021272,2,1,489.872,offer,2026-09-30T18:47:02.157911+00:00
55a117cd-17c5-4522-be93-ce5f5c241c4f,fUST,0.00021386029676,2,1,163.95500517,offer,2026-09-30T18:47:02.157911+00:00
c52bbfd9-9a52-41dc-a2f6-b36751511576,fUST,0.0002671232876712329,120,1,-2113414.19756205,demand,2026-09-30T19:47:02.056172+00:00
c52bbfd9-9a52-41dc-a2f6-b36751511576,fUST,0.000267123287,120,1,-4451.08,demand,2026-09-30T19:47:02.056172+00:00
c52bbfd9-9a52-41dc-a2f6-b36751511576,fUST,0.0002593013698630137,60,1,-5605587.81142753,demand,2026-09-30T19:47:02.056172+00:00
c52bbfd9-9a52-41dc-a2f6-b36751511576,fUST,0.0002593013698630137,30,1,-4580551.12406482,demand,2026-09-30T19:47:02.056172+00:00
c52bbfd9-9a52-41dc-a2f6-b36751511576,fUST,0.0001601,29,1,-136492.50418613,demand,2026-09-30T19:47:02.056172+00:00
c52bbfd9-9a52-41dc-a2f6-b36751511576,fUST,0.00016,60,18,-114200.828599,demand,2026-09-30T19:47:02.056172+00:00
c52bbfd9-9a52-41dc-a2f6-b36751511576,fUST,0.00016,30,2,-13277.4,demand,2026-09-30T19:47:02.056172+00:00
c52bbfd9-9a52-41dc-a2f6-b36751511576,fUST,0.000155,45,8,-47500.0,demand,2026-09-30T19:47:02.056172+00:00
c52bbfd9-9a52-41dc-a2f6-b36751511576,fUST,0.000152,60,1,-28000.0,demand,2026-09-30T19:47:02.056172+00:00
c52bbfd9-9a52-41dc-a2f6-b36751511576,fUST,0.00015,120,1,-300000.0,demand,2026-09-30T19:47:02.056172+00:00
c52bbfd9-9a52-41dc-a2f6-b36751511576,fUST,0.00015,45,4,-18668.928077,demand,2026-09-30T19:47:02.056172+00:00
c52bbfd9-9a52-41dc-a2f6-b36751511576,fUST,0.00015,30,14,-57500.0,demand,2026-09-30T19:47:02.056172+00:00
c52bbfd9-9a52-41dc-a2f6-b36751511576,fUST,0.00015,6,1,-15000.0,demand,2026-09-30T19:47:02.056172+00:00
c52bbfd9-9a52-41dc-a2f6-b36751511576,fUST,0.000142,30,1,-28000.0,demand,2026-09-30T19:47:02.056172+00:00
c52bbfd9-9a52-41dc-a2f6-b36751511576,fUST,0.0001401,13,1,-62931.28415301,demand,2026-09-30T19:47:02.056172+00:00
c52bbfd9-9a52-41dc-a2f6-b36751511576,fUST,0.00013611,2,1,-107609.38727659,demand,2026-09-30T19:47:02.056172+00:00
c52bbfd9-9a52-41dc-a2f6-b36751511576,fUST,0.0001361,30,23,-93124.47696771,demand,2026-09-30T19:47:02.056172+00:00
c52bbfd9-9a52-41dc-a2f6-b36751511576,fUST,0.0001361,2,1,-1010682.91011312,demand,2026-09-30T19:47:02.056172+00:00
c52bbfd9-9a52-41dc-a2f6-b36751511576,fUST,0.00013,7,1,-1000.0,demand,2026-09-30T19:47:02.056172+00:00
c52bbfd9-9a52-41dc-a2f6-b36751511576,fUST,0.00013,2,1,-1000.0,demand,2026-09-30T19:47:02.056172+00:00
c52bbfd9-9a52-41dc-a2f6-b36751511576,fUST,0.0001226,12,1,-135216.16709793,demand,2026-09-30T19:47:02.056172+00:00
c52bbfd9-9a52-41dc-a2f6-b36751511576,fUST,0.0001225,59,1,-95000.0,demand,2026-09-30T19:47:02.056172+00:00
c52bbfd9-9a52-41dc-a2f6-b36751511576,fUST,0.0001222,29,1,-194504.86890568,demand,2026-09-30T19:47:02.056172+00:00
c52bbfd9-9a52-41dc-a2f6-b36751511576,fUST,0.0001202,19,1,-184532.71737778,demand,2026-09-30T19:47:02.056172+00:00
c52bbfd9-9a52-41dc-a2f6-b36751511576,fUST,0.00012,120,1,-30000.0,demand,2026-09-30T19:47:02.056172+00:00
c52bbfd9-9a52-41dc-a2f6-b36751511576,fUST,0.0001398775,2,1,328.83494194,offer,2026-09-30T19:47:02.056172+00:00
c52bbfd9-9a52-41dc-a2f6-b36751511576,fUST,0.000141575,2,1,167.52918481,offer,2026-09-30T19:47:02.056172+00:00
c52bbfd9-9a52-41dc-a2f6-b36751511576,fUST,0.000141585,2,18,7924.13173088,offer,2026-09-30T19:47:02.056172+00:00
c52bbfd9-9a52-41dc-a2f6-b36751511576,fUST,0.000141595,2,1,2930.4449273,offer,2026-09-30T19:47:02.056172+00:00
c52bbfd9-9a52-41dc-a2f6-b36751511576,fUST,0.00014197,2,2,1000.0,offer,2026-09-30T19:47:02.056172+00:00
c52bbfd9-9a52-41dc-a2f6-b36751511576,fUST,0.00014198,2,3,562.39931582,offer,2026-09-30T19:47:02.056172+00:00
c52bbfd9-9a52-41dc-a2f6-b36751511576,fUST,0.0001421645904,2,1,177.5914308,offer,2026-09-30T19:47:02.056172+00:00
c52bbfd9-9a52-41dc-a2f6-b36751511576,fUST,0.00014298,2,3,34952.22945105,offer,2026-09-30T19:47:02.056172+00:00
c52bbfd9-9a52-41dc-a2f6-b36751511576,fUST,0.00014481959999999998,4,1,182.24953092,offer,2026-09-30T19:47:02.056172+00:00
c52bbfd9-9a52-41dc-a2f6-b36751511576,fUST,0.00014481959999999998,5,2,380.1497849,offer,2026-09-30T19:47:02.056172+00:00
c52bbfd9-9a52-41dc-a2f6-b36751511576,fUST,0.00014894,2,1,179.92,offer,2026-09-30T19:47:02.056172+00:00
c52bbfd9-9a52-41dc-a2f6-b36751511576,fUST,0.0001498775,2,1,164.94135128,offer,2026-09-30T19:47:02.056172+00:00
c52bbfd9-9a52-41dc-a2f6-b36751511576,fUST,0.00015082,2,2,704.11489268,offer,2026-09-30T19:47:02.056172+00:00
c52bbfd9-9a52-41dc-a2f6-b36751511576,fUST,0.00015086,2,1,194.28818639,offer,2026-09-30T19:47:02.056172+00:00
c52bbfd9-9a52-41dc-a2f6-b36751511576,fUST,0.00015373,3,3,1154.57,offer,2026-09-30T19:47:02.056172+00:00
c52bbfd9-9a52-41dc-a2f6-b36751511576,fUST,0.0001561956,2,1,5416.9824939,offer,2026-09-30T19:47:02.056172+00:00
c52bbfd9-9a52-41dc-a2f6-b36751511576,fUST,0.0001644,2,1,153.88431755,offer,2026-09-30T19:47:02.056172+00:00
c52bbfd9-9a52-41dc-a2f6-b36751511576,fUST,0.00016742863013698633,3,2,1154.52,offer,2026-09-30T19:47:02.056172+00:00
c52bbfd9-9a52-41dc-a2f6-b36751511576,fUST,0.00017591,2,6,2979.0316345,offer,2026-09-30T19:47:02.056172+00:00
c52bbfd9-9a52-41dc-a2f6-b36751511576,fUST,0.00019079890356874993,2,6,20397.14873699,offer,2026-09-30T19:47:02.056172+00:00
c52bbfd9-9a52-41dc-a2f6-b36751511576,fUST,0.00019079890356874993,8,1,194.200605,offer,2026-09-30T19:47:02.056172+00:00
c52bbfd9-9a52-41dc-a2f6-b36751511576,fUST,0.00019178,2,1,300.0,offer,2026-09-30T19:47:02.056172+00:00
c52bbfd9-9a52-41dc-a2f6-b36751511576,fUST,0.0001949953932,2,1,184.966065,offer,2026-09-30T19:47:02.056172+00:00
c52bbfd9-9a52-41dc-a2f6-b36751511576,fUST,0.0002,4,1,300.0,offer,2026-09-30T19:47:02.056172+00:00
c52bbfd9-9a52-41dc-a2f6-b36751511576,fUST,0.00020084095112499995,2,4,49695.51757768,offer,2026-09-30T19:47:02.056172+00:00
328e9898-56d1-488c-a7fe-a39bf3dff04a,fUST,0.0002671232876712329,120,1,-2113203.92871005,demand,2026-09-30T20:47:02.000460+00:00
328e9898-56d1-488c-a7fe-a39bf3dff04a,fUST,0.000267123287,120,1,-4451.08,demand,2026-09-30T20:47:02.000460+00:00
328e9898-56d1-488c-a7fe-a39bf3dff04a,fUST,0.0002592,60,1,-5605587.81142753,demand,2026-09-30T20:47:02.000460+00:00
328e9898-56d1-488c-a7fe-a39bf3dff04a,fUST,0.0002592,30,1,-4580551.12406482,demand,2026-09-30T20:47:02.000460+00:00
328e9898-56d1-488c-a7fe-a39bf3dff04a,fUST,0.0001601,29,1,-136492.50418613,demand,2026-09-30T20:47:02.000460+00:00
328e9898-56d1-488c-a7fe-a39bf3dff04a,fUST,0.00016,60,18,-114200.828599,demand,2026-09-30T20:47:02.000460+00:00
328e9898-56d1-488c-a7fe-a39bf3dff04a,fUST,0.00016,30,2,-13277.4,demand,2026-09-30T20:47:02.000460+00:00
328e9898-56d1-488c-a7fe-a39bf3dff04a,fUST,0.000155,45,8,-47500.0,demand,2026-09-30T20:47:02.000460+00:00
328e9898-56d1-488c-a7fe-a39bf3dff04a,fUST,0.000152,60,1,-28000.0,demand,2026-09-30T20:47:02.000460+00:00
328e9898-56d1-488c-a7fe-a39bf3dff04a,fUST,0.00015,120,1,-300000.0,demand,2026-09-30T20:47:02.000460+00:00
328e9898-56d1-488c-a7fe-a39bf3dff04a,fUST,0.00015,45,4,-18668.928077,demand,2026-09-30T20:47:02.000460+00:00
328e9898-56d1-488c-a7fe-a39bf3dff04a,fUST,0.00015,30,14,-57500.0,demand,2026-09-30T20:47:02.000460+00:00
328e9898-56d1-488c-a7fe-a39bf3dff04a,fUST,0.00015,6,1,-8982.42418364,demand,2026-09-30T20:47:02.000460+00:00
328e9898-56d1-488c-a7fe-a39bf3dff04a,fUST,0.000142,30,1,-28000.0,demand,2026-09-30T20:47:02.000460+00:00
328e9898-56d1-488c-a7fe-a39bf3dff04a,fUST,0.0001401,13,1,-62931.28415301,demand,2026-09-30T20:47:02.000460+00:00
328e9898-56d1-488c-a7fe-a39bf3dff04a,fUST,0.00013611,2,1,-98635.9418839,demand,2026-09-30T20:47:02.000460+00:00
328e9898-56d1-488c-a7fe-a39bf3dff04a,fUST,0.0001361,30,23,-93124.47696771,demand,2026-09-30T20:47:02.000460+00:00
328e9898-56d1-488c-a7fe-a39bf3dff04a,fUST,0.0001361,2,1,-1010682.91011312,demand,2026-09-30T20:47:02.000460+00:00
328e9898-56d1-488c-a7fe-a39bf3dff04a,fUST,0.00013,7,1,-1000.0,demand,2026-09-30T20:47:02.000460+00:00
328e9898-56d1-488c-a7fe-a39bf3dff04a,fUST,0.00013,2,1,-1000.0,demand,2026-09-30T20:47:02.000460+00:00
328e9898-56d1-488c-a7fe-a39bf3dff04a,fUST,0.0001226,12,1,-135216.16709793,demand,2026-09-30T20:47:02.000460+00:00
328e9898-56d1-488c-a7fe-a39bf3dff04a,fUST,0.0001225,59,1,-95000.0,demand,2026-09-30T20:47:02.000460+00:00
328e9898-56d1-488c-a7fe-a39bf3dff04a,fUST,0.0001222,29,1,-194504.86890568,demand,2026-09-30T20:47:02.000460+00:00
328e9898-56d1-488c-a7fe-a39bf3dff04a,fUST,0.0001202,19,1,-184532.71737778,demand,2026-09-30T20:47:02.000460+00:00
328e9898-56d1-488c-a7fe-a39bf3dff04a,fUST,0.00012,120,1,-30000.0,demand,2026-09-30T20:47:02.000460+00:00
328e9898-56d1-488c-a7fe-a39bf3dff04a,fUST,0.0001382056,2,2,187.77732154,offer,2026-09-30T20:47:02.000460+00:00
328e9898-56d1-488c-a7fe-a39bf3dff04a,fUST,0.00014055,2,1,154.08,offer,2026-09-30T20:47:02.000460+00:00
328e9898-56d1-488c-a7fe-a39bf3dff04a,fUST,0.00014197,2,1,258.92,offer,2026-09-30T20:47:02.000460+00:00
328e9898-56d1-488c-a7fe-a39bf3dff04a,fUST,0.00014241000000000004,2,6,2630.72673054,offer,2026-09-30T20:47:02.000460+00:00
328e9898-56d1-488c-a7fe-a39bf3dff04a,fUST,0.00014907,2,1,247.48,offer,2026-09-30T20:47:02.000460+00:00
328e9898-56d1-488c-a7fe-a39bf3dff04a,fUST,0.00015055,2,1,154.070529,offer,2026-09-30T20:47:02.000460+00:00
328e9898-56d1-488c-a7fe-a39bf3dff04a,fUST,0.00015191000000000003,2,1,277.47515553,offer,2026-09-30T20:47:02.000460+00:00
328e9898-56d1-488c-a7fe-a39bf3dff04a,fUST,0.00015197,2,1,258.920631,offer,2026-09-30T20:47:02.000460+00:00
328e9898-56d1-488c-a7fe-a39bf3dff04a,fUST,0.0001523558,2,1,344.1780929,offer,2026-09-30T20:47:02.000460+00:00
328e9898-56d1-488c-a7fe-a39bf3dff04a,fUST,0.0001591504,2,1,725.684511,offer,2026-09-30T20:47:02.000460+00:00
328e9898-56d1-488c-a7fe-a39bf3dff04a,fUST,0.0001620836,2,1,10000.0,offer,2026-09-30T20:47:02.000460+00:00
328e9898-56d1-488c-a7fe-a39bf3dff04a,fUST,0.0001628529,2,1,270.2482544,offer,2026-09-30T20:47:02.000460+00:00
328e9898-56d1-488c-a7fe-a39bf3dff04a,fUST,0.0001630752,2,1,3512.025013,offer,2026-09-30T20:47:02.000460+00:00
328e9898-56d1-488c-a7fe-a39bf3dff04a,fUST,0.00016347,2,5,2478.00379628,offer,2026-09-30T20:47:02.000460+00:00
328e9898-56d1-488c-a7fe-a39bf3dff04a,fUST,0.0001634779,2,1,3068.9649811,offer,2026-09-30T20:47:02.000460+00:00
328e9898-56d1-488c-a7fe-a39bf3dff04a,fUST,0.0001641284,2,1,2903.3325482,offer,2026-09-30T20:47:02.000460+00:00
328e9898-56d1-488c-a7fe-a39bf3dff04a,fUST,0.00017205,2,8,4149.01139404,offer,2026-09-30T20:47:02.000460+00:00
328e9898-56d1-488c-a7fe-a39bf3dff04a,fUST,0.00018,2,10,1601.3,offer,2026-09-30T20:47:02.000460+00:00
328e9898-56d1-488c-a7fe-a39bf3dff04a,fUST,0.0001820524599,2,1,475.484964,offer,2026-09-30T20:47:02.000460+00:00
328e9898-56d1-488c-a7fe-a39bf3dff04a,fUST,0.00018971602154383563,2,1,475.484964,offer,2026-09-30T20:47:02.000460+00:00
328e9898-56d1-488c-a7fe-a39bf3dff04a,fUST,0.00018999,2,1,244.89590706,offer,2026-09-30T20:47:02.000460+00:00
328e9898-56d1-488c-a7fe-a39bf3dff04a,fUST,0.00018999999999999998,2,1,200.00000002,offer,2026-09-30T20:47:02.000460+00:00
328e9898-56d1-488c-a7fe-a39bf3dff04a,fUST,0.000192,2,1,196.03273235,offer,2026-09-30T20:47:02.000460+00:00
328e9898-56d1-488c-a7fe-a39bf3dff04a,fUST,0.00019737958318767122,2,1,475.484964,offer,2026-09-30T20:47:02.000460+00:00
328e9898-56d1-488c-a7fe-a39bf3dff04a,fUST,0.000199641198630137,2,3,1553.75967351,offer,2026-09-30T20:47:02.000460+00:00
623424f6-ca04-459f-875a-20ac723fbd69,fUST,0.0002671232876712329,120,1,-2112555.45608586,demand,2026-09-30T21:47:01.953975+00:00
623424f6-ca04-459f-875a-20ac723fbd69,fUST,0.000267123287,120,1,-4451.08,demand,2026-09-30T21:47:01.953975+00:00
623424f6-ca04-459f-875a-20ac723fbd69,fUST,0.00025926849315068495,60,1,-5605308.5048855,demand,2026-09-30T21:47:01.953975+00:00
623424f6-ca04-459f-875a-20ac723fbd69,fUST,0.00025926849315068495,30,1,-4580401.12406482,demand,2026-09-30T21:47:01.953975+00:00
623424f6-ca04-459f-875a-20ac723fbd69,fUST,0.0001601,29,1,-136492.50418613,demand,2026-09-30T21:47:01.953975+00:00
623424f6-ca04-459f-875a-20ac723fbd69,fUST,0.00016,60,18,-114200.828599,demand,2026-09-30T21:47:01.953975+00:00
623424f6-ca04-459f-875a-20ac723fbd69,fUST,0.00016,30,2,-13277.4,demand,2026-09-30T21:47:01.953975+00:00
623424f6-ca04-459f-875a-20ac723fbd69,fUST,0.000155,45,8,-47500.0,demand,2026-09-30T21:47:01.953975+00:00
623424f6-ca04-459f-875a-20ac723fbd69,fUST,0.000152,60,1,-28000.0,demand,2026-09-30T21:47:01.953975+00:00
623424f6-ca04-459f-875a-20ac723fbd69,fUST,0.00015,120,1,-300000.0,demand,2026-09-30T21:47:01.953975+00:00
623424f6-ca04-459f-875a-20ac723fbd69,fUST,0.00015,45,4,-18668.928077,demand,2026-09-30T21:47:01.953975+00:00
623424f6-ca04-459f-875a-20ac723fbd69,fUST,0.00015,30,14,-57500.0,demand,2026-09-30T21:47:01.953975+00:00
623424f6-ca04-459f-875a-20ac723fbd69,fUST,0.00015,6,1,-7241.1390229,demand,2026-09-30T21:47:01.953975+00:00
623424f6-ca04-459f-875a-20ac723fbd69,fUST,0.000142,30,1,-28000.0,demand,2026-09-30T21:47:01.953975+00:00
623424f6-ca04-459f-875a-20ac723fbd69,fUST,0.0001401,13,1,-62931.28415301,demand,2026-09-30T21:47:01.953975+00:00
623424f6-ca04-459f-875a-20ac723fbd69,fUST,0.00013611,2,1,-98635.9418839,demand,2026-09-30T21:47:01.953975+00:00
623424f6-ca04-459f-875a-20ac723fbd69,fUST,0.0001361,30,23,-93124.47696771,demand,2026-09-30T21:47:01.953975+00:00
623424f6-ca04-459f-875a-20ac723fbd69,fUST,0.0001361,2,1,-1010682.91011312,demand,2026-09-30T21:47:01.953975+00:00
623424f6-ca04-459f-875a-20ac723fbd69,fUST,0.00013,7,1,-1000.0,demand,2026-09-30T21:47:01.953975+00:00
623424f6-ca04-459f-875a-20ac723fbd69,fUST,0.00013,2,1,-1000.0,demand,2026-09-30T21:47:01.953975+00:00
623424f6-ca04-459f-875a-20ac723fbd69,fUST,0.0001226,12,1,-135216.16709793,demand,2026-09-30T21:47:01.953975+00:00
623424f6-ca04-459f-875a-20ac723fbd69,fUST,0.0001225,59,1,-95000.0,demand,2026-09-30T21:47:01.953975+00:00
623424f6-ca04-459f-875a-20ac723fbd69,fUST,0.0001222,29,1,-194504.86890568,demand,2026-09-30T21:47:01.953975+00:00
623424f6-ca04-459f-875a-20ac723fbd69,fUST,0.0001202,19,1,-184532.71737778,demand,2026-09-30T21:47:01.953975+00:00
623424f6-ca04-459f-875a-20ac723fbd69,fUST,0.00012,120,1,-30000.0,demand,2026-09-30T21:47:01.953975+00:00
623424f6-ca04-459f-875a-20ac723fbd69,fUST,0.00015054,2,1,200.8,offer,2026-09-30T21:47:01.953975+00:00
623424f6-ca04-459f-875a-20ac723fbd69,fUST,0.0001511291,2,1,2566.5592943,offer,2026-09-30T21:47:01.953975+00:00
623424f6-ca04-459f-875a-20ac723fbd69,fUST,0.00015129,2,1,765.4,offer,2026-09-30T21:47:01.953975+00:00
623424f6-ca04-459f-875a-20ac723fbd69,fUST,0.000151294392,7,1,522.70022978,offer,2026-09-30T21:47:01.953975+00:00
623424f6-ca04-459f-875a-20ac723fbd69,fUST,0.00015686788800000004,2,62,30852.12813867,offer,2026-09-30T21:47:01.953975+00:00
623424f6-ca04-459f-875a-20ac723fbd69,fUST,0.00015688,2,1,535.36910501,offer,2026-09-30T21:47:01.953975+00:00
623424f6-ca04-459f-875a-20ac723fbd69,fUST,0.00015689788800000003,7,1,522.70022979,offer,2026-09-30T21:47:01.953975+00:00
623424f6-ca04-459f-875a-20ac723fbd69,fUST,0.00016149,2,1,151.68,offer,2026-09-30T21:47:01.953975+00:00
623424f6-ca04-459f-875a-20ac723fbd69,fUST,0.0001615,2,1,2155.32779844,offer,2026-09-30T21:47:01.953975+00:00
623424f6-ca04-459f-875a-20ac723fbd69,fUST,0.0001625485,2,1,526.433692,offer,2026-09-30T21:47:01.953975+00:00
623424f6-ca04-459f-875a-20ac723fbd69,fUST,0.00016642,2,1,765.4,offer,2026-09-30T21:47:01.953975+00:00
623424f6-ca04-459f-875a-20ac723fbd69,fUST,0.0001664286,2,1,3839.7129172,offer,2026-09-30T21:47:01.953975+00:00
623424f6-ca04-459f-875a-20ac723fbd69,fUST,0.0001704738,2,1,198.808226,offer,2026-09-30T21:47:01.953975+00:00
623424f6-ca04-459f-875a-20ac723fbd69,fUST,0.0001748572,2,1,756.2391896,offer,2026-09-30T21:47:01.953975+00:00
623424f6-ca04-459f-875a-20ac723fbd69,fUST,0.0001756822,2,1,501.21437,offer,2026-09-30T21:47:01.953975+00:00
623424f6-ca04-459f-875a-20ac723fbd69,fUST,0.00018155,2,1,765.4,offer,2026-09-30T21:47:01.953975+00:00
623424f6-ca04-459f-875a-20ac723fbd69,fUST,0.0001850164,2,1,160.69,offer,2026-09-30T21:47:01.953975+00:00
623424f6-ca04-459f-875a-20ac723fbd69,fUST,0.0001858622,2,1,1772.4831338,offer,2026-09-30T21:47:01.953975+00:00
623424f6-ca04-459f-875a-20ac723fbd69,fUST,0.00018999,2,3,43585.36475852,offer,2026-09-30T21:47:01.953975+00:00
623424f6-ca04-459f-875a-20ac723fbd69,fUST,0.00019339,2,1,217.18129296,offer,2026-09-30T21:47:01.953975+00:00
623424f6-ca04-459f-875a-20ac723fbd69,fUST,0.00019353,7,1,355.0,offer,2026-09-30T21:47:01.953975+00:00
623424f6-ca04-459f-875a-20ac723fbd69,fUST,0.0001949,2,1,231.387658,offer,2026-09-30T21:47:01.953975+00:00
623424f6-ca04-459f-875a-20ac723fbd69,fUST,0.00019627,7,1,355.0,offer,2026-09-30T21:47:01.953975+00:00
623424f6-ca04-459f-875a-20ac723fbd69,fUST,0.00019668,2,1,765.4,offer,2026-09-30T21:47:01.953975+00:00
623424f6-ca04-459f-875a-20ac723fbd69,fUST,0.00019795,2,1,2606.75442382,offer,2026-09-30T21:47:01.953975+00:00
0b2cad13-cb5a-423c-86b1-6bc048da44e8,fUST,0.0002671232876712329,120,1,-2112555.45608586,demand,2026-09-30T22:47:01.855826+00:00
0b2cad13-cb5a-423c-86b1-6bc048da44e8,fUST,0.000267123287,120,1,-4451.08,demand,2026-09-30T22:47:01.855826+00:00
0b2cad13-cb5a-423c-86b1-6bc048da44e8,fUST,0.0002592547945205479,60,1,-5587795.04288206,demand,2026-09-30T22:47:01.855826+00:00
0b2cad13-cb5a-423c-86b1-6bc048da44e8,fUST,0.0002592547945205479,30,1,-4580401.12406482,demand,2026-09-30T22:47:01.855826+00:00
0b2cad13-cb5a-423c-86b1-6bc048da44e8,fUST,0.0001601,29,1,-136492.50418613,demand,2026-09-30T22:47:01.855826+00:00
0b2cad13-cb5a-423c-86b1-6bc048da44e8,fUST,0.00016,60,18,-114200.828599,demand,2026-09-30T22:47:01.855826+00:00
0b2cad13-cb5a-423c-86b1-6bc048da44e8,fUST,0.00016,30,2,-13277.4,demand,2026-09-30T22:47:01.855826+00:00
0b2cad13-cb5a-423c-86b1-6bc048da44e8,fUST,0.000155,45,8,-47500.0,demand,2026-09-30T22:47:01.855826+00:00
0b2cad13-cb5a-423c-86b1-6bc048da44e8,fUST,0.000152,60,1,-28000.0,demand,2026-09-30T22:47:01.855826+00:00
0b2cad13-cb5a-423c-86b1-6bc048da44e8,fUST,0.00015,120,1,-300000.0,demand,2026-09-30T22:47:01.855826+00:00
0b2cad13-cb5a-423c-86b1-6bc048da44e8,fUST,0.00015,45,4,-18668.928077,demand,2026-09-30T22:47:01.855826+00:00
0b2cad13-cb5a-423c-86b1-6bc048da44e8,fUST,0.00015,30,14,-57500.0,demand,2026-09-30T22:47:01.855826+00:00
0b2cad13-cb5a-423c-86b1-6bc048da44e8,fUST,0.00015,6,1,-4292.46949462,demand,2026-09-30T22:47:01.855826+00:00
0b2cad13-cb5a-423c-86b1-6bc048da44e8,fUST,0.000142,30,1,-28000.0,demand,2026-09-30T22:47:01.855826+00:00
0b2cad13-cb5a-423c-86b1-6bc048da44e8,fUST,0.0001401,13,1,-62931.28415301,demand,2026-09-30T22:47:01.855826+00:00
0b2cad13-cb5a-423c-86b1-6bc048da44e8,fUST,0.00013611,2,1,-22855.76178842,demand,2026-09-30T22:47:01.855826+00:00
0b2cad13-cb5a-423c-86b1-6bc048da44e8,fUST,0.0001361,30,23,-93124.47696771,demand,2026-09-30T22:47:01.855826+00:00
0b2cad13-cb5a-423c-86b1-6bc048da44e8,fUST,0.0001361,2,1,-1010682.91011312,demand,2026-09-30T22:47:01.855826+00:00
0b2cad13-cb5a-423c-86b1-6bc048da44e8,fUST,0.00013,7,1,-1000.0,demand,2026-09-30T22:47:01.855826+00:00
0b2cad13-cb5a-423c-86b1-6bc048da44e8,fUST,0.00013,2,1,-1000.0,demand,2026-09-30T22:47:01.855826+00:00
0b2cad13-cb5a-423c-86b1-6bc048da44e8,fUST,0.0001226,12,1,-135216.16709793,demand,2026-09-30T22:47:01.855826+00:00
0b2cad13-cb5a-423c-86b1-6bc048da44e8,fUST,0.0001225,59,1,-95000.0,demand,2026-09-30T22:47:01.855826+00:00
0b2cad13-cb5a-423c-86b1-6bc048da44e8,fUST,0.0001222,29,1,-194504.86890568,demand,2026-09-30T22:47:01.855826+00:00
0b2cad13-cb5a-423c-86b1-6bc048da44e8,fUST,0.0001202,19,1,-184532.71737778,demand,2026-09-30T22:47:01.855826+00:00
0b2cad13-cb5a-423c-86b1-6bc048da44e8,fUST,0.00012,120,1,-30000.0,demand,2026-09-30T22:47:01.855826+00:00
0b2cad13-cb5a-423c-86b1-6bc048da44e8,fUST,0.000136986301369863,2,1,161.1639051,offer,2026-09-30T22:47:01.855826+00:00
0b2cad13-cb5a-423c-86b1-6bc048da44e8,fUST,0.00014085315068493152,2,30,14469.80082346,offer,2026-09-30T22:47:01.855826+00:00
0b2cad13-cb5a-423c-86b1-6bc048da44e8,fUST,0.00014086301369863014,2,1,19322.89445612,offer,2026-09-30T22:47:01.855826+00:00
0b2cad13-cb5a-423c-86b1-6bc048da44e8,fUST,0.00014087397260273974,2,3,1023.09562267,offer,2026-09-30T22:47:01.855826+00:00
0b2cad13-cb5a-423c-86b1-6bc048da44e8,fUST,0.0001408931506849315,2,3,840.45327264,offer,2026-09-30T22:47:01.855826+00:00
0b2cad13-cb5a-423c-86b1-6bc048da44e8,fUST,0.0001409,2,1,500.0,offer,2026-09-30T22:47:01.855826+00:00
0b2cad13-cb5a-423c-86b1-6bc048da44e8,fUST,0.0001409041095890411,2,1,449.60691639,offer,2026-09-30T22:47:01.855826+00:00
0b2cad13-cb5a-423c-86b1-6bc048da44e8,fUST,0.00014092,2,2,676.4,offer,2026-09-30T22:47:01.855826+00:00
0b2cad13-cb5a-423c-86b1-6bc048da44e8,fUST,0.00014095,2,6,3000.0,offer,2026-09-30T22:47:01.855826+00:00
0b2cad13-cb5a-423c-86b1-6bc048da44e8,fUST,0.00014101,2,1,500.0,offer,2026-09-30T22:47:01.855826+00:00
0b2cad13-cb5a-423c-86b1-6bc048da44e8,fUST,0.0001410372,2,1,328.27,offer,2026-09-30T22:47:01.855826+00:00
0b2cad13-cb5a-423c-86b1-6bc048da44e8,fUST,0.00014103835616438356,2,1,500.0,offer,2026-09-30T22:47:01.855826+00:00
0b2cad13-cb5a-423c-86b1-6bc048da44e8,fUST,0.00014194,2,1,500.0,offer,2026-09-30T22:47:01.855826+00:00
0b2cad13-cb5a-423c-86b1-6bc048da44e8,fUST,0.00014202,2,1,500.0,offer,2026-09-30T22:47:01.855826+00:00
0b2cad13-cb5a-423c-86b1-6bc048da44e8,fUST,0.00014203,2,14,234816.55646028,offer,2026-09-30T22:47:01.855826+00:00
0b2cad13-cb5a-423c-86b1-6bc048da44e8,fUST,0.00014295616438356163,2,1,500.0,offer,2026-09-30T22:47:01.855826+00:00
0b2cad13-cb5a-423c-86b1-6bc048da44e8,fUST,0.0001429575,2,1,155.46222804,offer,2026-09-30T22:47:01.855826+00:00
0b2cad13-cb5a-423c-86b1-6bc048da44e8,fUST,0.00014302,2,2,892.75,offer,2026-09-30T22:47:01.855826+00:00
0b2cad13-cb5a-423c-86b1-6bc048da44e8,fUST,0.00014303,2,1,34514.55646028,offer,2026-09-30T22:47:01.855826+00:00
0b2cad13-cb5a-423c-86b1-6bc048da44e8,fUST,0.00014369145205479455,3,1,415.7606353,offer,2026-09-30T22:47:01.855826+00:00
0b2cad13-cb5a-423c-86b1-6bc048da44e8,fUST,0.0001439667,2,1,155.46222804,offer,2026-09-30T22:47:01.855826+00:00
0b2cad13-cb5a-423c-86b1-6bc048da44e8,fUST,0.00014403,2,1,34514.55646028,offer,2026-09-30T22:47:01.855826+00:00
0b2cad13-cb5a-423c-86b1-6bc048da44e8,fUST,0.0001449758,2,1,155.46222804,offer,2026-09-30T22:47:01.855826+00:00
0b2cad13-cb5a-423c-86b1-6bc048da44e8,fUST,0.00014503835616438355,2,1,500.0,offer,2026-09-30T22:47:01.855826+00:00
0b2cad13-cb5a-423c-86b1-6bc048da44e8,fUST,0.00014503863227389413,2,1,529.73210835,offer,2026-09-30T22:47:01.855826+00:00
8cdc4766-9979-472b-a4c5-095302f6fae0,fUST,0.0002671232876712329,120,1,-2112555.45608586,demand,2026-09-30T23:47:02.000738+00:00
8cdc4766-9979-472b-a4c5-095302f6fae0,fUST,0.000267123287,120,1,-4451.08,demand,2026-09-30T23:47:02.000738+00:00
8cdc4766-9979-472b-a4c5-095302f6fae0,fUST,0.0002595808219178082,60,1,-5587795.04288206,demand,2026-09-30T23:47:02.000738+00:00
8cdc4766-9979-472b-a4c5-095302f6fae0,fUST,0.0002595808219178082,30,1,-4580401.12406482,demand,2026-09-30T23:47:02.000738+00:00
8cdc4766-9979-472b-a4c5-095302f6fae0,fUST,0.0001601,29,1,-136492.50418613,demand,2026-09-30T23:47:02.000738+00:00
8cdc4766-9979-472b-a4c5-095302f6fae0,fUST,0.00016,60,18,-114200.828599,demand,2026-09-30T23:47:02.000738+00:00
8cdc4766-9979-472b-a4c5-095302f6fae0,fUST,0.00016,30,2,-13277.4,demand,2026-09-30T23:47:02.000738+00:00
8cdc4766-9979-472b-a4c5-095302f6fae0,fUST,0.000155,45,8,-47500.0,demand,2026-09-30T23:47:02.000738+00:00
8cdc4766-9979-472b-a4c5-095302f6fae0,fUST,0.000152,60,1,-28000.0,demand,2026-09-30T23:47:02.000738+00:00
8cdc4766-9979-472b-a4c5-095302f6fae0,fUST,0.00015,120,1,-300000.0,demand,2026-09-30T23:47:02.000738+00:00
8cdc4766-9979-472b-a4c5-095302f6fae0,fUST,0.00015,45,4,-18668.928077,demand,2026-09-30T23:47:02.000738+00:00
8cdc4766-9979-472b-a4c5-095302f6fae0,fUST,0.00015,30,14,-57500.0,demand,2026-09-30T23:47:02.000738+00:00
8cdc4766-9979-472b-a4c5-095302f6fae0,fUST,0.000142,30,1,-28000.0,demand,2026-09-30T23:47:02.000738+00:00
8cdc4766-9979-472b-a4c5-095302f6fae0,fUST,0.0001401,13,1,-62931.28415301,demand,2026-09-30T23:47:02.000738+00:00
8cdc4766-9979-472b-a4c5-095302f6fae0,fUST,0.0001361,30,23,-93124.47696771,demand,2026-09-30T23:47:02.000738+00:00
8cdc4766-9979-472b-a4c5-095302f6fae0,fUST,0.0001361,2,1,-1008775.07538424,demand,2026-09-30T23:47:02.000738+00:00
8cdc4766-9979-472b-a4c5-095302f6fae0,fUST,0.00013,7,1,-1000.0,demand,2026-09-30T23:47:02.000738+00:00
8cdc4766-9979-472b-a4c5-095302f6fae0,fUST,0.00013,2,1,-1000.0,demand,2026-09-30T23:47:02.000738+00:00
8cdc4766-9979-472b-a4c5-095302f6fae0,fUST,0.0001226,12,1,-135216.16709793,demand,2026-09-30T23:47:02.000738+00:00
8cdc4766-9979-472b-a4c5-095302f6fae0,fUST,0.0001225,59,1,-95000.0,demand,2026-09-30T23:47:02.000738+00:00
8cdc4766-9979-472b-a4c5-095302f6fae0,fUST,0.0001222,29,1,-194504.86890568,demand,2026-09-30T23:47:02.000738+00:00
8cdc4766-9979-472b-a4c5-095302f6fae0,fUST,0.0001202,19,1,-184532.71737778,demand,2026-09-30T23:47:02.000738+00:00
8cdc4766-9979-472b-a4c5-095302f6fae0,fUST,0.00012,120,1,-30000.0,demand,2026-09-30T23:47:02.000738+00:00
8cdc4766-9979-472b-a4c5-095302f6fae0,fUST,0.00012,7,2,-3000.0,demand,2026-09-30T23:47:02.000738+00:00
8cdc4766-9979-472b-a4c5-095302f6fae0,fUST,0.0001181,7,1,-76226.65849949,demand,2026-09-30T23:47:02.000738+00:00
8cdc4766-9979-472b-a4c5-095302f6fae0,fUST,0.00013872,2,2,319.95272728,offer,2026-09-30T23:47:02.000738+00:00
8cdc4766-9979-472b-a4c5-095302f6fae0,fUST,0.00013873,2,3,1444.63630706,offer,2026-09-30T23:47:02.000738+00:00
8cdc4766-9979-472b-a4c5-095302f6fae0,fUST,0.00013873,7,1,129.54988581,offer,2026-09-30T23:47:02.000738+00:00
8cdc4766-9979-472b-a4c5-095302f6fae0,fUST,0.00014173,2,1,374.70581169,offer,2026-09-30T23:47:02.000738+00:00
8cdc4766-9979-472b-a4c5-095302f6fae0,fUST,0.00014174,2,4,2686.48,offer,2026-09-30T23:47:02.000738+00:00
8cdc4766-9979-472b-a4c5-095302f6fae0,fUST,0.00014175,2,5,66874.52556547,offer,2026-09-30T23:47:02.000738+00:00
8cdc4766-9979-472b-a4c5-095302f6fae0,fUST,0.00014274,2,3,2529.72,offer,2026-09-30T23:47:02.000738+00:00
8cdc4766-9979-472b-a4c5-095302f6fae0,fUST,0.00014275,2,1,48758.76526686,offer,2026-09-30T23:47:02.000738+00:00
8cdc4766-9979-472b-a4c5-095302f6fae0,fUST,0.000144585,4,1,348.77173969,offer,2026-09-30T23:47:02.000738+00:00
8cdc4766-9979-472b-a4c5-095302f6fae0,fUST,0.0001485939384,2,1,157.641914,offer,2026-09-30T23:47:02.000738+00:00
8cdc4766-9979-472b-a4c5-095302f6fae0,fUST,0.00015068493150684933,2,1,194.321805,offer,2026-09-30T23:47:02.000738+00:00
8cdc4766-9979-472b-a4c5-095302f6fae0,fUST,0.00015167383333333334,2,2,375.13571694,offer,2026-09-30T23:47:02.000738+00:00
8cdc4766-9979-472b-a4c5-095302f6fae0,fUST,0.00015259,2,1,164.95,offer,2026-09-30T23:47:02.000738+00:00
8cdc4766-9979-472b-a4c5-095302f6fae0,fUST,0.0001548490068931507,2,1,157.641914,offer,2026-09-30T23:47:02.000738+00:00
8cdc4766-9979-472b-a4c5-095302f6fae0,fUST,0.00015715383333333337,2,1,213.3383656,offer,2026-09-30T23:47:02.000738+00:00
8cdc4766-9979-472b-a4c5-095302f6fae0,fUST,0.00016110407538630136,2,1,157.641914,offer,2026-09-30T23:47:02.000738+00:00
8cdc4766-9979-472b-a4c5-095302f6fae0,fUST,0.00016148,2,2,1066.77,offer,2026-09-30T23:47:02.000738+00:00
8cdc4766-9979-472b-a4c5-095302f6fae0,fUST,0.00016263383333333336,2,1,213.3383656,offer,2026-09-30T23:47:02.000738+00:00
8cdc4766-9979-472b-a4c5-095302f6fae0,fUST,0.00016623,2,1,843.24,offer,2026-09-30T23:47:02.000738+00:00
8cdc4766-9979-472b-a4c5-095302f6fae0,fUST,0.00016624,2,1,193.83205237,offer,2026-09-30T23:47:02.000738+00:00
8cdc4766-9979-472b-a4c5-095302f6fae0,fUST,0.0001666731,2,1,327.04,offer,2026-09-30T23:47:02.000738+00:00
8cdc4766-9979-472b-a4c5-095302f6fae0,fUST,0.00016735914387945206,2,1,157.641914,offer,2026-09-30T23:47:02.000738+00:00
8cdc4766-9979-472b-a4c5-095302f6fae0,fUST,0.00016811383333333336,2,1,213.3383656,offer,2026-09-30T23:47:02.000738+00:00
8cdc4766-9979-472b-a4c5-095302f6fae0,fUST,0.00017359383333333334,2,1,213.3383656,offer,2026-09-30T23:47:02.000738+00:00
8cdc4766-9979-472b-a4c5-095302f6fae0,fUST,0.00017361421237260273,2,1,157.641914,offer,2026-09-30T23:47:02.000738+00:00
