run_id,market,rate,period,count,amount,side,fetched_at
2eee8247-9d79-48a2-975f-fb0e476db323,fUST,0.0002671232876712329,120,1,-3287221.10590413,demand,2026-08-30T00:47:01.739038+00:00
2eee8247-9d79-48a2-975f-fb0e476db323,fUST,0.000247980821,120,1,-56568.59382046,demand,2026-08-30T00:47:01.739038+00:00
2eee8247-9d79-48a2-975f-fb0e476db323,fUST,0.00023747671232876713,120,1,-3390861.39358419,demand,2026-08-30T00:47:01.739038+00:00
2eee8247-9d79-48a2-975f-fb0e476db323,fUST,0.00016,120,1,-2000.0,demand,2026-08-30T00:47:01.739038+00:00
2eee8247-9d79-48a2-975f-fb0e476db323,fUST,0.00016,60,18,-402330.8297215,demand,2026-08-30T00:47:01.739038+00:00
2eee8247-9d79-48a2-975f-fb0e476db323,fUST,0.00015,90,1,-2000.0,demand,2026-08-30T00:47:01.739038+00:00
2eee8247-9d79-48a2-975f-fb0e476db323,fUST,0.00015,120,1,-300000.0,demand,2026-08-30T00:47:01.739038+00:00
2eee8247-9d79-48a2-975f-fb0e476db323,fUST,0.00015,45,3,-13845.272985,demand,2026-08-30T00:47:01.739038+00:00
2eee8247-9d79-48a2-975f-fb0e476db323,fUST,0.00015,60,1,-28000.0,demand,2026-08-30T00:47:01.739038+00:00
2eee8247-9d79-48a2-975f-fb0e476db323,fUST,0.00015,30,8,-15000.0,demand,2026-08-30T00:47:01.739038+00:00
2eee8247-9d79-48a2-975f-fb0e476db323,fUST,0.000148,30,4,-20000.0,demand,2026-08-30T00:47:01.739038+00:00
2eee8247-9d79-48a2-975f-fb0e476db323,fUST,0.0001421,45,9,-80000.0,demand,2026-08-30T00:47:01.739038+00:00
2eee8247-9d79-48a2-975f-fb0e476db323,fUST,0.000142,45,2,-20000.0,demand,2026-08-30T00:47:01.739038+00:00
2eee8247-9d79-48a2-975f-fb0e476db323,fUST,0.0001401,30,11,-147973.68632078,demand,2026-08-30T00:47:01.739038+00:00
2eee8247-9d79-48a2-975f-fb0e476db323,fUST,0.00014000000000000001,30,1,-28000.0,demand,2026-08-30T00:47:01.739038+00:00
2eee8247-9d79-48a2-975f-fb0e476db323,fUST,0.000138,20,6,-49626.52669917,demand,2026-08-30T00:47:01.739038+00:00
2eee8247-9d79-48a2-975f-fb0e476db323,fUST,0.000136,30,3,-19544.22120933,demand,2026-08-30T00:47:01.739038+00:00
2eee8247-9d79-48a2-975f-fb0e476db323,fUST,0.000128,30,3,-30000.0,demand,2026-08-30T00:47:01.739038+00:00
2eee8247-9d79-48a2-975f-fb0e476db323,fUST,0.000126,15,5,-45000.0,demand,2026-08-30T00:47:01.739038+00:00
2eee8247-9d79-48a2-975f-fb0e476db323,fUST,0.000125,14,13,-118035.71012283,demand,2026-08-30T00:47:01.739038+00:00
2eee8247-9d79-48a2-975f-fb0e476db323,fUST,0.0001225,59,1,-95000.0,demand,2026-08-30T00:47:01.739038+00:00
2eee8247-9d79-48a2-975f-fb0e476db323,fUST,0.0001222,29,1,-194504.86890568,demand,2026-08-30T00:47:01.739038+00:00
2eee8247-9d79-48a2-975f-fb0e476db323,fUST,0.0001202,19,1,-184532.71737778,demand,2026-08-30T00:47:01.739038+00:00
2eee8247-9d79-48a2-975f-fb0e476db323,fUST,0.00012,120,1,-30000.0,demand,2026-08-30T00:47:01.739038+00:00
2eee8247-9d79-48a2-975f-fb0e476db323,fUST,0.000117,2,1,-183258.92677072,demand,2026-08-30T00:47:01.739038+00:00
2eee8247-9d79-48a2-975f-fb0e476db323,fUST,0.00017907146575342467,7,1,156.0,offer,2026-08-30T00:47:01.739038+00:00
2eee8247-9d79-48a2-975f-fb0e476db323,fUST,0.00018907146575342467,2,1,231.47780267,offer,2026-08-30T00:47:01.739038+00:00
2eee8247-9d79-48a2-975f-fb0e476db323,fUST,0.000199094,2,2,639.0,offer,2026-08-30T00:47:01.739038+00:00
2eee8247-9d79-48a2-975f-fb0e476db323,fUST,0.00019923287671232874,3,1,300.0,offer,2026-08-30T00:47:01.739038+00:00
2eee8247-9d79-48a2-975f-fb0e476db323,fUST,0.0001992338150630582,2,1,220.78256172,offer,2026-08-30T00:47:01.739038+00:00
2eee8247-9d79-48a2-975f-fb0e476db323,fUST,0.000199870006,2,1,154.48195141,offer,2026-08-30T00:47:01.739038+00:00
2eee8247-9d79-48a2-975f-fb0e476db323,fUST,0.00019998,2,13,10677.37693517,offer,2026-08-30T00:47:01.739038+00:00
2eee8247-9d79-48a2-975f-fb0e476db323,fUST,0.00019999,2,15,615144.18207061,offer,2026-08-30T00:47:01.739038+00:00
2eee8247-9d79-48a2-975f-fb0e476db323,fUST,0.0001999901,2,4,2369.0,offer,2026-08-30T00:47:01.739038+00:00
2eee8247-9d79-48a2-975f-fb0e476db323,fUST,0.0002,7,2,2000.0,offer,2026-08-30T00:47:01.739038+00:00
2eee8247-9d79-48a2-975f-fb0e476db323,fUST,0.0002,2,1,151.0,offer,2026-08-30T00:47:01.739038+00:00
2eee8247-9d79-48a2-975f-fb0e476db323,fUST,0.000201363948,7,2,447.48030812,offer,2026-08-30T00:47:01.739038+00:00
2eee8247-9d79-48a2-975f-fb0e476db323,fUST,0.00020398,2,1,600.0,offer,2026-08-30T00:47:01.739038+00:00
2eee8247-9d79-48a2-975f-fb0e476db323,fUST,0.000205,3,1,200.0,offer,2026-08-30T00:47:01.739038+00:00
2eee8247-9d79-48a2-975f-fb0e476db323,fUST,0.00020535000599999998,2,1,154.48195141,offer,2026-08-30T00:47:01.739038+00:00
2eee8247-9d79-48a2-975f-fb0e476db323,fUST,0.00020992,20,1,221.8890185,offer,2026-08-30T00:47:01.739038+00:00
2eee8247-9d79-48a2-975f-fb0e476db323,fUST,0.00020999000000000001,2,1,3001.57194645,offer,2026-08-30T00:47:01.739038+00:00
2eee8247-9d79-48a2-975f-fb0e476db323,fUST,0.00021,2,1,3000.0,offer,2026-08-30T00:47:01.739038+00:00
2eee8247-9d79-48a2-975f-fb0e476db323,fUST,0.000210070962,2,1,259.728518,offer,2026-08-30T00:47:01.739038+00:00
2eee8247-9d79-48a2-975f-fb0e476db323,fUST,0.0002101,2,1,3000.0,offer,2026-08-30T00:47:01.739038+00:00
2eee8247-9d79-48a2-975f-fb0e476db323,fUST,0.0002102,2,1,3000.0,offer,2026-08-30T00:47:01.739038+00:00
2eee8247-9d79-48a2-975f-fb0e476db323,fUST,0.00021026570301369864,7,1,263.71718592,offer,2026-08-30T00:47:01.739038+00:00
2eee8247-9d79-48a2-975f-fb0e476db323,fUST,0.0002103,2,1,3000.0,offer,2026-08-30T00:47:01.739038+00:00
2eee8247-9d79-48a2-975f-fb0e476db323,fUST,0.0002104,2,1,3000.0,offer,2026-08-30T00:47:01.739038+00:00
2eee8247-9d79-48a2-975f-fb0e476db323,fUST,0.0002105,2,1,3000.0,offer,2026-08-30T00:47:01.739038+00:00
fac3c3a5-d7a3-40af-99d3-bc8a91f69856,fUST,0.0002671232876712329,120,1,-3286537.6240363,demand,2026-08-30T01:47:01.497801+00:00
fac3c3a5-d7a3-40af-99d3-bc8a91f69856,fUST,0.000247980821,120,1,-56568.59382046,demand,2026-08-30T01:47:01.497801+00:00
fac3c3a5-d7a3-40af-99d3-bc8a91f69856,fUST,0.00023754520547945206,120,1,-3384099.22731931,demand,2026-08-30T01:47:01.497801+00:00
fac3c3a5-d7a3-40af-99d3-bc8a91f69856,fUST,0.00016,120,1,-2000.0,demand,2026-08-30T01:47:01.497801+00:00
fac3c3a5-d7a3-40af-99d3-bc8a91f69856,fUST,0.00016,60,18,-402330.8297215,demand,2026-08-30T01:47:01.497801+00:00
fac3c3a5-d7a3-40af-99d3-bc8a91f69856,fUST,0.00015,90,1,-2000.0,demand,2026-08-30T01:47:01.497801+00:00
fac3c3a5-d7a3-40af-99d3-bc8a91f69856,fUST,0.00015,120,1,-300000.0,demand,2026-08-30T01:47:01.497801+00:00
fac3c3a5-d7a3-40af-99d3-bc8a91f69856,fUST,0.00015,45,3,-13845.272985,demand,2026-08-30T01:47:01.497801+00:00
fac3c3a5-d7a3-40af-99d3-bc8a91f69856,fUST,0.00015,60,1,-28000.0,demand,2026-08-30T01:47:01.497801+00:00
fac3c3a5-d7a3-40af-99d3-bc8a91f69856,fUST,0.00015,30,8,-15000.0,demand,2026-08-30T01:47:01.497801+00:00
fac3c3a5-d7a3-40af-99d3-bc8a91f69856,fUST,0.000148,30,4,-20000.0,demand,2026-08-30T01:47:01.497801+00:00
fac3c3a5-d7a3-40af-99d3-bc8a91f69856,fUST,0.0001421,45,9,-80000.0,demand,2026-08-30T01:47:01.497801+00:00
fac3c3a5-d7a3-40af-99d3-bc8a91f69856,fUST,0.000142,45,2,-20000.0,demand,2026-08-30T01:47:01.497801+00:00
fac3c3a5-d7a3-40af-99d3-bc8a91f69856,fUST,0.0001401,30,11,-147973.68632078,demand,2026-08-30T01:47:01.497801+00:00
fac3c3a5-d7a3-40af-99d3-bc8a91f69856,fUST,0.00014000000000000001,30,1,-28000.0,demand,2026-08-30T01:47:01.497801+00:00
fac3c3a5-d7a3-40af-99d3-bc8a91f69856,fUST,0.000138,20,6,-49626.52669917,demand,2026-08-30T01:47:01.497801+00:00
fac3c3a5-d7a3-40af-99d3-bc8a91f69856,fUST,0.000136,30,3,-19544.22120933,demand,2026-08-30T01:47:01.497801+00:00
fac3c3a5-d7a3-40af-99d3-bc8a91f69856,fUST,0.000128,30,3,-30000.0,demand,2026-08-30T01:47:01.497801+00:00
fac3c3a5-d7a3-40af-99d3-bc8a91f69856,fUST,0.000126,15,5,-45000.0,demand,2026-08-30T01:47:01.497801+00:00
fac3c3a5-d7a3-40af-99d3-bc8a91f69856,fUST,0.000125,14,13,-116126.30700101,demand,2026-08-30T01:47:01.497801+00:00
fac3c3a5-d7a3-40af-99d3-bc8a91f69856,fUST,0.0001225,59,1,-95000.0,demand,2026-08-30T01:47:01.497801+00:00
fac3c3a5-d7a3-40af-99d3-bc8a91f69856,fUST,0.0001222,29,1,-194504.86890568,demand,2026-08-30T01:47:01.497801+00:00
fac3c3a5-d7a3-40af-99d3-bc8a91f69856,fUST,0.0001202,19,1,-184532.71737778,demand,2026-08-30T01:47:01.497801+00:00
fac3c3a5-d7a3-40af-99d3-bc8a91f69856,fUST,0.00012,120,1,-30000.0,demand,2026-08-30T01:47:01.497801+00:00
fac3c3a5-d7a3-40af-99d3-bc8a91f69856,fUST,0.000117,2,1,-93871.364008,demand,2026-08-30T01:47:01.497801+00:00
fac3c3a5-d7a3-40af-99d3-bc8a91f69856,fUST,0.000125,7,1,213.63799205,offer,2026-08-30T01:47:01.497801+00:00
fac3c3a5-d7a3-40af-99d3-bc8a91f69856,fUST,0.000135,7,1,320.45698809,offer,2026-08-30T01:47:01.497801+00:00
fac3c3a5-d7a3-40af-99d3-bc8a91f69856,fUST,0.00015513715122767314,2,1,275.52096195,offer,2026-08-30T01:47:01.497801+00:00
fac3c3a5-d7a3-40af-99d3-bc8a91f69856,fUST,0.0001823423,2,1,452.1913308,offer,2026-08-30T01:47:01.497801+00:00
fac3c3a5-d7a3-40af-99d3-bc8a91f69856,fUST,0.0001865753424657534,3,1,222.53533314,offer,2026-08-30T01:47:01.497801+00:00
fac3c3a5-d7a3-40af-99d3-bc8a91f69856,fUST,0.00018998099999999998,2,2,7787.87562299,offer,2026-08-30T01:47:01.497801+00:00
fac3c3a5-d7a3-40af-99d3-bc8a91f69856,fUST,0.00019399,2,1,283.9102606,offer,2026-08-30T01:47:01.497801+00:00
fac3c3a5-d7a3-40af-99d3-bc8a91f69856,fUST,0.000194,2,14,340544.58594354,offer,2026-08-30T01:47:01.497801+00:00
fac3c3a5-d7a3-40af-99d3-bc8a91f69856,fUST,0.00019463547947318728,2,1,220.78256172,offer,2026-08-30T01:47:01.497801+00:00
fac3c3a5-d7a3-40af-99d3-bc8a91f69856,fUST,0.00019499,2,1,300.0,offer,2026-08-30T01:47:01.497801+00:00
fac3c3a5-d7a3-40af-99d3-bc8a91f69856,fUST,0.000195,2,1,31931.29078966,offer,2026-08-30T01:47:01.497801+00:00
fac3c3a5-d7a3-40af-99d3-bc8a91f69856,fUST,0.000195,7,1,154.51947094,offer,2026-08-30T01:47:01.497801+00:00
fac3c3a5-d7a3-40af-99d3-bc8a91f69856,fUST,0.00019862,2,2,642.125,offer,2026-08-30T01:47:01.497801+00:00
fac3c3a5-d7a3-40af-99d3-bc8a91f69856,fUST,0.00019889,2,1,300.0,offer,2026-08-30T01:47:01.497801+00:00
fac3c3a5-d7a3-40af-99d3-bc8a91f69856,fUST,0.00019923287671232874,3,1,300.0,offer,2026-08-30T01:47:01.497801+00:00
fac3c3a5-d7a3-40af-99d3-bc8a91f69856,fUST,0.00019923287671232874,4,1,250.0,offer,2026-08-30T01:47:01.497801+00:00
fac3c3a5-d7a3-40af-99d3-bc8a91f69856,fUST,0.0001996,2,1,175.87,offer,2026-08-30T01:47:01.497801+00:00
fac3c3a5-d7a3-40af-99d3-bc8a91f69856,fUST,0.000199870006,2,1,161.18235049,offer,2026-08-30T01:47:01.497801+00:00
fac3c3a5-d7a3-40af-99d3-bc8a91f69856,fUST,0.00019998,2,3,12077.91366596,offer,2026-08-30T01:47:01.497801+00:00
fac3c3a5-d7a3-40af-99d3-bc8a91f69856,fUST,0.00019999,2,7,396886.97079717,offer,2026-08-30T01:47:01.497801+00:00
fac3c3a5-d7a3-40af-99d3-bc8a91f69856,fUST,0.0001999901,2,4,2370.31,offer,2026-08-30T01:47:01.497801+00:00
fac3c3a5-d7a3-40af-99d3-bc8a91f69856,fUST,0.0002,7,3,2507.05829756,offer,2026-08-30T01:47:01.497801+00:00
fac3c3a5-d7a3-40af-99d3-bc8a91f69856,fUST,0.0002,2,2,26485.88321646,offer,2026-08-30T01:47:01.497801+00:00
fac3c3a5-d7a3-40af-99d3-bc8a91f69856,fUST,0.0002,3,1,151.0,offer,2026-08-30T01:47:01.497801+00:00
fac3c3a5-d7a3-40af-99d3-bc8a91f69856,fUST,0.0002,4,2,2556.08362706,offer,2026-08-30T01:47:01.497801+00:00
21bd31dc-4e74-4863-89b3-f66c86025d57,fUST,0.0002671232876712329,120,1,-3284975.3251703,demand,2026-08-30T02:47:01.467693+00:00
21bd31dc-4e74-4863-89b3-f66c86025d57,fUST,0.000247980821,120,1,-56568.59382046,demand,2026-08-30T02:47:01.467693+00:00
21bd31dc-4e74-4863-89b3-f66c86025d57,fUST,0.00023755068493150686,120,1,-3379876.91740523,demand,2026-08-30T02:47:01.467693+00:00
21bd31dc-4e74-4863-89b3-f66c86025d57,fUST,0.00016,120,1,-2000.0,demand,2026-08-30T02:47:01.467693+00:00
21bd31dc-4e74-4863-89b3-f66c86025d57,fUST,0.00016,60,18,-402330.8297215,demand,2026-08-30T02:47:01.467693+00:00
21bd31dc-4e74-4863-89b3-f66c86025d57,fUST,0.00015,90,1,-2000.0,demand,2026-08-30T02:47:01.467693+00:00
21bd31dc-4e74-4863-89b3-f66c86025d57,fUST,0.00015,120,1,-300000.0,demand,2026-08-30T02:47:01.467693+00:00
21bd31dc-4e74-4863-89b3-f66c86025d57,fUST,0.00015,45,3,-13845.272985,demand,2026-08-30T02:47:01.467693+00:00
21bd31dc-4e74-4863-89b3-f66c86025d57,fUST,0.00015,60,1,-28000.0,demand,2026-08-30T02:47:01.467693+00:00
21bd31dc-4e74-4863-89b3-f66c86025d57,fUST,0.00015,30,8,-15000.0,demand,2026-08-30T02:47:01.467693+00:00
21bd31dc-4e74-4863-89b3-f66c86025d57,fUST,0.000148,30,4,-20000.0,demand,2026-08-30T02:47:01.467693+00:00
21bd31dc-4e74-4863-89b3-f66c86025d57,fUST,0.0001421,45,9,-80000.0,demand,2026-08-30T02:47:01.467693+00:00
21bd31dc-4e74-4863-89b3-f66c86025d57,fUST,0.000142,45,2,-20000.0,demand,2026-08-30T02:47:01.467693+00:00
21bd31dc-4e74-4863-89b3-f66c86025d57,fUST,0.0001401,30,11,-147973.68632078,demand,2026-08-30T02:47:01.467693+00:00
21bd31dc-4e74-4863-89b3-f66c86025d57,fUST,0.00014000000000000001,30,1,-28000.0,demand,2026-08-30T02:47:01.467693+00:00
21bd31dc-4e74-4863-89b3-f66c86025d57,fUST,0.000138,20,6,-49626.52669917,demand,2026-08-30T02:47:01.467693+00:00
21bd31dc-4e74-4863-89b3-f66c86025d57,fUST,0.000136,30,3,-19544.22120933,demand,2026-08-30T02:47:01.467693+00:00
21bd31dc-4e74-4863-89b3-f66c86025d57,fUST,0.000128,30,3,-30000.0,demand,2026-08-30T02:47:01.467693+00:00
21bd31dc-4e74-4863-89b3-f66c86025d57,fUST,0.000126,15,5,-45000.0,demand,2026-08-30T02:47:01.467693+00:00
21bd31dc-4e74-4863-89b3-f66c86025d57,fUST,0.000125,14,13,-116126.30700101,demand,2026-08-30T02:47:01.467693+00:00
21bd31dc-4e74-4863-89b3-f66c86025d57,fUST,0.0001225,59,1,-95000.0,demand,2026-08-30T02:47:01.467693+00:00
21bd31dc-4e74-4863-89b3-f66c86025d57,fUST,0.0001222,29,1,-194504.86890568,demand,2026-08-30T02:47:01.467693+00:00
21bd31dc-4e74-4863-89b3-f66c86025d57,fUST,0.0001202,19,1,-184532.71737778,demand,2026-08-30T02:47:01.467693+00:00
21bd31dc-4e74-4863-89b3-f66c86025d57,fUST,0.00012,120,1,-30000.0,demand,2026-08-30T02:47:01.467693+00:00
21bd31dc-4e74-4863-89b3-f66c86025d57,fUST,0.000117,2,1,-93587.364008,demand,2026-08-30T02:47:01.467693+00:00
21bd31dc-4e74-4863-89b3-f66c86025d57,fUST,0.00013267081784918666,2,1,3579.92546405,offer,2026-08-30T02:47:01.467693+00:00
21bd31dc-4e74-4863-89b3-f66c86025d57,fUST,0.000182544,2,1,221.5060204,offer,2026-08-30T02:47:01.467693+00:00
21bd31dc-4e74-4863-89b3-f66c86025d57,fUST,0.000188,2,1,1000.0,offer,2026-08-30T02:47:01.467693+00:00
21bd31dc-4e74-4863-89b3-f66c86025d57,fUST,0.000188,3,1,1000.0,offer,2026-08-30T02:47:01.467693+00:00
21bd31dc-4e74-4863-89b3-f66c86025d57,fUST,0.0001897828166430097,2,1,220.81475575,offer,2026-08-30T02:47:01.467693+00:00
21bd31dc-4e74-4863-89b3-f66c86025d57,fUST,0.00019,2,1,334.91044292,offer,2026-08-30T02:47:01.467693+00:00
21bd31dc-4e74-4863-89b3-f66c86025d57,fUST,0.000191,5,1,160.0,offer,2026-08-30T02:47:01.467693+00:00
21bd31dc-4e74-4863-89b3-f66c86025d57,fUST,0.000191,2,1,160.0,offer,2026-08-30T02:47:01.467693+00:00
21bd31dc-4e74-4863-89b3-f66c86025d57,fUST,0.000191,4,1,159.10903289,offer,2026-08-30T02:47:01.467693+00:00
21bd31dc-4e74-4863-89b3-f66c86025d57,fUST,0.000192,4,1,1003.72,offer,2026-08-30T02:47:01.467693+00:00
21bd31dc-4e74-4863-89b3-f66c86025d57,fUST,0.00019398,2,2,602.39112968,offer,2026-08-30T02:47:01.467693+00:00
21bd31dc-4e74-4863-89b3-f66c86025d57,fUST,0.000194598,2,2,642.125,offer,2026-08-30T02:47:01.467693+00:00
21bd31dc-4e74-4863-89b3-f66c86025d57,fUST,0.00019499,2,4,850.34775143,offer,2026-08-30T02:47:01.467693+00:00
21bd31dc-4e74-4863-89b3-f66c86025d57,fUST,0.000195,2,13,163893.91675414,offer,2026-08-30T02:47:01.467693+00:00
21bd31dc-4e74-4863-89b3-f66c86025d57,fUST,0.000195,7,1,154.51947094,offer,2026-08-30T02:47:01.467693+00:00
21bd31dc-4e74-4863-89b3-f66c86025d57,fUST,0.00019726,7,7,3583.25602718,offer,2026-08-30T02:47:01.467693+00:00
21bd31dc-4e74-4863-89b3-f66c86025d57,fUST,0.00019787,2,1,600.0,offer,2026-08-30T02:47:01.467693+00:00
21bd31dc-4e74-4863-89b3-f66c86025d57,fUST,0.00019788,7,1,251.92259108,offer,2026-08-30T02:47:01.467693+00:00
21bd31dc-4e74-4863-89b3-f66c86025d57,fUST,0.0001984059842503605,2,1,607.1643264,offer,2026-08-30T02:47:01.467693+00:00
21bd31dc-4e74-4863-89b3-f66c86025d57,fUST,0.00019923287671232874,3,1,300.0,offer,2026-08-30T02:47:01.467693+00:00
21bd31dc-4e74-4863-89b3-f66c86025d57,fUST,0.00019923287671232874,4,4,1011.82,offer,2026-08-30T02:47:01.467693+00:00
21bd31dc-4e74-4863-89b3-f66c86025d57,fUST,0.000199870006,2,2,316.44622787,offer,2026-08-30T02:47:01.467693+00:00
21bd31dc-4e74-4863-89b3-f66c86025d57,fUST,0.00019998904109589042,2,1,507.05829756,offer,2026-08-30T02:47:01.467693+00:00
21bd31dc-4e74-4863-89b3-f66c86025d57,fUST,0.00019999,2,6,307223.79365018,offer,2026-08-30T02:47:01.467693+00:00
21bd31dc-4e74-4863-89b3-f66c86025d57,fUST,0.00019999,4,2,3967.27145982,offer,2026-08-30T02:47:01.467693+00:00
ca57cc3a-83b8-49b1-a11b-3d17087a6261,fUST,0.0002671232876712329,120,1,-3283466.52450696,demand,2026-08-30T03:47:01.814029+00:00
ca57cc3a-83b8-49b1-a11b-3d17087a6261,fUST,0.000247980821,120,1,-56568.59382046,demand,2026-08-30T03:47:01.814029+00:00
ca57cc3a-83b8-49b1-a11b-3d17087a6261,fUST,0.000237613698630137,120,1,-3379876.91740523,demand,2026-08-30T03:47:01.814029+00:00
ca57cc3a-83b8-49b1-a11b-3d17087a6261,fUST,0.00016,120,1,-2000.0,demand,2026-08-30T03:47:01.814029+00:00
ca57cc3a-83b8-49b1-a11b-3d17087a6261,fUST,0.00016,60,18,-402330.8297215,demand,2026-08-30T03:47:01.814029+00:00
ca57cc3a-83b8-49b1-a11b-3d17087a6261,fUST,0.00015,90,1,-2000.0,demand,2026-08-30T03:47:01.814029+00:00
ca57cc3a-83b8-49b1-a11b-3d17087a6261,fUST,0.00015,120,1,-300000.0,demand,2026-08-30T03:47:01.814029+00:00
ca57cc3a-83b8-49b1-a11b-3d17087a6261,fUST,0.00015,45,3,-13845.272985,demand,2026-08-30T03:47:01.814029+00:00
ca57cc3a-83b8-49b1-a11b-3d17087a6261,fUST,0.00015,60,1,-28000.0,demand,2026-08-30T03:47:01.814029+00:00
ca57cc3a-83b8-49b1-a11b-3d17087a6261,fUST,0.00015,30,8,-15000.0,demand,2026-08-30T03:47:01.814029+00:00
ca57cc3a-83b8-49b1-a11b-3d17087a6261,fUST,0.000148,30,4,-20000.0,demand,2026-08-30T03:47:01.814029+00:00
ca57cc3a-83b8-49b1-a11b-3d17087a6261,fUST,0.0001421,45,9,-80000.0,demand,2026-08-30T03:47:01.814029+00:00
ca57cc3a-83b8-49b1-a11b-3d17087a6261,fUST,0.000142,45,2,-20000.0,demand,2026-08-30T03:47:01.814029+00:00
ca57cc3a-83b8-49b1-a11b-3d17087a6261,fUST,0.0001401,30,11,-147973.68632078,demand,2026-08-30T03:47:01.814029+00:00
ca57cc3a-83b8-49b1-a11b-3d17087a6261,fUST,0.00014000000000000001,30,1,-28000.0,demand,2026-08-30T03:47:01.814029+00:00
ca57cc3a-83b8-49b1-a11b-3d17087a6261,fUST,0.000138,20,6,-49626.52669917,demand,2026-08-30T03:47:01.814029+00:00
ca57cc3a-83b8-49b1-a11b-3d17087a6261,fUST,0.000136,30,3,-19544.22120933,demand,2026-08-30T03:47:01.814029+00:00
ca57cc3a-83b8-49b1-a11b-3d17087a6261,fUST,0.000129999999,2,1,-1206.29174008,demand,2026-08-30T03:47:01.814029+00:00
ca57cc3a-83b8-49b1-a11b-3d17087a6261,fUST,0.000128,30,3,-30000.0,demand,2026-08-30T03:47:01.814029+00:00
ca57cc3a-83b8-49b1-a11b-3d17087a6261,fUST,0.000126,15,5,-45000.0,demand,2026-08-30T03:47:01.814029+00:00
ca57cc3a-83b8-49b1-a11b-3d17087a6261,fUST,0.000125,14,10,-94670.00029498,demand,2026-08-30T03:47:01.814029+00:00
ca57cc3a-83b8-49b1-a11b-3d17087a6261,fUST,0.0001225,59,1,-95000.0,demand,2026-08-30T03:47:01.814029+00:00
ca57cc3a-83b8-49b1-a11b-3d17087a6261,fUST,0.0001222,29,1,-194504.86890568,demand,2026-08-30T03:47:01.814029+00:00
ca57cc3a-83b8-49b1-a11b-3d17087a6261,fUST,0.0001202,19,1,-184532.71737778,demand,2026-08-30T03:47:01.814029+00:00
ca57cc3a-83b8-49b1-a11b-3d17087a6261,fUST,0.00012,120,1,-30000.0,demand,2026-08-30T03:47:01.814029+00:00
ca57cc3a-83b8-49b1-a11b-3d17087a6261,fUST,0.00013,2,2,1206.29174008,offer,2026-08-30T03:47:01.814029+00:00
ca57cc3a-83b8-49b1-a11b-3d17087a6261,fUST,0.000134,2,1,169.47626602,offer,2026-08-30T03:47:01.814029+00:00
ca57cc3a-83b8-49b1-a11b-3d17087a6261,fUST,0.00014262528000000003,7,1,201.95300566,offer,2026-08-30T03:47:01.814029+00:00
ca57cc3a-83b8-49b1-a11b-3d17087a6261,fUST,0.00015,2,2,483.26752652,offer,2026-08-30T03:47:01.814029+00:00
ca57cc3a-83b8-49b1-a11b-3d17087a6261,fUST,0.0001702177,2,1,1871.5379562,offer,2026-08-30T03:47:01.814029+00:00
ca57cc3a-83b8-49b1-a11b-3d17087a6261,fUST,0.000170932,2,1,190.8197514,offer,2026-08-30T03:47:01.814029+00:00
ca57cc3a-83b8-49b1-a11b-3d17087a6261,fUST,0.0001718815653,2,1,1140.843272,offer,2026-08-30T03:47:01.814029+00:00
ca57cc3a-83b8-49b1-a11b-3d17087a6261,fUST,0.00017821,2,1,227.13542662,offer,2026-08-30T03:47:01.814029+00:00
ca57cc3a-83b8-49b1-a11b-3d17087a6261,fUST,0.00017911718173835615,2,1,1140.843272,offer,2026-08-30T03:47:01.814029+00:00
ca57cc3a-83b8-49b1-a11b-3d17087a6261,fUST,0.00017925497260273972,2,1,450.87371851,offer,2026-08-30T03:47:01.814029+00:00
ca57cc3a-83b8-49b1-a11b-3d17087a6261,fUST,0.00017926,2,1,167.46317614,offer,2026-08-30T03:47:01.814029+00:00
ca57cc3a-83b8-49b1-a11b-3d17087a6261,fUST,0.0001828191780821918,2,1,225.43685926,offer,2026-08-30T03:47:01.814029+00:00
ca57cc3a-83b8-49b1-a11b-3d17087a6261,fUST,0.00018635279817671234,2,1,1140.843272,offer,2026-08-30T03:47:01.814029+00:00
ca57cc3a-83b8-49b1-a11b-3d17087a6261,fUST,0.00018726,2,12,5551.80738718,offer,2026-08-30T03:47:01.814029+00:00
ca57cc3a-83b8-49b1-a11b-3d17087a6261,fUST,0.0001883041096,2,3,453.0,offer,2026-08-30T03:47:01.814029+00:00
ca57cc3a-83b8-49b1-a11b-3d17087a6261,fUST,0.00018988,2,4,1368.50209141,offer,2026-08-30T03:47:01.814029+00:00
ca57cc3a-83b8-49b1-a11b-3d17087a6261,fUST,0.00018988000000000002,2,5,2115.64387758,offer,2026-08-30T03:47:01.814029+00:00
ca57cc3a-83b8-49b1-a11b-3d17087a6261,fUST,0.00018988599999999998,2,1,154.06550887,offer,2026-08-30T03:47:01.814029+00:00
ca57cc3a-83b8-49b1-a11b-3d17087a6261,fUST,0.00018989,2,31,18217.29190208,offer,2026-08-30T03:47:01.814029+00:00
ca57cc3a-83b8-49b1-a11b-3d17087a6261,fUST,0.0001899,3,1,547.7,offer,2026-08-30T03:47:01.814029+00:00
ca57cc3a-83b8-49b1-a11b-3d17087a6261,fUST,0.00018998,2,1,222.34947115,offer,2026-08-30T03:47:01.814029+00:00
ca57cc3a-83b8-49b1-a11b-3d17087a6261,fUST,0.00018999,2,14,356552.3773324,offer,2026-08-30T03:47:01.814029+00:00
ca57cc3a-83b8-49b1-a11b-3d17087a6261,fUST,0.00018999999999999998,2,19,376347.39970003,offer,2026-08-30T03:47:01.814029+00:00
ca57cc3a-83b8-49b1-a11b-3d17087a6261,fUST,0.00019,2,29,4810.41,offer,2026-08-30T03:47:01.814029+00:00
ca57cc3a-83b8-49b1-a11b-3d17087a6261,fUST,0.0001900001,2,4,2370.31,offer,2026-08-30T03:47:01.814029+00:00
8a20ce5f-5814-4c1f-834a-2dd280d8af62,fUST,0.0002671232876712329,120,1,-3139303.61450696,demand,2026-08-30T04:47:01.737980+00:00
8a20ce5f-5814-4c1f-834a-2dd280d8af62,fUST,0.000247980821,120,1,-56568.59382046,demand,2026-08-30T04:47:01.737980+00:00
8a20ce5f-5814-4c1f-834a-2dd280d8af62,fUST,0.00023786849315068494,120,1,-3379876.91740523,demand,2026-08-30T04:47:01.737980+00:00
8a20ce5f-5814-4c1f-834a-2dd280d8af62,fUST,0.00016,120,1,-2000.0,demand,2026-08-30T04:47:01.737980+00:00
8a20ce5f-5814-4c1f-834a-2dd280d8af62,fUST,0.00016,60,18,-402330.8297215,demand,2026-08-30T04:47:01.737980+00:00
8a20ce5f-5814-4c1f-834a-2dd280d8af62,fUST,0.00015,90,1,-2000.0,demand,2026-08-30T04:47:01.737980+00:00
8a20ce5f-5814-4c1f-834a-2dd280d8af62,fUST,0.00015,120,1,-300000.0,demand,2026-08-30T04:47:01.737980+00:00
8a20ce5f-5814-4c1f-834a-2dd280d8af62,fUST,0.00015,45,3,-13845.272985,demand,2026-08-30T04:47:01.737980+00:00
8a20ce5f-5814-4c1f-834a-2dd280d8af62,fUST,0.00015,60,1,-28000.0,demand,2026-08-30T04:47:01.737980+00:00
8a20ce5f-5814-4c1f-834a-2dd280d8af62,fUST,0.00015,30,8,-15000.0,demand,2026-08-30T04:47:01.737980+00:00
8a20ce5f-5814-4c1f-834a-2dd280d8af62,fUST,0.000148,30,4,-20000.0,demand,2026-08-30T04:47:01.737980+00:00
8a20ce5f-5814-4c1f-834a-2dd280d8af62,fUST,0.0001421,45,9,-80000.0,demand,2026-08-30T04:47:01.737980+00:00
8a20ce5f-5814-4c1f-834a-2dd280d8af62,fUST,0.000142,45,2,-20000.0,demand,2026-08-30T04:47:01.737980+00:00
8a20ce5f-5814-4c1f-834a-2dd280d8af62,fUST,0.0001401,30,11,-147973.68632078,demand,2026-08-30T04:47:01.737980+00:00
8a20ce5f-5814-4c1f-834a-2dd280d8af62,fUST,0.00014000000000000001,30,1,-28000.0,demand,2026-08-30T04:47:01.737980+00:00
8a20ce5f-5814-4c1f-834a-2dd280d8af62,fUST,0.000138,20,6,-49626.52669917,demand,2026-08-30T04:47:01.737980+00:00
8a20ce5f-5814-4c1f-834a-2dd280d8af62,fUST,0.000136,30,3,-19544.22120933,demand,2026-08-30T04:47:01.737980+00:00
8a20ce5f-5814-4c1f-834a-2dd280d8af62,fUST,0.000128,30,3,-30000.0,demand,2026-08-30T04:47:01.737980+00:00
8a20ce5f-5814-4c1f-834a-2dd280d8af62,fUST,0.000126,15,5,-45000.0,demand,2026-08-30T04:47:01.737980+00:00
8a20ce5f-5814-4c1f-834a-2dd280d8af62,fUST,0.000125,14,10,-94670.00029498,demand,2026-08-30T04:47:01.737980+00:00
8a20ce5f-5814-4c1f-834a-2dd280d8af62,fUST,0.0001225,59,1,-95000.0,demand,2026-08-30T04:47:01.737980+00:00
8a20ce5f-5814-4c1f-834a-2dd280d8af62,fUST,0.0001222,29,1,-194504.86890568,demand,2026-08-30T04:47:01.737980+00:00
8a20ce5f-5814-4c1f-834a-2dd280d8af62,fUST,0.0001202,19,1,-184532.71737778,demand,2026-08-30T04:47:01.737980+00:00
8a20ce5f-5814-4c1f-834a-2dd280d8af62,fUST,0.00012,120,1,-30000.0,demand,2026-08-30T04:47:01.737980+00:00
8a20ce5f-5814-4c1f-834a-2dd280d8af62,fUST,0.000117,2,1,-57419.29086249,demand,2026-08-30T04:47:01.737980+00:00
8a20ce5f-5814-4c1f-834a-2dd280d8af62,fUST,0.0001537,14,1,1049.88779559,offer,2026-08-30T04:47:01.737980+00:00
8a20ce5f-5814-4c1f-834a-2dd280d8af62,fUST,0.00018078,2,1,316.84018833,offer,2026-08-30T04:47:01.737980+00:00
8a20ce5f-5814-4c1f-834a-2dd280d8af62,fUST,0.00018988,2,1,170.69924967,offer,2026-08-30T04:47:01.737980+00:00
8a20ce5f-5814-4c1f-834a-2dd280d8af62,fUST,0.00018999,2,3,1362.8757833,offer,2026-08-30T04:47:01.737980+00:00
8a20ce5f-5814-4c1f-834a-2dd280d8af62,fUST,0.00019,2,1,160.20664356,offer,2026-08-30T04:47:01.737980+00:00
8a20ce5f-5814-4c1f-834a-2dd280d8af62,fUST,0.000192,2,1,160.20664356,offer,2026-08-30T04:47:01.737980+00:00
8a20ce5f-5814-4c1f-834a-2dd280d8af62,fUST,0.000194,2,1,160.20664356,offer,2026-08-30T04:47:01.737980+00:00
8a20ce5f-5814-4c1f-834a-2dd280d8af62,fUST,0.00019565294006821705,2,1,220.81475575,offer,2026-08-30T04:47:01.737980+00:00
8a20ce5f-5814-4c1f-834a-2dd280d8af62,fUST,0.000196,2,1,160.20664356,offer,2026-08-30T04:47:01.737980+00:00
8a20ce5f-5814-4c1f-834a-2dd280d8af62,fUST,0.00019602,2,1,198.25220428,offer,2026-08-30T04:47:01.737980+00:00
8a20ce5f-5814-4c1f-834a-2dd280d8af62,fUST,0.000198247,2,2,639.0,offer,2026-08-30T04:47:01.737980+00:00
8a20ce5f-5814-4c1f-834a-2dd280d8af62,fUST,0.00019838,2,1,627.78470601,offer,2026-08-30T04:47:01.737980+00:00
8a20ce5f-5814-4c1f-834a-2dd280d8af62,fUST,0.00019838241344372065,2,1,219.29690618,offer,2026-08-30T04:47:01.737980+00:00
8a20ce5f-5814-4c1f-834a-2dd280d8af62,fUST,0.0001989,3,1,547.7,offer,2026-08-30T04:47:01.737980+00:00
8a20ce5f-5814-4c1f-834a-2dd280d8af62,fUST,0.0001989,2,1,961.6,offer,2026-08-30T04:47:01.737980+00:00
8a20ce5f-5814-4c1f-834a-2dd280d8af62,fUST,0.00019898,2,2,471.98262981,offer,2026-08-30T04:47:01.737980+00:00
8a20ce5f-5814-4c1f-834a-2dd280d8af62,fUST,0.00019899,2,2,13388.67657644,offer,2026-08-30T04:47:01.737980+00:00
8a20ce5f-5814-4c1f-834a-2dd280d8af62,fUST,0.000199,2,3,838511.32950413,offer,2026-08-30T04:47:01.737980+00:00
8a20ce5f-5814-4c1f-834a-2dd280d8af62,fUST,0.0001990001,2,2,1421.9,offer,2026-08-30T04:47:01.737980+00:00
8a20ce5f-5814-4c1f-834a-2dd280d8af62,fUST,0.00019997,2,1,1891.73905927,offer,2026-08-30T04:47:01.737980+00:00
8a20ce5f-5814-4c1f-834a-2dd280d8af62,fUST,0.00019999,2,6,905300.18827623,offer,2026-08-30T04:47:01.737980+00:00
8a20ce5f-5814-4c1f-834a-2dd280d8af62,fUST,0.0002,2,2,302.0,offer,2026-08-30T04:47:01.737980+00:00
8a20ce5f-5814-4c1f-834a-2dd280d8af62,fUST,0.00020001,2,1,556.03,offer,2026-08-30T04:47:01.737980+00:00
8a20ce5f-5814-4c1f-834a-2dd280d8af62,fUST,0.000201,3,1,151.0,offer,2026-08-30T04:47:01.737980+00:00
8a20ce5f-5814-4c1f-834a-2dd280d8af62,fUST,0.000201,2,1,1000.0,offer,2026-08-30T04:47:01.737980+00:00
01e73817-4e11-45f5-bdea-18ad804385c2,fUST,0.0002671232876712329,120,1,-3124303.61450696,demand,2026-08-30T05:47:01.884538+00:00
01e73817-4e11-45f5-bdea-18ad804385c2,fUST,0.000247980821,120,1,-56568.59382046,demand,2026-08-30T05:47:01.884538+00:00
01e73817-4e11-45f5-bdea-18ad804385c2,fUST,0.0002378958904109589,120,1,-3379876.91740523,demand,2026-08-30T05:47:01.884538+00:00
01e73817-4e11-45f5-bdea-18ad804385c2,fUST,0.00016,120,1,-2000.0,demand,2026-08-30T05:47:01.884538+00:00
01e73817-4e11-45f5-bdea-18ad804385c2,fUST,0.00016,60,18,-402330.8297215,demand,2026-08-30T05:47:01.884538+00:00
01e73817-4e11-45f5-bdea-18ad804385c2,fUST,0.00015,90,1,-2000.0,demand,2026-08-30T05:47:01.884538+00:00
01e73817-4e11-45f5-bdea-18ad804385c2,fUST,0.00015,120,1,-300000.0,demand,2026-08-30T05:47:01.884538+00:00
01e73817-4e11-45f5-bdea-18ad804385c2,fUST,0.00015,45,3,-13845.272985,demand,2026-08-30T05:47:01.884538+00:00
01e73817-4e11-45f5-bdea-18ad804385c2,fUST,0.00015,60,1,-28000.0,demand,2026-08-30T05:47:01.884538+00:00
01e73817-4e11-45f5-bdea-18ad804385c2,fUST,0.00015,30,8,-15000.0,demand,2026-08-30T05:47:01.884538+00:00
01e73817-4e11-45f5-bdea-18ad804385c2,fUST,0.000148,30,4,-20000.0,demand,2026-08-30T05:47:01.884538+00:00
01e73817-4e11-45f5-bdea-18ad804385c2,fUST,0.0001421,45,9,-80000.0,demand,2026-08-30T05:47:01.884538+00:00
01e73817-4e11-45f5-bdea-18ad804385c2,fUST,0.000142,45,2,-20000.0,demand,2026-08-30T05:47:01.884538+00:00
01e73817-4e11-45f5-bdea-18ad804385c2,fUST,0.0001401,30,11,-147973.68632078,demand,2026-08-30T05:47:01.884538+00:00
01e73817-4e11-45f5-bdea-18ad804385c2,fUST,0.00014000000000000001,30,1,-28000.0,demand,2026-08-30T05:47:01.884538+00:00
01e73817-4e11-45f5-bdea-18ad804385c2,fUST,0.000138,20,6,-49626.52669917,demand,2026-08-30T05:47:01.884538+00:00
01e73817-4e11-45f5-bdea-18ad804385c2,fUST,0.000137,2,1,-150.0,demand,2026-08-30T05:47:01.884538+00:00
01e73817-4e11-45f5-bdea-18ad804385c2,fUST,0.000136,30,3,-19544.22120933,demand,2026-08-30T05:47:01.884538+00:00
01e73817-4e11-45f5-bdea-18ad804385c2,fUST,0.000128,30,3,-30000.0,demand,2026-08-30T05:47:01.884538+00:00
01e73817-4e11-45f5-bdea-18ad804385c2,fUST,0.000126,15,5,-45000.0,demand,2026-08-30T05:47:01.884538+00:00
01e73817-4e11-45f5-bdea-18ad804385c2,fUST,0.000125,14,10,-94670.00029498,demand,2026-08-30T05:47:01.884538+00:00
01e73817-4e11-45f5-bdea-18ad804385c2,fUST,0.0001225,59,1,-95000.0,demand,2026-08-30T05:47:01.884538+00:00
01e73817-4e11-45f5-bdea-18ad804385c2,fUST,0.0001222,29,1,-194504.86890568,demand,2026-08-30T05:47:01.884538+00:00
01e73817-4e11-45f5-bdea-18ad804385c2,fUST,0.0001202,19,1,-184532.71737778,demand,2026-08-30T05:47:01.884538+00:00
01e73817-4e11-45f5-bdea-18ad804385c2,fUST,0.00012,120,1,-30000.0,demand,2026-08-30T05:47:01.884538+00:00
01e73817-4e11-45f5-bdea-18ad804385c2,fUST,0.0001889925,2,1,7863.8292956,offer,2026-08-30T05:47:01.884538+00:00
01e73817-4e11-45f5-bdea-18ad804385c2,fUST,0.000198147,2,1,188.0,offer,2026-08-30T05:47:01.884538+00:00
01e73817-4e11-45f5-bdea-18ad804385c2,fUST,0.00019898,2,3,842.33440282,offer,2026-08-30T05:47:01.884538+00:00
01e73817-4e11-45f5-bdea-18ad804385c2,fUST,0.00019899,2,13,131640.84519211,offer,2026-08-30T05:47:01.884538+00:00
01e73817-4e11-45f5-bdea-18ad804385c2,fUST,0.00019899,7,1,160.30845397,offer,2026-08-30T05:47:01.884538+00:00
01e73817-4e11-45f5-bdea-18ad804385c2,fUST,0.00019899,3,1,300.0,offer,2026-08-30T05:47:01.884538+00:00
01e73817-4e11-45f5-bdea-18ad804385c2,fUST,0.000199,2,12,838695.27087245,offer,2026-08-30T05:47:01.884538+00:00
01e73817-4e11-45f5-bdea-18ad804385c2,fUST,0.00019985,2,2,2074.7072961,offer,2026-08-30T05:47:01.884538+00:00
01e73817-4e11-45f5-bdea-18ad804385c2,fUST,0.000199870006,2,1,161.19454324,offer,2026-08-30T05:47:01.884538+00:00
01e73817-4e11-45f5-bdea-18ad804385c2,fUST,0.00019997,2,1,1891.73905927,offer,2026-08-30T05:47:01.884538+00:00
01e73817-4e11-45f5-bdea-18ad804385c2,fUST,0.00019999,2,3,904847.18827623,offer,2026-08-30T05:47:01.884538+00:00
01e73817-4e11-45f5-bdea-18ad804385c2,fUST,0.0002,2,5,755.0,offer,2026-08-30T05:47:01.884538+00:00
01e73817-4e11-45f5-bdea-18ad804385c2,fUST,0.00020001,2,1,556.03,offer,2026-08-30T05:47:01.884538+00:00
01e73817-4e11-45f5-bdea-18ad804385c2,fUST,0.0002029698,7,2,360.80939391,offer,2026-08-30T05:47:01.884538+00:00
01e73817-4e11-45f5-bdea-18ad804385c2,fUST,0.00020298,4,2,1000.50086663,offer,2026-08-30T05:47:01.884538+00:00
01e73817-4e11-45f5-bdea-18ad804385c2,fUST,0.00020320579948274187,2,1,218.3826634,offer,2026-08-30T05:47:01.884538+00:00
01e73817-4e11-45f5-bdea-18ad804385c2,fUST,0.00020426,2,1,600.0,offer,2026-08-30T05:47:01.884538+00:00
01e73817-4e11-45f5-bdea-18ad804385c2,fUST,0.00020499726028,2,1,151.0,offer,2026-08-30T05:47:01.884538+00:00
01e73817-4e11-45f5-bdea-18ad804385c2,fUST,0.00020535000599999998,2,1,161.19454324,offer,2026-08-30T05:47:01.884538+00:00
01e73817-4e11-45f5-bdea-18ad804385c2,fUST,0.00020703960000000002,6,1,478.06349124,offer,2026-08-30T05:47:01.884538+00:00
01e73817-4e11-45f5-bdea-18ad804385c2,fUST,0.0002089395,7,1,160.30845397,offer,2026-08-30T05:47:01.884538+00:00
01e73817-4e11-45f5-bdea-18ad804385c2,fUST,0.000209,2,1,7496.299776,offer,2026-08-30T05:47:01.884538+00:00
01e73817-4e11-45f5-bdea-18ad804385c2,fUST,0.000209217465,2,1,1018.200351,offer,2026-08-30T05:47:01.884538+00:00
01e73817-4e11-45f5-bdea-18ad804385c2,fUST,0.00021,2,1,3000.0,offer,2026-08-30T05:47:01.884538+00:00
01e73817-4e11-45f5-bdea-18ad804385c2,fUST,0.0002101,2,1,3000.0,offer,2026-08-30T05:47:01.884538+00:00
db7b1c11-5df3-4fe9-953d-3637aaebfe93,fUST,0.0002671232876712329,120,1,-3120385.61450696,demand,2026-08-30T06:47:02.311881+00:00
db7b1c11-5df3-4fe9-953d-3637aaebfe93,fUST,0.000247980821,120,1,-56568.59382046,demand,2026-08-30T06:47:02.311881+00:00
db7b1c11-5df3-4fe9-953d-3637aaebfe93,fUST,0.0002379095890410959,120,1,-3379876.91740523,demand,2026-08-30T06:47:02.311881+00:00
db7b1c11-5df3-4fe9-953d-3637aaebfe93,fUST,0.00016,120,1,-2000.0,demand,2026-08-30T06:47:02.311881+00:00
db7b1c11-5df3-4fe9-953d-3637aaebfe93,fUST,0.00016,60,18,-402330.8297215,demand,2026-08-30T06:47:02.311881+00:00
db7b1c11-5df3-4fe9-953d-3637aaebfe93,fUST,0.00015,90,1,-2000.0,demand,2026-08-30T06:47:02.311881+00:00
db7b1c11-5df3-4fe9-953d-3637aaebfe93,fUST,0.00015,120,1,-300000.0,demand,2026-08-30T06:47:02.311881+00:00
db7b1c11-5df3-4fe9-953d-3637aaebfe93,fUST,0.00015,45,3,-13845.272985,demand,2026-08-30T06:47:02.311881+00:00
db7b1c11-5df3-4fe9-953d-3637aaebfe93,fUST,0.00015,60,1,-28000.0,demand,2026-08-30T06:47:02.311881+00:00
db7b1c11-5df3-4fe9-953d-3637aaebfe93,fUST,0.00015,30,8,-15000.0,demand,2026-08-30T06:47:02.311881+00:00
db7b1c11-5df3-4fe9-953d-3637aaebfe93,fUST,0.000148,30,4,-20000.0,demand,2026-08-30T06:47:02.311881+00:00
db7b1c11-5df3-4fe9-953d-3637aaebfe93,fUST,0.0001421,45,9,-80000.0,demand,2026-08-30T06:47:02.311881+00:00
db7b1c11-5df3-4fe9-953d-3637aaebfe93,fUST,0.000142,45,2,-20000.0,demand,2026-08-30T06:47:02.311881+00:00
db7b1c11-5df3-4fe9-953d-3637aaebfe93,fUST,0.0001401,30,11,-147973.68632078,demand,2026-08-30T06:47:02.311881+00:00
db7b1c11-5df3-4fe9-953d-3637aaebfe93,fUST,0.00014000000000000001,30,1,-28000.0,demand,2026-08-30T06:47:02.311881+00:00
db7b1c11-5df3-4fe9-953d-3637aaebfe93,fUST,0.000138,20,6,-49626.52669917,demand,2026-08-30T06:47:02.311881+00:00
db7b1c11-5df3-4fe9-953d-3637aaebfe93,fUST,0.000136,30,3,-19544.22120933,demand,2026-08-30T06:47:02.311881+00:00
db7b1c11-5df3-4fe9-953d-3637aaebfe93,fUST,0.000128,30,3,-30000.0,demand,2026-08-30T06:47:02.311881+00:00
db7b1c11-5df3-4fe9-953d-3637aaebfe93,fUST,0.000126,15,5,-45000.0,demand,2026-08-30T06:47:02.311881+00:00
db7b1c11-5df3-4fe9-953d-3637aaebfe93,fUST,0.000125,14,10,-94670.00029498,demand,2026-08-30T06:47:02.311881+00:00
db7b1c11-5df3-4fe9-953d-3637aaebfe93,fUST,0.0001225,59,1,-95000.0,demand,2026-08-30T06:47:02.311881+00:00
db7b1c11-5df3-4fe9-953d-3637aaebfe93,fUST,0.0001222,29,1,-194504.86890568,demand,2026-08-30T06:47:02.311881+00:00
db7b1c11-5df3-4fe9-953d-3637aaebfe93,fUST,0.0001202,19,1,-184532.71737778,demand,2026-08-30T06:47:02.311881+00:00
db7b1c11-5df3-4fe9-953d-3637aaebfe93,fUST,0.00012,120,1,-30000.0,demand,2026-08-30T06:47:02.311881+00:00
db7b1c11-5df3-4fe9-953d-3637aaebfe93,fUST,0.000117,2,1,-47530.80376819,demand,2026-08-30T06:47:02.311881+00:00
db7b1c11-5df3-4fe9-953d-3637aaebfe93,fUST,0.0001886195,2,1,3076.10117046,offer,2026-08-30T06:47:02.311881+00:00
db7b1c11-5df3-4fe9-953d-3637aaebfe93,fUST,0.00019377,2,1,583.13023234,offer,2026-08-30T06:47:02.311881+00:00
db7b1c11-5df3-4fe9-953d-3637aaebfe93,fUST,0.00019508,7,1,168.34695116,offer,2026-08-30T06:47:02.311881+00:00
db7b1c11-5df3-4fe9-953d-3637aaebfe93,fUST,0.00019572602739726026,2,1,200.00000047,offer,2026-08-30T06:47:02.311881+00:00
db7b1c11-5df3-4fe9-953d-3637aaebfe93,fUST,0.00019679726028,2,1,151.0,offer,2026-08-30T06:47:02.311881+00:00
db7b1c11-5df3-4fe9-953d-3637aaebfe93,fUST,0.000198446,2,1,188.0,offer,2026-08-30T06:47:02.311881+00:00
db7b1c11-5df3-4fe9-953d-3637aaebfe93,fUST,0.00019888059999999998,2,1,157.79717922,offer,2026-08-30T06:47:02.311881+00:00
db7b1c11-5df3-4fe9-953d-3637aaebfe93,fUST,0.0001989,3,4,2487.1,offer,2026-08-30T06:47:02.311881+00:00
db7b1c11-5df3-4fe9-953d-3637aaebfe93,fUST,0.00019897,2,20,9789.19619394,offer,2026-08-30T06:47:02.311881+00:00
db7b1c11-5df3-4fe9-953d-3637aaebfe93,fUST,0.00019898,2,1,161.966,offer,2026-08-30T06:47:02.311881+00:00
db7b1c11-5df3-4fe9-953d-3637aaebfe93,fUST,0.00019898082191780822,2,1,1135.68935193,offer,2026-08-30T06:47:02.311881+00:00
db7b1c11-5df3-4fe9-953d-3637aaebfe93,fUST,0.00019898160000000003,7,2,347.9591409,offer,2026-08-30T06:47:02.311881+00:00
db7b1c11-5df3-4fe9-953d-3637aaebfe93,fUST,0.00019899,2,16,126164.10298916,offer,2026-08-30T06:47:02.311881+00:00
db7b1c11-5df3-4fe9-953d-3637aaebfe93,fUST,0.000199,2,10,837642.97644148,offer,2026-08-30T06:47:02.311881+00:00
db7b1c11-5df3-4fe9-953d-3637aaebfe93,fUST,0.0001990001,2,2,1421.9,offer,2026-08-30T06:47:02.311881+00:00
db7b1c11-5df3-4fe9-953d-3637aaebfe93,fUST,0.00019985,2,2,2074.7072961,offer,2026-08-30T06:47:02.311881+00:00
db7b1c11-5df3-4fe9-953d-3637aaebfe93,fUST,0.000199870006,2,1,161.19454324,offer,2026-08-30T06:47:02.311881+00:00
db7b1c11-5df3-4fe9-953d-3637aaebfe93,fUST,0.00019997,2,1,1891.73905927,offer,2026-08-30T06:47:02.311881+00:00
db7b1c11-5df3-4fe9-953d-3637aaebfe93,fUST,0.00019999,2,3,904847.18827623,offer,2026-08-30T06:47:02.311881+00:00
db7b1c11-5df3-4fe9-953d-3637aaebfe93,fUST,0.0002,2,8,15768.29283597,offer,2026-08-30T06:47:02.311881+00:00
db7b1c11-5df3-4fe9-953d-3637aaebfe93,fUST,0.0002,10,1,199.477914,offer,2026-08-30T06:47:02.311881+00:00
db7b1c11-5df3-4fe9-953d-3637aaebfe93,fUST,0.00020001,2,1,556.03,offer,2026-08-30T06:47:02.311881+00:00
db7b1c11-5df3-4fe9-953d-3637aaebfe93,fUST,0.0002005595,2,1,192.08678808,offer,2026-08-30T06:47:02.311881+00:00
db7b1c11-5df3-4fe9-953d-3637aaebfe93,fUST,0.00020298,4,3,1843.56037185,offer,2026-08-30T06:47:02.311881+00:00
db7b1c11-5df3-4fe9-953d-3637aaebfe93,fUST,0.00020426,2,1,600.0,offer,2026-08-30T06:47:02.311881+00:00
7a63db49-1447-4a24-b18c-120cc5c7bfb5,fUST,0.0002671232876712329,120,1,-3120385.61450696,demand,2026-08-30T07:47:01.866797+00:00
7a63db49-1447-4a24-b18c-120cc5c7bfb5,fUST,0.000247980821,120,1,-56568.59382046,demand,2026-08-30T07:47:01.866797+00:00
7a63db49-1447-4a24-b18c-120cc5c7bfb5,fUST,0.00023805479452054795,120,1,-3379876.91740523,demand,2026-08-30T07:47:01.866797+00:00
7a63db49-1447-4a24-b18c-120cc5c7bfb5,fUST,0.00016,120,1,-2000.0,demand,2026-08-30T07:47:01.866797+00:00
7a63db49-1447-4a24-b18c-120cc5c7bfb5,fUST,0.00016,60,18,-402330.8297215,demand,2026-08-30T07:47:01.866797+00:00
7a63db49-1447-4a24-b18c-120cc5c7bfb5,fUST,0.00015,90,1,-2000.0,demand,2026-08-30T07:47:01.866797+00:00
7a63db49-1447-4a24-b18c-120cc5c7bfb5,fUST,0.00015,120,1,-300000.0,demand,2026-08-30T07:47:01.866797+00:00
7a63db49-1447-4a24-b18c-120cc5c7bfb5,fUST,0.00015,45,3,-13845.272985,demand,2026-08-30T07:47:01.866797+00:00
7a63db49-1447-4a24-b18c-120cc5c7bfb5,fUST,0.00015,60,1,-28000.0,demand,2026-08-30T07:47:01.866797+00:00
7a63db49-1447-4a24-b18c-120cc5c7bfb5,fUST,0.00015,30,8,-15000.0,demand,2026-08-30T07:47:01.866797+00:00
7a63db49-1447-4a24-b18c-120cc5c7bfb5,fUST,0.000148,30,4,-20000.0,demand,2026-08-30T07:47:01.866797+00:00
7a63db49-1447-4a24-b18c-120cc5c7bfb5,fUST,0.0001421,45,9,-80000.0,demand,2026-08-30T07:47:01.866797+00:00
7a63db49-1447-4a24-b18c-120cc5c7bfb5,fUST,0.000142,45,2,-20000.0,demand,2026-08-30T07:47:01.866797+00:00
7a63db49-1447-4a24-b18c-120cc5c7bfb5,fUST,0.0001401,30,11,-147973.68632078,demand,2026-08-30T07:47:01.866797+00:00
7a63db49-1447-4a24-b18c-120cc5c7bfb5,fUST,0.00014000000000000001,30,1,-28000.0,demand,2026-08-30T07:47:01.866797+00:00
7a63db49-1447-4a24-b18c-120cc5c7bfb5,fUST,0.000138,20,6,-49626.52669917,demand,2026-08-30T07:47:01.866797+00:00
7a63db49-1447-4a24-b18c-120cc5c7bfb5,fUST,0.000136,30,3,-19544.22120933,demand,2026-08-30T07:47:01.866797+00:00
7a63db49-1447-4a24-b18c-120cc5c7bfb5,fUST,0.000128,30,3,-30000.0,demand,2026-08-30T07:47:01.866797+00:00
7a63db49-1447-4a24-b18c-120cc5c7bfb5,fUST,0.000126,15,5,-45000.0,demand,2026-08-30T07:47:01.866797+00:00
7a63db49-1447-4a24-b18c-120cc5c7bfb5,fUST,0.000125,14,10,-94670.00029498,demand,2026-08-30T07:47:01.866797+00:00
7a63db49-1447-4a24-b18c-120cc5c7bfb5,fUST,0.0001225,59,1,-95000.0,demand,2026-08-30T07:47:01.866797+00:00
7a63db49-1447-4a24-b18c-120cc5c7bfb5,fUST,0.0001222,29,1,-194504.86890568,demand,2026-08-30T07:47:01.866797+00:00
7a63db49-1447-4a24-b18c-120cc5c7bfb5,fUST,0.0001202,19,1,-184532.71737778,demand,2026-08-30T07:47:01.866797+00:00
7a63db49-1447-4a24-b18c-120cc5c7bfb5,fUST,0.00012,120,1,-30000.0,demand,2026-08-30T07:47:01.866797+00:00
7a63db49-1447-4a24-b18c-120cc5c7bfb5,fUST,0.000117,2,1,-46394.03783738,demand,2026-08-30T07:47:01.866797+00:00
7a63db49-1447-4a24-b18c-120cc5c7bfb5,fUST,0.0001889275,2,1,208.06000006,offer,2026-08-30T07:47:01.866797+00:00
7a63db49-1447-4a24-b18c-120cc5c7bfb5,fUST,0.00019501,2,1,430.26012797,offer,2026-08-30T07:47:01.866797+00:00
7a63db49-1447-4a24-b18c-120cc5c7bfb5,fUST,0.0001958707127357462,2,1,1365.68478265,offer,2026-08-30T07:47:01.866797+00:00
7a63db49-1447-4a24-b18c-120cc5c7bfb5,fUST,0.00019802739726027397,4,4,1000.0,offer,2026-08-30T07:47:01.866797+00:00
7a63db49-1447-4a24-b18c-120cc5c7bfb5,fUST,0.00019880000000000003,3,3,1431.38,offer,2026-08-30T07:47:01.866797+00:00
7a63db49-1447-4a24-b18c-120cc5c7bfb5,fUST,0.00019889000000000002,2,7,3119.14873946,offer,2026-08-30T07:47:01.866797+00:00
7a63db49-1447-4a24-b18c-120cc5c7bfb5,fUST,0.0001989,2,16,162906.99098389,offer,2026-08-30T07:47:01.866797+00:00
7a63db49-1447-4a24-b18c-120cc5c7bfb5,fUST,0.00019895,2,2,1468.07730437,offer,2026-08-30T07:47:01.866797+00:00
7a63db49-1447-4a24-b18c-120cc5c7bfb5,fUST,0.000199,2,17,839704.89397272,offer,2026-08-30T07:47:01.866797+00:00
7a63db49-1447-4a24-b18c-120cc5c7bfb5,fUST,0.0001990001,2,2,1421.9,offer,2026-08-30T07:47:01.866797+00:00
7a63db49-1447-4a24-b18c-120cc5c7bfb5,fUST,0.000199329,2,1,188.0,offer,2026-08-30T07:47:01.866797+00:00
7a63db49-1447-4a24-b18c-120cc5c7bfb5,fUST,0.0001997,2,1,657.5306559,offer,2026-08-30T07:47:01.866797+00:00
7a63db49-1447-4a24-b18c-120cc5c7bfb5,fUST,0.00019985,2,1,1417.1766402,offer,2026-08-30T07:47:01.866797+00:00
7a63db49-1447-4a24-b18c-120cc5c7bfb5,fUST,0.000199870006,2,1,161.19454324,offer,2026-08-30T07:47:01.866797+00:00
7a63db49-1447-4a24-b18c-120cc5c7bfb5,fUST,0.00019997,2,1,1891.73905927,offer,2026-08-30T07:47:01.866797+00:00
7a63db49-1447-4a24-b18c-120cc5c7bfb5,fUST,0.00019999,2,4,905028.01279923,offer,2026-08-30T07:47:01.866797+00:00
7a63db49-1447-4a24-b18c-120cc5c7bfb5,fUST,0.0002,2,1,500.36239466,offer,2026-08-30T07:47:01.866797+00:00
7a63db49-1447-4a24-b18c-120cc5c7bfb5,fUST,0.0002,5,1,5085.0,offer,2026-08-30T07:47:01.866797+00:00
7a63db49-1447-4a24-b18c-120cc5c7bfb5,fUST,0.0002,10,1,199.477914,offer,2026-08-30T07:47:01.866797+00:00
7a63db49-1447-4a24-b18c-120cc5c7bfb5,fUST,0.00020001,2,1,556.03,offer,2026-08-30T07:47:01.866797+00:00
7a63db49-1447-4a24-b18c-120cc5c7bfb5,fUST,0.0002005595,2,1,192.08678808,offer,2026-08-30T07:47:01.866797+00:00
7a63db49-1447-4a24-b18c-120cc5c7bfb5,fUST,0.00020298,4,1,701.07105974,offer,2026-08-30T07:47:01.866797+00:00
7a63db49-1447-4a24-b18c-120cc5c7bfb5,fUST,0.00020426,2,1,600.0,offer,2026-08-30T07:47:01.866797+00:00
7a63db49-1447-4a24-b18c-120cc5c7bfb5,fUST,0.000204834,7,1,168.34695116,offer,2026-08-30T07:47:01.866797+00:00
7a63db49-1447-4a24-b18c-120cc5c7bfb5,fUST,0.00020535000599999998,2,1,161.19454324,offer,2026-08-30T07:47:01.866797+00:00
1bc4a3b5-7546-4533-a8b6-49d84879fd57,fUST,0.0002671232876712329,120,1,-3119699.41068453,demand,2026-08-30T08:47:01.579961+00:00
1bc4a3b5-7546-4533-a8b6-49d84879fd57,fUST,0.000247980821,120,1,-56568.59382046,demand,2026-08-30T08:47:01.579961+00:00
1bc4a3b5-7546-4533-a8b6-49d84879fd57,fUST,0.0002382876712328767,120,1,-3379644.16262719,demand,2026-08-30T08:47:01.579961+00:00
1bc4a3b5-7546-4533-a8b6-49d84879fd57,fUST,0.00016,120,1,-2000.0,demand,2026-08-30T08:47:01.579961+00:00
1bc4a3b5-7546-4533-a8b6-49d84879fd57,fUST,0.00016,60,18,-402330.8297215,demand,2026-08-30T08:47:01.579961+00:00
1bc4a3b5-7546-4533-a8b6-49d84879fd57,fUST,0.00015,90,1,-2000.0,demand,2026-08-30T08:47:01.579961+00:00
1bc4a3b5-7546-4533-a8b6-49d84879fd57,fUST,0.00015,120,1,-300000.0,demand,2026-08-30T08:47:01.579961+00:00
1bc4a3b5-7546-4533-a8b6-49d84879fd57,fUST,0.00015,45,3,-13845.272985,demand,2026-08-30T08:47:01.579961+00:00
1bc4a3b5-7546-4533-a8b6-49d84879fd57,fUST,0.00015,60,1,-28000.0,demand,2026-08-30T08:47:01.579961+00:00
1bc4a3b5-7546-4533-a8b6-49d84879fd57,fUST,0.00015,30,8,-15000.0,demand,2026-08-30T08:47:01.579961+00:00
1bc4a3b5-7546-4533-a8b6-49d84879fd57,fUST,0.000148,30,4,-20000.0,demand,2026-08-30T08:47:01.579961+00:00
1bc4a3b5-7546-4533-a8b6-49d84879fd57,fUST,0.0001421,45,9,-80000.0,demand,2026-08-30T08:47:01.579961+00:00
1bc4a3b5-7546-4533-a8b6-49d84879fd57,fUST,0.000142,45,2,-20000.0,demand,2026-08-30T08:47:01.579961+00:00
1bc4a3b5-7546-4533-a8b6-49d84879fd57,fUST,0.0001401,30,11,-147973.68632078,demand,2026-08-30T08:47:01.579961+00:00
1bc4a3b5-7546-4533-a8b6-49d84879fd57,fUST,0.00014000000000000001,30,1,-28000.0,demand,2026-08-30T08:47:01.579961+00:00
1bc4a3b5-7546-4533-a8b6-49d84879fd57,fUST,0.000138,20,6,-49626.52669917,demand,2026-08-30T08:47:01.579961+00:00
1bc4a3b5-7546-4533-a8b6-49d84879fd57,fUST,0.000136,30,3,-19544.22120933,demand,2026-08-30T08:47:01.579961+00:00
1bc4a3b5-7546-4533-a8b6-49d84879fd57,fUST,0.000128,30,3,-30000.0,demand,2026-08-30T08:47:01.579961+00:00
1bc4a3b5-7546-4533-a8b6-49d84879fd57,fUST,0.000126,15,5,-45000.0,demand,2026-08-30T08:47:01.579961+00:00
1bc4a3b5-7546-4533-a8b6-49d84879fd57,fUST,0.000125,14,10,-94670.00029498,demand,2026-08-30T08:47:01.579961+00:00
1bc4a3b5-7546-4533-a8b6-49d84879fd57,fUST,0.0001225,59,1,-95000.0,demand,2026-08-30T08:47:01.579961+00:00
1bc4a3b5-7546-4533-a8b6-49d84879fd57,fUST,0.0001222,29,1,-194504.86890568,demand,2026-08-30T08:47:01.579961+00:00
1bc4a3b5-7546-4533-a8b6-49d84879fd57,fUST,0.0001202,19,1,-184532.71737778,demand,2026-08-30T08:47:01.579961+00:00
1bc4a3b5-7546-4533-a8b6-49d84879fd57,fUST,0.00012,120,1,-30000.0,demand,2026-08-30T08:47:01.579961+00:00
1bc4a3b5-7546-4533-a8b6-49d84879fd57,fUST,0.000117,2,1,-46394.03783738,demand,2026-08-30T08:47:01.579961+00:00
1bc4a3b5-7546-4533-a8b6-49d84879fd57,fUST,0.0001469495,7,1,7.61946997,offer,2026-08-30T08:47:01.579961+00:00
1bc4a3b5-7546-4533-a8b6-49d84879fd57,fUST,0.000147,2,1,631.70492412,offer,2026-08-30T08:47:01.579961+00:00
1bc4a3b5-7546-4533-a8b6-49d84879fd57,fUST,0.00014988849,7,2,310.29159224,offer,2026-08-30T08:47:01.579961+00:00
1bc4a3b5-7546-4533-a8b6-49d84879fd57,fUST,0.000154296975,7,1,157.29159224,offer,2026-08-30T08:47:01.579961+00:00
1bc4a3b5-7546-4533-a8b6-49d84879fd57,fUST,0.00015444,2,1,200.0,offer,2026-08-30T08:47:01.579961+00:00
1bc4a3b5-7546-4533-a8b6-49d84879fd57,fUST,0.00015870546000000004,7,2,460.70983948,offer,2026-08-30T08:47:01.579961+00:00
1bc4a3b5-7546-4533-a8b6-49d84879fd57,fUST,0.00016458344000000002,7,1,157.29159228,offer,2026-08-30T08:47:01.579961+00:00
1bc4a3b5-7546-4533-a8b6-49d84879fd57,fUST,0.000168,2,3,490.87284549,offer,2026-08-30T08:47:01.579961+00:00
1bc4a3b5-7546-4533-a8b6-49d84879fd57,fUST,0.00017455736301369863,2,1,516.937605,offer,2026-08-30T08:47:01.579961+00:00
1bc4a3b5-7546-4533-a8b6-49d84879fd57,fUST,0.00017991883561643834,2,2,882.68587741,offer,2026-08-30T08:47:01.579961+00:00
1bc4a3b5-7546-4533-a8b6-49d84879fd57,fUST,0.0001834931506849315,2,4,800.95727842,offer,2026-08-30T08:47:01.579961+00:00
1bc4a3b5-7546-4533-a8b6-49d84879fd57,fUST,0.00018400000000000005,2,1,151.30321796,offer,2026-08-30T08:47:01.579961+00:00
1bc4a3b5-7546-4533-a8b6-49d84879fd57,fUST,0.00018715,2,15,4500.0,offer,2026-08-30T08:47:01.579961+00:00
1bc4a3b5-7546-4533-a8b6-49d84879fd57,fUST,0.00019088,2,1,600.0,offer,2026-08-30T08:47:01.579961+00:00
1bc4a3b5-7546-4533-a8b6-49d84879fd57,fUST,0.000191,20,1,210.02811604,offer,2026-08-30T08:47:01.579961+00:00
1bc4a3b5-7546-4533-a8b6-49d84879fd57,fUST,0.0001938769911,2,1,1302.44719,offer,2026-08-30T08:47:01.579961+00:00
1bc4a3b5-7546-4533-a8b6-49d84879fd57,fUST,0.00019695890412,2,2,932.4366272,offer,2026-08-30T08:47:01.579961+00:00
1bc4a3b5-7546-4533-a8b6-49d84879fd57,fUST,0.00019699726028,2,2,302.0,offer,2026-08-30T08:47:01.579961+00:00
1bc4a3b5-7546-4533-a8b6-49d84879fd57,fUST,0.000198054,2,2,666.899,offer,2026-08-30T08:47:01.579961+00:00
1bc4a3b5-7546-4533-a8b6-49d84879fd57,fUST,0.00019884,2,1,255.92011555,offer,2026-08-30T08:47:01.579961+00:00
1bc4a3b5-7546-4533-a8b6-49d84879fd57,fUST,0.00019889,2,1,281.61,offer,2026-08-30T08:47:01.579961+00:00
1bc4a3b5-7546-4533-a8b6-49d84879fd57,fUST,0.0001989,2,3,4655.70952973,offer,2026-08-30T08:47:01.579961+00:00
1bc4a3b5-7546-4533-a8b6-49d84879fd57,fUST,0.0001989,3,4,1526.41,offer,2026-08-30T08:47:01.579961+00:00
1bc4a3b5-7546-4533-a8b6-49d84879fd57,fUST,0.00019898,2,2,453.87065763,offer,2026-08-30T08:47:01.579961+00:00
1bc4a3b5-7546-4533-a8b6-49d84879fd57,fUST,0.00019899,2,6,3062.52079662,offer,2026-08-30T08:47:01.579961+00:00
e89213dc-2ed4-43d3-ac48-db51d9397da4,fUST,0.0002671232876712329,120,1,-3119436.22962823,demand,2026-08-30T09:47:01.601389+00:00
e89213dc-2ed4-43d3-ac48-db51d9397da4,fUST,0.000247980821,120,1,-56568.59382046,demand,2026-08-30T09:47:01.601389+00:00
e89213dc-2ed4-43d3-ac48-db51d9397da4,fUST,0.00023832328767123287,120,1,-3379491.97949009,demand,2026-08-30T09:47:01.601389+00:00
e89213dc-2ed4-43d3-ac48-db51d9397da4,fUST,0.00016,120,1,-2000.0,demand,2026-08-30T09:47:01.601389+00:00
e89213dc-2ed4-43d3-ac48-db51d9397da4,fUST,0.00016,60,18,-402330.8297215,demand,2026-08-30T09:47:01.601389+00:00
e89213dc-2ed4-43d3-ac48-db51d9397da4,fUST,0.00015,90,1,-2000.0,demand,2026-08-30T09:47:01.601389+00:00
e89213dc-2ed4-43d3-ac48-db51d9397da4,fUST,0.00015,120,1,-300000.0,demand,2026-08-30T09:47:01.601389+00:00
e89213dc-2ed4-43d3-ac48-db51d9397da4,fUST,0.00015,45,3,-13845.272985,demand,2026-08-30T09:47:01.601389+00:00
e89213dc-2ed4-43d3-ac48-db51d9397da4,fUST,0.00015,60,1,-28000.0,demand,2026-08-30T09:47:01.601389+00:00
e89213dc-2ed4-43d3-ac48-db51d9397da4,fUST,0.00015,30,8,-15000.0,demand,2026-08-30T09:47:01.601389+00:00
e89213dc-2ed4-43d3-ac48-db51d9397da4,fUST,0.000148,30,4,-20000.0,demand,2026-08-30T09:47:01.601389+00:00
e89213dc-2ed4-43d3-ac48-db51d9397da4,fUST,0.0001421,45,9,-80000.0,demand,2026-08-30T09:47:01.601389+00:00
e89213dc-2ed4-43d3-ac48-db51d9397da4,fUST,0.000142,45,2,-20000.0,demand,2026-08-30T09:47:01.601389+00:00
e89213dc-2ed4-43d3-ac48-db51d9397da4,fUST,0.0001401,30,11,-147973.68632078,demand,2026-08-30T09:47:01.601389+00:00
e89213dc-2ed4-43d3-ac48-db51d9397da4,fUST,0.00014000000000000001,30,1,-28000.0,demand,2026-08-30T09:47:01.601389+00:00
e89213dc-2ed4-43d3-ac48-db51d9397da4,fUST,0.000138,20,6,-49626.52669917,demand,2026-08-30T09:47:01.601389+00:00
e89213dc-2ed4-43d3-ac48-db51d9397da4,fUST,0.000136,30,3,-19544.22120933,demand,2026-08-30T09:47:01.601389+00:00
e89213dc-2ed4-43d3-ac48-db51d9397da4,fUST,0.000128,30,3,-30000.0,demand,2026-08-30T09:47:01.601389+00:00
e89213dc-2ed4-43d3-ac48-db51d9397da4,fUST,0.000126,15,5,-45000.0,demand,2026-08-30T09:47:01.601389+00:00
e89213dc-2ed4-43d3-ac48-db51d9397da4,fUST,0.000125,14,10,-94670.00029498,demand,2026-08-30T09:47:01.601389+00:00
e89213dc-2ed4-43d3-ac48-db51d9397da4,fUST,0.0001225,59,1,-95000.0,demand,2026-08-30T09:47:01.601389+00:00
e89213dc-2ed4-43d3-ac48-db51d9397da4,fUST,0.0001222,29,1,-194504.86890568,demand,2026-08-30T09:47:01.601389+00:00
e89213dc-2ed4-43d3-ac48-db51d9397da4,fUST,0.0001202,19,1,-184532.71737778,demand,2026-08-30T09:47:01.601389+00:00
e89213dc-2ed4-43d3-ac48-db51d9397da4,fUST,0.00012,120,1,-30000.0,demand,2026-08-30T09:47:01.601389+00:00
e89213dc-2ed4-43d3-ac48-db51d9397da4,fUST,0.000117,2,1,-16758.75089299,demand,2026-08-30T09:47:01.601389+00:00
e89213dc-2ed4-43d3-ac48-db51d9397da4,fUST,0.00016426,2,4,1696.23570077,offer,2026-08-30T09:47:01.601389+00:00
e89213dc-2ed4-43d3-ac48-db51d9397da4,fUST,0.00016426,7,1,335.54231541,offer,2026-08-30T09:47:01.601389+00:00
e89213dc-2ed4-43d3-ac48-db51d9397da4,fUST,0.00016427,2,1,501.76526193,offer,2026-08-30T09:47:01.601389+00:00
e89213dc-2ed4-43d3-ac48-db51d9397da4,fUST,0.0001646,2,1,200.7,offer,2026-08-30T09:47:01.601389+00:00
e89213dc-2ed4-43d3-ac48-db51d9397da4,fUST,0.00016999,2,15,7087.19819687,offer,2026-08-30T09:47:01.601389+00:00
e89213dc-2ed4-43d3-ac48-db51d9397da4,fUST,0.00017,2,2,328.51289614,offer,2026-08-30T09:47:01.601389+00:00
e89213dc-2ed4-43d3-ac48-db51d9397da4,fUST,0.00017339,2,16,5100.0,offer,2026-08-30T09:47:01.601389+00:00
e89213dc-2ed4-43d3-ac48-db51d9397da4,fUST,0.00017459164383561642,2,2,1302.01441728,offer,2026-08-30T09:47:01.601389+00:00
e89213dc-2ed4-43d3-ac48-db51d9397da4,fUST,0.00017690083333333335,2,2,1024.14769796,offer,2026-08-30T09:47:01.601389+00:00
e89213dc-2ed4-43d3-ac48-db51d9397da4,fUST,0.00017691083333333334,2,7,4423.0,offer,2026-08-30T09:47:01.601389+00:00
e89213dc-2ed4-43d3-ac48-db51d9397da4,fUST,0.0001771313,2,1,163.28362,offer,2026-08-30T09:47:01.601389+00:00
e89213dc-2ed4-43d3-ac48-db51d9397da4,fUST,0.0001772667792,2,1,2033.928921,offer,2026-08-30T09:47:01.601389+00:00
e89213dc-2ed4-43d3-ac48-db51d9397da4,fUST,0.0001774164,2,2,4798.52690256,offer,2026-08-30T09:47:01.601389+00:00
e89213dc-2ed4-43d3-ac48-db51d9397da4,fUST,0.000179726,2,5,14773.81333652,offer,2026-08-30T09:47:01.601389+00:00
e89213dc-2ed4-43d3-ac48-db51d9397da4,fUST,0.00017994312328767123,2,1,151.92943404,offer,2026-08-30T09:47:01.601389+00:00
e89213dc-2ed4-43d3-ac48-db51d9397da4,fUST,0.00017995342465753424,2,1,500.0,offer,2026-08-30T09:47:01.601389+00:00
e89213dc-2ed4-43d3-ac48-db51d9397da4,fUST,0.00017995391780821916,2,3,946.48144605,offer,2026-08-30T09:47:01.601389+00:00
e89213dc-2ed4-43d3-ac48-db51d9397da4,fUST,0.00017998360273972604,2,1,569.1724433,offer,2026-08-30T09:47:01.601389+00:00
e89213dc-2ed4-43d3-ac48-db51d9397da4,fUST,0.0001826931506849315,2,1,500.0,offer,2026-08-30T09:47:01.601389+00:00
e89213dc-2ed4-43d3-ac48-db51d9397da4,fUST,0.0001835123287671233,9,1,136.08,offer,2026-08-30T09:47:01.601389+00:00
e89213dc-2ed4-43d3-ac48-db51d9397da4,fUST,0.0001835178082191781,2,2,496.61828295,offer,2026-08-30T09:47:01.601389+00:00
e89213dc-2ed4-43d3-ac48-db51d9397da4,fUST,0.00018352876712328766,2,8,2130.23041483,offer,2026-08-30T09:47:01.601389+00:00
e89213dc-2ed4-43d3-ac48-db51d9397da4,fUST,0.00018354890410958905,2,1,340.22480066,offer,2026-08-30T09:47:01.601389+00:00
e89213dc-2ed4-43d3-ac48-db51d9397da4,fUST,0.00018355890410958904,2,8,1589.81393596,offer,2026-08-30T09:47:01.601389+00:00
e89213dc-2ed4-43d3-ac48-db51d9397da4,fUST,0.00018543287671232876,2,1,500.0,offer,2026-08-30T09:47:01.601389+00:00
3f73a233-b0d7-4d8e-a790-274145d4ae5f,fUST,0.0002671232876712329,120,1,-3119019.57311926,demand,2026-08-30T10:47:01.856233+00:00
3f73a233-b0d7-4d8e-a790-274145d4ae5f,fUST,0.000247980821,120,1,-56568.59382046,demand,2026-08-30T10:47:01.856233+00:00
3f73a233-b0d7-4d8e-a790-274145d4ae5f,fUST,0.0002385890410958904,120,1,-3379491.97949009,demand,2026-08-30T10:47:01.856233+00:00
3f73a233-b0d7-4d8e-a790-274145d4ae5f,fUST,0.00016,120,1,-2000.0,demand,2026-08-30T10:47:01.856233+00:00
3f73a233-b0d7-4d8e-a790-274145d4ae5f,fUST,0.00016,60,18,-402330.8297215,demand,2026-08-30T10:47:01.856233+00:00
3f73a233-b0d7-4d8e-a790-274145d4ae5f,fUST,0.00015,90,1,-2000.0,demand,2026-08-30T10:47:01.856233+00:00
3f73a233-b0d7-4d8e-a790-274145d4ae5f,fUST,0.00015,120,1,-300000.0,demand,2026-08-30T10:47:01.856233+00:00
3f73a233-b0d7-4d8e-a790-274145d4ae5f,fUST,0.00015,45,3,-13845.272985,demand,2026-08-30T10:47:01.856233+00:00
3f73a233-b0d7-4d8e-a790-274145d4ae5f,fUST,0.00015,60,1,-28000.0,demand,2026-08-30T10:47:01.856233+00:00
3f73a233-b0d7-4d8e-a790-274145d4ae5f,fUST,0.00015,30,8,-15000.0,demand,2026-08-30T10:47:01.856233+00:00
3f73a233-b0d7-4d8e-a790-274145d4ae5f,fUST,0.000148,30,4,-20000.0,demand,2026-08-30T10:47:01.856233+00:00
3f73a233-b0d7-4d8e-a790-274145d4ae5f,fUST,0.0001421,45,9,-80000.0,demand,2026-08-30T10:47:01.856233+00:00
3f73a233-b0d7-4d8e-a790-274145d4ae5f,fUST,0.000142,45,2,-20000.0,demand,2026-08-30T10:47:01.856233+00:00
3f73a233-b0d7-4d8e-a790-274145d4ae5f,fUST,0.0001401,30,11,-147973.68632078,demand,2026-08-30T10:47:01.856233+00:00
3f73a233-b0d7-4d8e-a790-274145d4ae5f,fUST,0.00014000000000000001,30,1,-28000.0,demand,2026-08-30T10:47:01.856233+00:00
3f73a233-b0d7-4d8e-a790-274145d4ae5f,fUST,0.000138,20,6,-49626.52669917,demand,2026-08-30T10:47:01.856233+00:00
3f73a233-b0d7-4d8e-a790-274145d4ae5f,fUST,0.000136,30,3,-19544.22120933,demand,2026-08-30T10:47:01.856233+00:00
3f73a233-b0d7-4d8e-a790-274145d4ae5f,fUST,0.000128,30,3,-30000.0,demand,2026-08-30T10:47:01.856233+00:00
3f73a233-b0d7-4d8e-a790-274145d4ae5f,fUST,0.000126,15,5,-45000.0,demand,2026-08-30T10:47:01.856233+00:00
3f73a233-b0d7-4d8e-a790-274145d4ae5f,fUST,0.000125,14,10,-94670.00029498,demand,2026-08-30T10:47:01.856233+00:00
3f73a233-b0d7-4d8e-a790-274145d4ae5f,fUST,0.0001225,59,1,-95000.0,demand,2026-08-30T10:47:01.856233+00:00
3f73a233-b0d7-4d8e-a790-274145d4ae5f,fUST,0.0001222,29,1,-194504.86890568,demand,2026-08-30T10:47:01.856233+00:00
3f73a233-b0d7-4d8e-a790-274145d4ae5f,fUST,0.0001202,19,1,-184532.71737778,demand,2026-08-30T10:47:01.856233+00:00
3f73a233-b0d7-4d8e-a790-274145d4ae5f,fUST,0.00012,120,1,-30000.0,demand,2026-08-30T10:47:01.856233+00:00
3f73a233-b0d7-4d8e-a790-274145d4ae5f,fUST,0.000117,2,1,-15758.75089299,demand,2026-08-30T10:47:01.856233+00:00
3f73a233-b0d7-4d8e-a790-274145d4ae5f,fUST,0.0001516083,2,1,78.20229173,offer,2026-08-30T10:47:01.856233+00:00
3f73a233-b0d7-4d8e-a790-274145d4ae5f,fUST,0.000151706,2,1,266.994746,offer,2026-08-30T10:47:01.856233+00:00
3f73a233-b0d7-4d8e-a790-274145d4ae5f,fUST,0.0001521277,2,1,164.78079,offer,2026-08-30T10:47:01.856233+00:00
3f73a233-b0d7-4d8e-a790-274145d4ae5f,fUST,0.00015638,2,1,244.78644515,offer,2026-08-30T10:47:01.856233+00:00
3f73a233-b0d7-4d8e-a790-274145d4ae5f,fUST,0.00015789,2,3,610.79613614,offer,2026-08-30T10:47:01.856233+00:00
3f73a233-b0d7-4d8e-a790-274145d4ae5f,fUST,0.00016060000000000005,2,50,24299.24795231,offer,2026-08-30T10:47:01.856233+00:00
3f73a233-b0d7-4d8e-a790-274145d4ae5f,fUST,0.00016061,2,1,503.70971421,offer,2026-08-30T10:47:01.856233+00:00
3f73a233-b0d7-4d8e-a790-274145d4ae5f,fUST,0.00016061000000000005,2,2,1267.67704674,offer,2026-08-30T10:47:01.856233+00:00
3f73a233-b0d7-4d8e-a790-274145d4ae5f,fUST,0.00016062000000000004,2,2,1269.73726064,offer,2026-08-30T10:47:01.856233+00:00
3f73a233-b0d7-4d8e-a790-274145d4ae5f,fUST,0.00016067123287671233,2,1,537.15711178,offer,2026-08-30T10:47:01.856233+00:00
3f73a233-b0d7-4d8e-a790-274145d4ae5f,fUST,0.00016068,2,2,669.80276571,offer,2026-08-30T10:47:01.856233+00:00
3f73a233-b0d7-4d8e-a790-274145d4ae5f,fUST,0.00016128,2,1,275.46571993,offer,2026-08-30T10:47:01.856233+00:00
3f73a233-b0d7-4d8e-a790-274145d4ae5f,fUST,0.00016232545205479453,2,1,266.994746,offer,2026-08-30T10:47:01.856233+00:00
3f73a233-b0d7-4d8e-a790-274145d4ae5f,fUST,0.00016428000000000002,3,2,700.88,offer,2026-08-30T10:47:01.856233+00:00
3f73a233-b0d7-4d8e-a790-274145d4ae5f,fUST,0.00016437,2,1,250.54296488,offer,2026-08-30T10:47:01.856233+00:00
3f73a233-b0d7-4d8e-a790-274145d4ae5f,fUST,0.00016438,2,14,133000.95967776,offer,2026-08-30T10:47:01.856233+00:00
3f73a233-b0d7-4d8e-a790-274145d4ae5f,fUST,0.00016438,3,1,633.96098364,offer,2026-08-30T10:47:01.856233+00:00
3f73a233-b0d7-4d8e-a790-274145d4ae5f,fUST,0.000166,2,1,151.0,offer,2026-08-30T10:47:01.856233+00:00
3f73a233-b0d7-4d8e-a790-274145d4ae5f,fUST,0.0001665688509,2,1,1576.705609,offer,2026-08-30T10:47:01.856233+00:00
3f73a233-b0d7-4d8e-a790-274145d4ae5f,fUST,0.00016676,2,1,600.0,offer,2026-08-30T10:47:01.856233+00:00
3f73a233-b0d7-4d8e-a790-274145d4ae5f,fUST,0.00016684339726027395,2,3,1777.83687244,offer,2026-08-30T10:47:01.856233+00:00
3f73a233-b0d7-4d8e-a790-274145d4ae5f,fUST,0.00016705968150684933,2,13,5615.39475874,offer,2026-08-30T10:47:01.856233+00:00
3f73a233-b0d7-4d8e-a790-274145d4ae5f,fUST,0.00016766,2,14,4200.0,offer,2026-08-30T10:47:01.856233+00:00
3f73a233-b0d7-4d8e-a790-274145d4ae5f,fUST,0.000168,2,1,162.70456691,offer,2026-08-30T10:47:01.856233+00:00
3f73a233-b0d7-4d8e-a790-274145d4ae5f,fUST,0.00016975167624999995,2,1,1362.78270235,offer,2026-08-30T10:47:01.856233+00:00
e2c96737-32d5-479c-8e71-c437fae88b93,fUST,0.0002671232876712329,120,1,-3101699.12972085,demand,2026-08-30T11:47:01.757655+00:00
e2c96737-32d5-479c-8e71-c437fae88b93,fUST,0.000247980821,120,1,-56568.59382046,demand,2026-08-30T11:47:01.757655+00:00
e2c96737-32d5-479c-8e71-c437fae88b93,fUST,0.0002385780821917808,120,1,-3379491.97949009,demand,2026-08-30T11:47:01.757655+00:00
e2c96737-32d5-479c-8e71-c437fae88b93,fUST,0.00016,120,1,-2000.0,demand,2026-08-30T11:47:01.757655+00:00
e2c96737-32d5-479c-8e71-c437fae88b93,fUST,0.00016,60,18,-402330.8297215,demand,2026-08-30T11:47:01.757655+00:00
e2c96737-32d5-479c-8e71-c437fae88b93,fUST,0.00015,90,1,-2000.0,demand,2026-08-30T11:47:01.757655+00:00
e2c96737-32d5-479c-8e71-c437fae88b93,fUST,0.00015,120,1,-300000.0,demand,2026-08-30T11:47:01.757655+00:00
e2c96737-32d5-479c-8e71-c437fae88b93,fUST,0.00015,45,3,-13845.272985,demand,2026-08-30T11:47:01.757655+00:00
e2c96737-32d5-479c-8e71-c437fae88b93,fUST,0.00015,60,1,-28000.0,demand,2026-08-30T11:47:01.757655+00:00
e2c96737-32d5-479c-8e71-c437fae88b93,fUST,0.00015,30,8,-15000.0,demand,2026-08-30T11:47:01.757655+00:00
e2c96737-32d5-479c-8e71-c437fae88b93,fUST,0.000148,30,4,-20000.0,demand,2026-08-30T11:47:01.757655+00:00
e2c96737-32d5-479c-8e71-c437fae88b93,fUST,0.0001421,45,9,-80000.0,demand,2026-08-30T11:47:01.757655+00:00
e2c96737-32d5-479c-8e71-c437fae88b93,fUST,0.000142,45,2,-20000.0,demand,2026-08-30T11:47:01.757655+00:00
e2c96737-32d5-479c-8e71-c437fae88b93,fUST,0.0001401,30,11,-147973.68632078,demand,2026-08-30T11:47:01.757655+00:00
e2c96737-32d5-479c-8e71-c437fae88b93,fUST,0.00014000000000000001,30,1,-28000.0,demand,2026-08-30T11:47:01.757655+00:00
e2c96737-32d5-479c-8e71-c437fae88b93,fUST,0.000138,20,6,-49626.52669917,demand,2026-08-30T11:47:01.757655+00:00
e2c96737-32d5-479c-8e71-c437fae88b93,fUST,0.000136,30,3,-19544.22120933,demand,2026-08-30T11:47:01.757655+00:00
e2c96737-32d5-479c-8e71-c437fae88b93,fUST,0.000128,30,3,-30000.0,demand,2026-08-30T11:47:01.757655+00:00
e2c96737-32d5-479c-8e71-c437fae88b93,fUST,0.000126,15,5,-45000.0,demand,2026-08-30T11:47:01.757655+00:00
e2c96737-32d5-479c-8e71-c437fae88b93,fUST,0.000125,14,10,-94670.00029498,demand,2026-08-30T11:47:01.757655+00:00
e2c96737-32d5-479c-8e71-c437fae88b93,fUST,0.0001225,59,1,-95000.0,demand,2026-08-30T11:47:01.757655+00:00
e2c96737-32d5-479c-8e71-c437fae88b93,fUST,0.0001222,29,1,-194504.86890568,demand,2026-08-30T11:47:01.757655+00:00
e2c96737-32d5-479c-8e71-c437fae88b93,fUST,0.0001202,19,1,-184532.71737778,demand,2026-08-30T11:47:01.757655+00:00
e2c96737-32d5-479c-8e71-c437fae88b93,fUST,0.00012,120,1,-30000.0,demand,2026-08-30T11:47:01.757655+00:00
e2c96737-32d5-479c-8e71-c437fae88b93,fUST,0.000117,2,1,-14724.98853663,demand,2026-08-30T11:47:01.757655+00:00
e2c96737-32d5-479c-8e71-c437fae88b93,fUST,0.0001485,2,1,50.32787773,offer,2026-08-30T11:47:01.757655+00:00
e2c96737-32d5-479c-8e71-c437fae88b93,fUST,0.00015,2,1,9332.73034927,offer,2026-08-30T11:47:01.757655+00:00
e2c96737-32d5-479c-8e71-c437fae88b93,fUST,0.0001514992,2,1,263.16,offer,2026-08-30T11:47:01.757655+00:00
e2c96737-32d5-479c-8e71-c437fae88b93,fUST,0.0001519,2,2,1000.0,offer,2026-08-30T11:47:01.757655+00:00
e2c96737-32d5-479c-8e71-c437fae88b93,fUST,0.00015191,2,1,500.0,offer,2026-08-30T11:47:01.757655+00:00
e2c96737-32d5-479c-8e71-c437fae88b93,fUST,0.00015270570000000002,2,15,6513.16893199,offer,2026-08-30T11:47:01.757655+00:00
e2c96737-32d5-479c-8e71-c437fae88b93,fUST,0.0001527257,2,2,15191.30181663,offer,2026-08-30T11:47:01.757655+00:00
e2c96737-32d5-479c-8e71-c437fae88b93,fUST,0.0001527257,4,1,168.79572055,offer,2026-08-30T11:47:01.757655+00:00
e2c96737-32d5-479c-8e71-c437fae88b93,fUST,0.0001531601568,2,1,172.892986,offer,2026-08-30T11:47:01.757655+00:00
e2c96737-32d5-479c-8e71-c437fae88b93,fUST,0.00015649999999999998,2,1,1182.0813112,offer,2026-08-30T11:47:01.757655+00:00
e2c96737-32d5-479c-8e71-c437fae88b93,fUST,0.00015659999999999998,2,1,1151.54438628,offer,2026-08-30T11:47:01.757655+00:00
e2c96737-32d5-479c-8e71-c437fae88b93,fUST,0.0001568,2,2,2269.30580848,offer,2026-08-30T11:47:01.757655+00:00
e2c96737-32d5-479c-8e71-c437fae88b93,fUST,0.00016041,2,3,1396.54387059,offer,2026-08-30T11:47:01.757655+00:00
e2c96737-32d5-479c-8e71-c437fae88b93,fUST,0.00016078,2,1,309.37,offer,2026-08-30T11:47:01.757655+00:00
e2c96737-32d5-479c-8e71-c437fae88b93,fUST,0.0001644,2,2,329.11497212,offer,2026-08-30T11:47:01.757655+00:00
e2c96737-32d5-479c-8e71-c437fae88b93,fUST,0.0001645,2,1,3000.0,offer,2026-08-30T11:47:01.757655+00:00
e2c96737-32d5-479c-8e71-c437fae88b93,fUST,0.0001646,2,1,3000.0,offer,2026-08-30T11:47:01.757655+00:00
e2c96737-32d5-479c-8e71-c437fae88b93,fUST,0.00016469,2,1,372.84216797,offer,2026-08-30T11:47:01.757655+00:00
e2c96737-32d5-479c-8e71-c437fae88b93,fUST,0.0001647,2,1,3000.0,offer,2026-08-30T11:47:01.757655+00:00
e2c96737-32d5-479c-8e71-c437fae88b93,fUST,0.0001648,2,23,275823.47328809,offer,2026-08-30T11:47:01.757655+00:00
e2c96737-32d5-479c-8e71-c437fae88b93,fUST,0.0001649,2,1,3000.0,offer,2026-08-30T11:47:01.757655+00:00
e2c96737-32d5-479c-8e71-c437fae88b93,fUST,0.000165,2,1,3300.767885,offer,2026-08-30T11:47:01.757655+00:00
e2c96737-32d5-479c-8e71-c437fae88b93,fUST,0.00016683576369863016,2,2,342.93623201,offer,2026-08-30T11:47:01.757655+00:00
e2c96737-32d5-479c-8e71-c437fae88b93,fUST,0.00016753972602739727,2,1,500.0,offer,2026-08-30T11:47:01.757655+00:00
e2c96737-32d5-479c-8e71-c437fae88b93,fUST,0.00016788,3,5,2878.53,offer,2026-08-30T11:47:01.757655+00:00
d44db24c-294d-4ecf-87ea-382892ef8e08,fUST,0.0002671232876712329,120,1,-3083387.6292888,demand,2026-08-30T12:47:01.957009+00:00
d44db24c-294d-4ecf-87ea-382892ef8e08,fUST,0.000247980821,120,1,-56568.59382046,demand,2026-08-30T12:47:01.957009+00:00
d44db24c-294d-4ecf-87ea-382892ef8e08,fUST,0.00023867123287671233,120,1,-3379491.97949009,demand,2026-08-30T12:47:01.957009+00:00
d44db24c-294d-4ecf-87ea-382892ef8e08,fUST,0.00016,120,1,-2000.0,demand,2026-08-30T12:47:01.957009+00:00
d44db24c-294d-4ecf-87ea-382892ef8e08,fUST,0.00016,60,18,-402330.8297215,demand,2026-08-30T12:47:01.957009+00:00
d44db24c-294d-4ecf-87ea-382892ef8e08,fUST,0.00015,90,1,-2000.0,demand,2026-08-30T12:47:01.957009+00:00
d44db24c-294d-4ecf-87ea-382892ef8e08,fUST,0.00015,120,1,-300000.0,demand,2026-08-30T12:47:01.957009+00:00
d44db24c-294d-4ecf-87ea-382892ef8e08,fUST,0.00015,45,3,-13845.272985,demand,2026-08-30T12:47:01.957009+00:00
d44db24c-294d-4ecf-87ea-382892ef8e08,fUST,0.00015,60,1,-28000.0,demand,2026-08-30T12:47:01.957009+00:00
d44db24c-294d-4ecf-87ea-382892ef8e08,fUST,0.00015,30,8,-15000.0,demand,2026-08-30T12:47:01.957009+00:00
d44db24c-294d-4ecf-87ea-382892ef8e08,fUST,0.000148,30,4,-20000.0,demand,2026-08-30T12:47:01.957009+00:00
d44db24c-294d-4ecf-87ea-382892ef8e08,fUST,0.0001421,45,9,-80000.0,demand,2026-08-30T12:47:01.957009+00:00
d44db24c-294d-4ecf-87ea-382892ef8e08,fUST,0.000142,45,2,-20000.0,demand,2026-08-30T12:47:01.957009+00:00
d44db24c-294d-4ecf-87ea-382892ef8e08,fUST,0.0001401,30,11,-147973.68632078,demand,2026-08-30T12:47:01.957009+00:00
d44db24c-294d-4ecf-87ea-382892ef8e08,fUST,0.00014000000000000001,30,1,-28000.0,demand,2026-08-30T12:47:01.957009+00:00
d44db24c-294d-4ecf-87ea-382892ef8e08,fUST,0.000138,20,6,-49626.52669917,demand,2026-08-30T12:47:01.957009+00:00
d44db24c-294d-4ecf-87ea-382892ef8e08,fUST,0.000136,30,3,-19544.22120933,demand,2026-08-30T12:47:01.957009+00:00
d44db24c-294d-4ecf-87ea-382892ef8e08,fUST,0.000128,30,3,-30000.0,demand,2026-08-30T12:47:01.957009+00:00
d44db24c-294d-4ecf-87ea-382892ef8e08,fUST,0.000126,15,5,-45000.0,demand,2026-08-30T12:47:01.957009+00:00
d44db24c-294d-4ecf-87ea-382892ef8e08,fUST,0.000125,14,10,-94670.00029498,demand,2026-08-30T12:47:01.957009+00:00
d44db24c-294d-4ecf-87ea-382892ef8e08,fUST,0.0001225,59,1,-95000.0,demand,2026-08-30T12:47:01.957009+00:00
d44db24c-294d-4ecf-87ea-382892ef8e08,fUST,0.0001222,29,1,-194504.86890568,demand,2026-08-30T12:47:01.957009+00:00
d44db24c-294d-4ecf-87ea-382892ef8e08,fUST,0.0001202,19,1,-184532.71737778,demand,2026-08-30T12:47:01.957009+00:00
d44db24c-294d-4ecf-87ea-382892ef8e08,fUST,0.00012,120,1,-30000.0,demand,2026-08-30T12:47:01.957009+00:00
d44db24c-294d-4ecf-87ea-382892ef8e08,fUST,0.000117,2,1,-14034.84025523,demand,2026-08-30T12:47:01.957009+00:00
d44db24c-294d-4ecf-87ea-382892ef8e08,fUST,0.0001632,2,6,2867.77459002,offer,2026-08-30T12:47:01.957009+00:00
d44db24c-294d-4ecf-87ea-382892ef8e08,fUST,0.00016645,2,15,4500.0,offer,2026-08-30T12:47:01.957009+00:00
d44db24c-294d-4ecf-87ea-382892ef8e08,fUST,0.0001674693493150685,2,1,175.8754184,offer,2026-08-30T12:47:01.957009+00:00
d44db24c-294d-4ecf-87ea-382892ef8e08,fUST,0.00016977,2,1,600.0,offer,2026-08-30T12:47:01.957009+00:00
d44db24c-294d-4ecf-87ea-382892ef8e08,fUST,0.00017058,2,1,200.0,offer,2026-08-30T12:47:01.957009+00:00
d44db24c-294d-4ecf-87ea-382892ef8e08,fUST,0.00017554623287671233,2,1,351.75083679,offer,2026-08-30T12:47:01.957009+00:00
d44db24c-294d-4ecf-87ea-382892ef8e08,fUST,0.0001785642,2,1,257.1167753,offer,2026-08-30T12:47:01.957009+00:00
d44db24c-294d-4ecf-87ea-382892ef8e08,fUST,0.00018093082191780822,2,1,527.62625519,offer,2026-08-30T12:47:01.957009+00:00
d44db24c-294d-4ecf-87ea-382892ef8e08,fUST,0.00018378,2,2,1000.0,offer,2026-08-30T12:47:01.957009+00:00
d44db24c-294d-4ecf-87ea-382892ef8e08,fUST,0.0001845205479452055,2,2,875.25679782,offer,2026-08-30T12:47:01.957009+00:00
d44db24c-294d-4ecf-87ea-382892ef8e08,fUST,0.00018675,2,1,720.0,offer,2026-08-30T12:47:01.957009+00:00
d44db24c-294d-4ecf-87ea-382892ef8e08,fUST,0.00018811027397260276,2,1,879.37709199,offer,2026-08-30T12:47:01.957009+00:00
d44db24c-294d-4ecf-87ea-382892ef8e08,fUST,0.00018987600599999999,2,1,307.79440488,offer,2026-08-30T12:47:01.957009+00:00
d44db24c-294d-4ecf-87ea-382892ef8e08,fUST,0.00018998,2,3,1500.0,offer,2026-08-30T12:47:01.957009+00:00
d44db24c-294d-4ecf-87ea-382892ef8e08,fUST,0.000189986,2,2,639.0,offer,2026-08-30T12:47:01.957009+00:00
d44db24c-294d-4ecf-87ea-382892ef8e08,fUST,0.00018999,2,4,1680.1739166,offer,2026-08-30T12:47:01.957009+00:00
d44db24c-294d-4ecf-87ea-382892ef8e08,fUST,0.0001916414182331954,2,5,1117.9694836,offer,2026-08-30T12:47:01.957009+00:00
d44db24c-294d-4ecf-87ea-382892ef8e08,fUST,0.000192,2,2,1032.86211766,offer,2026-08-30T12:47:01.957009+00:00
d44db24c-294d-4ecf-87ea-382892ef8e08,fUST,0.000194,2,3,2032.86211766,offer,2026-08-30T12:47:01.957009+00:00
d44db24c-294d-4ecf-87ea-382892ef8e08,fUST,0.000195,2,2,1032.86211766,offer,2026-08-30T12:47:01.957009+00:00
d44db24c-294d-4ecf-87ea-382892ef8e08,fUST,0.00019535600599999997,2,1,307.79440488,offer,2026-08-30T12:47:01.957009+00:00
d44db24c-294d-4ecf-87ea-382892ef8e08,fUST,0.000197,2,3,1552.37611766,offer,2026-08-30T12:47:01.957009+00:00
d44db24c-294d-4ecf-87ea-382892ef8e08,fUST,0.00019899,2,1,500.0,offer,2026-08-30T12:47:01.957009+00:00
d44db24c-294d-4ecf-87ea-382892ef8e08,fUST,0.000199,2,2,5518.99558682,offer,2026-08-30T12:47:01.957009+00:00
d44db24c-294d-4ecf-87ea-382892ef8e08,fUST,0.00019906427178773,2,1,733.61379249,offer,2026-08-30T12:47:01.957009+00:00
3d9976a9-9e4c-4281-a2c2-2023a533ebb6,fUST,0.0002671232876712329,120,1,-3073642.3629606,demand,2026-08-30T13:47:01.455870+00:00
3d9976a9-9e4c-4281-a2c2-2023a533ebb6,fUST,0.000247980821,120,1,-56568.59382046,demand,2026-08-30T13:47:01.455870+00:00
3d9976a9-9e4c-4281-a2c2-2023a533ebb6,fUST,0.00023884109589041095,120,1,-3379491.97949009,demand,2026-08-30T13:47:01.455870+00:00
3d9976a9-9e4c-4281-a2c2-2023a533ebb6,fUST,0.00016,120,1,-2000.0,demand,2026-08-30T13:47:01.455870+00:00
3d9976a9-9e4c-4281-a2c2-2023a533ebb6,fUST,0.00016,60,18,-402330.8297215,demand,2026-08-30T13:47:01.455870+00:00
3d9976a9-9e4c-4281-a2c2-2023a533ebb6,fUST,0.00015,90,1,-2000.0,demand,2026-08-30T13:47:01.455870+00:00
3d9976a9-9e4c-4281-a2c2-2023a533ebb6,fUST,0.00015,120,1,-300000.0,demand,2026-08-30T13:47:01.455870+00:00
3d9976a9-9e4c-4281-a2c2-2023a533ebb6,fUST,0.00015,45,3,-13845.272985,demand,2026-08-30T13:47:01.455870+00:00
3d9976a9-9e4c-4281-a2c2-2023a533ebb6,fUST,0.00015,60,1,-28000.0,demand,2026-08-30T13:47:01.455870+00:00
3d9976a9-9e4c-4281-a2c2-2023a533ebb6,fUST,0.00015,30,8,-15000.0,demand,2026-08-30T13:47:01.455870+00:00
3d9976a9-9e4c-4281-a2c2-2023a533ebb6,fUST,0.000148,30,4,-20000.0,demand,2026-08-30T13:47:01.455870+00:00
3d9976a9-9e4c-4281-a2c2-2023a533ebb6,fUST,0.0001421,45,9,-80000.0,demand,2026-08-30T13:47:01.455870+00:00
3d9976a9-9e4c-4281-a2c2-2023a533ebb6,fUST,0.000142,45,2,-20000.0,demand,2026-08-30T13:47:01.455870+00:00
3d9976a9-9e4c-4281-a2c2-2023a533ebb6,fUST,0.0001401,30,11,-147973.68632078,demand,2026-08-30T13:47:01.455870+00:00
3d9976a9-9e4c-4281-a2c2-2023a533ebb6,fUST,0.00014000000000000001,30,1,-28000.0,demand,2026-08-30T13:47:01.455870+00:00
3d9976a9-9e4c-4281-a2c2-2023a533ebb6,fUST,0.000138,20,6,-49626.52669917,demand,2026-08-30T13:47:01.455870+00:00
3d9976a9-9e4c-4281-a2c2-2023a533ebb6,fUST,0.000136,30,3,-19544.22120933,demand,2026-08-30T13:47:01.455870+00:00
3d9976a9-9e4c-4281-a2c2-2023a533ebb6,fUST,0.000128,30,3,-30000.0,demand,2026-08-30T13:47:01.455870+00:00
3d9976a9-9e4c-4281-a2c2-2023a533ebb6,fUST,0.000126,15,5,-45000.0,demand,2026-08-30T13:47:01.455870+00:00
3d9976a9-9e4c-4281-a2c2-2023a533ebb6,fUST,0.000125,14,10,-94670.00029498,demand,2026-08-30T13:47:01.455870+00:00
3d9976a9-9e4c-4281-a2c2-2023a533ebb6,fUST,0.0001225,59,1,-95000.0,demand,2026-08-30T13:47:01.455870+00:00
3d9976a9-9e4c-4281-a2c2-2023a533ebb6,fUST,0.0001222,29,1,-194504.86890568,demand,2026-08-30T13:47:01.455870+00:00
3d9976a9-9e4c-4281-a2c2-2023a533ebb6,fUST,0.0001202,19,1,-184532.71737778,demand,2026-08-30T13:47:01.455870+00:00
3d9976a9-9e4c-4281-a2c2-2023a533ebb6,fUST,0.00012,120,1,-30000.0,demand,2026-08-30T13:47:01.455870+00:00
3d9976a9-9e4c-4281-a2c2-2023a533ebb6,fUST,0.000117,2,1,-4623.14577456,demand,2026-08-30T13:47:01.455870+00:00
3d9976a9-9e4c-4281-a2c2-2023a533ebb6,fUST,0.00014066,2,1,4567.86976766,offer,2026-08-30T13:47:01.455870+00:00
3d9976a9-9e4c-4281-a2c2-2023a533ebb6,fUST,0.00014208,2,1,5000.0,offer,2026-08-30T13:47:01.455870+00:00
3d9976a9-9e4c-4281-a2c2-2023a533ebb6,fUST,0.00014352,2,1,4504.06073382,offer,2026-08-30T13:47:01.455870+00:00
3d9976a9-9e4c-4281-a2c2-2023a533ebb6,fUST,0.0001449665,2,2,302.0,offer,2026-08-30T13:47:01.455870+00:00
3d9976a9-9e4c-4281-a2c2-2023a533ebb6,fUST,0.000152484,2,2,302.0,offer,2026-08-30T13:47:01.455870+00:00
3d9976a9-9e4c-4281-a2c2-2023a533ebb6,fUST,0.000161406,2,1,151.0,offer,2026-08-30T13:47:01.455870+00:00
3d9976a9-9e4c-4281-a2c2-2023a533ebb6,fUST,0.00016313919999999998,2,1,180.0,offer,2026-08-30T13:47:01.455870+00:00
3d9976a9-9e4c-4281-a2c2-2023a533ebb6,fUST,0.0001663192,2,1,193.487329,offer,2026-08-30T13:47:01.455870+00:00
3d9976a9-9e4c-4281-a2c2-2023a533ebb6,fUST,0.00016696712328767124,2,1,273.25330367,offer,2026-08-30T13:47:01.455870+00:00
3d9976a9-9e4c-4281-a2c2-2023a533ebb6,fUST,0.00016696807876712328,2,1,711.91132096,offer,2026-08-30T13:47:01.455870+00:00
3d9976a9-9e4c-4281-a2c2-2023a533ebb6,fUST,0.00016859,2,4,2103.29024018,offer,2026-08-30T13:47:01.455870+00:00
3d9976a9-9e4c-4281-a2c2-2023a533ebb6,fUST,0.0001686,2,15,4500.0,offer,2026-08-30T13:47:01.455870+00:00
3d9976a9-9e4c-4281-a2c2-2023a533ebb6,fUST,0.000169494,2,1,164.604407,offer,2026-08-30T13:47:01.455870+00:00
3d9976a9-9e4c-4281-a2c2-2023a533ebb6,fUST,0.00017196,2,1,600.0,offer,2026-08-30T13:47:01.455870+00:00
3d9976a9-9e4c-4281-a2c2-2023a533ebb6,fUST,0.00017502674657534246,2,1,533.93349072,offer,2026-08-30T13:47:01.455870+00:00
3d9976a9-9e4c-4281-a2c2-2023a533ebb6,fUST,0.00017507421232876712,2,1,720.62656625,offer,2026-08-30T13:47:01.455870+00:00
3d9976a9-9e4c-4281-a2c2-2023a533ebb6,fUST,0.00017831989726027397,2,1,156.66224205,offer,2026-08-30T13:47:01.455870+00:00
3d9976a9-9e4c-4281-a2c2-2023a533ebb6,fUST,0.0001793081,2,1,1470.8754695,offer,2026-08-30T13:47:01.455870+00:00
3d9976a9-9e4c-4281-a2c2-2023a533ebb6,fUST,0.00018039919178082191,2,1,355.95566048,offer,2026-08-30T13:47:01.455870+00:00
3d9976a9-9e4c-4281-a2c2-2023a533ebb6,fUST,0.00018044776712328767,2,1,480.41771083,offer,2026-08-30T13:47:01.455870+00:00
3d9976a9-9e4c-4281-a2c2-2023a533ebb6,fUST,0.00018369234246575343,2,2,549.47172629,offer,2026-08-30T13:47:01.455870+00:00
3d9976a9-9e4c-4281-a2c2-2023a533ebb6,fUST,0.0001839808219178082,2,9,2076.62619163,offer,2026-08-30T13:47:01.455870+00:00
3d9976a9-9e4c-4281-a2c2-2023a533ebb6,fUST,0.00018403013698630136,2,4,784.79620454,offer,2026-08-30T13:47:01.455870+00:00
3d9976a9-9e4c-4281-a2c2-2023a533ebb6,fUST,0.00018727397260273973,2,3,916.04505467,offer,2026-08-30T13:47:01.455870+00:00
3d9976a9-9e4c-4281-a2c2-2023a533ebb6,fUST,0.00018764,2,1,396.91,offer,2026-08-30T13:47:01.455870+00:00
db569288-65b3-4d8b-8a64-70249b9cd96a,fUST,0.0002671232876712329,120,1,-3073642.3629606,demand,2026-08-30T14:47:01.518932+00:00
db569288-65b3-4d8b-8a64-70249b9cd96a,fUST,0.000247980821,120,1,-56568.59382046,demand,2026-08-30T14:47:01.518932+00:00
db569288-65b3-4d8b-8a64-70249b9cd96a,fUST,0.00023869041095890412,120,1,-3297721.02815887,demand,2026-08-30T14:47:01.518932+00:00
db569288-65b3-4d8b-8a64-70249b9cd96a,fUST,0.00016,120,1,-2000.0,demand,2026-08-30T14:47:01.518932+00:00
db569288-65b3-4d8b-8a64-70249b9cd96a,fUST,0.00016,60,18,-402330.8297215,demand,2026-08-30T14:47:01.518932+00:00
db569288-65b3-4d8b-8a64-70249b9cd96a,fUST,0.00015,90,1,-2000.0,demand,2026-08-30T14:47:01.518932+00:00
db569288-65b3-4d8b-8a64-70249b9cd96a,fUST,0.00015,120,1,-300000.0,demand,2026-08-30T14:47:01.518932+00:00
db569288-65b3-4d8b-8a64-70249b9cd96a,fUST,0.00015,45,3,-13845.272985,demand,2026-08-30T14:47:01.518932+00:00
db569288-65b3-4d8b-8a64-70249b9cd96a,fUST,0.00015,60,1,-28000.0,demand,2026-08-30T14:47:01.518932+00:00
db569288-65b3-4d8b-8a64-70249b9cd96a,fUST,0.00015,30,8,-15000.0,demand,2026-08-30T14:47:01.518932+00:00
db569288-65b3-4d8b-8a64-70249b9cd96a,fUST,0.000148,30,4,-20000.0,demand,2026-08-30T14:47:01.518932+00:00
db569288-65b3-4d8b-8a64-70249b9cd96a,fUST,0.0001421,45,9,-80000.0,demand,2026-08-30T14:47:01.518932+00:00
db569288-65b3-4d8b-8a64-70249b9cd96a,fUST,0.000142,45,2,-20000.0,demand,2026-08-30T14:47:01.518932+00:00
db569288-65b3-4d8b-8a64-70249b9cd96a,fUST,0.0001401,30,11,-147973.68632078,demand,2026-08-30T14:47:01.518932+00:00
db569288-65b3-4d8b-8a64-70249b9cd96a,fUST,0.00014000000000000001,30,1,-28000.0,demand,2026-08-30T14:47:01.518932+00:00
db569288-65b3-4d8b-8a64-70249b9cd96a,fUST,0.000138,20,6,-49626.52669917,demand,2026-08-30T14:47:01.518932+00:00
db569288-65b3-4d8b-8a64-70249b9cd96a,fUST,0.000136,30,3,-19544.22120933,demand,2026-08-30T14:47:01.518932+00:00
db569288-65b3-4d8b-8a64-70249b9cd96a,fUST,0.000128,30,3,-30000.0,demand,2026-08-30T14:47:01.518932+00:00
db569288-65b3-4d8b-8a64-70249b9cd96a,fUST,0.000126,15,5,-45000.0,demand,2026-08-30T14:47:01.518932+00:00
db569288-65b3-4d8b-8a64-70249b9cd96a,fUST,0.000125,14,5,-47672.25424059,demand,2026-08-30T14:47:01.518932+00:00
db569288-65b3-4d8b-8a64-70249b9cd96a,fUST,0.0001225,59,1,-95000.0,demand,2026-08-30T14:47:01.518932+00:00
db569288-65b3-4d8b-8a64-70249b9cd96a,fUST,0.0001222,29,1,-194504.86890568,demand,2026-08-30T14:47:01.518932+00:00
db569288-65b3-4d8b-8a64-70249b9cd96a,fUST,0.0001202,19,1,-184532.71737778,demand,2026-08-30T14:47:01.518932+00:00
db569288-65b3-4d8b-8a64-70249b9cd96a,fUST,0.00012,120,1,-30000.0,demand,2026-08-30T14:47:01.518932+00:00
db569288-65b3-4d8b-8a64-70249b9cd96a,fUST,0.00011011,2,2,-2728994.77661689,demand,2026-08-30T14:47:01.518932+00:00
db569288-65b3-4d8b-8a64-70249b9cd96a,fUST,0.0001237,2,1,4362.59737044,offer,2026-08-30T14:47:01.518932+00:00
db569288-65b3-4d8b-8a64-70249b9cd96a,fUST,0.000125,2,1,214.84525946,offer,2026-08-30T14:47:01.518932+00:00
db569288-65b3-4d8b-8a64-70249b9cd96a,fUST,0.00012621,2,15,4500.0,offer,2026-08-30T14:47:01.518932+00:00
db569288-65b3-4d8b-8a64-70249b9cd96a,fUST,0.00013886,2,5,2603.48947166,offer,2026-08-30T14:47:01.518932+00:00
db569288-65b3-4d8b-8a64-70249b9cd96a,fUST,0.00014069,2,4,2047.57590562,offer,2026-08-30T14:47:01.518932+00:00
db569288-65b3-4d8b-8a64-70249b9cd96a,fUST,0.00014292,2,1,365.64085725,offer,2026-08-30T14:47:01.518932+00:00
db569288-65b3-4d8b-8a64-70249b9cd96a,fUST,0.0001437157,2,1,346.5892347,offer,2026-08-30T14:47:01.518932+00:00
db569288-65b3-4d8b-8a64-70249b9cd96a,fUST,0.0001522401,2,1,276.590636,offer,2026-08-30T14:47:01.518932+00:00
db569288-65b3-4d8b-8a64-70249b9cd96a,fUST,0.0001553707,2,1,352.4574191,offer,2026-08-30T14:47:01.518932+00:00
db569288-65b3-4d8b-8a64-70249b9cd96a,fUST,0.0001600997643,2,1,239.411322,offer,2026-08-30T14:47:01.518932+00:00
db569288-65b3-4d8b-8a64-70249b9cd96a,fUST,0.0001636397,2,12,5341.25682358,offer,2026-08-30T14:47:01.518932+00:00
db569288-65b3-4d8b-8a64-70249b9cd96a,fUST,0.0001636497,2,1,6539.6850715,offer,2026-08-30T14:47:01.518932+00:00
db569288-65b3-4d8b-8a64-70249b9cd96a,fUST,0.00016683921635479452,2,1,239.411322,offer,2026-08-30T14:47:01.518932+00:00
db569288-65b3-4d8b-8a64-70249b9cd96a,fUST,0.00016843,2,1,500.0,offer,2026-08-30T14:47:01.518932+00:00
db569288-65b3-4d8b-8a64-70249b9cd96a,fUST,0.0001684376,2,1,393.755,offer,2026-08-30T14:47:01.518932+00:00
db569288-65b3-4d8b-8a64-70249b9cd96a,fUST,0.00017357866840958904,2,1,239.411322,offer,2026-08-30T14:47:01.518932+00:00
db569288-65b3-4d8b-8a64-70249b9cd96a,fUST,0.0001786159,2,2,604.9536386,offer,2026-08-30T14:47:01.518932+00:00
db569288-65b3-4d8b-8a64-70249b9cd96a,fUST,0.00018031812046438356,2,1,239.411322,offer,2026-08-30T14:47:01.518932+00:00
db569288-65b3-4d8b-8a64-70249b9cd96a,fUST,0.0001863,2,2,1018.84351214,offer,2026-08-30T14:47:01.518932+00:00
db569288-65b3-4d8b-8a64-70249b9cd96a,fUST,0.00018705757251917808,2,1,239.411322,offer,2026-08-30T14:47:01.518932+00:00
db569288-65b3-4d8b-8a64-70249b9cd96a,fUST,0.00018903,2,1,282.19642543,offer,2026-08-30T14:47:01.518932+00:00
db569288-65b3-4d8b-8a64-70249b9cd96a,fUST,0.00018904,2,59,202101.72527022,offer,2026-08-30T14:47:01.518932+00:00
db569288-65b3-4d8b-8a64-70249b9cd96a,fUST,0.000191664932,2,1,280.00371615,offer,2026-08-30T14:47:01.518932+00:00
db569288-65b3-4d8b-8a64-70249b9cd96a,fUST,0.00019177,2,1,598.61600826,offer,2026-08-30T14:47:01.518932+00:00
db569288-65b3-4d8b-8a64-70249b9cd96a,fUST,0.00019178,2,29,139176.8255767,offer,2026-08-30T14:47:01.518932+00:00
ad657479-4877-4d57-bb9f-55982e4a303b,fUST,0.0002671232876712329,120,1,-3006004.65857339,demand,2026-08-30T15:47:01.886716+00:00
ad657479-4877-4d57-bb9f-55982e4a303b,fUST,0.000247980821,120,1,-56568.59382046,demand,2026-08-30T15:47:01.886716+00:00
ad657479-4877-4d57-bb9f-55982e4a303b,fUST,0.00023872602739726027,120,1,-3268880.90980107,demand,2026-08-30T15:47:01.886716+00:00
ad657479-4877-4d57-bb9f-55982e4a303b,fUST,0.00016,120,1,-2000.0,demand,2026-08-30T15:47:01.886716+00:00
ad657479-4877-4d57-bb9f-55982e4a303b,fUST,0.00016,60,18,-402330.8297215,demand,2026-08-30T15:47:01.886716+00:00
ad657479-4877-4d57-bb9f-55982e4a303b,fUST,0.00015,90,1,-2000.0,demand,2026-08-30T15:47:01.886716+00:00
ad657479-4877-4d57-bb9f-55982e4a303b,fUST,0.00015,120,1,-300000.0,demand,2026-08-30T15:47:01.886716+00:00
ad657479-4877-4d57-bb9f-55982e4a303b,fUST,0.00015,45,3,-13845.272985,demand,2026-08-30T15:47:01.886716+00:00
ad657479-4877-4d57-bb9f-55982e4a303b,fUST,0.00015,60,1,-28000.0,demand,2026-08-30T15:47:01.886716+00:00
ad657479-4877-4d57-bb9f-55982e4a303b,fUST,0.00015,30,8,-15000.0,demand,2026-08-30T15:47:01.886716+00:00
ad657479-4877-4d57-bb9f-55982e4a303b,fUST,0.000148,30,4,-20000.0,demand,2026-08-30T15:47:01.886716+00:00
ad657479-4877-4d57-bb9f-55982e4a303b,fUST,0.0001421,45,9,-80000.0,demand,2026-08-30T15:47:01.886716+00:00
ad657479-4877-4d57-bb9f-55982e4a303b,fUST,0.000142,45,2,-20000.0,demand,2026-08-30T15:47:01.886716+00:00
ad657479-4877-4d57-bb9f-55982e4a303b,fUST,0.0001401,30,11,-147973.68632078,demand,2026-08-30T15:47:01.886716+00:00
ad657479-4877-4d57-bb9f-55982e4a303b,fUST,0.00014000000000000001,30,1,-28000.0,demand,2026-08-30T15:47:01.886716+00:00
ad657479-4877-4d57-bb9f-55982e4a303b,fUST,0.000138,20,6,-49626.52669917,demand,2026-08-30T15:47:01.886716+00:00
ad657479-4877-4d57-bb9f-55982e4a303b,fUST,0.000136,30,3,-19544.22120933,demand,2026-08-30T15:47:01.886716+00:00
ad657479-4877-4d57-bb9f-55982e4a303b,fUST,0.000128,30,3,-30000.0,demand,2026-08-30T15:47:01.886716+00:00
ad657479-4877-4d57-bb9f-55982e4a303b,fUST,0.000126,15,5,-45000.0,demand,2026-08-30T15:47:01.886716+00:00
ad657479-4877-4d57-bb9f-55982e4a303b,fUST,0.000125,14,25,-119910.0314747,demand,2026-08-30T15:47:01.886716+00:00
ad657479-4877-4d57-bb9f-55982e4a303b,fUST,0.0001225,59,1,-95000.0,demand,2026-08-30T15:47:01.886716+00:00
ad657479-4877-4d57-bb9f-55982e4a303b,fUST,0.0001222,29,1,-194504.86890568,demand,2026-08-30T15:47:01.886716+00:00
ad657479-4877-4d57-bb9f-55982e4a303b,fUST,0.0001202,19,1,-184532.71737778,demand,2026-08-30T15:47:01.886716+00:00
ad657479-4877-4d57-bb9f-55982e4a303b,fUST,0.00012,120,1,-30000.0,demand,2026-08-30T15:47:01.886716+00:00
ad657479-4877-4d57-bb9f-55982e4a303b,fUST,0.00011011,2,2,-2661649.93878512,demand,2026-08-30T15:47:01.886716+00:00
ad657479-4877-4d57-bb9f-55982e4a303b,fUST,0.00011385,2,1,5000.0,offer,2026-08-30T15:47:01.886716+00:00
ad657479-4877-4d57-bb9f-55982e4a303b,fUST,0.000115,2,1,509.0,offer,2026-08-30T15:47:01.886716+00:00
ad657479-4877-4d57-bb9f-55982e4a303b,fUST,0.00016692227739726028,2,1,650.86004328,offer,2026-08-30T15:47:01.886716+00:00
ad657479-4877-4d57-bb9f-55982e4a303b,fUST,0.0001749792808219178,2,1,488.14503246,offer,2026-08-30T15:47:01.886716+00:00
ad657479-4877-4d57-bb9f-55982e4a303b,fUST,0.00018032632876712327,2,2,703.44436072,offer,2026-08-30T15:47:01.886716+00:00
ad657479-4877-4d57-bb9f-55982e4a303b,fUST,0.00018035061643835616,2,1,325.43002164,offer,2026-08-30T15:47:01.886716+00:00
ad657479-4877-4d57-bb9f-55982e4a303b,fUST,0.00018037220547945207,2,1,167.98773179,offer,2026-08-30T15:47:01.886716+00:00
ad657479-4877-4d57-bb9f-55982e4a303b,fUST,0.0001828154,2,1,192.014766,offer,2026-08-30T15:47:01.886716+00:00
ad657479-4877-4d57-bb9f-55982e4a303b,fUST,0.00018385,2,2,1000.0,offer,2026-08-30T15:47:01.886716+00:00
ad657479-4877-4d57-bb9f-55982e4a303b,fUST,0.00018385,7,1,355.0,offer,2026-08-30T15:47:01.886716+00:00
ad657479-4877-4d57-bb9f-55982e4a303b,fUST,0.00018390684931506848,2,9,1930.07381309,offer,2026-08-30T15:47:01.886716+00:00
ad657479-4877-4d57-bb9f-55982e4a303b,fUST,0.00018393150684931507,2,3,566.41756782,offer,2026-08-30T15:47:01.886716+00:00
ad657479-4877-4d57-bb9f-55982e4a303b,fUST,0.00018395342465753425,2,3,703.52996784,offer,2026-08-30T15:47:01.886716+00:00
ad657479-4877-4d57-bb9f-55982e4a303b,fUST,0.0001854691,2,1,8486.0851909,offer,2026-08-30T15:47:01.886716+00:00
ad657479-4877-4d57-bb9f-55982e4a303b,fUST,0.00018659,7,1,355.0,offer,2026-08-30T15:47:01.886716+00:00
ad657479-4877-4d57-bb9f-55982e4a303b,fUST,0.0001884632,2,13,5903.06996179,offer,2026-08-30T15:47:01.886716+00:00
ad657479-4877-4d57-bb9f-55982e4a303b,fUST,0.0001884732,2,1,216.693371,offer,2026-08-30T15:47:01.886716+00:00
ad657479-4877-4d57-bb9f-55982e4a303b,fUST,0.00018933,7,1,355.0,offer,2026-08-30T15:47:01.886716+00:00
ad657479-4877-4d57-bb9f-55982e4a303b,fUST,0.00019207,7,1,355.0,offer,2026-08-30T15:47:01.886716+00:00
ad657479-4877-4d57-bb9f-55982e4a303b,fUST,0.00019481,7,1,355.0,offer,2026-08-30T15:47:01.886716+00:00
ad657479-4877-4d57-bb9f-55982e4a303b,fUST,0.00019481,2,1,1006.25068916,offer,2026-08-30T15:47:01.886716+00:00
ad657479-4877-4d57-bb9f-55982e4a303b,fUST,0.00019586,2,2,1000.0,offer,2026-08-30T15:47:01.886716+00:00
ad657479-4877-4d57-bb9f-55982e4a303b,fUST,0.00019594824039487703,2,1,220.81475575,offer,2026-08-30T15:47:01.886716+00:00
ad657479-4877-4d57-bb9f-55982e4a303b,fUST,0.00019599,2,2,715.8721196,offer,2026-08-30T15:47:01.886716+00:00
ad657479-4877-4d57-bb9f-55982e4a303b,fUST,0.000196,2,1,1478.10176556,offer,2026-08-30T15:47:01.886716+00:00
2776d2be-c62a-40fe-bad8-ac650db98545,fUST,0.0002671232876712329,120,1,-2994884.05019338,demand,2026-08-30T16:47:01.970077+00:00
2776d2be-c62a-40fe-bad8-ac650db98545,fUST,0.000247980821,120,1,-56568.59382046,demand,2026-08-30T16:47:01.970077+00:00
2776d2be-c62a-40fe-bad8-ac650db98545,fUST,0.0002389972602739726,120,1,-3268428.65170216,demand,2026-08-30T16:47:01.970077+00:00
2776d2be-c62a-40fe-bad8-ac650db98545,fUST,0.00016,120,1,-2000.0,demand,2026-08-30T16:47:01.970077+00:00
2776d2be-c62a-40fe-bad8-ac650db98545,fUST,0.00016,60,18,-402330.8297215,demand,2026-08-30T16:47:01.970077+00:00
2776d2be-c62a-40fe-bad8-ac650db98545,fUST,0.00015,90,1,-2000.0,demand,2026-08-30T16:47:01.970077+00:00
2776d2be-c62a-40fe-bad8-ac650db98545,fUST,0.00015,120,1,-300000.0,demand,2026-08-30T16:47:01.970077+00:00
2776d2be-c62a-40fe-bad8-ac650db98545,fUST,0.00015,45,3,-13845.272985,demand,2026-08-30T16:47:01.970077+00:00
2776d2be-c62a-40fe-bad8-ac650db98545,fUST,0.00015,60,1,-28000.0,demand,2026-08-30T16:47:01.970077+00:00
2776d2be-c62a-40fe-bad8-ac650db98545,fUST,0.00015,30,8,-15000.0,demand,2026-08-30T16:47:01.970077+00:00
2776d2be-c62a-40fe-bad8-ac650db98545,fUST,0.000148,30,4,-20000.0,demand,2026-08-30T16:47:01.970077+00:00
2776d2be-c62a-40fe-bad8-ac650db98545,fUST,0.0001421,45,9,-80000.0,demand,2026-08-30T16:47:01.970077+00:00
2776d2be-c62a-40fe-bad8-ac650db98545,fUST,0.000142,45,2,-20000.0,demand,2026-08-30T16:47:01.970077+00:00
2776d2be-c62a-40fe-bad8-ac650db98545,fUST,0.0001401,30,11,-147973.68632078,demand,2026-08-30T16:47:01.970077+00:00
2776d2be-c62a-40fe-bad8-ac650db98545,fUST,0.00014000000000000001,30,1,-28000.0,demand,2026-08-30T16:47:01.970077+00:00
2776d2be-c62a-40fe-bad8-ac650db98545,fUST,0.000138,20,6,-49626.52669917,demand,2026-08-30T16:47:01.970077+00:00
2776d2be-c62a-40fe-bad8-ac650db98545,fUST,0.000136,30,3,-19544.22120933,demand,2026-08-30T16:47:01.970077+00:00
2776d2be-c62a-40fe-bad8-ac650db98545,fUST,0.000128,30,3,-30000.0,demand,2026-08-30T16:47:01.970077+00:00
2776d2be-c62a-40fe-bad8-ac650db98545,fUST,0.000126,15,5,-45000.0,demand,2026-08-30T16:47:01.970077+00:00
2776d2be-c62a-40fe-bad8-ac650db98545,fUST,0.000125,14,24,-109910.0314747,demand,2026-08-30T16:47:01.970077+00:00
2776d2be-c62a-40fe-bad8-ac650db98545,fUST,0.0001225,59,1,-95000.0,demand,2026-08-30T16:47:01.970077+00:00
2776d2be-c62a-40fe-bad8-ac650db98545,fUST,0.0001222,29,1,-194504.86890568,demand,2026-08-30T16:47:01.970077+00:00
2776d2be-c62a-40fe-bad8-ac650db98545,fUST,0.0001202,19,1,-184532.71737778,demand,2026-08-30T16:47:01.970077+00:00
2776d2be-c62a-40fe-bad8-ac650db98545,fUST,0.00012,120,1,-30000.0,demand,2026-08-30T16:47:01.970077+00:00
2776d2be-c62a-40fe-bad8-ac650db98545,fUST,0.00011011,2,2,-2602129.63558306,demand,2026-08-30T16:47:01.970077+00:00
2776d2be-c62a-40fe-bad8-ac650db98545,fUST,0.00011215,2,1,5000.0,offer,2026-08-30T16:47:01.970077+00:00
2776d2be-c62a-40fe-bad8-ac650db98545,fUST,0.00011328,2,1,2475.98657302,offer,2026-08-30T16:47:01.970077+00:00
2776d2be-c62a-40fe-bad8-ac650db98545,fUST,0.00011442589092,2,1,381.963,offer,2026-08-30T16:47:01.970077+00:00
2776d2be-c62a-40fe-bad8-ac650db98545,fUST,0.00011500379946,2,1,229.1778,offer,2026-08-30T16:47:01.970077+00:00
2776d2be-c62a-40fe-bad8-ac650db98545,fUST,0.000115581708,2,1,151.0,offer,2026-08-30T16:47:01.970077+00:00
2776d2be-c62a-40fe-bad8-ac650db98545,fUST,0.0001156723,2,1,1274.0908255,offer,2026-08-30T16:47:01.970077+00:00
2776d2be-c62a-40fe-bad8-ac650db98545,fUST,0.0001159035,2,1,429.5112679,offer,2026-08-30T16:47:01.970077+00:00
2776d2be-c62a-40fe-bad8-ac650db98545,fUST,0.00011615961653999997,2,1,152.7851,offer,2026-08-30T16:47:01.970077+00:00
2776d2be-c62a-40fe-bad8-ac650db98545,fUST,0.00011847,2,15,4500.0,offer,2026-08-30T16:47:01.970077+00:00
2776d2be-c62a-40fe-bad8-ac650db98545,fUST,0.00011847123287671232,2,1,5523.32726129,offer,2026-08-30T16:47:01.970077+00:00
2776d2be-c62a-40fe-bad8-ac650db98545,fUST,0.0001191564,7,1,160.93390612,offer,2026-08-30T16:47:01.970077+00:00
2776d2be-c62a-40fe-bad8-ac650db98545,fUST,0.00012327767123287671,2,47,23123.91458685,offer,2026-08-30T16:47:01.970077+00:00
2776d2be-c62a-40fe-bad8-ac650db98545,fUST,0.0001232876712328767,2,11,4408.46580572,offer,2026-08-30T16:47:01.970077+00:00
2776d2be-c62a-40fe-bad8-ac650db98545,fUST,0.0001235591,2,1,157.69,offer,2026-08-30T16:47:01.970077+00:00
2776d2be-c62a-40fe-bad8-ac650db98545,fUST,0.0001261656,7,1,241.40085922,offer,2026-08-30T16:47:01.970077+00:00
2776d2be-c62a-40fe-bad8-ac650db98545,fUST,0.0001323287671232877,14,1,349.9096137,offer,2026-08-30T16:47:01.970077+00:00
2776d2be-c62a-40fe-bad8-ac650db98545,fUST,0.0001326281,2,1,9587.5317569,offer,2026-08-30T16:47:01.970077+00:00
2776d2be-c62a-40fe-bad8-ac650db98545,fUST,0.0001330981,2,1,629.26342442,offer,2026-08-30T16:47:01.970077+00:00
2776d2be-c62a-40fe-bad8-ac650db98545,fUST,0.0001331068493150685,2,2,407.37790805,offer,2026-08-30T16:47:01.970077+00:00
2776d2be-c62a-40fe-bad8-ac650db98545,fUST,0.0001331081,2,1,7897.74864931,offer,2026-08-30T16:47:01.970077+00:00
2776d2be-c62a-40fe-bad8-ac650db98545,fUST,0.00013311780821917809,2,1,500.0,offer,2026-08-30T16:47:01.970077+00:00
2776d2be-c62a-40fe-bad8-ac650db98545,fUST,0.0001331281,2,1,185.5642407,offer,2026-08-30T16:47:01.970077+00:00
2776d2be-c62a-40fe-bad8-ac650db98545,fUST,0.00013312876712328768,2,15,196489.86916488,offer,2026-08-30T16:47:01.970077+00:00
2776d2be-c62a-40fe-bad8-ac650db98545,fUST,0.00013312876712328768,3,1,338.22580572,offer,2026-08-30T16:47:01.970077+00:00
2776d2be-c62a-40fe-bad8-ac650db98545,fUST,0.0001336226976,2,1,175.226147,offer,2026-08-30T16:47:01.970077+00:00
fda96b13-0800-457a-9544-4830118f274a,fUST,0.0002671232876712329,120,1,-2993993.91603909,demand,2026-08-30T17:47:01.722592+00:00
fda96b13-0800-457a-9544-4830118f274a,fUST,0.000247980821,120,1,-56568.59382046,demand,2026-08-30T17:47:01.722592+00:00
fda96b13-0800-457a-9544-4830118f274a,fUST,0.00023883287671232876,120,1,-3268428.65170216,demand,2026-08-30T17:47:01.722592+00:00
fda96b13-0800-457a-9544-4830118f274a,fUST,0.00016,120,1,-2000.0,demand,2026-08-30T17:47:01.722592+00:00
fda96b13-0800-457a-9544-4830118f274a,fUST,0.00016,60,18,-402330.8297215,demand,2026-08-30T17:47:01.722592+00:00
fda96b13-0800-457a-9544-4830118f274a,fUST,0.00015,90,1,-2000.0,demand,2026-08-30T17:47:01.722592+00:00
fda96b13-0800-457a-9544-4830118f274a,fUST,0.00015,120,1,-300000.0,demand,2026-08-30T17:47:01.722592+00:00
fda96b13-0800-457a-9544-4830118f274a,fUST,0.00015,45,3,-13845.272985,demand,2026-08-30T17:47:01.722592+00:00
fda96b13-0800-457a-9544-4830118f274a,fUST,0.00015,60,1,-28000.0,demand,2026-08-30T17:47:01.722592+00:00
fda96b13-0800-457a-9544-4830118f274a,fUST,0.00015,30,8,-15000.0,demand,2026-08-30T17:47:01.722592+00:00
fda96b13-0800-457a-9544-4830118f274a,fUST,0.000148,30,4,-20000.0,demand,2026-08-30T17:47:01.722592+00:00
fda96b13-0800-457a-9544-4830118f274a,fUST,0.0001421,45,9,-80000.0,demand,2026-08-30T17:47:01.722592+00:00
fda96b13-0800-457a-9544-4830118f274a,fUST,0.000142,45,2,-20000.0,demand,2026-08-30T17:47:01.722592+00:00
fda96b13-0800-457a-9544-4830118f274a,fUST,0.0001401,30,11,-147973.68632078,demand,2026-08-30T17:47:01.722592+00:00
fda96b13-0800-457a-9544-4830118f274a,fUST,0.00014000000000000001,30,1,-28000.0,demand,2026-08-30T17:47:01.722592+00:00
fda96b13-0800-457a-9544-4830118f274a,fUST,0.000138,20,6,-49626.52669917,demand,2026-08-30T17:47:01.722592+00:00
fda96b13-0800-457a-9544-4830118f274a,fUST,0.000136,30,3,-19544.22120933,demand,2026-08-30T17:47:01.722592+00:00
fda96b13-0800-457a-9544-4830118f274a,fUST,0.000128,30,3,-30000.0,demand,2026-08-30T17:47:01.722592+00:00
fda96b13-0800-457a-9544-4830118f274a,fUST,0.000126,15,5,-45000.0,demand,2026-08-30T17:47:01.722592+00:00
fda96b13-0800-457a-9544-4830118f274a,fUST,0.000125,14,22,-87434.04490168,demand,2026-08-30T17:47:01.722592+00:00
fda96b13-0800-457a-9544-4830118f274a,fUST,0.0001225,59,1,-95000.0,demand,2026-08-30T17:47:01.722592+00:00
fda96b13-0800-457a-9544-4830118f274a,fUST,0.0001222,29,1,-194504.86890568,demand,2026-08-30T17:47:01.722592+00:00
fda96b13-0800-457a-9544-4830118f274a,fUST,0.0001202,19,1,-184532.71737778,demand,2026-08-30T17:47:01.722592+00:00
fda96b13-0800-457a-9544-4830118f274a,fUST,0.00012,120,1,-30000.0,demand,2026-08-30T17:47:01.722592+00:00
fda96b13-0800-457a-9544-4830118f274a,fUST,0.00011011,2,2,-2567414.27670658,demand,2026-08-30T17:47:01.722592+00:00
fda96b13-0800-457a-9544-4830118f274a,fUST,0.00012716,2,1,204.7,offer,2026-08-30T17:47:01.722592+00:00
fda96b13-0800-457a-9544-4830118f274a,fUST,0.00012725,2,1,5000.0,offer,2026-08-30T17:47:01.722592+00:00
fda96b13-0800-457a-9544-4830118f274a,fUST,0.00013115,2,15,4500.0,offer,2026-08-30T17:47:01.722592+00:00
fda96b13-0800-457a-9544-4830118f274a,fUST,0.00013698,2,4,1853.82,offer,2026-08-30T17:47:01.722592+00:00
fda96b13-0800-457a-9544-4830118f274a,fUST,0.00013854,2,1,231.7727305,offer,2026-08-30T17:47:01.722592+00:00
fda96b13-0800-457a-9544-4830118f274a,fUST,0.000140915,2,1,3152.0094732,offer,2026-08-30T17:47:01.722592+00:00
fda96b13-0800-457a-9544-4830118f274a,fUST,0.000142712,2,1,6670.0602975,offer,2026-08-30T17:47:01.722592+00:00
fda96b13-0800-457a-9544-4830118f274a,fUST,0.0001431014,2,1,1263.3010379,offer,2026-08-30T17:47:01.722592+00:00
fda96b13-0800-457a-9544-4830118f274a,fUST,0.00014648300000000001,2,18,9101.65914597,offer,2026-08-30T17:47:01.722592+00:00
fda96b13-0800-457a-9544-4830118f274a,fUST,0.000146493,2,1,353.82,offer,2026-08-30T17:47:01.722592+00:00
fda96b13-0800-457a-9544-4830118f274a,fUST,0.0001486918,2,1,353.82,offer,2026-08-30T17:47:01.722592+00:00
fda96b13-0800-457a-9544-4830118f274a,fUST,0.0001502067,2,1,353.82,offer,2026-08-30T17:47:01.722592+00:00
fda96b13-0800-457a-9544-4830118f274a,fUST,0.0001513989,2,1,353.82,offer,2026-08-30T17:47:01.722592+00:00
fda96b13-0800-457a-9544-4830118f274a,fUST,0.00016157,3,4,2854.06,offer,2026-08-30T17:47:01.722592+00:00
fda96b13-0800-457a-9544-4830118f274a,fUST,0.00016164109589041095,2,1,150.75150752,offer,2026-08-30T17:47:01.722592+00:00
fda96b13-0800-457a-9544-4830118f274a,fUST,0.00016166,2,2,1001.70122438,offer,2026-08-30T17:47:01.722592+00:00
fda96b13-0800-457a-9544-4830118f274a,fUST,0.00016166110000000002,2,1,402.0260765,offer,2026-08-30T17:47:01.722592+00:00
fda96b13-0800-457a-9544-4830118f274a,fUST,0.0001616711,2,16,200680.79396778,offer,2026-08-30T17:47:01.722592+00:00
fda96b13-0800-457a-9544-4830118f274a,fUST,0.00016167123287671233,2,1,500.0,offer,2026-08-30T17:47:01.722592+00:00
fda96b13-0800-457a-9544-4830118f274a,fUST,0.0001621179,2,1,389.768425,offer,2026-08-30T17:47:01.722592+00:00
fda96b13-0800-457a-9544-4830118f274a,fUST,0.00016441095890410958,2,1,500.0,offer,2026-08-30T17:47:01.722592+00:00
fda96b13-0800-457a-9544-4830118f274a,fUST,0.00016698080136986302,2,2,325.00235478,offer,2026-08-30T17:47:01.722592+00:00
fda96b13-0800-457a-9544-4830118f274a,fUST,0.00016715068493150685,2,1,500.0,offer,2026-08-30T17:47:01.722592+00:00
fda96b13-0800-457a-9544-4830118f274a,fUST,0.0001698904109589041,2,1,489.38234009,offer,2026-08-30T17:47:01.722592+00:00
fda96b13-0800-457a-9544-4830118f274a,fUST,0.00017306,2,1,500.0,offer,2026-08-30T17:47:01.722592+00:00
5b44bcc3-ac45-4134-bd7d-5d7fd7aef4d7,fUST,0.0002671232876712329,120,1,-2993683.91604009,demand,2026-08-30T18:47:01.624780+00:00
5b44bcc3-ac45-4134-bd7d-5d7fd7aef4d7,fUST,0.000247980821,120,1,-56568.59382046,demand,2026-08-30T18:47:01.624780+00:00
5b44bcc3-ac45-4134-bd7d-5d7fd7aef4d7,fUST,0.00023886575342465754,120,1,-3268428.65170216,demand,2026-08-30T18:47:01.624780+00:00
5b44bcc3-ac45-4134-bd7d-5d7fd7aef4d7,fUST,0.00016,120,1,-2000.0,demand,2026-08-30T18:47:01.624780+00:00
5b44bcc3-ac45-4134-bd7d-5d7fd7aef4d7,fUST,0.00016,60,18,-402330.8297215,demand,2026-08-30T18:47:01.624780+00:00
5b44bcc3-ac45-4134-bd7d-5d7fd7aef4d7,fUST,0.00015,90,1,-2000.0,demand,2026-08-30T18:47:01.624780+00:00
5b44bcc3-ac45-4134-bd7d-5d7fd7aef4d7,fUST,0.00015,120,1,-300000.0,demand,2026-08-30T18:47:01.624780+00:00
5b44bcc3-ac45-4134-bd7d-5d7fd7aef4d7,fUST,0.00015,45,3,-13845.272985,demand,2026-08-30T18:47:01.624780+00:00
5b44bcc3-ac45-4134-bd7d-5d7fd7aef4d7,fUST,0.00015,60,1,-28000.0,demand,2026-08-30T18:47:01.624780+00:00
5b44bcc3-ac45-4134-bd7d-5d7fd7aef4d7,fUST,0.00015,30,8,-15000.0,demand,2026-08-30T18:47:01.624780+00:00
5b44bcc3-ac45-4134-bd7d-5d7fd7aef4d7,fUST,0.000148,30,4,-20000.0,demand,2026-08-30T18:47:01.624780+00:00
5b44bcc3-ac45-4134-bd7d-5d7fd7aef4d7,fUST,0.0001421,45,9,-80000.0,demand,2026-08-30T18:47:01.624780+00:00
5b44bcc3-ac45-4134-bd7d-5d7fd7aef4d7,fUST,0.000142,45,2,-20000.0,demand,2026-08-30T18:47:01.624780+00:00
5b44bcc3-ac45-4134-bd7d-5d7fd7aef4d7,fUST,0.0001401,30,11,-147973.68632078,demand,2026-08-30T18:47:01.624780+00:00
5b44bcc3-ac45-4134-bd7d-5d7fd7aef4d7,fUST,0.00014000000000000001,30,1,-28000.0,demand,2026-08-30T18:47:01.624780+00:00
5b44bcc3-ac45-4134-bd7d-5d7fd7aef4d7,fUST,0.000138,20,6,-49626.52669917,demand,2026-08-30T18:47:01.624780+00:00
5b44bcc3-ac45-4134-bd7d-5d7fd7aef4d7,fUST,0.000136,30,3,-19544.22120933,demand,2026-08-30T18:47:01.624780+00:00
5b44bcc3-ac45-4134-bd7d-5d7fd7aef4d7,fUST,0.000128,30,3,-30000.0,demand,2026-08-30T18:47:01.624780+00:00
5b44bcc3-ac45-4134-bd7d-5d7fd7aef4d7,fUST,0.000126,15,5,-45000.0,demand,2026-08-30T18:47:01.624780+00:00
5b44bcc3-ac45-4134-bd7d-5d7fd7aef4d7,fUST,0.000125,14,22,-87434.04490168,demand,2026-08-30T18:47:01.624780+00:00
5b44bcc3-ac45-4134-bd7d-5d7fd7aef4d7,fUST,0.0001225,59,1,-95000.0,demand,2026-08-30T18:47:01.624780+00:00
5b44bcc3-ac45-4134-bd7d-5d7fd7aef4d7,fUST,0.0001222,29,1,-194504.86890568,demand,2026-08-30T18:47:01.624780+00:00
5b44bcc3-ac45-4134-bd7d-5d7fd7aef4d7,fUST,0.0001202,19,1,-184532.71737778,demand,2026-08-30T18:47:01.624780+00:00
5b44bcc3-ac45-4134-bd7d-5d7fd7aef4d7,fUST,0.00012,120,1,-30000.0,demand,2026-08-30T18:47:01.624780+00:00
5b44bcc3-ac45-4134-bd7d-5d7fd7aef4d7,fUST,0.00011011,2,2,-2480597.6346213,demand,2026-08-30T18:47:01.624780+00:00
5b44bcc3-ac45-4134-bd7d-5d7fd7aef4d7,fUST,0.000115,2,1,440.71547541,offer,2026-08-30T18:47:01.624780+00:00
5b44bcc3-ac45-4134-bd7d-5d7fd7aef4d7,fUST,0.000125,2,1,206.64982533,offer,2026-08-30T18:47:01.624780+00:00
5b44bcc3-ac45-4134-bd7d-5d7fd7aef4d7,fUST,0.00016054272727272727,2,2,323.06857567,offer,2026-08-30T18:47:01.624780+00:00
5b44bcc3-ac45-4134-bd7d-5d7fd7aef4d7,fUST,0.00016705204794520548,2,1,998.00019398,offer,2026-08-30T18:47:01.624780+00:00
5b44bcc3-ac45-4134-bd7d-5d7fd7aef4d7,fUST,0.00017397260273972602,3,1,173.0,offer,2026-08-30T18:47:01.624780+00:00
5b44bcc3-ac45-4134-bd7d-5d7fd7aef4d7,fUST,0.00017397260273972602,2,1,169.80276571,offer,2026-08-30T18:47:01.624780+00:00
5b44bcc3-ac45-4134-bd7d-5d7fd7aef4d7,fUST,0.00017417204545454545,2,11,6357.0,offer,2026-08-30T18:47:01.624780+00:00
5b44bcc3-ac45-4134-bd7d-5d7fd7aef4d7,fUST,0.00017511376712328768,2,2,950.26630374,offer,2026-08-30T18:47:01.624780+00:00
5b44bcc3-ac45-4134-bd7d-5d7fd7aef4d7,fUST,0.00017765,2,16,5100.0,offer,2026-08-30T18:47:01.624780+00:00
5b44bcc3-ac45-4134-bd7d-5d7fd7aef4d7,fUST,0.00018048824657534247,2,8,2451.62032516,offer,2026-08-30T18:47:01.624780+00:00
5b44bcc3-ac45-4134-bd7d-5d7fd7aef4d7,fUST,0.00018406849315068493,2,1,158.59122822,offer,2026-08-30T18:47:01.624780+00:00
5b44bcc3-ac45-4134-bd7d-5d7fd7aef4d7,fUST,0.00018407123287671233,2,12,3150.67801481,offer,2026-08-30T18:47:01.624780+00:00
5b44bcc3-ac45-4134-bd7d-5d7fd7aef4d7,fUST,0.0001876542191780822,2,1,199.6000388,offer,2026-08-30T18:47:01.624780+00:00
5b44bcc3-ac45-4134-bd7d-5d7fd7aef4d7,fUST,0.0001884984,2,24,11978.80051663,offer,2026-08-30T18:47:01.624780+00:00
5b44bcc3-ac45-4134-bd7d-5d7fd7aef4d7,fUST,0.0001885084,2,1,508.668009,offer,2026-08-30T18:47:01.624780+00:00
5b44bcc3-ac45-4134-bd7d-5d7fd7aef4d7,fUST,0.00019198999999999998,20,1,507.95248336,offer,2026-08-30T18:47:01.624780+00:00
5b44bcc3-ac45-4134-bd7d-5d7fd7aef4d7,fUST,0.0001940628,2,1,438.7022526,offer,2026-08-30T18:47:01.624780+00:00
5b44bcc3-ac45-4134-bd7d-5d7fd7aef4d7,fUST,0.000195,2,2,444.82925136,offer,2026-08-30T18:47:01.624780+00:00
5b44bcc3-ac45-4134-bd7d-5d7fd7aef4d7,fUST,0.00019541,2,1,720.0,offer,2026-08-30T18:47:01.624780+00:00
5b44bcc3-ac45-4134-bd7d-5d7fd7aef4d7,fUST,0.00019597895454545453,2,5,2832.0,offer,2026-08-30T18:47:01.624780+00:00
5b44bcc3-ac45-4134-bd7d-5d7fd7aef4d7,fUST,0.00019773698631,2,1,332.7067049,offer,2026-08-30T18:47:01.624780+00:00
5b44bcc3-ac45-4134-bd7d-5d7fd7aef4d7,fUST,0.00019998,7,1,598.03482711,offer,2026-08-30T18:47:01.624780+00:00
5b44bcc3-ac45-4134-bd7d-5d7fd7aef4d7,fUST,0.00019998,2,3,1636.85941539,offer,2026-08-30T18:47:01.624780+00:00
5b44bcc3-ac45-4134-bd7d-5d7fd7aef4d7,fUST,0.00019999,2,1,8021.946575,offer,2026-08-30T18:47:01.624780+00:00
5b44bcc3-ac45-4134-bd7d-5d7fd7aef4d7,fUST,0.00020035500000000002,2,1,162.88974529,offer,2026-08-30T18:47:01.624780+00:00
66232de5-f04b-4f5b-a482-910b2ce41013,fUST,0.0002671232876712329,120,1,-2993033.05978992,demand,2026-08-30T19:47:01.706063+00:00
66232de5-f04b-4f5b-a482-910b2ce41013,fUST,0.000247980821,120,1,-56568.59382046,demand,2026-08-30T19:47:01.706063+00:00
66232de5-f04b-4f5b-a482-910b2ce41013,fUST,0.00023902191780821917,120,1,-3260732.62170216,demand,2026-08-30T19:47:01.706063+00:00
66232de5-f04b-4f5b-a482-910b2ce41013,fUST,0.00016,120,1,-2000.0,demand,2026-08-30T19:47:01.706063+00:00
66232de5-f04b-4f5b-a482-910b2ce41013,fUST,0.00016,60,18,-402330.8297215,demand,2026-08-30T19:47:01.706063+00:00
66232de5-f04b-4f5b-a482-910b2ce41013,fUST,0.00015,90,1,-2000.0,demand,2026-08-30T19:47:01.706063+00:00
66232de5-f04b-4f5b-a482-910b2ce41013,fUST,0.00015,120,1,-300000.0,demand,2026-08-30T19:47:01.706063+00:00
66232de5-f04b-4f5b-a482-910b2ce41013,fUST,0.00015,45,3,-13845.272985,demand,2026-08-30T19:47:01.706063+00:00
66232de5-f04b-4f5b-a482-910b2ce41013,fUST,0.00015,60,1,-28000.0,demand,2026-08-30T19:47:01.706063+00:00
66232de5-f04b-4f5b-a482-910b2ce41013,fUST,0.00015,30,8,-15000.0,demand,2026-08-30T19:47:01.706063+00:00
66232de5-f04b-4f5b-a482-910b2ce41013,fUST,0.000148,30,4,-20000.0,demand,2026-08-30T19:47:01.706063+00:00
66232de5-f04b-4f5b-a482-910b2ce41013,fUST,0.0001421,45,9,-80000.0,demand,2026-08-30T19:47:01.706063+00:00
66232de5-f04b-4f5b-a482-910b2ce41013,fUST,0.000142,45,2,-20000.0,demand,2026-08-30T19:47:01.706063+00:00
66232de5-f04b-4f5b-a482-910b2ce41013,fUST,0.0001401,30,11,-147973.68632078,demand,2026-08-30T19:47:01.706063+00:00
66232de5-f04b-4f5b-a482-910b2ce41013,fUST,0.00014000000000000001,30,1,-28000.0,demand,2026-08-30T19:47:01.706063+00:00
66232de5-f04b-4f5b-a482-910b2ce41013,fUST,0.000138,20,6,-49626.52669917,demand,2026-08-30T19:47:01.706063+00:00
66232de5-f04b-4f5b-a482-910b2ce41013,fUST,0.000136,30,3,-19544.22120933,demand,2026-08-30T19:47:01.706063+00:00
66232de5-f04b-4f5b-a482-910b2ce41013,fUST,0.000128,30,3,-30000.0,demand,2026-08-30T19:47:01.706063+00:00
66232de5-f04b-4f5b-a482-910b2ce41013,fUST,0.000126,15,5,-45000.0,demand,2026-08-30T19:47:01.706063+00:00
66232de5-f04b-4f5b-a482-910b2ce41013,fUST,0.000125,14,22,-87434.04490168,demand,2026-08-30T19:47:01.706063+00:00
66232de5-f04b-4f5b-a482-910b2ce41013,fUST,0.0001225,59,1,-95000.0,demand,2026-08-30T19:47:01.706063+00:00
66232de5-f04b-4f5b-a482-910b2ce41013,fUST,0.0001222,29,1,-194504.86890568,demand,2026-08-30T19:47:01.706063+00:00
66232de5-f04b-4f5b-a482-910b2ce41013,fUST,0.0001202,19,1,-184532.71737778,demand,2026-08-30T19:47:01.706063+00:00
66232de5-f04b-4f5b-a482-910b2ce41013,fUST,0.00012,120,1,-30000.0,demand,2026-08-30T19:47:01.706063+00:00
66232de5-f04b-4f5b-a482-910b2ce41013,fUST,0.00011011,2,2,-2408628.41410873,demand,2026-08-30T19:47:01.706063+00:00
66232de5-f04b-4f5b-a482-910b2ce41013,fUST,0.0001548855,2,1,254.6885,offer,2026-08-30T19:47:01.706063+00:00
66232de5-f04b-4f5b-a482-910b2ce41013,fUST,0.00015566775,2,1,152.8131,offer,2026-08-30T19:47:01.706063+00:00
66232de5-f04b-4f5b-a482-910b2ce41013,fUST,0.00015645,7,1,377.55875428,offer,2026-08-30T19:47:01.706063+00:00
66232de5-f04b-4f5b-a482-910b2ce41013,fUST,0.0001663059,2,1,297.864084,offer,2026-08-30T19:47:01.706063+00:00
66232de5-f04b-4f5b-a482-910b2ce41013,fUST,0.00016723016438356165,2,5,1823.89707572,offer,2026-08-30T19:47:01.706063+00:00
66232de5-f04b-4f5b-a482-910b2ce41013,fUST,0.000167417,2,1,157.679521,offer,2026-08-30T19:47:01.706063+00:00
66232de5-f04b-4f5b-a482-910b2ce41013,fUST,0.00017529835616438358,2,5,2392.7469589,offer,2026-08-30T19:47:01.706063+00:00
66232de5-f04b-4f5b-a482-910b2ce41013,fUST,0.00017852347987499996,2,1,4798.60090471,offer,2026-08-30T19:47:01.706063+00:00
66232de5-f04b-4f5b-a482-910b2ce41013,fUST,0.00018062000000000004,3,2,633.08,offer,2026-08-30T19:47:01.706063+00:00
66232de5-f04b-4f5b-a482-910b2ce41013,fUST,0.0001806771506849315,2,12,4282.77832412,offer,2026-08-30T19:47:01.706063+00:00
66232de5-f04b-4f5b-a482-910b2ce41013,fUST,0.0001807,2,9,3994.85722461,offer,2026-08-30T19:47:01.706063+00:00
66232de5-f04b-4f5b-a482-910b2ce41013,fUST,0.00018071,2,5,2215.39095549,offer,2026-08-30T19:47:01.706063+00:00
66232de5-f04b-4f5b-a482-910b2ce41013,fUST,0.00018072,2,18,219473.82915283,offer,2026-08-30T19:47:01.706063+00:00
66232de5-f04b-4f5b-a482-910b2ce41013,fUST,0.00018072572602739726,2,5,1168.14032607,offer,2026-08-30T19:47:01.706063+00:00
66232de5-f04b-4f5b-a482-910b2ce41013,fUST,0.00018086335616438357,2,7,2175.53276907,offer,2026-08-30T19:47:01.706063+00:00
66232de5-f04b-4f5b-a482-910b2ce41013,fUST,0.0001825136361,2,1,411.087059,offer,2026-08-30T19:47:01.706063+00:00
66232de5-f04b-4f5b-a482-910b2ce41013,fUST,0.00018339999999999999,2,1,265.71995579,offer,2026-08-30T19:47:01.706063+00:00
66232de5-f04b-4f5b-a482-910b2ce41013,fUST,0.00018426301369863014,2,12,6172.80968933,offer,2026-08-30T19:47:01.706063+00:00
66232de5-f04b-4f5b-a482-910b2ce41013,fUST,0.0001842958904109589,2,4,1084.18881199,offer,2026-08-30T19:47:01.706063+00:00
66232de5-f04b-4f5b-a482-910b2ce41013,fUST,0.0001842986301369863,2,4,1047.30541445,offer,2026-08-30T19:47:01.706063+00:00
66232de5-f04b-4f5b-a482-910b2ce41013,fUST,0.0001843123287671233,2,12,3887.52042368,offer,2026-08-30T19:47:01.706063+00:00
66232de5-f04b-4f5b-a482-910b2ce41013,fUST,0.00018432,2,16,5100.0,offer,2026-08-30T19:47:01.706063+00:00
66232de5-f04b-4f5b-a482-910b2ce41013,fUST,0.0001843344,4,2,379.93591476,offer,2026-08-30T19:47:01.706063+00:00
66232de5-f04b-4f5b-a482-910b2ce41013,fUST,0.00018445205479452055,2,13,4254.80520336,offer,2026-08-30T19:47:01.706063+00:00
66232de5-f04b-4f5b-a482-910b2ce41013,fUST,0.00018477789783940434,7,1,435.79946349,offer,2026-08-30T19:47:01.706063+00:00
f2bdb18c-a479-461c-a8c5-69da2652506b,fUST,0.0002671232876712329,120,1,-2980033.05978992,demand,2026-08-30T20:47:01.633703+00:00
f2bdb18c-a479-461c-a8c5-69da2652506b,fUST,0.000247980821,120,1,-56568.59382046,demand,2026-08-30T20:47:01.633703+00:00
f2bdb18c-a479-461c-a8c5-69da2652506b,fUST,0.00023903561643835616,120,1,-3260732.62170216,demand,2026-08-30T20:47:01.633703+00:00
f2bdb18c-a479-461c-a8c5-69da2652506b,fUST,0.00016,120,1,-2000.0,demand,2026-08-30T20:47:01.633703+00:00
f2bdb18c-a479-461c-a8c5-69da2652506b,fUST,0.00016,60,18,-402330.8297215,demand,2026-08-30T20:47:01.633703+00:00
f2bdb18c-a479-461c-a8c5-69da2652506b,fUST,0.00015,90,1,-2000.0,demand,2026-08-30T20:47:01.633703+00:00
f2bdb18c-a479-461c-a8c5-69da2652506b,fUST,0.00015,120,1,-300000.0,demand,2026-08-30T20:47:01.633703+00:00
f2bdb18c-a479-461c-a8c5-69da2652506b,fUST,0.00015,45,3,-13845.272985,demand,2026-08-30T20:47:01.633703+00:00
f2bdb18c-a479-461c-a8c5-69da2652506b,fUST,0.00015,60,1,-28000.0,demand,2026-08-30T20:47:01.633703+00:00
f2bdb18c-a479-461c-a8c5-69da2652506b,fUST,0.00015,30,8,-15000.0,demand,2026-08-30T20:47:01.633703+00:00
f2bdb18c-a479-461c-a8c5-69da2652506b,fUST,0.000148,30,4,-20000.0,demand,2026-08-30T20:47:01.633703+00:00
f2bdb18c-a479-461c-a8c5-69da2652506b,fUST,0.0001421,45,9,-80000.0,demand,2026-08-30T20:47:01.633703+00:00
f2bdb18c-a479-461c-a8c5-69da2652506b,fUST,0.000142,45,2,-20000.0,demand,2026-08-30T20:47:01.633703+00:00
f2bdb18c-a479-461c-a8c5-69da2652506b,fUST,0.0001401,30,11,-147973.68632078,demand,2026-08-30T20:47:01.633703+00:00
f2bdb18c-a479-461c-a8c5-69da2652506b,fUST,0.00014000000000000001,30,1,-28000.0,demand,2026-08-30T20:47:01.633703+00:00
f2bdb18c-a479-461c-a8c5-69da2652506b,fUST,0.000138,20,6,-49626.52669917,demand,2026-08-30T20:47:01.633703+00:00
f2bdb18c-a479-461c-a8c5-69da2652506b,fUST,0.000136,30,3,-19544.22120933,demand,2026-08-30T20:47:01.633703+00:00
f2bdb18c-a479-461c-a8c5-69da2652506b,fUST,0.000128,30,3,-30000.0,demand,2026-08-30T20:47:01.633703+00:00
f2bdb18c-a479-461c-a8c5-69da2652506b,fUST,0.000126,15,5,-45000.0,demand,2026-08-30T20:47:01.633703+00:00
f2bdb18c-a479-461c-a8c5-69da2652506b,fUST,0.000125,14,22,-87434.04490168,demand,2026-08-30T20:47:01.633703+00:00
f2bdb18c-a479-461c-a8c5-69da2652506b,fUST,0.0001225,59,1,-95000.0,demand,2026-08-30T20:47:01.633703+00:00
f2bdb18c-a479-461c-a8c5-69da2652506b,fUST,0.0001222,29,1,-194504.86890568,demand,2026-08-30T20:47:01.633703+00:00
f2bdb18c-a479-461c-a8c5-69da2652506b,fUST,0.0001202,19,1,-184532.71737778,demand,2026-08-30T20:47:01.633703+00:00
f2bdb18c-a479-461c-a8c5-69da2652506b,fUST,0.00012,120,1,-30000.0,demand,2026-08-30T20:47:01.633703+00:00
f2bdb18c-a479-461c-a8c5-69da2652506b,fUST,0.00011011,2,2,-2384744.28670553,demand,2026-08-30T20:47:01.633703+00:00
f2bdb18c-a479-461c-a8c5-69da2652506b,fUST,0.0001621156,2,1,157.679521,offer,2026-08-30T20:47:01.633703+00:00
f2bdb18c-a479-461c-a8c5-69da2652506b,fUST,0.00016217623667808218,2,1,151.0,offer,2026-08-30T20:47:01.633703+00:00
f2bdb18c-a479-461c-a8c5-69da2652506b,fUST,0.00016719199657534245,2,3,554.13694421,offer,2026-08-30T20:47:01.633703+00:00
f2bdb18c-a479-461c-a8c5-69da2652506b,fUST,0.00016720980821917808,2,1,171.36384137,offer,2026-08-30T20:47:01.633703+00:00
f2bdb18c-a479-461c-a8c5-69da2652506b,fUST,0.00016999,2,8,3430.17234279,offer,2026-08-30T20:47:01.633703+00:00
f2bdb18c-a479-461c-a8c5-69da2652506b,fUST,0.00017,2,41,282306.74891184,offer,2026-08-30T20:47:01.633703+00:00
f2bdb18c-a479-461c-a8c5-69da2652506b,fUST,0.0001716722833333333,2,3,784.37345986,offer,2026-08-30T20:47:01.633703+00:00
f2bdb18c-a479-461c-a8c5-69da2652506b,fUST,0.00017339,2,16,5100.0,offer,2026-08-30T20:47:01.633703+00:00
f2bdb18c-a479-461c-a8c5-69da2652506b,fUST,0.0001734,4,1,179.08364051,offer,2026-08-30T20:47:01.633703+00:00
f2bdb18c-a479-461c-a8c5-69da2652506b,fUST,0.00017525880136986301,2,3,1098.68320619,offer,2026-08-30T20:47:01.633703+00:00
f2bdb18c-a479-461c-a8c5-69da2652506b,fUST,0.0001752772602739726,2,2,880.60505096,offer,2026-08-30T20:47:01.633703+00:00
f2bdb18c-a479-461c-a8c5-69da2652506b,fUST,0.0001771522833333333,2,2,575.93701049,offer,2026-08-30T20:47:01.633703+00:00
f2bdb18c-a479-461c-a8c5-69da2652506b,fUST,0.00017852,2,1,1212.78824217,offer,2026-08-30T20:47:01.633703+00:00
f2bdb18c-a479-461c-a8c5-69da2652506b,fUST,0.0001799763921,2,1,439.376756,offer,2026-08-30T20:47:01.633703+00:00
f2bdb18c-a479-461c-a8c5-69da2652506b,fUST,0.0001806366712328767,2,3,1648.02480928,offer,2026-08-30T20:47:01.633703+00:00
f2bdb18c-a479-461c-a8c5-69da2652506b,fUST,0.0001806393698630137,2,1,232.67418137,offer,2026-08-30T20:47:01.633703+00:00
f2bdb18c-a479-461c-a8c5-69da2652506b,fUST,0.0001806555616438356,2,7,1892.68269405,offer,2026-08-30T20:47:01.633703+00:00
f2bdb18c-a479-461c-a8c5-69da2652506b,fUST,0.00018072572602739726,2,4,992.06270166,offer,2026-08-30T20:47:01.633703+00:00
f2bdb18c-a479-461c-a8c5-69da2652506b,fUST,0.00018086335616438357,2,6,1952.38580418,offer,2026-08-30T20:47:01.633703+00:00
f2bdb18c-a479-461c-a8c5-69da2652506b,fUST,0.00018086335616438357,6,1,179.08364051,offer,2026-08-30T20:47:01.633703+00:00
f2bdb18c-a479-461c-a8c5-69da2652506b,fUST,0.00018263228333333329,2,1,413.91858341,offer,2026-08-30T20:47:01.633703+00:00
f2bdb18c-a479-461c-a8c5-69da2652506b,fUST,0.00018339999999999999,2,1,265.71995579,offer,2026-08-30T20:47:01.633703+00:00
f2bdb18c-a479-461c-a8c5-69da2652506b,fUST,0.00018422191780821917,2,4,2792.42498542,offer,2026-08-30T20:47:01.633703+00:00
f2bdb18c-a479-461c-a8c5-69da2652506b,fUST,0.00018422465753424656,2,1,465.34836275,offer,2026-08-30T20:47:01.633703+00:00
f2bdb18c-a479-461c-a8c5-69da2652506b,fUST,0.00018423561643835616,2,1,543.68442302,offer,2026-08-30T20:47:01.633703+00:00
5b0c8798-576d-4a25-b953-84eedad45e7a,fUST,0.0002671232876712329,120,1,-2980033.05978992,demand,2026-08-30T21:47:01.759151+00:00
5b0c8798-576d-4a25-b953-84eedad45e7a,fUST,0.000247980821,120,1,-56568.59382046,demand,2026-08-30T21:47:01.759151+00:00
5b0c8798-576d-4a25-b953-84eedad45e7a,fUST,0.0002390027397260274,120,1,-3260732.62170216,demand,2026-08-30T21:47:01.759151+00:00
5b0c8798-576d-4a25-b953-84eedad45e7a,fUST,0.00016,120,1,-2000.0,demand,2026-08-30T21:47:01.759151+00:00
5b0c8798-576d-4a25-b953-84eedad45e7a,fUST,0.00016,60,18,-402330.8297215,demand,2026-08-30T21:47:01.759151+00:00
5b0c8798-576d-4a25-b953-84eedad45e7a,fUST,0.00015,90,1,-2000.0,demand,2026-08-30T21:47:01.759151+00:00
5b0c8798-576d-4a25-b953-84eedad45e7a,fUST,0.00015,120,1,-300000.0,demand,2026-08-30T21:47:01.759151+00:00
5b0c8798-576d-4a25-b953-84eedad45e7a,fUST,0.00015,45,3,-13845.272985,demand,2026-08-30T21:47:01.759151+00:00
5b0c8798-576d-4a25-b953-84eedad45e7a,fUST,0.00015,60,1,-28000.0,demand,2026-08-30T21:47:01.759151+00:00
5b0c8798-576d-4a25-b953-84eedad45e7a,fUST,0.00015,30,8,-15000.0,demand,2026-08-30T21:47:01.759151+00:00
5b0c8798-576d-4a25-b953-84eedad45e7a,fUST,0.000148,30,4,-20000.0,demand,2026-08-30T21:47:01.759151+00:00
5b0c8798-576d-4a25-b953-84eedad45e7a,fUST,0.0001421,45,9,-80000.0,demand,2026-08-30T21:47:01.759151+00:00
5b0c8798-576d-4a25-b953-84eedad45e7a,fUST,0.000142,45,2,-20000.0,demand,2026-08-30T21:47:01.759151+00:00
5b0c8798-576d-4a25-b953-84eedad45e7a,fUST,0.0001401,30,11,-147973.68632078,demand,2026-08-30T21:47:01.759151+00:00
5b0c8798-576d-4a25-b953-84eedad45e7a,fUST,0.00014000000000000001,30,1,-28000.0,demand,2026-08-30T21:47:01.759151+00:00
5b0c8798-576d-4a25-b953-84eedad45e7a,fUST,0.000138,20,6,-49626.52669917,demand,2026-08-30T21:47:01.759151+00:00
5b0c8798-576d-4a25-b953-84eedad45e7a,fUST,0.000136,30,3,-19544.22120933,demand,2026-08-30T21:47:01.759151+00:00
5b0c8798-576d-4a25-b953-84eedad45e7a,fUST,0.000128,30,3,-30000.0,demand,2026-08-30T21:47:01.759151+00:00
5b0c8798-576d-4a25-b953-84eedad45e7a,fUST,0.000126,15,5,-45000.0,demand,2026-08-30T21:47:01.759151+00:00
5b0c8798-576d-4a25-b953-84eedad45e7a,fUST,0.000125,14,22,-87434.04490168,demand,2026-08-30T21:47:01.759151+00:00
5b0c8798-576d-4a25-b953-84eedad45e7a,fUST,0.0001225,59,1,-95000.0,demand,2026-08-30T21:47:01.759151+00:00
5b0c8798-576d-4a25-b953-84eedad45e7a,fUST,0.0001222,29,1,-194504.86890568,demand,2026-08-30T21:47:01.759151+00:00
5b0c8798-576d-4a25-b953-84eedad45e7a,fUST,0.0001202,19,1,-184532.71737778,demand,2026-08-30T21:47:01.759151+00:00
5b0c8798-576d-4a25-b953-84eedad45e7a,fUST,0.00012,120,1,-30000.0,demand,2026-08-30T21:47:01.759151+00:00
5b0c8798-576d-4a25-b953-84eedad45e7a,fUST,0.00011011,2,2,-2358135.88858045,demand,2026-08-30T21:47:01.759151+00:00
5b0c8798-576d-4a25-b953-84eedad45e7a,fUST,0.00012896,2,1,5000.0,offer,2026-08-30T21:47:01.759151+00:00
5b0c8798-576d-4a25-b953-84eedad45e7a,fUST,0.00013026,2,1,1670.0,offer,2026-08-30T21:47:01.759151+00:00
5b0c8798-576d-4a25-b953-84eedad45e7a,fUST,0.00013398797712062613,2,1,201.65066063,offer,2026-08-30T21:47:01.759151+00:00
5b0c8798-576d-4a25-b953-84eedad45e7a,fUST,0.00013698,2,1,500.0,offer,2026-08-30T21:47:01.759151+00:00
5b0c8798-576d-4a25-b953-84eedad45e7a,fUST,0.0001410895,2,1,649.95146964,offer,2026-08-30T21:47:01.759151+00:00
5b0c8798-576d-4a25-b953-84eedad45e7a,fUST,0.0001523155,2,1,697.0457665,offer,2026-08-30T21:47:01.759151+00:00
5b0c8798-576d-4a25-b953-84eedad45e7a,fUST,0.0001560529,2,1,230.1406406,offer,2026-08-30T21:47:01.759151+00:00
5b0c8798-576d-4a25-b953-84eedad45e7a,fUST,0.00016723270890410958,2,3,537.88882452,offer,2026-08-30T21:47:01.759151+00:00
5b0c8798-576d-4a25-b953-84eedad45e7a,fUST,0.0001672454315068493,2,2,343.52755481,offer,2026-08-30T21:47:01.759151+00:00
5b0c8798-576d-4a25-b953-84eedad45e7a,fUST,0.00016825196666666665,2,1,162.01842708,offer,2026-08-30T21:47:01.759151+00:00
5b0c8798-576d-4a25-b953-84eedad45e7a,fUST,0.00016883,2,1,271.51747146,offer,2026-08-30T21:47:01.759151+00:00
5b0c8798-576d-4a25-b953-84eedad45e7a,fUST,0.000169898,2,3,760.30666631,offer,2026-08-30T21:47:01.759151+00:00
5b0c8798-576d-4a25-b953-84eedad45e7a,fUST,0.00016990000000000004,3,1,648.2,offer,2026-08-30T21:47:01.759151+00:00
5b0c8798-576d-4a25-b953-84eedad45e7a,fUST,0.00016999,2,3,1332.47144661,offer,2026-08-30T21:47:01.759151+00:00
5b0c8798-576d-4a25-b953-84eedad45e7a,fUST,0.00016999000000000002,2,2,633.96608143,offer,2026-08-30T21:47:01.759151+00:00
5b0c8798-576d-4a25-b953-84eedad45e7a,fUST,0.00017,2,25,298782.59160944,offer,2026-08-30T21:47:01.759151+00:00
5b0c8798-576d-4a25-b953-84eedad45e7a,fUST,0.00017,7,1,180.76740601,offer,2026-08-30T21:47:01.759151+00:00
5b0c8798-576d-4a25-b953-84eedad45e7a,fUST,0.00017030196842626985,2,1,1572.65213511,offer,2026-08-30T21:47:01.759151+00:00
5b0c8798-576d-4a25-b953-84eedad45e7a,fUST,0.00017160249999999998,2,5,4759.21222887,offer,2026-08-30T21:47:01.759151+00:00
5b0c8798-576d-4a25-b953-84eedad45e7a,fUST,0.000172767,7,1,286.42475972,offer,2026-08-30T21:47:01.759151+00:00
5b0c8798-576d-4a25-b953-84eedad45e7a,fUST,0.00017339,2,16,5100.0,offer,2026-08-30T21:47:01.759151+00:00
5b0c8798-576d-4a25-b953-84eedad45e7a,fUST,0.0001734,4,2,369.6990726,offer,2026-08-30T21:47:01.759151+00:00
5b0c8798-576d-4a25-b953-84eedad45e7a,fUST,0.00017373196666666663,2,1,162.01842708,offer,2026-08-30T21:47:01.759151+00:00
5b0c8798-576d-4a25-b953-84eedad45e7a,fUST,0.00017522188356164383,2,1,231.31948038,offer,2026-08-30T21:47:01.759151+00:00
5b0c8798-576d-4a25-b953-84eedad45e7a,fUST,0.00017524561643835618,2,1,748.50014549,offer,2026-08-30T21:47:01.759151+00:00
c0fc6516-04c8-409b-a103-1da0dcea0176,fUST,0.0002671232876712329,120,1,-2980033.05978992,demand,2026-08-30T22:47:01.623237+00:00
c0fc6516-04c8-409b-a103-1da0dcea0176,fUST,0.000247980821,120,1,-56568.59382046,demand,2026-08-30T22:47:01.623237+00:00
c0fc6516-04c8-409b-a103-1da0dcea0176,fUST,0.0002389013698630137,120,1,-3260732.62170216,demand,2026-08-30T22:47:01.623237+00:00
c0fc6516-04c8-409b-a103-1da0dcea0176,fUST,0.00016,120,1,-2000.0,demand,2026-08-30T22:47:01.623237+00:00
c0fc6516-04c8-409b-a103-1da0dcea0176,fUST,0.00016,60,18,-402330.8297215,demand,2026-08-30T22:47:01.623237+00:00
c0fc6516-04c8-409b-a103-1da0dcea0176,fUST,0.00015,90,1,-2000.0,demand,2026-08-30T22:47:01.623237+00:00
c0fc6516-04c8-409b-a103-1da0dcea0176,fUST,0.00015,120,1,-300000.0,demand,2026-08-30T22:47:01.623237+00:00
c0fc6516-04c8-409b-a103-1da0dcea0176,fUST,0.00015,45,3,-13845.272985,demand,2026-08-30T22:47:01.623237+00:00
c0fc6516-04c8-409b-a103-1da0dcea0176,fUST,0.00015,60,1,-28000.0,demand,2026-08-30T22:47:01.623237+00:00
c0fc6516-04c8-409b-a103-1da0dcea0176,fUST,0.00015,30,8,-15000.0,demand,2026-08-30T22:47:01.623237+00:00
c0fc6516-04c8-409b-a103-1da0dcea0176,fUST,0.000148,30,4,-20000.0,demand,2026-08-30T22:47:01.623237+00:00
c0fc6516-04c8-409b-a103-1da0dcea0176,fUST,0.0001421,45,9,-80000.0,demand,2026-08-30T22:47:01.623237+00:00
c0fc6516-04c8-409b-a103-1da0dcea0176,fUST,0.000142,45,2,-20000.0,demand,2026-08-30T22:47:01.623237+00:00
c0fc6516-04c8-409b-a103-1da0dcea0176,fUST,0.0001401,30,11,-147973.68632078,demand,2026-08-30T22:47:01.623237+00:00
c0fc6516-04c8-409b-a103-1da0dcea0176,fUST,0.00014000000000000001,30,1,-28000.0,demand,2026-08-30T22:47:01.623237+00:00
c0fc6516-04c8-409b-a103-1da0dcea0176,fUST,0.000138,20,6,-49626.52669917,demand,2026-08-30T22:47:01.623237+00:00
c0fc6516-04c8-409b-a103-1da0dcea0176,fUST,0.000136,30,3,-19544.22120933,demand,2026-08-30T22:47:01.623237+00:00
c0fc6516-04c8-409b-a103-1da0dcea0176,fUST,0.000128,30,3,-30000.0,demand,2026-08-30T22:47:01.623237+00:00
c0fc6516-04c8-409b-a103-1da0dcea0176,fUST,0.000126,15,5,-45000.0,demand,2026-08-30T22:47:01.623237+00:00
c0fc6516-04c8-409b-a103-1da0dcea0176,fUST,0.000125,14,22,-87434.04490168,demand,2026-08-30T22:47:01.623237+00:00
c0fc6516-04c8-409b-a103-1da0dcea0176,fUST,0.0001225,59,1,-95000.0,demand,2026-08-30T22:47:01.623237+00:00
c0fc6516-04c8-409b-a103-1da0dcea0176,fUST,0.0001222,29,1,-194504.86890568,demand,2026-08-30T22:47:01.623237+00:00
c0fc6516-04c8-409b-a103-1da0dcea0176,fUST,0.0001202,19,1,-184532.71737778,demand,2026-08-30T22:47:01.623237+00:00
c0fc6516-04c8-409b-a103-1da0dcea0176,fUST,0.00012,120,1,-30000.0,demand,2026-08-30T22:47:01.623237+00:00
c0fc6516-04c8-409b-a103-1da0dcea0176,fUST,0.00011011,2,2,-2356535.85210347,demand,2026-08-30T22:47:01.623237+00:00
c0fc6516-04c8-409b-a103-1da0dcea0176,fUST,0.00017123,2,1,218.04030218,offer,2026-08-30T22:47:01.623237+00:00
c0fc6516-04c8-409b-a103-1da0dcea0176,fUST,0.00017223409589041099,2,1,184.51544112,offer,2026-08-30T22:47:01.623237+00:00
c0fc6516-04c8-409b-a103-1da0dcea0176,fUST,0.00017223409589041099,7,1,558.65535623,offer,2026-08-30T22:47:01.623237+00:00
c0fc6516-04c8-409b-a103-1da0dcea0176,fUST,0.00017567877780821922,7,1,558.65535623,offer,2026-08-30T22:47:01.623237+00:00
c0fc6516-04c8-409b-a103-1da0dcea0176,fUST,0.00017642205375,2,1,156.0,offer,2026-08-30T22:47:01.623237+00:00
c0fc6516-04c8-409b-a103-1da0dcea0176,fUST,0.0001803056164383562,2,1,369.03088224,offer,2026-08-30T22:47:01.623237+00:00
c0fc6516-04c8-409b-a103-1da0dcea0176,fUST,0.00018052332876712329,2,1,208.23618477,offer,2026-08-30T22:47:01.623237+00:00
c0fc6516-04c8-409b-a103-1da0dcea0176,fUST,0.00018084580068493153,7,1,558.65535623,offer,2026-08-30T22:47:01.623237+00:00
c0fc6516-04c8-409b-a103-1da0dcea0176,fUST,0.00018410684931506849,2,1,343.77404043,offer,2026-08-30T22:47:01.623237+00:00
c0fc6516-04c8-409b-a103-1da0dcea0176,fUST,0.00018568663013698633,2,1,553.54632336,offer,2026-08-30T22:47:01.623237+00:00
c0fc6516-04c8-409b-a103-1da0dcea0176,fUST,0.00018601282356164387,7,1,558.65535623,offer,2026-08-30T22:47:01.623237+00:00
c0fc6516-04c8-409b-a103-1da0dcea0176,fUST,0.00018642205375,2,1,166.0,offer,2026-08-30T22:47:01.623237+00:00
c0fc6516-04c8-409b-a103-1da0dcea0176,fUST,0.000188136,2,3,1232.185,offer,2026-08-30T22:47:01.623237+00:00
c0fc6516-04c8-409b-a103-1da0dcea0176,fUST,0.00018868663013698632,2,1,162.39050584,offer,2026-08-30T22:47:01.623237+00:00
c0fc6516-04c8-409b-a103-1da0dcea0176,fUST,0.00018927397260273975,2,1,738.06176448,offer,2026-08-30T22:47:01.623237+00:00
c0fc6516-04c8-409b-a103-1da0dcea0176,fUST,0.00019157498599999996,2,1,160.97926698,offer,2026-08-30T22:47:01.623237+00:00
c0fc6516-04c8-409b-a103-1da0dcea0176,fUST,0.00019169,2,15,4500.0,offer,2026-08-30T22:47:01.623237+00:00
c0fc6516-04c8-409b-a103-1da0dcea0176,fUST,0.00019227397260273974,2,2,720.20895918,offer,2026-08-30T22:47:01.623237+00:00
c0fc6516-04c8-409b-a103-1da0dcea0176,fUST,0.00019286131506849317,2,1,922.5772056,offer,2026-08-30T22:47:01.623237+00:00
c0fc6516-04c8-409b-a103-1da0dcea0176,fUST,0.0001929021873972603,7,1,558.65535625,offer,2026-08-30T22:47:01.623237+00:00
c0fc6516-04c8-409b-a103-1da0dcea0176,fUST,0.000195,2,1,220.50339263,offer,2026-08-30T22:47:01.623237+00:00
c0fc6516-04c8-409b-a103-1da0dcea0176,fUST,0.00019552157236593504,2,4,897.15472785,offer,2026-08-30T22:47:01.623237+00:00
c0fc6516-04c8-409b-a103-1da0dcea0176,fUST,0.00019561,2,1,600.0,offer,2026-08-30T22:47:01.623237+00:00
c0fc6516-04c8-409b-a103-1da0dcea0176,fUST,0.0001959,2,1,696.956,offer,2026-08-30T22:47:01.623237+00:00
c0fc6516-04c8-409b-a103-1da0dcea0176,fUST,0.000197,2,1,220.50339263,offer,2026-08-30T22:47:01.623237+00:00
a0c1a809-b099-4c4c-b04f-d353777a6e50,fUST,0.0002671232876712329,120,1,-2980033.05978992,demand,2026-08-30T23:47:01.860598+00:00
a0c1a809-b099-4c4c-b04f-d353777a6e50,fUST,0.000247980821,120,1,-56568.59382046,demand,2026-08-30T23:47:01.860598+00:00
a0c1a809-b099-4c4c-b04f-d353777a6e50,fUST,0.0002388986301369863,120,1,-3260732.62170216,demand,2026-08-30T23:47:01.860598+00:00
a0c1a809-b099-4c4c-b04f-d353777a6e50,fUST,0.00016,120,1,-2000.0,demand,2026-08-30T23:47:01.860598+00:00
a0c1a809-b099-4c4c-b04f-d353777a6e50,fUST,0.00016,60,18,-402330.8297215,demand,2026-08-30T23:47:01.860598+00:00
a0c1a809-b099-4c4c-b04f-d353777a6e50,fUST,0.00015,90,1,-2000.0,demand,2026-08-30T23:47:01.860598+00:00
a0c1a809-b099-4c4c-b04f-d353777a6e50,fUST,0.00015,120,1,-300000.0,demand,2026-08-30T23:47:01.860598+00:00
a0c1a809-b099-4c4c-b04f-d353777a6e50,fUST,0.00015,45,3,-13845.272985,demand,2026-08-30T23:47:01.860598+00:00
a0c1a809-b099-4c4c-b04f-d353777a6e50,fUST,0.00015,60,1,-28000.0,demand,2026-08-30T23:47:01.860598+00:00
a0c1a809-b099-4c4c-b04f-d353777a6e50,fUST,0.00015,30,8,-15000.0,demand,2026-08-30T23:47:01.860598+00:00
a0c1a809-b099-4c4c-b04f-d353777a6e50,fUST,0.000148,30,4,-20000.0,demand,2026-08-30T23:47:01.860598+00:00
a0c1a809-b099-4c4c-b04f-d353777a6e50,fUST,0.0001421,45,9,-80000.0,demand,2026-08-30T23:47:01.860598+00:00
a0c1a809-b099-4c4c-b04f-d353777a6e50,fUST,0.000142,45,2,-20000.0,demand,2026-08-30T23:47:01.860598+00:00
a0c1a809-b099-4c4c-b04f-d353777a6e50,fUST,0.0001401,30,11,-147973.68632078,demand,2026-08-30T23:47:01.860598+00:00
a0c1a809-b099-4c4c-b04f-d353777a6e50,fUST,0.00014000000000000001,30,1,-28000.0,demand,2026-08-30T23:47:01.860598+00:00
a0c1a809-b099-4c4c-b04f-d353777a6e50,fUST,0.000138,20,6,-49626.52669917,demand,2026-08-30T23:47:01.860598+00:00
a0c1a809-b099-4c4c-b04f-d353777a6e50,fUST,0.000136,30,3,-19544.22120933,demand,2026-08-30T23:47:01.860598+00:00
a0c1a809-b099-4c4c-b04f-d353777a6e50,fUST,0.000128,30,3,-30000.0,demand,2026-08-30T23:47:01.860598+00:00
a0c1a809-b099-4c4c-b04f-d353777a6e50,fUST,0.000126,15,5,-45000.0,demand,2026-08-30T23:47:01.860598+00:00
a0c1a809-b099-4c4c-b04f-d353777a6e50,fUST,0.000125,14,22,-87434.04490168,demand,2026-08-30T23:47:01.860598+00:00
a0c1a809-b099-4c4c-b04f-d353777a6e50,fUST,0.0001225,59,1,-95000.0,demand,2026-08-30T23:47:01.860598+00:00
a0c1a809-b099-4c4c-b04f-d353777a6e50,fUST,0.0001222,29,1,-194504.86890568,demand,2026-08-30T23:47:01.860598+00:00
a0c1a809-b099-4c4c-b04f-d353777a6e50,fUST,0.0001202,19,1,-184532.71737778,demand,2026-08-30T23:47:01.860598+00:00
a0c1a809-b099-4c4c-b04f-d353777a6e50,fUST,0.00012,120,1,-30000.0,demand,2026-08-30T23:47:01.860598+00:00
a0c1a809-b099-4c4c-b04f-d353777a6e50,fUST,0.00011011,2,2,-2352395.11203914,demand,2026-08-30T23:47:01.860598+00:00
a0c1a809-b099-4c4c-b04f-d353777a6e50,fUST,0.00012356,2,1,166.96631513,offer,2026-08-30T23:47:01.860598+00:00
a0c1a809-b099-4c4c-b04f-d353777a6e50,fUST,0.000123564,7,1,331.32639616,offer,2026-08-30T23:47:01.860598+00:00
a0c1a809-b099-4c4c-b04f-d353777a6e50,fUST,0.00012603528,7,1,207.91605362,offer,2026-08-30T23:47:01.860598+00:00
a0c1a809-b099-4c4c-b04f-d353777a6e50,fUST,0.00013344912,7,1,311.87408044,offer,2026-08-30T23:47:01.860598+00:00
a0c1a809-b099-4c4c-b04f-d353777a6e50,fUST,0.000142577175625,2,1,500.0,offer,2026-08-30T23:47:01.860598+00:00
a0c1a809-b099-4c4c-b04f-d353777a6e50,fUST,0.00015123,2,1,300.77,offer,2026-08-30T23:47:01.860598+00:00
a0c1a809-b099-4c4c-b04f-d353777a6e50,fUST,0.0001602103,2,1,1181.5877963,offer,2026-08-30T23:47:01.860598+00:00
a0c1a809-b099-4c4c-b04f-d353777a6e50,fUST,0.0001611194,2,1,186.844367,offer,2026-08-30T23:47:01.860598+00:00
a0c1a809-b099-4c4c-b04f-d353777a6e50,fUST,0.00016263,2,1,500.0,offer,2026-08-30T23:47:01.860598+00:00
a0c1a809-b099-4c4c-b04f-d353777a6e50,fUST,0.00016586,2,15,4500.0,offer,2026-08-30T23:47:01.860598+00:00
a0c1a809-b099-4c4c-b04f-d353777a6e50,fUST,0.00016917,2,1,600.0,offer,2026-08-30T23:47:01.860598+00:00
a0c1a809-b099-4c4c-b04f-d353777a6e50,fUST,0.000182728,2,2,639.0,offer,2026-08-30T23:47:01.860598+00:00
a0c1a809-b099-4c4c-b04f-d353777a6e50,fUST,0.00018608,2,1,720.0,offer,2026-08-30T23:47:01.860598+00:00
a0c1a809-b099-4c4c-b04f-d353777a6e50,fUST,0.00018988,3,3,1488.38,offer,2026-08-30T23:47:01.860598+00:00
a0c1a809-b099-4c4c-b04f-d353777a6e50,fUST,0.00018997,2,12,5515.01838291,offer,2026-08-30T23:47:01.860598+00:00
a0c1a809-b099-4c4c-b04f-d353777a6e50,fUST,0.00018998,2,13,132259.988515,offer,2026-08-30T23:47:01.860598+00:00
a0c1a809-b099-4c4c-b04f-d353777a6e50,fUST,0.00019178,2,5,4932.28322425,offer,2026-08-30T23:47:01.860598+00:00
a0c1a809-b099-4c4c-b04f-d353777a6e50,fUST,0.0001952845,2,2,9533.34733107,offer,2026-08-30T23:47:01.860598+00:00
a0c1a809-b099-4c4c-b04f-d353777a6e50,fUST,0.00019532646086364036,2,5,1117.9694836,offer,2026-08-30T23:47:01.860598+00:00
a0c1a809-b099-4c4c-b04f-d353777a6e50,fUST,0.0001959,2,1,557.565,offer,2026-08-30T23:47:01.860598+00:00
a0c1a809-b099-4c4c-b04f-d353777a6e50,fUST,0.000196,2,1,165.37754448,offer,2026-08-30T23:47:01.860598+00:00
a0c1a809-b099-4c4c-b04f-d353777a6e50,fUST,0.000197,2,2,12728.13201849,offer,2026-08-30T23:47:01.860598+00:00
a0c1a809-b099-4c4c-b04f-d353777a6e50,fUST,0.000199,2,1,165.37754448,offer,2026-08-30T23:47:01.860598+00:00
a0c1a809-b099-4c4c-b04f-d353777a6e50,fUST,0.000199,3,1,300.0,offer,2026-08-30T23:47:01.860598+00:00
a0c1a809-b099-4c4c-b04f-d353777a6e50,fUST,0.00019999,2,2,79217.42178722,offer,2026-08-30T23:47:01.860598+00:00
