run_id,market,rate,period,count,amount,side,fetched_at
e228fa37-9075-4895-9aed-9d11e635be30,fUST,0.0002671232876712329,120,1,-2446308.8367134,demand,2026-09-03T00:47:01.725258+00:00
e228fa37-9075-4895-9aed-9d11e635be30,fUST,0.000267123287,120,1,-243.95,demand,2026-09-03T00:47:01.725258+00:00
e228fa37-9075-4895-9aed-9d11e635be30,fUST,0.000249652054,120,1,-1000.0,demand,2026-09-03T00:47:01.725258+00:00
e228fa37-9075-4895-9aed-9d11e635be30,fUST,0.000249589041,120,1,-1000.0,demand,2026-09-03T00:47:01.725258+00:00
e228fa37-9075-4895-9aed-9d11e635be30,fUST,0.000247980821,120,1,-56568.59382046,demand,2026-09-03T00:47:01.725258+00:00
e228fa37-9075-4895-9aed-9d11e635be30,fUST,0.0002370876712328767,120,1,-979971.79200728,demand,2026-09-03T00:47:01.725258+00:00
e228fa37-9075-4895-9aed-9d11e635be30,fUST,0.000208521,3,1,-500.0,demand,2026-09-03T00:47:01.725258+00:00
e228fa37-9075-4895-9aed-9d11e635be30,fUST,0.0001989,2,7,-3500.0,demand,2026-09-03T00:47:01.725258+00:00
e228fa37-9075-4895-9aed-9d11e635be30,fUST,0.00016,120,1,-2000.0,demand,2026-09-03T00:47:01.725258+00:00
e228fa37-9075-4895-9aed-9d11e635be30,fUST,0.00016,60,18,-401383.2198215,demand,2026-09-03T00:47:01.725258+00:00
e228fa37-9075-4895-9aed-9d11e635be30,fUST,0.000152,60,1,-28000.0,demand,2026-09-03T00:47:01.725258+00:00
e228fa37-9075-4895-9aed-9d11e635be30,fUST,0.00015010000000000002,30,1,-28000.0,demand,2026-09-03T00:47:01.725258+00:00
e228fa37-9075-4895-9aed-9d11e635be30,fUST,0.00015,90,1,-2000.0,demand,2026-09-03T00:47:01.725258+00:00
e228fa37-9075-4895-9aed-9d11e635be30,fUST,0.00015,120,1,-300000.0,demand,2026-09-03T00:47:01.725258+00:00
e228fa37-9075-4895-9aed-9d11e635be30,fUST,0.00015,45,3,-13845.272985,demand,2026-09-03T00:47:01.725258+00:00
e228fa37-9075-4895-9aed-9d11e635be30,fUST,0.00015,30,10,-28548.06914492,demand,2026-09-03T00:47:01.725258+00:00
e228fa37-9075-4895-9aed-9d11e635be30,fUST,0.000148,30,4,-20000.0,demand,2026-09-03T00:47:01.725258+00:00
e228fa37-9075-4895-9aed-9d11e635be30,fUST,0.0001421,45,9,-80000.0,demand,2026-09-03T00:47:01.725258+00:00
e228fa37-9075-4895-9aed-9d11e635be30,fUST,0.000142,45,2,-20000.0,demand,2026-09-03T00:47:01.725258+00:00
e228fa37-9075-4895-9aed-9d11e635be30,fUST,0.0001401,30,11,-147973.68632078,demand,2026-09-03T00:47:01.725258+00:00
e228fa37-9075-4895-9aed-9d11e635be30,fUST,0.000138,20,6,-49368.52669917,demand,2026-09-03T00:47:01.725258+00:00
e228fa37-9075-4895-9aed-9d11e635be30,fUST,0.000136,30,3,-19544.22120933,demand,2026-09-03T00:47:01.725258+00:00
e228fa37-9075-4895-9aed-9d11e635be30,fUST,0.000128,30,3,-30000.0,demand,2026-09-03T00:47:01.725258+00:00
e228fa37-9075-4895-9aed-9d11e635be30,fUST,0.000126599998,13,1,-103082.5917334,demand,2026-09-03T00:47:01.725258+00:00
e228fa37-9075-4895-9aed-9d11e635be30,fUST,0.000126,15,5,-45000.0,demand,2026-09-03T00:47:01.725258+00:00
e228fa37-9075-4895-9aed-9d11e635be30,fUST,0.00019989,2,2,1874.89408374,offer,2026-09-03T00:47:01.725258+00:00
e228fa37-9075-4895-9aed-9d11e635be30,fUST,0.0001999,3,1,943.52,offer,2026-09-03T00:47:01.725258+00:00
e228fa37-9075-4895-9aed-9d11e635be30,fUST,0.00019998,2,10,4412.8557387,offer,2026-09-03T00:47:01.725258+00:00
e228fa37-9075-4895-9aed-9d11e635be30,fUST,0.00019999,2,25,295405.221371,offer,2026-09-03T00:47:01.725258+00:00
e228fa37-9075-4895-9aed-9d11e635be30,fUST,0.0002,10,1,153035.0540593,offer,2026-09-03T00:47:01.725258+00:00
e228fa37-9075-4895-9aed-9d11e635be30,fUST,0.0002000001,2,4,2304.72,offer,2026-09-03T00:47:01.725258+00:00
e228fa37-9075-4895-9aed-9d11e635be30,fUST,0.00020487,3,1,300.0,offer,2026-09-03T00:47:01.725258+00:00
e228fa37-9075-4895-9aed-9d11e635be30,fUST,0.00020488,2,1,150.0,offer,2026-09-03T00:47:01.725258+00:00
e228fa37-9075-4895-9aed-9d11e635be30,fUST,0.000208521,2,1,224.06522698,offer,2026-09-03T00:47:01.725258+00:00
e228fa37-9075-4895-9aed-9d11e635be30,fUST,0.00020999,2,3,1500.0,offer,2026-09-03T00:47:01.725258+00:00
e228fa37-9075-4895-9aed-9d11e635be30,fUST,0.00021,2,2,50256.24459496,offer,2026-09-03T00:47:01.725258+00:00
e228fa37-9075-4895-9aed-9d11e635be30,fUST,0.00021280221666666668,2,2,339.02106066,offer,2026-09-03T00:47:01.725258+00:00
e228fa37-9075-4895-9aed-9d11e635be30,fUST,0.0002135886301369863,3,2,1415.28,offer,2026-09-03T00:47:01.725258+00:00
e228fa37-9075-4895-9aed-9d11e635be30,fUST,0.0002135986301369863,3,1,1887.04,offer,2026-09-03T00:47:01.725258+00:00
e228fa37-9075-4895-9aed-9d11e635be30,fUST,0.00021419,10,16,5100.0,offer,2026-09-03T00:47:01.725258+00:00
e228fa37-9075-4895-9aed-9d11e635be30,fUST,0.000217649,2,1,188.0,offer,2026-09-03T00:47:01.725258+00:00
e228fa37-9075-4895-9aed-9d11e635be30,fUST,0.0002178321276504347,7,1,171.72269538,offer,2026-09-03T00:47:01.725258+00:00
e228fa37-9075-4895-9aed-9d11e635be30,fUST,0.00021828221666666669,2,2,339.02106068,offer,2026-09-03T00:47:01.725258+00:00
e228fa37-9075-4895-9aed-9d11e635be30,fUST,0.00021917808219178083,2,20,3523.16304771,offer,2026-09-03T00:47:01.725258+00:00
e228fa37-9075-4895-9aed-9d11e635be30,fUST,0.00022271,2,2,1000.0,offer,2026-09-03T00:47:01.725258+00:00
e228fa37-9075-4895-9aed-9d11e635be30,fUST,0.00022376221666666667,2,1,159.74911885,offer,2026-09-03T00:47:01.725258+00:00
e228fa37-9075-4895-9aed-9d11e635be30,fUST,0.00022578,2,2,717.16829961,offer,2026-09-03T00:47:01.725258+00:00
e228fa37-9075-4895-9aed-9d11e635be30,fUST,0.00022886849315,2,1,332.8091542,offer,2026-09-03T00:47:01.725258+00:00
e228fa37-9075-4895-9aed-9d11e635be30,fUST,0.00022924221666666668,2,1,159.74911885,offer,2026-09-03T00:47:01.725258+00:00
e228fa37-9075-4895-9aed-9d11e635be30,fUST,0.00022977,2,1,403.25378522,offer,2026-09-03T00:47:01.725258+00:00
3f6dccd1-ed81-4f89-a3e5-43d4bc3c8fa0,fUST,0.0002671232876712329,120,1,-2444402.08942182,demand,2026-09-03T01:47:01.203559+00:00
3f6dccd1-ed81-4f89-a3e5-43d4bc3c8fa0,fUST,0.000267123287,120,1,-243.95,demand,2026-09-03T01:47:01.203559+00:00
3f6dccd1-ed81-4f89-a3e5-43d4bc3c8fa0,fUST,0.000249652054,120,1,-1000.0,demand,2026-09-03T01:47:01.203559+00:00
3f6dccd1-ed81-4f89-a3e5-43d4bc3c8fa0,fUST,0.000249589041,120,1,-1000.0,demand,2026-09-03T01:47:01.203559+00:00
3f6dccd1-ed81-4f89-a3e5-43d4bc3c8fa0,fUST,0.000247980821,120,1,-56568.59382046,demand,2026-09-03T01:47:01.203559+00:00
3f6dccd1-ed81-4f89-a3e5-43d4bc3c8fa0,fUST,0.00023736712328767124,120,1,-968036.62668917,demand,2026-09-03T01:47:01.203559+00:00
3f6dccd1-ed81-4f89-a3e5-43d4bc3c8fa0,fUST,0.00016,120,1,-2000.0,demand,2026-09-03T01:47:01.203559+00:00
3f6dccd1-ed81-4f89-a3e5-43d4bc3c8fa0,fUST,0.00016,60,18,-401383.2198215,demand,2026-09-03T01:47:01.203559+00:00
3f6dccd1-ed81-4f89-a3e5-43d4bc3c8fa0,fUST,0.000152,60,1,-28000.0,demand,2026-09-03T01:47:01.203559+00:00
3f6dccd1-ed81-4f89-a3e5-43d4bc3c8fa0,fUST,0.00015010000000000002,30,1,-28000.0,demand,2026-09-03T01:47:01.203559+00:00
3f6dccd1-ed81-4f89-a3e5-43d4bc3c8fa0,fUST,0.00015,90,1,-2000.0,demand,2026-09-03T01:47:01.203559+00:00
3f6dccd1-ed81-4f89-a3e5-43d4bc3c8fa0,fUST,0.00015,120,1,-300000.0,demand,2026-09-03T01:47:01.203559+00:00
3f6dccd1-ed81-4f89-a3e5-43d4bc3c8fa0,fUST,0.00015,45,3,-13845.272985,demand,2026-09-03T01:47:01.203559+00:00
3f6dccd1-ed81-4f89-a3e5-43d4bc3c8fa0,fUST,0.00015,30,10,-28548.06914492,demand,2026-09-03T01:47:01.203559+00:00
3f6dccd1-ed81-4f89-a3e5-43d4bc3c8fa0,fUST,0.000148,30,4,-20000.0,demand,2026-09-03T01:47:01.203559+00:00
3f6dccd1-ed81-4f89-a3e5-43d4bc3c8fa0,fUST,0.0001421,45,9,-80000.0,demand,2026-09-03T01:47:01.203559+00:00
3f6dccd1-ed81-4f89-a3e5-43d4bc3c8fa0,fUST,0.000142,45,2,-20000.0,demand,2026-09-03T01:47:01.203559+00:00
3f6dccd1-ed81-4f89-a3e5-43d4bc3c8fa0,fUST,0.0001401,30,11,-147973.68632078,demand,2026-09-03T01:47:01.203559+00:00
3f6dccd1-ed81-4f89-a3e5-43d4bc3c8fa0,fUST,0.000138,20,6,-49368.52669917,demand,2026-09-03T01:47:01.203559+00:00
3f6dccd1-ed81-4f89-a3e5-43d4bc3c8fa0,fUST,0.000136,30,3,-19544.22120933,demand,2026-09-03T01:47:01.203559+00:00
3f6dccd1-ed81-4f89-a3e5-43d4bc3c8fa0,fUST,0.000128,30,3,-30000.0,demand,2026-09-03T01:47:01.203559+00:00
3f6dccd1-ed81-4f89-a3e5-43d4bc3c8fa0,fUST,0.000126599998,13,1,-103082.5917334,demand,2026-09-03T01:47:01.203559+00:00
3f6dccd1-ed81-4f89-a3e5-43d4bc3c8fa0,fUST,0.000126,15,5,-45000.0,demand,2026-09-03T01:47:01.203559+00:00
3f6dccd1-ed81-4f89-a3e5-43d4bc3c8fa0,fUST,0.000125,14,22,-87434.04490168,demand,2026-09-03T01:47:01.203559+00:00
3f6dccd1-ed81-4f89-a3e5-43d4bc3c8fa0,fUST,0.0001225,59,1,-95000.0,demand,2026-09-03T01:47:01.203559+00:00
3f6dccd1-ed81-4f89-a3e5-43d4bc3c8fa0,fUST,0.00016566019520547945,2,1,192.88752332,offer,2026-09-03T01:47:01.203559+00:00
3f6dccd1-ed81-4f89-a3e5-43d4bc3c8fa0,fUST,0.00017367133561643837,2,1,385.77504664,offer,2026-09-03T01:47:01.203559+00:00
3f6dccd1-ed81-4f89-a3e5-43d4bc3c8fa0,fUST,0.00017641,2,1,257.32234954,offer,2026-09-03T01:47:01.203559+00:00
3f6dccd1-ed81-4f89-a3e5-43d4bc3c8fa0,fUST,0.00017819,2,1,600.0,offer,2026-09-03T01:47:01.203559+00:00
3f6dccd1-ed81-4f89-a3e5-43d4bc3c8fa0,fUST,0.00017901209589041097,2,1,578.66256996,offer,2026-09-03T01:47:01.203559+00:00
3f6dccd1-ed81-4f89-a3e5-43d4bc3c8fa0,fUST,0.00017999,2,1,600.0,offer,2026-09-03T01:47:01.203559+00:00
3f6dccd1-ed81-4f89-a3e5-43d4bc3c8fa0,fUST,0.00018256260273972604,2,1,324.57998293,offer,2026-09-03T01:47:01.203559+00:00
3f6dccd1-ed81-4f89-a3e5-43d4bc3c8fa0,fUST,0.00018257260273972604,2,1,771.55009327,offer,2026-09-03T01:47:01.203559+00:00
3f6dccd1-ed81-4f89-a3e5-43d4bc3c8fa0,fUST,0.0001876927248,2,1,2086.4185073,offer,2026-09-03T01:47:01.203559+00:00
3f6dccd1-ed81-4f89-a3e5-43d4bc3c8fa0,fUST,0.000197,2,1,431.84158752,offer,2026-09-03T01:47:01.203559+00:00
3f6dccd1-ed81-4f89-a3e5-43d4bc3c8fa0,fUST,0.00019989,3,3,1510.82,offer,2026-09-03T01:47:01.203559+00:00
3f6dccd1-ed81-4f89-a3e5-43d4bc3c8fa0,fUST,0.00019989,2,2,1272.76278528,offer,2026-09-03T01:47:01.203559+00:00
3f6dccd1-ed81-4f89-a3e5-43d4bc3c8fa0,fUST,0.00019997,2,1,287.03730369,offer,2026-09-03T01:47:01.203559+00:00
3f6dccd1-ed81-4f89-a3e5-43d4bc3c8fa0,fUST,0.00019998,2,10,4353.93108648,offer,2026-09-03T01:47:01.203559+00:00
3f6dccd1-ed81-4f89-a3e5-43d4bc3c8fa0,fUST,0.00019998904109589042,2,1,507.6020188,offer,2026-09-03T01:47:01.203559+00:00
3f6dccd1-ed81-4f89-a3e5-43d4bc3c8fa0,fUST,0.00019999,2,24,457401.89484874,offer,2026-09-03T01:47:01.203559+00:00
3f6dccd1-ed81-4f89-a3e5-43d4bc3c8fa0,fUST,0.0002,20,1,20452.52005023,offer,2026-09-03T01:47:01.203559+00:00
3f6dccd1-ed81-4f89-a3e5-43d4bc3c8fa0,fUST,0.0002,2,1,584.69,offer,2026-09-03T01:47:01.203559+00:00
3f6dccd1-ed81-4f89-a3e5-43d4bc3c8fa0,fUST,0.00020245,2,1,600.0,offer,2026-09-03T01:47:01.203559+00:00
3f6dccd1-ed81-4f89-a3e5-43d4bc3c8fa0,fUST,0.0002035361196,2,1,191.804191,offer,2026-09-03T01:47:01.203559+00:00
3f6dccd1-ed81-4f89-a3e5-43d4bc3c8fa0,fUST,0.000204976,2,1,1525.88596818,offer,2026-09-03T01:47:01.203559+00:00
3f6dccd1-ed81-4f89-a3e5-43d4bc3c8fa0,fUST,0.00020851,2,1,500.0,offer,2026-09-03T01:47:01.203559+00:00
3f6dccd1-ed81-4f89-a3e5-43d4bc3c8fa0,fUST,0.00020852,2,6,6922.38,offer,2026-09-03T01:47:01.203559+00:00
3f6dccd1-ed81-4f89-a3e5-43d4bc3c8fa0,fUST,0.0002085201,2,2,1385.54,offer,2026-09-03T01:47:01.203559+00:00
3f6dccd1-ed81-4f89-a3e5-43d4bc3c8fa0,fUST,0.00020937782884070035,2,1,4176.98352417,offer,2026-09-03T01:47:01.203559+00:00
f42ce6fa-7f45-418d-805f-cf4ad5d3bcf8,fUST,0.0002671232876712329,120,1,-2443517.89003032,demand,2026-09-03T02:47:01.836303+00:00
f42ce6fa-7f45-418d-805f-cf4ad5d3bcf8,fUST,0.000267123287,120,1,-243.95,demand,2026-09-03T02:47:01.836303+00:00
f42ce6fa-7f45-418d-805f-cf4ad5d3bcf8,fUST,0.000249652054,120,1,-1000.0,demand,2026-09-03T02:47:01.836303+00:00
f42ce6fa-7f45-418d-805f-cf4ad5d3bcf8,fUST,0.000249589041,120,1,-1000.0,demand,2026-09-03T02:47:01.836303+00:00
f42ce6fa-7f45-418d-805f-cf4ad5d3bcf8,fUST,0.000247980821,120,1,-56568.59382046,demand,2026-09-03T02:47:01.836303+00:00
f42ce6fa-7f45-418d-805f-cf4ad5d3bcf8,fUST,0.00023744383561643835,120,1,-968036.62668917,demand,2026-09-03T02:47:01.836303+00:00
f42ce6fa-7f45-418d-805f-cf4ad5d3bcf8,fUST,0.00017125,2,1,-150.0,demand,2026-09-03T02:47:01.836303+00:00
f42ce6fa-7f45-418d-805f-cf4ad5d3bcf8,fUST,0.00016,120,1,-2000.0,demand,2026-09-03T02:47:01.836303+00:00
f42ce6fa-7f45-418d-805f-cf4ad5d3bcf8,fUST,0.00016,60,18,-401383.2198215,demand,2026-09-03T02:47:01.836303+00:00
f42ce6fa-7f45-418d-805f-cf4ad5d3bcf8,fUST,0.000152,60,1,-28000.0,demand,2026-09-03T02:47:01.836303+00:00
f42ce6fa-7f45-418d-805f-cf4ad5d3bcf8,fUST,0.00015125,2,1,-178.04059498,demand,2026-09-03T02:47:01.836303+00:00
f42ce6fa-7f45-418d-805f-cf4ad5d3bcf8,fUST,0.00015010000000000002,30,1,-28000.0,demand,2026-09-03T02:47:01.836303+00:00
f42ce6fa-7f45-418d-805f-cf4ad5d3bcf8,fUST,0.00015,90,1,-2000.0,demand,2026-09-03T02:47:01.836303+00:00
f42ce6fa-7f45-418d-805f-cf4ad5d3bcf8,fUST,0.00015,120,1,-300000.0,demand,2026-09-03T02:47:01.836303+00:00
f42ce6fa-7f45-418d-805f-cf4ad5d3bcf8,fUST,0.00015,45,3,-13845.272985,demand,2026-09-03T02:47:01.836303+00:00
f42ce6fa-7f45-418d-805f-cf4ad5d3bcf8,fUST,0.00015,30,10,-28548.06914492,demand,2026-09-03T02:47:01.836303+00:00
f42ce6fa-7f45-418d-805f-cf4ad5d3bcf8,fUST,0.000148,30,4,-20000.0,demand,2026-09-03T02:47:01.836303+00:00
f42ce6fa-7f45-418d-805f-cf4ad5d3bcf8,fUST,0.0001421,45,9,-80000.0,demand,2026-09-03T02:47:01.836303+00:00
f42ce6fa-7f45-418d-805f-cf4ad5d3bcf8,fUST,0.000142,45,2,-20000.0,demand,2026-09-03T02:47:01.836303+00:00
f42ce6fa-7f45-418d-805f-cf4ad5d3bcf8,fUST,0.0001401,30,11,-147973.68632078,demand,2026-09-03T02:47:01.836303+00:00
f42ce6fa-7f45-418d-805f-cf4ad5d3bcf8,fUST,0.000138,20,6,-49368.52669917,demand,2026-09-03T02:47:01.836303+00:00
f42ce6fa-7f45-418d-805f-cf4ad5d3bcf8,fUST,0.000136,30,3,-19544.22120933,demand,2026-09-03T02:47:01.836303+00:00
f42ce6fa-7f45-418d-805f-cf4ad5d3bcf8,fUST,0.000128,30,3,-30000.0,demand,2026-09-03T02:47:01.836303+00:00
f42ce6fa-7f45-418d-805f-cf4ad5d3bcf8,fUST,0.000126599998,13,1,-103082.5917334,demand,2026-09-03T02:47:01.836303+00:00
f42ce6fa-7f45-418d-805f-cf4ad5d3bcf8,fUST,0.000126,15,5,-45000.0,demand,2026-09-03T02:47:01.836303+00:00
f42ce6fa-7f45-418d-805f-cf4ad5d3bcf8,fUST,0.000165,2,1,191.67,offer,2026-09-03T02:47:01.836303+00:00
f42ce6fa-7f45-418d-805f-cf4ad5d3bcf8,fUST,0.00017125,2,1,334.01285598,offer,2026-09-03T02:47:01.836303+00:00
f42ce6fa-7f45-418d-805f-cf4ad5d3bcf8,fUST,0.00017909305479452053,2,1,180.93455943,offer,2026-09-03T02:47:01.836303+00:00
f42ce6fa-7f45-418d-805f-cf4ad5d3bcf8,fUST,0.00017957,2,1,200.61,offer,2026-09-03T02:47:01.836303+00:00
f42ce6fa-7f45-418d-805f-cf4ad5d3bcf8,fUST,0.0001805671,2,1,167.3453349,offer,2026-09-03T02:47:01.836303+00:00
f42ce6fa-7f45-418d-805f-cf4ad5d3bcf8,fUST,0.00018265479452054793,2,1,361.86911887,offer,2026-09-03T02:47:01.836303+00:00
f42ce6fa-7f45-418d-805f-cf4ad5d3bcf8,fUST,0.0001836584,2,1,1238.3702069,offer,2026-09-03T02:47:01.836303+00:00
f42ce6fa-7f45-418d-805f-cf4ad5d3bcf8,fUST,0.0001846668,2,1,187.7531571,offer,2026-09-03T02:47:01.836303+00:00
f42ce6fa-7f45-418d-805f-cf4ad5d3bcf8,fUST,0.00018606720000000003,2,1,179.82017982,offer,2026-09-03T02:47:01.836303+00:00
f42ce6fa-7f45-418d-805f-cf4ad5d3bcf8,fUST,0.000198616438,2,1,267.33,offer,2026-09-03T02:47:01.836303+00:00
f42ce6fa-7f45-418d-805f-cf4ad5d3bcf8,fUST,0.00019988,2,3,512.00576971,offer,2026-09-03T02:47:01.836303+00:00
f42ce6fa-7f45-418d-805f-cf4ad5d3bcf8,fUST,0.00019999,2,1,184.937,offer,2026-09-03T02:47:01.836303+00:00
f42ce6fa-7f45-418d-805f-cf4ad5d3bcf8,fUST,0.00019999000000000001,2,1,277.83640092,offer,2026-09-03T02:47:01.836303+00:00
f42ce6fa-7f45-418d-805f-cf4ad5d3bcf8,fUST,0.0002,10,1,116560.34938248,offer,2026-09-03T02:47:01.836303+00:00
f42ce6fa-7f45-418d-805f-cf4ad5d3bcf8,fUST,0.0002,2,19,251732.26004073,offer,2026-09-03T02:47:01.836303+00:00
f42ce6fa-7f45-418d-805f-cf4ad5d3bcf8,fUST,0.0002021718528,2,1,167.517175,offer,2026-09-03T02:47:01.836303+00:00
f42ce6fa-7f45-418d-805f-cf4ad5d3bcf8,fUST,0.000205,2,1,47418.56706846,offer,2026-09-03T02:47:01.836303+00:00
f42ce6fa-7f45-418d-805f-cf4ad5d3bcf8,fUST,0.00020909,2,16,4800.0,offer,2026-09-03T02:47:01.836303+00:00
f42ce6fa-7f45-418d-805f-cf4ad5d3bcf8,fUST,0.00021,2,1,5008.43451057,offer,2026-09-03T02:47:01.836303+00:00
f42ce6fa-7f45-418d-805f-cf4ad5d3bcf8,fUST,0.00021224,2,2,305.67586875,offer,2026-09-03T02:47:01.836303+00:00
f42ce6fa-7f45-418d-805f-cf4ad5d3bcf8,fUST,0.00021326,10,1,600.0,offer,2026-09-03T02:47:01.836303+00:00
f42ce6fa-7f45-418d-805f-cf4ad5d3bcf8,fUST,0.00021498,2,1,76448.05758928,offer,2026-09-03T02:47:01.836303+00:00
f42ce6fa-7f45-418d-805f-cf4ad5d3bcf8,fUST,0.0002149801,2,1,832.02,offer,2026-09-03T02:47:01.836303+00:00
f42ce6fa-7f45-418d-805f-cf4ad5d3bcf8,fUST,0.000218,2,1,204.52591605,offer,2026-09-03T02:47:01.836303+00:00
f42ce6fa-7f45-418d-805f-cf4ad5d3bcf8,fUST,0.00021867115573770488,2,2,335.95585385,offer,2026-09-03T02:47:01.836303+00:00
0b280933-844e-47fa-9686-69c005e8193a,fUST,0.0002671232876712329,120,1,-2443201.89003032,demand,2026-09-03T03:47:01.629162+00:00
0b280933-844e-47fa-9686-69c005e8193a,fUST,0.000267123287,120,1,-243.95,demand,2026-09-03T03:47:01.629162+00:00
0b280933-844e-47fa-9686-69c005e8193a,fUST,0.000249652054,120,1,-1000.0,demand,2026-09-03T03:47:01.629162+00:00
0b280933-844e-47fa-9686-69c005e8193a,fUST,0.000249589041,120,1,-1000.0,demand,2026-09-03T03:47:01.629162+00:00
0b280933-844e-47fa-9686-69c005e8193a,fUST,0.000247980821,120,1,-56568.59382046,demand,2026-09-03T03:47:01.629162+00:00
0b280933-844e-47fa-9686-69c005e8193a,fUST,0.00023744931506849314,120,1,-968036.62668917,demand,2026-09-03T03:47:01.629162+00:00
0b280933-844e-47fa-9686-69c005e8193a,fUST,0.00016,120,1,-2000.0,demand,2026-09-03T03:47:01.629162+00:00
0b280933-844e-47fa-9686-69c005e8193a,fUST,0.00016,60,18,-401383.2198215,demand,2026-09-03T03:47:01.629162+00:00
0b280933-844e-47fa-9686-69c005e8193a,fUST,0.000152,60,1,-28000.0,demand,2026-09-03T03:47:01.629162+00:00
0b280933-844e-47fa-9686-69c005e8193a,fUST,0.00015010000000000002,30,1,-28000.0,demand,2026-09-03T03:47:01.629162+00:00
0b280933-844e-47fa-9686-69c005e8193a,fUST,0.00015,90,1,-2000.0,demand,2026-09-03T03:47:01.629162+00:00
0b280933-844e-47fa-9686-69c005e8193a,fUST,0.00015,120,1,-300000.0,demand,2026-09-03T03:47:01.629162+00:00
0b280933-844e-47fa-9686-69c005e8193a,fUST,0.00015,45,3,-13845.272985,demand,2026-09-03T03:47:01.629162+00:00
0b280933-844e-47fa-9686-69c005e8193a,fUST,0.00015,30,10,-28548.06914492,demand,2026-09-03T03:47:01.629162+00:00
0b280933-844e-47fa-9686-69c005e8193a,fUST,0.000148,30,4,-20000.0,demand,2026-09-03T03:47:01.629162+00:00
0b280933-844e-47fa-9686-69c005e8193a,fUST,0.0001421,45,9,-80000.0,demand,2026-09-03T03:47:01.629162+00:00
0b280933-844e-47fa-9686-69c005e8193a,fUST,0.000142,45,2,-20000.0,demand,2026-09-03T03:47:01.629162+00:00
0b280933-844e-47fa-9686-69c005e8193a,fUST,0.0001401,30,11,-147973.68632078,demand,2026-09-03T03:47:01.629162+00:00
0b280933-844e-47fa-9686-69c005e8193a,fUST,0.000138,20,6,-49368.52669917,demand,2026-09-03T03:47:01.629162+00:00
0b280933-844e-47fa-9686-69c005e8193a,fUST,0.000136,30,3,-19544.22120933,demand,2026-09-03T03:47:01.629162+00:00
0b280933-844e-47fa-9686-69c005e8193a,fUST,0.000128,30,3,-30000.0,demand,2026-09-03T03:47:01.629162+00:00
0b280933-844e-47fa-9686-69c005e8193a,fUST,0.000126599998,13,1,-103082.5917334,demand,2026-09-03T03:47:01.629162+00:00
0b280933-844e-47fa-9686-69c005e8193a,fUST,0.000126,15,5,-45000.0,demand,2026-09-03T03:47:01.629162+00:00
0b280933-844e-47fa-9686-69c005e8193a,fUST,0.000125,14,22,-87434.04490168,demand,2026-09-03T03:47:01.629162+00:00
0b280933-844e-47fa-9686-69c005e8193a,fUST,0.0001225,59,1,-95000.0,demand,2026-09-03T03:47:01.629162+00:00
0b280933-844e-47fa-9686-69c005e8193a,fUST,0.00016319,2,1,960.31,offer,2026-09-03T03:47:01.629162+00:00
0b280933-844e-47fa-9686-69c005e8193a,fUST,0.00016644,2,1,161.22,offer,2026-09-03T03:47:01.629162+00:00
0b280933-844e-47fa-9686-69c005e8193a,fUST,0.00017999000000000002,2,1,164.20240713,offer,2026-09-03T03:47:01.629162+00:00
0b280933-844e-47fa-9686-69c005e8193a,fUST,0.00018,2,2,9604.67117059,offer,2026-09-03T03:47:01.629162+00:00
0b280933-844e-47fa-9686-69c005e8193a,fUST,0.0001845147,2,1,4853.7890718,offer,2026-09-03T03:47:01.629162+00:00
0b280933-844e-47fa-9686-69c005e8193a,fUST,0.000189312,2,1,150.0,offer,2026-09-03T03:47:01.629162+00:00
0b280933-844e-47fa-9686-69c005e8193a,fUST,0.00019894,2,3,4825.59,offer,2026-09-03T03:47:01.629162+00:00
0b280933-844e-47fa-9686-69c005e8193a,fUST,0.0001999,3,3,982.0,offer,2026-09-03T03:47:01.629162+00:00
0b280933-844e-47fa-9686-69c005e8193a,fUST,0.0001999,2,1,181.517,offer,2026-09-03T03:47:01.629162+00:00
0b280933-844e-47fa-9686-69c005e8193a,fUST,0.0002,10,1,116206.59640524,offer,2026-09-03T03:47:01.629162+00:00
0b280933-844e-47fa-9686-69c005e8193a,fUST,0.0002,2,20,271163.69825847,offer,2026-09-03T03:47:01.629162+00:00
0b280933-844e-47fa-9686-69c005e8193a,fUST,0.0002014,7,1,154.66423213,offer,2026-09-03T03:47:01.629162+00:00
0b280933-844e-47fa-9686-69c005e8193a,fUST,0.0002028287466,2,1,217.569405,offer,2026-09-03T03:47:01.629162+00:00
0b280933-844e-47fa-9686-69c005e8193a,fUST,0.00020399,2,1,600.0,offer,2026-09-03T03:47:01.629162+00:00
0b280933-844e-47fa-9686-69c005e8193a,fUST,0.0002135986301369863,3,2,981.96,offer,2026-09-03T03:47:01.629162+00:00
0b280933-844e-47fa-9686-69c005e8193a,fUST,0.0002136,3,1,300.0,offer,2026-09-03T03:47:01.629162+00:00
0b280933-844e-47fa-9686-69c005e8193a,fUST,0.0002160699,2,2,693.83839887,offer,2026-09-03T03:47:01.629162+00:00
0b280933-844e-47fa-9686-69c005e8193a,fUST,0.0002176357479309902,2,2,380.95459785,offer,2026-09-03T03:47:01.629162+00:00
0b280933-844e-47fa-9686-69c005e8193a,fUST,0.000218,2,3,569.36070928,offer,2026-09-03T03:47:01.629162+00:00
0b280933-844e-47fa-9686-69c005e8193a,fUST,0.00021917808219178083,2,20,10654.55971386,offer,2026-09-03T03:47:01.629162+00:00
0b280933-844e-47fa-9686-69c005e8193a,fUST,0.000219809,2,1,188.0,offer,2026-09-03T03:47:01.629162+00:00
0b280933-844e-47fa-9686-69c005e8193a,fUST,0.0002199519563061765,2,1,160.0,offer,2026-09-03T03:47:01.629162+00:00
0b280933-844e-47fa-9686-69c005e8193a,fUST,0.00022,2,2,400.58817042,offer,2026-09-03T03:47:01.629162+00:00
0b280933-844e-47fa-9686-69c005e8193a,fUST,0.00022154989999999998,2,1,156.15389887,offer,2026-09-03T03:47:01.629162+00:00
0b280933-844e-47fa-9686-69c005e8193a,fUST,0.00022198,2,2,969.70955885,offer,2026-09-03T03:47:01.629162+00:00
8e48ddfb-f24d-44fe-82c6-22da2dbad999,fUST,0.0002671232876712329,120,1,-2442499.86003032,demand,2026-09-03T04:47:01.537934+00:00
8e48ddfb-f24d-44fe-82c6-22da2dbad999,fUST,0.000267123287,120,1,-243.95,demand,2026-09-03T04:47:01.537934+00:00
8e48ddfb-f24d-44fe-82c6-22da2dbad999,fUST,0.000249652054,120,1,-1000.0,demand,2026-09-03T04:47:01.537934+00:00
8e48ddfb-f24d-44fe-82c6-22da2dbad999,fUST,0.000249589041,120,1,-1000.0,demand,2026-09-03T04:47:01.537934+00:00
8e48ddfb-f24d-44fe-82c6-22da2dbad999,fUST,0.000247980821,120,1,-56568.59382046,demand,2026-09-03T04:47:01.537934+00:00
8e48ddfb-f24d-44fe-82c6-22da2dbad999,fUST,0.00023752602739726027,120,1,-968036.62668917,demand,2026-09-03T04:47:01.537934+00:00
8e48ddfb-f24d-44fe-82c6-22da2dbad999,fUST,0.00016,120,1,-2000.0,demand,2026-09-03T04:47:01.537934+00:00
8e48ddfb-f24d-44fe-82c6-22da2dbad999,fUST,0.00016,60,18,-401383.2198215,demand,2026-09-03T04:47:01.537934+00:00
8e48ddfb-f24d-44fe-82c6-22da2dbad999,fUST,0.000152,60,1,-28000.0,demand,2026-09-03T04:47:01.537934+00:00
8e48ddfb-f24d-44fe-82c6-22da2dbad999,fUST,0.00015010000000000002,30,1,-28000.0,demand,2026-09-03T04:47:01.537934+00:00
8e48ddfb-f24d-44fe-82c6-22da2dbad999,fUST,0.00015,90,1,-2000.0,demand,2026-09-03T04:47:01.537934+00:00
8e48ddfb-f24d-44fe-82c6-22da2dbad999,fUST,0.00015,120,1,-300000.0,demand,2026-09-03T04:47:01.537934+00:00
8e48ddfb-f24d-44fe-82c6-22da2dbad999,fUST,0.00015,45,3,-13845.272985,demand,2026-09-03T04:47:01.537934+00:00
8e48ddfb-f24d-44fe-82c6-22da2dbad999,fUST,0.00015,30,10,-28548.06914492,demand,2026-09-03T04:47:01.537934+00:00
8e48ddfb-f24d-44fe-82c6-22da2dbad999,fUST,0.000148,30,4,-20000.0,demand,2026-09-03T04:47:01.537934+00:00
8e48ddfb-f24d-44fe-82c6-22da2dbad999,fUST,0.0001421,45,9,-80000.0,demand,2026-09-03T04:47:01.537934+00:00
8e48ddfb-f24d-44fe-82c6-22da2dbad999,fUST,0.000142,45,2,-20000.0,demand,2026-09-03T04:47:01.537934+00:00
8e48ddfb-f24d-44fe-82c6-22da2dbad999,fUST,0.0001401,30,11,-147973.68632078,demand,2026-09-03T04:47:01.537934+00:00
8e48ddfb-f24d-44fe-82c6-22da2dbad999,fUST,0.000138,20,6,-49368.52669917,demand,2026-09-03T04:47:01.537934+00:00
8e48ddfb-f24d-44fe-82c6-22da2dbad999,fUST,0.000136,30,3,-19544.22120933,demand,2026-09-03T04:47:01.537934+00:00
8e48ddfb-f24d-44fe-82c6-22da2dbad999,fUST,0.000128,30,3,-30000.0,demand,2026-09-03T04:47:01.537934+00:00
8e48ddfb-f24d-44fe-82c6-22da2dbad999,fUST,0.000126599998,13,1,-103082.5917334,demand,2026-09-03T04:47:01.537934+00:00
8e48ddfb-f24d-44fe-82c6-22da2dbad999,fUST,0.000126,15,5,-45000.0,demand,2026-09-03T04:47:01.537934+00:00
8e48ddfb-f24d-44fe-82c6-22da2dbad999,fUST,0.000125,14,22,-87434.04490168,demand,2026-09-03T04:47:01.537934+00:00
8e48ddfb-f24d-44fe-82c6-22da2dbad999,fUST,0.0001225,59,1,-95000.0,demand,2026-09-03T04:47:01.537934+00:00
8e48ddfb-f24d-44fe-82c6-22da2dbad999,fUST,0.0001643835616438356,2,1,174.02,offer,2026-09-03T04:47:01.537934+00:00
8e48ddfb-f24d-44fe-82c6-22da2dbad999,fUST,0.00017185293646624998,7,2,324.34475517,offer,2026-09-03T04:47:01.537934+00:00
8e48ddfb-f24d-44fe-82c6-22da2dbad999,fUST,0.0001738242808219178,2,1,458.32957451,offer,2026-09-03T04:47:01.537934+00:00
8e48ddfb-f24d-44fe-82c6-22da2dbad999,fUST,0.00017402469178082192,2,3,1609.76286477,offer,2026-09-03T04:47:01.537934+00:00
8e48ddfb-f24d-44fe-82c6-22da2dbad999,fUST,0.00017916861643835615,2,1,305.55304967,offer,2026-09-03T04:47:01.537934+00:00
8e48ddfb-f24d-44fe-82c6-22da2dbad999,fUST,0.00017937371232876713,2,4,1868.66833231,offer,2026-09-03T04:47:01.537934+00:00
8e48ddfb-f24d-44fe-82c6-22da2dbad999,fUST,0.00018,2,1,2998.71907775,offer,2026-09-03T04:47:01.537934+00:00
8e48ddfb-f24d-44fe-82c6-22da2dbad999,fUST,0.00018265,2,2,894.88105231,offer,2026-09-03T04:47:01.537934+00:00
8e48ddfb-f24d-44fe-82c6-22da2dbad999,fUST,0.00018273150684931506,2,1,185.80828771,offer,2026-09-03T04:47:01.537934+00:00
8e48ddfb-f24d-44fe-82c6-22da2dbad999,fUST,0.00018293424657534247,2,2,451.51898422,offer,2026-09-03T04:47:01.537934+00:00
8e48ddfb-f24d-44fe-82c6-22da2dbad999,fUST,0.00018293972602739726,2,11,2637.66321117,offer,2026-09-03T04:47:01.537934+00:00
8e48ddfb-f24d-44fe-82c6-22da2dbad999,fUST,0.00019561,2,2,900.0,offer,2026-09-03T04:47:01.537934+00:00
8e48ddfb-f24d-44fe-82c6-22da2dbad999,fUST,0.0001989,2,1,467.87185612,offer,2026-09-03T04:47:01.537934+00:00
8e48ddfb-f24d-44fe-82c6-22da2dbad999,fUST,0.00019979,2,1,324.90971174,offer,2026-09-03T04:47:01.537934+00:00
8e48ddfb-f24d-44fe-82c6-22da2dbad999,fUST,0.0002,10,1,6821.8625483,offer,2026-09-03T04:47:01.537934+00:00
8e48ddfb-f24d-44fe-82c6-22da2dbad999,fUST,0.0002044174023,2,1,202.379085,offer,2026-09-03T04:47:01.537934+00:00
8e48ddfb-f24d-44fe-82c6-22da2dbad999,fUST,0.00020499,2,1,500.0,offer,2026-09-03T04:47:01.537934+00:00
8e48ddfb-f24d-44fe-82c6-22da2dbad999,fUST,0.000205,2,1,2539.01218534,offer,2026-09-03T04:47:01.537934+00:00
8e48ddfb-f24d-44fe-82c6-22da2dbad999,fUST,0.00021302,2,1,153.434,offer,2026-09-03T04:47:01.537934+00:00
8e48ddfb-f24d-44fe-82c6-22da2dbad999,fUST,0.00021302260777945206,2,1,202.379085,offer,2026-09-03T04:47:01.537934+00:00
8e48ddfb-f24d-44fe-82c6-22da2dbad999,fUST,0.00021399,2,42,20961.24358329,offer,2026-09-03T04:47:01.537934+00:00
8e48ddfb-f24d-44fe-82c6-22da2dbad999,fUST,0.000214,2,13,455011.35319732,offer,2026-09-03T04:47:01.537934+00:00
8e48ddfb-f24d-44fe-82c6-22da2dbad999,fUST,0.00021517,10,1,720.0,offer,2026-09-03T04:47:01.537934+00:00
8e48ddfb-f24d-44fe-82c6-22da2dbad999,fUST,0.00021783812933340896,2,5,1118.1093257,offer,2026-09-03T04:47:01.537934+00:00
8e48ddfb-f24d-44fe-82c6-22da2dbad999,fUST,0.000218,2,2,344.96211221,offer,2026-09-03T04:47:01.537934+00:00
93b153c4-c2bb-4d6b-a9f5-5eef9914919e,fUST,0.0002671232876712329,120,1,-2328909.05293071,demand,2026-09-03T05:47:01.619613+00:00
93b153c4-c2bb-4d6b-a9f5-5eef9914919e,fUST,0.000267123287,120,1,-243.95,demand,2026-09-03T05:47:01.619613+00:00
93b153c4-c2bb-4d6b-a9f5-5eef9914919e,fUST,0.000249652054,120,1,-1000.0,demand,2026-09-03T05:47:01.619613+00:00
93b153c4-c2bb-4d6b-a9f5-5eef9914919e,fUST,0.000249589041,120,1,-1000.0,demand,2026-09-03T05:47:01.619613+00:00
93b153c4-c2bb-4d6b-a9f5-5eef9914919e,fUST,0.000247980821,120,1,-56568.59382046,demand,2026-09-03T05:47:01.619613+00:00
93b153c4-c2bb-4d6b-a9f5-5eef9914919e,fUST,0.00023751506849315068,120,1,-968036.62668917,demand,2026-09-03T05:47:01.619613+00:00
93b153c4-c2bb-4d6b-a9f5-5eef9914919e,fUST,0.00022,2,1,-150.0,demand,2026-09-03T05:47:01.619613+00:00
93b153c4-c2bb-4d6b-a9f5-5eef9914919e,fUST,0.00016,120,1,-2000.0,demand,2026-09-03T05:47:01.619613+00:00
93b153c4-c2bb-4d6b-a9f5-5eef9914919e,fUST,0.00016,60,18,-401383.2198215,demand,2026-09-03T05:47:01.619613+00:00
93b153c4-c2bb-4d6b-a9f5-5eef9914919e,fUST,0.000152,60,1,-28000.0,demand,2026-09-03T05:47:01.619613+00:00
93b153c4-c2bb-4d6b-a9f5-5eef9914919e,fUST,0.00015,90,1,-2000.0,demand,2026-09-03T05:47:01.619613+00:00
93b153c4-c2bb-4d6b-a9f5-5eef9914919e,fUST,0.00015,120,1,-300000.0,demand,2026-09-03T05:47:01.619613+00:00
93b153c4-c2bb-4d6b-a9f5-5eef9914919e,fUST,0.00015,45,3,-13845.272985,demand,2026-09-03T05:47:01.619613+00:00
93b153c4-c2bb-4d6b-a9f5-5eef9914919e,fUST,0.00015,30,10,-28548.06914492,demand,2026-09-03T05:47:01.619613+00:00
93b153c4-c2bb-4d6b-a9f5-5eef9914919e,fUST,0.000148,30,4,-20000.0,demand,2026-09-03T05:47:01.619613+00:00
93b153c4-c2bb-4d6b-a9f5-5eef9914919e,fUST,0.0001421,45,9,-80000.0,demand,2026-09-03T05:47:01.619613+00:00
93b153c4-c2bb-4d6b-a9f5-5eef9914919e,fUST,0.000142,45,2,-20000.0,demand,2026-09-03T05:47:01.619613+00:00
93b153c4-c2bb-4d6b-a9f5-5eef9914919e,fUST,0.0001401,30,11,-147973.68632078,demand,2026-09-03T05:47:01.619613+00:00
93b153c4-c2bb-4d6b-a9f5-5eef9914919e,fUST,0.000138,20,6,-49368.52669917,demand,2026-09-03T05:47:01.619613+00:00
93b153c4-c2bb-4d6b-a9f5-5eef9914919e,fUST,0.000136,30,3,-19544.22120933,demand,2026-09-03T05:47:01.619613+00:00
93b153c4-c2bb-4d6b-a9f5-5eef9914919e,fUST,0.000128,30,3,-30000.0,demand,2026-09-03T05:47:01.619613+00:00
93b153c4-c2bb-4d6b-a9f5-5eef9914919e,fUST,0.000126599998,13,1,-103082.5917334,demand,2026-09-03T05:47:01.619613+00:00
93b153c4-c2bb-4d6b-a9f5-5eef9914919e,fUST,0.000126,15,5,-45000.0,demand,2026-09-03T05:47:01.619613+00:00
93b153c4-c2bb-4d6b-a9f5-5eef9914919e,fUST,0.000125,14,22,-87434.04490168,demand,2026-09-03T05:47:01.619613+00:00
93b153c4-c2bb-4d6b-a9f5-5eef9914919e,fUST,0.0001225,59,1,-95000.0,demand,2026-09-03T05:47:01.619613+00:00
93b153c4-c2bb-4d6b-a9f5-5eef9914919e,fUST,0.00016,2,2,272.69791878,offer,2026-09-03T05:47:01.619613+00:00
93b153c4-c2bb-4d6b-a9f5-5eef9914919e,fUST,0.00018,2,2,8144.71347603,offer,2026-09-03T05:47:01.619613+00:00
93b153c4-c2bb-4d6b-a9f5-5eef9914919e,fUST,0.00018273424657534246,2,1,166.75827646,offer,2026-09-03T05:47:01.619613+00:00
93b153c4-c2bb-4d6b-a9f5-5eef9914919e,fUST,0.00019,2,1,643.22188213,offer,2026-09-03T05:47:01.619613+00:00
93b153c4-c2bb-4d6b-a9f5-5eef9914919e,fUST,0.0001953748728,2,1,199.623964,offer,2026-09-03T05:47:01.619613+00:00
93b153c4-c2bb-4d6b-a9f5-5eef9914919e,fUST,0.00021398,2,3,1299.29161881,offer,2026-09-03T05:47:01.619613+00:00
93b153c4-c2bb-4d6b-a9f5-5eef9914919e,fUST,0.00021399,2,3,3419.91496775,offer,2026-09-03T05:47:01.619613+00:00
93b153c4-c2bb-4d6b-a9f5-5eef9914919e,fUST,0.000214,2,17,332081.24016893,offer,2026-09-03T05:47:01.619613+00:00
93b153c4-c2bb-4d6b-a9f5-5eef9914919e,fUST,0.00021483646492259645,2,1,860.79446138,offer,2026-09-03T05:47:01.619613+00:00
93b153c4-c2bb-4d6b-a9f5-5eef9914919e,fUST,0.00021498,2,1,6585.5317668,offer,2026-09-03T05:47:01.619613+00:00
93b153c4-c2bb-4d6b-a9f5-5eef9914919e,fUST,0.00021568,2,1,300.0,offer,2026-09-03T05:47:01.619613+00:00
93b153c4-c2bb-4d6b-a9f5-5eef9914919e,fUST,0.00021569037499999998,2,7,1854.86002679,offer,2026-09-03T05:47:01.619613+00:00
93b153c4-c2bb-4d6b-a9f5-5eef9914919e,fUST,0.00021741,2,3,803.506,offer,2026-09-03T05:47:01.619613+00:00
93b153c4-c2bb-4d6b-a9f5-5eef9914919e,fUST,0.00021776800671906396,2,5,1118.1093257,offer,2026-09-03T05:47:01.619613+00:00
93b153c4-c2bb-4d6b-a9f5-5eef9914919e,fUST,0.000218,2,3,1344.96211221,offer,2026-09-03T05:47:01.619613+00:00
93b153c4-c2bb-4d6b-a9f5-5eef9914919e,fUST,0.00021827,10,1,600.0,offer,2026-09-03T05:47:01.619613+00:00
93b153c4-c2bb-4d6b-a9f5-5eef9914919e,fUST,0.000218599,2,1,170.92036628,offer,2026-09-03T05:47:01.619613+00:00
93b153c4-c2bb-4d6b-a9f5-5eef9914919e,fUST,0.000219,2,1,3000.0,offer,2026-09-03T05:47:01.619613+00:00
93b153c4-c2bb-4d6b-a9f5-5eef9914919e,fUST,0.0002191,2,1,3000.0,offer,2026-09-03T05:47:01.619613+00:00
93b153c4-c2bb-4d6b-a9f5-5eef9914919e,fUST,0.0002192,2,1,5056.796074,offer,2026-09-03T05:47:01.619613+00:00
93b153c4-c2bb-4d6b-a9f5-5eef9914919e,fUST,0.00022,2,2,344.96211221,offer,2026-09-03T05:47:01.619613+00:00
93b153c4-c2bb-4d6b-a9f5-5eef9914919e,fUST,0.000221170375,2,3,965.68258829,offer,2026-09-03T05:47:01.619613+00:00
93b153c4-c2bb-4d6b-a9f5-5eef9914919e,fUST,0.000222,2,2,344.96211221,offer,2026-09-03T05:47:01.619613+00:00
93b153c4-c2bb-4d6b-a9f5-5eef9914919e,fUST,0.000224,2,2,344.96211221,offer,2026-09-03T05:47:01.619613+00:00
93b153c4-c2bb-4d6b-a9f5-5eef9914919e,fUST,0.000225,15,1,500.0,offer,2026-09-03T05:47:01.619613+00:00
4a0e8376-701c-4606-bfbc-61dce0dfc755,fUST,0.0002671232876712329,120,1,-2328426.36293071,demand,2026-09-03T06:47:01.401173+00:00
4a0e8376-701c-4606-bfbc-61dce0dfc755,fUST,0.000267123287,120,1,-243.95,demand,2026-09-03T06:47:01.401173+00:00
4a0e8376-701c-4606-bfbc-61dce0dfc755,fUST,0.000249652054,120,1,-1000.0,demand,2026-09-03T06:47:01.401173+00:00
4a0e8376-701c-4606-bfbc-61dce0dfc755,fUST,0.000249589041,120,1,-1000.0,demand,2026-09-03T06:47:01.401173+00:00
4a0e8376-701c-4606-bfbc-61dce0dfc755,fUST,0.000247980821,120,1,-56568.59382046,demand,2026-09-03T06:47:01.401173+00:00
4a0e8376-701c-4606-bfbc-61dce0dfc755,fUST,0.00023755616438356165,120,1,-959335.95668917,demand,2026-09-03T06:47:01.401173+00:00
4a0e8376-701c-4606-bfbc-61dce0dfc755,fUST,0.00016,120,1,-2000.0,demand,2026-09-03T06:47:01.401173+00:00
4a0e8376-701c-4606-bfbc-61dce0dfc755,fUST,0.00016,60,18,-401383.2198215,demand,2026-09-03T06:47:01.401173+00:00
4a0e8376-701c-4606-bfbc-61dce0dfc755,fUST,0.000152,60,1,-28000.0,demand,2026-09-03T06:47:01.401173+00:00
4a0e8376-701c-4606-bfbc-61dce0dfc755,fUST,0.00015,90,1,-2000.0,demand,2026-09-03T06:47:01.401173+00:00
4a0e8376-701c-4606-bfbc-61dce0dfc755,fUST,0.00015,120,1,-300000.0,demand,2026-09-03T06:47:01.401173+00:00
4a0e8376-701c-4606-bfbc-61dce0dfc755,fUST,0.00015,45,3,-13845.272985,demand,2026-09-03T06:47:01.401173+00:00
4a0e8376-701c-4606-bfbc-61dce0dfc755,fUST,0.00015,30,10,-28548.06914492,demand,2026-09-03T06:47:01.401173+00:00
4a0e8376-701c-4606-bfbc-61dce0dfc755,fUST,0.000148,30,4,-20000.0,demand,2026-09-03T06:47:01.401173+00:00
4a0e8376-701c-4606-bfbc-61dce0dfc755,fUST,0.0001421,45,9,-80000.0,demand,2026-09-03T06:47:01.401173+00:00
4a0e8376-701c-4606-bfbc-61dce0dfc755,fUST,0.000142,45,2,-20000.0,demand,2026-09-03T06:47:01.401173+00:00
4a0e8376-701c-4606-bfbc-61dce0dfc755,fUST,0.0001401,30,11,-147973.68632078,demand,2026-09-03T06:47:01.401173+00:00
4a0e8376-701c-4606-bfbc-61dce0dfc755,fUST,0.000138,20,6,-49368.52669917,demand,2026-09-03T06:47:01.401173+00:00
4a0e8376-701c-4606-bfbc-61dce0dfc755,fUST,0.000136,30,3,-19544.22120933,demand,2026-09-03T06:47:01.401173+00:00
4a0e8376-701c-4606-bfbc-61dce0dfc755,fUST,0.000128,30,3,-30000.0,demand,2026-09-03T06:47:01.401173+00:00
4a0e8376-701c-4606-bfbc-61dce0dfc755,fUST,0.000126599998,13,1,-103082.5917334,demand,2026-09-03T06:47:01.401173+00:00
4a0e8376-701c-4606-bfbc-61dce0dfc755,fUST,0.000126,15,5,-45000.0,demand,2026-09-03T06:47:01.401173+00:00
4a0e8376-701c-4606-bfbc-61dce0dfc755,fUST,0.000125,14,22,-87434.04490168,demand,2026-09-03T06:47:01.401173+00:00
4a0e8376-701c-4606-bfbc-61dce0dfc755,fUST,0.0001225,59,1,-95000.0,demand,2026-09-03T06:47:01.401173+00:00
4a0e8376-701c-4606-bfbc-61dce0dfc755,fUST,0.0001222,29,1,-194504.86890568,demand,2026-09-03T06:47:01.401173+00:00
4a0e8376-701c-4606-bfbc-61dce0dfc755,fUST,0.00017751,2,14,4500.0,offer,2026-09-03T06:47:01.401173+00:00
4a0e8376-701c-4606-bfbc-61dce0dfc755,fUST,0.0001805475,7,1,1045.09238493,offer,2026-09-03T06:47:01.401173+00:00
4a0e8376-701c-4606-bfbc-61dce0dfc755,fUST,0.00018271506849315067,2,1,282.39314095,offer,2026-09-03T06:47:01.401173+00:00
4a0e8376-701c-4606-bfbc-61dce0dfc755,fUST,0.00018570600000000003,7,1,1045.09238493,offer,2026-09-03T06:47:01.401173+00:00
4a0e8376-701c-4606-bfbc-61dce0dfc755,fUST,0.000192584,7,1,1045.09238497,offer,2026-09-03T06:47:01.401173+00:00
4a0e8376-701c-4606-bfbc-61dce0dfc755,fUST,0.0001926745677,2,1,192.73616,offer,2026-09-03T06:47:01.401173+00:00
4a0e8376-701c-4606-bfbc-61dce0dfc755,fUST,0.00019526,2,1,720.0,offer,2026-09-03T06:47:01.401173+00:00
4a0e8376-701c-4606-bfbc-61dce0dfc755,fUST,0.00019999,2,1,172.583,offer,2026-09-03T06:47:01.401173+00:00
4a0e8376-701c-4606-bfbc-61dce0dfc755,fUST,0.00019999000000000001,2,1,170.8679135,offer,2026-09-03T06:47:01.401173+00:00
4a0e8376-701c-4606-bfbc-61dce0dfc755,fUST,0.0002,10,1,30105.94958749,offer,2026-09-03T06:47:01.401173+00:00
4a0e8376-701c-4606-bfbc-61dce0dfc755,fUST,0.00021360372290635254,2,1,295.34043577,offer,2026-09-03T06:47:01.401173+00:00
4a0e8376-701c-4606-bfbc-61dce0dfc755,fUST,0.0002138716,2,1,152.37144969,offer,2026-09-03T06:47:01.401173+00:00
4a0e8376-701c-4606-bfbc-61dce0dfc755,fUST,0.000214,2,33,347075.03007586,offer,2026-09-03T06:47:01.401173+00:00
4a0e8376-701c-4606-bfbc-61dce0dfc755,fUST,0.00021479,10,1,864.0,offer,2026-09-03T06:47:01.401173+00:00
4a0e8376-701c-4606-bfbc-61dce0dfc755,fUST,0.00021498,2,1,6585.5317668,offer,2026-09-03T06:47:01.401173+00:00
4a0e8376-701c-4606-bfbc-61dce0dfc755,fUST,0.00021679999999999998,2,1,170.92036628,offer,2026-09-03T06:47:01.401173+00:00
4a0e8376-701c-4606-bfbc-61dce0dfc755,fUST,0.00021726,2,9,4070.88940833,offer,2026-09-03T06:47:01.401173+00:00
4a0e8376-701c-4606-bfbc-61dce0dfc755,fUST,0.000217687,2,3,1367.507,offer,2026-09-03T06:47:01.401173+00:00
4a0e8376-701c-4606-bfbc-61dce0dfc755,fUST,0.00021771275634089007,2,1,160.0,offer,2026-09-03T06:47:01.401173+00:00
4a0e8376-701c-4606-bfbc-61dce0dfc755,fUST,0.00021771567721301556,2,1,160.0,offer,2026-09-03T06:47:01.401173+00:00
4a0e8376-701c-4606-bfbc-61dce0dfc755,fUST,0.00021772178601019507,2,1,220.95459785,offer,2026-09-03T06:47:01.401173+00:00
4a0e8376-701c-4606-bfbc-61dce0dfc755,fUST,0.000218,2,2,344.96211221,offer,2026-09-03T06:47:01.401173+00:00
4a0e8376-701c-4606-bfbc-61dce0dfc755,fUST,0.00021919375823184584,2,2,577.15472785,offer,2026-09-03T06:47:01.401173+00:00
4a0e8376-701c-4606-bfbc-61dce0dfc755,fUST,0.00021920808920374655,2,1,297.27763778,offer,2026-09-03T06:47:01.401173+00:00
4a0e8376-701c-4606-bfbc-61dce0dfc755,fUST,0.00021921,2,1,293.07,offer,2026-09-03T06:47:01.401173+00:00
60195a4d-ad8d-48b6-be9a-760f2fa326ee,fUST,0.0002671232876712329,120,1,-2327769.7818564,demand,2026-09-03T07:47:01.741265+00:00
60195a4d-ad8d-48b6-be9a-760f2fa326ee,fUST,0.000267123287,120,1,-243.95,demand,2026-09-03T07:47:01.741265+00:00
60195a4d-ad8d-48b6-be9a-760f2fa326ee,fUST,0.000249652054,120,1,-1000.0,demand,2026-09-03T07:47:01.741265+00:00
60195a4d-ad8d-48b6-be9a-760f2fa326ee,fUST,0.000249589041,120,1,-1000.0,demand,2026-09-03T07:47:01.741265+00:00
60195a4d-ad8d-48b6-be9a-760f2fa326ee,fUST,0.000247980821,120,1,-56568.59382046,demand,2026-09-03T07:47:01.741265+00:00
60195a4d-ad8d-48b6-be9a-760f2fa326ee,fUST,0.00023762739726027396,120,1,-959335.95668917,demand,2026-09-03T07:47:01.741265+00:00
60195a4d-ad8d-48b6-be9a-760f2fa326ee,fUST,0.00016,120,1,-2000.0,demand,2026-09-03T07:47:01.741265+00:00
60195a4d-ad8d-48b6-be9a-760f2fa326ee,fUST,0.00016,60,18,-401383.2198215,demand,2026-09-03T07:47:01.741265+00:00
60195a4d-ad8d-48b6-be9a-760f2fa326ee,fUST,0.000152,60,1,-28000.0,demand,2026-09-03T07:47:01.741265+00:00
60195a4d-ad8d-48b6-be9a-760f2fa326ee,fUST,0.00015,90,1,-2000.0,demand,2026-09-03T07:47:01.741265+00:00
60195a4d-ad8d-48b6-be9a-760f2fa326ee,fUST,0.00015,120,1,-300000.0,demand,2026-09-03T07:47:01.741265+00:00
60195a4d-ad8d-48b6-be9a-760f2fa326ee,fUST,0.00015,45,3,-13845.272985,demand,2026-09-03T07:47:01.741265+00:00
60195a4d-ad8d-48b6-be9a-760f2fa326ee,fUST,0.00015,30,10,-28548.06914492,demand,2026-09-03T07:47:01.741265+00:00
60195a4d-ad8d-48b6-be9a-760f2fa326ee,fUST,0.000148,30,4,-20000.0,demand,2026-09-03T07:47:01.741265+00:00
60195a4d-ad8d-48b6-be9a-760f2fa326ee,fUST,0.0001421,45,9,-80000.0,demand,2026-09-03T07:47:01.741265+00:00
60195a4d-ad8d-48b6-be9a-760f2fa326ee,fUST,0.000142,45,2,-20000.0,demand,2026-09-03T07:47:01.741265+00:00
60195a4d-ad8d-48b6-be9a-760f2fa326ee,fUST,0.0001401,30,11,-147973.68632078,demand,2026-09-03T07:47:01.741265+00:00
60195a4d-ad8d-48b6-be9a-760f2fa326ee,fUST,0.000138,20,6,-49368.52669917,demand,2026-09-03T07:47:01.741265+00:00
60195a4d-ad8d-48b6-be9a-760f2fa326ee,fUST,0.000136,30,3,-19544.22120933,demand,2026-09-03T07:47:01.741265+00:00
60195a4d-ad8d-48b6-be9a-760f2fa326ee,fUST,0.000128,30,3,-30000.0,demand,2026-09-03T07:47:01.741265+00:00
60195a4d-ad8d-48b6-be9a-760f2fa326ee,fUST,0.000126599998,13,1,-103082.5917334,demand,2026-09-03T07:47:01.741265+00:00
60195a4d-ad8d-48b6-be9a-760f2fa326ee,fUST,0.000126,15,5,-45000.0,demand,2026-09-03T07:47:01.741265+00:00
60195a4d-ad8d-48b6-be9a-760f2fa326ee,fUST,0.000125,14,22,-87434.04490168,demand,2026-09-03T07:47:01.741265+00:00
60195a4d-ad8d-48b6-be9a-760f2fa326ee,fUST,0.0001225,59,1,-95000.0,demand,2026-09-03T07:47:01.741265+00:00
60195a4d-ad8d-48b6-be9a-760f2fa326ee,fUST,0.0001222,29,1,-194504.86890568,demand,2026-09-03T07:47:01.741265+00:00
60195a4d-ad8d-48b6-be9a-760f2fa326ee,fUST,0.00020063,2,1,500.0,offer,2026-09-03T07:47:01.741265+00:00
60195a4d-ad8d-48b6-be9a-760f2fa326ee,fUST,0.0002016605286809617,2,1,4628.12363455,offer,2026-09-03T07:47:01.741265+00:00
60195a4d-ad8d-48b6-be9a-760f2fa326ee,fUST,0.00020304,2,4,1889.09023943,offer,2026-09-03T07:47:01.741265+00:00
60195a4d-ad8d-48b6-be9a-760f2fa326ee,fUST,0.0002050721928,2,1,671.341673,offer,2026-09-03T07:47:01.741265+00:00
60195a4d-ad8d-48b6-be9a-760f2fa326ee,fUST,0.000206,20,1,229.04435869,offer,2026-09-03T07:47:01.741265+00:00
60195a4d-ad8d-48b6-be9a-760f2fa326ee,fUST,0.00020709,2,1,300.0,offer,2026-09-03T07:47:01.741265+00:00
60195a4d-ad8d-48b6-be9a-760f2fa326ee,fUST,0.00020950846091861403,2,1,3975.02,offer,2026-09-03T07:47:01.741265+00:00
60195a4d-ad8d-48b6-be9a-760f2fa326ee,fUST,0.00021,2,2,385.27052355,offer,2026-09-03T07:47:01.741265+00:00
60195a4d-ad8d-48b6-be9a-760f2fa326ee,fUST,0.00021026967149284382,5,1,365.29405756,offer,2026-09-03T07:47:01.741265+00:00
60195a4d-ad8d-48b6-be9a-760f2fa326ee,fUST,0.00021125,2,1,519.1841862,offer,2026-09-03T07:47:01.741265+00:00
60195a4d-ad8d-48b6-be9a-760f2fa326ee,fUST,0.00021203,2,2,1000.95363951,offer,2026-09-03T07:47:01.741265+00:00
60195a4d-ad8d-48b6-be9a-760f2fa326ee,fUST,0.000212414,2,3,1555.507,offer,2026-09-03T07:47:01.741265+00:00
60195a4d-ad8d-48b6-be9a-760f2fa326ee,fUST,0.00021310068269465832,2,1,514.71982385,offer,2026-09-03T07:47:01.741265+00:00
60195a4d-ad8d-48b6-be9a-760f2fa326ee,fUST,0.00021360372290635254,2,1,295.34043577,offer,2026-09-03T07:47:01.741265+00:00
60195a4d-ad8d-48b6-be9a-760f2fa326ee,fUST,0.00021370479553972603,2,1,671.341673,offer,2026-09-03T07:47:01.741265+00:00
60195a4d-ad8d-48b6-be9a-760f2fa326ee,fUST,0.00021377581376277077,2,1,514.71982385,offer,2026-09-03T07:47:01.741265+00:00
60195a4d-ad8d-48b6-be9a-760f2fa326ee,fUST,0.00021399,2,6,2771.45471413,offer,2026-09-03T07:47:01.741265+00:00
60195a4d-ad8d-48b6-be9a-760f2fa326ee,fUST,0.000214,2,17,311540.02673135,offer,2026-09-03T07:47:01.741265+00:00
60195a4d-ad8d-48b6-be9a-760f2fa326ee,fUST,0.000214,3,1,151.0,offer,2026-09-03T07:47:01.741265+00:00
60195a4d-ad8d-48b6-be9a-760f2fa326ee,fUST,0.0002140001,2,2,991.94,offer,2026-09-03T07:47:01.741265+00:00
60195a4d-ad8d-48b6-be9a-760f2fa326ee,fUST,0.00021428233333333334,2,1,170.92036628,offer,2026-09-03T07:47:01.741265+00:00
60195a4d-ad8d-48b6-be9a-760f2fa326ee,fUST,0.00021481521707383805,2,1,514.71982385,offer,2026-09-03T07:47:01.741265+00:00
60195a4d-ad8d-48b6-be9a-760f2fa326ee,fUST,0.00021498,2,2,6736.5317668,offer,2026-09-03T07:47:01.741265+00:00
60195a4d-ad8d-48b6-be9a-760f2fa326ee,fUST,0.000215,4,2,302.0,offer,2026-09-03T07:47:01.741265+00:00
60195a4d-ad8d-48b6-be9a-760f2fa326ee,fUST,0.00021548,10,1,600.0,offer,2026-09-03T07:47:01.741265+00:00
8b954ea1-14ea-458b-b742-35fa08935d97,fUST,0.0002671232876712329,120,1,-2325027.31874674,demand,2026-09-03T08:47:01.531477+00:00
8b954ea1-14ea-458b-b742-35fa08935d97,fUST,0.000267123287,120,1,-243.95,demand,2026-09-03T08:47:01.531477+00:00
8b954ea1-14ea-458b-b742-35fa08935d97,fUST,0.000249652054,120,1,-1000.0,demand,2026-09-03T08:47:01.531477+00:00
8b954ea1-14ea-458b-b742-35fa08935d97,fUST,0.000249589041,120,1,-1000.0,demand,2026-09-03T08:47:01.531477+00:00
8b954ea1-14ea-458b-b742-35fa08935d97,fUST,0.000247980821,120,1,-56568.59382046,demand,2026-09-03T08:47:01.531477+00:00
8b954ea1-14ea-458b-b742-35fa08935d97,fUST,0.000237586301369863,120,1,-958513.4653021,demand,2026-09-03T08:47:01.531477+00:00
8b954ea1-14ea-458b-b742-35fa08935d97,fUST,0.000163305,2,1,-17674.80462882,demand,2026-09-03T08:47:01.531477+00:00
8b954ea1-14ea-458b-b742-35fa08935d97,fUST,0.0001633042242,2,6,-78000.0,demand,2026-09-03T08:47:01.531477+00:00
8b954ea1-14ea-458b-b742-35fa08935d97,fUST,0.00016,120,1,-2000.0,demand,2026-09-03T08:47:01.531477+00:00
8b954ea1-14ea-458b-b742-35fa08935d97,fUST,0.00016,60,18,-400497.5198215,demand,2026-09-03T08:47:01.531477+00:00
8b954ea1-14ea-458b-b742-35fa08935d97,fUST,0.00015743835616438356,2,2,-26000.0,demand,2026-09-03T08:47:01.531477+00:00
8b954ea1-14ea-458b-b742-35fa08935d97,fUST,0.000152,60,1,-28000.0,demand,2026-09-03T08:47:01.531477+00:00
8b954ea1-14ea-458b-b742-35fa08935d97,fUST,0.00015,90,1,-2000.0,demand,2026-09-03T08:47:01.531477+00:00
8b954ea1-14ea-458b-b742-35fa08935d97,fUST,0.00015,120,1,-300000.0,demand,2026-09-03T08:47:01.531477+00:00
8b954ea1-14ea-458b-b742-35fa08935d97,fUST,0.00015,45,3,-13845.272985,demand,2026-09-03T08:47:01.531477+00:00
8b954ea1-14ea-458b-b742-35fa08935d97,fUST,0.00015,30,10,-28548.06914492,demand,2026-09-03T08:47:01.531477+00:00
8b954ea1-14ea-458b-b742-35fa08935d97,fUST,0.000148,30,4,-20000.0,demand,2026-09-03T08:47:01.531477+00:00
8b954ea1-14ea-458b-b742-35fa08935d97,fUST,0.0001421,45,9,-80000.0,demand,2026-09-03T08:47:01.531477+00:00
8b954ea1-14ea-458b-b742-35fa08935d97,fUST,0.000142,45,2,-20000.0,demand,2026-09-03T08:47:01.531477+00:00
8b954ea1-14ea-458b-b742-35fa08935d97,fUST,0.0001401,30,11,-147973.68632078,demand,2026-09-03T08:47:01.531477+00:00
8b954ea1-14ea-458b-b742-35fa08935d97,fUST,0.000138,20,6,-49368.52669917,demand,2026-09-03T08:47:01.531477+00:00
8b954ea1-14ea-458b-b742-35fa08935d97,fUST,0.00013743835616438356,2,6,-82674.80462882,demand,2026-09-03T08:47:01.531477+00:00
8b954ea1-14ea-458b-b742-35fa08935d97,fUST,0.000136,30,3,-19544.22120933,demand,2026-09-03T08:47:01.531477+00:00
8b954ea1-14ea-458b-b742-35fa08935d97,fUST,0.000128,30,3,-30000.0,demand,2026-09-03T08:47:01.531477+00:00
8b954ea1-14ea-458b-b742-35fa08935d97,fUST,0.000126599998,13,1,-103082.5917334,demand,2026-09-03T08:47:01.531477+00:00
8b954ea1-14ea-458b-b742-35fa08935d97,fUST,0.00013743,2,3,1500.0,offer,2026-09-03T08:47:01.531477+00:00
8b954ea1-14ea-458b-b742-35fa08935d97,fUST,0.00013743835616438356,2,19,261144.56980564,offer,2026-09-03T08:47:01.531477+00:00
8b954ea1-14ea-458b-b742-35fa08935d97,fUST,0.00013744,2,17,2774.16299,offer,2026-09-03T08:47:01.531477+00:00
8b954ea1-14ea-458b-b742-35fa08935d97,fUST,0.0001375,2,1,200.0,offer,2026-09-03T08:47:01.531477+00:00
8b954ea1-14ea-458b-b742-35fa08935d97,fUST,0.00014018712328767123,4,1,534.05665265,offer,2026-09-03T08:47:01.531477+00:00
8b954ea1-14ea-458b-b742-35fa08935d97,fUST,0.00014021,2,15,4500.0,offer,2026-09-03T08:47:01.531477+00:00
8b954ea1-14ea-458b-b742-35fa08935d97,fUST,0.0001403774,2,1,201.90459451,offer,2026-09-03T08:47:01.531477+00:00
8b954ea1-14ea-458b-b742-35fa08935d97,fUST,0.000141,2,1,741.0,offer,2026-09-03T08:47:01.531477+00:00
8b954ea1-14ea-458b-b742-35fa08935d97,fUST,0.0001410839397,2,1,596.013227,offer,2026-09-03T08:47:01.531477+00:00
8b954ea1-14ea-458b-b742-35fa08935d97,fUST,0.00014299086575342466,5,1,534.05665265,offer,2026-09-03T08:47:01.531477+00:00
8b954ea1-14ea-458b-b742-35fa08935d97,fUST,0.000143,2,1,151.0,offer,2026-09-03T08:47:01.531477+00:00
8b954ea1-14ea-458b-b742-35fa08935d97,fUST,0.00014493,2,1,170.92036628,offer,2026-09-03T08:47:01.531477+00:00
8b954ea1-14ea-458b-b742-35fa08935d97,fUST,0.00014585068306849315,7,1,534.05665265,offer,2026-09-03T08:47:01.531477+00:00
8b954ea1-14ea-458b-b742-35fa08935d97,fUST,0.00014702284380958903,2,1,596.013227,offer,2026-09-03T08:47:01.531477+00:00
8b954ea1-14ea-458b-b742-35fa08935d97,fUST,0.0001478,2,1,600.0,offer,2026-09-03T08:47:01.531477+00:00
8b954ea1-14ea-458b-b742-35fa08935d97,fUST,0.00014876769672986302,8,1,534.05665265,offer,2026-09-03T08:47:01.531477+00:00
8b954ea1-14ea-458b-b742-35fa08935d97,fUST,0.00015296174791917808,2,1,596.013227,offer,2026-09-03T08:47:01.531477+00:00
8b954ea1-14ea-458b-b742-35fa08935d97,fUST,0.000154,2,1,151.0,offer,2026-09-03T08:47:01.531477+00:00
8b954ea1-14ea-458b-b742-35fa08935d97,fUST,0.00015890065202876712,2,1,596.013227,offer,2026-09-03T08:47:01.531477+00:00
8b954ea1-14ea-458b-b742-35fa08935d97,fUST,0.00016258,2,1,720.0,offer,2026-09-03T08:47:01.531477+00:00
8b954ea1-14ea-458b-b742-35fa08935d97,fUST,0.0001633,2,2,302.0,offer,2026-09-03T08:47:01.531477+00:00
8b954ea1-14ea-458b-b742-35fa08935d97,fUST,0.000163305,2,4,17575.31257662,offer,2026-09-03T08:47:01.531477+00:00
8b954ea1-14ea-458b-b742-35fa08935d97,fUST,0.00016483955613835616,2,1,596.013227,offer,2026-09-03T08:47:01.531477+00:00
8b954ea1-14ea-458b-b742-35fa08935d97,fUST,0.000165,2,1,151.0,offer,2026-09-03T08:47:01.531477+00:00
8b954ea1-14ea-458b-b742-35fa08935d97,fUST,0.00016596044863013696,2,2,341.40889279,offer,2026-09-03T08:47:01.531477+00:00
5f8187b5-c3c8-4648-9dcb-e51504cf7e4e,fUST,0.0002671232876712329,120,1,-2325027.31874674,demand,2026-09-03T09:47:01.482579+00:00
5f8187b5-c3c8-4648-9dcb-e51504cf7e4e,fUST,0.000267123287,120,1,-243.95,demand,2026-09-03T09:47:01.482579+00:00
5f8187b5-c3c8-4648-9dcb-e51504cf7e4e,fUST,0.000249652054,120,1,-1000.0,demand,2026-09-03T09:47:01.482579+00:00
5f8187b5-c3c8-4648-9dcb-e51504cf7e4e,fUST,0.000249589041,120,1,-1000.0,demand,2026-09-03T09:47:01.482579+00:00
5f8187b5-c3c8-4648-9dcb-e51504cf7e4e,fUST,0.000247980821,120,1,-56568.59382046,demand,2026-09-03T09:47:01.482579+00:00
5f8187b5-c3c8-4648-9dcb-e51504cf7e4e,fUST,0.00023757808219178081,120,1,-958357.03138812,demand,2026-09-03T09:47:01.482579+00:00
5f8187b5-c3c8-4648-9dcb-e51504cf7e4e,fUST,0.00016,120,1,-2000.0,demand,2026-09-03T09:47:01.482579+00:00
5f8187b5-c3c8-4648-9dcb-e51504cf7e4e,fUST,0.00016,60,18,-400497.5198215,demand,2026-09-03T09:47:01.482579+00:00
5f8187b5-c3c8-4648-9dcb-e51504cf7e4e,fUST,0.000152,60,1,-28000.0,demand,2026-09-03T09:47:01.482579+00:00
5f8187b5-c3c8-4648-9dcb-e51504cf7e4e,fUST,0.00015,90,1,-2000.0,demand,2026-09-03T09:47:01.482579+00:00
5f8187b5-c3c8-4648-9dcb-e51504cf7e4e,fUST,0.00015,120,1,-300000.0,demand,2026-09-03T09:47:01.482579+00:00
5f8187b5-c3c8-4648-9dcb-e51504cf7e4e,fUST,0.00015,45,3,-13845.272985,demand,2026-09-03T09:47:01.482579+00:00
5f8187b5-c3c8-4648-9dcb-e51504cf7e4e,fUST,0.00015,30,10,-28548.06914492,demand,2026-09-03T09:47:01.482579+00:00
5f8187b5-c3c8-4648-9dcb-e51504cf7e4e,fUST,0.000148,30,4,-20000.0,demand,2026-09-03T09:47:01.482579+00:00
5f8187b5-c3c8-4648-9dcb-e51504cf7e4e,fUST,0.0001421,45,9,-80000.0,demand,2026-09-03T09:47:01.482579+00:00
5f8187b5-c3c8-4648-9dcb-e51504cf7e4e,fUST,0.000142,45,2,-20000.0,demand,2026-09-03T09:47:01.482579+00:00
5f8187b5-c3c8-4648-9dcb-e51504cf7e4e,fUST,0.000142,30,1,-28000.0,demand,2026-09-03T09:47:01.482579+00:00
5f8187b5-c3c8-4648-9dcb-e51504cf7e4e,fUST,0.0001401,30,11,-147973.68632078,demand,2026-09-03T09:47:01.482579+00:00
5f8187b5-c3c8-4648-9dcb-e51504cf7e4e,fUST,0.000138,20,6,-49368.52669917,demand,2026-09-03T09:47:01.482579+00:00
5f8187b5-c3c8-4648-9dcb-e51504cf7e4e,fUST,0.000136,30,3,-19544.22120933,demand,2026-09-03T09:47:01.482579+00:00
5f8187b5-c3c8-4648-9dcb-e51504cf7e4e,fUST,0.000128,30,3,-30000.0,demand,2026-09-03T09:47:01.482579+00:00
5f8187b5-c3c8-4648-9dcb-e51504cf7e4e,fUST,0.000126599998,13,1,-103082.5917334,demand,2026-09-03T09:47:01.482579+00:00
5f8187b5-c3c8-4648-9dcb-e51504cf7e4e,fUST,0.000126,15,5,-45000.0,demand,2026-09-03T09:47:01.482579+00:00
5f8187b5-c3c8-4648-9dcb-e51504cf7e4e,fUST,0.000125,14,22,-87434.04490168,demand,2026-09-03T09:47:01.482579+00:00
5f8187b5-c3c8-4648-9dcb-e51504cf7e4e,fUST,0.0001225,59,1,-95000.0,demand,2026-09-03T09:47:01.482579+00:00
5f8187b5-c3c8-4648-9dcb-e51504cf7e4e,fUST,0.000118,5,1,318.04507156,offer,2026-09-03T09:47:01.482579+00:00
5f8187b5-c3c8-4648-9dcb-e51504cf7e4e,fUST,0.00011811,2,1,171.63075298,offer,2026-09-03T09:47:01.482579+00:00
5f8187b5-c3c8-4648-9dcb-e51504cf7e4e,fUST,0.000128,2,1,171.63075298,offer,2026-09-03T09:47:01.482579+00:00
5f8187b5-c3c8-4648-9dcb-e51504cf7e4e,fUST,0.00015836,2,1,200.0,offer,2026-09-03T09:47:01.482579+00:00
5f8187b5-c3c8-4648-9dcb-e51504cf7e4e,fUST,0.0001700925,2,2,976.34549651,offer,2026-09-03T09:47:01.482579+00:00
5f8187b5-c3c8-4648-9dcb-e51504cf7e4e,fUST,0.0001701025,2,1,1498.9619341,offer,2026-09-03T09:47:01.482579+00:00
5f8187b5-c3c8-4648-9dcb-e51504cf7e4e,fUST,0.000170662,2,1,429.3776565,offer,2026-09-03T09:47:01.482579+00:00
5f8187b5-c3c8-4648-9dcb-e51504cf7e4e,fUST,0.0001717083,2,1,176.477229,offer,2026-09-03T09:47:01.482579+00:00
5f8187b5-c3c8-4648-9dcb-e51504cf7e4e,fUST,0.00017383482876712328,2,1,514.93275812,offer,2026-09-03T09:47:01.482579+00:00
5f8187b5-c3c8-4648-9dcb-e51504cf7e4e,fUST,0.0001791794109589041,2,4,1423.7922217,offer,2026-09-03T09:47:01.482579+00:00
5f8187b5-c3c8-4648-9dcb-e51504cf7e4e,fUST,0.00017919,2,2,1000.0,offer,2026-09-03T09:47:01.482579+00:00
5f8187b5-c3c8-4648-9dcb-e51504cf7e4e,fUST,0.00017999,2,1,232.16969616,offer,2026-09-03T09:47:01.482579+00:00
5f8187b5-c3c8-4648-9dcb-e51504cf7e4e,fUST,0.00017999000000000002,2,1,281.75952678,offer,2026-09-03T09:47:01.482579+00:00
5f8187b5-c3c8-4648-9dcb-e51504cf7e4e,fUST,0.00018,2,2,17934.1763027,offer,2026-09-03T09:47:01.482579+00:00
5f8187b5-c3c8-4648-9dcb-e51504cf7e4e,fUST,0.00018274246575342466,2,4,918.09922374,offer,2026-09-03T09:47:01.482579+00:00
5f8187b5-c3c8-4648-9dcb-e51504cf7e4e,fUST,0.00018359,2,15,4500.0,offer,2026-09-03T09:47:01.482579+00:00
5f8187b5-c3c8-4648-9dcb-e51504cf7e4e,fUST,0.0001870245504,2,1,224.90729,offer,2026-09-03T09:47:01.482579+00:00
5f8187b5-c3c8-4648-9dcb-e51504cf7e4e,fUST,0.00018725,2,1,600.0,offer,2026-09-03T09:47:01.482579+00:00
5f8187b5-c3c8-4648-9dcb-e51504cf7e4e,fUST,0.00019178,2,1,500.0,offer,2026-09-03T09:47:01.482579+00:00
5f8187b5-c3c8-4648-9dcb-e51504cf7e4e,fUST,0.00019478,2,1,199.906,offer,2026-09-03T09:47:01.482579+00:00
5f8187b5-c3c8-4648-9dcb-e51504cf7e4e,fUST,0.00019489742711232877,2,1,224.90729,offer,2026-09-03T09:47:01.482579+00:00
5f8187b5-c3c8-4648-9dcb-e51504cf7e4e,fUST,0.00019984849024867746,2,1,283.08343157,offer,2026-09-03T09:47:01.482579+00:00
5f8187b5-c3c8-4648-9dcb-e51504cf7e4e,fUST,0.00019986001199999998,2,1,155.98439898,offer,2026-09-03T09:47:01.482579+00:00
5f8187b5-c3c8-4648-9dcb-e51504cf7e4e,fUST,0.00019997,2,4,2062.52079662,offer,2026-09-03T09:47:01.482579+00:00
5f8187b5-c3c8-4648-9dcb-e51504cf7e4e,fUST,0.00019998,2,69,228649.13558306,offer,2026-09-03T09:47:01.482579+00:00
099254fd-1138-46a9-9d60-0fb7c07dc678,fUST,0.0002671232876712329,120,1,-2323130.32336147,demand,2026-09-03T10:47:01.812370+00:00
099254fd-1138-46a9-9d60-0fb7c07dc678,fUST,0.000267123287,120,1,-243.95,demand,2026-09-03T10:47:01.812370+00:00
099254fd-1138-46a9-9d60-0fb7c07dc678,fUST,0.000249652054,120,1,-1000.0,demand,2026-09-03T10:47:01.812370+00:00
099254fd-1138-46a9-9d60-0fb7c07dc678,fUST,0.000249589041,120,1,-1000.0,demand,2026-09-03T10:47:01.812370+00:00
099254fd-1138-46a9-9d60-0fb7c07dc678,fUST,0.000247980821,120,1,-56568.59382046,demand,2026-09-03T10:47:01.812370+00:00
099254fd-1138-46a9-9d60-0fb7c07dc678,fUST,0.00023747945205479452,120,1,-957824.22951181,demand,2026-09-03T10:47:01.812370+00:00
099254fd-1138-46a9-9d60-0fb7c07dc678,fUST,0.00016,120,1,-2000.0,demand,2026-09-03T10:47:01.812370+00:00
099254fd-1138-46a9-9d60-0fb7c07dc678,fUST,0.00016,60,18,-400497.5198215,demand,2026-09-03T10:47:01.812370+00:00
099254fd-1138-46a9-9d60-0fb7c07dc678,fUST,0.000152,60,1,-28000.0,demand,2026-09-03T10:47:01.812370+00:00
099254fd-1138-46a9-9d60-0fb7c07dc678,fUST,0.00015,90,1,-2000.0,demand,2026-09-03T10:47:01.812370+00:00
099254fd-1138-46a9-9d60-0fb7c07dc678,fUST,0.00015,120,1,-300000.0,demand,2026-09-03T10:47:01.812370+00:00
099254fd-1138-46a9-9d60-0fb7c07dc678,fUST,0.00015,45,3,-13845.272985,demand,2026-09-03T10:47:01.812370+00:00
099254fd-1138-46a9-9d60-0fb7c07dc678,fUST,0.00015,30,10,-28548.06914492,demand,2026-09-03T10:47:01.812370+00:00
099254fd-1138-46a9-9d60-0fb7c07dc678,fUST,0.000148,30,4,-20000.0,demand,2026-09-03T10:47:01.812370+00:00
099254fd-1138-46a9-9d60-0fb7c07dc678,fUST,0.0001421,45,9,-80000.0,demand,2026-09-03T10:47:01.812370+00:00
099254fd-1138-46a9-9d60-0fb7c07dc678,fUST,0.000142,45,2,-20000.0,demand,2026-09-03T10:47:01.812370+00:00
099254fd-1138-46a9-9d60-0fb7c07dc678,fUST,0.000142,30,1,-28000.0,demand,2026-09-03T10:47:01.812370+00:00
099254fd-1138-46a9-9d60-0fb7c07dc678,fUST,0.0001401,30,11,-147973.68632078,demand,2026-09-03T10:47:01.812370+00:00
099254fd-1138-46a9-9d60-0fb7c07dc678,fUST,0.000138,20,6,-49368.52669917,demand,2026-09-03T10:47:01.812370+00:00
099254fd-1138-46a9-9d60-0fb7c07dc678,fUST,0.000136,30,3,-19544.22120933,demand,2026-09-03T10:47:01.812370+00:00
099254fd-1138-46a9-9d60-0fb7c07dc678,fUST,0.000128,30,3,-30000.0,demand,2026-09-03T10:47:01.812370+00:00
099254fd-1138-46a9-9d60-0fb7c07dc678,fUST,0.000126599998,13,1,-97745.21921659,demand,2026-09-03T10:47:01.812370+00:00
099254fd-1138-46a9-9d60-0fb7c07dc678,fUST,0.000126,15,5,-45000.0,demand,2026-09-03T10:47:01.812370+00:00
099254fd-1138-46a9-9d60-0fb7c07dc678,fUST,0.000125,14,22,-87434.04490168,demand,2026-09-03T10:47:01.812370+00:00
099254fd-1138-46a9-9d60-0fb7c07dc678,fUST,0.0001225,59,1,-95000.0,demand,2026-09-03T10:47:01.812370+00:00
099254fd-1138-46a9-9d60-0fb7c07dc678,fUST,0.0001133057,2,1,140.43325745,offer,2026-09-03T10:47:01.812370+00:00
099254fd-1138-46a9-9d60-0fb7c07dc678,fUST,0.00011799,2,3,911.52950499,offer,2026-09-03T10:47:01.812370+00:00
099254fd-1138-46a9-9d60-0fb7c07dc678,fUST,0.000118,5,1,34505.12971471,offer,2026-09-03T10:47:01.812370+00:00
099254fd-1138-46a9-9d60-0fb7c07dc678,fUST,0.00012035,2,15,4500.0,offer,2026-09-03T10:47:01.812370+00:00
099254fd-1138-46a9-9d60-0fb7c07dc678,fUST,0.00012035068493150685,2,1,4792.91200141,offer,2026-09-03T10:47:01.812370+00:00
099254fd-1138-46a9-9d60-0fb7c07dc678,fUST,0.0001221715089,2,1,175.005358,offer,2026-09-03T10:47:01.812370+00:00
099254fd-1138-46a9-9d60-0fb7c07dc678,fUST,0.00012275,2,1,600.0,offer,2026-09-03T10:47:01.812370+00:00
099254fd-1138-46a9-9d60-0fb7c07dc678,fUST,0.00012860000205068493,2,1,175.005358,offer,2026-09-03T10:47:01.812370+00:00
099254fd-1138-46a9-9d60-0fb7c07dc678,fUST,0.000129,2,1,337.48053332,offer,2026-09-03T10:47:01.812370+00:00
099254fd-1138-46a9-9d60-0fb7c07dc678,fUST,0.00013502,2,1,720.0,offer,2026-09-03T10:47:01.812370+00:00
099254fd-1138-46a9-9d60-0fb7c07dc678,fUST,0.00013502849520136985,2,1,175.005358,offer,2026-09-03T10:47:01.812370+00:00
099254fd-1138-46a9-9d60-0fb7c07dc678,fUST,0.00013698,2,1,203.85139102,offer,2026-09-03T10:47:01.812370+00:00
099254fd-1138-46a9-9d60-0fb7c07dc678,fUST,0.000136986301369863,2,1,159.183725,offer,2026-09-03T10:47:01.812370+00:00
099254fd-1138-46a9-9d60-0fb7c07dc678,fUST,0.00013885903858412707,2,1,283.65665567,offer,2026-09-03T10:47:01.812370+00:00
099254fd-1138-46a9-9d60-0fb7c07dc678,fUST,0.000140754288,7,1,222.55760474,offer,2026-09-03T10:47:01.812370+00:00
099254fd-1138-46a9-9d60-0fb7c07dc678,fUST,0.0001414569883520548,2,1,175.005358,offer,2026-09-03T10:47:01.812370+00:00
099254fd-1138-46a9-9d60-0fb7c07dc678,fUST,0.0001422773,2,1,1032.5068479,offer,2026-09-03T10:47:01.812370+00:00
099254fd-1138-46a9-9d60-0fb7c07dc678,fUST,0.0001429439,2,1,1013.339969,offer,2026-09-03T10:47:01.812370+00:00
099254fd-1138-46a9-9d60-0fb7c07dc678,fUST,0.00014788548150273972,2,11,130175.005358,offer,2026-09-03T10:47:01.812370+00:00
099254fd-1138-46a9-9d60-0fb7c07dc678,fUST,0.00014852,2,1,864.0,offer,2026-09-03T10:47:01.812370+00:00
099254fd-1138-46a9-9d60-0fb7c07dc678,fUST,0.000149033952,7,1,333.83640711,offer,2026-09-03T10:47:01.812370+00:00
099254fd-1138-46a9-9d60-0fb7c07dc678,fUST,0.00015068493150684933,2,1,172.517865,offer,2026-09-03T10:47:01.812370+00:00
099254fd-1138-46a9-9d60-0fb7c07dc678,fUST,0.00016338,2,1,1000.0,offer,2026-09-03T10:47:01.812370+00:00
099254fd-1138-46a9-9d60-0fb7c07dc678,fUST,0.00017938990410958905,2,2,341.53185458,offer,2026-09-03T10:47:01.812370+00:00
099254fd-1138-46a9-9d60-0fb7c07dc678,fUST,0.00017971,2,2,1244.0,offer,2026-09-03T10:47:01.812370+00:00
e2111fa6-6e94-46f9-8114-af92a224c294,fUST,0.0002671232876712329,120,1,-2323130.32336147,demand,2026-09-03T11:47:01.499845+00:00
e2111fa6-6e94-46f9-8114-af92a224c294,fUST,0.000267123287,120,1,-243.95,demand,2026-09-03T11:47:01.499845+00:00
e2111fa6-6e94-46f9-8114-af92a224c294,fUST,0.000249652054,120,1,-1000.0,demand,2026-09-03T11:47:01.499845+00:00
e2111fa6-6e94-46f9-8114-af92a224c294,fUST,0.000249589041,120,1,-1000.0,demand,2026-09-03T11:47:01.499845+00:00
e2111fa6-6e94-46f9-8114-af92a224c294,fUST,0.000247980821,120,1,-56568.59382046,demand,2026-09-03T11:47:01.499845+00:00
e2111fa6-6e94-46f9-8114-af92a224c294,fUST,0.00023743287671232878,120,1,-957367.48213589,demand,2026-09-03T11:47:01.499845+00:00
e2111fa6-6e94-46f9-8114-af92a224c294,fUST,0.00016,120,1,-2000.0,demand,2026-09-03T11:47:01.499845+00:00
e2111fa6-6e94-46f9-8114-af92a224c294,fUST,0.00016,60,18,-400497.5198215,demand,2026-09-03T11:47:01.499845+00:00
e2111fa6-6e94-46f9-8114-af92a224c294,fUST,0.000152,60,1,-28000.0,demand,2026-09-03T11:47:01.499845+00:00
e2111fa6-6e94-46f9-8114-af92a224c294,fUST,0.00015,90,1,-2000.0,demand,2026-09-03T11:47:01.499845+00:00
e2111fa6-6e94-46f9-8114-af92a224c294,fUST,0.00015,120,1,-300000.0,demand,2026-09-03T11:47:01.499845+00:00
e2111fa6-6e94-46f9-8114-af92a224c294,fUST,0.00015,45,3,-13845.272985,demand,2026-09-03T11:47:01.499845+00:00
e2111fa6-6e94-46f9-8114-af92a224c294,fUST,0.00015,30,10,-28548.06914492,demand,2026-09-03T11:47:01.499845+00:00
e2111fa6-6e94-46f9-8114-af92a224c294,fUST,0.000148,30,4,-20000.0,demand,2026-09-03T11:47:01.499845+00:00
e2111fa6-6e94-46f9-8114-af92a224c294,fUST,0.0001421,45,9,-80000.0,demand,2026-09-03T11:47:01.499845+00:00
e2111fa6-6e94-46f9-8114-af92a224c294,fUST,0.000142,45,2,-20000.0,demand,2026-09-03T11:47:01.499845+00:00
e2111fa6-6e94-46f9-8114-af92a224c294,fUST,0.000142,30,1,-28000.0,demand,2026-09-03T11:47:01.499845+00:00
e2111fa6-6e94-46f9-8114-af92a224c294,fUST,0.0001401,30,11,-147973.68632078,demand,2026-09-03T11:47:01.499845+00:00
e2111fa6-6e94-46f9-8114-af92a224c294,fUST,0.000138,20,6,-49368.52669917,demand,2026-09-03T11:47:01.499845+00:00
e2111fa6-6e94-46f9-8114-af92a224c294,fUST,0.000136,30,3,-19544.22120933,demand,2026-09-03T11:47:01.499845+00:00
e2111fa6-6e94-46f9-8114-af92a224c294,fUST,0.000128,30,3,-30000.0,demand,2026-09-03T11:47:01.499845+00:00
e2111fa6-6e94-46f9-8114-af92a224c294,fUST,0.000126599998,13,1,-97745.21921659,demand,2026-09-03T11:47:01.499845+00:00
e2111fa6-6e94-46f9-8114-af92a224c294,fUST,0.000126,15,5,-45000.0,demand,2026-09-03T11:47:01.499845+00:00
e2111fa6-6e94-46f9-8114-af92a224c294,fUST,0.000125,14,22,-87434.04490168,demand,2026-09-03T11:47:01.499845+00:00
e2111fa6-6e94-46f9-8114-af92a224c294,fUST,0.0001225,59,1,-95000.0,demand,2026-09-03T11:47:01.499845+00:00
e2111fa6-6e94-46f9-8114-af92a224c294,fUST,0.00013279300000000005,2,1,151.0,offer,2026-09-03T11:47:01.499845+00:00
e2111fa6-6e94-46f9-8114-af92a224c294,fUST,0.00013689000000000005,2,18,8797.91159696,offer,2026-09-03T11:47:01.499845+00:00
e2111fa6-6e94-46f9-8114-af92a224c294,fUST,0.0001397,2,15,4500.0,offer,2026-09-03T11:47:01.499845+00:00
e2111fa6-6e94-46f9-8114-af92a224c294,fUST,0.00014578,2,1,500.0,offer,2026-09-03T11:47:01.499845+00:00
e2111fa6-6e94-46f9-8114-af92a224c294,fUST,0.0001686218,2,1,233.204408,offer,2026-09-03T11:47:01.499845+00:00
e2111fa6-6e94-46f9-8114-af92a224c294,fUST,0.00018272054794520547,2,4,1010.04205535,offer,2026-09-03T11:47:01.499845+00:00
e2111fa6-6e94-46f9-8114-af92a224c294,fUST,0.0001905110469,2,1,164.795864,offer,2026-09-03T11:47:01.499845+00:00
e2111fa6-6e94-46f9-8114-af92a224c294,fUST,0.00019289,2,2,732.16969616,offer,2026-09-03T11:47:01.499845+00:00
e2111fa6-6e94-46f9-8114-af92a224c294,fUST,0.0001929,2,2,21193.54098953,offer,2026-09-03T11:47:01.499845+00:00
e2111fa6-6e94-46f9-8114-af92a224c294,fUST,0.000192906,2,2,639.0,offer,2026-09-03T11:47:01.499845+00:00
e2111fa6-6e94-46f9-8114-af92a224c294,fUST,0.0001943089,2,1,192.599915,offer,2026-09-03T11:47:01.499845+00:00
e2111fa6-6e94-46f9-8114-af92a224c294,fUST,0.00019469,2,1,236.487,offer,2026-09-03T11:47:01.499845+00:00
e2111fa6-6e94-46f9-8114-af92a224c294,fUST,0.00019853077292739725,2,1,164.795864,offer,2026-09-03T11:47:01.499845+00:00
e2111fa6-6e94-46f9-8114-af92a224c294,fUST,0.000199870006,2,2,332.3037045,offer,2026-09-03T11:47:01.499845+00:00
e2111fa6-6e94-46f9-8114-af92a224c294,fUST,0.00019998,2,2,1000.0,offer,2026-09-03T11:47:01.499845+00:00
e2111fa6-6e94-46f9-8114-af92a224c294,fUST,0.00019999,2,14,181723.06946521,offer,2026-09-03T11:47:01.499845+00:00
e2111fa6-6e94-46f9-8114-af92a224c294,fUST,0.00020535000599999998,2,1,157.04282014,offer,2026-09-03T11:47:01.499845+00:00
e2111fa6-6e94-46f9-8114-af92a224c294,fUST,0.0002065504989547945,2,1,164.795864,offer,2026-09-03T11:47:01.499845+00:00
e2111fa6-6e94-46f9-8114-af92a224c294,fUST,0.000208,2,1,1000.0,offer,2026-09-03T11:47:01.499845+00:00
e2111fa6-6e94-46f9-8114-af92a224c294,fUST,0.00020869516994553224,2,1,160.0,offer,2026-09-03T11:47:01.499845+00:00
e2111fa6-6e94-46f9-8114-af92a224c294,fUST,0.000210830006,2,1,157.04282014,offer,2026-09-03T11:47:01.499845+00:00
e2111fa6-6e94-46f9-8114-af92a224c294,fUST,0.00021457022498219179,2,1,164.795864,offer,2026-09-03T11:47:01.499845+00:00
e2111fa6-6e94-46f9-8114-af92a224c294,fUST,0.000216310006,2,1,157.04282014,offer,2026-09-03T11:47:01.499845+00:00
e2111fa6-6e94-46f9-8114-af92a224c294,fUST,0.0002179623005898789,7,1,566.69056033,offer,2026-09-03T11:47:01.499845+00:00
e2111fa6-6e94-46f9-8114-af92a224c294,fUST,0.00021884931506849318,4,2,500.0,offer,2026-09-03T11:47:01.499845+00:00
9c931ca6-b414-49bb-98c4-b7b57ef282d6,fUST,0.0002671232876712329,120,1,-2318206.89458891,demand,2026-09-03T12:47:01.621952+00:00
9c931ca6-b414-49bb-98c4-b7b57ef282d6,fUST,0.000267123287,120,1,-243.95,demand,2026-09-03T12:47:01.621952+00:00
9c931ca6-b414-49bb-98c4-b7b57ef282d6,fUST,0.000249652054,120,1,-1000.0,demand,2026-09-03T12:47:01.621952+00:00
9c931ca6-b414-49bb-98c4-b7b57ef282d6,fUST,0.000249589041,120,1,-1000.0,demand,2026-09-03T12:47:01.621952+00:00
9c931ca6-b414-49bb-98c4-b7b57ef282d6,fUST,0.000247980821,120,1,-56568.59382046,demand,2026-09-03T12:47:01.621952+00:00
9c931ca6-b414-49bb-98c4-b7b57ef282d6,fUST,0.0002378082191780822,120,1,-956918.5590584,demand,2026-09-03T12:47:01.621952+00:00
9c931ca6-b414-49bb-98c4-b7b57ef282d6,fUST,0.000208991,2,1,-150.0,demand,2026-09-03T12:47:01.621952+00:00
9c931ca6-b414-49bb-98c4-b7b57ef282d6,fUST,0.000188991,2,2,-11090.76,demand,2026-09-03T12:47:01.621952+00:00
9c931ca6-b414-49bb-98c4-b7b57ef282d6,fUST,0.00016,120,1,-2000.0,demand,2026-09-03T12:47:01.621952+00:00
9c931ca6-b414-49bb-98c4-b7b57ef282d6,fUST,0.00016,60,18,-400497.5198215,demand,2026-09-03T12:47:01.621952+00:00
9c931ca6-b414-49bb-98c4-b7b57ef282d6,fUST,0.000152,60,1,-28000.0,demand,2026-09-03T12:47:01.621952+00:00
9c931ca6-b414-49bb-98c4-b7b57ef282d6,fUST,0.00015,90,1,-2000.0,demand,2026-09-03T12:47:01.621952+00:00
9c931ca6-b414-49bb-98c4-b7b57ef282d6,fUST,0.00015,120,1,-300000.0,demand,2026-09-03T12:47:01.621952+00:00
9c931ca6-b414-49bb-98c4-b7b57ef282d6,fUST,0.00015,45,3,-13845.272985,demand,2026-09-03T12:47:01.621952+00:00
9c931ca6-b414-49bb-98c4-b7b57ef282d6,fUST,0.00015,30,10,-28548.06914492,demand,2026-09-03T12:47:01.621952+00:00
9c931ca6-b414-49bb-98c4-b7b57ef282d6,fUST,0.000148,30,4,-20000.0,demand,2026-09-03T12:47:01.621952+00:00
9c931ca6-b414-49bb-98c4-b7b57ef282d6,fUST,0.0001421,45,9,-80000.0,demand,2026-09-03T12:47:01.621952+00:00
9c931ca6-b414-49bb-98c4-b7b57ef282d6,fUST,0.000142,45,2,-20000.0,demand,2026-09-03T12:47:01.621952+00:00
9c931ca6-b414-49bb-98c4-b7b57ef282d6,fUST,0.000142,30,1,-28000.0,demand,2026-09-03T12:47:01.621952+00:00
9c931ca6-b414-49bb-98c4-b7b57ef282d6,fUST,0.0001401,30,11,-147973.68632078,demand,2026-09-03T12:47:01.621952+00:00
9c931ca6-b414-49bb-98c4-b7b57ef282d6,fUST,0.000138,20,6,-49368.52669917,demand,2026-09-03T12:47:01.621952+00:00
9c931ca6-b414-49bb-98c4-b7b57ef282d6,fUST,0.000136,30,3,-19544.22120933,demand,2026-09-03T12:47:01.621952+00:00
9c931ca6-b414-49bb-98c4-b7b57ef282d6,fUST,0.000128,30,3,-30000.0,demand,2026-09-03T12:47:01.621952+00:00
9c931ca6-b414-49bb-98c4-b7b57ef282d6,fUST,0.000126599998,13,1,-97745.21921659,demand,2026-09-03T12:47:01.621952+00:00
9c931ca6-b414-49bb-98c4-b7b57ef282d6,fUST,0.000126,15,5,-45000.0,demand,2026-09-03T12:47:01.621952+00:00
9c931ca6-b414-49bb-98c4-b7b57ef282d6,fUST,0.00015361,2,1,200.0,offer,2026-09-03T12:47:01.621952+00:00
9c931ca6-b414-49bb-98c4-b7b57ef282d6,fUST,0.00015361,7,1,302.81,offer,2026-09-03T12:47:01.621952+00:00
9c931ca6-b414-49bb-98c4-b7b57ef282d6,fUST,0.0001573564,2,1,468.8012791,offer,2026-09-03T12:47:01.621952+00:00
9c931ca6-b414-49bb-98c4-b7b57ef282d6,fUST,0.0001577014,2,1,15000.0,offer,2026-09-03T12:47:01.621952+00:00
9c931ca6-b414-49bb-98c4-b7b57ef282d6,fUST,0.00016067123287671233,2,1,198.46535479,offer,2026-09-03T12:47:01.621952+00:00
9c931ca6-b414-49bb-98c4-b7b57ef282d6,fUST,0.000162,7,1,340.01433621,offer,2026-09-03T12:47:01.621952+00:00
9c931ca6-b414-49bb-98c4-b7b57ef282d6,fUST,0.0001634989,2,1,192.08678808,offer,2026-09-03T12:47:01.621952+00:00
9c931ca6-b414-49bb-98c4-b7b57ef282d6,fUST,0.00016444016389516314,2,1,3035.85774753,offer,2026-09-03T12:47:01.621952+00:00
9c931ca6-b414-49bb-98c4-b7b57ef282d6,fUST,0.00016538576410958907,2,1,160.86380498,offer,2026-09-03T12:47:01.621952+00:00
9c931ca6-b414-49bb-98c4-b7b57ef282d6,fUST,0.00016600879452054795,2,4,745.35266423,offer,2026-09-03T12:47:01.621952+00:00
9c931ca6-b414-49bb-98c4-b7b57ef282d6,fUST,0.00016606986301369864,2,3,561.25774825,offer,2026-09-03T12:47:01.621952+00:00
9c931ca6-b414-49bb-98c4-b7b57ef282d6,fUST,0.00016644,2,1,500.0,offer,2026-09-03T12:47:01.621952+00:00
9c931ca6-b414-49bb-98c4-b7b57ef282d6,fUST,0.00016644645205479453,2,9,4226.18711836,offer,2026-09-03T12:47:01.621952+00:00
9c931ca6-b414-49bb-98c4-b7b57ef282d6,fUST,0.00016868,2,15,4500.0,offer,2026-09-03T12:47:01.621952+00:00
9c931ca6-b414-49bb-98c4-b7b57ef282d6,fUST,0.0001689645,2,1,222.79,offer,2026-09-03T12:47:01.621952+00:00
9c931ca6-b414-49bb-98c4-b7b57ef282d6,fUST,0.000169,2,1,237.37970382,offer,2026-09-03T12:47:01.621952+00:00
9c931ca6-b414-49bb-98c4-b7b57ef282d6,fUST,0.0001690707698630137,2,2,613.67042368,offer,2026-09-03T12:47:01.621952+00:00
9c931ca6-b414-49bb-98c4-b7b57ef282d6,fUST,0.0001690807698630137,2,1,325.365322,offer,2026-09-03T12:47:01.621952+00:00
9c931ca6-b414-49bb-98c4-b7b57ef282d6,fUST,0.00016999,2,4,8073.18498724,offer,2026-09-03T12:47:01.621952+00:00
9c931ca6-b414-49bb-98c4-b7b57ef282d6,fUST,0.00017,2,26,246335.88472022,offer,2026-09-03T12:47:01.621952+00:00
9c931ca6-b414-49bb-98c4-b7b57ef282d6,fUST,0.0001703732778,2,1,793.38924,offer,2026-09-03T12:47:01.621952+00:00
9c931ca6-b414-49bb-98c4-b7b57ef282d6,fUST,0.00017403260273972604,2,5,1957.08545927,offer,2026-09-03T12:47:01.621952+00:00
9c931ca6-b414-49bb-98c4-b7b57ef282d6,fUST,0.00017409589041095892,2,4,1306.1928905,offer,2026-09-03T12:47:01.621952+00:00
9c931ca6-b414-49bb-98c4-b7b57ef282d6,fUST,0.00017448616438356165,2,14,6228.6274637,offer,2026-09-03T12:47:01.621952+00:00
9c931ca6-b414-49bb-98c4-b7b57ef282d6,fUST,0.000176,2,1,2197.18149692,offer,2026-09-03T12:47:01.621952+00:00
3af94eda-210f-4bd1-b81e-079203615136,fUST,0.0002671232876712329,120,1,-2293950.29342811,demand,2026-09-03T13:47:01.811432+00:00
3af94eda-210f-4bd1-b81e-079203615136,fUST,0.000267123287,120,1,-243.95,demand,2026-09-03T13:47:01.811432+00:00
3af94eda-210f-4bd1-b81e-079203615136,fUST,0.000249652054,120,1,-1000.0,demand,2026-09-03T13:47:01.811432+00:00
3af94eda-210f-4bd1-b81e-079203615136,fUST,0.000249589041,120,1,-1000.0,demand,2026-09-03T13:47:01.811432+00:00
3af94eda-210f-4bd1-b81e-079203615136,fUST,0.000247980821,120,1,-56568.59382046,demand,2026-09-03T13:47:01.811432+00:00
3af94eda-210f-4bd1-b81e-079203615136,fUST,0.00023783287671232876,120,1,-956766.71751954,demand,2026-09-03T13:47:01.811432+00:00
3af94eda-210f-4bd1-b81e-079203615136,fUST,0.00016,120,1,-2000.0,demand,2026-09-03T13:47:01.811432+00:00
3af94eda-210f-4bd1-b81e-079203615136,fUST,0.00016,60,18,-400497.5198215,demand,2026-09-03T13:47:01.811432+00:00
3af94eda-210f-4bd1-b81e-079203615136,fUST,0.000152,60,1,-28000.0,demand,2026-09-03T13:47:01.811432+00:00
3af94eda-210f-4bd1-b81e-079203615136,fUST,0.00015,90,1,-2000.0,demand,2026-09-03T13:47:01.811432+00:00
3af94eda-210f-4bd1-b81e-079203615136,fUST,0.00015,120,1,-300000.0,demand,2026-09-03T13:47:01.811432+00:00
3af94eda-210f-4bd1-b81e-079203615136,fUST,0.00015,45,3,-13845.272985,demand,2026-09-03T13:47:01.811432+00:00
3af94eda-210f-4bd1-b81e-079203615136,fUST,0.00015,30,10,-28548.06914492,demand,2026-09-03T13:47:01.811432+00:00
3af94eda-210f-4bd1-b81e-079203615136,fUST,0.000148,30,4,-20000.0,demand,2026-09-03T13:47:01.811432+00:00
3af94eda-210f-4bd1-b81e-079203615136,fUST,0.0001421,45,9,-80000.0,demand,2026-09-03T13:47:01.811432+00:00
3af94eda-210f-4bd1-b81e-079203615136,fUST,0.000142,45,2,-20000.0,demand,2026-09-03T13:47:01.811432+00:00
3af94eda-210f-4bd1-b81e-079203615136,fUST,0.000142,30,1,-28000.0,demand,2026-09-03T13:47:01.811432+00:00
3af94eda-210f-4bd1-b81e-079203615136,fUST,0.0001401,30,11,-147973.68632078,demand,2026-09-03T13:47:01.811432+00:00
3af94eda-210f-4bd1-b81e-079203615136,fUST,0.000138,20,6,-49368.52669917,demand,2026-09-03T13:47:01.811432+00:00
3af94eda-210f-4bd1-b81e-079203615136,fUST,0.000136,30,3,-19544.22120933,demand,2026-09-03T13:47:01.811432+00:00
3af94eda-210f-4bd1-b81e-079203615136,fUST,0.000128,30,3,-30000.0,demand,2026-09-03T13:47:01.811432+00:00
3af94eda-210f-4bd1-b81e-079203615136,fUST,0.000126599998,13,1,-97745.21921659,demand,2026-09-03T13:47:01.811432+00:00
3af94eda-210f-4bd1-b81e-079203615136,fUST,0.000126,15,5,-45000.0,demand,2026-09-03T13:47:01.811432+00:00
3af94eda-210f-4bd1-b81e-079203615136,fUST,0.000125,14,22,-87434.04490168,demand,2026-09-03T13:47:01.811432+00:00
3af94eda-210f-4bd1-b81e-079203615136,fUST,0.0001225,59,1,-95000.0,demand,2026-09-03T13:47:01.811432+00:00
3af94eda-210f-4bd1-b81e-079203615136,fUST,0.00015573,13,1,5000.0,offer,2026-09-03T13:47:01.811432+00:00
3af94eda-210f-4bd1-b81e-079203615136,fUST,0.0001573,13,1,5000.0,offer,2026-09-03T13:47:01.811432+00:00
3af94eda-210f-4bd1-b81e-079203615136,fUST,0.0001621064,2,4,604.0,offer,2026-09-03T13:47:01.811432+00:00
3af94eda-210f-4bd1-b81e-079203615136,fUST,0.0001681884,2,1,151.0,offer,2026-09-03T13:47:01.811432+00:00
3af94eda-210f-4bd1-b81e-079203615136,fUST,0.0001928695,2,1,167.405449,offer,2026-09-03T13:47:01.811432+00:00
3af94eda-210f-4bd1-b81e-079203615136,fUST,0.00019794,2,1,182.8482299,offer,2026-09-03T13:47:01.811432+00:00
3af94eda-210f-4bd1-b81e-079203615136,fUST,0.00019795,2,1,1898.30110759,offer,2026-09-03T13:47:01.811432+00:00
3af94eda-210f-4bd1-b81e-079203615136,fUST,0.00019998,2,2,705.06631558,offer,2026-09-03T13:47:01.811432+00:00
3af94eda-210f-4bd1-b81e-079203615136,fUST,0.00019999,2,13,453366.95524282,offer,2026-09-03T13:47:01.811432+00:00
3af94eda-210f-4bd1-b81e-079203615136,fUST,0.00020399,2,1,300.0,offer,2026-09-03T13:47:01.811432+00:00
3af94eda-210f-4bd1-b81e-079203615136,fUST,0.000204,2,1,241.33277327,offer,2026-09-03T13:47:01.811432+00:00
3af94eda-210f-4bd1-b81e-079203615136,fUST,0.000207508,2,2,639.0,offer,2026-09-03T13:47:01.811432+00:00
3af94eda-210f-4bd1-b81e-079203615136,fUST,0.000208,3,1,151.0,offer,2026-09-03T13:47:01.811432+00:00
3af94eda-210f-4bd1-b81e-079203615136,fUST,0.00021,3,1,151.0,offer,2026-09-03T13:47:01.811432+00:00
3af94eda-210f-4bd1-b81e-079203615136,fUST,0.0002105471,2,1,268.867407,offer,2026-09-03T13:47:01.811432+00:00
3af94eda-210f-4bd1-b81e-079203615136,fUST,0.000212,4,1,151.0,offer,2026-09-03T13:47:01.811432+00:00
3af94eda-210f-4bd1-b81e-079203615136,fUST,0.00021498,2,1,6206.67312702,offer,2026-09-03T13:47:01.811432+00:00
3af94eda-210f-4bd1-b81e-079203615136,fUST,0.000215,3,1,151.0,offer,2026-09-03T13:47:01.811432+00:00
3af94eda-210f-4bd1-b81e-079203615136,fUST,0.000217,3,1,151.0,offer,2026-09-03T13:47:01.811432+00:00
3af94eda-210f-4bd1-b81e-079203615136,fUST,0.000219,4,1,151.0,offer,2026-09-03T13:47:01.811432+00:00
3af94eda-210f-4bd1-b81e-079203615136,fUST,0.00021917808904109567,7,1,400.0,offer,2026-09-03T13:47:01.811432+00:00
3af94eda-210f-4bd1-b81e-079203615136,fUST,0.0002191780945205479,7,1,400.0,offer,2026-09-03T13:47:01.811432+00:00
3af94eda-210f-4bd1-b81e-079203615136,fUST,0.00022,2,4,3211.96515063,offer,2026-09-03T13:47:01.811432+00:00
3af94eda-210f-4bd1-b81e-079203615136,fUST,0.0002200730012795707,2,1,220.95459785,offer,2026-09-03T13:47:01.811432+00:00
3af94eda-210f-4bd1-b81e-079203615136,fUST,0.00022054956177931296,2,3,480.0,offer,2026-09-03T13:47:01.811432+00:00
466980fd-c7f4-4a35-9fc1-26d59869ca80,fUST,0.0002671232876712329,120,1,-1563160.29342811,demand,2026-09-03T14:47:01.570661+00:00
466980fd-c7f4-4a35-9fc1-26d59869ca80,fUST,0.000267123287,120,1,-243.95,demand,2026-09-03T14:47:01.570661+00:00
466980fd-c7f4-4a35-9fc1-26d59869ca80,fUST,0.000249652054,120,1,-1000.0,demand,2026-09-03T14:47:01.570661+00:00
466980fd-c7f4-4a35-9fc1-26d59869ca80,fUST,0.000249589041,120,1,-1000.0,demand,2026-09-03T14:47:01.570661+00:00
466980fd-c7f4-4a35-9fc1-26d59869ca80,fUST,0.000247980821,120,1,-56568.59382046,demand,2026-09-03T14:47:01.570661+00:00
466980fd-c7f4-4a35-9fc1-26d59869ca80,fUST,0.0002383150684931507,120,1,-3780848.25584999,demand,2026-09-03T14:47:01.570661+00:00
466980fd-c7f4-4a35-9fc1-26d59869ca80,fUST,0.00016,120,1,-2000.0,demand,2026-09-03T14:47:01.570661+00:00
466980fd-c7f4-4a35-9fc1-26d59869ca80,fUST,0.00016,60,18,-400497.5198215,demand,2026-09-03T14:47:01.570661+00:00
466980fd-c7f4-4a35-9fc1-26d59869ca80,fUST,0.0001528221,2,1,-151.0,demand,2026-09-03T14:47:01.570661+00:00
466980fd-c7f4-4a35-9fc1-26d59869ca80,fUST,0.000152,60,1,-28000.0,demand,2026-09-03T14:47:01.570661+00:00
466980fd-c7f4-4a35-9fc1-26d59869ca80,fUST,0.00015,90,1,-2000.0,demand,2026-09-03T14:47:01.570661+00:00
466980fd-c7f4-4a35-9fc1-26d59869ca80,fUST,0.00015,120,1,-300000.0,demand,2026-09-03T14:47:01.570661+00:00
466980fd-c7f4-4a35-9fc1-26d59869ca80,fUST,0.00015,45,3,-13845.272985,demand,2026-09-03T14:47:01.570661+00:00
466980fd-c7f4-4a35-9fc1-26d59869ca80,fUST,0.00015,30,10,-28548.06914492,demand,2026-09-03T14:47:01.570661+00:00
466980fd-c7f4-4a35-9fc1-26d59869ca80,fUST,0.000148,30,4,-20000.0,demand,2026-09-03T14:47:01.570661+00:00
466980fd-c7f4-4a35-9fc1-26d59869ca80,fUST,0.0001454418,7,1,-500.0,demand,2026-09-03T14:47:01.570661+00:00
466980fd-c7f4-4a35-9fc1-26d59869ca80,fUST,0.0001421,45,9,-80000.0,demand,2026-09-03T14:47:01.570661+00:00
466980fd-c7f4-4a35-9fc1-26d59869ca80,fUST,0.000142,45,2,-20000.0,demand,2026-09-03T14:47:01.570661+00:00
466980fd-c7f4-4a35-9fc1-26d59869ca80,fUST,0.000142,30,1,-28000.0,demand,2026-09-03T14:47:01.570661+00:00
466980fd-c7f4-4a35-9fc1-26d59869ca80,fUST,0.0001401,30,11,-147973.68632078,demand,2026-09-03T14:47:01.570661+00:00
466980fd-c7f4-4a35-9fc1-26d59869ca80,fUST,0.000138,20,6,-49368.52669917,demand,2026-09-03T14:47:01.570661+00:00
466980fd-c7f4-4a35-9fc1-26d59869ca80,fUST,0.000136,30,3,-19544.22120933,demand,2026-09-03T14:47:01.570661+00:00
466980fd-c7f4-4a35-9fc1-26d59869ca80,fUST,0.000128,30,3,-30000.0,demand,2026-09-03T14:47:01.570661+00:00
466980fd-c7f4-4a35-9fc1-26d59869ca80,fUST,0.000126599998,13,1,-97745.21921659,demand,2026-09-03T14:47:01.570661+00:00
466980fd-c7f4-4a35-9fc1-26d59869ca80,fUST,0.000126,15,5,-45000.0,demand,2026-09-03T14:47:01.570661+00:00
466980fd-c7f4-4a35-9fc1-26d59869ca80,fUST,0.00013693,2,1,151.0,offer,2026-09-03T14:47:01.570661+00:00
466980fd-c7f4-4a35-9fc1-26d59869ca80,fUST,0.0001383123,2,1,151.0,offer,2026-09-03T14:47:01.570661+00:00
466980fd-c7f4-4a35-9fc1-26d59869ca80,fUST,0.0001454418,7,2,636.10896305,offer,2026-09-03T14:47:01.570661+00:00
466980fd-c7f4-4a35-9fc1-26d59869ca80,fUST,0.00014545,2,17,8061.52243391,offer,2026-09-03T14:47:01.570661+00:00
466980fd-c7f4-4a35-9fc1-26d59869ca80,fUST,0.00014547123287671234,2,1,1422.87236712,offer,2026-09-03T14:47:01.570661+00:00
466980fd-c7f4-4a35-9fc1-26d59869ca80,fUST,0.0001459303,2,1,407.0672863,offer,2026-09-03T14:47:01.570661+00:00
466980fd-c7f4-4a35-9fc1-26d59869ca80,fUST,0.0001490393,2,1,9276.4573621,offer,2026-09-03T14:47:01.570661+00:00
466980fd-c7f4-4a35-9fc1-26d59869ca80,fUST,0.00014966920960000001,2,2,724.01429943,offer,2026-09-03T14:47:01.570661+00:00
466980fd-c7f4-4a35-9fc1-26d59869ca80,fUST,0.0001496892096,2,1,1009.4473819,offer,2026-09-03T14:47:01.570661+00:00
466980fd-c7f4-4a35-9fc1-26d59869ca80,fUST,0.00014971950000000002,7,1,432.23904563,offer,2026-09-03T14:47:01.570661+00:00
466980fd-c7f4-4a35-9fc1-26d59869ca80,fUST,0.0001528221,2,2,5333.01872352,offer,2026-09-03T14:47:01.570661+00:00
466980fd-c7f4-4a35-9fc1-26d59869ca80,fUST,0.0001529898,7,1,238.73363692,offer,2026-09-03T14:47:01.570661+00:00
466980fd-c7f4-4a35-9fc1-26d59869ca80,fUST,0.00015399720000000002,7,2,738.04392177,offer,2026-09-03T14:47:01.570661+00:00
466980fd-c7f4-4a35-9fc1-26d59869ca80,fUST,0.00015447,2,16,5100.0,offer,2026-09-03T14:47:01.570661+00:00
466980fd-c7f4-4a35-9fc1-26d59869ca80,fUST,0.0001594151,2,1,400.0,offer,2026-09-03T14:47:01.570661+00:00
466980fd-c7f4-4a35-9fc1-26d59869ca80,fUST,0.0001597008,7,1,432.23904564,offer,2026-09-03T14:47:01.570661+00:00
466980fd-c7f4-4a35-9fc1-26d59869ca80,fUST,0.0001619892,7,1,358.1004554,offer,2026-09-03T14:47:01.570661+00:00
466980fd-c7f4-4a35-9fc1-26d59869ca80,fUST,0.0001673925,2,1,200.0,offer,2026-09-03T14:47:01.570661+00:00
466980fd-c7f4-4a35-9fc1-26d59869ca80,fUST,0.00016854,2,1,500.0,offer,2026-09-03T14:47:01.570661+00:00
466980fd-c7f4-4a35-9fc1-26d59869ca80,fUST,0.000168545,2,1,7790.9353443,offer,2026-09-03T14:47:01.570661+00:00
466980fd-c7f4-4a35-9fc1-26d59869ca80,fUST,0.0001695104,2,1,3152.0094732,offer,2026-09-03T14:47:01.570661+00:00
466980fd-c7f4-4a35-9fc1-26d59869ca80,fUST,0.00016992,2,1,720.0,offer,2026-09-03T14:47:01.570661+00:00
466980fd-c7f4-4a35-9fc1-26d59869ca80,fUST,0.0001758534,2,1,400.0,offer,2026-09-03T14:47:01.570661+00:00
466980fd-c7f4-4a35-9fc1-26d59869ca80,fUST,0.00017972,2,4,1895.90372188,offer,2026-09-03T14:47:01.570661+00:00
466980fd-c7f4-4a35-9fc1-26d59869ca80,fUST,0.00018,2,1,2553.41070661,offer,2026-09-03T14:47:01.570661+00:00
39acab94-fc5a-4647-b426-c5e24e17b057,fUST,0.0002671232876712329,120,1,-1271302.39705169,demand,2026-09-03T15:47:02.077148+00:00
39acab94-fc5a-4647-b426-c5e24e17b057,fUST,0.000267123287,120,1,-243.95,demand,2026-09-03T15:47:02.077148+00:00
39acab94-fc5a-4647-b426-c5e24e17b057,fUST,0.000249652054,120,1,-1000.0,demand,2026-09-03T15:47:02.077148+00:00
39acab94-fc5a-4647-b426-c5e24e17b057,fUST,0.000249589041,120,1,-1000.0,demand,2026-09-03T15:47:02.077148+00:00
39acab94-fc5a-4647-b426-c5e24e17b057,fUST,0.000247980821,120,1,-56568.59382046,demand,2026-09-03T15:47:02.077148+00:00
39acab94-fc5a-4647-b426-c5e24e17b057,fUST,0.0002382904109589041,120,1,-3780848.25584999,demand,2026-09-03T15:47:02.077148+00:00
39acab94-fc5a-4647-b426-c5e24e17b057,fUST,0.00016,120,1,-2000.0,demand,2026-09-03T15:47:02.077148+00:00
39acab94-fc5a-4647-b426-c5e24e17b057,fUST,0.00016,60,18,-400497.5198215,demand,2026-09-03T15:47:02.077148+00:00
39acab94-fc5a-4647-b426-c5e24e17b057,fUST,0.000152,60,1,-28000.0,demand,2026-09-03T15:47:02.077148+00:00
39acab94-fc5a-4647-b426-c5e24e17b057,fUST,0.00015,90,1,-2000.0,demand,2026-09-03T15:47:02.077148+00:00
39acab94-fc5a-4647-b426-c5e24e17b057,fUST,0.00015,120,1,-300000.0,demand,2026-09-03T15:47:02.077148+00:00
39acab94-fc5a-4647-b426-c5e24e17b057,fUST,0.00015,45,3,-13845.272985,demand,2026-09-03T15:47:02.077148+00:00
39acab94-fc5a-4647-b426-c5e24e17b057,fUST,0.00015,30,10,-28548.06914492,demand,2026-09-03T15:47:02.077148+00:00
39acab94-fc5a-4647-b426-c5e24e17b057,fUST,0.000148,30,4,-20000.0,demand,2026-09-03T15:47:02.077148+00:00
39acab94-fc5a-4647-b426-c5e24e17b057,fUST,0.0001421,45,9,-80000.0,demand,2026-09-03T15:47:02.077148+00:00
39acab94-fc5a-4647-b426-c5e24e17b057,fUST,0.000142,45,2,-20000.0,demand,2026-09-03T15:47:02.077148+00:00
39acab94-fc5a-4647-b426-c5e24e17b057,fUST,0.000142,30,1,-28000.0,demand,2026-09-03T15:47:02.077148+00:00
39acab94-fc5a-4647-b426-c5e24e17b057,fUST,0.0001401,30,11,-147973.68632078,demand,2026-09-03T15:47:02.077148+00:00
39acab94-fc5a-4647-b426-c5e24e17b057,fUST,0.000138,20,6,-49368.52669917,demand,2026-09-03T15:47:02.077148+00:00
39acab94-fc5a-4647-b426-c5e24e17b057,fUST,0.000136,30,3,-19544.22120933,demand,2026-09-03T15:47:02.077148+00:00
39acab94-fc5a-4647-b426-c5e24e17b057,fUST,0.000128,30,3,-30000.0,demand,2026-09-03T15:47:02.077148+00:00
39acab94-fc5a-4647-b426-c5e24e17b057,fUST,0.000126599998,13,1,-97745.21921659,demand,2026-09-03T15:47:02.077148+00:00
39acab94-fc5a-4647-b426-c5e24e17b057,fUST,0.000126,15,5,-45000.0,demand,2026-09-03T15:47:02.077148+00:00
39acab94-fc5a-4647-b426-c5e24e17b057,fUST,0.000125,14,22,-87434.04490168,demand,2026-09-03T15:47:02.077148+00:00
39acab94-fc5a-4647-b426-c5e24e17b057,fUST,0.0001225,59,1,-95000.0,demand,2026-09-03T15:47:02.077148+00:00
39acab94-fc5a-4647-b426-c5e24e17b057,fUST,0.00012279,2,1,81.44783301,offer,2026-09-03T15:47:02.077148+00:00
39acab94-fc5a-4647-b426-c5e24e17b057,fUST,0.0001240333684931507,2,1,151.0,offer,2026-09-03T15:47:02.077148+00:00
39acab94-fc5a-4647-b426-c5e24e17b057,fUST,0.00012426684931506852,2,26,12168.87690979,offer,2026-09-03T15:47:02.077148+00:00
39acab94-fc5a-4647-b426-c5e24e17b057,fUST,0.0001242767123287671,2,1,15248.12921161,offer,2026-09-03T15:47:02.077148+00:00
39acab94-fc5a-4647-b426-c5e24e17b057,fUST,0.000124338795,7,1,1080.69212331,offer,2026-09-03T15:47:02.077148+00:00
39acab94-fc5a-4647-b426-c5e24e17b057,fUST,0.000127891332,2,1,151.0,offer,2026-09-03T15:47:02.077148+00:00
39acab94-fc5a-4647-b426-c5e24e17b057,fUST,0.00012789133200000001,7,1,1080.69212331,offer,2026-09-03T15:47:02.077148+00:00
39acab94-fc5a-4647-b426-c5e24e17b057,fUST,0.00013042,2,1,600.0,offer,2026-09-03T15:47:02.077148+00:00
39acab94-fc5a-4647-b426-c5e24e17b057,fUST,0.000132628048,7,1,1080.69212333,offer,2026-09-03T15:47:02.077148+00:00
39acab94-fc5a-4647-b426-c5e24e17b057,fUST,0.00013698,2,9,4486.91357898,offer,2026-09-03T15:47:02.077148+00:00
39acab94-fc5a-4647-b426-c5e24e17b057,fUST,0.000136986301369863,2,1,1132.7111017,offer,2026-09-03T15:47:02.077148+00:00
39acab94-fc5a-4647-b426-c5e24e17b057,fUST,0.00014346,2,1,720.0,offer,2026-09-03T15:47:02.077148+00:00
39acab94-fc5a-4647-b426-c5e24e17b057,fUST,0.00014712,2,1,365.64085725,offer,2026-09-03T15:47:02.077148+00:00
39acab94-fc5a-4647-b426-c5e24e17b057,fUST,0.00014712328767123287,2,1,1000.0,offer,2026-09-03T15:47:02.077148+00:00
39acab94-fc5a-4647-b426-c5e24e17b057,fUST,0.00014794520547945205,2,1,1000.0,offer,2026-09-03T15:47:02.077148+00:00
39acab94-fc5a-4647-b426-c5e24e17b057,fUST,0.00014986301369863015,2,1,1000.0,offer,2026-09-03T15:47:02.077148+00:00
39acab94-fc5a-4647-b426-c5e24e17b057,fUST,0.00015068493150684933,2,1,165.475066,offer,2026-09-03T15:47:02.077148+00:00
39acab94-fc5a-4647-b426-c5e24e17b057,fUST,0.0001578,2,1,864.0,offer,2026-09-03T15:47:02.077148+00:00
39acab94-fc5a-4647-b426-c5e24e17b057,fUST,0.00016,2,1,1000.0,offer,2026-09-03T15:47:02.077148+00:00
39acab94-fc5a-4647-b426-c5e24e17b057,fUST,0.0001624895446661648,2,1,250.0,offer,2026-09-03T15:47:02.077148+00:00
39acab94-fc5a-4647-b426-c5e24e17b057,fUST,0.0001667543390410959,2,1,162.60300417,offer,2026-09-03T15:47:02.077148+00:00
39acab94-fc5a-4647-b426-c5e24e17b057,fUST,0.00016687,2,1,595.34696891,offer,2026-09-03T15:47:02.077148+00:00
39acab94-fc5a-4647-b426-c5e24e17b057,fUST,0.00017358,2,1,1000.0,offer,2026-09-03T15:47:02.077148+00:00
39acab94-fc5a-4647-b426-c5e24e17b057,fUST,0.00018017250684931508,2,2,747.37464706,offer,2026-09-03T15:47:02.077148+00:00
39acab94-fc5a-4647-b426-c5e24e17b057,fUST,0.00018375068493150685,2,1,332.88420431,offer,2026-09-03T15:47:02.077148+00:00
72252f9c-c51d-4aa6-a774-57fc552fc033,fUST,0.0002671232876712329,120,1,-1267064.29281402,demand,2026-09-03T16:47:01.871924+00:00
72252f9c-c51d-4aa6-a774-57fc552fc033,fUST,0.000267123287,120,1,-243.95,demand,2026-09-03T16:47:01.871924+00:00
72252f9c-c51d-4aa6-a774-57fc552fc033,fUST,0.000249652054,120,1,-1000.0,demand,2026-09-03T16:47:01.871924+00:00
72252f9c-c51d-4aa6-a774-57fc552fc033,fUST,0.000249589041,120,1,-1000.0,demand,2026-09-03T16:47:01.871924+00:00
72252f9c-c51d-4aa6-a774-57fc552fc033,fUST,0.000247980821,120,1,-56568.59382046,demand,2026-09-03T16:47:01.871924+00:00
72252f9c-c51d-4aa6-a774-57fc552fc033,fUST,0.00023942191780821918,120,1,-3780848.25584999,demand,2026-09-03T16:47:01.871924+00:00
72252f9c-c51d-4aa6-a774-57fc552fc033,fUST,0.00016,120,1,-2000.0,demand,2026-09-03T16:47:01.871924+00:00
72252f9c-c51d-4aa6-a774-57fc552fc033,fUST,0.00016,60,18,-400497.5198215,demand,2026-09-03T16:47:01.871924+00:00
72252f9c-c51d-4aa6-a774-57fc552fc033,fUST,0.000152,60,1,-28000.0,demand,2026-09-03T16:47:01.871924+00:00
72252f9c-c51d-4aa6-a774-57fc552fc033,fUST,0.00015,90,1,-2000.0,demand,2026-09-03T16:47:01.871924+00:00
72252f9c-c51d-4aa6-a774-57fc552fc033,fUST,0.00015,120,1,-300000.0,demand,2026-09-03T16:47:01.871924+00:00
72252f9c-c51d-4aa6-a774-57fc552fc033,fUST,0.00015,45,3,-13845.272985,demand,2026-09-03T16:47:01.871924+00:00
72252f9c-c51d-4aa6-a774-57fc552fc033,fUST,0.00015,30,10,-28395.37688424,demand,2026-09-03T16:47:01.871924+00:00
72252f9c-c51d-4aa6-a774-57fc552fc033,fUST,0.000148,30,4,-20000.0,demand,2026-09-03T16:47:01.871924+00:00
72252f9c-c51d-4aa6-a774-57fc552fc033,fUST,0.0001421,45,9,-80000.0,demand,2026-09-03T16:47:01.871924+00:00
72252f9c-c51d-4aa6-a774-57fc552fc033,fUST,0.000142,45,2,-20000.0,demand,2026-09-03T16:47:01.871924+00:00
72252f9c-c51d-4aa6-a774-57fc552fc033,fUST,0.000142,30,1,-28000.0,demand,2026-09-03T16:47:01.871924+00:00
72252f9c-c51d-4aa6-a774-57fc552fc033,fUST,0.0001401,30,11,-147973.68632078,demand,2026-09-03T16:47:01.871924+00:00
72252f9c-c51d-4aa6-a774-57fc552fc033,fUST,0.000138,20,6,-49368.52669917,demand,2026-09-03T16:47:01.871924+00:00
72252f9c-c51d-4aa6-a774-57fc552fc033,fUST,0.000136,30,3,-19544.22120933,demand,2026-09-03T16:47:01.871924+00:00
72252f9c-c51d-4aa6-a774-57fc552fc033,fUST,0.000128,30,3,-30000.0,demand,2026-09-03T16:47:01.871924+00:00
72252f9c-c51d-4aa6-a774-57fc552fc033,fUST,0.000126599998,13,1,-60149.30422628,demand,2026-09-03T16:47:01.871924+00:00
72252f9c-c51d-4aa6-a774-57fc552fc033,fUST,0.000126,15,5,-45000.0,demand,2026-09-03T16:47:01.871924+00:00
72252f9c-c51d-4aa6-a774-57fc552fc033,fUST,0.000125,14,22,-87434.04490168,demand,2026-09-03T16:47:01.871924+00:00
72252f9c-c51d-4aa6-a774-57fc552fc033,fUST,0.0001225,59,1,-95000.0,demand,2026-09-03T16:47:01.871924+00:00
72252f9c-c51d-4aa6-a774-57fc552fc033,fUST,0.00011795890410958905,2,1,1062.1961948,offer,2026-09-03T16:47:01.871924+00:00
72252f9c-c51d-4aa6-a774-57fc552fc033,fUST,0.00011796000000000002,2,65,31886.59548852,offer,2026-09-03T16:47:01.871924+00:00
72252f9c-c51d-4aa6-a774-57fc552fc033,fUST,0.000118,5,1,1303.72712231,offer,2026-09-03T16:47:01.871924+00:00
72252f9c-c51d-4aa6-a774-57fc552fc033,fUST,0.000118,2,1,2908.0,offer,2026-09-03T16:47:01.871924+00:00
72252f9c-c51d-4aa6-a774-57fc552fc033,fUST,0.000119,2,25,328066.90629233,offer,2026-09-03T16:47:01.871924+00:00
72252f9c-c51d-4aa6-a774-57fc552fc033,fUST,0.00011940119999999999,7,2,2283.46297797,offer,2026-09-03T16:47:01.871924+00:00
72252f9c-c51d-4aa6-a774-57fc552fc033,fUST,0.000122913,7,1,2053.93686875,offer,2026-09-03T16:47:01.871924+00:00
72252f9c-c51d-4aa6-a774-57fc552fc033,fUST,0.0001232876712328767,2,8,2818.46,offer,2026-09-03T16:47:01.871924+00:00
72252f9c-c51d-4aa6-a774-57fc552fc033,fUST,0.00012429,2,16,5100.0,offer,2026-09-03T16:47:01.871924+00:00
72252f9c-c51d-4aa6-a774-57fc552fc033,fUST,0.000125,2,1,4065.79325921,offer,2026-09-03T16:47:01.871924+00:00
72252f9c-c51d-4aa6-a774-57fc552fc033,fUST,0.0001264248,7,2,2398.22603261,offer,2026-09-03T16:47:01.871924+00:00
72252f9c-c51d-4aa6-a774-57fc552fc033,fUST,0.00012796986301369864,2,1,180.30260325,offer,2026-09-03T16:47:01.871924+00:00
72252f9c-c51d-4aa6-a774-57fc552fc033,fUST,0.0001311072,7,1,2053.93686877,offer,2026-09-03T16:47:01.871924+00:00
72252f9c-c51d-4aa6-a774-57fc552fc033,fUST,0.00013672,2,1,720.0,offer,2026-09-03T16:47:01.871924+00:00
72252f9c-c51d-4aa6-a774-57fc552fc033,fUST,0.00013698,2,34,16246.0385021,offer,2026-09-03T16:47:01.871924+00:00
72252f9c-c51d-4aa6-a774-57fc552fc033,fUST,0.000136986301369863,2,2,8962.1908842,offer,2026-09-03T16:47:01.871924+00:00
72252f9c-c51d-4aa6-a774-57fc552fc033,fUST,0.00013903552785266005,2,1,739.69773739,offer,2026-09-03T16:47:01.871924+00:00
72252f9c-c51d-4aa6-a774-57fc552fc033,fUST,0.00015,2,3,12089.09007262,offer,2026-09-03T16:47:01.871924+00:00
72252f9c-c51d-4aa6-a774-57fc552fc033,fUST,0.00015,6,4,660.06938302,offer,2026-09-03T16:47:01.871924+00:00
72252f9c-c51d-4aa6-a774-57fc552fc033,fUST,0.00015039,2,1,864.0,offer,2026-09-03T16:47:01.871924+00:00
72252f9c-c51d-4aa6-a774-57fc552fc033,fUST,0.00015068493150684933,2,1,167.250187,offer,2026-09-03T16:47:01.871924+00:00
72252f9c-c51d-4aa6-a774-57fc552fc033,fUST,0.0001576774159988549,2,1,365.80609969,offer,2026-09-03T16:47:01.871924+00:00
72252f9c-c51d-4aa6-a774-57fc552fc033,fUST,0.00016,2,1,221.62517619,offer,2026-09-03T16:47:01.871924+00:00
72252f9c-c51d-4aa6-a774-57fc552fc033,fUST,0.000161306208,2,1,5932.9704774,offer,2026-09-03T16:47:01.871924+00:00
72252f9c-c51d-4aa6-a774-57fc552fc033,fUST,0.0001629296,2,1,463.3859897,offer,2026-09-03T16:47:01.871924+00:00
8118d0fe-b973-49fc-ad1f-35ed853a9f0b,fUST,0.0002671232876712329,120,1,-1266204.18034802,demand,2026-09-03T17:47:01.561822+00:00
8118d0fe-b973-49fc-ad1f-35ed853a9f0b,fUST,0.000267123287,120,1,-243.95,demand,2026-09-03T17:47:01.561822+00:00
8118d0fe-b973-49fc-ad1f-35ed853a9f0b,fUST,0.000249652054,120,1,-1000.0,demand,2026-09-03T17:47:01.561822+00:00
8118d0fe-b973-49fc-ad1f-35ed853a9f0b,fUST,0.000249589041,120,1,-1000.0,demand,2026-09-03T17:47:01.561822+00:00
8118d0fe-b973-49fc-ad1f-35ed853a9f0b,fUST,0.000247980821,120,1,-56568.59382046,demand,2026-09-03T17:47:01.561822+00:00
8118d0fe-b973-49fc-ad1f-35ed853a9f0b,fUST,0.00023968219178082192,120,1,-3778848.25585099,demand,2026-09-03T17:47:01.561822+00:00
8118d0fe-b973-49fc-ad1f-35ed853a9f0b,fUST,0.000171699766,2,2,-300.0,demand,2026-09-03T17:47:01.561822+00:00
8118d0fe-b973-49fc-ad1f-35ed853a9f0b,fUST,0.00016,120,1,-2000.0,demand,2026-09-03T17:47:01.561822+00:00
8118d0fe-b973-49fc-ad1f-35ed853a9f0b,fUST,0.00016,60,18,-400497.5198215,demand,2026-09-03T17:47:01.561822+00:00
8118d0fe-b973-49fc-ad1f-35ed853a9f0b,fUST,0.000152,60,1,-28000.0,demand,2026-09-03T17:47:01.561822+00:00
8118d0fe-b973-49fc-ad1f-35ed853a9f0b,fUST,0.00015,90,1,-2000.0,demand,2026-09-03T17:47:01.561822+00:00
8118d0fe-b973-49fc-ad1f-35ed853a9f0b,fUST,0.00015,120,1,-300000.0,demand,2026-09-03T17:47:01.561822+00:00
8118d0fe-b973-49fc-ad1f-35ed853a9f0b,fUST,0.00015,45,3,-13845.272985,demand,2026-09-03T17:47:01.561822+00:00
8118d0fe-b973-49fc-ad1f-35ed853a9f0b,fUST,0.00015,30,10,-28395.37688424,demand,2026-09-03T17:47:01.561822+00:00
8118d0fe-b973-49fc-ad1f-35ed853a9f0b,fUST,0.000148,30,4,-20000.0,demand,2026-09-03T17:47:01.561822+00:00
8118d0fe-b973-49fc-ad1f-35ed853a9f0b,fUST,0.0001421,45,9,-80000.0,demand,2026-09-03T17:47:01.561822+00:00
8118d0fe-b973-49fc-ad1f-35ed853a9f0b,fUST,0.000142,45,2,-20000.0,demand,2026-09-03T17:47:01.561822+00:00
8118d0fe-b973-49fc-ad1f-35ed853a9f0b,fUST,0.000142,30,1,-28000.0,demand,2026-09-03T17:47:01.561822+00:00
8118d0fe-b973-49fc-ad1f-35ed853a9f0b,fUST,0.0001401,30,11,-147973.68632078,demand,2026-09-03T17:47:01.561822+00:00
8118d0fe-b973-49fc-ad1f-35ed853a9f0b,fUST,0.000138,20,6,-49368.52669917,demand,2026-09-03T17:47:01.561822+00:00
8118d0fe-b973-49fc-ad1f-35ed853a9f0b,fUST,0.000136,30,3,-19544.22120933,demand,2026-09-03T17:47:01.561822+00:00
8118d0fe-b973-49fc-ad1f-35ed853a9f0b,fUST,0.000128,30,3,-30000.0,demand,2026-09-03T17:47:01.561822+00:00
8118d0fe-b973-49fc-ad1f-35ed853a9f0b,fUST,0.000126599998,13,1,-52188.73646419,demand,2026-09-03T17:47:01.561822+00:00
8118d0fe-b973-49fc-ad1f-35ed853a9f0b,fUST,0.000126,15,5,-45000.0,demand,2026-09-03T17:47:01.561822+00:00
8118d0fe-b973-49fc-ad1f-35ed853a9f0b,fUST,0.000125,14,22,-87434.04490168,demand,2026-09-03T17:47:01.561822+00:00
8118d0fe-b973-49fc-ad1f-35ed853a9f0b,fUST,0.00013698,2,1,500.0,offer,2026-09-03T17:47:01.561822+00:00
8118d0fe-b973-49fc-ad1f-35ed853a9f0b,fUST,0.0001517,2,1,200.5673231,offer,2026-09-03T17:47:01.561822+00:00
8118d0fe-b973-49fc-ad1f-35ed853a9f0b,fUST,0.00016723,2,1,243.5448063,offer,2026-09-03T17:47:01.561822+00:00
8118d0fe-b973-49fc-ad1f-35ed853a9f0b,fUST,0.00016781031506849317,2,1,916.85249701,offer,2026-09-03T17:47:01.561822+00:00
8118d0fe-b973-49fc-ad1f-35ed853a9f0b,fUST,0.00016783830479452053,2,3,1032.61869845,offer,2026-09-03T17:47:01.561822+00:00
8118d0fe-b973-49fc-ad1f-35ed853a9f0b,fUST,0.0001689368,2,1,249.8611052,offer,2026-09-03T17:47:01.561822+00:00
8118d0fe-b973-49fc-ad1f-35ed853a9f0b,fUST,0.0001690038367821918,2,1,202.81461418,offer,2026-09-03T17:47:01.561822+00:00
8118d0fe-b973-49fc-ad1f-35ed853a9f0b,fUST,0.00017,2,1,2148.90865949,offer,2026-09-03T17:47:01.561822+00:00
8118d0fe-b973-49fc-ad1f-35ed853a9f0b,fUST,0.00017118,2,15,4500.0,offer,2026-09-03T17:47:01.561822+00:00
8118d0fe-b973-49fc-ad1f-35ed853a9f0b,fUST,0.000171699766,2,1,4336.21065803,offer,2026-09-03T17:47:01.561822+00:00
8118d0fe-b973-49fc-ad1f-35ed853a9f0b,fUST,0.00017512,2,1,600.0,offer,2026-09-03T17:47:01.561822+00:00
8118d0fe-b973-49fc-ad1f-35ed853a9f0b,fUST,0.0001758995890410959,2,1,764.0437475,offer,2026-09-03T17:47:01.561822+00:00
8118d0fe-b973-49fc-ad1f-35ed853a9f0b,fUST,0.00017592859589041096,2,3,1223.65298026,offer,2026-09-03T17:47:01.561822+00:00
8118d0fe-b973-49fc-ad1f-35ed853a9f0b,fUST,0.0001797621917808219,2,1,173.0,offer,2026-09-03T17:47:01.561822+00:00
8118d0fe-b973-49fc-ad1f-35ed853a9f0b,fUST,0.00018,2,1,315.86716293,offer,2026-09-03T17:47:01.561822+00:00
8118d0fe-b973-49fc-ad1f-35ed853a9f0b,fUST,0.00018129243835616438,2,3,1189.88565268,offer,2026-09-03T17:47:01.561822+00:00
8118d0fe-b973-49fc-ad1f-35ed853a9f0b,fUST,0.00018132212328767123,2,8,2510.2753756,offer,2026-09-03T17:47:01.561822+00:00
8118d0fe-b973-49fc-ad1f-35ed853a9f0b,fUST,0.0001831014957911423,2,1,250.0,offer,2026-09-03T17:47:01.561822+00:00
8118d0fe-b973-49fc-ad1f-35ed853a9f0b,fUST,0.00018437961691124995,2,1,2685.40017034,offer,2026-09-03T17:47:01.561822+00:00
8118d0fe-b973-49fc-ad1f-35ed853a9f0b,fUST,0.00018488767123287672,2,8,2397.28148889,offer,2026-09-03T17:47:01.561822+00:00
8118d0fe-b973-49fc-ad1f-35ed853a9f0b,fUST,0.00018491780821917807,2,12,3803.7205738,offer,2026-09-03T17:47:01.561822+00:00
8118d0fe-b973-49fc-ad1f-35ed853a9f0b,fUST,0.0001858390641,2,1,181.476353,offer,2026-09-03T17:47:01.561822+00:00
8118d0fe-b973-49fc-ad1f-35ed853a9f0b,fUST,0.00018848290410958905,2,1,305.617499,offer,2026-09-03T17:47:01.561822+00:00
8118d0fe-b973-49fc-ad1f-35ed853a9f0b,fUST,0.0001885134931506849,2,2,1796.75582572,offer,2026-09-03T17:47:01.561822+00:00
8118d0fe-b973-49fc-ad1f-35ed853a9f0b,fUST,0.00018956060945973796,2,1,1841.23456247,offer,2026-09-03T17:47:01.561822+00:00
1759e0d4-9289-4793-8736-b0aa385b31ce,fUST,0.0002671232876712329,120,1,-1249496.44034802,demand,2026-09-03T18:47:01.563843+00:00
1759e0d4-9289-4793-8736-b0aa385b31ce,fUST,0.000267123287,120,1,-243.95,demand,2026-09-03T18:47:01.563843+00:00
1759e0d4-9289-4793-8736-b0aa385b31ce,fUST,0.000249652054,120,1,-1000.0,demand,2026-09-03T18:47:01.563843+00:00
1759e0d4-9289-4793-8736-b0aa385b31ce,fUST,0.000249589041,120,1,-1000.0,demand,2026-09-03T18:47:01.563843+00:00
1759e0d4-9289-4793-8736-b0aa385b31ce,fUST,0.000247980821,120,1,-56568.59382046,demand,2026-09-03T18:47:01.563843+00:00
1759e0d4-9289-4793-8736-b0aa385b31ce,fUST,0.00023947397260273972,120,1,-3778848.25585099,demand,2026-09-03T18:47:01.563843+00:00
1759e0d4-9289-4793-8736-b0aa385b31ce,fUST,0.000179991,2,4,-8345.59496386,demand,2026-09-03T18:47:01.563843+00:00
1759e0d4-9289-4793-8736-b0aa385b31ce,fUST,0.00016,120,1,-2000.0,demand,2026-09-03T18:47:01.563843+00:00
1759e0d4-9289-4793-8736-b0aa385b31ce,fUST,0.00016,60,18,-400497.5198215,demand,2026-09-03T18:47:01.563843+00:00
1759e0d4-9289-4793-8736-b0aa385b31ce,fUST,0.000152,60,1,-28000.0,demand,2026-09-03T18:47:01.563843+00:00
1759e0d4-9289-4793-8736-b0aa385b31ce,fUST,0.00015,90,1,-2000.0,demand,2026-09-03T18:47:01.563843+00:00
1759e0d4-9289-4793-8736-b0aa385b31ce,fUST,0.00015,120,1,-300000.0,demand,2026-09-03T18:47:01.563843+00:00
1759e0d4-9289-4793-8736-b0aa385b31ce,fUST,0.00015,45,3,-13845.272985,demand,2026-09-03T18:47:01.563843+00:00
1759e0d4-9289-4793-8736-b0aa385b31ce,fUST,0.00015,30,10,-28241.96458723,demand,2026-09-03T18:47:01.563843+00:00
1759e0d4-9289-4793-8736-b0aa385b31ce,fUST,0.000148,30,4,-20000.0,demand,2026-09-03T18:47:01.563843+00:00
1759e0d4-9289-4793-8736-b0aa385b31ce,fUST,0.0001421,45,9,-80000.0,demand,2026-09-03T18:47:01.563843+00:00
1759e0d4-9289-4793-8736-b0aa385b31ce,fUST,0.000142,45,2,-20000.0,demand,2026-09-03T18:47:01.563843+00:00
1759e0d4-9289-4793-8736-b0aa385b31ce,fUST,0.000142,30,1,-28000.0,demand,2026-09-03T18:47:01.563843+00:00
1759e0d4-9289-4793-8736-b0aa385b31ce,fUST,0.0001401,30,11,-147973.68632078,demand,2026-09-03T18:47:01.563843+00:00
1759e0d4-9289-4793-8736-b0aa385b31ce,fUST,0.000138,20,6,-49368.52669917,demand,2026-09-03T18:47:01.563843+00:00
1759e0d4-9289-4793-8736-b0aa385b31ce,fUST,0.000136,30,3,-19544.22120933,demand,2026-09-03T18:47:01.563843+00:00
1759e0d4-9289-4793-8736-b0aa385b31ce,fUST,0.000128,30,3,-30000.0,demand,2026-09-03T18:47:01.563843+00:00
1759e0d4-9289-4793-8736-b0aa385b31ce,fUST,0.000126599998,13,1,-52188.73646419,demand,2026-09-03T18:47:01.563843+00:00
1759e0d4-9289-4793-8736-b0aa385b31ce,fUST,0.000126,15,5,-45000.0,demand,2026-09-03T18:47:01.563843+00:00
1759e0d4-9289-4793-8736-b0aa385b31ce,fUST,0.000125,14,22,-87434.04490168,demand,2026-09-03T18:47:01.563843+00:00
1759e0d4-9289-4793-8736-b0aa385b31ce,fUST,0.00013045,2,1,270.63,offer,2026-09-03T18:47:01.563843+00:00
1759e0d4-9289-4793-8736-b0aa385b31ce,fUST,0.00013495986301369862,2,2,1000.0,offer,2026-09-03T18:47:01.563843+00:00
1759e0d4-9289-4793-8736-b0aa385b31ce,fUST,0.00013496986301369862,2,1,2949.11689562,offer,2026-09-03T18:47:01.563843+00:00
1759e0d4-9289-4793-8736-b0aa385b31ce,fUST,0.00013497,2,16,5100.0,offer,2026-09-03T18:47:01.563843+00:00
1759e0d4-9289-4793-8736-b0aa385b31ce,fUST,0.000136976301369863,2,2,765.01723819,offer,2026-09-03T18:47:01.563843+00:00
1759e0d4-9289-4793-8736-b0aa385b31ce,fUST,0.00013698,2,2,1000.0,offer,2026-09-03T18:47:01.563843+00:00
1759e0d4-9289-4793-8736-b0aa385b31ce,fUST,0.000136986301369863,2,1,847.240289,offer,2026-09-03T18:47:01.563843+00:00
1759e0d4-9289-4793-8736-b0aa385b31ce,fUST,0.0001376637,2,1,10000.0,offer,2026-09-03T18:47:01.563843+00:00
1759e0d4-9289-4793-8736-b0aa385b31ce,fUST,0.0001402204,2,3,6789.25166559,offer,2026-09-03T18:47:01.563843+00:00
1759e0d4-9289-4793-8736-b0aa385b31ce,fUST,0.00014045,2,1,186.65649915,offer,2026-09-03T18:47:01.563843+00:00
1759e0d4-9289-4793-8736-b0aa385b31ce,fUST,0.00014064,2,2,1000.0,offer,2026-09-03T18:47:01.563843+00:00
1759e0d4-9289-4793-8736-b0aa385b31ce,fUST,0.00014551,2,2,1000.0,offer,2026-09-03T18:47:01.563843+00:00
1759e0d4-9289-4793-8736-b0aa385b31ce,fUST,0.00014552,2,2,1314.67409839,offer,2026-09-03T18:47:01.563843+00:00
1759e0d4-9289-4793-8736-b0aa385b31ce,fUST,0.0001461656232,2,1,241.795387,offer,2026-09-03T18:47:01.563843+00:00
1759e0d4-9289-4793-8736-b0aa385b31ce,fUST,0.00014846,2,1,720.0,offer,2026-09-03T18:47:01.563843+00:00
1759e0d4-9289-4793-8736-b0aa385b31ce,fUST,0.00015068493150684933,2,1,191.447934,offer,2026-09-03T18:47:01.563843+00:00
1759e0d4-9289-4793-8736-b0aa385b31ce,fUST,0.0001514275,2,1,13749.9991354,offer,2026-09-03T18:47:01.563843+00:00
1759e0d4-9289-4793-8736-b0aa385b31ce,fUST,0.00015231849991232876,2,1,241.795387,offer,2026-09-03T18:47:01.563843+00:00
1759e0d4-9289-4793-8736-b0aa385b31ce,fUST,0.0001544199,2,1,563.5190536,offer,2026-09-03T18:47:01.563843+00:00
1759e0d4-9289-4793-8736-b0aa385b31ce,fUST,0.00015847137662465752,2,1,241.795387,offer,2026-09-03T18:47:01.563843+00:00
1759e0d4-9289-4793-8736-b0aa385b31ce,fUST,0.000158701,2,1,420.28,offer,2026-09-03T18:47:01.563843+00:00
1759e0d4-9289-4793-8736-b0aa385b31ce,fUST,0.00015875,2,1,828.25,offer,2026-09-03T18:47:01.563843+00:00
1759e0d4-9289-4793-8736-b0aa385b31ce,fUST,0.00016244,2,2,1000.0,offer,2026-09-03T18:47:01.563843+00:00
1759e0d4-9289-4793-8736-b0aa385b31ce,fUST,0.00016289,2,10,4656.35375531,offer,2026-09-03T18:47:01.563843+00:00
1759e0d4-9289-4793-8736-b0aa385b31ce,fUST,0.00016289041095890412,2,1,500.0,offer,2026-09-03T18:47:01.563843+00:00
01cf011a-c02f-4a18-b0cf-0ce2b57ebd91,fUST,0.0002671232876712329,120,1,-4000000.0,demand,2026-09-03T19:47:02.050532+00:00
01cf011a-c02f-4a18-b0cf-0ce2b57ebd91,fUST,0.000267123287,120,1,-243.95,demand,2026-09-03T19:47:02.050532+00:00
01cf011a-c02f-4a18-b0cf-0ce2b57ebd91,fUST,0.000249652054,120,1,-1000.0,demand,2026-09-03T19:47:02.050532+00:00
01cf011a-c02f-4a18-b0cf-0ce2b57ebd91,fUST,0.000249589041,120,1,-1000.0,demand,2026-09-03T19:47:02.050532+00:00
01cf011a-c02f-4a18-b0cf-0ce2b57ebd91,fUST,0.000247980821,120,1,-56568.59382046,demand,2026-09-03T19:47:02.050532+00:00
01cf011a-c02f-4a18-b0cf-0ce2b57ebd91,fUST,0.00023961917808219179,120,1,-3778848.25585099,demand,2026-09-03T19:47:02.050532+00:00
01cf011a-c02f-4a18-b0cf-0ce2b57ebd91,fUST,0.00016,120,1,-2000.0,demand,2026-09-03T19:47:02.050532+00:00
01cf011a-c02f-4a18-b0cf-0ce2b57ebd91,fUST,0.00016,60,18,-400497.5198215,demand,2026-09-03T19:47:02.050532+00:00
01cf011a-c02f-4a18-b0cf-0ce2b57ebd91,fUST,0.000152,60,1,-28000.0,demand,2026-09-03T19:47:02.050532+00:00
01cf011a-c02f-4a18-b0cf-0ce2b57ebd91,fUST,0.00015,90,1,-2000.0,demand,2026-09-03T19:47:02.050532+00:00
01cf011a-c02f-4a18-b0cf-0ce2b57ebd91,fUST,0.00015,120,1,-300000.0,demand,2026-09-03T19:47:02.050532+00:00
01cf011a-c02f-4a18-b0cf-0ce2b57ebd91,fUST,0.00015,45,3,-13845.272985,demand,2026-09-03T19:47:02.050532+00:00
01cf011a-c02f-4a18-b0cf-0ce2b57ebd91,fUST,0.00015,30,10,-28241.96458723,demand,2026-09-03T19:47:02.050532+00:00
01cf011a-c02f-4a18-b0cf-0ce2b57ebd91,fUST,0.000148,30,4,-20000.0,demand,2026-09-03T19:47:02.050532+00:00
01cf011a-c02f-4a18-b0cf-0ce2b57ebd91,fUST,0.0001421,45,9,-80000.0,demand,2026-09-03T19:47:02.050532+00:00
01cf011a-c02f-4a18-b0cf-0ce2b57ebd91,fUST,0.000142,45,2,-20000.0,demand,2026-09-03T19:47:02.050532+00:00
01cf011a-c02f-4a18-b0cf-0ce2b57ebd91,fUST,0.000142,30,1,-28000.0,demand,2026-09-03T19:47:02.050532+00:00
01cf011a-c02f-4a18-b0cf-0ce2b57ebd91,fUST,0.0001401,30,11,-147973.68632078,demand,2026-09-03T19:47:02.050532+00:00
01cf011a-c02f-4a18-b0cf-0ce2b57ebd91,fUST,0.000138,20,6,-49368.52669917,demand,2026-09-03T19:47:02.050532+00:00
01cf011a-c02f-4a18-b0cf-0ce2b57ebd91,fUST,0.000136,30,3,-19544.22120933,demand,2026-09-03T19:47:02.050532+00:00
01cf011a-c02f-4a18-b0cf-0ce2b57ebd91,fUST,0.000128,30,3,-30000.0,demand,2026-09-03T19:47:02.050532+00:00
01cf011a-c02f-4a18-b0cf-0ce2b57ebd91,fUST,0.000126599998,13,1,-52188.73646419,demand,2026-09-03T19:47:02.050532+00:00
01cf011a-c02f-4a18-b0cf-0ce2b57ebd91,fUST,0.000126,15,5,-45000.0,demand,2026-09-03T19:47:02.050532+00:00
01cf011a-c02f-4a18-b0cf-0ce2b57ebd91,fUST,0.000125,14,22,-87434.04490168,demand,2026-09-03T19:47:02.050532+00:00
01cf011a-c02f-4a18-b0cf-0ce2b57ebd91,fUST,0.0001225,59,1,-95000.0,demand,2026-09-03T19:47:02.050532+00:00
01cf011a-c02f-4a18-b0cf-0ce2b57ebd91,fUST,0.00011792000000000004,2,89,43550.41340757,offer,2026-09-03T19:47:02.050532+00:00
01cf011a-c02f-4a18-b0cf-0ce2b57ebd91,fUST,0.000118,5,1,5382.3330271,offer,2026-09-03T19:47:02.050532+00:00
01cf011a-c02f-4a18-b0cf-0ce2b57ebd91,fUST,0.00011856989999999999,2,1,247.1514,offer,2026-09-03T19:47:02.050532+00:00
01cf011a-c02f-4a18-b0cf-0ce2b57ebd91,fUST,0.000119442,7,1,816.15255514,offer,2026-09-03T19:47:02.050532+00:00
01cf011a-c02f-4a18-b0cf-0ce2b57ebd91,fUST,0.000119442,2,22,265296.01652322,offer,2026-09-03T19:47:02.050532+00:00
01cf011a-c02f-4a18-b0cf-0ce2b57ebd91,fUST,0.00011950758767123286,2,1,151.0,offer,2026-09-03T19:47:02.050532+00:00
01cf011a-c02f-4a18-b0cf-0ce2b57ebd91,fUST,0.000122955,7,1,816.15255514,offer,2026-09-03T19:47:02.050532+00:00
01cf011a-c02f-4a18-b0cf-0ce2b57ebd91,fUST,0.0001232876712328767,2,6,2095.3,offer,2026-09-03T19:47:02.050532+00:00
01cf011a-c02f-4a18-b0cf-0ce2b57ebd91,fUST,0.000125,2,1,7140.68744044,offer,2026-09-03T19:47:02.050532+00:00
01cf011a-c02f-4a18-b0cf-0ce2b57ebd91,fUST,0.00012567,2,1,600.0,offer,2026-09-03T19:47:02.050532+00:00
01cf011a-c02f-4a18-b0cf-0ce2b57ebd91,fUST,0.000126468,7,1,816.15255514,offer,2026-09-03T19:47:02.050532+00:00
01cf011a-c02f-4a18-b0cf-0ce2b57ebd91,fUST,0.000127,2,1,20511.36162572,offer,2026-09-03T19:47:02.050532+00:00
01cf011a-c02f-4a18-b0cf-0ce2b57ebd91,fUST,0.000127,4,1,265.82393167,offer,2026-09-03T19:47:02.050532+00:00
01cf011a-c02f-4a18-b0cf-0ce2b57ebd91,fUST,0.0001274292,2,1,151.0,offer,2026-09-03T19:47:02.050532+00:00
01cf011a-c02f-4a18-b0cf-0ce2b57ebd91,fUST,0.00013115200000000002,7,1,816.15255516,offer,2026-09-03T19:47:02.050532+00:00
01cf011a-c02f-4a18-b0cf-0ce2b57ebd91,fUST,0.0001329819,2,1,1223.6754173,offer,2026-09-03T19:47:02.050532+00:00
01cf011a-c02f-4a18-b0cf-0ce2b57ebd91,fUST,0.0001344359095246661,2,1,429.22667344,offer,2026-09-03T19:47:02.050532+00:00
01cf011a-c02f-4a18-b0cf-0ce2b57ebd91,fUST,0.0001344781,2,1,7938.0342423,offer,2026-09-03T19:47:02.050532+00:00
01cf011a-c02f-4a18-b0cf-0ce2b57ebd91,fUST,0.00013698,2,13,6330.70619557,offer,2026-09-03T19:47:02.050532+00:00
01cf011a-c02f-4a18-b0cf-0ce2b57ebd91,fUST,0.000136986301369863,2,1,311.872016,offer,2026-09-03T19:47:02.050532+00:00
01cf011a-c02f-4a18-b0cf-0ce2b57ebd91,fUST,0.00013823,2,1,720.0,offer,2026-09-03T19:47:02.050532+00:00
01cf011a-c02f-4a18-b0cf-0ce2b57ebd91,fUST,0.00015068493150684933,2,1,176.831054,offer,2026-09-03T19:47:02.050532+00:00
01cf011a-c02f-4a18-b0cf-0ce2b57ebd91,fUST,0.00015206,2,1,864.0,offer,2026-09-03T19:47:02.050532+00:00
01cf011a-c02f-4a18-b0cf-0ce2b57ebd91,fUST,0.00016726,2,1,1000.0,offer,2026-09-03T19:47:02.050532+00:00
01cf011a-c02f-4a18-b0cf-0ce2b57ebd91,fUST,0.00016774924657534247,2,1,948.2578788,offer,2026-09-03T19:47:02.050532+00:00
fdd16771-48b9-4fb4-bb6f-42c873f7175a,fUST,0.0002671232876712329,120,1,-3999832.864256,demand,2026-09-03T20:47:01.437716+00:00
fdd16771-48b9-4fb4-bb6f-42c873f7175a,fUST,0.000267123287,120,1,-243.95,demand,2026-09-03T20:47:01.437716+00:00
fdd16771-48b9-4fb4-bb6f-42c873f7175a,fUST,0.000249652054,120,1,-1000.0,demand,2026-09-03T20:47:01.437716+00:00
fdd16771-48b9-4fb4-bb6f-42c873f7175a,fUST,0.000249589041,120,1,-1000.0,demand,2026-09-03T20:47:01.437716+00:00
fdd16771-48b9-4fb4-bb6f-42c873f7175a,fUST,0.000247980821,120,1,-56568.59382046,demand,2026-09-03T20:47:01.437716+00:00
fdd16771-48b9-4fb4-bb6f-42c873f7175a,fUST,0.00023916438356164383,120,1,-3778848.25585099,demand,2026-09-03T20:47:01.437716+00:00
fdd16771-48b9-4fb4-bb6f-42c873f7175a,fUST,0.00016,120,1,-2000.0,demand,2026-09-03T20:47:01.437716+00:00
fdd16771-48b9-4fb4-bb6f-42c873f7175a,fUST,0.00016,60,18,-400330.3840775,demand,2026-09-03T20:47:01.437716+00:00
fdd16771-48b9-4fb4-bb6f-42c873f7175a,fUST,0.000152,60,1,-28000.0,demand,2026-09-03T20:47:01.437716+00:00
fdd16771-48b9-4fb4-bb6f-42c873f7175a,fUST,0.00015,90,1,-2000.0,demand,2026-09-03T20:47:01.437716+00:00
fdd16771-48b9-4fb4-bb6f-42c873f7175a,fUST,0.00015,120,1,-300000.0,demand,2026-09-03T20:47:01.437716+00:00
fdd16771-48b9-4fb4-bb6f-42c873f7175a,fUST,0.00015,45,3,-13845.272985,demand,2026-09-03T20:47:01.437716+00:00
fdd16771-48b9-4fb4-bb6f-42c873f7175a,fUST,0.00015,30,10,-28241.96458723,demand,2026-09-03T20:47:01.437716+00:00
fdd16771-48b9-4fb4-bb6f-42c873f7175a,fUST,0.000148,30,4,-20000.0,demand,2026-09-03T20:47:01.437716+00:00
fdd16771-48b9-4fb4-bb6f-42c873f7175a,fUST,0.0001421,45,9,-80000.0,demand,2026-09-03T20:47:01.437716+00:00
fdd16771-48b9-4fb4-bb6f-42c873f7175a,fUST,0.000142,45,2,-20000.0,demand,2026-09-03T20:47:01.437716+00:00
fdd16771-48b9-4fb4-bb6f-42c873f7175a,fUST,0.000142,30,1,-28000.0,demand,2026-09-03T20:47:01.437716+00:00
fdd16771-48b9-4fb4-bb6f-42c873f7175a,fUST,0.0001401,30,11,-147973.68632078,demand,2026-09-03T20:47:01.437716+00:00
fdd16771-48b9-4fb4-bb6f-42c873f7175a,fUST,0.000138,20,6,-49368.52669917,demand,2026-09-03T20:47:01.437716+00:00
fdd16771-48b9-4fb4-bb6f-42c873f7175a,fUST,0.000136,30,3,-19544.22120933,demand,2026-09-03T20:47:01.437716+00:00
fdd16771-48b9-4fb4-bb6f-42c873f7175a,fUST,0.000128,30,3,-30000.0,demand,2026-09-03T20:47:01.437716+00:00
fdd16771-48b9-4fb4-bb6f-42c873f7175a,fUST,0.000126599998,13,1,-52188.73646419,demand,2026-09-03T20:47:01.437716+00:00
fdd16771-48b9-4fb4-bb6f-42c873f7175a,fUST,0.000126,15,5,-45000.0,demand,2026-09-03T20:47:01.437716+00:00
fdd16771-48b9-4fb4-bb6f-42c873f7175a,fUST,0.000125,14,22,-87434.04490168,demand,2026-09-03T20:47:01.437716+00:00
fdd16771-48b9-4fb4-bb6f-42c873f7175a,fUST,0.0001225,59,1,-95000.0,demand,2026-09-03T20:47:01.437716+00:00
fdd16771-48b9-4fb4-bb6f-42c873f7175a,fUST,0.00011792890410958906,2,29,13500.81697393,offer,2026-09-03T20:47:01.437716+00:00
fdd16771-48b9-4fb4-bb6f-42c873f7175a,fUST,0.00011793972602739726,2,1,15659.2749469,offer,2026-09-03T20:47:01.437716+00:00
fdd16771-48b9-4fb4-bb6f-42c873f7175a,fUST,0.00011794890410958904,2,1,297.27763778,offer,2026-09-03T20:47:01.437716+00:00
fdd16771-48b9-4fb4-bb6f-42c873f7175a,fUST,0.000118,5,1,643.505,offer,2026-09-03T20:47:01.437716+00:00
fdd16771-48b9-4fb4-bb6f-42c873f7175a,fUST,0.00011989,2,1,257.23,offer,2026-09-03T20:47:01.437716+00:00
fdd16771-48b9-4fb4-bb6f-42c873f7175a,fUST,0.00012033,2,15,4500.0,offer,2026-09-03T20:47:01.437716+00:00
fdd16771-48b9-4fb4-bb6f-42c873f7175a,fUST,0.000125,2,1,4166.34332543,offer,2026-09-03T20:47:01.437716+00:00
fdd16771-48b9-4fb4-bb6f-42c873f7175a,fUST,0.00013698,2,18,9000.0,offer,2026-09-03T20:47:01.437716+00:00
fdd16771-48b9-4fb4-bb6f-42c873f7175a,fUST,0.0001380619,2,1,336.3058872,offer,2026-09-03T20:47:01.437716+00:00
fdd16771-48b9-4fb4-bb6f-42c873f7175a,fUST,0.0001397118,2,1,423.620144,offer,2026-09-03T20:47:01.437716+00:00
fdd16771-48b9-4fb4-bb6f-42c873f7175a,fUST,0.0001399131216,2,1,166.8792856,offer,2026-09-03T20:47:01.437716+00:00
fdd16771-48b9-4fb4-bb6f-42c873f7175a,fUST,0.0001401771,2,1,184.636004,offer,2026-09-03T20:47:01.437716+00:00
fdd16771-48b9-4fb4-bb6f-42c873f7175a,fUST,0.0001499894287671233,2,1,184.636004,offer,2026-09-03T20:47:01.437716+00:00
fdd16771-48b9-4fb4-bb6f-42c873f7175a,fUST,0.00015,2,1,200.62428026,offer,2026-09-03T20:47:01.437716+00:00
fdd16771-48b9-4fb4-bb6f-42c873f7175a,fUST,0.0001599,2,1,500.0,offer,2026-09-03T20:47:01.437716+00:00
fdd16771-48b9-4fb4-bb6f-42c873f7175a,fUST,0.00016732176712328767,2,2,388.85898737,offer,2026-09-03T20:47:01.437716+00:00
fdd16771-48b9-4fb4-bb6f-42c873f7175a,fUST,0.0001673294006849315,2,2,395.17211653,offer,2026-09-03T20:47:01.437716+00:00
fdd16771-48b9-4fb4-bb6f-42c873f7175a,fUST,0.00016999,2,2,674.59234451,offer,2026-09-03T20:47:01.437716+00:00
fdd16771-48b9-4fb4-bb6f-42c873f7175a,fUST,0.00017,2,15,153555.77442605,offer,2026-09-03T20:47:01.437716+00:00
fdd16771-48b9-4fb4-bb6f-42c873f7175a,fUST,0.00017297315,2,3,491.85962399,offer,2026-09-03T20:47:01.437716+00:00
fdd16771-48b9-4fb4-bb6f-42c873f7175a,fUST,0.00017539328767123287,2,2,777.71797474,offer,2026-09-03T20:47:01.437716+00:00
fdd16771-48b9-4fb4-bb6f-42c873f7175a,fUST,0.000175401198630137,2,2,790.34423304,offer,2026-09-03T20:47:01.437716+00:00
fdd16771-48b9-4fb4-bb6f-42c873f7175a,fUST,0.00017560767214,2,2,360.64108078,offer,2026-09-03T20:47:01.437716+00:00
fdd16771-48b9-4fb4-bb6f-42c873f7175a,fUST,0.00017571315,2,4,31118.433694,offer,2026-09-03T20:47:01.437716+00:00
fdd16771-48b9-4fb4-bb6f-42c873f7175a,fUST,0.000176377393,2,2,373.97,offer,2026-09-03T20:47:01.437716+00:00
b17e9165-69ed-4f9f-9707-3f49ba2d0b33,fUST,0.0002671232876712329,120,1,-3999362.4456159,demand,2026-09-03T21:47:01.868713+00:00
b17e9165-69ed-4f9f-9707-3f49ba2d0b33,fUST,0.000267123287,120,1,-243.95,demand,2026-09-03T21:47:01.868713+00:00
b17e9165-69ed-4f9f-9707-3f49ba2d0b33,fUST,0.000249652054,120,1,-1000.0,demand,2026-09-03T21:47:01.868713+00:00
b17e9165-69ed-4f9f-9707-3f49ba2d0b33,fUST,0.000249589041,120,1,-1000.0,demand,2026-09-03T21:47:01.868713+00:00
b17e9165-69ed-4f9f-9707-3f49ba2d0b33,fUST,0.000247980821,120,1,-56568.59382046,demand,2026-09-03T21:47:01.868713+00:00
b17e9165-69ed-4f9f-9707-3f49ba2d0b33,fUST,0.00023919178082191782,120,1,-3778848.25585099,demand,2026-09-03T21:47:01.868713+00:00
b17e9165-69ed-4f9f-9707-3f49ba2d0b33,fUST,0.00016,120,1,-2000.0,demand,2026-09-03T21:47:01.868713+00:00
b17e9165-69ed-4f9f-9707-3f49ba2d0b33,fUST,0.00016,60,18,-400330.3840775,demand,2026-09-03T21:47:01.868713+00:00
b17e9165-69ed-4f9f-9707-3f49ba2d0b33,fUST,0.000152,60,1,-28000.0,demand,2026-09-03T21:47:01.868713+00:00
b17e9165-69ed-4f9f-9707-3f49ba2d0b33,fUST,0.00015,90,1,-2000.0,demand,2026-09-03T21:47:01.868713+00:00
b17e9165-69ed-4f9f-9707-3f49ba2d0b33,fUST,0.00015,120,1,-300000.0,demand,2026-09-03T21:47:01.868713+00:00
b17e9165-69ed-4f9f-9707-3f49ba2d0b33,fUST,0.00015,45,3,-13845.272985,demand,2026-09-03T21:47:01.868713+00:00
b17e9165-69ed-4f9f-9707-3f49ba2d0b33,fUST,0.00015,30,10,-28241.96458723,demand,2026-09-03T21:47:01.868713+00:00
b17e9165-69ed-4f9f-9707-3f49ba2d0b33,fUST,0.000148,30,4,-20000.0,demand,2026-09-03T21:47:01.868713+00:00
b17e9165-69ed-4f9f-9707-3f49ba2d0b33,fUST,0.0001421,45,9,-80000.0,demand,2026-09-03T21:47:01.868713+00:00
b17e9165-69ed-4f9f-9707-3f49ba2d0b33,fUST,0.000142,45,2,-20000.0,demand,2026-09-03T21:47:01.868713+00:00
b17e9165-69ed-4f9f-9707-3f49ba2d0b33,fUST,0.000142,30,1,-28000.0,demand,2026-09-03T21:47:01.868713+00:00
b17e9165-69ed-4f9f-9707-3f49ba2d0b33,fUST,0.0001401,30,11,-147973.68632078,demand,2026-09-03T21:47:01.868713+00:00
b17e9165-69ed-4f9f-9707-3f49ba2d0b33,fUST,0.000138,20,6,-49368.52669917,demand,2026-09-03T21:47:01.868713+00:00
b17e9165-69ed-4f9f-9707-3f49ba2d0b33,fUST,0.000136,30,3,-19544.22120933,demand,2026-09-03T21:47:01.868713+00:00
b17e9165-69ed-4f9f-9707-3f49ba2d0b33,fUST,0.000128,30,3,-30000.0,demand,2026-09-03T21:47:01.868713+00:00
b17e9165-69ed-4f9f-9707-3f49ba2d0b33,fUST,0.000126599998,13,1,-40629.81586845,demand,2026-09-03T21:47:01.868713+00:00
b17e9165-69ed-4f9f-9707-3f49ba2d0b33,fUST,0.000126,15,5,-45000.0,demand,2026-09-03T21:47:01.868713+00:00
b17e9165-69ed-4f9f-9707-3f49ba2d0b33,fUST,0.000125,14,22,-87434.04490168,demand,2026-09-03T21:47:01.868713+00:00
b17e9165-69ed-4f9f-9707-3f49ba2d0b33,fUST,0.0001225,59,1,-95000.0,demand,2026-09-03T21:47:01.868713+00:00
b17e9165-69ed-4f9f-9707-3f49ba2d0b33,fUST,0.000118,5,1,18.30165766,offer,2026-09-03T21:47:01.868713+00:00
b17e9165-69ed-4f9f-9707-3f49ba2d0b33,fUST,0.00013105,2,1,151.0,offer,2026-09-03T21:47:01.868713+00:00
b17e9165-69ed-4f9f-9707-3f49ba2d0b33,fUST,0.00013237,2,1,151.0,offer,2026-09-03T21:47:01.868713+00:00
b17e9165-69ed-4f9f-9707-3f49ba2d0b33,fUST,0.00013913,7,1,415.14214485,offer,2026-09-03T21:47:01.868713+00:00
b17e9165-69ed-4f9f-9707-3f49ba2d0b33,fUST,0.0001391912,2,1,421.959175,offer,2026-09-03T21:47:01.868713+00:00
b17e9165-69ed-4f9f-9707-3f49ba2d0b33,fUST,0.0001419126,7,2,626.07723773,offer,2026-09-03T21:47:01.868713+00:00
b17e9165-69ed-4f9f-9707-3f49ba2d0b33,fUST,0.0001460865,7,1,415.14214485,offer,2026-09-03T21:47:01.868713+00:00
b17e9165-69ed-4f9f-9707-3f49ba2d0b33,fUST,0.000149,2,1,610.65092398,offer,2026-09-03T21:47:01.868713+00:00
b17e9165-69ed-4f9f-9707-3f49ba2d0b33,fUST,0.0001499178082191781,2,1,16125.45516796,offer,2026-09-03T21:47:01.868713+00:00
b17e9165-69ed-4f9f-9707-3f49ba2d0b33,fUST,0.00014991890410958906,2,10,4444.87514367,offer,2026-09-03T21:47:01.868713+00:00
b17e9165-69ed-4f9f-9707-3f49ba2d0b33,fUST,0.00014992972602739725,2,4,1488.65337082,offer,2026-09-03T21:47:01.868713+00:00
b17e9165-69ed-4f9f-9707-3f49ba2d0b33,fUST,0.00014998,2,1,500.0,offer,2026-09-03T21:47:01.868713+00:00
b17e9165-69ed-4f9f-9707-3f49ba2d0b33,fUST,0.00015,2,2,6000.42066689,offer,2026-09-03T21:47:01.868713+00:00
b17e9165-69ed-4f9f-9707-3f49ba2d0b33,fUST,0.00015026040000000002,7,1,415.14214485,offer,2026-09-03T21:47:01.868713+00:00
b17e9165-69ed-4f9f-9707-3f49ba2d0b33,fUST,0.00015068493150684933,2,1,178.582911,offer,2026-09-03T21:47:01.868713+00:00
b17e9165-69ed-4f9f-9707-3f49ba2d0b33,fUST,0.0001516267,2,1,1032.5068479,offer,2026-09-03T21:47:01.868713+00:00
b17e9165-69ed-4f9f-9707-3f49ba2d0b33,fUST,0.0001540868724,2,1,168.132326,offer,2026-09-03T21:47:01.868713+00:00
b17e9165-69ed-4f9f-9707-3f49ba2d0b33,fUST,0.00015582560000000002,7,1,415.14214487,offer,2026-09-03T21:47:01.868713+00:00
b17e9165-69ed-4f9f-9707-3f49ba2d0b33,fUST,0.0001675253287671233,2,1,152.39605242,offer,2026-09-03T21:47:01.868713+00:00
b17e9165-69ed-4f9f-9707-3f49ba2d0b33,fUST,0.00016999,2,1,500.0,offer,2026-09-03T21:47:01.868713+00:00
b17e9165-69ed-4f9f-9707-3f49ba2d0b33,fUST,0.00017,2,1,14544.03167798,offer,2026-09-03T21:47:01.868713+00:00
b17e9165-69ed-4f9f-9707-3f49ba2d0b33,fUST,0.00017560424657534247,2,2,930.33678514,offer,2026-09-03T21:47:01.868713+00:00
b17e9165-69ed-4f9f-9707-3f49ba2d0b33,fUST,0.00018,2,17,146194.14310796,offer,2026-09-03T21:47:01.868713+00:00
b17e9165-69ed-4f9f-9707-3f49ba2d0b33,fUST,0.00018099019178082192,2,2,874.21794412,offer,2026-09-03T21:47:01.868713+00:00
b17e9165-69ed-4f9f-9707-3f49ba2d0b33,fUST,0.000183955103,2,1,180.83,offer,2026-09-03T21:47:01.868713+00:00
a6e0eda7-ccab-46fa-915d-a66142a44548,fUST,0.0002671232876712329,120,1,-3999362.4456159,demand,2026-09-03T22:47:01.559116+00:00
a6e0eda7-ccab-46fa-915d-a66142a44548,fUST,0.000267123287,120,1,-243.95,demand,2026-09-03T22:47:01.559116+00:00
a6e0eda7-ccab-46fa-915d-a66142a44548,fUST,0.000249652054,120,1,-1000.0,demand,2026-09-03T22:47:01.559116+00:00
a6e0eda7-ccab-46fa-915d-a66142a44548,fUST,0.000249589041,120,1,-1000.0,demand,2026-09-03T22:47:01.559116+00:00
a6e0eda7-ccab-46fa-915d-a66142a44548,fUST,0.000247980821,120,1,-56568.59382046,demand,2026-09-03T22:47:01.559116+00:00
a6e0eda7-ccab-46fa-915d-a66142a44548,fUST,0.00023926027397260275,120,1,-3775380.17039084,demand,2026-09-03T22:47:01.559116+00:00
a6e0eda7-ccab-46fa-915d-a66142a44548,fUST,0.00016,120,1,-2000.0,demand,2026-09-03T22:47:01.559116+00:00
a6e0eda7-ccab-46fa-915d-a66142a44548,fUST,0.00016,60,18,-400330.3840775,demand,2026-09-03T22:47:01.559116+00:00
a6e0eda7-ccab-46fa-915d-a66142a44548,fUST,0.000152,60,1,-28000.0,demand,2026-09-03T22:47:01.559116+00:00
a6e0eda7-ccab-46fa-915d-a66142a44548,fUST,0.00015,90,1,-2000.0,demand,2026-09-03T22:47:01.559116+00:00
a6e0eda7-ccab-46fa-915d-a66142a44548,fUST,0.00015,120,1,-300000.0,demand,2026-09-03T22:47:01.559116+00:00
a6e0eda7-ccab-46fa-915d-a66142a44548,fUST,0.00015,45,3,-13845.272985,demand,2026-09-03T22:47:01.559116+00:00
a6e0eda7-ccab-46fa-915d-a66142a44548,fUST,0.00015,30,10,-28241.96458723,demand,2026-09-03T22:47:01.559116+00:00
a6e0eda7-ccab-46fa-915d-a66142a44548,fUST,0.000148,30,4,-20000.0,demand,2026-09-03T22:47:01.559116+00:00
a6e0eda7-ccab-46fa-915d-a66142a44548,fUST,0.0001421,45,9,-80000.0,demand,2026-09-03T22:47:01.559116+00:00
a6e0eda7-ccab-46fa-915d-a66142a44548,fUST,0.000142,45,2,-20000.0,demand,2026-09-03T22:47:01.559116+00:00
a6e0eda7-ccab-46fa-915d-a66142a44548,fUST,0.000142,30,1,-28000.0,demand,2026-09-03T22:47:01.559116+00:00
a6e0eda7-ccab-46fa-915d-a66142a44548,fUST,0.0001401,30,11,-147973.68632078,demand,2026-09-03T22:47:01.559116+00:00
a6e0eda7-ccab-46fa-915d-a66142a44548,fUST,0.000138,20,6,-49368.52669917,demand,2026-09-03T22:47:01.559116+00:00
a6e0eda7-ccab-46fa-915d-a66142a44548,fUST,0.000136,30,3,-19544.22120933,demand,2026-09-03T22:47:01.559116+00:00
a6e0eda7-ccab-46fa-915d-a66142a44548,fUST,0.000128,30,3,-30000.0,demand,2026-09-03T22:47:01.559116+00:00
a6e0eda7-ccab-46fa-915d-a66142a44548,fUST,0.000126599998,13,1,-35629.81586845,demand,2026-09-03T22:47:01.559116+00:00
a6e0eda7-ccab-46fa-915d-a66142a44548,fUST,0.000126,15,5,-45000.0,demand,2026-09-03T22:47:01.559116+00:00
a6e0eda7-ccab-46fa-915d-a66142a44548,fUST,0.000125,14,22,-87434.04490168,demand,2026-09-03T22:47:01.559116+00:00
a6e0eda7-ccab-46fa-915d-a66142a44548,fUST,0.0001225,59,1,-95000.0,demand,2026-09-03T22:47:01.559116+00:00
a6e0eda7-ccab-46fa-915d-a66142a44548,fUST,0.00012302,2,1,151.0,offer,2026-09-03T22:47:01.559116+00:00
a6e0eda7-ccab-46fa-915d-a66142a44548,fUST,0.00012426,2,1,151.0,offer,2026-09-03T22:47:01.559116+00:00
a6e0eda7-ccab-46fa-915d-a66142a44548,fUST,0.00012552,2,1,151.0,offer,2026-09-03T22:47:01.559116+00:00
a6e0eda7-ccab-46fa-915d-a66142a44548,fUST,0.0001280691,2,1,151.0,offer,2026-09-03T22:47:01.559116+00:00
a6e0eda7-ccab-46fa-915d-a66142a44548,fUST,0.0001415495,2,1,649.95146964,offer,2026-09-03T22:47:01.559116+00:00
a6e0eda7-ccab-46fa-915d-a66142a44548,fUST,0.00014899,2,5,2009.04685565,offer,2026-09-03T22:47:01.559116+00:00
a6e0eda7-ccab-46fa-915d-a66142a44548,fUST,0.000149,2,2,2601.05426552,offer,2026-09-03T22:47:01.559116+00:00
a6e0eda7-ccab-46fa-915d-a66142a44548,fUST,0.0001492718,2,1,163.024954,offer,2026-09-03T22:47:01.559116+00:00
a6e0eda7-ccab-46fa-915d-a66142a44548,fUST,0.00015,2,2,6000.42066689,offer,2026-09-03T22:47:01.559116+00:00
a6e0eda7-ccab-46fa-915d-a66142a44548,fUST,0.00015068493150684933,2,1,171.29058,offer,2026-09-03T22:47:01.559116+00:00
a6e0eda7-ccab-46fa-915d-a66142a44548,fUST,0.0001606185045,2,1,190.781789,offer,2026-09-03T22:47:01.559116+00:00
a6e0eda7-ccab-46fa-915d-a66142a44548,fUST,0.00016998,2,3,1040.74864764,offer,2026-09-03T22:47:01.559116+00:00
a6e0eda7-ccab-46fa-915d-a66142a44548,fUST,0.00016999,2,1,500.0,offer,2026-09-03T22:47:01.559116+00:00
a6e0eda7-ccab-46fa-915d-a66142a44548,fUST,0.00017,2,1,24953.56686642,offer,2026-09-03T22:47:01.559116+00:00
a6e0eda7-ccab-46fa-915d-a66142a44548,fUST,0.00017546448630136987,2,1,459.30635846,offer,2026-09-03T22:47:01.559116+00:00
a6e0eda7-ccab-46fa-915d-a66142a44548,fUST,0.00018084716438356165,2,1,306.20423897,offer,2026-09-03T22:47:01.559116+00:00
a6e0eda7-ccab-46fa-915d-a66142a44548,fUST,0.00018443561643835616,2,3,489.98744292,offer,2026-09-03T22:47:01.559116+00:00
a6e0eda7-ccab-46fa-915d-a66142a44548,fUST,0.00018446575342465755,2,1,203.36184307,offer,2026-09-03T22:47:01.559116+00:00
a6e0eda7-ccab-46fa-915d-a66142a44548,fUST,0.00019,2,14,148350.06172219,offer,2026-09-03T22:47:01.559116+00:00
a6e0eda7-ccab-46fa-915d-a66142a44548,fUST,0.00019041095890410961,3,1,163.0,offer,2026-09-03T22:47:01.559116+00:00
a6e0eda7-ccab-46fa-915d-a66142a44548,fUST,0.0001944253538150685,2,1,190.781789,offer,2026-09-03T22:47:01.559116+00:00
a6e0eda7-ccab-46fa-915d-a66142a44548,fUST,0.00019634712328767123,2,1,171.29058,offer,2026-09-03T22:47:01.559116+00:00
a6e0eda7-ccab-46fa-915d-a66142a44548,fUST,0.00019642,2,1,373.279,offer,2026-09-03T22:47:01.559116+00:00
a6e0eda7-ccab-46fa-915d-a66142a44548,fUST,0.00019642257534246575,2,1,167.012,offer,2026-09-03T22:47:01.559116+00:00
a6e0eda7-ccab-46fa-915d-a66142a44548,fUST,0.0001989,5,1,21039.74703263,offer,2026-09-03T22:47:01.559116+00:00
d831305c-d0ad-446a-a0dd-395ebf47dba4,fUST,0.0002671232876712329,120,1,-3991656.52179105,demand,2026-09-03T23:47:01.480268+00:00
d831305c-d0ad-446a-a0dd-395ebf47dba4,fUST,0.000267123287,120,1,-243.95,demand,2026-09-03T23:47:01.480268+00:00
d831305c-d0ad-446a-a0dd-395ebf47dba4,fUST,0.000249652054,120,1,-1000.0,demand,2026-09-03T23:47:01.480268+00:00
d831305c-d0ad-446a-a0dd-395ebf47dba4,fUST,0.000249589041,120,1,-1000.0,demand,2026-09-03T23:47:01.480268+00:00
d831305c-d0ad-446a-a0dd-395ebf47dba4,fUST,0.000247980821,120,1,-56568.59382046,demand,2026-09-03T23:47:01.480268+00:00
d831305c-d0ad-446a-a0dd-395ebf47dba4,fUST,0.00023975068493150686,120,1,-3762314.46812461,demand,2026-09-03T23:47:01.480268+00:00
d831305c-d0ad-446a-a0dd-395ebf47dba4,fUST,0.00016,120,1,-2000.0,demand,2026-09-03T23:47:01.480268+00:00
d831305c-d0ad-446a-a0dd-395ebf47dba4,fUST,0.00016,60,18,-400330.3840775,demand,2026-09-03T23:47:01.480268+00:00
d831305c-d0ad-446a-a0dd-395ebf47dba4,fUST,0.000152,60,1,-28000.0,demand,2026-09-03T23:47:01.480268+00:00
d831305c-d0ad-446a-a0dd-395ebf47dba4,fUST,0.00015,90,1,-2000.0,demand,2026-09-03T23:47:01.480268+00:00
d831305c-d0ad-446a-a0dd-395ebf47dba4,fUST,0.00015,120,1,-300000.0,demand,2026-09-03T23:47:01.480268+00:00
d831305c-d0ad-446a-a0dd-395ebf47dba4,fUST,0.00015,45,3,-13845.272985,demand,2026-09-03T23:47:01.480268+00:00
d831305c-d0ad-446a-a0dd-395ebf47dba4,fUST,0.00015,30,10,-28241.96458723,demand,2026-09-03T23:47:01.480268+00:00
d831305c-d0ad-446a-a0dd-395ebf47dba4,fUST,0.000148,30,4,-20000.0,demand,2026-09-03T23:47:01.480268+00:00
d831305c-d0ad-446a-a0dd-395ebf47dba4,fUST,0.0001421,45,9,-80000.0,demand,2026-09-03T23:47:01.480268+00:00
d831305c-d0ad-446a-a0dd-395ebf47dba4,fUST,0.000142,45,2,-20000.0,demand,2026-09-03T23:47:01.480268+00:00
d831305c-d0ad-446a-a0dd-395ebf47dba4,fUST,0.000142,30,1,-28000.0,demand,2026-09-03T23:47:01.480268+00:00
d831305c-d0ad-446a-a0dd-395ebf47dba4,fUST,0.0001401,30,11,-147973.68632078,demand,2026-09-03T23:47:01.480268+00:00
d831305c-d0ad-446a-a0dd-395ebf47dba4,fUST,0.000138,20,6,-49368.52669917,demand,2026-09-03T23:47:01.480268+00:00
d831305c-d0ad-446a-a0dd-395ebf47dba4,fUST,0.000136,30,3,-19544.22120933,demand,2026-09-03T23:47:01.480268+00:00
d831305c-d0ad-446a-a0dd-395ebf47dba4,fUST,0.00013299999999999998,14,6,-24000.0,demand,2026-09-03T23:47:01.480268+00:00
d831305c-d0ad-446a-a0dd-395ebf47dba4,fUST,0.000128,30,3,-30000.0,demand,2026-09-03T23:47:01.480268+00:00
d831305c-d0ad-446a-a0dd-395ebf47dba4,fUST,0.000126599998,13,1,-29778.35811529,demand,2026-09-03T23:47:01.480268+00:00
d831305c-d0ad-446a-a0dd-395ebf47dba4,fUST,0.000126,15,5,-45000.0,demand,2026-09-03T23:47:01.480268+00:00
d831305c-d0ad-446a-a0dd-395ebf47dba4,fUST,0.000125,14,15,-59434.04490168,demand,2026-09-03T23:47:01.480268+00:00
d831305c-d0ad-446a-a0dd-395ebf47dba4,fUST,0.0001187765,2,1,39.39,offer,2026-09-03T23:47:01.480268+00:00
d831305c-d0ad-446a-a0dd-395ebf47dba4,fUST,0.00012243,2,39,18813.81827501,offer,2026-09-03T23:47:01.480268+00:00
d831305c-d0ad-446a-a0dd-395ebf47dba4,fUST,0.00012244931506849314,2,1,1224.08755815,offer,2026-09-03T23:47:01.480268+00:00
d831305c-d0ad-446a-a0dd-395ebf47dba4,fUST,0.000125,2,1,2776.46777841,offer,2026-09-03T23:47:01.480268+00:00
d831305c-d0ad-446a-a0dd-395ebf47dba4,fUST,0.000132246,2,1,151.0,offer,2026-09-03T23:47:01.480268+00:00
d831305c-d0ad-446a-a0dd-395ebf47dba4,fUST,0.00013698,2,2,1000.0,offer,2026-09-03T23:47:01.480268+00:00
d831305c-d0ad-446a-a0dd-395ebf47dba4,fUST,0.0001384977070708278,2,1,186.13215694,offer,2026-09-03T23:47:01.480268+00:00
d831305c-d0ad-446a-a0dd-395ebf47dba4,fUST,0.00014278114131013176,2,1,186.13215694,offer,2026-09-03T23:47:01.480268+00:00
d831305c-d0ad-446a-a0dd-395ebf47dba4,fUST,0.00016080745,2,1,500.0,offer,2026-09-03T23:47:01.480268+00:00
d831305c-d0ad-446a-a0dd-395ebf47dba4,fUST,0.0001625548,2,1,306.7021092,offer,2026-09-03T23:47:01.480268+00:00
d831305c-d0ad-446a-a0dd-395ebf47dba4,fUST,0.00016438,2,1,292.707176,offer,2026-09-03T23:47:01.480268+00:00
d831305c-d0ad-446a-a0dd-395ebf47dba4,fUST,0.00016438082191780822,2,1,605.74175484,offer,2026-09-03T23:47:01.480268+00:00
d831305c-d0ad-446a-a0dd-395ebf47dba4,fUST,0.0001677670582191781,2,2,358.71292862,offer,2026-09-03T23:47:01.480268+00:00
d831305c-d0ad-446a-a0dd-395ebf47dba4,fUST,0.0001698207,2,1,7374.5409177,offer,2026-09-03T23:47:01.480268+00:00
d831305c-d0ad-446a-a0dd-395ebf47dba4,fUST,0.00016982191780821917,2,1,275.18797451,offer,2026-09-03T23:47:01.480268+00:00
d831305c-d0ad-446a-a0dd-395ebf47dba4,fUST,0.00017,2,1,460.08110414,offer,2026-09-03T23:47:01.480268+00:00
d831305c-d0ad-446a-a0dd-395ebf47dba4,fUST,0.0001703039,2,1,209.988673,offer,2026-09-03T23:47:01.480268+00:00
d831305c-d0ad-446a-a0dd-395ebf47dba4,fUST,0.00017141169266823318,2,1,169.08729822,offer,2026-09-03T23:47:01.480268+00:00
d831305c-d0ad-446a-a0dd-395ebf47dba4,fUST,0.00017167248,2,1,165.8063551,offer,2026-09-03T23:47:01.480268+00:00
d831305c-d0ad-446a-a0dd-395ebf47dba4,fUST,0.0001758547602739726,2,2,717.42585724,offer,2026-09-03T23:47:01.480268+00:00
d831305c-d0ad-446a-a0dd-395ebf47dba4,fUST,0.00017671308522498267,2,1,178.45793278,offer,2026-09-03T23:47:01.480268+00:00
d831305c-d0ad-446a-a0dd-395ebf47dba4,fUST,0.0001790423,2,1,167.507678,offer,2026-09-03T23:47:01.480268+00:00
d831305c-d0ad-446a-a0dd-395ebf47dba4,fUST,0.0001793163,2,2,1583.66287969,offer,2026-09-03T23:47:01.480268+00:00
d831305c-d0ad-446a-a0dd-395ebf47dba4,fUST,0.00018,2,1,1441.63286335,offer,2026-09-03T23:47:01.480268+00:00
d831305c-d0ad-446a-a0dd-395ebf47dba4,fUST,0.0001809881,2,1,905.377141,offer,2026-09-03T23:47:01.480268+00:00
