run_id,market,rate,period,count,amount,side,fetched_at
8dd8c9fd-b681-472d-85f2-d69ef6485061,fUST,0.0002671232876712329,120,1,-1280919.90936523,demand,2026-08-24T02:39:59.687752+00:00
8dd8c9fd-b681-472d-85f2-d69ef6485061,fUST,0.000258189041,120,1,-1000.0,demand,2026-08-24T02:39:59.687752+00:00
8dd8c9fd-b681-472d-85f2-d69ef6485061,fUST,0.000256830136,120,1,-633.63453641,demand,2026-08-24T02:39:59.687752+00:00
8dd8c9fd-b681-472d-85f2-d69ef6485061,fUST,0.000247980821,120,1,-64554.0,demand,2026-08-24T02:39:59.687752+00:00
8dd8c9fd-b681-472d-85f2-d69ef6485061,fUST,0.00024454794520547944,60,1,-1712468.82192158,demand,2026-08-24T02:39:59.687752+00:00
8dd8c9fd-b681-472d-85f2-d69ef6485061,fUST,0.00016,120,1,-2000.0,demand,2026-08-24T02:39:59.687752+00:00
8dd8c9fd-b681-472d-85f2-d69ef6485061,fUST,0.00016,60,19,-413994.71105675,demand,2026-08-24T02:39:59.687752+00:00
8dd8c9fd-b681-472d-85f2-d69ef6485061,fUST,0.00015,90,1,-2000.0,demand,2026-08-24T02:39:59.687752+00:00
8dd8c9fd-b681-472d-85f2-d69ef6485061,fUST,0.00015,120,1,-300000.0,demand,2026-08-24T02:39:59.687752+00:00
8dd8c9fd-b681-472d-85f2-d69ef6485061,fUST,0.00015,45,3,-14016.835705,demand,2026-08-24T02:39:59.687752+00:00
8dd8c9fd-b681-472d-85f2-d69ef6485061,fUST,0.00015,30,2,-11485.09510684,demand,2026-08-24T02:39:59.687752+00:00
8dd8c9fd-b681-472d-85f2-d69ef6485061,fUST,0.00014749079174999997,2,1,-461.2544812,demand,2026-08-24T02:39:59.687752+00:00
8dd8c9fd-b681-472d-85f2-d69ef6485061,fUST,0.000142,45,2,-20000.0,demand,2026-08-24T02:39:59.687752+00:00
8dd8c9fd-b681-472d-85f2-d69ef6485061,fUST,0.00014011625216249997,2,1,-288.421227,demand,2026-08-24T02:39:59.687752+00:00
8dd8c9fd-b681-472d-85f2-d69ef6485061,fUST,0.00014000000000000001,60,1,-28000.0,demand,2026-08-24T02:39:59.687752+00:00
8dd8c9fd-b681-472d-85f2-d69ef6485061,fUST,0.000136,30,3,-19544.22120933,demand,2026-08-24T02:39:59.687752+00:00
8dd8c9fd-b681-472d-85f2-d69ef6485061,fUST,0.00013,30,1,-28000.0,demand,2026-08-24T02:39:59.687752+00:00
8dd8c9fd-b681-472d-85f2-d69ef6485061,fUST,0.000128,30,3,-30000.0,demand,2026-08-24T02:39:59.687752+00:00
8dd8c9fd-b681-472d-85f2-d69ef6485061,fUST,0.0001225,59,1,-95000.0,demand,2026-08-24T02:39:59.687752+00:00
8dd8c9fd-b681-472d-85f2-d69ef6485061,fUST,0.0001222,29,1,-194504.86890568,demand,2026-08-24T02:39:59.687752+00:00
8dd8c9fd-b681-472d-85f2-d69ef6485061,fUST,0.0001202,19,1,-184704.28009778,demand,2026-08-24T02:39:59.687752+00:00
8dd8c9fd-b681-472d-85f2-d69ef6485061,fUST,0.00012,120,1,-30000.0,demand,2026-08-24T02:39:59.687752+00:00
8dd8c9fd-b681-472d-85f2-d69ef6485061,fUST,0.00011086,2,1,-722579.58347392,demand,2026-08-24T02:39:59.687752+00:00
8dd8c9fd-b681-472d-85f2-d69ef6485061,fUST,0.0001101,2,1,-2000000.0,demand,2026-08-24T02:39:59.687752+00:00
8dd8c9fd-b681-472d-85f2-d69ef6485061,fUST,0.000101,120,1,-293300.0,demand,2026-08-24T02:39:59.687752+00:00
8dd8c9fd-b681-472d-85f2-d69ef6485061,fUST,0.0001380377,2,1,385.0569281,offer,2026-08-24T02:39:59.687752+00:00
8dd8c9fd-b681-472d-85f2-d69ef6485061,fUST,0.0001392174,2,1,1881.0763779,offer,2026-08-24T02:39:59.687752+00:00
8dd8c9fd-b681-472d-85f2-d69ef6485061,fUST,0.00014,2,1,3968.29,offer,2026-08-24T02:39:59.687752+00:00
8dd8c9fd-b681-472d-85f2-d69ef6485061,fUST,0.00014000000000000001,7,2,386.526999,offer,2026-08-24T02:39:59.687752+00:00
8dd8c9fd-b681-472d-85f2-d69ef6485061,fUST,0.00014280000000000003,7,2,386.526999,offer,2026-08-24T02:39:59.687752+00:00
8dd8c9fd-b681-472d-85f2-d69ef6485061,fUST,0.00014700000000000002,7,2,386.526999,offer,2026-08-24T02:39:59.687752+00:00
8dd8c9fd-b681-472d-85f2-d69ef6485061,fUST,0.00014747079174999998,2,4,1841.35634655,offer,2026-08-24T02:39:59.687752+00:00
8dd8c9fd-b681-472d-85f2-d69ef6485061,fUST,0.00014749,2,4,3766.147984,offer,2026-08-24T02:39:59.687752+00:00
8dd8c9fd-b681-472d-85f2-d69ef6485061,fUST,0.00014749079174999997,2,3,15000.0,offer,2026-08-24T02:39:59.687752+00:00
8dd8c9fd-b681-472d-85f2-d69ef6485061,fUST,0.00015042,2,1,193.81426192,offer,2026-08-24T02:39:59.687752+00:00
8dd8c9fd-b681-472d-85f2-d69ef6485061,fUST,0.00015043,2,19,8266.147984,offer,2026-08-24T02:39:59.687752+00:00
8dd8c9fd-b681-472d-85f2-d69ef6485061,fUST,0.00015120000000000002,7,2,386.526999,offer,2026-08-24T02:39:59.687752+00:00
8dd8c9fd-b681-472d-85f2-d69ef6485061,fUST,0.00015343,2,1,600.0,offer,2026-08-24T02:39:59.687752+00:00
8dd8c9fd-b681-472d-85f2-d69ef6485061,fUST,0.000154,2,1,3968.29,offer,2026-08-24T02:39:59.687752+00:00
8dd8c9fd-b681-472d-85f2-d69ef6485061,fUST,0.00015680000000000004,7,2,386.52699904,offer,2026-08-24T02:39:59.687752+00:00
8dd8c9fd-b681-472d-85f2-d69ef6485061,fUST,0.000159,2,1,454.8500109,offer,2026-08-24T02:39:59.687752+00:00
8dd8c9fd-b681-472d-85f2-d69ef6485061,fUST,0.00015994,2,1,151.0,offer,2026-08-24T02:39:59.687752+00:00
8dd8c9fd-b681-472d-85f2-d69ef6485061,fUST,0.00015998,2,2,1013.49302602,offer,2026-08-24T02:39:59.687752+00:00
8dd8c9fd-b681-472d-85f2-d69ef6485061,fUST,0.00015999,2,2,1026.88314767,offer,2026-08-24T02:39:59.687752+00:00
8dd8c9fd-b681-472d-85f2-d69ef6485061,fUST,0.0001624931507,2,1,167.4546978,offer,2026-08-24T02:39:59.687752+00:00
8dd8c9fd-b681-472d-85f2-d69ef6485061,fUST,0.0001630161,2,1,315.63,offer,2026-08-24T02:39:59.687752+00:00
8dd8c9fd-b681-472d-85f2-d69ef6485061,fUST,0.00016309,2,5,3917.147984,offer,2026-08-24T02:39:59.687752+00:00
8dd8c9fd-b681-472d-85f2-d69ef6485061,fUST,0.0001631898,7,1,298.90971788,offer,2026-08-24T02:39:59.687752+00:00
8dd8c9fd-b681-472d-85f2-d69ef6485061,fUST,0.00016438,2,1,501.64490675,offer,2026-08-24T02:39:59.687752+00:00
8dd8c9fd-b681-472d-85f2-d69ef6485061,fUST,0.00016438356164383562,2,21,6540.445703,offer,2026-08-24T02:39:59.687752+00:00
d016373f-b8fa-46f7-8ff1-e3aa1e588cdf,fUST,0.0002671232876712329,120,1,-1280919.90936523,demand,2026-08-24T02:47:02.747790+00:00
d016373f-b8fa-46f7-8ff1-e3aa1e588cdf,fUST,0.000258189041,120,1,-1000.0,demand,2026-08-24T02:47:02.747790+00:00
d016373f-b8fa-46f7-8ff1-e3aa1e588cdf,fUST,0.000256830136,120,1,-633.63453641,demand,2026-08-24T02:47:02.747790+00:00
d016373f-b8fa-46f7-8ff1-e3aa1e588cdf,fUST,0.000247980821,120,1,-64554.0,demand,2026-08-24T02:47:02.747790+00:00
d016373f-b8fa-46f7-8ff1-e3aa1e588cdf,fUST,0.00024454794520547944,60,1,-1712468.82192158,demand,2026-08-24T02:47:02.747790+00:00
d016373f-b8fa-46f7-8ff1-e3aa1e588cdf,fUST,0.00016,120,1,-2000.0,demand,2026-08-24T02:47:02.747790+00:00
d016373f-b8fa-46f7-8ff1-e3aa1e588cdf,fUST,0.00016,60,19,-413994.71105675,demand,2026-08-24T02:47:02.747790+00:00
d016373f-b8fa-46f7-8ff1-e3aa1e588cdf,fUST,0.00015,90,1,-2000.0,demand,2026-08-24T02:47:02.747790+00:00
d016373f-b8fa-46f7-8ff1-e3aa1e588cdf,fUST,0.00015,120,1,-300000.0,demand,2026-08-24T02:47:02.747790+00:00
d016373f-b8fa-46f7-8ff1-e3aa1e588cdf,fUST,0.00015,45,3,-14016.835705,demand,2026-08-24T02:47:02.747790+00:00
d016373f-b8fa-46f7-8ff1-e3aa1e588cdf,fUST,0.00015,30,2,-11485.09510684,demand,2026-08-24T02:47:02.747790+00:00
d016373f-b8fa-46f7-8ff1-e3aa1e588cdf,fUST,0.00014749079174999997,2,1,-461.2544812,demand,2026-08-24T02:47:02.747790+00:00
d016373f-b8fa-46f7-8ff1-e3aa1e588cdf,fUST,0.000142,45,2,-20000.0,demand,2026-08-24T02:47:02.747790+00:00
d016373f-b8fa-46f7-8ff1-e3aa1e588cdf,fUST,0.00014011625216249997,2,1,-288.421227,demand,2026-08-24T02:47:02.747790+00:00
d016373f-b8fa-46f7-8ff1-e3aa1e588cdf,fUST,0.00014000000000000001,60,1,-28000.0,demand,2026-08-24T02:47:02.747790+00:00
d016373f-b8fa-46f7-8ff1-e3aa1e588cdf,fUST,0.000136,30,3,-19544.22120933,demand,2026-08-24T02:47:02.747790+00:00
d016373f-b8fa-46f7-8ff1-e3aa1e588cdf,fUST,0.00013,30,1,-28000.0,demand,2026-08-24T02:47:02.747790+00:00
d016373f-b8fa-46f7-8ff1-e3aa1e588cdf,fUST,0.000128,30,3,-30000.0,demand,2026-08-24T02:47:02.747790+00:00
d016373f-b8fa-46f7-8ff1-e3aa1e588cdf,fUST,0.0001225,59,1,-95000.0,demand,2026-08-24T02:47:02.747790+00:00
d016373f-b8fa-46f7-8ff1-e3aa1e588cdf,fUST,0.0001222,29,1,-194504.86890568,demand,2026-08-24T02:47:02.747790+00:00
d016373f-b8fa-46f7-8ff1-e3aa1e588cdf,fUST,0.0001202,19,1,-184704.28009778,demand,2026-08-24T02:47:02.747790+00:00
d016373f-b8fa-46f7-8ff1-e3aa1e588cdf,fUST,0.00012,120,1,-30000.0,demand,2026-08-24T02:47:02.747790+00:00
d016373f-b8fa-46f7-8ff1-e3aa1e588cdf,fUST,0.00011086,2,1,-722579.58347392,demand,2026-08-24T02:47:02.747790+00:00
d016373f-b8fa-46f7-8ff1-e3aa1e588cdf,fUST,0.0001101,2,1,-2000000.0,demand,2026-08-24T02:47:02.747790+00:00
d016373f-b8fa-46f7-8ff1-e3aa1e588cdf,fUST,0.000101,120,1,-293300.0,demand,2026-08-24T02:47:02.747790+00:00
d016373f-b8fa-46f7-8ff1-e3aa1e588cdf,fUST,0.0001380377,2,1,385.0569281,offer,2026-08-24T02:47:02.747790+00:00
d016373f-b8fa-46f7-8ff1-e3aa1e588cdf,fUST,0.0001392174,2,1,1881.0763779,offer,2026-08-24T02:47:02.747790+00:00
d016373f-b8fa-46f7-8ff1-e3aa1e588cdf,fUST,0.00014,2,1,3968.29,offer,2026-08-24T02:47:02.747790+00:00
d016373f-b8fa-46f7-8ff1-e3aa1e588cdf,fUST,0.00014000000000000001,7,2,386.526999,offer,2026-08-24T02:47:02.747790+00:00
d016373f-b8fa-46f7-8ff1-e3aa1e588cdf,fUST,0.00014280000000000003,7,2,386.526999,offer,2026-08-24T02:47:02.747790+00:00
d016373f-b8fa-46f7-8ff1-e3aa1e588cdf,fUST,0.00014700000000000002,7,2,386.526999,offer,2026-08-24T02:47:02.747790+00:00
d016373f-b8fa-46f7-8ff1-e3aa1e588cdf,fUST,0.00014743079175,2,4,1841.35634655,offer,2026-08-24T02:47:02.747790+00:00
d016373f-b8fa-46f7-8ff1-e3aa1e588cdf,fUST,0.00014748079174999997,2,1,193.81426192,offer,2026-08-24T02:47:02.747790+00:00
d016373f-b8fa-46f7-8ff1-e3aa1e588cdf,fUST,0.00014749,2,24,19464.11517013,offer,2026-08-24T02:47:02.747790+00:00
d016373f-b8fa-46f7-8ff1-e3aa1e588cdf,fUST,0.00014749079174999997,2,3,15000.0,offer,2026-08-24T02:47:02.747790+00:00
d016373f-b8fa-46f7-8ff1-e3aa1e588cdf,fUST,0.0001474908,2,1,461.0,offer,2026-08-24T02:47:02.747790+00:00
d016373f-b8fa-46f7-8ff1-e3aa1e588cdf,fUST,0.00015043,2,15,4500.0,offer,2026-08-24T02:47:02.747790+00:00
d016373f-b8fa-46f7-8ff1-e3aa1e588cdf,fUST,0.0001508484546,2,1,531.619046,offer,2026-08-24T02:47:02.747790+00:00
d016373f-b8fa-46f7-8ff1-e3aa1e588cdf,fUST,0.00015120000000000002,7,2,386.526999,offer,2026-08-24T02:47:02.747790+00:00
d016373f-b8fa-46f7-8ff1-e3aa1e588cdf,fUST,0.00015343,2,1,600.0,offer,2026-08-24T02:47:02.747790+00:00
d016373f-b8fa-46f7-8ff1-e3aa1e588cdf,fUST,0.000154,2,1,3968.29,offer,2026-08-24T02:47:02.747790+00:00
d016373f-b8fa-46f7-8ff1-e3aa1e588cdf,fUST,0.00015680000000000004,7,2,386.52699904,offer,2026-08-24T02:47:02.747790+00:00
d016373f-b8fa-46f7-8ff1-e3aa1e588cdf,fUST,0.00015719859158630137,2,1,531.619046,offer,2026-08-24T02:47:02.747790+00:00
d016373f-b8fa-46f7-8ff1-e3aa1e588cdf,fUST,0.00015998,2,4,1901.39600314,offer,2026-08-24T02:47:02.747790+00:00
d016373f-b8fa-46f7-8ff1-e3aa1e588cdf,fUST,0.00015999,2,2,1026.88314767,offer,2026-08-24T02:47:02.747790+00:00
d016373f-b8fa-46f7-8ff1-e3aa1e588cdf,fUST,0.0001624931507,2,3,650.9950993,offer,2026-08-24T02:47:02.747790+00:00
d016373f-b8fa-46f7-8ff1-e3aa1e588cdf,fUST,0.0001630161,2,1,315.63,offer,2026-08-24T02:47:02.747790+00:00
d016373f-b8fa-46f7-8ff1-e3aa1e588cdf,fUST,0.0001631898,7,1,298.90971788,offer,2026-08-24T02:47:02.747790+00:00
d016373f-b8fa-46f7-8ff1-e3aa1e588cdf,fUST,0.00016354872857260273,2,1,531.619046,offer,2026-08-24T02:47:02.747790+00:00
d016373f-b8fa-46f7-8ff1-e3aa1e588cdf,fUST,0.00016438,2,1,501.64490675,offer,2026-08-24T02:47:02.747790+00:00
e16a51ce-84d1-4f29-b023-bf2ce9aa7117,fUST,0.0002671232876712329,120,1,-1267802.17821057,demand,2026-08-24T03:47:01.359885+00:00
e16a51ce-84d1-4f29-b023-bf2ce9aa7117,fUST,0.000258189041,120,1,-1000.0,demand,2026-08-24T03:47:01.359885+00:00
e16a51ce-84d1-4f29-b023-bf2ce9aa7117,fUST,0.000256830136,120,1,-633.63453641,demand,2026-08-24T03:47:01.359885+00:00
e16a51ce-84d1-4f29-b023-bf2ce9aa7117,fUST,0.000247980821,120,1,-64554.0,demand,2026-08-24T03:47:01.359885+00:00
e16a51ce-84d1-4f29-b023-bf2ce9aa7117,fUST,0.00024384109589041097,60,1,-1707896.43834126,demand,2026-08-24T03:47:01.359885+00:00
e16a51ce-84d1-4f29-b023-bf2ce9aa7117,fUST,0.00016,120,1,-2000.0,demand,2026-08-24T03:47:01.359885+00:00
e16a51ce-84d1-4f29-b023-bf2ce9aa7117,fUST,0.00016,60,19,-413994.71105675,demand,2026-08-24T03:47:01.359885+00:00
e16a51ce-84d1-4f29-b023-bf2ce9aa7117,fUST,0.00015,90,1,-2000.0,demand,2026-08-24T03:47:01.359885+00:00
e16a51ce-84d1-4f29-b023-bf2ce9aa7117,fUST,0.00015,120,1,-300000.0,demand,2026-08-24T03:47:01.359885+00:00
e16a51ce-84d1-4f29-b023-bf2ce9aa7117,fUST,0.00015,45,3,-14016.835705,demand,2026-08-24T03:47:01.359885+00:00
e16a51ce-84d1-4f29-b023-bf2ce9aa7117,fUST,0.00015,30,2,-11485.09510684,demand,2026-08-24T03:47:01.359885+00:00
e16a51ce-84d1-4f29-b023-bf2ce9aa7117,fUST,0.00014749079174999997,2,1,-461.2544812,demand,2026-08-24T03:47:01.359885+00:00
e16a51ce-84d1-4f29-b023-bf2ce9aa7117,fUST,0.000142,45,2,-20000.0,demand,2026-08-24T03:47:01.359885+00:00
e16a51ce-84d1-4f29-b023-bf2ce9aa7117,fUST,0.00014011625216249997,2,1,-288.421227,demand,2026-08-24T03:47:01.359885+00:00
e16a51ce-84d1-4f29-b023-bf2ce9aa7117,fUST,0.00014000000000000001,60,1,-28000.0,demand,2026-08-24T03:47:01.359885+00:00
e16a51ce-84d1-4f29-b023-bf2ce9aa7117,fUST,0.000136,30,3,-19544.22120933,demand,2026-08-24T03:47:01.359885+00:00
e16a51ce-84d1-4f29-b023-bf2ce9aa7117,fUST,0.00013,30,1,-28000.0,demand,2026-08-24T03:47:01.359885+00:00
e16a51ce-84d1-4f29-b023-bf2ce9aa7117,fUST,0.000128,30,3,-30000.0,demand,2026-08-24T03:47:01.359885+00:00
e16a51ce-84d1-4f29-b023-bf2ce9aa7117,fUST,0.0001225,59,1,-95000.0,demand,2026-08-24T03:47:01.359885+00:00
e16a51ce-84d1-4f29-b023-bf2ce9aa7117,fUST,0.0001222,29,1,-194504.86890568,demand,2026-08-24T03:47:01.359885+00:00
e16a51ce-84d1-4f29-b023-bf2ce9aa7117,fUST,0.0001202,19,1,-184704.28009778,demand,2026-08-24T03:47:01.359885+00:00
e16a51ce-84d1-4f29-b023-bf2ce9aa7117,fUST,0.00012,120,1,-30000.0,demand,2026-08-24T03:47:01.359885+00:00
e16a51ce-84d1-4f29-b023-bf2ce9aa7117,fUST,0.00011086,2,1,-714438.90691034,demand,2026-08-24T03:47:01.359885+00:00
e16a51ce-84d1-4f29-b023-bf2ce9aa7117,fUST,0.0001101,2,1,-2000000.0,demand,2026-08-24T03:47:01.359885+00:00
e16a51ce-84d1-4f29-b023-bf2ce9aa7117,fUST,0.000101,120,1,-293300.0,demand,2026-08-24T03:47:01.359885+00:00
e16a51ce-84d1-4f29-b023-bf2ce9aa7117,fUST,0.00014,2,1,6607.0,offer,2026-08-24T03:47:01.359885+00:00
e16a51ce-84d1-4f29-b023-bf2ce9aa7117,fUST,0.00014749079174999997,2,3,15000.0,offer,2026-08-24T03:47:01.359885+00:00
e16a51ce-84d1-4f29-b023-bf2ce9aa7117,fUST,0.00015184,2,11,5217.84947093,offer,2026-08-24T03:47:01.359885+00:00
e16a51ce-84d1-4f29-b023-bf2ce9aa7117,fUST,0.0001589044,2,1,176.856254,offer,2026-08-24T03:47:01.359885+00:00
e16a51ce-84d1-4f29-b023-bf2ce9aa7117,fUST,0.0001611094,2,1,197.527533,offer,2026-08-24T03:47:01.359885+00:00
e16a51ce-84d1-4f29-b023-bf2ce9aa7117,fUST,0.00016438,2,1,351.90390209,offer,2026-08-24T03:47:01.359885+00:00
e16a51ce-84d1-4f29-b023-bf2ce9aa7117,fUST,0.00017046027399,2,1,465.8096673,offer,2026-08-24T03:47:01.359885+00:00
e16a51ce-84d1-4f29-b023-bf2ce9aa7117,fUST,0.00017046301372,2,4,1469.6692232,offer,2026-08-24T03:47:01.359885+00:00
e16a51ce-84d1-4f29-b023-bf2ce9aa7117,fUST,0.0001717924897260274,2,3,503.50761588,offer,2026-08-24T03:47:01.359885+00:00
e16a51ce-84d1-4f29-b023-bf2ce9aa7117,fUST,0.00017571,3,2,636.72,offer,2026-08-24T03:47:01.359885+00:00
e16a51ce-84d1-4f29-b023-bf2ce9aa7117,fUST,0.00017571,2,2,674.57053539,offer,2026-08-24T03:47:01.359885+00:00
e16a51ce-84d1-4f29-b023-bf2ce9aa7117,fUST,0.000175809,2,25,542061.0,offer,2026-08-24T03:47:01.359885+00:00
e16a51ce-84d1-4f29-b023-bf2ce9aa7117,fUST,0.00017700257499999998,2,2,545.14554878,offer,2026-08-24T03:47:01.359885+00:00
e16a51ce-84d1-4f29-b023-bf2ce9aa7117,fUST,0.0001782874,2,6,15756.88902288,offer,2026-08-24T03:47:01.359885+00:00
e16a51ce-84d1-4f29-b023-bf2ce9aa7117,fUST,0.0001793523008865039,2,1,1330.44842177,offer,2026-08-24T03:47:01.359885+00:00
e16a51ce-84d1-4f29-b023-bf2ce9aa7117,fUST,0.0001794645,2,2,4456.53686197,offer,2026-08-24T03:47:01.359885+00:00
e16a51ce-84d1-4f29-b023-bf2ce9aa7117,fUST,0.00018,2,1,166.46952442,offer,2026-08-24T03:47:01.359885+00:00
e16a51ce-84d1-4f29-b023-bf2ce9aa7117,fUST,0.00018002647260273973,2,3,1007.01523178,offer,2026-08-24T03:47:01.359885+00:00
e16a51ce-84d1-4f29-b023-bf2ce9aa7117,fUST,0.0001800291095890411,2,1,160.33825989,offer,2026-08-24T03:47:01.359885+00:00
e16a51ce-84d1-4f29-b023-bf2ce9aa7117,fUST,0.00018005,2,1,600.0,offer,2026-08-24T03:47:01.359885+00:00
e16a51ce-84d1-4f29-b023-bf2ce9aa7117,fUST,0.00018029255069751908,2,4,957.77669814,offer,2026-08-24T03:47:01.359885+00:00
e16a51ce-84d1-4f29-b023-bf2ce9aa7117,fUST,0.0001805,2,1,7451.861655,offer,2026-08-24T03:47:01.359885+00:00
e16a51ce-84d1-4f29-b023-bf2ce9aa7117,fUST,0.000181,2,8,1769.64574255,offer,2026-08-24T03:47:01.359885+00:00
e16a51ce-84d1-4f29-b023-bf2ce9aa7117,fUST,0.000182,2,1,166.46952442,offer,2026-08-24T03:47:01.359885+00:00
e16a51ce-84d1-4f29-b023-bf2ce9aa7117,fUST,0.00018248257499999996,2,2,545.14554878,offer,2026-08-24T03:47:01.359885+00:00
be5a4e94-b8fd-4365-b892-2a5b0645d7ad,fUST,0.0002671232876712329,120,1,-1266931.61821057,demand,2026-08-24T04:47:01.424650+00:00
be5a4e94-b8fd-4365-b892-2a5b0645d7ad,fUST,0.000258189041,120,1,-1000.0,demand,2026-08-24T04:47:01.424650+00:00
be5a4e94-b8fd-4365-b892-2a5b0645d7ad,fUST,0.000256830136,120,1,-633.63453641,demand,2026-08-24T04:47:01.424650+00:00
be5a4e94-b8fd-4365-b892-2a5b0645d7ad,fUST,0.000247980821,120,1,-64554.0,demand,2026-08-24T04:47:01.424650+00:00
be5a4e94-b8fd-4365-b892-2a5b0645d7ad,fUST,0.0002439013698630137,60,1,-1669052.80138313,demand,2026-08-24T04:47:01.424650+00:00
be5a4e94-b8fd-4365-b892-2a5b0645d7ad,fUST,0.00016,120,1,-2000.0,demand,2026-08-24T04:47:01.424650+00:00
be5a4e94-b8fd-4365-b892-2a5b0645d7ad,fUST,0.00016,60,19,-413994.71105675,demand,2026-08-24T04:47:01.424650+00:00
be5a4e94-b8fd-4365-b892-2a5b0645d7ad,fUST,0.00015,90,1,-2000.0,demand,2026-08-24T04:47:01.424650+00:00
be5a4e94-b8fd-4365-b892-2a5b0645d7ad,fUST,0.00015,120,1,-300000.0,demand,2026-08-24T04:47:01.424650+00:00
be5a4e94-b8fd-4365-b892-2a5b0645d7ad,fUST,0.00015,45,3,-14016.835705,demand,2026-08-24T04:47:01.424650+00:00
be5a4e94-b8fd-4365-b892-2a5b0645d7ad,fUST,0.00015,30,2,-11485.09510684,demand,2026-08-24T04:47:01.424650+00:00
be5a4e94-b8fd-4365-b892-2a5b0645d7ad,fUST,0.00014748079174999997,2,2,-695.79916832,demand,2026-08-24T04:47:01.424650+00:00
be5a4e94-b8fd-4365-b892-2a5b0645d7ad,fUST,0.000142,45,2,-20000.0,demand,2026-08-24T04:47:01.424650+00:00
be5a4e94-b8fd-4365-b892-2a5b0645d7ad,fUST,0.00014000000000000001,60,1,-28000.0,demand,2026-08-24T04:47:01.424650+00:00
be5a4e94-b8fd-4365-b892-2a5b0645d7ad,fUST,0.000136,30,3,-19544.22120933,demand,2026-08-24T04:47:01.424650+00:00
be5a4e94-b8fd-4365-b892-2a5b0645d7ad,fUST,0.00013,30,1,-28000.0,demand,2026-08-24T04:47:01.424650+00:00
be5a4e94-b8fd-4365-b892-2a5b0645d7ad,fUST,0.000128,30,3,-30000.0,demand,2026-08-24T04:47:01.424650+00:00
be5a4e94-b8fd-4365-b892-2a5b0645d7ad,fUST,0.0001225,59,1,-95000.0,demand,2026-08-24T04:47:01.424650+00:00
be5a4e94-b8fd-4365-b892-2a5b0645d7ad,fUST,0.0001222,29,1,-194504.86890568,demand,2026-08-24T04:47:01.424650+00:00
be5a4e94-b8fd-4365-b892-2a5b0645d7ad,fUST,0.0001202,19,1,-184704.28009778,demand,2026-08-24T04:47:01.424650+00:00
be5a4e94-b8fd-4365-b892-2a5b0645d7ad,fUST,0.00012,120,1,-30000.0,demand,2026-08-24T04:47:01.424650+00:00
be5a4e94-b8fd-4365-b892-2a5b0645d7ad,fUST,0.00011086,2,1,-713739.65754086,demand,2026-08-24T04:47:01.424650+00:00
be5a4e94-b8fd-4365-b892-2a5b0645d7ad,fUST,0.0001101,2,1,-2000000.0,demand,2026-08-24T04:47:01.424650+00:00
be5a4e94-b8fd-4365-b892-2a5b0645d7ad,fUST,0.000101,120,1,-293300.0,demand,2026-08-24T04:47:01.424650+00:00
be5a4e94-b8fd-4365-b892-2a5b0645d7ad,fUST,8.1e-05,13,1,-220298.60067989,demand,2026-08-24T04:47:01.424650+00:00
be5a4e94-b8fd-4365-b892-2a5b0645d7ad,fUST,0.00012380495,2,1,340.58269409,offer,2026-08-24T04:47:01.424650+00:00
be5a4e94-b8fd-4365-b892-2a5b0645d7ad,fUST,0.000139,2,1,196.51557805,offer,2026-08-24T04:47:01.424650+00:00
be5a4e94-b8fd-4365-b892-2a5b0645d7ad,fUST,0.00013955,2,1,204.08,offer,2026-08-24T04:47:01.424650+00:00
be5a4e94-b8fd-4365-b892-2a5b0645d7ad,fUST,0.00014580547948,2,1,370.3056451,offer,2026-08-24T04:47:01.424650+00:00
be5a4e94-b8fd-4365-b892-2a5b0645d7ad,fUST,0.0001462338,2,1,385.0569281,offer,2026-08-24T04:47:01.424650+00:00
be5a4e94-b8fd-4365-b892-2a5b0645d7ad,fUST,0.0001465271,2,1,197.527533,offer,2026-08-24T04:47:01.424650+00:00
be5a4e94-b8fd-4365-b892-2a5b0645d7ad,fUST,0.000147,2,1,419.999999,offer,2026-08-24T04:47:01.424650+00:00
be5a4e94-b8fd-4365-b892-2a5b0645d7ad,fUST,0.0001473565,2,1,302.9959404,offer,2026-08-24T04:47:01.424650+00:00
be5a4e94-b8fd-4365-b892-2a5b0645d7ad,fUST,0.00014747079174999998,2,2,1017.18916075,offer,2026-08-24T04:47:01.424650+00:00
be5a4e94-b8fd-4365-b892-2a5b0645d7ad,fUST,0.00014748079174999997,2,3,10677.6905501,offer,2026-08-24T04:47:01.424650+00:00
be5a4e94-b8fd-4365-b892-2a5b0645d7ad,fUST,0.00014749,2,1,3108.02531901,offer,2026-08-24T04:47:01.424650+00:00
be5a4e94-b8fd-4365-b892-2a5b0645d7ad,fUST,0.0001478327,2,1,556.0380241,offer,2026-08-24T04:47:01.424650+00:00
be5a4e94-b8fd-4365-b892-2a5b0645d7ad,fUST,0.00015043040758499997,7,1,238.03735354,offer,2026-08-24T04:47:01.424650+00:00
be5a4e94-b8fd-4365-b892-2a5b0645d7ad,fUST,0.00015068493150684933,2,1,176.856254,offer,2026-08-24T04:47:01.424650+00:00
be5a4e94-b8fd-4365-b892-2a5b0645d7ad,fUST,0.00015404931509,2,2,302.0,offer,2026-08-24T04:47:01.424650+00:00
be5a4e94-b8fd-4365-b892-2a5b0645d7ad,fUST,0.0001550512,2,1,183.0712462,offer,2026-08-24T04:47:01.424650+00:00
be5a4e94-b8fd-4365-b892-2a5b0645d7ad,fUST,0.0001562757,2,1,1071.3291142,offer,2026-08-24T04:47:01.424650+00:00
be5a4e94-b8fd-4365-b892-2a5b0645d7ad,fUST,0.00015927925508999998,7,1,357.05603031,offer,2026-08-24T04:47:01.424650+00:00
be5a4e94-b8fd-4365-b892-2a5b0645d7ad,fUST,0.0001614046959,2,1,184.142632,offer,2026-08-24T04:47:01.424650+00:00
be5a4e94-b8fd-4365-b892-2a5b0645d7ad,fUST,0.00016225753427,2,1,151.0,offer,2026-08-24T04:47:01.424650+00:00
be5a4e94-b8fd-4365-b892-2a5b0645d7ad,fUST,0.00016226027399,2,3,767.9258889,offer,2026-08-24T04:47:01.424650+00:00
be5a4e94-b8fd-4365-b892-2a5b0645d7ad,fUST,0.00016438,2,2,393.0,offer,2026-08-24T04:47:01.424650+00:00
be5a4e94-b8fd-4365-b892-2a5b0645d7ad,fUST,0.00016548,2,1,600.0,offer,2026-08-24T04:47:01.424650+00:00
be5a4e94-b8fd-4365-b892-2a5b0645d7ad,fUST,0.000165557,2,1,408.43588207,offer,2026-08-24T04:47:01.424650+00:00
be5a4e94-b8fd-4365-b892-2a5b0645d7ad,fUST,0.000167,2,1,1000.0,offer,2026-08-24T04:47:01.424650+00:00
c9729465-9294-487b-9d77-50304c3a4ffe,fUST,0.0002671232876712329,120,1,-1264619.74117312,demand,2026-08-24T05:47:01.396180+00:00
c9729465-9294-487b-9d77-50304c3a4ffe,fUST,0.000258189041,120,1,-1000.0,demand,2026-08-24T05:47:01.396180+00:00
c9729465-9294-487b-9d77-50304c3a4ffe,fUST,0.000256830136,120,1,-633.63453641,demand,2026-08-24T05:47:01.396180+00:00
c9729465-9294-487b-9d77-50304c3a4ffe,fUST,0.000247980821,120,1,-64554.0,demand,2026-08-24T05:47:01.396180+00:00
c9729465-9294-487b-9d77-50304c3a4ffe,fUST,0.0002437068493150685,60,1,-1659446.11138313,demand,2026-08-24T05:47:01.396180+00:00
c9729465-9294-487b-9d77-50304c3a4ffe,fUST,0.00016,120,1,-2000.0,demand,2026-08-24T05:47:01.396180+00:00
c9729465-9294-487b-9d77-50304c3a4ffe,fUST,0.00016,60,19,-413994.71105675,demand,2026-08-24T05:47:01.396180+00:00
c9729465-9294-487b-9d77-50304c3a4ffe,fUST,0.00015,90,1,-2000.0,demand,2026-08-24T05:47:01.396180+00:00
c9729465-9294-487b-9d77-50304c3a4ffe,fUST,0.00015,120,1,-300000.0,demand,2026-08-24T05:47:01.396180+00:00
c9729465-9294-487b-9d77-50304c3a4ffe,fUST,0.00015,45,3,-14016.835705,demand,2026-08-24T05:47:01.396180+00:00
c9729465-9294-487b-9d77-50304c3a4ffe,fUST,0.00015,30,2,-11485.09510684,demand,2026-08-24T05:47:01.396180+00:00
c9729465-9294-487b-9d77-50304c3a4ffe,fUST,0.000142,45,2,-20000.0,demand,2026-08-24T05:47:01.396180+00:00
c9729465-9294-487b-9d77-50304c3a4ffe,fUST,0.00014000000000000001,60,1,-28000.0,demand,2026-08-24T05:47:01.396180+00:00
c9729465-9294-487b-9d77-50304c3a4ffe,fUST,0.000136,30,3,-19544.22120933,demand,2026-08-24T05:47:01.396180+00:00
c9729465-9294-487b-9d77-50304c3a4ffe,fUST,0.00013086,2,1,-150.0,demand,2026-08-24T05:47:01.396180+00:00
c9729465-9294-487b-9d77-50304c3a4ffe,fUST,0.00013,30,1,-28000.0,demand,2026-08-24T05:47:01.396180+00:00
c9729465-9294-487b-9d77-50304c3a4ffe,fUST,0.000128,30,3,-30000.0,demand,2026-08-24T05:47:01.396180+00:00
c9729465-9294-487b-9d77-50304c3a4ffe,fUST,0.0001225,59,1,-95000.0,demand,2026-08-24T05:47:01.396180+00:00
c9729465-9294-487b-9d77-50304c3a4ffe,fUST,0.0001222,29,1,-194504.86890568,demand,2026-08-24T05:47:01.396180+00:00
c9729465-9294-487b-9d77-50304c3a4ffe,fUST,0.0001202,19,1,-184704.28009778,demand,2026-08-24T05:47:01.396180+00:00
c9729465-9294-487b-9d77-50304c3a4ffe,fUST,0.00012,120,1,-30000.0,demand,2026-08-24T05:47:01.396180+00:00
c9729465-9294-487b-9d77-50304c3a4ffe,fUST,0.00011086,2,1,-713739.65754086,demand,2026-08-24T05:47:01.396180+00:00
c9729465-9294-487b-9d77-50304c3a4ffe,fUST,0.0001101,2,1,-2000000.0,demand,2026-08-24T05:47:01.396180+00:00
c9729465-9294-487b-9d77-50304c3a4ffe,fUST,0.000101,120,1,-293300.0,demand,2026-08-24T05:47:01.396180+00:00
c9729465-9294-487b-9d77-50304c3a4ffe,fUST,8.1e-05,13,1,-220298.60067989,demand,2026-08-24T05:47:01.396180+00:00
c9729465-9294-487b-9d77-50304c3a4ffe,fUST,0.00013316,2,1,5000.0,offer,2026-08-24T05:47:01.396180+00:00
c9729465-9294-487b-9d77-50304c3a4ffe,fUST,0.00013451,2,1,5000.0,offer,2026-08-24T05:47:01.396180+00:00
c9729465-9294-487b-9d77-50304c3a4ffe,fUST,0.00013586000000000004,2,17,8187.71035944,offer,2026-08-24T05:47:01.396180+00:00
c9729465-9294-487b-9d77-50304c3a4ffe,fUST,0.00013731,2,1,221.03315731,offer,2026-08-24T05:47:01.396180+00:00
c9729465-9294-487b-9d77-50304c3a4ffe,fUST,0.0001414842,7,1,213.4181099,offer,2026-08-24T05:47:01.396180+00:00
c9729465-9294-487b-9d77-50304c3a4ffe,fUST,0.0001456455,7,1,314.57683446,offer,2026-08-24T05:47:01.396180+00:00
c9729465-9294-487b-9d77-50304c3a4ffe,fUST,0.00014980680000000002,7,1,320.12716485,offer,2026-08-24T05:47:01.396180+00:00
c9729465-9294-487b-9d77-50304c3a4ffe,fUST,0.00016178082194,2,1,332.5404015,offer,2026-08-24T05:47:01.396180+00:00
c9729465-9294-487b-9d77-50304c3a4ffe,fUST,0.00016523,3,4,2654.86,offer,2026-08-24T05:47:01.396180+00:00
c9729465-9294-487b-9d77-50304c3a4ffe,fUST,0.00016532,2,3,33576.0292106,offer,2026-08-24T05:47:01.396180+00:00
c9729465-9294-487b-9d77-50304c3a4ffe,fUST,0.000165331,2,23,508869.7987894,offer,2026-08-24T05:47:01.396180+00:00
c9729465-9294-487b-9d77-50304c3a4ffe,fUST,0.00016555507499999998,2,3,735.42218894,offer,2026-08-24T05:47:01.396180+00:00
c9729465-9294-487b-9d77-50304c3a4ffe,fUST,0.00016603,2,1,1317.15557109,offer,2026-08-24T05:47:01.396180+00:00
c9729465-9294-487b-9d77-50304c3a4ffe,fUST,0.00016648,2,1,246.86058731,offer,2026-08-24T05:47:01.396180+00:00
c9729465-9294-487b-9d77-50304c3a4ffe,fUST,0.00016829507499999997,2,1,158.82763267,offer,2026-08-24T05:47:01.396180+00:00
c9729465-9294-487b-9d77-50304c3a4ffe,fUST,0.000169,2,2,316.0,offer,2026-08-24T05:47:01.396180+00:00
c9729465-9294-487b-9d77-50304c3a4ffe,fUST,0.00016942,2,1,171.4,offer,2026-08-24T05:47:01.396180+00:00
c9729465-9294-487b-9d77-50304c3a4ffe,fUST,0.00017,2,1,3857.2505664,offer,2026-08-24T05:47:01.396180+00:00
c9729465-9294-487b-9d77-50304c3a4ffe,fUST,0.00017103507499999996,2,2,576.59455629,offer,2026-08-24T05:47:01.396180+00:00
c9729465-9294-487b-9d77-50304c3a4ffe,fUST,0.00017170088698630136,2,1,173.45952797,offer,2026-08-24T05:47:01.396180+00:00
c9729465-9294-487b-9d77-50304c3a4ffe,fUST,0.00017172887671232877,2,1,166.78469262,offer,2026-08-24T05:47:01.396180+00:00
c9729465-9294-487b-9d77-50304c3a4ffe,fUST,0.0001717924897260274,2,2,333.63449735,offer,2026-08-24T05:47:01.396180+00:00
c9729465-9294-487b-9d77-50304c3a4ffe,fUST,0.0001728,2,1,600.0,offer,2026-08-24T05:47:01.396180+00:00
c9729465-9294-487b-9d77-50304c3a4ffe,fUST,0.000173,2,1,158.0,offer,2026-08-24T05:47:01.396180+00:00
c9729465-9294-487b-9d77-50304c3a4ffe,fUST,0.00017356,2,1,342.8,offer,2026-08-24T05:47:01.396180+00:00
51bac469-bea4-4ac8-bd1a-38dc5b814256,fUST,0.0002671232876712329,120,1,-1252529.42380516,demand,2026-08-24T06:47:01.500165+00:00
51bac469-bea4-4ac8-bd1a-38dc5b814256,fUST,0.000258189041,120,1,-1000.0,demand,2026-08-24T06:47:01.500165+00:00
51bac469-bea4-4ac8-bd1a-38dc5b814256,fUST,0.000256830136,120,1,-633.63453641,demand,2026-08-24T06:47:01.500165+00:00
51bac469-bea4-4ac8-bd1a-38dc5b814256,fUST,0.000247980821,120,1,-64554.0,demand,2026-08-24T06:47:01.500165+00:00
51bac469-bea4-4ac8-bd1a-38dc5b814256,fUST,0.00024362739726027397,60,1,-1659102.10395174,demand,2026-08-24T06:47:01.500165+00:00
51bac469-bea4-4ac8-bd1a-38dc5b814256,fUST,0.00016,120,1,-2000.0,demand,2026-08-24T06:47:01.500165+00:00
51bac469-bea4-4ac8-bd1a-38dc5b814256,fUST,0.00016,60,19,-413994.71105675,demand,2026-08-24T06:47:01.500165+00:00
51bac469-bea4-4ac8-bd1a-38dc5b814256,fUST,0.00015,90,1,-2000.0,demand,2026-08-24T06:47:01.500165+00:00
51bac469-bea4-4ac8-bd1a-38dc5b814256,fUST,0.00015,120,1,-300000.0,demand,2026-08-24T06:47:01.500165+00:00
51bac469-bea4-4ac8-bd1a-38dc5b814256,fUST,0.00015,45,3,-14016.835705,demand,2026-08-24T06:47:01.500165+00:00
51bac469-bea4-4ac8-bd1a-38dc5b814256,fUST,0.00015,30,2,-11485.09510684,demand,2026-08-24T06:47:01.500165+00:00
51bac469-bea4-4ac8-bd1a-38dc5b814256,fUST,0.000144,2,2,-4466.0,demand,2026-08-24T06:47:01.500165+00:00
51bac469-bea4-4ac8-bd1a-38dc5b814256,fUST,0.000142,45,2,-20000.0,demand,2026-08-24T06:47:01.500165+00:00
51bac469-bea4-4ac8-bd1a-38dc5b814256,fUST,0.00014000000000000001,60,1,-28000.0,demand,2026-08-24T06:47:01.500165+00:00
51bac469-bea4-4ac8-bd1a-38dc5b814256,fUST,0.000136,30,3,-19544.22120933,demand,2026-08-24T06:47:01.500165+00:00
51bac469-bea4-4ac8-bd1a-38dc5b814256,fUST,0.00013,30,1,-28000.0,demand,2026-08-24T06:47:01.500165+00:00
51bac469-bea4-4ac8-bd1a-38dc5b814256,fUST,0.000128,30,3,-30000.0,demand,2026-08-24T06:47:01.500165+00:00
51bac469-bea4-4ac8-bd1a-38dc5b814256,fUST,0.0001225,59,1,-95000.0,demand,2026-08-24T06:47:01.500165+00:00
51bac469-bea4-4ac8-bd1a-38dc5b814256,fUST,0.0001222,29,1,-194504.86890568,demand,2026-08-24T06:47:01.500165+00:00
51bac469-bea4-4ac8-bd1a-38dc5b814256,fUST,0.0001202,19,1,-184704.28009778,demand,2026-08-24T06:47:01.500165+00:00
51bac469-bea4-4ac8-bd1a-38dc5b814256,fUST,0.00012,120,1,-30000.0,demand,2026-08-24T06:47:01.500165+00:00
51bac469-bea4-4ac8-bd1a-38dc5b814256,fUST,0.00011086,2,1,-712929.65754086,demand,2026-08-24T06:47:01.500165+00:00
51bac469-bea4-4ac8-bd1a-38dc5b814256,fUST,0.0001101,2,1,-2000000.0,demand,2026-08-24T06:47:01.500165+00:00
51bac469-bea4-4ac8-bd1a-38dc5b814256,fUST,0.000101,120,1,-293300.0,demand,2026-08-24T06:47:01.500165+00:00
51bac469-bea4-4ac8-bd1a-38dc5b814256,fUST,8.1e-05,13,1,-220298.60067989,demand,2026-08-24T06:47:01.500165+00:00
51bac469-bea4-4ac8-bd1a-38dc5b814256,fUST,0.00014397000000000002,2,24,11723.26233319,offer,2026-08-24T06:47:01.500165+00:00
51bac469-bea4-4ac8-bd1a-38dc5b814256,fUST,0.000144,2,3,16282.0,offer,2026-08-24T06:47:01.500165+00:00
51bac469-bea4-4ac8-bd1a-38dc5b814256,fUST,0.00014781,2,1,1052.4068085,offer,2026-08-24T06:47:01.500165+00:00
51bac469-bea4-4ac8-bd1a-38dc5b814256,fUST,0.0001498984,2,1,233.240962,offer,2026-08-24T06:47:01.500165+00:00
51bac469-bea4-4ac8-bd1a-38dc5b814256,fUST,0.00015068493150684933,2,1,178.895242,offer,2026-08-24T06:47:01.500165+00:00
51bac469-bea4-4ac8-bd1a-38dc5b814256,fUST,0.000156282,7,1,313.23244213,offer,2026-08-24T06:47:01.500165+00:00
51bac469-bea4-4ac8-bd1a-38dc5b814256,fUST,0.00015808,2,2,855.0,offer,2026-08-24T06:47:01.500165+00:00
51bac469-bea4-4ac8-bd1a-38dc5b814256,fUST,0.00015940764,7,1,187.22843756,offer,2026-08-24T06:47:01.500165+00:00
51bac469-bea4-4ac8-bd1a-38dc5b814256,fUST,0.00015941,2,1,582.381,offer,2026-08-24T06:47:01.500165+00:00
51bac469-bea4-4ac8-bd1a-38dc5b814256,fUST,0.00016,2,2,12424.0,offer,2026-08-24T06:47:01.500165+00:00
51bac469-bea4-4ac8-bd1a-38dc5b814256,fUST,0.00016018,2,2,6760.16502385,offer,2026-08-24T06:47:01.500165+00:00
51bac469-bea4-4ac8-bd1a-38dc5b814256,fUST,0.00016068,3,4,1881.74,offer,2026-08-24T06:47:01.500165+00:00
51bac469-bea4-4ac8-bd1a-38dc5b814256,fUST,0.00016068253259999998,2,4,897.10264139,offer,2026-08-24T06:47:01.500165+00:00
51bac469-bea4-4ac8-bd1a-38dc5b814256,fUST,0.00016077808219178082,2,1,500.0,offer,2026-08-24T06:47:01.500165+00:00
51bac469-bea4-4ac8-bd1a-38dc5b814256,fUST,0.000160779,2,25,542453.036,offer,2026-08-24T06:47:01.500165+00:00
51bac469-bea4-4ac8-bd1a-38dc5b814256,fUST,0.00016170958906,2,1,151.9868122,offer,2026-08-24T06:47:01.500165+00:00
51bac469-bea4-4ac8-bd1a-38dc5b814256,fUST,0.00016282000000000002,2,5,4679.61262814,offer,2026-08-24T06:47:01.500165+00:00
51bac469-bea4-4ac8-bd1a-38dc5b814256,fUST,0.00016342253259999997,2,1,158.55300058,offer,2026-08-24T06:47:01.500165+00:00
51bac469-bea4-4ac8-bd1a-38dc5b814256,fUST,0.0001635178082191781,2,1,500.0,offer,2026-08-24T06:47:01.500165+00:00
51bac469-bea4-4ac8-bd1a-38dc5b814256,fUST,0.00016356,2,1,355.0,offer,2026-08-24T06:47:01.500165+00:00
51bac469-bea4-4ac8-bd1a-38dc5b814256,fUST,0.00016438,2,7,2985.4286205,offer,2026-08-24T06:47:01.500165+00:00
51bac469-bea4-4ac8-bd1a-38dc5b814256,fUST,0.00016438356164383562,2,32,5153.791479,offer,2026-08-24T06:47:01.500165+00:00
51bac469-bea4-4ac8-bd1a-38dc5b814256,fUST,0.00016603,2,1,1582.32156619,offer,2026-08-24T06:47:01.500165+00:00
51bac469-bea4-4ac8-bd1a-38dc5b814256,fUST,0.0001661625326,2,2,557.92236281,offer,2026-08-24T06:47:01.500165+00:00
51bac469-bea4-4ac8-bd1a-38dc5b814256,fUST,0.00016625753424657534,2,1,500.0,offer,2026-08-24T06:47:01.500165+00:00
da7eaa09-5bc5-4838-a390-e9cc735926a6,fUST,0.000357482,2,1,-150.0,demand,2026-08-24T07:47:01.471534+00:00
da7eaa09-5bc5-4838-a390-e9cc735926a6,fUST,0.0002671232876712329,120,1,-1247182.62470689,demand,2026-08-24T07:47:01.471534+00:00
da7eaa09-5bc5-4838-a390-e9cc735926a6,fUST,0.000258189041,120,1,-1000.0,demand,2026-08-24T07:47:01.471534+00:00
da7eaa09-5bc5-4838-a390-e9cc735926a6,fUST,0.000256830136,120,1,-633.63453641,demand,2026-08-24T07:47:01.471534+00:00
da7eaa09-5bc5-4838-a390-e9cc735926a6,fUST,0.000247980821,120,1,-64554.0,demand,2026-08-24T07:47:01.471534+00:00
da7eaa09-5bc5-4838-a390-e9cc735926a6,fUST,0.0002432986301369863,60,1,-1658950.27601085,demand,2026-08-24T07:47:01.471534+00:00
da7eaa09-5bc5-4838-a390-e9cc735926a6,fUST,0.00016,120,1,-2000.0,demand,2026-08-24T07:47:01.471534+00:00
da7eaa09-5bc5-4838-a390-e9cc735926a6,fUST,0.00016,60,19,-413994.71105675,demand,2026-08-24T07:47:01.471534+00:00
da7eaa09-5bc5-4838-a390-e9cc735926a6,fUST,0.00015,90,1,-2000.0,demand,2026-08-24T07:47:01.471534+00:00
da7eaa09-5bc5-4838-a390-e9cc735926a6,fUST,0.00015,120,1,-300000.0,demand,2026-08-24T07:47:01.471534+00:00
da7eaa09-5bc5-4838-a390-e9cc735926a6,fUST,0.00015,45,3,-14016.835705,demand,2026-08-24T07:47:01.471534+00:00
da7eaa09-5bc5-4838-a390-e9cc735926a6,fUST,0.00015,30,2,-11485.09510684,demand,2026-08-24T07:47:01.471534+00:00
da7eaa09-5bc5-4838-a390-e9cc735926a6,fUST,0.000142,45,2,-20000.0,demand,2026-08-24T07:47:01.471534+00:00
da7eaa09-5bc5-4838-a390-e9cc735926a6,fUST,0.00014000000000000001,60,1,-28000.0,demand,2026-08-24T07:47:01.471534+00:00
da7eaa09-5bc5-4838-a390-e9cc735926a6,fUST,0.000136,30,3,-19544.22120933,demand,2026-08-24T07:47:01.471534+00:00
da7eaa09-5bc5-4838-a390-e9cc735926a6,fUST,0.00013,30,1,-28000.0,demand,2026-08-24T07:47:01.471534+00:00
da7eaa09-5bc5-4838-a390-e9cc735926a6,fUST,0.000128,30,3,-30000.0,demand,2026-08-24T07:47:01.471534+00:00
da7eaa09-5bc5-4838-a390-e9cc735926a6,fUST,0.0001225,59,1,-95000.0,demand,2026-08-24T07:47:01.471534+00:00
da7eaa09-5bc5-4838-a390-e9cc735926a6,fUST,0.0001222,29,1,-194504.86890568,demand,2026-08-24T07:47:01.471534+00:00
da7eaa09-5bc5-4838-a390-e9cc735926a6,fUST,0.0001202,19,1,-184704.28009778,demand,2026-08-24T07:47:01.471534+00:00
da7eaa09-5bc5-4838-a390-e9cc735926a6,fUST,0.00012,120,1,-30000.0,demand,2026-08-24T07:47:01.471534+00:00
da7eaa09-5bc5-4838-a390-e9cc735926a6,fUST,0.00011086,2,1,-712929.65754086,demand,2026-08-24T07:47:01.471534+00:00
da7eaa09-5bc5-4838-a390-e9cc735926a6,fUST,0.0001101,2,1,-2000000.0,demand,2026-08-24T07:47:01.471534+00:00
da7eaa09-5bc5-4838-a390-e9cc735926a6,fUST,0.000101,120,1,-293300.0,demand,2026-08-24T07:47:01.471534+00:00
da7eaa09-5bc5-4838-a390-e9cc735926a6,fUST,8.1e-05,13,1,-220298.60067989,demand,2026-08-24T07:47:01.471534+00:00
da7eaa09-5bc5-4838-a390-e9cc735926a6,fUST,0.00015193,2,1,5000.0,offer,2026-08-24T07:47:01.471534+00:00
da7eaa09-5bc5-4838-a390-e9cc735926a6,fUST,0.00015346,2,3,991.48375691,offer,2026-08-24T07:47:01.471534+00:00
da7eaa09-5bc5-4838-a390-e9cc735926a6,fUST,0.00015625,2,1,561.979,offer,2026-08-24T07:47:01.471534+00:00
da7eaa09-5bc5-4838-a390-e9cc735926a6,fUST,0.00015894,2,1,355.0,offer,2026-08-24T07:47:01.471534+00:00
da7eaa09-5bc5-4838-a390-e9cc735926a6,fUST,0.000159344336,2,2,465.29505598,offer,2026-08-24T07:47:01.471534+00:00
da7eaa09-5bc5-4838-a390-e9cc735926a6,fUST,0.00015943,2,4,1384.71377352,offer,2026-08-24T07:47:01.471534+00:00
da7eaa09-5bc5-4838-a390-e9cc735926a6,fUST,0.00015944,2,25,542250.0,offer,2026-08-24T07:47:01.471534+00:00
da7eaa09-5bc5-4838-a390-e9cc735926a6,fUST,0.00016438356164383562,3,1,300.0,offer,2026-08-24T07:47:01.471534+00:00
da7eaa09-5bc5-4838-a390-e9cc735926a6,fUST,0.00016442,2,1,355.0,offer,2026-08-24T07:47:01.471534+00:00
da7eaa09-5bc5-4838-a390-e9cc735926a6,fUST,0.00016482433599999998,2,2,465.29505598,offer,2026-08-24T07:47:01.471534+00:00
da7eaa09-5bc5-4838-a390-e9cc735926a6,fUST,0.000168,2,1,166.0,offer,2026-08-24T07:47:01.471534+00:00
da7eaa09-5bc5-4838-a390-e9cc735926a6,fUST,0.00016888,2,1,11813.02131583,offer,2026-08-24T07:47:01.471534+00:00
da7eaa09-5bc5-4838-a390-e9cc735926a6,fUST,0.0001699,2,1,355.0,offer,2026-08-24T07:47:01.471534+00:00
da7eaa09-5bc5-4838-a390-e9cc735926a6,fUST,0.00016990136988,2,1,469.0739313,offer,2026-08-24T07:47:01.471534+00:00
da7eaa09-5bc5-4838-a390-e9cc735926a6,fUST,0.00016993698632,2,1,332.5067903,offer,2026-08-24T07:47:01.471534+00:00
da7eaa09-5bc5-4838-a390-e9cc735926a6,fUST,0.000170304336,2,2,465.29505598,offer,2026-08-24T07:47:01.471534+00:00
da7eaa09-5bc5-4838-a390-e9cc735926a6,fUST,0.00017116908219178082,2,2,781.81071091,offer,2026-08-24T07:47:01.471534+00:00
da7eaa09-5bc5-4838-a390-e9cc735926a6,fUST,0.00017148714726027397,2,13,2390.69879139,offer,2026-08-24T07:47:01.471534+00:00
da7eaa09-5bc5-4838-a390-e9cc735926a6,fUST,0.00017148767123287672,2,1,507.62858261,offer,2026-08-24T07:47:01.471534+00:00
da7eaa09-5bc5-4838-a390-e9cc735926a6,fUST,0.00017421,2,1,1265.85725295,offer,2026-08-24T07:47:01.471534+00:00
da7eaa09-5bc5-4838-a390-e9cc735926a6,fUST,0.0001747945205479452,3,1,194.73006318,offer,2026-08-24T07:47:01.471534+00:00
da7eaa09-5bc5-4838-a390-e9cc735926a6,fUST,0.00017526,2,1,152.35456437,offer,2026-08-24T07:47:01.471534+00:00
da7eaa09-5bc5-4838-a390-e9cc735926a6,fUST,0.00017538,2,1,355.0,offer,2026-08-24T07:47:01.471534+00:00
da7eaa09-5bc5-4838-a390-e9cc735926a6,fUST,0.000175784336,2,2,465.29505598,offer,2026-08-24T07:47:01.471534+00:00
da7eaa09-5bc5-4838-a390-e9cc735926a6,fUST,0.00017744000000000004,2,1,207.35181979,offer,2026-08-24T07:47:01.471534+00:00
1b80b78e-e2bc-4a50-811c-b1bddee0bd5d,fUST,0.000557482,2,1,-150.0,demand,2026-08-24T08:47:01.609647+00:00
1b80b78e-e2bc-4a50-811c-b1bddee0bd5d,fUST,0.0002671232876712329,120,1,-1242525.55451035,demand,2026-08-24T08:47:01.609647+00:00
1b80b78e-e2bc-4a50-811c-b1bddee0bd5d,fUST,0.000258189041,120,1,-1000.0,demand,2026-08-24T08:47:01.609647+00:00
1b80b78e-e2bc-4a50-811c-b1bddee0bd5d,fUST,0.000256830136,120,1,-633.63453641,demand,2026-08-24T08:47:01.609647+00:00
1b80b78e-e2bc-4a50-811c-b1bddee0bd5d,fUST,0.000247980821,120,1,-64554.0,demand,2026-08-24T08:47:01.609647+00:00
1b80b78e-e2bc-4a50-811c-b1bddee0bd5d,fUST,0.0002435123287671233,60,1,-1191091.98390335,demand,2026-08-24T08:47:01.609647+00:00
1b80b78e-e2bc-4a50-811c-b1bddee0bd5d,fUST,0.00016,120,1,-2000.0,demand,2026-08-24T08:47:01.609647+00:00
1b80b78e-e2bc-4a50-811c-b1bddee0bd5d,fUST,0.00016,60,19,-413994.71105675,demand,2026-08-24T08:47:01.609647+00:00
1b80b78e-e2bc-4a50-811c-b1bddee0bd5d,fUST,0.00015,90,1,-2000.0,demand,2026-08-24T08:47:01.609647+00:00
1b80b78e-e2bc-4a50-811c-b1bddee0bd5d,fUST,0.00015,120,1,-300000.0,demand,2026-08-24T08:47:01.609647+00:00
1b80b78e-e2bc-4a50-811c-b1bddee0bd5d,fUST,0.00015,45,3,-14016.835705,demand,2026-08-24T08:47:01.609647+00:00
1b80b78e-e2bc-4a50-811c-b1bddee0bd5d,fUST,0.00015,30,2,-11485.09510684,demand,2026-08-24T08:47:01.609647+00:00
1b80b78e-e2bc-4a50-811c-b1bddee0bd5d,fUST,0.000142,45,2,-20000.0,demand,2026-08-24T08:47:01.609647+00:00
1b80b78e-e2bc-4a50-811c-b1bddee0bd5d,fUST,0.00014000000000000001,60,1,-28000.0,demand,2026-08-24T08:47:01.609647+00:00
1b80b78e-e2bc-4a50-811c-b1bddee0bd5d,fUST,0.000136,30,3,-19544.22120933,demand,2026-08-24T08:47:01.609647+00:00
1b80b78e-e2bc-4a50-811c-b1bddee0bd5d,fUST,0.00013,30,1,-28000.0,demand,2026-08-24T08:47:01.609647+00:00
1b80b78e-e2bc-4a50-811c-b1bddee0bd5d,fUST,0.000128,30,3,-30000.0,demand,2026-08-24T08:47:01.609647+00:00
1b80b78e-e2bc-4a50-811c-b1bddee0bd5d,fUST,0.0001225,59,1,-95000.0,demand,2026-08-24T08:47:01.609647+00:00
1b80b78e-e2bc-4a50-811c-b1bddee0bd5d,fUST,0.0001222,29,1,-194504.86890568,demand,2026-08-24T08:47:01.609647+00:00
1b80b78e-e2bc-4a50-811c-b1bddee0bd5d,fUST,0.0001202,19,1,-184704.28009778,demand,2026-08-24T08:47:01.609647+00:00
1b80b78e-e2bc-4a50-811c-b1bddee0bd5d,fUST,0.00012,120,1,-30000.0,demand,2026-08-24T08:47:01.609647+00:00
1b80b78e-e2bc-4a50-811c-b1bddee0bd5d,fUST,0.00011086,2,1,-711002.41819336,demand,2026-08-24T08:47:01.609647+00:00
1b80b78e-e2bc-4a50-811c-b1bddee0bd5d,fUST,0.0001101,2,1,-2000000.0,demand,2026-08-24T08:47:01.609647+00:00
1b80b78e-e2bc-4a50-811c-b1bddee0bd5d,fUST,0.000101,120,1,-293300.0,demand,2026-08-24T08:47:01.609647+00:00
1b80b78e-e2bc-4a50-811c-b1bddee0bd5d,fUST,8.1e-05,13,1,-220298.60067989,demand,2026-08-24T08:47:01.609647+00:00
1b80b78e-e2bc-4a50-811c-b1bddee0bd5d,fUST,0.00013999,2,11,4948.88468459,offer,2026-08-24T08:47:01.609647+00:00
1b80b78e-e2bc-4a50-811c-b1bddee0bd5d,fUST,0.00014,2,1,9626.009044,offer,2026-08-24T08:47:01.609647+00:00
1b80b78e-e2bc-4a50-811c-b1bddee0bd5d,fUST,0.0001420839,2,1,227.874413,offer,2026-08-24T08:47:01.609647+00:00
1b80b78e-e2bc-4a50-811c-b1bddee0bd5d,fUST,0.00014334,2,1,500.0,offer,2026-08-24T08:47:01.609647+00:00
1b80b78e-e2bc-4a50-811c-b1bddee0bd5d,fUST,0.0001433439,2,1,11338.4993663,offer,2026-08-24T08:47:01.609647+00:00
1b80b78e-e2bc-4a50-811c-b1bddee0bd5d,fUST,0.00014437,2,2,1000.0,offer,2026-08-24T08:47:01.609647+00:00
1b80b78e-e2bc-4a50-811c-b1bddee0bd5d,fUST,0.00014621760000000004,2,1,180.0,offer,2026-08-24T08:47:01.609647+00:00
1b80b78e-e2bc-4a50-811c-b1bddee0bd5d,fUST,0.00014885136,2,1,2107.3327357,offer,2026-08-24T08:47:01.609647+00:00
1b80b78e-e2bc-4a50-811c-b1bddee0bd5d,fUST,0.00014999,2,1,172.12720263,offer,2026-08-24T08:47:01.609647+00:00
1b80b78e-e2bc-4a50-811c-b1bddee0bd5d,fUST,0.00015,2,2,440.93963839,offer,2026-08-24T08:47:01.609647+00:00
1b80b78e-e2bc-4a50-811c-b1bddee0bd5d,fUST,0.00015013,2,1,355.0,offer,2026-08-24T08:47:01.609647+00:00
1b80b78e-e2bc-4a50-811c-b1bddee0bd5d,fUST,0.0001502008596,2,1,1058.042036,offer,2026-08-24T08:47:01.609647+00:00
1b80b78e-e2bc-4a50-811c-b1bddee0bd5d,fUST,0.00015068493150684933,2,1,165.0518181,offer,2026-08-24T08:47:01.609647+00:00
1b80b78e-e2bc-4a50-811c-b1bddee0bd5d,fUST,0.00015561,2,1,355.0,offer,2026-08-24T08:47:01.609647+00:00
1b80b78e-e2bc-4a50-811c-b1bddee0bd5d,fUST,0.00015651359932602742,2,1,511.4553669,offer,2026-08-24T08:47:01.609647+00:00
1b80b78e-e2bc-4a50-811c-b1bddee0bd5d,fUST,0.0001565235993260274,2,1,1058.042036,offer,2026-08-24T08:47:01.609647+00:00
1b80b78e-e2bc-4a50-811c-b1bddee0bd5d,fUST,0.000159,2,1,161.0,offer,2026-08-24T08:47:01.609647+00:00
1b80b78e-e2bc-4a50-811c-b1bddee0bd5d,fUST,0.00015928,3,3,941.27,offer,2026-08-24T08:47:01.609647+00:00
1b80b78e-e2bc-4a50-811c-b1bddee0bd5d,fUST,0.0001593,2,1,542.696,offer,2026-08-24T08:47:01.609647+00:00
1b80b78e-e2bc-4a50-811c-b1bddee0bd5d,fUST,0.00015937,2,2,875.38041393,offer,2026-08-24T08:47:01.609647+00:00
1b80b78e-e2bc-4a50-811c-b1bddee0bd5d,fUST,0.00015938,2,25,130527.00163153,offer,2026-08-24T08:47:01.609647+00:00
1b80b78e-e2bc-4a50-811c-b1bddee0bd5d,fUST,0.00015939,2,37,495487.87979209,offer,2026-08-24T08:47:01.609647+00:00
1b80b78e-e2bc-4a50-811c-b1bddee0bd5d,fUST,0.0001594,2,1,201.95,offer,2026-08-24T08:47:01.609647+00:00
1b80b78e-e2bc-4a50-811c-b1bddee0bd5d,fUST,0.00015942,2,7,128610.23664115,offer,2026-08-24T08:47:01.609647+00:00
1b80b78e-e2bc-4a50-811c-b1bddee0bd5d,fUST,0.00015943,2,3,10164.51928539,offer,2026-08-24T08:47:01.609647+00:00
182e1b00-b469-4851-bf26-c701c0b82bed,fUST,0.000797482,2,1,-150.0,demand,2026-08-24T09:47:01.848148+00:00
182e1b00-b469-4851-bf26-c701c0b82bed,fUST,0.0002671232876712329,120,1,-1236883.78367067,demand,2026-08-24T09:47:01.848148+00:00
182e1b00-b469-4851-bf26-c701c0b82bed,fUST,0.000258189041,120,1,-1000.0,demand,2026-08-24T09:47:01.848148+00:00
182e1b00-b469-4851-bf26-c701c0b82bed,fUST,0.000256830136,120,1,-633.63453641,demand,2026-08-24T09:47:01.848148+00:00
182e1b00-b469-4851-bf26-c701c0b82bed,fUST,0.000247980821,120,1,-64554.0,demand,2026-08-24T09:47:01.848148+00:00
182e1b00-b469-4851-bf26-c701c0b82bed,fUST,0.00024289041095890411,60,1,-1189091.98390335,demand,2026-08-24T09:47:01.848148+00:00
182e1b00-b469-4851-bf26-c701c0b82bed,fUST,0.00016,120,1,-2000.0,demand,2026-08-24T09:47:01.848148+00:00
182e1b00-b469-4851-bf26-c701c0b82bed,fUST,0.00016,60,19,-413994.71105675,demand,2026-08-24T09:47:01.848148+00:00
182e1b00-b469-4851-bf26-c701c0b82bed,fUST,0.00015,90,1,-2000.0,demand,2026-08-24T09:47:01.848148+00:00
182e1b00-b469-4851-bf26-c701c0b82bed,fUST,0.00015,120,1,-300000.0,demand,2026-08-24T09:47:01.848148+00:00
182e1b00-b469-4851-bf26-c701c0b82bed,fUST,0.00015,45,3,-14016.835705,demand,2026-08-24T09:47:01.848148+00:00
182e1b00-b469-4851-bf26-c701c0b82bed,fUST,0.00015,30,3,-16659.09510684,demand,2026-08-24T09:47:01.848148+00:00
182e1b00-b469-4851-bf26-c701c0b82bed,fUST,0.000142,45,2,-20000.0,demand,2026-08-24T09:47:01.848148+00:00
182e1b00-b469-4851-bf26-c701c0b82bed,fUST,0.00014000000000000001,60,1,-28000.0,demand,2026-08-24T09:47:01.848148+00:00
182e1b00-b469-4851-bf26-c701c0b82bed,fUST,0.000136,30,3,-19544.22120933,demand,2026-08-24T09:47:01.848148+00:00
182e1b00-b469-4851-bf26-c701c0b82bed,fUST,0.00013,30,1,-28000.0,demand,2026-08-24T09:47:01.848148+00:00
182e1b00-b469-4851-bf26-c701c0b82bed,fUST,0.000128,30,3,-30000.0,demand,2026-08-24T09:47:01.848148+00:00
182e1b00-b469-4851-bf26-c701c0b82bed,fUST,0.0001225,59,1,-95000.0,demand,2026-08-24T09:47:01.848148+00:00
182e1b00-b469-4851-bf26-c701c0b82bed,fUST,0.0001222,29,1,-194504.86890568,demand,2026-08-24T09:47:01.848148+00:00
182e1b00-b469-4851-bf26-c701c0b82bed,fUST,0.0001202,19,1,-184704.28009778,demand,2026-08-24T09:47:01.848148+00:00
182e1b00-b469-4851-bf26-c701c0b82bed,fUST,0.00012,120,1,-30000.0,demand,2026-08-24T09:47:01.848148+00:00
182e1b00-b469-4851-bf26-c701c0b82bed,fUST,0.00011086,2,1,-681166.17233879,demand,2026-08-24T09:47:01.848148+00:00
182e1b00-b469-4851-bf26-c701c0b82bed,fUST,0.0001101,2,1,-2000000.0,demand,2026-08-24T09:47:01.848148+00:00
182e1b00-b469-4851-bf26-c701c0b82bed,fUST,0.000101,120,1,-293300.0,demand,2026-08-24T09:47:01.848148+00:00
182e1b00-b469-4851-bf26-c701c0b82bed,fUST,8.1e-05,13,1,-220298.60067989,demand,2026-08-24T09:47:01.848148+00:00
182e1b00-b469-4851-bf26-c701c0b82bed,fUST,0.00015322,2,1,5000.0,offer,2026-08-24T09:47:01.848148+00:00
182e1b00-b469-4851-bf26-c701c0b82bed,fUST,0.00015477,2,1,150.01,offer,2026-08-24T09:47:01.848148+00:00
182e1b00-b469-4851-bf26-c701c0b82bed,fUST,0.00015487,2,1,150.0,offer,2026-08-24T09:47:01.848148+00:00
182e1b00-b469-4851-bf26-c701c0b82bed,fUST,0.000154873,2,1,26.92754038,offer,2026-08-24T09:47:01.848148+00:00
182e1b00-b469-4851-bf26-c701c0b82bed,fUST,0.000154883,2,1,333.80829695,offer,2026-08-24T09:47:01.848148+00:00
182e1b00-b469-4851-bf26-c701c0b82bed,fUST,0.00015630188119999998,2,3,471.80276571,offer,2026-08-24T09:47:01.848148+00:00
182e1b00-b469-4851-bf26-c701c0b82bed,fUST,0.00015797046,7,1,265.92011176,offer,2026-08-24T09:47:01.848148+00:00
182e1b00-b469-4851-bf26-c701c0b82bed,fUST,0.00016136712331,2,1,465.975203,offer,2026-08-24T09:47:01.848148+00:00
182e1b00-b469-4851-bf26-c701c0b82bed,fUST,0.0001617,2,3,604.56012716,offer,2026-08-24T09:47:01.848148+00:00
182e1b00-b469-4851-bf26-c701c0b82bed,fUST,0.00016284300000000003,2,46,22483.61720517,offer,2026-08-24T09:47:01.848148+00:00
182e1b00-b469-4851-bf26-c701c0b82bed,fUST,0.00016287,2,1,355.0,offer,2026-08-24T09:47:01.848148+00:00
182e1b00-b469-4851-bf26-c701c0b82bed,fUST,0.000162873,2,4,1658.85,offer,2026-08-24T09:47:01.848148+00:00
182e1b00-b469-4851-bf26-c701c0b82bed,fUST,0.000162883,2,21,329331.95514698,offer,2026-08-24T09:47:01.848148+00:00
182e1b00-b469-4851-bf26-c701c0b82bed,fUST,0.00016438,2,1,500.0,offer,2026-08-24T09:47:01.848148+00:00
182e1b00-b469-4851-bf26-c701c0b82bed,fUST,0.00016438356164383562,3,1,300.0,offer,2026-08-24T09:47:01.848148+00:00
182e1b00-b469-4851-bf26-c701c0b82bed,fUST,0.0001644,2,1,293.01093918,offer,2026-08-24T09:47:01.848148+00:00
182e1b00-b469-4851-bf26-c701c0b82bed,fUST,0.0001644231,2,1,1804.48,offer,2026-08-24T09:47:01.848148+00:00
182e1b00-b469-4851-bf26-c701c0b82bed,fUST,0.00016444452500000002,2,3,859.00223064,offer,2026-08-24T09:47:01.848148+00:00
182e1b00-b469-4851-bf26-c701c0b82bed,fUST,0.00016474,2,1,159.0,offer,2026-08-24T09:47:01.848148+00:00
182e1b00-b469-4851-bf26-c701c0b82bed,fUST,0.00016586242279999997,2,3,704.05209084,offer,2026-08-24T09:47:01.848148+00:00
182e1b00-b469-4851-bf26-c701c0b82bed,fUST,0.000165962,2,4,210864.666,offer,2026-08-24T09:47:01.848148+00:00
182e1b00-b469-4851-bf26-c701c0b82bed,fUST,0.00016612,2,16,5100.0,offer,2026-08-24T09:47:01.848148+00:00
182e1b00-b469-4851-bf26-c701c0b82bed,fUST,0.000167184525,2,1,158.42108543,offer,2026-08-24T09:47:01.848148+00:00
182e1b00-b469-4851-bf26-c701c0b82bed,fUST,0.00016726284000000003,7,1,398.88016766,offer,2026-08-24T09:47:01.848148+00:00
182e1b00-b469-4851-bf26-c701c0b82bed,fUST,0.00016835,2,1,355.0,offer,2026-08-24T09:47:01.848148+00:00
036a6e74-649c-48f0-95bb-576eca2702a6,fUST,0.000957482,2,1,-150.0,demand,2026-08-24T10:47:02.202918+00:00
036a6e74-649c-48f0-95bb-576eca2702a6,fUST,0.000937482,2,1,-150.0,demand,2026-08-24T10:47:02.202918+00:00
036a6e74-649c-48f0-95bb-576eca2702a6,fUST,0.0002671232876712329,120,1,-3793196.74827744,demand,2026-08-24T10:47:02.202918+00:00
036a6e74-649c-48f0-95bb-576eca2702a6,fUST,0.000258189041,120,1,-1000.0,demand,2026-08-24T10:47:02.202918+00:00
036a6e74-649c-48f0-95bb-576eca2702a6,fUST,0.000256830136,120,1,-633.63453641,demand,2026-08-24T10:47:02.202918+00:00
036a6e74-649c-48f0-95bb-576eca2702a6,fUST,0.000247980821,120,1,-64554.0,demand,2026-08-24T10:47:02.202918+00:00
036a6e74-649c-48f0-95bb-576eca2702a6,fUST,0.00024306575342465753,60,1,-5000000.0,demand,2026-08-24T10:47:02.202918+00:00
036a6e74-649c-48f0-95bb-576eca2702a6,fUST,0.00016,120,1,-2000.0,demand,2026-08-24T10:47:02.202918+00:00
036a6e74-649c-48f0-95bb-576eca2702a6,fUST,0.00016,60,19,-413994.71105675,demand,2026-08-24T10:47:02.202918+00:00
036a6e74-649c-48f0-95bb-576eca2702a6,fUST,0.00015,90,1,-2000.0,demand,2026-08-24T10:47:02.202918+00:00
036a6e74-649c-48f0-95bb-576eca2702a6,fUST,0.00015,120,1,-300000.0,demand,2026-08-24T10:47:02.202918+00:00
036a6e74-649c-48f0-95bb-576eca2702a6,fUST,0.00015,45,3,-14016.835705,demand,2026-08-24T10:47:02.202918+00:00
036a6e74-649c-48f0-95bb-576eca2702a6,fUST,0.00015,30,3,-16659.09510684,demand,2026-08-24T10:47:02.202918+00:00
036a6e74-649c-48f0-95bb-576eca2702a6,fUST,0.000142,45,2,-20000.0,demand,2026-08-24T10:47:02.202918+00:00
036a6e74-649c-48f0-95bb-576eca2702a6,fUST,0.00014000000000000001,60,1,-28000.0,demand,2026-08-24T10:47:02.202918+00:00
036a6e74-649c-48f0-95bb-576eca2702a6,fUST,0.000136,30,3,-19544.22120933,demand,2026-08-24T10:47:02.202918+00:00
036a6e74-649c-48f0-95bb-576eca2702a6,fUST,0.00013,30,1,-28000.0,demand,2026-08-24T10:47:02.202918+00:00
036a6e74-649c-48f0-95bb-576eca2702a6,fUST,0.000128,30,3,-30000.0,demand,2026-08-24T10:47:02.202918+00:00
036a6e74-649c-48f0-95bb-576eca2702a6,fUST,0.000125,14,1,-5174.0,demand,2026-08-24T10:47:02.202918+00:00
036a6e74-649c-48f0-95bb-576eca2702a6,fUST,0.0001225,59,1,-95000.0,demand,2026-08-24T10:47:02.202918+00:00
036a6e74-649c-48f0-95bb-576eca2702a6,fUST,0.0001222,29,1,-194504.86890568,demand,2026-08-24T10:47:02.202918+00:00
036a6e74-649c-48f0-95bb-576eca2702a6,fUST,0.0001202,19,1,-184704.28009778,demand,2026-08-24T10:47:02.202918+00:00
036a6e74-649c-48f0-95bb-576eca2702a6,fUST,0.00012,120,1,-30000.0,demand,2026-08-24T10:47:02.202918+00:00
036a6e74-649c-48f0-95bb-576eca2702a6,fUST,0.00011086,2,1,-673494.11049007,demand,2026-08-24T10:47:02.202918+00:00
036a6e74-649c-48f0-95bb-576eca2702a6,fUST,0.0001101,2,1,-2000000.0,demand,2026-08-24T10:47:02.202918+00:00
036a6e74-649c-48f0-95bb-576eca2702a6,fUST,0.00013406693109657532,2,2,302.0,offer,2026-08-24T10:47:02.202918+00:00
036a6e74-649c-48f0-95bb-576eca2702a6,fUST,0.00013821333102739724,14,1,102.06745998,offer,2026-08-24T10:47:02.202918+00:00
036a6e74-649c-48f0-95bb-576eca2702a6,fUST,0.00014292730000000002,2,3,1046.90796023,offer,2026-08-24T10:47:02.202918+00:00
036a6e74-649c-48f0-95bb-576eca2702a6,fUST,0.0001429373,2,1,15000.0,offer,2026-08-24T10:47:02.202918+00:00
036a6e74-649c-48f0-95bb-576eca2702a6,fUST,0.0001441361,2,1,1202.4068085,offer,2026-08-24T10:47:02.202918+00:00
036a6e74-649c-48f0-95bb-576eca2702a6,fUST,0.00014579,2,15,4500.0,offer,2026-08-24T10:47:02.202918+00:00
036a6e74-649c-48f0-95bb-576eca2702a6,fUST,0.0001473613,2,1,407.968067,offer,2026-08-24T10:47:02.202918+00:00
036a6e74-649c-48f0-95bb-576eca2702a6,fUST,0.0001480701,2,5,1537.94550564,offer,2026-08-24T10:47:02.202918+00:00
036a6e74-649c-48f0-95bb-576eca2702a6,fUST,0.0001487,2,1,600.0,offer,2026-08-24T10:47:02.202918+00:00
036a6e74-649c-48f0-95bb-576eca2702a6,fUST,0.00014889107651006712,2,1,160.0,offer,2026-08-24T10:47:02.202918+00:00
036a6e74-649c-48f0-95bb-576eca2702a6,fUST,0.00014920641964289084,7,1,157.51322812,offer,2026-08-24T10:47:02.202918+00:00
036a6e74-649c-48f0-95bb-576eca2702a6,fUST,0.00014927039750958903,2,2,302.0,offer,2026-08-24T10:47:02.202918+00:00
036a6e74-649c-48f0-95bb-576eca2702a6,fUST,0.00015,2,2,792.31202145,offer,2026-08-24T10:47:02.202918+00:00
036a6e74-649c-48f0-95bb-576eca2702a6,fUST,0.00015068493150684933,2,1,175.08473,offer,2026-08-24T10:47:02.202918+00:00
036a6e74-649c-48f0-95bb-576eca2702a6,fUST,0.00015219054803574866,7,1,157.51322812,offer,2026-08-24T10:47:02.202918+00:00
036a6e74-649c-48f0-95bb-576eca2702a6,fUST,0.0001528201,2,1,150.0,offer,2026-08-24T10:47:02.202918+00:00
036a6e74-649c-48f0-95bb-576eca2702a6,fUST,0.0001562177525070707,2,1,781.17733694,offer,2026-08-24T10:47:02.202918+00:00
036a6e74-649c-48f0-95bb-576eca2702a6,fUST,0.0001566667406250354,7,1,157.51322812,offer,2026-08-24T10:47:02.202918+00:00
036a6e74-649c-48f0-95bb-576eca2702a6,fUST,0.0001579833,2,1,392.72,offer,2026-08-24T10:47:02.202918+00:00
036a6e74-649c-48f0-95bb-576eca2702a6,fUST,0.00015999000000000002,2,3,1181.59500979,offer,2026-08-24T10:47:02.202918+00:00
036a6e74-649c-48f0-95bb-576eca2702a6,fUST,0.00016,2,3,17483.763597,offer,2026-08-24T10:47:02.202918+00:00
036a6e74-649c-48f0-95bb-576eca2702a6,fUST,0.00016003700861195222,7,1,828.67858652,offer,2026-08-24T10:47:02.202918+00:00
036a6e74-649c-48f0-95bb-576eca2702a6,fUST,0.00016015,2,4,1855.0,offer,2026-08-24T10:47:02.202918+00:00
036a6e74-649c-48f0-95bb-576eca2702a6,fUST,0.00016015068493150685,2,1,500.0,offer,2026-08-24T10:47:02.202918+00:00
036a6e74-649c-48f0-95bb-576eca2702a6,fUST,0.00016106268333333334,2,7,1838.27684407,offer,2026-08-24T10:47:02.202918+00:00
80d85c9c-7a34-4169-bceb-125c13fe77e4,fUST,0.0002671232876712329,120,1,-3784136.96289526,demand,2026-08-24T11:47:01.757807+00:00
80d85c9c-7a34-4169-bceb-125c13fe77e4,fUST,0.000258189041,120,1,-1000.0,demand,2026-08-24T11:47:01.757807+00:00
80d85c9c-7a34-4169-bceb-125c13fe77e4,fUST,0.000256830136,120,1,-633.63453641,demand,2026-08-24T11:47:01.757807+00:00
80d85c9c-7a34-4169-bceb-125c13fe77e4,fUST,0.000247980821,120,1,-64554.0,demand,2026-08-24T11:47:01.757807+00:00
80d85c9c-7a34-4169-bceb-125c13fe77e4,fUST,0.00024215068493150686,60,1,-4999379.98367389,demand,2026-08-24T11:47:01.757807+00:00
80d85c9c-7a34-4169-bceb-125c13fe77e4,fUST,0.00019086,2,1,-150.0,demand,2026-08-24T11:47:01.757807+00:00
80d85c9c-7a34-4169-bceb-125c13fe77e4,fUST,0.00016,120,1,-2000.0,demand,2026-08-24T11:47:01.757807+00:00
80d85c9c-7a34-4169-bceb-125c13fe77e4,fUST,0.00016,60,19,-413994.71105675,demand,2026-08-24T11:47:01.757807+00:00
80d85c9c-7a34-4169-bceb-125c13fe77e4,fUST,0.00015,90,1,-2000.0,demand,2026-08-24T11:47:01.757807+00:00
80d85c9c-7a34-4169-bceb-125c13fe77e4,fUST,0.00015,120,1,-300000.0,demand,2026-08-24T11:47:01.757807+00:00
80d85c9c-7a34-4169-bceb-125c13fe77e4,fUST,0.00015,45,3,-14016.835705,demand,2026-08-24T11:47:01.757807+00:00
80d85c9c-7a34-4169-bceb-125c13fe77e4,fUST,0.00015,30,3,-16659.09510684,demand,2026-08-24T11:47:01.757807+00:00
80d85c9c-7a34-4169-bceb-125c13fe77e4,fUST,0.000142,45,2,-20000.0,demand,2026-08-24T11:47:01.757807+00:00
80d85c9c-7a34-4169-bceb-125c13fe77e4,fUST,0.00014000000000000001,60,1,-28000.0,demand,2026-08-24T11:47:01.757807+00:00
80d85c9c-7a34-4169-bceb-125c13fe77e4,fUST,0.000136,30,3,-19544.22120933,demand,2026-08-24T11:47:01.757807+00:00
80d85c9c-7a34-4169-bceb-125c13fe77e4,fUST,0.00013,30,1,-28000.0,demand,2026-08-24T11:47:01.757807+00:00
80d85c9c-7a34-4169-bceb-125c13fe77e4,fUST,0.000128,30,3,-30000.0,demand,2026-08-24T11:47:01.757807+00:00
80d85c9c-7a34-4169-bceb-125c13fe77e4,fUST,0.000125,14,1,-5174.0,demand,2026-08-24T11:47:01.757807+00:00
80d85c9c-7a34-4169-bceb-125c13fe77e4,fUST,0.0001225,59,1,-95000.0,demand,2026-08-24T11:47:01.757807+00:00
80d85c9c-7a34-4169-bceb-125c13fe77e4,fUST,0.0001222,29,1,-194504.86890568,demand,2026-08-24T11:47:01.757807+00:00
80d85c9c-7a34-4169-bceb-125c13fe77e4,fUST,0.0001202,19,1,-184704.28009778,demand,2026-08-24T11:47:01.757807+00:00
80d85c9c-7a34-4169-bceb-125c13fe77e4,fUST,0.00012,120,1,-30000.0,demand,2026-08-24T11:47:01.757807+00:00
80d85c9c-7a34-4169-bceb-125c13fe77e4,fUST,0.00011086,2,1,-574248.53892884,demand,2026-08-24T11:47:01.757807+00:00
80d85c9c-7a34-4169-bceb-125c13fe77e4,fUST,0.0001101,2,1,-2000000.0,demand,2026-08-24T11:47:01.757807+00:00
80d85c9c-7a34-4169-bceb-125c13fe77e4,fUST,0.000101,120,1,-293300.0,demand,2026-08-24T11:47:01.757807+00:00
80d85c9c-7a34-4169-bceb-125c13fe77e4,fUST,0.00013698,2,2,850.0,offer,2026-08-24T11:47:01.757807+00:00
80d85c9c-7a34-4169-bceb-125c13fe77e4,fUST,0.00015013,2,1,355.0,offer,2026-08-24T11:47:01.757807+00:00
80d85c9c-7a34-4169-bceb-125c13fe77e4,fUST,0.00015199,2,1,500.0,offer,2026-08-24T11:47:01.757807+00:00
80d85c9c-7a34-4169-bceb-125c13fe77e4,fUST,0.0001529575,2,1,371.9700288,offer,2026-08-24T11:47:01.757807+00:00
80d85c9c-7a34-4169-bceb-125c13fe77e4,fUST,0.0001536718,2,1,272.8314862,offer,2026-08-24T11:47:01.757807+00:00
80d85c9c-7a34-4169-bceb-125c13fe77e4,fUST,0.00015561,2,1,355.0,offer,2026-08-24T11:47:01.757807+00:00
80d85c9c-7a34-4169-bceb-125c13fe77e4,fUST,0.0001568237,2,1,181.413639,offer,2026-08-24T11:47:01.757807+00:00
80d85c9c-7a34-4169-bceb-125c13fe77e4,fUST,0.0001577634,2,1,9334.4953428,offer,2026-08-24T11:47:01.757807+00:00
80d85c9c-7a34-4169-bceb-125c13fe77e4,fUST,0.00016007945205479451,2,1,270.11690852,offer,2026-08-24T11:47:01.757807+00:00
80d85c9c-7a34-4169-bceb-125c13fe77e4,fUST,0.00016008,2,14,6567.61329048,offer,2026-08-24T11:47:01.757807+00:00
80d85c9c-7a34-4169-bceb-125c13fe77e4,fUST,0.00016009,2,6,2993.92918741,offer,2026-08-24T11:47:01.757807+00:00
80d85c9c-7a34-4169-bceb-125c13fe77e4,fUST,0.00016109,2,1,355.0,offer,2026-08-24T11:47:01.757807+00:00
80d85c9c-7a34-4169-bceb-125c13fe77e4,fUST,0.00016657,2,1,355.0,offer,2026-08-24T11:47:01.757807+00:00
80d85c9c-7a34-4169-bceb-125c13fe77e4,fUST,0.00016725,2,1,453.723,offer,2026-08-24T11:47:01.757807+00:00
80d85c9c-7a34-4169-bceb-125c13fe77e4,fUST,0.00017039300342465755,2,6,2626.86244908,offer,2026-08-24T11:47:01.757807+00:00
80d85c9c-7a34-4169-bceb-125c13fe77e4,fUST,0.000170657,2,2,618.05856406,offer,2026-08-24T11:47:01.757807+00:00
80d85c9c-7a34-4169-bceb-125c13fe77e4,fUST,0.00017066,2,8,4012.63049676,offer,2026-08-24T11:47:01.757807+00:00
80d85c9c-7a34-4169-bceb-125c13fe77e4,fUST,0.000170667,2,24,541685.001,offer,2026-08-24T11:47:01.757807+00:00
80d85c9c-7a34-4169-bceb-125c13fe77e4,fUST,0.00017160325,2,2,506.18730538,offer,2026-08-24T11:47:01.757807+00:00
80d85c9c-7a34-4169-bceb-125c13fe77e4,fUST,0.00017205,2,1,355.0,offer,2026-08-24T11:47:01.757807+00:00
80d85c9c-7a34-4169-bceb-125c13fe77e4,fUST,0.0001737152001,2,1,218.851846,offer,2026-08-24T11:47:01.757807+00:00
80d85c9c-7a34-4169-bceb-125c13fe77e4,fUST,0.00017379,2,15,4500.0,offer,2026-08-24T11:47:01.757807+00:00
80d85c9c-7a34-4169-bceb-125c13fe77e4,fUST,0.00017708325,2,2,512.19539198,offer,2026-08-24T11:47:01.757807+00:00
80d85c9c-7a34-4169-bceb-125c13fe77e4,fUST,0.00017726,2,1,600.0,offer,2026-08-24T11:47:01.757807+00:00
80d85c9c-7a34-4169-bceb-125c13fe77e4,fUST,0.00017753,2,1,355.0,offer,2026-08-24T11:47:01.757807+00:00
ff6a1858-2e4c-4878-ac62-942f47619abf,fUST,0.0002671232876712329,120,1,-3689404.20143666,demand,2026-08-24T12:47:01.665833+00:00
ff6a1858-2e4c-4878-ac62-942f47619abf,fUST,0.000258189041,120,1,-1000.0,demand,2026-08-24T12:47:01.665833+00:00
ff6a1858-2e4c-4878-ac62-942f47619abf,fUST,0.000256830136,120,1,-633.63453641,demand,2026-08-24T12:47:01.665833+00:00
ff6a1858-2e4c-4878-ac62-942f47619abf,fUST,0.000247980821,120,1,-64554.0,demand,2026-08-24T12:47:01.665833+00:00
ff6a1858-2e4c-4878-ac62-942f47619abf,fUST,0.00023721369863013698,60,1,-4837341.93908607,demand,2026-08-24T12:47:01.665833+00:00
ff6a1858-2e4c-4878-ac62-942f47619abf,fUST,0.00016,120,1,-2000.0,demand,2026-08-24T12:47:01.665833+00:00
ff6a1858-2e4c-4878-ac62-942f47619abf,fUST,0.00016,60,19,-413994.71105675,demand,2026-08-24T12:47:01.665833+00:00
ff6a1858-2e4c-4878-ac62-942f47619abf,fUST,0.00015,90,1,-2000.0,demand,2026-08-24T12:47:01.665833+00:00
ff6a1858-2e4c-4878-ac62-942f47619abf,fUST,0.00015,120,1,-300000.0,demand,2026-08-24T12:47:01.665833+00:00
ff6a1858-2e4c-4878-ac62-942f47619abf,fUST,0.00015,45,3,-14016.835705,demand,2026-08-24T12:47:01.665833+00:00
ff6a1858-2e4c-4878-ac62-942f47619abf,fUST,0.00015,30,3,-16659.09510684,demand,2026-08-24T12:47:01.665833+00:00
ff6a1858-2e4c-4878-ac62-942f47619abf,fUST,0.000142,45,2,-20000.0,demand,2026-08-24T12:47:01.665833+00:00
ff6a1858-2e4c-4878-ac62-942f47619abf,fUST,0.00014000000000000001,60,1,-28000.0,demand,2026-08-24T12:47:01.665833+00:00
ff6a1858-2e4c-4878-ac62-942f47619abf,fUST,0.000136,30,3,-19544.22120933,demand,2026-08-24T12:47:01.665833+00:00
ff6a1858-2e4c-4878-ac62-942f47619abf,fUST,0.00013,30,1,-28000.0,demand,2026-08-24T12:47:01.665833+00:00
ff6a1858-2e4c-4878-ac62-942f47619abf,fUST,0.000128,30,3,-30000.0,demand,2026-08-24T12:47:01.665833+00:00
ff6a1858-2e4c-4878-ac62-942f47619abf,fUST,0.0001225,59,1,-95000.0,demand,2026-08-24T12:47:01.665833+00:00
ff6a1858-2e4c-4878-ac62-942f47619abf,fUST,0.0001222,29,1,-194504.86890568,demand,2026-08-24T12:47:01.665833+00:00
ff6a1858-2e4c-4878-ac62-942f47619abf,fUST,0.0001202,19,1,-184704.28009778,demand,2026-08-24T12:47:01.665833+00:00
ff6a1858-2e4c-4878-ac62-942f47619abf,fUST,0.00012,120,1,-30000.0,demand,2026-08-24T12:47:01.665833+00:00
ff6a1858-2e4c-4878-ac62-942f47619abf,fUST,0.00011086,2,1,-558137.31209581,demand,2026-08-24T12:47:01.665833+00:00
ff6a1858-2e4c-4878-ac62-942f47619abf,fUST,0.0001101,2,1,-2000000.0,demand,2026-08-24T12:47:01.665833+00:00
ff6a1858-2e4c-4878-ac62-942f47619abf,fUST,0.000101,120,1,-293300.0,demand,2026-08-24T12:47:01.665833+00:00
ff6a1858-2e4c-4878-ac62-942f47619abf,fUST,8.1e-05,13,1,-220298.60067989,demand,2026-08-24T12:47:01.665833+00:00
ff6a1858-2e4c-4878-ac62-942f47619abf,fUST,8e-05,2,1,-10000.0,demand,2026-08-24T12:47:01.665833+00:00
ff6a1858-2e4c-4878-ac62-942f47619abf,fUST,0.00011208,2,1,50.0,offer,2026-08-24T12:47:01.665833+00:00
ff6a1858-2e4c-4878-ac62-942f47619abf,fUST,0.00011403,2,1,5000.0,offer,2026-08-24T12:47:01.665833+00:00
ff6a1858-2e4c-4878-ac62-942f47619abf,fUST,0.0001175155,2,1,151.0,offer,2026-08-24T12:47:01.665833+00:00
ff6a1858-2e4c-4878-ac62-942f47619abf,fUST,0.00012113000000000001,2,11,5101.60767262,offer,2026-08-24T12:47:01.665833+00:00
ff6a1858-2e4c-4878-ac62-942f47619abf,fUST,0.00012115,2,2,466.79869106,offer,2026-08-24T12:47:01.665833+00:00
ff6a1858-2e4c-4878-ac62-942f47619abf,fUST,0.00012237,2,17,5268.04,offer,2026-08-24T12:47:01.665833+00:00
ff6a1858-2e4c-4878-ac62-942f47619abf,fUST,0.00012482,2,1,168.04,offer,2026-08-24T12:47:01.665833+00:00
ff6a1858-2e4c-4878-ac62-942f47619abf,fUST,0.00012726,2,1,168.04,offer,2026-08-24T12:47:01.665833+00:00
ff6a1858-2e4c-4878-ac62-942f47619abf,fUST,0.00013461,2,1,720.0,offer,2026-08-24T12:47:01.665833+00:00
ff6a1858-2e4c-4878-ac62-942f47619abf,fUST,0.00013698,2,20,9660.75696723,offer,2026-08-24T12:47:01.665833+00:00
ff6a1858-2e4c-4878-ac62-942f47619abf,fUST,0.000136986301369863,2,2,1903.7264065,offer,2026-08-24T12:47:01.665833+00:00
ff6a1858-2e4c-4878-ac62-942f47619abf,fUST,0.00013699,2,1,200.0,offer,2026-08-24T12:47:01.665833+00:00
ff6a1858-2e4c-4878-ac62-942f47619abf,fUST,0.00014309,2,1,500.0,offer,2026-08-24T12:47:01.665833+00:00
ff6a1858-2e4c-4878-ac62-942f47619abf,fUST,0.0001437951,2,1,193.487329,offer,2026-08-24T12:47:01.665833+00:00
ff6a1858-2e4c-4878-ac62-942f47619abf,fUST,0.0001439143,2,2,4222.8742456,offer,2026-08-24T12:47:01.665833+00:00
ff6a1858-2e4c-4878-ac62-942f47619abf,fUST,0.00014806000000000002,2,3,963.15578706,offer,2026-08-24T12:47:01.665833+00:00
ff6a1858-2e4c-4878-ac62-942f47619abf,fUST,0.00014807,2,1,864.0,offer,2026-08-24T12:47:01.665833+00:00
ff6a1858-2e4c-4878-ac62-942f47619abf,fUST,0.00015013,2,1,355.0,offer,2026-08-24T12:47:01.665833+00:00
ff6a1858-2e4c-4878-ac62-942f47619abf,fUST,0.00015386085342465754,2,1,193.487329,offer,2026-08-24T12:47:01.665833+00:00
ff6a1858-2e4c-4878-ac62-942f47619abf,fUST,0.00015561,2,1,355.0,offer,2026-08-24T12:47:01.665833+00:00
ff6a1858-2e4c-4878-ac62-942f47619abf,fUST,0.0001575,2,1,500.0,offer,2026-08-24T12:47:01.665833+00:00
ff6a1858-2e4c-4878-ac62-942f47619abf,fUST,0.0001575077238,2,1,218.851846,offer,2026-08-24T12:47:01.665833+00:00
ff6a1858-2e4c-4878-ac62-942f47619abf,fUST,0.00016109,2,1,355.0,offer,2026-08-24T12:47:01.665833+00:00
ff6a1858-2e4c-4878-ac62-942f47619abf,fUST,0.00016287,2,1,1000.0,offer,2026-08-24T12:47:01.665833+00:00
ff6a1858-2e4c-4878-ac62-942f47619abf,fUST,0.0001641381347589041,2,1,218.851846,offer,2026-08-24T12:47:01.665833+00:00
f6d41752-9fcc-4821-a3c4-c29cf1b7eee4,fUST,0.0002671232876712329,120,1,-3601427.39940129,demand,2026-08-24T13:47:01.642994+00:00
f6d41752-9fcc-4821-a3c4-c29cf1b7eee4,fUST,0.000258189041,120,1,-1000.0,demand,2026-08-24T13:47:01.642994+00:00
f6d41752-9fcc-4821-a3c4-c29cf1b7eee4,fUST,0.000256830136,120,1,-633.63453641,demand,2026-08-24T13:47:01.642994+00:00
f6d41752-9fcc-4821-a3c4-c29cf1b7eee4,fUST,0.000247980821,120,1,-64554.0,demand,2026-08-24T13:47:01.642994+00:00
f6d41752-9fcc-4821-a3c4-c29cf1b7eee4,fUST,0.00023573972602739727,60,1,-4053961.33589935,demand,2026-08-24T13:47:01.642994+00:00
f6d41752-9fcc-4821-a3c4-c29cf1b7eee4,fUST,0.00016,120,1,-2000.0,demand,2026-08-24T13:47:01.642994+00:00
f6d41752-9fcc-4821-a3c4-c29cf1b7eee4,fUST,0.00016,60,19,-413276.1016179,demand,2026-08-24T13:47:01.642994+00:00
f6d41752-9fcc-4821-a3c4-c29cf1b7eee4,fUST,0.00015,90,1,-2000.0,demand,2026-08-24T13:47:01.642994+00:00
f6d41752-9fcc-4821-a3c4-c29cf1b7eee4,fUST,0.00015,120,1,-300000.0,demand,2026-08-24T13:47:01.642994+00:00
f6d41752-9fcc-4821-a3c4-c29cf1b7eee4,fUST,0.00015,45,3,-13845.272985,demand,2026-08-24T13:47:01.642994+00:00
f6d41752-9fcc-4821-a3c4-c29cf1b7eee4,fUST,0.00015,30,3,-16659.09510684,demand,2026-08-24T13:47:01.642994+00:00
f6d41752-9fcc-4821-a3c4-c29cf1b7eee4,fUST,0.000142,45,2,-20000.0,demand,2026-08-24T13:47:01.642994+00:00
f6d41752-9fcc-4821-a3c4-c29cf1b7eee4,fUST,0.00014000000000000001,60,1,-28000.0,demand,2026-08-24T13:47:01.642994+00:00
f6d41752-9fcc-4821-a3c4-c29cf1b7eee4,fUST,0.000136,30,3,-19544.22120933,demand,2026-08-24T13:47:01.642994+00:00
f6d41752-9fcc-4821-a3c4-c29cf1b7eee4,fUST,0.00013,30,1,-28000.0,demand,2026-08-24T13:47:01.642994+00:00
f6d41752-9fcc-4821-a3c4-c29cf1b7eee4,fUST,0.000128,30,3,-30000.0,demand,2026-08-24T13:47:01.642994+00:00
f6d41752-9fcc-4821-a3c4-c29cf1b7eee4,fUST,0.0001225,59,1,-95000.0,demand,2026-08-24T13:47:01.642994+00:00
f6d41752-9fcc-4821-a3c4-c29cf1b7eee4,fUST,0.0001222,29,1,-194504.86890568,demand,2026-08-24T13:47:01.642994+00:00
f6d41752-9fcc-4821-a3c4-c29cf1b7eee4,fUST,0.0001202,19,1,-184532.71737778,demand,2026-08-24T13:47:01.642994+00:00
f6d41752-9fcc-4821-a3c4-c29cf1b7eee4,fUST,0.00012,120,1,-30000.0,demand,2026-08-24T13:47:01.642994+00:00
f6d41752-9fcc-4821-a3c4-c29cf1b7eee4,fUST,0.00011086,2,1,-212125.62159545,demand,2026-08-24T13:47:01.642994+00:00
f6d41752-9fcc-4821-a3c4-c29cf1b7eee4,fUST,0.0001101,2,1,-2000000.0,demand,2026-08-24T13:47:01.642994+00:00
f6d41752-9fcc-4821-a3c4-c29cf1b7eee4,fUST,0.000101,120,1,-293300.0,demand,2026-08-24T13:47:01.642994+00:00
f6d41752-9fcc-4821-a3c4-c29cf1b7eee4,fUST,8.1e-05,13,1,-220298.60067989,demand,2026-08-24T13:47:01.642994+00:00
f6d41752-9fcc-4821-a3c4-c29cf1b7eee4,fUST,8e-05,2,1,-10000.0,demand,2026-08-24T13:47:01.642994+00:00
f6d41752-9fcc-4821-a3c4-c29cf1b7eee4,fUST,0.00011729,2,1,275.05958229,offer,2026-08-24T13:47:01.642994+00:00
f6d41752-9fcc-4821-a3c4-c29cf1b7eee4,fUST,0.0001174828,2,1,885.7772309,offer,2026-08-24T13:47:01.642994+00:00
f6d41752-9fcc-4821-a3c4-c29cf1b7eee4,fUST,0.0001183612,2,1,2366.6104016,offer,2026-08-24T13:47:01.642994+00:00
f6d41752-9fcc-4821-a3c4-c29cf1b7eee4,fUST,0.00011967,7,2,1098.29540628,offer,2026-08-24T13:47:01.642994+00:00
f6d41752-9fcc-4821-a3c4-c29cf1b7eee4,fUST,0.0001202688,2,1,495.8466136,offer,2026-08-24T13:47:01.642994+00:00
f6d41752-9fcc-4821-a3c4-c29cf1b7eee4,fUST,0.0001220634,7,1,844.20521829,offer,2026-08-24T13:47:01.642994+00:00
f6d41752-9fcc-4821-a3c4-c29cf1b7eee4,fUST,0.0001232876712328767,2,5,4152.28,offer,2026-08-24T13:47:01.642994+00:00
f6d41752-9fcc-4821-a3c4-c29cf1b7eee4,fUST,0.00012329,2,15,4500.0,offer,2026-08-24T13:47:01.642994+00:00
f6d41752-9fcc-4821-a3c4-c29cf1b7eee4,fUST,0.0001256335,2,16,8250.22354652,offer,2026-08-24T13:47:01.642994+00:00
f6d41752-9fcc-4821-a3c4-c29cf1b7eee4,fUST,0.0001256535,7,1,844.20521829,offer,2026-08-24T13:47:01.642994+00:00
f6d41752-9fcc-4821-a3c4-c29cf1b7eee4,fUST,0.00012575,2,1,600.0,offer,2026-08-24T13:47:01.642994+00:00
f6d41752-9fcc-4821-a3c4-c29cf1b7eee4,fUST,0.0001282147326,2,1,323.884628,offer,2026-08-24T13:47:01.642994+00:00
f6d41752-9fcc-4821-a3c4-c29cf1b7eee4,fUST,0.00012847,2,1,186.64424431,offer,2026-08-24T13:47:01.642994+00:00
f6d41752-9fcc-4821-a3c4-c29cf1b7eee4,fUST,0.0001292436,7,2,1225.34050027,offer,2026-08-24T13:47:01.642994+00:00
f6d41752-9fcc-4821-a3c4-c29cf1b7eee4,fUST,0.00013146035227272728,2,2,319.84003527,offer,2026-08-24T13:47:01.642994+00:00
f6d41752-9fcc-4821-a3c4-c29cf1b7eee4,fUST,0.00013155,2,1,237.04601243,offer,2026-08-24T13:47:01.642994+00:00
f6d41752-9fcc-4821-a3c4-c29cf1b7eee4,fUST,0.0001323287671232877,14,1,150.0,offer,2026-08-24T13:47:01.642994+00:00
f6d41752-9fcc-4821-a3c4-c29cf1b7eee4,fUST,0.00013247426772,2,9,2716.15536384,offer,2026-08-24T13:47:01.642994+00:00
f6d41752-9fcc-4821-a3c4-c29cf1b7eee4,fUST,0.00013255386552357695,2,4,15086.98661689,offer,2026-08-24T13:47:01.642994+00:00
f6d41752-9fcc-4821-a3c4-c29cf1b7eee4,fUST,0.0001336119928739726,2,1,323.884628,offer,2026-08-24T13:47:01.642994+00:00
f6d41752-9fcc-4821-a3c4-c29cf1b7eee4,fUST,0.00013403040000000002,7,1,844.20521831,offer,2026-08-24T13:47:01.642994+00:00
f6d41752-9fcc-4821-a3c4-c29cf1b7eee4,fUST,0.00013420035227272727,2,2,319.84003529,offer,2026-08-24T13:47:01.642994+00:00
f6d41752-9fcc-4821-a3c4-c29cf1b7eee4,fUST,0.000135,2,1,407.0,offer,2026-08-24T13:47:01.642994+00:00
f6d41752-9fcc-4821-a3c4-c29cf1b7eee4,fUST,0.00013521426772,2,1,157.36368125,offer,2026-08-24T13:47:01.642994+00:00
f6d41752-9fcc-4821-a3c4-c29cf1b7eee4,fUST,0.0001369403522727273,2,1,156.20367164,offer,2026-08-24T13:47:01.642994+00:00
81047624-ea0b-4053-a94d-94acda6c683d,fUST,0.0002671232876712329,120,1,-3522553.51428048,demand,2026-08-24T14:47:07.115847+00:00
81047624-ea0b-4053-a94d-94acda6c683d,fUST,0.000258189041,120,1,-1000.0,demand,2026-08-24T14:47:07.115847+00:00
81047624-ea0b-4053-a94d-94acda6c683d,fUST,0.000256830136,120,1,-633.63453641,demand,2026-08-24T14:47:07.115847+00:00
81047624-ea0b-4053-a94d-94acda6c683d,fUST,0.000247980821,120,1,-64554.0,demand,2026-08-24T14:47:07.115847+00:00
81047624-ea0b-4053-a94d-94acda6c683d,fUST,0.00023586301369863015,60,1,-4041728.28347741,demand,2026-08-24T14:47:07.115847+00:00
81047624-ea0b-4053-a94d-94acda6c683d,fUST,0.00016,120,1,-2000.0,demand,2026-08-24T14:47:07.115847+00:00
81047624-ea0b-4053-a94d-94acda6c683d,fUST,0.00016,60,19,-413276.1016179,demand,2026-08-24T14:47:07.115847+00:00
81047624-ea0b-4053-a94d-94acda6c683d,fUST,0.00015,90,1,-2000.0,demand,2026-08-24T14:47:07.115847+00:00
81047624-ea0b-4053-a94d-94acda6c683d,fUST,0.00015,120,1,-300000.0,demand,2026-08-24T14:47:07.115847+00:00
81047624-ea0b-4053-a94d-94acda6c683d,fUST,0.00015,45,3,-13845.272985,demand,2026-08-24T14:47:07.115847+00:00
81047624-ea0b-4053-a94d-94acda6c683d,fUST,0.00015,30,3,-16659.09510684,demand,2026-08-24T14:47:07.115847+00:00
81047624-ea0b-4053-a94d-94acda6c683d,fUST,0.000142,45,2,-20000.0,demand,2026-08-24T14:47:07.115847+00:00
81047624-ea0b-4053-a94d-94acda6c683d,fUST,0.00014000000000000001,60,1,-28000.0,demand,2026-08-24T14:47:07.115847+00:00
81047624-ea0b-4053-a94d-94acda6c683d,fUST,0.000136,30,3,-19544.22120933,demand,2026-08-24T14:47:07.115847+00:00
81047624-ea0b-4053-a94d-94acda6c683d,fUST,0.00013,30,1,-28000.0,demand,2026-08-24T14:47:07.115847+00:00
81047624-ea0b-4053-a94d-94acda6c683d,fUST,0.000128,30,3,-30000.0,demand,2026-08-24T14:47:07.115847+00:00
81047624-ea0b-4053-a94d-94acda6c683d,fUST,0.0001225,59,1,-95000.0,demand,2026-08-24T14:47:07.115847+00:00
81047624-ea0b-4053-a94d-94acda6c683d,fUST,0.0001222,29,1,-194504.86890568,demand,2026-08-24T14:47:07.115847+00:00
81047624-ea0b-4053-a94d-94acda6c683d,fUST,0.0001202,19,1,-184532.71737778,demand,2026-08-24T14:47:07.115847+00:00
81047624-ea0b-4053-a94d-94acda6c683d,fUST,0.00012,120,1,-30000.0,demand,2026-08-24T14:47:07.115847+00:00
81047624-ea0b-4053-a94d-94acda6c683d,fUST,0.00011086,2,1,-193470.44863498,demand,2026-08-24T14:47:07.115847+00:00
81047624-ea0b-4053-a94d-94acda6c683d,fUST,0.0001101,2,1,-2000000.0,demand,2026-08-24T14:47:07.115847+00:00
81047624-ea0b-4053-a94d-94acda6c683d,fUST,0.000101,120,1,-293300.0,demand,2026-08-24T14:47:07.115847+00:00
81047624-ea0b-4053-a94d-94acda6c683d,fUST,8.1e-05,13,1,-220298.60067989,demand,2026-08-24T14:47:07.115847+00:00
81047624-ea0b-4053-a94d-94acda6c683d,fUST,8e-05,2,1,-10000.0,demand,2026-08-24T14:47:07.115847+00:00
81047624-ea0b-4053-a94d-94acda6c683d,fUST,0.000112,2,1,3014.0,offer,2026-08-24T14:47:07.115847+00:00
81047624-ea0b-4053-a94d-94acda6c683d,fUST,0.00011294,7,1,304.87243421,offer,2026-08-24T14:47:07.115847+00:00
81047624-ea0b-4053-a94d-94acda6c683d,fUST,0.00011294,2,1,5891.84,offer,2026-08-24T14:47:07.115847+00:00
81047624-ea0b-4053-a94d-94acda6c683d,fUST,0.000115236,2,4,604.0,offer,2026-08-24T14:47:07.115847+00:00
81047624-ea0b-4053-a94d-94acda6c683d,fUST,0.00012096,2,2,302.0,offer,2026-08-24T14:47:07.115847+00:00
81047624-ea0b-4053-a94d-94acda6c683d,fUST,0.00012239,2,15,4500.0,offer,2026-08-24T14:47:07.115847+00:00
81047624-ea0b-4053-a94d-94acda6c683d,fUST,0.00013613,7,1,384.21594931,offer,2026-08-24T14:47:07.115847+00:00
81047624-ea0b-4053-a94d-94acda6c683d,fUST,0.0001388526,7,3,722.42390021,offer,2026-08-24T14:47:07.115847+00:00
81047624-ea0b-4053-a94d-94acda6c683d,fUST,0.0001408166,2,1,475.20296705,offer,2026-08-24T14:47:07.115847+00:00
81047624-ea0b-4053-a94d-94acda6c683d,fUST,0.0001408466,2,1,4689.6260554,offer,2026-08-24T14:47:07.115847+00:00
81047624-ea0b-4053-a94d-94acda6c683d,fUST,0.000141503544,2,1,182.340351,offer,2026-08-24T14:47:07.115847+00:00
81047624-ea0b-4053-a94d-94acda6c683d,fUST,0.0001417843,2,1,288.929435,offer,2026-08-24T14:47:07.115847+00:00
81047624-ea0b-4053-a94d-94acda6c683d,fUST,0.0001429365,7,2,538.21594931,offer,2026-08-24T14:47:07.115847+00:00
81047624-ea0b-4053-a94d-94acda6c683d,fUST,0.0001470204,7,3,814.52787567,offer,2026-08-24T14:47:07.115847+00:00
81047624-ea0b-4053-a94d-94acda6c683d,fUST,0.0001473667,2,1,152.63157894,offer,2026-08-24T14:47:07.115847+00:00
81047624-ea0b-4053-a94d-94acda6c683d,fUST,0.0001484189,2,1,152.63157894,offer,2026-08-24T14:47:07.115847+00:00
81047624-ea0b-4053-a94d-94acda6c683d,fUST,0.0001494711,2,1,152.63157894,offer,2026-08-24T14:47:07.115847+00:00
81047624-ea0b-4053-a94d-94acda6c683d,fUST,0.0001505233,2,1,152.63157894,offer,2026-08-24T14:47:07.115847+00:00
81047624-ea0b-4053-a94d-94acda6c683d,fUST,0.00015068493150684933,2,1,175.101265,offer,2026-08-24T14:47:07.115847+00:00
81047624-ea0b-4053-a94d-94acda6c683d,fUST,0.0001515756,2,1,152.63157894,offer,2026-08-24T14:47:07.115847+00:00
81047624-ea0b-4053-a94d-94acda6c683d,fUST,0.00015246560000000003,7,1,384.21594934,offer,2026-08-24T14:47:07.115847+00:00
81047624-ea0b-4053-a94d-94acda6c683d,fUST,0.0001526278,2,1,152.63157894,offer,2026-08-24T14:47:07.115847+00:00
81047624-ea0b-4053-a94d-94acda6c683d,fUST,0.00015368,2,1,152.63157894,offer,2026-08-24T14:47:07.115847+00:00
81047624-ea0b-4053-a94d-94acda6c683d,fUST,0.0001543621833,2,1,217.5672713,offer,2026-08-24T14:47:07.115847+00:00
81047624-ea0b-4053-a94d-94acda6c683d,fUST,0.0001547322,2,1,152.63157894,offer,2026-08-24T14:47:07.115847+00:00
e683ae74-84f6-4087-a9e1-8a16a4d60e8d,fUST,0.0002671232876712329,120,1,-3384389.26854329,demand,2026-08-24T15:47:01.662340+00:00
e683ae74-84f6-4087-a9e1-8a16a4d60e8d,fUST,0.000258189041,120,1,-1000.0,demand,2026-08-24T15:47:01.662340+00:00
e683ae74-84f6-4087-a9e1-8a16a4d60e8d,fUST,0.000256830136,120,1,-633.63453641,demand,2026-08-24T15:47:01.662340+00:00
e683ae74-84f6-4087-a9e1-8a16a4d60e8d,fUST,0.000247980821,120,1,-64554.0,demand,2026-08-24T15:47:01.662340+00:00
e683ae74-84f6-4087-a9e1-8a16a4d60e8d,fUST,0.00023601917808219178,60,1,-4037338.61900922,demand,2026-08-24T15:47:01.662340+00:00
e683ae74-84f6-4087-a9e1-8a16a4d60e8d,fUST,0.00016,120,1,-2000.0,demand,2026-08-24T15:47:01.662340+00:00
e683ae74-84f6-4087-a9e1-8a16a4d60e8d,fUST,0.00016,60,19,-413276.1016179,demand,2026-08-24T15:47:01.662340+00:00
e683ae74-84f6-4087-a9e1-8a16a4d60e8d,fUST,0.00015,90,1,-2000.0,demand,2026-08-24T15:47:01.662340+00:00
e683ae74-84f6-4087-a9e1-8a16a4d60e8d,fUST,0.00015,120,1,-300000.0,demand,2026-08-24T15:47:01.662340+00:00
e683ae74-84f6-4087-a9e1-8a16a4d60e8d,fUST,0.00015,45,3,-13845.272985,demand,2026-08-24T15:47:01.662340+00:00
e683ae74-84f6-4087-a9e1-8a16a4d60e8d,fUST,0.00015,30,2,-11485.09510684,demand,2026-08-24T15:47:01.662340+00:00
e683ae74-84f6-4087-a9e1-8a16a4d60e8d,fUST,0.000142,45,2,-20000.0,demand,2026-08-24T15:47:01.662340+00:00
e683ae74-84f6-4087-a9e1-8a16a4d60e8d,fUST,0.00014000000000000001,60,1,-28000.0,demand,2026-08-24T15:47:01.662340+00:00
e683ae74-84f6-4087-a9e1-8a16a4d60e8d,fUST,0.000136,30,3,-19544.22120933,demand,2026-08-24T15:47:01.662340+00:00
e683ae74-84f6-4087-a9e1-8a16a4d60e8d,fUST,0.00013,30,1,-28000.0,demand,2026-08-24T15:47:01.662340+00:00
e683ae74-84f6-4087-a9e1-8a16a4d60e8d,fUST,0.000128,30,3,-30000.0,demand,2026-08-24T15:47:01.662340+00:00
e683ae74-84f6-4087-a9e1-8a16a4d60e8d,fUST,0.0001225,59,1,-95000.0,demand,2026-08-24T15:47:01.662340+00:00
e683ae74-84f6-4087-a9e1-8a16a4d60e8d,fUST,0.0001222,29,1,-194504.86890568,demand,2026-08-24T15:47:01.662340+00:00
e683ae74-84f6-4087-a9e1-8a16a4d60e8d,fUST,0.0001202,19,1,-184532.71737778,demand,2026-08-24T15:47:01.662340+00:00
e683ae74-84f6-4087-a9e1-8a16a4d60e8d,fUST,0.00012,120,1,-30000.0,demand,2026-08-24T15:47:01.662340+00:00
e683ae74-84f6-4087-a9e1-8a16a4d60e8d,fUST,0.00011086,2,1,-100749.0981242,demand,2026-08-24T15:47:01.662340+00:00
e683ae74-84f6-4087-a9e1-8a16a4d60e8d,fUST,0.0001101,2,1,-2000000.0,demand,2026-08-24T15:47:01.662340+00:00
e683ae74-84f6-4087-a9e1-8a16a4d60e8d,fUST,0.000101,120,1,-293300.0,demand,2026-08-24T15:47:01.662340+00:00
e683ae74-84f6-4087-a9e1-8a16a4d60e8d,fUST,8.1e-05,13,1,-220298.60067989,demand,2026-08-24T15:47:01.662340+00:00
e683ae74-84f6-4087-a9e1-8a16a4d60e8d,fUST,8e-05,2,1,-10000.0,demand,2026-08-24T15:47:01.662340+00:00
e683ae74-84f6-4087-a9e1-8a16a4d60e8d,fUST,0.00012513,2,1,1704.99867637,offer,2026-08-24T15:47:01.662340+00:00
e683ae74-84f6-4087-a9e1-8a16a4d60e8d,fUST,0.00012639,2,1,5000.0,offer,2026-08-24T15:47:01.662340+00:00
e683ae74-84f6-4087-a9e1-8a16a4d60e8d,fUST,0.00013158,2,1,350.4,offer,2026-08-24T15:47:01.662340+00:00
e683ae74-84f6-4087-a9e1-8a16a4d60e8d,fUST,0.0001323287671232877,14,1,193.05001693,offer,2026-08-24T15:47:01.662340+00:00
e683ae74-84f6-4087-a9e1-8a16a4d60e8d,fUST,0.0001342116,7,1,154.0,offer,2026-08-24T15:47:01.662340+00:00
e683ae74-84f6-4087-a9e1-8a16a4d60e8d,fUST,0.000135125,2,1,429.5112679,offer,2026-08-24T15:47:01.662340+00:00
e683ae74-84f6-4087-a9e1-8a16a4d60e8d,fUST,0.00013696986301369864,2,1,5523.32726129,offer,2026-08-24T15:47:01.662340+00:00
e683ae74-84f6-4087-a9e1-8a16a4d60e8d,fUST,0.0001369708219178082,2,6,2515.64932951,offer,2026-08-24T15:47:01.662340+00:00
e683ae74-84f6-4087-a9e1-8a16a4d60e8d,fUST,0.00013698,2,11,4641.41730021,offer,2026-08-24T15:47:01.662340+00:00
e683ae74-84f6-4087-a9e1-8a16a4d60e8d,fUST,0.00013698,7,1,586.07296123,offer,2026-08-24T15:47:01.662340+00:00
e683ae74-84f6-4087-a9e1-8a16a4d60e8d,fUST,0.00013699,2,1,200.0,offer,2026-08-24T15:47:01.662340+00:00
e683ae74-84f6-4087-a9e1-8a16a4d60e8d,fUST,0.00013864,2,1,500.0,offer,2026-08-24T15:47:01.662340+00:00
e683ae74-84f6-4087-a9e1-8a16a4d60e8d,fUST,0.00013866,2,1,3080.61081704,offer,2026-08-24T15:47:01.662340+00:00
e683ae74-84f6-4087-a9e1-8a16a4d60e8d,fUST,0.0001397196,7,1,586.07296123,offer,2026-08-24T15:47:01.662340+00:00
e683ae74-84f6-4087-a9e1-8a16a4d60e8d,fUST,0.00014139,2,3,778.403416,offer,2026-08-24T15:47:01.662340+00:00
e683ae74-84f6-4087-a9e1-8a16a4d60e8d,fUST,0.00014141917808219178,2,1,150.75753788,offer,2026-08-24T15:47:01.662340+00:00
e683ae74-84f6-4087-a9e1-8a16a4d60e8d,fUST,0.00014142,2,16,5433.78316485,offer,2026-08-24T15:47:01.662340+00:00
e683ae74-84f6-4087-a9e1-8a16a4d60e8d,fUST,0.00014210640000000003,7,2,308.0,offer,2026-08-24T15:47:01.662340+00:00
e683ae74-84f6-4087-a9e1-8a16a4d60e8d,fUST,0.0001427013698630137,2,1,500.0,offer,2026-08-24T15:47:01.662340+00:00
e683ae74-84f6-4087-a9e1-8a16a4d60e8d,fUST,0.0001427015,2,1,916.7131616,offer,2026-08-24T15:47:01.662340+00:00
e683ae74-84f6-4087-a9e1-8a16a4d60e8d,fUST,0.0001430359,2,1,1274.0908255,offer,2026-08-24T15:47:01.662340+00:00
e683ae74-84f6-4087-a9e1-8a16a4d60e8d,fUST,0.00014382900000000002,7,1,586.07296123,offer,2026-08-24T15:47:01.662340+00:00
e683ae74-84f6-4087-a9e1-8a16a4d60e8d,fUST,0.00014474,2,1,350.4,offer,2026-08-24T15:47:01.662340+00:00
e683ae74-84f6-4087-a9e1-8a16a4d60e8d,fUST,0.0001479175,2,1,614.10879,offer,2026-08-24T15:47:01.662340+00:00
e683ae74-84f6-4087-a9e1-8a16a4d60e8d,fUST,0.00014793840000000002,7,1,586.07296123,offer,2026-08-24T15:47:01.662340+00:00
d38a767e-6756-47c1-8f06-c1983ad33f88,fUST,0.0002671232876712329,120,1,-3360605.54721234,demand,2026-08-24T16:47:01.442573+00:00
d38a767e-6756-47c1-8f06-c1983ad33f88,fUST,0.000258189041,120,1,-1000.0,demand,2026-08-24T16:47:01.442573+00:00
d38a767e-6756-47c1-8f06-c1983ad33f88,fUST,0.000256830136,120,1,-633.63453641,demand,2026-08-24T16:47:01.442573+00:00
d38a767e-6756-47c1-8f06-c1983ad33f88,fUST,0.000247980821,120,1,-64554.0,demand,2026-08-24T16:47:01.442573+00:00
d38a767e-6756-47c1-8f06-c1983ad33f88,fUST,0.0002359178082191781,60,1,-4037338.61900922,demand,2026-08-24T16:47:01.442573+00:00
d38a767e-6756-47c1-8f06-c1983ad33f88,fUST,0.00016,120,1,-2000.0,demand,2026-08-24T16:47:01.442573+00:00
d38a767e-6756-47c1-8f06-c1983ad33f88,fUST,0.00016,60,19,-413276.1016179,demand,2026-08-24T16:47:01.442573+00:00
d38a767e-6756-47c1-8f06-c1983ad33f88,fUST,0.00015,90,1,-2000.0,demand,2026-08-24T16:47:01.442573+00:00
d38a767e-6756-47c1-8f06-c1983ad33f88,fUST,0.00015,120,1,-300000.0,demand,2026-08-24T16:47:01.442573+00:00
d38a767e-6756-47c1-8f06-c1983ad33f88,fUST,0.00015,45,3,-13845.272985,demand,2026-08-24T16:47:01.442573+00:00
d38a767e-6756-47c1-8f06-c1983ad33f88,fUST,0.00015,30,2,-11485.09510684,demand,2026-08-24T16:47:01.442573+00:00
d38a767e-6756-47c1-8f06-c1983ad33f88,fUST,0.000142,45,2,-20000.0,demand,2026-08-24T16:47:01.442573+00:00
d38a767e-6756-47c1-8f06-c1983ad33f88,fUST,0.00014000000000000001,60,1,-28000.0,demand,2026-08-24T16:47:01.442573+00:00
d38a767e-6756-47c1-8f06-c1983ad33f88,fUST,0.000136,30,3,-19544.22120933,demand,2026-08-24T16:47:01.442573+00:00
d38a767e-6756-47c1-8f06-c1983ad33f88,fUST,0.00013,30,1,-28000.0,demand,2026-08-24T16:47:01.442573+00:00
d38a767e-6756-47c1-8f06-c1983ad33f88,fUST,0.000128,30,3,-30000.0,demand,2026-08-24T16:47:01.442573+00:00
d38a767e-6756-47c1-8f06-c1983ad33f88,fUST,0.0001225,59,1,-95000.0,demand,2026-08-24T16:47:01.442573+00:00
d38a767e-6756-47c1-8f06-c1983ad33f88,fUST,0.0001222,29,1,-194504.86890568,demand,2026-08-24T16:47:01.442573+00:00
d38a767e-6756-47c1-8f06-c1983ad33f88,fUST,0.0001202,19,1,-184532.71737778,demand,2026-08-24T16:47:01.442573+00:00
d38a767e-6756-47c1-8f06-c1983ad33f88,fUST,0.00012,120,1,-30000.0,demand,2026-08-24T16:47:01.442573+00:00
d38a767e-6756-47c1-8f06-c1983ad33f88,fUST,0.00011086,2,1,-23148.7053256,demand,2026-08-24T16:47:01.442573+00:00
d38a767e-6756-47c1-8f06-c1983ad33f88,fUST,0.0001101,2,1,-2000000.0,demand,2026-08-24T16:47:01.442573+00:00
d38a767e-6756-47c1-8f06-c1983ad33f88,fUST,0.000101,120,1,-293300.0,demand,2026-08-24T16:47:01.442573+00:00
d38a767e-6756-47c1-8f06-c1983ad33f88,fUST,8.1e-05,13,1,-220298.60067989,demand,2026-08-24T16:47:01.442573+00:00
d38a767e-6756-47c1-8f06-c1983ad33f88,fUST,8e-05,2,1,-10000.0,demand,2026-08-24T16:47:01.442573+00:00
d38a767e-6756-47c1-8f06-c1983ad33f88,fUST,0.00011286000000000001,2,1,343.8325,offer,2026-08-24T16:47:01.442573+00:00
d38a767e-6756-47c1-8f06-c1983ad33f88,fUST,0.00011343,2,1,206.2995,offer,2026-08-24T16:47:01.442573+00:00
d38a767e-6756-47c1-8f06-c1983ad33f88,fUST,0.000114,7,1,798.07626332,offer,2026-08-24T16:47:01.442573+00:00
d38a767e-6756-47c1-8f06-c1983ad33f88,fUST,0.00011628,7,2,960.48816428,offer,2026-08-24T16:47:01.442573+00:00
d38a767e-6756-47c1-8f06-c1983ad33f88,fUST,0.00011970000000000001,7,1,798.07626332,offer,2026-08-24T16:47:01.442573+00:00
d38a767e-6756-47c1-8f06-c1983ad33f88,fUST,0.00012286000000000003,2,1,190.50495076,offer,2026-08-24T16:47:01.442573+00:00
d38a767e-6756-47c1-8f06-c1983ad33f88,fUST,0.00012312000000000003,7,2,1041.69411477,offer,2026-08-24T16:47:01.442573+00:00
d38a767e-6756-47c1-8f06-c1983ad33f88,fUST,0.00012768000000000002,7,1,798.07626334,offer,2026-08-24T16:47:01.442573+00:00
d38a767e-6756-47c1-8f06-c1983ad33f88,fUST,0.00013699,2,1,200.0,offer,2026-08-24T16:47:01.442573+00:00
d38a767e-6756-47c1-8f06-c1983ad33f88,fUST,0.00013752,2,1,433.4581101,offer,2026-08-24T16:47:01.442573+00:00
d38a767e-6756-47c1-8f06-c1983ad33f88,fUST,0.0001377354,2,1,213.3005584,offer,2026-08-24T16:47:01.442573+00:00
d38a767e-6756-47c1-8f06-c1983ad33f88,fUST,0.0001541093445,2,1,193.121354,offer,2026-08-24T16:47:01.442573+00:00
d38a767e-6756-47c1-8f06-c1983ad33f88,fUST,0.00015599,2,1,373.66434312,offer,2026-08-24T16:47:01.442573+00:00
d38a767e-6756-47c1-8f06-c1983ad33f88,fUST,0.00016219,7,1,154.6890155,offer,2026-08-24T16:47:01.442573+00:00
d38a767e-6756-47c1-8f06-c1983ad33f88,fUST,0.00016266,2,1,152.63157894,offer,2026-08-24T16:47:01.442573+00:00
d38a767e-6756-47c1-8f06-c1983ad33f88,fUST,0.00016296889699618652,5,1,1000.0,offer,2026-08-24T16:47:01.442573+00:00
d38a767e-6756-47c1-8f06-c1983ad33f88,fUST,0.00016315,2,1,152.63157894,offer,2026-08-24T16:47:01.442573+00:00
d38a767e-6756-47c1-8f06-c1983ad33f88,fUST,0.00016364,2,1,152.63157894,offer,2026-08-24T16:47:01.442573+00:00
d38a767e-6756-47c1-8f06-c1983ad33f88,fUST,0.00016397,2,1,355.0,offer,2026-08-24T16:47:01.442573+00:00
d38a767e-6756-47c1-8f06-c1983ad33f88,fUST,0.00016399,2,5,1748.31992331,offer,2026-08-24T16:47:01.442573+00:00
d38a767e-6756-47c1-8f06-c1983ad33f88,fUST,0.000164,7,73,36200.03472785,offer,2026-08-24T16:47:01.442573+00:00
d38a767e-6756-47c1-8f06-c1983ad33f88,fUST,0.000164,2,3,1492.05018543,offer,2026-08-24T16:47:01.442573+00:00
d38a767e-6756-47c1-8f06-c1983ad33f88,fUST,0.00016413,2,1,152.63157894,offer,2026-08-24T16:47:01.442573+00:00
d38a767e-6756-47c1-8f06-c1983ad33f88,fUST,0.0001642129131,2,1,311.37168831,offer,2026-08-24T16:47:01.442573+00:00
d38a767e-6756-47c1-8f06-c1983ad33f88,fUST,0.00016431159931506849,2,9,1833.35523777,offer,2026-08-24T16:47:01.442573+00:00
f24066cd-a6e2-48a3-bfd2-4e989f322adc,fUST,0.0002671232876712329,120,1,-3337529.88536436,demand,2026-08-24T17:47:01.645803+00:00
f24066cd-a6e2-48a3-bfd2-4e989f322adc,fUST,0.000258189041,120,1,-1000.0,demand,2026-08-24T17:47:01.645803+00:00
f24066cd-a6e2-48a3-bfd2-4e989f322adc,fUST,0.000256830136,120,1,-633.63453641,demand,2026-08-24T17:47:01.645803+00:00
f24066cd-a6e2-48a3-bfd2-4e989f322adc,fUST,0.000247980821,120,1,-64554.0,demand,2026-08-24T17:47:01.645803+00:00
f24066cd-a6e2-48a3-bfd2-4e989f322adc,fUST,0.00023607397260273972,60,1,-3545498.58993922,demand,2026-08-24T17:47:01.645803+00:00
f24066cd-a6e2-48a3-bfd2-4e989f322adc,fUST,0.00016,120,1,-2000.0,demand,2026-08-24T17:47:01.645803+00:00
f24066cd-a6e2-48a3-bfd2-4e989f322adc,fUST,0.00016,60,19,-413276.1016179,demand,2026-08-24T17:47:01.645803+00:00
f24066cd-a6e2-48a3-bfd2-4e989f322adc,fUST,0.0001565767,2,1,-697.04576644,demand,2026-08-24T17:47:01.645803+00:00
f24066cd-a6e2-48a3-bfd2-4e989f322adc,fUST,0.00015,90,1,-2000.0,demand,2026-08-24T17:47:01.645803+00:00
f24066cd-a6e2-48a3-bfd2-4e989f322adc,fUST,0.00015,120,1,-300000.0,demand,2026-08-24T17:47:01.645803+00:00
f24066cd-a6e2-48a3-bfd2-4e989f322adc,fUST,0.00015,45,3,-13845.272985,demand,2026-08-24T17:47:01.645803+00:00
f24066cd-a6e2-48a3-bfd2-4e989f322adc,fUST,0.00015,30,2,-11485.09510684,demand,2026-08-24T17:47:01.645803+00:00
f24066cd-a6e2-48a3-bfd2-4e989f322adc,fUST,0.000142,45,2,-20000.0,demand,2026-08-24T17:47:01.645803+00:00
f24066cd-a6e2-48a3-bfd2-4e989f322adc,fUST,0.00014000000000000001,60,1,-28000.0,demand,2026-08-24T17:47:01.645803+00:00
f24066cd-a6e2-48a3-bfd2-4e989f322adc,fUST,0.000136,30,3,-19544.22120933,demand,2026-08-24T17:47:01.645803+00:00
f24066cd-a6e2-48a3-bfd2-4e989f322adc,fUST,0.00013,30,1,-28000.0,demand,2026-08-24T17:47:01.645803+00:00
f24066cd-a6e2-48a3-bfd2-4e989f322adc,fUST,0.000128,30,3,-30000.0,demand,2026-08-24T17:47:01.645803+00:00
f24066cd-a6e2-48a3-bfd2-4e989f322adc,fUST,0.0001225,59,1,-95000.0,demand,2026-08-24T17:47:01.645803+00:00
f24066cd-a6e2-48a3-bfd2-4e989f322adc,fUST,0.0001222,29,1,-194504.86890568,demand,2026-08-24T17:47:01.645803+00:00
f24066cd-a6e2-48a3-bfd2-4e989f322adc,fUST,0.0001202,19,1,-184532.71737778,demand,2026-08-24T17:47:01.645803+00:00
f24066cd-a6e2-48a3-bfd2-4e989f322adc,fUST,0.00012,120,1,-30000.0,demand,2026-08-24T17:47:01.645803+00:00
f24066cd-a6e2-48a3-bfd2-4e989f322adc,fUST,0.00011086,2,1,-2540.48596801,demand,2026-08-24T17:47:01.645803+00:00
f24066cd-a6e2-48a3-bfd2-4e989f322adc,fUST,0.0001101,2,1,-2000000.0,demand,2026-08-24T17:47:01.645803+00:00
f24066cd-a6e2-48a3-bfd2-4e989f322adc,fUST,0.000101,120,1,-293300.0,demand,2026-08-24T17:47:01.645803+00:00
f24066cd-a6e2-48a3-bfd2-4e989f322adc,fUST,8.1e-05,13,1,-220298.60067989,demand,2026-08-24T17:47:01.645803+00:00
f24066cd-a6e2-48a3-bfd2-4e989f322adc,fUST,0.0001565767,2,1,1063.96328956,offer,2026-08-24T17:47:01.645803+00:00
f24066cd-a6e2-48a3-bfd2-4e989f322adc,fUST,0.0001579296,2,1,236.12495,offer,2026-08-24T17:47:01.645803+00:00
f24066cd-a6e2-48a3-bfd2-4e989f322adc,fUST,0.000158,2,1,349.01,offer,2026-08-24T17:47:01.645803+00:00
f24066cd-a6e2-48a3-bfd2-4e989f322adc,fUST,0.000158366,2,1,438.7022526,offer,2026-08-24T17:47:01.645803+00:00
f24066cd-a6e2-48a3-bfd2-4e989f322adc,fUST,0.00015837,2,1,208.82,offer,2026-08-24T17:47:01.645803+00:00
f24066cd-a6e2-48a3-bfd2-4e989f322adc,fUST,0.00016423271917808218,2,8,1774.32929495,offer,2026-08-24T17:47:01.645803+00:00
f24066cd-a6e2-48a3-bfd2-4e989f322adc,fUST,0.00016423287671232876,2,1,1705.26178752,offer,2026-08-24T17:47:01.645803+00:00
f24066cd-a6e2-48a3-bfd2-4e989f322adc,fUST,0.00016684931506849316,3,1,178.0,offer,2026-08-24T17:47:01.645803+00:00
f24066cd-a6e2-48a3-bfd2-4e989f322adc,fUST,0.000168,2,1,151.0,offer,2026-08-24T17:47:01.645803+00:00
f24066cd-a6e2-48a3-bfd2-4e989f322adc,fUST,0.00016828896600000001,2,6,1798.3498915,offer,2026-08-24T17:47:01.645803+00:00
f24066cd-a6e2-48a3-bfd2-4e989f322adc,fUST,0.00016829,3,1,568.43,offer,2026-08-24T17:47:01.645803+00:00
f24066cd-a6e2-48a3-bfd2-4e989f322adc,fUST,0.00016837000000000002,2,9,4154.849108,offer,2026-08-24T17:47:01.645803+00:00
f24066cd-a6e2-48a3-bfd2-4e989f322adc,fUST,0.00016838,2,65,39686.48369192,offer,2026-08-24T17:47:01.645803+00:00
f24066cd-a6e2-48a3-bfd2-4e989f322adc,fUST,0.0001683890410958904,2,1,333.54530214,offer,2026-08-24T17:47:01.645803+00:00
f24066cd-a6e2-48a3-bfd2-4e989f322adc,fUST,0.00016839,2,32,404018.09435478,offer,2026-08-24T17:47:01.645803+00:00
f24066cd-a6e2-48a3-bfd2-4e989f322adc,fUST,0.00016945,2,13,6366.37280546,offer,2026-08-24T17:47:01.645803+00:00
f24066cd-a6e2-48a3-bfd2-4e989f322adc,fUST,0.00016999,2,4,1510.71759041,offer,2026-08-24T17:47:01.645803+00:00
f24066cd-a6e2-48a3-bfd2-4e989f322adc,fUST,0.00017,2,1,151.0,offer,2026-08-24T17:47:01.645803+00:00
f24066cd-a6e2-48a3-bfd2-4e989f322adc,fUST,0.000170297,2,1,342.26903495,offer,2026-08-24T17:47:01.645803+00:00
f24066cd-a6e2-48a3-bfd2-4e989f322adc,fUST,0.000171028966,2,1,176.67649548,offer,2026-08-24T17:47:01.645803+00:00
f24066cd-a6e2-48a3-bfd2-4e989f322adc,fUST,0.0001717578,3,1,714.63344528,offer,2026-08-24T17:47:01.645803+00:00
f24066cd-a6e2-48a3-bfd2-4e989f322adc,fUST,0.000172,2,5,992.03236161,offer,2026-08-24T17:47:01.645803+00:00
f24066cd-a6e2-48a3-bfd2-4e989f322adc,fUST,0.0001720657800286125,2,5,1117.77669814,offer,2026-08-24T17:47:01.645803+00:00
f24066cd-a6e2-48a3-bfd2-4e989f322adc,fUST,0.00017219198630136987,2,17,5098.09589358,offer,2026-08-24T17:47:01.645803+00:00
f24066cd-a6e2-48a3-bfd2-4e989f322adc,fUST,0.00017266,2,1,762.745,offer,2026-08-24T17:47:01.645803+00:00
d81413ba-a32b-460c-afa2-aa1313d5911b,fUST,0.0002671232876712329,120,1,-3325093.07793628,demand,2026-08-24T18:47:01.621501+00:00
d81413ba-a32b-460c-afa2-aa1313d5911b,fUST,0.000258189041,120,1,-1000.0,demand,2026-08-24T18:47:01.621501+00:00
d81413ba-a32b-460c-afa2-aa1313d5911b,fUST,0.000256830136,120,1,-633.63453641,demand,2026-08-24T18:47:01.621501+00:00
d81413ba-a32b-460c-afa2-aa1313d5911b,fUST,0.000247980821,120,1,-64554.0,demand,2026-08-24T18:47:01.621501+00:00
d81413ba-a32b-460c-afa2-aa1313d5911b,fUST,0.0002355013698630137,60,1,-3545498.58993922,demand,2026-08-24T18:47:01.621501+00:00
d81413ba-a32b-460c-afa2-aa1313d5911b,fUST,0.00021086,2,1,-150.0,demand,2026-08-24T18:47:01.621501+00:00
d81413ba-a32b-460c-afa2-aa1313d5911b,fUST,0.00019086,2,1,-150.0,demand,2026-08-24T18:47:01.621501+00:00
d81413ba-a32b-460c-afa2-aa1313d5911b,fUST,0.00016,120,1,-2000.0,demand,2026-08-24T18:47:01.621501+00:00
d81413ba-a32b-460c-afa2-aa1313d5911b,fUST,0.00016,60,19,-413276.1016179,demand,2026-08-24T18:47:01.621501+00:00
d81413ba-a32b-460c-afa2-aa1313d5911b,fUST,0.00015,90,1,-2000.0,demand,2026-08-24T18:47:01.621501+00:00
d81413ba-a32b-460c-afa2-aa1313d5911b,fUST,0.00015,120,1,-300000.0,demand,2026-08-24T18:47:01.621501+00:00
d81413ba-a32b-460c-afa2-aa1313d5911b,fUST,0.00015,45,3,-13845.272985,demand,2026-08-24T18:47:01.621501+00:00
d81413ba-a32b-460c-afa2-aa1313d5911b,fUST,0.00015,30,2,-11485.09510684,demand,2026-08-24T18:47:01.621501+00:00
d81413ba-a32b-460c-afa2-aa1313d5911b,fUST,0.000145,2,1,-3561.44466927,demand,2026-08-24T18:47:01.621501+00:00
d81413ba-a32b-460c-afa2-aa1313d5911b,fUST,0.000142,45,2,-20000.0,demand,2026-08-24T18:47:01.621501+00:00
d81413ba-a32b-460c-afa2-aa1313d5911b,fUST,0.00014000000000000001,60,1,-28000.0,demand,2026-08-24T18:47:01.621501+00:00
d81413ba-a32b-460c-afa2-aa1313d5911b,fUST,0.000136,30,3,-19544.22120933,demand,2026-08-24T18:47:01.621501+00:00
d81413ba-a32b-460c-afa2-aa1313d5911b,fUST,0.00013,30,1,-28000.0,demand,2026-08-24T18:47:01.621501+00:00
d81413ba-a32b-460c-afa2-aa1313d5911b,fUST,0.000128,30,3,-30000.0,demand,2026-08-24T18:47:01.621501+00:00
d81413ba-a32b-460c-afa2-aa1313d5911b,fUST,0.0001225,59,1,-95000.0,demand,2026-08-24T18:47:01.621501+00:00
d81413ba-a32b-460c-afa2-aa1313d5911b,fUST,0.0001222,29,1,-194504.86890568,demand,2026-08-24T18:47:01.621501+00:00
d81413ba-a32b-460c-afa2-aa1313d5911b,fUST,0.0001202,19,1,-184532.71737778,demand,2026-08-24T18:47:01.621501+00:00
d81413ba-a32b-460c-afa2-aa1313d5911b,fUST,0.00012,120,1,-30000.0,demand,2026-08-24T18:47:01.621501+00:00
d81413ba-a32b-460c-afa2-aa1313d5911b,fUST,0.00011086,2,1,-2540.48596801,demand,2026-08-24T18:47:01.621501+00:00
d81413ba-a32b-460c-afa2-aa1313d5911b,fUST,0.0001101,2,1,-2000000.0,demand,2026-08-24T18:47:01.621501+00:00
d81413ba-a32b-460c-afa2-aa1313d5911b,fUST,0.00014767275000000002,2,1,200.0,offer,2026-08-24T18:47:01.621501+00:00
d81413ba-a32b-460c-afa2-aa1313d5911b,fUST,0.0001591799,2,1,236.12495,offer,2026-08-24T18:47:01.621501+00:00
d81413ba-a32b-460c-afa2-aa1313d5911b,fUST,0.0001639859006849315,2,3,596.00417781,offer,2026-08-24T18:47:01.621501+00:00
d81413ba-a32b-460c-afa2-aa1313d5911b,fUST,0.0001665200322,2,1,189.325236,offer,2026-08-24T18:47:01.621501+00:00
d81413ba-a32b-460c-afa2-aa1313d5911b,fUST,0.00016999,2,1,355.0,offer,2026-08-24T18:47:01.621501+00:00
d81413ba-a32b-460c-afa2-aa1313d5911b,fUST,0.00017,2,1,8000.0,offer,2026-08-24T18:47:01.621501+00:00
d81413ba-a32b-460c-afa2-aa1313d5911b,fUST,0.0001713781125,2,1,500.0,offer,2026-08-24T18:47:01.621501+00:00
d81413ba-a32b-460c-afa2-aa1313d5911b,fUST,0.00017193619863013697,2,3,1192.0083556,offer,2026-08-24T18:47:01.621501+00:00
d81413ba-a32b-460c-afa2-aa1313d5911b,fUST,0.00017268633072262511,2,4,897.15472785,offer,2026-08-24T18:47:01.621501+00:00
d81413ba-a32b-460c-afa2-aa1313d5911b,fUST,0.00017285703055385827,2,1,220.62197029,offer,2026-08-24T18:47:01.621501+00:00
d81413ba-a32b-460c-afa2-aa1313d5911b,fUST,0.000173,2,1,1102.51696314,offer,2026-08-24T18:47:01.621501+00:00
d81413ba-a32b-460c-afa2-aa1313d5911b,fUST,0.000174,2,1,1102.51696314,offer,2026-08-24T18:47:01.621501+00:00
d81413ba-a32b-460c-afa2-aa1313d5911b,fUST,0.00017417,2,1,211.14925142,offer,2026-08-24T18:47:01.621501+00:00
d81413ba-a32b-460c-afa2-aa1313d5911b,fUST,0.00017418,2,13,236824.8416382,offer,2026-08-24T18:47:01.621501+00:00
d81413ba-a32b-460c-afa2-aa1313d5911b,fUST,0.000174192,2,7,227620.9863618,offer,2026-08-24T18:47:01.621501+00:00
d81413ba-a32b-460c-afa2-aa1313d5911b,fUST,0.00017476,2,2,483.6483369,offer,2026-08-24T18:47:01.621501+00:00
d81413ba-a32b-460c-afa2-aa1313d5911b,fUST,0.00017476,7,1,495.73451468,offer,2026-08-24T18:47:01.621501+00:00
d81413ba-a32b-460c-afa2-aa1313d5911b,fUST,0.00017547,2,1,355.0,offer,2026-08-24T18:47:01.621501+00:00
d81413ba-a32b-460c-afa2-aa1313d5911b,fUST,0.000176,2,1,1102.51696314,offer,2026-08-24T18:47:01.621501+00:00
d81413ba-a32b-460c-afa2-aa1313d5911b,fUST,0.00017698630136986303,3,1,298.0,offer,2026-08-24T18:47:01.621501+00:00
d81413ba-a32b-460c-afa2-aa1313d5911b,fUST,0.0001771716301369863,2,1,297.27395335,offer,2026-08-24T18:47:01.621501+00:00
d81413ba-a32b-460c-afa2-aa1313d5911b,fUST,0.00017723639726027396,2,3,1788.01253341,offer,2026-08-24T18:47:01.621501+00:00
d81413ba-a32b-460c-afa2-aa1313d5911b,fUST,0.00017773,2,1,665.129,offer,2026-08-24T18:47:01.621501+00:00
d81413ba-a32b-460c-afa2-aa1313d5911b,fUST,0.0001777383424657534,2,6,1154.73067281,offer,2026-08-24T18:47:01.621501+00:00
d81413ba-a32b-460c-afa2-aa1313d5911b,fUST,0.000178,2,1,1102.51696314,offer,2026-08-24T18:47:01.621501+00:00
10b63056-3dfd-40de-832c-ee96fd23ab16,fUST,0.0002671232876712329,120,1,-3318070.05103271,demand,2026-08-24T19:47:01.481469+00:00
10b63056-3dfd-40de-832c-ee96fd23ab16,fUST,0.000258189041,120,1,-1000.0,demand,2026-08-24T19:47:01.481469+00:00
10b63056-3dfd-40de-832c-ee96fd23ab16,fUST,0.000256830136,120,1,-633.63453641,demand,2026-08-24T19:47:01.481469+00:00
10b63056-3dfd-40de-832c-ee96fd23ab16,fUST,0.000247980821,120,1,-64554.0,demand,2026-08-24T19:47:01.481469+00:00
10b63056-3dfd-40de-832c-ee96fd23ab16,fUST,0.0002358958904109589,60,1,-3544763.42672828,demand,2026-08-24T19:47:01.481469+00:00
10b63056-3dfd-40de-832c-ee96fd23ab16,fUST,0.0001737,2,7,-1580701.0633547,demand,2026-08-24T19:47:01.481469+00:00
10b63056-3dfd-40de-832c-ee96fd23ab16,fUST,0.00017,2,1,-7170.51078252,demand,2026-08-24T19:47:01.481469+00:00
10b63056-3dfd-40de-832c-ee96fd23ab16,fUST,0.0001635,2,2,-24584.65802134,demand,2026-08-24T19:47:01.481469+00:00
10b63056-3dfd-40de-832c-ee96fd23ab16,fUST,0.00016,120,1,-2000.0,demand,2026-08-24T19:47:01.481469+00:00
10b63056-3dfd-40de-832c-ee96fd23ab16,fUST,0.00016,60,19,-413276.1016179,demand,2026-08-24T19:47:01.481469+00:00
10b63056-3dfd-40de-832c-ee96fd23ab16,fUST,0.00015,90,1,-2000.0,demand,2026-08-24T19:47:01.481469+00:00
10b63056-3dfd-40de-832c-ee96fd23ab16,fUST,0.00015,120,1,-300000.0,demand,2026-08-24T19:47:01.481469+00:00
10b63056-3dfd-40de-832c-ee96fd23ab16,fUST,0.00015,45,3,-13845.272985,demand,2026-08-24T19:47:01.481469+00:00
10b63056-3dfd-40de-832c-ee96fd23ab16,fUST,0.00015,30,2,-11485.09510684,demand,2026-08-24T19:47:01.481469+00:00
10b63056-3dfd-40de-832c-ee96fd23ab16,fUST,0.000142,45,2,-20000.0,demand,2026-08-24T19:47:01.481469+00:00
10b63056-3dfd-40de-832c-ee96fd23ab16,fUST,0.00014000000000000001,60,1,-28000.0,demand,2026-08-24T19:47:01.481469+00:00
10b63056-3dfd-40de-832c-ee96fd23ab16,fUST,0.000136,30,3,-19544.22120933,demand,2026-08-24T19:47:01.481469+00:00
10b63056-3dfd-40de-832c-ee96fd23ab16,fUST,0.00013,30,1,-28000.0,demand,2026-08-24T19:47:01.481469+00:00
10b63056-3dfd-40de-832c-ee96fd23ab16,fUST,0.000128,30,3,-30000.0,demand,2026-08-24T19:47:01.481469+00:00
10b63056-3dfd-40de-832c-ee96fd23ab16,fUST,0.0001225,59,1,-95000.0,demand,2026-08-24T19:47:01.481469+00:00
10b63056-3dfd-40de-832c-ee96fd23ab16,fUST,0.0001222,29,1,-194504.86890568,demand,2026-08-24T19:47:01.481469+00:00
10b63056-3dfd-40de-832c-ee96fd23ab16,fUST,0.0001202,19,1,-184532.71737778,demand,2026-08-24T19:47:01.481469+00:00
10b63056-3dfd-40de-832c-ee96fd23ab16,fUST,0.00012,120,1,-30000.0,demand,2026-08-24T19:47:01.481469+00:00
10b63056-3dfd-40de-832c-ee96fd23ab16,fUST,0.00011086,2,1,-2540.48596801,demand,2026-08-24T19:47:01.481469+00:00
10b63056-3dfd-40de-832c-ee96fd23ab16,fUST,0.0001101,2,1,-2000000.0,demand,2026-08-24T19:47:01.481469+00:00
10b63056-3dfd-40de-832c-ee96fd23ab16,fUST,0.0001635,2,27,331383.08945327,offer,2026-08-24T19:47:01.481469+00:00
10b63056-3dfd-40de-832c-ee96fd23ab16,fUST,0.00016390447602739728,2,2,1137.80459174,offer,2026-08-24T19:47:01.481469+00:00
10b63056-3dfd-40de-832c-ee96fd23ab16,fUST,0.00016391465410958906,2,3,811.89576756,offer,2026-08-24T19:47:01.481469+00:00
10b63056-3dfd-40de-832c-ee96fd23ab16,fUST,0.00016392228767123286,2,1,182.21157794,offer,2026-08-24T19:47:01.481469+00:00
10b63056-3dfd-40de-832c-ee96fd23ab16,fUST,0.00016398,2,2,2410.58367546,offer,2026-08-24T19:47:01.481469+00:00
10b63056-3dfd-40de-832c-ee96fd23ab16,fUST,0.00016410958904109589,3,1,217.0,offer,2026-08-24T19:47:01.481469+00:00
10b63056-3dfd-40de-832c-ee96fd23ab16,fUST,0.0001642785205479452,2,1,188.52893601,offer,2026-08-24T19:47:01.481469+00:00
10b63056-3dfd-40de-832c-ee96fd23ab16,fUST,0.00016607160000000002,7,2,423.96187533,offer,2026-08-24T19:47:01.481469+00:00
10b63056-3dfd-40de-832c-ee96fd23ab16,fUST,0.0001664538,7,1,202.34357118,offer,2026-08-24T19:47:01.481469+00:00
10b63056-3dfd-40de-832c-ee96fd23ab16,fUST,0.00016676,2,16,5100.0,offer,2026-08-24T19:47:01.481469+00:00
10b63056-3dfd-40de-832c-ee96fd23ab16,fUST,0.00016677,3,1,311.2618955,offer,2026-08-24T19:47:01.481469+00:00
10b63056-3dfd-40de-832c-ee96fd23ab16,fUST,0.0001686,2,3,709.57141461,offer,2026-08-24T19:47:01.481469+00:00
10b63056-3dfd-40de-832c-ee96fd23ab16,fUST,0.00016897,2,1,355.0,offer,2026-08-24T19:47:01.481469+00:00
10b63056-3dfd-40de-832c-ee96fd23ab16,fUST,0.00017,2,5,11161.38742983,offer,2026-08-24T19:47:01.481469+00:00
10b63056-3dfd-40de-832c-ee96fd23ab16,fUST,0.000170231292,2,1,6882.73416548,offer,2026-08-24T19:47:01.481469+00:00
10b63056-3dfd-40de-832c-ee96fd23ab16,fUST,0.00017031506851,2,1,165.7598914,offer,2026-08-24T19:47:01.481469+00:00
10b63056-3dfd-40de-832c-ee96fd23ab16,fUST,0.0001713781125,2,1,500.0,offer,2026-08-24T19:47:01.481469+00:00
10b63056-3dfd-40de-832c-ee96fd23ab16,fUST,0.00017167,9,1,275.11347565,offer,2026-08-24T19:47:01.481469+00:00
10b63056-3dfd-40de-832c-ee96fd23ab16,fUST,0.00017179,2,1,199.37,offer,2026-08-24T19:47:01.481469+00:00
10b63056-3dfd-40de-832c-ee96fd23ab16,fUST,0.00017185181506849316,2,4,1499.52882161,offer,2026-08-24T19:47:01.481469+00:00
10b63056-3dfd-40de-832c-ee96fd23ab16,fUST,0.00017186236301369864,2,3,1623.79153512,offer,2026-08-24T19:47:01.481469+00:00
10b63056-3dfd-40de-832c-ee96fd23ab16,fUST,0.00017187027397260274,2,2,571.08520952,offer,2026-08-24T19:47:01.481469+00:00
10b63056-3dfd-40de-832c-ee96fd23ab16,fUST,0.00017222240000000003,7,1,270.96187534,offer,2026-08-24T19:47:01.481469+00:00
10b63056-3dfd-40de-832c-ee96fd23ab16,fUST,0.0001722394520547945,2,1,377.05787203,offer,2026-08-24T19:47:01.481469+00:00
10b63056-3dfd-40de-832c-ee96fd23ab16,fUST,0.00017252863919227176,2,1,160.0,offer,2026-08-24T19:47:01.481469+00:00
4d9c4e20-0bd2-4825-b2b7-ade540d08fdb,fUST,0.0002671232876712329,120,1,-3318070.05103271,demand,2026-08-24T20:47:01.478016+00:00
4d9c4e20-0bd2-4825-b2b7-ade540d08fdb,fUST,0.000258189041,120,1,-1000.0,demand,2026-08-24T20:47:01.478016+00:00
4d9c4e20-0bd2-4825-b2b7-ade540d08fdb,fUST,0.000256830136,120,1,-633.63453641,demand,2026-08-24T20:47:01.478016+00:00
4d9c4e20-0bd2-4825-b2b7-ade540d08fdb,fUST,0.000247980821,120,1,-64554.0,demand,2026-08-24T20:47:01.478016+00:00
4d9c4e20-0bd2-4825-b2b7-ade540d08fdb,fUST,0.00023576712328767123,60,1,-3543300.84166828,demand,2026-08-24T20:47:01.478016+00:00
4d9c4e20-0bd2-4825-b2b7-ade540d08fdb,fUST,0.00016,120,1,-2000.0,demand,2026-08-24T20:47:01.478016+00:00
4d9c4e20-0bd2-4825-b2b7-ade540d08fdb,fUST,0.00016,60,19,-413276.1016179,demand,2026-08-24T20:47:01.478016+00:00
4d9c4e20-0bd2-4825-b2b7-ade540d08fdb,fUST,0.0001501,2,1,-150.0,demand,2026-08-24T20:47:01.478016+00:00
4d9c4e20-0bd2-4825-b2b7-ade540d08fdb,fUST,0.00015,90,1,-2000.0,demand,2026-08-24T20:47:01.478016+00:00
4d9c4e20-0bd2-4825-b2b7-ade540d08fdb,fUST,0.00015,120,1,-300000.0,demand,2026-08-24T20:47:01.478016+00:00
4d9c4e20-0bd2-4825-b2b7-ade540d08fdb,fUST,0.00015,45,3,-13845.272985,demand,2026-08-24T20:47:01.478016+00:00
4d9c4e20-0bd2-4825-b2b7-ade540d08fdb,fUST,0.00015,30,2,-11485.09510684,demand,2026-08-24T20:47:01.478016+00:00
4d9c4e20-0bd2-4825-b2b7-ade540d08fdb,fUST,0.000142,45,2,-20000.0,demand,2026-08-24T20:47:01.478016+00:00
4d9c4e20-0bd2-4825-b2b7-ade540d08fdb,fUST,0.00014000000000000001,60,1,-28000.0,demand,2026-08-24T20:47:01.478016+00:00
4d9c4e20-0bd2-4825-b2b7-ade540d08fdb,fUST,0.000136,30,3,-19544.22120933,demand,2026-08-24T20:47:01.478016+00:00
4d9c4e20-0bd2-4825-b2b7-ade540d08fdb,fUST,0.00013,30,1,-28000.0,demand,2026-08-24T20:47:01.478016+00:00
4d9c4e20-0bd2-4825-b2b7-ade540d08fdb,fUST,0.000128,30,3,-30000.0,demand,2026-08-24T20:47:01.478016+00:00
4d9c4e20-0bd2-4825-b2b7-ade540d08fdb,fUST,0.0001225,59,1,-95000.0,demand,2026-08-24T20:47:01.478016+00:00
4d9c4e20-0bd2-4825-b2b7-ade540d08fdb,fUST,0.0001222,29,1,-194504.86890568,demand,2026-08-24T20:47:01.478016+00:00
4d9c4e20-0bd2-4825-b2b7-ade540d08fdb,fUST,0.0001202,19,1,-184532.71737778,demand,2026-08-24T20:47:01.478016+00:00
4d9c4e20-0bd2-4825-b2b7-ade540d08fdb,fUST,0.00012,120,1,-30000.0,demand,2026-08-24T20:47:01.478016+00:00
4d9c4e20-0bd2-4825-b2b7-ade540d08fdb,fUST,0.0001101,2,1,-1998399.74590368,demand,2026-08-24T20:47:01.478016+00:00
4d9c4e20-0bd2-4825-b2b7-ade540d08fdb,fUST,0.000101,120,1,-293300.0,demand,2026-08-24T20:47:01.478016+00:00
4d9c4e20-0bd2-4825-b2b7-ade540d08fdb,fUST,8.1e-05,13,1,-220298.60067989,demand,2026-08-24T20:47:01.478016+00:00
4d9c4e20-0bd2-4825-b2b7-ade540d08fdb,fUST,8e-05,2,1,-10000.0,demand,2026-08-24T20:47:01.478016+00:00
4d9c4e20-0bd2-4825-b2b7-ade540d08fdb,fUST,0.0001239,7,1,465.15440988,offer,2026-08-24T20:47:01.478016+00:00
4d9c4e20-0bd2-4825-b2b7-ade540d08fdb,fUST,0.00012636,2,1,275.11347565,offer,2026-08-24T20:47:01.478016+00:00
4d9c4e20-0bd2-4825-b2b7-ade540d08fdb,fUST,0.00012744,7,1,465.15440988,offer,2026-08-24T20:47:01.478016+00:00
4d9c4e20-0bd2-4825-b2b7-ade540d08fdb,fUST,0.00012996720000000003,7,1,279.09264594,offer,2026-08-24T20:47:01.478016+00:00
4d9c4e20-0bd2-4825-b2b7-ade540d08fdb,fUST,0.00013216,7,1,465.15440989,offer,2026-08-24T20:47:01.478016+00:00
4d9c4e20-0bd2-4825-b2b7-ade540d08fdb,fUST,0.00013269,2,15,4500.0,offer,2026-08-24T20:47:01.478016+00:00
4d9c4e20-0bd2-4825-b2b7-ade540d08fdb,fUST,0.00013533,2,1,600.0,offer,2026-08-24T20:47:01.478016+00:00
4d9c4e20-0bd2-4825-b2b7-ade540d08fdb,fUST,0.00014887,2,1,720.0,offer,2026-08-24T20:47:01.478016+00:00
4d9c4e20-0bd2-4825-b2b7-ade540d08fdb,fUST,0.0001501,2,2,5212.79361048,offer,2026-08-24T20:47:01.478016+00:00
4d9c4e20-0bd2-4825-b2b7-ade540d08fdb,fUST,0.00015013,2,1,355.0,offer,2026-08-24T20:47:01.478016+00:00
4d9c4e20-0bd2-4825-b2b7-ade540d08fdb,fUST,0.0001552955,2,4,1778.78669576,offer,2026-08-24T20:47:01.478016+00:00
4d9c4e20-0bd2-4825-b2b7-ade540d08fdb,fUST,0.00015531549999999998,2,2,461.92305138,offer,2026-08-24T20:47:01.478016+00:00
4d9c4e20-0bd2-4825-b2b7-ade540d08fdb,fUST,0.00015561,2,1,355.0,offer,2026-08-24T20:47:01.478016+00:00
4d9c4e20-0bd2-4825-b2b7-ade540d08fdb,fUST,0.0001607955,2,2,467.93113798,offer,2026-08-24T20:47:01.478016+00:00
4d9c4e20-0bd2-4825-b2b7-ade540d08fdb,fUST,0.00016109,2,1,355.0,offer,2026-08-24T20:47:01.478016+00:00
4d9c4e20-0bd2-4825-b2b7-ade540d08fdb,fUST,0.00016292670365880273,5,1,1000.0,offer,2026-08-24T20:47:01.478016+00:00
4d9c4e20-0bd2-4825-b2b7-ade540d08fdb,fUST,0.0001635295824,2,1,167.398937,offer,2026-08-24T20:47:01.478016+00:00
4d9c4e20-0bd2-4825-b2b7-ade540d08fdb,fUST,0.00016375,2,1,864.0,offer,2026-08-24T20:47:01.478016+00:00
4d9c4e20-0bd2-4825-b2b7-ade540d08fdb,fUST,0.00016433,2,1,236.00789104,offer,2026-08-24T20:47:01.478016+00:00
4d9c4e20-0bd2-4825-b2b7-ade540d08fdb,fUST,0.00016433704452054794,2,4,950.21103821,offer,2026-08-24T20:47:01.478016+00:00
4d9c4e20-0bd2-4825-b2b7-ade540d08fdb,fUST,0.00016627549999999997,2,2,474.16152379,offer,2026-08-24T20:47:01.478016+00:00
4d9c4e20-0bd2-4825-b2b7-ade540d08fdb,fUST,0.0001663,2,1,297.95836033,offer,2026-08-24T20:47:01.478016+00:00
4d9c4e20-0bd2-4825-b2b7-ade540d08fdb,fUST,0.00016657,2,1,355.0,offer,2026-08-24T20:47:01.478016+00:00
4d9c4e20-0bd2-4825-b2b7-ade540d08fdb,fUST,0.0001696,2,1,1091.26078448,offer,2026-08-24T20:47:01.478016+00:00
4d9c4e20-0bd2-4825-b2b7-ade540d08fdb,fUST,0.00016974794522,2,1,335.0356543,offer,2026-08-24T20:47:01.478016+00:00
f47d4311-fbcd-4ab3-bd41-ff2f1161dd06,fUST,0.0002671232876712329,120,1,-3315271.94771821,demand,2026-08-24T21:47:01.647748+00:00
f47d4311-fbcd-4ab3-bd41-ff2f1161dd06,fUST,0.000258189041,120,1,-1000.0,demand,2026-08-24T21:47:01.647748+00:00
f47d4311-fbcd-4ab3-bd41-ff2f1161dd06,fUST,0.000256830136,120,1,-633.63453641,demand,2026-08-24T21:47:01.647748+00:00
f47d4311-fbcd-4ab3-bd41-ff2f1161dd06,fUST,0.000247980821,120,1,-64554.0,demand,2026-08-24T21:47:01.647748+00:00
f47d4311-fbcd-4ab3-bd41-ff2f1161dd06,fUST,0.00023577260273972603,60,1,-3543300.84166828,demand,2026-08-24T21:47:01.647748+00:00
f47d4311-fbcd-4ab3-bd41-ff2f1161dd06,fUST,0.00016,120,1,-2000.0,demand,2026-08-24T21:47:01.647748+00:00
f47d4311-fbcd-4ab3-bd41-ff2f1161dd06,fUST,0.00016,60,19,-413276.1016179,demand,2026-08-24T21:47:01.647748+00:00
f47d4311-fbcd-4ab3-bd41-ff2f1161dd06,fUST,0.00015,90,1,-2000.0,demand,2026-08-24T21:47:01.647748+00:00
f47d4311-fbcd-4ab3-bd41-ff2f1161dd06,fUST,0.00015,120,1,-300000.0,demand,2026-08-24T21:47:01.647748+00:00
f47d4311-fbcd-4ab3-bd41-ff2f1161dd06,fUST,0.00015,45,3,-13845.272985,demand,2026-08-24T21:47:01.647748+00:00
f47d4311-fbcd-4ab3-bd41-ff2f1161dd06,fUST,0.00015,30,2,-11485.09510684,demand,2026-08-24T21:47:01.647748+00:00
f47d4311-fbcd-4ab3-bd41-ff2f1161dd06,fUST,0.000142,45,2,-20000.0,demand,2026-08-24T21:47:01.647748+00:00
f47d4311-fbcd-4ab3-bd41-ff2f1161dd06,fUST,0.00014000000000000001,60,1,-28000.0,demand,2026-08-24T21:47:01.647748+00:00
f47d4311-fbcd-4ab3-bd41-ff2f1161dd06,fUST,0.000136,30,3,-19544.22120933,demand,2026-08-24T21:47:01.647748+00:00
f47d4311-fbcd-4ab3-bd41-ff2f1161dd06,fUST,0.00013,30,1,-28000.0,demand,2026-08-24T21:47:01.647748+00:00
f47d4311-fbcd-4ab3-bd41-ff2f1161dd06,fUST,0.000128,30,3,-30000.0,demand,2026-08-24T21:47:01.647748+00:00
f47d4311-fbcd-4ab3-bd41-ff2f1161dd06,fUST,0.0001225,59,1,-95000.0,demand,2026-08-24T21:47:01.647748+00:00
f47d4311-fbcd-4ab3-bd41-ff2f1161dd06,fUST,0.0001222,29,1,-194504.86890568,demand,2026-08-24T21:47:01.647748+00:00
f47d4311-fbcd-4ab3-bd41-ff2f1161dd06,fUST,0.0001202,19,1,-184532.71737778,demand,2026-08-24T21:47:01.647748+00:00
f47d4311-fbcd-4ab3-bd41-ff2f1161dd06,fUST,0.00012,120,1,-30000.0,demand,2026-08-24T21:47:01.647748+00:00
f47d4311-fbcd-4ab3-bd41-ff2f1161dd06,fUST,0.0001101,2,1,-1995028.73768679,demand,2026-08-24T21:47:01.647748+00:00
f47d4311-fbcd-4ab3-bd41-ff2f1161dd06,fUST,0.000101,120,1,-293300.0,demand,2026-08-24T21:47:01.647748+00:00
f47d4311-fbcd-4ab3-bd41-ff2f1161dd06,fUST,8.1e-05,13,1,-220298.60067989,demand,2026-08-24T21:47:01.647748+00:00
f47d4311-fbcd-4ab3-bd41-ff2f1161dd06,fUST,8e-05,2,1,-10000.0,demand,2026-08-24T21:47:01.647748+00:00
f47d4311-fbcd-4ab3-bd41-ff2f1161dd06,fUST,7.5e-05,120,1,-200000.0,demand,2026-08-24T21:47:01.647748+00:00
f47d4311-fbcd-4ab3-bd41-ff2f1161dd06,fUST,0.00014774,2,1,5000.0,offer,2026-08-24T21:47:01.647748+00:00
f47d4311-fbcd-4ab3-bd41-ff2f1161dd06,fUST,0.00014923,2,1,5000.0,offer,2026-08-24T21:47:01.647748+00:00
f47d4311-fbcd-4ab3-bd41-ff2f1161dd06,fUST,0.00015074,2,1,1282.86457743,offer,2026-08-24T21:47:01.647748+00:00
f47d4311-fbcd-4ab3-bd41-ff2f1161dd06,fUST,0.00015998,2,3,1318.31013059,offer,2026-08-24T21:47:01.647748+00:00
f47d4311-fbcd-4ab3-bd41-ff2f1161dd06,fUST,0.00015998990031952477,5,1,1000.0,offer,2026-08-24T21:47:01.647748+00:00
f47d4311-fbcd-4ab3-bd41-ff2f1161dd06,fUST,0.00015999,2,1,500.0,offer,2026-08-24T21:47:01.647748+00:00
f47d4311-fbcd-4ab3-bd41-ff2f1161dd06,fUST,0.000160055,2,1,1717.64553501,offer,2026-08-24T21:47:01.647748+00:00
f47d4311-fbcd-4ab3-bd41-ff2f1161dd06,fUST,0.0001601,2,1,1362.59635623,offer,2026-08-24T21:47:01.647748+00:00
f47d4311-fbcd-4ab3-bd41-ff2f1161dd06,fUST,0.0001602,2,1,3000.0,offer,2026-08-24T21:47:01.647748+00:00
f47d4311-fbcd-4ab3-bd41-ff2f1161dd06,fUST,0.00016024,2,1,151.32,offer,2026-08-24T21:47:01.647748+00:00
f47d4311-fbcd-4ab3-bd41-ff2f1161dd06,fUST,0.0001603,2,1,3548.807982,offer,2026-08-24T21:47:01.647748+00:00
f47d4311-fbcd-4ab3-bd41-ff2f1161dd06,fUST,0.00016126214285714285,2,4,1636.0,offer,2026-08-24T21:47:01.647748+00:00
f47d4311-fbcd-4ab3-bd41-ff2f1161dd06,fUST,0.00016192749999999998,2,1,862.0,offer,2026-08-24T21:47:01.647748+00:00
f47d4311-fbcd-4ab3-bd41-ff2f1161dd06,fUST,0.00016246575342465753,3,1,209.0,offer,2026-08-24T21:47:01.647748+00:00
f47d4311-fbcd-4ab3-bd41-ff2f1161dd06,fUST,0.00016312,2,5,1222.27,offer,2026-08-24T21:47:01.647748+00:00
f47d4311-fbcd-4ab3-bd41-ff2f1161dd06,fUST,0.00016312157142857144,2,1,1018.0,offer,2026-08-24T21:47:01.647748+00:00
f47d4311-fbcd-4ab3-bd41-ff2f1161dd06,fUST,0.0001632,7,1,265.79746208,offer,2026-08-24T21:47:01.647748+00:00
f47d4311-fbcd-4ab3-bd41-ff2f1161dd06,fUST,0.0001635,2,15,4500.0,offer,2026-08-24T21:47:01.647748+00:00
f47d4311-fbcd-4ab3-bd41-ff2f1161dd06,fUST,0.00016399,2,1,376.69636473,offer,2026-08-24T21:47:01.647748+00:00
f47d4311-fbcd-4ab3-bd41-ff2f1161dd06,fUST,0.000164,2,13,14263.71547845,offer,2026-08-24T21:47:01.647748+00:00
f47d4311-fbcd-4ab3-bd41-ff2f1161dd06,fUST,0.0001641716506849315,2,1,166.52723946,offer,2026-08-24T21:47:01.647748+00:00
f47d4311-fbcd-4ab3-bd41-ff2f1161dd06,fUST,0.00016417419520547944,2,6,1466.85391339,offer,2026-08-24T21:47:01.647748+00:00
f47d4311-fbcd-4ab3-bd41-ff2f1161dd06,fUST,0.0001641767397260274,2,1,199.11919445,offer,2026-08-24T21:47:01.647748+00:00
f47d4311-fbcd-4ab3-bd41-ff2f1161dd06,fUST,0.00016444,2,1,297.958361,offer,2026-08-24T21:47:01.647748+00:00
f47d4311-fbcd-4ab3-bd41-ff2f1161dd06,fUST,0.00016474857142857144,2,1,192.75571149,offer,2026-08-24T21:47:01.647748+00:00
28ea77ba-916b-409a-89b6-69a98db9ea9a,fUST,0.0002671232876712329,120,1,-3314705.74326178,demand,2026-08-24T22:47:01.662859+00:00
28ea77ba-916b-409a-89b6-69a98db9ea9a,fUST,0.000258189041,120,1,-1000.0,demand,2026-08-24T22:47:01.662859+00:00
28ea77ba-916b-409a-89b6-69a98db9ea9a,fUST,0.000256830136,120,1,-633.63453641,demand,2026-08-24T22:47:01.662859+00:00
28ea77ba-916b-409a-89b6-69a98db9ea9a,fUST,0.000247980821,120,1,-64554.0,demand,2026-08-24T22:47:01.662859+00:00
28ea77ba-916b-409a-89b6-69a98db9ea9a,fUST,0.00023577808219178082,60,1,-3538300.84166828,demand,2026-08-24T22:47:01.662859+00:00
28ea77ba-916b-409a-89b6-69a98db9ea9a,fUST,0.00016,120,1,-2000.0,demand,2026-08-24T22:47:01.662859+00:00
28ea77ba-916b-409a-89b6-69a98db9ea9a,fUST,0.00016,60,19,-413276.1016179,demand,2026-08-24T22:47:01.662859+00:00
28ea77ba-916b-409a-89b6-69a98db9ea9a,fUST,0.00015,90,1,-2000.0,demand,2026-08-24T22:47:01.662859+00:00
28ea77ba-916b-409a-89b6-69a98db9ea9a,fUST,0.00015,120,1,-300000.0,demand,2026-08-24T22:47:01.662859+00:00
28ea77ba-916b-409a-89b6-69a98db9ea9a,fUST,0.00015,45,3,-13845.272985,demand,2026-08-24T22:47:01.662859+00:00
28ea77ba-916b-409a-89b6-69a98db9ea9a,fUST,0.00015,30,2,-11485.09510684,demand,2026-08-24T22:47:01.662859+00:00
28ea77ba-916b-409a-89b6-69a98db9ea9a,fUST,0.000142,45,2,-20000.0,demand,2026-08-24T22:47:01.662859+00:00
28ea77ba-916b-409a-89b6-69a98db9ea9a,fUST,0.00014000000000000001,60,1,-28000.0,demand,2026-08-24T22:47:01.662859+00:00
28ea77ba-916b-409a-89b6-69a98db9ea9a,fUST,0.000136,30,3,-19544.22120933,demand,2026-08-24T22:47:01.662859+00:00
28ea77ba-916b-409a-89b6-69a98db9ea9a,fUST,0.0001301,2,1,-150.0,demand,2026-08-24T22:47:01.662859+00:00
28ea77ba-916b-409a-89b6-69a98db9ea9a,fUST,0.00013,30,1,-28000.0,demand,2026-08-24T22:47:01.662859+00:00
28ea77ba-916b-409a-89b6-69a98db9ea9a,fUST,0.000128,30,3,-30000.0,demand,2026-08-24T22:47:01.662859+00:00
28ea77ba-916b-409a-89b6-69a98db9ea9a,fUST,0.0001225,59,1,-95000.0,demand,2026-08-24T22:47:01.662859+00:00
28ea77ba-916b-409a-89b6-69a98db9ea9a,fUST,0.0001222,29,1,-194504.86890568,demand,2026-08-24T22:47:01.662859+00:00
28ea77ba-916b-409a-89b6-69a98db9ea9a,fUST,0.0001202,19,1,-184532.71737778,demand,2026-08-24T22:47:01.662859+00:00
28ea77ba-916b-409a-89b6-69a98db9ea9a,fUST,0.00012,120,1,-30000.0,demand,2026-08-24T22:47:01.662859+00:00
28ea77ba-916b-409a-89b6-69a98db9ea9a,fUST,0.0001101,2,1,-1994788.37608811,demand,2026-08-24T22:47:01.662859+00:00
28ea77ba-916b-409a-89b6-69a98db9ea9a,fUST,0.000101,120,1,-293300.0,demand,2026-08-24T22:47:01.662859+00:00
28ea77ba-916b-409a-89b6-69a98db9ea9a,fUST,8.1e-05,13,1,-220298.60067989,demand,2026-08-24T22:47:01.662859+00:00
28ea77ba-916b-409a-89b6-69a98db9ea9a,fUST,8e-05,2,1,-10000.0,demand,2026-08-24T22:47:01.662859+00:00
28ea77ba-916b-409a-89b6-69a98db9ea9a,fUST,0.00014050720794274733,2,1,200.65854645,offer,2026-08-24T22:47:01.662859+00:00
28ea77ba-916b-409a-89b6-69a98db9ea9a,fUST,0.00014881,2,1,300.77,offer,2026-08-24T22:47:01.662859+00:00
28ea77ba-916b-409a-89b6-69a98db9ea9a,fUST,0.0001489506,7,2,444.4152317,offer,2026-08-24T22:47:01.662859+00:00
28ea77ba-916b-409a-89b6-69a98db9ea9a,fUST,0.0001530523,2,1,216.870092,offer,2026-08-24T22:47:01.662859+00:00
28ea77ba-916b-409a-89b6-69a98db9ea9a,fUST,0.000153069,2,1,1181.5877963,offer,2026-08-24T22:47:01.662859+00:00
28ea77ba-916b-409a-89b6-69a98db9ea9a,fUST,0.00015333150000000002,7,1,176.55200432,offer,2026-08-24T22:47:01.662859+00:00
28ea77ba-916b-409a-89b6-69a98db9ea9a,fUST,0.00015662,2,2,855.0,offer,2026-08-24T22:47:01.662859+00:00
28ea77ba-916b-409a-89b6-69a98db9ea9a,fUST,0.0001577124,7,2,578.3468454,offer,2026-08-24T22:47:01.662859+00:00
28ea77ba-916b-409a-89b6-69a98db9ea9a,fUST,0.00015818,2,15,4500.0,offer,2026-08-24T22:47:01.662859+00:00
28ea77ba-916b-409a-89b6-69a98db9ea9a,fUST,0.00016196986303,2,4,967.080803,offer,2026-08-24T22:47:01.662859+00:00
28ea77ba-916b-409a-89b6-69a98db9ea9a,fUST,0.0001621,2,1,355.0,offer,2026-08-24T22:47:01.662859+00:00
28ea77ba-916b-409a-89b6-69a98db9ea9a,fUST,0.00016355360000000003,7,1,176.55200434,offer,2026-08-24T22:47:01.662859+00:00
28ea77ba-916b-409a-89b6-69a98db9ea9a,fUST,0.00016418691780821919,2,10,2235.10325829,offer,2026-08-24T22:47:01.662859+00:00
28ea77ba-916b-409a-89b6-69a98db9ea9a,fUST,0.00016619,2,3,1310.25939598,offer,2026-08-24T22:47:01.662859+00:00
28ea77ba-916b-409a-89b6-69a98db9ea9a,fUST,0.0001662,2,1,1230.39620083,offer,2026-08-24T22:47:01.662859+00:00
28ea77ba-916b-409a-89b6-69a98db9ea9a,fUST,0.00016652,3,1,307.12,offer,2026-08-24T22:47:01.662859+00:00
28ea77ba-916b-409a-89b6-69a98db9ea9a,fUST,0.00016659000000000002,2,1,376.69636473,offer,2026-08-24T22:47:01.662859+00:00
28ea77ba-916b-409a-89b6-69a98db9ea9a,fUST,0.0001666,2,2,26000.0,offer,2026-08-24T22:47:01.662859+00:00
28ea77ba-916b-409a-89b6-69a98db9ea9a,fUST,0.00016661,2,5,2813.41924528,offer,2026-08-24T22:47:01.662859+00:00
28ea77ba-916b-409a-89b6-69a98db9ea9a,fUST,0.000166618,6,1,473.60297005,offer,2026-08-24T22:47:01.662859+00:00
28ea77ba-916b-409a-89b6-69a98db9ea9a,fUST,0.000166618,2,20,467587.55303408,offer,2026-08-24T22:47:01.662859+00:00
28ea77ba-916b-409a-89b6-69a98db9ea9a,fUST,0.0001669041666666667,2,3,1320.0,offer,2026-08-24T22:47:01.662859+00:00
28ea77ba-916b-409a-89b6-69a98db9ea9a,fUST,0.00016744133333333337,2,2,1880.0,offer,2026-08-24T22:47:01.662859+00:00
28ea77ba-916b-409a-89b6-69a98db9ea9a,fUST,0.0001675,2,1,600.0,offer,2026-08-24T22:47:01.662859+00:00
28ea77ba-916b-409a-89b6-69a98db9ea9a,fUST,0.00016758,2,1,355.0,offer,2026-08-24T22:47:01.662859+00:00
4aee2304-c15b-486a-8cf7-db8e0a4df03a,fUST,0.0002671232876712329,120,1,-3182837.64677422,demand,2026-08-24T23:47:01.726932+00:00
4aee2304-c15b-486a-8cf7-db8e0a4df03a,fUST,0.000258189041,120,1,-1000.0,demand,2026-08-24T23:47:01.726932+00:00
4aee2304-c15b-486a-8cf7-db8e0a4df03a,fUST,0.000256830136,120,1,-633.63453641,demand,2026-08-24T23:47:01.726932+00:00
4aee2304-c15b-486a-8cf7-db8e0a4df03a,fUST,0.000247980821,120,1,-64554.0,demand,2026-08-24T23:47:01.726932+00:00
4aee2304-c15b-486a-8cf7-db8e0a4df03a,fUST,0.00023587123287671232,60,1,-3538000.84166828,demand,2026-08-24T23:47:01.726932+00:00
4aee2304-c15b-486a-8cf7-db8e0a4df03a,fUST,0.00016,120,1,-2000.0,demand,2026-08-24T23:47:01.726932+00:00
4aee2304-c15b-486a-8cf7-db8e0a4df03a,fUST,0.00016,60,18,-403276.1016179,demand,2026-08-24T23:47:01.726932+00:00
4aee2304-c15b-486a-8cf7-db8e0a4df03a,fUST,0.00015,90,1,-2000.0,demand,2026-08-24T23:47:01.726932+00:00
4aee2304-c15b-486a-8cf7-db8e0a4df03a,fUST,0.00015,120,1,-300000.0,demand,2026-08-24T23:47:01.726932+00:00
4aee2304-c15b-486a-8cf7-db8e0a4df03a,fUST,0.00015,45,3,-13845.272985,demand,2026-08-24T23:47:01.726932+00:00
4aee2304-c15b-486a-8cf7-db8e0a4df03a,fUST,0.00015,30,2,-11485.09510684,demand,2026-08-24T23:47:01.726932+00:00
4aee2304-c15b-486a-8cf7-db8e0a4df03a,fUST,0.000142,45,2,-20000.0,demand,2026-08-24T23:47:01.726932+00:00
4aee2304-c15b-486a-8cf7-db8e0a4df03a,fUST,0.00014000000000000001,60,1,-28000.0,demand,2026-08-24T23:47:01.726932+00:00
4aee2304-c15b-486a-8cf7-db8e0a4df03a,fUST,0.000136,30,3,-19544.22120933,demand,2026-08-24T23:47:01.726932+00:00
4aee2304-c15b-486a-8cf7-db8e0a4df03a,fUST,0.0001301,2,1,-150.0,demand,2026-08-24T23:47:01.726932+00:00
4aee2304-c15b-486a-8cf7-db8e0a4df03a,fUST,0.00013,30,1,-28000.0,demand,2026-08-24T23:47:01.726932+00:00
4aee2304-c15b-486a-8cf7-db8e0a4df03a,fUST,0.000128,30,3,-30000.0,demand,2026-08-24T23:47:01.726932+00:00
4aee2304-c15b-486a-8cf7-db8e0a4df03a,fUST,0.0001225,59,1,-95000.0,demand,2026-08-24T23:47:01.726932+00:00
4aee2304-c15b-486a-8cf7-db8e0a4df03a,fUST,0.0001222,29,1,-194504.86890568,demand,2026-08-24T23:47:01.726932+00:00
4aee2304-c15b-486a-8cf7-db8e0a4df03a,fUST,0.0001202,19,1,-184532.71737778,demand,2026-08-24T23:47:01.726932+00:00
4aee2304-c15b-486a-8cf7-db8e0a4df03a,fUST,0.00012,120,1,-30000.0,demand,2026-08-24T23:47:01.726932+00:00
4aee2304-c15b-486a-8cf7-db8e0a4df03a,fUST,0.0001101,2,1,-1988307.20268066,demand,2026-08-24T23:47:01.726932+00:00
4aee2304-c15b-486a-8cf7-db8e0a4df03a,fUST,0.000101,120,1,-293300.0,demand,2026-08-24T23:47:01.726932+00:00
4aee2304-c15b-486a-8cf7-db8e0a4df03a,fUST,8.1e-05,13,1,-220298.60067989,demand,2026-08-24T23:47:01.726932+00:00
4aee2304-c15b-486a-8cf7-db8e0a4df03a,fUST,8e-05,2,1,-10000.0,demand,2026-08-24T23:47:01.726932+00:00
4aee2304-c15b-486a-8cf7-db8e0a4df03a,fUST,0.00013984,2,1,5000.0,offer,2026-08-24T23:47:01.726932+00:00
4aee2304-c15b-486a-8cf7-db8e0a4df03a,fUST,0.00014125,2,1,2631.66731595,offer,2026-08-24T23:47:01.726932+00:00
4aee2304-c15b-486a-8cf7-db8e0a4df03a,fUST,0.00015004109589041096,2,1,261.66760246,offer,2026-08-24T23:47:01.726932+00:00
4aee2304-c15b-486a-8cf7-db8e0a4df03a,fUST,0.0001506949,2,1,5545.6401589,offer,2026-08-24T23:47:01.726932+00:00
4aee2304-c15b-486a-8cf7-db8e0a4df03a,fUST,0.0001508927,2,1,157.645392,offer,2026-08-24T23:47:01.726932+00:00
4aee2304-c15b-486a-8cf7-db8e0a4df03a,fUST,0.0001514504,2,1,164.664824,offer,2026-08-24T23:47:01.726932+00:00
4aee2304-c15b-486a-8cf7-db8e0a4df03a,fUST,0.00015156,7,1,158.1552623,offer,2026-08-24T23:47:01.726932+00:00
4aee2304-c15b-486a-8cf7-db8e0a4df03a,fUST,0.000151881,2,1,1167.2962794,offer,2026-08-24T23:47:01.726932+00:00
4aee2304-c15b-486a-8cf7-db8e0a4df03a,fUST,0.0001582996875,2,1,162.04933437,offer,2026-08-24T23:47:01.726932+00:00
4aee2304-c15b-486a-8cf7-db8e0a4df03a,fUST,0.00016,2,1,3000.0,offer,2026-08-24T23:47:01.726932+00:00
4aee2304-c15b-486a-8cf7-db8e0a4df03a,fUST,0.00016181643837,2,2,302.0,offer,2026-08-24T23:47:01.726932+00:00
4aee2304-c15b-486a-8cf7-db8e0a4df03a,fUST,0.00016331,2,9,3783.27094083,offer,2026-08-24T23:47:01.726932+00:00
4aee2304-c15b-486a-8cf7-db8e0a4df03a,fUST,0.00016333,2,1,995.69849004,offer,2026-08-24T23:47:01.726932+00:00
4aee2304-c15b-486a-8cf7-db8e0a4df03a,fUST,0.00016377968749999998,2,1,162.04933437,offer,2026-08-24T23:47:01.726932+00:00
4aee2304-c15b-486a-8cf7-db8e0a4df03a,fUST,0.00016394638840599995,2,1,1885.27061909,offer,2026-08-24T23:47:01.726932+00:00
4aee2304-c15b-486a-8cf7-db8e0a4df03a,fUST,0.00016405,3,1,154.45,offer,2026-08-24T23:47:01.726932+00:00
4aee2304-c15b-486a-8cf7-db8e0a4df03a,fUST,0.00016405,2,2,1000.0,offer,2026-08-24T23:47:01.726932+00:00
4aee2304-c15b-486a-8cf7-db8e0a4df03a,fUST,0.00016405350879999999,2,4,841.9108901,offer,2026-08-24T23:47:01.726932+00:00
4aee2304-c15b-486a-8cf7-db8e0a4df03a,fUST,0.00016412,2,4,1855.0,offer,2026-08-24T23:47:01.726932+00:00
4aee2304-c15b-486a-8cf7-db8e0a4df03a,fUST,0.00016413,2,2,1000.0,offer,2026-08-24T23:47:01.726932+00:00
4aee2304-c15b-486a-8cf7-db8e0a4df03a,fUST,0.00016414,2,7,2491.47029869,offer,2026-08-24T23:47:01.726932+00:00
4aee2304-c15b-486a-8cf7-db8e0a4df03a,fUST,0.00016414200000000002,2,1,507.87746024,offer,2026-08-24T23:47:01.726932+00:00
4aee2304-c15b-486a-8cf7-db8e0a4df03a,fUST,0.00016415,2,2,2614.06317699,offer,2026-08-24T23:47:01.726932+00:00
4aee2304-c15b-486a-8cf7-db8e0a4df03a,fUST,0.000164152,2,24,330220.24938252,offer,2026-08-24T23:47:01.726932+00:00
4aee2304-c15b-486a-8cf7-db8e0a4df03a,fUST,0.00016418437328767123,2,9,1770.77267973,offer,2026-08-24T23:47:01.726932+00:00
