run_id,market,rate,period,count,amount,side,fetched_at
1c62e444-0b13-4e3f-a877-ac3c58d08505,fUST,0.0002671232876712329,120,1,-4988001.99888093,demand,2026-09-18T00:47:01.364094+00:00
1c62e444-0b13-4e3f-a877-ac3c58d08505,fUST,0.0002576027397260274,60,1,-1485070.32737364,demand,2026-09-18T00:47:01.364094+00:00
1c62e444-0b13-4e3f-a877-ac3c58d08505,fUST,0.0002558301,120,1,-54.95192993,demand,2026-09-18T00:47:01.364094+00:00
1c62e444-0b13-4e3f-a877-ac3c58d08505,fUST,0.00025579,120,1,-1768.0,demand,2026-09-18T00:47:01.364094+00:00
1c62e444-0b13-4e3f-a877-ac3c58d08505,fUST,0.00024984861,120,1,-192.0,demand,2026-09-18T00:47:01.364094+00:00
1c62e444-0b13-4e3f-a877-ac3c58d08505,fUST,0.0001601,29,1,-146709.523811,demand,2026-09-18T00:47:01.364094+00:00
1c62e444-0b13-4e3f-a877-ac3c58d08505,fUST,0.00016,60,18,-114200.828599,demand,2026-09-18T00:47:01.364094+00:00
1c62e444-0b13-4e3f-a877-ac3c58d08505,fUST,0.00016,30,1,-3277.4,demand,2026-09-18T00:47:01.364094+00:00
1c62e444-0b13-4e3f-a877-ac3c58d08505,fUST,0.000152,60,1,-28000.0,demand,2026-09-18T00:47:01.364094+00:00
1c62e444-0b13-4e3f-a877-ac3c58d08505,fUST,0.00015,120,1,-300000.0,demand,2026-09-18T00:47:01.364094+00:00
1c62e444-0b13-4e3f-a877-ac3c58d08505,fUST,0.00015,45,23,-138668.928077,demand,2026-09-18T00:47:01.364094+00:00
1c62e444-0b13-4e3f-a877-ac3c58d08505,fUST,0.00015,2,2,-27000.0,demand,2026-09-18T00:47:01.364094+00:00
1c62e444-0b13-4e3f-a877-ac3c58d08505,fUST,0.00015,3,1,-2203.61268984,demand,2026-09-18T00:47:01.364094+00:00
1c62e444-0b13-4e3f-a877-ac3c58d08505,fUST,0.0001421,45,1,-10000.0,demand,2026-09-18T00:47:01.364094+00:00
1c62e444-0b13-4e3f-a877-ac3c58d08505,fUST,0.000142,45,2,-20000.0,demand,2026-09-18T00:47:01.364094+00:00
1c62e444-0b13-4e3f-a877-ac3c58d08505,fUST,0.0001401,13,1,-100000.0,demand,2026-09-18T00:47:01.364094+00:00
1c62e444-0b13-4e3f-a877-ac3c58d08505,fUST,0.00014,7,1,-10000.0,demand,2026-09-18T00:47:01.364094+00:00
1c62e444-0b13-4e3f-a877-ac3c58d08505,fUST,0.00014,3,1,-10000.0,demand,2026-09-18T00:47:01.364094+00:00
1c62e444-0b13-4e3f-a877-ac3c58d08505,fUST,0.000139,2,1,-384789.06726248,demand,2026-09-18T00:47:01.364094+00:00
1c62e444-0b13-4e3f-a877-ac3c58d08505,fUST,0.0001361,30,23,-93124.47696771,demand,2026-09-18T00:47:01.364094+00:00
1c62e444-0b13-4e3f-a877-ac3c58d08505,fUST,0.000136,30,2,-14544.22120933,demand,2026-09-18T00:47:01.364094+00:00
1c62e444-0b13-4e3f-a877-ac3c58d08505,fUST,0.000132,30,1,-28000.0,demand,2026-09-18T00:47:01.364094+00:00
1c62e444-0b13-4e3f-a877-ac3c58d08505,fUST,0.00013103,2,1,-285058.62536861,demand,2026-09-18T00:47:01.364094+00:00
1c62e444-0b13-4e3f-a877-ac3c58d08505,fUST,0.00013102,2,1,-366829.49373192,demand,2026-09-18T00:47:01.364094+00:00
1c62e444-0b13-4e3f-a877-ac3c58d08505,fUST,0.000131,2,3,-2576906.89108704,demand,2026-09-18T00:47:01.364094+00:00
1c62e444-0b13-4e3f-a877-ac3c58d08505,fUST,0.00017986,2,3,1180.9315731,offer,2026-09-18T00:47:01.364094+00:00
1c62e444-0b13-4e3f-a877-ac3c58d08505,fUST,0.00017987,2,1,5000.0,offer,2026-09-18T00:47:01.364094+00:00
1c62e444-0b13-4e3f-a877-ac3c58d08505,fUST,0.0001817,2,1,156.4,offer,2026-09-18T00:47:01.364094+00:00
1c62e444-0b13-4e3f-a877-ac3c58d08505,fUST,0.00018728220000000003,7,1,190.17539436,offer,2026-09-18T00:47:01.364094+00:00
1c62e444-0b13-4e3f-a877-ac3c58d08505,fUST,0.0001885021,2,1,295.56629,offer,2026-09-18T00:47:01.364094+00:00
1c62e444-0b13-4e3f-a877-ac3c58d08505,fUST,0.00019199628192756446,2,1,210.10328243,offer,2026-09-18T00:47:01.364094+00:00
1c62e444-0b13-4e3f-a877-ac3c58d08505,fUST,0.00019467,7,1,338.6992028,offer,2026-09-18T00:47:01.364094+00:00
1c62e444-0b13-4e3f-a877-ac3c58d08505,fUST,0.00019820354452054797,2,4,695.67106103,offer,2026-09-18T00:47:01.364094+00:00
1c62e444-0b13-4e3f-a877-ac3c58d08505,fUST,0.00019829880000000002,7,1,285.26309156,offer,2026-09-18T00:47:01.364094+00:00
1c62e444-0b13-4e3f-a877-ac3c58d08505,fUST,0.000199870006,2,1,193.07545564,offer,2026-09-18T00:47:01.364094+00:00
1c62e444-0b13-4e3f-a877-ac3c58d08505,fUST,0.00019998,2,1,573.25,offer,2026-09-18T00:47:01.364094+00:00
1c62e444-0b13-4e3f-a877-ac3c58d08505,fUST,0.00019999,2,6,276448.29789248,offer,2026-09-18T00:47:01.364094+00:00
1c62e444-0b13-4e3f-a877-ac3c58d08505,fUST,0.0002,10,1,34351.06568085,offer,2026-09-18T00:47:01.364094+00:00
1c62e444-0b13-4e3f-a877-ac3c58d08505,fUST,0.00020535000599999998,2,1,193.07545564,offer,2026-09-18T00:47:01.364094+00:00
1c62e444-0b13-4e3f-a877-ac3c58d08505,fUST,0.00020689948630136989,2,5,1564.04126099,offer,2026-09-18T00:47:01.364094+00:00
1c62e444-0b13-4e3f-a877-ac3c58d08505,fUST,0.00020702,2,1,500.0,offer,2026-09-18T00:47:01.364094+00:00
1c62e444-0b13-4e3f-a877-ac3c58d08505,fUST,0.0002086718247,2,1,183.82788,offer,2026-09-18T00:47:01.364094+00:00
1c62e444-0b13-4e3f-a877-ac3c58d08505,fUST,0.00020948,2,1,277.93,offer,2026-09-18T00:47:01.364094+00:00
1c62e444-0b13-4e3f-a877-ac3c58d08505,fUST,0.000210830006,2,1,193.07545564,offer,2026-09-18T00:47:01.364094+00:00
1c62e444-0b13-4e3f-a877-ac3c58d08505,fUST,0.00021123,2,1,154.523,offer,2026-09-18T00:47:01.364094+00:00
1c62e444-0b13-4e3f-a877-ac3c58d08505,fUST,0.00021264280821917808,2,2,363.40349889,offer,2026-09-18T00:47:01.364094+00:00
1c62e444-0b13-4e3f-a877-ac3c58d08505,fUST,0.00021269678082191782,2,18,5232.8458136,offer,2026-09-18T00:47:01.364094+00:00
1c62e444-0b13-4e3f-a877-ac3c58d08505,fUST,0.00021282,2,1,224.81176693,offer,2026-09-18T00:47:01.364094+00:00
1c62e444-0b13-4e3f-a877-ac3c58d08505,fUST,0.000213,4,1,161.99999999,offer,2026-09-18T00:47:01.364094+00:00
1c62e444-0b13-4e3f-a877-ac3c58d08505,fUST,0.00021371,2,1,219.1678911,offer,2026-09-18T00:47:01.364094+00:00
3fc1a71a-b013-474e-8fc7-e314eeecd021,fUST,0.00025787671232876713,60,1,-1479766.41308867,demand,2026-09-18T01:47:01.725080+00:00
3fc1a71a-b013-474e-8fc7-e314eeecd021,fUST,0.0001601,29,1,-146709.523811,demand,2026-09-18T01:47:01.725080+00:00
3fc1a71a-b013-474e-8fc7-e314eeecd021,fUST,0.00016,60,18,-114200.828599,demand,2026-09-18T01:47:01.725080+00:00
3fc1a71a-b013-474e-8fc7-e314eeecd021,fUST,0.00016,30,1,-3277.4,demand,2026-09-18T01:47:01.725080+00:00
3fc1a71a-b013-474e-8fc7-e314eeecd021,fUST,0.000152,60,1,-28000.0,demand,2026-09-18T01:47:01.725080+00:00
3fc1a71a-b013-474e-8fc7-e314eeecd021,fUST,0.00015,120,1,-300000.0,demand,2026-09-18T01:47:01.725080+00:00
3fc1a71a-b013-474e-8fc7-e314eeecd021,fUST,0.00015,45,23,-138668.928077,demand,2026-09-18T01:47:01.725080+00:00
3fc1a71a-b013-474e-8fc7-e314eeecd021,fUST,0.00015,2,2,-27000.0,demand,2026-09-18T01:47:01.725080+00:00
3fc1a71a-b013-474e-8fc7-e314eeecd021,fUST,0.00015,3,1,-2203.61268984,demand,2026-09-18T01:47:01.725080+00:00
3fc1a71a-b013-474e-8fc7-e314eeecd021,fUST,0.0001421,45,1,-10000.0,demand,2026-09-18T01:47:01.725080+00:00
3fc1a71a-b013-474e-8fc7-e314eeecd021,fUST,0.000142,45,2,-20000.0,demand,2026-09-18T01:47:01.725080+00:00
3fc1a71a-b013-474e-8fc7-e314eeecd021,fUST,0.0001401,13,1,-100000.0,demand,2026-09-18T01:47:01.725080+00:00
3fc1a71a-b013-474e-8fc7-e314eeecd021,fUST,0.00014,7,1,-10000.0,demand,2026-09-18T01:47:01.725080+00:00
3fc1a71a-b013-474e-8fc7-e314eeecd021,fUST,0.00014,3,1,-10000.0,demand,2026-09-18T01:47:01.725080+00:00
3fc1a71a-b013-474e-8fc7-e314eeecd021,fUST,0.000139,2,1,-384789.06726248,demand,2026-09-18T01:47:01.725080+00:00
3fc1a71a-b013-474e-8fc7-e314eeecd021,fUST,0.0001361,30,23,-93124.47696771,demand,2026-09-18T01:47:01.725080+00:00
3fc1a71a-b013-474e-8fc7-e314eeecd021,fUST,0.000136,30,2,-14544.22120933,demand,2026-09-18T01:47:01.725080+00:00
3fc1a71a-b013-474e-8fc7-e314eeecd021,fUST,0.000132,30,1,-28000.0,demand,2026-09-18T01:47:01.725080+00:00
3fc1a71a-b013-474e-8fc7-e314eeecd021,fUST,0.00013103,2,1,-285058.62536861,demand,2026-09-18T01:47:01.725080+00:00
3fc1a71a-b013-474e-8fc7-e314eeecd021,fUST,0.00013102,2,1,-366829.49373192,demand,2026-09-18T01:47:01.725080+00:00
3fc1a71a-b013-474e-8fc7-e314eeecd021,fUST,0.000131,2,3,-2576906.89108704,demand,2026-09-18T01:47:01.725080+00:00
3fc1a71a-b013-474e-8fc7-e314eeecd021,fUST,0.00013,2,1,-1000.0,demand,2026-09-18T01:47:01.725080+00:00
3fc1a71a-b013-474e-8fc7-e314eeecd021,fUST,0.00013,7,1,-1000.0,demand,2026-09-18T01:47:01.725080+00:00
3fc1a71a-b013-474e-8fc7-e314eeecd021,fUST,0.00013,5,1,-1000.0,demand,2026-09-18T01:47:01.725080+00:00
3fc1a71a-b013-474e-8fc7-e314eeecd021,fUST,0.00013,14,1,-1000.0,demand,2026-09-18T01:47:01.725080+00:00
3fc1a71a-b013-474e-8fc7-e314eeecd021,fUST,0.00017130000000000002,2,1,341.88207922,offer,2026-09-18T01:47:01.725080+00:00
3fc1a71a-b013-474e-8fc7-e314eeecd021,fUST,0.00017131,2,1,5000.0,offer,2026-09-18T01:47:01.725080+00:00
3fc1a71a-b013-474e-8fc7-e314eeecd021,fUST,0.0001748,7,2,642.36526905,offer,2026-09-18T01:47:01.725080+00:00
3fc1a71a-b013-474e-8fc7-e314eeecd021,fUST,0.000178296,7,1,454.80684669,offer,2026-09-18T01:47:01.725080+00:00
3fc1a71a-b013-474e-8fc7-e314eeecd021,fUST,0.0001783733,2,1,151.0,offer,2026-09-18T01:47:01.725080+00:00
3fc1a71a-b013-474e-8fc7-e314eeecd021,fUST,0.000183206,2,1,11906.436796,offer,2026-09-18T01:47:01.725080+00:00
3fc1a71a-b013-474e-8fc7-e314eeecd021,fUST,0.00018354,7,1,454.80684669,offer,2026-09-18T01:47:01.725080+00:00
3fc1a71a-b013-474e-8fc7-e314eeecd021,fUST,0.0001841546,2,1,285.9692537,offer,2026-09-18T01:47:01.725080+00:00
3fc1a71a-b013-474e-8fc7-e314eeecd021,fUST,0.0001842528,7,1,233.28068002,offer,2026-09-18T01:47:01.725080+00:00
3fc1a71a-b013-474e-8fc7-e314eeecd021,fUST,0.00018619,2,4,2002.11651077,offer,2026-09-18T01:47:01.725080+00:00
3fc1a71a-b013-474e-8fc7-e314eeecd021,fUST,0.00018619,7,1,355.0,offer,2026-09-18T01:47:01.725080+00:00
3fc1a71a-b013-474e-8fc7-e314eeecd021,fUST,0.000188784,7,2,657.9951376,offer,2026-09-18T01:47:01.725080+00:00
3fc1a71a-b013-474e-8fc7-e314eeecd021,fUST,0.00018893,7,1,355.0,offer,2026-09-18T01:47:01.725080+00:00
3fc1a71a-b013-474e-8fc7-e314eeecd021,fUST,0.00018999,2,1,530.52,offer,2026-09-18T01:47:01.725080+00:00
3fc1a71a-b013-474e-8fc7-e314eeecd021,fUST,0.00019,2,1,2979.83117637,offer,2026-09-18T01:47:01.725080+00:00
3fc1a71a-b013-474e-8fc7-e314eeecd021,fUST,0.00019167,7,1,355.0,offer,2026-09-18T01:47:01.725080+00:00
3fc1a71a-b013-474e-8fc7-e314eeecd021,fUST,0.0001927890410958904,2,1,1949.68719596,offer,2026-09-18T01:47:01.725080+00:00
3fc1a71a-b013-474e-8fc7-e314eeecd021,fUST,0.00019279,30,1,156.45867734,offer,2026-09-18T01:47:01.725080+00:00
3fc1a71a-b013-474e-8fc7-e314eeecd021,fUST,0.00019441,7,1,355.0,offer,2026-09-18T01:47:01.725080+00:00
3fc1a71a-b013-474e-8fc7-e314eeecd021,fUST,0.0001950912,7,1,349.92102004,offer,2026-09-18T01:47:01.725080+00:00
3fc1a71a-b013-474e-8fc7-e314eeecd021,fUST,0.00019577600000000002,7,1,454.8068467,offer,2026-09-18T01:47:01.725080+00:00
3fc1a71a-b013-474e-8fc7-e314eeecd021,fUST,0.00019678,2,1,219.83669365,offer,2026-09-18T01:47:01.725080+00:00
3fc1a71a-b013-474e-8fc7-e314eeecd021,fUST,0.00019715,7,1,355.0,offer,2026-09-18T01:47:01.725080+00:00
3fc1a71a-b013-474e-8fc7-e314eeecd021,fUST,0.00019795,2,1,2301.3179585,offer,2026-09-18T01:47:01.725080+00:00
3fc1a71a-b013-474e-8fc7-e314eeecd021,fUST,0.000198,2,1,1000.0,offer,2026-09-18T01:47:01.725080+00:00
92655f7c-396a-46f0-8f7d-e8f3b8213975,fUST,0.0002578520547945205,60,1,-1476396.91511137,demand,2026-09-18T02:47:01.585323+00:00
92655f7c-396a-46f0-8f7d-e8f3b8213975,fUST,0.0001601,29,1,-146709.523811,demand,2026-09-18T02:47:01.585323+00:00
92655f7c-396a-46f0-8f7d-e8f3b8213975,fUST,0.00016,60,18,-114200.828599,demand,2026-09-18T02:47:01.585323+00:00
92655f7c-396a-46f0-8f7d-e8f3b8213975,fUST,0.00016,30,1,-3277.4,demand,2026-09-18T02:47:01.585323+00:00
92655f7c-396a-46f0-8f7d-e8f3b8213975,fUST,0.000152,60,1,-28000.0,demand,2026-09-18T02:47:01.585323+00:00
92655f7c-396a-46f0-8f7d-e8f3b8213975,fUST,0.00015,120,1,-300000.0,demand,2026-09-18T02:47:01.585323+00:00
92655f7c-396a-46f0-8f7d-e8f3b8213975,fUST,0.00015,45,23,-138668.928077,demand,2026-09-18T02:47:01.585323+00:00
92655f7c-396a-46f0-8f7d-e8f3b8213975,fUST,0.00015,2,2,-27000.0,demand,2026-09-18T02:47:01.585323+00:00
92655f7c-396a-46f0-8f7d-e8f3b8213975,fUST,0.0001421,45,1,-10000.0,demand,2026-09-18T02:47:01.585323+00:00
92655f7c-396a-46f0-8f7d-e8f3b8213975,fUST,0.000142,45,2,-20000.0,demand,2026-09-18T02:47:01.585323+00:00
92655f7c-396a-46f0-8f7d-e8f3b8213975,fUST,0.0001401,13,1,-100000.0,demand,2026-09-18T02:47:01.585323+00:00
92655f7c-396a-46f0-8f7d-e8f3b8213975,fUST,0.00014,7,1,-10000.0,demand,2026-09-18T02:47:01.585323+00:00
92655f7c-396a-46f0-8f7d-e8f3b8213975,fUST,0.00014,3,1,-3400.97492711,demand,2026-09-18T02:47:01.585323+00:00
92655f7c-396a-46f0-8f7d-e8f3b8213975,fUST,0.000139,2,1,-308357.86029553,demand,2026-09-18T02:47:01.585323+00:00
92655f7c-396a-46f0-8f7d-e8f3b8213975,fUST,0.0001361,30,23,-93124.47696771,demand,2026-09-18T02:47:01.585323+00:00
92655f7c-396a-46f0-8f7d-e8f3b8213975,fUST,0.000136,30,2,-14544.22120933,demand,2026-09-18T02:47:01.585323+00:00
92655f7c-396a-46f0-8f7d-e8f3b8213975,fUST,0.000132,30,1,-28000.0,demand,2026-09-18T02:47:01.585323+00:00
92655f7c-396a-46f0-8f7d-e8f3b8213975,fUST,0.00013103,2,1,-285058.62536861,demand,2026-09-18T02:47:01.585323+00:00
92655f7c-396a-46f0-8f7d-e8f3b8213975,fUST,0.00013102,2,1,-366829.49373192,demand,2026-09-18T02:47:01.585323+00:00
92655f7c-396a-46f0-8f7d-e8f3b8213975,fUST,0.000131,2,3,-2576906.89108704,demand,2026-09-18T02:47:01.585323+00:00
92655f7c-396a-46f0-8f7d-e8f3b8213975,fUST,0.00013,2,1,-1000.0,demand,2026-09-18T02:47:01.585323+00:00
92655f7c-396a-46f0-8f7d-e8f3b8213975,fUST,0.00013,7,1,-1000.0,demand,2026-09-18T02:47:01.585323+00:00
92655f7c-396a-46f0-8f7d-e8f3b8213975,fUST,0.00013,5,1,-1000.0,demand,2026-09-18T02:47:01.585323+00:00
92655f7c-396a-46f0-8f7d-e8f3b8213975,fUST,0.00013,14,1,-1000.0,demand,2026-09-18T02:47:01.585323+00:00
92655f7c-396a-46f0-8f7d-e8f3b8213975,fUST,0.00013,3,1,-10000.0,demand,2026-09-18T02:47:01.585323+00:00
92655f7c-396a-46f0-8f7d-e8f3b8213975,fUST,0.00015601360000000003,2,14,2156.0,offer,2026-09-18T02:47:01.585323+00:00
92655f7c-396a-46f0-8f7d-e8f3b8213975,fUST,0.000156013698630137,2,1,307.40523996,offer,2026-09-18T02:47:01.585323+00:00
92655f7c-396a-46f0-8f7d-e8f3b8213975,fUST,0.00016957000000000002,2,1,201.42510184,offer,2026-09-18T02:47:01.585323+00:00
92655f7c-396a-46f0-8f7d-e8f3b8213975,fUST,0.00016958,2,1,5000.0,offer,2026-09-18T02:47:01.585323+00:00
92655f7c-396a-46f0-8f7d-e8f3b8213975,fUST,0.00017297160000000002,7,1,279.51653628,offer,2026-09-18T02:47:01.585323+00:00
92655f7c-396a-46f0-8f7d-e8f3b8213975,fUST,0.0001730336,2,21,3234.0,offer,2026-09-18T02:47:01.585323+00:00
92655f7c-396a-46f0-8f7d-e8f3b8213975,fUST,0.0001786243,2,1,4977.9001303,offer,2026-09-18T02:47:01.585323+00:00
92655f7c-396a-46f0-8f7d-e8f3b8213975,fUST,0.0001797071,2,1,353.2344739,offer,2026-09-18T02:47:01.585323+00:00
92655f7c-396a-46f0-8f7d-e8f3b8213975,fUST,0.00018,2,1,6014.38611,offer,2026-09-18T02:47:01.585323+00:00
92655f7c-396a-46f0-8f7d-e8f3b8213975,fUST,0.00018314640000000003,7,1,419.27480442,offer,2026-09-18T02:47:01.585323+00:00
92655f7c-396a-46f0-8f7d-e8f3b8213975,fUST,0.00018724931506849314,2,1,500.0,offer,2026-09-18T02:47:01.585323+00:00
92655f7c-396a-46f0-8f7d-e8f3b8213975,fUST,0.00018725,2,8,2798.51315779,offer,2026-09-18T02:47:01.585323+00:00
92655f7c-396a-46f0-8f7d-e8f3b8213975,fUST,0.00018808,2,4,2008.09687164,offer,2026-09-18T02:47:01.585323+00:00
92655f7c-396a-46f0-8f7d-e8f3b8213975,fUST,0.00018997,3,1,7112.74986426,offer,2026-09-18T02:47:01.585323+00:00
92655f7c-396a-46f0-8f7d-e8f3b8213975,fUST,0.00018997,2,1,500.0,offer,2026-09-18T02:47:01.585323+00:00
92655f7c-396a-46f0-8f7d-e8f3b8213975,fUST,0.00018997999999999994,2,1,200.0,offer,2026-09-18T02:47:01.585323+00:00
92655f7c-396a-46f0-8f7d-e8f3b8213975,fUST,0.00018998,2,17,7754.96721636,offer,2026-09-18T02:47:01.585323+00:00
92655f7c-396a-46f0-8f7d-e8f3b8213975,fUST,0.00018998904109589042,2,1,508.5958613,offer,2026-09-18T02:47:01.585323+00:00
92655f7c-396a-46f0-8f7d-e8f3b8213975,fUST,0.00018999,2,33,332360.67423256,offer,2026-09-18T02:47:01.585323+00:00
92655f7c-396a-46f0-8f7d-e8f3b8213975,fUST,0.0001918518,7,1,519.9378618,offer,2026-09-18T02:47:01.585323+00:00
92655f7c-396a-46f0-8f7d-e8f3b8213975,fUST,0.0001937796,4,1,268.41990731,offer,2026-09-18T02:47:01.585323+00:00
92655f7c-396a-46f0-8f7d-e8f3b8213975,fUST,0.00019378979999999999,2,3,462.0,offer,2026-09-18T02:47:01.585323+00:00
92655f7c-396a-46f0-8f7d-e8f3b8213975,fUST,0.0001945086355932203,2,9,2507.21112947,offer,2026-09-18T02:47:01.585323+00:00
92655f7c-396a-46f0-8f7d-e8f3b8213975,fUST,0.00019458,2,1,166.88,offer,2026-09-18T02:47:01.585323+00:00
92655f7c-396a-46f0-8f7d-e8f3b8213975,fUST,0.0001954815,2,1,159.0,offer,2026-09-18T02:47:01.585323+00:00
82d5e0a6-8bee-477f-b9ff-63e880b0bfe8,fUST,0.0001601,29,1,-146709.523811,demand,2026-09-18T03:47:01.582095+00:00
82d5e0a6-8bee-477f-b9ff-63e880b0bfe8,fUST,0.00016,60,18,-114200.828599,demand,2026-09-18T03:47:01.582095+00:00
82d5e0a6-8bee-477f-b9ff-63e880b0bfe8,fUST,0.00016,30,1,-3277.4,demand,2026-09-18T03:47:01.582095+00:00
82d5e0a6-8bee-477f-b9ff-63e880b0bfe8,fUST,0.000152,60,1,-28000.0,demand,2026-09-18T03:47:01.582095+00:00
82d5e0a6-8bee-477f-b9ff-63e880b0bfe8,fUST,0.00015,120,1,-300000.0,demand,2026-09-18T03:47:01.582095+00:00
82d5e0a6-8bee-477f-b9ff-63e880b0bfe8,fUST,0.00015,45,23,-138668.928077,demand,2026-09-18T03:47:01.582095+00:00
82d5e0a6-8bee-477f-b9ff-63e880b0bfe8,fUST,0.00015,2,2,-27000.0,demand,2026-09-18T03:47:01.582095+00:00
82d5e0a6-8bee-477f-b9ff-63e880b0bfe8,fUST,0.0001421,45,1,-10000.0,demand,2026-09-18T03:47:01.582095+00:00
82d5e0a6-8bee-477f-b9ff-63e880b0bfe8,fUST,0.000142,45,2,-20000.0,demand,2026-09-18T03:47:01.582095+00:00
82d5e0a6-8bee-477f-b9ff-63e880b0bfe8,fUST,0.0001401,13,1,-100000.0,demand,2026-09-18T03:47:01.582095+00:00
82d5e0a6-8bee-477f-b9ff-63e880b0bfe8,fUST,0.00014,7,1,-10000.0,demand,2026-09-18T03:47:01.582095+00:00
82d5e0a6-8bee-477f-b9ff-63e880b0bfe8,fUST,0.00014,3,1,-3400.97492711,demand,2026-09-18T03:47:01.582095+00:00
82d5e0a6-8bee-477f-b9ff-63e880b0bfe8,fUST,0.000139,2,1,-234829.05653026,demand,2026-09-18T03:47:01.582095+00:00
82d5e0a6-8bee-477f-b9ff-63e880b0bfe8,fUST,0.0001361,30,23,-93124.47696771,demand,2026-09-18T03:47:01.582095+00:00
82d5e0a6-8bee-477f-b9ff-63e880b0bfe8,fUST,0.000136,30,2,-14544.22120933,demand,2026-09-18T03:47:01.582095+00:00
82d5e0a6-8bee-477f-b9ff-63e880b0bfe8,fUST,0.000132,30,1,-28000.0,demand,2026-09-18T03:47:01.582095+00:00
82d5e0a6-8bee-477f-b9ff-63e880b0bfe8,fUST,0.00013103,2,1,-285058.62536861,demand,2026-09-18T03:47:01.582095+00:00
82d5e0a6-8bee-477f-b9ff-63e880b0bfe8,fUST,0.00013102,2,1,-366829.49373192,demand,2026-09-18T03:47:01.582095+00:00
82d5e0a6-8bee-477f-b9ff-63e880b0bfe8,fUST,0.000131,2,3,-2576906.89108704,demand,2026-09-18T03:47:01.582095+00:00
82d5e0a6-8bee-477f-b9ff-63e880b0bfe8,fUST,0.00013,2,1,-1000.0,demand,2026-09-18T03:47:01.582095+00:00
82d5e0a6-8bee-477f-b9ff-63e880b0bfe8,fUST,0.00013,7,1,-1000.0,demand,2026-09-18T03:47:01.582095+00:00
82d5e0a6-8bee-477f-b9ff-63e880b0bfe8,fUST,0.00013,5,1,-1000.0,demand,2026-09-18T03:47:01.582095+00:00
82d5e0a6-8bee-477f-b9ff-63e880b0bfe8,fUST,0.00013,14,1,-1000.0,demand,2026-09-18T03:47:01.582095+00:00
82d5e0a6-8bee-477f-b9ff-63e880b0bfe8,fUST,0.00013,3,1,-10000.0,demand,2026-09-18T03:47:01.582095+00:00
82d5e0a6-8bee-477f-b9ff-63e880b0bfe8,fUST,0.0001226,12,1,-135216.16709793,demand,2026-09-18T03:47:01.582095+00:00
82d5e0a6-8bee-477f-b9ff-63e880b0bfe8,fUST,0.00014725,2,1,196.52,offer,2026-09-18T03:47:01.582095+00:00
82d5e0a6-8bee-477f-b9ff-63e880b0bfe8,fUST,0.00014999,2,20,9081.46459724,offer,2026-09-18T03:47:01.582095+00:00
82d5e0a6-8bee-477f-b9ff-63e880b0bfe8,fUST,0.00015,2,1,5000.0,offer,2026-09-18T03:47:01.582095+00:00
82d5e0a6-8bee-477f-b9ff-63e880b0bfe8,fUST,0.000155297,2,1,151.0,offer,2026-09-18T03:47:01.582095+00:00
82d5e0a6-8bee-477f-b9ff-63e880b0bfe8,fUST,0.00015807,2,1,513.96,offer,2026-09-18T03:47:01.582095+00:00
82d5e0a6-8bee-477f-b9ff-63e880b0bfe8,fUST,0.0001601,2,3,4250.316956,offer,2026-09-18T03:47:01.582095+00:00
82d5e0a6-8bee-477f-b9ff-63e880b0bfe8,fUST,0.0001652904,2,1,848.8676821,offer,2026-09-18T03:47:01.582095+00:00
82d5e0a6-8bee-477f-b9ff-63e880b0bfe8,fUST,0.00016592143151483718,2,1,815.55915684,offer,2026-09-18T03:47:01.582095+00:00
82d5e0a6-8bee-477f-b9ff-63e880b0bfe8,fUST,0.00016796,2,2,1094.78272944,offer,2026-09-18T03:47:01.582095+00:00
82d5e0a6-8bee-477f-b9ff-63e880b0bfe8,fUST,0.00016797,2,2,1000.0,offer,2026-09-18T03:47:01.582095+00:00
82d5e0a6-8bee-477f-b9ff-63e880b0bfe8,fUST,0.0001693603,2,1,5057.1135783,offer,2026-09-18T03:47:01.582095+00:00
82d5e0a6-8bee-477f-b9ff-63e880b0bfe8,fUST,0.0001694322,2,1,1607.853353,offer,2026-09-18T03:47:01.582095+00:00
82d5e0a6-8bee-477f-b9ff-63e880b0bfe8,fUST,0.0001698026,2,1,176.223257,offer,2026-09-18T03:47:01.582095+00:00
82d5e0a6-8bee-477f-b9ff-63e880b0bfe8,fUST,0.0001699925,2,1,350.08364,offer,2026-09-18T03:47:01.582095+00:00
82d5e0a6-8bee-477f-b9ff-63e880b0bfe8,fUST,0.00017132,2,16,5100.0,offer,2026-09-18T03:47:01.582095+00:00
82d5e0a6-8bee-477f-b9ff-63e880b0bfe8,fUST,0.000171730944,2,1,185.0825635,offer,2026-09-18T03:47:01.582095+00:00
82d5e0a6-8bee-477f-b9ff-63e880b0bfe8,fUST,0.00017173150684931507,2,1,500.0,offer,2026-09-18T03:47:01.582095+00:00
82d5e0a6-8bee-477f-b9ff-63e880b0bfe8,fUST,0.00018048099999999997,2,4,676.37945825,offer,2026-09-18T03:47:01.582095+00:00
82d5e0a6-8bee-477f-b9ff-63e880b0bfe8,fUST,0.000181125,7,1,341.45637612,offer,2026-09-18T03:47:01.582095+00:00
82d5e0a6-8bee-477f-b9ff-63e880b0bfe8,fUST,0.00018207,2,1,500.0,offer,2026-09-18T03:47:01.582095+00:00
82d5e0a6-8bee-477f-b9ff-63e880b0bfe8,fUST,0.00018596099999999998,2,1,198.69451016,offer,2026-09-18T03:47:01.582095+00:00
82d5e0a6-8bee-477f-b9ff-63e880b0bfe8,fUST,0.00018767123287671234,3,1,165.0,offer,2026-09-18T03:47:01.582095+00:00
82d5e0a6-8bee-477f-b9ff-63e880b0bfe8,fUST,0.0001879362756,2,1,517.672982,offer,2026-09-18T03:47:01.582095+00:00
82d5e0a6-8bee-477f-b9ff-63e880b0bfe8,fUST,0.00018799,2,13,6447.63654111,offer,2026-09-18T03:47:01.582095+00:00
82d5e0a6-8bee-477f-b9ff-63e880b0bfe8,fUST,0.00018845,2,1,720.0,offer,2026-09-18T03:47:01.582095+00:00
4e8676ec-df18-4d18-8e51-871e3445646c,fUST,0.0001601,29,1,-144895.593811,demand,2026-09-18T04:47:01.415281+00:00
4e8676ec-df18-4d18-8e51-871e3445646c,fUST,0.00016,60,18,-114200.828599,demand,2026-09-18T04:47:01.415281+00:00
4e8676ec-df18-4d18-8e51-871e3445646c,fUST,0.00016,30,1,-3277.4,demand,2026-09-18T04:47:01.415281+00:00
4e8676ec-df18-4d18-8e51-871e3445646c,fUST,0.000152,60,1,-28000.0,demand,2026-09-18T04:47:01.415281+00:00
4e8676ec-df18-4d18-8e51-871e3445646c,fUST,0.00015,120,1,-300000.0,demand,2026-09-18T04:47:01.415281+00:00
4e8676ec-df18-4d18-8e51-871e3445646c,fUST,0.00015,45,23,-138668.928077,demand,2026-09-18T04:47:01.415281+00:00
4e8676ec-df18-4d18-8e51-871e3445646c,fUST,0.00015,2,2,-27000.0,demand,2026-09-18T04:47:01.415281+00:00
4e8676ec-df18-4d18-8e51-871e3445646c,fUST,0.0001421,45,1,-10000.0,demand,2026-09-18T04:47:01.415281+00:00
4e8676ec-df18-4d18-8e51-871e3445646c,fUST,0.000142,45,2,-20000.0,demand,2026-09-18T04:47:01.415281+00:00
4e8676ec-df18-4d18-8e51-871e3445646c,fUST,0.0001401,13,1,-100000.0,demand,2026-09-18T04:47:01.415281+00:00
4e8676ec-df18-4d18-8e51-871e3445646c,fUST,0.00014,7,1,-10000.0,demand,2026-09-18T04:47:01.415281+00:00
4e8676ec-df18-4d18-8e51-871e3445646c,fUST,0.00014,3,1,-3400.97492711,demand,2026-09-18T04:47:01.415281+00:00
4e8676ec-df18-4d18-8e51-871e3445646c,fUST,0.000139,2,1,-215509.3154819,demand,2026-09-18T04:47:01.415281+00:00
4e8676ec-df18-4d18-8e51-871e3445646c,fUST,0.0001361,30,23,-93124.47696771,demand,2026-09-18T04:47:01.415281+00:00
4e8676ec-df18-4d18-8e51-871e3445646c,fUST,0.000136,30,2,-14544.22120933,demand,2026-09-18T04:47:01.415281+00:00
4e8676ec-df18-4d18-8e51-871e3445646c,fUST,0.000132,30,1,-28000.0,demand,2026-09-18T04:47:01.415281+00:00
4e8676ec-df18-4d18-8e51-871e3445646c,fUST,0.00013103,2,1,-285058.62536861,demand,2026-09-18T04:47:01.415281+00:00
4e8676ec-df18-4d18-8e51-871e3445646c,fUST,0.00013102,2,1,-366829.49373192,demand,2026-09-18T04:47:01.415281+00:00
4e8676ec-df18-4d18-8e51-871e3445646c,fUST,0.000131,2,3,-2576906.89108704,demand,2026-09-18T04:47:01.415281+00:00
4e8676ec-df18-4d18-8e51-871e3445646c,fUST,0.00013,2,1,-1000.0,demand,2026-09-18T04:47:01.415281+00:00
4e8676ec-df18-4d18-8e51-871e3445646c,fUST,0.00013,7,1,-1000.0,demand,2026-09-18T04:47:01.415281+00:00
4e8676ec-df18-4d18-8e51-871e3445646c,fUST,0.00013,5,1,-1000.0,demand,2026-09-18T04:47:01.415281+00:00
4e8676ec-df18-4d18-8e51-871e3445646c,fUST,0.00013,14,1,-1000.0,demand,2026-09-18T04:47:01.415281+00:00
4e8676ec-df18-4d18-8e51-871e3445646c,fUST,0.00013,3,1,-10000.0,demand,2026-09-18T04:47:01.415281+00:00
4e8676ec-df18-4d18-8e51-871e3445646c,fUST,0.0001226,12,1,-135216.16709793,demand,2026-09-18T04:47:01.415281+00:00
4e8676ec-df18-4d18-8e51-871e3445646c,fUST,0.00014971424657534248,2,12,6232.31295321,offer,2026-09-18T04:47:01.415281+00:00
4e8676ec-df18-4d18-8e51-871e3445646c,fUST,0.00014972424657534248,2,1,407.11022015,offer,2026-09-18T04:47:01.415281+00:00
4e8676ec-df18-4d18-8e51-871e3445646c,fUST,0.00014973,2,2,1000.38497044,offer,2026-09-18T04:47:01.415281+00:00
4e8676ec-df18-4d18-8e51-871e3445646c,fUST,0.00014973424657534247,2,1,25198.31589953,offer,2026-09-18T04:47:01.415281+00:00
4e8676ec-df18-4d18-8e51-871e3445646c,fUST,0.00014976,2,1,336.54943862,offer,2026-09-18T04:47:01.415281+00:00
4e8676ec-df18-4d18-8e51-871e3445646c,fUST,0.0001498,2,1,503.66583433,offer,2026-09-18T04:47:01.415281+00:00
4e8676ec-df18-4d18-8e51-871e3445646c,fUST,0.00014981,2,3,1298.14541942,offer,2026-09-18T04:47:01.415281+00:00
4e8676ec-df18-4d18-8e51-871e3445646c,fUST,0.00015,2,2,2446.99492395,offer,2026-09-18T04:47:01.415281+00:00
4e8676ec-df18-4d18-8e51-871e3445646c,fUST,0.0001502602,2,1,3704.0956238,offer,2026-09-18T04:47:01.415281+00:00
4e8676ec-df18-4d18-8e51-871e3445646c,fUST,0.00015277,2,1,600.0,offer,2026-09-18T04:47:01.415281+00:00
4e8676ec-df18-4d18-8e51-871e3445646c,fUST,0.0001547816256,2,1,160.913133,offer,2026-09-18T04:47:01.415281+00:00
4e8676ec-df18-4d18-8e51-871e3445646c,fUST,0.00016314,2,1,566.54188993,offer,2026-09-18T04:47:01.415281+00:00
4e8676ec-df18-4d18-8e51-871e3445646c,fUST,0.0001642044,2,1,2580.7527464,offer,2026-09-18T04:47:01.415281+00:00
4e8676ec-df18-4d18-8e51-871e3445646c,fUST,0.0001647179,2,1,236.4673971,offer,2026-09-18T04:47:01.415281+00:00
4e8676ec-df18-4d18-8e51-871e3445646c,fUST,0.000165375,2,1,200.0,offer,2026-09-18T04:47:01.415281+00:00
4e8676ec-df18-4d18-8e51-871e3445646c,fUST,0.00016795,3,1,600.09,offer,2026-09-18T04:47:01.415281+00:00
4e8676ec-df18-4d18-8e51-871e3445646c,fUST,0.00016805,2,19,135379.16937309,offer,2026-09-18T04:47:01.415281+00:00
4e8676ec-df18-4d18-8e51-871e3445646c,fUST,0.0001749589123796978,2,1,200.0,offer,2026-09-18T04:47:01.415281+00:00
4e8676ec-df18-4d18-8e51-871e3445646c,fUST,0.0001816486301369863,3,1,300.02,offer,2026-09-18T04:47:01.415281+00:00
4e8676ec-df18-4d18-8e51-871e3445646c,fUST,0.00018485,2,1,864.0,offer,2026-09-18T04:47:01.415281+00:00
4e8676ec-df18-4d18-8e51-871e3445646c,fUST,0.00018509823746688903,2,1,200.0,offer,2026-09-18T04:47:01.415281+00:00
4e8676ec-df18-4d18-8e51-871e3445646c,fUST,0.00018735998176438355,2,1,160.913133,offer,2026-09-18T04:47:01.415281+00:00
4e8676ec-df18-4d18-8e51-871e3445646c,fUST,0.00018821917808219178,3,1,157.0,offer,2026-09-18T04:47:01.415281+00:00
4e8676ec-df18-4d18-8e51-871e3445646c,fUST,0.00019795,2,1,380.22135207,offer,2026-09-18T04:47:01.415281+00:00
4e8676ec-df18-4d18-8e51-871e3445646c,fUST,0.00019815010958904107,2,2,354.32419575,offer,2026-09-18T04:47:01.415281+00:00
4cb0a9d8-eac7-40ef-ba70-85251da86dcb,fUST,0.0001601,29,1,-144895.593811,demand,2026-09-18T05:47:01.376673+00:00
4cb0a9d8-eac7-40ef-ba70-85251da86dcb,fUST,0.00016,60,18,-114200.828599,demand,2026-09-18T05:47:01.376673+00:00
4cb0a9d8-eac7-40ef-ba70-85251da86dcb,fUST,0.00016,30,1,-3277.4,demand,2026-09-18T05:47:01.376673+00:00
4cb0a9d8-eac7-40ef-ba70-85251da86dcb,fUST,0.000152,60,1,-28000.0,demand,2026-09-18T05:47:01.376673+00:00
4cb0a9d8-eac7-40ef-ba70-85251da86dcb,fUST,0.00015,120,1,-300000.0,demand,2026-09-18T05:47:01.376673+00:00
4cb0a9d8-eac7-40ef-ba70-85251da86dcb,fUST,0.00015,45,23,-138668.928077,demand,2026-09-18T05:47:01.376673+00:00
4cb0a9d8-eac7-40ef-ba70-85251da86dcb,fUST,0.00015,2,2,-27000.0,demand,2026-09-18T05:47:01.376673+00:00
4cb0a9d8-eac7-40ef-ba70-85251da86dcb,fUST,0.0001421,45,1,-10000.0,demand,2026-09-18T05:47:01.376673+00:00
4cb0a9d8-eac7-40ef-ba70-85251da86dcb,fUST,0.000142,45,2,-20000.0,demand,2026-09-18T05:47:01.376673+00:00
4cb0a9d8-eac7-40ef-ba70-85251da86dcb,fUST,0.0001401,13,1,-100000.0,demand,2026-09-18T05:47:01.376673+00:00
4cb0a9d8-eac7-40ef-ba70-85251da86dcb,fUST,0.00014,7,1,-10000.0,demand,2026-09-18T05:47:01.376673+00:00
4cb0a9d8-eac7-40ef-ba70-85251da86dcb,fUST,0.00014,3,1,-3400.97492711,demand,2026-09-18T05:47:01.376673+00:00
4cb0a9d8-eac7-40ef-ba70-85251da86dcb,fUST,0.000139,2,1,-170024.0367554,demand,2026-09-18T05:47:01.376673+00:00
4cb0a9d8-eac7-40ef-ba70-85251da86dcb,fUST,0.0001361,30,23,-93124.47696771,demand,2026-09-18T05:47:01.376673+00:00
4cb0a9d8-eac7-40ef-ba70-85251da86dcb,fUST,0.000136,30,2,-14544.22120933,demand,2026-09-18T05:47:01.376673+00:00
4cb0a9d8-eac7-40ef-ba70-85251da86dcb,fUST,0.000132,30,1,-28000.0,demand,2026-09-18T05:47:01.376673+00:00
4cb0a9d8-eac7-40ef-ba70-85251da86dcb,fUST,0.00013103,2,1,-285058.62536861,demand,2026-09-18T05:47:01.376673+00:00
4cb0a9d8-eac7-40ef-ba70-85251da86dcb,fUST,0.00013102,2,1,-366829.49373192,demand,2026-09-18T05:47:01.376673+00:00
4cb0a9d8-eac7-40ef-ba70-85251da86dcb,fUST,0.000131,2,3,-2576906.89108704,demand,2026-09-18T05:47:01.376673+00:00
4cb0a9d8-eac7-40ef-ba70-85251da86dcb,fUST,0.00013,2,1,-1000.0,demand,2026-09-18T05:47:01.376673+00:00
4cb0a9d8-eac7-40ef-ba70-85251da86dcb,fUST,0.00013,7,1,-1000.0,demand,2026-09-18T05:47:01.376673+00:00
4cb0a9d8-eac7-40ef-ba70-85251da86dcb,fUST,0.00013,5,1,-1000.0,demand,2026-09-18T05:47:01.376673+00:00
4cb0a9d8-eac7-40ef-ba70-85251da86dcb,fUST,0.00013,14,1,-1000.0,demand,2026-09-18T05:47:01.376673+00:00
4cb0a9d8-eac7-40ef-ba70-85251da86dcb,fUST,0.00013,3,1,-10000.0,demand,2026-09-18T05:47:01.376673+00:00
4cb0a9d8-eac7-40ef-ba70-85251da86dcb,fUST,0.0001226,12,1,-135216.16709793,demand,2026-09-18T05:47:01.376673+00:00
4cb0a9d8-eac7-40ef-ba70-85251da86dcb,fUST,0.0001413100000000001,2,40,19047.93543279,offer,2026-09-18T05:47:01.376673+00:00
4cb0a9d8-eac7-40ef-ba70-85251da86dcb,fUST,0.00014138,2,4,2000.0,offer,2026-09-18T05:47:01.376673+00:00
4cb0a9d8-eac7-40ef-ba70-85251da86dcb,fUST,0.00014139,2,1,627.46903888,offer,2026-09-18T05:47:01.376673+00:00
4cb0a9d8-eac7-40ef-ba70-85251da86dcb,fUST,0.0001448922,2,1,157.40582833,offer,2026-09-18T05:47:01.376673+00:00
4cb0a9d8-eac7-40ef-ba70-85251da86dcb,fUST,0.00014595,2,1,173.33,offer,2026-09-18T05:47:01.376673+00:00
4cb0a9d8-eac7-40ef-ba70-85251da86dcb,fUST,0.0001460228,2,1,157.40582833,offer,2026-09-18T05:47:01.376673+00:00
4cb0a9d8-eac7-40ef-ba70-85251da86dcb,fUST,0.0001471533,2,1,157.40582833,offer,2026-09-18T05:47:01.376673+00:00
4cb0a9d8-eac7-40ef-ba70-85251da86dcb,fUST,0.00014818676712328766,2,1,151.0,offer,2026-09-18T05:47:01.376673+00:00
4cb0a9d8-eac7-40ef-ba70-85251da86dcb,fUST,0.0001482839,2,1,157.40582833,offer,2026-09-18T05:47:01.376673+00:00
4cb0a9d8-eac7-40ef-ba70-85251da86dcb,fUST,0.0001494144,2,1,157.40582833,offer,2026-09-18T05:47:01.376673+00:00
4cb0a9d8-eac7-40ef-ba70-85251da86dcb,fUST,0.00015,2,3,15000.0,offer,2026-09-18T05:47:01.376673+00:00
4cb0a9d8-eac7-40ef-ba70-85251da86dcb,fUST,0.000150545,2,1,157.40582833,offer,2026-09-18T05:47:01.376673+00:00
4cb0a9d8-eac7-40ef-ba70-85251da86dcb,fUST,0.0001516756,2,1,157.40582833,offer,2026-09-18T05:47:01.376673+00:00
4cb0a9d8-eac7-40ef-ba70-85251da86dcb,fUST,0.0001526705766,2,1,333.0171,offer,2026-09-18T05:47:01.376673+00:00
4cb0a9d8-eac7-40ef-ba70-85251da86dcb,fUST,0.00015275,2,1,500.0,offer,2026-09-18T05:47:01.376673+00:00
4cb0a9d8-eac7-40ef-ba70-85251da86dcb,fUST,0.00015276,2,10,5000.0,offer,2026-09-18T05:47:01.376673+00:00
4cb0a9d8-eac7-40ef-ba70-85251da86dcb,fUST,0.00015276201929259603,2,1,352.96165836,offer,2026-09-18T05:47:01.376673+00:00
4cb0a9d8-eac7-40ef-ba70-85251da86dcb,fUST,0.00015276986301369862,2,14,169287.23572267,offer,2026-09-18T05:47:01.376673+00:00
4cb0a9d8-eac7-40ef-ba70-85251da86dcb,fUST,0.00015277,2,6,986.401504,offer,2026-09-18T05:47:01.376673+00:00
4cb0a9d8-eac7-40ef-ba70-85251da86dcb,fUST,0.0001528061,2,1,157.40582833,offer,2026-09-18T05:47:01.376673+00:00
4cb0a9d8-eac7-40ef-ba70-85251da86dcb,fUST,0.0001539367,2,1,157.40582833,offer,2026-09-18T05:47:01.376673+00:00
4cb0a9d8-eac7-40ef-ba70-85251da86dcb,fUST,0.000155,2,2,6074.87957927,offer,2026-09-18T05:47:01.376673+00:00
4cb0a9d8-eac7-40ef-ba70-85251da86dcb,fUST,0.0001550672,2,1,157.40582833,offer,2026-09-18T05:47:01.376673+00:00
4cb0a9d8-eac7-40ef-ba70-85251da86dcb,fUST,0.00015581,2,1,500.0,offer,2026-09-18T05:47:01.376673+00:00
4cb0a9d8-eac7-40ef-ba70-85251da86dcb,fUST,0.00015582,2,1,600.0,offer,2026-09-18T05:47:01.376673+00:00
86134f31-0c6e-41a4-9f9e-ffb62291ab7b,fUST,0.0001601,29,1,-143610.38207732,demand,2026-09-18T06:47:01.411723+00:00
86134f31-0c6e-41a4-9f9e-ffb62291ab7b,fUST,0.00016,60,18,-114200.828599,demand,2026-09-18T06:47:01.411723+00:00
86134f31-0c6e-41a4-9f9e-ffb62291ab7b,fUST,0.00016,30,1,-3277.4,demand,2026-09-18T06:47:01.411723+00:00
86134f31-0c6e-41a4-9f9e-ffb62291ab7b,fUST,0.000152,60,1,-28000.0,demand,2026-09-18T06:47:01.411723+00:00
86134f31-0c6e-41a4-9f9e-ffb62291ab7b,fUST,0.00015,120,1,-300000.0,demand,2026-09-18T06:47:01.411723+00:00
86134f31-0c6e-41a4-9f9e-ffb62291ab7b,fUST,0.00015,45,23,-138668.928077,demand,2026-09-18T06:47:01.411723+00:00
86134f31-0c6e-41a4-9f9e-ffb62291ab7b,fUST,0.00015,2,2,-27000.0,demand,2026-09-18T06:47:01.411723+00:00
86134f31-0c6e-41a4-9f9e-ffb62291ab7b,fUST,0.0001421,45,1,-10000.0,demand,2026-09-18T06:47:01.411723+00:00
86134f31-0c6e-41a4-9f9e-ffb62291ab7b,fUST,0.000142,45,2,-20000.0,demand,2026-09-18T06:47:01.411723+00:00
86134f31-0c6e-41a4-9f9e-ffb62291ab7b,fUST,0.0001401,13,1,-100000.0,demand,2026-09-18T06:47:01.411723+00:00
86134f31-0c6e-41a4-9f9e-ffb62291ab7b,fUST,0.00014000000000000001,2,1,-585441.52734088,demand,2026-09-18T06:47:01.411723+00:00
86134f31-0c6e-41a4-9f9e-ffb62291ab7b,fUST,0.00014,7,1,-10000.0,demand,2026-09-18T06:47:01.411723+00:00
86134f31-0c6e-41a4-9f9e-ffb62291ab7b,fUST,0.00014,3,1,-3400.97492711,demand,2026-09-18T06:47:01.411723+00:00
86134f31-0c6e-41a4-9f9e-ffb62291ab7b,fUST,0.0001361,30,23,-93124.47696771,demand,2026-09-18T06:47:01.411723+00:00
86134f31-0c6e-41a4-9f9e-ffb62291ab7b,fUST,0.000136,30,2,-14544.22120933,demand,2026-09-18T06:47:01.411723+00:00
86134f31-0c6e-41a4-9f9e-ffb62291ab7b,fUST,0.000132,30,1,-28000.0,demand,2026-09-18T06:47:01.411723+00:00
86134f31-0c6e-41a4-9f9e-ffb62291ab7b,fUST,0.00013103,2,1,-285058.62536861,demand,2026-09-18T06:47:01.411723+00:00
86134f31-0c6e-41a4-9f9e-ffb62291ab7b,fUST,0.00013102,2,1,-366829.49373192,demand,2026-09-18T06:47:01.411723+00:00
86134f31-0c6e-41a4-9f9e-ffb62291ab7b,fUST,0.000131,2,3,-2576906.89108704,demand,2026-09-18T06:47:01.411723+00:00
86134f31-0c6e-41a4-9f9e-ffb62291ab7b,fUST,0.00013,2,1,-1000.0,demand,2026-09-18T06:47:01.411723+00:00
86134f31-0c6e-41a4-9f9e-ffb62291ab7b,fUST,0.00013,7,1,-1000.0,demand,2026-09-18T06:47:01.411723+00:00
86134f31-0c6e-41a4-9f9e-ffb62291ab7b,fUST,0.00013,5,1,-1000.0,demand,2026-09-18T06:47:01.411723+00:00
86134f31-0c6e-41a4-9f9e-ffb62291ab7b,fUST,0.00013,14,1,-1000.0,demand,2026-09-18T06:47:01.411723+00:00
86134f31-0c6e-41a4-9f9e-ffb62291ab7b,fUST,0.00013,3,1,-10000.0,demand,2026-09-18T06:47:01.411723+00:00
86134f31-0c6e-41a4-9f9e-ffb62291ab7b,fUST,0.0001226,12,1,-135216.16709793,demand,2026-09-18T06:47:01.411723+00:00
86134f31-0c6e-41a4-9f9e-ffb62291ab7b,fUST,0.0001407257755608588,2,1,250.0,offer,2026-09-18T06:47:01.411723+00:00
86134f31-0c6e-41a4-9f9e-ffb62291ab7b,fUST,0.000142215,2,1,3462.9823873,offer,2026-09-18T06:47:01.411723+00:00
86134f31-0c6e-41a4-9f9e-ffb62291ab7b,fUST,0.000142362,2,1,259.831458,offer,2026-09-18T06:47:01.411723+00:00
86134f31-0c6e-41a4-9f9e-ffb62291ab7b,fUST,0.0001469,2,1,373.39212818,offer,2026-09-18T06:47:01.411723+00:00
86134f31-0c6e-41a4-9f9e-ffb62291ab7b,fUST,0.00014697,2,2,489.85958293,offer,2026-09-18T06:47:01.411723+00:00
86134f31-0c6e-41a4-9f9e-ffb62291ab7b,fUST,0.00014699,2,1,252.33709612,offer,2026-09-18T06:47:01.411723+00:00
86134f31-0c6e-41a4-9f9e-ffb62291ab7b,fUST,0.000147,2,6,3841.76931137,offer,2026-09-18T06:47:01.411723+00:00
86134f31-0c6e-41a4-9f9e-ffb62291ab7b,fUST,0.00014845,2,4,1107.15499512,offer,2026-09-18T06:47:01.411723+00:00
86134f31-0c6e-41a4-9f9e-ffb62291ab7b,fUST,0.00014993,2,1,300.0,offer,2026-09-18T06:47:01.411723+00:00
86134f31-0c6e-41a4-9f9e-ffb62291ab7b,fUST,0.00015,7,1,156.78300591,offer,2026-09-18T06:47:01.411723+00:00
86134f31-0c6e-41a4-9f9e-ffb62291ab7b,fUST,0.00015,2,1,5000.0,offer,2026-09-18T06:47:01.411723+00:00
86134f31-0c6e-41a4-9f9e-ffb62291ab7b,fUST,0.00015225,2,6,1053.84269939,offer,2026-09-18T06:47:01.411723+00:00
86134f31-0c6e-41a4-9f9e-ffb62291ab7b,fUST,0.00015275,2,1,500.0,offer,2026-09-18T06:47:01.411723+00:00
86134f31-0c6e-41a4-9f9e-ffb62291ab7b,fUST,0.00015296,2,1,212.99037571,offer,2026-09-18T06:47:01.411723+00:00
86134f31-0c6e-41a4-9f9e-ffb62291ab7b,fUST,0.00015352,2,1,500.0,offer,2026-09-18T06:47:01.411723+00:00
86134f31-0c6e-41a4-9f9e-ffb62291ab7b,fUST,0.00015393,2,3,612.08372385,offer,2026-09-18T06:47:01.411723+00:00
86134f31-0c6e-41a4-9f9e-ffb62291ab7b,fUST,0.00015489,2,1,500.0,offer,2026-09-18T06:47:01.411723+00:00
86134f31-0c6e-41a4-9f9e-ffb62291ab7b,fUST,0.0001549,2,5,1590.22928613,offer,2026-09-18T06:47:01.411723+00:00
86134f31-0c6e-41a4-9f9e-ffb62291ab7b,fUST,0.0001549,3,3,1364.01,offer,2026-09-18T06:47:01.411723+00:00
86134f31-0c6e-41a4-9f9e-ffb62291ab7b,fUST,0.00015498,2,3,1683.72,offer,2026-09-18T06:47:01.411723+00:00
86134f31-0c6e-41a4-9f9e-ffb62291ab7b,fUST,0.00015499,2,33,17730.41777014,offer,2026-09-18T06:47:01.411723+00:00
86134f31-0c6e-41a4-9f9e-ffb62291ab7b,fUST,0.000155,2,27,199744.38308207,offer,2026-09-18T06:47:01.411723+00:00
86134f31-0c6e-41a4-9f9e-ffb62291ab7b,fUST,0.00015581917808219178,2,1,500.0,offer,2026-09-18T06:47:01.411723+00:00
86134f31-0c6e-41a4-9f9e-ffb62291ab7b,fUST,0.00015582,2,1,600.0,offer,2026-09-18T06:47:01.411723+00:00
86134f31-0c6e-41a4-9f9e-ffb62291ab7b,fUST,0.00015721440000000003,7,1,216.07133899,offer,2026-09-18T06:47:01.411723+00:00
9ce95da3-9a51-4498-af0c-44073aadec4c,fUST,0.0002671232876712329,120,1,-2991524.14778983,demand,2026-09-18T07:47:01.473627+00:00
9ce95da3-9a51-4498-af0c-44073aadec4c,fUST,0.0002558575342465753,60,1,-2962610.90940753,demand,2026-09-18T07:47:01.473627+00:00
9ce95da3-9a51-4498-af0c-44073aadec4c,fUST,0.0001601,29,1,-143111.09207732,demand,2026-09-18T07:47:01.473627+00:00
9ce95da3-9a51-4498-af0c-44073aadec4c,fUST,0.00016,60,18,-114200.828599,demand,2026-09-18T07:47:01.473627+00:00
9ce95da3-9a51-4498-af0c-44073aadec4c,fUST,0.00016,30,1,-3277.4,demand,2026-09-18T07:47:01.473627+00:00
9ce95da3-9a51-4498-af0c-44073aadec4c,fUST,0.000152,60,1,-28000.0,demand,2026-09-18T07:47:01.473627+00:00
9ce95da3-9a51-4498-af0c-44073aadec4c,fUST,0.00015,120,1,-300000.0,demand,2026-09-18T07:47:01.473627+00:00
9ce95da3-9a51-4498-af0c-44073aadec4c,fUST,0.00015,45,23,-138668.928077,demand,2026-09-18T07:47:01.473627+00:00
9ce95da3-9a51-4498-af0c-44073aadec4c,fUST,0.00015,2,2,-27000.0,demand,2026-09-18T07:47:01.473627+00:00
9ce95da3-9a51-4498-af0c-44073aadec4c,fUST,0.0001421,45,1,-10000.0,demand,2026-09-18T07:47:01.473627+00:00
9ce95da3-9a51-4498-af0c-44073aadec4c,fUST,0.000142,45,2,-20000.0,demand,2026-09-18T07:47:01.473627+00:00
9ce95da3-9a51-4498-af0c-44073aadec4c,fUST,0.0001401,13,1,-100000.0,demand,2026-09-18T07:47:01.473627+00:00
9ce95da3-9a51-4498-af0c-44073aadec4c,fUST,0.00014000000000000001,2,1,-582949.5353305,demand,2026-09-18T07:47:01.473627+00:00
9ce95da3-9a51-4498-af0c-44073aadec4c,fUST,0.00014,7,1,-10000.0,demand,2026-09-18T07:47:01.473627+00:00
9ce95da3-9a51-4498-af0c-44073aadec4c,fUST,0.00014,3,1,-3400.97492711,demand,2026-09-18T07:47:01.473627+00:00
9ce95da3-9a51-4498-af0c-44073aadec4c,fUST,0.0001361,30,23,-93124.47696771,demand,2026-09-18T07:47:01.473627+00:00
9ce95da3-9a51-4498-af0c-44073aadec4c,fUST,0.000136,30,2,-14544.22120933,demand,2026-09-18T07:47:01.473627+00:00
9ce95da3-9a51-4498-af0c-44073aadec4c,fUST,0.000132,30,1,-28000.0,demand,2026-09-18T07:47:01.473627+00:00
9ce95da3-9a51-4498-af0c-44073aadec4c,fUST,0.00013103,2,1,-285058.62536861,demand,2026-09-18T07:47:01.473627+00:00
9ce95da3-9a51-4498-af0c-44073aadec4c,fUST,0.00013102,2,1,-366829.49373192,demand,2026-09-18T07:47:01.473627+00:00
9ce95da3-9a51-4498-af0c-44073aadec4c,fUST,0.000131,2,3,-2576906.89108704,demand,2026-09-18T07:47:01.473627+00:00
9ce95da3-9a51-4498-af0c-44073aadec4c,fUST,0.00013,2,1,-1000.0,demand,2026-09-18T07:47:01.473627+00:00
9ce95da3-9a51-4498-af0c-44073aadec4c,fUST,0.00013,7,1,-1000.0,demand,2026-09-18T07:47:01.473627+00:00
9ce95da3-9a51-4498-af0c-44073aadec4c,fUST,0.00013,5,1,-1000.0,demand,2026-09-18T07:47:01.473627+00:00
9ce95da3-9a51-4498-af0c-44073aadec4c,fUST,0.00013,14,1,-1000.0,demand,2026-09-18T07:47:01.473627+00:00
9ce95da3-9a51-4498-af0c-44073aadec4c,fUST,0.00015443,2,1,5000.0,offer,2026-09-18T07:47:01.473627+00:00
9ce95da3-9a51-4498-af0c-44073aadec4c,fUST,0.0001559934833333333,2,4,974.95728871,offer,2026-09-18T07:47:01.473627+00:00
9ce95da3-9a51-4498-af0c-44073aadec4c,fUST,0.0001583238,2,1,185.84181,offer,2026-09-18T07:47:01.473627+00:00
9ce95da3-9a51-4498-af0c-44073aadec4c,fUST,0.00016147348333333332,2,2,337.37053415,offer,2026-09-18T07:47:01.473627+00:00
9ce95da3-9a51-4498-af0c-44073aadec4c,fUST,0.0001619892,7,1,271.7523377,offer,2026-09-18T07:47:01.473627+00:00
9ce95da3-9a51-4498-af0c-44073aadec4c,fUST,0.00016695348333333333,2,1,157.0538293,offer,2026-09-18T07:47:01.473627+00:00
9ce95da3-9a51-4498-af0c-44073aadec4c,fUST,0.00016909,2,1,269.38875259,offer,2026-09-18T07:47:01.473627+00:00
9ce95da3-9a51-4498-af0c-44073aadec4c,fUST,0.0001691,2,58,38986.91188559,offer,2026-09-18T07:47:01.473627+00:00
9ce95da3-9a51-4498-af0c-44073aadec4c,fUST,0.00017097,2,1,600.0,offer,2026-09-18T07:47:01.473627+00:00
9ce95da3-9a51-4498-af0c-44073aadec4c,fUST,0.00017184,2,56,34572.57184333,offer,2026-09-18T07:47:01.473627+00:00
9ce95da3-9a51-4498-af0c-44073aadec4c,fUST,0.0001724334833333333,2,1,157.0538293,offer,2026-09-18T07:47:01.473627+00:00
9ce95da3-9a51-4498-af0c-44073aadec4c,fUST,0.00017410137,2,2,305.76,offer,2026-09-18T07:47:01.473627+00:00
9ce95da3-9a51-4498-af0c-44073aadec4c,fUST,0.000174196656,2,1,157.54,offer,2026-09-18T07:47:01.473627+00:00
9ce95da3-9a51-4498-af0c-44073aadec4c,fUST,0.000174291942,2,1,152.97,offer,2026-09-18T07:47:01.473627+00:00
9ce95da3-9a51-4498-af0c-44073aadec4c,fUST,0.000174387228,2,1,152.97,offer,2026-09-18T07:47:01.473627+00:00
9ce95da3-9a51-4498-af0c-44073aadec4c,fUST,0.000174482515,2,1,152.97,offer,2026-09-18T07:47:01.473627+00:00
9ce95da3-9a51-4498-af0c-44073aadec4c,fUST,0.000174577801,2,1,157.54,offer,2026-09-18T07:47:01.473627+00:00
9ce95da3-9a51-4498-af0c-44073aadec4c,fUST,0.000174673087,2,1,152.97,offer,2026-09-18T07:47:01.473627+00:00
9ce95da3-9a51-4498-af0c-44073aadec4c,fUST,0.000174768373,2,1,152.97,offer,2026-09-18T07:47:01.473627+00:00
9ce95da3-9a51-4498-af0c-44073aadec4c,fUST,0.000174863659,2,1,157.54,offer,2026-09-18T07:47:01.473627+00:00
9ce95da3-9a51-4498-af0c-44073aadec4c,fUST,0.000174958946,2,1,152.97,offer,2026-09-18T07:47:01.473627+00:00
9ce95da3-9a51-4498-af0c-44073aadec4c,fUST,0.000175054232,2,1,152.97,offer,2026-09-18T07:47:01.473627+00:00
9ce95da3-9a51-4498-af0c-44073aadec4c,fUST,0.000175149518,2,1,157.54,offer,2026-09-18T07:47:01.473627+00:00
9ce95da3-9a51-4498-af0c-44073aadec4c,fUST,0.000175244804,2,1,152.97,offer,2026-09-18T07:47:01.473627+00:00
9ce95da3-9a51-4498-af0c-44073aadec4c,fUST,0.000175340091,2,1,152.97,offer,2026-09-18T07:47:01.473627+00:00
15b80e96-45c6-4508-b609-c27277434cfe,fUST,0.0002671232876712329,120,1,-2974378.3592552,demand,2026-09-18T08:47:01.401437+00:00
15b80e96-45c6-4508-b609-c27277434cfe,fUST,0.0002558082191780822,60,1,-2951193.39171829,demand,2026-09-18T08:47:01.401437+00:00
15b80e96-45c6-4508-b609-c27277434cfe,fUST,0.0001601,29,1,-143111.09207732,demand,2026-09-18T08:47:01.401437+00:00
15b80e96-45c6-4508-b609-c27277434cfe,fUST,0.00016,60,18,-114200.828599,demand,2026-09-18T08:47:01.401437+00:00
15b80e96-45c6-4508-b609-c27277434cfe,fUST,0.00016,30,1,-3277.4,demand,2026-09-18T08:47:01.401437+00:00
15b80e96-45c6-4508-b609-c27277434cfe,fUST,0.000152,60,1,-28000.0,demand,2026-09-18T08:47:01.401437+00:00
15b80e96-45c6-4508-b609-c27277434cfe,fUST,0.00015,120,1,-300000.0,demand,2026-09-18T08:47:01.401437+00:00
15b80e96-45c6-4508-b609-c27277434cfe,fUST,0.00015,45,23,-138668.928077,demand,2026-09-18T08:47:01.401437+00:00
15b80e96-45c6-4508-b609-c27277434cfe,fUST,0.00015,2,2,-27000.0,demand,2026-09-18T08:47:01.401437+00:00
15b80e96-45c6-4508-b609-c27277434cfe,fUST,0.0001421,45,1,-10000.0,demand,2026-09-18T08:47:01.401437+00:00
15b80e96-45c6-4508-b609-c27277434cfe,fUST,0.000142,45,2,-20000.0,demand,2026-09-18T08:47:01.401437+00:00
15b80e96-45c6-4508-b609-c27277434cfe,fUST,0.0001401,13,1,-100000.0,demand,2026-09-18T08:47:01.401437+00:00
15b80e96-45c6-4508-b609-c27277434cfe,fUST,0.00014000000000000001,2,1,-557787.91181892,demand,2026-09-18T08:47:01.401437+00:00
15b80e96-45c6-4508-b609-c27277434cfe,fUST,0.00014,7,1,-10000.0,demand,2026-09-18T08:47:01.401437+00:00
15b80e96-45c6-4508-b609-c27277434cfe,fUST,0.00014,3,1,-3400.97492711,demand,2026-09-18T08:47:01.401437+00:00
15b80e96-45c6-4508-b609-c27277434cfe,fUST,0.0001361,30,23,-93124.47696771,demand,2026-09-18T08:47:01.401437+00:00
15b80e96-45c6-4508-b609-c27277434cfe,fUST,0.000136,30,2,-14544.22120933,demand,2026-09-18T08:47:01.401437+00:00
15b80e96-45c6-4508-b609-c27277434cfe,fUST,0.000132,30,1,-28000.0,demand,2026-09-18T08:47:01.401437+00:00
15b80e96-45c6-4508-b609-c27277434cfe,fUST,0.00013103,2,1,-285058.62536861,demand,2026-09-18T08:47:01.401437+00:00
15b80e96-45c6-4508-b609-c27277434cfe,fUST,0.00013102,2,1,-366829.49373192,demand,2026-09-18T08:47:01.401437+00:00
15b80e96-45c6-4508-b609-c27277434cfe,fUST,0.000131,2,3,-2576906.89108704,demand,2026-09-18T08:47:01.401437+00:00
15b80e96-45c6-4508-b609-c27277434cfe,fUST,0.00013,2,1,-1000.0,demand,2026-09-18T08:47:01.401437+00:00
15b80e96-45c6-4508-b609-c27277434cfe,fUST,0.00013,7,1,-1000.0,demand,2026-09-18T08:47:01.401437+00:00
15b80e96-45c6-4508-b609-c27277434cfe,fUST,0.00013,5,1,-1000.0,demand,2026-09-18T08:47:01.401437+00:00
15b80e96-45c6-4508-b609-c27277434cfe,fUST,0.00013,14,1,-1000.0,demand,2026-09-18T08:47:01.401437+00:00
15b80e96-45c6-4508-b609-c27277434cfe,fUST,0.00014453,2,3,453.0,offer,2026-09-18T08:47:01.401437+00:00
15b80e96-45c6-4508-b609-c27277434cfe,fUST,0.000149,2,2,804.80561778,offer,2026-09-18T08:47:01.401437+00:00
15b80e96-45c6-4508-b609-c27277434cfe,fUST,0.000149062329,2,1,157.21,offer,2026-09-18T08:47:01.401437+00:00
15b80e96-45c6-4508-b609-c27277434cfe,fUST,0.00014994000000000002,2,18,8790.93406284,offer,2026-09-18T08:47:01.401437+00:00
15b80e96-45c6-4508-b609-c27277434cfe,fUST,0.000149970413,2,1,159.26,offer,2026-09-18T08:47:01.401437+00:00
15b80e96-45c6-4508-b609-c27277434cfe,fUST,0.00014999,2,1,403.72772223,offer,2026-09-18T08:47:01.401437+00:00
15b80e96-45c6-4508-b609-c27277434cfe,fUST,0.00015,2,2,5177.31,offer,2026-09-18T08:47:01.401437+00:00
15b80e96-45c6-4508-b609-c27277434cfe,fUST,0.00015013,7,1,355.0,offer,2026-09-18T08:47:01.401437+00:00
15b80e96-45c6-4508-b609-c27277434cfe,fUST,0.00015075862068965516,2,1,177.31,offer,2026-09-18T08:47:01.401437+00:00
15b80e96-45c6-4508-b609-c27277434cfe,fUST,0.000150878498,2,1,157.21,offer,2026-09-18T08:47:01.401437+00:00
15b80e96-45c6-4508-b609-c27277434cfe,fUST,0.00015151724137931033,2,1,177.31,offer,2026-09-18T08:47:01.401437+00:00
15b80e96-45c6-4508-b609-c27277434cfe,fUST,0.000151786583,2,1,157.21,offer,2026-09-18T08:47:01.401437+00:00
15b80e96-45c6-4508-b609-c27277434cfe,fUST,0.0001522758620689655,2,1,177.31,offer,2026-09-18T08:47:01.401437+00:00
15b80e96-45c6-4508-b609-c27277434cfe,fUST,0.000152694667,2,1,157.21,offer,2026-09-18T08:47:01.401437+00:00
15b80e96-45c6-4508-b609-c27277434cfe,fUST,0.00015303448275862068,2,1,177.31,offer,2026-09-18T08:47:01.401437+00:00
15b80e96-45c6-4508-b609-c27277434cfe,fUST,0.000153602752,2,1,159.26,offer,2026-09-18T08:47:01.401437+00:00
15b80e96-45c6-4508-b609-c27277434cfe,fUST,0.00015379310344827585,2,1,177.31,offer,2026-09-18T08:47:01.401437+00:00
15b80e96-45c6-4508-b609-c27277434cfe,fUST,0.000154510837,2,1,157.21,offer,2026-09-18T08:47:01.401437+00:00
15b80e96-45c6-4508-b609-c27277434cfe,fUST,0.00015455172413793102,2,1,177.31,offer,2026-09-18T08:47:01.401437+00:00
15b80e96-45c6-4508-b609-c27277434cfe,fUST,0.00015467911351845805,2,1,241.17287446,offer,2026-09-18T08:47:01.401437+00:00
15b80e96-45c6-4508-b609-c27277434cfe,fUST,0.00015468911351845804,2,1,358.01735117,offer,2026-09-18T08:47:01.401437+00:00
15b80e96-45c6-4508-b609-c27277434cfe,fUST,0.0001553103448275862,2,1,177.31,offer,2026-09-18T08:47:01.401437+00:00
15b80e96-45c6-4508-b609-c27277434cfe,fUST,0.0001556399,2,1,513.612369,offer,2026-09-18T08:47:01.401437+00:00
15b80e96-45c6-4508-b609-c27277434cfe,fUST,0.00015606896551724136,2,1,177.31,offer,2026-09-18T08:47:01.401437+00:00
15b80e96-45c6-4508-b609-c27277434cfe,fUST,0.00015682758620689654,2,1,177.31,offer,2026-09-18T08:47:01.401437+00:00
25b2611b-692c-4589-8b78-3c391a2f1ee0,fUST,0.0002671232876712329,120,1,-2960308.69621988,demand,2026-09-18T09:47:01.809577+00:00
25b2611b-692c-4589-8b78-3c391a2f1ee0,fUST,0.0002558246575342466,60,1,-2945217.54913037,demand,2026-09-18T09:47:01.809577+00:00
25b2611b-692c-4589-8b78-3c391a2f1ee0,fUST,0.0001601,29,1,-142834.814121,demand,2026-09-18T09:47:01.809577+00:00
25b2611b-692c-4589-8b78-3c391a2f1ee0,fUST,0.00016,60,18,-114200.828599,demand,2026-09-18T09:47:01.809577+00:00
25b2611b-692c-4589-8b78-3c391a2f1ee0,fUST,0.00016,30,1,-3277.4,demand,2026-09-18T09:47:01.809577+00:00
25b2611b-692c-4589-8b78-3c391a2f1ee0,fUST,0.000152,60,1,-28000.0,demand,2026-09-18T09:47:01.809577+00:00
25b2611b-692c-4589-8b78-3c391a2f1ee0,fUST,0.00015,120,1,-300000.0,demand,2026-09-18T09:47:01.809577+00:00
25b2611b-692c-4589-8b78-3c391a2f1ee0,fUST,0.00015,45,23,-138668.928077,demand,2026-09-18T09:47:01.809577+00:00
25b2611b-692c-4589-8b78-3c391a2f1ee0,fUST,0.00015,2,2,-27000.0,demand,2026-09-18T09:47:01.809577+00:00
25b2611b-692c-4589-8b78-3c391a2f1ee0,fUST,0.00015,7,1,-526.44284165,demand,2026-09-18T09:47:01.809577+00:00
25b2611b-692c-4589-8b78-3c391a2f1ee0,fUST,0.0001421,45,1,-10000.0,demand,2026-09-18T09:47:01.809577+00:00
25b2611b-692c-4589-8b78-3c391a2f1ee0,fUST,0.000142,45,2,-20000.0,demand,2026-09-18T09:47:01.809577+00:00
25b2611b-692c-4589-8b78-3c391a2f1ee0,fUST,0.0001401,13,1,-100000.0,demand,2026-09-18T09:47:01.809577+00:00
25b2611b-692c-4589-8b78-3c391a2f1ee0,fUST,0.00014000000000000001,2,1,-557426.91181892,demand,2026-09-18T09:47:01.809577+00:00
25b2611b-692c-4589-8b78-3c391a2f1ee0,fUST,0.00014,7,1,-10000.0,demand,2026-09-18T09:47:01.809577+00:00
25b2611b-692c-4589-8b78-3c391a2f1ee0,fUST,0.00014,3,1,-3400.97492711,demand,2026-09-18T09:47:01.809577+00:00
25b2611b-692c-4589-8b78-3c391a2f1ee0,fUST,0.0001361,30,23,-93124.47696771,demand,2026-09-18T09:47:01.809577+00:00
25b2611b-692c-4589-8b78-3c391a2f1ee0,fUST,0.000136,30,2,-14544.22120933,demand,2026-09-18T09:47:01.809577+00:00
25b2611b-692c-4589-8b78-3c391a2f1ee0,fUST,0.000132,30,1,-28000.0,demand,2026-09-18T09:47:01.809577+00:00
25b2611b-692c-4589-8b78-3c391a2f1ee0,fUST,0.00013103,2,1,-285058.62536861,demand,2026-09-18T09:47:01.809577+00:00
25b2611b-692c-4589-8b78-3c391a2f1ee0,fUST,0.00013102,2,1,-366829.49373192,demand,2026-09-18T09:47:01.809577+00:00
25b2611b-692c-4589-8b78-3c391a2f1ee0,fUST,0.000131,2,3,-2576906.89108704,demand,2026-09-18T09:47:01.809577+00:00
25b2611b-692c-4589-8b78-3c391a2f1ee0,fUST,0.00013,2,1,-1000.0,demand,2026-09-18T09:47:01.809577+00:00
25b2611b-692c-4589-8b78-3c391a2f1ee0,fUST,0.00013,7,1,-1000.0,demand,2026-09-18T09:47:01.809577+00:00
25b2611b-692c-4589-8b78-3c391a2f1ee0,fUST,0.00013,5,1,-1000.0,demand,2026-09-18T09:47:01.809577+00:00
25b2611b-692c-4589-8b78-3c391a2f1ee0,fUST,0.0001436482,2,1,496.3232166,offer,2026-09-18T09:47:01.809577+00:00
25b2611b-692c-4589-8b78-3c391a2f1ee0,fUST,0.0001437918,2,1,214.107657,offer,2026-09-18T09:47:01.809577+00:00
25b2611b-692c-4589-8b78-3c391a2f1ee0,fUST,0.00014999,2,6,2585.19136384,offer,2026-09-18T09:47:01.809577+00:00
25b2611b-692c-4589-8b78-3c391a2f1ee0,fUST,0.00015,2,3,10630.36556379,offer,2026-09-18T09:47:01.809577+00:00
25b2611b-692c-4589-8b78-3c391a2f1ee0,fUST,0.00015295712328767123,2,1,366.21579172,offer,2026-09-18T09:47:01.809577+00:00
25b2611b-692c-4589-8b78-3c391a2f1ee0,fUST,0.00015296712328767122,2,1,7337.73832904,offer,2026-09-18T09:47:01.809577+00:00
25b2611b-692c-4589-8b78-3c391a2f1ee0,fUST,0.00015297,2,2,1000.0,offer,2026-09-18T09:47:01.809577+00:00
25b2611b-692c-4589-8b78-3c391a2f1ee0,fUST,0.00015298,2,1,658.58,offer,2026-09-18T09:47:01.809577+00:00
25b2611b-692c-4589-8b78-3c391a2f1ee0,fUST,0.0001529898,7,1,306.55715835,offer,2026-09-18T09:47:01.809577+00:00
25b2611b-692c-4589-8b78-3c391a2f1ee0,fUST,0.00015299,2,17,5234.55136715,offer,2026-09-18T09:47:01.809577+00:00
25b2611b-692c-4589-8b78-3c391a2f1ee0,fUST,0.00015499,2,3,1500.0,offer,2026-09-18T09:47:01.809577+00:00
25b2611b-692c-4589-8b78-3c391a2f1ee0,fUST,0.00015499,7,1,355.0,offer,2026-09-18T09:47:01.809577+00:00
25b2611b-692c-4589-8b78-3c391a2f1ee0,fUST,0.000155,2,2,16850.38521855,offer,2026-09-18T09:47:01.809577+00:00
25b2611b-692c-4589-8b78-3c391a2f1ee0,fUST,0.0001556658031903746,2,1,2651.88749091,offer,2026-09-18T09:47:01.809577+00:00
25b2611b-692c-4589-8b78-3c391a2f1ee0,fUST,0.0001559484,2,1,1550.269304,offer,2026-09-18T09:47:01.809577+00:00
25b2611b-692c-4589-8b78-3c391a2f1ee0,fUST,0.00015604,2,1,600.0,offer,2026-09-18T09:47:01.809577+00:00
25b2611b-692c-4589-8b78-3c391a2f1ee0,fUST,0.0001574895,7,1,306.55715835,offer,2026-09-18T09:47:01.809577+00:00
25b2611b-692c-4589-8b78-3c391a2f1ee0,fUST,0.00015773,7,1,355.0,offer,2026-09-18T09:47:01.809577+00:00
25b2611b-692c-4589-8b78-3c391a2f1ee0,fUST,0.00015906,3,4,2572.12,offer,2026-09-18T09:47:01.809577+00:00
25b2611b-692c-4589-8b78-3c391a2f1ee0,fUST,0.00015916,2,18,220370.89220435,offer,2026-09-18T09:47:01.809577+00:00
25b2611b-692c-4589-8b78-3c391a2f1ee0,fUST,0.00015916,3,1,199.4824174,offer,2026-09-18T09:47:01.809577+00:00
25b2611b-692c-4589-8b78-3c391a2f1ee0,fUST,0.00016047,7,1,355.0,offer,2026-09-18T09:47:01.809577+00:00
25b2611b-692c-4589-8b78-3c391a2f1ee0,fUST,0.0001619892,7,1,306.55715835,offer,2026-09-18T09:47:01.809577+00:00
25b2611b-692c-4589-8b78-3c391a2f1ee0,fUST,0.00016233,2,1,500.0,offer,2026-09-18T09:47:01.809577+00:00
25b2611b-692c-4589-8b78-3c391a2f1ee0,fUST,0.0001623432,5,1,199.4824174,offer,2026-09-18T09:47:01.809577+00:00
e7ba6a3e-84c4-49b3-babb-f5db087e8f15,fUST,0.0002671232876712329,120,1,-2954895.21097595,demand,2026-09-18T10:47:01.623419+00:00
e7ba6a3e-84c4-49b3-babb-f5db087e8f15,fUST,0.00025563287671232876,60,1,-2945217.54913037,demand,2026-09-18T10:47:01.623419+00:00
e7ba6a3e-84c4-49b3-babb-f5db087e8f15,fUST,0.0001601,29,1,-142834.814121,demand,2026-09-18T10:47:01.623419+00:00
e7ba6a3e-84c4-49b3-babb-f5db087e8f15,fUST,0.00016,60,18,-114200.828599,demand,2026-09-18T10:47:01.623419+00:00
e7ba6a3e-84c4-49b3-babb-f5db087e8f15,fUST,0.00016,30,1,-3277.4,demand,2026-09-18T10:47:01.623419+00:00
e7ba6a3e-84c4-49b3-babb-f5db087e8f15,fUST,0.000152,60,1,-28000.0,demand,2026-09-18T10:47:01.623419+00:00
e7ba6a3e-84c4-49b3-babb-f5db087e8f15,fUST,0.00015,120,1,-300000.0,demand,2026-09-18T10:47:01.623419+00:00
e7ba6a3e-84c4-49b3-babb-f5db087e8f15,fUST,0.00015,45,23,-138668.928077,demand,2026-09-18T10:47:01.623419+00:00
e7ba6a3e-84c4-49b3-babb-f5db087e8f15,fUST,0.00015,2,2,-27000.0,demand,2026-09-18T10:47:01.623419+00:00
e7ba6a3e-84c4-49b3-babb-f5db087e8f15,fUST,0.0001421,45,1,-10000.0,demand,2026-09-18T10:47:01.623419+00:00
e7ba6a3e-84c4-49b3-babb-f5db087e8f15,fUST,0.000142,45,2,-20000.0,demand,2026-09-18T10:47:01.623419+00:00
e7ba6a3e-84c4-49b3-babb-f5db087e8f15,fUST,0.0001402,2,1,-9315.58419648,demand,2026-09-18T10:47:01.623419+00:00
e7ba6a3e-84c4-49b3-babb-f5db087e8f15,fUST,0.0001401,13,1,-99488.31479105,demand,2026-09-18T10:47:01.623419+00:00
e7ba6a3e-84c4-49b3-babb-f5db087e8f15,fUST,0.00014000000000000001,2,1,-557012.15587617,demand,2026-09-18T10:47:01.623419+00:00
e7ba6a3e-84c4-49b3-babb-f5db087e8f15,fUST,0.00014,7,1,-10000.0,demand,2026-09-18T10:47:01.623419+00:00
e7ba6a3e-84c4-49b3-babb-f5db087e8f15,fUST,0.0001361,30,23,-93124.47696771,demand,2026-09-18T10:47:01.623419+00:00
e7ba6a3e-84c4-49b3-babb-f5db087e8f15,fUST,0.000136,30,2,-14544.22120933,demand,2026-09-18T10:47:01.623419+00:00
e7ba6a3e-84c4-49b3-babb-f5db087e8f15,fUST,0.000132,30,1,-28000.0,demand,2026-09-18T10:47:01.623419+00:00
e7ba6a3e-84c4-49b3-babb-f5db087e8f15,fUST,0.00013103,2,1,-285058.62536861,demand,2026-09-18T10:47:01.623419+00:00
e7ba6a3e-84c4-49b3-babb-f5db087e8f15,fUST,0.00013102,2,1,-366829.49373192,demand,2026-09-18T10:47:01.623419+00:00
e7ba6a3e-84c4-49b3-babb-f5db087e8f15,fUST,0.000131,2,3,-2576906.89108704,demand,2026-09-18T10:47:01.623419+00:00
e7ba6a3e-84c4-49b3-babb-f5db087e8f15,fUST,0.00013,2,1,-1000.0,demand,2026-09-18T10:47:01.623419+00:00
e7ba6a3e-84c4-49b3-babb-f5db087e8f15,fUST,0.00013,7,1,-1000.0,demand,2026-09-18T10:47:01.623419+00:00
e7ba6a3e-84c4-49b3-babb-f5db087e8f15,fUST,0.00013,5,1,-1000.0,demand,2026-09-18T10:47:01.623419+00:00
e7ba6a3e-84c4-49b3-babb-f5db087e8f15,fUST,0.00013,14,1,-1000.0,demand,2026-09-18T10:47:01.623419+00:00
e7ba6a3e-84c4-49b3-babb-f5db087e8f15,fUST,0.0001436466,7,1,624.94621695,offer,2026-09-18T10:47:01.623419+00:00
e7ba6a3e-84c4-49b3-babb-f5db087e8f15,fUST,0.0001468,2,1,153.92494408,offer,2026-09-18T10:47:01.623419+00:00
e7ba6a3e-84c4-49b3-babb-f5db087e8f15,fUST,0.0001478,2,1,4576.0,offer,2026-09-18T10:47:01.623419+00:00
e7ba6a3e-84c4-49b3-babb-f5db087e8f15,fUST,0.00014783150000000002,2,6,2855.76003315,offer,2026-09-18T10:47:01.623419+00:00
e7ba6a3e-84c4-49b3-babb-f5db087e8f15,fUST,0.0001478715,7,3,1094.63047794,offer,2026-09-18T10:47:01.623419+00:00
e7ba6a3e-84c4-49b3-babb-f5db087e8f15,fUST,0.0001490125,2,1,742.8065056,offer,2026-09-18T10:47:01.623419+00:00
e7ba6a3e-84c4-49b3-babb-f5db087e8f15,fUST,0.0001492925,2,1,2755.2285831,offer,2026-09-18T10:47:01.623419+00:00
e7ba6a3e-84c4-49b3-babb-f5db087e8f15,fUST,0.0001496559,2,1,460.092745,offer,2026-09-18T10:47:01.623419+00:00
e7ba6a3e-84c4-49b3-babb-f5db087e8f15,fUST,0.00015,7,1,203.5837599,offer,2026-09-18T10:47:01.623419+00:00
e7ba6a3e-84c4-49b3-babb-f5db087e8f15,fUST,0.00015,2,1,5000.0,offer,2026-09-18T10:47:01.623419+00:00
e7ba6a3e-84c4-49b3-babb-f5db087e8f15,fUST,0.000151777,2,1,249.046205,offer,2026-09-18T10:47:01.623419+00:00
e7ba6a3e-84c4-49b3-babb-f5db087e8f15,fUST,0.0001520964,7,3,1144.3406284,offer,2026-09-18T10:47:01.623419+00:00
e7ba6a3e-84c4-49b3-babb-f5db087e8f15,fUST,0.000152581,2,1,624.149437,offer,2026-09-18T10:47:01.623419+00:00
e7ba6a3e-84c4-49b3-babb-f5db087e8f15,fUST,0.00015491,2,1,157.35,offer,2026-09-18T10:47:01.623419+00:00
e7ba6a3e-84c4-49b3-babb-f5db087e8f15,fUST,0.0001553667,2,1,194.01393049,offer,2026-09-18T10:47:01.623419+00:00
e7ba6a3e-84c4-49b3-babb-f5db087e8f15,fUST,0.0001553767,2,1,153.92494405,offer,2026-09-18T10:47:01.623419+00:00
e7ba6a3e-84c4-49b3-babb-f5db087e8f15,fUST,0.0001577296,14,1,497.10150456,offer,2026-09-18T10:47:01.623419+00:00
e7ba6a3e-84c4-49b3-babb-f5db087e8f15,fUST,0.0001577296,7,2,846.07972571,offer,2026-09-18T10:47:01.623419+00:00
e7ba6a3e-84c4-49b3-babb-f5db087e8f15,fUST,0.00016149,7,1,355.0,offer,2026-09-18T10:47:01.623419+00:00
e7ba6a3e-84c4-49b3-babb-f5db087e8f15,fUST,0.000163469825,2,1,664.77757239,offer,2026-09-18T10:47:01.623419+00:00
e7ba6a3e-84c4-49b3-babb-f5db087e8f15,fUST,0.0001639533,2,1,153.92494405,offer,2026-09-18T10:47:01.623419+00:00
e7ba6a3e-84c4-49b3-babb-f5db087e8f15,fUST,0.00016423,7,1,355.0,offer,2026-09-18T10:47:01.623419+00:00
e7ba6a3e-84c4-49b3-babb-f5db087e8f15,fUST,0.0001651605255,2,1,476.385139,offer,2026-09-18T10:47:01.623419+00:00
e7ba6a3e-84c4-49b3-babb-f5db087e8f15,fUST,0.00016697,7,1,355.0,offer,2026-09-18T10:47:01.623419+00:00
e7ba6a3e-84c4-49b3-babb-f5db087e8f15,fUST,0.0001682134406779661,2,5,1202.49858176,offer,2026-09-18T10:47:01.623419+00:00
b91dff6b-64d7-4ee9-ab98-af468c74b219,fUST,0.0002671232876712329,120,1,-2953210.72450794,demand,2026-09-18T11:47:01.559085+00:00
b91dff6b-64d7-4ee9-ab98-af468c74b219,fUST,0.0002555232876712329,60,1,-2944118.36218021,demand,2026-09-18T11:47:01.559085+00:00
b91dff6b-64d7-4ee9-ab98-af468c74b219,fUST,0.0001601,29,1,-142834.814121,demand,2026-09-18T11:47:01.559085+00:00
b91dff6b-64d7-4ee9-ab98-af468c74b219,fUST,0.00016,60,18,-114200.828599,demand,2026-09-18T11:47:01.559085+00:00
b91dff6b-64d7-4ee9-ab98-af468c74b219,fUST,0.00016,30,1,-3277.4,demand,2026-09-18T11:47:01.559085+00:00
b91dff6b-64d7-4ee9-ab98-af468c74b219,fUST,0.000152,60,1,-28000.0,demand,2026-09-18T11:47:01.559085+00:00
b91dff6b-64d7-4ee9-ab98-af468c74b219,fUST,0.00015,120,1,-300000.0,demand,2026-09-18T11:47:01.559085+00:00
b91dff6b-64d7-4ee9-ab98-af468c74b219,fUST,0.00015,45,23,-138668.928077,demand,2026-09-18T11:47:01.559085+00:00
b91dff6b-64d7-4ee9-ab98-af468c74b219,fUST,0.00015,2,2,-27000.0,demand,2026-09-18T11:47:01.559085+00:00
b91dff6b-64d7-4ee9-ab98-af468c74b219,fUST,0.0001421,45,1,-10000.0,demand,2026-09-18T11:47:01.559085+00:00
b91dff6b-64d7-4ee9-ab98-af468c74b219,fUST,0.000142,45,2,-20000.0,demand,2026-09-18T11:47:01.559085+00:00
b91dff6b-64d7-4ee9-ab98-af468c74b219,fUST,0.0001401,13,1,-99488.31479105,demand,2026-09-18T11:47:01.559085+00:00
b91dff6b-64d7-4ee9-ab98-af468c74b219,fUST,0.00014000000000000001,2,1,-532034.89039853,demand,2026-09-18T11:47:01.559085+00:00
b91dff6b-64d7-4ee9-ab98-af468c74b219,fUST,0.00014,7,1,-10000.0,demand,2026-09-18T11:47:01.559085+00:00
b91dff6b-64d7-4ee9-ab98-af468c74b219,fUST,0.0001361,30,23,-93124.47696771,demand,2026-09-18T11:47:01.559085+00:00
b91dff6b-64d7-4ee9-ab98-af468c74b219,fUST,0.000136,30,2,-14544.22120933,demand,2026-09-18T11:47:01.559085+00:00
b91dff6b-64d7-4ee9-ab98-af468c74b219,fUST,0.000132,30,1,-28000.0,demand,2026-09-18T11:47:01.559085+00:00
b91dff6b-64d7-4ee9-ab98-af468c74b219,fUST,0.00013103,2,1,-285058.62536861,demand,2026-09-18T11:47:01.559085+00:00
b91dff6b-64d7-4ee9-ab98-af468c74b219,fUST,0.00013102,2,1,-366829.49373192,demand,2026-09-18T11:47:01.559085+00:00
b91dff6b-64d7-4ee9-ab98-af468c74b219,fUST,0.000131,2,3,-2576906.89108704,demand,2026-09-18T11:47:01.559085+00:00
b91dff6b-64d7-4ee9-ab98-af468c74b219,fUST,0.00013,2,1,-1000.0,demand,2026-09-18T11:47:01.559085+00:00
b91dff6b-64d7-4ee9-ab98-af468c74b219,fUST,0.00013,7,1,-1000.0,demand,2026-09-18T11:47:01.559085+00:00
b91dff6b-64d7-4ee9-ab98-af468c74b219,fUST,0.00013,5,1,-1000.0,demand,2026-09-18T11:47:01.559085+00:00
b91dff6b-64d7-4ee9-ab98-af468c74b219,fUST,0.00013,14,1,-1000.0,demand,2026-09-18T11:47:01.559085+00:00
b91dff6b-64d7-4ee9-ab98-af468c74b219,fUST,0.0001239,2,1,-254035.797874,demand,2026-09-18T11:47:01.559085+00:00
b91dff6b-64d7-4ee9-ab98-af468c74b219,fUST,0.00015,2,2,5194.53565253,offer,2026-09-18T11:47:01.559085+00:00
b91dff6b-64d7-4ee9-ab98-af468c74b219,fUST,0.00015242750000000002,2,7,3012.99031297,offer,2026-09-18T11:47:01.559085+00:00
b91dff6b-64d7-4ee9-ab98-af468c74b219,fUST,0.0001524475,2,1,3301.5400236,offer,2026-09-18T11:47:01.559085+00:00
b91dff6b-64d7-4ee9-ab98-af468c74b219,fUST,0.00015808,2,1,158.78158654,offer,2026-09-18T11:47:01.559085+00:00
b91dff6b-64d7-4ee9-ab98-af468c74b219,fUST,0.00015868,2,1,163.67293793,offer,2026-09-18T11:47:01.559085+00:00
b91dff6b-64d7-4ee9-ab98-af468c74b219,fUST,0.00015981,2,2,2076.13840611,offer,2026-09-18T11:47:01.559085+00:00
b91dff6b-64d7-4ee9-ab98-af468c74b219,fUST,0.00015982,2,1,17956.43155124,offer,2026-09-18T11:47:01.559085+00:00
b91dff6b-64d7-4ee9-ab98-af468c74b219,fUST,0.00016355999999999999,2,1,158.78158654,offer,2026-09-18T11:47:01.559085+00:00
b91dff6b-64d7-4ee9-ab98-af468c74b219,fUST,0.0001643,2,3,1352.52939204,offer,2026-09-18T11:47:01.559085+00:00
b91dff6b-64d7-4ee9-ab98-af468c74b219,fUST,0.000165,2,1,300.0,offer,2026-09-18T11:47:01.559085+00:00
b91dff6b-64d7-4ee9-ab98-af468c74b219,fUST,0.00016529330864756275,2,1,400.27563563,offer,2026-09-18T11:47:01.559085+00:00
b91dff6b-64d7-4ee9-ab98-af468c74b219,fUST,0.0001666,2,1,1600.84,offer,2026-09-18T11:47:01.559085+00:00
b91dff6b-64d7-4ee9-ab98-af468c74b219,fUST,0.00016661,2,6,63827.63173248,offer,2026-09-18T11:47:01.559085+00:00
b91dff6b-64d7-4ee9-ab98-af468c74b219,fUST,0.00016662983632570138,2,1,489.01259465,offer,2026-09-18T11:47:01.559085+00:00
b91dff6b-64d7-4ee9-ab98-af468c74b219,fUST,0.000166939776,2,1,158.10731231,offer,2026-09-18T11:47:01.559085+00:00
b91dff6b-64d7-4ee9-ab98-af468c74b219,fUST,0.00016694,3,2,1501.48,offer,2026-09-18T11:47:01.559085+00:00
b91dff6b-64d7-4ee9-ab98-af468c74b219,fUST,0.00016704,2,69,89356.52400244,offer,2026-09-18T11:47:01.559085+00:00
b91dff6b-64d7-4ee9-ab98-af468c74b219,fUST,0.0001677656596893451,2,1,536.53771798,offer,2026-09-18T11:47:01.559085+00:00
b91dff6b-64d7-4ee9-ab98-af468c74b219,fUST,0.00016878,2,1,163.67293793,offer,2026-09-18T11:47:01.559085+00:00
b91dff6b-64d7-4ee9-ab98-af468c74b219,fUST,0.00016904,2,1,158.78158654,offer,2026-09-18T11:47:01.559085+00:00
b91dff6b-64d7-4ee9-ab98-af468c74b219,fUST,0.0001693,7,1,355.0,offer,2026-09-18T11:47:01.559085+00:00
b91dff6b-64d7-4ee9-ab98-af468c74b219,fUST,0.0001693,2,1,622.2,offer,2026-09-18T11:47:01.559085+00:00
b91dff6b-64d7-4ee9-ab98-af468c74b219,fUST,0.00016931,2,1,317.39029896,offer,2026-09-18T11:47:01.559085+00:00
b91dff6b-64d7-4ee9-ab98-af468c74b219,fUST,0.00016934516993494242,2,1,218.56936065,offer,2026-09-18T11:47:01.559085+00:00
b91dff6b-64d7-4ee9-ab98-af468c74b219,fUST,0.00016943,2,1,218.62,offer,2026-09-18T11:47:01.559085+00:00
46257666-4568-43b8-b3e2-6985c592c4f7,fUST,0.0002671232876712329,120,1,-2935104.93663221,demand,2026-09-18T12:47:01.361705+00:00
46257666-4568-43b8-b3e2-6985c592c4f7,fUST,0.00025536164383561645,60,1,-2944118.36218021,demand,2026-09-18T12:47:01.361705+00:00
46257666-4568-43b8-b3e2-6985c592c4f7,fUST,0.0001601,29,1,-142834.814121,demand,2026-09-18T12:47:01.361705+00:00
46257666-4568-43b8-b3e2-6985c592c4f7,fUST,0.00016,60,18,-114200.828599,demand,2026-09-18T12:47:01.361705+00:00
46257666-4568-43b8-b3e2-6985c592c4f7,fUST,0.00016,30,1,-3277.4,demand,2026-09-18T12:47:01.361705+00:00
46257666-4568-43b8-b3e2-6985c592c4f7,fUST,0.000152,60,1,-28000.0,demand,2026-09-18T12:47:01.361705+00:00
46257666-4568-43b8-b3e2-6985c592c4f7,fUST,0.00015,120,1,-300000.0,demand,2026-09-18T12:47:01.361705+00:00
46257666-4568-43b8-b3e2-6985c592c4f7,fUST,0.00015,45,23,-138668.928077,demand,2026-09-18T12:47:01.361705+00:00
46257666-4568-43b8-b3e2-6985c592c4f7,fUST,0.00015,2,2,-27000.0,demand,2026-09-18T12:47:01.361705+00:00
46257666-4568-43b8-b3e2-6985c592c4f7,fUST,0.0001421,45,1,-10000.0,demand,2026-09-18T12:47:01.361705+00:00
46257666-4568-43b8-b3e2-6985c592c4f7,fUST,0.000142,45,2,-20000.0,demand,2026-09-18T12:47:01.361705+00:00
46257666-4568-43b8-b3e2-6985c592c4f7,fUST,0.00014133,2,1,-240474.7218877,demand,2026-09-18T12:47:01.361705+00:00
46257666-4568-43b8-b3e2-6985c592c4f7,fUST,0.0001401,13,1,-99488.31479105,demand,2026-09-18T12:47:01.361705+00:00
46257666-4568-43b8-b3e2-6985c592c4f7,fUST,0.0001401,2,1,-29000.0,demand,2026-09-18T12:47:01.361705+00:00
46257666-4568-43b8-b3e2-6985c592c4f7,fUST,0.00014000000000000001,2,1,-532034.89039853,demand,2026-09-18T12:47:01.361705+00:00
46257666-4568-43b8-b3e2-6985c592c4f7,fUST,0.00014,7,1,-10000.0,demand,2026-09-18T12:47:01.361705+00:00
46257666-4568-43b8-b3e2-6985c592c4f7,fUST,0.0001361,30,23,-93124.47696771,demand,2026-09-18T12:47:01.361705+00:00
46257666-4568-43b8-b3e2-6985c592c4f7,fUST,0.000136,30,2,-14544.22120933,demand,2026-09-18T12:47:01.361705+00:00
46257666-4568-43b8-b3e2-6985c592c4f7,fUST,0.000132,30,1,-28000.0,demand,2026-09-18T12:47:01.361705+00:00
46257666-4568-43b8-b3e2-6985c592c4f7,fUST,0.00013103,2,1,-285058.62536861,demand,2026-09-18T12:47:01.361705+00:00
46257666-4568-43b8-b3e2-6985c592c4f7,fUST,0.00013102,2,1,-366829.49373192,demand,2026-09-18T12:47:01.361705+00:00
46257666-4568-43b8-b3e2-6985c592c4f7,fUST,0.000131,2,3,-2576906.89108704,demand,2026-09-18T12:47:01.361705+00:00
46257666-4568-43b8-b3e2-6985c592c4f7,fUST,0.00013,2,1,-1000.0,demand,2026-09-18T12:47:01.361705+00:00
46257666-4568-43b8-b3e2-6985c592c4f7,fUST,0.00013,7,1,-1000.0,demand,2026-09-18T12:47:01.361705+00:00
46257666-4568-43b8-b3e2-6985c592c4f7,fUST,0.00013,5,1,-1000.0,demand,2026-09-18T12:47:01.361705+00:00
46257666-4568-43b8-b3e2-6985c592c4f7,fUST,0.0001416598,2,1,335.7841586,offer,2026-09-18T12:47:01.361705+00:00
46257666-4568-43b8-b3e2-6985c592c4f7,fUST,0.0001416598,7,1,934.40211856,offer,2026-09-18T12:47:01.361705+00:00
46257666-4568-43b8-b3e2-6985c592c4f7,fUST,0.00014312,2,1,153.92494406,offer,2026-09-18T12:47:01.361705+00:00
46257666-4568-43b8-b3e2-6985c592c4f7,fUST,0.0001441212,2,1,2696.9894914,offer,2026-09-18T12:47:01.361705+00:00
46257666-4568-43b8-b3e2-6985c592c4f7,fUST,0.000144492996,7,1,934.40211856,offer,2026-09-18T12:47:01.361705+00:00
46257666-4568-43b8-b3e2-6985c592c4f7,fUST,0.0001461764,2,3,1201.05039171,offer,2026-09-18T12:47:01.361705+00:00
46257666-4568-43b8-b3e2-6985c592c4f7,fUST,0.0001462064,2,1,9801.4731855,offer,2026-09-18T12:47:01.361705+00:00
46257666-4568-43b8-b3e2-6985c592c4f7,fUST,0.00014657534246575343,2,1,215.216416,offer,2026-09-18T12:47:01.361705+00:00
46257666-4568-43b8-b3e2-6985c592c4f7,fUST,0.00014874279,7,1,934.40211856,offer,2026-09-18T12:47:01.361705+00:00
46257666-4568-43b8-b3e2-6985c592c4f7,fUST,0.00014899,2,1,448.17226462,offer,2026-09-18T12:47:01.361705+00:00
46257666-4568-43b8-b3e2-6985c592c4f7,fUST,0.000149,2,2,23756.77796181,offer,2026-09-18T12:47:01.361705+00:00
46257666-4568-43b8-b3e2-6985c592c4f7,fUST,0.00014999,7,1,316.81482882,offer,2026-09-18T12:47:01.361705+00:00
46257666-4568-43b8-b3e2-6985c592c4f7,fUST,0.00014999,2,1,159.60779241,offer,2026-09-18T12:47:01.361705+00:00
46257666-4568-43b8-b3e2-6985c592c4f7,fUST,0.00015,2,1,5000.0,offer,2026-09-18T12:47:01.361705+00:00
46257666-4568-43b8-b3e2-6985c592c4f7,fUST,0.00015145974,2,1,158.081369,offer,2026-09-18T12:47:01.361705+00:00
46257666-4568-43b8-b3e2-6985c592c4f7,fUST,0.00015197,2,1,600.0,offer,2026-09-18T12:47:01.361705+00:00
46257666-4568-43b8-b3e2-6985c592c4f7,fUST,0.0001529898,7,2,494.34077528,offer,2026-09-18T12:47:01.361705+00:00
46257666-4568-43b8-b3e2-6985c592c4f7,fUST,0.000152992584,7,1,934.40211856,offer,2026-09-18T12:47:01.361705+00:00
46257666-4568-43b8-b3e2-6985c592c4f7,fUST,0.00015499,2,1,668.79,offer,2026-09-18T12:47:01.361705+00:00
46257666-4568-43b8-b3e2-6985c592c4f7,fUST,0.000155,2,8,98290.25996558,offer,2026-09-18T12:47:01.361705+00:00
46257666-4568-43b8-b3e2-6985c592c4f7,fUST,0.0001574895,7,1,316.81482882,offer,2026-09-18T12:47:01.361705+00:00
46257666-4568-43b8-b3e2-6985c592c4f7,fUST,0.00015838,2,2,1337.58,offer,2026-09-18T12:47:01.361705+00:00
46257666-4568-43b8-b3e2-6985c592c4f7,fUST,0.00015839,2,1,15010.06842391,offer,2026-09-18T12:47:01.361705+00:00
46257666-4568-43b8-b3e2-6985c592c4f7,fUST,0.00015865897600000003,7,1,934.40211856,offer,2026-09-18T12:47:01.361705+00:00
46257666-4568-43b8-b3e2-6985c592c4f7,fUST,0.0001619892,7,2,583.10374853,offer,2026-09-18T12:47:01.361705+00:00
f51cc689-51c4-47a1-b1cd-613a4098103e,fUST,0.0002671232876712329,120,1,-2441272.93663221,demand,2026-09-18T13:47:01.422408+00:00
f51cc689-51c4-47a1-b1cd-613a4098103e,fUST,0.00025533698630136984,60,1,-2944118.36218021,demand,2026-09-18T13:47:01.422408+00:00
f51cc689-51c4-47a1-b1cd-613a4098103e,fUST,0.0001601,29,1,-142834.814121,demand,2026-09-18T13:47:01.422408+00:00
f51cc689-51c4-47a1-b1cd-613a4098103e,fUST,0.00016,60,18,-114200.828599,demand,2026-09-18T13:47:01.422408+00:00
f51cc689-51c4-47a1-b1cd-613a4098103e,fUST,0.00016,30,1,-3277.4,demand,2026-09-18T13:47:01.422408+00:00
f51cc689-51c4-47a1-b1cd-613a4098103e,fUST,0.000152,60,1,-28000.0,demand,2026-09-18T13:47:01.422408+00:00
f51cc689-51c4-47a1-b1cd-613a4098103e,fUST,0.00015,120,1,-300000.0,demand,2026-09-18T13:47:01.422408+00:00
f51cc689-51c4-47a1-b1cd-613a4098103e,fUST,0.00015,45,23,-138668.928077,demand,2026-09-18T13:47:01.422408+00:00
f51cc689-51c4-47a1-b1cd-613a4098103e,fUST,0.00015,2,2,-27000.0,demand,2026-09-18T13:47:01.422408+00:00
f51cc689-51c4-47a1-b1cd-613a4098103e,fUST,0.0001421,45,1,-10000.0,demand,2026-09-18T13:47:01.422408+00:00
f51cc689-51c4-47a1-b1cd-613a4098103e,fUST,0.000142,45,2,-20000.0,demand,2026-09-18T13:47:01.422408+00:00
f51cc689-51c4-47a1-b1cd-613a4098103e,fUST,0.00014133,2,1,-232102.82885,demand,2026-09-18T13:47:01.422408+00:00
f51cc689-51c4-47a1-b1cd-613a4098103e,fUST,0.0001401,13,1,-99488.31479105,demand,2026-09-18T13:47:01.422408+00:00
f51cc689-51c4-47a1-b1cd-613a4098103e,fUST,0.00014000000000000001,2,1,-532034.89039853,demand,2026-09-18T13:47:01.422408+00:00
f51cc689-51c4-47a1-b1cd-613a4098103e,fUST,0.00014,7,1,-10000.0,demand,2026-09-18T13:47:01.422408+00:00
f51cc689-51c4-47a1-b1cd-613a4098103e,fUST,0.0001361,30,23,-93124.47696771,demand,2026-09-18T13:47:01.422408+00:00
f51cc689-51c4-47a1-b1cd-613a4098103e,fUST,0.000136,30,2,-14544.22120933,demand,2026-09-18T13:47:01.422408+00:00
f51cc689-51c4-47a1-b1cd-613a4098103e,fUST,0.000132,30,1,-28000.0,demand,2026-09-18T13:47:01.422408+00:00
f51cc689-51c4-47a1-b1cd-613a4098103e,fUST,0.00013103,2,1,-285058.62536861,demand,2026-09-18T13:47:01.422408+00:00
f51cc689-51c4-47a1-b1cd-613a4098103e,fUST,0.00013102,2,1,-366829.49373192,demand,2026-09-18T13:47:01.422408+00:00
f51cc689-51c4-47a1-b1cd-613a4098103e,fUST,0.000131,2,3,-2576906.89108704,demand,2026-09-18T13:47:01.422408+00:00
f51cc689-51c4-47a1-b1cd-613a4098103e,fUST,0.00013,2,1,-1000.0,demand,2026-09-18T13:47:01.422408+00:00
f51cc689-51c4-47a1-b1cd-613a4098103e,fUST,0.00013,7,1,-1000.0,demand,2026-09-18T13:47:01.422408+00:00
f51cc689-51c4-47a1-b1cd-613a4098103e,fUST,0.00013,5,1,-1000.0,demand,2026-09-18T13:47:01.422408+00:00
f51cc689-51c4-47a1-b1cd-613a4098103e,fUST,0.00013,14,1,-1000.0,demand,2026-09-18T13:47:01.422408+00:00
f51cc689-51c4-47a1-b1cd-613a4098103e,fUST,0.00015212336719781382,2,1,36.05069352,offer,2026-09-18T13:47:01.422408+00:00
f51cc689-51c4-47a1-b1cd-613a4098103e,fUST,0.00015526,2,1,137.4758615,offer,2026-09-18T13:47:01.422408+00:00
f51cc689-51c4-47a1-b1cd-613a4098103e,fUST,0.0001571509,2,15,6196.14532061,offer,2026-09-18T13:47:01.422408+00:00
f51cc689-51c4-47a1-b1cd-613a4098103e,fUST,0.0001571609,2,1,8910.6231268,offer,2026-09-18T13:47:01.422408+00:00
f51cc689-51c4-47a1-b1cd-613a4098103e,fUST,0.0001576059,2,1,202.793796,offer,2026-09-18T13:47:01.422408+00:00
f51cc689-51c4-47a1-b1cd-613a4098103e,fUST,0.0001609580448,2,1,1173.1630096,offer,2026-09-18T13:47:01.422408+00:00
f51cc689-51c4-47a1-b1cd-613a4098103e,fUST,0.00016235594415392463,2,1,327.06938963,offer,2026-09-18T13:47:01.422408+00:00
f51cc689-51c4-47a1-b1cd-613a4098103e,fUST,0.00016269121733768687,2,1,151.0,offer,2026-09-18T13:47:01.422408+00:00
f51cc689-51c4-47a1-b1cd-613a4098103e,fUST,0.00016403440000000002,2,1,544.16796425,offer,2026-09-18T13:47:01.422408+00:00
f51cc689-51c4-47a1-b1cd-613a4098103e,fUST,0.0001640544,2,1,305.506363,offer,2026-09-18T13:47:01.422408+00:00
f51cc689-51c4-47a1-b1cd-613a4098103e,fUST,0.00016525640936967322,2,1,159.71990501,offer,2026-09-18T13:47:01.422408+00:00
f51cc689-51c4-47a1-b1cd-613a4098103e,fUST,0.00016772328767123288,2,1,45611.66336433,offer,2026-09-18T13:47:01.422408+00:00
f51cc689-51c4-47a1-b1cd-613a4098103e,fUST,0.00016863822876712328,2,1,202.793796,offer,2026-09-18T13:47:01.422408+00:00
f51cc689-51c4-47a1-b1cd-613a4098103e,fUST,0.00016927,2,1,1255.30270926,offer,2026-09-18T13:47:01.422408+00:00
f51cc689-51c4-47a1-b1cd-613a4098103e,fUST,0.00016999000000000002,2,1,366.52336087,offer,2026-09-18T13:47:01.422408+00:00
f51cc689-51c4-47a1-b1cd-613a4098103e,fUST,0.00017,2,1,8823.29323851,offer,2026-09-18T13:47:01.422408+00:00
f51cc689-51c4-47a1-b1cd-613a4098103e,fUST,0.00017023,7,2,1798.6599755,offer,2026-09-18T13:47:01.422408+00:00
f51cc689-51c4-47a1-b1cd-613a4098103e,fUST,0.00017023013698630137,2,1,9594.028708,offer,2026-09-18T13:47:01.422408+00:00
f51cc689-51c4-47a1-b1cd-613a4098103e,fUST,0.0001703075,2,1,9738.4382881,offer,2026-09-18T13:47:01.422408+00:00
f51cc689-51c4-47a1-b1cd-613a4098103e,fUST,0.00017182,2,1,500.0,offer,2026-09-18T13:47:01.422408+00:00
f51cc689-51c4-47a1-b1cd-613a4098103e,fUST,0.00017183287671232878,2,1,4192.31253497,offer,2026-09-18T13:47:01.422408+00:00
f51cc689-51c4-47a1-b1cd-613a4098103e,fUST,0.0001736346,7,1,1632.20819487,offer,2026-09-18T13:47:01.422408+00:00
f51cc689-51c4-47a1-b1cd-613a4098103e,fUST,0.00017733760000000003,2,1,180.07563177,offer,2026-09-18T13:47:01.422408+00:00
f51cc689-51c4-47a1-b1cd-613a4098103e,fUST,0.00017873,2,3,1500.0,offer,2026-09-18T13:47:01.422408+00:00
f51cc689-51c4-47a1-b1cd-613a4098103e,fUST,0.0001787415,7,2,1893.77527873,offer,2026-09-18T13:47:01.422408+00:00
5fd8d5cb-f98b-4ced-8bce-e4718e4dc123,fUST,0.0002671232876712329,120,1,-2420846.88607788,demand,2026-09-18T14:47:01.499943+00:00
5fd8d5cb-f98b-4ced-8bce-e4718e4dc123,fUST,0.0002554246575342466,60,1,-2939862.72218021,demand,2026-09-18T14:47:01.499943+00:00
5fd8d5cb-f98b-4ced-8bce-e4718e4dc123,fUST,0.0001601,29,1,-142834.814121,demand,2026-09-18T14:47:01.499943+00:00
5fd8d5cb-f98b-4ced-8bce-e4718e4dc123,fUST,0.00016,60,18,-114200.828599,demand,2026-09-18T14:47:01.499943+00:00
5fd8d5cb-f98b-4ced-8bce-e4718e4dc123,fUST,0.00016,30,1,-3277.4,demand,2026-09-18T14:47:01.499943+00:00
5fd8d5cb-f98b-4ced-8bce-e4718e4dc123,fUST,0.000152,60,1,-28000.0,demand,2026-09-18T14:47:01.499943+00:00
5fd8d5cb-f98b-4ced-8bce-e4718e4dc123,fUST,0.00015001,2,1,-1726810.98280602,demand,2026-09-18T14:47:01.499943+00:00
5fd8d5cb-f98b-4ced-8bce-e4718e4dc123,fUST,0.00015,120,1,-300000.0,demand,2026-09-18T14:47:01.499943+00:00
5fd8d5cb-f98b-4ced-8bce-e4718e4dc123,fUST,0.00015,45,23,-138668.928077,demand,2026-09-18T14:47:01.499943+00:00
5fd8d5cb-f98b-4ced-8bce-e4718e4dc123,fUST,0.00015,2,2,-27000.0,demand,2026-09-18T14:47:01.499943+00:00
5fd8d5cb-f98b-4ced-8bce-e4718e4dc123,fUST,0.0001421,45,1,-10000.0,demand,2026-09-18T14:47:01.499943+00:00
5fd8d5cb-f98b-4ced-8bce-e4718e4dc123,fUST,0.000142,45,2,-20000.0,demand,2026-09-18T14:47:01.499943+00:00
5fd8d5cb-f98b-4ced-8bce-e4718e4dc123,fUST,0.0001401,13,1,-99488.31479105,demand,2026-09-18T14:47:01.499943+00:00
5fd8d5cb-f98b-4ced-8bce-e4718e4dc123,fUST,0.0001401,2,1,-2000000.0,demand,2026-09-18T14:47:01.499943+00:00
5fd8d5cb-f98b-4ced-8bce-e4718e4dc123,fUST,0.00014000000000000001,2,1,-531002.20793183,demand,2026-09-18T14:47:01.499943+00:00
5fd8d5cb-f98b-4ced-8bce-e4718e4dc123,fUST,0.00014,7,1,-10000.0,demand,2026-09-18T14:47:01.499943+00:00
5fd8d5cb-f98b-4ced-8bce-e4718e4dc123,fUST,0.0001361,30,23,-93124.47696771,demand,2026-09-18T14:47:01.499943+00:00
5fd8d5cb-f98b-4ced-8bce-e4718e4dc123,fUST,0.000136,30,2,-14544.22120933,demand,2026-09-18T14:47:01.499943+00:00
5fd8d5cb-f98b-4ced-8bce-e4718e4dc123,fUST,0.000132,30,1,-28000.0,demand,2026-09-18T14:47:01.499943+00:00
5fd8d5cb-f98b-4ced-8bce-e4718e4dc123,fUST,0.00013103,2,1,-285058.62536861,demand,2026-09-18T14:47:01.499943+00:00
5fd8d5cb-f98b-4ced-8bce-e4718e4dc123,fUST,0.00013102,2,1,-366829.49373192,demand,2026-09-18T14:47:01.499943+00:00
5fd8d5cb-f98b-4ced-8bce-e4718e4dc123,fUST,0.000131,2,3,-2576906.89108704,demand,2026-09-18T14:47:01.499943+00:00
5fd8d5cb-f98b-4ced-8bce-e4718e4dc123,fUST,0.00013,2,1,-1000.0,demand,2026-09-18T14:47:01.499943+00:00
5fd8d5cb-f98b-4ced-8bce-e4718e4dc123,fUST,0.00013,7,1,-1000.0,demand,2026-09-18T14:47:01.499943+00:00
5fd8d5cb-f98b-4ced-8bce-e4718e4dc123,fUST,0.00013,5,1,-1000.0,demand,2026-09-18T14:47:01.499943+00:00
5fd8d5cb-f98b-4ced-8bce-e4718e4dc123,fUST,0.00015013,7,1,355.0,offer,2026-09-18T14:47:01.499943+00:00
5fd8d5cb-f98b-4ced-8bce-e4718e4dc123,fUST,0.0001504764,2,1,552.2010572,offer,2026-09-18T14:47:01.499943+00:00
5fd8d5cb-f98b-4ced-8bce-e4718e4dc123,fUST,0.0001519416,2,1,279.6706462,offer,2026-09-18T14:47:01.499943+00:00
5fd8d5cb-f98b-4ced-8bce-e4718e4dc123,fUST,0.0001519513,2,1,719.6588121,offer,2026-09-18T14:47:01.499943+00:00
5fd8d5cb-f98b-4ced-8bce-e4718e4dc123,fUST,0.0001524281,7,2,2412.83601674,offer,2026-09-18T14:47:01.499943+00:00
5fd8d5cb-f98b-4ced-8bce-e4718e4dc123,fUST,0.00015243,2,1,171.76,offer,2026-09-18T14:47:01.499943+00:00
5fd8d5cb-f98b-4ced-8bce-e4718e4dc123,fUST,0.00015287,7,1,355.0,offer,2026-09-18T14:47:01.499943+00:00
5fd8d5cb-f98b-4ced-8bce-e4718e4dc123,fUST,0.00015428,2,5,1942.68676548,offer,2026-09-18T14:47:01.499943+00:00
5fd8d5cb-f98b-4ced-8bce-e4718e4dc123,fUST,0.00015429,2,5,2206.57409463,offer,2026-09-18T14:47:01.499943+00:00
5fd8d5cb-f98b-4ced-8bce-e4718e4dc123,fUST,0.0001542904109589041,2,1,3089.7257552,offer,2026-09-18T14:47:01.499943+00:00
5fd8d5cb-f98b-4ced-8bce-e4718e4dc123,fUST,0.000155476662,7,2,2331.32236134,offer,2026-09-18T14:47:01.499943+00:00
5fd8d5cb-f98b-4ced-8bce-e4718e4dc123,fUST,0.00015561,7,1,355.0,offer,2026-09-18T14:47:01.499943+00:00
5fd8d5cb-f98b-4ced-8bce-e4718e4dc123,fUST,0.00015616099999999998,2,1,5115.6699009,offer,2026-09-18T14:47:01.499943+00:00
5fd8d5cb-f98b-4ced-8bce-e4718e4dc123,fUST,0.0001566392700199648,2,1,683.48280988,offer,2026-09-18T14:47:01.499943+00:00
5fd8d5cb-f98b-4ced-8bce-e4718e4dc123,fUST,0.00015752027397260274,2,1,207.478,offer,2026-09-18T14:47:01.499943+00:00
5fd8d5cb-f98b-4ced-8bce-e4718e4dc123,fUST,0.00015835,7,1,355.0,offer,2026-09-18T14:47:01.499943+00:00
5fd8d5cb-f98b-4ced-8bce-e4718e4dc123,fUST,0.00016004950500000001,7,2,2345.52160343,offer,2026-09-18T14:47:01.499943+00:00
5fd8d5cb-f98b-4ced-8bce-e4718e4dc123,fUST,0.00016109,7,1,355.0,offer,2026-09-18T14:47:01.499943+00:00
5fd8d5cb-f98b-4ced-8bce-e4718e4dc123,fUST,0.00016179,2,1,1276.372262,offer,2026-09-18T14:47:01.499943+00:00
5fd8d5cb-f98b-4ced-8bce-e4718e4dc123,fUST,0.00016383,7,1,355.0,offer,2026-09-18T14:47:01.499943+00:00
5fd8d5cb-f98b-4ced-8bce-e4718e4dc123,fUST,0.0001640709,2,1,425.408689,offer,2026-09-18T14:47:01.499943+00:00
5fd8d5cb-f98b-4ced-8bce-e4718e4dc123,fUST,0.00016438,2,1,1214.30708935,offer,2026-09-18T14:47:01.499943+00:00
5fd8d5cb-f98b-4ced-8bce-e4718e4dc123,fUST,0.00016462234800000003,7,4,3070.26561124,offer,2026-09-18T14:47:01.499943+00:00
5fd8d5cb-f98b-4ced-8bce-e4718e4dc123,fUST,0.0001651937355,2,1,227.51622,offer,2026-09-18T14:47:01.499943+00:00
5fd8d5cb-f98b-4ced-8bce-e4718e4dc123,fUST,0.00016657,7,1,355.0,offer,2026-09-18T14:47:01.499943+00:00
cfcae97c-1205-450f-93c9-c69ef78a601e,fUST,0.0002671232876712329,120,1,-2352455.02927782,demand,2026-09-18T15:47:01.668252+00:00
cfcae97c-1205-450f-93c9-c69ef78a601e,fUST,0.00025575342465753424,60,1,-2935434.35037141,demand,2026-09-18T15:47:01.668252+00:00
cfcae97c-1205-450f-93c9-c69ef78a601e,fUST,0.0001601,29,1,-142834.814121,demand,2026-09-18T15:47:01.668252+00:00
cfcae97c-1205-450f-93c9-c69ef78a601e,fUST,0.00016,60,18,-114200.828599,demand,2026-09-18T15:47:01.668252+00:00
cfcae97c-1205-450f-93c9-c69ef78a601e,fUST,0.00016,30,1,-3277.4,demand,2026-09-18T15:47:01.668252+00:00
cfcae97c-1205-450f-93c9-c69ef78a601e,fUST,0.000152,60,1,-28000.0,demand,2026-09-18T15:47:01.668252+00:00
cfcae97c-1205-450f-93c9-c69ef78a601e,fUST,0.00015001,2,1,-1625456.67501519,demand,2026-09-18T15:47:01.668252+00:00
cfcae97c-1205-450f-93c9-c69ef78a601e,fUST,0.00015,120,1,-300000.0,demand,2026-09-18T15:47:01.668252+00:00
cfcae97c-1205-450f-93c9-c69ef78a601e,fUST,0.00015,45,23,-138668.928077,demand,2026-09-18T15:47:01.668252+00:00
cfcae97c-1205-450f-93c9-c69ef78a601e,fUST,0.00015,2,2,-27000.0,demand,2026-09-18T15:47:01.668252+00:00
cfcae97c-1205-450f-93c9-c69ef78a601e,fUST,0.0001421,45,1,-10000.0,demand,2026-09-18T15:47:01.668252+00:00
cfcae97c-1205-450f-93c9-c69ef78a601e,fUST,0.000142,45,2,-20000.0,demand,2026-09-18T15:47:01.668252+00:00
cfcae97c-1205-450f-93c9-c69ef78a601e,fUST,0.0001401,13,1,-99488.31479105,demand,2026-09-18T15:47:01.668252+00:00
cfcae97c-1205-450f-93c9-c69ef78a601e,fUST,0.0001401,2,1,-2000000.0,demand,2026-09-18T15:47:01.668252+00:00
cfcae97c-1205-450f-93c9-c69ef78a601e,fUST,0.00014000000000000001,2,1,-531002.20793183,demand,2026-09-18T15:47:01.668252+00:00
cfcae97c-1205-450f-93c9-c69ef78a601e,fUST,0.00014,7,1,-10000.0,demand,2026-09-18T15:47:01.668252+00:00
cfcae97c-1205-450f-93c9-c69ef78a601e,fUST,0.0001361,30,23,-93124.47696771,demand,2026-09-18T15:47:01.668252+00:00
cfcae97c-1205-450f-93c9-c69ef78a601e,fUST,0.000136,30,2,-14544.22120933,demand,2026-09-18T15:47:01.668252+00:00
cfcae97c-1205-450f-93c9-c69ef78a601e,fUST,0.000132,30,1,-28000.0,demand,2026-09-18T15:47:01.668252+00:00
cfcae97c-1205-450f-93c9-c69ef78a601e,fUST,0.00013103,2,1,-285058.62536861,demand,2026-09-18T15:47:01.668252+00:00
cfcae97c-1205-450f-93c9-c69ef78a601e,fUST,0.00013102,2,1,-366829.49373192,demand,2026-09-18T15:47:01.668252+00:00
cfcae97c-1205-450f-93c9-c69ef78a601e,fUST,0.000131,2,3,-2576906.89108704,demand,2026-09-18T15:47:01.668252+00:00
cfcae97c-1205-450f-93c9-c69ef78a601e,fUST,0.00013,2,1,-1000.0,demand,2026-09-18T15:47:01.668252+00:00
cfcae97c-1205-450f-93c9-c69ef78a601e,fUST,0.00013,7,1,-1000.0,demand,2026-09-18T15:47:01.668252+00:00
cfcae97c-1205-450f-93c9-c69ef78a601e,fUST,0.00013,5,1,-1000.0,demand,2026-09-18T15:47:01.668252+00:00
cfcae97c-1205-450f-93c9-c69ef78a601e,fUST,0.00016005,2,1,2008.60777081,offer,2026-09-18T15:47:01.668252+00:00
cfcae97c-1205-450f-93c9-c69ef78a601e,fUST,0.00016167,2,1,173.04,offer,2026-09-18T15:47:01.668252+00:00
cfcae97c-1205-450f-93c9-c69ef78a601e,fUST,0.0001688379,2,1,225.96,offer,2026-09-18T15:47:01.668252+00:00
cfcae97c-1205-450f-93c9-c69ef78a601e,fUST,0.00016999,2,1,900.02,offer,2026-09-18T15:47:01.668252+00:00
cfcae97c-1205-450f-93c9-c69ef78a601e,fUST,0.00016999000000000002,2,8,3352.91057149,offer,2026-09-18T15:47:01.668252+00:00
cfcae97c-1205-450f-93c9-c69ef78a601e,fUST,0.00017,2,1,8823.29323851,offer,2026-09-18T15:47:01.668252+00:00
cfcae97c-1205-450f-93c9-c69ef78a601e,fUST,0.0001705665,2,1,237.760215,offer,2026-09-18T15:47:01.668252+00:00
cfcae97c-1205-450f-93c9-c69ef78a601e,fUST,0.0001709101,2,1,353.2768507,offer,2026-09-18T15:47:01.668252+00:00
cfcae97c-1205-450f-93c9-c69ef78a601e,fUST,0.0001710126,2,1,314.420774,offer,2026-09-18T15:47:01.668252+00:00
cfcae97c-1205-450f-93c9-c69ef78a601e,fUST,0.000171666,7,1,221.50668078,offer,2026-09-18T15:47:01.668252+00:00
cfcae97c-1205-450f-93c9-c69ef78a601e,fUST,0.0001723795,2,1,290.4381253,offer,2026-09-18T15:47:01.668252+00:00
cfcae97c-1205-450f-93c9-c69ef78a601e,fUST,0.0001730161,2,1,186.878068,offer,2026-09-18T15:47:01.668252+00:00
cfcae97c-1205-450f-93c9-c69ef78a601e,fUST,0.0001750973983050847,2,4,1073.46061976,offer,2026-09-18T15:47:01.668252+00:00
cfcae97c-1205-450f-93c9-c69ef78a601e,fUST,0.000176715,7,1,252.81171432,offer,2026-09-18T15:47:01.668252+00:00
cfcae97c-1205-450f-93c9-c69ef78a601e,fUST,0.00017784,2,1,173.04,offer,2026-09-18T15:47:01.668252+00:00
cfcae97c-1205-450f-93c9-c69ef78a601e,fUST,0.0001805773983050847,2,1,541.05191131,offer,2026-09-18T15:47:01.668252+00:00
cfcae97c-1205-450f-93c9-c69ef78a601e,fUST,0.000181764,7,1,332.26002119,offer,2026-09-18T15:47:01.668252+00:00
cfcae97c-1205-450f-93c9-c69ef78a601e,fUST,0.00018349,2,1,500.0,offer,2026-09-18T15:47:01.668252+00:00
cfcae97c-1205-450f-93c9-c69ef78a601e,fUST,0.0001860573983050847,2,1,541.05191131,offer,2026-09-18T15:47:01.668252+00:00
cfcae97c-1205-450f-93c9-c69ef78a601e,fUST,0.000186835,2,3,1416.86,offer,2026-09-18T15:47:01.668252+00:00
cfcae97c-1205-450f-93c9-c69ef78a601e,fUST,0.00018701,2,2,1000.0,offer,2026-09-18T15:47:01.668252+00:00
cfcae97c-1205-450f-93c9-c69ef78a601e,fUST,0.0001870123734,2,1,457.878306,offer,2026-09-18T15:47:01.668252+00:00
cfcae97c-1205-450f-93c9-c69ef78a601e,fUST,0.00018702,2,3,1025.76943161,offer,2026-09-18T15:47:01.668252+00:00
cfcae97c-1205-450f-93c9-c69ef78a601e,fUST,0.00018725,2,1,249.70672383,offer,2026-09-18T15:47:01.668252+00:00
cfcae97c-1205-450f-93c9-c69ef78a601e,fUST,0.00018726,2,15,6124.42613211,offer,2026-09-18T15:47:01.668252+00:00
b5a7a92e-3f49-4e3e-ab93-8e868b37e39c,fUST,0.0002671232876712329,120,1,-2298247.08747428,demand,2026-09-18T16:47:01.670621+00:00
b5a7a92e-3f49-4e3e-ab93-8e868b37e39c,fUST,0.0002555972602739726,60,1,-2933341.04037141,demand,2026-09-18T16:47:01.670621+00:00
b5a7a92e-3f49-4e3e-ab93-8e868b37e39c,fUST,0.0001601,29,1,-142663.924121,demand,2026-09-18T16:47:01.670621+00:00
b5a7a92e-3f49-4e3e-ab93-8e868b37e39c,fUST,0.00016,60,18,-114200.828599,demand,2026-09-18T16:47:01.670621+00:00
b5a7a92e-3f49-4e3e-ab93-8e868b37e39c,fUST,0.00016,30,1,-3277.4,demand,2026-09-18T16:47:01.670621+00:00
b5a7a92e-3f49-4e3e-ab93-8e868b37e39c,fUST,0.000152,60,1,-28000.0,demand,2026-09-18T16:47:01.670621+00:00
b5a7a92e-3f49-4e3e-ab93-8e868b37e39c,fUST,0.00015001,2,1,-1598612.74377195,demand,2026-09-18T16:47:01.670621+00:00
b5a7a92e-3f49-4e3e-ab93-8e868b37e39c,fUST,0.00015,120,1,-300000.0,demand,2026-09-18T16:47:01.670621+00:00
b5a7a92e-3f49-4e3e-ab93-8e868b37e39c,fUST,0.00015,45,23,-138668.928077,demand,2026-09-18T16:47:01.670621+00:00
b5a7a92e-3f49-4e3e-ab93-8e868b37e39c,fUST,0.00015,2,2,-27000.0,demand,2026-09-18T16:47:01.670621+00:00
b5a7a92e-3f49-4e3e-ab93-8e868b37e39c,fUST,0.0001421,45,1,-10000.0,demand,2026-09-18T16:47:01.670621+00:00
b5a7a92e-3f49-4e3e-ab93-8e868b37e39c,fUST,0.000142,45,2,-20000.0,demand,2026-09-18T16:47:01.670621+00:00
b5a7a92e-3f49-4e3e-ab93-8e868b37e39c,fUST,0.000141519,2,1,-234469.652397,demand,2026-09-18T16:47:01.670621+00:00
b5a7a92e-3f49-4e3e-ab93-8e868b37e39c,fUST,0.0001401,13,1,-99488.31479105,demand,2026-09-18T16:47:01.670621+00:00
b5a7a92e-3f49-4e3e-ab93-8e868b37e39c,fUST,0.0001401,2,1,-2000000.0,demand,2026-09-18T16:47:01.670621+00:00
b5a7a92e-3f49-4e3e-ab93-8e868b37e39c,fUST,0.00014000000000000001,2,1,-531002.20793183,demand,2026-09-18T16:47:01.670621+00:00
b5a7a92e-3f49-4e3e-ab93-8e868b37e39c,fUST,0.00014,7,1,-10000.0,demand,2026-09-18T16:47:01.670621+00:00
b5a7a92e-3f49-4e3e-ab93-8e868b37e39c,fUST,0.0001361,30,23,-93124.47696771,demand,2026-09-18T16:47:01.670621+00:00
b5a7a92e-3f49-4e3e-ab93-8e868b37e39c,fUST,0.000136,30,2,-14544.22120933,demand,2026-09-18T16:47:01.670621+00:00
b5a7a92e-3f49-4e3e-ab93-8e868b37e39c,fUST,0.000132,30,1,-28000.0,demand,2026-09-18T16:47:01.670621+00:00
b5a7a92e-3f49-4e3e-ab93-8e868b37e39c,fUST,0.00013103,2,1,-285058.62536861,demand,2026-09-18T16:47:01.670621+00:00
b5a7a92e-3f49-4e3e-ab93-8e868b37e39c,fUST,0.00013102,2,1,-366829.49373192,demand,2026-09-18T16:47:01.670621+00:00
b5a7a92e-3f49-4e3e-ab93-8e868b37e39c,fUST,0.000131,2,3,-2576906.89108704,demand,2026-09-18T16:47:01.670621+00:00
b5a7a92e-3f49-4e3e-ab93-8e868b37e39c,fUST,0.00013,2,1,-1000.0,demand,2026-09-18T16:47:01.670621+00:00
b5a7a92e-3f49-4e3e-ab93-8e868b37e39c,fUST,0.00013,7,1,-1000.0,demand,2026-09-18T16:47:01.670621+00:00
b5a7a92e-3f49-4e3e-ab93-8e868b37e39c,fUST,0.00015068493150684933,2,1,170.720827,offer,2026-09-18T16:47:01.670621+00:00
b5a7a92e-3f49-4e3e-ab93-8e868b37e39c,fUST,0.00015123,2,1,226.4169677,offer,2026-09-18T16:47:01.670621+00:00
b5a7a92e-3f49-4e3e-ab93-8e868b37e39c,fUST,0.00015223,2,1,176.38,offer,2026-09-18T16:47:01.670621+00:00
b5a7a92e-3f49-4e3e-ab93-8e868b37e39c,fUST,0.00015223287671232877,2,1,10154.10869554,offer,2026-09-18T16:47:01.670621+00:00
b5a7a92e-3f49-4e3e-ab93-8e868b37e39c,fUST,0.0001522329,2,20,9700.22720174,offer,2026-09-18T16:47:01.670621+00:00
b5a7a92e-3f49-4e3e-ab93-8e868b37e39c,fUST,0.00015224,2,2,1000.0,offer,2026-09-18T16:47:01.670621+00:00
b5a7a92e-3f49-4e3e-ab93-8e868b37e39c,fUST,0.0001522529,2,1,458.61589636,offer,2026-09-18T16:47:01.670621+00:00
b5a7a92e-3f49-4e3e-ab93-8e868b37e39c,fUST,0.00015226,2,1,500.0,offer,2026-09-18T16:47:01.670621+00:00
b5a7a92e-3f49-4e3e-ab93-8e868b37e39c,fUST,0.0001522629,2,1,15000.0,offer,2026-09-18T16:47:01.670621+00:00
b5a7a92e-3f49-4e3e-ab93-8e868b37e39c,fUST,0.000152808,2,1,1089.3768732,offer,2026-09-18T16:47:01.670621+00:00
b5a7a92e-3f49-4e3e-ab93-8e868b37e39c,fUST,0.00015352,2,1,566.49458355,offer,2026-09-18T16:47:01.670621+00:00
b5a7a92e-3f49-4e3e-ab93-8e868b37e39c,fUST,0.0001535323,2,1,13594.0640496,offer,2026-09-18T16:47:01.670621+00:00
b5a7a92e-3f49-4e3e-ab93-8e868b37e39c,fUST,0.0001540828,2,2,848.1611934,offer,2026-09-18T16:47:01.670621+00:00
b5a7a92e-3f49-4e3e-ab93-8e868b37e39c,fUST,0.00015558,2,1,226.41696769,offer,2026-09-18T16:47:01.670621+00:00
b5a7a92e-3f49-4e3e-ab93-8e868b37e39c,fUST,0.00015658,2,27,194030.89148196,offer,2026-09-18T16:47:01.670621+00:00
b5a7a92e-3f49-4e3e-ab93-8e868b37e39c,fUST,0.0001570139,2,1,151.0,offer,2026-09-18T16:47:01.670621+00:00
b5a7a92e-3f49-4e3e-ab93-8e868b37e39c,fUST,0.0001596788,2,1,1124.2755731,offer,2026-09-18T16:47:01.670621+00:00
b5a7a92e-3f49-4e3e-ab93-8e868b37e39c,fUST,0.0001597293621,2,1,312.47078,offer,2026-09-18T16:47:01.670621+00:00
b5a7a92e-3f49-4e3e-ab93-8e868b37e39c,fUST,0.00016029,2,1,200.0,offer,2026-09-18T16:47:01.670621+00:00
b5a7a92e-3f49-4e3e-ab93-8e868b37e39c,fUST,0.00016187,2,1,280.183669,offer,2026-09-18T16:47:01.670621+00:00
b5a7a92e-3f49-4e3e-ab93-8e868b37e39c,fUST,0.00016334297053999247,2,1,3800.20925042,offer,2026-09-18T16:47:01.670621+00:00
b5a7a92e-3f49-4e3e-ab93-8e868b37e39c,fUST,0.00016516,2,1,646.46,offer,2026-09-18T16:47:01.670621+00:00
b5a7a92e-3f49-4e3e-ab93-8e868b37e39c,fUST,0.00016518,2,1,153.56731938,offer,2026-09-18T16:47:01.670621+00:00
b5a7a92e-3f49-4e3e-ab93-8e868b37e39c,fUST,0.00016645319771643836,2,1,312.47078,offer,2026-09-18T16:47:01.670621+00:00
b5a7a92e-3f49-4e3e-ab93-8e868b37e39c,fUST,0.00016999,2,1,646.46,offer,2026-09-18T16:47:01.670621+00:00
264bbdb8-67e1-430b-b7df-08cedf86e553,fUST,0.0002671232876712329,120,1,-2265690.527432,demand,2026-09-18T17:47:01.463739+00:00
264bbdb8-67e1-430b-b7df-08cedf86e553,fUST,0.0002554821917808219,60,1,-2933341.04037141,demand,2026-09-18T17:47:01.463739+00:00
264bbdb8-67e1-430b-b7df-08cedf86e553,fUST,0.0001601,29,1,-142663.924121,demand,2026-09-18T17:47:01.463739+00:00
264bbdb8-67e1-430b-b7df-08cedf86e553,fUST,0.00016,60,18,-114200.828599,demand,2026-09-18T17:47:01.463739+00:00
264bbdb8-67e1-430b-b7df-08cedf86e553,fUST,0.00016,30,1,-3277.4,demand,2026-09-18T17:47:01.463739+00:00
264bbdb8-67e1-430b-b7df-08cedf86e553,fUST,0.000152,60,1,-28000.0,demand,2026-09-18T17:47:01.463739+00:00
264bbdb8-67e1-430b-b7df-08cedf86e553,fUST,0.00015001,2,1,-1556804.32253486,demand,2026-09-18T17:47:01.463739+00:00
264bbdb8-67e1-430b-b7df-08cedf86e553,fUST,0.00015,120,1,-300000.0,demand,2026-09-18T17:47:01.463739+00:00
264bbdb8-67e1-430b-b7df-08cedf86e553,fUST,0.00015,45,23,-138668.928077,demand,2026-09-18T17:47:01.463739+00:00
264bbdb8-67e1-430b-b7df-08cedf86e553,fUST,0.00015,2,2,-27000.0,demand,2026-09-18T17:47:01.463739+00:00
264bbdb8-67e1-430b-b7df-08cedf86e553,fUST,0.0001421,45,1,-10000.0,demand,2026-09-18T17:47:01.463739+00:00
264bbdb8-67e1-430b-b7df-08cedf86e553,fUST,0.000142,45,2,-20000.0,demand,2026-09-18T17:47:01.463739+00:00
264bbdb8-67e1-430b-b7df-08cedf86e553,fUST,0.0001401,13,1,-99488.31479105,demand,2026-09-18T17:47:01.463739+00:00
264bbdb8-67e1-430b-b7df-08cedf86e553,fUST,0.0001401,2,1,-2000000.0,demand,2026-09-18T17:47:01.463739+00:00
264bbdb8-67e1-430b-b7df-08cedf86e553,fUST,0.00014000000000000001,2,1,-531002.20793183,demand,2026-09-18T17:47:01.463739+00:00
264bbdb8-67e1-430b-b7df-08cedf86e553,fUST,0.00014,7,1,-10000.0,demand,2026-09-18T17:47:01.463739+00:00
264bbdb8-67e1-430b-b7df-08cedf86e553,fUST,0.0001361,30,23,-93124.47696771,demand,2026-09-18T17:47:01.463739+00:00
264bbdb8-67e1-430b-b7df-08cedf86e553,fUST,0.000136,30,2,-14544.22120933,demand,2026-09-18T17:47:01.463739+00:00
264bbdb8-67e1-430b-b7df-08cedf86e553,fUST,0.000132,30,1,-28000.0,demand,2026-09-18T17:47:01.463739+00:00
264bbdb8-67e1-430b-b7df-08cedf86e553,fUST,0.00013103,2,1,-285058.62536861,demand,2026-09-18T17:47:01.463739+00:00
264bbdb8-67e1-430b-b7df-08cedf86e553,fUST,0.00013102,2,1,-366829.49373192,demand,2026-09-18T17:47:01.463739+00:00
264bbdb8-67e1-430b-b7df-08cedf86e553,fUST,0.000131,2,3,-2576906.89108704,demand,2026-09-18T17:47:01.463739+00:00
264bbdb8-67e1-430b-b7df-08cedf86e553,fUST,0.00013,2,1,-1000.0,demand,2026-09-18T17:47:01.463739+00:00
264bbdb8-67e1-430b-b7df-08cedf86e553,fUST,0.00013,7,1,-1000.0,demand,2026-09-18T17:47:01.463739+00:00
264bbdb8-67e1-430b-b7df-08cedf86e553,fUST,0.00013,5,1,-1000.0,demand,2026-09-18T17:47:01.463739+00:00
264bbdb8-67e1-430b-b7df-08cedf86e553,fUST,0.00015343,2,1,4049.9887802,offer,2026-09-18T17:47:01.463739+00:00
264bbdb8-67e1-430b-b7df-08cedf86e553,fUST,0.0001540275,2,1,224.852807,offer,2026-09-18T17:47:01.463739+00:00
264bbdb8-67e1-430b-b7df-08cedf86e553,fUST,0.00015498,2,2,5571.0246877,offer,2026-09-18T17:47:01.463739+00:00
264bbdb8-67e1-430b-b7df-08cedf86e553,fUST,0.00015525,2,1,500.0,offer,2026-09-18T17:47:01.463739+00:00
264bbdb8-67e1-430b-b7df-08cedf86e553,fUST,0.00015526,2,1,14435.61595091,offer,2026-09-18T17:47:01.463739+00:00
264bbdb8-67e1-430b-b7df-08cedf86e553,fUST,0.00015622,2,1,181.873169,offer,2026-09-18T17:47:01.463739+00:00
264bbdb8-67e1-430b-b7df-08cedf86e553,fUST,0.00016,2,1,222.04866817,offer,2026-09-18T17:47:01.463739+00:00
264bbdb8-67e1-430b-b7df-08cedf86e553,fUST,0.00016299,2,1,365.22332775,offer,2026-09-18T17:47:01.463739+00:00
264bbdb8-67e1-430b-b7df-08cedf86e553,fUST,0.000163,2,1,14464.05050526,offer,2026-09-18T17:47:01.463739+00:00
264bbdb8-67e1-430b-b7df-08cedf86e553,fUST,0.00016343,2,1,175.06883017,offer,2026-09-18T17:47:01.463739+00:00
264bbdb8-67e1-430b-b7df-08cedf86e553,fUST,0.00016821,2,1,744.22,offer,2026-09-18T17:47:01.463739+00:00
264bbdb8-67e1-430b-b7df-08cedf86e553,fUST,0.00016989,2,1,500.0,offer,2026-09-18T17:47:01.463739+00:00
264bbdb8-67e1-430b-b7df-08cedf86e553,fUST,0.00016990000000000004,3,2,849.21,offer,2026-09-18T17:47:01.463739+00:00
264bbdb8-67e1-430b-b7df-08cedf86e553,fUST,0.00016999,2,7,4721.1,offer,2026-09-18T17:47:01.463739+00:00
264bbdb8-67e1-430b-b7df-08cedf86e553,fUST,0.00017,2,6,116866.91019283,offer,2026-09-18T17:47:01.463739+00:00
264bbdb8-67e1-430b-b7df-08cedf86e553,fUST,0.00017073,2,1,14965.27446533,offer,2026-09-18T17:47:01.463739+00:00
264bbdb8-67e1-430b-b7df-08cedf86e553,fUST,0.0001724706,2,1,175.113367,offer,2026-09-18T17:47:01.463739+00:00
264bbdb8-67e1-430b-b7df-08cedf86e553,fUST,0.00017339,2,16,5100.0,offer,2026-09-18T17:47:01.463739+00:00
264bbdb8-67e1-430b-b7df-08cedf86e553,fUST,0.00017473,2,1,744.22,offer,2026-09-18T17:47:01.463739+00:00
264bbdb8-67e1-430b-b7df-08cedf86e553,fUST,0.00017847,2,1,15632.2910857,offer,2026-09-18T17:47:01.463739+00:00
264bbdb8-67e1-430b-b7df-08cedf86e553,fUST,0.00018125,2,1,744.22,offer,2026-09-18T17:47:01.463739+00:00
264bbdb8-67e1-430b-b7df-08cedf86e553,fUST,0.00018359863013698633,3,1,424.58,offer,2026-09-18T17:47:01.463739+00:00
264bbdb8-67e1-430b-b7df-08cedf86e553,fUST,0.00018365,2,3,1500.0,offer,2026-09-18T17:47:01.463739+00:00
264bbdb8-67e1-430b-b7df-08cedf86e553,fUST,0.00018456986301369863,2,1,609.41077096,offer,2026-09-18T17:47:01.463739+00:00
264bbdb8-67e1-430b-b7df-08cedf86e553,fUST,0.00018457114794520548,2,1,175.113367,offer,2026-09-18T17:47:01.463739+00:00
619d8d8f-9b2e-4c95-8774-50fda73d5853,fUST,0.0002671232876712329,120,1,-2249567.36943826,demand,2026-09-18T18:47:01.633706+00:00
619d8d8f-9b2e-4c95-8774-50fda73d5853,fUST,0.00025504109589041097,60,1,-2933341.04037141,demand,2026-09-18T18:47:01.633706+00:00
619d8d8f-9b2e-4c95-8774-50fda73d5853,fUST,0.0001601,29,1,-142663.924121,demand,2026-09-18T18:47:01.633706+00:00
619d8d8f-9b2e-4c95-8774-50fda73d5853,fUST,0.00016,60,18,-114200.828599,demand,2026-09-18T18:47:01.633706+00:00
619d8d8f-9b2e-4c95-8774-50fda73d5853,fUST,0.00016,30,1,-3277.4,demand,2026-09-18T18:47:01.633706+00:00
619d8d8f-9b2e-4c95-8774-50fda73d5853,fUST,0.000152,60,1,-28000.0,demand,2026-09-18T18:47:01.633706+00:00
619d8d8f-9b2e-4c95-8774-50fda73d5853,fUST,0.00015001,2,1,-1530352.63955881,demand,2026-09-18T18:47:01.633706+00:00
619d8d8f-9b2e-4c95-8774-50fda73d5853,fUST,0.00015,120,1,-300000.0,demand,2026-09-18T18:47:01.633706+00:00
619d8d8f-9b2e-4c95-8774-50fda73d5853,fUST,0.00015,45,23,-138668.928077,demand,2026-09-18T18:47:01.633706+00:00
619d8d8f-9b2e-4c95-8774-50fda73d5853,fUST,0.00015,2,2,-27000.0,demand,2026-09-18T18:47:01.633706+00:00
619d8d8f-9b2e-4c95-8774-50fda73d5853,fUST,0.0001421,45,1,-10000.0,demand,2026-09-18T18:47:01.633706+00:00
619d8d8f-9b2e-4c95-8774-50fda73d5853,fUST,0.000142,45,2,-20000.0,demand,2026-09-18T18:47:01.633706+00:00
619d8d8f-9b2e-4c95-8774-50fda73d5853,fUST,0.0001401,13,1,-99488.31479105,demand,2026-09-18T18:47:01.633706+00:00
619d8d8f-9b2e-4c95-8774-50fda73d5853,fUST,0.0001401,2,1,-2000000.0,demand,2026-09-18T18:47:01.633706+00:00
619d8d8f-9b2e-4c95-8774-50fda73d5853,fUST,0.00014000000000000001,2,1,-531002.20793183,demand,2026-09-18T18:47:01.633706+00:00
619d8d8f-9b2e-4c95-8774-50fda73d5853,fUST,0.00014,7,1,-10000.0,demand,2026-09-18T18:47:01.633706+00:00
619d8d8f-9b2e-4c95-8774-50fda73d5853,fUST,0.0001361,30,23,-93124.47696771,demand,2026-09-18T18:47:01.633706+00:00
619d8d8f-9b2e-4c95-8774-50fda73d5853,fUST,0.000136,30,2,-14544.22120933,demand,2026-09-18T18:47:01.633706+00:00
619d8d8f-9b2e-4c95-8774-50fda73d5853,fUST,0.000132,30,1,-28000.0,demand,2026-09-18T18:47:01.633706+00:00
619d8d8f-9b2e-4c95-8774-50fda73d5853,fUST,0.00013103,2,1,-285058.62536861,demand,2026-09-18T18:47:01.633706+00:00
619d8d8f-9b2e-4c95-8774-50fda73d5853,fUST,0.00013102,2,1,-366829.49373192,demand,2026-09-18T18:47:01.633706+00:00
619d8d8f-9b2e-4c95-8774-50fda73d5853,fUST,0.000131,2,3,-2576906.89108704,demand,2026-09-18T18:47:01.633706+00:00
619d8d8f-9b2e-4c95-8774-50fda73d5853,fUST,0.00013,2,1,-1000.0,demand,2026-09-18T18:47:01.633706+00:00
619d8d8f-9b2e-4c95-8774-50fda73d5853,fUST,0.00013,7,1,-1000.0,demand,2026-09-18T18:47:01.633706+00:00
619d8d8f-9b2e-4c95-8774-50fda73d5853,fUST,0.00013,5,1,-1000.0,demand,2026-09-18T18:47:01.633706+00:00
619d8d8f-9b2e-4c95-8774-50fda73d5853,fUST,0.00016703,2,1,200.0,offer,2026-09-18T18:47:01.633706+00:00
619d8d8f-9b2e-4c95-8774-50fda73d5853,fUST,0.00016993,2,1,3344.8041108,offer,2026-09-18T18:47:01.633706+00:00
619d8d8f-9b2e-4c95-8774-50fda73d5853,fUST,0.00017338,7,1,429.70890148,offer,2026-09-18T18:47:01.633706+00:00
619d8d8f-9b2e-4c95-8774-50fda73d5853,fUST,0.00017338,2,1,214.63,offer,2026-09-18T18:47:01.633706+00:00
619d8d8f-9b2e-4c95-8774-50fda73d5853,fUST,0.0001768476,7,1,429.70890148,offer,2026-09-18T18:47:01.633706+00:00
619d8d8f-9b2e-4c95-8774-50fda73d5853,fUST,0.00017703,2,1,178.74118882,offer,2026-09-18T18:47:01.633706+00:00
619d8d8f-9b2e-4c95-8774-50fda73d5853,fUST,0.0001819844,2,1,1050.7426875,offer,2026-09-18T18:47:01.633706+00:00
619d8d8f-9b2e-4c95-8774-50fda73d5853,fUST,0.000182049,7,1,429.70890148,offer,2026-09-18T18:47:01.633706+00:00
619d8d8f-9b2e-4c95-8774-50fda73d5853,fUST,0.0001824803,2,1,1092.5963827,offer,2026-09-18T18:47:01.633706+00:00
619d8d8f-9b2e-4c95-8774-50fda73d5853,fUST,0.0001841836,2,1,185.841811,offer,2026-09-18T18:47:01.633706+00:00
619d8d8f-9b2e-4c95-8774-50fda73d5853,fUST,0.0001851507,2,1,226.832362,offer,2026-09-18T18:47:01.633706+00:00
619d8d8f-9b2e-4c95-8774-50fda73d5853,fUST,0.00018723931506849315,2,5,2361.93609063,offer,2026-09-18T18:47:01.633706+00:00
619d8d8f-9b2e-4c95-8774-50fda73d5853,fUST,0.0001872504,7,1,429.70890148,offer,2026-09-18T18:47:01.633706+00:00
619d8d8f-9b2e-4c95-8774-50fda73d5853,fUST,0.00019072,2,1,214.63,offer,2026-09-18T18:47:01.633706+00:00
619d8d8f-9b2e-4c95-8774-50fda73d5853,fUST,0.00019198999999999998,2,1,165.75636694,offer,2026-09-18T18:47:01.633706+00:00
619d8d8f-9b2e-4c95-8774-50fda73d5853,fUST,0.00019241318278,2,1,294.59222361,offer,2026-09-18T18:47:01.633706+00:00
619d8d8f-9b2e-4c95-8774-50fda73d5853,fUST,0.00019252884830125338,2,2,381.51296912,offer,2026-09-18T18:47:01.633706+00:00
619d8d8f-9b2e-4c95-8774-50fda73d5853,fUST,0.00019388,2,2,1000.0,offer,2026-09-18T18:47:01.633706+00:00
619d8d8f-9b2e-4c95-8774-50fda73d5853,fUST,0.000193884,2,2,640.0,offer,2026-09-18T18:47:01.633706+00:00
619d8d8f-9b2e-4c95-8774-50fda73d5853,fUST,0.00019398630425435925,2,2,577.15472785,offer,2026-09-18T18:47:01.633706+00:00
619d8d8f-9b2e-4c95-8774-50fda73d5853,fUST,0.000194,2,1,156.19090538,offer,2026-09-18T18:47:01.633706+00:00
619d8d8f-9b2e-4c95-8774-50fda73d5853,fUST,0.00019418,2,1,500.0,offer,2026-09-18T18:47:01.633706+00:00
619d8d8f-9b2e-4c95-8774-50fda73d5853,fUST,0.00019418560000000003,7,1,429.70890152,offer,2026-09-18T18:47:01.633706+00:00
619d8d8f-9b2e-4c95-8774-50fda73d5853,fUST,0.00019580915068493151,2,9,3272.3121442,offer,2026-09-18T18:47:01.633706+00:00
619d8d8f-9b2e-4c95-8774-50fda73d5853,fUST,0.00019599,2,1,1141.05684399,offer,2026-09-18T18:47:01.633706+00:00
1c903e8a-6fbc-4214-b35c-c6d76bdb582d,fUST,0.0002671232876712329,120,1,-2025392.48531411,demand,2026-09-18T19:47:01.820728+00:00
1c903e8a-6fbc-4214-b35c-c6d76bdb582d,fUST,0.000254627397260274,60,1,-2932803.79847946,demand,2026-09-18T19:47:01.820728+00:00
1c903e8a-6fbc-4214-b35c-c6d76bdb582d,fUST,0.0001601,29,1,-142663.924121,demand,2026-09-18T19:47:01.820728+00:00
1c903e8a-6fbc-4214-b35c-c6d76bdb582d,fUST,0.00016,60,18,-114200.828599,demand,2026-09-18T19:47:01.820728+00:00
1c903e8a-6fbc-4214-b35c-c6d76bdb582d,fUST,0.00016,30,1,-3277.4,demand,2026-09-18T19:47:01.820728+00:00
1c903e8a-6fbc-4214-b35c-c6d76bdb582d,fUST,0.000152,60,1,-28000.0,demand,2026-09-18T19:47:01.820728+00:00
1c903e8a-6fbc-4214-b35c-c6d76bdb582d,fUST,0.00015001,2,1,-1529048.9124365,demand,2026-09-18T19:47:01.820728+00:00
1c903e8a-6fbc-4214-b35c-c6d76bdb582d,fUST,0.00015,120,1,-300000.0,demand,2026-09-18T19:47:01.820728+00:00
1c903e8a-6fbc-4214-b35c-c6d76bdb582d,fUST,0.00015,45,23,-138668.928077,demand,2026-09-18T19:47:01.820728+00:00
1c903e8a-6fbc-4214-b35c-c6d76bdb582d,fUST,0.00015,2,2,-27000.0,demand,2026-09-18T19:47:01.820728+00:00
1c903e8a-6fbc-4214-b35c-c6d76bdb582d,fUST,0.0001421,45,1,-10000.0,demand,2026-09-18T19:47:01.820728+00:00
1c903e8a-6fbc-4214-b35c-c6d76bdb582d,fUST,0.000142,45,2,-20000.0,demand,2026-09-18T19:47:01.820728+00:00
1c903e8a-6fbc-4214-b35c-c6d76bdb582d,fUST,0.0001401,13,1,-99488.31479105,demand,2026-09-18T19:47:01.820728+00:00
1c903e8a-6fbc-4214-b35c-c6d76bdb582d,fUST,0.0001401,2,1,-2000000.0,demand,2026-09-18T19:47:01.820728+00:00
1c903e8a-6fbc-4214-b35c-c6d76bdb582d,fUST,0.00014000000000000001,2,1,-531002.20793183,demand,2026-09-18T19:47:01.820728+00:00
1c903e8a-6fbc-4214-b35c-c6d76bdb582d,fUST,0.00014,7,1,-10000.0,demand,2026-09-18T19:47:01.820728+00:00
1c903e8a-6fbc-4214-b35c-c6d76bdb582d,fUST,0.0001361,30,23,-93124.47696771,demand,2026-09-18T19:47:01.820728+00:00
1c903e8a-6fbc-4214-b35c-c6d76bdb582d,fUST,0.000136,30,2,-14544.22120933,demand,2026-09-18T19:47:01.820728+00:00
1c903e8a-6fbc-4214-b35c-c6d76bdb582d,fUST,0.000132,30,1,-28000.0,demand,2026-09-18T19:47:01.820728+00:00
1c903e8a-6fbc-4214-b35c-c6d76bdb582d,fUST,0.00013103,2,1,-285058.62536861,demand,2026-09-18T19:47:01.820728+00:00
1c903e8a-6fbc-4214-b35c-c6d76bdb582d,fUST,0.00013102,2,1,-366829.49373192,demand,2026-09-18T19:47:01.820728+00:00
1c903e8a-6fbc-4214-b35c-c6d76bdb582d,fUST,0.000131,2,3,-2576906.89108704,demand,2026-09-18T19:47:01.820728+00:00
1c903e8a-6fbc-4214-b35c-c6d76bdb582d,fUST,0.00013,2,1,-1000.0,demand,2026-09-18T19:47:01.820728+00:00
1c903e8a-6fbc-4214-b35c-c6d76bdb582d,fUST,0.00013,7,1,-1000.0,demand,2026-09-18T19:47:01.820728+00:00
1c903e8a-6fbc-4214-b35c-c6d76bdb582d,fUST,0.00013,5,1,-1000.0,demand,2026-09-18T19:47:01.820728+00:00
1c903e8a-6fbc-4214-b35c-c6d76bdb582d,fUST,0.000150396435625,2,1,43.37769627,offer,2026-09-18T19:47:01.820728+00:00
1c903e8a-6fbc-4214-b35c-c6d76bdb582d,fUST,0.0001583120375,2,1,500.0,offer,2026-09-18T19:47:01.820728+00:00
1c903e8a-6fbc-4214-b35c-c6d76bdb582d,fUST,0.0001663125,2,1,196.253289,offer,2026-09-18T19:47:01.820728+00:00
1c903e8a-6fbc-4214-b35c-c6d76bdb582d,fUST,0.00016664425000000003,2,1,500.0,offer,2026-09-18T19:47:01.820728+00:00
1c903e8a-6fbc-4214-b35c-c6d76bdb582d,fUST,0.00016792,2,1,5000.0,offer,2026-09-18T19:47:01.820728+00:00
1c903e8a-6fbc-4214-b35c-c6d76bdb582d,fUST,0.00016962,2,6,2781.3351718,offer,2026-09-18T19:47:01.820728+00:00
1c903e8a-6fbc-4214-b35c-c6d76bdb582d,fUST,0.00016963,2,1,10406.46196825,offer,2026-09-18T19:47:01.820728+00:00
1c903e8a-6fbc-4214-b35c-c6d76bdb582d,fUST,0.00016978500000000002,7,1,279.62340881,offer,2026-09-18T19:47:01.820728+00:00
1c903e8a-6fbc-4214-b35c-c6d76bdb582d,fUST,0.0001754469,2,1,178.728066,offer,2026-09-18T19:47:01.820728+00:00
1c903e8a-6fbc-4214-b35c-c6d76bdb582d,fUST,0.00017898,2,1,10406.46196825,offer,2026-09-18T19:47:01.820728+00:00
1c903e8a-6fbc-4214-b35c-c6d76bdb582d,fUST,0.0001811,2,1,500.0,offer,2026-09-18T19:47:01.820728+00:00
1c903e8a-6fbc-4214-b35c-c6d76bdb582d,fUST,0.0001811,7,1,355.0,offer,2026-09-18T19:47:01.820728+00:00
1c903e8a-6fbc-4214-b35c-c6d76bdb582d,fUST,0.00018384,7,1,355.0,offer,2026-09-18T19:47:01.820728+00:00
1c903e8a-6fbc-4214-b35c-c6d76bdb582d,fUST,0.00018658,7,1,355.0,offer,2026-09-18T19:47:01.820728+00:00
1c903e8a-6fbc-4214-b35c-c6d76bdb582d,fUST,0.0001867911,2,1,4754.972331,offer,2026-09-18T19:47:01.820728+00:00
1c903e8a-6fbc-4214-b35c-c6d76bdb582d,fUST,0.0001870161344,2,1,164.60568423,offer,2026-09-18T19:47:01.820728+00:00
1c903e8a-6fbc-4214-b35c-c6d76bdb582d,fUST,0.0001870261344,2,1,2722.7342094,offer,2026-09-18T19:47:01.820728+00:00
1c903e8a-6fbc-4214-b35c-c6d76bdb582d,fUST,0.00018834,2,1,10740.91181504,offer,2026-09-18T19:47:01.820728+00:00
1c903e8a-6fbc-4214-b35c-c6d76bdb582d,fUST,0.00018932,7,1,355.0,offer,2026-09-18T19:47:01.820728+00:00
1c903e8a-6fbc-4214-b35c-c6d76bdb582d,fUST,0.00018991766666666662,2,1,159.93945485,offer,2026-09-18T19:47:01.820728+00:00
1c903e8a-6fbc-4214-b35c-c6d76bdb582d,fUST,0.00019051,2,14,4200.0,offer,2026-09-18T19:47:01.820728+00:00
1c903e8a-6fbc-4214-b35c-c6d76bdb582d,fUST,0.00019198999999999998,2,1,181.50479931,offer,2026-09-18T19:47:01.820728+00:00
1c903e8a-6fbc-4214-b35c-c6d76bdb582d,fUST,0.000192,2,1,263.85902893,offer,2026-09-18T19:47:01.820728+00:00
1c903e8a-6fbc-4214-b35c-c6d76bdb582d,fUST,0.00019206,7,1,355.0,offer,2026-09-18T19:47:01.820728+00:00
1c903e8a-6fbc-4214-b35c-c6d76bdb582d,fUST,0.0001921,2,1,600.0,offer,2026-09-18T19:47:01.820728+00:00
500e2dfb-d6db-44b9-99d4-583d6a7dffbd,fUST,0.0002671232876712329,120,1,-1997436.88129273,demand,2026-09-18T20:47:01.805800+00:00
500e2dfb-d6db-44b9-99d4-583d6a7dffbd,fUST,0.0002549424657534247,60,1,-2932803.79847946,demand,2026-09-18T20:47:01.805800+00:00
500e2dfb-d6db-44b9-99d4-583d6a7dffbd,fUST,0.0001601,29,1,-142663.924121,demand,2026-09-18T20:47:01.805800+00:00
500e2dfb-d6db-44b9-99d4-583d6a7dffbd,fUST,0.00016,60,18,-114200.828599,demand,2026-09-18T20:47:01.805800+00:00
500e2dfb-d6db-44b9-99d4-583d6a7dffbd,fUST,0.00016,30,1,-3277.4,demand,2026-09-18T20:47:01.805800+00:00
500e2dfb-d6db-44b9-99d4-583d6a7dffbd,fUST,0.000152,60,1,-28000.0,demand,2026-09-18T20:47:01.805800+00:00
500e2dfb-d6db-44b9-99d4-583d6a7dffbd,fUST,0.00015001,2,1,-1458432.63937437,demand,2026-09-18T20:47:01.805800+00:00
500e2dfb-d6db-44b9-99d4-583d6a7dffbd,fUST,0.00015,120,1,-300000.0,demand,2026-09-18T20:47:01.805800+00:00
500e2dfb-d6db-44b9-99d4-583d6a7dffbd,fUST,0.00015,45,23,-138668.928077,demand,2026-09-18T20:47:01.805800+00:00
500e2dfb-d6db-44b9-99d4-583d6a7dffbd,fUST,0.00015,2,2,-27000.0,demand,2026-09-18T20:47:01.805800+00:00
500e2dfb-d6db-44b9-99d4-583d6a7dffbd,fUST,0.0001421,45,1,-10000.0,demand,2026-09-18T20:47:01.805800+00:00
500e2dfb-d6db-44b9-99d4-583d6a7dffbd,fUST,0.000142,45,2,-20000.0,demand,2026-09-18T20:47:01.805800+00:00
500e2dfb-d6db-44b9-99d4-583d6a7dffbd,fUST,0.0001401,13,1,-99488.31479105,demand,2026-09-18T20:47:01.805800+00:00
500e2dfb-d6db-44b9-99d4-583d6a7dffbd,fUST,0.0001401,2,1,-2000000.0,demand,2026-09-18T20:47:01.805800+00:00
500e2dfb-d6db-44b9-99d4-583d6a7dffbd,fUST,0.00014000000000000001,2,1,-531002.20793183,demand,2026-09-18T20:47:01.805800+00:00
500e2dfb-d6db-44b9-99d4-583d6a7dffbd,fUST,0.00014,7,1,-10000.0,demand,2026-09-18T20:47:01.805800+00:00
500e2dfb-d6db-44b9-99d4-583d6a7dffbd,fUST,0.0001361,30,23,-93124.47696771,demand,2026-09-18T20:47:01.805800+00:00
500e2dfb-d6db-44b9-99d4-583d6a7dffbd,fUST,0.000136,30,2,-14544.22120933,demand,2026-09-18T20:47:01.805800+00:00
500e2dfb-d6db-44b9-99d4-583d6a7dffbd,fUST,0.000132,30,1,-28000.0,demand,2026-09-18T20:47:01.805800+00:00
500e2dfb-d6db-44b9-99d4-583d6a7dffbd,fUST,0.00013103,2,1,-285058.62536861,demand,2026-09-18T20:47:01.805800+00:00
500e2dfb-d6db-44b9-99d4-583d6a7dffbd,fUST,0.00013102,2,1,-366829.49373192,demand,2026-09-18T20:47:01.805800+00:00
500e2dfb-d6db-44b9-99d4-583d6a7dffbd,fUST,0.000131,2,3,-2576906.89108704,demand,2026-09-18T20:47:01.805800+00:00
500e2dfb-d6db-44b9-99d4-583d6a7dffbd,fUST,0.00013,2,1,-1000.0,demand,2026-09-18T20:47:01.805800+00:00
500e2dfb-d6db-44b9-99d4-583d6a7dffbd,fUST,0.00013,7,1,-1000.0,demand,2026-09-18T20:47:01.805800+00:00
500e2dfb-d6db-44b9-99d4-583d6a7dffbd,fUST,0.00013,5,1,-1000.0,demand,2026-09-18T20:47:01.805800+00:00
500e2dfb-d6db-44b9-99d4-583d6a7dffbd,fUST,0.00015283,2,1,254.36,offer,2026-09-18T20:47:01.805800+00:00
500e2dfb-d6db-44b9-99d4-583d6a7dffbd,fUST,0.00015975,2,1,500.0,offer,2026-09-18T20:47:01.805800+00:00
500e2dfb-d6db-44b9-99d4-583d6a7dffbd,fUST,0.00016664,2,6,1800.0,offer,2026-09-18T20:47:01.805800+00:00
500e2dfb-d6db-44b9-99d4-583d6a7dffbd,fUST,0.0001697252,2,1,183.695716,offer,2026-09-18T20:47:01.805800+00:00
500e2dfb-d6db-44b9-99d4-583d6a7dffbd,fUST,0.0001706327,2,1,151.0,offer,2026-09-18T20:47:01.805800+00:00
500e2dfb-d6db-44b9-99d4-583d6a7dffbd,fUST,0.0001729318,2,1,186.848836,offer,2026-09-18T20:47:01.805800+00:00
500e2dfb-d6db-44b9-99d4-583d6a7dffbd,fUST,0.00017362,2,3,1222.38102252,offer,2026-09-18T20:47:01.805800+00:00
500e2dfb-d6db-44b9-99d4-583d6a7dffbd,fUST,0.00017362,7,1,355.0,offer,2026-09-18T20:47:01.805800+00:00
500e2dfb-d6db-44b9-99d4-583d6a7dffbd,fUST,0.0001737652,2,1,223.069921,offer,2026-09-18T20:47:01.805800+00:00
500e2dfb-d6db-44b9-99d4-583d6a7dffbd,fUST,0.00017636,7,1,355.0,offer,2026-09-18T20:47:01.805800+00:00
500e2dfb-d6db-44b9-99d4-583d6a7dffbd,fUST,0.00017732,2,2,9750.97748281,offer,2026-09-18T20:47:01.805800+00:00
500e2dfb-d6db-44b9-99d4-583d6a7dffbd,fUST,0.0001791,7,1,355.0,offer,2026-09-18T20:47:01.805800+00:00
500e2dfb-d6db-44b9-99d4-583d6a7dffbd,fUST,0.00018184,7,1,355.0,offer,2026-09-18T20:47:01.805800+00:00
500e2dfb-d6db-44b9-99d4-583d6a7dffbd,fUST,0.00018198,2,1,219.30434545,offer,2026-09-18T20:47:01.805800+00:00
500e2dfb-d6db-44b9-99d4-583d6a7dffbd,fUST,0.00018386,2,3,1500.0,offer,2026-09-18T20:47:01.805800+00:00
500e2dfb-d6db-44b9-99d4-583d6a7dffbd,fUST,0.00018387,2,9,4500.0,offer,2026-09-18T20:47:01.805800+00:00
500e2dfb-d6db-44b9-99d4-583d6a7dffbd,fUST,0.00018458,7,1,355.0,offer,2026-09-18T20:47:01.805800+00:00
500e2dfb-d6db-44b9-99d4-583d6a7dffbd,fUST,0.00018631,2,1,9597.41016343,offer,2026-09-18T20:47:01.805800+00:00
500e2dfb-d6db-44b9-99d4-583d6a7dffbd,fUST,0.00018732,7,1,488.79108234,offer,2026-09-18T20:47:01.805800+00:00
500e2dfb-d6db-44b9-99d4-583d6a7dffbd,fUST,0.0001879869762,2,1,280.003403,offer,2026-09-18T20:47:01.805800+00:00
500e2dfb-d6db-44b9-99d4-583d6a7dffbd,fUST,0.00018799,2,2,713.74562871,offer,2026-09-18T20:47:01.805800+00:00
500e2dfb-d6db-44b9-99d4-583d6a7dffbd,fUST,0.000188,2,1,9081.73522573,offer,2026-09-18T20:47:01.805800+00:00
500e2dfb-d6db-44b9-99d4-583d6a7dffbd,fUST,0.00018997,2,3,1500.0,offer,2026-09-18T20:47:01.805800+00:00
500e2dfb-d6db-44b9-99d4-583d6a7dffbd,fUST,0.00018998,2,2,56280.0430625,offer,2026-09-18T20:47:01.805800+00:00
500e2dfb-d6db-44b9-99d4-583d6a7dffbd,fUST,0.00018998099999999998,2,7,2082.1919824,offer,2026-09-18T20:47:01.805800+00:00
97d088ed-5abf-4b19-be22-3deeb257c3cc,fUST,0.0002671232876712329,120,1,-1985809.36095205,demand,2026-09-18T21:47:01.728349+00:00
97d088ed-5abf-4b19-be22-3deeb257c3cc,fUST,0.0002550876712328767,60,1,-2932550.51617235,demand,2026-09-18T21:47:01.728349+00:00
97d088ed-5abf-4b19-be22-3deeb257c3cc,fUST,0.0001601,29,1,-142663.924121,demand,2026-09-18T21:47:01.728349+00:00
97d088ed-5abf-4b19-be22-3deeb257c3cc,fUST,0.00016,60,18,-114200.828599,demand,2026-09-18T21:47:01.728349+00:00
97d088ed-5abf-4b19-be22-3deeb257c3cc,fUST,0.00016,30,1,-3277.4,demand,2026-09-18T21:47:01.728349+00:00
97d088ed-5abf-4b19-be22-3deeb257c3cc,fUST,0.000152,60,1,-28000.0,demand,2026-09-18T21:47:01.728349+00:00
97d088ed-5abf-4b19-be22-3deeb257c3cc,fUST,0.00015001,2,1,-1425811.0547069,demand,2026-09-18T21:47:01.728349+00:00
97d088ed-5abf-4b19-be22-3deeb257c3cc,fUST,0.00015,120,1,-300000.0,demand,2026-09-18T21:47:01.728349+00:00
97d088ed-5abf-4b19-be22-3deeb257c3cc,fUST,0.00015,45,23,-138668.928077,demand,2026-09-18T21:47:01.728349+00:00
97d088ed-5abf-4b19-be22-3deeb257c3cc,fUST,0.00015,2,2,-27000.0,demand,2026-09-18T21:47:01.728349+00:00
97d088ed-5abf-4b19-be22-3deeb257c3cc,fUST,0.0001421,45,1,-10000.0,demand,2026-09-18T21:47:01.728349+00:00
97d088ed-5abf-4b19-be22-3deeb257c3cc,fUST,0.000142,45,2,-20000.0,demand,2026-09-18T21:47:01.728349+00:00
97d088ed-5abf-4b19-be22-3deeb257c3cc,fUST,0.00014099999999999998,2,1,-531002.20793183,demand,2026-09-18T21:47:01.728349+00:00
97d088ed-5abf-4b19-be22-3deeb257c3cc,fUST,0.0001401,13,1,-99488.31479105,demand,2026-09-18T21:47:01.728349+00:00
97d088ed-5abf-4b19-be22-3deeb257c3cc,fUST,0.0001401,2,1,-2000000.0,demand,2026-09-18T21:47:01.728349+00:00
97d088ed-5abf-4b19-be22-3deeb257c3cc,fUST,0.00014,7,1,-10000.0,demand,2026-09-18T21:47:01.728349+00:00
97d088ed-5abf-4b19-be22-3deeb257c3cc,fUST,0.0001361,30,23,-93124.47696771,demand,2026-09-18T21:47:01.728349+00:00
97d088ed-5abf-4b19-be22-3deeb257c3cc,fUST,0.000136,30,2,-14544.22120933,demand,2026-09-18T21:47:01.728349+00:00
97d088ed-5abf-4b19-be22-3deeb257c3cc,fUST,0.000132,30,1,-28000.0,demand,2026-09-18T21:47:01.728349+00:00
97d088ed-5abf-4b19-be22-3deeb257c3cc,fUST,0.00013103,2,1,-285058.62536861,demand,2026-09-18T21:47:01.728349+00:00
97d088ed-5abf-4b19-be22-3deeb257c3cc,fUST,0.00013102,2,1,-366829.49373192,demand,2026-09-18T21:47:01.728349+00:00
97d088ed-5abf-4b19-be22-3deeb257c3cc,fUST,0.000131,2,3,-2576906.89108704,demand,2026-09-18T21:47:01.728349+00:00
97d088ed-5abf-4b19-be22-3deeb257c3cc,fUST,0.00013,2,1,-1000.0,demand,2026-09-18T21:47:01.728349+00:00
97d088ed-5abf-4b19-be22-3deeb257c3cc,fUST,0.00013,7,1,-1000.0,demand,2026-09-18T21:47:01.728349+00:00
97d088ed-5abf-4b19-be22-3deeb257c3cc,fUST,0.00013,5,1,-1000.0,demand,2026-09-18T21:47:01.728349+00:00
97d088ed-5abf-4b19-be22-3deeb257c3cc,fUST,0.00015361,2,1,5000.0,offer,2026-09-18T21:47:01.728349+00:00
97d088ed-5abf-4b19-be22-3deeb257c3cc,fUST,0.000154,2,1,200.0,offer,2026-09-18T21:47:01.728349+00:00
97d088ed-5abf-4b19-be22-3deeb257c3cc,fUST,0.0001583120375,2,1,500.0,offer,2026-09-18T21:47:01.728349+00:00
97d088ed-5abf-4b19-be22-3deeb257c3cc,fUST,0.0001595,5,1,203.38190315,offer,2026-09-18T21:47:01.728349+00:00
97d088ed-5abf-4b19-be22-3deeb257c3cc,fUST,0.00016516,2,1,226.51228024,offer,2026-09-18T21:47:01.728349+00:00
97d088ed-5abf-4b19-be22-3deeb257c3cc,fUST,0.00016664425000000003,2,1,500.0,offer,2026-09-18T21:47:01.728349+00:00
97d088ed-5abf-4b19-be22-3deeb257c3cc,fUST,0.00017,2,1,2076.942222,offer,2026-09-18T21:47:01.728349+00:00
97d088ed-5abf-4b19-be22-3deeb257c3cc,fUST,0.0001746124,2,1,205.4046496,offer,2026-09-18T21:47:01.728349+00:00
97d088ed-5abf-4b19-be22-3deeb257c3cc,fUST,0.0001757906,2,1,183.695719,offer,2026-09-18T21:47:01.728349+00:00
97d088ed-5abf-4b19-be22-3deeb257c3cc,fUST,0.00018567927118644064,2,2,658.31888254,offer,2026-09-18T21:47:01.728349+00:00
97d088ed-5abf-4b19-be22-3deeb257c3cc,fUST,0.000187731,7,1,219.41503826,offer,2026-09-18T21:47:01.728349+00:00
97d088ed-5abf-4b19-be22-3deeb257c3cc,fUST,0.00018841927118644065,2,1,158.31888254,offer,2026-09-18T21:47:01.728349+00:00
97d088ed-5abf-4b19-be22-3deeb257c3cc,fUST,0.00018938,2,6,1800.0,offer,2026-09-18T21:47:01.728349+00:00
97d088ed-5abf-4b19-be22-3deeb257c3cc,fUST,0.00018986601200000002,2,3,877.35481247,offer,2026-09-18T21:47:01.728349+00:00
97d088ed-5abf-4b19-be22-3deeb257c3cc,fUST,0.0001899511665904704,2,4,958.66769697,offer,2026-09-18T21:47:01.728349+00:00
97d088ed-5abf-4b19-be22-3deeb257c3cc,fUST,0.00018996,2,1,500.0,offer,2026-09-18T21:47:01.728349+00:00
97d088ed-5abf-4b19-be22-3deeb257c3cc,fUST,0.00018997,2,3,2213.70885322,offer,2026-09-18T21:47:01.728349+00:00
97d088ed-5abf-4b19-be22-3deeb257c3cc,fUST,0.00018998,2,1,17336.36317166,offer,2026-09-18T21:47:01.728349+00:00
97d088ed-5abf-4b19-be22-3deeb257c3cc,fUST,0.00019115927118644064,2,2,658.31888254,offer,2026-09-18T21:47:01.728349+00:00
97d088ed-5abf-4b19-be22-3deeb257c3cc,fUST,0.00019178,2,1,500.0,offer,2026-09-18T21:47:01.728349+00:00
97d088ed-5abf-4b19-be22-3deeb257c3cc,fUST,0.00019339503750000003,2,1,500.0,offer,2026-09-18T21:47:01.728349+00:00
97d088ed-5abf-4b19-be22-3deeb257c3cc,fUST,0.00019389927118644063,2,1,158.31888254,offer,2026-09-18T21:47:01.728349+00:00
97d088ed-5abf-4b19-be22-3deeb257c3cc,fUST,0.00019403,2,1,1111.26904438,offer,2026-09-18T21:47:01.728349+00:00
97d088ed-5abf-4b19-be22-3deeb257c3cc,fUST,0.00019498,2,5,2133.60590824,offer,2026-09-18T21:47:01.728349+00:00
97d088ed-5abf-4b19-be22-3deeb257c3cc,fUST,0.00019498,7,1,355.0,offer,2026-09-18T21:47:01.728349+00:00
f53cd049-fb51-44f5-8543-d12f03845327,fUST,0.0002671232876712329,120,1,-1970520.76272154,demand,2026-09-18T22:47:02.068805+00:00
f53cd049-fb51-44f5-8543-d12f03845327,fUST,0.0002547205479452055,60,1,-2932344.4253079,demand,2026-09-18T22:47:02.068805+00:00
f53cd049-fb51-44f5-8543-d12f03845327,fUST,0.0001601,29,1,-142663.924121,demand,2026-09-18T22:47:02.068805+00:00
f53cd049-fb51-44f5-8543-d12f03845327,fUST,0.00016,60,18,-114200.828599,demand,2026-09-18T22:47:02.068805+00:00
f53cd049-fb51-44f5-8543-d12f03845327,fUST,0.00016,30,1,-3277.4,demand,2026-09-18T22:47:02.068805+00:00
f53cd049-fb51-44f5-8543-d12f03845327,fUST,0.000152,60,1,-28000.0,demand,2026-09-18T22:47:02.068805+00:00
f53cd049-fb51-44f5-8543-d12f03845327,fUST,0.00015001,2,1,-1412392.05919396,demand,2026-09-18T22:47:02.068805+00:00
f53cd049-fb51-44f5-8543-d12f03845327,fUST,0.00015,120,1,-300000.0,demand,2026-09-18T22:47:02.068805+00:00
f53cd049-fb51-44f5-8543-d12f03845327,fUST,0.00015,45,23,-138668.928077,demand,2026-09-18T22:47:02.068805+00:00
f53cd049-fb51-44f5-8543-d12f03845327,fUST,0.00015,2,2,-27000.0,demand,2026-09-18T22:47:02.068805+00:00
f53cd049-fb51-44f5-8543-d12f03845327,fUST,0.0001421,45,1,-10000.0,demand,2026-09-18T22:47:02.068805+00:00
f53cd049-fb51-44f5-8543-d12f03845327,fUST,0.000142,45,2,-20000.0,demand,2026-09-18T22:47:02.068805+00:00
f53cd049-fb51-44f5-8543-d12f03845327,fUST,0.00014099999999999998,2,1,-531002.20793183,demand,2026-09-18T22:47:02.068805+00:00
f53cd049-fb51-44f5-8543-d12f03845327,fUST,0.0001401,13,1,-99488.31479105,demand,2026-09-18T22:47:02.068805+00:00
f53cd049-fb51-44f5-8543-d12f03845327,fUST,0.0001401,2,1,-2000000.0,demand,2026-09-18T22:47:02.068805+00:00
f53cd049-fb51-44f5-8543-d12f03845327,fUST,0.00014,7,1,-10000.0,demand,2026-09-18T22:47:02.068805+00:00
f53cd049-fb51-44f5-8543-d12f03845327,fUST,0.0001361,30,23,-93124.47696771,demand,2026-09-18T22:47:02.068805+00:00
f53cd049-fb51-44f5-8543-d12f03845327,fUST,0.000136,30,2,-14544.22120933,demand,2026-09-18T22:47:02.068805+00:00
f53cd049-fb51-44f5-8543-d12f03845327,fUST,0.000132,30,1,-28000.0,demand,2026-09-18T22:47:02.068805+00:00
f53cd049-fb51-44f5-8543-d12f03845327,fUST,0.00013103,2,1,-285058.62536861,demand,2026-09-18T22:47:02.068805+00:00
f53cd049-fb51-44f5-8543-d12f03845327,fUST,0.00013102,2,1,-366829.49373192,demand,2026-09-18T22:47:02.068805+00:00
f53cd049-fb51-44f5-8543-d12f03845327,fUST,0.000131,2,3,-2576906.89108704,demand,2026-09-18T22:47:02.068805+00:00
f53cd049-fb51-44f5-8543-d12f03845327,fUST,0.00013,2,1,-1000.0,demand,2026-09-18T22:47:02.068805+00:00
f53cd049-fb51-44f5-8543-d12f03845327,fUST,0.00013,7,1,-1000.0,demand,2026-09-18T22:47:02.068805+00:00
f53cd049-fb51-44f5-8543-d12f03845327,fUST,0.00013,5,1,-1000.0,demand,2026-09-18T22:47:02.068805+00:00
f53cd049-fb51-44f5-8543-d12f03845327,fUST,0.0001878429,2,1,260.064097,offer,2026-09-18T22:47:02.068805+00:00
f53cd049-fb51-44f5-8543-d12f03845327,fUST,0.00018927671234,2,1,348.1664074,offer,2026-09-18T22:47:02.068805+00:00
f53cd049-fb51-44f5-8543-d12f03845327,fUST,0.00019515659443332677,2,4,897.15472785,offer,2026-09-18T22:47:02.068805+00:00
f53cd049-fb51-44f5-8543-d12f03845327,fUST,0.00019536472424816362,2,1,221.51296912,offer,2026-09-18T22:47:02.068805+00:00
f53cd049-fb51-44f5-8543-d12f03845327,fUST,0.0001954732739726027,2,2,363.55736374,offer,2026-09-18T22:47:02.068805+00:00
f53cd049-fb51-44f5-8543-d12f03845327,fUST,0.00019549,2,1,202.15,offer,2026-09-18T22:47:02.068805+00:00
f53cd049-fb51-44f5-8543-d12f03845327,fUST,0.00019549617465753426,2,10,3123.14093885,offer,2026-09-18T22:47:02.068805+00:00
f53cd049-fb51-44f5-8543-d12f03845327,fUST,0.00019552161986301366,2,1,353.28091147,offer,2026-09-18T22:47:02.068805+00:00
f53cd049-fb51-44f5-8543-d12f03845327,fUST,0.00019741643837,2,1,467.353345,offer,2026-09-18T22:47:02.068805+00:00
f53cd049-fb51-44f5-8543-d12f03845327,fUST,0.00019749041097,2,2,881.6711333,offer,2026-09-18T22:47:02.068805+00:00
f53cd049-fb51-44f5-8543-d12f03845327,fUST,0.0001974931507,2,4,1630.9957907,offer,2026-09-18T22:47:02.068805+00:00
f53cd049-fb51-44f5-8543-d12f03845327,fUST,0.00019749589042,2,3,1402.1183134,offer,2026-09-18T22:47:02.068805+00:00
f53cd049-fb51-44f5-8543-d12f03845327,fUST,0.00019749863015,2,4,1631.010355,offer,2026-09-18T22:47:02.068805+00:00
f53cd049-fb51-44f5-8543-d12f03845327,fUST,0.00019798,2,1,238.00889879,offer,2026-09-18T22:47:02.068805+00:00
f53cd049-fb51-44f5-8543-d12f03845327,fUST,0.00019799,2,2,4715.69555743,offer,2026-09-18T22:47:02.068805+00:00
f53cd049-fb51-44f5-8543-d12f03845327,fUST,0.00019899,2,1,379.8547105,offer,2026-09-18T22:47:02.068805+00:00
f53cd049-fb51-44f5-8543-d12f03845327,fUST,0.000199,2,1,1000.0,offer,2026-09-18T22:47:02.068805+00:00
f53cd049-fb51-44f5-8543-d12f03845327,fUST,0.000199081,2,2,715.732,offer,2026-09-18T22:47:02.068805+00:00
f53cd049-fb51-44f5-8543-d12f03845327,fUST,0.000199870006,2,1,228.12949288,offer,2026-09-18T22:47:02.068805+00:00
f53cd049-fb51-44f5-8543-d12f03845327,fUST,0.00019989,3,1,587.68,offer,2026-09-18T22:47:02.068805+00:00
f53cd049-fb51-44f5-8543-d12f03845327,fUST,0.00019998,2,3,1200.0,offer,2026-09-18T22:47:02.068805+00:00
f53cd049-fb51-44f5-8543-d12f03845327,fUST,0.00019999,2,11,434065.30502349,offer,2026-09-18T22:47:02.068805+00:00
f53cd049-fb51-44f5-8543-d12f03845327,fUST,0.0002,15,1,7206481.23780292,offer,2026-09-18T22:47:02.068805+00:00
f53cd049-fb51-44f5-8543-d12f03845327,fUST,0.0002,10,4,18213.51789951,offer,2026-09-18T22:47:02.068805+00:00
f53cd049-fb51-44f5-8543-d12f03845327,fUST,0.0002,2,45,186003.20501725,offer,2026-09-18T22:47:02.068805+00:00
6c13a1a4-5030-4aa3-946f-888ed9db265e,fUST,0.0002671232876712329,120,1,-1969374.08272154,demand,2026-09-18T23:47:01.724811+00:00
6c13a1a4-5030-4aa3-946f-888ed9db265e,fUST,0.0002546821917808219,60,1,-2932344.4253079,demand,2026-09-18T23:47:01.724811+00:00
6c13a1a4-5030-4aa3-946f-888ed9db265e,fUST,0.0001601,29,1,-142663.924121,demand,2026-09-18T23:47:01.724811+00:00
6c13a1a4-5030-4aa3-946f-888ed9db265e,fUST,0.00016,60,18,-114200.828599,demand,2026-09-18T23:47:01.724811+00:00
6c13a1a4-5030-4aa3-946f-888ed9db265e,fUST,0.00016,30,1,-3277.4,demand,2026-09-18T23:47:01.724811+00:00
6c13a1a4-5030-4aa3-946f-888ed9db265e,fUST,0.000152,60,1,-28000.0,demand,2026-09-18T23:47:01.724811+00:00
6c13a1a4-5030-4aa3-946f-888ed9db265e,fUST,0.00015001,2,1,-1406191.0188706,demand,2026-09-18T23:47:01.724811+00:00
6c13a1a4-5030-4aa3-946f-888ed9db265e,fUST,0.00015,120,1,-300000.0,demand,2026-09-18T23:47:01.724811+00:00
6c13a1a4-5030-4aa3-946f-888ed9db265e,fUST,0.00015,45,23,-138668.928077,demand,2026-09-18T23:47:01.724811+00:00
6c13a1a4-5030-4aa3-946f-888ed9db265e,fUST,0.00015,2,2,-27000.0,demand,2026-09-18T23:47:01.724811+00:00
6c13a1a4-5030-4aa3-946f-888ed9db265e,fUST,0.0001421,45,1,-10000.0,demand,2026-09-18T23:47:01.724811+00:00
6c13a1a4-5030-4aa3-946f-888ed9db265e,fUST,0.000142,45,2,-20000.0,demand,2026-09-18T23:47:01.724811+00:00
6c13a1a4-5030-4aa3-946f-888ed9db265e,fUST,0.00014099999999999998,2,1,-531002.20793183,demand,2026-09-18T23:47:01.724811+00:00
6c13a1a4-5030-4aa3-946f-888ed9db265e,fUST,0.0001401,13,1,-99488.31479105,demand,2026-09-18T23:47:01.724811+00:00
6c13a1a4-5030-4aa3-946f-888ed9db265e,fUST,0.0001401,2,1,-2000000.0,demand,2026-09-18T23:47:01.724811+00:00
6c13a1a4-5030-4aa3-946f-888ed9db265e,fUST,0.00014,7,1,-10000.0,demand,2026-09-18T23:47:01.724811+00:00
6c13a1a4-5030-4aa3-946f-888ed9db265e,fUST,0.0001361,30,23,-93124.47696771,demand,2026-09-18T23:47:01.724811+00:00
6c13a1a4-5030-4aa3-946f-888ed9db265e,fUST,0.000136,30,2,-14544.22120933,demand,2026-09-18T23:47:01.724811+00:00
6c13a1a4-5030-4aa3-946f-888ed9db265e,fUST,0.000132,30,1,-28000.0,demand,2026-09-18T23:47:01.724811+00:00
6c13a1a4-5030-4aa3-946f-888ed9db265e,fUST,0.00013103,2,1,-285058.62536861,demand,2026-09-18T23:47:01.724811+00:00
6c13a1a4-5030-4aa3-946f-888ed9db265e,fUST,0.00013102,2,1,-366829.49373192,demand,2026-09-18T23:47:01.724811+00:00
6c13a1a4-5030-4aa3-946f-888ed9db265e,fUST,0.000131,2,3,-2576906.89108704,demand,2026-09-18T23:47:01.724811+00:00
6c13a1a4-5030-4aa3-946f-888ed9db265e,fUST,0.00013,2,1,-1000.0,demand,2026-09-18T23:47:01.724811+00:00
6c13a1a4-5030-4aa3-946f-888ed9db265e,fUST,0.00013,7,1,-1000.0,demand,2026-09-18T23:47:01.724811+00:00
6c13a1a4-5030-4aa3-946f-888ed9db265e,fUST,0.00013,5,1,-1000.0,demand,2026-09-18T23:47:01.724811+00:00
6c13a1a4-5030-4aa3-946f-888ed9db265e,fUST,0.00016339,2,1,5000.0,offer,2026-09-18T23:47:01.724811+00:00
6c13a1a4-5030-4aa3-946f-888ed9db265e,fUST,0.00016504,2,1,892.25504462,offer,2026-09-18T23:47:01.724811+00:00
6c13a1a4-5030-4aa3-946f-888ed9db265e,fUST,0.00016671,2,1,5000.0,offer,2026-09-18T23:47:01.724811+00:00
6c13a1a4-5030-4aa3-946f-888ed9db265e,fUST,0.00018980649364756802,2,1,417.15472785,offer,2026-09-18T23:47:01.724811+00:00
6c13a1a4-5030-4aa3-946f-888ed9db265e,fUST,0.00018990975506326757,2,1,221.51296912,offer,2026-09-18T23:47:01.724811+00:00
6c13a1a4-5030-4aa3-946f-888ed9db265e,fUST,0.00019178,2,4,12448.38,offer,2026-09-18T23:47:01.724811+00:00
6c13a1a4-5030-4aa3-946f-888ed9db265e,fUST,0.00019365756438356166,7,1,796.87,offer,2026-09-18T23:47:01.724811+00:00
6c13a1a4-5030-4aa3-946f-888ed9db265e,fUST,0.00019376440467271311,2,1,160.0,offer,2026-09-18T23:47:01.724811+00:00
6c13a1a4-5030-4aa3-946f-888ed9db265e,fUST,0.00019544019520547945,2,1,157.26777115,offer,2026-09-18T23:47:01.724811+00:00
6c13a1a4-5030-4aa3-946f-888ed9db265e,fUST,0.0001954554623287671,2,5,1353.82673004,offer,2026-09-18T23:47:01.724811+00:00
6c13a1a4-5030-4aa3-946f-888ed9db265e,fUST,0.00019545800684931509,2,1,160.47559286,offer,2026-09-18T23:47:01.724811+00:00
6c13a1a4-5030-4aa3-946f-888ed9db265e,fUST,0.00019905,2,16,14581.9,offer,2026-09-18T23:47:01.724811+00:00
6c13a1a4-5030-4aa3-946f-888ed9db265e,fUST,0.00019906,2,9,81187.96376172,offer,2026-09-18T23:47:01.724811+00:00
6c13a1a4-5030-4aa3-946f-888ed9db265e,fUST,0.00019908,2,2,640.0,offer,2026-09-18T23:47:01.724811+00:00
6c13a1a4-5030-4aa3-946f-888ed9db265e,fUST,0.000199870006,2,1,195.59252396,offer,2026-09-18T23:47:01.724811+00:00
6c13a1a4-5030-4aa3-946f-888ed9db265e,fUST,0.00019995,2,8,6194.02,offer,2026-09-18T23:47:01.724811+00:00
6c13a1a4-5030-4aa3-946f-888ed9db265e,fUST,0.00019996,2,100,96620.1707721,offer,2026-09-18T23:47:01.724811+00:00
6c13a1a4-5030-4aa3-946f-888ed9db265e,fUST,0.00019996,3,6,1200.0,offer,2026-09-18T23:47:01.724811+00:00
6c13a1a4-5030-4aa3-946f-888ed9db265e,fUST,0.00019997,2,175,233272.4456406,offer,2026-09-18T23:47:01.724811+00:00
6c13a1a4-5030-4aa3-946f-888ed9db265e,fUST,0.00019998,2,57,81234.82828845,offer,2026-09-18T23:47:01.724811+00:00
6c13a1a4-5030-4aa3-946f-888ed9db265e,fUST,0.00019999,2,19,298223.64756617,offer,2026-09-18T23:47:01.724811+00:00
6c13a1a4-5030-4aa3-946f-888ed9db265e,fUST,0.0001999901,2,1,2227.08,offer,2026-09-18T23:47:01.724811+00:00
6c13a1a4-5030-4aa3-946f-888ed9db265e,fUST,0.0002,15,1,7206481.23780292,offer,2026-09-18T23:47:01.724811+00:00
6c13a1a4-5030-4aa3-946f-888ed9db265e,fUST,0.0002,10,3,17796.36317166,offer,2026-09-18T23:47:01.724811+00:00
6c13a1a4-5030-4aa3-946f-888ed9db265e,fUST,0.0002,2,39,184049.67059602,offer,2026-09-18T23:47:01.724811+00:00
