run_id,market,rate,period,count,amount,side,fetched_at
ff72fbe7-f530-4590-a593-b28cd9fe5220,fUSD,0.000273972602739726,120,1,-13553782.4259113,demand,2026-08-22T00:47:00.655072+00:00
ff72fbe7-f530-4590-a593-b28cd9fe5220,fUSD,0.000209,30,1,-6289.12258117,demand,2026-08-22T00:47:00.655072+00:00
ff72fbe7-f530-4590-a593-b28cd9fe5220,fUSD,0.00018010999999999998,120,1,-133240.73391109,demand,2026-08-22T00:47:00.655072+00:00
ff72fbe7-f530-4590-a593-b28cd9fe5220,fUSD,0.0001777,120,1,-23123.30278361,demand,2026-08-22T00:47:00.655072+00:00
ff72fbe7-f530-4590-a593-b28cd9fe5220,fUSD,0.000174,120,1,-12350.0,demand,2026-08-22T00:47:00.655072+00:00
ff72fbe7-f530-4590-a593-b28cd9fe5220,fUSD,0.0001713,120,1,-14000.0,demand,2026-08-22T00:47:00.655072+00:00
ff72fbe7-f530-4590-a593-b28cd9fe5220,fUSD,0.0001712,120,1,-20000.0,demand,2026-08-22T00:47:00.655072+00:00
ff72fbe7-f530-4590-a593-b28cd9fe5220,fUSD,0.00017111,120,1,-2000000.0,demand,2026-08-22T00:47:00.655072+00:00
ff72fbe7-f530-4590-a593-b28cd9fe5220,fUSD,0.00016,120,2,-10009162.66122322,demand,2026-08-22T00:47:00.655072+00:00
ff72fbe7-f530-4590-a593-b28cd9fe5220,fUSD,0.000151,120,1,-10000.0,demand,2026-08-22T00:47:00.655072+00:00
ff72fbe7-f530-4590-a593-b28cd9fe5220,fUSD,0.0001502,30,1,-12501.0,demand,2026-08-22T00:47:00.655072+00:00
ff72fbe7-f530-4590-a593-b28cd9fe5220,fUSD,0.00015,90,1,-19550.75,demand,2026-08-22T00:47:00.655072+00:00
ff72fbe7-f530-4590-a593-b28cd9fe5220,fUSD,0.00015,29,1,-218795.0,demand,2026-08-22T00:47:00.655072+00:00
ff72fbe7-f530-4590-a593-b28cd9fe5220,fUSD,0.00015,120,1,-500.0,demand,2026-08-22T00:47:00.655072+00:00
ff72fbe7-f530-4590-a593-b28cd9fe5220,fUSD,0.00015,2,1,-10000.0,demand,2026-08-22T00:47:00.655072+00:00
ff72fbe7-f530-4590-a593-b28cd9fe5220,fUSD,0.00014252,120,1,-10770.76644364,demand,2026-08-22T00:47:00.655072+00:00
ff72fbe7-f530-4590-a593-b28cd9fe5220,fUSD,0.000142,7,2,-33460.26956997,demand,2026-08-22T00:47:00.655072+00:00
ff72fbe7-f530-4590-a593-b28cd9fe5220,fUSD,0.00014120000000000002,30,1,-13500.0,demand,2026-08-22T00:47:00.655072+00:00
ff72fbe7-f530-4590-a593-b28cd9fe5220,fUSD,0.00014000000000000001,2,1,-916462.37488623,demand,2026-08-22T00:47:00.655072+00:00
ff72fbe7-f530-4590-a593-b28cd9fe5220,fUSD,0.0001342,2,1,-1783904.39862186,demand,2026-08-22T00:47:00.655072+00:00
ff72fbe7-f530-4590-a593-b28cd9fe5220,fUSD,0.000134,2,1,-2000000.0,demand,2026-08-22T00:47:00.655072+00:00
ff72fbe7-f530-4590-a593-b28cd9fe5220,fUSD,0.00013,2,1,-2000000.0,demand,2026-08-22T00:47:00.655072+00:00
ff72fbe7-f530-4590-a593-b28cd9fe5220,fUSD,0.00012757,120,1,-100000.0,demand,2026-08-22T00:47:00.655072+00:00
ff72fbe7-f530-4590-a593-b28cd9fe5220,fUSD,0.000125139,2,1,-600.884596,demand,2026-08-22T00:47:00.655072+00:00
ff72fbe7-f530-4590-a593-b28cd9fe5220,fUSD,0.0001221,120,1,-12587.13,demand,2026-08-22T00:47:00.655072+00:00
ff72fbe7-f530-4590-a593-b28cd9fe5220,fUSD,0.00014247538698630138,2,1,233.559277,offer,2026-08-22T00:47:00.655072+00:00
ff72fbe7-f530-4590-a593-b28cd9fe5220,fUSD,0.0001424829434931507,2,1,172.95892999,offer,2026-08-22T00:47:00.655072+00:00
ff72fbe7-f530-4590-a593-b28cd9fe5220,fUSD,0.0001424905,7,1,157.97864205,offer,2026-08-22T00:47:00.655072+00:00
ff72fbe7-f530-4590-a593-b28cd9fe5220,fUSD,0.0001432505,2,1,174.89,offer,2026-08-22T00:47:00.655072+00:00
ff72fbe7-f530-4590-a593-b28cd9fe5220,fUSD,0.0001434288,2,1,181.31,offer,2026-08-22T00:47:00.655072+00:00
ff72fbe7-f530-4590-a593-b28cd9fe5220,fUSD,0.00014534031000000002,7,1,199.58069056,offer,2026-08-22T00:47:00.655072+00:00
ff72fbe7-f530-4590-a593-b28cd9fe5220,fUSD,0.0001466934,2,1,274.67,offer,2026-08-22T00:47:00.655072+00:00
ff72fbe7-f530-4590-a593-b28cd9fe5220,fUSD,0.0001468,2,1,206.42432591,offer,2026-08-22T00:47:00.655072+00:00
ff72fbe7-f530-4590-a593-b28cd9fe5220,fUSD,0.00014763,2,1,159.72,offer,2026-08-22T00:47:00.655072+00:00
ff72fbe7-f530-4590-a593-b28cd9fe5220,fUSD,0.00014778880000000002,2,13,6552.77146623,offer,2026-08-22T00:47:00.655072+00:00
ff72fbe7-f530-4590-a593-b28cd9fe5220,fUSD,0.0001478188,2,1,2755.47,offer,2026-08-22T00:47:00.655072+00:00
ff72fbe7-f530-4590-a593-b28cd9fe5220,fUSD,0.00014899,2,8,2180.21948751,offer,2026-08-22T00:47:00.655072+00:00
ff72fbe7-f530-4590-a593-b28cd9fe5220,fUSD,0.000149,2,3,10397.23605222,offer,2026-08-22T00:47:00.655072+00:00
ff72fbe7-f530-4590-a593-b28cd9fe5220,fUSD,0.00014989,2,4,2194.97821363,offer,2026-08-22T00:47:00.655072+00:00
ff72fbe7-f530-4590-a593-b28cd9fe5220,fUSD,0.00014997,2,1,151.0,offer,2026-08-22T00:47:00.655072+00:00
ff72fbe7-f530-4590-a593-b28cd9fe5220,fUSD,0.00014997808219178083,2,1,1000.0,offer,2026-08-22T00:47:00.655072+00:00
ff72fbe7-f530-4590-a593-b28cd9fe5220,fUSD,0.00014998,2,2,3937.657,offer,2026-08-22T00:47:00.655072+00:00
ff72fbe7-f530-4590-a593-b28cd9fe5220,fUSD,0.00014999,2,9,31850.01890251,offer,2026-08-22T00:47:00.655072+00:00
ff72fbe7-f530-4590-a593-b28cd9fe5220,fUSD,0.00014999,5,1,1129.42297241,offer,2026-08-22T00:47:00.655072+00:00
ff72fbe7-f530-4590-a593-b28cd9fe5220,fUSD,0.00015,2,15,538576.08867425,offer,2026-08-22T00:47:00.655072+00:00
ff72fbe7-f530-4590-a593-b28cd9fe5220,fUSD,0.00015036079726027396,2,1,274.67,offer,2026-08-22T00:47:00.655072+00:00
ff72fbe7-f530-4590-a593-b28cd9fe5220,fUSD,0.0001532781,2,1,307.52,offer,2026-08-22T00:47:00.655072+00:00
ff72fbe7-f530-4590-a593-b28cd9fe5220,fUSD,0.00015342027397260275,2,2,1000.0,offer,2026-08-22T00:47:00.655072+00:00
ff72fbe7-f530-4590-a593-b28cd9fe5220,fUSD,0.00015388974000000001,7,1,299.37103588,offer,2026-08-22T00:47:00.655072+00:00
ff72fbe7-f530-4590-a593-b28cd9fe5220,fUSD,0.00015402819452054795,2,1,274.67,offer,2026-08-22T00:47:00.655072+00:00
9b1b7726-40d0-4776-8a35-b5d2c809b4e1,fUSD,0.000273972602739726,120,1,-13538037.60494192,demand,2026-08-22T01:47:00.492377+00:00
9b1b7726-40d0-4776-8a35-b5d2c809b4e1,fUSD,0.000209,30,1,-6289.12258117,demand,2026-08-22T01:47:00.492377+00:00
9b1b7726-40d0-4776-8a35-b5d2c809b4e1,fUSD,0.00018010999999999998,120,1,-133240.73391109,demand,2026-08-22T01:47:00.492377+00:00
9b1b7726-40d0-4776-8a35-b5d2c809b4e1,fUSD,0.0001777,120,1,-23123.30278361,demand,2026-08-22T01:47:00.492377+00:00
9b1b7726-40d0-4776-8a35-b5d2c809b4e1,fUSD,0.000174,120,1,-12350.0,demand,2026-08-22T01:47:00.492377+00:00
9b1b7726-40d0-4776-8a35-b5d2c809b4e1,fUSD,0.0001713,120,1,-14000.0,demand,2026-08-22T01:47:00.492377+00:00
9b1b7726-40d0-4776-8a35-b5d2c809b4e1,fUSD,0.0001712,120,1,-20000.0,demand,2026-08-22T01:47:00.492377+00:00
9b1b7726-40d0-4776-8a35-b5d2c809b4e1,fUSD,0.00017111,120,1,-2000000.0,demand,2026-08-22T01:47:00.492377+00:00
9b1b7726-40d0-4776-8a35-b5d2c809b4e1,fUSD,0.00016,120,2,-10009162.66122322,demand,2026-08-22T01:47:00.492377+00:00
9b1b7726-40d0-4776-8a35-b5d2c809b4e1,fUSD,0.000151,120,1,-10000.0,demand,2026-08-22T01:47:00.492377+00:00
9b1b7726-40d0-4776-8a35-b5d2c809b4e1,fUSD,0.0001502,30,1,-12501.0,demand,2026-08-22T01:47:00.492377+00:00
9b1b7726-40d0-4776-8a35-b5d2c809b4e1,fUSD,0.00015,90,1,-19550.75,demand,2026-08-22T01:47:00.492377+00:00
9b1b7726-40d0-4776-8a35-b5d2c809b4e1,fUSD,0.00015,29,1,-218795.0,demand,2026-08-22T01:47:00.492377+00:00
9b1b7726-40d0-4776-8a35-b5d2c809b4e1,fUSD,0.00015,120,1,-500.0,demand,2026-08-22T01:47:00.492377+00:00
9b1b7726-40d0-4776-8a35-b5d2c809b4e1,fUSD,0.00015,2,1,-10000.0,demand,2026-08-22T01:47:00.492377+00:00
9b1b7726-40d0-4776-8a35-b5d2c809b4e1,fUSD,0.00014252,120,1,-10770.76644364,demand,2026-08-22T01:47:00.492377+00:00
9b1b7726-40d0-4776-8a35-b5d2c809b4e1,fUSD,0.000142,7,2,-33460.26956997,demand,2026-08-22T01:47:00.492377+00:00
9b1b7726-40d0-4776-8a35-b5d2c809b4e1,fUSD,0.00014120000000000002,30,1,-13500.0,demand,2026-08-22T01:47:00.492377+00:00
9b1b7726-40d0-4776-8a35-b5d2c809b4e1,fUSD,0.00014000000000000001,2,1,-915777.82488623,demand,2026-08-22T01:47:00.492377+00:00
9b1b7726-40d0-4776-8a35-b5d2c809b4e1,fUSD,0.0001342,2,1,-1783904.39862186,demand,2026-08-22T01:47:00.492377+00:00
9b1b7726-40d0-4776-8a35-b5d2c809b4e1,fUSD,0.000134,2,1,-2000000.0,demand,2026-08-22T01:47:00.492377+00:00
9b1b7726-40d0-4776-8a35-b5d2c809b4e1,fUSD,0.00013,2,1,-2000000.0,demand,2026-08-22T01:47:00.492377+00:00
9b1b7726-40d0-4776-8a35-b5d2c809b4e1,fUSD,0.00012757,120,1,-100000.0,demand,2026-08-22T01:47:00.492377+00:00
9b1b7726-40d0-4776-8a35-b5d2c809b4e1,fUSD,0.000125139,2,1,-600.884596,demand,2026-08-22T01:47:00.492377+00:00
9b1b7726-40d0-4776-8a35-b5d2c809b4e1,fUSD,0.0001221,120,1,-12587.13,demand,2026-08-22T01:47:00.492377+00:00
9b1b7726-40d0-4776-8a35-b5d2c809b4e1,fUSD,0.00014691000000000004,2,41,19597.93706703,offer,2026-08-22T01:47:00.492377+00:00
9b1b7726-40d0-4776-8a35-b5d2c809b4e1,fUSD,0.00014694,2,1,164.97,offer,2026-08-22T01:47:00.492377+00:00
9b1b7726-40d0-4776-8a35-b5d2c809b4e1,fUSD,0.000147541975,2,1,167.64705528,offer,2026-08-22T01:47:00.492377+00:00
9b1b7726-40d0-4776-8a35-b5d2c809b4e1,fUSD,0.000147769,2,1,332.18,offer,2026-08-22T01:47:00.492377+00:00
9b1b7726-40d0-4776-8a35-b5d2c809b4e1,fUSD,0.0001493179,2,1,352.37,offer,2026-08-22T01:47:00.492377+00:00
9b1b7726-40d0-4776-8a35-b5d2c809b4e1,fUSD,0.0001495890410958904,2,1,893.868,offer,2026-08-22T01:47:00.492377+00:00
9b1b7726-40d0-4776-8a35-b5d2c809b4e1,fUSD,0.0001496633,2,1,332.18,offer,2026-08-22T01:47:00.492377+00:00
9b1b7726-40d0-4776-8a35-b5d2c809b4e1,fUSD,0.00014999,2,4,1665.03005405,offer,2026-08-22T01:47:00.492377+00:00
9b1b7726-40d0-4776-8a35-b5d2c809b4e1,fUSD,0.0001509683,2,1,332.18,offer,2026-08-22T01:47:00.492377+00:00
9b1b7726-40d0-4776-8a35-b5d2c809b4e1,fUSD,0.0001515592,2,1,352.37,offer,2026-08-22T01:47:00.492377+00:00
9b1b7726-40d0-4776-8a35-b5d2c809b4e1,fUSD,0.0001519954,2,1,332.18,offer,2026-08-22T01:47:00.492377+00:00
9b1b7726-40d0-4776-8a35-b5d2c809b4e1,fUSD,0.0001528554,2,1,332.18,offer,2026-08-22T01:47:00.492377+00:00
9b1b7726-40d0-4776-8a35-b5d2c809b4e1,fUSD,0.0001531033,2,1,352.37,offer,2026-08-22T01:47:00.492377+00:00
9b1b7726-40d0-4776-8a35-b5d2c809b4e1,fUSD,0.000153602,2,1,332.18,offer,2026-08-22T01:47:00.492377+00:00
9b1b7726-40d0-4776-8a35-b5d2c809b4e1,fUSD,0.000154266,2,1,332.18,offer,2026-08-22T01:47:00.492377+00:00
9b1b7726-40d0-4776-8a35-b5d2c809b4e1,fUSD,0.0001543185,2,1,352.37,offer,2026-08-22T01:47:00.492377+00:00
9b1b7726-40d0-4776-8a35-b5d2c809b4e1,fUSD,0.00016163400000000005,2,2,860.33299222,offer,2026-08-22T01:47:00.492377+00:00
9b1b7726-40d0-4776-8a35-b5d2c809b4e1,fUSD,0.0001670482826939823,2,1,401.02315759,offer,2026-08-22T01:47:00.492377+00:00
9b1b7726-40d0-4776-8a35-b5d2c809b4e1,fUSD,0.00017032,11,1,6832.84484856,offer,2026-08-22T01:47:00.492377+00:00
9b1b7726-40d0-4776-8a35-b5d2c809b4e1,fUSD,0.00017032181818181817,2,1,157.77150389,offer,2026-08-22T01:47:00.492377+00:00
9b1b7726-40d0-4776-8a35-b5d2c809b4e1,fUSD,0.000172,2,1,168.09408,offer,2026-08-22T01:47:00.492377+00:00
9b1b7726-40d0-4776-8a35-b5d2c809b4e1,fUSD,0.00017246118775288293,2,3,1594.84562688,offer,2026-08-22T01:47:00.492377+00:00
9b1b7726-40d0-4776-8a35-b5d2c809b4e1,fUSD,0.000174,2,1,168.09408,offer,2026-08-22T01:47:00.492377+00:00
9b1b7726-40d0-4776-8a35-b5d2c809b4e1,fUSD,0.000176,2,1,168.09408,offer,2026-08-22T01:47:00.492377+00:00
9b1b7726-40d0-4776-8a35-b5d2c809b4e1,fUSD,0.0001769679,2,1,154.1,offer,2026-08-22T01:47:00.492377+00:00
e80dea16-f136-4b99-ac09-7b86edc03c15,fUSD,0.000273972602739726,120,1,-13514647.48595842,demand,2026-08-22T02:47:00.540312+00:00
e80dea16-f136-4b99-ac09-7b86edc03c15,fUSD,0.000209,30,1,-6289.12258117,demand,2026-08-22T02:47:00.540312+00:00
e80dea16-f136-4b99-ac09-7b86edc03c15,fUSD,0.00018010999999999998,120,1,-133240.73391109,demand,2026-08-22T02:47:00.540312+00:00
e80dea16-f136-4b99-ac09-7b86edc03c15,fUSD,0.0001777,120,1,-23123.30278361,demand,2026-08-22T02:47:00.540312+00:00
e80dea16-f136-4b99-ac09-7b86edc03c15,fUSD,0.000174,120,1,-12350.0,demand,2026-08-22T02:47:00.540312+00:00
e80dea16-f136-4b99-ac09-7b86edc03c15,fUSD,0.0001713,120,1,-14000.0,demand,2026-08-22T02:47:00.540312+00:00
e80dea16-f136-4b99-ac09-7b86edc03c15,fUSD,0.0001712,120,1,-20000.0,demand,2026-08-22T02:47:00.540312+00:00
e80dea16-f136-4b99-ac09-7b86edc03c15,fUSD,0.00017111,120,1,-2000000.0,demand,2026-08-22T02:47:00.540312+00:00
e80dea16-f136-4b99-ac09-7b86edc03c15,fUSD,0.00016,120,2,-10009162.66122322,demand,2026-08-22T02:47:00.540312+00:00
e80dea16-f136-4b99-ac09-7b86edc03c15,fUSD,0.000151,120,1,-10000.0,demand,2026-08-22T02:47:00.540312+00:00
e80dea16-f136-4b99-ac09-7b86edc03c15,fUSD,0.0001502,30,1,-12501.0,demand,2026-08-22T02:47:00.540312+00:00
e80dea16-f136-4b99-ac09-7b86edc03c15,fUSD,0.00015,90,1,-19550.75,demand,2026-08-22T02:47:00.540312+00:00
e80dea16-f136-4b99-ac09-7b86edc03c15,fUSD,0.00015,29,1,-218795.0,demand,2026-08-22T02:47:00.540312+00:00
e80dea16-f136-4b99-ac09-7b86edc03c15,fUSD,0.00015,120,1,-500.0,demand,2026-08-22T02:47:00.540312+00:00
e80dea16-f136-4b99-ac09-7b86edc03c15,fUSD,0.00015,2,1,-10000.0,demand,2026-08-22T02:47:00.540312+00:00
e80dea16-f136-4b99-ac09-7b86edc03c15,fUSD,0.00014252,120,1,-10770.76644364,demand,2026-08-22T02:47:00.540312+00:00
e80dea16-f136-4b99-ac09-7b86edc03c15,fUSD,0.000142,7,2,-33460.26956997,demand,2026-08-22T02:47:00.540312+00:00
e80dea16-f136-4b99-ac09-7b86edc03c15,fUSD,0.00014120000000000002,30,1,-13500.0,demand,2026-08-22T02:47:00.540312+00:00
e80dea16-f136-4b99-ac09-7b86edc03c15,fUSD,0.00014000000000000001,2,1,-909122.04189477,demand,2026-08-22T02:47:00.540312+00:00
e80dea16-f136-4b99-ac09-7b86edc03c15,fUSD,0.0001342,2,1,-1783904.39862186,demand,2026-08-22T02:47:00.540312+00:00
e80dea16-f136-4b99-ac09-7b86edc03c15,fUSD,0.000134,2,1,-2000000.0,demand,2026-08-22T02:47:00.540312+00:00
e80dea16-f136-4b99-ac09-7b86edc03c15,fUSD,0.00013,2,1,-2000000.0,demand,2026-08-22T02:47:00.540312+00:00
e80dea16-f136-4b99-ac09-7b86edc03c15,fUSD,0.00012757,120,1,-100000.0,demand,2026-08-22T02:47:00.540312+00:00
e80dea16-f136-4b99-ac09-7b86edc03c15,fUSD,0.000125139,2,1,-600.884596,demand,2026-08-22T02:47:00.540312+00:00
e80dea16-f136-4b99-ac09-7b86edc03c15,fUSD,0.0001221,120,1,-12587.13,demand,2026-08-22T02:47:00.540312+00:00
e80dea16-f136-4b99-ac09-7b86edc03c15,fUSD,0.0001413242,2,1,1803.87,offer,2026-08-22T02:47:00.540312+00:00
e80dea16-f136-4b99-ac09-7b86edc03c15,fUSD,0.000141549675,2,1,177.19002962,offer,2026-08-22T02:47:00.540312+00:00
e80dea16-f136-4b99-ac09-7b86edc03c15,fUSD,0.00014177515000000001,2,1,253.0465421,offer,2026-08-22T02:47:00.540312+00:00
e80dea16-f136-4b99-ac09-7b86edc03c15,fUSD,0.0001422261,2,1,165.06,offer,2026-08-22T02:47:00.540312+00:00
e80dea16-f136-4b99-ac09-7b86edc03c15,fUSD,0.00014273,2,1,150.0,offer,2026-08-22T02:47:00.540312+00:00
e80dea16-f136-4b99-ac09-7b86edc03c15,fUSD,0.00014273972602739726,2,1,168.440454,offer,2026-08-22T02:47:00.540312+00:00
e80dea16-f136-4b99-ac09-7b86edc03c15,fUSD,0.000143439430736539,2,4,2021.19469965,offer,2026-08-22T02:47:00.540312+00:00
e80dea16-f136-4b99-ac09-7b86edc03c15,fUSD,0.000143459430736539,2,1,1131.0,offer,2026-08-22T02:47:00.540312+00:00
e80dea16-f136-4b99-ac09-7b86edc03c15,fUSD,0.000143499,2,1,156.75,offer,2026-08-22T02:47:00.540312+00:00
e80dea16-f136-4b99-ac09-7b86edc03c15,fUSD,0.0001435307,2,1,258.06,offer,2026-08-22T02:47:00.540312+00:00
e80dea16-f136-4b99-ac09-7b86edc03c15,fUSD,0.0001438,7,1,252.31656578,offer,2026-08-22T02:47:00.540312+00:00
e80dea16-f136-4b99-ac09-7b86edc03c15,fUSD,0.0001438927,2,1,175.6,offer,2026-08-22T02:47:00.540312+00:00
e80dea16-f136-4b99-ac09-7b86edc03c15,fUSD,0.00014711891917808218,2,1,258.06,offer,2026-08-22T02:47:00.540312+00:00
e80dea16-f136-4b99-ac09-7b86edc03c15,fUSD,0.000148270148,2,1,170.59,offer,2026-08-22T02:47:00.540312+00:00
e80dea16-f136-4b99-ac09-7b86edc03c15,fUSD,0.00014829,2,1,799.55390033,offer,2026-08-22T02:47:00.540312+00:00
e80dea16-f136-4b99-ac09-7b86edc03c15,fUSD,0.000149,2,1,1527.07406907,offer,2026-08-22T02:47:00.540312+00:00
e80dea16-f136-4b99-ac09-7b86edc03c15,fUSD,0.0001499,2,1,1414.1265085,offer,2026-08-22T02:47:00.540312+00:00
e80dea16-f136-4b99-ac09-7b86edc03c15,fUSD,0.00014997,2,1,113.1020484,offer,2026-08-22T02:47:00.540312+00:00
e80dea16-f136-4b99-ac09-7b86edc03c15,fUSD,0.00014998,2,5,1314.75594476,offer,2026-08-22T02:47:00.540312+00:00
e80dea16-f136-4b99-ac09-7b86edc03c15,fUSD,0.00014999,2,11,23934.3973393,offer,2026-08-22T02:47:00.540312+00:00
e80dea16-f136-4b99-ac09-7b86edc03c15,fUSD,0.00015,2,6,66349.33290833,offer,2026-08-22T02:47:00.540312+00:00
e80dea16-f136-4b99-ac09-7b86edc03c15,fUSD,0.00015,4,1,185.43032728,offer,2026-08-22T02:47:00.540312+00:00
e80dea16-f136-4b99-ac09-7b86edc03c15,fUSD,0.00015070713835616437,2,1,258.06,offer,2026-08-22T02:47:00.540312+00:00
e80dea16-f136-4b99-ac09-7b86edc03c15,fUSD,0.0001510099270910937,2,1,1131.0,offer,2026-08-22T02:47:00.540312+00:00
e80dea16-f136-4b99-ac09-7b86edc03c15,fUSD,0.00015170774383561645,2,1,165.06,offer,2026-08-22T02:47:00.540312+00:00
906b54ca-6af3-4db0-958f-87adc497d1bf,fUSD,0.000273972602739726,120,1,-13493055.53232303,demand,2026-08-22T03:47:00.444530+00:00
906b54ca-6af3-4db0-958f-87adc497d1bf,fUSD,0.000209,30,1,-6289.12258117,demand,2026-08-22T03:47:00.444530+00:00
906b54ca-6af3-4db0-958f-87adc497d1bf,fUSD,0.00018010999999999998,120,1,-133240.73391109,demand,2026-08-22T03:47:00.444530+00:00
906b54ca-6af3-4db0-958f-87adc497d1bf,fUSD,0.0001777,120,1,-23123.30278361,demand,2026-08-22T03:47:00.444530+00:00
906b54ca-6af3-4db0-958f-87adc497d1bf,fUSD,0.000174,120,1,-12350.0,demand,2026-08-22T03:47:00.444530+00:00
906b54ca-6af3-4db0-958f-87adc497d1bf,fUSD,0.0001713,120,1,-14000.0,demand,2026-08-22T03:47:00.444530+00:00
906b54ca-6af3-4db0-958f-87adc497d1bf,fUSD,0.0001712,120,1,-20000.0,demand,2026-08-22T03:47:00.444530+00:00
906b54ca-6af3-4db0-958f-87adc497d1bf,fUSD,0.00017111,120,1,-2000000.0,demand,2026-08-22T03:47:00.444530+00:00
906b54ca-6af3-4db0-958f-87adc497d1bf,fUSD,0.00016,120,2,-10009162.66122322,demand,2026-08-22T03:47:00.444530+00:00
906b54ca-6af3-4db0-958f-87adc497d1bf,fUSD,0.000151,120,1,-10000.0,demand,2026-08-22T03:47:00.444530+00:00
906b54ca-6af3-4db0-958f-87adc497d1bf,fUSD,0.0001502,30,1,-12501.0,demand,2026-08-22T03:47:00.444530+00:00
906b54ca-6af3-4db0-958f-87adc497d1bf,fUSD,0.00015,90,1,-19550.75,demand,2026-08-22T03:47:00.444530+00:00
906b54ca-6af3-4db0-958f-87adc497d1bf,fUSD,0.00015,29,1,-218795.0,demand,2026-08-22T03:47:00.444530+00:00
906b54ca-6af3-4db0-958f-87adc497d1bf,fUSD,0.00015,120,1,-500.0,demand,2026-08-22T03:47:00.444530+00:00
906b54ca-6af3-4db0-958f-87adc497d1bf,fUSD,0.00015,2,1,-10000.0,demand,2026-08-22T03:47:00.444530+00:00
906b54ca-6af3-4db0-958f-87adc497d1bf,fUSD,0.00014252,120,1,-10770.76644364,demand,2026-08-22T03:47:00.444530+00:00
906b54ca-6af3-4db0-958f-87adc497d1bf,fUSD,0.000142,7,2,-33460.26956997,demand,2026-08-22T03:47:00.444530+00:00
906b54ca-6af3-4db0-958f-87adc497d1bf,fUSD,0.00014120000000000002,30,1,-13500.0,demand,2026-08-22T03:47:00.444530+00:00
906b54ca-6af3-4db0-958f-87adc497d1bf,fUSD,0.00014000000000000001,2,1,-892698.07274601,demand,2026-08-22T03:47:00.444530+00:00
906b54ca-6af3-4db0-958f-87adc497d1bf,fUSD,0.0001342,2,1,-1783904.39862186,demand,2026-08-22T03:47:00.444530+00:00
906b54ca-6af3-4db0-958f-87adc497d1bf,fUSD,0.000134,2,1,-2000000.0,demand,2026-08-22T03:47:00.444530+00:00
906b54ca-6af3-4db0-958f-87adc497d1bf,fUSD,0.00013,2,1,-2000000.0,demand,2026-08-22T03:47:00.444530+00:00
906b54ca-6af3-4db0-958f-87adc497d1bf,fUSD,0.00012757,120,1,-100000.0,demand,2026-08-22T03:47:00.444530+00:00
906b54ca-6af3-4db0-958f-87adc497d1bf,fUSD,0.000125139,2,1,-600.884596,demand,2026-08-22T03:47:00.444530+00:00
906b54ca-6af3-4db0-958f-87adc497d1bf,fUSD,0.0001221,120,1,-12587.13,demand,2026-08-22T03:47:00.444530+00:00
906b54ca-6af3-4db0-958f-87adc497d1bf,fUSD,0.0001419389,2,1,168.89,offer,2026-08-22T03:47:00.444530+00:00
906b54ca-6af3-4db0-958f-87adc497d1bf,fUSD,0.00014326667499999998,2,1,250.0,offer,2026-08-22T03:47:00.444530+00:00
906b54ca-6af3-4db0-958f-87adc497d1bf,fUSD,0.00014459445,2,1,150.0,offer,2026-08-22T03:47:00.444530+00:00
906b54ca-6af3-4db0-958f-87adc497d1bf,fUSD,0.00014649666999999998,2,1,250.0,offer,2026-08-22T03:47:00.444530+00:00
906b54ca-6af3-4db0-958f-87adc497d1bf,fUSD,0.00014799,2,1,206.42432591,offer,2026-08-22T03:47:00.444530+00:00
906b54ca-6af3-4db0-958f-87adc497d1bf,fUSD,0.000148,2,2,6188.10022738,offer,2026-08-22T03:47:00.444530+00:00
906b54ca-6af3-4db0-958f-87adc497d1bf,fUSD,0.00014897,2,1,188.8979516,offer,2026-08-22T03:47:00.444530+00:00
906b54ca-6af3-4db0-958f-87adc497d1bf,fUSD,0.00014899,2,11,5425.94466467,offer,2026-08-22T03:47:00.444530+00:00
906b54ca-6af3-4db0-958f-87adc497d1bf,fUSD,0.000149,2,31,505660.89777493,offer,2026-08-22T03:47:00.444530+00:00
906b54ca-6af3-4db0-958f-87adc497d1bf,fUSD,0.00014984999999999998,2,1,151.0,offer,2026-08-22T03:47:00.444530+00:00
906b54ca-6af3-4db0-958f-87adc497d1bf,fUSD,0.0001499,2,1,30479.94854952,offer,2026-08-22T03:47:00.444530+00:00
906b54ca-6af3-4db0-958f-87adc497d1bf,fUSD,0.00014991,2,4,88853.6064527,offer,2026-08-22T03:47:00.444530+00:00
906b54ca-6af3-4db0-958f-87adc497d1bf,fUSD,0.00014998,2,2,930.15969688,offer,2026-08-22T03:47:00.444530+00:00
906b54ca-6af3-4db0-958f-87adc497d1bf,fUSD,0.00014999,2,6,3073.15,offer,2026-08-22T03:47:00.444530+00:00
906b54ca-6af3-4db0-958f-87adc497d1bf,fUSD,0.00015,2,5,310952.53115951,offer,2026-08-22T03:47:00.444530+00:00
906b54ca-6af3-4db0-958f-87adc497d1bf,fUSD,0.00015,10,1,150.0,offer,2026-08-22T03:47:00.444530+00:00
906b54ca-6af3-4db0-958f-87adc497d1bf,fUSD,0.00015,7,1,211.94841172,offer,2026-08-22T03:47:00.444530+00:00
906b54ca-6af3-4db0-958f-87adc497d1bf,fUSD,0.0001505283,2,1,316.34,offer,2026-08-22T03:47:00.444530+00:00
906b54ca-6af3-4db0-958f-87adc497d1bf,fUSD,0.0001508568,2,1,328.65,offer,2026-08-22T03:47:00.444530+00:00
906b54ca-6af3-4db0-958f-87adc497d1bf,fUSD,0.0001510099270910937,2,1,292.06416215,offer,2026-08-22T03:47:00.444530+00:00
906b54ca-6af3-4db0-958f-87adc497d1bf,fUSD,0.0001510449,2,1,320.1,offer,2026-08-22T03:47:00.444530+00:00
906b54ca-6af3-4db0-958f-87adc497d1bf,fUSD,0.0001515679,2,1,316.34,offer,2026-08-22T03:47:00.444530+00:00
906b54ca-6af3-4db0-958f-87adc497d1bf,fUSD,0.0001517908,2,1,1877.72,offer,2026-08-22T03:47:00.444530+00:00
906b54ca-6af3-4db0-958f-87adc497d1bf,fUSD,0.0001519389,2,1,328.65,offer,2026-08-22T03:47:00.444530+00:00
906b54ca-6af3-4db0-958f-87adc497d1bf,fUSD,0.00015198,3,1,678.02631411,offer,2026-08-22T03:47:00.444530+00:00
e20a41a6-7102-4344-9428-245ca135f054,fUSD,0.000273972602739726,120,1,-13404873.54410545,demand,2026-08-22T04:47:00.500712+00:00
e20a41a6-7102-4344-9428-245ca135f054,fUSD,0.000209,30,1,-6289.12258117,demand,2026-08-22T04:47:00.500712+00:00
e20a41a6-7102-4344-9428-245ca135f054,fUSD,0.00018010999999999998,120,1,-133240.73391109,demand,2026-08-22T04:47:00.500712+00:00
e20a41a6-7102-4344-9428-245ca135f054,fUSD,0.0001777,120,1,-23123.30278361,demand,2026-08-22T04:47:00.500712+00:00
e20a41a6-7102-4344-9428-245ca135f054,fUSD,0.000174,120,1,-12350.0,demand,2026-08-22T04:47:00.500712+00:00
e20a41a6-7102-4344-9428-245ca135f054,fUSD,0.0001713,120,1,-14000.0,demand,2026-08-22T04:47:00.500712+00:00
e20a41a6-7102-4344-9428-245ca135f054,fUSD,0.0001712,120,1,-20000.0,demand,2026-08-22T04:47:00.500712+00:00
e20a41a6-7102-4344-9428-245ca135f054,fUSD,0.00017111,120,1,-2000000.0,demand,2026-08-22T04:47:00.500712+00:00
e20a41a6-7102-4344-9428-245ca135f054,fUSD,0.00016,120,2,-10009162.66122322,demand,2026-08-22T04:47:00.500712+00:00
e20a41a6-7102-4344-9428-245ca135f054,fUSD,0.000151,120,1,-10000.0,demand,2026-08-22T04:47:00.500712+00:00
e20a41a6-7102-4344-9428-245ca135f054,fUSD,0.0001502,30,1,-12501.0,demand,2026-08-22T04:47:00.500712+00:00
e20a41a6-7102-4344-9428-245ca135f054,fUSD,0.00015,90,1,-19550.75,demand,2026-08-22T04:47:00.500712+00:00
e20a41a6-7102-4344-9428-245ca135f054,fUSD,0.00015,29,1,-218795.0,demand,2026-08-22T04:47:00.500712+00:00
e20a41a6-7102-4344-9428-245ca135f054,fUSD,0.00015,120,1,-500.0,demand,2026-08-22T04:47:00.500712+00:00
e20a41a6-7102-4344-9428-245ca135f054,fUSD,0.00015,2,1,-10000.0,demand,2026-08-22T04:47:00.500712+00:00
e20a41a6-7102-4344-9428-245ca135f054,fUSD,0.00014252,120,1,-10770.76644364,demand,2026-08-22T04:47:00.500712+00:00
e20a41a6-7102-4344-9428-245ca135f054,fUSD,0.000142,7,2,-33460.26956997,demand,2026-08-22T04:47:00.500712+00:00
e20a41a6-7102-4344-9428-245ca135f054,fUSD,0.00014120000000000002,30,1,-13500.0,demand,2026-08-22T04:47:00.500712+00:00
e20a41a6-7102-4344-9428-245ca135f054,fUSD,0.00014000000000000001,2,1,-883932.10532456,demand,2026-08-22T04:47:00.500712+00:00
e20a41a6-7102-4344-9428-245ca135f054,fUSD,0.0001342,2,1,-1783904.39862186,demand,2026-08-22T04:47:00.500712+00:00
e20a41a6-7102-4344-9428-245ca135f054,fUSD,0.000134,2,1,-2000000.0,demand,2026-08-22T04:47:00.500712+00:00
e20a41a6-7102-4344-9428-245ca135f054,fUSD,0.00013,2,1,-2000000.0,demand,2026-08-22T04:47:00.500712+00:00
e20a41a6-7102-4344-9428-245ca135f054,fUSD,0.00012757,120,1,-100000.0,demand,2026-08-22T04:47:00.500712+00:00
e20a41a6-7102-4344-9428-245ca135f054,fUSD,0.0001221,120,1,-12587.13,demand,2026-08-22T04:47:00.500712+00:00
e20a41a6-7102-4344-9428-245ca135f054,fUSD,0.000121,7,1,-6000.0,demand,2026-08-22T04:47:00.500712+00:00
e20a41a6-7102-4344-9428-245ca135f054,fUSD,0.00014199,2,2,591.84462459,offer,2026-08-22T04:47:00.500712+00:00
e20a41a6-7102-4344-9428-245ca135f054,fUSD,0.000142271,2,1,165.1,offer,2026-08-22T04:47:00.500712+00:00
e20a41a6-7102-4344-9428-245ca135f054,fUSD,0.00014232948299999998,2,1,171.67682162,offer,2026-08-22T04:47:00.500712+00:00
e20a41a6-7102-4344-9428-245ca135f054,fUSD,0.000143347932,2,1,162.92,offer,2026-08-22T04:47:00.500712+00:00
e20a41a6-7102-4344-9428-245ca135f054,fUSD,0.0001438914,2,1,191.48,offer,2026-08-22T04:47:00.500712+00:00
e20a41a6-7102-4344-9428-245ca135f054,fUSD,0.00014399,2,6,2583.87710799,offer,2026-08-22T04:47:00.500712+00:00
e20a41a6-7102-4344-9428-245ca135f054,fUSD,0.000144,2,1,26703.0,offer,2026-08-22T04:47:00.500712+00:00
e20a41a6-7102-4344-9428-245ca135f054,fUSD,0.0001446893,2,1,159.5,offer,2026-08-22T04:47:00.500712+00:00
e20a41a6-7102-4344-9428-245ca135f054,fUSD,0.0001448298,7,1,239.52722522,offer,2026-08-22T04:47:00.500712+00:00
e20a41a6-7102-4344-9428-245ca135f054,fUSD,0.0001451443,2,1,430.75,offer,2026-08-22T04:47:00.500712+00:00
e20a41a6-7102-4344-9428-245ca135f054,fUSD,0.0001458277123287671,2,1,165.1,offer,2026-08-22T04:47:00.500712+00:00
e20a41a6-7102-4344-9428-245ca135f054,fUSD,0.00014899,2,1,215.91981798,offer,2026-08-22T04:47:00.500712+00:00
e20a41a6-7102-4344-9428-245ca135f054,fUSD,0.000149,2,1,3882.58071311,offer,2026-08-22T04:47:00.500712+00:00
e20a41a6-7102-4344-9428-245ca135f054,fUSD,0.000149,3,1,5527.0,offer,2026-08-22T04:47:00.500712+00:00
e20a41a6-7102-4344-9428-245ca135f054,fUSD,0.00014938442465753425,2,1,165.1,offer,2026-08-22T04:47:00.500712+00:00
e20a41a6-7102-4344-9428-245ca135f054,fUSD,0.0001498663,2,1,280.16,offer,2026-08-22T04:47:00.500712+00:00
e20a41a6-7102-4344-9428-245ca135f054,fUSD,0.0001499052,2,1,167.18,offer,2026-08-22T04:47:00.500712+00:00
e20a41a6-7102-4344-9428-245ca135f054,fUSD,0.00014991,2,1,175.35,offer,2026-08-22T04:47:00.500712+00:00
e20a41a6-7102-4344-9428-245ca135f054,fUSD,0.00014998,2,3,5926.061,offer,2026-08-22T04:47:00.500712+00:00
e20a41a6-7102-4344-9428-245ca135f054,fUSD,0.00014999,2,18,35760.04107209,offer,2026-08-22T04:47:00.500712+00:00
e20a41a6-7102-4344-9428-245ca135f054,fUSD,0.00015,2,14,551325.71675683,offer,2026-08-22T04:47:00.500712+00:00
e20a41a6-7102-4344-9428-245ca135f054,fUSD,0.0001510099270910937,2,1,640.10737148,offer,2026-08-22T04:47:00.500712+00:00
e20a41a6-7102-4344-9428-245ca135f054,fUSD,0.0001519238205479452,2,1,159.5,offer,2026-08-22T04:47:00.500712+00:00
e20a41a6-7102-4344-9428-245ca135f054,fUSD,0.00015198,2,1,493.37426628,offer,2026-08-22T04:47:00.500712+00:00
e20a41a6-7102-4344-9428-245ca135f054,fUSD,0.0001524209,3,1,253.25,offer,2026-08-22T04:47:00.500712+00:00
0f5b6079-6604-4031-8b5b-f115e2e0bed1,fUSD,0.000273972602739726,120,1,-13401743.86912717,demand,2026-08-22T05:47:00.572904+00:00
0f5b6079-6604-4031-8b5b-f115e2e0bed1,fUSD,0.000209,30,1,-6289.12258117,demand,2026-08-22T05:47:00.572904+00:00
0f5b6079-6604-4031-8b5b-f115e2e0bed1,fUSD,0.00018010999999999998,120,1,-133240.73391109,demand,2026-08-22T05:47:00.572904+00:00
0f5b6079-6604-4031-8b5b-f115e2e0bed1,fUSD,0.0001777,120,1,-23123.30278361,demand,2026-08-22T05:47:00.572904+00:00
0f5b6079-6604-4031-8b5b-f115e2e0bed1,fUSD,0.000174,120,1,-12350.0,demand,2026-08-22T05:47:00.572904+00:00
0f5b6079-6604-4031-8b5b-f115e2e0bed1,fUSD,0.0001713,120,1,-14000.0,demand,2026-08-22T05:47:00.572904+00:00
0f5b6079-6604-4031-8b5b-f115e2e0bed1,fUSD,0.0001712,120,1,-20000.0,demand,2026-08-22T05:47:00.572904+00:00
0f5b6079-6604-4031-8b5b-f115e2e0bed1,fUSD,0.00017111,120,1,-2000000.0,demand,2026-08-22T05:47:00.572904+00:00
0f5b6079-6604-4031-8b5b-f115e2e0bed1,fUSD,0.00016,120,2,-10009162.66122322,demand,2026-08-22T05:47:00.572904+00:00
0f5b6079-6604-4031-8b5b-f115e2e0bed1,fUSD,0.000151,120,1,-10000.0,demand,2026-08-22T05:47:00.572904+00:00
0f5b6079-6604-4031-8b5b-f115e2e0bed1,fUSD,0.0001502,30,1,-12501.0,demand,2026-08-22T05:47:00.572904+00:00
0f5b6079-6604-4031-8b5b-f115e2e0bed1,fUSD,0.00015,90,1,-19550.75,demand,2026-08-22T05:47:00.572904+00:00
0f5b6079-6604-4031-8b5b-f115e2e0bed1,fUSD,0.00015,29,1,-218795.0,demand,2026-08-22T05:47:00.572904+00:00
0f5b6079-6604-4031-8b5b-f115e2e0bed1,fUSD,0.00015,120,1,-500.0,demand,2026-08-22T05:47:00.572904+00:00
0f5b6079-6604-4031-8b5b-f115e2e0bed1,fUSD,0.00015,2,1,-10000.0,demand,2026-08-22T05:47:00.572904+00:00
0f5b6079-6604-4031-8b5b-f115e2e0bed1,fUSD,0.00014252,120,1,-10770.76644364,demand,2026-08-22T05:47:00.572904+00:00
0f5b6079-6604-4031-8b5b-f115e2e0bed1,fUSD,0.000142,7,2,-33460.26956997,demand,2026-08-22T05:47:00.572904+00:00
0f5b6079-6604-4031-8b5b-f115e2e0bed1,fUSD,0.00014120000000000002,30,1,-13500.0,demand,2026-08-22T05:47:00.572904+00:00
0f5b6079-6604-4031-8b5b-f115e2e0bed1,fUSD,0.00014000000000000001,2,1,-849079.82532456,demand,2026-08-22T05:47:00.572904+00:00
0f5b6079-6604-4031-8b5b-f115e2e0bed1,fUSD,0.0001342,2,1,-1783904.39862186,demand,2026-08-22T05:47:00.572904+00:00
0f5b6079-6604-4031-8b5b-f115e2e0bed1,fUSD,0.000134,2,1,-2000000.0,demand,2026-08-22T05:47:00.572904+00:00
0f5b6079-6604-4031-8b5b-f115e2e0bed1,fUSD,0.00013,2,1,-2000000.0,demand,2026-08-22T05:47:00.572904+00:00
0f5b6079-6604-4031-8b5b-f115e2e0bed1,fUSD,0.00012757,120,1,-100000.0,demand,2026-08-22T05:47:00.572904+00:00
0f5b6079-6604-4031-8b5b-f115e2e0bed1,fUSD,0.0001221,120,1,-12587.13,demand,2026-08-22T05:47:00.572904+00:00
0f5b6079-6604-4031-8b5b-f115e2e0bed1,fUSD,0.000121,7,1,-6000.0,demand,2026-08-22T05:47:00.572904+00:00
0f5b6079-6604-4031-8b5b-f115e2e0bed1,fUSD,0.00014011,2,1,492.81233126,offer,2026-08-22T05:47:00.572904+00:00
0f5b6079-6604-4031-8b5b-f115e2e0bed1,fUSD,0.00014026955000000002,2,1,230.19086261,offer,2026-08-22T05:47:00.572904+00:00
0f5b6079-6604-4031-8b5b-f115e2e0bed1,fUSD,0.0001404291,2,1,209.21,offer,2026-08-22T05:47:00.572904+00:00
0f5b6079-6604-4031-8b5b-f115e2e0bed1,fUSD,0.0001410119,2,1,200.0,offer,2026-08-22T05:47:00.572904+00:00
0f5b6079-6604-4031-8b5b-f115e2e0bed1,fUSD,0.0001417615,2,1,611.8,offer,2026-08-22T05:47:00.572904+00:00
0f5b6079-6604-4031-8b5b-f115e2e0bed1,fUSD,0.0001422388,2,1,1973.27,offer,2026-08-22T05:47:00.572904+00:00
0f5b6079-6604-4031-8b5b-f115e2e0bed1,fUSD,0.0001426557,2,1,159.46,offer,2026-08-22T05:47:00.572904+00:00
0f5b6079-6604-4031-8b5b-f115e2e0bed1,fUSD,0.00014393978493150686,2,1,209.21,offer,2026-08-22T05:47:00.572904+00:00
0f5b6079-6604-4031-8b5b-f115e2e0bed1,fUSD,0.000145544253,2,1,170.38,offer,2026-08-22T05:47:00.572904+00:00
0f5b6079-6604-4031-8b5b-f115e2e0bed1,fUSD,0.00014593812172022374,3,1,159.52,offer,2026-08-22T05:47:00.572904+00:00
0f5b6079-6604-4031-8b5b-f115e2e0bed1,fUSD,0.00014594,2,1,179.66,offer,2026-08-22T05:47:00.572904+00:00
0f5b6079-6604-4031-8b5b-f115e2e0bed1,fUSD,0.00014608940000000002,2,15,7225.68551614,offer,2026-08-22T05:47:00.572904+00:00
0f5b6079-6604-4031-8b5b-f115e2e0bed1,fUSD,0.00014609,2,1,150.0,offer,2026-08-22T05:47:00.572904+00:00
0f5b6079-6604-4031-8b5b-f115e2e0bed1,fUSD,0.0001461194,2,12,1871.38279371,offer,2026-08-22T05:47:00.572904+00:00
0f5b6079-6604-4031-8b5b-f115e2e0bed1,fUSD,0.00014634636712328766,2,1,657.49,offer,2026-08-22T05:47:00.572904+00:00
0f5b6079-6604-4031-8b5b-f115e2e0bed1,fUSD,0.0001474504698630137,2,1,209.21,offer,2026-08-22T05:47:00.572904+00:00
0f5b6079-6604-4031-8b5b-f115e2e0bed1,fUSD,0.00014746,2,9,2157.0,offer,2026-08-22T05:47:00.572904+00:00
0f5b6079-6604-4031-8b5b-f115e2e0bed1,fUSD,0.00014842,2,2,10178.67,offer,2026-08-22T05:47:00.572904+00:00
0f5b6079-6604-4031-8b5b-f115e2e0bed1,fUSD,0.0001488931,2,1,550.71910788,offer,2026-08-22T05:47:00.572904+00:00
0f5b6079-6604-4031-8b5b-f115e2e0bed1,fUSD,0.0001489031,2,7,28590.71,offer,2026-08-22T05:47:00.572904+00:00
0f5b6079-6604-4031-8b5b-f115e2e0bed1,fUSD,0.00014935074,7,2,658.66187373,offer,2026-08-22T05:47:00.572904+00:00
0f5b6079-6604-4031-8b5b-f115e2e0bed1,fUSD,0.00014944,2,1,620.69567762,offer,2026-08-22T05:47:00.572904+00:00
0f5b6079-6604-4031-8b5b-f115e2e0bed1,fUSD,0.00014998,2,1,501.04253092,offer,2026-08-22T05:47:00.572904+00:00
0f5b6079-6604-4031-8b5b-f115e2e0bed1,fUSD,0.00014999,2,14,7071.14615002,offer,2026-08-22T05:47:00.572904+00:00
0f5b6079-6604-4031-8b5b-f115e2e0bed1,fUSD,0.00015,2,1,217.78,offer,2026-08-22T05:47:00.572904+00:00
28a323fc-effb-4a02-8e67-10cd3b03317a,fUSD,0.000273972602739726,120,1,-13390167.2775185,demand,2026-08-22T06:47:00.616555+00:00
28a323fc-effb-4a02-8e67-10cd3b03317a,fUSD,0.000209,30,1,-6289.12258117,demand,2026-08-22T06:47:00.616555+00:00
28a323fc-effb-4a02-8e67-10cd3b03317a,fUSD,0.00018010999999999998,120,1,-133240.73391109,demand,2026-08-22T06:47:00.616555+00:00
28a323fc-effb-4a02-8e67-10cd3b03317a,fUSD,0.0001777,120,1,-23123.30278361,demand,2026-08-22T06:47:00.616555+00:00
28a323fc-effb-4a02-8e67-10cd3b03317a,fUSD,0.000174,120,1,-12350.0,demand,2026-08-22T06:47:00.616555+00:00
28a323fc-effb-4a02-8e67-10cd3b03317a,fUSD,0.0001713,120,1,-14000.0,demand,2026-08-22T06:47:00.616555+00:00
28a323fc-effb-4a02-8e67-10cd3b03317a,fUSD,0.0001712,120,1,-20000.0,demand,2026-08-22T06:47:00.616555+00:00
28a323fc-effb-4a02-8e67-10cd3b03317a,fUSD,0.00017111,120,1,-2000000.0,demand,2026-08-22T06:47:00.616555+00:00
28a323fc-effb-4a02-8e67-10cd3b03317a,fUSD,0.00016,120,2,-10009162.66122322,demand,2026-08-22T06:47:00.616555+00:00
28a323fc-effb-4a02-8e67-10cd3b03317a,fUSD,0.000151,120,1,-10000.0,demand,2026-08-22T06:47:00.616555+00:00
28a323fc-effb-4a02-8e67-10cd3b03317a,fUSD,0.0001502,30,1,-11396.24079554,demand,2026-08-22T06:47:00.616555+00:00
28a323fc-effb-4a02-8e67-10cd3b03317a,fUSD,0.00015,90,1,-19550.75,demand,2026-08-22T06:47:00.616555+00:00
28a323fc-effb-4a02-8e67-10cd3b03317a,fUSD,0.00015,29,1,-218795.0,demand,2026-08-22T06:47:00.616555+00:00
28a323fc-effb-4a02-8e67-10cd3b03317a,fUSD,0.00015,120,1,-500.0,demand,2026-08-22T06:47:00.616555+00:00
28a323fc-effb-4a02-8e67-10cd3b03317a,fUSD,0.00015,2,1,-10000.0,demand,2026-08-22T06:47:00.616555+00:00
28a323fc-effb-4a02-8e67-10cd3b03317a,fUSD,0.00014252,120,1,-10770.76644364,demand,2026-08-22T06:47:00.616555+00:00
28a323fc-effb-4a02-8e67-10cd3b03317a,fUSD,0.000142,7,2,-33460.26956997,demand,2026-08-22T06:47:00.616555+00:00
28a323fc-effb-4a02-8e67-10cd3b03317a,fUSD,0.00014120000000000002,30,1,-13500.0,demand,2026-08-22T06:47:00.616555+00:00
28a323fc-effb-4a02-8e67-10cd3b03317a,fUSD,0.00014000000000000001,2,1,-848750.91532456,demand,2026-08-22T06:47:00.616555+00:00
28a323fc-effb-4a02-8e67-10cd3b03317a,fUSD,0.0001342,2,1,-1783904.39862186,demand,2026-08-22T06:47:00.616555+00:00
28a323fc-effb-4a02-8e67-10cd3b03317a,fUSD,0.000134,2,1,-2000000.0,demand,2026-08-22T06:47:00.616555+00:00
28a323fc-effb-4a02-8e67-10cd3b03317a,fUSD,0.00013,2,1,-2000000.0,demand,2026-08-22T06:47:00.616555+00:00
28a323fc-effb-4a02-8e67-10cd3b03317a,fUSD,0.00012757,120,1,-100000.0,demand,2026-08-22T06:47:00.616555+00:00
28a323fc-effb-4a02-8e67-10cd3b03317a,fUSD,0.0001221,120,1,-12587.13,demand,2026-08-22T06:47:00.616555+00:00
28a323fc-effb-4a02-8e67-10cd3b03317a,fUSD,0.000121,7,1,-6000.0,demand,2026-08-22T06:47:00.616555+00:00
28a323fc-effb-4a02-8e67-10cd3b03317a,fUSD,0.0001424573,2,1,171.79,offer,2026-08-22T06:47:00.616555+00:00
28a323fc-effb-4a02-8e67-10cd3b03317a,fUSD,0.00014407403577839924,2,1,216.1738113,offer,2026-08-22T06:47:00.616555+00:00
28a323fc-effb-4a02-8e67-10cd3b03317a,fUSD,0.0001464763,2,1,220.29,offer,2026-08-22T06:47:00.616555+00:00
28a323fc-effb-4a02-8e67-10cd3b03317a,fUSD,0.00014876,2,12,6131.82006239,offer,2026-08-22T06:47:00.616555+00:00
28a323fc-effb-4a02-8e67-10cd3b03317a,fUSD,0.0001489765431135969,2,1,2119.19,offer,2026-08-22T06:47:00.616555+00:00
28a323fc-effb-4a02-8e67-10cd3b03317a,fUSD,0.00014899,2,3,5279.63046907,offer,2026-08-22T06:47:00.616555+00:00
28a323fc-effb-4a02-8e67-10cd3b03317a,fUSD,0.000149,2,1,2221.60189069,offer,2026-08-22T06:47:00.616555+00:00
28a323fc-effb-4a02-8e67-10cd3b03317a,fUSD,0.00014948824999999998,2,2,303.67777389,offer,2026-08-22T06:47:00.616555+00:00
28a323fc-effb-4a02-8e67-10cd3b03317a,fUSD,0.0001499,2,1,6195.06228699,offer,2026-08-22T06:47:00.616555+00:00
28a323fc-effb-4a02-8e67-10cd3b03317a,fUSD,0.00014995,2,2,343.08,offer,2026-08-22T06:47:00.616555+00:00
28a323fc-effb-4a02-8e67-10cd3b03317a,fUSD,0.00014997,2,3,453.0,offer,2026-08-22T06:47:00.616555+00:00
28a323fc-effb-4a02-8e67-10cd3b03317a,fUSD,0.00014997808219178083,2,1,547.44265293,offer,2026-08-22T06:47:00.616555+00:00
28a323fc-effb-4a02-8e67-10cd3b03317a,fUSD,0.00014998,2,5,4055.419,offer,2026-08-22T06:47:00.616555+00:00
28a323fc-effb-4a02-8e67-10cd3b03317a,fUSD,0.00014999,2,29,278123.31486871,offer,2026-08-22T06:47:00.616555+00:00
28a323fc-effb-4a02-8e67-10cd3b03317a,fUSD,0.00015,2,13,922267.5189137,offer,2026-08-22T06:47:00.616555+00:00
28a323fc-effb-4a02-8e67-10cd3b03317a,fUSD,0.00015013821780821918,2,1,220.29,offer,2026-08-22T06:47:00.616555+00:00
28a323fc-effb-4a02-8e67-10cd3b03317a,fUSD,0.000151151,2,1,329.23,offer,2026-08-22T06:47:00.616555+00:00
28a323fc-effb-4a02-8e67-10cd3b03317a,fUSD,0.0001515,2,1,200.0,offer,2026-08-22T06:47:00.616555+00:00
28a323fc-effb-4a02-8e67-10cd3b03317a,fUSD,0.000152,2,1,723.0,offer,2026-08-22T06:47:00.616555+00:00
28a323fc-effb-4a02-8e67-10cd3b03317a,fUSD,0.00015275,2,1,9437.8849982,offer,2026-08-22T06:47:00.616555+00:00
28a323fc-effb-4a02-8e67-10cd3b03317a,fUSD,0.00015283,2,1,4465.0,offer,2026-08-22T06:47:00.616555+00:00
28a323fc-effb-4a02-8e67-10cd3b03317a,fUSD,0.00015295,2,1,182.94,offer,2026-08-22T06:47:00.616555+00:00
28a323fc-effb-4a02-8e67-10cd3b03317a,fUSD,0.000152967123,7,1,21639.22772073,offer,2026-08-22T06:47:00.616555+00:00
28a323fc-effb-4a02-8e67-10cd3b03317a,fUSD,0.0001529898,3,1,341.50252473,offer,2026-08-22T06:47:00.616555+00:00
28a323fc-effb-4a02-8e67-10cd3b03317a,fUSD,0.00015301,2,1,200.0,offer,2026-08-22T06:47:00.616555+00:00
35f7cb84-a911-4cec-b53b-72f21e021d36,fUSD,0.000273972602739726,120,1,-13389599.4775185,demand,2026-08-22T07:47:00.467011+00:00
35f7cb84-a911-4cec-b53b-72f21e021d36,fUSD,0.000209,30,1,-6289.12258117,demand,2026-08-22T07:47:00.467011+00:00
35f7cb84-a911-4cec-b53b-72f21e021d36,fUSD,0.00018010999999999998,120,1,-133240.73391109,demand,2026-08-22T07:47:00.467011+00:00
35f7cb84-a911-4cec-b53b-72f21e021d36,fUSD,0.0001777,120,1,-23123.30278361,demand,2026-08-22T07:47:00.467011+00:00
35f7cb84-a911-4cec-b53b-72f21e021d36,fUSD,0.000174,120,1,-12350.0,demand,2026-08-22T07:47:00.467011+00:00
35f7cb84-a911-4cec-b53b-72f21e021d36,fUSD,0.0001713,120,1,-14000.0,demand,2026-08-22T07:47:00.467011+00:00
35f7cb84-a911-4cec-b53b-72f21e021d36,fUSD,0.0001712,120,1,-20000.0,demand,2026-08-22T07:47:00.467011+00:00
35f7cb84-a911-4cec-b53b-72f21e021d36,fUSD,0.00017111,120,1,-2000000.0,demand,2026-08-22T07:47:00.467011+00:00
35f7cb84-a911-4cec-b53b-72f21e021d36,fUSD,0.00016,120,2,-10009162.66122322,demand,2026-08-22T07:47:00.467011+00:00
35f7cb84-a911-4cec-b53b-72f21e021d36,fUSD,0.000151,120,1,-10000.0,demand,2026-08-22T07:47:00.467011+00:00
35f7cb84-a911-4cec-b53b-72f21e021d36,fUSD,0.0001502,30,1,-11396.24079554,demand,2026-08-22T07:47:00.467011+00:00
35f7cb84-a911-4cec-b53b-72f21e021d36,fUSD,0.00015,90,1,-19550.75,demand,2026-08-22T07:47:00.467011+00:00
35f7cb84-a911-4cec-b53b-72f21e021d36,fUSD,0.00015,29,1,-218795.0,demand,2026-08-22T07:47:00.467011+00:00
35f7cb84-a911-4cec-b53b-72f21e021d36,fUSD,0.00015,120,1,-500.0,demand,2026-08-22T07:47:00.467011+00:00
35f7cb84-a911-4cec-b53b-72f21e021d36,fUSD,0.00015,2,1,-10000.0,demand,2026-08-22T07:47:00.467011+00:00
35f7cb84-a911-4cec-b53b-72f21e021d36,fUSD,0.00014252,120,1,-10770.76644364,demand,2026-08-22T07:47:00.467011+00:00
35f7cb84-a911-4cec-b53b-72f21e021d36,fUSD,0.000142,7,2,-33460.26956997,demand,2026-08-22T07:47:00.467011+00:00
35f7cb84-a911-4cec-b53b-72f21e021d36,fUSD,0.00014120000000000002,30,1,-13500.0,demand,2026-08-22T07:47:00.467011+00:00
35f7cb84-a911-4cec-b53b-72f21e021d36,fUSD,0.00014000000000000001,2,1,-431714.11869767,demand,2026-08-22T07:47:00.467011+00:00
35f7cb84-a911-4cec-b53b-72f21e021d36,fUSD,0.0001342,2,1,-1783904.39862186,demand,2026-08-22T07:47:00.467011+00:00
35f7cb84-a911-4cec-b53b-72f21e021d36,fUSD,0.000134,2,1,-2000000.0,demand,2026-08-22T07:47:00.467011+00:00
35f7cb84-a911-4cec-b53b-72f21e021d36,fUSD,0.00013,2,1,-2000000.0,demand,2026-08-22T07:47:00.467011+00:00
35f7cb84-a911-4cec-b53b-72f21e021d36,fUSD,0.00012757,120,1,-100000.0,demand,2026-08-22T07:47:00.467011+00:00
35f7cb84-a911-4cec-b53b-72f21e021d36,fUSD,0.0001221,120,1,-12587.13,demand,2026-08-22T07:47:00.467011+00:00
35f7cb84-a911-4cec-b53b-72f21e021d36,fUSD,0.000121,7,1,-6000.0,demand,2026-08-22T07:47:00.467011+00:00
35f7cb84-a911-4cec-b53b-72f21e021d36,fUSD,0.000148,2,2,2185.11194271,offer,2026-08-22T07:47:00.467011+00:00
35f7cb84-a911-4cec-b53b-72f21e021d36,fUSD,0.000148,3,1,2000.0,offer,2026-08-22T07:47:00.467011+00:00
35f7cb84-a911-4cec-b53b-72f21e021d36,fUSD,0.000149,2,1,8057.52967046,offer,2026-08-22T07:47:00.467011+00:00
35f7cb84-a911-4cec-b53b-72f21e021d36,fUSD,0.00014904,2,1,200.0,offer,2026-08-22T07:47:00.467011+00:00
35f7cb84-a911-4cec-b53b-72f21e021d36,fUSD,0.00014950995,2,1,233.75420389,offer,2026-08-22T07:47:00.467011+00:00
35f7cb84-a911-4cec-b53b-72f21e021d36,fUSD,0.00014951995,2,10,5501.49981233,offer,2026-08-22T07:47:00.467011+00:00
35f7cb84-a911-4cec-b53b-72f21e021d36,fUSD,0.00014998,2,7,3248.28382192,offer,2026-08-22T07:47:00.467011+00:00
35f7cb84-a911-4cec-b53b-72f21e021d36,fUSD,0.00014999,2,13,6054.20175997,offer,2026-08-22T07:47:00.467011+00:00
35f7cb84-a911-4cec-b53b-72f21e021d36,fUSD,0.00015,2,26,286753.21072523,offer,2026-08-22T07:47:00.467011+00:00
35f7cb84-a911-4cec-b53b-72f21e021d36,fUSD,0.00015225995000000002,2,1,151.67786923,offer,2026-08-22T07:47:00.467011+00:00
35f7cb84-a911-4cec-b53b-72f21e021d36,fUSD,0.0001529898,2,1,186.5076427,offer,2026-08-22T07:47:00.467011+00:00
35f7cb84-a911-4cec-b53b-72f21e021d36,fUSD,0.00015299999999999998,3,1,308.60736935,offer,2026-08-22T07:47:00.467011+00:00
35f7cb84-a911-4cec-b53b-72f21e021d36,fUSD,0.00015499995,2,6,2692.23129246,offer,2026-08-22T07:47:00.467011+00:00
35f7cb84-a911-4cec-b53b-72f21e021d36,fUSD,0.00015566,2,1,426.0,offer,2026-08-22T07:47:00.467011+00:00
35f7cb84-a911-4cec-b53b-72f21e021d36,fUSD,0.00015606,5,1,308.60736935,offer,2026-08-22T07:47:00.467011+00:00
35f7cb84-a911-4cec-b53b-72f21e021d36,fUSD,0.00015664,2,1,774.60854891,offer,2026-08-22T07:47:00.467011+00:00
35f7cb84-a911-4cec-b53b-72f21e021d36,fUSD,0.0001566867,2,1,8057.52967046,offer,2026-08-22T07:47:00.467011+00:00
35f7cb84-a911-4cec-b53b-72f21e021d36,fUSD,0.0001591812,6,1,308.60736935,offer,2026-08-22T07:47:00.467011+00:00
35f7cb84-a911-4cec-b53b-72f21e021d36,fUSD,0.00015956079393997236,2,1,5704.8601078,offer,2026-08-22T07:47:00.467011+00:00
35f7cb84-a911-4cec-b53b-72f21e021d36,fUSD,0.00016047995000000002,2,5,2540.55342321,offer,2026-08-22T07:47:00.467011+00:00
35f7cb84-a911-4cec-b53b-72f21e021d36,fUSD,0.0001609728877406766,3,1,159.42,offer,2026-08-22T07:47:00.467011+00:00
35f7cb84-a911-4cec-b53b-72f21e021d36,fUSD,0.00016103039904,2,1,170.28,offer,2026-08-22T07:47:00.467011+00:00
35f7cb84-a911-4cec-b53b-72f21e021d36,fUSD,0.000161180708,3,1,152.0,offer,2026-08-22T07:47:00.467011+00:00
35f7cb84-a911-4cec-b53b-72f21e021d36,fUSD,0.00016199,2,1,500.0,offer,2026-08-22T07:47:00.467011+00:00
35f7cb84-a911-4cec-b53b-72f21e021d36,fUSD,0.000162364824,7,1,308.60736935,offer,2026-08-22T07:47:00.467011+00:00
31855e96-8d3f-4cc7-a134-e23ac85d567a,fUSD,0.000273972602739726,120,1,-13382675.8575185,demand,2026-08-22T08:47:00.645134+00:00
31855e96-8d3f-4cc7-a134-e23ac85d567a,fUSD,0.000209,30,1,-6289.12258117,demand,2026-08-22T08:47:00.645134+00:00
31855e96-8d3f-4cc7-a134-e23ac85d567a,fUSD,0.00018010999999999998,120,1,-133240.73391109,demand,2026-08-22T08:47:00.645134+00:00
31855e96-8d3f-4cc7-a134-e23ac85d567a,fUSD,0.0001777,120,1,-23123.30278361,demand,2026-08-22T08:47:00.645134+00:00
31855e96-8d3f-4cc7-a134-e23ac85d567a,fUSD,0.000174,120,1,-12350.0,demand,2026-08-22T08:47:00.645134+00:00
31855e96-8d3f-4cc7-a134-e23ac85d567a,fUSD,0.0001713,120,1,-14000.0,demand,2026-08-22T08:47:00.645134+00:00
31855e96-8d3f-4cc7-a134-e23ac85d567a,fUSD,0.0001712,120,1,-20000.0,demand,2026-08-22T08:47:00.645134+00:00
31855e96-8d3f-4cc7-a134-e23ac85d567a,fUSD,0.00017111,120,1,-2000000.0,demand,2026-08-22T08:47:00.645134+00:00
31855e96-8d3f-4cc7-a134-e23ac85d567a,fUSD,0.00016,120,2,-10009162.66122322,demand,2026-08-22T08:47:00.645134+00:00
31855e96-8d3f-4cc7-a134-e23ac85d567a,fUSD,0.000151,120,1,-10000.0,demand,2026-08-22T08:47:00.645134+00:00
31855e96-8d3f-4cc7-a134-e23ac85d567a,fUSD,0.0001502,30,1,-11396.24079554,demand,2026-08-22T08:47:00.645134+00:00
31855e96-8d3f-4cc7-a134-e23ac85d567a,fUSD,0.00015,90,1,-19550.75,demand,2026-08-22T08:47:00.645134+00:00
31855e96-8d3f-4cc7-a134-e23ac85d567a,fUSD,0.00015,29,1,-218795.0,demand,2026-08-22T08:47:00.645134+00:00
31855e96-8d3f-4cc7-a134-e23ac85d567a,fUSD,0.00015,120,1,-500.0,demand,2026-08-22T08:47:00.645134+00:00
31855e96-8d3f-4cc7-a134-e23ac85d567a,fUSD,0.00015,2,1,-10000.0,demand,2026-08-22T08:47:00.645134+00:00
31855e96-8d3f-4cc7-a134-e23ac85d567a,fUSD,0.00014252,120,1,-10770.76644364,demand,2026-08-22T08:47:00.645134+00:00
31855e96-8d3f-4cc7-a134-e23ac85d567a,fUSD,0.000142,7,2,-33460.26956997,demand,2026-08-22T08:47:00.645134+00:00
31855e96-8d3f-4cc7-a134-e23ac85d567a,fUSD,0.00014120000000000002,30,1,-13500.0,demand,2026-08-22T08:47:00.645134+00:00
31855e96-8d3f-4cc7-a134-e23ac85d567a,fUSD,0.00014000000000000001,2,1,-420077.36600539,demand,2026-08-22T08:47:00.645134+00:00
31855e96-8d3f-4cc7-a134-e23ac85d567a,fUSD,0.0001342,2,1,-1783904.39862186,demand,2026-08-22T08:47:00.645134+00:00
31855e96-8d3f-4cc7-a134-e23ac85d567a,fUSD,0.000134,2,1,-2000000.0,demand,2026-08-22T08:47:00.645134+00:00
31855e96-8d3f-4cc7-a134-e23ac85d567a,fUSD,0.00013,2,1,-2000000.0,demand,2026-08-22T08:47:00.645134+00:00
31855e96-8d3f-4cc7-a134-e23ac85d567a,fUSD,0.00012757,120,1,-100000.0,demand,2026-08-22T08:47:00.645134+00:00
31855e96-8d3f-4cc7-a134-e23ac85d567a,fUSD,0.0001221,120,1,-12587.13,demand,2026-08-22T08:47:00.645134+00:00
31855e96-8d3f-4cc7-a134-e23ac85d567a,fUSD,0.000121,7,1,-6000.0,demand,2026-08-22T08:47:00.645134+00:00
31855e96-8d3f-4cc7-a134-e23ac85d567a,fUSD,0.00014999,2,6,2765.44608554,offer,2026-08-22T08:47:00.645134+00:00
31855e96-8d3f-4cc7-a134-e23ac85d567a,fUSD,0.00015045871875000002,2,1,180.68921062,offer,2026-08-22T08:47:00.645134+00:00
31855e96-8d3f-4cc7-a134-e23ac85d567a,fUSD,0.00015341,2,1,150.0,offer,2026-08-22T08:47:00.645134+00:00
31855e96-8d3f-4cc7-a134-e23ac85d567a,fUSD,0.0001567396,2,1,324.23,offer,2026-08-22T08:47:00.645134+00:00
31855e96-8d3f-4cc7-a134-e23ac85d567a,fUSD,0.00015997000000000003,2,4,1655.34927885,offer,2026-08-22T08:47:00.645134+00:00
31855e96-8d3f-4cc7-a134-e23ac85d567a,fUSD,0.00016,2,2,4216.73607506,offer,2026-08-22T08:47:00.645134+00:00
31855e96-8d3f-4cc7-a134-e23ac85d567a,fUSD,0.00016438,2,1,399.5768377,offer,2026-08-22T08:47:00.645134+00:00
31855e96-8d3f-4cc7-a134-e23ac85d567a,fUSD,0.000164989,2,5,750.0,offer,2026-08-22T08:47:00.645134+00:00
31855e96-8d3f-4cc7-a134-e23ac85d567a,fUSD,0.00016498900000000002,2,1,600.0,offer,2026-08-22T08:47:00.645134+00:00
31855e96-8d3f-4cc7-a134-e23ac85d567a,fUSD,0.0001652741,2,1,324.23,offer,2026-08-22T08:47:00.645134+00:00
31855e96-8d3f-4cc7-a134-e23ac85d567a,fUSD,0.0001672469,2,1,324.23,offer,2026-08-22T08:47:00.645134+00:00
31855e96-8d3f-4cc7-a134-e23ac85d567a,fUSD,0.0001673298,2,1,313.29,offer,2026-08-22T08:47:00.645134+00:00
31855e96-8d3f-4cc7-a134-e23ac85d567a,fUSD,0.00016733,2,1,164.97,offer,2026-08-22T08:47:00.645134+00:00
31855e96-8d3f-4cc7-a134-e23ac85d567a,fUSD,0.0001686059,2,1,324.23,offer,2026-08-22T08:47:00.645134+00:00
31855e96-8d3f-4cc7-a134-e23ac85d567a,fUSD,0.0001696756,2,1,324.23,offer,2026-08-22T08:47:00.645134+00:00
31855e96-8d3f-4cc7-a134-e23ac85d567a,fUSD,0.0001705712,2,1,324.23,offer,2026-08-22T08:47:00.645134+00:00
31855e96-8d3f-4cc7-a134-e23ac85d567a,fUSD,0.0001713488,2,1,324.23,offer,2026-08-22T08:47:00.645134+00:00
31855e96-8d3f-4cc7-a134-e23ac85d567a,fUSD,0.0001714355,2,1,165.85,offer,2026-08-22T08:47:00.645134+00:00
31855e96-8d3f-4cc7-a134-e23ac85d567a,fUSD,0.0001720403,2,1,324.23,offer,2026-08-22T08:47:00.645134+00:00
31855e96-8d3f-4cc7-a134-e23ac85d567a,fUSD,0.0001726656,2,1,324.23,offer,2026-08-22T08:47:00.645134+00:00
31855e96-8d3f-4cc7-a134-e23ac85d567a,fUSD,0.0001729,2,1,322.46,offer,2026-08-22T08:47:00.645134+00:00
31855e96-8d3f-4cc7-a134-e23ac85d567a,fUSD,0.0001732385,2,2,647.18,offer,2026-08-22T08:47:00.645134+00:00
31855e96-8d3f-4cc7-a134-e23ac85d567a,fUSD,0.00017385,2,2,813.27,offer,2026-08-22T08:47:00.645134+00:00
31855e96-8d3f-4cc7-a134-e23ac85d567a,fUSD,0.00017432,2,2,552.1308434,offer,2026-08-22T08:47:00.645134+00:00
31855e96-8d3f-4cc7-a134-e23ac85d567a,fUSD,0.00017575,2,1,327.28,offer,2026-08-22T08:47:00.645134+00:00
d13f55fb-708f-4a93-8710-7cfe064c6a23,fUSD,0.000273972602739726,120,1,-13354172.82634946,demand,2026-08-22T09:47:00.558280+00:00
d13f55fb-708f-4a93-8710-7cfe064c6a23,fUSD,0.000209,30,1,-6289.12258117,demand,2026-08-22T09:47:00.558280+00:00
d13f55fb-708f-4a93-8710-7cfe064c6a23,fUSD,0.00018010999999999998,120,1,-133240.73391109,demand,2026-08-22T09:47:00.558280+00:00
d13f55fb-708f-4a93-8710-7cfe064c6a23,fUSD,0.0001777,120,1,-23123.30278361,demand,2026-08-22T09:47:00.558280+00:00
d13f55fb-708f-4a93-8710-7cfe064c6a23,fUSD,0.000174,120,1,-12350.0,demand,2026-08-22T09:47:00.558280+00:00
d13f55fb-708f-4a93-8710-7cfe064c6a23,fUSD,0.0001713,120,1,-14000.0,demand,2026-08-22T09:47:00.558280+00:00
d13f55fb-708f-4a93-8710-7cfe064c6a23,fUSD,0.0001712,120,1,-20000.0,demand,2026-08-22T09:47:00.558280+00:00
d13f55fb-708f-4a93-8710-7cfe064c6a23,fUSD,0.00017111,120,1,-2000000.0,demand,2026-08-22T09:47:00.558280+00:00
d13f55fb-708f-4a93-8710-7cfe064c6a23,fUSD,0.00016,120,2,-10009162.66122322,demand,2026-08-22T09:47:00.558280+00:00
d13f55fb-708f-4a93-8710-7cfe064c6a23,fUSD,0.000151,120,1,-10000.0,demand,2026-08-22T09:47:00.558280+00:00
d13f55fb-708f-4a93-8710-7cfe064c6a23,fUSD,0.0001502,30,1,-11396.24079554,demand,2026-08-22T09:47:00.558280+00:00
d13f55fb-708f-4a93-8710-7cfe064c6a23,fUSD,0.00015,90,1,-19550.75,demand,2026-08-22T09:47:00.558280+00:00
d13f55fb-708f-4a93-8710-7cfe064c6a23,fUSD,0.00015,29,1,-218795.0,demand,2026-08-22T09:47:00.558280+00:00
d13f55fb-708f-4a93-8710-7cfe064c6a23,fUSD,0.00015,120,1,-500.0,demand,2026-08-22T09:47:00.558280+00:00
d13f55fb-708f-4a93-8710-7cfe064c6a23,fUSD,0.00015,2,1,-10000.0,demand,2026-08-22T09:47:00.558280+00:00
d13f55fb-708f-4a93-8710-7cfe064c6a23,fUSD,0.00014252,120,1,-10770.76644364,demand,2026-08-22T09:47:00.558280+00:00
d13f55fb-708f-4a93-8710-7cfe064c6a23,fUSD,0.000142,7,2,-33460.26956997,demand,2026-08-22T09:47:00.558280+00:00
d13f55fb-708f-4a93-8710-7cfe064c6a23,fUSD,0.00014120000000000002,30,1,-13500.0,demand,2026-08-22T09:47:00.558280+00:00
d13f55fb-708f-4a93-8710-7cfe064c6a23,fUSD,0.00014000000000000001,2,1,-412066.56609951,demand,2026-08-22T09:47:00.558280+00:00
d13f55fb-708f-4a93-8710-7cfe064c6a23,fUSD,0.0001342,2,1,-1783904.39862186,demand,2026-08-22T09:47:00.558280+00:00
d13f55fb-708f-4a93-8710-7cfe064c6a23,fUSD,0.000134,2,1,-2000000.0,demand,2026-08-22T09:47:00.558280+00:00
d13f55fb-708f-4a93-8710-7cfe064c6a23,fUSD,0.00013,2,1,-2000000.0,demand,2026-08-22T09:47:00.558280+00:00
d13f55fb-708f-4a93-8710-7cfe064c6a23,fUSD,0.00012757,120,1,-100000.0,demand,2026-08-22T09:47:00.558280+00:00
d13f55fb-708f-4a93-8710-7cfe064c6a23,fUSD,0.0001221,120,1,-12587.13,demand,2026-08-22T09:47:00.558280+00:00
d13f55fb-708f-4a93-8710-7cfe064c6a23,fUSD,0.000121,7,1,-6000.0,demand,2026-08-22T09:47:00.558280+00:00
d13f55fb-708f-4a93-8710-7cfe064c6a23,fUSD,0.0001484901,2,1,182.8942,offer,2026-08-22T09:47:00.558280+00:00
d13f55fb-708f-4a93-8710-7cfe064c6a23,fUSD,0.00014874004999999998,2,1,150.0,offer,2026-08-22T09:47:00.558280+00:00
d13f55fb-708f-4a93-8710-7cfe064c6a23,fUSD,0.00014899,2,1,180.69185765,offer,2026-08-22T09:47:00.558280+00:00
d13f55fb-708f-4a93-8710-7cfe064c6a23,fUSD,0.00014998,2,3,875.5,offer,2026-08-22T09:47:00.558280+00:00
d13f55fb-708f-4a93-8710-7cfe064c6a23,fUSD,0.00014999,2,23,10636.78203566,offer,2026-08-22T09:47:00.558280+00:00
d13f55fb-708f-4a93-8710-7cfe064c6a23,fUSD,0.00017336275488,2,1,170.28,offer,2026-08-22T09:47:00.558280+00:00
d13f55fb-708f-4a93-8710-7cfe064c6a23,fUSD,0.00017605696882962266,3,1,158.62,offer,2026-08-22T09:47:00.558280+00:00
d13f55fb-708f-4a93-8710-7cfe064c6a23,fUSD,0.00017877926521882615,2,1,160.0,offer,2026-08-22T09:47:00.558280+00:00
d13f55fb-708f-4a93-8710-7cfe064c6a23,fUSD,0.000179,2,1,611.04481585,offer,2026-08-22T09:47:00.558280+00:00
d13f55fb-708f-4a93-8710-7cfe064c6a23,fUSD,0.000181,2,1,611.04481585,offer,2026-08-22T09:47:00.558280+00:00
d13f55fb-708f-4a93-8710-7cfe064c6a23,fUSD,0.000182,2,1,611.04481585,offer,2026-08-22T09:47:00.558280+00:00
d13f55fb-708f-4a93-8710-7cfe064c6a23,fUSD,0.000184,2,1,611.04481585,offer,2026-08-22T09:47:00.558280+00:00
d13f55fb-708f-4a93-8710-7cfe064c6a23,fUSD,0.00018520998649141992,2,1,1470.34,offer,2026-08-22T09:47:00.558280+00:00
d13f55fb-708f-4a93-8710-7cfe064c6a23,fUSD,0.00018598099999999997,2,2,586.57430428,offer,2026-08-22T09:47:00.558280+00:00
d13f55fb-708f-4a93-8710-7cfe064c6a23,fUSD,0.00018599099999999996,2,20,9665.57081078,offer,2026-08-22T09:47:00.558280+00:00
d13f55fb-708f-4a93-8710-7cfe064c6a23,fUSD,0.000186,2,1,611.04481585,offer,2026-08-22T09:47:00.558280+00:00
d13f55fb-708f-4a93-8710-7cfe064c6a23,fUSD,0.0001868687,2,1,981.31,offer,2026-08-22T09:47:00.558280+00:00
d13f55fb-708f-4a93-8710-7cfe064c6a23,fUSD,0.00018873099999999998,2,1,158.04311545,offer,2026-08-22T09:47:00.558280+00:00
d13f55fb-708f-4a93-8710-7cfe064c6a23,fUSD,0.0001889794,2,1,358.15,offer,2026-08-22T09:47:00.558280+00:00
d13f55fb-708f-4a93-8710-7cfe064c6a23,fUSD,0.00018903561647,2,2,407.42,offer,2026-08-22T09:47:00.558280+00:00
d13f55fb-708f-4a93-8710-7cfe064c6a23,fUSD,0.0001893844,2,1,154.9,offer,2026-08-22T09:47:00.558280+00:00
d13f55fb-708f-4a93-8710-7cfe064c6a23,fUSD,0.00019117666635692487,3,1,158.62,offer,2026-08-22T09:47:00.558280+00:00
d13f55fb-708f-4a93-8710-7cfe064c6a23,fUSD,0.00019147099999999997,2,10,5142.80888847,offer,2026-08-22T09:47:00.558280+00:00
d13f55fb-708f-4a93-8710-7cfe064c6a23,fUSD,0.000192,2,1,2000.0,offer,2026-08-22T09:47:00.558280+00:00
d13f55fb-708f-4a93-8710-7cfe064c6a23,fUSD,0.000193,2,2,2365.08284994,offer,2026-08-22T09:47:00.558280+00:00
8bf4e6ce-945c-48df-b998-65bce9ed40e7,fUSD,0.000273972602739726,120,1,-13333095.85639451,demand,2026-08-22T10:47:00.723779+00:00
8bf4e6ce-945c-48df-b998-65bce9ed40e7,fUSD,0.000209,30,1,-6289.12258117,demand,2026-08-22T10:47:00.723779+00:00
8bf4e6ce-945c-48df-b998-65bce9ed40e7,fUSD,0.00018010999999999998,120,1,-133240.73391109,demand,2026-08-22T10:47:00.723779+00:00
8bf4e6ce-945c-48df-b998-65bce9ed40e7,fUSD,0.0001777,120,1,-23123.30278361,demand,2026-08-22T10:47:00.723779+00:00
8bf4e6ce-945c-48df-b998-65bce9ed40e7,fUSD,0.000174,120,1,-12350.0,demand,2026-08-22T10:47:00.723779+00:00
8bf4e6ce-945c-48df-b998-65bce9ed40e7,fUSD,0.0001713,120,1,-14000.0,demand,2026-08-22T10:47:00.723779+00:00
8bf4e6ce-945c-48df-b998-65bce9ed40e7,fUSD,0.0001712,120,1,-20000.0,demand,2026-08-22T10:47:00.723779+00:00
8bf4e6ce-945c-48df-b998-65bce9ed40e7,fUSD,0.00017111,120,1,-2000000.0,demand,2026-08-22T10:47:00.723779+00:00
8bf4e6ce-945c-48df-b998-65bce9ed40e7,fUSD,0.00016,120,2,-10009162.66122322,demand,2026-08-22T10:47:00.723779+00:00
8bf4e6ce-945c-48df-b998-65bce9ed40e7,fUSD,0.000151,120,1,-10000.0,demand,2026-08-22T10:47:00.723779+00:00
8bf4e6ce-945c-48df-b998-65bce9ed40e7,fUSD,0.0001502,30,1,-11396.24079554,demand,2026-08-22T10:47:00.723779+00:00
8bf4e6ce-945c-48df-b998-65bce9ed40e7,fUSD,0.00015,90,1,-19550.75,demand,2026-08-22T10:47:00.723779+00:00
8bf4e6ce-945c-48df-b998-65bce9ed40e7,fUSD,0.00015,29,1,-218795.0,demand,2026-08-22T10:47:00.723779+00:00
8bf4e6ce-945c-48df-b998-65bce9ed40e7,fUSD,0.00015,120,1,-500.0,demand,2026-08-22T10:47:00.723779+00:00
8bf4e6ce-945c-48df-b998-65bce9ed40e7,fUSD,0.00015,2,1,-10000.0,demand,2026-08-22T10:47:00.723779+00:00
8bf4e6ce-945c-48df-b998-65bce9ed40e7,fUSD,0.00014252,120,1,-10770.76644364,demand,2026-08-22T10:47:00.723779+00:00
8bf4e6ce-945c-48df-b998-65bce9ed40e7,fUSD,0.000142,7,2,-33460.26956997,demand,2026-08-22T10:47:00.723779+00:00
8bf4e6ce-945c-48df-b998-65bce9ed40e7,fUSD,0.00014120000000000002,30,1,-13500.0,demand,2026-08-22T10:47:00.723779+00:00
8bf4e6ce-945c-48df-b998-65bce9ed40e7,fUSD,0.00014000000000000001,2,1,-406391.76609951,demand,2026-08-22T10:47:00.723779+00:00
8bf4e6ce-945c-48df-b998-65bce9ed40e7,fUSD,0.0001342,2,1,-1783904.39862186,demand,2026-08-22T10:47:00.723779+00:00
8bf4e6ce-945c-48df-b998-65bce9ed40e7,fUSD,0.000134,2,1,-2000000.0,demand,2026-08-22T10:47:00.723779+00:00
8bf4e6ce-945c-48df-b998-65bce9ed40e7,fUSD,0.00013,2,1,-2000000.0,demand,2026-08-22T10:47:00.723779+00:00
8bf4e6ce-945c-48df-b998-65bce9ed40e7,fUSD,0.00012757,120,1,-100000.0,demand,2026-08-22T10:47:00.723779+00:00
8bf4e6ce-945c-48df-b998-65bce9ed40e7,fUSD,0.0001221,120,1,-12587.13,demand,2026-08-22T10:47:00.723779+00:00
8bf4e6ce-945c-48df-b998-65bce9ed40e7,fUSD,0.000121,7,1,-6000.0,demand,2026-08-22T10:47:00.723779+00:00
8bf4e6ce-945c-48df-b998-65bce9ed40e7,fUSD,0.00014999,2,5,2220.79785617,offer,2026-08-22T10:47:00.723779+00:00
8bf4e6ce-945c-48df-b998-65bce9ed40e7,fUSD,0.000151864875,2,1,150.0,offer,2026-08-22T10:47:00.723779+00:00
8bf4e6ce-945c-48df-b998-65bce9ed40e7,fUSD,0.000158390496,2,1,151.17298406,offer,2026-08-22T10:47:00.723779+00:00
8bf4e6ce-945c-48df-b998-65bce9ed40e7,fUSD,0.00016159,2,1,150.0,offer,2026-08-22T10:47:00.723779+00:00
8bf4e6ce-945c-48df-b998-65bce9ed40e7,fUSD,0.000164989,2,6,900.0,offer,2026-08-22T10:47:00.723779+00:00
8bf4e6ce-945c-48df-b998-65bce9ed40e7,fUSD,0.00016498900000000002,2,2,500.0,offer,2026-08-22T10:47:00.723779+00:00
8bf4e6ce-945c-48df-b998-65bce9ed40e7,fUSD,0.000170088,2,1,445.25,offer,2026-08-22T10:47:00.723779+00:00
8bf4e6ce-945c-48df-b998-65bce9ed40e7,fUSD,0.00017267590000000002,2,4,1901.81728827,offer,2026-08-22T10:47:00.723779+00:00
8bf4e6ce-945c-48df-b998-65bce9ed40e7,fUSD,0.0001726859,2,1,4972.14,offer,2026-08-22T10:47:00.723779+00:00
8bf4e6ce-945c-48df-b998-65bce9ed40e7,fUSD,0.0001738504,2,1,163.41,offer,2026-08-22T10:47:00.723779+00:00
8bf4e6ce-945c-48df-b998-65bce9ed40e7,fUSD,0.0001749969,2,1,200.0,offer,2026-08-22T10:47:00.723779+00:00
8bf4e6ce-945c-48df-b998-65bce9ed40e7,fUSD,0.00017564,2,3,1303.78,offer,2026-08-22T10:47:00.723779+00:00
8bf4e6ce-945c-48df-b998-65bce9ed40e7,fUSD,0.00017607066745975962,3,2,658.7,offer,2026-08-22T10:47:00.723779+00:00
8bf4e6ce-945c-48df-b998-65bce9ed40e7,fUSD,0.0001762777,2,1,172.44,offer,2026-08-22T10:47:00.723779+00:00
8bf4e6ce-945c-48df-b998-65bce9ed40e7,fUSD,0.0001775494,2,1,360.24,offer,2026-08-22T10:47:00.723779+00:00
8bf4e6ce-945c-48df-b998-65bce9ed40e7,fUSD,0.000179,2,1,181.59626589,offer,2026-08-22T10:47:00.723779+00:00
8bf4e6ce-945c-48df-b998-65bce9ed40e7,fUSD,0.00017904,2,1,176.19,offer,2026-08-22T10:47:00.723779+00:00
8bf4e6ce-945c-48df-b998-65bce9ed40e7,fUSD,0.0001790421679409353,2,2,1417.60255945,offer,2026-08-22T10:47:00.723779+00:00
8bf4e6ce-945c-48df-b998-65bce9ed40e7,fUSD,0.0001800602,2,1,1102.33,offer,2026-08-22T10:47:00.723779+00:00
8bf4e6ce-945c-48df-b998-65bce9ed40e7,fUSD,0.0001801586,2,1,516.78,offer,2026-08-22T10:47:00.723779+00:00
8bf4e6ce-945c-48df-b998-65bce9ed40e7,fUSD,0.000181,2,1,181.59626589,offer,2026-08-22T10:47:00.723779+00:00
8bf4e6ce-945c-48df-b998-65bce9ed40e7,fUSD,0.000181759,2,1,159.46,offer,2026-08-22T10:47:00.723779+00:00
8bf4e6ce-945c-48df-b998-65bce9ed40e7,fUSD,0.000183,2,1,181.59626589,offer,2026-08-22T10:47:00.723779+00:00
8bf4e6ce-945c-48df-b998-65bce9ed40e7,fUSD,0.000183119,2,1,451.53,offer,2026-08-22T10:47:00.723779+00:00
8bf4e6ce-945c-48df-b998-65bce9ed40e7,fUSD,0.000184,2,1,181.59626589,offer,2026-08-22T10:47:00.723779+00:00
d9197974-227a-4ca2-9be9-3abeba3ef608,fUSD,0.000273972602739726,120,1,-13254947.62976152,demand,2026-08-22T11:47:00.470530+00:00
d9197974-227a-4ca2-9be9-3abeba3ef608,fUSD,0.000209,30,1,-6289.12258117,demand,2026-08-22T11:47:00.470530+00:00
d9197974-227a-4ca2-9be9-3abeba3ef608,fUSD,0.00018010999999999998,120,1,-133240.73391109,demand,2026-08-22T11:47:00.470530+00:00
d9197974-227a-4ca2-9be9-3abeba3ef608,fUSD,0.00018,7,1,-3010.72221307,demand,2026-08-22T11:47:00.470530+00:00
d9197974-227a-4ca2-9be9-3abeba3ef608,fUSD,0.0001777,120,1,-23123.30278361,demand,2026-08-22T11:47:00.470530+00:00
d9197974-227a-4ca2-9be9-3abeba3ef608,fUSD,0.000174,120,1,-12350.0,demand,2026-08-22T11:47:00.470530+00:00
d9197974-227a-4ca2-9be9-3abeba3ef608,fUSD,0.0001713,120,1,-14000.0,demand,2026-08-22T11:47:00.470530+00:00
d9197974-227a-4ca2-9be9-3abeba3ef608,fUSD,0.0001712,120,1,-20000.0,demand,2026-08-22T11:47:00.470530+00:00
d9197974-227a-4ca2-9be9-3abeba3ef608,fUSD,0.00017111,120,1,-2000000.0,demand,2026-08-22T11:47:00.470530+00:00
d9197974-227a-4ca2-9be9-3abeba3ef608,fUSD,0.00016,120,2,-10009162.66122322,demand,2026-08-22T11:47:00.470530+00:00
d9197974-227a-4ca2-9be9-3abeba3ef608,fUSD,0.000151,120,1,-10000.0,demand,2026-08-22T11:47:00.470530+00:00
d9197974-227a-4ca2-9be9-3abeba3ef608,fUSD,0.0001502,30,1,-11396.24079554,demand,2026-08-22T11:47:00.470530+00:00
d9197974-227a-4ca2-9be9-3abeba3ef608,fUSD,0.00015,90,1,-19550.75,demand,2026-08-22T11:47:00.470530+00:00
d9197974-227a-4ca2-9be9-3abeba3ef608,fUSD,0.00015,29,1,-218795.0,demand,2026-08-22T11:47:00.470530+00:00
d9197974-227a-4ca2-9be9-3abeba3ef608,fUSD,0.00015,120,1,-500.0,demand,2026-08-22T11:47:00.470530+00:00
d9197974-227a-4ca2-9be9-3abeba3ef608,fUSD,0.00015,2,1,-10000.0,demand,2026-08-22T11:47:00.470530+00:00
d9197974-227a-4ca2-9be9-3abeba3ef608,fUSD,0.00014252,120,1,-10770.76644364,demand,2026-08-22T11:47:00.470530+00:00
d9197974-227a-4ca2-9be9-3abeba3ef608,fUSD,0.000142,7,2,-33460.26956997,demand,2026-08-22T11:47:00.470530+00:00
d9197974-227a-4ca2-9be9-3abeba3ef608,fUSD,0.00014120000000000002,30,1,-13500.0,demand,2026-08-22T11:47:00.470530+00:00
d9197974-227a-4ca2-9be9-3abeba3ef608,fUSD,0.00014000000000000001,2,1,-398112.70526412,demand,2026-08-22T11:47:00.470530+00:00
d9197974-227a-4ca2-9be9-3abeba3ef608,fUSD,0.0001342,2,1,-1783904.39862186,demand,2026-08-22T11:47:00.470530+00:00
d9197974-227a-4ca2-9be9-3abeba3ef608,fUSD,0.000134,2,1,-2000000.0,demand,2026-08-22T11:47:00.470530+00:00
d9197974-227a-4ca2-9be9-3abeba3ef608,fUSD,0.00013,2,1,-2000000.0,demand,2026-08-22T11:47:00.470530+00:00
d9197974-227a-4ca2-9be9-3abeba3ef608,fUSD,0.00012757,120,1,-100000.0,demand,2026-08-22T11:47:00.470530+00:00
d9197974-227a-4ca2-9be9-3abeba3ef608,fUSD,0.0001221,120,1,-12587.13,demand,2026-08-22T11:47:00.470530+00:00
d9197974-227a-4ca2-9be9-3abeba3ef608,fUSD,0.00014999,2,9,4500.0,offer,2026-08-22T11:47:00.470530+00:00
d9197974-227a-4ca2-9be9-3abeba3ef608,fUSD,0.0001499912375,2,1,150.0,offer,2026-08-22T11:47:00.470530+00:00
d9197974-227a-4ca2-9be9-3abeba3ef608,fUSD,0.00014999495,2,7,1067.97379936,offer,2026-08-22T11:47:00.470530+00:00
d9197974-227a-4ca2-9be9-3abeba3ef608,fUSD,0.00016498900000000002,2,2,553.05978309,offer,2026-08-22T11:47:00.470530+00:00
d9197974-227a-4ca2-9be9-3abeba3ef608,fUSD,0.000178,2,3,2609.07567706,offer,2026-08-22T11:47:00.470530+00:00
d9197974-227a-4ca2-9be9-3abeba3ef608,fUSD,0.00018,2,4,2770.19922584,offer,2026-08-22T11:47:00.470530+00:00
d9197974-227a-4ca2-9be9-3abeba3ef608,fUSD,0.000182,2,3,2572.80148591,offer,2026-08-22T11:47:00.470530+00:00
d9197974-227a-4ca2-9be9-3abeba3ef608,fUSD,0.000183,2,2,2411.67793713,offer,2026-08-22T11:47:00.470530+00:00
d9197974-227a-4ca2-9be9-3abeba3ef608,fUSD,0.000184,2,1,161.12354878,offer,2026-08-22T11:47:00.470530+00:00
d9197974-227a-4ca2-9be9-3abeba3ef608,fUSD,0.0001843382,2,1,192.13,offer,2026-08-22T11:47:00.470530+00:00
d9197974-227a-4ca2-9be9-3abeba3ef608,fUSD,0.00018463,2,1,164.69,offer,2026-08-22T11:47:00.470530+00:00
d9197974-227a-4ca2-9be9-3abeba3ef608,fUSD,0.000185,2,2,2411.67793713,offer,2026-08-22T11:47:00.470530+00:00
d9197974-227a-4ca2-9be9-3abeba3ef608,fUSD,0.000187,2,1,1450.88532477,offer,2026-08-22T11:47:00.470530+00:00
d9197974-227a-4ca2-9be9-3abeba3ef608,fUSD,0.000187269041096,2,2,2729.41610091,offer,2026-08-22T11:47:00.470530+00:00
d9197974-227a-4ca2-9be9-3abeba3ef608,fUSD,0.000189,2,1,1450.88532477,offer,2026-08-22T11:47:00.470530+00:00
d9197974-227a-4ca2-9be9-3abeba3ef608,fUSD,0.000189327699,2,1,184.93,offer,2026-08-22T11:47:00.470530+00:00
d9197974-227a-4ca2-9be9-3abeba3ef608,fUSD,0.0001901095890410959,2,3,450.0,offer,2026-08-22T11:47:00.470530+00:00
d9197974-227a-4ca2-9be9-3abeba3ef608,fUSD,0.000191,2,1,1450.88532477,offer,2026-08-22T11:47:00.470530+00:00
d9197974-227a-4ca2-9be9-3abeba3ef608,fUSD,0.000191034542465,2,1,1265.55165093,offer,2026-08-22T11:47:00.470530+00:00
d9197974-227a-4ca2-9be9-3abeba3ef608,fUSD,0.0001913699,2,1,275.58,offer,2026-08-22T11:47:00.470530+00:00
d9197974-227a-4ca2-9be9-3abeba3ef608,fUSD,0.000191438237704918,2,21,15262.66412373,offer,2026-08-22T11:47:00.470530+00:00
d9197974-227a-4ca2-9be9-3abeba3ef608,fUSD,0.0001917089,2,1,165.39,offer,2026-08-22T11:47:00.470530+00:00
d9197974-227a-4ca2-9be9-3abeba3ef608,fUSD,0.0001923942,2,1,169.37,offer,2026-08-22T11:47:00.470530+00:00
d9197974-227a-4ca2-9be9-3abeba3ef608,fUSD,0.000193,2,1,1450.88532477,offer,2026-08-22T11:47:00.470530+00:00
d9197974-227a-4ca2-9be9-3abeba3ef608,fUSD,0.0001932538,2,1,6374.92,offer,2026-08-22T11:47:00.470530+00:00
505ee2f2-d6c5-43fd-b723-2a376a79b262,fUSD,0.000273972602739726,120,1,-12953203.93110293,demand,2026-08-22T12:47:00.550578+00:00
505ee2f2-d6c5-43fd-b723-2a376a79b262,fUSD,0.000209,30,1,-6289.12258117,demand,2026-08-22T12:47:00.550578+00:00
505ee2f2-d6c5-43fd-b723-2a376a79b262,fUSD,0.00018010999999999998,120,1,-133240.73391109,demand,2026-08-22T12:47:00.550578+00:00
505ee2f2-d6c5-43fd-b723-2a376a79b262,fUSD,0.0001777,120,1,-23123.30278361,demand,2026-08-22T12:47:00.550578+00:00
505ee2f2-d6c5-43fd-b723-2a376a79b262,fUSD,0.000174,120,1,-12350.0,demand,2026-08-22T12:47:00.550578+00:00
505ee2f2-d6c5-43fd-b723-2a376a79b262,fUSD,0.0001713,120,1,-14000.0,demand,2026-08-22T12:47:00.550578+00:00
505ee2f2-d6c5-43fd-b723-2a376a79b262,fUSD,0.0001712,120,1,-20000.0,demand,2026-08-22T12:47:00.550578+00:00
505ee2f2-d6c5-43fd-b723-2a376a79b262,fUSD,0.00017111,120,1,-2000000.0,demand,2026-08-22T12:47:00.550578+00:00
505ee2f2-d6c5-43fd-b723-2a376a79b262,fUSD,0.00016,120,2,-10009162.66122322,demand,2026-08-22T12:47:00.550578+00:00
505ee2f2-d6c5-43fd-b723-2a376a79b262,fUSD,0.000151,120,1,-10000.0,demand,2026-08-22T12:47:00.550578+00:00
505ee2f2-d6c5-43fd-b723-2a376a79b262,fUSD,0.0001502,30,1,-11396.24079554,demand,2026-08-22T12:47:00.550578+00:00
505ee2f2-d6c5-43fd-b723-2a376a79b262,fUSD,0.00015,90,1,-19550.75,demand,2026-08-22T12:47:00.550578+00:00
505ee2f2-d6c5-43fd-b723-2a376a79b262,fUSD,0.00015,29,1,-218795.0,demand,2026-08-22T12:47:00.550578+00:00
505ee2f2-d6c5-43fd-b723-2a376a79b262,fUSD,0.00015,120,1,-500.0,demand,2026-08-22T12:47:00.550578+00:00
505ee2f2-d6c5-43fd-b723-2a376a79b262,fUSD,0.00015,2,1,-10000.0,demand,2026-08-22T12:47:00.550578+00:00
505ee2f2-d6c5-43fd-b723-2a376a79b262,fUSD,0.00014252,120,1,-10770.76644364,demand,2026-08-22T12:47:00.550578+00:00
505ee2f2-d6c5-43fd-b723-2a376a79b262,fUSD,0.000142,7,2,-33460.26956997,demand,2026-08-22T12:47:00.550578+00:00
505ee2f2-d6c5-43fd-b723-2a376a79b262,fUSD,0.00014120000000000002,30,1,-13500.0,demand,2026-08-22T12:47:00.550578+00:00
505ee2f2-d6c5-43fd-b723-2a376a79b262,fUSD,0.00014000000000000001,2,1,-384713.58986012,demand,2026-08-22T12:47:00.550578+00:00
505ee2f2-d6c5-43fd-b723-2a376a79b262,fUSD,0.0001342,2,1,-1783904.39862186,demand,2026-08-22T12:47:00.550578+00:00
505ee2f2-d6c5-43fd-b723-2a376a79b262,fUSD,0.000134,2,1,-2000000.0,demand,2026-08-22T12:47:00.550578+00:00
505ee2f2-d6c5-43fd-b723-2a376a79b262,fUSD,0.00013,2,1,-2000000.0,demand,2026-08-22T12:47:00.550578+00:00
505ee2f2-d6c5-43fd-b723-2a376a79b262,fUSD,0.00012757,120,1,-100000.0,demand,2026-08-22T12:47:00.550578+00:00
505ee2f2-d6c5-43fd-b723-2a376a79b262,fUSD,0.0001221,120,1,-12587.13,demand,2026-08-22T12:47:00.550578+00:00
505ee2f2-d6c5-43fd-b723-2a376a79b262,fUSD,0.000121,7,1,-6000.0,demand,2026-08-22T12:47:00.550578+00:00
505ee2f2-d6c5-43fd-b723-2a376a79b262,fUSD,0.00014579839569282645,3,1,158.52,offer,2026-08-22T12:47:00.550578+00:00
505ee2f2-d6c5-43fd-b723-2a376a79b262,fUSD,0.00014689879676961983,2,1,150.0,offer,2026-08-22T12:47:00.550578+00:00
505ee2f2-d6c5-43fd-b723-2a376a79b262,fUSD,0.0001603782352621091,2,1,303.05978309,offer,2026-08-22T12:47:00.550578+00:00
505ee2f2-d6c5-43fd-b723-2a376a79b262,fUSD,0.00016091809322012863,3,1,158.52,offer,2026-08-22T12:47:00.550578+00:00
505ee2f2-d6c5-43fd-b723-2a376a79b262,fUSD,0.0001708994,3,1,152.0,offer,2026-08-22T12:47:00.550578+00:00
505ee2f2-d6c5-43fd-b723-2a376a79b262,fUSD,0.00017603779074743084,3,1,158.52,offer,2026-08-22T12:47:00.550578+00:00
505ee2f2-d6c5-43fd-b723-2a376a79b262,fUSD,0.00018098630136986302,2,2,300.0,offer,2026-08-22T12:47:00.550578+00:00
505ee2f2-d6c5-43fd-b723-2a376a79b262,fUSD,0.0001815515,2,1,321.6,offer,2026-08-22T12:47:00.550578+00:00
505ee2f2-d6c5-43fd-b723-2a376a79b262,fUSD,0.00018224799461603305,2,1,150.0,offer,2026-08-22T12:47:00.550578+00:00
505ee2f2-d6c5-43fd-b723-2a376a79b262,fUSD,0.00018379,2,1,169.42142011,offer,2026-08-22T12:47:00.550578+00:00
505ee2f2-d6c5-43fd-b723-2a376a79b262,fUSD,0.0001838078,2,1,183.12,offer,2026-08-22T12:47:00.550578+00:00
505ee2f2-d6c5-43fd-b723-2a376a79b262,fUSD,0.0001846885,2,2,930.9592505,offer,2026-08-22T12:47:00.550578+00:00
505ee2f2-d6c5-43fd-b723-2a376a79b262,fUSD,0.0001846985,2,1,8149.22,offer,2026-08-22T12:47:00.550578+00:00
505ee2f2-d6c5-43fd-b723-2a376a79b262,fUSD,0.0001847923,2,1,357.18,offer,2026-08-22T12:47:00.550578+00:00
505ee2f2-d6c5-43fd-b723-2a376a79b262,fUSD,0.0001859707,2,1,167.96,offer,2026-08-22T12:47:00.550578+00:00
505ee2f2-d6c5-43fd-b723-2a376a79b262,fUSD,0.0001870493,4,1,152.0,offer,2026-08-22T12:47:00.550578+00:00
505ee2f2-d6c5-43fd-b723-2a376a79b262,fUSD,0.0001873265,2,1,168.83,offer,2026-08-22T12:47:00.550578+00:00
505ee2f2-d6c5-43fd-b723-2a376a79b262,fUSD,0.00018848988,2,1,150.0,offer,2026-08-22T12:47:00.550578+00:00
505ee2f2-d6c5-43fd-b723-2a376a79b262,fUSD,0.0001893888177488467,2,1,202.0,offer,2026-08-22T12:47:00.550578+00:00
505ee2f2-d6c5-43fd-b723-2a376a79b262,fUSD,0.00019099999999999998,2,1,213.89405435,offer,2026-08-22T12:47:00.550578+00:00
505ee2f2-d6c5-43fd-b723-2a376a79b262,fUSD,0.000191,2,9,1906.81246149,offer,2026-08-22T12:47:00.550578+00:00
505ee2f2-d6c5-43fd-b723-2a376a79b262,fUSD,0.00019100001749094433,2,1,207.0,offer,2026-08-22T12:47:00.550578+00:00
505ee2f2-d6c5-43fd-b723-2a376a79b262,fUSD,0.00019100139201271195,2,1,204.0,offer,2026-08-22T12:47:00.550578+00:00
505ee2f2-d6c5-43fd-b723-2a376a79b262,fUSD,0.00019110684931506847,2,2,357.0,offer,2026-08-22T12:47:00.550578+00:00
505ee2f2-d6c5-43fd-b723-2a376a79b262,fUSD,0.00019110750540067803,2,2,386.22343318,offer,2026-08-22T12:47:00.550578+00:00
80e0a0a9-34e7-4946-94ef-12b14e9e4087,fUSD,0.000273972602739726,120,1,-12952111.93110293,demand,2026-08-22T13:47:00.488897+00:00
80e0a0a9-34e7-4946-94ef-12b14e9e4087,fUSD,0.000209,30,1,-6289.12258117,demand,2026-08-22T13:47:00.488897+00:00
80e0a0a9-34e7-4946-94ef-12b14e9e4087,fUSD,0.00018010999999999998,120,1,-133240.73391109,demand,2026-08-22T13:47:00.488897+00:00
80e0a0a9-34e7-4946-94ef-12b14e9e4087,fUSD,0.0001777,120,1,-23123.30278361,demand,2026-08-22T13:47:00.488897+00:00
80e0a0a9-34e7-4946-94ef-12b14e9e4087,fUSD,0.000174,120,1,-12350.0,demand,2026-08-22T13:47:00.488897+00:00
80e0a0a9-34e7-4946-94ef-12b14e9e4087,fUSD,0.0001713,120,1,-14000.0,demand,2026-08-22T13:47:00.488897+00:00
80e0a0a9-34e7-4946-94ef-12b14e9e4087,fUSD,0.0001712,120,1,-20000.0,demand,2026-08-22T13:47:00.488897+00:00
80e0a0a9-34e7-4946-94ef-12b14e9e4087,fUSD,0.00017111,120,1,-2000000.0,demand,2026-08-22T13:47:00.488897+00:00
80e0a0a9-34e7-4946-94ef-12b14e9e4087,fUSD,0.00016,120,2,-10009162.66122322,demand,2026-08-22T13:47:00.488897+00:00
80e0a0a9-34e7-4946-94ef-12b14e9e4087,fUSD,0.00016,7,1,-6000.0,demand,2026-08-22T13:47:00.488897+00:00
80e0a0a9-34e7-4946-94ef-12b14e9e4087,fUSD,0.000151,120,1,-10000.0,demand,2026-08-22T13:47:00.488897+00:00
80e0a0a9-34e7-4946-94ef-12b14e9e4087,fUSD,0.0001502,30,1,-11396.24079554,demand,2026-08-22T13:47:00.488897+00:00
80e0a0a9-34e7-4946-94ef-12b14e9e4087,fUSD,0.00015,90,1,-19550.75,demand,2026-08-22T13:47:00.488897+00:00
80e0a0a9-34e7-4946-94ef-12b14e9e4087,fUSD,0.00015,29,1,-218795.0,demand,2026-08-22T13:47:00.488897+00:00
80e0a0a9-34e7-4946-94ef-12b14e9e4087,fUSD,0.00015,120,1,-500.0,demand,2026-08-22T13:47:00.488897+00:00
80e0a0a9-34e7-4946-94ef-12b14e9e4087,fUSD,0.00015,2,1,-10000.0,demand,2026-08-22T13:47:00.488897+00:00
80e0a0a9-34e7-4946-94ef-12b14e9e4087,fUSD,0.00014252,120,1,-10770.76644364,demand,2026-08-22T13:47:00.488897+00:00
80e0a0a9-34e7-4946-94ef-12b14e9e4087,fUSD,0.000142,7,2,-33460.26956997,demand,2026-08-22T13:47:00.488897+00:00
80e0a0a9-34e7-4946-94ef-12b14e9e4087,fUSD,0.00014120000000000002,30,1,-13500.0,demand,2026-08-22T13:47:00.488897+00:00
80e0a0a9-34e7-4946-94ef-12b14e9e4087,fUSD,0.00014000000000000001,2,1,-378913.58986012,demand,2026-08-22T13:47:00.488897+00:00
80e0a0a9-34e7-4946-94ef-12b14e9e4087,fUSD,0.0001342,2,1,-1783904.39862186,demand,2026-08-22T13:47:00.488897+00:00
80e0a0a9-34e7-4946-94ef-12b14e9e4087,fUSD,0.000134,2,1,-2000000.0,demand,2026-08-22T13:47:00.488897+00:00
80e0a0a9-34e7-4946-94ef-12b14e9e4087,fUSD,0.00013,2,1,-2000000.0,demand,2026-08-22T13:47:00.488897+00:00
80e0a0a9-34e7-4946-94ef-12b14e9e4087,fUSD,0.00012757,120,1,-100000.0,demand,2026-08-22T13:47:00.488897+00:00
80e0a0a9-34e7-4946-94ef-12b14e9e4087,fUSD,0.0001221,120,1,-12587.13,demand,2026-08-22T13:47:00.488897+00:00
80e0a0a9-34e7-4946-94ef-12b14e9e4087,fUSD,0.00014999,2,12,12523.85615804,offer,2026-08-22T13:47:00.488897+00:00
80e0a0a9-34e7-4946-94ef-12b14e9e4087,fUSD,0.0001499925,2,1,266.73934976,offer,2026-08-22T13:47:00.488897+00:00
80e0a0a9-34e7-4946-94ef-12b14e9e4087,fUSD,0.00015,2,4,953.47590859,offer,2026-08-22T13:47:00.488897+00:00
80e0a0a9-34e7-4946-94ef-12b14e9e4087,fUSD,0.0001523963,2,1,318.98,offer,2026-08-22T13:47:00.488897+00:00
80e0a0a9-34e7-4946-94ef-12b14e9e4087,fUSD,0.0001546838,2,1,318.98,offer,2026-08-22T13:47:00.488897+00:00
80e0a0a9-34e7-4946-94ef-12b14e9e4087,fUSD,0.00015479387383388055,2,1,520.70941766,offer,2026-08-22T13:47:00.488897+00:00
80e0a0a9-34e7-4946-94ef-12b14e9e4087,fUSD,0.00015498,2,2,937.94644783,offer,2026-08-22T13:47:00.488897+00:00
80e0a0a9-34e7-4946-94ef-12b14e9e4087,fUSD,0.00015499,2,1,598.7,offer,2026-08-22T13:47:00.488897+00:00
80e0a0a9-34e7-4946-94ef-12b14e9e4087,fUSD,0.0001562597,2,1,318.98,offer,2026-08-22T13:47:00.488897+00:00
80e0a0a9-34e7-4946-94ef-12b14e9e4087,fUSD,0.0001574895,2,1,303.9,offer,2026-08-22T13:47:00.488897+00:00
80e0a0a9-34e7-4946-94ef-12b14e9e4087,fUSD,0.0001575,2,1,318.98,offer,2026-08-22T13:47:00.488897+00:00
80e0a0a9-34e7-4946-94ef-12b14e9e4087,fUSD,0.0001627856,2,1,516.78,offer,2026-08-22T13:47:00.488897+00:00
80e0a0a9-34e7-4946-94ef-12b14e9e4087,fUSD,0.0001634629,2,1,6374.92,offer,2026-08-22T13:47:00.488897+00:00
80e0a0a9-34e7-4946-94ef-12b14e9e4087,fUSD,0.0001636946,2,1,1202.11,offer,2026-08-22T13:47:00.488897+00:00
80e0a0a9-34e7-4946-94ef-12b14e9e4087,fUSD,0.0001637178,2,1,869.76,offer,2026-08-22T13:47:00.488897+00:00
80e0a0a9-34e7-4946-94ef-12b14e9e4087,fUSD,0.0001640329,2,1,156.33,offer,2026-08-22T13:47:00.488897+00:00
80e0a0a9-34e7-4946-94ef-12b14e9e4087,fUSD,0.0001643186,2,1,162.13,offer,2026-08-22T13:47:00.488897+00:00
80e0a0a9-34e7-4946-94ef-12b14e9e4087,fUSD,0.00016498900000000002,2,1,303.05978309,offer,2026-08-22T13:47:00.488897+00:00
80e0a0a9-34e7-4946-94ef-12b14e9e4087,fUSD,0.00016505,4,1,17601.5740691,offer,2026-08-22T13:47:00.488897+00:00
80e0a0a9-34e7-4946-94ef-12b14e9e4087,fUSD,0.0001652253,2,1,180.75,offer,2026-08-22T13:47:00.488897+00:00
80e0a0a9-34e7-4946-94ef-12b14e9e4087,fUSD,0.0001654868,2,1,159.46,offer,2026-08-22T13:47:00.488897+00:00
80e0a0a9-34e7-4946-94ef-12b14e9e4087,fUSD,0.0001660928976,2,1,871.69,offer,2026-08-22T13:47:00.488897+00:00
80e0a0a9-34e7-4946-94ef-12b14e9e4087,fUSD,0.00016800000000000002,3,1,181.0,offer,2026-08-22T13:47:00.488897+00:00
80e0a0a9-34e7-4946-94ef-12b14e9e4087,fUSD,0.0001695005712328767,2,1,156.33,offer,2026-08-22T13:47:00.488897+00:00
80e0a0a9-34e7-4946-94ef-12b14e9e4087,fUSD,0.0001713,2,2,629.24,offer,2026-08-22T13:47:00.488897+00:00
c75c28a6-91b7-46d9-bacf-20a1c4434c15,fUSD,0.000273972602739726,120,1,-12917672.96006043,demand,2026-08-22T14:47:00.477197+00:00
c75c28a6-91b7-46d9-bacf-20a1c4434c15,fUSD,0.000209,30,1,-6289.12258117,demand,2026-08-22T14:47:00.477197+00:00
c75c28a6-91b7-46d9-bacf-20a1c4434c15,fUSD,0.00018010999999999998,120,1,-133240.73391109,demand,2026-08-22T14:47:00.477197+00:00
c75c28a6-91b7-46d9-bacf-20a1c4434c15,fUSD,0.0001777,120,1,-23123.30278361,demand,2026-08-22T14:47:00.477197+00:00
c75c28a6-91b7-46d9-bacf-20a1c4434c15,fUSD,0.000174,120,1,-12350.0,demand,2026-08-22T14:47:00.477197+00:00
c75c28a6-91b7-46d9-bacf-20a1c4434c15,fUSD,0.0001713,120,1,-14000.0,demand,2026-08-22T14:47:00.477197+00:00
c75c28a6-91b7-46d9-bacf-20a1c4434c15,fUSD,0.0001712,120,1,-20000.0,demand,2026-08-22T14:47:00.477197+00:00
c75c28a6-91b7-46d9-bacf-20a1c4434c15,fUSD,0.00017111,120,1,-2000000.0,demand,2026-08-22T14:47:00.477197+00:00
c75c28a6-91b7-46d9-bacf-20a1c4434c15,fUSD,0.00016,120,2,-10009162.66122322,demand,2026-08-22T14:47:00.477197+00:00
c75c28a6-91b7-46d9-bacf-20a1c4434c15,fUSD,0.00016,7,1,-4547.18373663,demand,2026-08-22T14:47:00.477197+00:00
c75c28a6-91b7-46d9-bacf-20a1c4434c15,fUSD,0.000151,120,1,-10000.0,demand,2026-08-22T14:47:00.477197+00:00
c75c28a6-91b7-46d9-bacf-20a1c4434c15,fUSD,0.0001502,30,1,-11396.24079554,demand,2026-08-22T14:47:00.477197+00:00
c75c28a6-91b7-46d9-bacf-20a1c4434c15,fUSD,0.00015,90,1,-19550.75,demand,2026-08-22T14:47:00.477197+00:00
c75c28a6-91b7-46d9-bacf-20a1c4434c15,fUSD,0.00015,29,1,-218795.0,demand,2026-08-22T14:47:00.477197+00:00
c75c28a6-91b7-46d9-bacf-20a1c4434c15,fUSD,0.00015,120,1,-500.0,demand,2026-08-22T14:47:00.477197+00:00
c75c28a6-91b7-46d9-bacf-20a1c4434c15,fUSD,0.00015,2,1,-10000.0,demand,2026-08-22T14:47:00.477197+00:00
c75c28a6-91b7-46d9-bacf-20a1c4434c15,fUSD,0.00014252,120,1,-10770.76644364,demand,2026-08-22T14:47:00.477197+00:00
c75c28a6-91b7-46d9-bacf-20a1c4434c15,fUSD,0.000142,7,2,-33460.26956997,demand,2026-08-22T14:47:00.477197+00:00
c75c28a6-91b7-46d9-bacf-20a1c4434c15,fUSD,0.00014120000000000002,30,1,-13500.0,demand,2026-08-22T14:47:00.477197+00:00
c75c28a6-91b7-46d9-bacf-20a1c4434c15,fUSD,0.0001401,2,1,-142841.57,demand,2026-08-22T14:47:00.477197+00:00
c75c28a6-91b7-46d9-bacf-20a1c4434c15,fUSD,0.00014000000000000001,2,1,-375320.08104711,demand,2026-08-22T14:47:00.477197+00:00
c75c28a6-91b7-46d9-bacf-20a1c4434c15,fUSD,0.0001342,2,1,-1783904.39862186,demand,2026-08-22T14:47:00.477197+00:00
c75c28a6-91b7-46d9-bacf-20a1c4434c15,fUSD,0.000134,2,1,-2000000.0,demand,2026-08-22T14:47:00.477197+00:00
c75c28a6-91b7-46d9-bacf-20a1c4434c15,fUSD,0.00013,2,1,-2000000.0,demand,2026-08-22T14:47:00.477197+00:00
c75c28a6-91b7-46d9-bacf-20a1c4434c15,fUSD,0.00012757,120,1,-100000.0,demand,2026-08-22T14:47:00.477197+00:00
c75c28a6-91b7-46d9-bacf-20a1c4434c15,fUSD,0.00014579291624077165,3,1,158.43,offer,2026-08-22T14:47:00.477197+00:00
c75c28a6-91b7-46d9-bacf-20a1c4434c15,fUSD,0.00014734145812038586,2,1,150.0,offer,2026-08-22T14:47:00.477197+00:00
c75c28a6-91b7-46d9-bacf-20a1c4434c15,fUSD,0.00014888,2,1,150.0,offer,2026-08-22T14:47:00.477197+00:00
c75c28a6-91b7-46d9-bacf-20a1c4434c15,fUSD,0.00014888000000000005,2,23,11023.27682193,offer,2026-08-22T14:47:00.477197+00:00
c75c28a6-91b7-46d9-bacf-20a1c4434c15,fUSD,0.00014894,2,1,169.28,offer,2026-08-22T14:47:00.477197+00:00
c75c28a6-91b7-46d9-bacf-20a1c4434c15,fUSD,0.00014895068493150684,2,1,162.68258903,offer,2026-08-22T14:47:00.477197+00:00
c75c28a6-91b7-46d9-bacf-20a1c4434c15,fUSD,0.00014999,2,5,2631.19136752,offer,2026-08-22T14:47:00.477197+00:00
c75c28a6-91b7-46d9-bacf-20a1c4434c15,fUSD,0.000156366,2,1,383.45,offer,2026-08-22T14:47:00.477197+00:00
c75c28a6-91b7-46d9-bacf-20a1c4434c15,fUSD,0.0001563765,2,1,303.88,offer,2026-08-22T14:47:00.477197+00:00
c75c28a6-91b7-46d9-bacf-20a1c4434c15,fUSD,0.00016037220786484883,2,3,450.0,offer,2026-08-22T14:47:00.477197+00:00
c75c28a6-91b7-46d9-bacf-20a1c4434c15,fUSD,0.00016091261376807383,3,1,158.43,offer,2026-08-22T14:47:00.477197+00:00
c75c28a6-91b7-46d9-bacf-20a1c4434c15,fUSD,0.00016438,2,2,1034.70239803,offer,2026-08-22T14:47:00.477197+00:00
c75c28a6-91b7-46d9-bacf-20a1c4434c15,fUSD,0.0001692,2,1,206.70329209,offer,2026-08-22T14:47:00.477197+00:00
c75c28a6-91b7-46d9-bacf-20a1c4434c15,fUSD,0.0001701184,2,1,163.23,offer,2026-08-22T14:47:00.477197+00:00
c75c28a6-91b7-46d9-bacf-20a1c4434c15,fUSD,0.0001713,2,4,3558.51,offer,2026-08-22T14:47:00.477197+00:00
c75c28a6-91b7-46d9-bacf-20a1c4434c15,fUSD,0.0001713,7,2,2372.34,offer,2026-08-22T14:47:00.477197+00:00
c75c28a6-91b7-46d9-bacf-20a1c4434c15,fUSD,0.0001738595,2,1,756.71,offer,2026-08-22T14:47:00.477197+00:00
c75c28a6-91b7-46d9-bacf-20a1c4434c15,fUSD,0.00017397,2,1,572.761,offer,2026-08-22T14:47:00.477197+00:00
c75c28a6-91b7-46d9-bacf-20a1c4434c15,fUSD,0.0001741856,2,1,170.62,offer,2026-08-22T14:47:00.477197+00:00
c75c28a6-91b7-46d9-bacf-20a1c4434c15,fUSD,0.0001744570932134984,7,1,337.71471024,offer,2026-08-22T14:47:00.477197+00:00
c75c28a6-91b7-46d9-bacf-20a1c4434c15,fUSD,0.00017468904206303308,7,1,150.0,offer,2026-08-22T14:47:00.477197+00:00
c75c28a6-91b7-46d9-bacf-20a1c4434c15,fUSD,0.00017603231129537604,3,1,158.43,offer,2026-08-22T14:47:00.477197+00:00
c75c28a6-91b7-46d9-bacf-20a1c4434c15,fUSD,0.0001763168,2,1,150.0,offer,2026-08-22T14:47:00.477197+00:00
c75c28a6-91b7-46d9-bacf-20a1c4434c15,fUSD,0.000179,2,2,500.98461604,offer,2026-08-22T14:47:00.477197+00:00
c75c28a6-91b7-46d9-bacf-20a1c4434c15,fUSD,0.0001793241963839213,2,3,1595.22337128,offer,2026-08-22T14:47:00.477197+00:00
4b40e21a-4e67-4c5b-8c47-e7a55371d4a2,fUSD,0.000273972602739726,120,1,-12835627.49585143,demand,2026-08-22T15:47:00.628832+00:00
4b40e21a-4e67-4c5b-8c47-e7a55371d4a2,fUSD,0.000209,30,1,-6289.12258117,demand,2026-08-22T15:47:00.628832+00:00
4b40e21a-4e67-4c5b-8c47-e7a55371d4a2,fUSD,0.00018010999999999998,120,1,-133240.73391109,demand,2026-08-22T15:47:00.628832+00:00
4b40e21a-4e67-4c5b-8c47-e7a55371d4a2,fUSD,0.0001777,120,1,-23123.30278361,demand,2026-08-22T15:47:00.628832+00:00
4b40e21a-4e67-4c5b-8c47-e7a55371d4a2,fUSD,0.000174,120,1,-12350.0,demand,2026-08-22T15:47:00.628832+00:00
4b40e21a-4e67-4c5b-8c47-e7a55371d4a2,fUSD,0.0001713,120,1,-14000.0,demand,2026-08-22T15:47:00.628832+00:00
4b40e21a-4e67-4c5b-8c47-e7a55371d4a2,fUSD,0.0001712,120,1,-20000.0,demand,2026-08-22T15:47:00.628832+00:00
4b40e21a-4e67-4c5b-8c47-e7a55371d4a2,fUSD,0.00017111,120,1,-2000000.0,demand,2026-08-22T15:47:00.628832+00:00
4b40e21a-4e67-4c5b-8c47-e7a55371d4a2,fUSD,0.00016,120,2,-10009162.66122322,demand,2026-08-22T15:47:00.628832+00:00
4b40e21a-4e67-4c5b-8c47-e7a55371d4a2,fUSD,0.00016,7,1,-3006.91382248,demand,2026-08-22T15:47:00.628832+00:00
4b40e21a-4e67-4c5b-8c47-e7a55371d4a2,fUSD,0.000151,120,1,-10000.0,demand,2026-08-22T15:47:00.628832+00:00
4b40e21a-4e67-4c5b-8c47-e7a55371d4a2,fUSD,0.0001502,30,1,-11396.24079554,demand,2026-08-22T15:47:00.628832+00:00
4b40e21a-4e67-4c5b-8c47-e7a55371d4a2,fUSD,0.00015,90,1,-19550.75,demand,2026-08-22T15:47:00.628832+00:00
4b40e21a-4e67-4c5b-8c47-e7a55371d4a2,fUSD,0.00015,29,1,-218795.0,demand,2026-08-22T15:47:00.628832+00:00
4b40e21a-4e67-4c5b-8c47-e7a55371d4a2,fUSD,0.00015,120,1,-500.0,demand,2026-08-22T15:47:00.628832+00:00
4b40e21a-4e67-4c5b-8c47-e7a55371d4a2,fUSD,0.00015,2,1,-10000.0,demand,2026-08-22T15:47:00.628832+00:00
4b40e21a-4e67-4c5b-8c47-e7a55371d4a2,fUSD,0.00014252,120,1,-10770.76644364,demand,2026-08-22T15:47:00.628832+00:00
4b40e21a-4e67-4c5b-8c47-e7a55371d4a2,fUSD,0.000142,7,2,-33460.26956997,demand,2026-08-22T15:47:00.628832+00:00
4b40e21a-4e67-4c5b-8c47-e7a55371d4a2,fUSD,0.00014120000000000002,30,1,-13500.0,demand,2026-08-22T15:47:00.628832+00:00
4b40e21a-4e67-4c5b-8c47-e7a55371d4a2,fUSD,0.0001401,2,1,-135442.534857,demand,2026-08-22T15:47:00.628832+00:00
4b40e21a-4e67-4c5b-8c47-e7a55371d4a2,fUSD,0.00014000000000000001,2,1,-375320.08104711,demand,2026-08-22T15:47:00.628832+00:00
4b40e21a-4e67-4c5b-8c47-e7a55371d4a2,fUSD,0.0001342,2,1,-1783904.39862186,demand,2026-08-22T15:47:00.628832+00:00
4b40e21a-4e67-4c5b-8c47-e7a55371d4a2,fUSD,0.000134,2,1,-2000000.0,demand,2026-08-22T15:47:00.628832+00:00
4b40e21a-4e67-4c5b-8c47-e7a55371d4a2,fUSD,0.00013,2,1,-2000000.0,demand,2026-08-22T15:47:00.628832+00:00
4b40e21a-4e67-4c5b-8c47-e7a55371d4a2,fUSD,0.00012757,120,1,-100000.0,demand,2026-08-22T15:47:00.628832+00:00
4b40e21a-4e67-4c5b-8c47-e7a55371d4a2,fUSD,0.00014997,2,15,7175.12004481,offer,2026-08-22T15:47:00.628832+00:00
4b40e21a-4e67-4c5b-8c47-e7a55371d4a2,fUSD,0.00014998,2,7,3429.52498861,offer,2026-08-22T15:47:00.628832+00:00
4b40e21a-4e67-4c5b-8c47-e7a55371d4a2,fUSD,0.00014999,2,10,5829.67483744,offer,2026-08-22T15:47:00.628832+00:00
4b40e21a-4e67-4c5b-8c47-e7a55371d4a2,fUSD,0.00015,2,1,234.0742498,offer,2026-08-22T15:47:00.628832+00:00
4b40e21a-4e67-4c5b-8c47-e7a55371d4a2,fUSD,0.0001750187,2,1,188.13,offer,2026-08-22T15:47:00.628832+00:00
4b40e21a-4e67-4c5b-8c47-e7a55371d4a2,fUSD,0.0001765985,2,1,616.23,offer,2026-08-22T15:47:00.628832+00:00
4b40e21a-4e67-4c5b-8c47-e7a55371d4a2,fUSD,0.00017693,2,2,1248.7,offer,2026-08-22T15:47:00.628832+00:00
4b40e21a-4e67-4c5b-8c47-e7a55371d4a2,fUSD,0.00017774,2,1,230.0,offer,2026-08-22T15:47:00.628832+00:00
4b40e21a-4e67-4c5b-8c47-e7a55371d4a2,fUSD,0.000178535,2,1,200.0,offer,2026-08-22T15:47:00.628832+00:00
4b40e21a-4e67-4c5b-8c47-e7a55371d4a2,fUSD,0.000178763,2,1,8700.24,offer,2026-08-22T15:47:00.628832+00:00
4b40e21a-4e67-4c5b-8c47-e7a55371d4a2,fUSD,0.000179,2,3,811.14389318,offer,2026-08-22T15:47:00.628832+00:00
4b40e21a-4e67-4c5b-8c47-e7a55371d4a2,fUSD,0.0001792359,2,1,168.89,offer,2026-08-22T15:47:00.628832+00:00
4b40e21a-4e67-4c5b-8c47-e7a55371d4a2,fUSD,0.00018,2,1,356.36817283,offer,2026-08-22T15:47:00.628832+00:00
4b40e21a-4e67-4c5b-8c47-e7a55371d4a2,fUSD,0.0001803933789691008,2,1,204.0,offer,2026-08-22T15:47:00.628832+00:00
4b40e21a-4e67-4c5b-8c47-e7a55371d4a2,fUSD,0.00018061917812,2,1,152.37,offer,2026-08-22T15:47:00.628832+00:00
4b40e21a-4e67-4c5b-8c47-e7a55371d4a2,fUSD,0.0001810135684931507,2,1,616.23,offer,2026-08-22T15:47:00.628832+00:00
4b40e21a-4e67-4c5b-8c47-e7a55371d4a2,fUSD,0.0001816317775444231,2,1,150.0,offer,2026-08-22T15:47:00.628832+00:00
4b40e21a-4e67-4c5b-8c47-e7a55371d4a2,fUSD,0.000182,2,1,356.36817283,offer,2026-08-22T15:47:00.628832+00:00
4b40e21a-4e67-4c5b-8c47-e7a55371d4a2,fUSD,0.0001838455833333333,2,2,309.62528538,offer,2026-08-22T15:47:00.628832+00:00
4b40e21a-4e67-4c5b-8c47-e7a55371d4a2,fUSD,0.000184,2,1,356.36817283,offer,2026-08-22T15:47:00.628832+00:00
4b40e21a-4e67-4c5b-8c47-e7a55371d4a2,fUSD,0.00018402793865049004,2,1,208.0,offer,2026-08-22T15:47:00.628832+00:00
4b40e21a-4e67-4c5b-8c47-e7a55371d4a2,fUSD,0.00018481000000000001,7,1,500.0,offer,2026-08-22T15:47:00.628832+00:00
4b40e21a-4e67-4c5b-8c47-e7a55371d4a2,fUSD,0.00018481095890410959,7,1,500.0,offer,2026-08-22T15:47:00.628832+00:00
4b40e21a-4e67-4c5b-8c47-e7a55371d4a2,fUSD,0.000185123,2,1,738.92,offer,2026-08-22T15:47:00.628832+00:00
4b40e21a-4e67-4c5b-8c47-e7a55371d4a2,fUSD,0.00018542863698630137,2,1,616.23,offer,2026-08-22T15:47:00.628832+00:00
7c50899c-c4b5-4f1b-9d41-de4103f33940,fUSD,0.000273972602739726,120,1,-12803667.06535742,demand,2026-08-22T16:47:00.692994+00:00
7c50899c-c4b5-4f1b-9d41-de4103f33940,fUSD,0.000209,30,1,-6289.12258117,demand,2026-08-22T16:47:00.692994+00:00
7c50899c-c4b5-4f1b-9d41-de4103f33940,fUSD,0.00018010999999999998,120,1,-133240.73391109,demand,2026-08-22T16:47:00.692994+00:00
7c50899c-c4b5-4f1b-9d41-de4103f33940,fUSD,0.0001777,120,1,-23123.30278361,demand,2026-08-22T16:47:00.692994+00:00
7c50899c-c4b5-4f1b-9d41-de4103f33940,fUSD,0.000174,120,1,-12350.0,demand,2026-08-22T16:47:00.692994+00:00
7c50899c-c4b5-4f1b-9d41-de4103f33940,fUSD,0.0001713,120,1,-14000.0,demand,2026-08-22T16:47:00.692994+00:00
7c50899c-c4b5-4f1b-9d41-de4103f33940,fUSD,0.0001712,120,1,-20000.0,demand,2026-08-22T16:47:00.692994+00:00
7c50899c-c4b5-4f1b-9d41-de4103f33940,fUSD,0.00017111,120,1,-2000000.0,demand,2026-08-22T16:47:00.692994+00:00
7c50899c-c4b5-4f1b-9d41-de4103f33940,fUSD,0.00016,120,2,-10009162.66122322,demand,2026-08-22T16:47:00.692994+00:00
7c50899c-c4b5-4f1b-9d41-de4103f33940,fUSD,0.00016,7,1,-1884.71436826,demand,2026-08-22T16:47:00.692994+00:00
7c50899c-c4b5-4f1b-9d41-de4103f33940,fUSD,0.000151,120,1,-10000.0,demand,2026-08-22T16:47:00.692994+00:00
7c50899c-c4b5-4f1b-9d41-de4103f33940,fUSD,0.0001502,30,1,-11396.24079554,demand,2026-08-22T16:47:00.692994+00:00
7c50899c-c4b5-4f1b-9d41-de4103f33940,fUSD,0.00015,90,1,-19550.75,demand,2026-08-22T16:47:00.692994+00:00
7c50899c-c4b5-4f1b-9d41-de4103f33940,fUSD,0.00015,29,1,-218795.0,demand,2026-08-22T16:47:00.692994+00:00
7c50899c-c4b5-4f1b-9d41-de4103f33940,fUSD,0.00015,120,1,-500.0,demand,2026-08-22T16:47:00.692994+00:00
7c50899c-c4b5-4f1b-9d41-de4103f33940,fUSD,0.00015,2,1,-10000.0,demand,2026-08-22T16:47:00.692994+00:00
7c50899c-c4b5-4f1b-9d41-de4103f33940,fUSD,0.00014252,120,1,-10770.76644364,demand,2026-08-22T16:47:00.692994+00:00
7c50899c-c4b5-4f1b-9d41-de4103f33940,fUSD,0.000142,7,2,-33460.26956997,demand,2026-08-22T16:47:00.692994+00:00
7c50899c-c4b5-4f1b-9d41-de4103f33940,fUSD,0.00014120000000000002,30,1,-13500.0,demand,2026-08-22T16:47:00.692994+00:00
7c50899c-c4b5-4f1b-9d41-de4103f33940,fUSD,0.0001401,2,1,-35567.15964636,demand,2026-08-22T16:47:00.692994+00:00
7c50899c-c4b5-4f1b-9d41-de4103f33940,fUSD,0.00014000000000000001,2,1,-375320.08104711,demand,2026-08-22T16:47:00.692994+00:00
7c50899c-c4b5-4f1b-9d41-de4103f33940,fUSD,0.0001342,2,1,-1783904.39862186,demand,2026-08-22T16:47:00.692994+00:00
7c50899c-c4b5-4f1b-9d41-de4103f33940,fUSD,0.000134,2,1,-2000000.0,demand,2026-08-22T16:47:00.692994+00:00
7c50899c-c4b5-4f1b-9d41-de4103f33940,fUSD,0.00013,2,1,-2000000.0,demand,2026-08-22T16:47:00.692994+00:00
7c50899c-c4b5-4f1b-9d41-de4103f33940,fUSD,0.00012757,120,1,-100000.0,demand,2026-08-22T16:47:00.692994+00:00
7c50899c-c4b5-4f1b-9d41-de4103f33940,fUSD,0.0001402768,2,1,173.51,offer,2026-08-22T16:47:00.692994+00:00
7c50899c-c4b5-4f1b-9d41-de4103f33940,fUSD,0.0001402876,2,1,150.0,offer,2026-08-22T16:47:00.692994+00:00
7c50899c-c4b5-4f1b-9d41-de4103f33940,fUSD,0.0001405091,2,1,200.0,offer,2026-08-22T16:47:00.692994+00:00
7c50899c-c4b5-4f1b-9d41-de4103f33940,fUSD,0.000140724,2,1,697.3,offer,2026-08-22T16:47:00.692994+00:00
7c50899c-c4b5-4f1b-9d41-de4103f33940,fUSD,0.0001409923872,2,1,871.69,offer,2026-08-22T16:47:00.692994+00:00
7c50899c-c4b5-4f1b-9d41-de4103f33940,fUSD,0.000141,4,1,2353.0,offer,2026-08-22T16:47:00.692994+00:00
7c50899c-c4b5-4f1b-9d41-de4103f33940,fUSD,0.00014127,2,1,150.0,offer,2026-08-22T16:47:00.692994+00:00
7c50899c-c4b5-4f1b-9d41-de4103f33940,fUSD,0.00014127200000000004,2,14,6610.2560848,offer,2026-08-22T16:47:00.692994+00:00
7c50899c-c4b5-4f1b-9d41-de4103f33940,fUSD,0.000141322,2,1,475.6,offer,2026-08-22T16:47:00.692994+00:00
7c50899c-c4b5-4f1b-9d41-de4103f33940,fUSD,0.000142,2,1,150.0,offer,2026-08-22T16:47:00.692994+00:00
7c50899c-c4b5-4f1b-9d41-de4103f33940,fUSD,0.0001425,2,1,575.27,offer,2026-08-22T16:47:00.692994+00:00
7c50899c-c4b5-4f1b-9d41-de4103f33940,fUSD,0.0001434,2,1,150.0,offer,2026-08-22T16:47:00.692994+00:00
7c50899c-c4b5-4f1b-9d41-de4103f33940,fUSD,0.00014485515068493151,2,4,1736.93300713,offer,2026-08-22T16:47:00.692994+00:00
7c50899c-c4b5-4f1b-9d41-de4103f33940,fUSD,0.0001451384,2,15,2314.0,offer,2026-08-22T16:47:00.692994+00:00
7c50899c-c4b5-4f1b-9d41-de4103f33940,fUSD,0.00014578195733666206,3,1,159.68,offer,2026-08-22T16:47:00.692994+00:00
7c50899c-c4b5-4f1b-9d41-de4103f33940,fUSD,0.000147,2,1,196.73,offer,2026-08-22T16:47:00.692994+00:00
7c50899c-c4b5-4f1b-9d41-de4103f33940,fUSD,0.0001473535,2,1,575.27,offer,2026-08-22T16:47:00.692994+00:00
7c50899c-c4b5-4f1b-9d41-de4103f33940,fUSD,0.00014838830136986301,2,1,475.6,offer,2026-08-22T16:47:00.692994+00:00
7c50899c-c4b5-4f1b-9d41-de4103f33940,fUSD,0.0001484753,2,2,759.995,offer,2026-08-22T16:47:00.692994+00:00
7c50899c-c4b5-4f1b-9d41-de4103f33940,fUSD,0.00014847945205479453,2,1,500.0,offer,2026-08-22T16:47:00.692994+00:00
7c50899c-c4b5-4f1b-9d41-de4103f33940,fUSD,0.00014848,2,1,1500.885,offer,2026-08-22T16:47:00.692994+00:00
7c50899c-c4b5-4f1b-9d41-de4103f33940,fUSD,0.00014899,2,1,7447.27093887,offer,2026-08-22T16:47:00.692994+00:00
7c50899c-c4b5-4f1b-9d41-de4103f33940,fUSD,0.000149,2,1,7702.52309405,offer,2026-08-22T16:47:00.692994+00:00
7c50899c-c4b5-4f1b-9d41-de4103f33940,fUSD,0.0001492482,2,1,575.27,offer,2026-08-22T16:47:00.692994+00:00
7c50899c-c4b5-4f1b-9d41-de4103f33940,fUSD,0.00014984999999999998,2,1,258.37467528,offer,2026-08-22T16:47:00.692994+00:00
ab97f77e-fa5f-4891-83b0-eb6063ba97da,fUSD,0.000273972602739726,120,1,-12284460.95382656,demand,2026-08-22T17:47:00.672464+00:00
ab97f77e-fa5f-4891-83b0-eb6063ba97da,fUSD,0.000209,30,1,-6289.12258117,demand,2026-08-22T17:47:00.672464+00:00
ab97f77e-fa5f-4891-83b0-eb6063ba97da,fUSD,0.00018010999999999998,120,1,-133240.73391109,demand,2026-08-22T17:47:00.672464+00:00
ab97f77e-fa5f-4891-83b0-eb6063ba97da,fUSD,0.0001777,120,1,-23123.30278361,demand,2026-08-22T17:47:00.672464+00:00
ab97f77e-fa5f-4891-83b0-eb6063ba97da,fUSD,0.000174,120,1,-12350.0,demand,2026-08-22T17:47:00.672464+00:00
ab97f77e-fa5f-4891-83b0-eb6063ba97da,fUSD,0.0001713,120,1,-14000.0,demand,2026-08-22T17:47:00.672464+00:00
ab97f77e-fa5f-4891-83b0-eb6063ba97da,fUSD,0.0001712,120,1,-20000.0,demand,2026-08-22T17:47:00.672464+00:00
ab97f77e-fa5f-4891-83b0-eb6063ba97da,fUSD,0.00017111,120,1,-2000000.0,demand,2026-08-22T17:47:00.672464+00:00
ab97f77e-fa5f-4891-83b0-eb6063ba97da,fUSD,0.00016,120,2,-10009162.66122322,demand,2026-08-22T17:47:00.672464+00:00
ab97f77e-fa5f-4891-83b0-eb6063ba97da,fUSD,0.000151,120,1,-10000.0,demand,2026-08-22T17:47:00.672464+00:00
ab97f77e-fa5f-4891-83b0-eb6063ba97da,fUSD,0.0001502,30,1,-9624.47325759,demand,2026-08-22T17:47:00.672464+00:00
ab97f77e-fa5f-4891-83b0-eb6063ba97da,fUSD,0.00015,90,1,-19550.75,demand,2026-08-22T17:47:00.672464+00:00
ab97f77e-fa5f-4891-83b0-eb6063ba97da,fUSD,0.00015,29,1,-218795.0,demand,2026-08-22T17:47:00.672464+00:00
ab97f77e-fa5f-4891-83b0-eb6063ba97da,fUSD,0.00015,120,1,-500.0,demand,2026-08-22T17:47:00.672464+00:00
ab97f77e-fa5f-4891-83b0-eb6063ba97da,fUSD,0.00015,2,1,-10000.0,demand,2026-08-22T17:47:00.672464+00:00
ab97f77e-fa5f-4891-83b0-eb6063ba97da,fUSD,0.00014252,120,1,-10770.76644364,demand,2026-08-22T17:47:00.672464+00:00
ab97f77e-fa5f-4891-83b0-eb6063ba97da,fUSD,0.000142,7,2,-33460.26956997,demand,2026-08-22T17:47:00.672464+00:00
ab97f77e-fa5f-4891-83b0-eb6063ba97da,fUSD,0.00014120000000000002,30,1,-13500.0,demand,2026-08-22T17:47:00.672464+00:00
ab97f77e-fa5f-4891-83b0-eb6063ba97da,fUSD,0.0001401,2,1,-33903.55964636,demand,2026-08-22T17:47:00.672464+00:00
ab97f77e-fa5f-4891-83b0-eb6063ba97da,fUSD,0.00014000000000000001,2,1,-375320.08104711,demand,2026-08-22T17:47:00.672464+00:00
ab97f77e-fa5f-4891-83b0-eb6063ba97da,fUSD,0.0001342,2,1,-1783904.39862186,demand,2026-08-22T17:47:00.672464+00:00
ab97f77e-fa5f-4891-83b0-eb6063ba97da,fUSD,0.000134,2,1,-2000000.0,demand,2026-08-22T17:47:00.672464+00:00
ab97f77e-fa5f-4891-83b0-eb6063ba97da,fUSD,0.00013,2,1,-2000000.0,demand,2026-08-22T17:47:00.672464+00:00
ab97f77e-fa5f-4891-83b0-eb6063ba97da,fUSD,0.00012757,120,1,-100000.0,demand,2026-08-22T17:47:00.672464+00:00
ab97f77e-fa5f-4891-83b0-eb6063ba97da,fUSD,0.0001221,120,1,-12587.13,demand,2026-08-22T17:47:00.672464+00:00
ab97f77e-fa5f-4891-83b0-eb6063ba97da,fUSD,0.0001413163,2,1,168.89,offer,2026-08-22T17:47:00.672464+00:00
ab97f77e-fa5f-4891-83b0-eb6063ba97da,fUSD,0.0001416332,2,1,530.68,offer,2026-08-22T17:47:00.672464+00:00
ab97f77e-fa5f-4891-83b0-eb6063ba97da,fUSD,0.0001430949,2,1,179.15,offer,2026-08-22T17:47:00.672464+00:00
ab97f77e-fa5f-4891-83b0-eb6063ba97da,fUSD,0.0001431164,2,1,168.93,offer,2026-08-22T17:47:00.672464+00:00
ab97f77e-fa5f-4891-83b0-eb6063ba97da,fUSD,0.00014517402191780823,2,1,530.68,offer,2026-08-22T17:47:00.672464+00:00
ab97f77e-fa5f-4891-83b0-eb6063ba97da,fUSD,0.000147,2,1,1203.116,offer,2026-08-22T17:47:00.672464+00:00
ab97f77e-fa5f-4891-83b0-eb6063ba97da,fUSD,0.00014871484383561644,2,1,530.68,offer,2026-08-22T17:47:00.672464+00:00
ab97f77e-fa5f-4891-83b0-eb6063ba97da,fUSD,0.000149,2,1,8638.81170057,offer,2026-08-22T17:47:00.672464+00:00
ab97f77e-fa5f-4891-83b0-eb6063ba97da,fUSD,0.00014919,2,1,161.41357663,offer,2026-08-22T17:47:00.672464+00:00
ab97f77e-fa5f-4891-83b0-eb6063ba97da,fUSD,0.00014986,2,1,13197.5737982,offer,2026-08-22T17:47:00.672464+00:00
ab97f77e-fa5f-4891-83b0-eb6063ba97da,fUSD,0.0001499590410958904,2,1,151.0,offer,2026-08-22T17:47:00.672464+00:00
ab97f77e-fa5f-4891-83b0-eb6063ba97da,fUSD,0.00014998,2,11,4443.41738819,offer,2026-08-22T17:47:00.672464+00:00
ab97f77e-fa5f-4891-83b0-eb6063ba97da,fUSD,0.00014999,2,45,279413.68393323,offer,2026-08-22T17:47:00.672464+00:00
ab97f77e-fa5f-4891-83b0-eb6063ba97da,fUSD,0.00015,2,14,691916.30239447,offer,2026-08-22T17:47:00.672464+00:00
ab97f77e-fa5f-4891-83b0-eb6063ba97da,fUSD,0.00015008,2,1,206.70329209,offer,2026-08-22T17:47:00.672464+00:00
ab97f77e-fa5f-4891-83b0-eb6063ba97da,fUSD,0.0001501907,2,1,491.07,offer,2026-08-22T17:47:00.672464+00:00
ab97f77e-fa5f-4891-83b0-eb6063ba97da,fUSD,0.0001505018,2,1,491.07,offer,2026-08-22T17:47:00.672464+00:00
ab97f77e-fa5f-4891-83b0-eb6063ba97da,fUSD,0.00015057534246575342,2,1,500.0,offer,2026-08-22T17:47:00.672464+00:00
ab97f77e-fa5f-4891-83b0-eb6063ba97da,fUSD,0.0001507896,2,1,491.07,offer,2026-08-22T17:47:00.672464+00:00
ab97f77e-fa5f-4891-83b0-eb6063ba97da,fUSD,0.0001510579,2,1,491.07,offer,2026-08-22T17:47:00.672464+00:00
ab97f77e-fa5f-4891-83b0-eb6063ba97da,fUSD,0.0001513096,2,1,491.07,offer,2026-08-22T17:47:00.672464+00:00
ab97f77e-fa5f-4891-83b0-eb6063ba97da,fUSD,0.0001513702,2,1,320.12,offer,2026-08-22T17:47:00.672464+00:00
ab97f77e-fa5f-4891-83b0-eb6063ba97da,fUSD,0.00015146,2,1,230.0,offer,2026-08-22T17:47:00.672464+00:00
ab97f77e-fa5f-4891-83b0-eb6063ba97da,fUSD,0.0001515,2,1,200.0,offer,2026-08-22T17:47:00.672464+00:00
ab97f77e-fa5f-4891-83b0-eb6063ba97da,fUSD,0.000151547,2,1,491.07,offer,2026-08-22T17:47:00.672464+00:00
9d904e3a-0198-4ce6-be70-9e71f88dce92,fUSD,0.000273972602739726,120,1,-12273564.63382656,demand,2026-08-22T18:47:00.497131+00:00
9d904e3a-0198-4ce6-be70-9e71f88dce92,fUSD,0.000209,30,1,-6289.12258117,demand,2026-08-22T18:47:00.497131+00:00
9d904e3a-0198-4ce6-be70-9e71f88dce92,fUSD,0.00018010999999999998,120,1,-133240.73391109,demand,2026-08-22T18:47:00.497131+00:00
9d904e3a-0198-4ce6-be70-9e71f88dce92,fUSD,0.0001777,120,1,-23123.30278361,demand,2026-08-22T18:47:00.497131+00:00
9d904e3a-0198-4ce6-be70-9e71f88dce92,fUSD,0.000174,120,1,-12350.0,demand,2026-08-22T18:47:00.497131+00:00
9d904e3a-0198-4ce6-be70-9e71f88dce92,fUSD,0.0001713,120,1,-14000.0,demand,2026-08-22T18:47:00.497131+00:00
9d904e3a-0198-4ce6-be70-9e71f88dce92,fUSD,0.0001712,120,1,-20000.0,demand,2026-08-22T18:47:00.497131+00:00
9d904e3a-0198-4ce6-be70-9e71f88dce92,fUSD,0.00017111,120,1,-2000000.0,demand,2026-08-22T18:47:00.497131+00:00
9d904e3a-0198-4ce6-be70-9e71f88dce92,fUSD,0.00016,120,2,-10009162.66122322,demand,2026-08-22T18:47:00.497131+00:00
9d904e3a-0198-4ce6-be70-9e71f88dce92,fUSD,0.000151,120,1,-10000.0,demand,2026-08-22T18:47:00.497131+00:00
9d904e3a-0198-4ce6-be70-9e71f88dce92,fUSD,0.0001502,30,1,-9624.47325759,demand,2026-08-22T18:47:00.497131+00:00
9d904e3a-0198-4ce6-be70-9e71f88dce92,fUSD,0.00015,90,1,-19550.75,demand,2026-08-22T18:47:00.497131+00:00
9d904e3a-0198-4ce6-be70-9e71f88dce92,fUSD,0.00015,29,1,-218795.0,demand,2026-08-22T18:47:00.497131+00:00
9d904e3a-0198-4ce6-be70-9e71f88dce92,fUSD,0.00015,120,1,-500.0,demand,2026-08-22T18:47:00.497131+00:00
9d904e3a-0198-4ce6-be70-9e71f88dce92,fUSD,0.00015,2,1,-10000.0,demand,2026-08-22T18:47:00.497131+00:00
9d904e3a-0198-4ce6-be70-9e71f88dce92,fUSD,0.00014252,120,1,-10770.76644364,demand,2026-08-22T18:47:00.497131+00:00
9d904e3a-0198-4ce6-be70-9e71f88dce92,fUSD,0.000142,7,2,-33460.26956997,demand,2026-08-22T18:47:00.497131+00:00
9d904e3a-0198-4ce6-be70-9e71f88dce92,fUSD,0.00014120000000000002,30,1,-13500.0,demand,2026-08-22T18:47:00.497131+00:00
9d904e3a-0198-4ce6-be70-9e71f88dce92,fUSD,0.0001401,2,1,-32841.80515622,demand,2026-08-22T18:47:00.497131+00:00
9d904e3a-0198-4ce6-be70-9e71f88dce92,fUSD,0.00014000000000000001,2,1,-375320.08104711,demand,2026-08-22T18:47:00.497131+00:00
9d904e3a-0198-4ce6-be70-9e71f88dce92,fUSD,0.00014,7,1,-5000.0,demand,2026-08-22T18:47:00.497131+00:00
9d904e3a-0198-4ce6-be70-9e71f88dce92,fUSD,0.0001342,2,1,-1783904.39862186,demand,2026-08-22T18:47:00.497131+00:00
9d904e3a-0198-4ce6-be70-9e71f88dce92,fUSD,0.000134,2,1,-2000000.0,demand,2026-08-22T18:47:00.497131+00:00
9d904e3a-0198-4ce6-be70-9e71f88dce92,fUSD,0.00013,2,1,-2000000.0,demand,2026-08-22T18:47:00.497131+00:00
9d904e3a-0198-4ce6-be70-9e71f88dce92,fUSD,0.00012757,120,1,-100000.0,demand,2026-08-22T18:47:00.497131+00:00
9d904e3a-0198-4ce6-be70-9e71f88dce92,fUSD,0.00014279,2,16,7577.90312854,offer,2026-08-22T18:47:00.497131+00:00
9d904e3a-0198-4ce6-be70-9e71f88dce92,fUSD,0.0001428,2,1,5080.17703931,offer,2026-08-22T18:47:00.497131+00:00
9d904e3a-0198-4ce6-be70-9e71f88dce92,fUSD,0.00014379,2,1,150.0,offer,2026-08-22T18:47:00.497131+00:00
9d904e3a-0198-4ce6-be70-9e71f88dce92,fUSD,0.00014382999999999998,2,1,150.0,offer,2026-08-22T18:47:00.497131+00:00
9d904e3a-0198-4ce6-be70-9e71f88dce92,fUSD,0.00014384,2,1,200.0,offer,2026-08-22T18:47:00.497131+00:00
9d904e3a-0198-4ce6-be70-9e71f88dce92,fUSD,0.0001446979,2,1,5153.8,offer,2026-08-22T18:47:00.497131+00:00
9d904e3a-0198-4ce6-be70-9e71f88dce92,fUSD,0.0001449745,2,1,4657.34,offer,2026-08-22T18:47:00.497131+00:00
9d904e3a-0198-4ce6-be70-9e71f88dce92,fUSD,0.00014583675185721003,3,6,2657.84,offer,2026-08-22T18:47:00.497131+00:00
9d904e3a-0198-4ce6-be70-9e71f88dce92,fUSD,0.00014725,2,5,2051.77489674,offer,2026-08-22T18:47:00.497131+00:00
9d904e3a-0198-4ce6-be70-9e71f88dce92,fUSD,0.000147415,2,13,2090.48534756,offer,2026-08-22T18:47:00.497131+00:00
9d904e3a-0198-4ce6-be70-9e71f88dce92,fUSD,0.0001481759,2,1,339.35,offer,2026-08-22T18:47:00.497131+00:00
9d904e3a-0198-4ce6-be70-9e71f88dce92,fUSD,0.000149373484,2,1,175.45,offer,2026-08-22T18:47:00.497131+00:00
9d904e3a-0198-4ce6-be70-9e71f88dce92,fUSD,0.00014998,2,21,9806.35502766,offer,2026-08-22T18:47:00.497131+00:00
9d904e3a-0198-4ce6-be70-9e71f88dce92,fUSD,0.00014998904109589042,2,1,477.30738428,offer,2026-08-22T18:47:00.497131+00:00
9d904e3a-0198-4ce6-be70-9e71f88dce92,fUSD,0.00014999,2,23,11183.6005662,offer,2026-08-22T18:47:00.497131+00:00
9d904e3a-0198-4ce6-be70-9e71f88dce92,fUSD,0.0001516406,2,1,1331.18,offer,2026-08-22T18:47:00.497131+00:00
9d904e3a-0198-4ce6-be70-9e71f88dce92,fUSD,0.0001518861,2,1,320.87,offer,2026-08-22T18:47:00.497131+00:00
9d904e3a-0198-4ce6-be70-9e71f88dce92,fUSD,0.0001522068,2,1,156.61,offer,2026-08-22T18:47:00.497131+00:00
9d904e3a-0198-4ce6-be70-9e71f88dce92,fUSD,0.0001528572,2,1,215.92320173,offer,2026-08-22T18:47:00.497131+00:00
9d904e3a-0198-4ce6-be70-9e71f88dce92,fUSD,0.0001530589,2,1,339.35,offer,2026-08-22T18:47:00.497131+00:00
9d904e3a-0198-4ce6-be70-9e71f88dce92,fUSD,0.00015379,2,5,2304.264,offer,2026-08-22T18:47:00.497131+00:00
9d904e3a-0198-4ce6-be70-9e71f88dce92,fUSD,0.0001541875,2,1,339.35,offer,2026-08-22T18:47:00.497131+00:00
9d904e3a-0198-4ce6-be70-9e71f88dce92,fUSD,0.0001546125,2,1,317.42,offer,2026-08-22T18:47:00.497131+00:00
9d904e3a-0198-4ce6-be70-9e71f88dce92,fUSD,0.0001547357208465486,7,1,150.0,offer,2026-08-22T18:47:00.497131+00:00
9d904e3a-0198-4ce6-be70-9e71f88dce92,fUSD,0.0001549651,2,1,339.35,offer,2026-08-22T18:47:00.497131+00:00
3bf90046-8bb1-4490-953b-b33e6b79ccaf,fUSD,0.000273972602739726,120,1,-12267972.42382656,demand,2026-08-22T19:47:00.552220+00:00
3bf90046-8bb1-4490-953b-b33e6b79ccaf,fUSD,0.000209,30,1,-6289.12258117,demand,2026-08-22T19:47:00.552220+00:00
3bf90046-8bb1-4490-953b-b33e6b79ccaf,fUSD,0.00018010999999999998,120,1,-133240.73391109,demand,2026-08-22T19:47:00.552220+00:00
3bf90046-8bb1-4490-953b-b33e6b79ccaf,fUSD,0.0001777,120,1,-23123.30278361,demand,2026-08-22T19:47:00.552220+00:00
3bf90046-8bb1-4490-953b-b33e6b79ccaf,fUSD,0.000174,120,1,-12350.0,demand,2026-08-22T19:47:00.552220+00:00
3bf90046-8bb1-4490-953b-b33e6b79ccaf,fUSD,0.0001713,120,1,-14000.0,demand,2026-08-22T19:47:00.552220+00:00
3bf90046-8bb1-4490-953b-b33e6b79ccaf,fUSD,0.0001712,120,1,-20000.0,demand,2026-08-22T19:47:00.552220+00:00
3bf90046-8bb1-4490-953b-b33e6b79ccaf,fUSD,0.00017111,120,1,-2000000.0,demand,2026-08-22T19:47:00.552220+00:00
3bf90046-8bb1-4490-953b-b33e6b79ccaf,fUSD,0.00016,120,2,-10009162.66122322,demand,2026-08-22T19:47:00.552220+00:00
3bf90046-8bb1-4490-953b-b33e6b79ccaf,fUSD,0.000151,120,1,-10000.0,demand,2026-08-22T19:47:00.552220+00:00
3bf90046-8bb1-4490-953b-b33e6b79ccaf,fUSD,0.0001502,30,1,-9624.47325759,demand,2026-08-22T19:47:00.552220+00:00
3bf90046-8bb1-4490-953b-b33e6b79ccaf,fUSD,0.00015,90,1,-19550.75,demand,2026-08-22T19:47:00.552220+00:00
3bf90046-8bb1-4490-953b-b33e6b79ccaf,fUSD,0.00015,29,1,-218795.0,demand,2026-08-22T19:47:00.552220+00:00
3bf90046-8bb1-4490-953b-b33e6b79ccaf,fUSD,0.00015,120,1,-500.0,demand,2026-08-22T19:47:00.552220+00:00
3bf90046-8bb1-4490-953b-b33e6b79ccaf,fUSD,0.00015,2,1,-10000.0,demand,2026-08-22T19:47:00.552220+00:00
3bf90046-8bb1-4490-953b-b33e6b79ccaf,fUSD,0.00014252,120,1,-10770.76644364,demand,2026-08-22T19:47:00.552220+00:00
3bf90046-8bb1-4490-953b-b33e6b79ccaf,fUSD,0.000142,7,2,-33460.26956997,demand,2026-08-22T19:47:00.552220+00:00
3bf90046-8bb1-4490-953b-b33e6b79ccaf,fUSD,0.00014120000000000002,30,1,-13500.0,demand,2026-08-22T19:47:00.552220+00:00
3bf90046-8bb1-4490-953b-b33e6b79ccaf,fUSD,0.00014000000000000001,2,1,-352939.48259703,demand,2026-08-22T19:47:00.552220+00:00
3bf90046-8bb1-4490-953b-b33e6b79ccaf,fUSD,0.00014,7,1,-5000.0,demand,2026-08-22T19:47:00.552220+00:00
3bf90046-8bb1-4490-953b-b33e6b79ccaf,fUSD,0.0001342,2,1,-1783904.39862186,demand,2026-08-22T19:47:00.552220+00:00
3bf90046-8bb1-4490-953b-b33e6b79ccaf,fUSD,0.000134,2,1,-2000000.0,demand,2026-08-22T19:47:00.552220+00:00
3bf90046-8bb1-4490-953b-b33e6b79ccaf,fUSD,0.00013,2,1,-2000000.0,demand,2026-08-22T19:47:00.552220+00:00
3bf90046-8bb1-4490-953b-b33e6b79ccaf,fUSD,0.00012757,120,1,-100000.0,demand,2026-08-22T19:47:00.552220+00:00
3bf90046-8bb1-4490-953b-b33e6b79ccaf,fUSD,0.0001221,120,1,-12587.13,demand,2026-08-22T19:47:00.552220+00:00
3bf90046-8bb1-4490-953b-b33e6b79ccaf,fUSD,0.00014199999999999998,2,2,420.80633392,offer,2026-08-22T19:47:00.552220+00:00
3bf90046-8bb1-4490-953b-b33e6b79ccaf,fUSD,0.000142,2,1,828.36,offer,2026-08-22T19:47:00.552220+00:00
3bf90046-8bb1-4490-953b-b33e6b79ccaf,fUSD,0.0001425,2,1,307.95,offer,2026-08-22T19:47:00.552220+00:00
3bf90046-8bb1-4490-953b-b33e6b79ccaf,fUSD,0.00014599994999999998,2,12,1861.0,offer,2026-08-22T19:47:00.552220+00:00
3bf90046-8bb1-4490-953b-b33e6b79ccaf,fUSD,0.00014997450000000002,2,3,1628.66010579,offer,2026-08-22T19:47:00.552220+00:00
3bf90046-8bb1-4490-953b-b33e6b79ccaf,fUSD,0.00014998,2,1,1414.1265085,offer,2026-08-22T19:47:00.552220+00:00
3bf90046-8bb1-4490-953b-b33e6b79ccaf,fUSD,0.00014998904109589042,2,1,214.22777783,offer,2026-08-22T19:47:00.552220+00:00
3bf90046-8bb1-4490-953b-b33e6b79ccaf,fUSD,0.00014999,2,15,7954.03186006,offer,2026-08-22T19:47:00.552220+00:00
3bf90046-8bb1-4490-953b-b33e6b79ccaf,fUSD,0.00015,2,2,4922.97986674,offer,2026-08-22T19:47:00.552220+00:00
3bf90046-8bb1-4490-953b-b33e6b79ccaf,fUSD,0.0001502592,2,1,307.95,offer,2026-08-22T19:47:00.552220+00:00
3bf90046-8bb1-4490-953b-b33e6b79ccaf,fUSD,0.0001520527,2,1,307.95,offer,2026-08-22T19:47:00.552220+00:00
3bf90046-8bb1-4490-953b-b33e6b79ccaf,fUSD,0.0001525824043184798,2,1,467.3530741,offer,2026-08-22T19:47:00.552220+00:00
3bf90046-8bb1-4490-953b-b33e6b79ccaf,fUSD,0.0001532883,2,1,307.95,offer,2026-08-22T19:47:00.552220+00:00
3bf90046-8bb1-4490-953b-b33e6b79ccaf,fUSD,0.0001542608,2,1,307.95,offer,2026-08-22T19:47:00.552220+00:00
3bf90046-8bb1-4490-953b-b33e6b79ccaf,fUSD,0.000155075,2,1,307.95,offer,2026-08-22T19:47:00.552220+00:00
3bf90046-8bb1-4490-953b-b33e6b79ccaf,fUSD,0.00015567,2,1,500.0,offer,2026-08-22T19:47:00.552220+00:00
3bf90046-8bb1-4490-953b-b33e6b79ccaf,fUSD,0.000155782,2,1,307.95,offer,2026-08-22T19:47:00.552220+00:00
3bf90046-8bb1-4490-953b-b33e6b79ccaf,fUSD,0.0001564107,2,1,307.95,offer,2026-08-22T19:47:00.552220+00:00
3bf90046-8bb1-4490-953b-b33e6b79ccaf,fUSD,0.0001566066,2,1,175.09,offer,2026-08-22T19:47:00.552220+00:00
3bf90046-8bb1-4490-953b-b33e6b79ccaf,fUSD,0.0001569792,2,1,307.95,offer,2026-08-22T19:47:00.552220+00:00
3bf90046-8bb1-4490-953b-b33e6b79ccaf,fUSD,0.0001571309,2,1,617.75,offer,2026-08-22T19:47:00.552220+00:00
3bf90046-8bb1-4490-953b-b33e6b79ccaf,fUSD,0.0001574895,7,1,349.00005727,offer,2026-08-22T19:47:00.552220+00:00
3bf90046-8bb1-4490-953b-b33e6b79ccaf,fUSD,0.0001575,2,1,307.95,offer,2026-08-22T19:47:00.552220+00:00
3bf90046-8bb1-4490-953b-b33e6b79ccaf,fUSD,0.0001587149,2,1,153.85,offer,2026-08-22T19:47:00.552220+00:00
3bf90046-8bb1-4490-953b-b33e6b79ccaf,fUSD,0.00016093727130232045,3,1,161.37,offer,2026-08-22T19:47:00.552220+00:00
b41edcf2-33e1-452f-8e81-cd30c30b15dc,fUSD,0.000273972602739726,120,1,-12265856.45276605,demand,2026-08-22T20:47:00.548839+00:00
b41edcf2-33e1-452f-8e81-cd30c30b15dc,fUSD,0.000209,30,1,-6289.12258117,demand,2026-08-22T20:47:00.548839+00:00
b41edcf2-33e1-452f-8e81-cd30c30b15dc,fUSD,0.00018010999999999998,120,1,-133240.73391109,demand,2026-08-22T20:47:00.548839+00:00
b41edcf2-33e1-452f-8e81-cd30c30b15dc,fUSD,0.0001777,120,1,-23123.30278361,demand,2026-08-22T20:47:00.548839+00:00
b41edcf2-33e1-452f-8e81-cd30c30b15dc,fUSD,0.000174,120,1,-12350.0,demand,2026-08-22T20:47:00.548839+00:00
b41edcf2-33e1-452f-8e81-cd30c30b15dc,fUSD,0.0001713,120,1,-14000.0,demand,2026-08-22T20:47:00.548839+00:00
b41edcf2-33e1-452f-8e81-cd30c30b15dc,fUSD,0.0001712,120,1,-20000.0,demand,2026-08-22T20:47:00.548839+00:00
b41edcf2-33e1-452f-8e81-cd30c30b15dc,fUSD,0.00017111,120,1,-2000000.0,demand,2026-08-22T20:47:00.548839+00:00
b41edcf2-33e1-452f-8e81-cd30c30b15dc,fUSD,0.00016,120,2,-10009162.66122322,demand,2026-08-22T20:47:00.548839+00:00
b41edcf2-33e1-452f-8e81-cd30c30b15dc,fUSD,0.000151,120,1,-10000.0,demand,2026-08-22T20:47:00.548839+00:00
b41edcf2-33e1-452f-8e81-cd30c30b15dc,fUSD,0.0001502,30,1,-9624.47325759,demand,2026-08-22T20:47:00.548839+00:00
b41edcf2-33e1-452f-8e81-cd30c30b15dc,fUSD,0.00015,90,1,-19550.75,demand,2026-08-22T20:47:00.548839+00:00
b41edcf2-33e1-452f-8e81-cd30c30b15dc,fUSD,0.00015,29,1,-218795.0,demand,2026-08-22T20:47:00.548839+00:00
b41edcf2-33e1-452f-8e81-cd30c30b15dc,fUSD,0.00015,120,1,-500.0,demand,2026-08-22T20:47:00.548839+00:00
b41edcf2-33e1-452f-8e81-cd30c30b15dc,fUSD,0.00015,2,1,-10000.0,demand,2026-08-22T20:47:00.548839+00:00
b41edcf2-33e1-452f-8e81-cd30c30b15dc,fUSD,0.00014252,120,1,-10770.76644364,demand,2026-08-22T20:47:00.548839+00:00
b41edcf2-33e1-452f-8e81-cd30c30b15dc,fUSD,0.000142,7,2,-33460.26956997,demand,2026-08-22T20:47:00.548839+00:00
b41edcf2-33e1-452f-8e81-cd30c30b15dc,fUSD,0.00014157,2,1,-150.01,demand,2026-08-22T20:47:00.548839+00:00
b41edcf2-33e1-452f-8e81-cd30c30b15dc,fUSD,0.00014120000000000002,30,1,-13500.0,demand,2026-08-22T20:47:00.548839+00:00
b41edcf2-33e1-452f-8e81-cd30c30b15dc,fUSD,0.00014000000000000001,2,1,-296527.79051399,demand,2026-08-22T20:47:00.548839+00:00
b41edcf2-33e1-452f-8e81-cd30c30b15dc,fUSD,0.00014,7,1,-5000.0,demand,2026-08-22T20:47:00.548839+00:00
b41edcf2-33e1-452f-8e81-cd30c30b15dc,fUSD,0.0001342,2,1,-1783904.39862186,demand,2026-08-22T20:47:00.548839+00:00
b41edcf2-33e1-452f-8e81-cd30c30b15dc,fUSD,0.000134,2,1,-2000000.0,demand,2026-08-22T20:47:00.548839+00:00
b41edcf2-33e1-452f-8e81-cd30c30b15dc,fUSD,0.00013,2,1,-2000000.0,demand,2026-08-22T20:47:00.548839+00:00
b41edcf2-33e1-452f-8e81-cd30c30b15dc,fUSD,0.00012757,120,1,-100000.0,demand,2026-08-22T20:47:00.548839+00:00
b41edcf2-33e1-452f-8e81-cd30c30b15dc,fUSD,0.00014159975,2,1,150.0,offer,2026-08-22T20:47:00.548839+00:00
b41edcf2-33e1-452f-8e81-cd30c30b15dc,fUSD,0.000141619875,2,1,344.79807065,offer,2026-08-22T20:47:00.548839+00:00
b41edcf2-33e1-452f-8e81-cd30c30b15dc,fUSD,0.00014164,2,1,200.0,offer,2026-08-22T20:47:00.548839+00:00
b41edcf2-33e1-452f-8e81-cd30c30b15dc,fUSD,0.00014826301369863013,2,1,1175.007091,offer,2026-08-22T20:47:00.548839+00:00
b41edcf2-33e1-452f-8e81-cd30c30b15dc,fUSD,0.00014831,2,3,452.51425367,offer,2026-08-22T20:47:00.548839+00:00
b41edcf2-33e1-452f-8e81-cd30c30b15dc,fUSD,0.00014896,2,1,150.0,offer,2026-08-22T20:47:00.548839+00:00
b41edcf2-33e1-452f-8e81-cd30c30b15dc,fUSD,0.00014897000000000003,2,49,24416.23314684,offer,2026-08-22T20:47:00.548839+00:00
b41edcf2-33e1-452f-8e81-cd30c30b15dc,fUSD,0.000149,2,1,204.26,offer,2026-08-22T20:47:00.548839+00:00
b41edcf2-33e1-452f-8e81-cd30c30b15dc,fUSD,0.00014998,2,10,5031.82853443,offer,2026-08-22T20:47:00.548839+00:00
b41edcf2-33e1-452f-8e81-cd30c30b15dc,fUSD,0.00014999,2,6,3146.47167504,offer,2026-08-22T20:47:00.548839+00:00
b41edcf2-33e1-452f-8e81-cd30c30b15dc,fUSD,0.00015,2,1,291.51598485,offer,2026-08-22T20:47:00.548839+00:00
b41edcf2-33e1-452f-8e81-cd30c30b15dc,fUSD,0.000155759725,2,3,1150.0,offer,2026-08-22T20:47:00.548839+00:00
b41edcf2-33e1-452f-8e81-cd30c30b15dc,fUSD,0.0001564605,2,1,375.39,offer,2026-08-22T20:47:00.548839+00:00
b41edcf2-33e1-452f-8e81-cd30c30b15dc,fUSD,0.00015712195464,2,1,153.34,offer,2026-08-22T20:47:00.548839+00:00
b41edcf2-33e1-452f-8e81-cd30c30b15dc,fUSD,0.00016028,2,1,255.0,offer,2026-08-22T20:47:00.548839+00:00
b41edcf2-33e1-452f-8e81-cd30c30b15dc,fUSD,0.00016085781924752592,3,1,160.98,offer,2026-08-22T20:47:00.548839+00:00
b41edcf2-33e1-452f-8e81-cd30c30b15dc,fUSD,0.00016121,2,2,1027.81,offer,2026-08-22T20:47:00.548839+00:00
b41edcf2-33e1-452f-8e81-cd30c30b15dc,fUSD,0.0001635824,2,1,238.41,offer,2026-08-22T20:47:00.548839+00:00
b41edcf2-33e1-452f-8e81-cd30c30b15dc,fUSD,0.000165,2,1,150.0,offer,2026-08-22T20:47:00.548839+00:00
b41edcf2-33e1-452f-8e81-cd30c30b15dc,fUSD,0.0001657119,2,1,154.0,offer,2026-08-22T20:47:00.548839+00:00
b41edcf2-33e1-452f-8e81-cd30c30b15dc,fUSD,0.0001675724,2,1,208.85,offer,2026-08-22T20:47:00.548839+00:00
b41edcf2-33e1-452f-8e81-cd30c30b15dc,fUSD,0.00017176171506849314,2,1,208.85,offer,2026-08-22T20:47:00.548839+00:00
b41edcf2-33e1-452f-8e81-cd30c30b15dc,fUSD,0.0001717808219178082,2,1,515.0,offer,2026-08-22T20:47:00.548839+00:00
b41edcf2-33e1-452f-8e81-cd30c30b15dc,fUSD,0.0001725,2,1,215.0,offer,2026-08-22T20:47:00.548839+00:00
b41edcf2-33e1-452f-8e81-cd30c30b15dc,fUSD,0.0001732024,2,1,159.5,offer,2026-08-22T20:47:00.548839+00:00
5f48de00-cea2-4427-9a3e-4ad800888e1e,fUSD,0.000273972602739726,120,1,-12265856.45276605,demand,2026-08-22T21:47:00.491549+00:00
5f48de00-cea2-4427-9a3e-4ad800888e1e,fUSD,0.000209,30,1,-6289.12258117,demand,2026-08-22T21:47:00.491549+00:00
5f48de00-cea2-4427-9a3e-4ad800888e1e,fUSD,0.00018010999999999998,120,1,-133240.73391109,demand,2026-08-22T21:47:00.491549+00:00
5f48de00-cea2-4427-9a3e-4ad800888e1e,fUSD,0.0001777,120,1,-23123.30278361,demand,2026-08-22T21:47:00.491549+00:00
5f48de00-cea2-4427-9a3e-4ad800888e1e,fUSD,0.000174,120,1,-12350.0,demand,2026-08-22T21:47:00.491549+00:00
5f48de00-cea2-4427-9a3e-4ad800888e1e,fUSD,0.0001713,120,1,-14000.0,demand,2026-08-22T21:47:00.491549+00:00
5f48de00-cea2-4427-9a3e-4ad800888e1e,fUSD,0.0001712,120,1,-20000.0,demand,2026-08-22T21:47:00.491549+00:00
5f48de00-cea2-4427-9a3e-4ad800888e1e,fUSD,0.00017111,120,1,-2000000.0,demand,2026-08-22T21:47:00.491549+00:00
5f48de00-cea2-4427-9a3e-4ad800888e1e,fUSD,0.00016,120,2,-10009162.66122322,demand,2026-08-22T21:47:00.491549+00:00
5f48de00-cea2-4427-9a3e-4ad800888e1e,fUSD,0.000151,120,1,-10000.0,demand,2026-08-22T21:47:00.491549+00:00
5f48de00-cea2-4427-9a3e-4ad800888e1e,fUSD,0.0001502,30,1,-9624.47325759,demand,2026-08-22T21:47:00.491549+00:00
5f48de00-cea2-4427-9a3e-4ad800888e1e,fUSD,0.00015,90,1,-19550.75,demand,2026-08-22T21:47:00.491549+00:00
5f48de00-cea2-4427-9a3e-4ad800888e1e,fUSD,0.00015,29,1,-218795.0,demand,2026-08-22T21:47:00.491549+00:00
5f48de00-cea2-4427-9a3e-4ad800888e1e,fUSD,0.00015,120,1,-500.0,demand,2026-08-22T21:47:00.491549+00:00
5f48de00-cea2-4427-9a3e-4ad800888e1e,fUSD,0.00015,2,1,-10000.0,demand,2026-08-22T21:47:00.491549+00:00
5f48de00-cea2-4427-9a3e-4ad800888e1e,fUSD,0.00014252,120,1,-10770.76644364,demand,2026-08-22T21:47:00.491549+00:00
5f48de00-cea2-4427-9a3e-4ad800888e1e,fUSD,0.000142,7,2,-33460.26956997,demand,2026-08-22T21:47:00.491549+00:00
5f48de00-cea2-4427-9a3e-4ad800888e1e,fUSD,0.00014120000000000002,30,1,-13500.0,demand,2026-08-22T21:47:00.491549+00:00
5f48de00-cea2-4427-9a3e-4ad800888e1e,fUSD,0.00014000000000000001,2,1,-293470.16051399,demand,2026-08-22T21:47:00.491549+00:00
5f48de00-cea2-4427-9a3e-4ad800888e1e,fUSD,0.00014,7,1,-5000.0,demand,2026-08-22T21:47:00.491549+00:00
5f48de00-cea2-4427-9a3e-4ad800888e1e,fUSD,0.0001342,2,1,-1783904.39862186,demand,2026-08-22T21:47:00.491549+00:00
5f48de00-cea2-4427-9a3e-4ad800888e1e,fUSD,0.000134,2,1,-2000000.0,demand,2026-08-22T21:47:00.491549+00:00
5f48de00-cea2-4427-9a3e-4ad800888e1e,fUSD,0.00013,2,1,-2000000.0,demand,2026-08-22T21:47:00.491549+00:00
5f48de00-cea2-4427-9a3e-4ad800888e1e,fUSD,0.00012757,120,1,-100000.0,demand,2026-08-22T21:47:00.491549+00:00
5f48de00-cea2-4427-9a3e-4ad800888e1e,fUSD,0.0001221,120,1,-12587.13,demand,2026-08-22T21:47:00.491549+00:00
5f48de00-cea2-4427-9a3e-4ad800888e1e,fUSD,0.000187213150685,2,1,185.96630271,offer,2026-08-22T21:47:00.491549+00:00
5f48de00-cea2-4427-9a3e-4ad800888e1e,fUSD,0.00018727180132611495,2,1,153.0,offer,2026-08-22T21:47:00.491549+00:00
5f48de00-cea2-4427-9a3e-4ad800888e1e,fUSD,0.00018747520195409103,2,2,406.0,offer,2026-08-22T21:47:00.491549+00:00
5f48de00-cea2-4427-9a3e-4ad800888e1e,fUSD,0.0001883812557244108,2,1,151.0,offer,2026-08-22T21:47:00.491549+00:00
5f48de00-cea2-4427-9a3e-4ad800888e1e,fUSD,0.00018957181367937494,2,1,207.0,offer,2026-08-22T21:47:00.491549+00:00
5f48de00-cea2-4427-9a3e-4ad800888e1e,fUSD,0.0001924249689528595,2,1,151.0,offer,2026-08-22T21:47:00.491549+00:00
5f48de00-cea2-4427-9a3e-4ad800888e1e,fUSD,0.0001924328693355451,2,2,359.0,offer,2026-08-22T21:47:00.491549+00:00
5f48de00-cea2-4427-9a3e-4ad800888e1e,fUSD,0.00019243287,2,1,211.85,offer,2026-08-22T21:47:00.491549+00:00
5f48de00-cea2-4427-9a3e-4ad800888e1e,fUSD,0.0001924331897780185,2,1,374.29329868,offer,2026-08-22T21:47:00.491549+00:00
5f48de00-cea2-4427-9a3e-4ad800888e1e,fUSD,0.0001925701,2,1,174.28,offer,2026-08-22T21:47:00.491549+00:00
5f48de00-cea2-4427-9a3e-4ad800888e1e,fUSD,0.0001937021,2,2,3599.96081183,offer,2026-08-22T21:47:00.491549+00:00
5f48de00-cea2-4427-9a3e-4ad800888e1e,fUSD,0.00019392775450299826,2,1,2092.93413586,offer,2026-08-22T21:47:00.491549+00:00
5f48de00-cea2-4427-9a3e-4ad800888e1e,fUSD,0.0001943189,2,1,230.78,offer,2026-08-22T21:47:00.491549+00:00
5f48de00-cea2-4427-9a3e-4ad800888e1e,fUSD,0.000194704863014,2,1,185.96630271,offer,2026-08-22T21:47:00.491549+00:00
5f48de00-cea2-4427-9a3e-4ad800888e1e,fUSD,0.00019488286428703816,2,1,2040.42445888,offer,2026-08-22T21:47:00.491549+00:00
5f48de00-cea2-4427-9a3e-4ad800888e1e,fUSD,0.00019498821666666665,2,9,3329.00890239,offer,2026-08-22T21:47:00.491549+00:00
5f48de00-cea2-4427-9a3e-4ad800888e1e,fUSD,0.0001958273,2,1,179.69,offer,2026-08-22T21:47:00.491549+00:00
5f48de00-cea2-4427-9a3e-4ad800888e1e,fUSD,0.00019604,2,1,3566.219002,offer,2026-08-22T21:47:00.491549+00:00
5f48de00-cea2-4427-9a3e-4ad800888e1e,fUSD,0.00019618,2,1,1515.739,offer,2026-08-22T21:47:00.491549+00:00
5f48de00-cea2-4427-9a3e-4ad800888e1e,fUSD,0.00019669643304773626,2,1,1257.60255945,offer,2026-08-22T21:47:00.491549+00:00
5f48de00-cea2-4427-9a3e-4ad800888e1e,fUSD,0.0002,2,2,2836.52894908,offer,2026-08-22T21:47:00.491549+00:00
5f48de00-cea2-4427-9a3e-4ad800888e1e,fUSD,0.000200086,2,1,181.14,offer,2026-08-22T21:47:00.491549+00:00
5f48de00-cea2-4427-9a3e-4ad800888e1e,fUSD,0.00020046821666666666,2,8,3171.17403144,offer,2026-08-22T21:47:00.491549+00:00
5f48de00-cea2-4427-9a3e-4ad800888e1e,fUSD,0.000201,2,1,216.06,offer,2026-08-22T21:47:00.491549+00:00
5f48de00-cea2-4427-9a3e-4ad800888e1e,fUSD,0.00020165,2,1,166.0,offer,2026-08-22T21:47:00.491549+00:00
2e607fd9-0170-49ec-8c35-2a4af21f52b9,fUSD,0.000273972602739726,120,1,-12262839.24276605,demand,2026-08-22T22:47:00.731684+00:00
2e607fd9-0170-49ec-8c35-2a4af21f52b9,fUSD,0.000209,30,1,-6289.12258117,demand,2026-08-22T22:47:00.731684+00:00
2e607fd9-0170-49ec-8c35-2a4af21f52b9,fUSD,0.00018010999999999998,120,1,-133240.73391109,demand,2026-08-22T22:47:00.731684+00:00
2e607fd9-0170-49ec-8c35-2a4af21f52b9,fUSD,0.0001777,120,1,-23123.30278361,demand,2026-08-22T22:47:00.731684+00:00
2e607fd9-0170-49ec-8c35-2a4af21f52b9,fUSD,0.000174,120,1,-12350.0,demand,2026-08-22T22:47:00.731684+00:00
2e607fd9-0170-49ec-8c35-2a4af21f52b9,fUSD,0.0001713,120,1,-14000.0,demand,2026-08-22T22:47:00.731684+00:00
2e607fd9-0170-49ec-8c35-2a4af21f52b9,fUSD,0.0001712,120,1,-20000.0,demand,2026-08-22T22:47:00.731684+00:00
2e607fd9-0170-49ec-8c35-2a4af21f52b9,fUSD,0.00017111,120,1,-2000000.0,demand,2026-08-22T22:47:00.731684+00:00
2e607fd9-0170-49ec-8c35-2a4af21f52b9,fUSD,0.00016,120,2,-10009162.66122322,demand,2026-08-22T22:47:00.731684+00:00
2e607fd9-0170-49ec-8c35-2a4af21f52b9,fUSD,0.000151,120,1,-10000.0,demand,2026-08-22T22:47:00.731684+00:00
2e607fd9-0170-49ec-8c35-2a4af21f52b9,fUSD,0.0001502,30,1,-9624.47325759,demand,2026-08-22T22:47:00.731684+00:00
2e607fd9-0170-49ec-8c35-2a4af21f52b9,fUSD,0.00015,90,1,-19550.75,demand,2026-08-22T22:47:00.731684+00:00
2e607fd9-0170-49ec-8c35-2a4af21f52b9,fUSD,0.00015,29,1,-218795.0,demand,2026-08-22T22:47:00.731684+00:00
2e607fd9-0170-49ec-8c35-2a4af21f52b9,fUSD,0.00015,120,1,-500.0,demand,2026-08-22T22:47:00.731684+00:00
2e607fd9-0170-49ec-8c35-2a4af21f52b9,fUSD,0.00015,2,1,-10000.0,demand,2026-08-22T22:47:00.731684+00:00
2e607fd9-0170-49ec-8c35-2a4af21f52b9,fUSD,0.00014252,120,1,-10770.76644364,demand,2026-08-22T22:47:00.731684+00:00
2e607fd9-0170-49ec-8c35-2a4af21f52b9,fUSD,0.000142,7,2,-33460.26956997,demand,2026-08-22T22:47:00.731684+00:00
2e607fd9-0170-49ec-8c35-2a4af21f52b9,fUSD,0.00014120000000000002,30,1,-13500.0,demand,2026-08-22T22:47:00.731684+00:00
2e607fd9-0170-49ec-8c35-2a4af21f52b9,fUSD,0.00014000000000000001,2,1,-293270.16051399,demand,2026-08-22T22:47:00.731684+00:00
2e607fd9-0170-49ec-8c35-2a4af21f52b9,fUSD,0.00014,7,1,-5000.0,demand,2026-08-22T22:47:00.731684+00:00
2e607fd9-0170-49ec-8c35-2a4af21f52b9,fUSD,0.0001342,2,1,-1783904.39862186,demand,2026-08-22T22:47:00.731684+00:00
2e607fd9-0170-49ec-8c35-2a4af21f52b9,fUSD,0.000134,2,1,-2000000.0,demand,2026-08-22T22:47:00.731684+00:00
2e607fd9-0170-49ec-8c35-2a4af21f52b9,fUSD,0.00013,2,1,-2000000.0,demand,2026-08-22T22:47:00.731684+00:00
2e607fd9-0170-49ec-8c35-2a4af21f52b9,fUSD,0.00012757,120,1,-100000.0,demand,2026-08-22T22:47:00.731684+00:00
2e607fd9-0170-49ec-8c35-2a4af21f52b9,fUSD,0.0001221,120,1,-12587.13,demand,2026-08-22T22:47:00.731684+00:00
2e607fd9-0170-49ec-8c35-2a4af21f52b9,fUSD,0.00020028,2,1,1079.737404,offer,2026-08-22T22:47:00.731684+00:00
2e607fd9-0170-49ec-8c35-2a4af21f52b9,fUSD,0.000201278,2,3,4319.382,offer,2026-08-22T22:47:00.731684+00:00
2e607fd9-0170-49ec-8c35-2a4af21f52b9,fUSD,0.00020139178082191782,4,1,150.0,offer,2026-08-22T22:47:00.731684+00:00
2e607fd9-0170-49ec-8c35-2a4af21f52b9,fUSD,0.00020174285132931508,2,1,233.25,offer,2026-08-22T22:47:00.731684+00:00
2e607fd9-0170-49ec-8c35-2a4af21f52b9,fUSD,0.0002017644,2,1,174.28,offer,2026-08-22T22:47:00.731684+00:00
2e607fd9-0170-49ec-8c35-2a4af21f52b9,fUSD,0.00020180136986301366,2,1,197.07416747,offer,2026-08-22T22:47:00.731684+00:00
2e607fd9-0170-49ec-8c35-2a4af21f52b9,fUSD,0.00020191780821917808,2,1,500.0,offer,2026-08-22T22:47:00.731684+00:00
2e607fd9-0170-49ec-8c35-2a4af21f52b9,fUSD,0.00020199,2,1,150.0,offer,2026-08-22T22:47:00.731684+00:00
2e607fd9-0170-49ec-8c35-2a4af21f52b9,fUSD,0.0002021358,2,1,317.81,offer,2026-08-22T22:47:00.731684+00:00
2e607fd9-0170-49ec-8c35-2a4af21f52b9,fUSD,0.00020273,2,5,2278.9007078,offer,2026-08-22T22:47:00.731684+00:00
2e607fd9-0170-49ec-8c35-2a4af21f52b9,fUSD,0.00020273225000000001,2,2,302.0,offer,2026-08-22T22:47:00.731684+00:00
2e607fd9-0170-49ec-8c35-2a4af21f52b9,fUSD,0.00020274,7,3,1500.0,offer,2026-08-22T22:47:00.731684+00:00
2e607fd9-0170-49ec-8c35-2a4af21f52b9,fUSD,0.000203172,2,2,634.13,offer,2026-08-22T22:47:00.731684+00:00
2e607fd9-0170-49ec-8c35-2a4af21f52b9,fUSD,0.0002040486047539726,2,1,233.25,offer,2026-08-22T22:47:00.731684+00:00
2e607fd9-0170-49ec-8c35-2a4af21f52b9,fUSD,0.0002040717,2,1,317.81,offer,2026-08-22T22:47:00.731684+00:00
2e607fd9-0170-49ec-8c35-2a4af21f52b9,fUSD,0.0002048717,2,1,317.81,offer,2026-08-22T22:47:00.731684+00:00
2e607fd9-0170-49ec-8c35-2a4af21f52b9,fUSD,0.0002054794520547945,2,1,338.38840099,offer,2026-08-22T22:47:00.731684+00:00
2e607fd9-0170-49ec-8c35-2a4af21f52b9,fUSD,0.0002055953,2,1,317.81,offer,2026-08-22T22:47:00.731684+00:00
2e607fd9-0170-49ec-8c35-2a4af21f52b9,fUSD,0.00020560578493150684,2,1,270.43,offer,2026-08-22T22:47:00.731684+00:00
2e607fd9-0170-49ec-8c35-2a4af21f52b9,fUSD,0.00020576986301369866,4,1,150.0,offer,2026-08-22T22:47:00.731684+00:00
2e607fd9-0170-49ec-8c35-2a4af21f52b9,fUSD,0.00020617488219178083,2,1,3258.02,offer,2026-08-22T22:47:00.731684+00:00
2e607fd9-0170-49ec-8c35-2a4af21f52b9,fUSD,0.000206258,2,1,317.81,offer,2026-08-22T22:47:00.731684+00:00
2e607fd9-0170-49ec-8c35-2a4af21f52b9,fUSD,0.00020635342465753426,2,1,500.0,offer,2026-08-22T22:47:00.731684+00:00
2e607fd9-0170-49ec-8c35-2a4af21f52b9,fUSD,0.00020635435817863013,2,1,233.25,offer,2026-08-22T22:47:00.731684+00:00
2e607fd9-0170-49ec-8c35-2a4af21f52b9,fUSD,0.000206422609,2,1,166.82,offer,2026-08-22T22:47:00.731684+00:00
5197a9d4-02db-4d48-b5c0-9ac1b33f1258,fUSD,0.000273972602739726,120,1,-12260211.02313896,demand,2026-08-22T23:47:00.543757+00:00
5197a9d4-02db-4d48-b5c0-9ac1b33f1258,fUSD,0.000209,30,1,-6289.12258117,demand,2026-08-22T23:47:00.543757+00:00
5197a9d4-02db-4d48-b5c0-9ac1b33f1258,fUSD,0.00018010999999999998,120,1,-133240.73391109,demand,2026-08-22T23:47:00.543757+00:00
5197a9d4-02db-4d48-b5c0-9ac1b33f1258,fUSD,0.0001777,120,1,-23123.30278361,demand,2026-08-22T23:47:00.543757+00:00
5197a9d4-02db-4d48-b5c0-9ac1b33f1258,fUSD,0.000174,120,1,-12350.0,demand,2026-08-22T23:47:00.543757+00:00
5197a9d4-02db-4d48-b5c0-9ac1b33f1258,fUSD,0.0001713,120,1,-14000.0,demand,2026-08-22T23:47:00.543757+00:00
5197a9d4-02db-4d48-b5c0-9ac1b33f1258,fUSD,0.0001712,120,1,-20000.0,demand,2026-08-22T23:47:00.543757+00:00
5197a9d4-02db-4d48-b5c0-9ac1b33f1258,fUSD,0.00017111,120,1,-2000000.0,demand,2026-08-22T23:47:00.543757+00:00
5197a9d4-02db-4d48-b5c0-9ac1b33f1258,fUSD,0.00016,120,2,-10009162.66122322,demand,2026-08-22T23:47:00.543757+00:00
5197a9d4-02db-4d48-b5c0-9ac1b33f1258,fUSD,0.000151,120,1,-10000.0,demand,2026-08-22T23:47:00.543757+00:00
5197a9d4-02db-4d48-b5c0-9ac1b33f1258,fUSD,0.0001502,30,1,-9624.47325759,demand,2026-08-22T23:47:00.543757+00:00
5197a9d4-02db-4d48-b5c0-9ac1b33f1258,fUSD,0.00015,90,1,-19550.75,demand,2026-08-22T23:47:00.543757+00:00
5197a9d4-02db-4d48-b5c0-9ac1b33f1258,fUSD,0.00015,29,1,-218795.0,demand,2026-08-22T23:47:00.543757+00:00
5197a9d4-02db-4d48-b5c0-9ac1b33f1258,fUSD,0.00015,120,1,-500.0,demand,2026-08-22T23:47:00.543757+00:00
5197a9d4-02db-4d48-b5c0-9ac1b33f1258,fUSD,0.00015,2,1,-10000.0,demand,2026-08-22T23:47:00.543757+00:00
5197a9d4-02db-4d48-b5c0-9ac1b33f1258,fUSD,0.0001490745,2,1,-5785.38728694,demand,2026-08-22T23:47:00.543757+00:00
5197a9d4-02db-4d48-b5c0-9ac1b33f1258,fUSD,0.00014252,120,1,-10770.76644364,demand,2026-08-22T23:47:00.543757+00:00
5197a9d4-02db-4d48-b5c0-9ac1b33f1258,fUSD,0.000142,7,2,-33460.26956997,demand,2026-08-22T23:47:00.543757+00:00
5197a9d4-02db-4d48-b5c0-9ac1b33f1258,fUSD,0.00014120000000000002,30,1,-13500.0,demand,2026-08-22T23:47:00.543757+00:00
5197a9d4-02db-4d48-b5c0-9ac1b33f1258,fUSD,0.00014000000000000001,2,1,-291946.44727332,demand,2026-08-22T23:47:00.543757+00:00
5197a9d4-02db-4d48-b5c0-9ac1b33f1258,fUSD,0.00014,7,1,-5000.0,demand,2026-08-22T23:47:00.543757+00:00
5197a9d4-02db-4d48-b5c0-9ac1b33f1258,fUSD,0.0001342,2,1,-1783904.39862186,demand,2026-08-22T23:47:00.543757+00:00
5197a9d4-02db-4d48-b5c0-9ac1b33f1258,fUSD,0.000134,2,1,-2000000.0,demand,2026-08-22T23:47:00.543757+00:00
5197a9d4-02db-4d48-b5c0-9ac1b33f1258,fUSD,0.00013,2,1,-2000000.0,demand,2026-08-22T23:47:00.543757+00:00
5197a9d4-02db-4d48-b5c0-9ac1b33f1258,fUSD,0.00012757,120,1,-100000.0,demand,2026-08-22T23:47:00.543757+00:00
5197a9d4-02db-4d48-b5c0-9ac1b33f1258,fUSD,0.00014909,2,1,150.0,offer,2026-08-22T23:47:00.543757+00:00
5197a9d4-02db-4d48-b5c0-9ac1b33f1258,fUSD,0.0001495890410958904,3,1,360.0,offer,2026-08-22T23:47:00.543757+00:00
5197a9d4-02db-4d48-b5c0-9ac1b33f1258,fUSD,0.0001498085218750685,2,1,195.41,offer,2026-08-22T23:47:00.543757+00:00
5197a9d4-02db-4d48-b5c0-9ac1b33f1258,fUSD,0.00014986,2,15,367474.46638056,offer,2026-08-22T23:47:00.543757+00:00
5197a9d4-02db-4d48-b5c0-9ac1b33f1258,fUSD,0.00014993,2,2,469.59411482,offer,2026-08-22T23:47:00.543757+00:00
5197a9d4-02db-4d48-b5c0-9ac1b33f1258,fUSD,0.00014993972602739725,2,2,302.26851682,offer,2026-08-22T23:47:00.543757+00:00
5197a9d4-02db-4d48-b5c0-9ac1b33f1258,fUSD,0.00014994,2,11,79564.38618529,offer,2026-08-22T23:47:00.543757+00:00
5197a9d4-02db-4d48-b5c0-9ac1b33f1258,fUSD,0.00014999,2,7,3629.6,offer,2026-08-22T23:47:00.543757+00:00
5197a9d4-02db-4d48-b5c0-9ac1b33f1258,fUSD,0.00014999,7,1,206.25349611,offer,2026-08-22T23:47:00.543757+00:00
5197a9d4-02db-4d48-b5c0-9ac1b33f1258,fUSD,0.00015,2,7,873205.26490147,offer,2026-08-22T23:47:00.543757+00:00
5197a9d4-02db-4d48-b5c0-9ac1b33f1258,fUSD,0.0001501780821917808,2,1,150.0,offer,2026-08-22T23:47:00.543757+00:00
5197a9d4-02db-4d48-b5c0-9ac1b33f1258,fUSD,0.00015051,2,1,150.0,offer,2026-08-22T23:47:00.543757+00:00
5197a9d4-02db-4d48-b5c0-9ac1b33f1258,fUSD,0.0001510794520547945,2,1,500.0,offer,2026-08-22T23:47:00.543757+00:00
5197a9d4-02db-4d48-b5c0-9ac1b33f1258,fUSD,0.0001512528,2,1,338.86,offer,2026-08-22T23:47:00.543757+00:00
5197a9d4-02db-4d48-b5c0-9ac1b33f1258,fUSD,0.00015126,5,45,21727.31086364,offer,2026-08-22T23:47:00.543757+00:00
5197a9d4-02db-4d48-b5c0-9ac1b33f1258,fUSD,0.0001515,2,1,200.0,offer,2026-08-22T23:47:00.543757+00:00
5197a9d4-02db-4d48-b5c0-9ac1b33f1258,fUSD,0.00015193,2,1,273.0,offer,2026-08-22T23:47:00.543757+00:00
5197a9d4-02db-4d48-b5c0-9ac1b33f1258,fUSD,0.0001522664,2,1,340.81,offer,2026-08-22T23:47:00.543757+00:00
5197a9d4-02db-4d48-b5c0-9ac1b33f1258,fUSD,0.00015232831439692966,2,1,328.37949636,offer,2026-08-22T23:47:00.543757+00:00
5197a9d4-02db-4d48-b5c0-9ac1b33f1258,fUSD,0.00015252,2,2,500.0,offer,2026-08-22T23:47:00.543757+00:00
5197a9d4-02db-4d48-b5c0-9ac1b33f1258,fUSD,0.00015256,2,2,500.0,offer,2026-08-22T23:47:00.543757+00:00
5197a9d4-02db-4d48-b5c0-9ac1b33f1258,fUSD,0.0001525639315068493,2,1,641.87,offer,2026-08-22T23:47:00.543757+00:00
5197a9d4-02db-4d48-b5c0-9ac1b33f1258,fUSD,0.00015285720000000002,3,1,433.56528411,offer,2026-08-22T23:47:00.543757+00:00
5197a9d4-02db-4d48-b5c0-9ac1b33f1258,fUSD,0.0001529898,7,2,416.35658495,offer,2026-08-22T23:47:00.543757+00:00
5197a9d4-02db-4d48-b5c0-9ac1b33f1258,fUSD,0.00015301,2,1,200.0,offer,2026-08-22T23:47:00.543757+00:00
