run_id,market,rate,period,count,amount,side,fetched_at
712af6c7-da77-48e5-b670-052a0f3f73db,fUSD,0.0002808219178082192,120,1,-14607635.43795881,demand,2026-08-20T00:47:01.033641+00:00
712af6c7-da77-48e5-b670-052a0f3f73db,fUSD,0.000185,120,1,-4996044.96789978,demand,2026-08-20T00:47:01.033641+00:00
712af6c7-da77-48e5-b670-052a0f3f73db,fUSD,0.00018010999999999998,120,1,-235606.73391109,demand,2026-08-20T00:47:01.033641+00:00
712af6c7-da77-48e5-b670-052a0f3f73db,fUSD,0.00017999999999999998,30,1,-4180546.77015025,demand,2026-08-20T00:47:01.033641+00:00
712af6c7-da77-48e5-b670-052a0f3f73db,fUSD,0.0001777,120,1,-23123.30278361,demand,2026-08-20T00:47:01.033641+00:00
712af6c7-da77-48e5-b670-052a0f3f73db,fUSD,0.000174,120,1,-12350.0,demand,2026-08-20T00:47:01.033641+00:00
712af6c7-da77-48e5-b670-052a0f3f73db,fUSD,0.0001713,120,1,-14000.0,demand,2026-08-20T00:47:01.033641+00:00
712af6c7-da77-48e5-b670-052a0f3f73db,fUSD,0.0001712,120,1,-20000.0,demand,2026-08-20T00:47:01.033641+00:00
712af6c7-da77-48e5-b670-052a0f3f73db,fUSD,0.00017111,120,1,-2000000.0,demand,2026-08-20T00:47:01.033641+00:00
712af6c7-da77-48e5-b670-052a0f3f73db,fUSD,0.00016,120,2,-10009162.66122322,demand,2026-08-20T00:47:01.033641+00:00
712af6c7-da77-48e5-b670-052a0f3f73db,fUSD,0.00016,5,1,-10000.0,demand,2026-08-20T00:47:01.033641+00:00
712af6c7-da77-48e5-b670-052a0f3f73db,fUSD,0.000154,14,2,-3000.0,demand,2026-08-20T00:47:01.033641+00:00
712af6c7-da77-48e5-b670-052a0f3f73db,fUSD,0.000153,2,1,-150.0,demand,2026-08-20T00:47:01.033641+00:00
712af6c7-da77-48e5-b670-052a0f3f73db,fUSD,0.000151,120,1,-10000.0,demand,2026-08-20T00:47:01.033641+00:00
712af6c7-da77-48e5-b670-052a0f3f73db,fUSD,0.0001502,30,1,-13500.0,demand,2026-08-20T00:47:01.033641+00:00
712af6c7-da77-48e5-b670-052a0f3f73db,fUSD,0.00015,90,1,-19550.75,demand,2026-08-20T00:47:01.033641+00:00
712af6c7-da77-48e5-b670-052a0f3f73db,fUSD,0.00015,29,1,-218795.0,demand,2026-08-20T00:47:01.033641+00:00
712af6c7-da77-48e5-b670-052a0f3f73db,fUSD,0.00015,120,1,-500.0,demand,2026-08-20T00:47:01.033641+00:00
712af6c7-da77-48e5-b670-052a0f3f73db,fUSD,0.00014252,120,1,-10770.76644364,demand,2026-08-20T00:47:01.033641+00:00
712af6c7-da77-48e5-b670-052a0f3f73db,fUSD,0.000142,7,2,-35663.20295687,demand,2026-08-20T00:47:01.033641+00:00
712af6c7-da77-48e5-b670-052a0f3f73db,fUSD,0.00014120000000000002,30,1,-13500.0,demand,2026-08-20T00:47:01.033641+00:00
712af6c7-da77-48e5-b670-052a0f3f73db,fUSD,0.00014000000000000001,2,2,-2568282.33177705,demand,2026-08-20T00:47:01.033641+00:00
712af6c7-da77-48e5-b670-052a0f3f73db,fUSD,0.0001342,2,1,-1783904.39862186,demand,2026-08-20T00:47:01.033641+00:00
712af6c7-da77-48e5-b670-052a0f3f73db,fUSD,0.000134,2,1,-2000000.0,demand,2026-08-20T00:47:01.033641+00:00
712af6c7-da77-48e5-b670-052a0f3f73db,fUSD,0.00013,2,1,-2000000.0,demand,2026-08-20T00:47:01.033641+00:00
712af6c7-da77-48e5-b670-052a0f3f73db,fUSD,0.00014247,2,1,200.0,offer,2026-08-20T00:47:01.033641+00:00
712af6c7-da77-48e5-b670-052a0f3f73db,fUSD,0.00014247,7,1,200.0,offer,2026-08-20T00:47:01.033641+00:00
712af6c7-da77-48e5-b670-052a0f3f73db,fUSD,0.00014257499999999998,2,1,221.29179175,offer,2026-08-20T00:47:01.033641+00:00
712af6c7-da77-48e5-b670-052a0f3f73db,fUSD,0.000147775,2,1,171.6207616,offer,2026-08-20T00:47:01.033641+00:00
712af6c7-da77-48e5-b670-052a0f3f73db,fUSD,0.000149,2,1,1225.95645828,offer,2026-08-20T00:47:01.033641+00:00
712af6c7-da77-48e5-b670-052a0f3f73db,fUSD,0.00014994,2,1,150.0,offer,2026-08-20T00:47:01.033641+00:00
712af6c7-da77-48e5-b670-052a0f3f73db,fUSD,0.00014994000000000002,2,58,27845.3842992,offer,2026-08-20T00:47:01.033641+00:00
712af6c7-da77-48e5-b670-052a0f3f73db,fUSD,0.00014998904109589042,2,22,3604.0,offer,2026-08-20T00:47:01.033641+00:00
712af6c7-da77-48e5-b670-052a0f3f73db,fUSD,0.00014999,2,14,7086.29037713,offer,2026-08-20T00:47:01.033641+00:00
712af6c7-da77-48e5-b670-052a0f3f73db,fUSD,0.00015,2,15,173024.86527554,offer,2026-08-20T00:47:01.033641+00:00
712af6c7-da77-48e5-b670-052a0f3f73db,fUSD,0.00015031,2,2,12442.9871587,offer,2026-08-20T00:47:01.033641+00:00
712af6c7-da77-48e5-b670-052a0f3f73db,fUSD,0.00015087,2,1,164.9,offer,2026-08-20T00:47:01.033641+00:00
712af6c7-da77-48e5-b670-052a0f3f73db,fUSD,0.00015087358121330724,2,1,208.0,offer,2026-08-20T00:47:01.033641+00:00
712af6c7-da77-48e5-b670-052a0f3f73db,fUSD,0.00015288,2,11,5112.72011392,offer,2026-08-20T00:47:01.033641+00:00
712af6c7-da77-48e5-b670-052a0f3f73db,fUSD,0.00015299999999999998,3,3,744.96440352,offer,2026-08-20T00:47:01.033641+00:00
712af6c7-da77-48e5-b670-052a0f3f73db,fUSD,0.000153,2,1,10000.0,offer,2026-08-20T00:47:01.033641+00:00
712af6c7-da77-48e5-b670-052a0f3f73db,fUSD,0.00015606,5,2,512.9901229,offer,2026-08-20T00:47:01.033641+00:00
712af6c7-da77-48e5-b670-052a0f3f73db,fUSD,0.00015643849315068496,7,1,341.37777053,offer,2026-08-20T00:47:01.033641+00:00
712af6c7-da77-48e5-b670-052a0f3f73db,fUSD,0.000156717,2,1,250.0,offer,2026-08-20T00:47:01.033641+00:00
712af6c7-da77-48e5-b670-052a0f3f73db,fUSD,0.000156805,2,1,150.0,offer,2026-08-20T00:47:01.033641+00:00
712af6c7-da77-48e5-b670-052a0f3f73db,fUSD,0.00015680500000000001,2,1,250.0,offer,2026-08-20T00:47:01.033641+00:00
712af6c7-da77-48e5-b670-052a0f3f73db,fUSD,0.0001572001419326563,2,1,37717.49407548,offer,2026-08-20T00:47:01.033641+00:00
712af6c7-da77-48e5-b670-052a0f3f73db,fUSD,0.000158103,2,1,150.0,offer,2026-08-20T00:47:01.033641+00:00
712af6c7-da77-48e5-b670-052a0f3f73db,fUSD,0.00015908524241682977,2,3,450.0,offer,2026-08-20T00:47:01.033641+00:00
712af6c7-da77-48e5-b670-052a0f3f73db,fUSD,0.0001591812,6,1,325.75166625,offer,2026-08-20T00:47:01.033641+00:00
c511e8bd-ab78-434f-94a3-ed58ddf3af4a,fUSD,0.0002808219178082192,120,1,-14526497.95334975,demand,2026-08-20T01:47:01.269569+00:00
c511e8bd-ab78-434f-94a3-ed58ddf3af4a,fUSD,0.000185,120,1,-4996044.96789978,demand,2026-08-20T01:47:01.269569+00:00
c511e8bd-ab78-434f-94a3-ed58ddf3af4a,fUSD,0.00018010999999999998,120,1,-235606.73391109,demand,2026-08-20T01:47:01.269569+00:00
c511e8bd-ab78-434f-94a3-ed58ddf3af4a,fUSD,0.00017999999999999998,30,1,-4180546.77015025,demand,2026-08-20T01:47:01.269569+00:00
c511e8bd-ab78-434f-94a3-ed58ddf3af4a,fUSD,0.0001777,120,1,-23123.30278361,demand,2026-08-20T01:47:01.269569+00:00
c511e8bd-ab78-434f-94a3-ed58ddf3af4a,fUSD,0.000174,120,1,-12350.0,demand,2026-08-20T01:47:01.269569+00:00
c511e8bd-ab78-434f-94a3-ed58ddf3af4a,fUSD,0.0001713,120,1,-14000.0,demand,2026-08-20T01:47:01.269569+00:00
c511e8bd-ab78-434f-94a3-ed58ddf3af4a,fUSD,0.0001712,120,1,-20000.0,demand,2026-08-20T01:47:01.269569+00:00
c511e8bd-ab78-434f-94a3-ed58ddf3af4a,fUSD,0.00017111,120,1,-2000000.0,demand,2026-08-20T01:47:01.269569+00:00
c511e8bd-ab78-434f-94a3-ed58ddf3af4a,fUSD,0.00016,120,2,-10009162.66122322,demand,2026-08-20T01:47:01.269569+00:00
c511e8bd-ab78-434f-94a3-ed58ddf3af4a,fUSD,0.00016,5,1,-10000.0,demand,2026-08-20T01:47:01.269569+00:00
c511e8bd-ab78-434f-94a3-ed58ddf3af4a,fUSD,0.000154,14,2,-3000.0,demand,2026-08-20T01:47:01.269569+00:00
c511e8bd-ab78-434f-94a3-ed58ddf3af4a,fUSD,0.000153,2,1,-150.0,demand,2026-08-20T01:47:01.269569+00:00
c511e8bd-ab78-434f-94a3-ed58ddf3af4a,fUSD,0.000151,120,1,-10000.0,demand,2026-08-20T01:47:01.269569+00:00
c511e8bd-ab78-434f-94a3-ed58ddf3af4a,fUSD,0.0001502,30,1,-13500.0,demand,2026-08-20T01:47:01.269569+00:00
c511e8bd-ab78-434f-94a3-ed58ddf3af4a,fUSD,0.00015,90,1,-19550.75,demand,2026-08-20T01:47:01.269569+00:00
c511e8bd-ab78-434f-94a3-ed58ddf3af4a,fUSD,0.00015,29,1,-218795.0,demand,2026-08-20T01:47:01.269569+00:00
c511e8bd-ab78-434f-94a3-ed58ddf3af4a,fUSD,0.00015,120,1,-500.0,demand,2026-08-20T01:47:01.269569+00:00
c511e8bd-ab78-434f-94a3-ed58ddf3af4a,fUSD,0.00014252,120,1,-10770.76644364,demand,2026-08-20T01:47:01.269569+00:00
c511e8bd-ab78-434f-94a3-ed58ddf3af4a,fUSD,0.000142,7,2,-35443.90644279,demand,2026-08-20T01:47:01.269569+00:00
c511e8bd-ab78-434f-94a3-ed58ddf3af4a,fUSD,0.00014120000000000002,30,1,-13500.0,demand,2026-08-20T01:47:01.269569+00:00
c511e8bd-ab78-434f-94a3-ed58ddf3af4a,fUSD,0.00014000000000000001,2,2,-2568282.33177705,demand,2026-08-20T01:47:01.269569+00:00
c511e8bd-ab78-434f-94a3-ed58ddf3af4a,fUSD,0.0001342,2,1,-1783904.39862186,demand,2026-08-20T01:47:01.269569+00:00
c511e8bd-ab78-434f-94a3-ed58ddf3af4a,fUSD,0.000134,2,1,-2000000.0,demand,2026-08-20T01:47:01.269569+00:00
c511e8bd-ab78-434f-94a3-ed58ddf3af4a,fUSD,0.00013,2,1,-2000000.0,demand,2026-08-20T01:47:01.269569+00:00
c511e8bd-ab78-434f-94a3-ed58ddf3af4a,fUSD,0.0001424905,2,1,325.99,offer,2026-08-20T01:47:01.269569+00:00
c511e8bd-ab78-434f-94a3-ed58ddf3af4a,fUSD,0.00014329025,2,1,154.66050944,offer,2026-08-20T01:47:01.269569+00:00
c511e8bd-ab78-434f-94a3-ed58ddf3af4a,fUSD,0.00014409,2,1,353.24218787,offer,2026-08-20T01:47:01.269569+00:00
c511e8bd-ab78-434f-94a3-ed58ddf3af4a,fUSD,0.0001445195,2,1,870.79,offer,2026-08-20T01:47:01.269569+00:00
c511e8bd-ab78-434f-94a3-ed58ddf3af4a,fUSD,0.00014794,7,1,152.92987294,offer,2026-08-20T01:47:01.269569+00:00
c511e8bd-ab78-434f-94a3-ed58ddf3af4a,fUSD,0.00014878,2,7,3229.32606045,offer,2026-08-20T01:47:01.269569+00:00
c511e8bd-ab78-434f-94a3-ed58ddf3af4a,fUSD,0.00014879,2,2,3674.95123284,offer,2026-08-20T01:47:01.269569+00:00
c511e8bd-ab78-434f-94a3-ed58ddf3af4a,fUSD,0.00014912,2,1,196.52,offer,2026-08-20T01:47:01.269569+00:00
c511e8bd-ab78-434f-94a3-ed58ddf3af4a,fUSD,0.00014927,2,1,300.0,offer,2026-08-20T01:47:01.269569+00:00
c511e8bd-ab78-434f-94a3-ed58ddf3af4a,fUSD,0.0001492895205479452,2,1,253.0465421,offer,2026-08-20T01:47:01.269569+00:00
c511e8bd-ab78-434f-94a3-ed58ddf3af4a,fUSD,0.00014946,2,1,196.52,offer,2026-08-20T01:47:01.269569+00:00
c511e8bd-ab78-434f-94a3-ed58ddf3af4a,fUSD,0.00014978,2,3,907.56043429,offer,2026-08-20T01:47:01.269569+00:00
c511e8bd-ab78-434f-94a3-ed58ddf3af4a,fUSD,0.00014978904109589042,2,2,356.0,offer,2026-08-20T01:47:01.269569+00:00
c511e8bd-ab78-434f-94a3-ed58ddf3af4a,fUSD,0.00014979,2,10,190368.72114011,offer,2026-08-20T01:47:01.269569+00:00
c511e8bd-ab78-434f-94a3-ed58ddf3af4a,fUSD,0.00014997,2,6,966.72423325,offer,2026-08-20T01:47:01.269569+00:00
c511e8bd-ab78-434f-94a3-ed58ddf3af4a,fUSD,0.00014998,2,1,150.0,offer,2026-08-20T01:47:01.269569+00:00
c511e8bd-ab78-434f-94a3-ed58ddf3af4a,fUSD,0.00014999,2,11,5640.4985211,offer,2026-08-20T01:47:01.269569+00:00
c511e8bd-ab78-434f-94a3-ed58ddf3af4a,fUSD,0.00015,2,6,365442.17280123,offer,2026-08-20T01:47:01.269569+00:00
c511e8bd-ab78-434f-94a3-ed58ddf3af4a,fUSD,0.0001508988,7,1,152.92987294,offer,2026-08-20T01:47:01.269569+00:00
c511e8bd-ab78-434f-94a3-ed58ddf3af4a,fUSD,0.0001513038,2,2,683.37,offer,2026-08-20T01:47:01.269569+00:00
c511e8bd-ab78-434f-94a3-ed58ddf3af4a,fUSD,0.00015163,7,1,198.2175103,offer,2026-08-20T01:47:01.269569+00:00
c511e8bd-ab78-434f-94a3-ed58ddf3af4a,fUSD,0.00015174552739726028,2,1,870.79,offer,2026-08-20T01:47:01.269569+00:00
c511e8bd-ab78-434f-94a3-ed58ddf3af4a,fUSD,0.00015278579999999998,3,1,1857.67354898,offer,2026-08-20T01:47:01.269569+00:00
c511e8bd-ab78-434f-94a3-ed58ddf3af4a,fUSD,0.00015288,2,4,1278.18002848,offer,2026-08-20T01:47:01.269569+00:00
c511e8bd-ab78-434f-94a3-ed58ddf3af4a,fUSD,0.000153,2,1,1000.0,offer,2026-08-20T01:47:01.269569+00:00
90484955-972c-40fb-9a3d-be0cc0aea046,fUSD,0.0002808219178082192,120,1,-14466151.23066745,demand,2026-08-20T02:47:01.176179+00:00
90484955-972c-40fb-9a3d-be0cc0aea046,fUSD,0.000185,120,1,-4996044.96789978,demand,2026-08-20T02:47:01.176179+00:00
90484955-972c-40fb-9a3d-be0cc0aea046,fUSD,0.00018010999999999998,120,1,-235606.73391109,demand,2026-08-20T02:47:01.176179+00:00
90484955-972c-40fb-9a3d-be0cc0aea046,fUSD,0.00017999999999999998,30,1,-4180319.48942388,demand,2026-08-20T02:47:01.176179+00:00
90484955-972c-40fb-9a3d-be0cc0aea046,fUSD,0.0001777,120,1,-23123.30278361,demand,2026-08-20T02:47:01.176179+00:00
90484955-972c-40fb-9a3d-be0cc0aea046,fUSD,0.000174,120,1,-12350.0,demand,2026-08-20T02:47:01.176179+00:00
90484955-972c-40fb-9a3d-be0cc0aea046,fUSD,0.0001713,120,1,-14000.0,demand,2026-08-20T02:47:01.176179+00:00
90484955-972c-40fb-9a3d-be0cc0aea046,fUSD,0.0001712,120,1,-20000.0,demand,2026-08-20T02:47:01.176179+00:00
90484955-972c-40fb-9a3d-be0cc0aea046,fUSD,0.00017111,120,1,-2000000.0,demand,2026-08-20T02:47:01.176179+00:00
90484955-972c-40fb-9a3d-be0cc0aea046,fUSD,0.00016,120,2,-10009162.66122322,demand,2026-08-20T02:47:01.176179+00:00
90484955-972c-40fb-9a3d-be0cc0aea046,fUSD,0.00016,5,1,-10000.0,demand,2026-08-20T02:47:01.176179+00:00
90484955-972c-40fb-9a3d-be0cc0aea046,fUSD,0.000154,14,2,-3000.0,demand,2026-08-20T02:47:01.176179+00:00
90484955-972c-40fb-9a3d-be0cc0aea046,fUSD,0.000153,2,1,-150.0,demand,2026-08-20T02:47:01.176179+00:00
90484955-972c-40fb-9a3d-be0cc0aea046,fUSD,0.000151,120,1,-10000.0,demand,2026-08-20T02:47:01.176179+00:00
90484955-972c-40fb-9a3d-be0cc0aea046,fUSD,0.0001502,30,1,-13500.0,demand,2026-08-20T02:47:01.176179+00:00
90484955-972c-40fb-9a3d-be0cc0aea046,fUSD,0.00015,90,1,-19550.75,demand,2026-08-20T02:47:01.176179+00:00
90484955-972c-40fb-9a3d-be0cc0aea046,fUSD,0.00015,29,1,-218795.0,demand,2026-08-20T02:47:01.176179+00:00
90484955-972c-40fb-9a3d-be0cc0aea046,fUSD,0.00015,120,1,-500.0,demand,2026-08-20T02:47:01.176179+00:00
90484955-972c-40fb-9a3d-be0cc0aea046,fUSD,0.00014252,120,1,-10770.76644364,demand,2026-08-20T02:47:01.176179+00:00
90484955-972c-40fb-9a3d-be0cc0aea046,fUSD,0.000142,7,2,-35443.90644279,demand,2026-08-20T02:47:01.176179+00:00
90484955-972c-40fb-9a3d-be0cc0aea046,fUSD,0.00014120000000000002,30,1,-13500.0,demand,2026-08-20T02:47:01.176179+00:00
90484955-972c-40fb-9a3d-be0cc0aea046,fUSD,0.00014000000000000001,2,2,-2565056.19389164,demand,2026-08-20T02:47:01.176179+00:00
90484955-972c-40fb-9a3d-be0cc0aea046,fUSD,0.0001342,2,1,-1783904.39862186,demand,2026-08-20T02:47:01.176179+00:00
90484955-972c-40fb-9a3d-be0cc0aea046,fUSD,0.000134,2,1,-2000000.0,demand,2026-08-20T02:47:01.176179+00:00
90484955-972c-40fb-9a3d-be0cc0aea046,fUSD,0.00013,2,1,-2000000.0,demand,2026-08-20T02:47:01.176179+00:00
90484955-972c-40fb-9a3d-be0cc0aea046,fUSD,0.000146922,2,1,151.23,offer,2026-08-20T02:47:01.176179+00:00
90484955-972c-40fb-9a3d-be0cc0aea046,fUSD,0.000147091,2,1,162.43345654,offer,2026-08-20T02:47:01.176179+00:00
90484955-972c-40fb-9a3d-be0cc0aea046,fUSD,0.00014726,2,10,4702.31401552,offer,2026-08-20T02:47:01.176179+00:00
90484955-972c-40fb-9a3d-be0cc0aea046,fUSD,0.00014898082191780823,2,3,550.64514705,offer,2026-08-20T02:47:01.176179+00:00
90484955-972c-40fb-9a3d-be0cc0aea046,fUSD,0.0001489890410958904,2,1,151.0,offer,2026-08-20T02:47:01.176179+00:00
90484955-972c-40fb-9a3d-be0cc0aea046,fUSD,0.00014898904109589042,2,21,4345.57054477,offer,2026-08-20T02:47:01.176179+00:00
90484955-972c-40fb-9a3d-be0cc0aea046,fUSD,0.00014899,2,2,766.08176594,offer,2026-08-20T02:47:01.176179+00:00
90484955-972c-40fb-9a3d-be0cc0aea046,fUSD,0.000149,2,19,45712.29308335,offer,2026-08-20T02:47:01.176179+00:00
90484955-972c-40fb-9a3d-be0cc0aea046,fUSD,0.00014979,2,1,4516.5092566,offer,2026-08-20T02:47:01.176179+00:00
90484955-972c-40fb-9a3d-be0cc0aea046,fUSD,0.00014986,2,4,606.46,offer,2026-08-20T02:47:01.176179+00:00
90484955-972c-40fb-9a3d-be0cc0aea046,fUSD,0.00014986027397260277,2,10,1681.0,offer,2026-08-20T02:47:01.176179+00:00
90484955-972c-40fb-9a3d-be0cc0aea046,fUSD,0.00014986132305825698,2,1,209.0,offer,2026-08-20T02:47:01.176179+00:00
90484955-972c-40fb-9a3d-be0cc0aea046,fUSD,0.00014998904109589042,2,3,380.26794768,offer,2026-08-20T02:47:01.176179+00:00
90484955-972c-40fb-9a3d-be0cc0aea046,fUSD,0.00014999,2,27,33225.08702534,offer,2026-08-20T02:47:01.176179+00:00
90484955-972c-40fb-9a3d-be0cc0aea046,fUSD,0.00015,2,5,615012.71825597,offer,2026-08-20T02:47:01.176179+00:00
90484955-972c-40fb-9a3d-be0cc0aea046,fUSD,0.00015099995,2,13,2012.0,offer,2026-08-20T02:47:01.176179+00:00
90484955-972c-40fb-9a3d-be0cc0aea046,fUSD,0.00015288,2,3,960.17724024,offer,2026-08-20T02:47:01.176179+00:00
90484955-972c-40fb-9a3d-be0cc0aea046,fUSD,0.00015299999999999998,3,1,1046.03550165,offer,2026-08-20T02:47:01.176179+00:00
90484955-972c-40fb-9a3d-be0cc0aea046,fUSD,0.0001546735,2,1,354.25,offer,2026-08-20T02:47:01.176179+00:00
90484955-972c-40fb-9a3d-be0cc0aea046,fUSD,0.00015490591411140617,2,1,1131.0,offer,2026-08-20T02:47:01.176179+00:00
90484955-972c-40fb-9a3d-be0cc0aea046,fUSD,0.00015490684931506848,2,2,300.0,offer,2026-08-20T02:47:01.176179+00:00
90484955-972c-40fb-9a3d-be0cc0aea046,fUSD,0.00015606,4,1,1046.03550165,offer,2026-08-20T02:47:01.176179+00:00
90484955-972c-40fb-9a3d-be0cc0aea046,fUSD,0.00015673955,2,4,600.0,offer,2026-08-20T02:47:01.176179+00:00
90484955-972c-40fb-9a3d-be0cc0aea046,fUSD,0.0001574895,2,3,849.12,offer,2026-08-20T02:47:01.176179+00:00
90484955-972c-40fb-9a3d-be0cc0aea046,fUSD,0.0001581356712328767,7,1,275.27377132,offer,2026-08-20T02:47:01.176179+00:00
7d79d174-c272-4511-ba80-00b2a68be862,fUSD,0.000185,120,1,-4996044.96789978,demand,2026-08-20T03:47:01.173762+00:00
7d79d174-c272-4511-ba80-00b2a68be862,fUSD,0.00018010999999999998,120,1,-235606.73391109,demand,2026-08-20T03:47:01.173762+00:00
7d79d174-c272-4511-ba80-00b2a68be862,fUSD,0.00017999999999999998,30,1,-4180319.48942388,demand,2026-08-20T03:47:01.173762+00:00
7d79d174-c272-4511-ba80-00b2a68be862,fUSD,0.0001777,120,1,-23123.30278361,demand,2026-08-20T03:47:01.173762+00:00
7d79d174-c272-4511-ba80-00b2a68be862,fUSD,0.000174,120,1,-12350.0,demand,2026-08-20T03:47:01.173762+00:00
7d79d174-c272-4511-ba80-00b2a68be862,fUSD,0.0001713,120,1,-14000.0,demand,2026-08-20T03:47:01.173762+00:00
7d79d174-c272-4511-ba80-00b2a68be862,fUSD,0.0001712,120,1,-20000.0,demand,2026-08-20T03:47:01.173762+00:00
7d79d174-c272-4511-ba80-00b2a68be862,fUSD,0.00017111,120,1,-2000000.0,demand,2026-08-20T03:47:01.173762+00:00
7d79d174-c272-4511-ba80-00b2a68be862,fUSD,0.00016,120,2,-10009162.66122322,demand,2026-08-20T03:47:01.173762+00:00
7d79d174-c272-4511-ba80-00b2a68be862,fUSD,0.00016,5,1,-10000.0,demand,2026-08-20T03:47:01.173762+00:00
7d79d174-c272-4511-ba80-00b2a68be862,fUSD,0.000154,14,2,-3000.0,demand,2026-08-20T03:47:01.173762+00:00
7d79d174-c272-4511-ba80-00b2a68be862,fUSD,0.000153,2,1,-150.0,demand,2026-08-20T03:47:01.173762+00:00
7d79d174-c272-4511-ba80-00b2a68be862,fUSD,0.000151,120,1,-10000.0,demand,2026-08-20T03:47:01.173762+00:00
7d79d174-c272-4511-ba80-00b2a68be862,fUSD,0.0001502,30,1,-13500.0,demand,2026-08-20T03:47:01.173762+00:00
7d79d174-c272-4511-ba80-00b2a68be862,fUSD,0.00015,90,1,-19550.75,demand,2026-08-20T03:47:01.173762+00:00
7d79d174-c272-4511-ba80-00b2a68be862,fUSD,0.00015,29,1,-218795.0,demand,2026-08-20T03:47:01.173762+00:00
7d79d174-c272-4511-ba80-00b2a68be862,fUSD,0.00015,120,1,-500.0,demand,2026-08-20T03:47:01.173762+00:00
7d79d174-c272-4511-ba80-00b2a68be862,fUSD,0.00014252,120,1,-10770.76644364,demand,2026-08-20T03:47:01.173762+00:00
7d79d174-c272-4511-ba80-00b2a68be862,fUSD,0.000142,7,2,-35291.16815724,demand,2026-08-20T03:47:01.173762+00:00
7d79d174-c272-4511-ba80-00b2a68be862,fUSD,0.00014120000000000002,30,1,-13500.0,demand,2026-08-20T03:47:01.173762+00:00
7d79d174-c272-4511-ba80-00b2a68be862,fUSD,0.00014000000000000001,2,2,-2564375.57838178,demand,2026-08-20T03:47:01.173762+00:00
7d79d174-c272-4511-ba80-00b2a68be862,fUSD,0.0001342,2,1,-1783904.39862186,demand,2026-08-20T03:47:01.173762+00:00
7d79d174-c272-4511-ba80-00b2a68be862,fUSD,0.000134,2,1,-2000000.0,demand,2026-08-20T03:47:01.173762+00:00
7d79d174-c272-4511-ba80-00b2a68be862,fUSD,0.00013,2,1,-2000000.0,demand,2026-08-20T03:47:01.173762+00:00
7d79d174-c272-4511-ba80-00b2a68be862,fUSD,0.00012757,120,1,-100000.0,demand,2026-08-20T03:47:01.173762+00:00
7d79d174-c272-4511-ba80-00b2a68be862,fUSD,0.00014249,2,1,213.9,offer,2026-08-20T03:47:01.173762+00:00
7d79d174-c272-4511-ba80-00b2a68be862,fUSD,0.0001433375,2,1,150.0,offer,2026-08-20T03:47:01.173762+00:00
7d79d174-c272-4511-ba80-00b2a68be862,fUSD,0.000149,2,2,3365.05496805,offer,2026-08-20T03:47:01.173762+00:00
7d79d174-c272-4511-ba80-00b2a68be862,fUSD,0.00014984999999999998,2,1,151.0,offer,2026-08-20T03:47:01.173762+00:00
7d79d174-c272-4511-ba80-00b2a68be862,fUSD,0.00014998,2,11,5038.06937654,offer,2026-08-20T03:47:01.173762+00:00
7d79d174-c272-4511-ba80-00b2a68be862,fUSD,0.00014998904109589042,2,8,2133.47838134,offer,2026-08-20T03:47:01.173762+00:00
7d79d174-c272-4511-ba80-00b2a68be862,fUSD,0.00014999,2,18,12048.56349251,offer,2026-08-20T03:47:01.173762+00:00
7d79d174-c272-4511-ba80-00b2a68be862,fUSD,0.00015,2,25,366654.90177424,offer,2026-08-20T03:47:01.173762+00:00
7d79d174-c272-4511-ba80-00b2a68be862,fUSD,0.00015012,2,1,164.92,offer,2026-08-20T03:47:01.173762+00:00
7d79d174-c272-4511-ba80-00b2a68be862,fUSD,0.00015012045095144004,2,1,207.0,offer,2026-08-20T03:47:01.173762+00:00
7d79d174-c272-4511-ba80-00b2a68be862,fUSD,0.00015299999999999998,6,1,218.78695461,offer,2026-08-20T03:47:01.173762+00:00
7d79d174-c272-4511-ba80-00b2a68be862,fUSD,0.00015299999999999998,4,2,337.40761215,offer,2026-08-20T03:47:01.173762+00:00
7d79d174-c272-4511-ba80-00b2a68be862,fUSD,0.000155,2,1,504.0,offer,2026-08-20T03:47:01.173762+00:00
7d79d174-c272-4511-ba80-00b2a68be862,fUSD,0.00015606,5,1,173.45910212,offer,2026-08-20T03:47:01.173762+00:00
7d79d174-c272-4511-ba80-00b2a68be862,fUSD,0.000156739,2,1,150.0,offer,2026-08-20T03:47:01.173762+00:00
7d79d174-c272-4511-ba80-00b2a68be862,fUSD,0.00015821917808219179,2,1,359.00853883,offer,2026-08-20T03:47:01.173762+00:00
7d79d174-c272-4511-ba80-00b2a68be862,fUSD,0.0001591812,6,1,173.45910212,offer,2026-08-20T03:47:01.173762+00:00
7d79d174-c272-4511-ba80-00b2a68be862,fUSD,0.0001601111,2,2,3365.05496794,offer,2026-08-20T03:47:01.173762+00:00
7d79d174-c272-4511-ba80-00b2a68be862,fUSD,0.000162364824,8,1,173.45910212,offer,2026-08-20T03:47:01.173762+00:00
7d79d174-c272-4511-ba80-00b2a68be862,fUSD,0.0001640845123287671,2,1,504.0,offer,2026-08-20T03:47:01.173762+00:00
7d79d174-c272-4511-ba80-00b2a68be862,fUSD,0.00016511957769638208,2,1,2620.18928304,offer,2026-08-20T03:47:01.173762+00:00
7d79d174-c272-4511-ba80-00b2a68be862,fUSD,0.00016804,4,1,1225.0015331,offer,2026-08-20T03:47:01.173762+00:00
7d79d174-c272-4511-ba80-00b2a68be862,fUSD,0.00016826463333333334,2,11,3991.38531793,offer,2026-08-20T03:47:01.173762+00:00
7d79d174-c272-4511-ba80-00b2a68be862,fUSD,0.00017100463333333333,2,1,156.65910109,offer,2026-08-20T03:47:01.173762+00:00
7d79d174-c272-4511-ba80-00b2a68be862,fUSD,0.0001712222,2,2,3365.05496794,offer,2026-08-20T03:47:01.173762+00:00
9b27c8be-c31d-4827-880c-48c49a66bbdd,fUSD,0.000185,120,1,-4996044.96789978,demand,2026-08-20T04:47:01.006597+00:00
9b27c8be-c31d-4827-880c-48c49a66bbdd,fUSD,0.00018010999999999998,120,1,-235606.73391109,demand,2026-08-20T04:47:01.006597+00:00
9b27c8be-c31d-4827-880c-48c49a66bbdd,fUSD,0.00017999999999999998,30,1,-4180319.48942388,demand,2026-08-20T04:47:01.006597+00:00
9b27c8be-c31d-4827-880c-48c49a66bbdd,fUSD,0.0001777,120,1,-23123.30278361,demand,2026-08-20T04:47:01.006597+00:00
9b27c8be-c31d-4827-880c-48c49a66bbdd,fUSD,0.000174,120,1,-12350.0,demand,2026-08-20T04:47:01.006597+00:00
9b27c8be-c31d-4827-880c-48c49a66bbdd,fUSD,0.0001713,120,1,-14000.0,demand,2026-08-20T04:47:01.006597+00:00
9b27c8be-c31d-4827-880c-48c49a66bbdd,fUSD,0.0001712,120,1,-20000.0,demand,2026-08-20T04:47:01.006597+00:00
9b27c8be-c31d-4827-880c-48c49a66bbdd,fUSD,0.00017111,120,1,-2000000.0,demand,2026-08-20T04:47:01.006597+00:00
9b27c8be-c31d-4827-880c-48c49a66bbdd,fUSD,0.00016,120,2,-10009162.66122322,demand,2026-08-20T04:47:01.006597+00:00
9b27c8be-c31d-4827-880c-48c49a66bbdd,fUSD,0.00016,5,1,-10000.0,demand,2026-08-20T04:47:01.006597+00:00
9b27c8be-c31d-4827-880c-48c49a66bbdd,fUSD,0.000154,14,2,-3000.0,demand,2026-08-20T04:47:01.006597+00:00
9b27c8be-c31d-4827-880c-48c49a66bbdd,fUSD,0.000153,2,1,-150.0,demand,2026-08-20T04:47:01.006597+00:00
9b27c8be-c31d-4827-880c-48c49a66bbdd,fUSD,0.000151,120,1,-10000.0,demand,2026-08-20T04:47:01.006597+00:00
9b27c8be-c31d-4827-880c-48c49a66bbdd,fUSD,0.0001502,30,1,-13500.0,demand,2026-08-20T04:47:01.006597+00:00
9b27c8be-c31d-4827-880c-48c49a66bbdd,fUSD,0.00015,90,1,-19550.75,demand,2026-08-20T04:47:01.006597+00:00
9b27c8be-c31d-4827-880c-48c49a66bbdd,fUSD,0.00015,29,1,-218795.0,demand,2026-08-20T04:47:01.006597+00:00
9b27c8be-c31d-4827-880c-48c49a66bbdd,fUSD,0.00015,120,1,-500.0,demand,2026-08-20T04:47:01.006597+00:00
9b27c8be-c31d-4827-880c-48c49a66bbdd,fUSD,0.00014252,120,1,-10770.76644364,demand,2026-08-20T04:47:01.006597+00:00
9b27c8be-c31d-4827-880c-48c49a66bbdd,fUSD,0.000142,7,2,-34801.97298254,demand,2026-08-20T04:47:01.006597+00:00
9b27c8be-c31d-4827-880c-48c49a66bbdd,fUSD,0.00014120000000000002,30,1,-13500.0,demand,2026-08-20T04:47:01.006597+00:00
9b27c8be-c31d-4827-880c-48c49a66bbdd,fUSD,0.00014000000000000001,2,2,-2564375.57838178,demand,2026-08-20T04:47:01.006597+00:00
9b27c8be-c31d-4827-880c-48c49a66bbdd,fUSD,0.0001342,2,1,-1783904.39862186,demand,2026-08-20T04:47:01.006597+00:00
9b27c8be-c31d-4827-880c-48c49a66bbdd,fUSD,0.000134,2,1,-2000000.0,demand,2026-08-20T04:47:01.006597+00:00
9b27c8be-c31d-4827-880c-48c49a66bbdd,fUSD,0.00013,2,1,-2000000.0,demand,2026-08-20T04:47:01.006597+00:00
9b27c8be-c31d-4827-880c-48c49a66bbdd,fUSD,0.00012757,120,1,-100000.0,demand,2026-08-20T04:47:01.006597+00:00
9b27c8be-c31d-4827-880c-48c49a66bbdd,fUSD,0.000147,2,1,502.677,offer,2026-08-20T04:47:01.006597+00:00
9b27c8be-c31d-4827-880c-48c49a66bbdd,fUSD,0.00014725,2,1,150.0,offer,2026-08-20T04:47:01.006597+00:00
9b27c8be-c31d-4827-880c-48c49a66bbdd,fUSD,0.000149,2,2,2980.79879022,offer,2026-08-20T04:47:01.006597+00:00
9b27c8be-c31d-4827-880c-48c49a66bbdd,fUSD,0.00014978,2,2,688.94228544,offer,2026-08-20T04:47:01.006597+00:00
9b27c8be-c31d-4827-880c-48c49a66bbdd,fUSD,0.00014979,2,1,4510.157403,offer,2026-08-20T04:47:01.006597+00:00
9b27c8be-c31d-4827-880c-48c49a66bbdd,fUSD,0.00014999,2,48,24414.2951862,offer,2026-08-20T04:47:01.006597+00:00
9b27c8be-c31d-4827-880c-48c49a66bbdd,fUSD,0.00015,2,11,910298.54016451,offer,2026-08-20T04:47:01.006597+00:00
9b27c8be-c31d-4827-880c-48c49a66bbdd,fUSD,0.00015137066010093096,2,1,151.0,offer,2026-08-20T04:47:01.006597+00:00
9b27c8be-c31d-4827-880c-48c49a66bbdd,fUSD,0.0001514712,2,1,150.0,offer,2026-08-20T04:47:01.006597+00:00
9b27c8be-c31d-4827-880c-48c49a66bbdd,fUSD,0.00015148675472457826,2,1,209.0,offer,2026-08-20T04:47:01.006597+00:00
9b27c8be-c31d-4827-880c-48c49a66bbdd,fUSD,0.0001517195591136827,2,2,301.0,offer,2026-08-20T04:47:01.006597+00:00
9b27c8be-c31d-4827-880c-48c49a66bbdd,fUSD,0.00015220583813905383,2,1,203.0,offer,2026-08-20T04:47:01.006597+00:00
9b27c8be-c31d-4827-880c-48c49a66bbdd,fUSD,0.00015299,2,1,500.0,offer,2026-08-20T04:47:01.006597+00:00
9b27c8be-c31d-4827-880c-48c49a66bbdd,fUSD,0.00015299999999999998,3,1,201.21481455,offer,2026-08-20T04:47:01.006597+00:00
9b27c8be-c31d-4827-880c-48c49a66bbdd,fUSD,0.000153,2,2,12785.66,offer,2026-08-20T04:47:01.006597+00:00
9b27c8be-c31d-4827-880c-48c49a66bbdd,fUSD,0.000153176186126277,2,1,151.0,offer,2026-08-20T04:47:01.006597+00:00
9b27c8be-c31d-4827-880c-48c49a66bbdd,fUSD,0.000155,2,1,503.0,offer,2026-08-20T04:47:01.006597+00:00
9b27c8be-c31d-4827-880c-48c49a66bbdd,fUSD,0.00015543673099557476,2,1,208.0,offer,2026-08-20T04:47:01.006597+00:00
9b27c8be-c31d-4827-880c-48c49a66bbdd,fUSD,0.00015606,4,1,201.21481455,offer,2026-08-20T04:47:01.006597+00:00
9b27c8be-c31d-4827-880c-48c49a66bbdd,fUSD,0.0001585771,2,1,159.45,offer,2026-08-20T04:47:01.006597+00:00
9b27c8be-c31d-4827-880c-48c49a66bbdd,fUSD,0.00015870119642646952,2,1,5705.90616613,offer,2026-08-20T04:47:01.006597+00:00
9b27c8be-c31d-4827-880c-48c49a66bbdd,fUSD,0.0001591812,5,1,201.21481455,offer,2026-08-20T04:47:01.006597+00:00
9b27c8be-c31d-4827-880c-48c49a66bbdd,fUSD,0.00015927534246575344,2,1,150.0,offer,2026-08-20T04:47:01.006597+00:00
9b27c8be-c31d-4827-880c-48c49a66bbdd,fUSD,0.0001597828,2,1,167.39,offer,2026-08-20T04:47:01.006597+00:00
9b27c8be-c31d-4827-880c-48c49a66bbdd,fUSD,0.0001601111,2,2,2980.7987901,offer,2026-08-20T04:47:01.006597+00:00
86e456bb-7abe-4991-94aa-a42489902005,fUSD,0.000185,120,1,-4995887.9210278,demand,2026-08-20T05:47:01.244762+00:00
86e456bb-7abe-4991-94aa-a42489902005,fUSD,0.00018010999999999998,120,1,-235606.73391109,demand,2026-08-20T05:47:01.244762+00:00
86e456bb-7abe-4991-94aa-a42489902005,fUSD,0.00017999999999999998,30,1,-4180319.48942388,demand,2026-08-20T05:47:01.244762+00:00
86e456bb-7abe-4991-94aa-a42489902005,fUSD,0.0001777,120,1,-23123.30278361,demand,2026-08-20T05:47:01.244762+00:00
86e456bb-7abe-4991-94aa-a42489902005,fUSD,0.000174,120,1,-12350.0,demand,2026-08-20T05:47:01.244762+00:00
86e456bb-7abe-4991-94aa-a42489902005,fUSD,0.0001713,120,1,-14000.0,demand,2026-08-20T05:47:01.244762+00:00
86e456bb-7abe-4991-94aa-a42489902005,fUSD,0.0001712,120,1,-20000.0,demand,2026-08-20T05:47:01.244762+00:00
86e456bb-7abe-4991-94aa-a42489902005,fUSD,0.00017111,120,1,-2000000.0,demand,2026-08-20T05:47:01.244762+00:00
86e456bb-7abe-4991-94aa-a42489902005,fUSD,0.00016,120,2,-10009162.66122322,demand,2026-08-20T05:47:01.244762+00:00
86e456bb-7abe-4991-94aa-a42489902005,fUSD,0.00016,5,1,-10000.0,demand,2026-08-20T05:47:01.244762+00:00
86e456bb-7abe-4991-94aa-a42489902005,fUSD,0.000154,14,2,-3000.0,demand,2026-08-20T05:47:01.244762+00:00
86e456bb-7abe-4991-94aa-a42489902005,fUSD,0.000153,2,1,-150.0,demand,2026-08-20T05:47:01.244762+00:00
86e456bb-7abe-4991-94aa-a42489902005,fUSD,0.000151,120,1,-10000.0,demand,2026-08-20T05:47:01.244762+00:00
86e456bb-7abe-4991-94aa-a42489902005,fUSD,0.0001502,30,1,-13500.0,demand,2026-08-20T05:47:01.244762+00:00
86e456bb-7abe-4991-94aa-a42489902005,fUSD,0.00015,90,1,-19550.75,demand,2026-08-20T05:47:01.244762+00:00
86e456bb-7abe-4991-94aa-a42489902005,fUSD,0.00015,29,1,-218795.0,demand,2026-08-20T05:47:01.244762+00:00
86e456bb-7abe-4991-94aa-a42489902005,fUSD,0.00015,120,1,-500.0,demand,2026-08-20T05:47:01.244762+00:00
86e456bb-7abe-4991-94aa-a42489902005,fUSD,0.00014252,120,1,-10770.76644364,demand,2026-08-20T05:47:01.244762+00:00
86e456bb-7abe-4991-94aa-a42489902005,fUSD,0.000142,7,2,-34801.97298254,demand,2026-08-20T05:47:01.244762+00:00
86e456bb-7abe-4991-94aa-a42489902005,fUSD,0.00014120000000000002,30,1,-13500.0,demand,2026-08-20T05:47:01.244762+00:00
86e456bb-7abe-4991-94aa-a42489902005,fUSD,0.00014000000000000001,2,2,-2562099.664776,demand,2026-08-20T05:47:01.244762+00:00
86e456bb-7abe-4991-94aa-a42489902005,fUSD,0.0001342,2,1,-1783904.39862186,demand,2026-08-20T05:47:01.244762+00:00
86e456bb-7abe-4991-94aa-a42489902005,fUSD,0.000134,2,1,-2000000.0,demand,2026-08-20T05:47:01.244762+00:00
86e456bb-7abe-4991-94aa-a42489902005,fUSD,0.00013,2,1,-2000000.0,demand,2026-08-20T05:47:01.244762+00:00
86e456bb-7abe-4991-94aa-a42489902005,fUSD,0.00012757,120,1,-100000.0,demand,2026-08-20T05:47:01.244762+00:00
86e456bb-7abe-4991-94aa-a42489902005,fUSD,0.0001497608219178082,2,2,842.05994026,offer,2026-08-20T05:47:01.244762+00:00
86e456bb-7abe-4991-94aa-a42489902005,fUSD,0.0001497698630136986,2,42,7541.0,offer,2026-08-20T05:47:01.244762+00:00
86e456bb-7abe-4991-94aa-a42489902005,fUSD,0.0001497703424657534,2,1,150.0,offer,2026-08-20T05:47:01.244762+00:00
86e456bb-7abe-4991-94aa-a42489902005,fUSD,0.00014978,2,3,1500.0,offer,2026-08-20T05:47:01.244762+00:00
86e456bb-7abe-4991-94aa-a42489902005,fUSD,0.0001497808219178082,2,41,7241.0,offer,2026-08-20T05:47:01.244762+00:00
86e456bb-7abe-4991-94aa-a42489902005,fUSD,0.00014999,2,8,4000.0,offer,2026-08-20T05:47:01.244762+00:00
86e456bb-7abe-4991-94aa-a42489902005,fUSD,0.00015288,2,5,2237.20060457,offer,2026-08-20T05:47:01.244762+00:00
86e456bb-7abe-4991-94aa-a42489902005,fUSD,0.00015299,2,1,500.0,offer,2026-08-20T05:47:01.244762+00:00
86e456bb-7abe-4991-94aa-a42489902005,fUSD,0.000153,2,2,365.54485899,offer,2026-08-20T05:47:01.244762+00:00
86e456bb-7abe-4991-94aa-a42489902005,fUSD,0.000155,2,2,1002.0,offer,2026-08-20T05:47:01.244762+00:00
86e456bb-7abe-4991-94aa-a42489902005,fUSD,0.0001633018333333333,2,6,4390.28184175,offer,2026-08-20T05:47:01.244762+00:00
86e456bb-7abe-4991-94aa-a42489902005,fUSD,0.00016477272602739726,2,1,500.0,offer,2026-08-20T05:47:01.244762+00:00
86e456bb-7abe-4991-94aa-a42489902005,fUSD,0.0001687818333333333,2,5,4239.28184175,offer,2026-08-20T05:47:01.244762+00:00
86e456bb-7abe-4991-94aa-a42489902005,fUSD,0.00017424183333333333,2,2,447.49297322,offer,2026-08-20T05:47:01.244762+00:00
86e456bb-7abe-4991-94aa-a42489902005,fUSD,0.00017426183333333332,2,5,4239.28184175,offer,2026-08-20T05:47:01.244762+00:00
86e456bb-7abe-4991-94aa-a42489902005,fUSD,0.00017454545205479452,3,1,500.0,offer,2026-08-20T05:47:01.244762+00:00
86e456bb-7abe-4991-94aa-a42489902005,fUSD,0.000176012,2,1,212.26192653,offer,2026-08-20T05:47:01.244762+00:00
86e456bb-7abe-4991-94aa-a42489902005,fUSD,0.0001769918333333333,2,1,151.0,offer,2026-08-20T05:47:01.244762+00:00
86e456bb-7abe-4991-94aa-a42489902005,fUSD,0.0001797418333333333,2,5,4239.28184175,offer,2026-08-20T05:47:01.244762+00:00
86e456bb-7abe-4991-94aa-a42489902005,fUSD,0.00018011,2,1,500.0,offer,2026-08-20T05:47:01.244762+00:00
86e456bb-7abe-4991-94aa-a42489902005,fUSD,0.0001819201,2,1,171.23,offer,2026-08-20T05:47:01.244762+00:00
86e456bb-7abe-4991-94aa-a42489902005,fUSD,0.000183,2,3,2178.0,offer,2026-08-20T05:47:01.244762+00:00
86e456bb-7abe-4991-94aa-a42489902005,fUSD,0.000184,2,1,287.0,offer,2026-08-20T05:47:01.244762+00:00
86e456bb-7abe-4991-94aa-a42489902005,fUSD,0.00018431817534246575,4,1,500.0,offer,2026-08-20T05:47:01.244762+00:00
86e456bb-7abe-4991-94aa-a42489902005,fUSD,0.0001846919,2,1,167.39,offer,2026-08-20T05:47:01.244762+00:00
f1137518-c4a7-4f64-bdda-ff218e30ea13,fUSD,0.000185,120,1,-4995723.4167469,demand,2026-08-20T06:47:01.183184+00:00
f1137518-c4a7-4f64-bdda-ff218e30ea13,fUSD,0.00018010999999999998,120,1,-235606.73391109,demand,2026-08-20T06:47:01.183184+00:00
f1137518-c4a7-4f64-bdda-ff218e30ea13,fUSD,0.00017999999999999998,30,1,-4180319.48942388,demand,2026-08-20T06:47:01.183184+00:00
f1137518-c4a7-4f64-bdda-ff218e30ea13,fUSD,0.0001777,120,1,-23123.30278361,demand,2026-08-20T06:47:01.183184+00:00
f1137518-c4a7-4f64-bdda-ff218e30ea13,fUSD,0.000174,120,1,-12350.0,demand,2026-08-20T06:47:01.183184+00:00
f1137518-c4a7-4f64-bdda-ff218e30ea13,fUSD,0.0001713,120,1,-14000.0,demand,2026-08-20T06:47:01.183184+00:00
f1137518-c4a7-4f64-bdda-ff218e30ea13,fUSD,0.0001712,120,1,-20000.0,demand,2026-08-20T06:47:01.183184+00:00
f1137518-c4a7-4f64-bdda-ff218e30ea13,fUSD,0.00017111,120,1,-2000000.0,demand,2026-08-20T06:47:01.183184+00:00
f1137518-c4a7-4f64-bdda-ff218e30ea13,fUSD,0.00016,120,2,-10009162.66122322,demand,2026-08-20T06:47:01.183184+00:00
f1137518-c4a7-4f64-bdda-ff218e30ea13,fUSD,0.00016,5,1,-10000.0,demand,2026-08-20T06:47:01.183184+00:00
f1137518-c4a7-4f64-bdda-ff218e30ea13,fUSD,0.000154,14,2,-3000.0,demand,2026-08-20T06:47:01.183184+00:00
f1137518-c4a7-4f64-bdda-ff218e30ea13,fUSD,0.000153,2,1,-150.0,demand,2026-08-20T06:47:01.183184+00:00
f1137518-c4a7-4f64-bdda-ff218e30ea13,fUSD,0.000151,120,1,-10000.0,demand,2026-08-20T06:47:01.183184+00:00
f1137518-c4a7-4f64-bdda-ff218e30ea13,fUSD,0.0001502,30,1,-13500.0,demand,2026-08-20T06:47:01.183184+00:00
f1137518-c4a7-4f64-bdda-ff218e30ea13,fUSD,0.00015,90,1,-19550.75,demand,2026-08-20T06:47:01.183184+00:00
f1137518-c4a7-4f64-bdda-ff218e30ea13,fUSD,0.00015,29,1,-218795.0,demand,2026-08-20T06:47:01.183184+00:00
f1137518-c4a7-4f64-bdda-ff218e30ea13,fUSD,0.00015,120,1,-500.0,demand,2026-08-20T06:47:01.183184+00:00
f1137518-c4a7-4f64-bdda-ff218e30ea13,fUSD,0.00014252,120,1,-10770.76644364,demand,2026-08-20T06:47:01.183184+00:00
f1137518-c4a7-4f64-bdda-ff218e30ea13,fUSD,0.000142,7,2,-34801.97298254,demand,2026-08-20T06:47:01.183184+00:00
f1137518-c4a7-4f64-bdda-ff218e30ea13,fUSD,0.00014120000000000002,30,1,-13500.0,demand,2026-08-20T06:47:01.183184+00:00
f1137518-c4a7-4f64-bdda-ff218e30ea13,fUSD,0.00014001,2,23,-230000.0,demand,2026-08-20T06:47:01.183184+00:00
f1137518-c4a7-4f64-bdda-ff218e30ea13,fUSD,0.00014000000000000001,2,2,-2558944.064776,demand,2026-08-20T06:47:01.183184+00:00
f1137518-c4a7-4f64-bdda-ff218e30ea13,fUSD,0.0001342,2,1,-1783904.39862186,demand,2026-08-20T06:47:01.183184+00:00
f1137518-c4a7-4f64-bdda-ff218e30ea13,fUSD,0.000134,2,1,-2000000.0,demand,2026-08-20T06:47:01.183184+00:00
f1137518-c4a7-4f64-bdda-ff218e30ea13,fUSD,0.00013,2,1,-2000000.0,demand,2026-08-20T06:47:01.183184+00:00
f1137518-c4a7-4f64-bdda-ff218e30ea13,fUSD,0.00015057249999999998,2,1,272.55749752,offer,2026-08-20T06:47:01.183184+00:00
f1137518-c4a7-4f64-bdda-ff218e30ea13,fUSD,0.00015146995,2,4,656.0781495,offer,2026-08-20T06:47:01.183184+00:00
f1137518-c4a7-4f64-bdda-ff218e30ea13,fUSD,0.00015207,2,1,150.0,offer,2026-08-20T06:47:01.183184+00:00
f1137518-c4a7-4f64-bdda-ff218e30ea13,fUSD,0.00015288,2,5,2156.92879806,offer,2026-08-20T06:47:01.183184+00:00
f1137518-c4a7-4f64-bdda-ff218e30ea13,fUSD,0.000155,7,1,150.0,offer,2026-08-20T06:47:01.183184+00:00
f1137518-c4a7-4f64-bdda-ff218e30ea13,fUSD,0.000155,2,1,503.0,offer,2026-08-20T06:47:01.183184+00:00
f1137518-c4a7-4f64-bdda-ff218e30ea13,fUSD,0.000157437,7,1,341.37777053,offer,2026-08-20T06:47:01.183184+00:00
f1137518-c4a7-4f64-bdda-ff218e30ea13,fUSD,0.000163,5,1,1000.0,offer,2026-08-20T06:47:01.183184+00:00
f1137518-c4a7-4f64-bdda-ff218e30ea13,fUSD,0.000164934,2,2,500.0,offer,2026-08-20T06:47:01.183184+00:00
f1137518-c4a7-4f64-bdda-ff218e30ea13,fUSD,0.0001681632602739726,3,1,503.0,offer,2026-08-20T06:47:01.183184+00:00
f1137518-c4a7-4f64-bdda-ff218e30ea13,fUSD,0.00017737,2,1,273.73024966,offer,2026-08-20T06:47:01.183184+00:00
f1137518-c4a7-4f64-bdda-ff218e30ea13,fUSD,0.0001813265205479452,4,1,503.0,offer,2026-08-20T06:47:01.183184+00:00
f1137518-c4a7-4f64-bdda-ff218e30ea13,fUSD,0.00018206,7,1,197.52894435,offer,2026-08-20T06:47:01.183184+00:00
f1137518-c4a7-4f64-bdda-ff218e30ea13,fUSD,0.0001830365,2,1,327.05,offer,2026-08-20T06:47:01.183184+00:00
f1137518-c4a7-4f64-bdda-ff218e30ea13,fUSD,0.00019150740507894477,2,1,158.82849191,offer,2026-08-20T06:47:01.183184+00:00
f1137518-c4a7-4f64-bdda-ff218e30ea13,fUSD,0.00019151740507894477,2,1,772.45921467,offer,2026-08-20T06:47:01.183184+00:00
f1137518-c4a7-4f64-bdda-ff218e30ea13,fUSD,0.0001915732,2,1,170.78,offer,2026-08-20T06:47:01.183184+00:00
f1137518-c4a7-4f64-bdda-ff218e30ea13,fUSD,0.00019179,2,3,582.4,offer,2026-08-20T06:47:01.183184+00:00
f1137518-c4a7-4f64-bdda-ff218e30ea13,fUSD,0.00019179,7,2,330.62,offer,2026-08-20T06:47:01.183184+00:00
f1137518-c4a7-4f64-bdda-ff218e30ea13,fUSD,0.00019179,30,1,165.3,offer,2026-08-20T06:47:01.183184+00:00
f1137518-c4a7-4f64-bdda-ff218e30ea13,fUSD,0.0001918191780821918,2,3,451.0,offer,2026-08-20T06:47:01.183184+00:00
f1137518-c4a7-4f64-bdda-ff218e30ea13,fUSD,0.00019182,2,2,839.98,offer,2026-08-20T06:47:01.183184+00:00
f1137518-c4a7-4f64-bdda-ff218e30ea13,fUSD,0.0001919166,2,1,152.91,offer,2026-08-20T06:47:01.183184+00:00
f1137518-c4a7-4f64-bdda-ff218e30ea13,fUSD,0.00019193,7,1,2946.8,offer,2026-08-20T06:47:01.183184+00:00
f1137518-c4a7-4f64-bdda-ff218e30ea13,fUSD,0.0001919323,2,1,200.0,offer,2026-08-20T06:47:01.183184+00:00
0869c595-4454-4b78-9883-219bf3157cec,fUSD,0.000185,120,1,-4995723.4167469,demand,2026-08-20T07:47:01.019542+00:00
0869c595-4454-4b78-9883-219bf3157cec,fUSD,0.00018010999999999998,120,1,-235606.73391109,demand,2026-08-20T07:47:01.019542+00:00
0869c595-4454-4b78-9883-219bf3157cec,fUSD,0.00017999999999999998,30,1,-4180319.48942388,demand,2026-08-20T07:47:01.019542+00:00
0869c595-4454-4b78-9883-219bf3157cec,fUSD,0.0001777,120,1,-23123.30278361,demand,2026-08-20T07:47:01.019542+00:00
0869c595-4454-4b78-9883-219bf3157cec,fUSD,0.000174,120,1,-12350.0,demand,2026-08-20T07:47:01.019542+00:00
0869c595-4454-4b78-9883-219bf3157cec,fUSD,0.0001713,120,1,-14000.0,demand,2026-08-20T07:47:01.019542+00:00
0869c595-4454-4b78-9883-219bf3157cec,fUSD,0.0001712,120,1,-20000.0,demand,2026-08-20T07:47:01.019542+00:00
0869c595-4454-4b78-9883-219bf3157cec,fUSD,0.00017111,120,1,-2000000.0,demand,2026-08-20T07:47:01.019542+00:00
0869c595-4454-4b78-9883-219bf3157cec,fUSD,0.00016,120,2,-10009162.66122322,demand,2026-08-20T07:47:01.019542+00:00
0869c595-4454-4b78-9883-219bf3157cec,fUSD,0.00016,5,1,-10000.0,demand,2026-08-20T07:47:01.019542+00:00
0869c595-4454-4b78-9883-219bf3157cec,fUSD,0.000154,14,2,-3000.0,demand,2026-08-20T07:47:01.019542+00:00
0869c595-4454-4b78-9883-219bf3157cec,fUSD,0.000153,2,1,-150.0,demand,2026-08-20T07:47:01.019542+00:00
0869c595-4454-4b78-9883-219bf3157cec,fUSD,0.000151,120,1,-10000.0,demand,2026-08-20T07:47:01.019542+00:00
0869c595-4454-4b78-9883-219bf3157cec,fUSD,0.0001502,30,1,-13500.0,demand,2026-08-20T07:47:01.019542+00:00
0869c595-4454-4b78-9883-219bf3157cec,fUSD,0.00015,90,1,-19550.75,demand,2026-08-20T07:47:01.019542+00:00
0869c595-4454-4b78-9883-219bf3157cec,fUSD,0.00015,29,1,-218795.0,demand,2026-08-20T07:47:01.019542+00:00
0869c595-4454-4b78-9883-219bf3157cec,fUSD,0.00015,120,1,-500.0,demand,2026-08-20T07:47:01.019542+00:00
0869c595-4454-4b78-9883-219bf3157cec,fUSD,0.00014252,120,1,-10770.76644364,demand,2026-08-20T07:47:01.019542+00:00
0869c595-4454-4b78-9883-219bf3157cec,fUSD,0.000142,7,2,-34801.97298254,demand,2026-08-20T07:47:01.019542+00:00
0869c595-4454-4b78-9883-219bf3157cec,fUSD,0.00014120000000000002,30,1,-13500.0,demand,2026-08-20T07:47:01.019542+00:00
0869c595-4454-4b78-9883-219bf3157cec,fUSD,0.00014000000000000001,2,2,-2545886.51735516,demand,2026-08-20T07:47:01.019542+00:00
0869c595-4454-4b78-9883-219bf3157cec,fUSD,0.0001342,2,1,-1783904.39862186,demand,2026-08-20T07:47:01.019542+00:00
0869c595-4454-4b78-9883-219bf3157cec,fUSD,0.000134,2,1,-2000000.0,demand,2026-08-20T07:47:01.019542+00:00
0869c595-4454-4b78-9883-219bf3157cec,fUSD,0.00013,2,1,-2000000.0,demand,2026-08-20T07:47:01.019542+00:00
0869c595-4454-4b78-9883-219bf3157cec,fUSD,0.00012757,120,1,-100000.0,demand,2026-08-20T07:47:01.019542+00:00
0869c595-4454-4b78-9883-219bf3157cec,fUSD,0.000155,2,1,501.0,offer,2026-08-20T07:47:01.019542+00:00
0869c595-4454-4b78-9883-219bf3157cec,fUSD,0.00015947916438356164,2,1,166.64562821,offer,2026-08-20T07:47:01.019542+00:00
0869c595-4454-4b78-9883-219bf3157cec,fUSD,0.00016885154502126195,2,1,151.0,offer,2026-08-20T07:47:01.019542+00:00
0869c595-4454-4b78-9883-219bf3157cec,fUSD,0.0001724324301369863,3,1,501.0,offer,2026-08-20T07:47:01.019542+00:00
0869c595-4454-4b78-9883-219bf3157cec,fUSD,0.000184,2,1,159.0,offer,2026-08-20T07:47:01.019542+00:00
0869c595-4454-4b78-9883-219bf3157cec,fUSD,0.0001887,2,1,212.26192653,offer,2026-08-20T07:47:01.019542+00:00
0869c595-4454-4b78-9883-219bf3157cec,fUSD,0.00018986486301369863,5,1,501.0,offer,2026-08-20T07:47:01.019542+00:00
0869c595-4454-4b78-9883-219bf3157cec,fUSD,0.00019179,2,6,992.02,offer,2026-08-20T07:47:01.019542+00:00
0869c595-4454-4b78-9883-219bf3157cec,fUSD,0.00019179,7,4,661.28,offer,2026-08-20T07:47:01.019542+00:00
0869c595-4454-4b78-9883-219bf3157cec,fUSD,0.00019179,30,4,661.28,offer,2026-08-20T07:47:01.019542+00:00
0869c595-4454-4b78-9883-219bf3157cec,fUSD,0.00019259,7,1,389.67,offer,2026-08-20T07:47:01.019542+00:00
0869c595-4454-4b78-9883-219bf3157cec,fUSD,0.00019274,7,1,286.62,offer,2026-08-20T07:47:01.019542+00:00
0869c595-4454-4b78-9883-219bf3157cec,fUSD,0.00019276,7,1,201.66,offer,2026-08-20T07:47:01.019542+00:00
0869c595-4454-4b78-9883-219bf3157cec,fUSD,0.00019286,7,1,202.51,offer,2026-08-20T07:47:01.019542+00:00
0869c595-4454-4b78-9883-219bf3157cec,fUSD,0.00019311,2,1,363.52,offer,2026-08-20T07:47:01.019542+00:00
0869c595-4454-4b78-9883-219bf3157cec,fUSD,0.00019332876712328765,2,2,302.0,offer,2026-08-20T07:47:01.019542+00:00
0869c595-4454-4b78-9883-219bf3157cec,fUSD,0.0001934,2,1,271.98,offer,2026-08-20T07:47:01.019542+00:00
0869c595-4454-4b78-9883-219bf3157cec,fUSD,0.00019375,2,1,389.67,offer,2026-08-20T07:47:01.019542+00:00
0869c595-4454-4b78-9883-219bf3157cec,fUSD,0.00019383,2,1,286.62,offer,2026-08-20T07:47:01.019542+00:00
0869c595-4454-4b78-9883-219bf3157cec,fUSD,0.00019384,2,1,201.66,offer,2026-08-20T07:47:01.019542+00:00
0869c595-4454-4b78-9883-219bf3157cec,fUSD,0.00019395,2,1,202.51,offer,2026-08-20T07:47:01.019542+00:00
0869c595-4454-4b78-9883-219bf3157cec,fUSD,0.00019483,2,1,363.52,offer,2026-08-20T07:47:01.019542+00:00
0869c595-4454-4b78-9883-219bf3157cec,fUSD,0.00019491,2,1,326.84,offer,2026-08-20T07:47:01.019542+00:00
0869c595-4454-4b78-9883-219bf3157cec,fUSD,0.00019492,7,4,1093.17,offer,2026-08-20T07:47:01.019542+00:00
0869c595-4454-4b78-9883-219bf3157cec,fUSD,0.00019492,2,1,150.0,offer,2026-08-20T07:47:01.019542+00:00
5ff3a338-090f-4798-9691-89f597118577,fUSD,0.000185,120,1,-4995723.4167469,demand,2026-08-20T08:47:01.167438+00:00
5ff3a338-090f-4798-9691-89f597118577,fUSD,0.00018010999999999998,120,1,-235606.73391109,demand,2026-08-20T08:47:01.167438+00:00
5ff3a338-090f-4798-9691-89f597118577,fUSD,0.00017999999999999998,30,1,-4180319.48942388,demand,2026-08-20T08:47:01.167438+00:00
5ff3a338-090f-4798-9691-89f597118577,fUSD,0.0001777,120,1,-23123.30278361,demand,2026-08-20T08:47:01.167438+00:00
5ff3a338-090f-4798-9691-89f597118577,fUSD,0.000174,120,1,-12350.0,demand,2026-08-20T08:47:01.167438+00:00
5ff3a338-090f-4798-9691-89f597118577,fUSD,0.0001713,120,1,-14000.0,demand,2026-08-20T08:47:01.167438+00:00
5ff3a338-090f-4798-9691-89f597118577,fUSD,0.0001712,120,1,-20000.0,demand,2026-08-20T08:47:01.167438+00:00
5ff3a338-090f-4798-9691-89f597118577,fUSD,0.00017111,120,1,-2000000.0,demand,2026-08-20T08:47:01.167438+00:00
5ff3a338-090f-4798-9691-89f597118577,fUSD,0.00016,120,2,-10009162.66122322,demand,2026-08-20T08:47:01.167438+00:00
5ff3a338-090f-4798-9691-89f597118577,fUSD,0.00016,5,1,-10000.0,demand,2026-08-20T08:47:01.167438+00:00
5ff3a338-090f-4798-9691-89f597118577,fUSD,0.000154,14,2,-3000.0,demand,2026-08-20T08:47:01.167438+00:00
5ff3a338-090f-4798-9691-89f597118577,fUSD,0.000153,2,1,-150.0,demand,2026-08-20T08:47:01.167438+00:00
5ff3a338-090f-4798-9691-89f597118577,fUSD,0.000151,120,1,-10000.0,demand,2026-08-20T08:47:01.167438+00:00
5ff3a338-090f-4798-9691-89f597118577,fUSD,0.0001502,30,1,-13500.0,demand,2026-08-20T08:47:01.167438+00:00
5ff3a338-090f-4798-9691-89f597118577,fUSD,0.00015,90,1,-19550.75,demand,2026-08-20T08:47:01.167438+00:00
5ff3a338-090f-4798-9691-89f597118577,fUSD,0.00015,29,1,-218795.0,demand,2026-08-20T08:47:01.167438+00:00
5ff3a338-090f-4798-9691-89f597118577,fUSD,0.00015,120,1,-500.0,demand,2026-08-20T08:47:01.167438+00:00
5ff3a338-090f-4798-9691-89f597118577,fUSD,0.00014252,120,1,-10770.76644364,demand,2026-08-20T08:47:01.167438+00:00
5ff3a338-090f-4798-9691-89f597118577,fUSD,0.000142,7,2,-34801.97298254,demand,2026-08-20T08:47:01.167438+00:00
5ff3a338-090f-4798-9691-89f597118577,fUSD,0.00014120000000000002,30,1,-13500.0,demand,2026-08-20T08:47:01.167438+00:00
5ff3a338-090f-4798-9691-89f597118577,fUSD,0.00014000000000000001,2,2,-2534946.81612978,demand,2026-08-20T08:47:01.167438+00:00
5ff3a338-090f-4798-9691-89f597118577,fUSD,0.0001342,2,1,-1783904.39862186,demand,2026-08-20T08:47:01.167438+00:00
5ff3a338-090f-4798-9691-89f597118577,fUSD,0.000134,2,1,-2000000.0,demand,2026-08-20T08:47:01.167438+00:00
5ff3a338-090f-4798-9691-89f597118577,fUSD,0.00013,2,1,-2000000.0,demand,2026-08-20T08:47:01.167438+00:00
5ff3a338-090f-4798-9691-89f597118577,fUSD,0.00012757,120,1,-100000.0,demand,2026-08-20T08:47:01.167438+00:00
5ff3a338-090f-4798-9691-89f597118577,fUSD,0.00014725,2,1,324.88,offer,2026-08-20T08:47:01.167438+00:00
5ff3a338-090f-4798-9691-89f597118577,fUSD,0.00015149,2,1,150.0,offer,2026-08-20T08:47:01.167438+00:00
5ff3a338-090f-4798-9691-89f597118577,fUSD,0.00015299,2,1,150.0,offer,2026-08-20T08:47:01.167438+00:00
5ff3a338-090f-4798-9691-89f597118577,fUSD,0.000153,2,2,729.16,offer,2026-08-20T08:47:01.167438+00:00
5ff3a338-090f-4798-9691-89f597118577,fUSD,0.000153995,2,1,150.0,offer,2026-08-20T08:47:01.167438+00:00
5ff3a338-090f-4798-9691-89f597118577,fUSD,0.00015449,2,1,150.0,offer,2026-08-20T08:47:01.167438+00:00
5ff3a338-090f-4798-9691-89f597118577,fUSD,0.00015499,2,4,1520.6019617,offer,2026-08-20T08:47:01.167438+00:00
5ff3a338-090f-4798-9691-89f597118577,fUSD,0.000155,2,19,4625.94,offer,2026-08-20T08:47:01.167438+00:00
5ff3a338-090f-4798-9691-89f597118577,fUSD,0.00015599,2,1,150.0,offer,2026-08-20T08:47:01.167438+00:00
5ff3a338-090f-4798-9691-89f597118577,fUSD,0.00015749,2,1,150.0,offer,2026-08-20T08:47:01.167438+00:00
5ff3a338-090f-4798-9691-89f597118577,fUSD,0.00015899,2,1,150.0,offer,2026-08-20T08:47:01.167438+00:00
5ff3a338-090f-4798-9691-89f597118577,fUSD,0.00016,5,1,533.1398318,offer,2026-08-20T08:47:01.167438+00:00
5ff3a338-090f-4798-9691-89f597118577,fUSD,0.00016049,2,1,298.0,offer,2026-08-20T08:47:01.167438+00:00
5ff3a338-090f-4798-9691-89f597118577,fUSD,0.00016275,2,1,324.88,offer,2026-08-20T08:47:01.167438+00:00
5ff3a338-090f-4798-9691-89f597118577,fUSD,0.00017342857534246575,3,1,512.0,offer,2026-08-20T08:47:01.167438+00:00
5ff3a338-090f-4798-9691-89f597118577,fUSD,0.00017589,2,1,312.33076878,offer,2026-08-20T08:47:01.167438+00:00
5ff3a338-090f-4798-9691-89f597118577,fUSD,0.0001759,2,1,2291.7690043,offer,2026-08-20T08:47:01.167438+00:00
5ff3a338-090f-4798-9691-89f597118577,fUSD,0.000176,2,1,154.0,offer,2026-08-20T08:47:01.167438+00:00
5ff3a338-090f-4798-9691-89f597118577,fUSD,0.00017625,7,1,386.44,offer,2026-08-20T08:47:01.167438+00:00
5ff3a338-090f-4798-9691-89f597118577,fUSD,0.000182,5,1,1000.0,offer,2026-08-20T08:47:01.167438+00:00
5ff3a338-090f-4798-9691-89f597118577,fUSD,0.000184,2,1,163.0,offer,2026-08-20T08:47:01.167438+00:00
5ff3a338-090f-4798-9691-89f597118577,fUSD,0.000185,2,1,159.69324212,offer,2026-08-20T08:47:01.167438+00:00
5ff3a338-090f-4798-9691-89f597118577,fUSD,0.0001889,2,1,400.0,offer,2026-08-20T08:47:01.167438+00:00
5ff3a338-090f-4798-9691-89f597118577,fUSD,0.0001917808219178082,2,2,347.79,offer,2026-08-20T08:47:01.167438+00:00
5ff3a338-090f-4798-9691-89f597118577,fUSD,0.00019179,7,17,10945.5,offer,2026-08-20T08:47:01.167438+00:00
02aa342f-142e-4e5c-90b5-5653e087bed5,fUSD,0.0002808219178082192,120,1,-12848749.97539978,demand,2026-08-20T09:47:01.305742+00:00
02aa342f-142e-4e5c-90b5-5653e087bed5,fUSD,0.00018010999999999998,120,1,-235606.73391109,demand,2026-08-20T09:47:01.305742+00:00
02aa342f-142e-4e5c-90b5-5653e087bed5,fUSD,0.0001777,120,1,-23123.30278361,demand,2026-08-20T09:47:01.305742+00:00
02aa342f-142e-4e5c-90b5-5653e087bed5,fUSD,0.000174,120,1,-12350.0,demand,2026-08-20T09:47:01.305742+00:00
02aa342f-142e-4e5c-90b5-5653e087bed5,fUSD,0.0001713,120,1,-14000.0,demand,2026-08-20T09:47:01.305742+00:00
02aa342f-142e-4e5c-90b5-5653e087bed5,fUSD,0.0001712,120,1,-20000.0,demand,2026-08-20T09:47:01.305742+00:00
02aa342f-142e-4e5c-90b5-5653e087bed5,fUSD,0.00017111,120,1,-2000000.0,demand,2026-08-20T09:47:01.305742+00:00
02aa342f-142e-4e5c-90b5-5653e087bed5,fUSD,0.00016,120,2,-10009162.66122322,demand,2026-08-20T09:47:01.305742+00:00
02aa342f-142e-4e5c-90b5-5653e087bed5,fUSD,0.00016,5,1,-10000.0,demand,2026-08-20T09:47:01.305742+00:00
02aa342f-142e-4e5c-90b5-5653e087bed5,fUSD,0.000154,14,1,-781.9023342,demand,2026-08-20T09:47:01.305742+00:00
02aa342f-142e-4e5c-90b5-5653e087bed5,fUSD,0.0001534,5,1,-100000.0,demand,2026-08-20T09:47:01.305742+00:00
02aa342f-142e-4e5c-90b5-5653e087bed5,fUSD,0.000153,2,1,-150.0,demand,2026-08-20T09:47:01.305742+00:00
02aa342f-142e-4e5c-90b5-5653e087bed5,fUSD,0.000151,120,1,-10000.0,demand,2026-08-20T09:47:01.305742+00:00
02aa342f-142e-4e5c-90b5-5653e087bed5,fUSD,0.0001502,30,1,-13500.0,demand,2026-08-20T09:47:01.305742+00:00
02aa342f-142e-4e5c-90b5-5653e087bed5,fUSD,0.00015,90,1,-19550.75,demand,2026-08-20T09:47:01.305742+00:00
02aa342f-142e-4e5c-90b5-5653e087bed5,fUSD,0.00015,29,1,-218795.0,demand,2026-08-20T09:47:01.305742+00:00
02aa342f-142e-4e5c-90b5-5653e087bed5,fUSD,0.00015,120,1,-500.0,demand,2026-08-20T09:47:01.305742+00:00
02aa342f-142e-4e5c-90b5-5653e087bed5,fUSD,0.00014252,120,1,-10770.76644364,demand,2026-08-20T09:47:01.305742+00:00
02aa342f-142e-4e5c-90b5-5653e087bed5,fUSD,0.000142,7,2,-34801.97298254,demand,2026-08-20T09:47:01.305742+00:00
02aa342f-142e-4e5c-90b5-5653e087bed5,fUSD,0.00014120000000000002,30,1,-13500.0,demand,2026-08-20T09:47:01.305742+00:00
02aa342f-142e-4e5c-90b5-5653e087bed5,fUSD,0.00014000000000000001,2,2,-2534796.81612978,demand,2026-08-20T09:47:01.305742+00:00
02aa342f-142e-4e5c-90b5-5653e087bed5,fUSD,0.0001342,2,1,-1783904.39862186,demand,2026-08-20T09:47:01.305742+00:00
02aa342f-142e-4e5c-90b5-5653e087bed5,fUSD,0.000134,2,1,-2000000.0,demand,2026-08-20T09:47:01.305742+00:00
02aa342f-142e-4e5c-90b5-5653e087bed5,fUSD,0.00013,2,1,-2000000.0,demand,2026-08-20T09:47:01.305742+00:00
02aa342f-142e-4e5c-90b5-5653e087bed5,fUSD,0.00012757,120,1,-100000.0,demand,2026-08-20T09:47:01.305742+00:00
02aa342f-142e-4e5c-90b5-5653e087bed5,fUSD,0.000168,7,1,173.29937321,offer,2026-08-20T09:47:01.305742+00:00
02aa342f-142e-4e5c-90b5-5653e087bed5,fUSD,0.000178,2,1,432.2,offer,2026-08-20T09:47:01.305742+00:00
02aa342f-142e-4e5c-90b5-5653e087bed5,fUSD,0.0001780822,2,1,159.9,offer,2026-08-20T09:47:01.305742+00:00
02aa342f-142e-4e5c-90b5-5653e087bed5,fUSD,0.000185,2,1,212.26192655,offer,2026-08-20T09:47:01.305742+00:00
02aa342f-142e-4e5c-90b5-5653e087bed5,fUSD,0.0001887,2,1,199.6683386,offer,2026-08-20T09:47:01.305742+00:00
02aa342f-142e-4e5c-90b5-5653e087bed5,fUSD,0.00018870136986301366,2,2,304.0,offer,2026-08-20T09:47:01.305742+00:00
02aa342f-142e-4e5c-90b5-5653e087bed5,fUSD,0.0001917808219178082,2,5,1435.44,offer,2026-08-20T09:47:01.305742+00:00
02aa342f-142e-4e5c-90b5-5653e087bed5,fUSD,0.00019178082191780827,2,4,603.0,offer,2026-08-20T09:47:01.305742+00:00
02aa342f-142e-4e5c-90b5-5653e087bed5,fUSD,0.0001938082191780822,25,1,282.64,offer,2026-08-20T09:47:01.305742+00:00
02aa342f-142e-4e5c-90b5-5653e087bed5,fUSD,0.0002,2,1,211.077961,offer,2026-08-20T09:47:01.305742+00:00
02aa342f-142e-4e5c-90b5-5653e087bed5,fUSD,0.000204,2,2,582.10271035,offer,2026-08-20T09:47:01.305742+00:00
02aa342f-142e-4e5c-90b5-5653e087bed5,fUSD,0.00020433003224547142,2,1,160.0,offer,2026-08-20T09:47:01.305742+00:00
02aa342f-142e-4e5c-90b5-5653e087bed5,fUSD,0.00020586879518048933,2,1,236.4600734,offer,2026-08-20T09:47:01.305742+00:00
02aa342f-142e-4e5c-90b5-5653e087bed5,fUSD,0.00020587879518048932,2,2,3601.0,offer,2026-08-20T09:47:01.305742+00:00
02aa342f-142e-4e5c-90b5-5653e087bed5,fUSD,0.000206,2,1,299.27213546,offer,2026-08-20T09:47:01.305742+00:00
02aa342f-142e-4e5c-90b5-5653e087bed5,fUSD,0.00020674,2,1,230.83,offer,2026-08-20T09:47:01.305742+00:00
02aa342f-142e-4e5c-90b5-5653e087bed5,fUSD,0.00020746,2,1,233.67,offer,2026-08-20T09:47:01.305742+00:00
02aa342f-142e-4e5c-90b5-5653e087bed5,fUSD,0.00020781,2,1,171.99,offer,2026-08-20T09:47:01.305742+00:00
02aa342f-142e-4e5c-90b5-5653e087bed5,fUSD,0.000207883333333,2,1,199.6683386,offer,2026-08-20T09:47:01.305742+00:00
02aa342f-142e-4e5c-90b5-5653e087bed5,fUSD,0.00020796,2,1,162.95,offer,2026-08-20T09:47:01.305742+00:00
02aa342f-142e-4e5c-90b5-5653e087bed5,fUSD,0.000208,2,1,299.27213546,offer,2026-08-20T09:47:01.305742+00:00
02aa342f-142e-4e5c-90b5-5653e087bed5,fUSD,0.00020818377000937814,2,2,3567.0,offer,2026-08-20T09:47:01.305742+00:00
02aa342f-142e-4e5c-90b5-5653e087bed5,fUSD,0.00020819,2,1,152.35,offer,2026-08-20T09:47:01.305742+00:00
02aa342f-142e-4e5c-90b5-5653e087bed5,fUSD,0.00020847,2,1,163.75,offer,2026-08-20T09:47:01.305742+00:00
02aa342f-142e-4e5c-90b5-5653e087bed5,fUSD,0.00020887,2,1,162.31,offer,2026-08-20T09:47:01.305742+00:00
6cd9d916-4309-4052-8e65-97d4c906d7a6,fUSD,0.0002808219178082192,120,1,-12191027.0789087,demand,2026-08-20T10:47:01.242047+00:00
6cd9d916-4309-4052-8e65-97d4c906d7a6,fUSD,0.00018010999999999998,120,1,-235606.73391109,demand,2026-08-20T10:47:01.242047+00:00
6cd9d916-4309-4052-8e65-97d4c906d7a6,fUSD,0.0001777,120,1,-23123.30278361,demand,2026-08-20T10:47:01.242047+00:00
6cd9d916-4309-4052-8e65-97d4c906d7a6,fUSD,0.000174,120,1,-12350.0,demand,2026-08-20T10:47:01.242047+00:00
6cd9d916-4309-4052-8e65-97d4c906d7a6,fUSD,0.0001713,120,1,-14000.0,demand,2026-08-20T10:47:01.242047+00:00
6cd9d916-4309-4052-8e65-97d4c906d7a6,fUSD,0.0001712,120,1,-20000.0,demand,2026-08-20T10:47:01.242047+00:00
6cd9d916-4309-4052-8e65-97d4c906d7a6,fUSD,0.00017111,120,1,-2000000.0,demand,2026-08-20T10:47:01.242047+00:00
6cd9d916-4309-4052-8e65-97d4c906d7a6,fUSD,0.00016,120,2,-10009162.66122322,demand,2026-08-20T10:47:01.242047+00:00
6cd9d916-4309-4052-8e65-97d4c906d7a6,fUSD,0.00016,5,1,-10000.0,demand,2026-08-20T10:47:01.242047+00:00
6cd9d916-4309-4052-8e65-97d4c906d7a6,fUSD,0.0001534,5,1,-96561.82667187,demand,2026-08-20T10:47:01.242047+00:00
6cd9d916-4309-4052-8e65-97d4c906d7a6,fUSD,0.000153,2,1,-150.0,demand,2026-08-20T10:47:01.242047+00:00
6cd9d916-4309-4052-8e65-97d4c906d7a6,fUSD,0.000151,120,1,-10000.0,demand,2026-08-20T10:47:01.242047+00:00
6cd9d916-4309-4052-8e65-97d4c906d7a6,fUSD,0.0001502,30,1,-13500.0,demand,2026-08-20T10:47:01.242047+00:00
6cd9d916-4309-4052-8e65-97d4c906d7a6,fUSD,0.00015,90,1,-19550.75,demand,2026-08-20T10:47:01.242047+00:00
6cd9d916-4309-4052-8e65-97d4c906d7a6,fUSD,0.00015,29,1,-218795.0,demand,2026-08-20T10:47:01.242047+00:00
6cd9d916-4309-4052-8e65-97d4c906d7a6,fUSD,0.00015,120,1,-500.0,demand,2026-08-20T10:47:01.242047+00:00
6cd9d916-4309-4052-8e65-97d4c906d7a6,fUSD,0.00014252,120,1,-10770.76644364,demand,2026-08-20T10:47:01.242047+00:00
6cd9d916-4309-4052-8e65-97d4c906d7a6,fUSD,0.000142,7,2,-34801.97298254,demand,2026-08-20T10:47:01.242047+00:00
6cd9d916-4309-4052-8e65-97d4c906d7a6,fUSD,0.00014120000000000002,30,1,-13500.0,demand,2026-08-20T10:47:01.242047+00:00
6cd9d916-4309-4052-8e65-97d4c906d7a6,fUSD,0.00014000000000000001,2,2,-2534796.81612978,demand,2026-08-20T10:47:01.242047+00:00
6cd9d916-4309-4052-8e65-97d4c906d7a6,fUSD,0.0001342,2,1,-1783904.39862186,demand,2026-08-20T10:47:01.242047+00:00
6cd9d916-4309-4052-8e65-97d4c906d7a6,fUSD,0.000134,2,1,-2000000.0,demand,2026-08-20T10:47:01.242047+00:00
6cd9d916-4309-4052-8e65-97d4c906d7a6,fUSD,0.00013,2,1,-2000000.0,demand,2026-08-20T10:47:01.242047+00:00
6cd9d916-4309-4052-8e65-97d4c906d7a6,fUSD,0.00012757,120,1,-100000.0,demand,2026-08-20T10:47:01.242047+00:00
6cd9d916-4309-4052-8e65-97d4c906d7a6,fUSD,0.0001221,120,1,-12587.13,demand,2026-08-20T10:47:01.242047+00:00
6cd9d916-4309-4052-8e65-97d4c906d7a6,fUSD,0.0002468,2,2,10752.81135646,offer,2026-08-20T10:47:01.242047+00:00
6cd9d916-4309-4052-8e65-97d4c906d7a6,fUSD,0.00024771256232274173,2,1,151.0,offer,2026-08-20T10:47:01.242047+00:00
6cd9d916-4309-4052-8e65-97d4c906d7a6,fUSD,0.0002477972602739726,2,1,265637.14321728,offer,2026-08-20T10:47:01.242047+00:00
6cd9d916-4309-4052-8e65-97d4c906d7a6,fUSD,0.0002478,7,1,2395822.49708509,offer,2026-08-20T10:47:01.242047+00:00
6cd9d916-4309-4052-8e65-97d4c906d7a6,fUSD,0.0002478,2,1,793.8659088,offer,2026-08-20T10:47:01.242047+00:00
6cd9d916-4309-4052-8e65-97d4c906d7a6,fUSD,0.0002478,17,1,167.7307634,offer,2026-08-20T10:47:01.242047+00:00
6cd9d916-4309-4052-8e65-97d4c906d7a6,fUSD,0.0002478001,2,3,2612.53,offer,2026-08-20T10:47:01.242047+00:00
6cd9d916-4309-4052-8e65-97d4c906d7a6,fUSD,0.0002479333,2,1,8198.53186316,offer,2026-08-20T10:47:01.242047+00:00
6cd9d916-4309-4052-8e65-97d4c906d7a6,fUSD,0.00024829041095890403,2,1,151.0,offer,2026-08-20T10:47:01.242047+00:00
6cd9d916-4309-4052-8e65-97d4c906d7a6,fUSD,0.00024832081805999996,2,5,978.34322683,offer,2026-08-20T10:47:01.242047+00:00
6cd9d916-4309-4052-8e65-97d4c906d7a6,fUSD,0.00024846,2,5,2581.97,offer,2026-08-20T10:47:01.242047+00:00
6cd9d916-4309-4052-8e65-97d4c906d7a6,fUSD,0.00024847,2,2,59689.9,offer,2026-08-20T10:47:01.242047+00:00
6cd9d916-4309-4052-8e65-97d4c906d7a6,fUSD,0.00024876,4,1,2000.0,offer,2026-08-20T10:47:01.242047+00:00
6cd9d916-4309-4052-8e65-97d4c906d7a6,fUSD,0.0002491506849315068,6,2,500.0,offer,2026-08-20T10:47:01.242047+00:00
6cd9d916-4309-4052-8e65-97d4c906d7a6,fUSD,0.000249296,2,1,2554.27949326,offer,2026-08-20T10:47:01.242047+00:00
6cd9d916-4309-4052-8e65-97d4c906d7a6,fUSD,0.000249495,2,1,200.0,offer,2026-08-20T10:47:01.242047+00:00
6cd9d916-4309-4052-8e65-97d4c906d7a6,fUSD,0.0002495,2,1,851.38,offer,2026-08-20T10:47:01.242047+00:00
6cd9d916-4309-4052-8e65-97d4c906d7a6,fUSD,0.000249711546,14,1,172.02544,offer,2026-08-20T10:47:01.242047+00:00
6cd9d916-4309-4052-8e65-97d4c906d7a6,fUSD,0.00024974001,2,1,336.17186819,offer,2026-08-20T10:47:01.242047+00:00
6cd9d916-4309-4052-8e65-97d4c906d7a6,fUSD,0.00024997,7,1,157.86916969,offer,2026-08-20T10:47:01.242047+00:00
6cd9d916-4309-4052-8e65-97d4c906d7a6,fUSD,0.00024999,2,10,5035.98398055,offer,2026-08-20T10:47:01.242047+00:00
6cd9d916-4309-4052-8e65-97d4c906d7a6,fUSD,0.00025,10,1,250000.0,offer,2026-08-20T10:47:01.242047+00:00
6cd9d916-4309-4052-8e65-97d4c906d7a6,fUSD,0.00025,7,1,192.44624856,offer,2026-08-20T10:47:01.242047+00:00
6cd9d916-4309-4052-8e65-97d4c906d7a6,fUSD,0.00025,2,23,12241.94398444,offer,2026-08-20T10:47:01.242047+00:00
6cd9d916-4309-4052-8e65-97d4c906d7a6,fUSD,0.00025,4,1,10567.73807126,offer,2026-08-20T10:47:01.242047+00:00
795ffb3d-38ee-4ffa-971a-7313c0784e77,fUSD,0.0002808219178082192,120,1,-11962833.98346924,demand,2026-08-20T11:47:01.289305+00:00
795ffb3d-38ee-4ffa-971a-7313c0784e77,fUSD,0.000273972602739726,120,1,-14000000.0,demand,2026-08-20T11:47:01.289305+00:00
795ffb3d-38ee-4ffa-971a-7313c0784e77,fUSD,0.00018010999999999998,120,1,-235606.73391109,demand,2026-08-20T11:47:01.289305+00:00
795ffb3d-38ee-4ffa-971a-7313c0784e77,fUSD,0.0001777,120,1,-23123.30278361,demand,2026-08-20T11:47:01.289305+00:00
795ffb3d-38ee-4ffa-971a-7313c0784e77,fUSD,0.000174,120,1,-12350.0,demand,2026-08-20T11:47:01.289305+00:00
795ffb3d-38ee-4ffa-971a-7313c0784e77,fUSD,0.0001713,120,1,-14000.0,demand,2026-08-20T11:47:01.289305+00:00
795ffb3d-38ee-4ffa-971a-7313c0784e77,fUSD,0.0001712,120,1,-20000.0,demand,2026-08-20T11:47:01.289305+00:00
795ffb3d-38ee-4ffa-971a-7313c0784e77,fUSD,0.00017111,120,1,-2000000.0,demand,2026-08-20T11:47:01.289305+00:00
795ffb3d-38ee-4ffa-971a-7313c0784e77,fUSD,0.00016,120,2,-10009162.66122322,demand,2026-08-20T11:47:01.289305+00:00
795ffb3d-38ee-4ffa-971a-7313c0784e77,fUSD,0.00016,5,1,-10000.0,demand,2026-08-20T11:47:01.289305+00:00
795ffb3d-38ee-4ffa-971a-7313c0784e77,fUSD,0.0001534,5,1,-96381.29712361,demand,2026-08-20T11:47:01.289305+00:00
795ffb3d-38ee-4ffa-971a-7313c0784e77,fUSD,0.000153,2,1,-150.0,demand,2026-08-20T11:47:01.289305+00:00
795ffb3d-38ee-4ffa-971a-7313c0784e77,fUSD,0.000151,120,1,-10000.0,demand,2026-08-20T11:47:01.289305+00:00
795ffb3d-38ee-4ffa-971a-7313c0784e77,fUSD,0.0001502,30,1,-13500.0,demand,2026-08-20T11:47:01.289305+00:00
795ffb3d-38ee-4ffa-971a-7313c0784e77,fUSD,0.00015,90,1,-19550.75,demand,2026-08-20T11:47:01.289305+00:00
795ffb3d-38ee-4ffa-971a-7313c0784e77,fUSD,0.00015,29,1,-218795.0,demand,2026-08-20T11:47:01.289305+00:00
795ffb3d-38ee-4ffa-971a-7313c0784e77,fUSD,0.00015,120,1,-500.0,demand,2026-08-20T11:47:01.289305+00:00
795ffb3d-38ee-4ffa-971a-7313c0784e77,fUSD,0.00014252,120,1,-10770.76644364,demand,2026-08-20T11:47:01.289305+00:00
795ffb3d-38ee-4ffa-971a-7313c0784e77,fUSD,0.000142,7,2,-34801.97298254,demand,2026-08-20T11:47:01.289305+00:00
795ffb3d-38ee-4ffa-971a-7313c0784e77,fUSD,0.00014120000000000002,30,1,-13500.0,demand,2026-08-20T11:47:01.289305+00:00
795ffb3d-38ee-4ffa-971a-7313c0784e77,fUSD,0.00014000000000000001,2,2,-2532796.81612978,demand,2026-08-20T11:47:01.289305+00:00
795ffb3d-38ee-4ffa-971a-7313c0784e77,fUSD,0.0001342,2,1,-1783904.39862186,demand,2026-08-20T11:47:01.289305+00:00
795ffb3d-38ee-4ffa-971a-7313c0784e77,fUSD,0.000134,2,1,-2000000.0,demand,2026-08-20T11:47:01.289305+00:00
795ffb3d-38ee-4ffa-971a-7313c0784e77,fUSD,0.00013,2,1,-2000000.0,demand,2026-08-20T11:47:01.289305+00:00
795ffb3d-38ee-4ffa-971a-7313c0784e77,fUSD,0.00012757,120,1,-100000.0,demand,2026-08-20T11:47:01.289305+00:00
795ffb3d-38ee-4ffa-971a-7313c0784e77,fUSD,0.0001917808219178082,2,2,365.96,offer,2026-08-20T11:47:01.289305+00:00
795ffb3d-38ee-4ffa-971a-7313c0784e77,fUSD,0.0001938082191780822,25,1,162.44,offer,2026-08-20T11:47:01.289305+00:00
795ffb3d-38ee-4ffa-971a-7313c0784e77,fUSD,0.0001999,2,1,960.0,offer,2026-08-20T11:47:01.289305+00:00
795ffb3d-38ee-4ffa-971a-7313c0784e77,fUSD,0.0002,2,3,1292.99,offer,2026-08-20T11:47:01.289305+00:00
795ffb3d-38ee-4ffa-971a-7313c0784e77,fUSD,0.00021802739726027397,2,1,534.59,offer,2026-08-20T11:47:01.289305+00:00
795ffb3d-38ee-4ffa-971a-7313c0784e77,fUSD,0.00021805205479452053,2,1,223.79,offer,2026-08-20T11:47:01.289305+00:00
795ffb3d-38ee-4ffa-971a-7313c0784e77,fUSD,0.000219,2,1,500.0,offer,2026-08-20T11:47:01.289305+00:00
795ffb3d-38ee-4ffa-971a-7313c0784e77,fUSD,0.00021985,2,26,12506.32116351,offer,2026-08-20T11:47:01.289305+00:00
795ffb3d-38ee-4ffa-971a-7313c0784e77,fUSD,0.00021986,2,1,150.0,offer,2026-08-20T11:47:01.289305+00:00
795ffb3d-38ee-4ffa-971a-7313c0784e77,fUSD,0.00021997000000000002,2,1,214.76408391,offer,2026-08-20T11:47:01.289305+00:00
795ffb3d-38ee-4ffa-971a-7313c0784e77,fUSD,0.00021999999999999998,2,1,150.0,offer,2026-08-20T11:47:01.289305+00:00
795ffb3d-38ee-4ffa-971a-7313c0784e77,fUSD,0.00022,2,4,2086.88515691,offer,2026-08-20T11:47:01.289305+00:00
795ffb3d-38ee-4ffa-971a-7313c0784e77,fUSD,0.000225,2,1,800.0,offer,2026-08-20T11:47:01.289305+00:00
795ffb3d-38ee-4ffa-971a-7313c0784e77,fUSD,0.0002298,2,1,150.0,offer,2026-08-20T11:47:01.289305+00:00
795ffb3d-38ee-4ffa-971a-7313c0784e77,fUSD,0.00023126575342465754,7,1,184.3,offer,2026-08-20T11:47:01.289305+00:00
795ffb3d-38ee-4ffa-971a-7313c0784e77,fUSD,0.00023188493150684932,2,1,442.10787991,offer,2026-08-20T11:47:01.289305+00:00
795ffb3d-38ee-4ffa-971a-7313c0784e77,fUSD,0.00023283957816,30,1,175.12,offer,2026-08-20T11:47:01.289305+00:00
795ffb3d-38ee-4ffa-971a-7313c0784e77,fUSD,0.0002348,3,1,638.37949996,offer,2026-08-20T11:47:01.289305+00:00
795ffb3d-38ee-4ffa-971a-7313c0784e77,fUSD,0.00023582,7,1,390.86,offer,2026-08-20T11:47:01.289305+00:00
795ffb3d-38ee-4ffa-971a-7313c0784e77,fUSD,0.00023970000000000003,2,1,809.19,offer,2026-08-20T11:47:01.289305+00:00
795ffb3d-38ee-4ffa-971a-7313c0784e77,fUSD,0.0002400164383561644,30,2,685.98,offer,2026-08-20T11:47:01.289305+00:00
795ffb3d-38ee-4ffa-971a-7313c0784e77,fUSD,0.0002400164383561644,14,1,534.59,offer,2026-08-20T11:47:01.289305+00:00
795ffb3d-38ee-4ffa-971a-7313c0784e77,fUSD,0.0002425071,2,1,5000.0,offer,2026-08-20T11:47:01.289305+00:00
795ffb3d-38ee-4ffa-971a-7313c0784e77,fUSD,0.0002426129,2,1,152.91,offer,2026-08-20T11:47:01.289305+00:00
795ffb3d-38ee-4ffa-971a-7313c0784e77,fUSD,0.0002429998666666666,2,1,151.0,offer,2026-08-20T11:47:01.289305+00:00
5337c81a-f241-41be-be3f-10402c4d217d,fUSD,0.0002808219178082192,120,1,-11951547.91162519,demand,2026-08-20T12:47:01.114227+00:00
5337c81a-f241-41be-be3f-10402c4d217d,fUSD,0.000273972602739726,120,1,-14000000.0,demand,2026-08-20T12:47:01.114227+00:00
5337c81a-f241-41be-be3f-10402c4d217d,fUSD,0.00018010999999999998,120,1,-235606.73391109,demand,2026-08-20T12:47:01.114227+00:00
5337c81a-f241-41be-be3f-10402c4d217d,fUSD,0.0001777,120,1,-23123.30278361,demand,2026-08-20T12:47:01.114227+00:00
5337c81a-f241-41be-be3f-10402c4d217d,fUSD,0.000174,120,1,-12350.0,demand,2026-08-20T12:47:01.114227+00:00
5337c81a-f241-41be-be3f-10402c4d217d,fUSD,0.0001713,120,1,-14000.0,demand,2026-08-20T12:47:01.114227+00:00
5337c81a-f241-41be-be3f-10402c4d217d,fUSD,0.0001712,120,1,-20000.0,demand,2026-08-20T12:47:01.114227+00:00
5337c81a-f241-41be-be3f-10402c4d217d,fUSD,0.00017111,120,1,-2000000.0,demand,2026-08-20T12:47:01.114227+00:00
5337c81a-f241-41be-be3f-10402c4d217d,fUSD,0.00016,120,2,-10009162.66122322,demand,2026-08-20T12:47:01.114227+00:00
5337c81a-f241-41be-be3f-10402c4d217d,fUSD,0.00016,5,1,-10000.0,demand,2026-08-20T12:47:01.114227+00:00
5337c81a-f241-41be-be3f-10402c4d217d,fUSD,0.0001534,5,1,-96381.29712361,demand,2026-08-20T12:47:01.114227+00:00
5337c81a-f241-41be-be3f-10402c4d217d,fUSD,0.000153,2,1,-150.0,demand,2026-08-20T12:47:01.114227+00:00
5337c81a-f241-41be-be3f-10402c4d217d,fUSD,0.000151,120,1,-10000.0,demand,2026-08-20T12:47:01.114227+00:00
5337c81a-f241-41be-be3f-10402c4d217d,fUSD,0.0001502,30,1,-13500.0,demand,2026-08-20T12:47:01.114227+00:00
5337c81a-f241-41be-be3f-10402c4d217d,fUSD,0.00015,90,1,-19550.75,demand,2026-08-20T12:47:01.114227+00:00
5337c81a-f241-41be-be3f-10402c4d217d,fUSD,0.00015,29,1,-218795.0,demand,2026-08-20T12:47:01.114227+00:00
5337c81a-f241-41be-be3f-10402c4d217d,fUSD,0.00015,120,1,-500.0,demand,2026-08-20T12:47:01.114227+00:00
5337c81a-f241-41be-be3f-10402c4d217d,fUSD,0.00014252,120,1,-10770.76644364,demand,2026-08-20T12:47:01.114227+00:00
5337c81a-f241-41be-be3f-10402c4d217d,fUSD,0.000142,7,2,-34801.97298254,demand,2026-08-20T12:47:01.114227+00:00
5337c81a-f241-41be-be3f-10402c4d217d,fUSD,0.00014120000000000002,30,1,-13500.0,demand,2026-08-20T12:47:01.114227+00:00
5337c81a-f241-41be-be3f-10402c4d217d,fUSD,0.00014000000000000001,2,2,-2520796.81612978,demand,2026-08-20T12:47:01.114227+00:00
5337c81a-f241-41be-be3f-10402c4d217d,fUSD,0.0001342,2,1,-1783904.39862186,demand,2026-08-20T12:47:01.114227+00:00
5337c81a-f241-41be-be3f-10402c4d217d,fUSD,0.000134,2,1,-2000000.0,demand,2026-08-20T12:47:01.114227+00:00
5337c81a-f241-41be-be3f-10402c4d217d,fUSD,0.00013,2,1,-2000000.0,demand,2026-08-20T12:47:01.114227+00:00
5337c81a-f241-41be-be3f-10402c4d217d,fUSD,0.00012757,120,1,-100000.0,demand,2026-08-20T12:47:01.114227+00:00
5337c81a-f241-41be-be3f-10402c4d217d,fUSD,0.00014996,2,1,282.09225593,offer,2026-08-20T12:47:01.114227+00:00
5337c81a-f241-41be-be3f-10402c4d217d,fUSD,0.00014997,2,10,5055.28341389,offer,2026-08-20T12:47:01.114227+00:00
5337c81a-f241-41be-be3f-10402c4d217d,fUSD,0.00014999,2,10,5544.22347304,offer,2026-08-20T12:47:01.114227+00:00
5337c81a-f241-41be-be3f-10402c4d217d,fUSD,0.0001574895,2,1,381.54,offer,2026-08-20T12:47:01.114227+00:00
5337c81a-f241-41be-be3f-10402c4d217d,fUSD,0.0001917808219178082,2,6,2083.39,offer,2026-08-20T12:47:01.114227+00:00
5337c81a-f241-41be-be3f-10402c4d217d,fUSD,0.00021140453866825982,7,1,503.84,offer,2026-08-20T12:47:01.114227+00:00
5337c81a-f241-41be-be3f-10402c4d217d,fUSD,0.00021802739726027397,2,1,2443.38,offer,2026-08-20T12:47:01.114227+00:00
5337c81a-f241-41be-be3f-10402c4d217d,fUSD,0.000219,2,1,500.0,offer,2026-08-20T12:47:01.114227+00:00
5337c81a-f241-41be-be3f-10402c4d217d,fUSD,0.00021918,2,17,8244.7330849,offer,2026-08-20T12:47:01.114227+00:00
5337c81a-f241-41be-be3f-10402c4d217d,fUSD,0.00021999999999999998,2,1,150.0,offer,2026-08-20T12:47:01.114227+00:00
5337c81a-f241-41be-be3f-10402c4d217d,fUSD,0.00022389348744,30,1,183.35,offer,2026-08-20T12:47:01.114227+00:00
5337c81a-f241-41be-be3f-10402c4d217d,fUSD,0.00022404600000000002,2,2,311.83182839,offer,2026-08-20T12:47:01.114227+00:00
5337c81a-f241-41be-be3f-10402c4d217d,fUSD,0.0002264045386682598,7,1,1329.64,offer,2026-08-20T12:47:01.114227+00:00
5337c81a-f241-41be-be3f-10402c4d217d,fUSD,0.00022953,10,1,200.0,offer,2026-08-20T12:47:01.114227+00:00
5337c81a-f241-41be-be3f-10402c4d217d,fUSD,0.0002298,2,1,150.0,offer,2026-08-20T12:47:01.114227+00:00
5337c81a-f241-41be-be3f-10402c4d217d,fUSD,0.00023042,2,1,421.66812964,offer,2026-08-20T12:47:01.114227+00:00
5337c81a-f241-41be-be3f-10402c4d217d,fUSD,0.00023140453866825981,7,1,433.85,offer,2026-08-20T12:47:01.114227+00:00
5337c81a-f241-41be-be3f-10402c4d217d,fUSD,0.00023142,2,5,77332.08811132,offer,2026-08-20T12:47:01.114227+00:00
5337c81a-f241-41be-be3f-10402c4d217d,fUSD,0.0002326092,2,1,183.19,offer,2026-08-20T12:47:01.114227+00:00
5337c81a-f241-41be-be3f-10402c4d217d,fUSD,0.0002327089,2,1,621.41,offer,2026-08-20T12:47:01.114227+00:00
5337c81a-f241-41be-be3f-10402c4d217d,fUSD,0.0002328982,2,1,5000.0,offer,2026-08-20T12:47:01.114227+00:00
5337c81a-f241-41be-be3f-10402c4d217d,fUSD,0.0002330908,2,1,6208.16,offer,2026-08-20T12:47:01.114227+00:00
5337c81a-f241-41be-be3f-10402c4d217d,fUSD,0.0002337069,2,1,8684.23,offer,2026-08-20T12:47:01.114227+00:00
5337c81a-f241-41be-be3f-10402c4d217d,fUSD,0.0002356709,2,1,285.91,offer,2026-08-20T12:47:01.114227+00:00
5337c81a-f241-41be-be3f-10402c4d217d,fUSD,0.00023613,2,1,809.243114,offer,2026-08-20T12:47:01.114227+00:00
45c2a779-f9ef-48d2-80e3-a2aa9ac50d8a,fUSD,0.0002808219178082192,120,1,-11672483.6623558,demand,2026-08-20T13:47:01.250319+00:00
45c2a779-f9ef-48d2-80e3-a2aa9ac50d8a,fUSD,0.000273972602739726,120,1,-14000000.0,demand,2026-08-20T13:47:01.250319+00:00
45c2a779-f9ef-48d2-80e3-a2aa9ac50d8a,fUSD,0.00018010999999999998,120,1,-235606.73391109,demand,2026-08-20T13:47:01.250319+00:00
45c2a779-f9ef-48d2-80e3-a2aa9ac50d8a,fUSD,0.0001777,120,1,-23123.30278361,demand,2026-08-20T13:47:01.250319+00:00
45c2a779-f9ef-48d2-80e3-a2aa9ac50d8a,fUSD,0.000174,120,1,-12350.0,demand,2026-08-20T13:47:01.250319+00:00
45c2a779-f9ef-48d2-80e3-a2aa9ac50d8a,fUSD,0.0001713,120,1,-14000.0,demand,2026-08-20T13:47:01.250319+00:00
45c2a779-f9ef-48d2-80e3-a2aa9ac50d8a,fUSD,0.0001712,120,1,-20000.0,demand,2026-08-20T13:47:01.250319+00:00
45c2a779-f9ef-48d2-80e3-a2aa9ac50d8a,fUSD,0.00017111,120,1,-2000000.0,demand,2026-08-20T13:47:01.250319+00:00
45c2a779-f9ef-48d2-80e3-a2aa9ac50d8a,fUSD,0.00016,120,2,-10009162.66122322,demand,2026-08-20T13:47:01.250319+00:00
45c2a779-f9ef-48d2-80e3-a2aa9ac50d8a,fUSD,0.00016,5,1,-10000.0,demand,2026-08-20T13:47:01.250319+00:00
45c2a779-f9ef-48d2-80e3-a2aa9ac50d8a,fUSD,0.0001534,5,1,-96192.58387993,demand,2026-08-20T13:47:01.250319+00:00
45c2a779-f9ef-48d2-80e3-a2aa9ac50d8a,fUSD,0.000153,2,1,-150.0,demand,2026-08-20T13:47:01.250319+00:00
45c2a779-f9ef-48d2-80e3-a2aa9ac50d8a,fUSD,0.000151,120,1,-10000.0,demand,2026-08-20T13:47:01.250319+00:00
45c2a779-f9ef-48d2-80e3-a2aa9ac50d8a,fUSD,0.0001502,30,1,-13500.0,demand,2026-08-20T13:47:01.250319+00:00
45c2a779-f9ef-48d2-80e3-a2aa9ac50d8a,fUSD,0.00015,90,1,-19550.75,demand,2026-08-20T13:47:01.250319+00:00
45c2a779-f9ef-48d2-80e3-a2aa9ac50d8a,fUSD,0.00015,29,1,-218795.0,demand,2026-08-20T13:47:01.250319+00:00
45c2a779-f9ef-48d2-80e3-a2aa9ac50d8a,fUSD,0.00015,120,1,-500.0,demand,2026-08-20T13:47:01.250319+00:00
45c2a779-f9ef-48d2-80e3-a2aa9ac50d8a,fUSD,0.00014252,120,1,-10770.76644364,demand,2026-08-20T13:47:01.250319+00:00
45c2a779-f9ef-48d2-80e3-a2aa9ac50d8a,fUSD,0.000142,7,2,-34801.97298254,demand,2026-08-20T13:47:01.250319+00:00
45c2a779-f9ef-48d2-80e3-a2aa9ac50d8a,fUSD,0.00014120000000000002,30,1,-13500.0,demand,2026-08-20T13:47:01.250319+00:00
45c2a779-f9ef-48d2-80e3-a2aa9ac50d8a,fUSD,0.00014000000000000001,2,2,-2520796.81612978,demand,2026-08-20T13:47:01.250319+00:00
45c2a779-f9ef-48d2-80e3-a2aa9ac50d8a,fUSD,0.0001342,2,1,-1783904.39862186,demand,2026-08-20T13:47:01.250319+00:00
45c2a779-f9ef-48d2-80e3-a2aa9ac50d8a,fUSD,0.000134,2,1,-2000000.0,demand,2026-08-20T13:47:01.250319+00:00
45c2a779-f9ef-48d2-80e3-a2aa9ac50d8a,fUSD,0.00013,2,1,-2000000.0,demand,2026-08-20T13:47:01.250319+00:00
45c2a779-f9ef-48d2-80e3-a2aa9ac50d8a,fUSD,0.00012757,120,1,-100000.0,demand,2026-08-20T13:47:01.250319+00:00
45c2a779-f9ef-48d2-80e3-a2aa9ac50d8a,fUSD,0.00021918,2,2,954.78007671,offer,2026-08-20T13:47:01.250319+00:00
45c2a779-f9ef-48d2-80e3-a2aa9ac50d8a,fUSD,0.00022,2,3,1961.98797713,offer,2026-08-20T13:47:01.250319+00:00
45c2a779-f9ef-48d2-80e3-a2aa9ac50d8a,fUSD,0.00022500000000000002,2,1,12500.0,offer,2026-08-20T13:47:01.250319+00:00
45c2a779-f9ef-48d2-80e3-a2aa9ac50d8a,fUSD,0.000226757743711256,2,1,173.63842018,offer,2026-08-20T13:47:01.250319+00:00
45c2a779-f9ef-48d2-80e3-a2aa9ac50d8a,fUSD,0.00022855,2,1,173.71207252,offer,2026-08-20T13:47:01.250319+00:00
45c2a779-f9ef-48d2-80e3-a2aa9ac50d8a,fUSD,0.000229,2,1,1000.0,offer,2026-08-20T13:47:01.250319+00:00
45c2a779-f9ef-48d2-80e3-a2aa9ac50d8a,fUSD,0.00023124,2,2,1369.61,offer,2026-08-20T13:47:01.250319+00:00
45c2a779-f9ef-48d2-80e3-a2aa9ac50d8a,fUSD,0.00023125,2,1,12500.0,offer,2026-08-20T13:47:01.250319+00:00
45c2a779-f9ef-48d2-80e3-a2aa9ac50d8a,fUSD,0.00023191506849315068,2,1,178.39440768,offer,2026-08-20T13:47:01.250319+00:00
45c2a779-f9ef-48d2-80e3-a2aa9ac50d8a,fUSD,0.0002327831,2,2,40575.58085821,offer,2026-08-20T13:47:01.250319+00:00
45c2a779-f9ef-48d2-80e3-a2aa9ac50d8a,fUSD,0.00023708027397260274,30,1,331.698,offer,2026-08-20T13:47:01.250319+00:00
45c2a779-f9ef-48d2-80e3-a2aa9ac50d8a,fUSD,0.00023750000000000003,2,1,12500.0,offer,2026-08-20T13:47:01.250319+00:00
45c2a779-f9ef-48d2-80e3-a2aa9ac50d8a,fUSD,0.00023750000000000003,5,1,351.66085821,offer,2026-08-20T13:47:01.250319+00:00
45c2a779-f9ef-48d2-80e3-a2aa9ac50d8a,fUSD,0.000239,2,1,1000.0,offer,2026-08-20T13:47:01.250319+00:00
45c2a779-f9ef-48d2-80e3-a2aa9ac50d8a,fUSD,0.0002400875,2,2,466.4,offer,2026-08-20T13:47:01.250319+00:00
45c2a779-f9ef-48d2-80e3-a2aa9ac50d8a,fUSD,0.0002432764,2,1,150.0,offer,2026-08-20T13:47:01.250319+00:00
45c2a779-f9ef-48d2-80e3-a2aa9ac50d8a,fUSD,0.0002433,2,1,400.0,offer,2026-08-20T13:47:01.250319+00:00
45c2a779-f9ef-48d2-80e3-a2aa9ac50d8a,fUSD,0.00024375000000000002,2,1,12500.0,offer,2026-08-20T13:47:01.250319+00:00
45c2a779-f9ef-48d2-80e3-a2aa9ac50d8a,fUSD,0.0002444669,2,1,163.33,offer,2026-08-20T13:47:01.250319+00:00
45c2a779-f9ef-48d2-80e3-a2aa9ac50d8a,fUSD,0.00024558,2,1,6982.46152932,offer,2026-08-20T13:47:01.250319+00:00
45c2a779-f9ef-48d2-80e3-a2aa9ac50d8a,fUSD,0.0002459144,2,1,161.53,offer,2026-08-20T13:47:01.250319+00:00
45c2a779-f9ef-48d2-80e3-a2aa9ac50d8a,fUSD,0.0002460896917808219,2,1,266.4,offer,2026-08-20T13:47:01.250319+00:00
45c2a779-f9ef-48d2-80e3-a2aa9ac50d8a,fUSD,0.00024658,2,3,455.73,offer,2026-08-20T13:47:01.250319+00:00
45c2a779-f9ef-48d2-80e3-a2aa9ac50d8a,fUSD,0.00024658,7,1,351.66085821,offer,2026-08-20T13:47:01.250319+00:00
45c2a779-f9ef-48d2-80e3-a2aa9ac50d8a,fUSD,0.0002465808219178082,2,11,1659.73726646,offer,2026-08-20T13:47:01.250319+00:00
5e7a52ea-1517-416c-874d-9d34c69afac7,fUSD,0.0002808219178082192,120,1,-11545815.68667658,demand,2026-08-20T14:47:01.397660+00:00
5e7a52ea-1517-416c-874d-9d34c69afac7,fUSD,0.000273972602739726,120,1,-14000000.0,demand,2026-08-20T14:47:01.397660+00:00
5e7a52ea-1517-416c-874d-9d34c69afac7,fUSD,0.00018010999999999998,120,1,-235606.73391109,demand,2026-08-20T14:47:01.397660+00:00
5e7a52ea-1517-416c-874d-9d34c69afac7,fUSD,0.0001777,120,1,-23123.30278361,demand,2026-08-20T14:47:01.397660+00:00
5e7a52ea-1517-416c-874d-9d34c69afac7,fUSD,0.000174,120,1,-12350.0,demand,2026-08-20T14:47:01.397660+00:00
5e7a52ea-1517-416c-874d-9d34c69afac7,fUSD,0.0001713,120,1,-14000.0,demand,2026-08-20T14:47:01.397660+00:00
5e7a52ea-1517-416c-874d-9d34c69afac7,fUSD,0.0001712,120,1,-20000.0,demand,2026-08-20T14:47:01.397660+00:00
5e7a52ea-1517-416c-874d-9d34c69afac7,fUSD,0.00017111,120,1,-2000000.0,demand,2026-08-20T14:47:01.397660+00:00
5e7a52ea-1517-416c-874d-9d34c69afac7,fUSD,0.00016,120,2,-10009162.66122322,demand,2026-08-20T14:47:01.397660+00:00
5e7a52ea-1517-416c-874d-9d34c69afac7,fUSD,0.00016,5,1,-10000.0,demand,2026-08-20T14:47:01.397660+00:00
5e7a52ea-1517-416c-874d-9d34c69afac7,fUSD,0.0001534,5,1,-96192.58387993,demand,2026-08-20T14:47:01.397660+00:00
5e7a52ea-1517-416c-874d-9d34c69afac7,fUSD,0.000153,2,1,-150.0,demand,2026-08-20T14:47:01.397660+00:00
5e7a52ea-1517-416c-874d-9d34c69afac7,fUSD,0.0001510554,2,1,-1750.49970795,demand,2026-08-20T14:47:01.397660+00:00
5e7a52ea-1517-416c-874d-9d34c69afac7,fUSD,0.000151,120,1,-10000.0,demand,2026-08-20T14:47:01.397660+00:00
5e7a52ea-1517-416c-874d-9d34c69afac7,fUSD,0.0001502,30,1,-13500.0,demand,2026-08-20T14:47:01.397660+00:00
5e7a52ea-1517-416c-874d-9d34c69afac7,fUSD,0.00015,90,1,-19550.75,demand,2026-08-20T14:47:01.397660+00:00
5e7a52ea-1517-416c-874d-9d34c69afac7,fUSD,0.00015,29,1,-218795.0,demand,2026-08-20T14:47:01.397660+00:00
5e7a52ea-1517-416c-874d-9d34c69afac7,fUSD,0.00015,120,1,-500.0,demand,2026-08-20T14:47:01.397660+00:00
5e7a52ea-1517-416c-874d-9d34c69afac7,fUSD,0.00014252,120,1,-10770.76644364,demand,2026-08-20T14:47:01.397660+00:00
5e7a52ea-1517-416c-874d-9d34c69afac7,fUSD,0.000142,7,2,-34801.97298254,demand,2026-08-20T14:47:01.397660+00:00
5e7a52ea-1517-416c-874d-9d34c69afac7,fUSD,0.00014120000000000002,30,1,-13500.0,demand,2026-08-20T14:47:01.397660+00:00
5e7a52ea-1517-416c-874d-9d34c69afac7,fUSD,0.00014000000000000001,2,2,-2512796.81612978,demand,2026-08-20T14:47:01.397660+00:00
5e7a52ea-1517-416c-874d-9d34c69afac7,fUSD,0.0001342,2,1,-1783904.39862186,demand,2026-08-20T14:47:01.397660+00:00
5e7a52ea-1517-416c-874d-9d34c69afac7,fUSD,0.000134,2,1,-2000000.0,demand,2026-08-20T14:47:01.397660+00:00
5e7a52ea-1517-416c-874d-9d34c69afac7,fUSD,0.00013,2,1,-2000000.0,demand,2026-08-20T14:47:01.397660+00:00
5e7a52ea-1517-416c-874d-9d34c69afac7,fUSD,0.0001585604,2,1,381.54,offer,2026-08-20T14:47:01.397660+00:00
5e7a52ea-1517-416c-874d-9d34c69afac7,fUSD,0.0001623,2,1,158.0,offer,2026-08-20T14:47:01.397660+00:00
5e7a52ea-1517-416c-874d-9d34c69afac7,fUSD,0.0001698,2,11,41196.99731721,offer,2026-08-20T14:47:01.397660+00:00
5e7a52ea-1517-416c-874d-9d34c69afac7,fUSD,0.0001713,2,2,2451.58,offer,2026-08-20T14:47:01.397660+00:00
5e7a52ea-1517-416c-874d-9d34c69afac7,fUSD,0.0001713,7,1,1634.39,offer,2026-08-20T14:47:01.397660+00:00
5e7a52ea-1517-416c-874d-9d34c69afac7,fUSD,0.000173196,4,1,1196.99731721,offer,2026-08-20T14:47:01.397660+00:00
5e7a52ea-1517-416c-874d-9d34c69afac7,fUSD,0.00017882810838310004,2,1,578.18901748,offer,2026-08-20T14:47:01.397660+00:00
5e7a52ea-1517-416c-874d-9d34c69afac7,fUSD,0.00019427844375,2,2,496.55697687,offer,2026-08-20T14:47:01.397660+00:00
5e7a52ea-1517-416c-874d-9d34c69afac7,fUSD,0.0001979,2,1,368.8248,offer,2026-08-20T14:47:01.397660+00:00
5e7a52ea-1517-416c-874d-9d34c69afac7,fUSD,0.00019915875,2,1,199.5,offer,2026-08-20T14:47:01.397660+00:00
5e7a52ea-1517-416c-874d-9d34c69afac7,fUSD,0.00019999,2,1,500.0,offer,2026-08-20T14:47:01.397660+00:00
5e7a52ea-1517-416c-874d-9d34c69afac7,fUSD,0.0002,2,4,11115.03,offer,2026-08-20T14:47:01.397660+00:00
5e7a52ea-1517-416c-874d-9d34c69afac7,fUSD,0.0002,7,2,6485.59731721,offer,2026-08-20T14:47:01.397660+00:00
5e7a52ea-1517-416c-874d-9d34c69afac7,fUSD,0.00021037,7,1,5270.46,offer,2026-08-20T14:47:01.397660+00:00
5e7a52ea-1517-416c-874d-9d34c69afac7,fUSD,0.00021802739726027397,2,1,2411.72,offer,2026-08-20T14:47:01.397660+00:00
5e7a52ea-1517-416c-874d-9d34c69afac7,fUSD,0.00021805205479452053,2,1,220.26,offer,2026-08-20T14:47:01.397660+00:00
5e7a52ea-1517-416c-874d-9d34c69afac7,fUSD,0.00021818,2,1,421.66812964,offer,2026-08-20T14:47:01.397660+00:00
5e7a52ea-1517-416c-874d-9d34c69afac7,fUSD,0.000219,2,1,500.0,offer,2026-08-20T14:47:01.397660+00:00
5e7a52ea-1517-416c-874d-9d34c69afac7,fUSD,0.00021918,9,1,1196.99731721,offer,2026-08-20T14:47:01.397660+00:00
5e7a52ea-1517-416c-874d-9d34c69afac7,fUSD,0.00021918,2,3,1179.14778042,offer,2026-08-20T14:47:01.397660+00:00
5e7a52ea-1517-416c-874d-9d34c69afac7,fUSD,0.00021999999999999998,2,1,150.0,offer,2026-08-20T14:47:01.397660+00:00
5e7a52ea-1517-416c-874d-9d34c69afac7,fUSD,0.00022,2,2,1600.0,offer,2026-08-20T14:47:01.397660+00:00
5e7a52ea-1517-416c-874d-9d34c69afac7,fUSD,0.00022075,7,1,5260.44,offer,2026-08-20T14:47:01.397660+00:00
5e7a52ea-1517-416c-874d-9d34c69afac7,fUSD,0.0002228287,2,1,183.19,offer,2026-08-20T14:47:01.397660+00:00
5e7a52ea-1517-416c-874d-9d34c69afac7,fUSD,0.000225796,2,1,2517.54,offer,2026-08-20T14:47:01.397660+00:00
6fe27972-d844-4954-a922-3d94a2d3dfc0,fUSD,0.0002808219178082192,120,1,-11542148.34284267,demand,2026-08-20T15:47:01.179622+00:00
6fe27972-d844-4954-a922-3d94a2d3dfc0,fUSD,0.000273972602739726,120,1,-14000000.0,demand,2026-08-20T15:47:01.179622+00:00
6fe27972-d844-4954-a922-3d94a2d3dfc0,fUSD,0.00018010999999999998,120,1,-235606.73391109,demand,2026-08-20T15:47:01.179622+00:00
6fe27972-d844-4954-a922-3d94a2d3dfc0,fUSD,0.0001777,120,1,-23123.30278361,demand,2026-08-20T15:47:01.179622+00:00
6fe27972-d844-4954-a922-3d94a2d3dfc0,fUSD,0.000174,120,1,-12350.0,demand,2026-08-20T15:47:01.179622+00:00
6fe27972-d844-4954-a922-3d94a2d3dfc0,fUSD,0.0001713,120,1,-14000.0,demand,2026-08-20T15:47:01.179622+00:00
6fe27972-d844-4954-a922-3d94a2d3dfc0,fUSD,0.0001712,120,1,-20000.0,demand,2026-08-20T15:47:01.179622+00:00
6fe27972-d844-4954-a922-3d94a2d3dfc0,fUSD,0.00017111,120,1,-2000000.0,demand,2026-08-20T15:47:01.179622+00:00
6fe27972-d844-4954-a922-3d94a2d3dfc0,fUSD,0.00016,120,2,-10009162.66122322,demand,2026-08-20T15:47:01.179622+00:00
6fe27972-d844-4954-a922-3d94a2d3dfc0,fUSD,0.00016,5,1,-10000.0,demand,2026-08-20T15:47:01.179622+00:00
6fe27972-d844-4954-a922-3d94a2d3dfc0,fUSD,0.00015853,7,6,-959.81545052,demand,2026-08-20T15:47:01.179622+00:00
6fe27972-d844-4954-a922-3d94a2d3dfc0,fUSD,0.0001534,5,1,-96192.58387993,demand,2026-08-20T15:47:01.179622+00:00
6fe27972-d844-4954-a922-3d94a2d3dfc0,fUSD,0.000153,2,1,-150.0,demand,2026-08-20T15:47:01.179622+00:00
6fe27972-d844-4954-a922-3d94a2d3dfc0,fUSD,0.000151,120,1,-10000.0,demand,2026-08-20T15:47:01.179622+00:00
6fe27972-d844-4954-a922-3d94a2d3dfc0,fUSD,0.0001502,30,1,-13500.0,demand,2026-08-20T15:47:01.179622+00:00
6fe27972-d844-4954-a922-3d94a2d3dfc0,fUSD,0.00015,90,1,-19550.75,demand,2026-08-20T15:47:01.179622+00:00
6fe27972-d844-4954-a922-3d94a2d3dfc0,fUSD,0.00015,29,1,-218795.0,demand,2026-08-20T15:47:01.179622+00:00
6fe27972-d844-4954-a922-3d94a2d3dfc0,fUSD,0.00015,120,1,-500.0,demand,2026-08-20T15:47:01.179622+00:00
6fe27972-d844-4954-a922-3d94a2d3dfc0,fUSD,0.00014252,120,1,-10770.76644364,demand,2026-08-20T15:47:01.179622+00:00
6fe27972-d844-4954-a922-3d94a2d3dfc0,fUSD,0.000142,7,2,-34801.97298254,demand,2026-08-20T15:47:01.179622+00:00
6fe27972-d844-4954-a922-3d94a2d3dfc0,fUSD,0.00014120000000000002,30,1,-13500.0,demand,2026-08-20T15:47:01.179622+00:00
6fe27972-d844-4954-a922-3d94a2d3dfc0,fUSD,0.00014000000000000001,2,2,-2484508.83691475,demand,2026-08-20T15:47:01.179622+00:00
6fe27972-d844-4954-a922-3d94a2d3dfc0,fUSD,0.0001342,2,1,-1783904.39862186,demand,2026-08-20T15:47:01.179622+00:00
6fe27972-d844-4954-a922-3d94a2d3dfc0,fUSD,0.000134,2,1,-2000000.0,demand,2026-08-20T15:47:01.179622+00:00
6fe27972-d844-4954-a922-3d94a2d3dfc0,fUSD,0.00013,2,1,-2000000.0,demand,2026-08-20T15:47:01.179622+00:00
6fe27972-d844-4954-a922-3d94a2d3dfc0,fUSD,0.00014994,2,1,150.0,offer,2026-08-20T15:47:01.179622+00:00
6fe27972-d844-4954-a922-3d94a2d3dfc0,fUSD,0.00014994500000000002,2,1,165.60316058,offer,2026-08-20T15:47:01.179622+00:00
6fe27972-d844-4954-a922-3d94a2d3dfc0,fUSD,0.00014995,2,19,9031.69844337,offer,2026-08-20T15:47:01.179622+00:00
6fe27972-d844-4954-a922-3d94a2d3dfc0,fUSD,0.00014998,2,3,932.40920684,offer,2026-08-20T15:47:01.179622+00:00
6fe27972-d844-4954-a922-3d94a2d3dfc0,fUSD,0.00014999,2,14,6668.26438299,offer,2026-08-20T15:47:01.179622+00:00
6fe27972-d844-4954-a922-3d94a2d3dfc0,fUSD,0.00015149,2,15,2354.6877549,offer,2026-08-20T15:47:01.179622+00:00
6fe27972-d844-4954-a922-3d94a2d3dfc0,fUSD,0.00015149041095890412,2,1,500.0,offer,2026-08-20T15:47:01.179622+00:00
6fe27972-d844-4954-a922-3d94a2d3dfc0,fUSD,0.000153,2,3,30000.0,offer,2026-08-20T15:47:01.179622+00:00
6fe27972-d844-4954-a922-3d94a2d3dfc0,fUSD,0.000157479,2,1,441.11,offer,2026-08-20T15:47:01.179622+00:00
6fe27972-d844-4954-a922-3d94a2d3dfc0,fUSD,0.00016266,2,3,1500.0,offer,2026-08-20T15:47:01.179622+00:00
6fe27972-d844-4954-a922-3d94a2d3dfc0,fUSD,0.00016437,2,1,500.0,offer,2026-08-20T15:47:01.179622+00:00
6fe27972-d844-4954-a922-3d94a2d3dfc0,fUSD,0.0001648698,2,4,8951.5574291,offer,2026-08-20T15:47:01.179622+00:00
6fe27972-d844-4954-a922-3d94a2d3dfc0,fUSD,0.000164956,2,1,161.26830371,offer,2026-08-20T15:47:01.179622+00:00
6fe27972-d844-4954-a922-3d94a2d3dfc0,fUSD,0.000169789835,2,1,179.99,offer,2026-08-20T15:47:01.179622+00:00
6fe27972-d844-4954-a922-3d94a2d3dfc0,fUSD,0.0001698,2,1,1785.47844008,offer,2026-08-20T15:47:01.179622+00:00
6fe27972-d844-4954-a922-3d94a2d3dfc0,fUSD,0.000170254193165853,2,1,1031.69797431,offer,2026-08-20T15:47:01.179622+00:00
6fe27972-d844-4954-a922-3d94a2d3dfc0,fUSD,0.0001713,2,4,8322.9,offer,2026-08-20T15:47:01.179622+00:00
6fe27972-d844-4954-a922-3d94a2d3dfc0,fUSD,0.0001713,7,2,5548.6,offer,2026-08-20T15:47:01.179622+00:00
6fe27972-d844-4954-a922-3d94a2d3dfc0,fUSD,0.000175,2,1,5250.0,offer,2026-08-20T15:47:01.179622+00:00
6fe27972-d844-4954-a922-3d94a2d3dfc0,fUSD,0.000175,4,1,933.0574291,offer,2026-08-20T15:47:01.179622+00:00
6fe27972-d844-4954-a922-3d94a2d3dfc0,fUSD,0.00017808,2,1,164.92,offer,2026-08-20T15:47:01.179622+00:00
6fe27972-d844-4954-a922-3d94a2d3dfc0,fUSD,0.0001780822,2,6,946.44,offer,2026-08-20T15:47:01.179622+00:00
6fe27972-d844-4954-a922-3d94a2d3dfc0,fUSD,0.0001808219178082192,2,1,178.0,offer,2026-08-20T15:47:01.179622+00:00
6fe27972-d844-4954-a922-3d94a2d3dfc0,fUSD,0.000193801322938,2,1,269.67280989,offer,2026-08-20T15:47:01.179622+00:00
6fe27972-d844-4954-a922-3d94a2d3dfc0,fUSD,0.0001979,2,1,400.0,offer,2026-08-20T15:47:01.179622+00:00
b7ee8ae0-019f-4603-8c73-c9dfa58d07b6,fUSD,0.000273972602739726,120,1,-13981926.00905278,demand,2026-08-20T16:47:01.168338+00:00
b7ee8ae0-019f-4603-8c73-c9dfa58d07b6,fUSD,0.00018010999999999998,120,1,-235606.73391109,demand,2026-08-20T16:47:01.168338+00:00
b7ee8ae0-019f-4603-8c73-c9dfa58d07b6,fUSD,0.0001777,120,1,-23123.30278361,demand,2026-08-20T16:47:01.168338+00:00
b7ee8ae0-019f-4603-8c73-c9dfa58d07b6,fUSD,0.000174,120,1,-12350.0,demand,2026-08-20T16:47:01.168338+00:00
b7ee8ae0-019f-4603-8c73-c9dfa58d07b6,fUSD,0.0001713,120,1,-14000.0,demand,2026-08-20T16:47:01.168338+00:00
b7ee8ae0-019f-4603-8c73-c9dfa58d07b6,fUSD,0.0001712,120,1,-20000.0,demand,2026-08-20T16:47:01.168338+00:00
b7ee8ae0-019f-4603-8c73-c9dfa58d07b6,fUSD,0.00017111,120,1,-2000000.0,demand,2026-08-20T16:47:01.168338+00:00
b7ee8ae0-019f-4603-8c73-c9dfa58d07b6,fUSD,0.00016,120,2,-10009162.66122322,demand,2026-08-20T16:47:01.168338+00:00
b7ee8ae0-019f-4603-8c73-c9dfa58d07b6,fUSD,0.00016,5,1,-10000.0,demand,2026-08-20T16:47:01.168338+00:00
b7ee8ae0-019f-4603-8c73-c9dfa58d07b6,fUSD,0.0001534,5,1,-95695.55790371,demand,2026-08-20T16:47:01.168338+00:00
b7ee8ae0-019f-4603-8c73-c9dfa58d07b6,fUSD,0.000153,2,1,-150.0,demand,2026-08-20T16:47:01.168338+00:00
b7ee8ae0-019f-4603-8c73-c9dfa58d07b6,fUSD,0.000151,120,1,-10000.0,demand,2026-08-20T16:47:01.168338+00:00
b7ee8ae0-019f-4603-8c73-c9dfa58d07b6,fUSD,0.0001502,30,1,-13500.0,demand,2026-08-20T16:47:01.168338+00:00
b7ee8ae0-019f-4603-8c73-c9dfa58d07b6,fUSD,0.00015,90,1,-19550.75,demand,2026-08-20T16:47:01.168338+00:00
b7ee8ae0-019f-4603-8c73-c9dfa58d07b6,fUSD,0.00015,29,1,-218795.0,demand,2026-08-20T16:47:01.168338+00:00
b7ee8ae0-019f-4603-8c73-c9dfa58d07b6,fUSD,0.00015,120,1,-500.0,demand,2026-08-20T16:47:01.168338+00:00
b7ee8ae0-019f-4603-8c73-c9dfa58d07b6,fUSD,0.00014252,120,1,-10770.76644364,demand,2026-08-20T16:47:01.168338+00:00
b7ee8ae0-019f-4603-8c73-c9dfa58d07b6,fUSD,0.000142,7,2,-34801.97298254,demand,2026-08-20T16:47:01.168338+00:00
b7ee8ae0-019f-4603-8c73-c9dfa58d07b6,fUSD,0.00014120000000000002,30,1,-13500.0,demand,2026-08-20T16:47:01.168338+00:00
b7ee8ae0-019f-4603-8c73-c9dfa58d07b6,fUSD,0.00014000000000000001,2,2,-2484508.83691475,demand,2026-08-20T16:47:01.168338+00:00
b7ee8ae0-019f-4603-8c73-c9dfa58d07b6,fUSD,0.0001342,2,1,-1783904.39862186,demand,2026-08-20T16:47:01.168338+00:00
b7ee8ae0-019f-4603-8c73-c9dfa58d07b6,fUSD,0.000134,2,1,-2000000.0,demand,2026-08-20T16:47:01.168338+00:00
b7ee8ae0-019f-4603-8c73-c9dfa58d07b6,fUSD,0.00013,2,1,-2000000.0,demand,2026-08-20T16:47:01.168338+00:00
b7ee8ae0-019f-4603-8c73-c9dfa58d07b6,fUSD,0.00012757,120,1,-100000.0,demand,2026-08-20T16:47:01.168338+00:00
b7ee8ae0-019f-4603-8c73-c9dfa58d07b6,fUSD,0.0001221,120,1,-12587.13,demand,2026-08-20T16:47:01.168338+00:00
b7ee8ae0-019f-4603-8c73-c9dfa58d07b6,fUSD,0.00014998,2,4,1672.61520207,offer,2026-08-20T16:47:01.168338+00:00
b7ee8ae0-019f-4603-8c73-c9dfa58d07b6,fUSD,0.0001499825,2,1,150.0,offer,2026-08-20T16:47:01.168338+00:00
b7ee8ae0-019f-4603-8c73-c9dfa58d07b6,fUSD,0.00014999,2,15,6706.57824726,offer,2026-08-20T16:47:01.168338+00:00
b7ee8ae0-019f-4603-8c73-c9dfa58d07b6,fUSD,0.00015148,2,5,1398.50569518,offer,2026-08-20T16:47:01.168338+00:00
b7ee8ae0-019f-4603-8c73-c9dfa58d07b6,fUSD,0.00015149,2,6,906.0,offer,2026-08-20T16:47:01.168338+00:00
b7ee8ae0-019f-4603-8c73-c9dfa58d07b6,fUSD,0.00015917,2,1,500.0,offer,2026-08-20T16:47:01.168338+00:00
b7ee8ae0-019f-4603-8c73-c9dfa58d07b6,fUSD,0.00016,2,1,5000.0,offer,2026-08-20T16:47:01.168338+00:00
b7ee8ae0-019f-4603-8c73-c9dfa58d07b6,fUSD,0.00016496700000000002,2,3,715.65332808,offer,2026-08-20T16:47:01.168338+00:00
b7ee8ae0-019f-4603-8c73-c9dfa58d07b6,fUSD,0.00017,2,1,5000.0,offer,2026-08-20T16:47:01.168338+00:00
b7ee8ae0-019f-4603-8c73-c9dfa58d07b6,fUSD,0.0001780822,2,3,453.0,offer,2026-08-20T16:47:01.168338+00:00
b7ee8ae0-019f-4603-8c73-c9dfa58d07b6,fUSD,0.00018,2,1,5000.0,offer,2026-08-20T16:47:01.168338+00:00
b7ee8ae0-019f-4603-8c73-c9dfa58d07b6,fUSD,0.000188414794521,2,1,171.13817935,offer,2026-08-20T16:47:01.168338+00:00
b7ee8ae0-019f-4603-8c73-c9dfa58d07b6,fUSD,0.00018921320747870181,2,1,250.0,offer,2026-08-20T16:47:01.168338+00:00
b7ee8ae0-019f-4603-8c73-c9dfa58d07b6,fUSD,0.00019,2,1,5000.0,offer,2026-08-20T16:47:01.168338+00:00
b7ee8ae0-019f-4603-8c73-c9dfa58d07b6,fUSD,0.0002,2,2,8902.66,offer,2026-08-20T16:47:01.168338+00:00
b7ee8ae0-019f-4603-8c73-c9dfa58d07b6,fUSD,0.00020346,2,12,5366.2790418,offer,2026-08-20T16:47:01.168338+00:00
b7ee8ae0-019f-4603-8c73-c9dfa58d07b6,fUSD,0.000209599,2,1,168.94,offer,2026-08-20T16:47:01.168338+00:00
b7ee8ae0-019f-4603-8c73-c9dfa58d07b6,fUSD,0.00021,2,1,5000.0,offer,2026-08-20T16:47:01.168338+00:00
b7ee8ae0-019f-4603-8c73-c9dfa58d07b6,fUSD,0.00021061126457226308,7,1,706.8,offer,2026-08-20T16:47:01.168338+00:00
b7ee8ae0-019f-4603-8c73-c9dfa58d07b6,fUSD,0.0002107448,2,3,5606.06176829,offer,2026-08-20T16:47:01.168338+00:00
b7ee8ae0-019f-4603-8c73-c9dfa58d07b6,fUSD,0.0002109403,2,1,1405.9,offer,2026-08-20T16:47:01.168338+00:00
b7ee8ae0-019f-4603-8c73-c9dfa58d07b6,fUSD,0.00021129,2,1,512.36221293,offer,2026-08-20T16:47:01.168338+00:00
b7ee8ae0-019f-4603-8c73-c9dfa58d07b6,fUSD,0.0002114897,2,1,189.13,offer,2026-08-20T16:47:01.168338+00:00
b7ee8ae0-019f-4603-8c73-c9dfa58d07b6,fUSD,0.000219,2,1,500.0,offer,2026-08-20T16:47:01.168338+00:00
b7ee8ae0-019f-4603-8c73-c9dfa58d07b6,fUSD,0.0002191781,5,2,302.0,offer,2026-08-20T16:47:01.168338+00:00
bf4a7eb7-3914-4f52-8b7d-091b5c7d4935,fUSD,0.000273972602739726,120,1,-13977395.11698183,demand,2026-08-20T17:47:01.274067+00:00
bf4a7eb7-3914-4f52-8b7d-091b5c7d4935,fUSD,0.00018010999999999998,120,1,-235606.73391109,demand,2026-08-20T17:47:01.274067+00:00
bf4a7eb7-3914-4f52-8b7d-091b5c7d4935,fUSD,0.0001777,120,1,-23123.30278361,demand,2026-08-20T17:47:01.274067+00:00
bf4a7eb7-3914-4f52-8b7d-091b5c7d4935,fUSD,0.000174,120,1,-12350.0,demand,2026-08-20T17:47:01.274067+00:00
bf4a7eb7-3914-4f52-8b7d-091b5c7d4935,fUSD,0.0001713,120,1,-14000.0,demand,2026-08-20T17:47:01.274067+00:00
bf4a7eb7-3914-4f52-8b7d-091b5c7d4935,fUSD,0.0001712,120,1,-20000.0,demand,2026-08-20T17:47:01.274067+00:00
bf4a7eb7-3914-4f52-8b7d-091b5c7d4935,fUSD,0.00017111,120,1,-2000000.0,demand,2026-08-20T17:47:01.274067+00:00
bf4a7eb7-3914-4f52-8b7d-091b5c7d4935,fUSD,0.00016,120,2,-10009162.66122322,demand,2026-08-20T17:47:01.274067+00:00
bf4a7eb7-3914-4f52-8b7d-091b5c7d4935,fUSD,0.00016,5,1,-10000.0,demand,2026-08-20T17:47:01.274067+00:00
bf4a7eb7-3914-4f52-8b7d-091b5c7d4935,fUSD,0.0001534,5,1,-95502.50796551,demand,2026-08-20T17:47:01.274067+00:00
bf4a7eb7-3914-4f52-8b7d-091b5c7d4935,fUSD,0.000153,2,1,-150.0,demand,2026-08-20T17:47:01.274067+00:00
bf4a7eb7-3914-4f52-8b7d-091b5c7d4935,fUSD,0.000151,120,1,-10000.0,demand,2026-08-20T17:47:01.274067+00:00
bf4a7eb7-3914-4f52-8b7d-091b5c7d4935,fUSD,0.0001502,30,1,-13500.0,demand,2026-08-20T17:47:01.274067+00:00
bf4a7eb7-3914-4f52-8b7d-091b5c7d4935,fUSD,0.00015,90,1,-19550.75,demand,2026-08-20T17:47:01.274067+00:00
bf4a7eb7-3914-4f52-8b7d-091b5c7d4935,fUSD,0.00015,29,1,-218795.0,demand,2026-08-20T17:47:01.274067+00:00
bf4a7eb7-3914-4f52-8b7d-091b5c7d4935,fUSD,0.00015,120,1,-500.0,demand,2026-08-20T17:47:01.274067+00:00
bf4a7eb7-3914-4f52-8b7d-091b5c7d4935,fUSD,0.00014252,120,1,-10770.76644364,demand,2026-08-20T17:47:01.274067+00:00
bf4a7eb7-3914-4f52-8b7d-091b5c7d4935,fUSD,0.000142,7,2,-34801.97298254,demand,2026-08-20T17:47:01.274067+00:00
bf4a7eb7-3914-4f52-8b7d-091b5c7d4935,fUSD,0.00014120000000000002,30,1,-13500.0,demand,2026-08-20T17:47:01.274067+00:00
bf4a7eb7-3914-4f52-8b7d-091b5c7d4935,fUSD,0.00014000000000000001,2,2,-2482061.08691475,demand,2026-08-20T17:47:01.274067+00:00
bf4a7eb7-3914-4f52-8b7d-091b5c7d4935,fUSD,0.0001342,2,1,-1783904.39862186,demand,2026-08-20T17:47:01.274067+00:00
bf4a7eb7-3914-4f52-8b7d-091b5c7d4935,fUSD,0.000134,2,1,-2000000.0,demand,2026-08-20T17:47:01.274067+00:00
bf4a7eb7-3914-4f52-8b7d-091b5c7d4935,fUSD,0.00013,2,1,-2000000.0,demand,2026-08-20T17:47:01.274067+00:00
bf4a7eb7-3914-4f52-8b7d-091b5c7d4935,fUSD,0.00012757,120,1,-100000.0,demand,2026-08-20T17:47:01.274067+00:00
bf4a7eb7-3914-4f52-8b7d-091b5c7d4935,fUSD,0.0001221,120,1,-12587.13,demand,2026-08-20T17:47:01.274067+00:00
bf4a7eb7-3914-4f52-8b7d-091b5c7d4935,fUSD,0.00014171,2,1,2351.67247634,offer,2026-08-20T17:47:01.274067+00:00
bf4a7eb7-3914-4f52-8b7d-091b5c7d4935,fUSD,0.00014199999999999998,2,1,377.00824205,offer,2026-08-20T17:47:01.274067+00:00
bf4a7eb7-3914-4f52-8b7d-091b5c7d4935,fUSD,0.00014295,2,1,150.0,offer,2026-08-20T17:47:01.274067+00:00
bf4a7eb7-3914-4f52-8b7d-091b5c7d4935,fUSD,0.00014417,2,1,300.0,offer,2026-08-20T17:47:01.274067+00:00
bf4a7eb7-3914-4f52-8b7d-091b5c7d4935,fUSD,0.00014417000000000002,2,5,2218.17692749,offer,2026-08-20T17:47:01.274067+00:00
bf4a7eb7-3914-4f52-8b7d-091b5c7d4935,fUSD,0.00014418,2,1,175.85,offer,2026-08-20T17:47:01.274067+00:00
bf4a7eb7-3914-4f52-8b7d-091b5c7d4935,fUSD,0.00014775,2,1,607.1202682,offer,2026-08-20T17:47:01.274067+00:00
bf4a7eb7-3914-4f52-8b7d-091b5c7d4935,fUSD,0.000149,2,1,189.28075815,offer,2026-08-20T17:47:01.274067+00:00
bf4a7eb7-3914-4f52-8b7d-091b5c7d4935,fUSD,0.00014998904109589042,2,1,1000.0,offer,2026-08-20T17:47:01.274067+00:00
bf4a7eb7-3914-4f52-8b7d-091b5c7d4935,fUSD,0.00014999,2,9,2743.02296284,offer,2026-08-20T17:47:01.274067+00:00
bf4a7eb7-3914-4f52-8b7d-091b5c7d4935,fUSD,0.00015,2,10,116438.04768323,offer,2026-08-20T17:47:01.274067+00:00
bf4a7eb7-3914-4f52-8b7d-091b5c7d4935,fUSD,0.0001515,2,1,151.0,offer,2026-08-20T17:47:01.274067+00:00
bf4a7eb7-3914-4f52-8b7d-091b5c7d4935,fUSD,0.00015360877955461483,2,1,621.36770193,offer,2026-08-20T17:47:01.274067+00:00
bf4a7eb7-3914-4f52-8b7d-091b5c7d4935,fUSD,0.0001539797,2,1,167.12,offer,2026-08-20T17:47:01.274067+00:00
bf4a7eb7-3914-4f52-8b7d-091b5c7d4935,fUSD,0.00015415,2,1,150.0,offer,2026-08-20T17:47:01.274067+00:00
bf4a7eb7-3914-4f52-8b7d-091b5c7d4935,fUSD,0.0001546735,2,1,317.42,offer,2026-08-20T17:47:01.274067+00:00
bf4a7eb7-3914-4f52-8b7d-091b5c7d4935,fUSD,0.0001546735,4,1,676.91333915,offer,2026-08-20T17:47:01.274067+00:00
bf4a7eb7-3914-4f52-8b7d-091b5c7d4935,fUSD,0.00015574,2,4,14985.05765644,offer,2026-08-20T17:47:01.274067+00:00
bf4a7eb7-3914-4f52-8b7d-091b5c7d4935,fUSD,0.00015588100000000002,2,11,7570.98357223,offer,2026-08-20T17:47:01.274067+00:00
bf4a7eb7-3914-4f52-8b7d-091b5c7d4935,fUSD,0.00015673955,2,9,1350.0,offer,2026-08-20T17:47:01.274067+00:00
bf4a7eb7-3914-4f52-8b7d-091b5c7d4935,fUSD,0.0001574895,2,1,317.42,offer,2026-08-20T17:47:01.274067+00:00
bf4a7eb7-3914-4f52-8b7d-091b5c7d4935,fUSD,0.0001575,2,1,317.42,offer,2026-08-20T17:47:01.274067+00:00
bf4a7eb7-3914-4f52-8b7d-091b5c7d4935,fUSD,0.00015776697000000002,5,1,676.91333915,offer,2026-08-20T17:47:01.274067+00:00
bf4a7eb7-3914-4f52-8b7d-091b5c7d4935,fUSD,0.0001588548,4,1,859.57249416,offer,2026-08-20T17:47:01.274067+00:00
bf4a7eb7-3914-4f52-8b7d-091b5c7d4935,fUSD,0.00016092230940000003,7,1,676.91333915,offer,2026-08-20T17:47:01.274067+00:00
d60a4dfa-eb7a-49d0-bbf0-8773cd861199,fUSD,0.0002808219178082192,120,1,-12899509.84221953,demand,2026-08-20T18:47:01.303281+00:00
d60a4dfa-eb7a-49d0-bbf0-8773cd861199,fUSD,0.000273972602739726,120,1,-13952309.81174755,demand,2026-08-20T18:47:01.303281+00:00
d60a4dfa-eb7a-49d0-bbf0-8773cd861199,fUSD,0.00018010999999999998,120,1,-235606.73391109,demand,2026-08-20T18:47:01.303281+00:00
d60a4dfa-eb7a-49d0-bbf0-8773cd861199,fUSD,0.0001777,120,1,-23123.30278361,demand,2026-08-20T18:47:01.303281+00:00
d60a4dfa-eb7a-49d0-bbf0-8773cd861199,fUSD,0.000174,120,1,-12350.0,demand,2026-08-20T18:47:01.303281+00:00
d60a4dfa-eb7a-49d0-bbf0-8773cd861199,fUSD,0.0001713,120,1,-14000.0,demand,2026-08-20T18:47:01.303281+00:00
d60a4dfa-eb7a-49d0-bbf0-8773cd861199,fUSD,0.0001712,120,1,-20000.0,demand,2026-08-20T18:47:01.303281+00:00
d60a4dfa-eb7a-49d0-bbf0-8773cd861199,fUSD,0.00017111,120,1,-2000000.0,demand,2026-08-20T18:47:01.303281+00:00
d60a4dfa-eb7a-49d0-bbf0-8773cd861199,fUSD,0.00016,120,2,-10009162.66122322,demand,2026-08-20T18:47:01.303281+00:00
d60a4dfa-eb7a-49d0-bbf0-8773cd861199,fUSD,0.00016,5,1,-10000.0,demand,2026-08-20T18:47:01.303281+00:00
d60a4dfa-eb7a-49d0-bbf0-8773cd861199,fUSD,0.0001534,5,1,-86826.29480887,demand,2026-08-20T18:47:01.303281+00:00
d60a4dfa-eb7a-49d0-bbf0-8773cd861199,fUSD,0.000153,2,1,-150.0,demand,2026-08-20T18:47:01.303281+00:00
d60a4dfa-eb7a-49d0-bbf0-8773cd861199,fUSD,0.000151,120,1,-10000.0,demand,2026-08-20T18:47:01.303281+00:00
d60a4dfa-eb7a-49d0-bbf0-8773cd861199,fUSD,0.0001502,30,1,-13500.0,demand,2026-08-20T18:47:01.303281+00:00
d60a4dfa-eb7a-49d0-bbf0-8773cd861199,fUSD,0.00015,90,1,-19550.75,demand,2026-08-20T18:47:01.303281+00:00
d60a4dfa-eb7a-49d0-bbf0-8773cd861199,fUSD,0.00015,29,1,-218795.0,demand,2026-08-20T18:47:01.303281+00:00
d60a4dfa-eb7a-49d0-bbf0-8773cd861199,fUSD,0.00015,120,1,-500.0,demand,2026-08-20T18:47:01.303281+00:00
d60a4dfa-eb7a-49d0-bbf0-8773cd861199,fUSD,0.00014252,120,1,-10770.76644364,demand,2026-08-20T18:47:01.303281+00:00
d60a4dfa-eb7a-49d0-bbf0-8773cd861199,fUSD,0.000142,7,2,-34801.97298254,demand,2026-08-20T18:47:01.303281+00:00
d60a4dfa-eb7a-49d0-bbf0-8773cd861199,fUSD,0.00014120000000000002,30,1,-13500.0,demand,2026-08-20T18:47:01.303281+00:00
d60a4dfa-eb7a-49d0-bbf0-8773cd861199,fUSD,0.00014000000000000001,2,2,-2458214.6253853,demand,2026-08-20T18:47:01.303281+00:00
d60a4dfa-eb7a-49d0-bbf0-8773cd861199,fUSD,0.0001342,2,1,-1783904.39862186,demand,2026-08-20T18:47:01.303281+00:00
d60a4dfa-eb7a-49d0-bbf0-8773cd861199,fUSD,0.000134,2,1,-2000000.0,demand,2026-08-20T18:47:01.303281+00:00
d60a4dfa-eb7a-49d0-bbf0-8773cd861199,fUSD,0.00013,2,1,-2000000.0,demand,2026-08-20T18:47:01.303281+00:00
d60a4dfa-eb7a-49d0-bbf0-8773cd861199,fUSD,0.00012757,120,1,-100000.0,demand,2026-08-20T18:47:01.303281+00:00
d60a4dfa-eb7a-49d0-bbf0-8773cd861199,fUSD,0.000140451,2,3,736.83,offer,2026-08-20T18:47:01.303281+00:00
d60a4dfa-eb7a-49d0-bbf0-8773cd861199,fUSD,0.00014063007499999999,2,1,600.0,offer,2026-08-20T18:47:01.303281+00:00
d60a4dfa-eb7a-49d0-bbf0-8773cd861199,fUSD,0.00014080914999999998,2,1,250.0,offer,2026-08-20T18:47:01.303281+00:00
d60a4dfa-eb7a-49d0-bbf0-8773cd861199,fUSD,0.00014116729999999998,2,1,150.0,offer,2026-08-20T18:47:01.303281+00:00
d60a4dfa-eb7a-49d0-bbf0-8773cd861199,fUSD,0.00014123692999999998,2,1,600.0,offer,2026-08-20T18:47:01.303281+00:00
d60a4dfa-eb7a-49d0-bbf0-8773cd861199,fUSD,0.0001418736,2,2,681.16165274,offer,2026-08-20T18:47:01.303281+00:00
d60a4dfa-eb7a-49d0-bbf0-8773cd861199,fUSD,0.0001418836,2,1,3422.34,offer,2026-08-20T18:47:01.303281+00:00
d60a4dfa-eb7a-49d0-bbf0-8773cd861199,fUSD,0.00014199999999999998,2,1,362.69269399,offer,2026-08-20T18:47:01.303281+00:00
d60a4dfa-eb7a-49d0-bbf0-8773cd861199,fUSD,0.00014215,2,1,187.79,offer,2026-08-20T18:47:01.303281+00:00
d60a4dfa-eb7a-49d0-bbf0-8773cd861199,fUSD,0.0001423246,2,1,194.95,offer,2026-08-20T18:47:01.303281+00:00
d60a4dfa-eb7a-49d0-bbf0-8773cd861199,fUSD,0.00014257933424657534,2,1,697.02,offer,2026-08-20T18:47:01.303281+00:00
d60a4dfa-eb7a-49d0-bbf0-8773cd861199,fUSD,0.0001431921,2,1,1000.0,offer,2026-08-20T18:47:01.303281+00:00
d60a4dfa-eb7a-49d0-bbf0-8773cd861199,fUSD,0.00014328,2,1,150.0,offer,2026-08-20T18:47:01.303281+00:00
d60a4dfa-eb7a-49d0-bbf0-8773cd861199,fUSD,0.0001437247,2,1,150.0,offer,2026-08-20T18:47:01.303281+00:00
d60a4dfa-eb7a-49d0-bbf0-8773cd861199,fUSD,0.0001447,2,1,279.0,offer,2026-08-20T18:47:01.303281+00:00
d60a4dfa-eb7a-49d0-bbf0-8773cd861199,fUSD,0.00014545956661953825,2,2,859.82775642,offer,2026-08-20T18:47:01.303281+00:00
d60a4dfa-eb7a-49d0-bbf0-8773cd861199,fUSD,0.00014546956661953825,2,1,16683.37163269,offer,2026-08-20T18:47:01.303281+00:00
d60a4dfa-eb7a-49d0-bbf0-8773cd861199,fUSD,0.00014605686849315067,2,1,697.02,offer,2026-08-20T18:47:01.303281+00:00
d60a4dfa-eb7a-49d0-bbf0-8773cd861199,fUSD,0.00014679663,2,1,166.82,offer,2026-08-20T18:47:01.303281+00:00
d60a4dfa-eb7a-49d0-bbf0-8773cd861199,fUSD,0.0001474418,2,1,200.0,offer,2026-08-20T18:47:01.303281+00:00
d60a4dfa-eb7a-49d0-bbf0-8773cd861199,fUSD,0.000148,2,1,2868.27089761,offer,2026-08-20T18:47:01.303281+00:00
d60a4dfa-eb7a-49d0-bbf0-8773cd861199,fUSD,0.00014869,2,2,346.99,offer,2026-08-20T18:47:01.303281+00:00
d60a4dfa-eb7a-49d0-bbf0-8773cd861199,fUSD,0.000149,2,3,17304.64502759,offer,2026-08-20T18:47:01.303281+00:00
d60a4dfa-eb7a-49d0-bbf0-8773cd861199,fUSD,0.00014944076438356163,2,1,194.95,offer,2026-08-20T18:47:01.303281+00:00
d60a4dfa-eb7a-49d0-bbf0-8773cd861199,fUSD,0.00014953440273972603,2,1,697.02,offer,2026-08-20T18:47:01.303281+00:00
f21155bb-e3f1-446d-8752-90bc4d00f5aa,fUSD,0.0002808219178082192,120,1,-12808319.81594957,demand,2026-08-20T19:47:01.109187+00:00
f21155bb-e3f1-446d-8752-90bc4d00f5aa,fUSD,0.000273972602739726,120,1,-13952309.81174755,demand,2026-08-20T19:47:01.109187+00:00
f21155bb-e3f1-446d-8752-90bc4d00f5aa,fUSD,0.00018010999999999998,120,1,-235606.73391109,demand,2026-08-20T19:47:01.109187+00:00
f21155bb-e3f1-446d-8752-90bc4d00f5aa,fUSD,0.0001777,120,1,-23123.30278361,demand,2026-08-20T19:47:01.109187+00:00
f21155bb-e3f1-446d-8752-90bc4d00f5aa,fUSD,0.000174,120,1,-12350.0,demand,2026-08-20T19:47:01.109187+00:00
f21155bb-e3f1-446d-8752-90bc4d00f5aa,fUSD,0.0001713,120,1,-14000.0,demand,2026-08-20T19:47:01.109187+00:00
f21155bb-e3f1-446d-8752-90bc4d00f5aa,fUSD,0.0001712,120,1,-20000.0,demand,2026-08-20T19:47:01.109187+00:00
f21155bb-e3f1-446d-8752-90bc4d00f5aa,fUSD,0.00017111,120,1,-2000000.0,demand,2026-08-20T19:47:01.109187+00:00
f21155bb-e3f1-446d-8752-90bc4d00f5aa,fUSD,0.00016,120,2,-10009162.66122322,demand,2026-08-20T19:47:01.109187+00:00
f21155bb-e3f1-446d-8752-90bc4d00f5aa,fUSD,0.00016,5,1,-10000.0,demand,2026-08-20T19:47:01.109187+00:00
f21155bb-e3f1-446d-8752-90bc4d00f5aa,fUSD,0.0001534,5,1,-81343.48603945,demand,2026-08-20T19:47:01.109187+00:00
f21155bb-e3f1-446d-8752-90bc4d00f5aa,fUSD,0.000153,2,1,-150.0,demand,2026-08-20T19:47:01.109187+00:00
f21155bb-e3f1-446d-8752-90bc4d00f5aa,fUSD,0.000151,120,1,-10000.0,demand,2026-08-20T19:47:01.109187+00:00
f21155bb-e3f1-446d-8752-90bc4d00f5aa,fUSD,0.0001502,30,1,-13500.0,demand,2026-08-20T19:47:01.109187+00:00
f21155bb-e3f1-446d-8752-90bc4d00f5aa,fUSD,0.00015,90,1,-19550.75,demand,2026-08-20T19:47:01.109187+00:00
f21155bb-e3f1-446d-8752-90bc4d00f5aa,fUSD,0.00015,29,1,-218795.0,demand,2026-08-20T19:47:01.109187+00:00
f21155bb-e3f1-446d-8752-90bc4d00f5aa,fUSD,0.00015,120,1,-500.0,demand,2026-08-20T19:47:01.109187+00:00
f21155bb-e3f1-446d-8752-90bc4d00f5aa,fUSD,0.00014252,120,1,-10770.76644364,demand,2026-08-20T19:47:01.109187+00:00
f21155bb-e3f1-446d-8752-90bc4d00f5aa,fUSD,0.000142,7,2,-34801.97298254,demand,2026-08-20T19:47:01.109187+00:00
f21155bb-e3f1-446d-8752-90bc4d00f5aa,fUSD,0.00014120000000000002,30,1,-13500.0,demand,2026-08-20T19:47:01.109187+00:00
f21155bb-e3f1-446d-8752-90bc4d00f5aa,fUSD,0.00014000000000000001,2,2,-2454997.8462873,demand,2026-08-20T19:47:01.109187+00:00
f21155bb-e3f1-446d-8752-90bc4d00f5aa,fUSD,0.0001342,2,1,-1783904.39862186,demand,2026-08-20T19:47:01.109187+00:00
f21155bb-e3f1-446d-8752-90bc4d00f5aa,fUSD,0.000134,2,1,-2000000.0,demand,2026-08-20T19:47:01.109187+00:00
f21155bb-e3f1-446d-8752-90bc4d00f5aa,fUSD,0.00013,2,1,-2000000.0,demand,2026-08-20T19:47:01.109187+00:00
f21155bb-e3f1-446d-8752-90bc4d00f5aa,fUSD,0.00012757,120,1,-100000.0,demand,2026-08-20T19:47:01.109187+00:00
f21155bb-e3f1-446d-8752-90bc4d00f5aa,fUSD,0.000140554,2,1,477.52,offer,2026-08-20T19:47:01.109187+00:00
f21155bb-e3f1-446d-8752-90bc4d00f5aa,fUSD,0.0001407858732,2,1,150.08,offer,2026-08-20T19:47:01.109187+00:00
f21155bb-e3f1-446d-8752-90bc4d00f5aa,fUSD,0.00014080293660000002,2,1,150.0,offer,2026-08-20T19:47:01.109187+00:00
f21155bb-e3f1-446d-8752-90bc4d00f5aa,fUSD,0.00014082,2,1,200.0,offer,2026-08-20T19:47:01.109187+00:00
f21155bb-e3f1-446d-8752-90bc4d00f5aa,fUSD,0.0001412873,2,1,200.0,offer,2026-08-20T19:47:01.109187+00:00
f21155bb-e3f1-446d-8752-90bc4d00f5aa,fUSD,0.0001424,2,1,150.0,offer,2026-08-20T19:47:01.109187+00:00
f21155bb-e3f1-446d-8752-90bc4d00f5aa,fUSD,0.00014243244854246574,2,1,150.08,offer,2026-08-20T19:47:01.109187+00:00
f21155bb-e3f1-446d-8752-90bc4d00f5aa,fUSD,0.00014381,2,1,150.0,offer,2026-08-20T19:47:01.109187+00:00
f21155bb-e3f1-446d-8752-90bc4d00f5aa,fUSD,0.00014407902388493152,2,1,150.08,offer,2026-08-20T19:47:01.109187+00:00
f21155bb-e3f1-446d-8752-90bc4d00f5aa,fUSD,0.00014522,2,1,150.0,offer,2026-08-20T19:47:01.109187+00:00
f21155bb-e3f1-446d-8752-90bc4d00f5aa,fUSD,0.00014572559922739725,2,1,150.08,offer,2026-08-20T19:47:01.109187+00:00
f21155bb-e3f1-446d-8752-90bc4d00f5aa,fUSD,0.00014663,2,1,261.0,offer,2026-08-20T19:47:01.109187+00:00
f21155bb-e3f1-446d-8752-90bc4d00f5aa,fUSD,0.000147372174569863,2,1,150.08,offer,2026-08-20T19:47:01.109187+00:00
f21155bb-e3f1-446d-8752-90bc4d00f5aa,fUSD,0.00014742,2,1,249.54724336,offer,2026-08-20T19:47:01.109187+00:00
f21155bb-e3f1-446d-8752-90bc4d00f5aa,fUSD,0.00014895000000000002,2,38,18687.73241478,offer,2026-08-20T19:47:01.109187+00:00
f21155bb-e3f1-446d-8752-90bc4d00f5aa,fUSD,0.00014895890410958904,2,1,150.0,offer,2026-08-20T19:47:01.109187+00:00
f21155bb-e3f1-446d-8752-90bc4d00f5aa,fUSD,0.00014897,2,4,2000.0,offer,2026-08-20T19:47:01.109187+00:00
f21155bb-e3f1-446d-8752-90bc4d00f5aa,fUSD,0.000149,2,2,11112.94104102,offer,2026-08-20T19:47:01.109187+00:00
f21155bb-e3f1-446d-8752-90bc4d00f5aa,fUSD,0.00014900000000000002,2,14,2333.0,offer,2026-08-20T19:47:01.109187+00:00
f21155bb-e3f1-446d-8752-90bc4d00f5aa,fUSD,0.00014901008378172753,2,1,205.0,offer,2026-08-20T19:47:01.109187+00:00
f21155bb-e3f1-446d-8752-90bc4d00f5aa,fUSD,0.00014901095890410958,2,1,150.0,offer,2026-08-20T19:47:01.109187+00:00
f21155bb-e3f1-446d-8752-90bc4d00f5aa,fUSD,0.00014901874991232877,2,1,150.08,offer,2026-08-20T19:47:01.109187+00:00
f21155bb-e3f1-446d-8752-90bc4d00f5aa,fUSD,0.0001498123,2,1,1405.9,offer,2026-08-20T19:47:01.109187+00:00
f21155bb-e3f1-446d-8752-90bc4d00f5aa,fUSD,0.0001498641,2,1,173.95,offer,2026-08-20T19:47:01.109187+00:00
f21155bb-e3f1-446d-8752-90bc4d00f5aa,fUSD,0.00014999,2,18,9765.60867744,offer,2026-08-20T19:47:01.109187+00:00
e69ffbdc-6c89-482b-b2e1-f2a46a13abfc,fUSD,0.0002808219178082192,120,1,-12787582.58540508,demand,2026-08-20T20:47:01.390076+00:00
e69ffbdc-6c89-482b-b2e1-f2a46a13abfc,fUSD,0.000273972602739726,120,1,-13952309.81174755,demand,2026-08-20T20:47:01.390076+00:00
e69ffbdc-6c89-482b-b2e1-f2a46a13abfc,fUSD,0.0002061512,2,1,-150.0,demand,2026-08-20T20:47:01.390076+00:00
e69ffbdc-6c89-482b-b2e1-f2a46a13abfc,fUSD,0.00018010999999999998,120,1,-235606.73391109,demand,2026-08-20T20:47:01.390076+00:00
e69ffbdc-6c89-482b-b2e1-f2a46a13abfc,fUSD,0.0001777,120,1,-23123.30278361,demand,2026-08-20T20:47:01.390076+00:00
e69ffbdc-6c89-482b-b2e1-f2a46a13abfc,fUSD,0.000174,120,1,-12350.0,demand,2026-08-20T20:47:01.390076+00:00
e69ffbdc-6c89-482b-b2e1-f2a46a13abfc,fUSD,0.0001713,120,1,-14000.0,demand,2026-08-20T20:47:01.390076+00:00
e69ffbdc-6c89-482b-b2e1-f2a46a13abfc,fUSD,0.0001712,120,1,-20000.0,demand,2026-08-20T20:47:01.390076+00:00
e69ffbdc-6c89-482b-b2e1-f2a46a13abfc,fUSD,0.00017111,120,1,-2000000.0,demand,2026-08-20T20:47:01.390076+00:00
e69ffbdc-6c89-482b-b2e1-f2a46a13abfc,fUSD,0.00016,120,2,-10009162.66122322,demand,2026-08-20T20:47:01.390076+00:00
e69ffbdc-6c89-482b-b2e1-f2a46a13abfc,fUSD,0.00016,5,1,-10000.0,demand,2026-08-20T20:47:01.390076+00:00
e69ffbdc-6c89-482b-b2e1-f2a46a13abfc,fUSD,0.000155,2,1,-537425.0,demand,2026-08-20T20:47:01.390076+00:00
e69ffbdc-6c89-482b-b2e1-f2a46a13abfc,fUSD,0.0001534,5,1,-80727.57425195,demand,2026-08-20T20:47:01.390076+00:00
e69ffbdc-6c89-482b-b2e1-f2a46a13abfc,fUSD,0.000153,2,1,-150.0,demand,2026-08-20T20:47:01.390076+00:00
e69ffbdc-6c89-482b-b2e1-f2a46a13abfc,fUSD,0.000151,120,1,-10000.0,demand,2026-08-20T20:47:01.390076+00:00
e69ffbdc-6c89-482b-b2e1-f2a46a13abfc,fUSD,0.0001502,30,1,-13500.0,demand,2026-08-20T20:47:01.390076+00:00
e69ffbdc-6c89-482b-b2e1-f2a46a13abfc,fUSD,0.00015,90,1,-19550.75,demand,2026-08-20T20:47:01.390076+00:00
e69ffbdc-6c89-482b-b2e1-f2a46a13abfc,fUSD,0.00015,29,1,-218795.0,demand,2026-08-20T20:47:01.390076+00:00
e69ffbdc-6c89-482b-b2e1-f2a46a13abfc,fUSD,0.00015,120,1,-500.0,demand,2026-08-20T20:47:01.390076+00:00
e69ffbdc-6c89-482b-b2e1-f2a46a13abfc,fUSD,0.00014252,120,1,-10770.76644364,demand,2026-08-20T20:47:01.390076+00:00
e69ffbdc-6c89-482b-b2e1-f2a46a13abfc,fUSD,0.000142,7,2,-34801.97298254,demand,2026-08-20T20:47:01.390076+00:00
e69ffbdc-6c89-482b-b2e1-f2a46a13abfc,fUSD,0.00014120000000000002,30,1,-13500.0,demand,2026-08-20T20:47:01.390076+00:00
e69ffbdc-6c89-482b-b2e1-f2a46a13abfc,fUSD,0.00014000000000000001,2,2,-2440979.5362873,demand,2026-08-20T20:47:01.390076+00:00
e69ffbdc-6c89-482b-b2e1-f2a46a13abfc,fUSD,0.0001342,2,1,-1783904.39862186,demand,2026-08-20T20:47:01.390076+00:00
e69ffbdc-6c89-482b-b2e1-f2a46a13abfc,fUSD,0.000134,2,1,-2000000.0,demand,2026-08-20T20:47:01.390076+00:00
e69ffbdc-6c89-482b-b2e1-f2a46a13abfc,fUSD,0.00017567,2,1,500.0,offer,2026-08-20T20:47:01.390076+00:00
e69ffbdc-6c89-482b-b2e1-f2a46a13abfc,fUSD,0.00020429,2,1,500.0,offer,2026-08-20T20:47:01.390076+00:00
e69ffbdc-6c89-482b-b2e1-f2a46a13abfc,fUSD,0.00021917,2,1,500.0,offer,2026-08-20T20:47:01.390076+00:00
e69ffbdc-6c89-482b-b2e1-f2a46a13abfc,fUSD,0.00023,5,1,541.0,offer,2026-08-20T20:47:01.390076+00:00
e69ffbdc-6c89-482b-b2e1-f2a46a13abfc,fUSD,0.00023184657534246574,2,1,151.0,offer,2026-08-20T20:47:01.390076+00:00
e69ffbdc-6c89-482b-b2e1-f2a46a13abfc,fUSD,0.00023184736579563334,2,1,150.0,offer,2026-08-20T20:47:01.390076+00:00
e69ffbdc-6c89-482b-b2e1-f2a46a13abfc,fUSD,0.00023185022500850735,2,1,206.0,offer,2026-08-20T20:47:01.390076+00:00
e69ffbdc-6c89-482b-b2e1-f2a46a13abfc,fUSD,0.00023185205479452054,2,1,274.57943741,offer,2026-08-20T20:47:01.390076+00:00
e69ffbdc-6c89-482b-b2e1-f2a46a13abfc,fUSD,0.00023186,2,2,1000.0,offer,2026-08-20T20:47:01.390076+00:00
e69ffbdc-6c89-482b-b2e1-f2a46a13abfc,fUSD,0.0002318657534246575,2,5,1693.4921264,offer,2026-08-20T20:47:01.390076+00:00
e69ffbdc-6c89-482b-b2e1-f2a46a13abfc,fUSD,0.00023187493150684933,2,2,798.68375381,offer,2026-08-20T20:47:01.390076+00:00
e69ffbdc-6c89-482b-b2e1-f2a46a13abfc,fUSD,0.00023188,2,1,179.22,offer,2026-08-20T20:47:01.390076+00:00
e69ffbdc-6c89-482b-b2e1-f2a46a13abfc,fUSD,0.00023188493150684932,2,7,1454.78669571,offer,2026-08-20T20:47:01.390076+00:00
e69ffbdc-6c89-482b-b2e1-f2a46a13abfc,fUSD,0.0002327474,2,1,282.42277561,offer,2026-08-20T20:47:01.390076+00:00
e69ffbdc-6c89-482b-b2e1-f2a46a13abfc,fUSD,0.0002338219,2,1,5000.0,offer,2026-08-20T20:47:01.390076+00:00
e69ffbdc-6c89-482b-b2e1-f2a46a13abfc,fUSD,0.000234914403653,2,1,492.28024515,offer,2026-08-20T20:47:01.390076+00:00
e69ffbdc-6c89-482b-b2e1-f2a46a13abfc,fUSD,0.000235,7,1,163.74,offer,2026-08-20T20:47:01.390076+00:00
e69ffbdc-6c89-482b-b2e1-f2a46a13abfc,fUSD,0.00023506609392,30,1,150.08,offer,2026-08-20T20:47:01.390076+00:00
e69ffbdc-6c89-482b-b2e1-f2a46a13abfc,fUSD,0.00023547945205479453,4,3,456.44993901,offer,2026-08-20T20:47:01.390076+00:00
e69ffbdc-6c89-482b-b2e1-f2a46a13abfc,fUSD,0.00023675033443999998,2,5,1455.10726845,offer,2026-08-20T20:47:01.390076+00:00
e69ffbdc-6c89-482b-b2e1-f2a46a13abfc,fUSD,0.000238696011,2,1,162.98,offer,2026-08-20T20:47:01.390076+00:00
e69ffbdc-6c89-482b-b2e1-f2a46a13abfc,fUSD,0.000239,2,3,451.44490872,offer,2026-08-20T20:47:01.390076+00:00
e69ffbdc-6c89-482b-b2e1-f2a46a13abfc,fUSD,0.0002390527,2,1,500.0,offer,2026-08-20T20:47:01.390076+00:00
e69ffbdc-6c89-482b-b2e1-f2a46a13abfc,fUSD,0.00023970000000000003,2,1,681.78,offer,2026-08-20T20:47:01.390076+00:00
e69ffbdc-6c89-482b-b2e1-f2a46a13abfc,fUSD,0.00024,2,1,211.0,offer,2026-08-20T20:47:01.390076+00:00
f0bce531-5043-41e9-a504-aa60642f43a6,fUSD,0.0002808219178082192,120,1,-12773754.23905638,demand,2026-08-20T21:47:01.122428+00:00
f0bce531-5043-41e9-a504-aa60642f43a6,fUSD,0.000273972602739726,120,1,-13952309.81174755,demand,2026-08-20T21:47:01.122428+00:00
f0bce531-5043-41e9-a504-aa60642f43a6,fUSD,0.00018010999999999998,120,1,-235606.73391109,demand,2026-08-20T21:47:01.122428+00:00
f0bce531-5043-41e9-a504-aa60642f43a6,fUSD,0.0001777,120,1,-23123.30278361,demand,2026-08-20T21:47:01.122428+00:00
f0bce531-5043-41e9-a504-aa60642f43a6,fUSD,0.000174,120,1,-12350.0,demand,2026-08-20T21:47:01.122428+00:00
f0bce531-5043-41e9-a504-aa60642f43a6,fUSD,0.0001713,120,1,-14000.0,demand,2026-08-20T21:47:01.122428+00:00
f0bce531-5043-41e9-a504-aa60642f43a6,fUSD,0.0001712,120,1,-20000.0,demand,2026-08-20T21:47:01.122428+00:00
f0bce531-5043-41e9-a504-aa60642f43a6,fUSD,0.00017111,120,1,-2000000.0,demand,2026-08-20T21:47:01.122428+00:00
f0bce531-5043-41e9-a504-aa60642f43a6,fUSD,0.00016,120,2,-10009162.66122322,demand,2026-08-20T21:47:01.122428+00:00
f0bce531-5043-41e9-a504-aa60642f43a6,fUSD,0.00016,5,1,-10000.0,demand,2026-08-20T21:47:01.122428+00:00
f0bce531-5043-41e9-a504-aa60642f43a6,fUSD,0.0001534,5,1,-79977.57425195,demand,2026-08-20T21:47:01.122428+00:00
f0bce531-5043-41e9-a504-aa60642f43a6,fUSD,0.000153,2,1,-150.0,demand,2026-08-20T21:47:01.122428+00:00
f0bce531-5043-41e9-a504-aa60642f43a6,fUSD,0.000151,120,1,-10000.0,demand,2026-08-20T21:47:01.122428+00:00
f0bce531-5043-41e9-a504-aa60642f43a6,fUSD,0.0001502,30,1,-13500.0,demand,2026-08-20T21:47:01.122428+00:00
f0bce531-5043-41e9-a504-aa60642f43a6,fUSD,0.00015,90,1,-19550.75,demand,2026-08-20T21:47:01.122428+00:00
f0bce531-5043-41e9-a504-aa60642f43a6,fUSD,0.00015,29,1,-218795.0,demand,2026-08-20T21:47:01.122428+00:00
f0bce531-5043-41e9-a504-aa60642f43a6,fUSD,0.00015,120,1,-500.0,demand,2026-08-20T21:47:01.122428+00:00
f0bce531-5043-41e9-a504-aa60642f43a6,fUSD,0.00014252,120,1,-10770.76644364,demand,2026-08-20T21:47:01.122428+00:00
f0bce531-5043-41e9-a504-aa60642f43a6,fUSD,0.000142,7,2,-34801.97298254,demand,2026-08-20T21:47:01.122428+00:00
f0bce531-5043-41e9-a504-aa60642f43a6,fUSD,0.00014120000000000002,30,1,-13500.0,demand,2026-08-20T21:47:01.122428+00:00
f0bce531-5043-41e9-a504-aa60642f43a6,fUSD,0.00014000000000000001,2,2,-2440979.5362873,demand,2026-08-20T21:47:01.122428+00:00
f0bce531-5043-41e9-a504-aa60642f43a6,fUSD,0.0001342,2,1,-1783904.39862186,demand,2026-08-20T21:47:01.122428+00:00
f0bce531-5043-41e9-a504-aa60642f43a6,fUSD,0.000134,2,1,-2000000.0,demand,2026-08-20T21:47:01.122428+00:00
f0bce531-5043-41e9-a504-aa60642f43a6,fUSD,0.00013,2,1,-2000000.0,demand,2026-08-20T21:47:01.122428+00:00
f0bce531-5043-41e9-a504-aa60642f43a6,fUSD,0.00012757,120,1,-100000.0,demand,2026-08-20T21:47:01.122428+00:00
f0bce531-5043-41e9-a504-aa60642f43a6,fUSD,0.000232,2,1,263.0,offer,2026-08-20T21:47:01.122428+00:00
f0bce531-5043-41e9-a504-aa60642f43a6,fUSD,0.0002495,2,1,666.69,offer,2026-08-20T21:47:01.122428+00:00
f0bce531-5043-41e9-a504-aa60642f43a6,fUSD,0.00024954838,7,1,1337.56,offer,2026-08-20T21:47:01.122428+00:00
f0bce531-5043-41e9-a504-aa60642f43a6,fUSD,0.00024955,2,1,300.0,offer,2026-08-20T21:47:01.122428+00:00
f0bce531-5043-41e9-a504-aa60642f43a6,fUSD,0.00024956006806,2,70,34534.50056195,offer,2026-08-20T21:47:01.122428+00:00
f0bce531-5043-41e9-a504-aa60642f43a6,fUSD,0.00024957,2,1,182.26,offer,2026-08-20T21:47:01.122428+00:00
f0bce531-5043-41e9-a504-aa60642f43a6,fUSD,0.00024957006806,2,2,1332.24047381,offer,2026-08-20T21:47:01.122428+00:00
f0bce531-5043-41e9-a504-aa60642f43a6,fUSD,0.00024969,2,5,2468.31404688,offer,2026-08-20T21:47:01.122428+00:00
f0bce531-5043-41e9-a504-aa60642f43a6,fUSD,0.00024969,7,2,311.44,offer,2026-08-20T21:47:01.122428+00:00
f0bce531-5043-41e9-a504-aa60642f43a6,fUSD,0.0002497095890410959,2,1,1000.0,offer,2026-08-20T21:47:01.122428+00:00
f0bce531-5043-41e9-a504-aa60642f43a6,fUSD,0.00024971,5,1,505.4909,offer,2026-08-20T21:47:01.122428+00:00
f0bce531-5043-41e9-a504-aa60642f43a6,fUSD,0.00024971,2,2,1000.0,offer,2026-08-20T21:47:01.122428+00:00
f0bce531-5043-41e9-a504-aa60642f43a6,fUSD,0.00024972,2,4,142889.12437615,offer,2026-08-20T21:47:01.122428+00:00
f0bce531-5043-41e9-a504-aa60642f43a6,fUSD,0.00024972,4,4,234479.7832193,offer,2026-08-20T21:47:01.122428+00:00
f0bce531-5043-41e9-a504-aa60642f43a6,fUSD,0.00024985000000000003,2,20,3855.67654684,offer,2026-08-20T21:47:01.122428+00:00
f0bce531-5043-41e9-a504-aa60642f43a6,fUSD,0.00024985811578849315,30,1,166.91,offer,2026-08-20T21:47:01.122428+00:00
f0bce531-5043-41e9-a504-aa60642f43a6,fUSD,0.00024999,2,10,4884.64445828,offer,2026-08-20T21:47:01.122428+00:00
f0bce531-5043-41e9-a504-aa60642f43a6,fUSD,0.00025,2,3,279553.92995238,offer,2026-08-20T21:47:01.122428+00:00
f0bce531-5043-41e9-a504-aa60642f43a6,fUSD,0.00025064,10,1,491.1070945,offer,2026-08-20T21:47:01.122428+00:00
f0bce531-5043-41e9-a504-aa60642f43a6,fUSD,0.00025082191780821916,2,1,507.0,offer,2026-08-20T21:47:01.122428+00:00
f0bce531-5043-41e9-a504-aa60642f43a6,fUSD,0.00025110135616438357,2,1,714.88,offer,2026-08-20T21:47:01.122428+00:00
f0bce531-5043-41e9-a504-aa60642f43a6,fUSD,0.00025118,2,1,150.0,offer,2026-08-20T21:47:01.122428+00:00
f0bce531-5043-41e9-a504-aa60642f43a6,fUSD,0.00025136,7,2,1000.0,offer,2026-08-20T21:47:01.122428+00:00
f0bce531-5043-41e9-a504-aa60642f43a6,fUSD,0.00025156,9,2,3444.319,offer,2026-08-20T21:47:01.122428+00:00
f0bce531-5043-41e9-a504-aa60642f43a6,fUSD,0.000251562,2,2,411.69326295,offer,2026-08-20T21:47:01.122428+00:00
23ab9ef0-5246-4b35-b6ac-dfe4536143b4,fUSD,0.0002808219178082192,120,1,-12764505.94946916,demand,2026-08-20T22:47:01.244526+00:00
23ab9ef0-5246-4b35-b6ac-dfe4536143b4,fUSD,0.000273972602739726,120,1,-13952309.81174755,demand,2026-08-20T22:47:01.244526+00:00
23ab9ef0-5246-4b35-b6ac-dfe4536143b4,fUSD,0.00018010999999999998,120,1,-235606.73391109,demand,2026-08-20T22:47:01.244526+00:00
23ab9ef0-5246-4b35-b6ac-dfe4536143b4,fUSD,0.0001777,120,1,-23123.30278361,demand,2026-08-20T22:47:01.244526+00:00
23ab9ef0-5246-4b35-b6ac-dfe4536143b4,fUSD,0.000174,120,1,-12350.0,demand,2026-08-20T22:47:01.244526+00:00
23ab9ef0-5246-4b35-b6ac-dfe4536143b4,fUSD,0.0001713,120,1,-14000.0,demand,2026-08-20T22:47:01.244526+00:00
23ab9ef0-5246-4b35-b6ac-dfe4536143b4,fUSD,0.0001712,120,1,-20000.0,demand,2026-08-20T22:47:01.244526+00:00
23ab9ef0-5246-4b35-b6ac-dfe4536143b4,fUSD,0.00017111,120,1,-2000000.0,demand,2026-08-20T22:47:01.244526+00:00
23ab9ef0-5246-4b35-b6ac-dfe4536143b4,fUSD,0.00016,120,2,-10009162.66122322,demand,2026-08-20T22:47:01.244526+00:00
23ab9ef0-5246-4b35-b6ac-dfe4536143b4,fUSD,0.00016,5,1,-10000.0,demand,2026-08-20T22:47:01.244526+00:00
23ab9ef0-5246-4b35-b6ac-dfe4536143b4,fUSD,0.0001534,5,1,-75774.75318769,demand,2026-08-20T22:47:01.244526+00:00
23ab9ef0-5246-4b35-b6ac-dfe4536143b4,fUSD,0.000153,2,1,-150.0,demand,2026-08-20T22:47:01.244526+00:00
23ab9ef0-5246-4b35-b6ac-dfe4536143b4,fUSD,0.000151,120,1,-10000.0,demand,2026-08-20T22:47:01.244526+00:00
23ab9ef0-5246-4b35-b6ac-dfe4536143b4,fUSD,0.0001502,30,1,-13500.0,demand,2026-08-20T22:47:01.244526+00:00
23ab9ef0-5246-4b35-b6ac-dfe4536143b4,fUSD,0.00015,90,1,-19550.75,demand,2026-08-20T22:47:01.244526+00:00
23ab9ef0-5246-4b35-b6ac-dfe4536143b4,fUSD,0.00015,29,1,-218795.0,demand,2026-08-20T22:47:01.244526+00:00
23ab9ef0-5246-4b35-b6ac-dfe4536143b4,fUSD,0.00015,120,1,-500.0,demand,2026-08-20T22:47:01.244526+00:00
23ab9ef0-5246-4b35-b6ac-dfe4536143b4,fUSD,0.00014252,120,1,-10770.76644364,demand,2026-08-20T22:47:01.244526+00:00
23ab9ef0-5246-4b35-b6ac-dfe4536143b4,fUSD,0.000142,7,2,-34801.97298254,demand,2026-08-20T22:47:01.244526+00:00
23ab9ef0-5246-4b35-b6ac-dfe4536143b4,fUSD,0.00014120000000000002,30,1,-13500.0,demand,2026-08-20T22:47:01.244526+00:00
23ab9ef0-5246-4b35-b6ac-dfe4536143b4,fUSD,0.00014000000000000001,2,2,-2364298.2737074,demand,2026-08-20T22:47:01.244526+00:00
23ab9ef0-5246-4b35-b6ac-dfe4536143b4,fUSD,0.0001342,2,1,-1783904.39862186,demand,2026-08-20T22:47:01.244526+00:00
23ab9ef0-5246-4b35-b6ac-dfe4536143b4,fUSD,0.000134,2,1,-2000000.0,demand,2026-08-20T22:47:01.244526+00:00
23ab9ef0-5246-4b35-b6ac-dfe4536143b4,fUSD,0.00013,2,1,-2000000.0,demand,2026-08-20T22:47:01.244526+00:00
23ab9ef0-5246-4b35-b6ac-dfe4536143b4,fUSD,0.00012757,120,1,-100000.0,demand,2026-08-20T22:47:01.244526+00:00
23ab9ef0-5246-4b35-b6ac-dfe4536143b4,fUSD,0.00015852,2,14,6833.65168909,offer,2026-08-20T22:47:01.244526+00:00
23ab9ef0-5246-4b35-b6ac-dfe4536143b4,fUSD,0.00015931,3,2,117257.429721,offer,2026-08-20T22:47:01.244526+00:00
23ab9ef0-5246-4b35-b6ac-dfe4536143b4,fUSD,0.00015931,2,4,11396.37806304,offer,2026-08-20T22:47:01.244526+00:00
23ab9ef0-5246-4b35-b6ac-dfe4536143b4,fUSD,0.00015948,2,2,103803.20027751,offer,2026-08-20T22:47:01.244526+00:00
23ab9ef0-5246-4b35-b6ac-dfe4536143b4,fUSD,0.00015952,2,1,371.7117177,offer,2026-08-20T22:47:01.244526+00:00
23ab9ef0-5246-4b35-b6ac-dfe4536143b4,fUSD,0.00015952341780821918,2,1,1660.16,offer,2026-08-20T22:47:01.244526+00:00
23ab9ef0-5246-4b35-b6ac-dfe4536143b4,fUSD,0.00015953,3,3,271150.9969244,offer,2026-08-20T22:47:01.244526+00:00
23ab9ef0-5246-4b35-b6ac-dfe4536143b4,fUSD,0.00015970331301295992,2,1,41723.91105442,offer,2026-08-20T22:47:01.244526+00:00
23ab9ef0-5246-4b35-b6ac-dfe4536143b4,fUSD,0.00015974,2,2,1000.0,offer,2026-08-20T22:47:01.244526+00:00
23ab9ef0-5246-4b35-b6ac-dfe4536143b4,fUSD,0.00016078104000000003,7,1,293.60492184,offer,2026-08-20T22:47:01.244526+00:00
23ab9ef0-5246-4b35-b6ac-dfe4536143b4,fUSD,0.00016088565342465752,2,1,505.11,offer,2026-08-20T22:47:01.244526+00:00
23ab9ef0-5246-4b35-b6ac-dfe4536143b4,fUSD,0.0001611599,2,1,300.0,offer,2026-08-20T22:47:01.244526+00:00
23ab9ef0-5246-4b35-b6ac-dfe4536143b4,fUSD,0.0001626696,4,1,257.17383471,offer,2026-08-20T22:47:01.244526+00:00
23ab9ef0-5246-4b35-b6ac-dfe4536143b4,fUSD,0.000163772163,2,1,162.98,offer,2026-08-20T22:47:01.244526+00:00
23ab9ef0-5246-4b35-b6ac-dfe4536143b4,fUSD,0.00016438,2,8,3721.05297542,offer,2026-08-20T22:47:01.244526+00:00
23ab9ef0-5246-4b35-b6ac-dfe4536143b4,fUSD,0.00016498900000000002,2,6,3061.55118747,offer,2026-08-20T22:47:01.244526+00:00
23ab9ef0-5246-4b35-b6ac-dfe4536143b4,fUSD,0.0001656647,2,1,214.43,offer,2026-08-20T22:47:01.244526+00:00
23ab9ef0-5246-4b35-b6ac-dfe4536143b4,fUSD,0.000165922992,5,1,257.17383471,offer,2026-08-20T22:47:01.244526+00:00
23ab9ef0-5246-4b35-b6ac-dfe4536143b4,fUSD,0.00016637071,2,1,250.0,offer,2026-08-20T22:47:01.244526+00:00
23ab9ef0-5246-4b35-b6ac-dfe4536143b4,fUSD,0.00016707012838356163,2,1,168.39,offer,2026-08-20T22:47:01.244526+00:00
23ab9ef0-5246-4b35-b6ac-dfe4536143b4,fUSD,0.0001681985301369863,2,1,505.11,offer,2026-08-20T22:47:01.244526+00:00
23ab9ef0-5246-4b35-b6ac-dfe4536143b4,fUSD,0.0001687379,2,1,200.0,offer,2026-08-20T22:47:01.244526+00:00
23ab9ef0-5246-4b35-b6ac-dfe4536143b4,fUSD,0.00016924145184,7,1,257.17383471,offer,2026-08-20T22:47:01.244526+00:00
23ab9ef0-5246-4b35-b6ac-dfe4536143b4,fUSD,0.0001694,2,37,17688.63347008,offer,2026-08-20T22:47:01.244526+00:00
23ab9ef0-5246-4b35-b6ac-dfe4536143b4,fUSD,0.00017045,2,1,510.0,offer,2026-08-20T22:47:01.244526+00:00
9285a4be-34fd-41ca-9846-3f09355d27e3,fUSD,0.0002808219178082192,120,1,-12756639.2239914,demand,2026-08-20T23:47:01.199719+00:00
9285a4be-34fd-41ca-9846-3f09355d27e3,fUSD,0.000273972602739726,120,1,-13952309.81174755,demand,2026-08-20T23:47:01.199719+00:00
9285a4be-34fd-41ca-9846-3f09355d27e3,fUSD,0.00018010999999999998,120,1,-235606.73391109,demand,2026-08-20T23:47:01.199719+00:00
9285a4be-34fd-41ca-9846-3f09355d27e3,fUSD,0.0001777,120,1,-23123.30278361,demand,2026-08-20T23:47:01.199719+00:00
9285a4be-34fd-41ca-9846-3f09355d27e3,fUSD,0.000174,120,1,-12350.0,demand,2026-08-20T23:47:01.199719+00:00
9285a4be-34fd-41ca-9846-3f09355d27e3,fUSD,0.0001713,120,1,-14000.0,demand,2026-08-20T23:47:01.199719+00:00
9285a4be-34fd-41ca-9846-3f09355d27e3,fUSD,0.0001712,120,1,-20000.0,demand,2026-08-20T23:47:01.199719+00:00
9285a4be-34fd-41ca-9846-3f09355d27e3,fUSD,0.00017111,120,1,-2000000.0,demand,2026-08-20T23:47:01.199719+00:00
9285a4be-34fd-41ca-9846-3f09355d27e3,fUSD,0.00016,120,2,-10009162.66122322,demand,2026-08-20T23:47:01.199719+00:00
9285a4be-34fd-41ca-9846-3f09355d27e3,fUSD,0.00016,5,1,-10000.0,demand,2026-08-20T23:47:01.199719+00:00
9285a4be-34fd-41ca-9846-3f09355d27e3,fUSD,0.0001534,5,1,-74863.35275088,demand,2026-08-20T23:47:01.199719+00:00
9285a4be-34fd-41ca-9846-3f09355d27e3,fUSD,0.000153,2,1,-150.0,demand,2026-08-20T23:47:01.199719+00:00
9285a4be-34fd-41ca-9846-3f09355d27e3,fUSD,0.000151,120,1,-10000.0,demand,2026-08-20T23:47:01.199719+00:00
9285a4be-34fd-41ca-9846-3f09355d27e3,fUSD,0.0001502,30,1,-13500.0,demand,2026-08-20T23:47:01.199719+00:00
9285a4be-34fd-41ca-9846-3f09355d27e3,fUSD,0.00015,90,1,-19550.75,demand,2026-08-20T23:47:01.199719+00:00
9285a4be-34fd-41ca-9846-3f09355d27e3,fUSD,0.00015,29,1,-218795.0,demand,2026-08-20T23:47:01.199719+00:00
9285a4be-34fd-41ca-9846-3f09355d27e3,fUSD,0.00015,120,1,-500.0,demand,2026-08-20T23:47:01.199719+00:00
9285a4be-34fd-41ca-9846-3f09355d27e3,fUSD,0.00014252,120,1,-10770.76644364,demand,2026-08-20T23:47:01.199719+00:00
9285a4be-34fd-41ca-9846-3f09355d27e3,fUSD,0.000142,7,2,-34801.97298254,demand,2026-08-20T23:47:01.199719+00:00
9285a4be-34fd-41ca-9846-3f09355d27e3,fUSD,0.00014120000000000002,30,1,-13500.0,demand,2026-08-20T23:47:01.199719+00:00
9285a4be-34fd-41ca-9846-3f09355d27e3,fUSD,0.00014000000000000001,2,2,-2363897.55678464,demand,2026-08-20T23:47:01.199719+00:00
9285a4be-34fd-41ca-9846-3f09355d27e3,fUSD,0.0001342,2,1,-1783904.39862186,demand,2026-08-20T23:47:01.199719+00:00
9285a4be-34fd-41ca-9846-3f09355d27e3,fUSD,0.000134,2,1,-2000000.0,demand,2026-08-20T23:47:01.199719+00:00
9285a4be-34fd-41ca-9846-3f09355d27e3,fUSD,0.00013,2,1,-2000000.0,demand,2026-08-20T23:47:01.199719+00:00
9285a4be-34fd-41ca-9846-3f09355d27e3,fUSD,0.00012757,120,1,-100000.0,demand,2026-08-20T23:47:01.199719+00:00
9285a4be-34fd-41ca-9846-3f09355d27e3,fUSD,0.00014896,2,1,150.0,offer,2026-08-20T23:47:01.199719+00:00
9285a4be-34fd-41ca-9846-3f09355d27e3,fUSD,0.00014946000000000002,2,2,756.89572334,offer,2026-08-20T23:47:01.199719+00:00
9285a4be-34fd-41ca-9846-3f09355d27e3,fUSD,0.00014994,2,1,150.0,offer,2026-08-20T23:47:01.199719+00:00
9285a4be-34fd-41ca-9846-3f09355d27e3,fUSD,0.00014994000000000002,2,53,25774.37601853,offer,2026-08-20T23:47:01.199719+00:00
9285a4be-34fd-41ca-9846-3f09355d27e3,fUSD,0.00014999,2,13,5856.09588005,offer,2026-08-20T23:47:01.199719+00:00
9285a4be-34fd-41ca-9846-3f09355d27e3,fUSD,0.00015048,2,2,356.71,offer,2026-08-20T23:47:01.199719+00:00
9285a4be-34fd-41ca-9846-3f09355d27e3,fUSD,0.00015094,2,1,150.0,offer,2026-08-20T23:47:01.199719+00:00
9285a4be-34fd-41ca-9846-3f09355d27e3,fUSD,0.00015149,2,7,1106.0,offer,2026-08-20T23:47:01.199719+00:00
9285a4be-34fd-41ca-9846-3f09355d27e3,fUSD,0.00015244,2,1,150.0,offer,2026-08-20T23:47:01.199719+00:00
9285a4be-34fd-41ca-9846-3f09355d27e3,fUSD,0.00015393,2,1,150.0,offer,2026-08-20T23:47:01.199719+00:00
9285a4be-34fd-41ca-9846-3f09355d27e3,fUSD,0.00015511173984078124,2,1,1211.46189935,offer,2026-08-20T23:47:01.199719+00:00
9285a4be-34fd-41ca-9846-3f09355d27e3,fUSD,0.00015972054794520545,2,2,301.0,offer,2026-08-20T23:47:01.199719+00:00
9285a4be-34fd-41ca-9846-3f09355d27e3,fUSD,0.00016119,2,1,150.0,offer,2026-08-20T23:47:01.199719+00:00
9285a4be-34fd-41ca-9846-3f09355d27e3,fUSD,0.000163275515621875,2,2,1391.64436482,offer,2026-08-20T23:47:01.199719+00:00
9285a4be-34fd-41ca-9846-3f09355d27e3,fUSD,0.000163856,2,3,1150.0,offer,2026-08-20T23:47:01.199719+00:00
9285a4be-34fd-41ca-9846-3f09355d27e3,fUSD,0.0001718689638125,2,1,1131.0,offer,2026-08-20T23:47:01.199719+00:00
9285a4be-34fd-41ca-9846-3f09355d27e3,fUSD,0.00017309956072602742,2,1,246.98047777,offer,2026-08-20T23:47:01.199719+00:00
9285a4be-34fd-41ca-9846-3f09355d27e3,fUSD,0.00018091469875,2,1,1131.0,offer,2026-08-20T23:47:01.199719+00:00
9285a4be-34fd-41ca-9846-3f09355d27e3,fUSD,0.0001814102583333333,2,16,5000.71701528,offer,2026-08-20T23:47:01.199719+00:00
9285a4be-34fd-41ca-9846-3f09355d27e3,fUSD,0.0001841502583333333,2,1,166.2304224,offer,2026-08-20T23:47:01.199719+00:00
9285a4be-34fd-41ca-9846-3f09355d27e3,fUSD,0.00018689025833333332,2,6,2463.468134,offer,2026-08-20T23:47:01.199719+00:00
9285a4be-34fd-41ca-9846-3f09355d27e3,fUSD,0.000190436525,2,1,1131.0,offer,2026-08-20T23:47:01.199719+00:00
9285a4be-34fd-41ca-9846-3f09355d27e3,fUSD,0.0001923702583333333,2,4,2138.32239387,offer,2026-08-20T23:47:01.199719+00:00
9285a4be-34fd-41ca-9846-3f09355d27e3,fUSD,0.0001951002583333333,2,1,154.58513135,offer,2026-08-20T23:47:01.199719+00:00
9285a4be-34fd-41ca-9846-3f09355d27e3,fUSD,0.0001978502583333333,2,4,2138.32239387,offer,2026-08-20T23:47:01.199719+00:00
