run_id,market,rate,period,count,amount,side,fetched_at
ee33d991-a80f-4e72-ae77-482f603a068b,fUSD,0.0007353076779021723,2,1,-150.0,demand,2026-10-04T00:47:00.620693+00:00
ee33d991-a80f-4e72-ae77-482f603a068b,fUSD,0.0002602739726027397,120,1,-8344160.83833426,demand,2026-10-04T00:47:00.620693+00:00
ee33d991-a80f-4e72-ae77-482f603a068b,fUSD,0.00024786,2,1,-1603.21244857,demand,2026-10-04T00:47:00.620693+00:00
ee33d991-a80f-4e72-ae77-482f603a068b,fUSD,0.00018,60,1,-7000.0,demand,2026-10-04T00:47:00.620693+00:00
ee33d991-a80f-4e72-ae77-482f603a068b,fUSD,0.00017121,30,1,-40000.0,demand,2026-10-04T00:47:00.620693+00:00
ee33d991-a80f-4e72-ae77-482f603a068b,fUSD,0.0001712,120,1,-20000.0,demand,2026-10-04T00:47:00.620693+00:00
ee33d991-a80f-4e72-ae77-482f603a068b,fUSD,0.00017111,120,1,-2000000.0,demand,2026-10-04T00:47:00.620693+00:00
ee33d991-a80f-4e72-ae77-482f603a068b,fUSD,0.000161,120,1,-100000.0,demand,2026-10-04T00:47:00.620693+00:00
ee33d991-a80f-4e72-ae77-482f603a068b,fUSD,0.000161,60,1,-18157.0,demand,2026-10-04T00:47:00.620693+00:00
ee33d991-a80f-4e72-ae77-482f603a068b,fUSD,0.0001603,120,1,-20000.0,demand,2026-10-04T00:47:00.620693+00:00
ee33d991-a80f-4e72-ae77-482f603a068b,fUSD,0.0001601,10,1,-30000.0,demand,2026-10-04T00:47:00.620693+00:00
ee33d991-a80f-4e72-ae77-482f603a068b,fUSD,0.00016,120,2,-10009162.66122322,demand,2026-10-04T00:47:00.620693+00:00
ee33d991-a80f-4e72-ae77-482f603a068b,fUSD,0.000152,45,3,-6000.0,demand,2026-10-04T00:47:00.620693+00:00
ee33d991-a80f-4e72-ae77-482f603a068b,fUSD,0.0001503,90,1,-20000.0,demand,2026-10-04T00:47:00.620693+00:00
ee33d991-a80f-4e72-ae77-482f603a068b,fUSD,0.00015,29,1,-10580.0,demand,2026-10-04T00:47:00.620693+00:00
ee33d991-a80f-4e72-ae77-482f603a068b,fUSD,0.000148,30,3,-4500.0,demand,2026-10-04T00:47:00.620693+00:00
ee33d991-a80f-4e72-ae77-482f603a068b,fUSD,0.000146,30,5,-4500.0,demand,2026-10-04T00:47:00.620693+00:00
ee33d991-a80f-4e72-ae77-482f603a068b,fUSD,0.00014252,120,1,-10770.76644364,demand,2026-10-04T00:47:00.620693+00:00
ee33d991-a80f-4e72-ae77-482f603a068b,fUSD,0.000142,45,3,-4500.0,demand,2026-10-04T00:47:00.620693+00:00
ee33d991-a80f-4e72-ae77-482f603a068b,fUSD,0.0001403,90,1,-20000.0,demand,2026-10-04T00:47:00.620693+00:00
ee33d991-a80f-4e72-ae77-482f603a068b,fUSD,0.000138,120,1,-4750.0,demand,2026-10-04T00:47:00.620693+00:00
ee33d991-a80f-4e72-ae77-482f603a068b,fUSD,0.00013,7,2,-7458.54269677,demand,2026-10-04T00:47:00.620693+00:00
ee33d991-a80f-4e72-ae77-482f603a068b,fUSD,0.00012757,120,1,-100000.0,demand,2026-10-04T00:47:00.620693+00:00
ee33d991-a80f-4e72-ae77-482f603a068b,fUSD,0.0001221,120,1,-12587.13,demand,2026-10-04T00:47:00.620693+00:00
ee33d991-a80f-4e72-ae77-482f603a068b,fUSD,0.00012109999999999999,20,1,-3847.14283321,demand,2026-10-04T00:47:00.620693+00:00
ee33d991-a80f-4e72-ae77-482f603a068b,fUSD,0.0001389,2,1,163.11057115,offer,2026-10-04T00:47:00.620693+00:00
ee33d991-a80f-4e72-ae77-482f603a068b,fUSD,0.0001442487,2,1,328.69,offer,2026-10-04T00:47:00.620693+00:00
ee33d991-a80f-4e72-ae77-482f603a068b,fUSD,0.00014715,2,1,163.11057114,offer,2026-10-04T00:47:00.620693+00:00
ee33d991-a80f-4e72-ae77-482f603a068b,fUSD,0.00014851,2,1,200.0,offer,2026-10-04T00:47:00.620693+00:00
ee33d991-a80f-4e72-ae77-482f603a068b,fUSD,0.00014999,2,3,35406.61049225,offer,2026-10-04T00:47:00.620693+00:00
ee33d991-a80f-4e72-ae77-482f603a068b,fUSD,0.00015,2,7,911035.33123487,offer,2026-10-04T00:47:00.620693+00:00
ee33d991-a80f-4e72-ae77-482f603a068b,fUSD,0.000150186566,2,1,172.38,offer,2026-10-04T00:47:00.620693+00:00
ee33d991-a80f-4e72-ae77-482f603a068b,fUSD,0.0001502329,2,1,3479.04,offer,2026-10-04T00:47:00.620693+00:00
ee33d991-a80f-4e72-ae77-482f603a068b,fUSD,0.000152,2,2,2477.09614459,offer,2026-10-04T00:47:00.620693+00:00
ee33d991-a80f-4e72-ae77-482f603a068b,fUSD,0.00015236,2,1,231.78933228,offer,2026-10-04T00:47:00.620693+00:00
ee33d991-a80f-4e72-ae77-482f603a068b,fUSD,0.00015299999999999998,3,2,581.23071355,offer,2026-10-04T00:47:00.620693+00:00
ee33d991-a80f-4e72-ae77-482f603a068b,fUSD,0.000153,2,2,2477.09614459,offer,2026-10-04T00:47:00.620693+00:00
ee33d991-a80f-4e72-ae77-482f603a068b,fUSD,0.00015326,2,1,150.0,offer,2026-10-04T00:47:00.620693+00:00
ee33d991-a80f-4e72-ae77-482f603a068b,fUSD,0.00015462804520547944,2,1,154.92,offer,2026-10-04T00:47:00.620693+00:00
ee33d991-a80f-4e72-ae77-482f603a068b,fUSD,0.00015489,2,1,6165.0,offer,2026-10-04T00:47:00.620693+00:00
ee33d991-a80f-4e72-ae77-482f603a068b,fUSD,0.000155,2,2,2477.09614459,offer,2026-10-04T00:47:00.620693+00:00
ee33d991-a80f-4e72-ae77-482f603a068b,fUSD,0.0001552,2,1,13620.0,offer,2026-10-04T00:47:00.620693+00:00
ee33d991-a80f-4e72-ae77-482f603a068b,fUSD,0.00015588,4,1,199554.6009069,offer,2026-10-04T00:47:00.620693+00:00
ee33d991-a80f-4e72-ae77-482f603a068b,fUSD,0.000156,2,1,1908.91928874,offer,2026-10-04T00:47:00.620693+00:00
ee33d991-a80f-4e72-ae77-482f603a068b,fUSD,0.00015606,3,1,350.27839855,offer,2026-10-04T00:47:00.620693+00:00
ee33d991-a80f-4e72-ae77-482f603a068b,fUSD,0.00015692,2,1,255.0,offer,2026-10-04T00:47:00.620693+00:00
ee33d991-a80f-4e72-ae77-482f603a068b,fUSD,0.000158,2,1,1908.91928874,offer,2026-10-04T00:47:00.620693+00:00
ee33d991-a80f-4e72-ae77-482f603a068b,fUSD,0.00015852,2,15,7455.98133154,offer,2026-10-04T00:47:00.620693+00:00
ee33d991-a80f-4e72-ae77-482f603a068b,fUSD,0.000159,2,1,1908.91928874,offer,2026-10-04T00:47:00.620693+00:00
ee33d991-a80f-4e72-ae77-482f603a068b,fUSD,0.0001591812,4,1,350.27839855,offer,2026-10-04T00:47:00.620693+00:00
346f0420-7019-4046-90c3-ba8215828fce,fUSD,0.0009353076779021722,2,1,-150.0,demand,2026-10-04T01:47:00.603675+00:00
346f0420-7019-4046-90c3-ba8215828fce,fUSD,0.0002602739726027397,120,1,-8324640.05883899,demand,2026-10-04T01:47:00.603675+00:00
346f0420-7019-4046-90c3-ba8215828fce,fUSD,0.00024264,2,1,-1603.21244857,demand,2026-10-04T01:47:00.603675+00:00
346f0420-7019-4046-90c3-ba8215828fce,fUSD,0.00018,60,1,-7000.0,demand,2026-10-04T01:47:00.603675+00:00
346f0420-7019-4046-90c3-ba8215828fce,fUSD,0.00017121,30,1,-40000.0,demand,2026-10-04T01:47:00.603675+00:00
346f0420-7019-4046-90c3-ba8215828fce,fUSD,0.0001712,120,1,-20000.0,demand,2026-10-04T01:47:00.603675+00:00
346f0420-7019-4046-90c3-ba8215828fce,fUSD,0.00017111,120,1,-2000000.0,demand,2026-10-04T01:47:00.603675+00:00
346f0420-7019-4046-90c3-ba8215828fce,fUSD,0.000161,120,1,-100000.0,demand,2026-10-04T01:47:00.603675+00:00
346f0420-7019-4046-90c3-ba8215828fce,fUSD,0.000161,60,1,-18157.0,demand,2026-10-04T01:47:00.603675+00:00
346f0420-7019-4046-90c3-ba8215828fce,fUSD,0.0001603,120,1,-20000.0,demand,2026-10-04T01:47:00.603675+00:00
346f0420-7019-4046-90c3-ba8215828fce,fUSD,0.00016,120,2,-10009162.66122322,demand,2026-10-04T01:47:00.603675+00:00
346f0420-7019-4046-90c3-ba8215828fce,fUSD,0.000152,45,3,-6000.0,demand,2026-10-04T01:47:00.603675+00:00
346f0420-7019-4046-90c3-ba8215828fce,fUSD,0.0001503,90,1,-20000.0,demand,2026-10-04T01:47:00.603675+00:00
346f0420-7019-4046-90c3-ba8215828fce,fUSD,0.00015,29,1,-10580.0,demand,2026-10-04T01:47:00.603675+00:00
346f0420-7019-4046-90c3-ba8215828fce,fUSD,0.000148,30,3,-4500.0,demand,2026-10-04T01:47:00.603675+00:00
346f0420-7019-4046-90c3-ba8215828fce,fUSD,0.000146,30,5,-4500.0,demand,2026-10-04T01:47:00.603675+00:00
346f0420-7019-4046-90c3-ba8215828fce,fUSD,0.00014252,120,1,-10770.76644364,demand,2026-10-04T01:47:00.603675+00:00
346f0420-7019-4046-90c3-ba8215828fce,fUSD,0.000142,45,3,-4500.0,demand,2026-10-04T01:47:00.603675+00:00
346f0420-7019-4046-90c3-ba8215828fce,fUSD,0.0001403,90,1,-20000.0,demand,2026-10-04T01:47:00.603675+00:00
346f0420-7019-4046-90c3-ba8215828fce,fUSD,0.000138,120,1,-4750.0,demand,2026-10-04T01:47:00.603675+00:00
346f0420-7019-4046-90c3-ba8215828fce,fUSD,0.00013,7,2,-7458.54269677,demand,2026-10-04T01:47:00.603675+00:00
346f0420-7019-4046-90c3-ba8215828fce,fUSD,0.00012757,120,1,-100000.0,demand,2026-10-04T01:47:00.603675+00:00
346f0420-7019-4046-90c3-ba8215828fce,fUSD,0.0001221,120,1,-12587.13,demand,2026-10-04T01:47:00.603675+00:00
346f0420-7019-4046-90c3-ba8215828fce,fUSD,0.00012109999999999999,20,1,-3847.14283321,demand,2026-10-04T01:47:00.603675+00:00
346f0420-7019-4046-90c3-ba8215828fce,fUSD,0.00012,120,1,-200000.0,demand,2026-10-04T01:47:00.603675+00:00
346f0420-7019-4046-90c3-ba8215828fce,fUSD,0.0001415,2,1,161.12039719,offer,2026-10-04T01:47:00.603675+00:00
346f0420-7019-4046-90c3-ba8215828fce,fUSD,0.0001425,2,1,223.06,offer,2026-10-04T01:47:00.603675+00:00
346f0420-7019-4046-90c3-ba8215828fce,fUSD,0.00014264,2,6,6458.32,offer,2026-10-04T01:47:00.603675+00:00
346f0420-7019-4046-90c3-ba8215828fce,fUSD,0.00014349,2,1,232.50074126,offer,2026-10-04T01:47:00.603675+00:00
346f0420-7019-4046-90c3-ba8215828fce,fUSD,0.00014413,2,1,161.12039718,offer,2026-10-04T01:47:00.603675+00:00
346f0420-7019-4046-90c3-ba8215828fce,fUSD,0.0001447577,2,1,3173.14,offer,2026-10-04T01:47:00.603675+00:00
346f0420-7019-4046-90c3-ba8215828fce,fUSD,0.00014502876712328767,2,1,13287.17208049,offer,2026-10-04T01:47:00.603675+00:00
346f0420-7019-4046-90c3-ba8215828fce,fUSD,0.0001451288,2,12,80102.17631164,offer,2026-10-04T01:47:00.603675+00:00
346f0420-7019-4046-90c3-ba8215828fce,fUSD,0.00014513,2,1,171.0,offer,2026-10-04T01:47:00.603675+00:00
346f0420-7019-4046-90c3-ba8215828fce,fUSD,0.0001452615,2,1,150.0,offer,2026-10-04T01:47:00.603675+00:00
346f0420-7019-4046-90c3-ba8215828fce,fUSD,0.00014743742191780822,2,1,328.72,offer,2026-10-04T01:47:00.603675+00:00
346f0420-7019-4046-90c3-ba8215828fce,fUSD,0.0001474639,2,2,26608.32592113,offer,2026-10-04T01:47:00.603675+00:00
346f0420-7019-4046-90c3-ba8215828fce,fUSD,0.00014775,2,1,277.46891856,offer,2026-10-04T01:47:00.603675+00:00
346f0420-7019-4046-90c3-ba8215828fce,fUSD,0.0001479,2,1,7110.31748403,offer,2026-10-04T01:47:00.603675+00:00
346f0420-7019-4046-90c3-ba8215828fce,fUSD,0.00014792,2,1,6265.0,offer,2026-10-04T01:47:00.603675+00:00
346f0420-7019-4046-90c3-ba8215828fce,fUSD,0.00014793,2,1,1071.11507942,offer,2026-10-04T01:47:00.603675+00:00
346f0420-7019-4046-90c3-ba8215828fce,fUSD,0.00014821,2,1,8603.0,offer,2026-10-04T01:47:00.603675+00:00
346f0420-7019-4046-90c3-ba8215828fce,fUSD,0.00014851,2,1,16892.0,offer,2026-10-04T01:47:00.603675+00:00
346f0420-7019-4046-90c3-ba8215828fce,fUSD,0.0001489050412261314,2,1,160.0,offer,2026-10-04T01:47:00.603675+00:00
346f0420-7019-4046-90c3-ba8215828fce,fUSD,0.0001489283,2,1,309.13,offer,2026-10-04T01:47:00.603675+00:00
346f0420-7019-4046-90c3-ba8215828fce,fUSD,0.000149,2,2,1479.32938279,offer,2026-10-04T01:47:00.603675+00:00
346f0420-7019-4046-90c3-ba8215828fce,fUSD,0.00014988527193663726,2,1,1269.39720833,offer,2026-10-04T01:47:00.603675+00:00
346f0420-7019-4046-90c3-ba8215828fce,fUSD,0.00014999,2,3,1500.0,offer,2026-10-04T01:47:00.603675+00:00
346f0420-7019-4046-90c3-ba8215828fce,fUSD,0.00015,2,10,923789.47833984,offer,2026-10-04T01:47:00.603675+00:00
346f0420-7019-4046-90c3-ba8215828fce,fUSD,0.0001504361,2,1,309.13,offer,2026-10-04T01:47:00.603675+00:00
3e8cd9d8-1a7e-42ed-b6db-5fedbe530600,fUSD,0.0010953076779021726,2,1,-150.0,demand,2026-10-04T02:47:00.588802+00:00
3e8cd9d8-1a7e-42ed-b6db-5fedbe530600,fUSD,0.0002602739726027397,120,1,-8278391.49637966,demand,2026-10-04T02:47:00.588802+00:00
3e8cd9d8-1a7e-42ed-b6db-5fedbe530600,fUSD,0.000229,2,1,-1603.21244857,demand,2026-10-04T02:47:00.588802+00:00
3e8cd9d8-1a7e-42ed-b6db-5fedbe530600,fUSD,0.00018,60,1,-7000.0,demand,2026-10-04T02:47:00.588802+00:00
3e8cd9d8-1a7e-42ed-b6db-5fedbe530600,fUSD,0.00017121,30,1,-40000.0,demand,2026-10-04T02:47:00.588802+00:00
3e8cd9d8-1a7e-42ed-b6db-5fedbe530600,fUSD,0.0001712,120,1,-20000.0,demand,2026-10-04T02:47:00.588802+00:00
3e8cd9d8-1a7e-42ed-b6db-5fedbe530600,fUSD,0.00017111,120,1,-2000000.0,demand,2026-10-04T02:47:00.588802+00:00
3e8cd9d8-1a7e-42ed-b6db-5fedbe530600,fUSD,0.000161,120,1,-100000.0,demand,2026-10-04T02:47:00.588802+00:00
3e8cd9d8-1a7e-42ed-b6db-5fedbe530600,fUSD,0.000161,60,1,-18157.0,demand,2026-10-04T02:47:00.588802+00:00
3e8cd9d8-1a7e-42ed-b6db-5fedbe530600,fUSD,0.0001603,120,1,-20000.0,demand,2026-10-04T02:47:00.588802+00:00
3e8cd9d8-1a7e-42ed-b6db-5fedbe530600,fUSD,0.00016,120,2,-10009162.66122322,demand,2026-10-04T02:47:00.588802+00:00
3e8cd9d8-1a7e-42ed-b6db-5fedbe530600,fUSD,0.000152,45,3,-6000.0,demand,2026-10-04T02:47:00.588802+00:00
3e8cd9d8-1a7e-42ed-b6db-5fedbe530600,fUSD,0.0001503,90,1,-20000.0,demand,2026-10-04T02:47:00.588802+00:00
3e8cd9d8-1a7e-42ed-b6db-5fedbe530600,fUSD,0.00015,29,1,-10580.0,demand,2026-10-04T02:47:00.588802+00:00
3e8cd9d8-1a7e-42ed-b6db-5fedbe530600,fUSD,0.000148,30,3,-4500.0,demand,2026-10-04T02:47:00.588802+00:00
3e8cd9d8-1a7e-42ed-b6db-5fedbe530600,fUSD,0.000146,30,5,-4500.0,demand,2026-10-04T02:47:00.588802+00:00
3e8cd9d8-1a7e-42ed-b6db-5fedbe530600,fUSD,0.00014252,120,1,-10770.76644364,demand,2026-10-04T02:47:00.588802+00:00
3e8cd9d8-1a7e-42ed-b6db-5fedbe530600,fUSD,0.000142,45,3,-4500.0,demand,2026-10-04T02:47:00.588802+00:00
3e8cd9d8-1a7e-42ed-b6db-5fedbe530600,fUSD,0.0001403,90,1,-20000.0,demand,2026-10-04T02:47:00.588802+00:00
3e8cd9d8-1a7e-42ed-b6db-5fedbe530600,fUSD,0.000138,120,1,-4750.0,demand,2026-10-04T02:47:00.588802+00:00
3e8cd9d8-1a7e-42ed-b6db-5fedbe530600,fUSD,0.00012757,120,1,-100000.0,demand,2026-10-04T02:47:00.588802+00:00
3e8cd9d8-1a7e-42ed-b6db-5fedbe530600,fUSD,0.0001221,120,1,-12587.13,demand,2026-10-04T02:47:00.588802+00:00
3e8cd9d8-1a7e-42ed-b6db-5fedbe530600,fUSD,0.00012109999999999999,20,1,-3847.14283321,demand,2026-10-04T02:47:00.588802+00:00
3e8cd9d8-1a7e-42ed-b6db-5fedbe530600,fUSD,0.00012,120,1,-200000.0,demand,2026-10-04T02:47:00.588802+00:00
3e8cd9d8-1a7e-42ed-b6db-5fedbe530600,fUSD,0.0001194,120,1,-191.96825606,demand,2026-10-04T02:47:00.588802+00:00
3e8cd9d8-1a7e-42ed-b6db-5fedbe530600,fUSD,0.00012899,2,1,418.45629159,offer,2026-10-04T02:47:00.588802+00:00
3e8cd9d8-1a7e-42ed-b6db-5fedbe530600,fUSD,0.000129,2,4,23938.36172959,offer,2026-10-04T02:47:00.588802+00:00
3e8cd9d8-1a7e-42ed-b6db-5fedbe530600,fUSD,0.00012903835616438357,2,1,653.6210281,offer,2026-10-04T02:47:00.588802+00:00
3e8cd9d8-1a7e-42ed-b6db-5fedbe530600,fUSD,0.0001292276,2,1,165.15,offer,2026-10-04T02:47:00.588802+00:00
3e8cd9d8-1a7e-42ed-b6db-5fedbe530600,fUSD,0.00013,2,2,5293.41109842,offer,2026-10-04T02:47:00.588802+00:00
3e8cd9d8-1a7e-42ed-b6db-5fedbe530600,fUSD,0.0001301463321606855,2,1,8092.39665788,offer,2026-10-04T02:47:00.588802+00:00
3e8cd9d8-1a7e-42ed-b6db-5fedbe530600,fUSD,0.00013038,2,1,150.0,offer,2026-10-04T02:47:00.588802+00:00
3e8cd9d8-1a7e-42ed-b6db-5fedbe530600,fUSD,0.0001304549,2,1,323.57,offer,2026-10-04T02:47:00.588802+00:00
3e8cd9d8-1a7e-42ed-b6db-5fedbe530600,fUSD,0.00013064,2,1,11847.0,offer,2026-10-04T02:47:00.588802+00:00
3e8cd9d8-1a7e-42ed-b6db-5fedbe530600,fUSD,0.0001309,2,2,6978.99035809,offer,2026-10-04T02:47:00.588802+00:00
3e8cd9d8-1a7e-42ed-b6db-5fedbe530600,fUSD,0.00013091,2,2,5074.0,offer,2026-10-04T02:47:00.588802+00:00
3e8cd9d8-1a7e-42ed-b6db-5fedbe530600,fUSD,0.00013113,2,1,645.0,offer,2026-10-04T02:47:00.588802+00:00
3e8cd9d8-1a7e-42ed-b6db-5fedbe530600,fUSD,0.00013116,2,1,15276.0,offer,2026-10-04T02:47:00.588802+00:00
3e8cd9d8-1a7e-42ed-b6db-5fedbe530600,fUSD,0.00013117,2,2,15736.0,offer,2026-10-04T02:47:00.588802+00:00
3e8cd9d8-1a7e-42ed-b6db-5fedbe530600,fUSD,0.00013122,2,1,347.0,offer,2026-10-04T02:47:00.588802+00:00
3e8cd9d8-1a7e-42ed-b6db-5fedbe530600,fUSD,0.000131318,2,1,2000.0,offer,2026-10-04T02:47:00.588802+00:00
3e8cd9d8-1a7e-42ed-b6db-5fedbe530600,fUSD,0.00013143,2,1,18315.0,offer,2026-10-04T02:47:00.588802+00:00
3e8cd9d8-1a7e-42ed-b6db-5fedbe530600,fUSD,0.00013157999999999998,2,2,1187.16836542,offer,2026-10-04T02:47:00.588802+00:00
3e8cd9d8-1a7e-42ed-b6db-5fedbe530600,fUSD,0.00013167,2,1,150.0,offer,2026-10-04T02:47:00.588802+00:00
3e8cd9d8-1a7e-42ed-b6db-5fedbe530600,fUSD,0.0001317,2,1,5090.0,offer,2026-10-04T02:47:00.588802+00:00
3e8cd9d8-1a7e-42ed-b6db-5fedbe530600,fUSD,0.00013178838978655794,2,1,14188.02845142,offer,2026-10-04T02:47:00.588802+00:00
3e8cd9d8-1a7e-42ed-b6db-5fedbe530600,fUSD,0.00013196,2,1,151.0,offer,2026-10-04T02:47:00.588802+00:00
3e8cd9d8-1a7e-42ed-b6db-5fedbe530600,fUSD,0.0001319620547945206,2,45,22321.75392376,offer,2026-10-04T02:47:00.588802+00:00
3e8cd9d8-1a7e-42ed-b6db-5fedbe530600,fUSD,0.00013197260273972603,2,1,500.0,offer,2026-10-04T02:47:00.588802+00:00
3e8cd9d8-1a7e-42ed-b6db-5fedbe530600,fUSD,0.00013218,2,1,270.0,offer,2026-10-04T02:47:00.588802+00:00
8408af07-f453-41bf-bf81-12df4f01e90f,fUSD,0.0002602739726027397,120,1,-8254529.74594203,demand,2026-10-04T03:47:00.610871+00:00
8408af07-f453-41bf-bf81-12df4f01e90f,fUSD,0.00022041,2,1,-8037.54377063,demand,2026-10-04T03:47:00.610871+00:00
8408af07-f453-41bf-bf81-12df4f01e90f,fUSD,0.0002204,2,1,-1603.21244857,demand,2026-10-04T03:47:00.610871+00:00
8408af07-f453-41bf-bf81-12df4f01e90f,fUSD,0.00018,60,1,-7000.0,demand,2026-10-04T03:47:00.610871+00:00
8408af07-f453-41bf-bf81-12df4f01e90f,fUSD,0.00017121,30,1,-30000.0,demand,2026-10-04T03:47:00.610871+00:00
8408af07-f453-41bf-bf81-12df4f01e90f,fUSD,0.0001712,120,1,-20000.0,demand,2026-10-04T03:47:00.610871+00:00
8408af07-f453-41bf-bf81-12df4f01e90f,fUSD,0.00017111,120,1,-2000000.0,demand,2026-10-04T03:47:00.610871+00:00
8408af07-f453-41bf-bf81-12df4f01e90f,fUSD,0.00016101,10,1,-50000.0,demand,2026-10-04T03:47:00.610871+00:00
8408af07-f453-41bf-bf81-12df4f01e90f,fUSD,0.000161,120,1,-100000.0,demand,2026-10-04T03:47:00.610871+00:00
8408af07-f453-41bf-bf81-12df4f01e90f,fUSD,0.000161,60,1,-18157.0,demand,2026-10-04T03:47:00.610871+00:00
8408af07-f453-41bf-bf81-12df4f01e90f,fUSD,0.0001603,120,1,-20000.0,demand,2026-10-04T03:47:00.610871+00:00
8408af07-f453-41bf-bf81-12df4f01e90f,fUSD,0.00016,120,2,-10009162.66122322,demand,2026-10-04T03:47:00.610871+00:00
8408af07-f453-41bf-bf81-12df4f01e90f,fUSD,0.000152,45,3,-6000.0,demand,2026-10-04T03:47:00.610871+00:00
8408af07-f453-41bf-bf81-12df4f01e90f,fUSD,0.0001503,90,1,-20000.0,demand,2026-10-04T03:47:00.610871+00:00
8408af07-f453-41bf-bf81-12df4f01e90f,fUSD,0.00015,29,1,-10580.0,demand,2026-10-04T03:47:00.610871+00:00
8408af07-f453-41bf-bf81-12df4f01e90f,fUSD,0.000148,30,3,-4500.0,demand,2026-10-04T03:47:00.610871+00:00
8408af07-f453-41bf-bf81-12df4f01e90f,fUSD,0.000146,30,5,-4500.0,demand,2026-10-04T03:47:00.610871+00:00
8408af07-f453-41bf-bf81-12df4f01e90f,fUSD,0.00014252,120,1,-10770.76644364,demand,2026-10-04T03:47:00.610871+00:00
8408af07-f453-41bf-bf81-12df4f01e90f,fUSD,0.000142,45,3,-4500.0,demand,2026-10-04T03:47:00.610871+00:00
8408af07-f453-41bf-bf81-12df4f01e90f,fUSD,0.0001403,90,1,-20000.0,demand,2026-10-04T03:47:00.610871+00:00
8408af07-f453-41bf-bf81-12df4f01e90f,fUSD,0.000138,120,1,-4750.0,demand,2026-10-04T03:47:00.610871+00:00
8408af07-f453-41bf-bf81-12df4f01e90f,fUSD,0.00012757,120,1,-100000.0,demand,2026-10-04T03:47:00.610871+00:00
8408af07-f453-41bf-bf81-12df4f01e90f,fUSD,0.0001221,120,1,-12587.13,demand,2026-10-04T03:47:00.610871+00:00
8408af07-f453-41bf-bf81-12df4f01e90f,fUSD,0.00012109999999999999,20,1,-3847.14283321,demand,2026-10-04T03:47:00.610871+00:00
8408af07-f453-41bf-bf81-12df4f01e90f,fUSD,0.00012,120,1,-200000.0,demand,2026-10-04T03:47:00.610871+00:00
8408af07-f453-41bf-bf81-12df4f01e90f,fUSD,0.00012039,2,27,20483.6676764,offer,2026-10-04T03:47:00.610871+00:00
8408af07-f453-41bf-bf81-12df4f01e90f,fUSD,0.000120395,2,1,993.64772445,offer,2026-10-04T03:47:00.610871+00:00
8408af07-f453-41bf-bf81-12df4f01e90f,fUSD,0.0001204,2,5,5180.34876039,offer,2026-10-04T03:47:00.610871+00:00
8408af07-f453-41bf-bf81-12df4f01e90f,fUSD,0.00012041000000000001,2,89,43703.11994688,offer,2026-10-04T03:47:00.610871+00:00
8408af07-f453-41bf-bf81-12df4f01e90f,fUSD,0.00012041095890410959,2,1,488.71596069,offer,2026-10-04T03:47:00.610871+00:00
8408af07-f453-41bf-bf81-12df4f01e90f,fUSD,0.00012044,2,3,453.0,offer,2026-10-04T03:47:00.610871+00:00
8408af07-f453-41bf-bf81-12df4f01e90f,fUSD,0.00012046027397260274,2,1,220.76578107,offer,2026-10-04T03:47:00.610871+00:00
8408af07-f453-41bf-bf81-12df4f01e90f,fUSD,0.000120479,7,1,193.47383904,offer,2026-10-04T03:47:00.610871+00:00
8408af07-f453-41bf-bf81-12df4f01e90f,fUSD,0.00012284849304,2,1,205.07,offer,2026-10-04T03:47:00.610871+00:00
8408af07-f453-41bf-bf81-12df4f01e90f,fUSD,0.000123128,2,1,327.31,offer,2026-10-04T03:47:00.610871+00:00
8408af07-f453-41bf-bf81-12df4f01e90f,fUSD,0.0001239157,2,1,312.94,offer,2026-10-04T03:47:00.610871+00:00
8408af07-f453-41bf-bf81-12df4f01e90f,fUSD,0.0001239568,2,1,305.29,offer,2026-10-04T03:47:00.610871+00:00
8408af07-f453-41bf-bf81-12df4f01e90f,fUSD,0.00012428520536876712,2,1,205.07,offer,2026-10-04T03:47:00.610871+00:00
8408af07-f453-41bf-bf81-12df4f01e90f,fUSD,0.00012469,2,11,58606.0,offer,2026-10-04T03:47:00.610871+00:00
8408af07-f453-41bf-bf81-12df4f01e90f,fUSD,0.0001248992,2,1,165.39,offer,2026-10-04T03:47:00.610871+00:00
8408af07-f453-41bf-bf81-12df4f01e90f,fUSD,0.000125,2,4,33618.62781616,offer,2026-10-04T03:47:00.610871+00:00
8408af07-f453-41bf-bf81-12df4f01e90f,fUSD,0.0001250054,2,1,189.65,offer,2026-10-04T03:47:00.610871+00:00
8408af07-f453-41bf-bf81-12df4f01e90f,fUSD,0.00012509,2,1,18578.0,offer,2026-10-04T03:47:00.610871+00:00
8408af07-f453-41bf-bf81-12df4f01e90f,fUSD,0.0001251479,2,1,327.31,offer,2026-10-04T03:47:00.610871+00:00
8408af07-f453-41bf-bf81-12df4f01e90f,fUSD,0.00012534,2,1,5832.0,offer,2026-10-04T03:47:00.610871+00:00
8408af07-f453-41bf-bf81-12df4f01e90f,fUSD,0.000125368914906554,2,1,759.73686145,offer,2026-10-04T03:47:00.610871+00:00
8408af07-f453-41bf-bf81-12df4f01e90f,fUSD,0.00012537,2,11,150454.07151527,offer,2026-10-04T03:47:00.610871+00:00
8408af07-f453-41bf-bf81-12df4f01e90f,fUSD,0.00012538,2,1,8473.0,offer,2026-10-04T03:47:00.610871+00:00
8408af07-f453-41bf-bf81-12df4f01e90f,fUSD,0.00012547,2,1,12308.0,offer,2026-10-04T03:47:00.610871+00:00
8408af07-f453-41bf-bf81-12df4f01e90f,fUSD,0.00012572191769753425,2,1,205.07,offer,2026-10-04T03:47:00.610871+00:00
c336ff7c-63b4-443b-b913-af50ef0523db,fUSD,0.0002602739726027397,120,1,-8162865.8542125,demand,2026-10-04T04:47:00.618414+00:00
c336ff7c-63b4-443b-b913-af50ef0523db,fUSD,0.00024702,2,2,-16075.08754126,demand,2026-10-04T04:47:00.618414+00:00
c336ff7c-63b4-443b-b913-af50ef0523db,fUSD,0.000242973,2,1,-7430.73687776,demand,2026-10-04T04:47:00.618414+00:00
c336ff7c-63b4-443b-b913-af50ef0523db,fUSD,0.00018,60,1,-7000.0,demand,2026-10-04T04:47:00.618414+00:00
c336ff7c-63b4-443b-b913-af50ef0523db,fUSD,0.00017121,30,1,-30000.0,demand,2026-10-04T04:47:00.618414+00:00
c336ff7c-63b4-443b-b913-af50ef0523db,fUSD,0.0001712,120,1,-20000.0,demand,2026-10-04T04:47:00.618414+00:00
c336ff7c-63b4-443b-b913-af50ef0523db,fUSD,0.00017111,120,1,-2000000.0,demand,2026-10-04T04:47:00.618414+00:00
c336ff7c-63b4-443b-b913-af50ef0523db,fUSD,0.000161,120,1,-100000.0,demand,2026-10-04T04:47:00.618414+00:00
c336ff7c-63b4-443b-b913-af50ef0523db,fUSD,0.000161,60,1,-18157.0,demand,2026-10-04T04:47:00.618414+00:00
c336ff7c-63b4-443b-b913-af50ef0523db,fUSD,0.0001603,120,1,-20000.0,demand,2026-10-04T04:47:00.618414+00:00
c336ff7c-63b4-443b-b913-af50ef0523db,fUSD,0.00016001,10,1,-50000.0,demand,2026-10-04T04:47:00.618414+00:00
c336ff7c-63b4-443b-b913-af50ef0523db,fUSD,0.00016,120,2,-10009162.66122322,demand,2026-10-04T04:47:00.618414+00:00
c336ff7c-63b4-443b-b913-af50ef0523db,fUSD,0.000152,45,3,-6000.0,demand,2026-10-04T04:47:00.618414+00:00
c336ff7c-63b4-443b-b913-af50ef0523db,fUSD,0.0001503,90,1,-20000.0,demand,2026-10-04T04:47:00.618414+00:00
c336ff7c-63b4-443b-b913-af50ef0523db,fUSD,0.00015,29,1,-10580.0,demand,2026-10-04T04:47:00.618414+00:00
c336ff7c-63b4-443b-b913-af50ef0523db,fUSD,0.000148,30,3,-4500.0,demand,2026-10-04T04:47:00.618414+00:00
c336ff7c-63b4-443b-b913-af50ef0523db,fUSD,0.000146,30,5,-4500.0,demand,2026-10-04T04:47:00.618414+00:00
c336ff7c-63b4-443b-b913-af50ef0523db,fUSD,0.00014252,120,1,-10770.76644364,demand,2026-10-04T04:47:00.618414+00:00
c336ff7c-63b4-443b-b913-af50ef0523db,fUSD,0.000142,45,3,-4500.0,demand,2026-10-04T04:47:00.618414+00:00
c336ff7c-63b4-443b-b913-af50ef0523db,fUSD,0.0001403,90,1,-20000.0,demand,2026-10-04T04:47:00.618414+00:00
c336ff7c-63b4-443b-b913-af50ef0523db,fUSD,0.000138,120,1,-4750.0,demand,2026-10-04T04:47:00.618414+00:00
c336ff7c-63b4-443b-b913-af50ef0523db,fUSD,0.00012757,120,1,-100000.0,demand,2026-10-04T04:47:00.618414+00:00
c336ff7c-63b4-443b-b913-af50ef0523db,fUSD,0.0001221,120,1,-12587.13,demand,2026-10-04T04:47:00.618414+00:00
c336ff7c-63b4-443b-b913-af50ef0523db,fUSD,0.00012109999999999999,20,1,-3847.14283321,demand,2026-10-04T04:47:00.618414+00:00
c336ff7c-63b4-443b-b913-af50ef0523db,fUSD,0.00012,120,1,-200000.0,demand,2026-10-04T04:47:00.618414+00:00
c336ff7c-63b4-443b-b913-af50ef0523db,fUSD,0.000125,2,1,316.13515023,offer,2026-10-04T04:47:00.618414+00:00
c336ff7c-63b4-443b-b913-af50ef0523db,fUSD,0.00013065,2,1,309.78,offer,2026-10-04T04:47:00.618414+00:00
c336ff7c-63b4-443b-b913-af50ef0523db,fUSD,0.000135,2,1,247.48523863,offer,2026-10-04T04:47:00.618414+00:00
c336ff7c-63b4-443b-b913-af50ef0523db,fUSD,0.0001356533821380822,2,1,288.80548468,offer,2026-10-04T04:47:00.618414+00:00
c336ff7c-63b4-443b-b913-af50ef0523db,fUSD,0.00013695000000000002,2,9,3989.97043259,offer,2026-10-04T04:47:00.618414+00:00
c336ff7c-63b4-443b-b913-af50ef0523db,fUSD,0.00013703,2,1,209.81,offer,2026-10-04T04:47:00.618414+00:00
c336ff7c-63b4-443b-b913-af50ef0523db,fUSD,0.00013708,2,2,567.70382383,offer,2026-10-04T04:47:00.618414+00:00
c336ff7c-63b4-443b-b913-af50ef0523db,fUSD,0.00013722160131616438,2,1,337.03,offer,2026-10-04T04:47:00.618414+00:00
c336ff7c-63b4-443b-b913-af50ef0523db,fUSD,0.0001379,2,1,3254.23603774,offer,2026-10-04T04:47:00.618414+00:00
c336ff7c-63b4-443b-b913-af50ef0523db,fUSD,0.00013791,2,1,220.71372493,offer,2026-10-04T04:47:00.618414+00:00
c336ff7c-63b4-443b-b913-af50ef0523db,fUSD,0.000139308,2,1,323.72,offer,2026-10-04T04:47:00.618414+00:00
c336ff7c-63b4-443b-b913-af50ef0523db,fUSD,0.0001400221,2,1,326.01,offer,2026-10-04T04:47:00.618414+00:00
c336ff7c-63b4-443b-b913-af50ef0523db,fUSD,0.0001408965,2,1,200.0,offer,2026-10-04T04:47:00.618414+00:00
c336ff7c-63b4-443b-b913-af50ef0523db,fUSD,0.0001411592,2,1,4031.94,offer,2026-10-04T04:47:00.618414+00:00
c336ff7c-63b4-443b-b913-af50ef0523db,fUSD,0.00014118,2,1,535.71973117,offer,2026-10-04T04:47:00.618414+00:00
c336ff7c-63b4-443b-b913-af50ef0523db,fUSD,0.00014309,2,1,10239.01044945,offer,2026-10-04T04:47:00.618414+00:00
c336ff7c-63b4-443b-b913-af50ef0523db,fUSD,0.00014352264794520548,2,1,326.01,offer,2026-10-04T04:47:00.618414+00:00
c336ff7c-63b4-443b-b913-af50ef0523db,fUSD,0.00014355000000000002,2,3,1150.0,offer,2026-10-04T04:47:00.618414+00:00
c336ff7c-63b4-443b-b913-af50ef0523db,fUSD,0.0001441,2,1,5807.0,offer,2026-10-04T04:47:00.618414+00:00
c336ff7c-63b4-443b-b913-af50ef0523db,fUSD,0.000146174,2,1,376.28,offer,2026-10-04T04:47:00.618414+00:00
c336ff7c-63b4-443b-b913-af50ef0523db,fUSD,0.00014702,2,1,14048.0,offer,2026-10-04T04:47:00.618414+00:00
c336ff7c-63b4-443b-b913-af50ef0523db,fUSD,0.00014702319589041097,2,1,326.01,offer,2026-10-04T04:47:00.618414+00:00
c336ff7c-63b4-443b-b913-af50ef0523db,fUSD,0.0001471645,2,1,323.72,offer,2026-10-04T04:47:00.618414+00:00
c336ff7c-63b4-443b-b913-af50ef0523db,fUSD,0.000148,2,1,354.57298686,offer,2026-10-04T04:47:00.618414+00:00
c336ff7c-63b4-443b-b913-af50ef0523db,fUSD,0.00014809127357223145,2,1,160.0,offer,2026-10-04T04:47:00.618414+00:00
1fb5f06c-2ace-409a-ac99-8cb177ae43e6,fUSD,0.0002602739726027397,120,1,-8154229.7242125,demand,2026-10-04T05:47:00.614901+00:00
1fb5f06c-2ace-409a-ac99-8cb177ae43e6,fUSD,0.00025,2,1,-8037.54377063,demand,2026-10-04T05:47:00.614901+00:00
1fb5f06c-2ace-409a-ac99-8cb177ae43e6,fUSD,0.000242973,2,2,-14861.47375552,demand,2026-10-04T05:47:00.614901+00:00
1fb5f06c-2ace-409a-ac99-8cb177ae43e6,fUSD,0.00019,2,1,-4827.07176431,demand,2026-10-04T05:47:00.614901+00:00
1fb5f06c-2ace-409a-ac99-8cb177ae43e6,fUSD,0.00018,60,1,-7000.0,demand,2026-10-04T05:47:00.614901+00:00
1fb5f06c-2ace-409a-ac99-8cb177ae43e6,fUSD,0.00017121,30,1,-30000.0,demand,2026-10-04T05:47:00.614901+00:00
1fb5f06c-2ace-409a-ac99-8cb177ae43e6,fUSD,0.0001712,120,1,-20000.0,demand,2026-10-04T05:47:00.614901+00:00
1fb5f06c-2ace-409a-ac99-8cb177ae43e6,fUSD,0.00017111,120,1,-2000000.0,demand,2026-10-04T05:47:00.614901+00:00
1fb5f06c-2ace-409a-ac99-8cb177ae43e6,fUSD,0.000161,120,1,-100000.0,demand,2026-10-04T05:47:00.614901+00:00
1fb5f06c-2ace-409a-ac99-8cb177ae43e6,fUSD,0.000161,60,1,-18157.0,demand,2026-10-04T05:47:00.614901+00:00
1fb5f06c-2ace-409a-ac99-8cb177ae43e6,fUSD,0.0001603,120,1,-20000.0,demand,2026-10-04T05:47:00.614901+00:00
1fb5f06c-2ace-409a-ac99-8cb177ae43e6,fUSD,0.00016001,10,1,-49551.01167739,demand,2026-10-04T05:47:00.614901+00:00
1fb5f06c-2ace-409a-ac99-8cb177ae43e6,fUSD,0.00016,120,2,-10009162.66122322,demand,2026-10-04T05:47:00.614901+00:00
1fb5f06c-2ace-409a-ac99-8cb177ae43e6,fUSD,0.00015878000000000002,2,1,-4827.07176431,demand,2026-10-04T05:47:00.614901+00:00
1fb5f06c-2ace-409a-ac99-8cb177ae43e6,fUSD,0.000152,45,3,-6000.0,demand,2026-10-04T05:47:00.614901+00:00
1fb5f06c-2ace-409a-ac99-8cb177ae43e6,fUSD,0.0001503,90,1,-20000.0,demand,2026-10-04T05:47:00.614901+00:00
1fb5f06c-2ace-409a-ac99-8cb177ae43e6,fUSD,0.00015,29,1,-10580.0,demand,2026-10-04T05:47:00.614901+00:00
1fb5f06c-2ace-409a-ac99-8cb177ae43e6,fUSD,0.000148,30,3,-4500.0,demand,2026-10-04T05:47:00.614901+00:00
1fb5f06c-2ace-409a-ac99-8cb177ae43e6,fUSD,0.000146,30,5,-4500.0,demand,2026-10-04T05:47:00.614901+00:00
1fb5f06c-2ace-409a-ac99-8cb177ae43e6,fUSD,0.00014252,120,1,-10770.76644364,demand,2026-10-04T05:47:00.614901+00:00
1fb5f06c-2ace-409a-ac99-8cb177ae43e6,fUSD,0.000142,45,3,-4500.0,demand,2026-10-04T05:47:00.614901+00:00
1fb5f06c-2ace-409a-ac99-8cb177ae43e6,fUSD,0.0001403,90,1,-20000.0,demand,2026-10-04T05:47:00.614901+00:00
1fb5f06c-2ace-409a-ac99-8cb177ae43e6,fUSD,0.000138,120,1,-4750.0,demand,2026-10-04T05:47:00.614901+00:00
1fb5f06c-2ace-409a-ac99-8cb177ae43e6,fUSD,0.00012757,120,1,-100000.0,demand,2026-10-04T05:47:00.614901+00:00
1fb5f06c-2ace-409a-ac99-8cb177ae43e6,fUSD,0.0001221,120,1,-12587.13,demand,2026-10-04T05:47:00.614901+00:00
1fb5f06c-2ace-409a-ac99-8cb177ae43e6,fUSD,0.0001305,2,1,257.79979475,offer,2026-10-04T05:47:00.614901+00:00
1fb5f06c-2ace-409a-ac99-8cb177ae43e6,fUSD,0.00013256500000000002,2,1,783.95414181,offer,2026-10-04T05:47:00.614901+00:00
1fb5f06c-2ace-409a-ac99-8cb177ae43e6,fUSD,0.00013463,2,2,750.0,offer,2026-10-04T05:47:00.614901+00:00
1fb5f06c-2ace-409a-ac99-8cb177ae43e6,fUSD,0.00013597,2,1,150.0,offer,2026-10-04T05:47:00.614901+00:00
1fb5f06c-2ace-409a-ac99-8cb177ae43e6,fUSD,0.00013731,2,1,150.0,offer,2026-10-04T05:47:00.614901+00:00
1fb5f06c-2ace-409a-ac99-8cb177ae43e6,fUSD,0.00013875000000000004,2,9,4317.53918251,offer,2026-10-04T05:47:00.614901+00:00
1fb5f06c-2ace-409a-ac99-8cb177ae43e6,fUSD,0.0001404653,2,1,183.22,offer,2026-10-04T05:47:00.614901+00:00
1fb5f06c-2ace-409a-ac99-8cb177ae43e6,fUSD,0.0001405447,2,1,332.72,offer,2026-10-04T05:47:00.614901+00:00
1fb5f06c-2ace-409a-ac99-8cb177ae43e6,fUSD,0.0001410523,2,1,160.28,offer,2026-10-04T05:47:00.614901+00:00
1fb5f06c-2ace-409a-ac99-8cb177ae43e6,fUSD,0.00014156580000000002,7,1,182.13393083,offer,2026-10-04T05:47:00.614901+00:00
1fb5f06c-2ace-409a-ac99-8cb177ae43e6,fUSD,0.00014355000000000002,2,7,4809.83077364,offer,2026-10-04T05:47:00.614901+00:00
1fb5f06c-2ace-409a-ac99-8cb177ae43e6,fUSD,0.00014572950000000002,7,1,330.10962062,offer,2026-10-04T05:47:00.614901+00:00
1fb5f06c-2ace-409a-ac99-8cb177ae43e6,fUSD,0.00014764,2,1,653.0,offer,2026-10-04T05:47:00.614901+00:00
1fb5f06c-2ace-409a-ac99-8cb177ae43e6,fUSD,0.00014781917808219178,2,1,1810.83030328,offer,2026-10-04T05:47:00.614901+00:00
1fb5f06c-2ace-409a-ac99-8cb177ae43e6,fUSD,0.00014856,2,1,188.36,offer,2026-10-04T05:47:00.614901+00:00
1fb5f06c-2ace-409a-ac99-8cb177ae43e6,fUSD,0.00014856164383561646,2,1,500.55850504,offer,2026-10-04T05:47:00.614901+00:00
1fb5f06c-2ace-409a-ac99-8cb177ae43e6,fUSD,0.00014882,2,1,1394.08,offer,2026-10-04T05:47:00.614901+00:00
1fb5f06c-2ace-409a-ac99-8cb177ae43e6,fUSD,0.00014894916860561813,2,1,1241.30835493,offer,2026-10-04T05:47:00.614901+00:00
1fb5f06c-2ace-409a-ac99-8cb177ae43e6,fUSD,0.000149,2,1,1469.75128097,offer,2026-10-04T05:47:00.614901+00:00
1fb5f06c-2ace-409a-ac99-8cb177ae43e6,fUSD,0.00014902971812663705,2,1,160.0,offer,2026-10-04T05:47:00.614901+00:00
1fb5f06c-2ace-409a-ac99-8cb177ae43e6,fUSD,0.00014921,2,1,1394.08,offer,2026-10-04T05:47:00.614901+00:00
1fb5f06c-2ace-409a-ac99-8cb177ae43e6,fUSD,0.00014936426333704442,2,1,1269.64495892,offer,2026-10-04T05:47:00.614901+00:00
1fb5f06c-2ace-409a-ac99-8cb177ae43e6,fUSD,0.0001495607703280105,2,1,160.0,offer,2026-10-04T05:47:00.614901+00:00
1fb5f06c-2ace-409a-ac99-8cb177ae43e6,fUSD,0.00014961,2,1,1394.08,offer,2026-10-04T05:47:00.614901+00:00
1fb5f06c-2ace-409a-ac99-8cb177ae43e6,fUSD,0.00014989320000000002,7,1,323.79365485,offer,2026-10-04T05:47:00.614901+00:00
329ef4db-3921-44bc-bd9b-2712e8812765,fUSD,0.0002602739726027397,120,1,-8143479.16159085,demand,2026-10-04T06:47:00.944931+00:00
329ef4db-3921-44bc-bd9b-2712e8812765,fUSD,0.00024176,2,4,-30936.56129678,demand,2026-10-04T06:47:00.944931+00:00
329ef4db-3921-44bc-bd9b-2712e8812765,fUSD,0.00024175,2,3,-22899.01752615,demand,2026-10-04T06:47:00.944931+00:00
329ef4db-3921-44bc-bd9b-2712e8812765,fUSD,0.00018,60,1,-7000.0,demand,2026-10-04T06:47:00.944931+00:00
329ef4db-3921-44bc-bd9b-2712e8812765,fUSD,0.00017121,30,1,-30000.0,demand,2026-10-04T06:47:00.944931+00:00
329ef4db-3921-44bc-bd9b-2712e8812765,fUSD,0.0001712,120,1,-20000.0,demand,2026-10-04T06:47:00.944931+00:00
329ef4db-3921-44bc-bd9b-2712e8812765,fUSD,0.00017111,120,1,-2000000.0,demand,2026-10-04T06:47:00.944931+00:00
329ef4db-3921-44bc-bd9b-2712e8812765,fUSD,0.000161,120,1,-100000.0,demand,2026-10-04T06:47:00.944931+00:00
329ef4db-3921-44bc-bd9b-2712e8812765,fUSD,0.000161,60,1,-18157.0,demand,2026-10-04T06:47:00.944931+00:00
329ef4db-3921-44bc-bd9b-2712e8812765,fUSD,0.0001603,120,1,-20000.0,demand,2026-10-04T06:47:00.944931+00:00
329ef4db-3921-44bc-bd9b-2712e8812765,fUSD,0.00016001,10,1,-49551.01167739,demand,2026-10-04T06:47:00.944931+00:00
329ef4db-3921-44bc-bd9b-2712e8812765,fUSD,0.00016,120,2,-10009162.66122322,demand,2026-10-04T06:47:00.944931+00:00
329ef4db-3921-44bc-bd9b-2712e8812765,fUSD,0.000152,45,3,-6000.0,demand,2026-10-04T06:47:00.944931+00:00
329ef4db-3921-44bc-bd9b-2712e8812765,fUSD,0.0001503,90,1,-20000.0,demand,2026-10-04T06:47:00.944931+00:00
329ef4db-3921-44bc-bd9b-2712e8812765,fUSD,0.00015,29,1,-10580.0,demand,2026-10-04T06:47:00.944931+00:00
329ef4db-3921-44bc-bd9b-2712e8812765,fUSD,0.000148,30,3,-4500.0,demand,2026-10-04T06:47:00.944931+00:00
329ef4db-3921-44bc-bd9b-2712e8812765,fUSD,0.000146,30,5,-4500.0,demand,2026-10-04T06:47:00.944931+00:00
329ef4db-3921-44bc-bd9b-2712e8812765,fUSD,0.00014252,120,1,-10770.76644364,demand,2026-10-04T06:47:00.944931+00:00
329ef4db-3921-44bc-bd9b-2712e8812765,fUSD,0.000142,45,3,-4500.0,demand,2026-10-04T06:47:00.944931+00:00
329ef4db-3921-44bc-bd9b-2712e8812765,fUSD,0.0001403,90,1,-20000.0,demand,2026-10-04T06:47:00.944931+00:00
329ef4db-3921-44bc-bd9b-2712e8812765,fUSD,0.000138,120,1,-4750.0,demand,2026-10-04T06:47:00.944931+00:00
329ef4db-3921-44bc-bd9b-2712e8812765,fUSD,0.00012757,120,1,-100000.0,demand,2026-10-04T06:47:00.944931+00:00
329ef4db-3921-44bc-bd9b-2712e8812765,fUSD,0.0001221,120,1,-12587.13,demand,2026-10-04T06:47:00.944931+00:00
329ef4db-3921-44bc-bd9b-2712e8812765,fUSD,0.00012109999999999999,20,1,-3847.14283321,demand,2026-10-04T06:47:00.944931+00:00
329ef4db-3921-44bc-bd9b-2712e8812765,fUSD,0.00012,120,1,-200000.0,demand,2026-10-04T06:47:00.944931+00:00
329ef4db-3921-44bc-bd9b-2712e8812765,fUSD,0.00014173,2,79,38162.84128492,offer,2026-10-04T06:47:00.944931+00:00
329ef4db-3921-44bc-bd9b-2712e8812765,fUSD,0.00014179655,2,1,571.63343265,offer,2026-10-04T06:47:00.944931+00:00
329ef4db-3921-44bc-bd9b-2712e8812765,fUSD,0.0001418431,2,1,150.0,offer,2026-10-04T06:47:00.944931+00:00
329ef4db-3921-44bc-bd9b-2712e8812765,fUSD,0.00014623,2,1,500.0,offer,2026-10-04T06:47:00.944931+00:00
329ef4db-3921-44bc-bd9b-2712e8812765,fUSD,0.00014768,2,1,150.0,offer,2026-10-04T06:47:00.944931+00:00
329ef4db-3921-44bc-bd9b-2712e8812765,fUSD,0.00014914,2,1,150.0,offer,2026-10-04T06:47:00.944931+00:00
329ef4db-3921-44bc-bd9b-2712e8812765,fUSD,0.00015,2,1,86758.80210142,offer,2026-10-04T06:47:00.944931+00:00
329ef4db-3921-44bc-bd9b-2712e8812765,fUSD,0.0001502444,2,1,392.36,offer,2026-10-04T06:47:00.944931+00:00
329ef4db-3921-44bc-bd9b-2712e8812765,fUSD,0.0001504668,2,1,311.03,offer,2026-10-04T06:47:00.944931+00:00
329ef4db-3921-44bc-bd9b-2712e8812765,fUSD,0.00015061,2,1,156.0,offer,2026-10-04T06:47:00.944931+00:00
329ef4db-3921-44bc-bd9b-2712e8812765,fUSD,0.00015165897311342214,2,1,8196.34127043,offer,2026-10-04T06:47:00.944931+00:00
329ef4db-3921-44bc-bd9b-2712e8812765,fUSD,0.00015169954464,2,1,150.87,offer,2026-10-04T06:47:00.944931+00:00
329ef4db-3921-44bc-bd9b-2712e8812765,fUSD,0.00015174047620094256,2,2,1429.64495892,offer,2026-10-04T06:47:00.944931+00:00
329ef4db-3921-44bc-bd9b-2712e8812765,fUSD,0.000152,2,2,353.04748359,offer,2026-10-04T06:47:00.944931+00:00
329ef4db-3921-44bc-bd9b-2712e8812765,fUSD,0.0001525074863928931,2,2,1401.30835493,offer,2026-10-04T06:47:00.944931+00:00
329ef4db-3921-44bc-bd9b-2712e8812765,fUSD,0.00015293,2,1,255.0,offer,2026-10-04T06:47:00.944931+00:00
329ef4db-3921-44bc-bd9b-2712e8812765,fUSD,0.000153,2,2,353.04748359,offer,2026-10-04T06:47:00.944931+00:00
329ef4db-3921-44bc-bd9b-2712e8812765,fUSD,0.0001531095890410959,2,1,905.41515164,offer,2026-10-04T06:47:00.944931+00:00
329ef4db-3921-44bc-bd9b-2712e8812765,fUSD,0.0001531406,2,1,311.03,offer,2026-10-04T06:47:00.944931+00:00
329ef4db-3921-44bc-bd9b-2712e8812765,fUSD,0.00015459,2,1,6060.11968642,offer,2026-10-04T06:47:00.944931+00:00
329ef4db-3921-44bc-bd9b-2712e8812765,fUSD,0.000154729,2,1,1495.93,offer,2026-10-04T06:47:00.944931+00:00
329ef4db-3921-44bc-bd9b-2712e8812765,fUSD,0.00015483479452054795,2,1,250.0,offer,2026-10-04T06:47:00.944931+00:00
329ef4db-3921-44bc-bd9b-2712e8812765,fUSD,0.0001549121,2,2,982.28,offer,2026-10-04T06:47:00.944931+00:00
329ef4db-3921-44bc-bd9b-2712e8812765,fUSD,0.0001549497,2,1,151.32,offer,2026-10-04T06:47:00.944931+00:00
329ef4db-3921-44bc-bd9b-2712e8812765,fUSD,0.0001549826,2,1,311.03,offer,2026-10-04T06:47:00.944931+00:00
69d114bf-e9d1-48ff-97f0-e3085dc564d1,fUSD,0.0002646,2,1,-8037.54377063,demand,2026-10-04T07:47:00.852927+00:00
69d114bf-e9d1-48ff-97f0-e3085dc564d1,fUSD,0.0002602739726027397,120,1,-8129630.42155736,demand,2026-10-04T07:47:00.852927+00:00
69d114bf-e9d1-48ff-97f0-e3085dc564d1,fUSD,0.000242973,2,1,-7430.73687776,demand,2026-10-04T07:47:00.852927+00:00
69d114bf-e9d1-48ff-97f0-e3085dc564d1,fUSD,0.00018,60,1,-7000.0,demand,2026-10-04T07:47:00.852927+00:00
69d114bf-e9d1-48ff-97f0-e3085dc564d1,fUSD,0.00017121,30,1,-29690.0,demand,2026-10-04T07:47:00.852927+00:00
69d114bf-e9d1-48ff-97f0-e3085dc564d1,fUSD,0.0001712,120,1,-20000.0,demand,2026-10-04T07:47:00.852927+00:00
69d114bf-e9d1-48ff-97f0-e3085dc564d1,fUSD,0.00017111,120,1,-2000000.0,demand,2026-10-04T07:47:00.852927+00:00
69d114bf-e9d1-48ff-97f0-e3085dc564d1,fUSD,0.000161,120,1,-100000.0,demand,2026-10-04T07:47:00.852927+00:00
69d114bf-e9d1-48ff-97f0-e3085dc564d1,fUSD,0.000161,60,1,-18157.0,demand,2026-10-04T07:47:00.852927+00:00
69d114bf-e9d1-48ff-97f0-e3085dc564d1,fUSD,0.0001603,120,1,-20000.0,demand,2026-10-04T07:47:00.852927+00:00
69d114bf-e9d1-48ff-97f0-e3085dc564d1,fUSD,0.00016001,10,1,-38831.01167739,demand,2026-10-04T07:47:00.852927+00:00
69d114bf-e9d1-48ff-97f0-e3085dc564d1,fUSD,0.00016,120,2,-10009162.66122322,demand,2026-10-04T07:47:00.852927+00:00
69d114bf-e9d1-48ff-97f0-e3085dc564d1,fUSD,0.000152,45,3,-6000.0,demand,2026-10-04T07:47:00.852927+00:00
69d114bf-e9d1-48ff-97f0-e3085dc564d1,fUSD,0.0001503,90,1,-20000.0,demand,2026-10-04T07:47:00.852927+00:00
69d114bf-e9d1-48ff-97f0-e3085dc564d1,fUSD,0.00015,29,1,-10580.0,demand,2026-10-04T07:47:00.852927+00:00
69d114bf-e9d1-48ff-97f0-e3085dc564d1,fUSD,0.000148,30,3,-4500.0,demand,2026-10-04T07:47:00.852927+00:00
69d114bf-e9d1-48ff-97f0-e3085dc564d1,fUSD,0.000146,30,5,-4500.0,demand,2026-10-04T07:47:00.852927+00:00
69d114bf-e9d1-48ff-97f0-e3085dc564d1,fUSD,0.00014252,120,1,-10770.76644364,demand,2026-10-04T07:47:00.852927+00:00
69d114bf-e9d1-48ff-97f0-e3085dc564d1,fUSD,0.000142,45,3,-4500.0,demand,2026-10-04T07:47:00.852927+00:00
69d114bf-e9d1-48ff-97f0-e3085dc564d1,fUSD,0.0001403,90,1,-20000.0,demand,2026-10-04T07:47:00.852927+00:00
69d114bf-e9d1-48ff-97f0-e3085dc564d1,fUSD,0.000138,120,1,-4750.0,demand,2026-10-04T07:47:00.852927+00:00
69d114bf-e9d1-48ff-97f0-e3085dc564d1,fUSD,0.00012757,120,1,-100000.0,demand,2026-10-04T07:47:00.852927+00:00
69d114bf-e9d1-48ff-97f0-e3085dc564d1,fUSD,0.0001221,120,1,-12587.13,demand,2026-10-04T07:47:00.852927+00:00
69d114bf-e9d1-48ff-97f0-e3085dc564d1,fUSD,0.00012109999999999999,20,1,-3847.14283321,demand,2026-10-04T07:47:00.852927+00:00
69d114bf-e9d1-48ff-97f0-e3085dc564d1,fUSD,0.00012,120,1,-200000.0,demand,2026-10-04T07:47:00.852927+00:00
69d114bf-e9d1-48ff-97f0-e3085dc564d1,fUSD,0.00014986,2,1,1059.83,offer,2026-10-04T07:47:00.852927+00:00
69d114bf-e9d1-48ff-97f0-e3085dc564d1,fUSD,0.00014999,2,3,817.8730444,offer,2026-10-04T07:47:00.852927+00:00
69d114bf-e9d1-48ff-97f0-e3085dc564d1,fUSD,0.00015,2,2,177781.39106248,offer,2026-10-04T07:47:00.852927+00:00
69d114bf-e9d1-48ff-97f0-e3085dc564d1,fUSD,0.000151,2,1,1450.662083,offer,2026-10-04T07:47:00.852927+00:00
69d114bf-e9d1-48ff-97f0-e3085dc564d1,fUSD,0.000152,2,1,602.20188971,offer,2026-10-04T07:47:00.852927+00:00
69d114bf-e9d1-48ff-97f0-e3085dc564d1,fUSD,0.00015288671021893097,2,1,1241.30835493,offer,2026-10-04T07:47:00.852927+00:00
69d114bf-e9d1-48ff-97f0-e3085dc564d1,fUSD,0.000154,2,1,602.20188971,offer,2026-10-04T07:47:00.852927+00:00
69d114bf-e9d1-48ff-97f0-e3085dc564d1,fUSD,0.000155,2,1,602.20188971,offer,2026-10-04T07:47:00.852927+00:00
69d114bf-e9d1-48ff-97f0-e3085dc564d1,fUSD,0.00015624599091734748,2,1,1326.90975139,offer,2026-10-04T07:47:00.852927+00:00
69d114bf-e9d1-48ff-97f0-e3085dc564d1,fUSD,0.000156986301369863,2,1,500.0,offer,2026-10-04T07:47:00.852927+00:00
69d114bf-e9d1-48ff-97f0-e3085dc564d1,fUSD,0.000157,2,1,602.20188971,offer,2026-10-04T07:47:00.852927+00:00
69d114bf-e9d1-48ff-97f0-e3085dc564d1,fUSD,0.00015767104248,2,1,169.76,offer,2026-10-04T07:47:00.852927+00:00
69d114bf-e9d1-48ff-97f0-e3085dc564d1,fUSD,0.000158,2,1,602.20188971,offer,2026-10-04T07:47:00.852927+00:00
69d114bf-e9d1-48ff-97f0-e3085dc564d1,fUSD,0.0001593629,2,1,150.0,offer,2026-10-04T07:47:00.852927+00:00
69d114bf-e9d1-48ff-97f0-e3085dc564d1,fUSD,0.00016,2,1,3059.49593508,offer,2026-10-04T07:47:00.852927+00:00
69d114bf-e9d1-48ff-97f0-e3085dc564d1,fUSD,0.00016124,2,1,255.0,offer,2026-10-04T07:47:00.852927+00:00
69d114bf-e9d1-48ff-97f0-e3085dc564d1,fUSD,0.0001614501,2,1,150.13,offer,2026-10-04T07:47:00.852927+00:00
69d114bf-e9d1-48ff-97f0-e3085dc564d1,fUSD,0.0001618889,2,1,1450.66208291,offer,2026-10-04T07:47:00.852927+00:00
69d114bf-e9d1-48ff-97f0-e3085dc564d1,fUSD,0.00016274,2,1,165.85,offer,2026-10-04T07:47:00.852927+00:00
69d114bf-e9d1-48ff-97f0-e3085dc564d1,fUSD,0.0001627423,2,1,537.81,offer,2026-10-04T07:47:00.852927+00:00
69d114bf-e9d1-48ff-97f0-e3085dc564d1,fUSD,0.00016299999999999998,2,1,160.0,offer,2026-10-04T07:47:00.852927+00:00
69d114bf-e9d1-48ff-97f0-e3085dc564d1,fUSD,0.000163,2,1,160.0,offer,2026-10-04T07:47:00.852927+00:00
69d114bf-e9d1-48ff-97f0-e3085dc564d1,fUSD,0.000163696,2,1,2308.85,offer,2026-10-04T07:47:00.852927+00:00
69d114bf-e9d1-48ff-97f0-e3085dc564d1,fUSD,0.0001637489,2,1,160.28,offer,2026-10-04T07:47:00.852927+00:00
69d114bf-e9d1-48ff-97f0-e3085dc564d1,fUSD,0.000164205072,2,1,170.94,offer,2026-10-04T07:47:00.852927+00:00
67def94a-6454-4255-9a35-27897c6a7327,fUSD,0.0002602739726027397,120,1,-8122991.00545679,demand,2026-10-04T08:47:00.781856+00:00
67def94a-6454-4255-9a35-27897c6a7327,fUSD,0.00025,2,4,-32150.17508252,demand,2026-10-04T08:47:00.781856+00:00
67def94a-6454-4255-9a35-27897c6a7327,fUSD,0.000242973,2,3,-22292.21063328,demand,2026-10-04T08:47:00.781856+00:00
67def94a-6454-4255-9a35-27897c6a7327,fUSD,0.00018,60,1,-7000.0,demand,2026-10-04T08:47:00.781856+00:00
67def94a-6454-4255-9a35-27897c6a7327,fUSD,0.00017121,30,1,-29690.0,demand,2026-10-04T08:47:00.781856+00:00
67def94a-6454-4255-9a35-27897c6a7327,fUSD,0.0001712,120,1,-20000.0,demand,2026-10-04T08:47:00.781856+00:00
67def94a-6454-4255-9a35-27897c6a7327,fUSD,0.00017111,120,1,-2000000.0,demand,2026-10-04T08:47:00.781856+00:00
67def94a-6454-4255-9a35-27897c6a7327,fUSD,0.000161,120,1,-100000.0,demand,2026-10-04T08:47:00.781856+00:00
67def94a-6454-4255-9a35-27897c6a7327,fUSD,0.000161,60,1,-18157.0,demand,2026-10-04T08:47:00.781856+00:00
67def94a-6454-4255-9a35-27897c6a7327,fUSD,0.0001603,120,1,-20000.0,demand,2026-10-04T08:47:00.781856+00:00
67def94a-6454-4255-9a35-27897c6a7327,fUSD,0.00016001,10,1,-38546.24819049,demand,2026-10-04T08:47:00.781856+00:00
67def94a-6454-4255-9a35-27897c6a7327,fUSD,0.00016,120,2,-10009162.66122322,demand,2026-10-04T08:47:00.781856+00:00
67def94a-6454-4255-9a35-27897c6a7327,fUSD,0.000152,45,3,-6000.0,demand,2026-10-04T08:47:00.781856+00:00
67def94a-6454-4255-9a35-27897c6a7327,fUSD,0.0001503,90,1,-20000.0,demand,2026-10-04T08:47:00.781856+00:00
67def94a-6454-4255-9a35-27897c6a7327,fUSD,0.00015,29,1,-10580.0,demand,2026-10-04T08:47:00.781856+00:00
67def94a-6454-4255-9a35-27897c6a7327,fUSD,0.000148,30,3,-4500.0,demand,2026-10-04T08:47:00.781856+00:00
67def94a-6454-4255-9a35-27897c6a7327,fUSD,0.000146,30,5,-4500.0,demand,2026-10-04T08:47:00.781856+00:00
67def94a-6454-4255-9a35-27897c6a7327,fUSD,0.00014252,120,1,-10770.76644364,demand,2026-10-04T08:47:00.781856+00:00
67def94a-6454-4255-9a35-27897c6a7327,fUSD,0.000142,45,3,-4500.0,demand,2026-10-04T08:47:00.781856+00:00
67def94a-6454-4255-9a35-27897c6a7327,fUSD,0.0001403,90,1,-20000.0,demand,2026-10-04T08:47:00.781856+00:00
67def94a-6454-4255-9a35-27897c6a7327,fUSD,0.000138,120,1,-4750.0,demand,2026-10-04T08:47:00.781856+00:00
67def94a-6454-4255-9a35-27897c6a7327,fUSD,0.00012757,120,1,-100000.0,demand,2026-10-04T08:47:00.781856+00:00
67def94a-6454-4255-9a35-27897c6a7327,fUSD,0.0001221,120,1,-12587.13,demand,2026-10-04T08:47:00.781856+00:00
67def94a-6454-4255-9a35-27897c6a7327,fUSD,0.00012109999999999999,20,1,-3847.14283321,demand,2026-10-04T08:47:00.781856+00:00
67def94a-6454-4255-9a35-27897c6a7327,fUSD,0.00012,120,1,-200000.0,demand,2026-10-04T08:47:00.781856+00:00
67def94a-6454-4255-9a35-27897c6a7327,fUSD,0.00015,2,3,190615.93632564,offer,2026-10-04T08:47:00.781856+00:00
67def94a-6454-4255-9a35-27897c6a7327,fUSD,0.00015,3,1,248.90821144,offer,2026-10-04T08:47:00.781856+00:00
67def94a-6454-4255-9a35-27897c6a7327,fUSD,0.000151,2,4,4244.98675612,offer,2026-10-04T08:47:00.781856+00:00
67def94a-6454-4255-9a35-27897c6a7327,fUSD,0.00015137214215675153,2,1,160.0,offer,2026-10-04T08:47:00.781856+00:00
67def94a-6454-4255-9a35-27897c6a7327,fUSD,0.0001516772859260581,2,1,160.0,offer,2026-10-04T08:47:00.781856+00:00
67def94a-6454-4255-9a35-27897c6a7327,fUSD,0.00015173790725014438,2,1,160.0,offer,2026-10-04T08:47:00.781856+00:00
67def94a-6454-4255-9a35-27897c6a7327,fUSD,0.00015299999999999998,3,1,456.70206014,offer,2026-10-04T08:47:00.781856+00:00
67def94a-6454-4255-9a35-27897c6a7327,fUSD,0.000153,2,3,3271.76280231,offer,2026-10-04T08:47:00.781856+00:00
67def94a-6454-4255-9a35-27897c6a7327,fUSD,0.00015333280416451878,2,1,3747.15905257,offer,2026-10-04T08:47:00.781856+00:00
67def94a-6454-4255-9a35-27897c6a7327,fUSD,0.00015372852631578948,2,1,160.0,offer,2026-10-04T08:47:00.781856+00:00
67def94a-6454-4255-9a35-27897c6a7327,fUSD,0.00015378923684210527,2,1,160.0,offer,2026-10-04T08:47:00.781856+00:00
67def94a-6454-4255-9a35-27897c6a7327,fUSD,0.000154,2,2,2244.98675612,offer,2026-10-04T08:47:00.781856+00:00
67def94a-6454-4255-9a35-27897c6a7327,fUSD,0.0001540871773659828,2,1,1269.64495892,offer,2026-10-04T08:47:00.781856+00:00
67def94a-6454-4255-9a35-27897c6a7327,fUSD,0.0001541677,2,1,150.0,offer,2026-10-04T08:47:00.781856+00:00
67def94a-6454-4255-9a35-27897c6a7327,fUSD,0.0001542333,2,1,164.02,offer,2026-10-04T08:47:00.781856+00:00
67def94a-6454-4255-9a35-27897c6a7327,fUSD,0.00015491,2,1,496.83964686,offer,2026-10-04T08:47:00.781856+00:00
67def94a-6454-4255-9a35-27897c6a7327,fUSD,0.0001549372713023204,3,1,158.36,offer,2026-10-04T08:47:00.781856+00:00
67def94a-6454-4255-9a35-27897c6a7327,fUSD,0.0001550778,2,1,550.26,offer,2026-10-04T08:47:00.781856+00:00
67def94a-6454-4255-9a35-27897c6a7327,fUSD,0.000156,2,2,2244.98675612,offer,2026-10-04T08:47:00.781856+00:00
67def94a-6454-4255-9a35-27897c6a7327,fUSD,0.0001560755,2,1,300.64,offer,2026-10-04T08:47:00.781856+00:00
67def94a-6454-4255-9a35-27897c6a7327,fUSD,0.0001561535,2,1,1333.87,offer,2026-10-04T08:47:00.781856+00:00
67def94a-6454-4255-9a35-27897c6a7327,fUSD,0.00015638763473505859,2,1,1241.30835493,offer,2026-10-04T08:47:00.781856+00:00
67def94a-6454-4255-9a35-27897c6a7327,fUSD,0.00015638763473505859,4,1,456.70206014,offer,2026-10-04T08:47:00.781856+00:00
67def94a-6454-4255-9a35-27897c6a7327,fUSD,0.0001569837,2,1,1008.03,offer,2026-10-04T08:47:00.781856+00:00
67def94a-6454-4255-9a35-27897c6a7327,fUSD,0.00015723,2,1,1050.0,offer,2026-10-04T08:47:00.781856+00:00
92b0b978-a81e-4572-8573-35000e444aad,fUSD,0.0002602739726027397,120,1,-8118653.61285439,demand,2026-10-04T09:47:00.710982+00:00
92b0b978-a81e-4572-8573-35000e444aad,fUSD,0.00024275457,2,1,-4827.07176431,demand,2026-10-04T09:47:00.710982+00:00
92b0b978-a81e-4572-8573-35000e444aad,fUSD,0.000225,2,1,-520.93749999,demand,2026-10-04T09:47:00.710982+00:00
92b0b978-a81e-4572-8573-35000e444aad,fUSD,0.00018,60,1,-7000.0,demand,2026-10-04T09:47:00.710982+00:00
92b0b978-a81e-4572-8573-35000e444aad,fUSD,0.00017121,30,1,-30000.0,demand,2026-10-04T09:47:00.710982+00:00
92b0b978-a81e-4572-8573-35000e444aad,fUSD,0.0001712,120,1,-20000.0,demand,2026-10-04T09:47:00.710982+00:00
92b0b978-a81e-4572-8573-35000e444aad,fUSD,0.00017111,120,1,-2000000.0,demand,2026-10-04T09:47:00.710982+00:00
92b0b978-a81e-4572-8573-35000e444aad,fUSD,0.000161,120,1,-100000.0,demand,2026-10-04T09:47:00.710982+00:00
92b0b978-a81e-4572-8573-35000e444aad,fUSD,0.000161,60,1,-18157.0,demand,2026-10-04T09:47:00.710982+00:00
92b0b978-a81e-4572-8573-35000e444aad,fUSD,0.0001603,120,1,-20000.0,demand,2026-10-04T09:47:00.710982+00:00
92b0b978-a81e-4572-8573-35000e444aad,fUSD,0.0001601,10,1,-59753.8968795,demand,2026-10-04T09:47:00.710982+00:00
92b0b978-a81e-4572-8573-35000e444aad,fUSD,0.00016,120,2,-10009162.66122322,demand,2026-10-04T09:47:00.710982+00:00
92b0b978-a81e-4572-8573-35000e444aad,fUSD,0.000152,45,3,-6000.0,demand,2026-10-04T09:47:00.710982+00:00
92b0b978-a81e-4572-8573-35000e444aad,fUSD,0.0001503,90,1,-20000.0,demand,2026-10-04T09:47:00.710982+00:00
92b0b978-a81e-4572-8573-35000e444aad,fUSD,0.00015,29,1,-10580.0,demand,2026-10-04T09:47:00.710982+00:00
92b0b978-a81e-4572-8573-35000e444aad,fUSD,0.000148,30,3,-4500.0,demand,2026-10-04T09:47:00.710982+00:00
92b0b978-a81e-4572-8573-35000e444aad,fUSD,0.000146,30,5,-4500.0,demand,2026-10-04T09:47:00.710982+00:00
92b0b978-a81e-4572-8573-35000e444aad,fUSD,0.00014252,120,1,-10770.76644364,demand,2026-10-04T09:47:00.710982+00:00
92b0b978-a81e-4572-8573-35000e444aad,fUSD,0.000142,45,3,-4500.0,demand,2026-10-04T09:47:00.710982+00:00
92b0b978-a81e-4572-8573-35000e444aad,fUSD,0.0001403,90,1,-20000.0,demand,2026-10-04T09:47:00.710982+00:00
92b0b978-a81e-4572-8573-35000e444aad,fUSD,0.000138,120,1,-4750.0,demand,2026-10-04T09:47:00.710982+00:00
92b0b978-a81e-4572-8573-35000e444aad,fUSD,0.00012757,120,1,-100000.0,demand,2026-10-04T09:47:00.710982+00:00
92b0b978-a81e-4572-8573-35000e444aad,fUSD,0.0001221,120,1,-12587.13,demand,2026-10-04T09:47:00.710982+00:00
92b0b978-a81e-4572-8573-35000e444aad,fUSD,0.00012109999999999999,20,1,-3847.14283321,demand,2026-10-04T09:47:00.710982+00:00
92b0b978-a81e-4572-8573-35000e444aad,fUSD,0.00012,120,1,-200000.0,demand,2026-10-04T09:47:00.710982+00:00
92b0b978-a81e-4572-8573-35000e444aad,fUSD,0.00013099,2,1,256.10614528,offer,2026-10-04T09:47:00.710982+00:00
92b0b978-a81e-4572-8573-35000e444aad,fUSD,0.000133,2,1,250.0,offer,2026-10-04T09:47:00.710982+00:00
92b0b978-a81e-4572-8573-35000e444aad,fUSD,0.0001339939,2,1,293.04,offer,2026-10-04T09:47:00.710982+00:00
92b0b978-a81e-4572-8573-35000e444aad,fUSD,0.0001345291103507229,2,1,612.8906701,offer,2026-10-04T09:47:00.710982+00:00
92b0b978-a81e-4572-8573-35000e444aad,fUSD,0.00013487671232876713,2,4,600.0,offer,2026-10-04T09:47:00.710982+00:00
92b0b978-a81e-4572-8573-35000e444aad,fUSD,0.00013526097646645593,2,1,150.0,offer,2026-10-04T09:47:00.710982+00:00
92b0b978-a81e-4572-8573-35000e444aad,fUSD,0.00013564524060414473,2,1,150.0,offer,2026-10-04T09:47:00.710982+00:00
92b0b978-a81e-4572-8573-35000e444aad,fUSD,0.0001360295047418335,2,1,150.0,offer,2026-10-04T09:47:00.710982+00:00
92b0b978-a81e-4572-8573-35000e444aad,fUSD,0.0001364137688795223,2,1,150.0,offer,2026-10-04T09:47:00.710982+00:00
92b0b978-a81e-4572-8573-35000e444aad,fUSD,0.0001367980330172111,2,1,150.0,offer,2026-10-04T09:47:00.710982+00:00
92b0b978-a81e-4572-8573-35000e444aad,fUSD,0.000136986301369863,2,1,492.79,offer,2026-10-04T09:47:00.710982+00:00
92b0b978-a81e-4572-8573-35000e444aad,fUSD,0.000137,2,1,166.16,offer,2026-10-04T09:47:00.710982+00:00
92b0b978-a81e-4572-8573-35000e444aad,fUSD,0.0001371822971548999,2,1,150.0,offer,2026-10-04T09:47:00.710982+00:00
92b0b978-a81e-4572-8573-35000e444aad,fUSD,0.00013756656129258868,2,1,150.0,offer,2026-10-04T09:47:00.710982+00:00
92b0b978-a81e-4572-8573-35000e444aad,fUSD,0.00013788,2,2,714.85689887,offer,2026-10-04T09:47:00.710982+00:00
92b0b978-a81e-4572-8573-35000e444aad,fUSD,0.00013789,2,1,818.08370878,offer,2026-10-04T09:47:00.710982+00:00
92b0b978-a81e-4572-8573-35000e444aad,fUSD,0.00013795082543027748,2,1,150.0,offer,2026-10-04T09:47:00.710982+00:00
92b0b978-a81e-4572-8573-35000e444aad,fUSD,0.00013833508956796628,2,1,150.0,offer,2026-10-04T09:47:00.710982+00:00
92b0b978-a81e-4572-8573-35000e444aad,fUSD,0.00013871935370565508,2,1,150.0,offer,2026-10-04T09:47:00.710982+00:00
92b0b978-a81e-4572-8573-35000e444aad,fUSD,0.00013910361784334386,2,1,150.0,offer,2026-10-04T09:47:00.710982+00:00
92b0b978-a81e-4572-8573-35000e444aad,fUSD,0.00013948788198103266,2,1,150.0,offer,2026-10-04T09:47:00.710982+00:00
92b0b978-a81e-4572-8573-35000e444aad,fUSD,0.00013987214611872146,2,1,150.0,offer,2026-10-04T09:47:00.710982+00:00
92b0b978-a81e-4572-8573-35000e444aad,fUSD,0.00014025641025641023,2,1,150.0,offer,2026-10-04T09:47:00.710982+00:00
92b0b978-a81e-4572-8573-35000e444aad,fUSD,0.00014064067439409906,2,1,150.0,offer,2026-10-04T09:47:00.710982+00:00
92b0b978-a81e-4572-8573-35000e444aad,fUSD,0.00014102493853178786,2,1,150.0,offer,2026-10-04T09:47:00.710982+00:00
f539de30-7eca-49f8-85fa-77260737b211,fUSD,0.0002602739726027397,120,1,-8112151.50031529,demand,2026-10-04T10:47:00.637665+00:00
f539de30-7eca-49f8-85fa-77260737b211,fUSD,0.000235,2,1,-6785.72852029,demand,2026-10-04T10:47:00.637665+00:00
f539de30-7eca-49f8-85fa-77260737b211,fUSD,0.0002345,2,3,-21647.20227581,demand,2026-10-04T10:47:00.637665+00:00
f539de30-7eca-49f8-85fa-77260737b211,fUSD,0.00018,60,1,-7000.0,demand,2026-10-04T10:47:00.637665+00:00
f539de30-7eca-49f8-85fa-77260737b211,fUSD,0.000171201,30,1,-30000.0,demand,2026-10-04T10:47:00.637665+00:00
f539de30-7eca-49f8-85fa-77260737b211,fUSD,0.0001712,120,1,-20000.0,demand,2026-10-04T10:47:00.637665+00:00
f539de30-7eca-49f8-85fa-77260737b211,fUSD,0.00017111,120,1,-2000000.0,demand,2026-10-04T10:47:00.637665+00:00
f539de30-7eca-49f8-85fa-77260737b211,fUSD,0.000161,120,1,-100000.0,demand,2026-10-04T10:47:00.637665+00:00
f539de30-7eca-49f8-85fa-77260737b211,fUSD,0.000161,60,1,-18157.0,demand,2026-10-04T10:47:00.637665+00:00
f539de30-7eca-49f8-85fa-77260737b211,fUSD,0.0001603,120,1,-20000.0,demand,2026-10-04T10:47:00.637665+00:00
f539de30-7eca-49f8-85fa-77260737b211,fUSD,0.0001601,10,1,-49469.95411517,demand,2026-10-04T10:47:00.637665+00:00
f539de30-7eca-49f8-85fa-77260737b211,fUSD,0.00016,120,2,-10009162.66122322,demand,2026-10-04T10:47:00.637665+00:00
f539de30-7eca-49f8-85fa-77260737b211,fUSD,0.000152,45,3,-6000.0,demand,2026-10-04T10:47:00.637665+00:00
f539de30-7eca-49f8-85fa-77260737b211,fUSD,0.0001503,90,1,-20000.0,demand,2026-10-04T10:47:00.637665+00:00
f539de30-7eca-49f8-85fa-77260737b211,fUSD,0.00015,29,1,-10580.0,demand,2026-10-04T10:47:00.637665+00:00
f539de30-7eca-49f8-85fa-77260737b211,fUSD,0.000148,30,3,-4500.0,demand,2026-10-04T10:47:00.637665+00:00
f539de30-7eca-49f8-85fa-77260737b211,fUSD,0.000146,30,5,-4500.0,demand,2026-10-04T10:47:00.637665+00:00
f539de30-7eca-49f8-85fa-77260737b211,fUSD,0.00014252,120,1,-10770.76644364,demand,2026-10-04T10:47:00.637665+00:00
f539de30-7eca-49f8-85fa-77260737b211,fUSD,0.000142,45,3,-4500.0,demand,2026-10-04T10:47:00.637665+00:00
f539de30-7eca-49f8-85fa-77260737b211,fUSD,0.0001403,90,1,-20000.0,demand,2026-10-04T10:47:00.637665+00:00
f539de30-7eca-49f8-85fa-77260737b211,fUSD,0.000138,120,1,-4750.0,demand,2026-10-04T10:47:00.637665+00:00
f539de30-7eca-49f8-85fa-77260737b211,fUSD,0.00012757,120,1,-100000.0,demand,2026-10-04T10:47:00.637665+00:00
f539de30-7eca-49f8-85fa-77260737b211,fUSD,0.0001221,120,1,-12587.13,demand,2026-10-04T10:47:00.637665+00:00
f539de30-7eca-49f8-85fa-77260737b211,fUSD,0.00012109999999999999,20,1,-3847.14283321,demand,2026-10-04T10:47:00.637665+00:00
f539de30-7eca-49f8-85fa-77260737b211,fUSD,0.00012,120,1,-200000.0,demand,2026-10-04T10:47:00.637665+00:00
f539de30-7eca-49f8-85fa-77260737b211,fUSD,0.00012524814288,2,1,174.89,offer,2026-10-04T10:47:00.637665+00:00
f539de30-7eca-49f8-85fa-77260737b211,fUSD,0.00012964293740054796,2,1,174.89,offer,2026-10-04T10:47:00.637665+00:00
f539de30-7eca-49f8-85fa-77260737b211,fUSD,0.00013403773192109588,2,1,174.89,offer,2026-10-04T10:47:00.637665+00:00
f539de30-7eca-49f8-85fa-77260737b211,fUSD,0.00013448,2,5,2550.3580231,offer,2026-10-04T10:47:00.637665+00:00
f539de30-7eca-49f8-85fa-77260737b211,fUSD,0.00013449,2,1,150.0,offer,2026-10-04T10:47:00.637665+00:00
f539de30-7eca-49f8-85fa-77260737b211,fUSD,0.0001345,2,1,118180.09243376,offer,2026-10-04T10:47:00.637665+00:00
f539de30-7eca-49f8-85fa-77260737b211,fUSD,0.0001347756,2,1,150.0,offer,2026-10-04T10:47:00.637665+00:00
f539de30-7eca-49f8-85fa-77260737b211,fUSD,0.00013487671232876713,2,8,1206.40400018,offer,2026-10-04T10:47:00.637665+00:00
f539de30-7eca-49f8-85fa-77260737b211,fUSD,0.000135,2,18,201355.893536,offer,2026-10-04T10:47:00.637665+00:00
f539de30-7eca-49f8-85fa-77260737b211,fUSD,0.000135,7,2,408.53380199,offer,2026-10-04T10:47:00.637665+00:00
f539de30-7eca-49f8-85fa-77260737b211,fUSD,0.00013698,2,3,1500.0,offer,2026-10-04T10:47:00.637665+00:00
f539de30-7eca-49f8-85fa-77260737b211,fUSD,0.00013736,2,2,15718.22641996,offer,2026-10-04T10:47:00.637665+00:00
f539de30-7eca-49f8-85fa-77260737b211,fUSD,0.00013791,2,1,203.28510297,offer,2026-10-04T10:47:00.637665+00:00
f539de30-7eca-49f8-85fa-77260737b211,fUSD,0.00013796,2,1,2036.0,offer,2026-10-04T10:47:00.637665+00:00
f539de30-7eca-49f8-85fa-77260737b211,fUSD,0.00013799,2,2,1000.0,offer,2026-10-04T10:47:00.637665+00:00
f539de30-7eca-49f8-85fa-77260737b211,fUSD,0.000138,9,1,175152.87528556,offer,2026-10-04T10:47:00.637665+00:00
f539de30-7eca-49f8-85fa-77260737b211,fUSD,0.000138,2,4,1204.893536,offer,2026-10-04T10:47:00.637665+00:00
f539de30-7eca-49f8-85fa-77260737b211,fUSD,0.0001383562,2,1,521.67,offer,2026-10-04T10:47:00.637665+00:00
f539de30-7eca-49f8-85fa-77260737b211,fUSD,0.00013843252644164385,2,1,174.89,offer,2026-10-04T10:47:00.637665+00:00
f539de30-7eca-49f8-85fa-77260737b211,fUSD,0.0001393422,2,1,12017.79515016,offer,2026-10-04T10:47:00.637665+00:00
f539de30-7eca-49f8-85fa-77260737b211,fUSD,0.0001393689,2,1,3700.43126971,offer,2026-10-04T10:47:00.637665+00:00
f539de30-7eca-49f8-85fa-77260737b211,fUSD,0.0001397772,2,1,2145.77,offer,2026-10-04T10:47:00.637665+00:00
f539de30-7eca-49f8-85fa-77260737b211,fUSD,0.00013987214611872146,2,1,150.0,offer,2026-10-04T10:47:00.637665+00:00
f539de30-7eca-49f8-85fa-77260737b211,fUSD,0.0001403119,2,1,361.82,offer,2026-10-04T10:47:00.637665+00:00
f539de30-7eca-49f8-85fa-77260737b211,fUSD,0.00014049402328767123,7,1,227.16252206,offer,2026-10-04T10:47:00.637665+00:00
7896f8c0-4d87-4afa-a52d-d27e0c581a61,fUSD,0.0002602739726027397,120,1,-8100698.93122532,demand,2026-10-04T11:47:00.635502+00:00
7896f8c0-4d87-4afa-a52d-d27e0c581a61,fUSD,0.000237,2,2,-11612.8002846,demand,2026-10-04T11:47:00.635502+00:00
7896f8c0-4d87-4afa-a52d-d27e0c581a61,fUSD,0.00018,60,1,-7000.0,demand,2026-10-04T11:47:00.635502+00:00
7896f8c0-4d87-4afa-a52d-d27e0c581a61,fUSD,0.000171201,30,1,-30000.0,demand,2026-10-04T11:47:00.635502+00:00
7896f8c0-4d87-4afa-a52d-d27e0c581a61,fUSD,0.0001712,120,1,-20000.0,demand,2026-10-04T11:47:00.635502+00:00
7896f8c0-4d87-4afa-a52d-d27e0c581a61,fUSD,0.00017111,120,1,-2000000.0,demand,2026-10-04T11:47:00.635502+00:00
7896f8c0-4d87-4afa-a52d-d27e0c581a61,fUSD,0.000161,120,1,-100000.0,demand,2026-10-04T11:47:00.635502+00:00
7896f8c0-4d87-4afa-a52d-d27e0c581a61,fUSD,0.000161,60,1,-18157.0,demand,2026-10-04T11:47:00.635502+00:00
7896f8c0-4d87-4afa-a52d-d27e0c581a61,fUSD,0.0001603,120,1,-20000.0,demand,2026-10-04T11:47:00.635502+00:00
7896f8c0-4d87-4afa-a52d-d27e0c581a61,fUSD,0.0001601,10,1,-50000.0,demand,2026-10-04T11:47:00.635502+00:00
7896f8c0-4d87-4afa-a52d-d27e0c581a61,fUSD,0.00016,120,2,-10009162.66122322,demand,2026-10-04T11:47:00.635502+00:00
7896f8c0-4d87-4afa-a52d-d27e0c581a61,fUSD,0.000152,45,3,-6000.0,demand,2026-10-04T11:47:00.635502+00:00
7896f8c0-4d87-4afa-a52d-d27e0c581a61,fUSD,0.0001503,90,1,-20000.0,demand,2026-10-04T11:47:00.635502+00:00
7896f8c0-4d87-4afa-a52d-d27e0c581a61,fUSD,0.00015,29,1,-10580.0,demand,2026-10-04T11:47:00.635502+00:00
7896f8c0-4d87-4afa-a52d-d27e0c581a61,fUSD,0.000148,30,3,-4500.0,demand,2026-10-04T11:47:00.635502+00:00
7896f8c0-4d87-4afa-a52d-d27e0c581a61,fUSD,0.000146,30,5,-4500.0,demand,2026-10-04T11:47:00.635502+00:00
7896f8c0-4d87-4afa-a52d-d27e0c581a61,fUSD,0.00014252,120,1,-10770.76644364,demand,2026-10-04T11:47:00.635502+00:00
7896f8c0-4d87-4afa-a52d-d27e0c581a61,fUSD,0.000142,45,3,-4500.0,demand,2026-10-04T11:47:00.635502+00:00
7896f8c0-4d87-4afa-a52d-d27e0c581a61,fUSD,0.0001403,90,1,-20000.0,demand,2026-10-04T11:47:00.635502+00:00
7896f8c0-4d87-4afa-a52d-d27e0c581a61,fUSD,0.000138,120,1,-4750.0,demand,2026-10-04T11:47:00.635502+00:00
7896f8c0-4d87-4afa-a52d-d27e0c581a61,fUSD,0.00012757,120,1,-100000.0,demand,2026-10-04T11:47:00.635502+00:00
7896f8c0-4d87-4afa-a52d-d27e0c581a61,fUSD,0.0001221,120,1,-12587.13,demand,2026-10-04T11:47:00.635502+00:00
7896f8c0-4d87-4afa-a52d-d27e0c581a61,fUSD,0.00012109999999999999,20,1,-3847.14283321,demand,2026-10-04T11:47:00.635502+00:00
7896f8c0-4d87-4afa-a52d-d27e0c581a61,fUSD,0.00012,120,1,-200000.0,demand,2026-10-04T11:47:00.635502+00:00
7896f8c0-4d87-4afa-a52d-d27e0c581a61,fUSD,0.00012,7,1,-8000.0,demand,2026-10-04T11:47:00.635502+00:00
7896f8c0-4d87-4afa-a52d-d27e0c581a61,fUSD,0.000137,2,1,2603.66511345,offer,2026-10-04T11:47:00.635502+00:00
7896f8c0-4d87-4afa-a52d-d27e0c581a61,fUSD,0.00014217,2,1,1569.29771711,offer,2026-10-04T11:47:00.635502+00:00
7896f8c0-4d87-4afa-a52d-d27e0c581a61,fUSD,0.0001425958,2,1,460.59,offer,2026-10-04T11:47:00.635502+00:00
7896f8c0-4d87-4afa-a52d-d27e0c581a61,fUSD,0.0001428339,3,1,500.0,offer,2026-10-04T11:47:00.635502+00:00
7896f8c0-4d87-4afa-a52d-d27e0c581a61,fUSD,0.000143,2,4,1569.56697534,offer,2026-10-04T11:47:00.635502+00:00
7896f8c0-4d87-4afa-a52d-d27e0c581a61,fUSD,0.0001431334,2,1,5449.09,offer,2026-10-04T11:47:00.635502+00:00
7896f8c0-4d87-4afa-a52d-d27e0c581a61,fUSD,0.00014316,2,4,2321.43037355,offer,2026-10-04T11:47:00.635502+00:00
7896f8c0-4d87-4afa-a52d-d27e0c581a61,fUSD,0.0001432768,2,1,1021.92,offer,2026-10-04T11:47:00.635502+00:00
7896f8c0-4d87-4afa-a52d-d27e0c581a61,fUSD,0.0001433028,2,1,221.79,offer,2026-10-04T11:47:00.635502+00:00
7896f8c0-4d87-4afa-a52d-d27e0c581a61,fUSD,0.00014395,2,1,308.0,offer,2026-10-04T11:47:00.635502+00:00
7896f8c0-4d87-4afa-a52d-d27e0c581a61,fUSD,0.00014623,2,1,150.0,offer,2026-10-04T11:47:00.635502+00:00
7896f8c0-4d87-4afa-a52d-d27e0c581a61,fUSD,0.000146237649,2,5,18736.24,offer,2026-10-04T11:47:00.635502+00:00
7896f8c0-4d87-4afa-a52d-d27e0c581a61,fUSD,0.00014688526575342467,2,1,221.79,offer,2026-10-04T11:47:00.635502+00:00
7896f8c0-4d87-4afa-a52d-d27e0c581a61,fUSD,0.00014708,2,1,512.2961184,offer,2026-10-04T11:47:00.635502+00:00
7896f8c0-4d87-4afa-a52d-d27e0c581a61,fUSD,0.00014722,2,1,310.88891445,offer,2026-10-04T11:47:00.635502+00:00
7896f8c0-4d87-4afa-a52d-d27e0c581a61,fUSD,0.00014791,2,1,200.0,offer,2026-10-04T11:47:00.635502+00:00
7896f8c0-4d87-4afa-a52d-d27e0c581a61,fUSD,0.00014791,7,1,237.23,offer,2026-10-04T11:47:00.635502+00:00
7896f8c0-4d87-4afa-a52d-d27e0c581a61,fUSD,0.00014865479452054795,2,4,11584.16,offer,2026-10-04T11:47:00.635502+00:00
7896f8c0-4d87-4afa-a52d-d27e0c581a61,fUSD,0.000149,2,1,7297.00380755,offer,2026-10-04T11:47:00.635502+00:00
7896f8c0-4d87-4afa-a52d-d27e0c581a61,fUSD,0.00014903818630136986,2,1,430.95,offer,2026-10-04T11:47:00.635502+00:00
7896f8c0-4d87-4afa-a52d-d27e0c581a61,fUSD,0.0001496084,2,2,855.43,offer,2026-10-04T11:47:00.635502+00:00
7896f8c0-4d87-4afa-a52d-d27e0c581a61,fUSD,0.0001498432543556305,2,1,5517.25191561,offer,2026-10-04T11:47:00.635502+00:00
7896f8c0-4d87-4afa-a52d-d27e0c581a61,fUSD,0.00014988903985315067,2,1,167.93,offer,2026-10-04T11:47:00.635502+00:00
7896f8c0-4d87-4afa-a52d-d27e0c581a61,fUSD,0.00014999,2,23,11439.5414982,offer,2026-10-04T11:47:00.635502+00:00
7896f8c0-4d87-4afa-a52d-d27e0c581a61,fUSD,0.00014999178086,2,1,186.79,offer,2026-10-04T11:47:00.635502+00:00
1215511b-0d2a-4b3b-9675-ac438daf8909,fUSD,0.0002602739726027397,120,1,-7994854.81474245,demand,2026-10-04T12:47:00.736180+00:00
1215511b-0d2a-4b3b-9675-ac438daf8909,fUSD,0.0002362368,2,5,-28052.67233351,demand,2026-10-04T12:47:00.736180+00:00
1215511b-0d2a-4b3b-9675-ac438daf8909,fUSD,0.00018,60,1,-7000.0,demand,2026-10-04T12:47:00.736180+00:00
1215511b-0d2a-4b3b-9675-ac438daf8909,fUSD,0.000171201,30,1,-10000.0,demand,2026-10-04T12:47:00.736180+00:00
1215511b-0d2a-4b3b-9675-ac438daf8909,fUSD,0.0001712,120,1,-20000.0,demand,2026-10-04T12:47:00.736180+00:00
1215511b-0d2a-4b3b-9675-ac438daf8909,fUSD,0.00017111,120,1,-2000000.0,demand,2026-10-04T12:47:00.736180+00:00
1215511b-0d2a-4b3b-9675-ac438daf8909,fUSD,0.000161,120,1,-100000.0,demand,2026-10-04T12:47:00.736180+00:00
1215511b-0d2a-4b3b-9675-ac438daf8909,fUSD,0.000161,60,1,-18157.0,demand,2026-10-04T12:47:00.736180+00:00
1215511b-0d2a-4b3b-9675-ac438daf8909,fUSD,0.0001603,120,1,-20000.0,demand,2026-10-04T12:47:00.736180+00:00
1215511b-0d2a-4b3b-9675-ac438daf8909,fUSD,0.0001601,10,1,-20000.0,demand,2026-10-04T12:47:00.736180+00:00
1215511b-0d2a-4b3b-9675-ac438daf8909,fUSD,0.00016,120,2,-10009162.66122322,demand,2026-10-04T12:47:00.736180+00:00
1215511b-0d2a-4b3b-9675-ac438daf8909,fUSD,0.000152,45,3,-6000.0,demand,2026-10-04T12:47:00.736180+00:00
1215511b-0d2a-4b3b-9675-ac438daf8909,fUSD,0.0001503,90,1,-20000.0,demand,2026-10-04T12:47:00.736180+00:00
1215511b-0d2a-4b3b-9675-ac438daf8909,fUSD,0.00015,29,1,-10580.0,demand,2026-10-04T12:47:00.736180+00:00
1215511b-0d2a-4b3b-9675-ac438daf8909,fUSD,0.000148,30,3,-4500.0,demand,2026-10-04T12:47:00.736180+00:00
1215511b-0d2a-4b3b-9675-ac438daf8909,fUSD,0.000146,30,5,-4500.0,demand,2026-10-04T12:47:00.736180+00:00
1215511b-0d2a-4b3b-9675-ac438daf8909,fUSD,0.00014252,120,1,-10770.76644364,demand,2026-10-04T12:47:00.736180+00:00
1215511b-0d2a-4b3b-9675-ac438daf8909,fUSD,0.000142,45,3,-4500.0,demand,2026-10-04T12:47:00.736180+00:00
1215511b-0d2a-4b3b-9675-ac438daf8909,fUSD,0.0001403,90,1,-20000.0,demand,2026-10-04T12:47:00.736180+00:00
1215511b-0d2a-4b3b-9675-ac438daf8909,fUSD,0.000138,120,1,-4750.0,demand,2026-10-04T12:47:00.736180+00:00
1215511b-0d2a-4b3b-9675-ac438daf8909,fUSD,0.00012757,120,1,-100000.0,demand,2026-10-04T12:47:00.736180+00:00
1215511b-0d2a-4b3b-9675-ac438daf8909,fUSD,0.0001221,120,1,-12587.13,demand,2026-10-04T12:47:00.736180+00:00
1215511b-0d2a-4b3b-9675-ac438daf8909,fUSD,0.00012109999999999999,20,1,-3847.14283321,demand,2026-10-04T12:47:00.736180+00:00
1215511b-0d2a-4b3b-9675-ac438daf8909,fUSD,0.00012,120,1,-200000.0,demand,2026-10-04T12:47:00.736180+00:00
1215511b-0d2a-4b3b-9675-ac438daf8909,fUSD,0.00012,7,1,-8000.0,demand,2026-10-04T12:47:00.736180+00:00
1215511b-0d2a-4b3b-9675-ac438daf8909,fUSD,0.00013578720000000002,2,1,494.97661418,offer,2026-10-04T12:47:00.736180+00:00
1215511b-0d2a-4b3b-9675-ac438daf8909,fUSD,0.0001359664,2,1,537.62,offer,2026-10-04T12:47:00.736180+00:00
1215511b-0d2a-4b3b-9675-ac438daf8909,fUSD,0.000136149,2,1,175.93,offer,2026-10-04T12:47:00.736180+00:00
1215511b-0d2a-4b3b-9675-ac438daf8909,fUSD,0.0001362268,2,1,335.50519029,offer,2026-10-04T12:47:00.736180+00:00
1215511b-0d2a-4b3b-9675-ac438daf8909,fUSD,0.0001362368,2,1,9404.43,offer,2026-10-04T12:47:00.736180+00:00
1215511b-0d2a-4b3b-9675-ac438daf8909,fUSD,0.00013624,2,1,169.3,offer,2026-10-04T12:47:00.736180+00:00
1215511b-0d2a-4b3b-9675-ac438daf8909,fUSD,0.000136272,2,1,170.52,offer,2026-10-04T12:47:00.736180+00:00
1215511b-0d2a-4b3b-9675-ac438daf8909,fUSD,0.0001365532,2,2,1739.33,offer,2026-10-04T12:47:00.736180+00:00
1215511b-0d2a-4b3b-9675-ac438daf8909,fUSD,0.00013697,2,1,150.0,offer,2026-10-04T12:47:00.736180+00:00
1215511b-0d2a-4b3b-9675-ac438daf8909,fUSD,0.00013698,2,10,5096.27089967,offer,2026-10-04T12:47:00.736180+00:00
1215511b-0d2a-4b3b-9675-ac438daf8909,fUSD,0.000136986301369863,2,2,1256.42,offer,2026-10-04T12:47:00.736180+00:00
1215511b-0d2a-4b3b-9675-ac438daf8909,fUSD,0.00013699,2,1,161.27,offer,2026-10-04T12:47:00.736180+00:00
1215511b-0d2a-4b3b-9675-ac438daf8909,fUSD,0.000137,2,1,17030.74257359,offer,2026-10-04T12:47:00.736180+00:00
1215511b-0d2a-4b3b-9675-ac438daf8909,fUSD,0.00013996689863013699,2,1,1539.33,offer,2026-10-04T12:47:00.736180+00:00
1215511b-0d2a-4b3b-9675-ac438daf8909,fUSD,0.00014097,2,1,3078.94934255,offer,2026-10-04T12:47:00.736180+00:00
1215511b-0d2a-4b3b-9675-ac438daf8909,fUSD,0.00014162,2,1,3383.0,offer,2026-10-04T12:47:00.736180+00:00
1215511b-0d2a-4b3b-9675-ac438daf8909,fUSD,0.00014165,2,1,4722.0,offer,2026-10-04T12:47:00.736180+00:00
1215511b-0d2a-4b3b-9675-ac438daf8909,fUSD,0.00014199,2,1,609.21728235,offer,2026-10-04T12:47:00.736180+00:00
1215511b-0d2a-4b3b-9675-ac438daf8909,fUSD,0.0001423,2,1,2281.14336749,offer,2026-10-04T12:47:00.736180+00:00
1215511b-0d2a-4b3b-9675-ac438daf8909,fUSD,0.0001425008,2,1,332.25,offer,2026-10-04T12:47:00.736180+00:00
1215511b-0d2a-4b3b-9675-ac438daf8909,fUSD,0.000143,2,3,943.0,offer,2026-10-04T12:47:00.736180+00:00
1215511b-0d2a-4b3b-9675-ac438daf8909,fUSD,0.00014338059726027398,2,1,1539.33,offer,2026-10-04T12:47:00.736180+00:00
1215511b-0d2a-4b3b-9675-ac438daf8909,fUSD,0.0001436618,2,2,668.24,offer,2026-10-04T12:47:00.736180+00:00
1215511b-0d2a-4b3b-9675-ac438daf8909,fUSD,0.00014404,2,1,698.74287645,offer,2026-10-04T12:47:00.736180+00:00
1215511b-0d2a-4b3b-9675-ac438daf8909,fUSD,0.00014535,2,1,154.88,offer,2026-10-04T12:47:00.736180+00:00
b3e414b8-8ca3-4ba1-8b62-fbc81987cc50,fUSD,0.000345,2,1,-150.0,demand,2026-10-04T13:47:00.738777+00:00
b3e414b8-8ca3-4ba1-8b62-fbc81987cc50,fUSD,0.0002602739726027397,120,1,-7974914.80087246,demand,2026-10-04T13:47:00.738777+00:00
b3e414b8-8ca3-4ba1-8b62-fbc81987cc50,fUSD,0.0002329111,2,1,-4827.07176431,demand,2026-10-04T13:47:00.738777+00:00
b3e414b8-8ca3-4ba1-8b62-fbc81987cc50,fUSD,0.00018,60,1,-6849.4216,demand,2026-10-04T13:47:00.738777+00:00
b3e414b8-8ca3-4ba1-8b62-fbc81987cc50,fUSD,0.000171201,30,1,-30000.0,demand,2026-10-04T13:47:00.738777+00:00
b3e414b8-8ca3-4ba1-8b62-fbc81987cc50,fUSD,0.0001712,120,1,-20000.0,demand,2026-10-04T13:47:00.738777+00:00
b3e414b8-8ca3-4ba1-8b62-fbc81987cc50,fUSD,0.00017111,120,1,-2000000.0,demand,2026-10-04T13:47:00.738777+00:00
b3e414b8-8ca3-4ba1-8b62-fbc81987cc50,fUSD,0.000161,120,1,-100000.0,demand,2026-10-04T13:47:00.738777+00:00
b3e414b8-8ca3-4ba1-8b62-fbc81987cc50,fUSD,0.000161,60,1,-18157.0,demand,2026-10-04T13:47:00.738777+00:00
b3e414b8-8ca3-4ba1-8b62-fbc81987cc50,fUSD,0.0001603,120,1,-20000.0,demand,2026-10-04T13:47:00.738777+00:00
b3e414b8-8ca3-4ba1-8b62-fbc81987cc50,fUSD,0.0001601,10,1,-40000.0,demand,2026-10-04T13:47:00.738777+00:00
b3e414b8-8ca3-4ba1-8b62-fbc81987cc50,fUSD,0.00016,120,2,-10009162.66122322,demand,2026-10-04T13:47:00.738777+00:00
b3e414b8-8ca3-4ba1-8b62-fbc81987cc50,fUSD,0.000152,45,3,-6000.0,demand,2026-10-04T13:47:00.738777+00:00
b3e414b8-8ca3-4ba1-8b62-fbc81987cc50,fUSD,0.0001503,90,1,-20000.0,demand,2026-10-04T13:47:00.738777+00:00
b3e414b8-8ca3-4ba1-8b62-fbc81987cc50,fUSD,0.00015,29,1,-10580.0,demand,2026-10-04T13:47:00.738777+00:00
b3e414b8-8ca3-4ba1-8b62-fbc81987cc50,fUSD,0.000148,30,3,-4500.0,demand,2026-10-04T13:47:00.738777+00:00
b3e414b8-8ca3-4ba1-8b62-fbc81987cc50,fUSD,0.000146,30,5,-4500.0,demand,2026-10-04T13:47:00.738777+00:00
b3e414b8-8ca3-4ba1-8b62-fbc81987cc50,fUSD,0.00014252,120,1,-10770.76644364,demand,2026-10-04T13:47:00.738777+00:00
b3e414b8-8ca3-4ba1-8b62-fbc81987cc50,fUSD,0.000142,45,3,-4500.0,demand,2026-10-04T13:47:00.738777+00:00
b3e414b8-8ca3-4ba1-8b62-fbc81987cc50,fUSD,0.0001403,90,1,-20000.0,demand,2026-10-04T13:47:00.738777+00:00
b3e414b8-8ca3-4ba1-8b62-fbc81987cc50,fUSD,0.000138,120,1,-4750.0,demand,2026-10-04T13:47:00.738777+00:00
b3e414b8-8ca3-4ba1-8b62-fbc81987cc50,fUSD,0.00012757,120,1,-100000.0,demand,2026-10-04T13:47:00.738777+00:00
b3e414b8-8ca3-4ba1-8b62-fbc81987cc50,fUSD,0.0001221,120,1,-12587.13,demand,2026-10-04T13:47:00.738777+00:00
b3e414b8-8ca3-4ba1-8b62-fbc81987cc50,fUSD,0.00012109999999999999,20,1,-3847.14283321,demand,2026-10-04T13:47:00.738777+00:00
b3e414b8-8ca3-4ba1-8b62-fbc81987cc50,fUSD,0.00012,120,1,-200000.0,demand,2026-10-04T13:47:00.738777+00:00
b3e414b8-8ca3-4ba1-8b62-fbc81987cc50,fUSD,0.0001267416,2,1,390.49,offer,2026-10-04T13:47:00.738777+00:00
b3e414b8-8ca3-4ba1-8b62-fbc81987cc50,fUSD,0.00012718274642849317,2,1,170.84128459,offer,2026-10-04T13:47:00.738777+00:00
b3e414b8-8ca3-4ba1-8b62-fbc81987cc50,fUSD,0.00012719274642849316,2,3,1390.97194387,offer,2026-10-04T13:47:00.738777+00:00
b3e414b8-8ca3-4ba1-8b62-fbc81987cc50,fUSD,0.00012720274642849316,2,1,1245.03927265,offer,2026-10-04T13:47:00.738777+00:00
b3e414b8-8ca3-4ba1-8b62-fbc81987cc50,fUSD,0.000127485,2,1,334.91,offer,2026-10-04T13:47:00.738777+00:00
b3e414b8-8ca3-4ba1-8b62-fbc81987cc50,fUSD,0.0001278,2,1,202.21,offer,2026-10-04T13:47:00.738777+00:00
b3e414b8-8ca3-4ba1-8b62-fbc81987cc50,fUSD,0.000127801,2,1,1192.36,offer,2026-10-04T13:47:00.738777+00:00
b3e414b8-8ca3-4ba1-8b62-fbc81987cc50,fUSD,0.0001281198,2,1,2000.0,offer,2026-10-04T13:47:00.738777+00:00
b3e414b8-8ca3-4ba1-8b62-fbc81987cc50,fUSD,0.0001281520614969863,2,1,155.29,offer,2026-10-04T13:47:00.738777+00:00
b3e414b8-8ca3-4ba1-8b62-fbc81987cc50,fUSD,0.00013,2,1,1794.15357576,offer,2026-10-04T13:47:00.738777+00:00
b3e414b8-8ca3-4ba1-8b62-fbc81987cc50,fUSD,0.00013005,2,1,155.3,offer,2026-10-04T13:47:00.738777+00:00
b3e414b8-8ca3-4ba1-8b62-fbc81987cc50,fUSD,0.0001300506916339726,2,1,155.29,offer,2026-10-04T13:47:00.738777+00:00
b3e414b8-8ca3-4ba1-8b62-fbc81987cc50,fUSD,0.0001305,2,1,2692.79023244,offer,2026-10-04T13:47:00.738777+00:00
b3e414b8-8ca3-4ba1-8b62-fbc81987cc50,fUSD,0.0001313474,2,1,342.11,offer,2026-10-04T13:47:00.738777+00:00
b3e414b8-8ca3-4ba1-8b62-fbc81987cc50,fUSD,0.0001319493217709589,2,1,155.29,offer,2026-10-04T13:47:00.738777+00:00
b3e414b8-8ca3-4ba1-8b62-fbc81987cc50,fUSD,0.00013291,2,1,171.3,offer,2026-10-04T13:47:00.738777+00:00
b3e414b8-8ca3-4ba1-8b62-fbc81987cc50,fUSD,0.0001329111,2,2,6363.67,offer,2026-10-04T13:47:00.738777+00:00
b3e414b8-8ca3-4ba1-8b62-fbc81987cc50,fUSD,0.00013384795190794522,2,1,155.29,offer,2026-10-04T13:47:00.738777+00:00
b3e414b8-8ca3-4ba1-8b62-fbc81987cc50,fUSD,0.00013439,2,1,2404.16354257,offer,2026-10-04T13:47:00.738777+00:00
b3e414b8-8ca3-4ba1-8b62-fbc81987cc50,fUSD,0.00013487671232876713,2,3,450.0,offer,2026-10-04T13:47:00.738777+00:00
b3e414b8-8ca3-4ba1-8b62-fbc81987cc50,fUSD,0.0001352867,2,1,331.16,offer,2026-10-04T13:47:00.738777+00:00
b3e414b8-8ca3-4ba1-8b62-fbc81987cc50,fUSD,0.00013574,2,2,62175.94377519,offer,2026-10-04T13:47:00.738777+00:00
b3e414b8-8ca3-4ba1-8b62-fbc81987cc50,fUSD,0.00013574658204493152,2,1,155.29,offer,2026-10-04T13:47:00.738777+00:00
b3e414b8-8ca3-4ba1-8b62-fbc81987cc50,fUSD,0.00013586,2,1,16938.0,offer,2026-10-04T13:47:00.738777+00:00
b3e414b8-8ca3-4ba1-8b62-fbc81987cc50,fUSD,0.0001359113,2,1,314.86,offer,2026-10-04T13:47:00.738777+00:00
4c6f630a-0a02-4b2b-aa18-e567752c7e87,fUSD,0.000545,2,1,-150.0,demand,2026-10-04T14:47:00.866228+00:00
4c6f630a-0a02-4b2b-aa18-e567752c7e87,fUSD,0.0002602739726027397,120,1,-7893220.60523805,demand,2026-10-04T14:47:00.866228+00:00
4c6f630a-0a02-4b2b-aa18-e567752c7e87,fUSD,0.000237,2,1,-6785.72852029,demand,2026-10-04T14:47:00.866228+00:00
4c6f630a-0a02-4b2b-aa18-e567752c7e87,fUSD,0.00018,60,1,-6849.4216,demand,2026-10-04T14:47:00.866228+00:00
4c6f630a-0a02-4b2b-aa18-e567752c7e87,fUSD,0.000171201,30,1,-30000.0,demand,2026-10-04T14:47:00.866228+00:00
4c6f630a-0a02-4b2b-aa18-e567752c7e87,fUSD,0.0001712,120,1,-20000.0,demand,2026-10-04T14:47:00.866228+00:00
4c6f630a-0a02-4b2b-aa18-e567752c7e87,fUSD,0.00017111,120,1,-2000000.0,demand,2026-10-04T14:47:00.866228+00:00
4c6f630a-0a02-4b2b-aa18-e567752c7e87,fUSD,0.000161,120,1,-100000.0,demand,2026-10-04T14:47:00.866228+00:00
4c6f630a-0a02-4b2b-aa18-e567752c7e87,fUSD,0.000161,60,1,-18157.0,demand,2026-10-04T14:47:00.866228+00:00
4c6f630a-0a02-4b2b-aa18-e567752c7e87,fUSD,0.0001603,120,1,-20000.0,demand,2026-10-04T14:47:00.866228+00:00
4c6f630a-0a02-4b2b-aa18-e567752c7e87,fUSD,0.0001601,10,1,-38811.42,demand,2026-10-04T14:47:00.866228+00:00
4c6f630a-0a02-4b2b-aa18-e567752c7e87,fUSD,0.00016,120,2,-10009162.66122322,demand,2026-10-04T14:47:00.866228+00:00
4c6f630a-0a02-4b2b-aa18-e567752c7e87,fUSD,0.000152,45,3,-6000.0,demand,2026-10-04T14:47:00.866228+00:00
4c6f630a-0a02-4b2b-aa18-e567752c7e87,fUSD,0.0001503,90,1,-20000.0,demand,2026-10-04T14:47:00.866228+00:00
4c6f630a-0a02-4b2b-aa18-e567752c7e87,fUSD,0.00015,29,1,-10580.0,demand,2026-10-04T14:47:00.866228+00:00
4c6f630a-0a02-4b2b-aa18-e567752c7e87,fUSD,0.000148,30,3,-4500.0,demand,2026-10-04T14:47:00.866228+00:00
4c6f630a-0a02-4b2b-aa18-e567752c7e87,fUSD,0.000146,30,5,-4500.0,demand,2026-10-04T14:47:00.866228+00:00
4c6f630a-0a02-4b2b-aa18-e567752c7e87,fUSD,0.00014252,120,1,-10770.76644364,demand,2026-10-04T14:47:00.866228+00:00
4c6f630a-0a02-4b2b-aa18-e567752c7e87,fUSD,0.000142,45,3,-4500.0,demand,2026-10-04T14:47:00.866228+00:00
4c6f630a-0a02-4b2b-aa18-e567752c7e87,fUSD,0.0001403,90,1,-20000.0,demand,2026-10-04T14:47:00.866228+00:00
4c6f630a-0a02-4b2b-aa18-e567752c7e87,fUSD,0.000138,120,1,-4750.0,demand,2026-10-04T14:47:00.866228+00:00
4c6f630a-0a02-4b2b-aa18-e567752c7e87,fUSD,0.00012757,120,1,-100000.0,demand,2026-10-04T14:47:00.866228+00:00
4c6f630a-0a02-4b2b-aa18-e567752c7e87,fUSD,0.0001221,120,1,-12587.13,demand,2026-10-04T14:47:00.866228+00:00
4c6f630a-0a02-4b2b-aa18-e567752c7e87,fUSD,0.00012109999999999999,20,1,-3847.14283321,demand,2026-10-04T14:47:00.866228+00:00
4c6f630a-0a02-4b2b-aa18-e567752c7e87,fUSD,0.00012,120,1,-200000.0,demand,2026-10-04T14:47:00.866228+00:00
4c6f630a-0a02-4b2b-aa18-e567752c7e87,fUSD,0.00013374,2,13,6370.99485189,offer,2026-10-04T14:47:00.866228+00:00
4c6f630a-0a02-4b2b-aa18-e567752c7e87,fUSD,0.00013375,2,1,353.29,offer,2026-10-04T14:47:00.866228+00:00
4c6f630a-0a02-4b2b-aa18-e567752c7e87,fUSD,0.00013699,2,1,385.22171667,offer,2026-10-04T14:47:00.866228+00:00
4c6f630a-0a02-4b2b-aa18-e567752c7e87,fUSD,0.000137,2,1,17030.74257359,offer,2026-10-04T14:47:00.866228+00:00
4c6f630a-0a02-4b2b-aa18-e567752c7e87,fUSD,0.00015,2,2,152312.34537554,offer,2026-10-04T14:47:00.866228+00:00
4c6f630a-0a02-4b2b-aa18-e567752c7e87,fUSD,0.0001507797,2,4,53568.86757791,offer,2026-10-04T14:47:00.866228+00:00
4c6f630a-0a02-4b2b-aa18-e567752c7e87,fUSD,0.00015097,2,1,15.85,offer,2026-10-04T14:47:00.866228+00:00
4c6f630a-0a02-4b2b-aa18-e567752c7e87,fUSD,0.00015099000000000002,2,2,339.38,offer,2026-10-04T14:47:00.866228+00:00
4c6f630a-0a02-4b2b-aa18-e567752c7e87,fUSD,0.000151,2,2,2190.03094883,offer,2026-10-04T14:47:00.866228+00:00
4c6f630a-0a02-4b2b-aa18-e567752c7e87,fUSD,0.0001510845,2,2,300.0,offer,2026-10-04T14:47:00.866228+00:00
4c6f630a-0a02-4b2b-aa18-e567752c7e87,fUSD,0.00015123979461881617,2,1,160.0,offer,2026-10-04T14:47:00.866228+00:00
4c6f630a-0a02-4b2b-aa18-e567752c7e87,fUSD,0.00015125094869281768,2,1,160.0,offer,2026-10-04T14:47:00.866228+00:00
4c6f630a-0a02-4b2b-aa18-e567752c7e87,fUSD,0.00015202423982219173,2,1,1269.64495892,offer,2026-10-04T14:47:00.866228+00:00
4c6f630a-0a02-4b2b-aa18-e567752c7e87,fUSD,0.000152027,2,1,573.9,offer,2026-10-04T14:47:00.866228+00:00
4c6f630a-0a02-4b2b-aa18-e567752c7e87,fUSD,0.0001520900341152866,2,1,1241.30835493,offer,2026-10-04T14:47:00.866228+00:00
4c6f630a-0a02-4b2b-aa18-e567752c7e87,fUSD,0.00015226,2,1,162.44,offer,2026-10-04T14:47:00.866228+00:00
4c6f630a-0a02-4b2b-aa18-e567752c7e87,fUSD,0.0001522976,2,1,3449.6,offer,2026-10-04T14:47:00.866228+00:00
4c6f630a-0a02-4b2b-aa18-e567752c7e87,fUSD,0.0001523946,2,1,2299.56,offer,2026-10-04T14:47:00.866228+00:00
4c6f630a-0a02-4b2b-aa18-e567752c7e87,fUSD,0.000153,2,2,2190.03094883,offer,2026-10-04T14:47:00.866228+00:00
4c6f630a-0a02-4b2b-aa18-e567752c7e87,fUSD,0.0001530388,2,1,168.64,offer,2026-10-04T14:47:00.866228+00:00
4c6f630a-0a02-4b2b-aa18-e567752c7e87,fUSD,0.0001535608,2,1,1573.02,offer,2026-10-04T14:47:00.866228+00:00
4c6f630a-0a02-4b2b-aa18-e567752c7e87,fUSD,0.0001538125,2,1,353.28,offer,2026-10-04T14:47:00.866228+00:00
4c6f630a-0a02-4b2b-aa18-e567752c7e87,fUSD,0.0001539792,2,1,150.0,offer,2026-10-04T14:47:00.866228+00:00
4c6f630a-0a02-4b2b-aa18-e567752c7e87,fUSD,0.000154,2,2,2190.03094883,offer,2026-10-04T14:47:00.866228+00:00
4c6f630a-0a02-4b2b-aa18-e567752c7e87,fUSD,0.000154693,2,2,4332.185,offer,2026-10-04T14:47:00.866228+00:00
e8a2680d-1200-40a6-9d70-f2cbfa9fea2d,fUSD,0.00028275457,2,1,-150.0,demand,2026-10-04T15:47:00.824907+00:00
e8a2680d-1200-40a6-9d70-f2cbfa9fea2d,fUSD,0.0002602739726027397,120,1,-7847561.54853539,demand,2026-10-04T15:47:00.824907+00:00
e8a2680d-1200-40a6-9d70-f2cbfa9fea2d,fUSD,0.00024275457,2,1,-4827.07176431,demand,2026-10-04T15:47:00.824907+00:00
e8a2680d-1200-40a6-9d70-f2cbfa9fea2d,fUSD,0.00018,60,1,-6849.4216,demand,2026-10-04T15:47:00.824907+00:00
e8a2680d-1200-40a6-9d70-f2cbfa9fea2d,fUSD,0.000171201,30,1,-29698.38,demand,2026-10-04T15:47:00.824907+00:00
e8a2680d-1200-40a6-9d70-f2cbfa9fea2d,fUSD,0.0001712,120,1,-20000.0,demand,2026-10-04T15:47:00.824907+00:00
e8a2680d-1200-40a6-9d70-f2cbfa9fea2d,fUSD,0.00017111,120,1,-2000000.0,demand,2026-10-04T15:47:00.824907+00:00
e8a2680d-1200-40a6-9d70-f2cbfa9fea2d,fUSD,0.000161,120,1,-100000.0,demand,2026-10-04T15:47:00.824907+00:00
e8a2680d-1200-40a6-9d70-f2cbfa9fea2d,fUSD,0.000161,60,1,-18157.0,demand,2026-10-04T15:47:00.824907+00:00
e8a2680d-1200-40a6-9d70-f2cbfa9fea2d,fUSD,0.0001603,120,1,-20000.0,demand,2026-10-04T15:47:00.824907+00:00
e8a2680d-1200-40a6-9d70-f2cbfa9fea2d,fUSD,0.0001601,10,1,-38811.42,demand,2026-10-04T15:47:00.824907+00:00
e8a2680d-1200-40a6-9d70-f2cbfa9fea2d,fUSD,0.00016,120,2,-10009162.66122322,demand,2026-10-04T15:47:00.824907+00:00
e8a2680d-1200-40a6-9d70-f2cbfa9fea2d,fUSD,0.000152,45,3,-6000.0,demand,2026-10-04T15:47:00.824907+00:00
e8a2680d-1200-40a6-9d70-f2cbfa9fea2d,fUSD,0.0001503,90,1,-20000.0,demand,2026-10-04T15:47:00.824907+00:00
e8a2680d-1200-40a6-9d70-f2cbfa9fea2d,fUSD,0.00015,29,1,-10580.0,demand,2026-10-04T15:47:00.824907+00:00
e8a2680d-1200-40a6-9d70-f2cbfa9fea2d,fUSD,0.00015,2,2,-8427456.06613825,demand,2026-10-04T15:47:00.824907+00:00
e8a2680d-1200-40a6-9d70-f2cbfa9fea2d,fUSD,0.000148,30,3,-4500.0,demand,2026-10-04T15:47:00.824907+00:00
e8a2680d-1200-40a6-9d70-f2cbfa9fea2d,fUSD,0.000146,30,5,-4500.0,demand,2026-10-04T15:47:00.824907+00:00
e8a2680d-1200-40a6-9d70-f2cbfa9fea2d,fUSD,0.00014252,120,1,-10770.76644364,demand,2026-10-04T15:47:00.824907+00:00
e8a2680d-1200-40a6-9d70-f2cbfa9fea2d,fUSD,0.000142,45,3,-4500.0,demand,2026-10-04T15:47:00.824907+00:00
e8a2680d-1200-40a6-9d70-f2cbfa9fea2d,fUSD,0.0001403,90,1,-20000.0,demand,2026-10-04T15:47:00.824907+00:00
e8a2680d-1200-40a6-9d70-f2cbfa9fea2d,fUSD,0.000138,120,1,-4750.0,demand,2026-10-04T15:47:00.824907+00:00
e8a2680d-1200-40a6-9d70-f2cbfa9fea2d,fUSD,0.00012757,120,1,-100000.0,demand,2026-10-04T15:47:00.824907+00:00
e8a2680d-1200-40a6-9d70-f2cbfa9fea2d,fUSD,0.0001221,120,1,-12587.13,demand,2026-10-04T15:47:00.824907+00:00
e8a2680d-1200-40a6-9d70-f2cbfa9fea2d,fUSD,0.00012109999999999999,20,1,-3847.14283321,demand,2026-10-04T15:47:00.824907+00:00
e8a2680d-1200-40a6-9d70-f2cbfa9fea2d,fUSD,0.00015464849931023326,2,1,388.07206869,offer,2026-10-04T15:47:00.824907+00:00
e8a2680d-1200-40a6-9d70-f2cbfa9fea2d,fUSD,0.00015465849931023325,2,1,7581.94,offer,2026-10-04T15:47:00.824907+00:00
e8a2680d-1200-40a6-9d70-f2cbfa9fea2d,fUSD,0.000155,2,2,544.04903258,offer,2026-10-04T15:47:00.824907+00:00
e8a2680d-1200-40a6-9d70-f2cbfa9fea2d,fUSD,0.000155844,2,1,272.65853317,offer,2026-10-04T15:47:00.824907+00:00
e8a2680d-1200-40a6-9d70-f2cbfa9fea2d,fUSD,0.00015599249557606825,2,1,160.0,offer,2026-10-04T15:47:00.824907+00:00
e8a2680d-1200-40a6-9d70-f2cbfa9fea2d,fUSD,0.00015599356763662994,2,1,160.0,offer,2026-10-04T15:47:00.824907+00:00
e8a2680d-1200-40a6-9d70-f2cbfa9fea2d,fUSD,0.000156,2,2,544.04903258,offer,2026-10-04T15:47:00.824907+00:00
e8a2680d-1200-40a6-9d70-f2cbfa9fea2d,fUSD,0.00015600000000000002,2,1,1445.57472504,offer,2026-10-04T15:47:00.824907+00:00
e8a2680d-1200-40a6-9d70-f2cbfa9fea2d,fUSD,0.000158,2,2,544.04903258,offer,2026-10-04T15:47:00.824907+00:00
e8a2680d-1200-40a6-9d70-f2cbfa9fea2d,fUSD,0.00015800000000000002,2,1,1445.57472504,offer,2026-10-04T15:47:00.824907+00:00
e8a2680d-1200-40a6-9d70-f2cbfa9fea2d,fUSD,0.000159,2,2,544.04903258,offer,2026-10-04T15:47:00.824907+00:00
e8a2680d-1200-40a6-9d70-f2cbfa9fea2d,fUSD,0.00016,2,1,22360.90159403,offer,2026-10-04T15:47:00.824907+00:00
e8a2680d-1200-40a6-9d70-f2cbfa9fea2d,fUSD,0.00016000000000000004,2,1,1445.57472504,offer,2026-10-04T15:47:00.824907+00:00
e8a2680d-1200-40a6-9d70-f2cbfa9fea2d,fUSD,0.00016064,2,1,1170.0,offer,2026-10-04T15:47:00.824907+00:00
e8a2680d-1200-40a6-9d70-f2cbfa9fea2d,fUSD,0.000161,2,2,544.04903258,offer,2026-10-04T15:47:00.824907+00:00
e8a2680d-1200-40a6-9d70-f2cbfa9fea2d,fUSD,0.000161249,2,7,15826.0,offer,2026-10-04T15:47:00.824907+00:00
e8a2680d-1200-40a6-9d70-f2cbfa9fea2d,fUSD,0.00016200000000000003,2,2,1729.10850773,offer,2026-10-04T15:47:00.824907+00:00
e8a2680d-1200-40a6-9d70-f2cbfa9fea2d,fUSD,0.0001621406580908747,2,2,2229.55724829,offer,2026-10-04T15:47:00.824907+00:00
e8a2680d-1200-40a6-9d70-f2cbfa9fea2d,fUSD,0.00016394221666996247,2,3,6045.0,offer,2026-10-04T15:47:00.824907+00:00
e8a2680d-1200-40a6-9d70-f2cbfa9fea2d,fUSD,0.00016400000000000003,2,1,1445.57472504,offer,2026-10-04T15:47:00.824907+00:00
e8a2680d-1200-40a6-9d70-f2cbfa9fea2d,fUSD,0.00016423,2,1,869.0,offer,2026-10-04T15:47:00.824907+00:00
e8a2680d-1200-40a6-9d70-f2cbfa9fea2d,fUSD,0.00016438,2,1,504.51918492,offer,2026-10-04T15:47:00.824907+00:00
e8a2680d-1200-40a6-9d70-f2cbfa9fea2d,fUSD,0.000165,2,1,150.0,offer,2026-10-04T15:47:00.824907+00:00
e8a2680d-1200-40a6-9d70-f2cbfa9fea2d,fUSD,0.000165022,2,1,150.0,offer,2026-10-04T15:47:00.824907+00:00
e8a2680d-1200-40a6-9d70-f2cbfa9fea2d,fUSD,0.00016507700000000002,2,2,343.0,offer,2026-10-04T15:47:00.824907+00:00
140ac109-7555-4694-bada-8f20fa852131,fUSD,0.00042275457,2,1,-150.0,demand,2026-10-04T16:47:00.900011+00:00
140ac109-7555-4694-bada-8f20fa852131,fUSD,0.0002602739726027397,120,1,-7834264.67596914,demand,2026-10-04T16:47:00.900011+00:00
140ac109-7555-4694-bada-8f20fa852131,fUSD,0.00025,2,1,-6785.72852029,demand,2026-10-04T16:47:00.900011+00:00
140ac109-7555-4694-bada-8f20fa852131,fUSD,0.00018,60,1,-6849.4216,demand,2026-10-04T16:47:00.900011+00:00
140ac109-7555-4694-bada-8f20fa852131,fUSD,0.000171201,30,1,-29698.38,demand,2026-10-04T16:47:00.900011+00:00
140ac109-7555-4694-bada-8f20fa852131,fUSD,0.0001712,120,1,-20000.0,demand,2026-10-04T16:47:00.900011+00:00
140ac109-7555-4694-bada-8f20fa852131,fUSD,0.00017111,120,1,-2000000.0,demand,2026-10-04T16:47:00.900011+00:00
140ac109-7555-4694-bada-8f20fa852131,fUSD,0.000161,120,1,-100000.0,demand,2026-10-04T16:47:00.900011+00:00
140ac109-7555-4694-bada-8f20fa852131,fUSD,0.000161,60,1,-18157.0,demand,2026-10-04T16:47:00.900011+00:00
140ac109-7555-4694-bada-8f20fa852131,fUSD,0.0001603,120,1,-20000.0,demand,2026-10-04T16:47:00.900011+00:00
140ac109-7555-4694-bada-8f20fa852131,fUSD,0.0001601,10,1,-38811.42,demand,2026-10-04T16:47:00.900011+00:00
140ac109-7555-4694-bada-8f20fa852131,fUSD,0.00016,120,2,-10009162.66122322,demand,2026-10-04T16:47:00.900011+00:00
140ac109-7555-4694-bada-8f20fa852131,fUSD,0.000152,45,3,-6000.0,demand,2026-10-04T16:47:00.900011+00:00
140ac109-7555-4694-bada-8f20fa852131,fUSD,0.0001503,90,1,-20000.0,demand,2026-10-04T16:47:00.900011+00:00
140ac109-7555-4694-bada-8f20fa852131,fUSD,0.00015,29,1,-10580.0,demand,2026-10-04T16:47:00.900011+00:00
140ac109-7555-4694-bada-8f20fa852131,fUSD,0.00015,2,1,-1807078.01109614,demand,2026-10-04T16:47:00.900011+00:00
140ac109-7555-4694-bada-8f20fa852131,fUSD,0.000148,30,3,-4500.0,demand,2026-10-04T16:47:00.900011+00:00
140ac109-7555-4694-bada-8f20fa852131,fUSD,0.000146,30,5,-4500.0,demand,2026-10-04T16:47:00.900011+00:00
140ac109-7555-4694-bada-8f20fa852131,fUSD,0.00014252,120,1,-10770.76644364,demand,2026-10-04T16:47:00.900011+00:00
140ac109-7555-4694-bada-8f20fa852131,fUSD,0.000142,45,3,-4500.0,demand,2026-10-04T16:47:00.900011+00:00
140ac109-7555-4694-bada-8f20fa852131,fUSD,0.0001403,90,1,-20000.0,demand,2026-10-04T16:47:00.900011+00:00
140ac109-7555-4694-bada-8f20fa852131,fUSD,0.000138,120,1,-4750.0,demand,2026-10-04T16:47:00.900011+00:00
140ac109-7555-4694-bada-8f20fa852131,fUSD,0.00012757,120,1,-100000.0,demand,2026-10-04T16:47:00.900011+00:00
140ac109-7555-4694-bada-8f20fa852131,fUSD,0.0001221,120,1,-12587.13,demand,2026-10-04T16:47:00.900011+00:00
140ac109-7555-4694-bada-8f20fa852131,fUSD,0.00012109999999999999,20,1,-3847.14283321,demand,2026-10-04T16:47:00.900011+00:00
140ac109-7555-4694-bada-8f20fa852131,fUSD,0.00017076300000000002,2,1,249.66499768,offer,2026-10-04T16:47:00.900011+00:00
140ac109-7555-4694-bada-8f20fa852131,fUSD,0.000170773,2,5,7322.21095892,offer,2026-10-04T16:47:00.900011+00:00
140ac109-7555-4694-bada-8f20fa852131,fUSD,0.00017175253665510743,2,1,1103.43792481,offer,2026-10-04T16:47:00.900011+00:00
140ac109-7555-4694-bada-8f20fa852131,fUSD,0.00017273207331021484,2,1,1241.30835493,offer,2026-10-04T16:47:00.900011+00:00
140ac109-7555-4694-bada-8f20fa852131,fUSD,0.00017273208233933545,2,1,160.0,offer,2026-10-04T16:47:00.900011+00:00
140ac109-7555-4694-bada-8f20fa852131,fUSD,0.0001744123,2,1,150.0,offer,2026-10-04T16:47:00.900011+00:00
140ac109-7555-4694-bada-8f20fa852131,fUSD,0.00017714383848,2,1,213.61,offer,2026-10-04T16:47:00.900011+00:00
140ac109-7555-4694-bada-8f20fa852131,fUSD,0.000178027397260274,2,1,150.0,offer,2026-10-04T16:47:00.900011+00:00
140ac109-7555-4694-bada-8f20fa852131,fUSD,0.00018,2,1,169.15339554,offer,2026-10-04T16:47:00.900011+00:00
140ac109-7555-4694-bada-8f20fa852131,fUSD,0.0001809149,2,1,341.75,offer,2026-10-04T16:47:00.900011+00:00
140ac109-7555-4694-bada-8f20fa852131,fUSD,0.00018138,2,1,3098.0,offer,2026-10-04T16:47:00.900011+00:00
140ac109-7555-4694-bada-8f20fa852131,fUSD,0.0001816866,2,1,429.27,offer,2026-10-04T16:47:00.900011+00:00
140ac109-7555-4694-bada-8f20fa852131,fUSD,0.000182,2,1,169.15339554,offer,2026-10-04T16:47:00.900011+00:00
140ac109-7555-4694-bada-8f20fa852131,fUSD,0.00018235137642724742,2,1,6221.83,offer,2026-10-04T16:47:00.900011+00:00
140ac109-7555-4694-bada-8f20fa852131,fUSD,0.0001826256,2,1,163.75,offer,2026-10-04T16:47:00.900011+00:00
140ac109-7555-4694-bada-8f20fa852131,fUSD,0.0001829938,2,1,157.84,offer,2026-10-04T16:47:00.900011+00:00
140ac109-7555-4694-bada-8f20fa852131,fUSD,0.00018307,2,1,1244.83645743,offer,2026-10-04T16:47:00.900011+00:00
140ac109-7555-4694-bada-8f20fa852131,fUSD,0.0001832528,2,1,312.84,offer,2026-10-04T16:47:00.900011+00:00
140ac109-7555-4694-bada-8f20fa852131,fUSD,0.0001832629,2,1,150.0,offer,2026-10-04T16:47:00.900011+00:00
140ac109-7555-4694-bada-8f20fa852131,fUSD,0.0001836,2,1,1341.0,offer,2026-10-04T16:47:00.900011+00:00
140ac109-7555-4694-bada-8f20fa852131,fUSD,0.000184,2,1,169.15339554,offer,2026-10-04T16:47:00.900011+00:00
140ac109-7555-4694-bada-8f20fa852131,fUSD,0.0001840909,2,1,901.04,offer,2026-10-04T16:47:00.900011+00:00
140ac109-7555-4694-bada-8f20fa852131,fUSD,0.0001843184,2,1,275.94,offer,2026-10-04T16:47:00.900011+00:00
140ac109-7555-4694-bada-8f20fa852131,fUSD,0.00018538,2,3,4503.0,offer,2026-10-04T16:47:00.900011+00:00
140ac109-7555-4694-bada-8f20fa852131,fUSD,0.00018572,7,1,388.84,offer,2026-10-04T16:47:00.900011+00:00
9f0bccd6-bc68-48f3-b11e-0ff99ad69056,fUSD,0.00064275457,2,1,-150.0,demand,2026-10-04T17:47:00.706282+00:00
9f0bccd6-bc68-48f3-b11e-0ff99ad69056,fUSD,0.0002602739726027397,120,1,-7812029.8763634,demand,2026-10-04T17:47:00.706282+00:00
9f0bccd6-bc68-48f3-b11e-0ff99ad69056,fUSD,0.00018,60,1,-6849.4216,demand,2026-10-04T17:47:00.706282+00:00
9f0bccd6-bc68-48f3-b11e-0ff99ad69056,fUSD,0.000171201,30,1,-29698.38,demand,2026-10-04T17:47:00.706282+00:00
9f0bccd6-bc68-48f3-b11e-0ff99ad69056,fUSD,0.0001712,120,1,-20000.0,demand,2026-10-04T17:47:00.706282+00:00
9f0bccd6-bc68-48f3-b11e-0ff99ad69056,fUSD,0.00017111,120,1,-2000000.0,demand,2026-10-04T17:47:00.706282+00:00
9f0bccd6-bc68-48f3-b11e-0ff99ad69056,fUSD,0.000161,120,1,-100000.0,demand,2026-10-04T17:47:00.706282+00:00
9f0bccd6-bc68-48f3-b11e-0ff99ad69056,fUSD,0.000161,60,1,-18157.0,demand,2026-10-04T17:47:00.706282+00:00
9f0bccd6-bc68-48f3-b11e-0ff99ad69056,fUSD,0.0001603,120,1,-20000.0,demand,2026-10-04T17:47:00.706282+00:00
9f0bccd6-bc68-48f3-b11e-0ff99ad69056,fUSD,0.0001601,10,1,-38811.42,demand,2026-10-04T17:47:00.706282+00:00
9f0bccd6-bc68-48f3-b11e-0ff99ad69056,fUSD,0.00016,120,2,-10009162.66122322,demand,2026-10-04T17:47:00.706282+00:00
9f0bccd6-bc68-48f3-b11e-0ff99ad69056,fUSD,0.000152,45,3,-6000.0,demand,2026-10-04T17:47:00.706282+00:00
9f0bccd6-bc68-48f3-b11e-0ff99ad69056,fUSD,0.0001503,90,1,-20000.0,demand,2026-10-04T17:47:00.706282+00:00
9f0bccd6-bc68-48f3-b11e-0ff99ad69056,fUSD,0.00015,29,1,-10580.0,demand,2026-10-04T17:47:00.706282+00:00
9f0bccd6-bc68-48f3-b11e-0ff99ad69056,fUSD,0.00015,2,1,-1744206.01109614,demand,2026-10-04T17:47:00.706282+00:00
9f0bccd6-bc68-48f3-b11e-0ff99ad69056,fUSD,0.000148,30,3,-4500.0,demand,2026-10-04T17:47:00.706282+00:00
9f0bccd6-bc68-48f3-b11e-0ff99ad69056,fUSD,0.000146,30,5,-4500.0,demand,2026-10-04T17:47:00.706282+00:00
9f0bccd6-bc68-48f3-b11e-0ff99ad69056,fUSD,0.00014252,120,1,-10770.76644364,demand,2026-10-04T17:47:00.706282+00:00
9f0bccd6-bc68-48f3-b11e-0ff99ad69056,fUSD,0.000142,45,3,-4500.0,demand,2026-10-04T17:47:00.706282+00:00
9f0bccd6-bc68-48f3-b11e-0ff99ad69056,fUSD,0.0001403,90,1,-20000.0,demand,2026-10-04T17:47:00.706282+00:00
9f0bccd6-bc68-48f3-b11e-0ff99ad69056,fUSD,0.000138,120,1,-4750.0,demand,2026-10-04T17:47:00.706282+00:00
9f0bccd6-bc68-48f3-b11e-0ff99ad69056,fUSD,0.00012757,120,1,-100000.0,demand,2026-10-04T17:47:00.706282+00:00
9f0bccd6-bc68-48f3-b11e-0ff99ad69056,fUSD,0.0001221,120,1,-12587.13,demand,2026-10-04T17:47:00.706282+00:00
9f0bccd6-bc68-48f3-b11e-0ff99ad69056,fUSD,0.00012109999999999999,20,1,-3847.14283321,demand,2026-10-04T17:47:00.706282+00:00
9f0bccd6-bc68-48f3-b11e-0ff99ad69056,fUSD,0.00012,120,1,-200000.0,demand,2026-10-04T17:47:00.706282+00:00
9f0bccd6-bc68-48f3-b11e-0ff99ad69056,fUSD,0.000159,2,1,187.28573295,offer,2026-10-04T17:47:00.706282+00:00
9f0bccd6-bc68-48f3-b11e-0ff99ad69056,fUSD,0.000161,2,1,187.28573295,offer,2026-10-04T17:47:00.706282+00:00
9f0bccd6-bc68-48f3-b11e-0ff99ad69056,fUSD,0.000162,2,1,187.28573295,offer,2026-10-04T17:47:00.706282+00:00
9f0bccd6-bc68-48f3-b11e-0ff99ad69056,fUSD,0.00016251,2,1,4347.796787,offer,2026-10-04T17:47:00.706282+00:00
9f0bccd6-bc68-48f3-b11e-0ff99ad69056,fUSD,0.00016251696392992132,2,1,2861.36,offer,2026-10-04T17:47:00.706282+00:00
9f0bccd6-bc68-48f3-b11e-0ff99ad69056,fUSD,0.000164,2,1,187.28573295,offer,2026-10-04T17:47:00.706282+00:00
9f0bccd6-bc68-48f3-b11e-0ff99ad69056,fUSD,0.000166,2,1,187.28573295,offer,2026-10-04T17:47:00.706282+00:00
9f0bccd6-bc68-48f3-b11e-0ff99ad69056,fUSD,0.00017994311503378803,2,1,160.0,offer,2026-10-04T17:47:00.706282+00:00
9f0bccd6-bc68-48f3-b11e-0ff99ad69056,fUSD,0.00018,2,1,169.75862689,offer,2026-10-04T17:47:00.706282+00:00
9f0bccd6-bc68-48f3-b11e-0ff99ad69056,fUSD,0.00018004350676866345,2,1,151.0,offer,2026-10-04T17:47:00.706282+00:00
9f0bccd6-bc68-48f3-b11e-0ff99ad69056,fUSD,0.0001800986301369863,2,6,1085.0,offer,2026-10-04T17:47:00.706282+00:00
9f0bccd6-bc68-48f3-b11e-0ff99ad69056,fUSD,0.0001800989821741605,2,1,1241.30835493,offer,2026-10-04T17:47:00.706282+00:00
9f0bccd6-bc68-48f3-b11e-0ff99ad69056,fUSD,0.0001800990389299943,2,1,1269.64495892,offer,2026-10-04T17:47:00.706282+00:00
9f0bccd6-bc68-48f3-b11e-0ff99ad69056,fUSD,0.00018009972,7,1,1106.78,offer,2026-10-04T17:47:00.706282+00:00
9f0bccd6-bc68-48f3-b11e-0ff99ad69056,fUSD,0.00018009972,2,1,265.04,offer,2026-10-04T17:47:00.706282+00:00
9f0bccd6-bc68-48f3-b11e-0ff99ad69056,fUSD,0.000182,2,1,169.75862689,offer,2026-10-04T17:47:00.706282+00:00
9f0bccd6-bc68-48f3-b11e-0ff99ad69056,fUSD,0.000183538,2,4,7601.391,offer,2026-10-04T17:47:00.706282+00:00
9f0bccd6-bc68-48f3-b11e-0ff99ad69056,fUSD,0.000184,2,1,169.75862689,offer,2026-10-04T17:47:00.706282+00:00
9f0bccd6-bc68-48f3-b11e-0ff99ad69056,fUSD,0.0001846789,2,1,195.43,offer,2026-10-04T17:47:00.706282+00:00
9f0bccd6-bc68-48f3-b11e-0ff99ad69056,fUSD,0.0001849491,2,1,2015.56,offer,2026-10-04T17:47:00.706282+00:00
9f0bccd6-bc68-48f3-b11e-0ff99ad69056,fUSD,0.0001852272,2,1,157.85,offer,2026-10-04T17:47:00.706282+00:00
9f0bccd6-bc68-48f3-b11e-0ff99ad69056,fUSD,0.00018538,2,2,753.0,offer,2026-10-04T17:47:00.706282+00:00
9f0bccd6-bc68-48f3-b11e-0ff99ad69056,fUSD,0.0001863,2,1,198.79,offer,2026-10-04T17:47:00.706282+00:00
9f0bccd6-bc68-48f3-b11e-0ff99ad69056,fUSD,0.000187224,2,1,1398.19,offer,2026-10-04T17:47:00.706282+00:00
9f0bccd6-bc68-48f3-b11e-0ff99ad69056,fUSD,0.0001888254644801821,2,1,2861.36,offer,2026-10-04T17:47:00.706282+00:00
e5af8c3b-4d59-4a30-8ec5-fd0049ee9b2d,fUSD,0.00082275457,2,1,-150.0,demand,2026-10-04T18:47:00.845755+00:00
e5af8c3b-4d59-4a30-8ec5-fd0049ee9b2d,fUSD,0.0002602739726027397,120,1,-7793795.32668886,demand,2026-10-04T18:47:00.845755+00:00
e5af8c3b-4d59-4a30-8ec5-fd0049ee9b2d,fUSD,0.00018,60,1,-6849.4216,demand,2026-10-04T18:47:00.845755+00:00
e5af8c3b-4d59-4a30-8ec5-fd0049ee9b2d,fUSD,0.000171201,30,1,-30000.0,demand,2026-10-04T18:47:00.845755+00:00
e5af8c3b-4d59-4a30-8ec5-fd0049ee9b2d,fUSD,0.0001712,120,1,-20000.0,demand,2026-10-04T18:47:00.845755+00:00
e5af8c3b-4d59-4a30-8ec5-fd0049ee9b2d,fUSD,0.00017111,120,1,-2000000.0,demand,2026-10-04T18:47:00.845755+00:00
e5af8c3b-4d59-4a30-8ec5-fd0049ee9b2d,fUSD,0.000161,120,1,-100000.0,demand,2026-10-04T18:47:00.845755+00:00
e5af8c3b-4d59-4a30-8ec5-fd0049ee9b2d,fUSD,0.000161,60,1,-18157.0,demand,2026-10-04T18:47:00.845755+00:00
e5af8c3b-4d59-4a30-8ec5-fd0049ee9b2d,fUSD,0.0001603,120,1,-20000.0,demand,2026-10-04T18:47:00.845755+00:00
e5af8c3b-4d59-4a30-8ec5-fd0049ee9b2d,fUSD,0.0001601,10,1,-50000.0,demand,2026-10-04T18:47:00.845755+00:00
e5af8c3b-4d59-4a30-8ec5-fd0049ee9b2d,fUSD,0.00016,120,2,-10009162.66122322,demand,2026-10-04T18:47:00.845755+00:00
e5af8c3b-4d59-4a30-8ec5-fd0049ee9b2d,fUSD,0.000152,45,3,-6000.0,demand,2026-10-04T18:47:00.845755+00:00
e5af8c3b-4d59-4a30-8ec5-fd0049ee9b2d,fUSD,0.0001503,90,1,-20000.0,demand,2026-10-04T18:47:00.845755+00:00
e5af8c3b-4d59-4a30-8ec5-fd0049ee9b2d,fUSD,0.00015,29,1,-10580.0,demand,2026-10-04T18:47:00.845755+00:00
e5af8c3b-4d59-4a30-8ec5-fd0049ee9b2d,fUSD,0.00015,2,1,-1743506.01109614,demand,2026-10-04T18:47:00.845755+00:00
e5af8c3b-4d59-4a30-8ec5-fd0049ee9b2d,fUSD,0.000148,30,3,-4500.0,demand,2026-10-04T18:47:00.845755+00:00
e5af8c3b-4d59-4a30-8ec5-fd0049ee9b2d,fUSD,0.000146,30,5,-4500.0,demand,2026-10-04T18:47:00.845755+00:00
e5af8c3b-4d59-4a30-8ec5-fd0049ee9b2d,fUSD,0.00014252,120,1,-10770.76644364,demand,2026-10-04T18:47:00.845755+00:00
e5af8c3b-4d59-4a30-8ec5-fd0049ee9b2d,fUSD,0.000142,45,3,-4500.0,demand,2026-10-04T18:47:00.845755+00:00
e5af8c3b-4d59-4a30-8ec5-fd0049ee9b2d,fUSD,0.0001403,90,1,-20000.0,demand,2026-10-04T18:47:00.845755+00:00
e5af8c3b-4d59-4a30-8ec5-fd0049ee9b2d,fUSD,0.000138,120,1,-4750.0,demand,2026-10-04T18:47:00.845755+00:00
e5af8c3b-4d59-4a30-8ec5-fd0049ee9b2d,fUSD,0.00012757,120,1,-100000.0,demand,2026-10-04T18:47:00.845755+00:00
e5af8c3b-4d59-4a30-8ec5-fd0049ee9b2d,fUSD,0.0001221,120,1,-12587.13,demand,2026-10-04T18:47:00.845755+00:00
e5af8c3b-4d59-4a30-8ec5-fd0049ee9b2d,fUSD,0.00012109999999999999,20,1,-3847.14283321,demand,2026-10-04T18:47:00.845755+00:00
e5af8c3b-4d59-4a30-8ec5-fd0049ee9b2d,fUSD,0.00012,120,1,-200000.0,demand,2026-10-04T18:47:00.845755+00:00
e5af8c3b-4d59-4a30-8ec5-fd0049ee9b2d,fUSD,0.000153,2,1,701.9415993,offer,2026-10-04T18:47:00.845755+00:00
e5af8c3b-4d59-4a30-8ec5-fd0049ee9b2d,fUSD,0.00015621500000000002,2,1,903.52196304,offer,2026-10-04T18:47:00.845755+00:00
e5af8c3b-4d59-4a30-8ec5-fd0049ee9b2d,fUSD,0.00015943000000000004,2,15,7413.81223101,offer,2026-10-04T18:47:00.845755+00:00
e5af8c3b-4d59-4a30-8ec5-fd0049ee9b2d,fUSD,0.000164,2,1,249.88832487,offer,2026-10-04T18:47:00.845755+00:00
e5af8c3b-4d59-4a30-8ec5-fd0049ee9b2d,fUSD,0.00016411205504780285,2,1,160.0,offer,2026-10-04T18:47:00.845755+00:00
e5af8c3b-4d59-4a30-8ec5-fd0049ee9b2d,fUSD,0.00016563,2,1,150.0,offer,2026-10-04T18:47:00.845755+00:00
e5af8c3b-4d59-4a30-8ec5-fd0049ee9b2d,fUSD,0.0001657653160395741,2,1,2714.15,offer,2026-10-04T18:47:00.845755+00:00
e5af8c3b-4d59-4a30-8ec5-fd0049ee9b2d,fUSD,0.000166,2,1,399.88832487,offer,2026-10-04T18:47:00.845755+00:00
e5af8c3b-4d59-4a30-8ec5-fd0049ee9b2d,fUSD,0.00016657889668614256,2,1,460.15006185,offer,2026-10-04T18:47:00.845755+00:00
e5af8c3b-4d59-4a30-8ec5-fd0049ee9b2d,fUSD,0.00016698020912789743,2,1,1269.64495892,offer,2026-10-04T18:47:00.845755+00:00
e5af8c3b-4d59-4a30-8ec5-fd0049ee9b2d,fUSD,0.00016698021389856545,2,1,160.0,offer,2026-10-04T18:47:00.845755+00:00
e5af8c3b-4d59-4a30-8ec5-fd0049ee9b2d,fUSD,0.0001669817359063681,2,1,160.0,offer,2026-10-04T18:47:00.845755+00:00
e5af8c3b-4d59-4a30-8ec5-fd0049ee9b2d,fUSD,0.000168,2,1,399.88832487,offer,2026-10-04T18:47:00.845755+00:00
e5af8c3b-4d59-4a30-8ec5-fd0049ee9b2d,fUSD,0.000169,2,1,399.88832487,offer,2026-10-04T18:47:00.845755+00:00
e5af8c3b-4d59-4a30-8ec5-fd0049ee9b2d,fUSD,0.000171,2,1,399.88832487,offer,2026-10-04T18:47:00.845755+00:00
e5af8c3b-4d59-4a30-8ec5-fd0049ee9b2d,fUSD,0.0001712,2,1,306.31,offer,2026-10-04T18:47:00.845755+00:00
e5af8c3b-4d59-4a30-8ec5-fd0049ee9b2d,fUSD,0.0001712,7,1,224.38,offer,2026-10-04T18:47:00.845755+00:00
e5af8c3b-4d59-4a30-8ec5-fd0049ee9b2d,fUSD,0.0001714497,2,1,431.73,offer,2026-10-04T18:47:00.845755+00:00
e5af8c3b-4d59-4a30-8ec5-fd0049ee9b2d,fUSD,0.00017961,2,1,1430.646,offer,2026-10-04T18:47:00.845755+00:00
e5af8c3b-4d59-4a30-8ec5-fd0049ee9b2d,fUSD,0.00018,2,1,175.79035227,offer,2026-10-04T18:47:00.845755+00:00
e5af8c3b-4d59-4a30-8ec5-fd0049ee9b2d,fUSD,0.000182,2,1,175.79035227,offer,2026-10-04T18:47:00.845755+00:00
e5af8c3b-4d59-4a30-8ec5-fd0049ee9b2d,fUSD,0.00018307123287671234,2,1,151.0,offer,2026-10-04T18:47:00.845755+00:00
e5af8c3b-4d59-4a30-8ec5-fd0049ee9b2d,fUSD,0.000184,2,1,175.79035227,offer,2026-10-04T18:47:00.845755+00:00
e5af8c3b-4d59-4a30-8ec5-fd0049ee9b2d,fUSD,0.000185,2,1,175.79035227,offer,2026-10-04T18:47:00.845755+00:00
e5af8c3b-4d59-4a30-8ec5-fd0049ee9b2d,fUSD,0.00019178082191780824,2,1,150.0,offer,2026-10-04T18:47:00.845755+00:00
5bba346d-88ea-4bd9-b163-e1f5cb9916c5,fUSD,0.00100275457,2,1,-150.0,demand,2026-10-04T19:47:01.062327+00:00
5bba346d-88ea-4bd9-b163-e1f5cb9916c5,fUSD,0.0002602739726027397,120,1,-7785437.32668886,demand,2026-10-04T19:47:01.062327+00:00
5bba346d-88ea-4bd9-b163-e1f5cb9916c5,fUSD,0.00024275457,2,1,-4827.07176431,demand,2026-10-04T19:47:01.062327+00:00
5bba346d-88ea-4bd9-b163-e1f5cb9916c5,fUSD,0.00018,60,1,-5848.4216,demand,2026-10-04T19:47:01.062327+00:00
5bba346d-88ea-4bd9-b163-e1f5cb9916c5,fUSD,0.000171201,30,1,-30000.0,demand,2026-10-04T19:47:01.062327+00:00
5bba346d-88ea-4bd9-b163-e1f5cb9916c5,fUSD,0.0001712,120,1,-20000.0,demand,2026-10-04T19:47:01.062327+00:00
5bba346d-88ea-4bd9-b163-e1f5cb9916c5,fUSD,0.00017111,120,1,-2000000.0,demand,2026-10-04T19:47:01.062327+00:00
5bba346d-88ea-4bd9-b163-e1f5cb9916c5,fUSD,0.000161,120,1,-100000.0,demand,2026-10-04T19:47:01.062327+00:00
5bba346d-88ea-4bd9-b163-e1f5cb9916c5,fUSD,0.000161,60,1,-18157.0,demand,2026-10-04T19:47:01.062327+00:00
5bba346d-88ea-4bd9-b163-e1f5cb9916c5,fUSD,0.0001603,120,1,-20000.0,demand,2026-10-04T19:47:01.062327+00:00
5bba346d-88ea-4bd9-b163-e1f5cb9916c5,fUSD,0.0001601,10,1,-50000.0,demand,2026-10-04T19:47:01.062327+00:00
5bba346d-88ea-4bd9-b163-e1f5cb9916c5,fUSD,0.00016,120,2,-10009162.66122322,demand,2026-10-04T19:47:01.062327+00:00
5bba346d-88ea-4bd9-b163-e1f5cb9916c5,fUSD,0.000152,45,3,-6000.0,demand,2026-10-04T19:47:01.062327+00:00
5bba346d-88ea-4bd9-b163-e1f5cb9916c5,fUSD,0.0001503,90,1,-20000.0,demand,2026-10-04T19:47:01.062327+00:00
5bba346d-88ea-4bd9-b163-e1f5cb9916c5,fUSD,0.00015,29,1,-10580.0,demand,2026-10-04T19:47:01.062327+00:00
5bba346d-88ea-4bd9-b163-e1f5cb9916c5,fUSD,0.00015,2,2,-5791042.02615546,demand,2026-10-04T19:47:01.062327+00:00
5bba346d-88ea-4bd9-b163-e1f5cb9916c5,fUSD,0.000148,30,3,-4500.0,demand,2026-10-04T19:47:01.062327+00:00
5bba346d-88ea-4bd9-b163-e1f5cb9916c5,fUSD,0.000146,30,5,-4500.0,demand,2026-10-04T19:47:01.062327+00:00
5bba346d-88ea-4bd9-b163-e1f5cb9916c5,fUSD,0.00014252,120,1,-10770.76644364,demand,2026-10-04T19:47:01.062327+00:00
5bba346d-88ea-4bd9-b163-e1f5cb9916c5,fUSD,0.000142,45,3,-4500.0,demand,2026-10-04T19:47:01.062327+00:00
5bba346d-88ea-4bd9-b163-e1f5cb9916c5,fUSD,0.0001403,90,1,-20000.0,demand,2026-10-04T19:47:01.062327+00:00
5bba346d-88ea-4bd9-b163-e1f5cb9916c5,fUSD,0.000138,120,1,-4750.0,demand,2026-10-04T19:47:01.062327+00:00
5bba346d-88ea-4bd9-b163-e1f5cb9916c5,fUSD,0.00012757,120,1,-100000.0,demand,2026-10-04T19:47:01.062327+00:00
5bba346d-88ea-4bd9-b163-e1f5cb9916c5,fUSD,0.0001221,120,1,-12587.13,demand,2026-10-04T19:47:01.062327+00:00
5bba346d-88ea-4bd9-b163-e1f5cb9916c5,fUSD,0.00012109999999999999,20,1,-3847.14283321,demand,2026-10-04T19:47:01.062327+00:00
5bba346d-88ea-4bd9-b163-e1f5cb9916c5,fUSD,0.00015241650000000003,2,1,500.0,offer,2026-10-04T19:47:01.062327+00:00
5bba346d-88ea-4bd9-b163-e1f5cb9916c5,fUSD,0.0001529167,2,2,835.23034272,offer,2026-10-04T19:47:01.062327+00:00
5bba346d-88ea-4bd9-b163-e1f5cb9916c5,fUSD,0.00015292602739726027,2,1,188.39086174,offer,2026-10-04T19:47:01.062327+00:00
5bba346d-88ea-4bd9-b163-e1f5cb9916c5,fUSD,0.0001529267,2,1,1715.37,offer,2026-10-04T19:47:01.062327+00:00
5bba346d-88ea-4bd9-b163-e1f5cb9916c5,fUSD,0.000153,2,1,701.9415993,offer,2026-10-04T19:47:01.062327+00:00
5bba346d-88ea-4bd9-b163-e1f5cb9916c5,fUSD,0.0001532525,2,1,1426.1,offer,2026-10-04T19:47:01.062327+00:00
5bba346d-88ea-4bd9-b163-e1f5cb9916c5,fUSD,0.00015378,2,1,207.62695678,offer,2026-10-04T19:47:01.062327+00:00
5bba346d-88ea-4bd9-b163-e1f5cb9916c5,fUSD,0.0001547780821917808,2,1,339.21005445,offer,2026-10-04T19:47:01.062327+00:00
5bba346d-88ea-4bd9-b163-e1f5cb9916c5,fUSD,0.000155229137,2,1,170.08,offer,2026-10-04T19:47:01.062327+00:00
5bba346d-88ea-4bd9-b163-e1f5cb9916c5,fUSD,0.00015647483287671232,2,1,234.63,offer,2026-10-04T19:47:01.062327+00:00
5bba346d-88ea-4bd9-b163-e1f5cb9916c5,fUSD,0.00015674998767123288,2,1,1715.37,offer,2026-10-04T19:47:01.062327+00:00
5bba346d-88ea-4bd9-b163-e1f5cb9916c5,fUSD,0.0001579,2,1,795.0,offer,2026-10-04T19:47:01.062327+00:00
5bba346d-88ea-4bd9-b163-e1f5cb9916c5,fUSD,0.00015821,2,1,545.0,offer,2026-10-04T19:47:01.062327+00:00
5bba346d-88ea-4bd9-b163-e1f5cb9916c5,fUSD,0.00015822,2,1,9415.0,offer,2026-10-04T19:47:01.062327+00:00
5bba346d-88ea-4bd9-b163-e1f5cb9916c5,fUSD,0.00015836,2,1,1726.0,offer,2026-10-04T19:47:01.062327+00:00
5bba346d-88ea-4bd9-b163-e1f5cb9916c5,fUSD,0.00015837,2,1,5798.50715976,offer,2026-10-04T19:47:01.062327+00:00
5bba346d-88ea-4bd9-b163-e1f5cb9916c5,fUSD,0.00015853,2,2,17752.0,offer,2026-10-04T19:47:01.062327+00:00
5bba346d-88ea-4bd9-b163-e1f5cb9916c5,fUSD,0.00015867,2,1,669.0,offer,2026-10-04T19:47:01.062327+00:00
5bba346d-88ea-4bd9-b163-e1f5cb9916c5,fUSD,0.0001587,2,1,1923.0,offer,2026-10-04T19:47:01.062327+00:00
5bba346d-88ea-4bd9-b163-e1f5cb9916c5,fUSD,0.00015874,2,1,3533.0,offer,2026-10-04T19:47:01.062327+00:00
5bba346d-88ea-4bd9-b163-e1f5cb9916c5,fUSD,0.00015884,2,1,1216.0,offer,2026-10-04T19:47:01.062327+00:00
5bba346d-88ea-4bd9-b163-e1f5cb9916c5,fUSD,0.00015885,2,1,7209.0,offer,2026-10-04T19:47:01.062327+00:00
5bba346d-88ea-4bd9-b163-e1f5cb9916c5,fUSD,0.00015894,2,1,300.0,offer,2026-10-04T19:47:01.062327+00:00
5bba346d-88ea-4bd9-b163-e1f5cb9916c5,fUSD,0.00015899,2,1,680.0,offer,2026-10-04T19:47:01.062327+00:00
5bba346d-88ea-4bd9-b163-e1f5cb9916c5,fUSD,0.00015901,2,1,1600.0,offer,2026-10-04T19:47:01.062327+00:00
d9d9b868-e397-4c32-bd98-d098b79fa7f4,fUSD,0.00034275457,2,1,-150.0,demand,2026-10-04T20:47:00.873947+00:00
d9d9b868-e397-4c32-bd98-d098b79fa7f4,fUSD,0.0002602739726027397,120,1,-7776153.62510849,demand,2026-10-04T20:47:00.873947+00:00
d9d9b868-e397-4c32-bd98-d098b79fa7f4,fUSD,0.00025,2,1,-2741.36407091,demand,2026-10-04T20:47:00.873947+00:00
d9d9b868-e397-4c32-bd98-d098b79fa7f4,fUSD,0.00018,60,1,-5848.4216,demand,2026-10-04T20:47:00.873947+00:00
d9d9b868-e397-4c32-bd98-d098b79fa7f4,fUSD,0.000171201,30,1,-30000.0,demand,2026-10-04T20:47:00.873947+00:00
d9d9b868-e397-4c32-bd98-d098b79fa7f4,fUSD,0.0001712,120,1,-20000.0,demand,2026-10-04T20:47:00.873947+00:00
d9d9b868-e397-4c32-bd98-d098b79fa7f4,fUSD,0.00017111,120,1,-2000000.0,demand,2026-10-04T20:47:00.873947+00:00
d9d9b868-e397-4c32-bd98-d098b79fa7f4,fUSD,0.000161,120,1,-100000.0,demand,2026-10-04T20:47:00.873947+00:00
d9d9b868-e397-4c32-bd98-d098b79fa7f4,fUSD,0.000161,60,1,-18157.0,demand,2026-10-04T20:47:00.873947+00:00
d9d9b868-e397-4c32-bd98-d098b79fa7f4,fUSD,0.0001603,120,1,-20000.0,demand,2026-10-04T20:47:00.873947+00:00
d9d9b868-e397-4c32-bd98-d098b79fa7f4,fUSD,0.0001601,10,1,-50000.0,demand,2026-10-04T20:47:00.873947+00:00
d9d9b868-e397-4c32-bd98-d098b79fa7f4,fUSD,0.00016,120,2,-10009162.66122322,demand,2026-10-04T20:47:00.873947+00:00
d9d9b868-e397-4c32-bd98-d098b79fa7f4,fUSD,0.000152,45,3,-6000.0,demand,2026-10-04T20:47:00.873947+00:00
d9d9b868-e397-4c32-bd98-d098b79fa7f4,fUSD,0.0001503,90,1,-20000.0,demand,2026-10-04T20:47:00.873947+00:00
d9d9b868-e397-4c32-bd98-d098b79fa7f4,fUSD,0.00015,29,1,-10580.0,demand,2026-10-04T20:47:00.873947+00:00
d9d9b868-e397-4c32-bd98-d098b79fa7f4,fUSD,0.00015,2,1,-4966369.55335125,demand,2026-10-04T20:47:00.873947+00:00
d9d9b868-e397-4c32-bd98-d098b79fa7f4,fUSD,0.000148,30,3,-4500.0,demand,2026-10-04T20:47:00.873947+00:00
d9d9b868-e397-4c32-bd98-d098b79fa7f4,fUSD,0.000146,30,5,-4500.0,demand,2026-10-04T20:47:00.873947+00:00
d9d9b868-e397-4c32-bd98-d098b79fa7f4,fUSD,0.00014252,120,1,-10770.76644364,demand,2026-10-04T20:47:00.873947+00:00
d9d9b868-e397-4c32-bd98-d098b79fa7f4,fUSD,0.000142,45,3,-4500.0,demand,2026-10-04T20:47:00.873947+00:00
d9d9b868-e397-4c32-bd98-d098b79fa7f4,fUSD,0.0001403,90,1,-20000.0,demand,2026-10-04T20:47:00.873947+00:00
d9d9b868-e397-4c32-bd98-d098b79fa7f4,fUSD,0.000138,120,1,-4750.0,demand,2026-10-04T20:47:00.873947+00:00
d9d9b868-e397-4c32-bd98-d098b79fa7f4,fUSD,0.00012757,120,1,-100000.0,demand,2026-10-04T20:47:00.873947+00:00
d9d9b868-e397-4c32-bd98-d098b79fa7f4,fUSD,0.0001221,120,1,-12587.13,demand,2026-10-04T20:47:00.873947+00:00
d9d9b868-e397-4c32-bd98-d098b79fa7f4,fUSD,0.00012109999999999999,20,1,-3847.14283321,demand,2026-10-04T20:47:00.873947+00:00
d9d9b868-e397-4c32-bd98-d098b79fa7f4,fUSD,0.00015014000000000002,2,26,12809.66263755,offer,2026-10-04T20:47:00.873947+00:00
d9d9b868-e397-4c32-bd98-d098b79fa7f4,fUSD,0.00015015500000000002,2,1,872.40143048,offer,2026-10-04T20:47:00.873947+00:00
d9d9b868-e397-4c32-bd98-d098b79fa7f4,fUSD,0.00015017,2,2,659.94,offer,2026-10-04T20:47:00.873947+00:00
d9d9b868-e397-4c32-bd98-d098b79fa7f4,fUSD,0.00015018082191780823,2,1,161.7920713,offer,2026-10-04T20:47:00.873947+00:00
d9d9b868-e397-4c32-bd98-d098b79fa7f4,fUSD,0.00015042922374429224,2,1,150.0,offer,2026-10-04T20:47:00.873947+00:00
d9d9b868-e397-4c32-bd98-d098b79fa7f4,fUSD,0.00015149,2,1,150.0,offer,2026-10-04T20:47:00.873947+00:00
d9d9b868-e397-4c32-bd98-d098b79fa7f4,fUSD,0.000151773281,2,1,165.8,offer,2026-10-04T20:47:00.873947+00:00
d9d9b868-e397-4c32-bd98-d098b79fa7f4,fUSD,0.00015197,2,2,329.06775823,offer,2026-10-04T20:47:00.873947+00:00
d9d9b868-e397-4c32-bd98-d098b79fa7f4,fUSD,0.00015299,2,1,150.0,offer,2026-10-04T20:47:00.873947+00:00
d9d9b868-e397-4c32-bd98-d098b79fa7f4,fUSD,0.0001531576,2,1,319.55,offer,2026-10-04T20:47:00.873947+00:00
d9d9b868-e397-4c32-bd98-d098b79fa7f4,fUSD,0.00015335286575342467,2,1,438.14,offer,2026-10-04T20:47:00.873947+00:00
d9d9b868-e397-4c32-bd98-d098b79fa7f4,fUSD,0.00015381,2,1,5276.22372344,offer,2026-10-04T20:47:00.873947+00:00
d9d9b868-e397-4c32-bd98-d098b79fa7f4,fUSD,0.000154,2,1,603.03017747,offer,2026-10-04T20:47:00.873947+00:00
d9d9b868-e397-4c32-bd98-d098b79fa7f4,fUSD,0.00015413,2,1,158.13759687,offer,2026-10-04T20:47:00.873947+00:00
d9d9b868-e397-4c32-bd98-d098b79fa7f4,fUSD,0.00015449,2,1,292.0,offer,2026-10-04T20:47:00.873947+00:00
d9d9b868-e397-4c32-bd98-d098b79fa7f4,fUSD,0.0001545,2,8,186519.40973394,offer,2026-10-04T20:47:00.873947+00:00
d9d9b868-e397-4c32-bd98-d098b79fa7f4,fUSD,0.00015450333462851962,2,1,495.41939301,offer,2026-10-04T20:47:00.873947+00:00
d9d9b868-e397-4c32-bd98-d098b79fa7f4,fUSD,0.00015454,2,1,16402.87612163,offer,2026-10-04T20:47:00.873947+00:00
d9d9b868-e397-4c32-bd98-d098b79fa7f4,fUSD,0.00015461,2,1,9279.0,offer,2026-10-04T20:47:00.873947+00:00
d9d9b868-e397-4c32-bd98-d098b79fa7f4,fUSD,0.00015464,2,1,12439.0,offer,2026-10-04T20:47:00.873947+00:00
d9d9b868-e397-4c32-bd98-d098b79fa7f4,fUSD,0.00015474,2,1,9170.0,offer,2026-10-04T20:47:00.873947+00:00
d9d9b868-e397-4c32-bd98-d098b79fa7f4,fUSD,0.00015475,2,1,624.0,offer,2026-10-04T20:47:00.873947+00:00
d9d9b868-e397-4c32-bd98-d098b79fa7f4,fUSD,0.0001548,2,2,1104.66345929,offer,2026-10-04T20:47:00.873947+00:00
d9d9b868-e397-4c32-bd98-d098b79fa7f4,fUSD,0.00015481,2,2,38347.52195706,offer,2026-10-04T20:47:00.873947+00:00
d9d9b868-e397-4c32-bd98-d098b79fa7f4,fUSD,0.00015482,2,1,471.0,offer,2026-10-04T20:47:00.873947+00:00
4944d345-764a-455d-9558-8f19cdde8b0b,fUSD,0.00052275457,2,1,-150.0,demand,2026-10-04T21:47:00.895187+00:00
4944d345-764a-455d-9558-8f19cdde8b0b,fUSD,0.0002602739726027397,120,1,-7770030.43882974,demand,2026-10-04T21:47:00.895187+00:00
4944d345-764a-455d-9558-8f19cdde8b0b,fUSD,0.00018,60,1,-5848.4216,demand,2026-10-04T21:47:00.895187+00:00
4944d345-764a-455d-9558-8f19cdde8b0b,fUSD,0.000171201,30,1,-30000.0,demand,2026-10-04T21:47:00.895187+00:00
4944d345-764a-455d-9558-8f19cdde8b0b,fUSD,0.0001712,120,1,-20000.0,demand,2026-10-04T21:47:00.895187+00:00
4944d345-764a-455d-9558-8f19cdde8b0b,fUSD,0.00017111,120,1,-2000000.0,demand,2026-10-04T21:47:00.895187+00:00
4944d345-764a-455d-9558-8f19cdde8b0b,fUSD,0.000161,120,1,-100000.0,demand,2026-10-04T21:47:00.895187+00:00
4944d345-764a-455d-9558-8f19cdde8b0b,fUSD,0.000161,60,1,-18157.0,demand,2026-10-04T21:47:00.895187+00:00
4944d345-764a-455d-9558-8f19cdde8b0b,fUSD,0.0001603,120,1,-20000.0,demand,2026-10-04T21:47:00.895187+00:00
4944d345-764a-455d-9558-8f19cdde8b0b,fUSD,0.0001601,10,1,-50000.0,demand,2026-10-04T21:47:00.895187+00:00
4944d345-764a-455d-9558-8f19cdde8b0b,fUSD,0.00016,120,2,-10009162.66122322,demand,2026-10-04T21:47:00.895187+00:00
4944d345-764a-455d-9558-8f19cdde8b0b,fUSD,0.000152,45,3,-6000.0,demand,2026-10-04T21:47:00.895187+00:00
4944d345-764a-455d-9558-8f19cdde8b0b,fUSD,0.0001503,90,1,-20000.0,demand,2026-10-04T21:47:00.895187+00:00
4944d345-764a-455d-9558-8f19cdde8b0b,fUSD,0.00015017,7,1,-277.56092335,demand,2026-10-04T21:47:00.895187+00:00
4944d345-764a-455d-9558-8f19cdde8b0b,fUSD,0.00015,29,1,-10580.0,demand,2026-10-04T21:47:00.895187+00:00
4944d345-764a-455d-9558-8f19cdde8b0b,fUSD,0.00015,2,1,-4240873.97086006,demand,2026-10-04T21:47:00.895187+00:00
4944d345-764a-455d-9558-8f19cdde8b0b,fUSD,0.000148,30,3,-4500.0,demand,2026-10-04T21:47:00.895187+00:00
4944d345-764a-455d-9558-8f19cdde8b0b,fUSD,0.000146,30,5,-4500.0,demand,2026-10-04T21:47:00.895187+00:00
4944d345-764a-455d-9558-8f19cdde8b0b,fUSD,0.00014252,120,1,-10770.76644364,demand,2026-10-04T21:47:00.895187+00:00
4944d345-764a-455d-9558-8f19cdde8b0b,fUSD,0.000142,45,3,-4500.0,demand,2026-10-04T21:47:00.895187+00:00
4944d345-764a-455d-9558-8f19cdde8b0b,fUSD,0.0001403,90,1,-20000.0,demand,2026-10-04T21:47:00.895187+00:00
4944d345-764a-455d-9558-8f19cdde8b0b,fUSD,0.000138,120,1,-4750.0,demand,2026-10-04T21:47:00.895187+00:00
4944d345-764a-455d-9558-8f19cdde8b0b,fUSD,0.00012757,120,1,-100000.0,demand,2026-10-04T21:47:00.895187+00:00
4944d345-764a-455d-9558-8f19cdde8b0b,fUSD,0.0001221,120,1,-12587.13,demand,2026-10-04T21:47:00.895187+00:00
4944d345-764a-455d-9558-8f19cdde8b0b,fUSD,0.00012109999999999999,20,1,-3847.14283321,demand,2026-10-04T21:47:00.895187+00:00
4944d345-764a-455d-9558-8f19cdde8b0b,fUSD,0.00015142585000000008,2,16,7651.9104012,offer,2026-10-04T21:47:00.895187+00:00
4944d345-764a-455d-9558-8f19cdde8b0b,fUSD,0.00015145085050000004,2,1,150.0,offer,2026-10-04T21:47:00.895187+00:00
4944d345-764a-455d-9558-8f19cdde8b0b,fUSD,0.000151465851,2,2,661.67,offer,2026-10-04T21:47:00.895187+00:00
4944d345-764a-455d-9558-8f19cdde8b0b,fUSD,0.00015148585000000005,2,4,1509.9,offer,2026-10-04T21:47:00.895187+00:00
4944d345-764a-455d-9558-8f19cdde8b0b,fUSD,0.0001519801602739726,2,1,472.6,offer,2026-10-04T21:47:00.895187+00:00
4944d345-764a-455d-9558-8f19cdde8b0b,fUSD,0.000152,2,1,4093.67217037,offer,2026-10-04T21:47:00.895187+00:00
4944d345-764a-455d-9558-8f19cdde8b0b,fUSD,0.00015311516438356164,2,1,876.24352903,offer,2026-10-04T21:47:00.895187+00:00
4944d345-764a-455d-9558-8f19cdde8b0b,fUSD,0.00015379,2,2,22211.82117805,offer,2026-10-04T21:47:00.895187+00:00
4944d345-764a-455d-9558-8f19cdde8b0b,fUSD,0.00015395890410958905,2,1,5687.27573299,offer,2026-10-04T21:47:00.895187+00:00
4944d345-764a-455d-9558-8f19cdde8b0b,fUSD,0.00015400000000000003,2,1,741.29587788,offer,2026-10-04T21:47:00.895187+00:00
4944d345-764a-455d-9558-8f19cdde8b0b,fUSD,0.00015451,2,7,3502.11537468,offer,2026-10-04T21:47:00.895187+00:00
4944d345-764a-455d-9558-8f19cdde8b0b,fUSD,0.000154524,2,1,200.0,offer,2026-10-04T21:47:00.895187+00:00
4944d345-764a-455d-9558-8f19cdde8b0b,fUSD,0.000154534,2,2,400.0,offer,2026-10-04T21:47:00.895187+00:00
4944d345-764a-455d-9558-8f19cdde8b0b,fUSD,0.00015477,2,2,33913.17578245,offer,2026-10-04T21:47:00.895187+00:00
4944d345-764a-455d-9558-8f19cdde8b0b,fUSD,0.00015478,2,12,167586.82421755,offer,2026-10-04T21:47:00.895187+00:00
4944d345-764a-455d-9558-8f19cdde8b0b,fUSD,0.00015478082191780823,2,2,792150.84501457,offer,2026-10-04T21:47:00.895187+00:00
4944d345-764a-455d-9558-8f19cdde8b0b,fUSD,0.00015478095890410958,2,1,151.0,offer,2026-10-04T21:47:00.895187+00:00
4944d345-764a-455d-9558-8f19cdde8b0b,fUSD,0.00015478356164383563,2,1,1835.72946389,offer,2026-10-04T21:47:00.895187+00:00
4944d345-764a-455d-9558-8f19cdde8b0b,fUSD,0.00015478727,2,5,10184.0409411,offer,2026-10-04T21:47:00.895187+00:00
4944d345-764a-455d-9558-8f19cdde8b0b,fUSD,0.0001547890410958904,2,2,2842.48679174,offer,2026-10-04T21:47:00.895187+00:00
4944d345-764a-455d-9558-8f19cdde8b0b,fUSD,0.00015478999999999997,2,1,300.0,offer,2026-10-04T21:47:00.895187+00:00
4944d345-764a-455d-9558-8f19cdde8b0b,fUSD,0.00015479,2,17,7983.78436477,offer,2026-10-04T21:47:00.895187+00:00
4944d345-764a-455d-9558-8f19cdde8b0b,fUSD,0.00015479191780821917,2,1,151.0,offer,2026-10-04T21:47:00.895187+00:00
4944d345-764a-455d-9558-8f19cdde8b0b,fUSD,0.0001548,2,14,5294.537152,offer,2026-10-04T21:47:00.895187+00:00
4944d345-764a-455d-9558-8f19cdde8b0b,fUSD,0.00015480273972602742,5,1,416.0,offer,2026-10-04T21:47:00.895187+00:00
544fba90-c61a-4274-b30f-9c05d50f4ea7,fUSD,0.00066275457,2,1,-150.0,demand,2026-10-04T22:47:00.697439+00:00
544fba90-c61a-4274-b30f-9c05d50f4ea7,fUSD,0.0002602739726027397,120,1,-7766293.32538058,demand,2026-10-04T22:47:00.697439+00:00
544fba90-c61a-4274-b30f-9c05d50f4ea7,fUSD,0.00024275457,2,1,-4827.07176431,demand,2026-10-04T22:47:00.697439+00:00
544fba90-c61a-4274-b30f-9c05d50f4ea7,fUSD,0.00018,60,1,-5848.4216,demand,2026-10-04T22:47:00.697439+00:00
544fba90-c61a-4274-b30f-9c05d50f4ea7,fUSD,0.000171201,30,1,-30000.0,demand,2026-10-04T22:47:00.697439+00:00
544fba90-c61a-4274-b30f-9c05d50f4ea7,fUSD,0.0001712,120,1,-20000.0,demand,2026-10-04T22:47:00.697439+00:00
544fba90-c61a-4274-b30f-9c05d50f4ea7,fUSD,0.00017111,120,1,-2000000.0,demand,2026-10-04T22:47:00.697439+00:00
544fba90-c61a-4274-b30f-9c05d50f4ea7,fUSD,0.000161,120,1,-100000.0,demand,2026-10-04T22:47:00.697439+00:00
544fba90-c61a-4274-b30f-9c05d50f4ea7,fUSD,0.000161,60,1,-18157.0,demand,2026-10-04T22:47:00.697439+00:00
544fba90-c61a-4274-b30f-9c05d50f4ea7,fUSD,0.0001603,120,1,-20000.0,demand,2026-10-04T22:47:00.697439+00:00
544fba90-c61a-4274-b30f-9c05d50f4ea7,fUSD,0.0001601,10,1,-50000.0,demand,2026-10-04T22:47:00.697439+00:00
544fba90-c61a-4274-b30f-9c05d50f4ea7,fUSD,0.00016,120,2,-10009162.66122322,demand,2026-10-04T22:47:00.697439+00:00
544fba90-c61a-4274-b30f-9c05d50f4ea7,fUSD,0.000152,45,3,-6000.0,demand,2026-10-04T22:47:00.697439+00:00
544fba90-c61a-4274-b30f-9c05d50f4ea7,fUSD,0.0001503,90,1,-20000.0,demand,2026-10-04T22:47:00.697439+00:00
544fba90-c61a-4274-b30f-9c05d50f4ea7,fUSD,0.00015,29,1,-10580.0,demand,2026-10-04T22:47:00.697439+00:00
544fba90-c61a-4274-b30f-9c05d50f4ea7,fUSD,0.00015,2,1,-4227791.61835898,demand,2026-10-04T22:47:00.697439+00:00
544fba90-c61a-4274-b30f-9c05d50f4ea7,fUSD,0.000148,30,3,-4500.0,demand,2026-10-04T22:47:00.697439+00:00
544fba90-c61a-4274-b30f-9c05d50f4ea7,fUSD,0.000146,30,5,-4500.0,demand,2026-10-04T22:47:00.697439+00:00
544fba90-c61a-4274-b30f-9c05d50f4ea7,fUSD,0.00014252,120,1,-10770.76644364,demand,2026-10-04T22:47:00.697439+00:00
544fba90-c61a-4274-b30f-9c05d50f4ea7,fUSD,0.000142,45,3,-4500.0,demand,2026-10-04T22:47:00.697439+00:00
544fba90-c61a-4274-b30f-9c05d50f4ea7,fUSD,0.0001403,90,1,-20000.0,demand,2026-10-04T22:47:00.697439+00:00
544fba90-c61a-4274-b30f-9c05d50f4ea7,fUSD,0.000138,120,1,-4750.0,demand,2026-10-04T22:47:00.697439+00:00
544fba90-c61a-4274-b30f-9c05d50f4ea7,fUSD,0.00012757,120,1,-100000.0,demand,2026-10-04T22:47:00.697439+00:00
544fba90-c61a-4274-b30f-9c05d50f4ea7,fUSD,0.0001221,120,1,-12587.13,demand,2026-10-04T22:47:00.697439+00:00
544fba90-c61a-4274-b30f-9c05d50f4ea7,fUSD,0.00012109999999999999,20,1,-3847.14283321,demand,2026-10-04T22:47:00.697439+00:00
544fba90-c61a-4274-b30f-9c05d50f4ea7,fUSD,0.00015807,2,2,784.62094408,offer,2026-10-04T22:47:00.697439+00:00
544fba90-c61a-4274-b30f-9c05d50f4ea7,fUSD,0.00016168319166666667,2,3,958.63716214,offer,2026-10-04T22:47:00.697439+00:00
544fba90-c61a-4274-b30f-9c05d50f4ea7,fUSD,0.0001618477,2,1,203.26,offer,2026-10-04T22:47:00.697439+00:00
544fba90-c61a-4274-b30f-9c05d50f4ea7,fUSD,0.00016651984104,2,1,158.92,offer,2026-10-04T22:47:00.697439+00:00
544fba90-c61a-4274-b30f-9c05d50f4ea7,fUSD,0.00016661868748721887,2,1,588.85660505,offer,2026-10-04T22:47:00.697439+00:00
544fba90-c61a-4274-b30f-9c05d50f4ea7,fUSD,0.00016712328767123287,2,1,169.62,offer,2026-10-04T22:47:00.697439+00:00
544fba90-c61a-4274-b30f-9c05d50f4ea7,fUSD,0.00016716319166666668,2,1,151.71760786,offer,2026-10-04T22:47:00.697439+00:00
544fba90-c61a-4274-b30f-9c05d50f4ea7,fUSD,0.00016739974457201455,2,1,588.85660505,offer,2026-10-04T22:47:00.697439+00:00
544fba90-c61a-4274-b30f-9c05d50f4ea7,fUSD,0.00016801625971716734,2,1,588.85660505,offer,2026-10-04T22:47:00.697439+00:00
544fba90-c61a-4274-b30f-9c05d50f4ea7,fUSD,0.000168189026,2,19,15889.3241713,offer,2026-10-04T22:47:00.697439+00:00
544fba90-c61a-4274-b30f-9c05d50f4ea7,fUSD,0.00016829,2,11,5802.19,offer,2026-10-04T22:47:00.697439+00:00
544fba90-c61a-4274-b30f-9c05d50f4ea7,fUSD,0.00016873902599999998,2,2,9703.16786547,offer,2026-10-04T22:47:00.697439+00:00
544fba90-c61a-4274-b30f-9c05d50f4ea7,fUSD,0.00016875221082828646,2,1,588.85660505,offer,2026-10-04T22:47:00.697439+00:00
544fba90-c61a-4274-b30f-9c05d50f4ea7,fUSD,0.00016875328930530386,2,4,1721.30835493,offer,2026-10-04T22:47:00.697439+00:00
544fba90-c61a-4274-b30f-9c05d50f4ea7,fUSD,0.00016882425369245098,2,1,519.60497742,offer,2026-10-04T22:47:00.697439+00:00
544fba90-c61a-4274-b30f-9c05d50f4ea7,fUSD,0.00016928902599999996,2,2,10056.59807649,offer,2026-10-04T22:47:00.697439+00:00
544fba90-c61a-4274-b30f-9c05d50f4ea7,fUSD,0.00016930055197692372,2,1,1269.64495892,offer,2026-10-04T22:47:00.697439+00:00
544fba90-c61a-4274-b30f-9c05d50f4ea7,fUSD,0.00016931,2,1,3981.0,offer,2026-10-04T22:47:00.697439+00:00
544fba90-c61a-4274-b30f-9c05d50f4ea7,fUSD,0.00016935,2,2,7064.0,offer,2026-10-04T22:47:00.697439+00:00
544fba90-c61a-4274-b30f-9c05d50f4ea7,fUSD,0.00016975784103431398,2,1,588.85660505,offer,2026-10-04T22:47:00.697439+00:00
544fba90-c61a-4274-b30f-9c05d50f4ea7,fUSD,0.00016983902599999998,2,2,10423.10520532,offer,2026-10-04T22:47:00.697439+00:00
544fba90-c61a-4274-b30f-9c05d50f4ea7,fUSD,0.000170389026,2,3,11318.90535171,offer,2026-10-04T22:47:00.697439+00:00
544fba90-c61a-4274-b30f-9c05d50f4ea7,fUSD,0.0001706075,2,1,349.34,offer,2026-10-04T22:47:00.697439+00:00
544fba90-c61a-4274-b30f-9c05d50f4ea7,fUSD,0.00017073749599999996,2,37,11183.37078082,offer,2026-10-04T22:47:00.697439+00:00
544fba90-c61a-4274-b30f-9c05d50f4ea7,fUSD,0.00017092902599999998,2,1,158.91985727,offer,2026-10-04T22:47:00.697439+00:00
e97115b9-ba4e-45ce-bc3a-ab8d127ebf2d,fUSD,0.0003978,2,1,-150.0,demand,2026-10-04T23:47:00.799607+00:00
e97115b9-ba4e-45ce-bc3a-ab8d127ebf2d,fUSD,0.0002602739726027397,120,1,-7749017.73927921,demand,2026-10-04T23:47:00.799607+00:00
e97115b9-ba4e-45ce-bc3a-ab8d127ebf2d,fUSD,0.00018,60,1,-5848.4216,demand,2026-10-04T23:47:00.799607+00:00
e97115b9-ba4e-45ce-bc3a-ab8d127ebf2d,fUSD,0.000171201,30,1,-30000.0,demand,2026-10-04T23:47:00.799607+00:00
e97115b9-ba4e-45ce-bc3a-ab8d127ebf2d,fUSD,0.0001712,120,1,-20000.0,demand,2026-10-04T23:47:00.799607+00:00
e97115b9-ba4e-45ce-bc3a-ab8d127ebf2d,fUSD,0.00017111,120,1,-2000000.0,demand,2026-10-04T23:47:00.799607+00:00
e97115b9-ba4e-45ce-bc3a-ab8d127ebf2d,fUSD,0.000161,120,1,-100000.0,demand,2026-10-04T23:47:00.799607+00:00
e97115b9-ba4e-45ce-bc3a-ab8d127ebf2d,fUSD,0.000161,60,1,-18157.0,demand,2026-10-04T23:47:00.799607+00:00
e97115b9-ba4e-45ce-bc3a-ab8d127ebf2d,fUSD,0.0001603,120,1,-20000.0,demand,2026-10-04T23:47:00.799607+00:00
e97115b9-ba4e-45ce-bc3a-ab8d127ebf2d,fUSD,0.00016,120,2,-10009162.66122322,demand,2026-10-04T23:47:00.799607+00:00
e97115b9-ba4e-45ce-bc3a-ab8d127ebf2d,fUSD,0.000152,45,3,-6000.0,demand,2026-10-04T23:47:00.799607+00:00
e97115b9-ba4e-45ce-bc3a-ab8d127ebf2d,fUSD,0.0001503,90,1,-20000.0,demand,2026-10-04T23:47:00.799607+00:00
e97115b9-ba4e-45ce-bc3a-ab8d127ebf2d,fUSD,0.00015,29,1,-10580.0,demand,2026-10-04T23:47:00.799607+00:00
e97115b9-ba4e-45ce-bc3a-ab8d127ebf2d,fUSD,0.00015,2,1,-4208913.5619051,demand,2026-10-04T23:47:00.799607+00:00
e97115b9-ba4e-45ce-bc3a-ab8d127ebf2d,fUSD,0.000148,30,3,-4500.0,demand,2026-10-04T23:47:00.799607+00:00
e97115b9-ba4e-45ce-bc3a-ab8d127ebf2d,fUSD,0.000146,30,5,-4500.0,demand,2026-10-04T23:47:00.799607+00:00
e97115b9-ba4e-45ce-bc3a-ab8d127ebf2d,fUSD,0.00014252,120,1,-10770.76644364,demand,2026-10-04T23:47:00.799607+00:00
e97115b9-ba4e-45ce-bc3a-ab8d127ebf2d,fUSD,0.000142,45,3,-4500.0,demand,2026-10-04T23:47:00.799607+00:00
e97115b9-ba4e-45ce-bc3a-ab8d127ebf2d,fUSD,0.0001403,90,1,-20000.0,demand,2026-10-04T23:47:00.799607+00:00
e97115b9-ba4e-45ce-bc3a-ab8d127ebf2d,fUSD,0.000138,120,1,-4750.0,demand,2026-10-04T23:47:00.799607+00:00
e97115b9-ba4e-45ce-bc3a-ab8d127ebf2d,fUSD,0.00012757,120,1,-100000.0,demand,2026-10-04T23:47:00.799607+00:00
e97115b9-ba4e-45ce-bc3a-ab8d127ebf2d,fUSD,0.0001221,120,1,-12587.13,demand,2026-10-04T23:47:00.799607+00:00
e97115b9-ba4e-45ce-bc3a-ab8d127ebf2d,fUSD,0.00012109999999999999,20,1,-3847.14283321,demand,2026-10-04T23:47:00.799607+00:00
e97115b9-ba4e-45ce-bc3a-ab8d127ebf2d,fUSD,0.00012,120,1,-200000.0,demand,2026-10-04T23:47:00.799607+00:00
e97115b9-ba4e-45ce-bc3a-ab8d127ebf2d,fUSD,0.00012,7,1,-8000.0,demand,2026-10-04T23:47:00.799607+00:00
e97115b9-ba4e-45ce-bc3a-ab8d127ebf2d,fUSD,0.00015027,2,1,300.0,offer,2026-10-04T23:47:00.799607+00:00
e97115b9-ba4e-45ce-bc3a-ab8d127ebf2d,fUSD,0.00015027095890410966,2,15,7123.11458481,offer,2026-10-04T23:47:00.799607+00:00
e97115b9-ba4e-45ce-bc3a-ab8d127ebf2d,fUSD,0.00015032,2,4,604.0,offer,2026-10-04T23:47:00.799607+00:00
e97115b9-ba4e-45ce-bc3a-ab8d127ebf2d,fUSD,0.00015037821917808226,2,1,631.03854992,offer,2026-10-04T23:47:00.799607+00:00
e97115b9-ba4e-45ce-bc3a-ab8d127ebf2d,fUSD,0.00015046547945205484,2,1,250.0,offer,2026-10-04T23:47:00.799607+00:00
e97115b9-ba4e-45ce-bc3a-ab8d127ebf2d,fUSD,0.00015064,2,16,8240.66335572,offer,2026-10-04T23:47:00.799607+00:00
e97115b9-ba4e-45ce-bc3a-ab8d127ebf2d,fUSD,0.00015196,2,1,150.0,offer,2026-10-04T23:47:00.799607+00:00
e97115b9-ba4e-45ce-bc3a-ab8d127ebf2d,fUSD,0.00015295302191780822,2,1,250.0,offer,2026-10-04T23:47:00.799607+00:00
e97115b9-ba4e-45ce-bc3a-ab8d127ebf2d,fUSD,0.00015346,2,1,150.0,offer,2026-10-04T23:47:00.799607+00:00
e97115b9-ba4e-45ce-bc3a-ab8d127ebf2d,fUSD,0.00015349,2,1,500.0,offer,2026-10-04T23:47:00.799607+00:00
e97115b9-ba4e-45ce-bc3a-ab8d127ebf2d,fUSD,0.0001548,2,1,165.85,offer,2026-10-04T23:47:00.799607+00:00
e97115b9-ba4e-45ce-bc3a-ab8d127ebf2d,fUSD,0.00015497,2,1,150.0,offer,2026-10-04T23:47:00.799607+00:00
e97115b9-ba4e-45ce-bc3a-ab8d127ebf2d,fUSD,0.00015554415068493144,2,1,876.24352903,offer,2026-10-04T23:47:00.799607+00:00
e97115b9-ba4e-45ce-bc3a-ab8d127ebf2d,fUSD,0.00015647,2,1,150.0,offer,2026-10-04T23:47:00.799607+00:00
e97115b9-ba4e-45ce-bc3a-ab8d127ebf2d,fUSD,0.00015798,2,1,193.0,offer,2026-10-04T23:47:00.799607+00:00
e97115b9-ba4e-45ce-bc3a-ab8d127ebf2d,fUSD,0.0001596784,2,2,635.84,offer,2026-10-04T23:47:00.799607+00:00
e97115b9-ba4e-45ce-bc3a-ab8d127ebf2d,fUSD,0.00016154,2,1,325.0,offer,2026-10-04T23:47:00.799607+00:00
e97115b9-ba4e-45ce-bc3a-ab8d127ebf2d,fUSD,0.0001630137,2,1,158.73,offer,2026-10-04T23:47:00.799607+00:00
e97115b9-ba4e-45ce-bc3a-ab8d127ebf2d,fUSD,0.00016532005479452064,2,3,702.21654423,offer,2026-10-04T23:47:00.799607+00:00
e97115b9-ba4e-45ce-bc3a-ab8d127ebf2d,fUSD,0.00016956,2,1,18804.0,offer,2026-10-04T23:47:00.799607+00:00
e97115b9-ba4e-45ce-bc3a-ab8d127ebf2d,fUSD,0.00017014,2,1,799.448,offer,2026-10-04T23:47:00.799607+00:00
e97115b9-ba4e-45ce-bc3a-ab8d127ebf2d,fUSD,0.00017111,2,1,877.14,offer,2026-10-04T23:47:00.799607+00:00
e97115b9-ba4e-45ce-bc3a-ab8d127ebf2d,fUSD,0.00017111,7,1,779.68,offer,2026-10-04T23:47:00.799607+00:00
e97115b9-ba4e-45ce-bc3a-ab8d127ebf2d,fUSD,0.00017208098022447604,2,1,1096.18469155,offer,2026-10-04T23:47:00.799607+00:00
e97115b9-ba4e-45ce-bc3a-ab8d127ebf2d,fUSD,0.000172869103,2,1,249.13,offer,2026-10-04T23:47:00.799607+00:00
