run_id,market,rate,period,count,amount,side,fetched_at
ee33d991-a80f-4e72-ae77-482f603a068b,fUST,0.0002671232876712329,120,1,-4911923.50454134,demand,2026-10-04T00:47:01.658937+00:00
ee33d991-a80f-4e72-ae77-482f603a068b,fUST,0.000267123287,120,2,-14451.08,demand,2026-10-04T00:47:01.658937+00:00
ee33d991-a80f-4e72-ae77-482f603a068b,fUST,0.00026653698630136984,60,1,-1331743.95051332,demand,2026-10-04T00:47:01.658937+00:00
ee33d991-a80f-4e72-ae77-482f603a068b,fUST,0.000161,30,6,-14492.3173799,demand,2026-10-04T00:47:01.658937+00:00
ee33d991-a80f-4e72-ae77-482f603a068b,fUST,0.00016,60,18,-114200.828599,demand,2026-10-04T00:47:01.658937+00:00
ee33d991-a80f-4e72-ae77-482f603a068b,fUST,0.00016,30,2,-13277.4,demand,2026-10-04T00:47:01.658937+00:00
ee33d991-a80f-4e72-ae77-482f603a068b,fUST,0.000155,45,8,-47500.0,demand,2026-10-04T00:47:01.658937+00:00
ee33d991-a80f-4e72-ae77-482f603a068b,fUST,0.000152,60,1,-28000.0,demand,2026-10-04T00:47:01.658937+00:00
ee33d991-a80f-4e72-ae77-482f603a068b,fUST,0.00015,120,1,-300000.0,demand,2026-10-04T00:47:01.658937+00:00
ee33d991-a80f-4e72-ae77-482f603a068b,fUST,0.00015,45,4,-18668.928077,demand,2026-10-04T00:47:01.658937+00:00
ee33d991-a80f-4e72-ae77-482f603a068b,fUST,0.00015,30,14,-57500.0,demand,2026-10-04T00:47:01.658937+00:00
ee33d991-a80f-4e72-ae77-482f603a068b,fUST,0.000142,30,1,-28000.0,demand,2026-10-04T00:47:01.658937+00:00
ee33d991-a80f-4e72-ae77-482f603a068b,fUST,0.0001361,30,23,-93124.47696771,demand,2026-10-04T00:47:01.658937+00:00
ee33d991-a80f-4e72-ae77-482f603a068b,fUST,0.0001226,12,1,-168261.78174047,demand,2026-10-04T00:47:01.658937+00:00
ee33d991-a80f-4e72-ae77-482f603a068b,fUST,0.0001225,59,1,-95000.0,demand,2026-10-04T00:47:01.658937+00:00
ee33d991-a80f-4e72-ae77-482f603a068b,fUST,0.0001222,29,1,-194504.86890568,demand,2026-10-04T00:47:01.658937+00:00
ee33d991-a80f-4e72-ae77-482f603a068b,fUST,0.0001202,19,1,-184532.71737778,demand,2026-10-04T00:47:01.658937+00:00
ee33d991-a80f-4e72-ae77-482f603a068b,fUST,0.00012,120,1,-30000.0,demand,2026-10-04T00:47:01.658937+00:00
ee33d991-a80f-4e72-ae77-482f603a068b,fUST,0.0001181,7,1,-145254.88165036,demand,2026-10-04T00:47:01.658937+00:00
ee33d991-a80f-4e72-ae77-482f603a068b,fUST,0.0001081,2,3,-2113.13723585,demand,2026-10-04T00:47:01.658937+00:00
ee33d991-a80f-4e72-ae77-482f603a068b,fUST,0.00010800000000000001,2,1,-2499180.15960984,demand,2026-10-04T00:47:01.658937+00:00
ee33d991-a80f-4e72-ae77-482f603a068b,fUST,0.00010511,2,1,-7518.58526013,demand,2026-10-04T00:47:01.658937+00:00
ee33d991-a80f-4e72-ae77-482f603a068b,fUST,0.000101,120,1,-293300.0,demand,2026-10-04T00:47:01.658937+00:00
ee33d991-a80f-4e72-ae77-482f603a068b,fUST,0.0001,2,1,-1000.0,demand,2026-10-04T00:47:01.658937+00:00
ee33d991-a80f-4e72-ae77-482f603a068b,fUST,0.0001,5,1,-1000.0,demand,2026-10-04T00:47:01.658937+00:00
ee33d991-a80f-4e72-ae77-482f603a068b,fUST,0.00014447,2,1,5000.0,offer,2026-10-04T00:47:01.658937+00:00
ee33d991-a80f-4e72-ae77-482f603a068b,fUST,0.00014593,2,1,193.56,offer,2026-10-04T00:47:01.658937+00:00
ee33d991-a80f-4e72-ae77-482f603a068b,fUST,0.0001474074,2,1,5663.327753,offer,2026-10-04T00:47:01.658937+00:00
ee33d991-a80f-4e72-ae77-482f603a068b,fUST,0.0001485609,2,1,873.9774792,offer,2026-10-04T00:47:01.658937+00:00
ee33d991-a80f-4e72-ae77-482f603a068b,fUST,0.00015068493150684933,2,1,206.560633,offer,2026-10-04T00:47:01.658937+00:00
ee33d991-a80f-4e72-ae77-482f603a068b,fUST,0.0001510651,2,1,187.813966,offer,2026-10-04T00:47:01.658937+00:00
ee33d991-a80f-4e72-ae77-482f603a068b,fUST,0.00015466,2,15,4500.0,offer,2026-10-04T00:47:01.658937+00:00
ee33d991-a80f-4e72-ae77-482f603a068b,fUST,0.00015472,7,1,1162.88374155,offer,2026-10-04T00:47:01.658937+00:00
ee33d991-a80f-4e72-ae77-482f603a068b,fUST,0.00015628,2,1,375.52,offer,2026-10-04T00:47:01.658937+00:00
ee33d991-a80f-4e72-ae77-482f603a068b,fUST,0.00015781440000000002,7,1,1162.88374155,offer,2026-10-04T00:47:01.658937+00:00
ee33d991-a80f-4e72-ae77-482f603a068b,fUST,0.0001595,5,1,203.79728617,offer,2026-10-04T00:47:01.658937+00:00
ee33d991-a80f-4e72-ae77-482f603a068b,fUST,0.00016052,2,1,193.56,offer,2026-10-04T00:47:01.658937+00:00
ee33d991-a80f-4e72-ae77-482f603a068b,fUST,0.00016096,2,1,600.0,offer,2026-10-04T00:47:01.658937+00:00
ee33d991-a80f-4e72-ae77-482f603a068b,fUST,0.0001619,3,1,353.68,offer,2026-10-04T00:47:01.658937+00:00
ee33d991-a80f-4e72-ae77-482f603a068b,fUST,0.00016197000000000002,2,21,9844.27657807,offer,2026-10-04T00:47:01.658937+00:00
ee33d991-a80f-4e72-ae77-482f603a068b,fUST,0.00016199,2,14,6827.80448419,offer,2026-10-04T00:47:01.658937+00:00
ee33d991-a80f-4e72-ae77-482f603a068b,fUST,0.00016199000000000004,2,1,200.0,offer,2026-10-04T00:47:01.658937+00:00
ee33d991-a80f-4e72-ae77-482f603a068b,fUST,0.000162,2,48,266360.60913199,offer,2026-10-04T00:47:01.658937+00:00
ee33d991-a80f-4e72-ae77-482f603a068b,fUST,0.000162456,7,1,1162.88374155,offer,2026-10-04T00:47:01.658937+00:00
ee33d991-a80f-4e72-ae77-482f603a068b,fUST,0.00016438356164383562,2,49,17884.082055,offer,2026-10-04T00:47:01.658937+00:00
ee33d991-a80f-4e72-ae77-482f603a068b,fUST,0.00016473972602739726,2,1,500.0,offer,2026-10-04T00:47:01.658937+00:00
ee33d991-a80f-4e72-ae77-482f603a068b,fUST,0.00016524,4,1,942.35222759,offer,2026-10-04T00:47:01.658937+00:00
ee33d991-a80f-4e72-ae77-482f603a068b,fUST,0.00016709760000000002,7,1,1162.88374155,offer,2026-10-04T00:47:01.658937+00:00
ee33d991-a80f-4e72-ae77-482f603a068b,fUST,0.0001673835616438356,2,1,500.0,offer,2026-10-04T00:47:01.658937+00:00
ee33d991-a80f-4e72-ae77-482f603a068b,fUST,0.0001673840457,2,1,299.613041,offer,2026-10-04T00:47:01.658937+00:00
346f0420-7019-4046-90c3-ba8215828fce,fUST,0.0002671232876712329,120,1,-4892636.72962892,demand,2026-10-04T01:47:01.627291+00:00
346f0420-7019-4046-90c3-ba8215828fce,fUST,0.000267123287,120,2,-14451.08,demand,2026-10-04T01:47:01.627291+00:00
346f0420-7019-4046-90c3-ba8215828fce,fUST,0.0002661945205479452,60,1,-1315220.59348493,demand,2026-10-04T01:47:01.627291+00:00
346f0420-7019-4046-90c3-ba8215828fce,fUST,0.000161,30,6,-14492.3173799,demand,2026-10-04T01:47:01.627291+00:00
346f0420-7019-4046-90c3-ba8215828fce,fUST,0.00016,60,18,-114200.828599,demand,2026-10-04T01:47:01.627291+00:00
346f0420-7019-4046-90c3-ba8215828fce,fUST,0.00016,30,2,-13277.4,demand,2026-10-04T01:47:01.627291+00:00
346f0420-7019-4046-90c3-ba8215828fce,fUST,0.000155,45,8,-47500.0,demand,2026-10-04T01:47:01.627291+00:00
346f0420-7019-4046-90c3-ba8215828fce,fUST,0.000152,60,1,-28000.0,demand,2026-10-04T01:47:01.627291+00:00
346f0420-7019-4046-90c3-ba8215828fce,fUST,0.00015,120,1,-300000.0,demand,2026-10-04T01:47:01.627291+00:00
346f0420-7019-4046-90c3-ba8215828fce,fUST,0.00015,45,4,-18668.928077,demand,2026-10-04T01:47:01.627291+00:00
346f0420-7019-4046-90c3-ba8215828fce,fUST,0.00015,30,14,-57500.0,demand,2026-10-04T01:47:01.627291+00:00
346f0420-7019-4046-90c3-ba8215828fce,fUST,0.000142,30,1,-28000.0,demand,2026-10-04T01:47:01.627291+00:00
346f0420-7019-4046-90c3-ba8215828fce,fUST,0.0001361,30,23,-93124.47696771,demand,2026-10-04T01:47:01.627291+00:00
346f0420-7019-4046-90c3-ba8215828fce,fUST,0.0001226,12,1,-168261.78174047,demand,2026-10-04T01:47:01.627291+00:00
346f0420-7019-4046-90c3-ba8215828fce,fUST,0.0001225,59,1,-95000.0,demand,2026-10-04T01:47:01.627291+00:00
346f0420-7019-4046-90c3-ba8215828fce,fUST,0.0001222,29,1,-194504.86890568,demand,2026-10-04T01:47:01.627291+00:00
346f0420-7019-4046-90c3-ba8215828fce,fUST,0.0001202,19,1,-184532.71737778,demand,2026-10-04T01:47:01.627291+00:00
346f0420-7019-4046-90c3-ba8215828fce,fUST,0.00012,120,1,-30000.0,demand,2026-10-04T01:47:01.627291+00:00
346f0420-7019-4046-90c3-ba8215828fce,fUST,0.0001181,7,1,-145254.88165036,demand,2026-10-04T01:47:01.627291+00:00
346f0420-7019-4046-90c3-ba8215828fce,fUST,0.0001081,2,5,-2506.78852808,demand,2026-10-04T01:47:01.627291+00:00
346f0420-7019-4046-90c3-ba8215828fce,fUST,0.00010800000000000001,2,1,-2499180.15960984,demand,2026-10-04T01:47:01.627291+00:00
346f0420-7019-4046-90c3-ba8215828fce,fUST,0.00010511,2,1,-7518.58526013,demand,2026-10-04T01:47:01.627291+00:00
346f0420-7019-4046-90c3-ba8215828fce,fUST,0.000101,120,1,-293300.0,demand,2026-10-04T01:47:01.627291+00:00
346f0420-7019-4046-90c3-ba8215828fce,fUST,0.0001,2,1,-1000.0,demand,2026-10-04T01:47:01.627291+00:00
346f0420-7019-4046-90c3-ba8215828fce,fUST,0.0001,5,1,-1000.0,demand,2026-10-04T01:47:01.627291+00:00
346f0420-7019-4046-90c3-ba8215828fce,fUST,0.00013484,12,1,5000.0,offer,2026-10-04T01:47:01.627291+00:00
346f0420-7019-4046-90c3-ba8215828fce,fUST,0.0001403745,7,1,282.12743585,offer,2026-10-04T01:47:01.627291+00:00
346f0420-7019-4046-90c3-ba8215828fce,fUST,0.00016091339916202152,2,1,425.80642485,offer,2026-10-04T01:47:01.627291+00:00
346f0420-7019-4046-90c3-ba8215828fce,fUST,0.000162,2,1,9176.71477304,offer,2026-10-04T01:47:01.627291+00:00
346f0420-7019-4046-90c3-ba8215828fce,fUST,0.0001624892,2,1,1774.9486552,offer,2026-10-04T01:47:01.627291+00:00
346f0420-7019-4046-90c3-ba8215828fce,fUST,0.00016398,2,19,8993.41482815,offer,2026-10-04T01:47:01.627291+00:00
346f0420-7019-4046-90c3-ba8215828fce,fUST,0.0001639808219178082,2,1,7221.98114853,offer,2026-10-04T01:47:01.627291+00:00
346f0420-7019-4046-90c3-ba8215828fce,fUST,0.000164,2,8,4000.0,offer,2026-10-04T01:47:01.627291+00:00
346f0420-7019-4046-90c3-ba8215828fce,fUST,0.00016518,2,1,159.0,offer,2026-10-04T01:47:01.627291+00:00
346f0420-7019-4046-90c3-ba8215828fce,fUST,0.0001652,2,2,1000.0,offer,2026-10-04T01:47:01.627291+00:00
346f0420-7019-4046-90c3-ba8215828fce,fUST,0.0001657534,2,1,152.1385,offer,2026-10-04T01:47:01.627291+00:00
346f0420-7019-4046-90c3-ba8215828fce,fUST,0.00016726,2,1,500.0,offer,2026-10-04T01:47:01.627291+00:00
346f0420-7019-4046-90c3-ba8215828fce,fUST,0.00016727,2,15,4500.0,offer,2026-10-04T01:47:01.627291+00:00
346f0420-7019-4046-90c3-ba8215828fce,fUST,0.0001674132,2,1,162.151756,offer,2026-10-04T01:47:01.627291+00:00
346f0420-7019-4046-90c3-ba8215828fce,fUST,0.0001676581389,2,1,170.695208,offer,2026-10-04T01:47:01.627291+00:00
346f0420-7019-4046-90c3-ba8215828fce,fUST,0.0001706,2,1,500.0,offer,2026-10-04T01:47:01.627291+00:00
346f0420-7019-4046-90c3-ba8215828fce,fUST,0.00017061,2,1,600.0,offer,2026-10-04T01:47:01.627291+00:00
346f0420-7019-4046-90c3-ba8215828fce,fUST,0.000178,30,1,197.93914961,offer,2026-10-04T01:47:01.627291+00:00
346f0420-7019-4046-90c3-ba8215828fce,fUST,0.00018024095263890805,2,1,273.61406992,offer,2026-10-04T01:47:01.627291+00:00
346f0420-7019-4046-90c3-ba8215828fce,fUST,0.00018728,2,1,347.41626987,offer,2026-10-04T01:47:01.627291+00:00
346f0420-7019-4046-90c3-ba8215828fce,fUST,0.0001876688941605531,2,1,1589.37539805,offer,2026-10-04T01:47:01.627291+00:00
346f0420-7019-4046-90c3-ba8215828fce,fUST,0.00018767,2,1,720.0,offer,2026-10-04T01:47:01.627291+00:00
346f0420-7019-4046-90c3-ba8215828fce,fUST,0.00018899,3,1,238.54567505,offer,2026-10-04T01:47:01.627291+00:00
346f0420-7019-4046-90c3-ba8215828fce,fUST,0.0001899749833333333,2,3,582.15740192,offer,2026-10-04T01:47:01.627291+00:00
346f0420-7019-4046-90c3-ba8215828fce,fUST,0.00018998,2,7,3248.76489517,offer,2026-10-04T01:47:01.627291+00:00
3e8cd9d8-1a7e-42ed-b6db-5fedbe530600,fUST,0.0002671232876712329,120,1,-4874554.90194283,demand,2026-10-04T02:47:01.578757+00:00
3e8cd9d8-1a7e-42ed-b6db-5fedbe530600,fUST,0.000267123287,120,2,-14451.08,demand,2026-10-04T02:47:01.578757+00:00
3e8cd9d8-1a7e-42ed-b6db-5fedbe530600,fUST,0.0002661643835616438,60,1,-1012520.14886956,demand,2026-10-04T02:47:01.578757+00:00
3e8cd9d8-1a7e-42ed-b6db-5fedbe530600,fUST,0.000161,30,6,-14492.3173799,demand,2026-10-04T02:47:01.578757+00:00
3e8cd9d8-1a7e-42ed-b6db-5fedbe530600,fUST,0.00016,60,18,-114200.828599,demand,2026-10-04T02:47:01.578757+00:00
3e8cd9d8-1a7e-42ed-b6db-5fedbe530600,fUST,0.00016,30,2,-13277.4,demand,2026-10-04T02:47:01.578757+00:00
3e8cd9d8-1a7e-42ed-b6db-5fedbe530600,fUST,0.000155,45,8,-47500.0,demand,2026-10-04T02:47:01.578757+00:00
3e8cd9d8-1a7e-42ed-b6db-5fedbe530600,fUST,0.000152,60,1,-28000.0,demand,2026-10-04T02:47:01.578757+00:00
3e8cd9d8-1a7e-42ed-b6db-5fedbe530600,fUST,0.00015,120,1,-300000.0,demand,2026-10-04T02:47:01.578757+00:00
3e8cd9d8-1a7e-42ed-b6db-5fedbe530600,fUST,0.00015,45,4,-18668.928077,demand,2026-10-04T02:47:01.578757+00:00
3e8cd9d8-1a7e-42ed-b6db-5fedbe530600,fUST,0.00015,30,14,-57500.0,demand,2026-10-04T02:47:01.578757+00:00
3e8cd9d8-1a7e-42ed-b6db-5fedbe530600,fUST,0.000142,30,1,-28000.0,demand,2026-10-04T02:47:01.578757+00:00
3e8cd9d8-1a7e-42ed-b6db-5fedbe530600,fUST,0.0001361,30,23,-93124.47696771,demand,2026-10-04T02:47:01.578757+00:00
3e8cd9d8-1a7e-42ed-b6db-5fedbe530600,fUST,0.0001226,12,1,-168261.78174047,demand,2026-10-04T02:47:01.578757+00:00
3e8cd9d8-1a7e-42ed-b6db-5fedbe530600,fUST,0.0001225,59,1,-95000.0,demand,2026-10-04T02:47:01.578757+00:00
3e8cd9d8-1a7e-42ed-b6db-5fedbe530600,fUST,0.0001222,29,1,-194504.86890568,demand,2026-10-04T02:47:01.578757+00:00
3e8cd9d8-1a7e-42ed-b6db-5fedbe530600,fUST,0.0001202,19,1,-184532.71737778,demand,2026-10-04T02:47:01.578757+00:00
3e8cd9d8-1a7e-42ed-b6db-5fedbe530600,fUST,0.00012,120,1,-30000.0,demand,2026-10-04T02:47:01.578757+00:00
3e8cd9d8-1a7e-42ed-b6db-5fedbe530600,fUST,0.0001181,7,1,-145254.88165036,demand,2026-10-04T02:47:01.578757+00:00
3e8cd9d8-1a7e-42ed-b6db-5fedbe530600,fUST,0.0001081,2,11,-8019.75837708,demand,2026-10-04T02:47:01.578757+00:00
3e8cd9d8-1a7e-42ed-b6db-5fedbe530600,fUST,0.00010800000000000001,2,1,-2499180.15960984,demand,2026-10-04T02:47:01.578757+00:00
3e8cd9d8-1a7e-42ed-b6db-5fedbe530600,fUST,0.00010511,2,1,-7518.58526013,demand,2026-10-04T02:47:01.578757+00:00
3e8cd9d8-1a7e-42ed-b6db-5fedbe530600,fUST,0.000101,120,1,-293300.0,demand,2026-10-04T02:47:01.578757+00:00
3e8cd9d8-1a7e-42ed-b6db-5fedbe530600,fUST,0.0001,2,1,-1000.0,demand,2026-10-04T02:47:01.578757+00:00
3e8cd9d8-1a7e-42ed-b6db-5fedbe530600,fUST,0.0001,5,1,-1000.0,demand,2026-10-04T02:47:01.578757+00:00
3e8cd9d8-1a7e-42ed-b6db-5fedbe530600,fUST,0.000152,2,1,8068.61291169,offer,2026-10-04T02:47:01.578757+00:00
3e8cd9d8-1a7e-42ed-b6db-5fedbe530600,fUST,0.00016312,2,2,686.09,offer,2026-10-04T02:47:01.578757+00:00
3e8cd9d8-1a7e-42ed-b6db-5fedbe530600,fUST,0.000171276,7,1,310.4553763,offer,2026-10-04T02:47:01.578757+00:00
3e8cd9d8-1a7e-42ed-b6db-5fedbe530600,fUST,0.00018997,2,1,747.23,offer,2026-10-04T02:47:01.578757+00:00
3e8cd9d8-1a7e-42ed-b6db-5fedbe530600,fUST,0.00018998,2,20,18393.8323945,offer,2026-10-04T02:47:01.578757+00:00
3e8cd9d8-1a7e-42ed-b6db-5fedbe530600,fUST,0.00018999,2,14,40829.19643637,offer,2026-10-04T02:47:01.578757+00:00
3e8cd9d8-1a7e-42ed-b6db-5fedbe530600,fUST,0.00019378,2,2,751.0,offer,2026-10-04T02:47:01.578757+00:00
3e8cd9d8-1a7e-42ed-b6db-5fedbe530600,fUST,0.0001954815,2,8,1775.689252,offer,2026-10-04T02:47:01.578757+00:00
3e8cd9d8-1a7e-42ed-b6db-5fedbe530600,fUST,0.000196,2,1,1000.0,offer,2026-10-04T02:47:01.578757+00:00
3e8cd9d8-1a7e-42ed-b6db-5fedbe530600,fUST,0.00019625,2,6,3143.44406498,offer,2026-10-04T02:47:01.578757+00:00
3e8cd9d8-1a7e-42ed-b6db-5fedbe530600,fUST,0.000196987,2,2,657.002,offer,2026-10-04T02:47:01.578757+00:00
3e8cd9d8-1a7e-42ed-b6db-5fedbe530600,fUST,0.00019844475,4,1,160.0,offer,2026-10-04T02:47:01.578757+00:00
3e8cd9d8-1a7e-42ed-b6db-5fedbe530600,fUST,0.00019844475,5,1,164.4742683,offer,2026-10-04T02:47:01.578757+00:00
3e8cd9d8-1a7e-42ed-b6db-5fedbe530600,fUST,0.000198987,2,5,1097.538,offer,2026-10-04T02:47:01.578757+00:00
3e8cd9d8-1a7e-42ed-b6db-5fedbe530600,fUST,0.00019899,2,1,151.0,offer,2026-10-04T02:47:01.578757+00:00
3e8cd9d8-1a7e-42ed-b6db-5fedbe530600,fUST,0.00019985,2,1,225.8612717,offer,2026-10-04T02:47:01.578757+00:00
3e8cd9d8-1a7e-42ed-b6db-5fedbe530600,fUST,0.000199870006,2,1,174.82012856,offer,2026-10-04T02:47:01.578757+00:00
3e8cd9d8-1a7e-42ed-b6db-5fedbe530600,fUST,0.00019989,3,2,1127.8,offer,2026-10-04T02:47:01.578757+00:00
3e8cd9d8-1a7e-42ed-b6db-5fedbe530600,fUST,0.00019997,2,3,2091.94331309,offer,2026-10-04T02:47:01.578757+00:00
3e8cd9d8-1a7e-42ed-b6db-5fedbe530600,fUST,0.00019998,2,3,13516.20313083,offer,2026-10-04T02:47:01.578757+00:00
3e8cd9d8-1a7e-42ed-b6db-5fedbe530600,fUST,0.00019999,2,5,1174228.06302821,offer,2026-10-04T02:47:01.578757+00:00
3e8cd9d8-1a7e-42ed-b6db-5fedbe530600,fUST,0.0001999901,2,1,217.86,offer,2026-10-04T02:47:01.578757+00:00
3e8cd9d8-1a7e-42ed-b6db-5fedbe530600,fUST,0.0002,2,15,175966.78370611,offer,2026-10-04T02:47:01.578757+00:00
3e8cd9d8-1a7e-42ed-b6db-5fedbe530600,fUST,0.00020001,2,4,798.19507712,offer,2026-10-04T02:47:01.578757+00:00
3e8cd9d8-1a7e-42ed-b6db-5fedbe530600,fUST,0.00020007,2,1,160.00000001,offer,2026-10-04T02:47:01.578757+00:00
8408af07-f453-41bf-bf81-12df4f01e90f,fUST,0.0002671232876712329,120,1,-4849720.86431782,demand,2026-10-04T03:47:01.567581+00:00
8408af07-f453-41bf-bf81-12df4f01e90f,fUST,0.000267123287,120,2,-14451.08,demand,2026-10-04T03:47:01.567581+00:00
8408af07-f453-41bf-bf81-12df4f01e90f,fUST,0.0002661945205479452,60,1,-1012520.14886956,demand,2026-10-04T03:47:01.567581+00:00
8408af07-f453-41bf-bf81-12df4f01e90f,fUST,0.000161,30,6,-14492.3173799,demand,2026-10-04T03:47:01.567581+00:00
8408af07-f453-41bf-bf81-12df4f01e90f,fUST,0.00016,60,18,-114200.828599,demand,2026-10-04T03:47:01.567581+00:00
8408af07-f453-41bf-bf81-12df4f01e90f,fUST,0.00016,30,2,-13277.4,demand,2026-10-04T03:47:01.567581+00:00
8408af07-f453-41bf-bf81-12df4f01e90f,fUST,0.000155,45,8,-47500.0,demand,2026-10-04T03:47:01.567581+00:00
8408af07-f453-41bf-bf81-12df4f01e90f,fUST,0.000152,60,1,-28000.0,demand,2026-10-04T03:47:01.567581+00:00
8408af07-f453-41bf-bf81-12df4f01e90f,fUST,0.00015,120,1,-300000.0,demand,2026-10-04T03:47:01.567581+00:00
8408af07-f453-41bf-bf81-12df4f01e90f,fUST,0.00015,45,4,-18668.928077,demand,2026-10-04T03:47:01.567581+00:00
8408af07-f453-41bf-bf81-12df4f01e90f,fUST,0.00015,30,14,-57500.0,demand,2026-10-04T03:47:01.567581+00:00
8408af07-f453-41bf-bf81-12df4f01e90f,fUST,0.000142,30,1,-28000.0,demand,2026-10-04T03:47:01.567581+00:00
8408af07-f453-41bf-bf81-12df4f01e90f,fUST,0.0001361,30,23,-93124.47696771,demand,2026-10-04T03:47:01.567581+00:00
8408af07-f453-41bf-bf81-12df4f01e90f,fUST,0.0001226,12,1,-168261.78174047,demand,2026-10-04T03:47:01.567581+00:00
8408af07-f453-41bf-bf81-12df4f01e90f,fUST,0.0001225,59,1,-95000.0,demand,2026-10-04T03:47:01.567581+00:00
8408af07-f453-41bf-bf81-12df4f01e90f,fUST,0.0001222,29,1,-194504.86890568,demand,2026-10-04T03:47:01.567581+00:00
8408af07-f453-41bf-bf81-12df4f01e90f,fUST,0.0001202,19,1,-184532.71737778,demand,2026-10-04T03:47:01.567581+00:00
8408af07-f453-41bf-bf81-12df4f01e90f,fUST,0.00012,120,1,-30000.0,demand,2026-10-04T03:47:01.567581+00:00
8408af07-f453-41bf-bf81-12df4f01e90f,fUST,0.0001181,7,1,-145254.88165036,demand,2026-10-04T03:47:01.567581+00:00
8408af07-f453-41bf-bf81-12df4f01e90f,fUST,0.0001084,2,4,-91802.791514,demand,2026-10-04T03:47:01.567581+00:00
8408af07-f453-41bf-bf81-12df4f01e90f,fUST,0.0001083,2,8,-8019.758377,demand,2026-10-04T03:47:01.567581+00:00
8408af07-f453-41bf-bf81-12df4f01e90f,fUST,0.00010800000000000001,2,1,-2499180.15960984,demand,2026-10-04T03:47:01.567581+00:00
8408af07-f453-41bf-bf81-12df4f01e90f,fUST,0.00010511,2,1,-7518.58526013,demand,2026-10-04T03:47:01.567581+00:00
8408af07-f453-41bf-bf81-12df4f01e90f,fUST,0.000101,120,1,-293300.0,demand,2026-10-04T03:47:01.567581+00:00
8408af07-f453-41bf-bf81-12df4f01e90f,fUST,0.0001,2,1,-1000.0,demand,2026-10-04T03:47:01.567581+00:00
8408af07-f453-41bf-bf81-12df4f01e90f,fUST,0.0001626,2,2,2738.00190203,offer,2026-10-04T03:47:01.567581+00:00
8408af07-f453-41bf-bf81-12df4f01e90f,fUST,0.00016425,2,1,8204.08868111,offer,2026-10-04T03:47:01.567581+00:00
8408af07-f453-41bf-bf81-12df4f01e90f,fUST,0.00016752,2,1,300.0,offer,2026-10-04T03:47:01.567581+00:00
8408af07-f453-41bf-bf81-12df4f01e90f,fUST,0.00018997,2,3,1208.34233449,offer,2026-10-04T03:47:01.567581+00:00
8408af07-f453-41bf-bf81-12df4f01e90f,fUST,0.00019,2,1,3248.1666752,offer,2026-10-04T03:47:01.567581+00:00
8408af07-f453-41bf-bf81-12df4f01e90f,fUST,0.00019199,2,2,1000.0,offer,2026-10-04T03:47:01.567581+00:00
8408af07-f453-41bf-bf81-12df4f01e90f,fUST,0.000194,2,2,1189.3534257,offer,2026-10-04T03:47:01.567581+00:00
8408af07-f453-41bf-bf81-12df4f01e90f,fUST,0.00019534,7,1,355.0,offer,2026-10-04T03:47:01.567581+00:00
8408af07-f453-41bf-bf81-12df4f01e90f,fUST,0.000195708,2,1,189.0,offer,2026-10-04T03:47:01.567581+00:00
8408af07-f453-41bf-bf81-12df4f01e90f,fUST,0.000196,2,1,163.0,offer,2026-10-04T03:47:01.567581+00:00
8408af07-f453-41bf-bf81-12df4f01e90f,fUST,0.000196,3,1,163.0,offer,2026-10-04T03:47:01.567581+00:00
8408af07-f453-41bf-bf81-12df4f01e90f,fUST,0.00019725790165414647,2,1,3247.1682526,offer,2026-10-04T03:47:01.567581+00:00
8408af07-f453-41bf-bf81-12df4f01e90f,fUST,0.00019744,2,1,150.86875634,offer,2026-10-04T03:47:01.567581+00:00
8408af07-f453-41bf-bf81-12df4f01e90f,fUST,0.00019790000000000004,3,1,759.53,offer,2026-10-04T03:47:01.567581+00:00
8408af07-f453-41bf-bf81-12df4f01e90f,fUST,0.0001979198125607935,2,1,509.81127689,offer,2026-10-04T03:47:01.567581+00:00
8408af07-f453-41bf-bf81-12df4f01e90f,fUST,0.00019797,2,2,1135.22792037,offer,2026-10-04T03:47:01.567581+00:00
8408af07-f453-41bf-bf81-12df4f01e90f,fUST,0.00019798,2,4,13456.69144203,offer,2026-10-04T03:47:01.567581+00:00
8408af07-f453-41bf-bf81-12df4f01e90f,fUST,0.00019799,2,22,12112.01644392,offer,2026-10-04T03:47:01.567581+00:00
8408af07-f453-41bf-bf81-12df4f01e90f,fUST,0.000198,2,1,180047.02330683,offer,2026-10-04T03:47:01.567581+00:00
8408af07-f453-41bf-bf81-12df4f01e90f,fUST,0.00019844475,4,1,160.0,offer,2026-10-04T03:47:01.567581+00:00
8408af07-f453-41bf-bf81-12df4f01e90f,fUST,0.00019844475,5,1,166.83509326,offer,2026-10-04T03:47:01.567581+00:00
8408af07-f453-41bf-bf81-12df4f01e90f,fUST,0.00019945,7,1,355.0,offer,2026-10-04T03:47:01.567581+00:00
8408af07-f453-41bf-bf81-12df4f01e90f,fUST,0.00019985,2,1,225.8612717,offer,2026-10-04T03:47:01.567581+00:00
8408af07-f453-41bf-bf81-12df4f01e90f,fUST,0.000199870006,2,1,157.3381157,offer,2026-10-04T03:47:01.567581+00:00
8408af07-f453-41bf-bf81-12df4f01e90f,fUST,0.00019997,2,1,724.42,offer,2026-10-04T03:47:01.567581+00:00
c336ff7c-63b4-443b-b913-af50ef0523db,fUST,0.0002671232876712329,120,1,-4692767.7821253,demand,2026-10-04T04:47:01.580692+00:00
c336ff7c-63b4-443b-b913-af50ef0523db,fUST,0.000267123287,120,2,-14451.08,demand,2026-10-04T04:47:01.580692+00:00
c336ff7c-63b4-443b-b913-af50ef0523db,fUST,0.0002662164383561644,60,1,-1012520.14886956,demand,2026-10-04T04:47:01.580692+00:00
c336ff7c-63b4-443b-b913-af50ef0523db,fUST,0.000161,30,6,-14492.3173799,demand,2026-10-04T04:47:01.580692+00:00
c336ff7c-63b4-443b-b913-af50ef0523db,fUST,0.00016,60,18,-114200.828599,demand,2026-10-04T04:47:01.580692+00:00
c336ff7c-63b4-443b-b913-af50ef0523db,fUST,0.00016,30,2,-13277.4,demand,2026-10-04T04:47:01.580692+00:00
c336ff7c-63b4-443b-b913-af50ef0523db,fUST,0.000155,45,8,-47500.0,demand,2026-10-04T04:47:01.580692+00:00
c336ff7c-63b4-443b-b913-af50ef0523db,fUST,0.000152,60,1,-28000.0,demand,2026-10-04T04:47:01.580692+00:00
c336ff7c-63b4-443b-b913-af50ef0523db,fUST,0.00015,120,1,-300000.0,demand,2026-10-04T04:47:01.580692+00:00
c336ff7c-63b4-443b-b913-af50ef0523db,fUST,0.00015,45,4,-18668.928077,demand,2026-10-04T04:47:01.580692+00:00
c336ff7c-63b4-443b-b913-af50ef0523db,fUST,0.00015,30,14,-57500.0,demand,2026-10-04T04:47:01.580692+00:00
c336ff7c-63b4-443b-b913-af50ef0523db,fUST,0.000142,30,1,-28000.0,demand,2026-10-04T04:47:01.580692+00:00
c336ff7c-63b4-443b-b913-af50ef0523db,fUST,0.0001361,30,23,-93124.47696771,demand,2026-10-04T04:47:01.580692+00:00
c336ff7c-63b4-443b-b913-af50ef0523db,fUST,0.0001226,12,1,-168261.78174047,demand,2026-10-04T04:47:01.580692+00:00
c336ff7c-63b4-443b-b913-af50ef0523db,fUST,0.0001225,59,1,-95000.0,demand,2026-10-04T04:47:01.580692+00:00
c336ff7c-63b4-443b-b913-af50ef0523db,fUST,0.0001222,29,1,-194504.86890568,demand,2026-10-04T04:47:01.580692+00:00
c336ff7c-63b4-443b-b913-af50ef0523db,fUST,0.0001202,19,1,-184532.71737778,demand,2026-10-04T04:47:01.580692+00:00
c336ff7c-63b4-443b-b913-af50ef0523db,fUST,0.00012,120,1,-30000.0,demand,2026-10-04T04:47:01.580692+00:00
c336ff7c-63b4-443b-b913-af50ef0523db,fUST,0.0001181,7,1,-145093.80880022,demand,2026-10-04T04:47:01.580692+00:00
c336ff7c-63b4-443b-b913-af50ef0523db,fUST,0.0001088,2,1,-25000.0,demand,2026-10-04T04:47:01.580692+00:00
c336ff7c-63b4-443b-b913-af50ef0523db,fUST,0.0001087,2,8,-8000.0,demand,2026-10-04T04:47:01.580692+00:00
c336ff7c-63b4-443b-b913-af50ef0523db,fUST,0.00010800000000000001,2,1,-2499180.15960984,demand,2026-10-04T04:47:01.580692+00:00
c336ff7c-63b4-443b-b913-af50ef0523db,fUST,0.00010511,2,1,-7518.58526013,demand,2026-10-04T04:47:01.580692+00:00
c336ff7c-63b4-443b-b913-af50ef0523db,fUST,0.000101,120,1,-293300.0,demand,2026-10-04T04:47:01.580692+00:00
c336ff7c-63b4-443b-b913-af50ef0523db,fUST,0.0001,2,1,-1000.0,demand,2026-10-04T04:47:01.580692+00:00
c336ff7c-63b4-443b-b913-af50ef0523db,fUST,0.00016978,12,1,2824.08030055,offer,2026-10-04T04:47:01.580692+00:00
c336ff7c-63b4-443b-b913-af50ef0523db,fUST,0.00016978,2,1,251.79,offer,2026-10-04T04:47:01.580692+00:00
c336ff7c-63b4-443b-b913-af50ef0523db,fUST,0.00017128,2,1,487.37545165,offer,2026-10-04T04:47:01.580692+00:00
c336ff7c-63b4-443b-b913-af50ef0523db,fUST,0.0001715,12,1,636.46194354,offer,2026-10-04T04:47:01.580692+00:00
c336ff7c-63b4-443b-b913-af50ef0523db,fUST,0.0001795186,2,1,5043.4413439,offer,2026-10-04T04:47:01.580692+00:00
c336ff7c-63b4-443b-b913-af50ef0523db,fUST,0.0001802879,2,1,199.988708,offer,2026-10-04T04:47:01.580692+00:00
c336ff7c-63b4-443b-b913-af50ef0523db,fUST,0.0001815024,2,1,193.4249621,offer,2026-10-04T04:47:01.580692+00:00
c336ff7c-63b4-443b-b913-af50ef0523db,fUST,0.00018400000000000005,2,1,152.76729363,offer,2026-10-04T04:47:01.580692+00:00
c336ff7c-63b4-443b-b913-af50ef0523db,fUST,0.00018521,2,8,3504.8464268,offer,2026-10-04T04:47:01.580692+00:00
c336ff7c-63b4-443b-b913-af50ef0523db,fUST,0.00018522,2,3,22146.55659787,offer,2026-10-04T04:47:01.580692+00:00
c336ff7c-63b4-443b-b913-af50ef0523db,fUST,0.00018916,2,1,343.99439485,offer,2026-10-04T04:47:01.580692+00:00
c336ff7c-63b4-443b-b913-af50ef0523db,fUST,0.00019025,2,1,151.0,offer,2026-10-04T04:47:01.580692+00:00
c336ff7c-63b4-443b-b913-af50ef0523db,fUST,0.00019027,2,3,956.69144203,offer,2026-10-04T04:47:01.580692+00:00
c336ff7c-63b4-443b-b913-af50ef0523db,fUST,0.000192482,2,1,189.0,offer,2026-10-04T04:47:01.580692+00:00
c336ff7c-63b4-443b-b913-af50ef0523db,fUST,0.000194,2,1,189.3534257,offer,2026-10-04T04:47:01.580692+00:00
c336ff7c-63b4-443b-b913-af50ef0523db,fUST,0.00019451,2,30,11553.47479508,offer,2026-10-04T04:47:01.580692+00:00
c336ff7c-63b4-443b-b913-af50ef0523db,fUST,0.000195,2,2,454.0,offer,2026-10-04T04:47:01.580692+00:00
c336ff7c-63b4-443b-b913-af50ef0523db,fUST,0.00019524,2,7,1233.3140072,offer,2026-10-04T04:47:01.580692+00:00
c336ff7c-63b4-443b-b913-af50ef0523db,fUST,0.00019525,2,1,721.62,offer,2026-10-04T04:47:01.580692+00:00
c336ff7c-63b4-443b-b913-af50ef0523db,fUST,0.00019526,2,11,5441.58477465,offer,2026-10-04T04:47:01.580692+00:00
c336ff7c-63b4-443b-b913-af50ef0523db,fUST,0.00019526027397260274,2,1,500.0,offer,2026-10-04T04:47:01.580692+00:00
c336ff7c-63b4-443b-b913-af50ef0523db,fUST,0.00019534,7,1,355.0,offer,2026-10-04T04:47:01.580692+00:00
c336ff7c-63b4-443b-b913-af50ef0523db,fUST,0.00019788110006,2,1,157.3381157,offer,2026-10-04T04:47:01.580692+00:00
c336ff7c-63b4-443b-b913-af50ef0523db,fUST,0.00019790000000000004,3,1,795.7,offer,2026-10-04T04:47:01.580692+00:00
c336ff7c-63b4-443b-b913-af50ef0523db,fUST,0.00019798,2,4,4781.6848196,offer,2026-10-04T04:47:01.580692+00:00
1fb5f06c-2ace-409a-ac99-8cb177ae43e6,fUST,0.0002671232876712329,120,1,-4692353.7821253,demand,2026-10-04T05:47:01.675965+00:00
1fb5f06c-2ace-409a-ac99-8cb177ae43e6,fUST,0.000267123287,120,2,-14451.08,demand,2026-10-04T05:47:01.675965+00:00
1fb5f06c-2ace-409a-ac99-8cb177ae43e6,fUST,0.0002661890410958904,60,1,-1011947.09966646,demand,2026-10-04T05:47:01.675965+00:00
1fb5f06c-2ace-409a-ac99-8cb177ae43e6,fUST,0.000161,30,6,-14492.3173799,demand,2026-10-04T05:47:01.675965+00:00
1fb5f06c-2ace-409a-ac99-8cb177ae43e6,fUST,0.00016,60,18,-114200.828599,demand,2026-10-04T05:47:01.675965+00:00
1fb5f06c-2ace-409a-ac99-8cb177ae43e6,fUST,0.00016,30,2,-13277.4,demand,2026-10-04T05:47:01.675965+00:00
1fb5f06c-2ace-409a-ac99-8cb177ae43e6,fUST,0.000155,45,8,-47500.0,demand,2026-10-04T05:47:01.675965+00:00
1fb5f06c-2ace-409a-ac99-8cb177ae43e6,fUST,0.000152,60,1,-28000.0,demand,2026-10-04T05:47:01.675965+00:00
1fb5f06c-2ace-409a-ac99-8cb177ae43e6,fUST,0.00015,120,1,-300000.0,demand,2026-10-04T05:47:01.675965+00:00
1fb5f06c-2ace-409a-ac99-8cb177ae43e6,fUST,0.00015,45,4,-18668.928077,demand,2026-10-04T05:47:01.675965+00:00
1fb5f06c-2ace-409a-ac99-8cb177ae43e6,fUST,0.00015,30,14,-57500.0,demand,2026-10-04T05:47:01.675965+00:00
1fb5f06c-2ace-409a-ac99-8cb177ae43e6,fUST,0.000142,30,1,-28000.0,demand,2026-10-04T05:47:01.675965+00:00
1fb5f06c-2ace-409a-ac99-8cb177ae43e6,fUST,0.0001361,30,23,-93124.47696771,demand,2026-10-04T05:47:01.675965+00:00
1fb5f06c-2ace-409a-ac99-8cb177ae43e6,fUST,0.0001226,12,1,-168261.78174047,demand,2026-10-04T05:47:01.675965+00:00
1fb5f06c-2ace-409a-ac99-8cb177ae43e6,fUST,0.0001225,59,1,-95000.0,demand,2026-10-04T05:47:01.675965+00:00
1fb5f06c-2ace-409a-ac99-8cb177ae43e6,fUST,0.0001222,29,1,-194504.86890568,demand,2026-10-04T05:47:01.675965+00:00
1fb5f06c-2ace-409a-ac99-8cb177ae43e6,fUST,0.0001202,19,1,-184532.71737778,demand,2026-10-04T05:47:01.675965+00:00
1fb5f06c-2ace-409a-ac99-8cb177ae43e6,fUST,0.00012,120,1,-30000.0,demand,2026-10-04T05:47:01.675965+00:00
1fb5f06c-2ace-409a-ac99-8cb177ae43e6,fUST,0.0001181,7,1,-145093.80880022,demand,2026-10-04T05:47:01.675965+00:00
1fb5f06c-2ace-409a-ac99-8cb177ae43e6,fUST,0.0001093,2,3,-27000.0,demand,2026-10-04T05:47:01.675965+00:00
1fb5f06c-2ace-409a-ac99-8cb177ae43e6,fUST,0.00010800000000000001,2,1,-2499180.15960984,demand,2026-10-04T05:47:01.675965+00:00
1fb5f06c-2ace-409a-ac99-8cb177ae43e6,fUST,0.00010511,2,1,-7518.58526013,demand,2026-10-04T05:47:01.675965+00:00
1fb5f06c-2ace-409a-ac99-8cb177ae43e6,fUST,0.000101,120,1,-293300.0,demand,2026-10-04T05:47:01.675965+00:00
1fb5f06c-2ace-409a-ac99-8cb177ae43e6,fUST,0.0001,2,1,-1000.0,demand,2026-10-04T05:47:01.675965+00:00
1fb5f06c-2ace-409a-ac99-8cb177ae43e6,fUST,0.0001,5,1,-1000.0,demand,2026-10-04T05:47:01.675965+00:00
1fb5f06c-2ace-409a-ac99-8cb177ae43e6,fUST,0.00017999999999999998,2,1,6917.0,offer,2026-10-04T05:47:01.675965+00:00
1fb5f06c-2ace-409a-ac99-8cb177ae43e6,fUST,0.00018,2,5,3484.364773,offer,2026-10-04T05:47:01.675965+00:00
1fb5f06c-2ace-409a-ac99-8cb177ae43e6,fUST,0.00018098,2,1,367.47,offer,2026-10-04T05:47:01.675965+00:00
1fb5f06c-2ace-409a-ac99-8cb177ae43e6,fUST,0.00018202,2,1,2251.89190203,offer,2026-10-04T05:47:01.675965+00:00
1fb5f06c-2ace-409a-ac99-8cb177ae43e6,fUST,0.00018684374719790247,5,1,518.33087346,offer,2026-10-04T05:47:01.675965+00:00
1fb5f06c-2ace-409a-ac99-8cb177ae43e6,fUST,0.000192826,2,1,189.0,offer,2026-10-04T05:47:01.675965+00:00
1fb5f06c-2ace-409a-ac99-8cb177ae43e6,fUST,0.00019528715780630675,2,1,350.0,offer,2026-10-04T05:47:01.675965+00:00
1fb5f06c-2ace-409a-ac99-8cb177ae43e6,fUST,0.00019529,2,1,500.0,offer,2026-10-04T05:47:01.675965+00:00
1fb5f06c-2ace-409a-ac99-8cb177ae43e6,fUST,0.00019529715780630674,2,1,24514.5456822,offer,2026-10-04T05:47:01.675965+00:00
1fb5f06c-2ace-409a-ac99-8cb177ae43e6,fUST,0.00019789,2,3,1132.12233449,offer,2026-10-04T05:47:01.675965+00:00
1fb5f06c-2ace-409a-ac99-8cb177ae43e6,fUST,0.00019789,7,1,355.0,offer,2026-10-04T05:47:01.675965+00:00
1fb5f06c-2ace-409a-ac99-8cb177ae43e6,fUST,0.00019790000000000004,3,1,400.8,offer,2026-10-04T05:47:01.675965+00:00
1fb5f06c-2ace-409a-ac99-8cb177ae43e6,fUST,0.00019799,2,11,5372.38736888,offer,2026-10-04T05:47:01.675965+00:00
1fb5f06c-2ace-409a-ac99-8cb177ae43e6,fUST,0.000198,2,1,180047.02330683,offer,2026-10-04T05:47:01.675965+00:00
1fb5f06c-2ace-409a-ac99-8cb177ae43e6,fUST,0.000198,7,1,322.14283326,offer,2026-10-04T05:47:01.675965+00:00
1fb5f06c-2ace-409a-ac99-8cb177ae43e6,fUST,0.00019844475,3,1,160.0,offer,2026-10-04T05:47:01.675965+00:00
1fb5f06c-2ace-409a-ac99-8cb177ae43e6,fUST,0.00019844475,5,3,486.83509326,offer,2026-10-04T05:47:01.675965+00:00
1fb5f06c-2ace-409a-ac99-8cb177ae43e6,fUST,0.00019985,2,2,1012.8122011,offer,2026-10-04T05:47:01.675965+00:00
1fb5f06c-2ace-409a-ac99-8cb177ae43e6,fUST,0.000199870006,2,1,157.55161115,offer,2026-10-04T05:47:01.675965+00:00
1fb5f06c-2ace-409a-ac99-8cb177ae43e6,fUST,0.00019998,2,7,3276.52823,offer,2026-10-04T05:47:01.675965+00:00
1fb5f06c-2ace-409a-ac99-8cb177ae43e6,fUST,0.00019999,2,4,1173928.06302821,offer,2026-10-04T05:47:01.675965+00:00
1fb5f06c-2ace-409a-ac99-8cb177ae43e6,fUST,0.0001999901,2,1,13317.54,offer,2026-10-04T05:47:01.675965+00:00
1fb5f06c-2ace-409a-ac99-8cb177ae43e6,fUST,0.0002,2,15,148778.19283363,offer,2026-10-04T05:47:01.675965+00:00
1fb5f06c-2ace-409a-ac99-8cb177ae43e6,fUST,0.0002,5,1,187.343091,offer,2026-10-04T05:47:01.675965+00:00
1fb5f06c-2ace-409a-ac99-8cb177ae43e6,fUST,0.00020007,2,1,160.00000001,offer,2026-10-04T05:47:01.675965+00:00
329ef4db-3921-44bc-bd9b-2712e8812765,fUST,0.0002671232876712329,120,1,-4692201.3321253,demand,2026-10-04T06:47:02.062124+00:00
329ef4db-3921-44bc-bd9b-2712e8812765,fUST,0.000267123287,120,2,-14451.08,demand,2026-10-04T06:47:02.062124+00:00
329ef4db-3921-44bc-bd9b-2712e8812765,fUST,0.00026604931506849313,60,1,-965847.91978546,demand,2026-10-04T06:47:02.062124+00:00
329ef4db-3921-44bc-bd9b-2712e8812765,fUST,0.000161,30,6,-14492.3173799,demand,2026-10-04T06:47:02.062124+00:00
329ef4db-3921-44bc-bd9b-2712e8812765,fUST,0.00016,60,18,-114200.828599,demand,2026-10-04T06:47:02.062124+00:00
329ef4db-3921-44bc-bd9b-2712e8812765,fUST,0.00016,30,2,-13277.4,demand,2026-10-04T06:47:02.062124+00:00
329ef4db-3921-44bc-bd9b-2712e8812765,fUST,0.000155,45,8,-47500.0,demand,2026-10-04T06:47:02.062124+00:00
329ef4db-3921-44bc-bd9b-2712e8812765,fUST,0.000152,60,1,-28000.0,demand,2026-10-04T06:47:02.062124+00:00
329ef4db-3921-44bc-bd9b-2712e8812765,fUST,0.00015,120,1,-300000.0,demand,2026-10-04T06:47:02.062124+00:00
329ef4db-3921-44bc-bd9b-2712e8812765,fUST,0.00015,45,4,-18668.928077,demand,2026-10-04T06:47:02.062124+00:00
329ef4db-3921-44bc-bd9b-2712e8812765,fUST,0.00015,30,14,-57500.0,demand,2026-10-04T06:47:02.062124+00:00
329ef4db-3921-44bc-bd9b-2712e8812765,fUST,0.000142,30,1,-28000.0,demand,2026-10-04T06:47:02.062124+00:00
329ef4db-3921-44bc-bd9b-2712e8812765,fUST,0.0001361,30,23,-93124.47696771,demand,2026-10-04T06:47:02.062124+00:00
329ef4db-3921-44bc-bd9b-2712e8812765,fUST,0.0001226,12,1,-168261.78174047,demand,2026-10-04T06:47:02.062124+00:00
329ef4db-3921-44bc-bd9b-2712e8812765,fUST,0.0001225,59,1,-95000.0,demand,2026-10-04T06:47:02.062124+00:00
329ef4db-3921-44bc-bd9b-2712e8812765,fUST,0.0001222,29,1,-194504.86890568,demand,2026-10-04T06:47:02.062124+00:00
329ef4db-3921-44bc-bd9b-2712e8812765,fUST,0.0001202,19,1,-184532.71737778,demand,2026-10-04T06:47:02.062124+00:00
329ef4db-3921-44bc-bd9b-2712e8812765,fUST,0.00012,120,1,-30000.0,demand,2026-10-04T06:47:02.062124+00:00
329ef4db-3921-44bc-bd9b-2712e8812765,fUST,0.0001181,7,1,-145093.80880022,demand,2026-10-04T06:47:02.062124+00:00
329ef4db-3921-44bc-bd9b-2712e8812765,fUST,0.0001098,2,8,-8000.0,demand,2026-10-04T06:47:02.062124+00:00
329ef4db-3921-44bc-bd9b-2712e8812765,fUST,0.00010800000000000001,2,1,-2499180.15960984,demand,2026-10-04T06:47:02.062124+00:00
329ef4db-3921-44bc-bd9b-2712e8812765,fUST,0.00010511,2,1,-7518.58526013,demand,2026-10-04T06:47:02.062124+00:00
329ef4db-3921-44bc-bd9b-2712e8812765,fUST,0.000101,120,1,-293300.0,demand,2026-10-04T06:47:02.062124+00:00
329ef4db-3921-44bc-bd9b-2712e8812765,fUST,0.0001,2,1,-1000.0,demand,2026-10-04T06:47:02.062124+00:00
329ef4db-3921-44bc-bd9b-2712e8812765,fUST,0.0001,5,1,-1000.0,demand,2026-10-04T06:47:02.062124+00:00
329ef4db-3921-44bc-bd9b-2712e8812765,fUST,0.00017263,12,1,2313.76346443,offer,2026-10-04T06:47:02.062124+00:00
329ef4db-3921-44bc-bd9b-2712e8812765,fUST,0.00017871,2,1,155.92814325,offer,2026-10-04T06:47:02.062124+00:00
329ef4db-3921-44bc-bd9b-2712e8812765,fUST,0.0001797119,2,3,453.0,offer,2026-10-04T06:47:02.062124+00:00
329ef4db-3921-44bc-bd9b-2712e8812765,fUST,0.000189605,2,1,1873.6020867,offer,2026-10-04T06:47:02.062124+00:00
329ef4db-3921-44bc-bd9b-2712e8812765,fUST,0.000193821,2,1,189.0,offer,2026-10-04T06:47:02.062124+00:00
329ef4db-3921-44bc-bd9b-2712e8812765,fUST,0.00019844475,5,1,160.0,offer,2026-10-04T06:47:02.062124+00:00
329ef4db-3921-44bc-bd9b-2712e8812765,fUST,0.000199870006,2,1,157.55161115,offer,2026-10-04T06:47:02.062124+00:00
329ef4db-3921-44bc-bd9b-2712e8812765,fUST,0.00019989,3,1,400.8,offer,2026-10-04T06:47:02.062124+00:00
329ef4db-3921-44bc-bd9b-2712e8812765,fUST,0.00019992,2,2,464.93006123,offer,2026-10-04T06:47:02.062124+00:00
329ef4db-3921-44bc-bd9b-2712e8812765,fUST,0.00019998,2,3,1643.31303607,offer,2026-10-04T06:47:02.062124+00:00
329ef4db-3921-44bc-bd9b-2712e8812765,fUST,0.00019998,7,1,355.0,offer,2026-10-04T06:47:02.062124+00:00
329ef4db-3921-44bc-bd9b-2712e8812765,fUST,0.00019999,2,4,1033304.93256382,offer,2026-10-04T06:47:02.062124+00:00
329ef4db-3921-44bc-bd9b-2712e8812765,fUST,0.0001999901,2,1,217.86,offer,2026-10-04T06:47:02.062124+00:00
329ef4db-3921-44bc-bd9b-2712e8812765,fUST,0.0002,2,15,177371.93875029,offer,2026-10-04T06:47:02.062124+00:00
329ef4db-3921-44bc-bd9b-2712e8812765,fUST,0.0002,5,1,187.343091,offer,2026-10-04T06:47:02.062124+00:00
329ef4db-3921-44bc-bd9b-2712e8812765,fUST,0.00020007,2,1,160.00000001,offer,2026-10-04T06:47:02.062124+00:00
329ef4db-3921-44bc-bd9b-2712e8812765,fUST,0.00020177980995672584,2,1,390.82466057,offer,2026-10-04T06:47:02.062124+00:00
329ef4db-3921-44bc-bd9b-2712e8812765,fUST,0.00020194,2,1,600.0,offer,2026-10-04T06:47:02.062124+00:00
329ef4db-3921-44bc-bd9b-2712e8812765,fUST,0.00020313965195774378,2,1,624.02361308,offer,2026-10-04T06:47:02.062124+00:00
329ef4db-3921-44bc-bd9b-2712e8812765,fUST,0.00020397042,4,1,780.08957524,offer,2026-10-04T06:47:02.062124+00:00
329ef4db-3921-44bc-bd9b-2712e8812765,fUST,0.0002039898,2,1,154.0,offer,2026-10-04T06:47:02.062124+00:00
329ef4db-3921-44bc-bd9b-2712e8812765,fUST,0.00020409,7,1,355.0,offer,2026-10-04T06:47:02.062124+00:00
329ef4db-3921-44bc-bd9b-2712e8812765,fUST,0.000205,2,1,300.0,offer,2026-10-04T06:47:02.062124+00:00
329ef4db-3921-44bc-bd9b-2712e8812765,fUST,0.00020535000599999998,2,1,157.55161115,offer,2026-10-04T06:47:02.062124+00:00
329ef4db-3921-44bc-bd9b-2712e8812765,fUST,0.00020547,2,20,10045.71122501,offer,2026-10-04T06:47:02.062124+00:00
69d114bf-e9d1-48ff-97f0-e3085dc564d1,fUST,0.0002671232876712329,120,1,-4692201.3321253,demand,2026-10-04T07:47:01.932296+00:00
69d114bf-e9d1-48ff-97f0-e3085dc564d1,fUST,0.000267123287,120,2,-14451.08,demand,2026-10-04T07:47:01.932296+00:00
69d114bf-e9d1-48ff-97f0-e3085dc564d1,fUST,0.0002661260273972603,60,1,-964340.79130458,demand,2026-10-04T07:47:01.932296+00:00
69d114bf-e9d1-48ff-97f0-e3085dc564d1,fUST,0.0002,30,1,-122885.04387631,demand,2026-10-04T07:47:01.932296+00:00
69d114bf-e9d1-48ff-97f0-e3085dc564d1,fUST,0.000161,30,6,-14492.3173799,demand,2026-10-04T07:47:01.932296+00:00
69d114bf-e9d1-48ff-97f0-e3085dc564d1,fUST,0.00016,60,18,-114200.828599,demand,2026-10-04T07:47:01.932296+00:00
69d114bf-e9d1-48ff-97f0-e3085dc564d1,fUST,0.00016,30,2,-13277.4,demand,2026-10-04T07:47:01.932296+00:00
69d114bf-e9d1-48ff-97f0-e3085dc564d1,fUST,0.000155,45,8,-47500.0,demand,2026-10-04T07:47:01.932296+00:00
69d114bf-e9d1-48ff-97f0-e3085dc564d1,fUST,0.000152,60,1,-28000.0,demand,2026-10-04T07:47:01.932296+00:00
69d114bf-e9d1-48ff-97f0-e3085dc564d1,fUST,0.00015,120,1,-300000.0,demand,2026-10-04T07:47:01.932296+00:00
69d114bf-e9d1-48ff-97f0-e3085dc564d1,fUST,0.00015,45,4,-18668.928077,demand,2026-10-04T07:47:01.932296+00:00
69d114bf-e9d1-48ff-97f0-e3085dc564d1,fUST,0.00015,30,14,-57500.0,demand,2026-10-04T07:47:01.932296+00:00
69d114bf-e9d1-48ff-97f0-e3085dc564d1,fUST,0.000142,30,1,-28000.0,demand,2026-10-04T07:47:01.932296+00:00
69d114bf-e9d1-48ff-97f0-e3085dc564d1,fUST,0.0001361,30,23,-93124.47696771,demand,2026-10-04T07:47:01.932296+00:00
69d114bf-e9d1-48ff-97f0-e3085dc564d1,fUST,0.0001226,12,1,-168261.78174047,demand,2026-10-04T07:47:01.932296+00:00
69d114bf-e9d1-48ff-97f0-e3085dc564d1,fUST,0.0001225,59,1,-95000.0,demand,2026-10-04T07:47:01.932296+00:00
69d114bf-e9d1-48ff-97f0-e3085dc564d1,fUST,0.0001222,29,1,-194504.86890568,demand,2026-10-04T07:47:01.932296+00:00
69d114bf-e9d1-48ff-97f0-e3085dc564d1,fUST,0.0001202,19,1,-184532.71737778,demand,2026-10-04T07:47:01.932296+00:00
69d114bf-e9d1-48ff-97f0-e3085dc564d1,fUST,0.00012,120,1,-30000.0,demand,2026-10-04T07:47:01.932296+00:00
69d114bf-e9d1-48ff-97f0-e3085dc564d1,fUST,0.0001181,7,1,-145093.80880022,demand,2026-10-04T07:47:01.932296+00:00
69d114bf-e9d1-48ff-97f0-e3085dc564d1,fUST,0.0001083,2,3,-26291.247707,demand,2026-10-04T07:47:01.932296+00:00
69d114bf-e9d1-48ff-97f0-e3085dc564d1,fUST,0.0001082,2,1,-25000.0,demand,2026-10-04T07:47:01.932296+00:00
69d114bf-e9d1-48ff-97f0-e3085dc564d1,fUST,0.00010800000000000001,2,1,-2490519.82372672,demand,2026-10-04T07:47:01.932296+00:00
69d114bf-e9d1-48ff-97f0-e3085dc564d1,fUST,0.00010511,2,1,-7518.58526013,demand,2026-10-04T07:47:01.932296+00:00
69d114bf-e9d1-48ff-97f0-e3085dc564d1,fUST,0.000101,120,1,-293300.0,demand,2026-10-04T07:47:01.932296+00:00
69d114bf-e9d1-48ff-97f0-e3085dc564d1,fUST,0.00013634,2,1,5000.0,offer,2026-10-04T07:47:01.932296+00:00
69d114bf-e9d1-48ff-97f0-e3085dc564d1,fUST,0.00013772,2,1,5000.0,offer,2026-10-04T07:47:01.932296+00:00
69d114bf-e9d1-48ff-97f0-e3085dc564d1,fUST,0.00013911,2,1,5000.0,offer,2026-10-04T07:47:01.932296+00:00
69d114bf-e9d1-48ff-97f0-e3085dc564d1,fUST,0.00014094,2,1,197.80669597,offer,2026-10-04T07:47:01.932296+00:00
69d114bf-e9d1-48ff-97f0-e3085dc564d1,fUST,0.0001492539,2,1,151.0,offer,2026-10-04T07:47:01.932296+00:00
69d114bf-e9d1-48ff-97f0-e3085dc564d1,fUST,0.0001554231,2,1,151.0,offer,2026-10-04T07:47:01.932296+00:00
69d114bf-e9d1-48ff-97f0-e3085dc564d1,fUST,0.00016023,7,1,389.19591739,offer,2026-10-04T07:47:01.932296+00:00
69d114bf-e9d1-48ff-97f0-e3085dc564d1,fUST,0.00017505613158008693,2,1,369.00464477,offer,2026-10-04T07:47:01.932296+00:00
69d114bf-e9d1-48ff-97f0-e3085dc564d1,fUST,0.00018049097499999995,2,1,1002.08147375,offer,2026-10-04T07:47:01.932296+00:00
69d114bf-e9d1-48ff-97f0-e3085dc564d1,fUST,0.00018400000000000005,2,1,150.95641509,offer,2026-10-04T07:47:01.932296+00:00
69d114bf-e9d1-48ff-97f0-e3085dc564d1,fUST,0.0001863647,2,1,5321.3258263,offer,2026-10-04T07:47:01.932296+00:00
69d114bf-e9d1-48ff-97f0-e3085dc564d1,fUST,0.00018999,2,2,19181.93546228,offer,2026-10-04T07:47:01.932296+00:00
69d114bf-e9d1-48ff-97f0-e3085dc564d1,fUST,0.00018999178082191782,2,1,19945.27948798,offer,2026-10-04T07:47:01.932296+00:00
69d114bf-e9d1-48ff-97f0-e3085dc564d1,fUST,0.0001903992399,2,1,164.6100114,offer,2026-10-04T07:47:01.932296+00:00
69d114bf-e9d1-48ff-97f0-e3085dc564d1,fUST,0.0001917808219178082,2,1,159.546164,offer,2026-10-04T07:47:01.932296+00:00
69d114bf-e9d1-48ff-97f0-e3085dc564d1,fUST,0.000194364,2,1,320.458,offer,2026-10-04T07:47:01.932296+00:00
69d114bf-e9d1-48ff-97f0-e3085dc564d1,fUST,0.00019534,7,1,355.0,offer,2026-10-04T07:47:01.932296+00:00
69d114bf-e9d1-48ff-97f0-e3085dc564d1,fUST,0.0001954815,2,1,160.0,offer,2026-10-04T07:47:01.932296+00:00
69d114bf-e9d1-48ff-97f0-e3085dc564d1,fUST,0.00019599,2,1,2355.38848511,offer,2026-10-04T07:47:01.932296+00:00
69d114bf-e9d1-48ff-97f0-e3085dc564d1,fUST,0.00019842,2,5,755.0,offer,2026-10-04T07:47:01.932296+00:00
69d114bf-e9d1-48ff-97f0-e3085dc564d1,fUST,0.00019842101244482713,2,1,18778.83350959,offer,2026-10-04T07:47:01.932296+00:00
69d114bf-e9d1-48ff-97f0-e3085dc564d1,fUST,0.00019862460000000002,7,1,313.78196535,offer,2026-10-04T07:47:01.932296+00:00
69d114bf-e9d1-48ff-97f0-e3085dc564d1,fUST,0.00019945,7,1,355.0,offer,2026-10-04T07:47:01.932296+00:00
69d114bf-e9d1-48ff-97f0-e3085dc564d1,fUST,0.000199870006,2,1,167.96855505,offer,2026-10-04T07:47:01.932296+00:00
69d114bf-e9d1-48ff-97f0-e3085dc564d1,fUST,0.00019989,3,2,603.33,offer,2026-10-04T07:47:01.932296+00:00
67def94a-6454-4255-9a35-27897c6a7327,fUST,0.0002671232876712329,120,1,-4692001.3321253,demand,2026-10-04T08:47:02.225702+00:00
67def94a-6454-4255-9a35-27897c6a7327,fUST,0.000267123287,120,2,-14451.08,demand,2026-10-04T08:47:02.225702+00:00
67def94a-6454-4255-9a35-27897c6a7327,fUST,0.0002660931506849315,60,1,-964175.94589707,demand,2026-10-04T08:47:02.225702+00:00
67def94a-6454-4255-9a35-27897c6a7327,fUST,0.0002,30,1,-122885.04387631,demand,2026-10-04T08:47:02.225702+00:00
67def94a-6454-4255-9a35-27897c6a7327,fUST,0.000161,30,6,-14492.3173799,demand,2026-10-04T08:47:02.225702+00:00
67def94a-6454-4255-9a35-27897c6a7327,fUST,0.00016,60,18,-114200.828599,demand,2026-10-04T08:47:02.225702+00:00
67def94a-6454-4255-9a35-27897c6a7327,fUST,0.00016,30,2,-13277.4,demand,2026-10-04T08:47:02.225702+00:00
67def94a-6454-4255-9a35-27897c6a7327,fUST,0.000155,45,8,-47500.0,demand,2026-10-04T08:47:02.225702+00:00
67def94a-6454-4255-9a35-27897c6a7327,fUST,0.000152,60,1,-28000.0,demand,2026-10-04T08:47:02.225702+00:00
67def94a-6454-4255-9a35-27897c6a7327,fUST,0.00015,120,1,-300000.0,demand,2026-10-04T08:47:02.225702+00:00
67def94a-6454-4255-9a35-27897c6a7327,fUST,0.00015,45,4,-18668.928077,demand,2026-10-04T08:47:02.225702+00:00
67def94a-6454-4255-9a35-27897c6a7327,fUST,0.00015,30,14,-57500.0,demand,2026-10-04T08:47:02.225702+00:00
67def94a-6454-4255-9a35-27897c6a7327,fUST,0.000142,30,1,-28000.0,demand,2026-10-04T08:47:02.225702+00:00
67def94a-6454-4255-9a35-27897c6a7327,fUST,0.0001361,30,23,-93124.47696771,demand,2026-10-04T08:47:02.225702+00:00
67def94a-6454-4255-9a35-27897c6a7327,fUST,0.0001226,12,1,-168261.78174047,demand,2026-10-04T08:47:02.225702+00:00
67def94a-6454-4255-9a35-27897c6a7327,fUST,0.0001225,59,1,-95000.0,demand,2026-10-04T08:47:02.225702+00:00
67def94a-6454-4255-9a35-27897c6a7327,fUST,0.0001222,29,1,-194504.86890568,demand,2026-10-04T08:47:02.225702+00:00
67def94a-6454-4255-9a35-27897c6a7327,fUST,0.0001202,19,1,-184532.71737778,demand,2026-10-04T08:47:02.225702+00:00
67def94a-6454-4255-9a35-27897c6a7327,fUST,0.00012,120,1,-30000.0,demand,2026-10-04T08:47:02.225702+00:00
67def94a-6454-4255-9a35-27897c6a7327,fUST,0.0001181,7,1,-145093.80880022,demand,2026-10-04T08:47:02.225702+00:00
67def94a-6454-4255-9a35-27897c6a7327,fUST,0.0001086,2,8,-78400.0,demand,2026-10-04T08:47:02.225702+00:00
67def94a-6454-4255-9a35-27897c6a7327,fUST,0.0001083,2,3,-75000.0,demand,2026-10-04T08:47:02.225702+00:00
67def94a-6454-4255-9a35-27897c6a7327,fUST,0.0001082,2,5,-125000.0,demand,2026-10-04T08:47:02.225702+00:00
67def94a-6454-4255-9a35-27897c6a7327,fUST,0.0001081,2,1,-25000.0,demand,2026-10-04T08:47:02.225702+00:00
67def94a-6454-4255-9a35-27897c6a7327,fUST,0.00010800000000000001,2,1,-2438471.550397,demand,2026-10-04T08:47:02.225702+00:00
67def94a-6454-4255-9a35-27897c6a7327,fUST,0.00012413,2,1,5000.0,offer,2026-10-04T08:47:02.225702+00:00
67def94a-6454-4255-9a35-27897c6a7327,fUST,0.00012538,2,1,343.73571897,offer,2026-10-04T08:47:02.225702+00:00
67def94a-6454-4255-9a35-27897c6a7327,fUST,0.00012665,2,1,5000.0,offer,2026-10-04T08:47:02.225702+00:00
67def94a-6454-4255-9a35-27897c6a7327,fUST,0.00012665,7,1,251.02557228,offer,2026-10-04T08:47:02.225702+00:00
67def94a-6454-4255-9a35-27897c6a7327,fUST,0.000129183,7,1,251.02557228,offer,2026-10-04T08:47:02.225702+00:00
67def94a-6454-4255-9a35-27897c6a7327,fUST,0.0001329825,7,1,251.02557228,offer,2026-10-04T08:47:02.225702+00:00
67def94a-6454-4255-9a35-27897c6a7327,fUST,0.000136782,7,1,251.02557228,offer,2026-10-04T08:47:02.225702+00:00
67def94a-6454-4255-9a35-27897c6a7327,fUST,0.000136986301369863,2,2,5439.4632827,offer,2026-10-04T08:47:02.225702+00:00
67def94a-6454-4255-9a35-27897c6a7327,fUST,0.000141423,7,1,155.67836694,offer,2026-10-04T08:47:02.225702+00:00
67def94a-6454-4255-9a35-27897c6a7327,fUST,0.0001418343,2,1,4485.4668283,offer,2026-10-04T08:47:02.225702+00:00
67def94a-6454-4255-9a35-27897c6a7327,fUST,0.00014183561643835616,2,1,10118.12826624,offer,2026-10-04T08:47:02.225702+00:00
67def94a-6454-4255-9a35-27897c6a7327,fUST,0.00014184,2,1,151.0,offer,2026-10-04T08:47:02.225702+00:00
67def94a-6454-4255-9a35-27897c6a7327,fUST,0.000141848,7,1,251.02557228,offer,2026-10-04T08:47:02.225702+00:00
67def94a-6454-4255-9a35-27897c6a7327,fUST,0.00014289,2,1,213.577104,offer,2026-10-04T08:47:02.225702+00:00
67def94a-6454-4255-9a35-27897c6a7327,fUST,0.0001433088,2,1,552.8034884,offer,2026-10-04T08:47:02.225702+00:00
67def94a-6454-4255-9a35-27897c6a7327,fUST,0.000144,2,1,500.0,offer,2026-10-04T08:47:02.225702+00:00
67def94a-6454-4255-9a35-27897c6a7327,fUST,0.0001440104,2,1,2416.8542143,offer,2026-10-04T08:47:02.225702+00:00
67def94a-6454-4255-9a35-27897c6a7327,fUST,0.0001440899,2,28,13439.41091607,offer,2026-10-04T08:47:02.225702+00:00
67def94a-6454-4255-9a35-27897c6a7327,fUST,0.0001440999,2,1,3690.2400396,offer,2026-10-04T08:47:02.225702+00:00
67def94a-6454-4255-9a35-27897c6a7327,fUST,0.0001441,2,1,151.0,offer,2026-10-04T08:47:02.225702+00:00
67def94a-6454-4255-9a35-27897c6a7327,fUST,0.00014433,2,5,2515.10099523,offer,2026-10-04T08:47:02.225702+00:00
67def94a-6454-4255-9a35-27897c6a7327,fUST,0.00014730198307048726,2,1,2945.64129706,offer,2026-10-04T08:47:02.225702+00:00
67def94a-6454-4255-9a35-27897c6a7327,fUST,0.00014974200000000002,7,1,233.51755045,offer,2026-10-04T08:47:02.225702+00:00
67def94a-6454-4255-9a35-27897c6a7327,fUST,0.00015068493150684933,2,1,161.3961062,offer,2026-10-04T08:47:02.225702+00:00
67def94a-6454-4255-9a35-27897c6a7327,fUST,0.00015435,2,1,349.0,offer,2026-10-04T08:47:02.225702+00:00
92b0b978-a81e-4572-8573-35000e444aad,fUST,0.0002671232876712329,120,1,-4676849.0321253,demand,2026-10-04T09:47:01.657262+00:00
92b0b978-a81e-4572-8573-35000e444aad,fUST,0.000267123287,120,2,-14451.08,demand,2026-10-04T09:47:01.657262+00:00
92b0b978-a81e-4572-8573-35000e444aad,fUST,0.00026606301369863015,60,1,-964175.94589707,demand,2026-10-04T09:47:01.657262+00:00
92b0b978-a81e-4572-8573-35000e444aad,fUST,0.0002,30,1,-122685.04387631,demand,2026-10-04T09:47:01.657262+00:00
92b0b978-a81e-4572-8573-35000e444aad,fUST,0.000161,30,6,-14492.3173799,demand,2026-10-04T09:47:01.657262+00:00
92b0b978-a81e-4572-8573-35000e444aad,fUST,0.00016,60,18,-114200.828599,demand,2026-10-04T09:47:01.657262+00:00
92b0b978-a81e-4572-8573-35000e444aad,fUST,0.00016,30,2,-13277.4,demand,2026-10-04T09:47:01.657262+00:00
92b0b978-a81e-4572-8573-35000e444aad,fUST,0.000155,45,8,-47500.0,demand,2026-10-04T09:47:01.657262+00:00
92b0b978-a81e-4572-8573-35000e444aad,fUST,0.000152,60,1,-28000.0,demand,2026-10-04T09:47:01.657262+00:00
92b0b978-a81e-4572-8573-35000e444aad,fUST,0.00015,120,1,-300000.0,demand,2026-10-04T09:47:01.657262+00:00
92b0b978-a81e-4572-8573-35000e444aad,fUST,0.00015,45,4,-18668.928077,demand,2026-10-04T09:47:01.657262+00:00
92b0b978-a81e-4572-8573-35000e444aad,fUST,0.00015,30,14,-57500.0,demand,2026-10-04T09:47:01.657262+00:00
92b0b978-a81e-4572-8573-35000e444aad,fUST,0.000142,30,1,-28000.0,demand,2026-10-04T09:47:01.657262+00:00
92b0b978-a81e-4572-8573-35000e444aad,fUST,0.0001361,30,23,-93124.47696771,demand,2026-10-04T09:47:01.657262+00:00
92b0b978-a81e-4572-8573-35000e444aad,fUST,0.0001226,12,1,-158261.78174047,demand,2026-10-04T09:47:01.657262+00:00
92b0b978-a81e-4572-8573-35000e444aad,fUST,0.0001225,59,1,-95000.0,demand,2026-10-04T09:47:01.657262+00:00
92b0b978-a81e-4572-8573-35000e444aad,fUST,0.0001222,29,1,-194504.86890568,demand,2026-10-04T09:47:01.657262+00:00
92b0b978-a81e-4572-8573-35000e444aad,fUST,0.0001202,19,1,-184532.71737778,demand,2026-10-04T09:47:01.657262+00:00
92b0b978-a81e-4572-8573-35000e444aad,fUST,0.00012,120,1,-30000.0,demand,2026-10-04T09:47:01.657262+00:00
92b0b978-a81e-4572-8573-35000e444aad,fUST,0.0001181,7,1,-145093.80880022,demand,2026-10-04T09:47:01.657262+00:00
92b0b978-a81e-4572-8573-35000e444aad,fUST,0.0001091,2,1,-11.23013686,demand,2026-10-04T09:47:01.657262+00:00
92b0b978-a81e-4572-8573-35000e444aad,fUST,0.000109,2,5,-108803.412339,demand,2026-10-04T09:47:01.657262+00:00
92b0b978-a81e-4572-8573-35000e444aad,fUST,0.0001083,2,3,-75000.0,demand,2026-10-04T09:47:01.657262+00:00
92b0b978-a81e-4572-8573-35000e444aad,fUST,0.0001082,2,5,-125000.0,demand,2026-10-04T09:47:01.657262+00:00
92b0b978-a81e-4572-8573-35000e444aad,fUST,0.0001081,2,1,-25000.0,demand,2026-10-04T09:47:01.657262+00:00
92b0b978-a81e-4572-8573-35000e444aad,fUST,0.00012468,12,1,4380.81137744,offer,2026-10-04T09:47:01.657262+00:00
92b0b978-a81e-4572-8573-35000e444aad,fUST,0.00013698,2,3,1169.22759825,offer,2026-10-04T09:47:01.657262+00:00
92b0b978-a81e-4572-8573-35000e444aad,fUST,0.0001425,2,1,171.73,offer,2026-10-04T09:47:01.657262+00:00
92b0b978-a81e-4572-8573-35000e444aad,fUST,0.0001481454,2,1,552.8034884,offer,2026-10-04T09:47:01.657262+00:00
92b0b978-a81e-4572-8573-35000e444aad,fUST,0.00014845,2,1,3696.4450468,offer,2026-10-04T09:47:01.657262+00:00
92b0b978-a81e-4572-8573-35000e444aad,fUST,0.00015288,2,2,1000.0,offer,2026-10-04T09:47:01.657262+00:00
92b0b978-a81e-4572-8573-35000e444aad,fUST,0.00015288381979117194,2,1,5918.21045098,offer,2026-10-04T09:47:01.657262+00:00
92b0b978-a81e-4572-8573-35000e444aad,fUST,0.00015400000000000006,2,1,150.95641509,offer,2026-10-04T09:47:01.657262+00:00
92b0b978-a81e-4572-8573-35000e444aad,fUST,0.00015661939092760836,2,1,3462.56570096,offer,2026-10-04T09:47:01.657262+00:00
92b0b978-a81e-4572-8573-35000e444aad,fUST,0.0001598057050281718,2,14,6900.0,offer,2026-10-04T09:47:01.657262+00:00
92b0b978-a81e-4572-8573-35000e444aad,fUST,0.00015981,2,1,151.0,offer,2026-10-04T09:47:01.657262+00:00
92b0b978-a81e-4572-8573-35000e444aad,fUST,0.00016438,2,2,1000.0,offer,2026-10-04T09:47:01.657262+00:00
92b0b978-a81e-4572-8573-35000e444aad,fUST,0.00016438356164383562,2,11,1757.404059,offer,2026-10-04T09:47:01.657262+00:00
92b0b978-a81e-4572-8573-35000e444aad,fUST,0.00016726,2,2,1145.06098009,offer,2026-10-04T09:47:01.657262+00:00
92b0b978-a81e-4572-8573-35000e444aad,fUST,0.000169898,2,1,167.96855505,offer,2026-10-04T09:47:01.657262+00:00
92b0b978-a81e-4572-8573-35000e444aad,fUST,0.00016998,2,1,500.0,offer,2026-10-04T09:47:01.657262+00:00
92b0b978-a81e-4572-8573-35000e444aad,fUST,0.00016999,2,5,2500.0,offer,2026-10-04T09:47:01.657262+00:00
92b0b978-a81e-4572-8573-35000e444aad,fUST,0.00017,2,7,32528.97739346,offer,2026-10-04T09:47:01.657262+00:00
92b0b978-a81e-4572-8573-35000e444aad,fUST,0.00017284,2,5,1347.923114,offer,2026-10-04T09:47:01.657262+00:00
92b0b978-a81e-4572-8573-35000e444aad,fUST,0.00017284512180593126,2,1,12198.08336804,offer,2026-10-04T09:47:01.657262+00:00
92b0b978-a81e-4572-8573-35000e444aad,fUST,0.000175378,2,1,167.96855505,offer,2026-10-04T09:47:01.657262+00:00
92b0b978-a81e-4572-8573-35000e444aad,fUST,0.00017642205375,2,1,159.0,offer,2026-10-04T09:47:01.657262+00:00
92b0b978-a81e-4572-8573-35000e444aad,fUST,0.00017681850925012704,5,1,816.69520423,offer,2026-10-04T09:47:01.657262+00:00
92b0b978-a81e-4572-8573-35000e444aad,fUST,0.00017715,2,4,1167.74028243,offer,2026-10-04T09:47:01.657262+00:00
92b0b978-a81e-4572-8573-35000e444aad,fUST,0.00017869480505972035,2,1,720.26308934,offer,2026-10-04T09:47:01.657262+00:00
f539de30-7eca-49f8-85fa-77260737b211,fUST,0.0002677178082191781,60,1,-959717.77884155,demand,2026-10-04T10:47:01.645433+00:00
f539de30-7eca-49f8-85fa-77260737b211,fUST,0.0002671232876712329,120,1,-4673025.73457797,demand,2026-10-04T10:47:01.645433+00:00
f539de30-7eca-49f8-85fa-77260737b211,fUST,0.000267123287,120,2,-14451.08,demand,2026-10-04T10:47:01.645433+00:00
f539de30-7eca-49f8-85fa-77260737b211,fUST,0.0002,30,1,-122377.04387631,demand,2026-10-04T10:47:01.645433+00:00
f539de30-7eca-49f8-85fa-77260737b211,fUST,0.000161,30,6,-14492.3173799,demand,2026-10-04T10:47:01.645433+00:00
f539de30-7eca-49f8-85fa-77260737b211,fUST,0.00016,60,18,-114200.828599,demand,2026-10-04T10:47:01.645433+00:00
f539de30-7eca-49f8-85fa-77260737b211,fUST,0.00016,30,2,-13277.4,demand,2026-10-04T10:47:01.645433+00:00
f539de30-7eca-49f8-85fa-77260737b211,fUST,0.000155,45,8,-47500.0,demand,2026-10-04T10:47:01.645433+00:00
f539de30-7eca-49f8-85fa-77260737b211,fUST,0.000152,60,1,-28000.0,demand,2026-10-04T10:47:01.645433+00:00
f539de30-7eca-49f8-85fa-77260737b211,fUST,0.00015,120,1,-300000.0,demand,2026-10-04T10:47:01.645433+00:00
f539de30-7eca-49f8-85fa-77260737b211,fUST,0.00015,45,4,-18668.928077,demand,2026-10-04T10:47:01.645433+00:00
f539de30-7eca-49f8-85fa-77260737b211,fUST,0.00015,30,14,-57500.0,demand,2026-10-04T10:47:01.645433+00:00
f539de30-7eca-49f8-85fa-77260737b211,fUST,0.000142,30,1,-28000.0,demand,2026-10-04T10:47:01.645433+00:00
f539de30-7eca-49f8-85fa-77260737b211,fUST,0.0001361,30,23,-93124.47696771,demand,2026-10-04T10:47:01.645433+00:00
f539de30-7eca-49f8-85fa-77260737b211,fUST,0.0001226,12,1,-114209.36151335,demand,2026-10-04T10:47:01.645433+00:00
f539de30-7eca-49f8-85fa-77260737b211,fUST,0.0001225,59,1,-95000.0,demand,2026-10-04T10:47:01.645433+00:00
f539de30-7eca-49f8-85fa-77260737b211,fUST,0.0001222,29,1,-194504.86890568,demand,2026-10-04T10:47:01.645433+00:00
f539de30-7eca-49f8-85fa-77260737b211,fUST,0.0001202,19,1,-184532.71737778,demand,2026-10-04T10:47:01.645433+00:00
f539de30-7eca-49f8-85fa-77260737b211,fUST,0.00012,120,1,-30000.0,demand,2026-10-04T10:47:01.645433+00:00
f539de30-7eca-49f8-85fa-77260737b211,fUST,0.00012,7,1,-1275.63028692,demand,2026-10-04T10:47:01.645433+00:00
f539de30-7eca-49f8-85fa-77260737b211,fUST,0.00012,2,1,-2000.0,demand,2026-10-04T10:47:01.645433+00:00
f539de30-7eca-49f8-85fa-77260737b211,fUST,0.00012,3,1,-697.34243579,demand,2026-10-04T10:47:01.645433+00:00
f539de30-7eca-49f8-85fa-77260737b211,fUST,0.00012,4,1,-2000.0,demand,2026-10-04T10:47:01.645433+00:00
f539de30-7eca-49f8-85fa-77260737b211,fUST,0.00012,5,1,-2000.0,demand,2026-10-04T10:47:01.645433+00:00
f539de30-7eca-49f8-85fa-77260737b211,fUST,0.0001181,7,1,-145093.80880022,demand,2026-10-04T10:47:01.645433+00:00
f539de30-7eca-49f8-85fa-77260737b211,fUST,0.0001287,2,1,5000.0,offer,2026-10-04T10:47:01.645433+00:00
f539de30-7eca-49f8-85fa-77260737b211,fUST,0.00013,2,1,8885.0,offer,2026-10-04T10:47:01.645433+00:00
f539de30-7eca-49f8-85fa-77260737b211,fUST,0.00013561,2,1,379.34,offer,2026-10-04T10:47:01.645433+00:00
f539de30-7eca-49f8-85fa-77260737b211,fUST,0.0001369708219178082,2,25,11823.39142576,offer,2026-10-04T10:47:01.645433+00:00
f539de30-7eca-49f8-85fa-77260737b211,fUST,0.00013698,7,1,207.12064864,offer,2026-10-04T10:47:01.645433+00:00
f539de30-7eca-49f8-85fa-77260737b211,fUST,0.00013698,2,7,3303.53081622,offer,2026-10-04T10:47:01.645433+00:00
f539de30-7eca-49f8-85fa-77260737b211,fUST,0.0001369808219178082,2,1,9151.02226364,offer,2026-10-04T10:47:01.645433+00:00
f539de30-7eca-49f8-85fa-77260737b211,fUST,0.00013699,2,1,318.32118879,offer,2026-10-04T10:47:01.645433+00:00
f539de30-7eca-49f8-85fa-77260737b211,fUST,0.0001397196,7,1,207.12064864,offer,2026-10-04T10:47:01.645433+00:00
f539de30-7eca-49f8-85fa-77260737b211,fUST,0.00014382900000000002,7,1,207.12064864,offer,2026-10-04T10:47:01.645433+00:00
f539de30-7eca-49f8-85fa-77260737b211,fUST,0.00014793840000000002,7,1,207.12064864,offer,2026-10-04T10:47:01.645433+00:00
f539de30-7eca-49f8-85fa-77260737b211,fUST,0.00014917,2,1,379.34,offer,2026-10-04T10:47:01.645433+00:00
f539de30-7eca-49f8-85fa-77260737b211,fUST,0.0001498752864,2,1,4793.0426424,offer,2026-10-04T10:47:01.645433+00:00
f539de30-7eca-49f8-85fa-77260737b211,fUST,0.0001503192096,2,1,181.427454,offer,2026-10-04T10:47:01.645433+00:00
f539de30-7eca-49f8-85fa-77260737b211,fUST,0.00015068493150684933,2,1,187.85686,offer,2026-10-04T10:47:01.645433+00:00
f539de30-7eca-49f8-85fa-77260737b211,fUST,0.00015341760000000003,7,1,207.12064864,offer,2026-10-04T10:47:01.645433+00:00
f539de30-7eca-49f8-85fa-77260737b211,fUST,0.00015735,2,1,500.0,offer,2026-10-04T10:47:01.645433+00:00
f539de30-7eca-49f8-85fa-77260737b211,fUST,0.0001573607,2,1,2892.0263366,offer,2026-10-04T10:47:01.645433+00:00
f539de30-7eca-49f8-85fa-77260737b211,fUST,0.0001594758,2,1,545.7243389,offer,2026-10-04T10:47:01.645433+00:00
f539de30-7eca-49f8-85fa-77260737b211,fUST,0.00016273,2,1,379.34,offer,2026-10-04T10:47:01.645433+00:00
f539de30-7eca-49f8-85fa-77260737b211,fUST,0.0001639529,2,1,242.6720362,offer,2026-10-04T10:47:01.645433+00:00
f539de30-7eca-49f8-85fa-77260737b211,fUST,0.0001722435,2,1,216.136081,offer,2026-10-04T10:47:01.645433+00:00
f539de30-7eca-49f8-85fa-77260737b211,fUST,0.00017224383561643836,2,1,500.0,offer,2026-10-04T10:47:01.645433+00:00
f539de30-7eca-49f8-85fa-77260737b211,fUST,0.0001736155701,2,1,189.934437,offer,2026-10-04T10:47:01.645433+00:00
f539de30-7eca-49f8-85fa-77260737b211,fUST,0.00017588330279017742,2,1,250.65738924,offer,2026-10-04T10:47:01.645433+00:00
7896f8c0-4d87-4afa-a52d-d27e0c581a61,fUST,0.00026765205479452054,60,1,-862160.00929461,demand,2026-10-04T11:47:01.505606+00:00
7896f8c0-4d87-4afa-a52d-d27e0c581a61,fUST,0.0002671232876712329,120,1,-4673025.73457797,demand,2026-10-04T11:47:01.505606+00:00
7896f8c0-4d87-4afa-a52d-d27e0c581a61,fUST,0.000267123287,120,2,-14451.08,demand,2026-10-04T11:47:01.505606+00:00
7896f8c0-4d87-4afa-a52d-d27e0c581a61,fUST,0.0002,30,1,-122377.04387631,demand,2026-10-04T11:47:01.505606+00:00
7896f8c0-4d87-4afa-a52d-d27e0c581a61,fUST,0.000161,30,6,-14492.3173799,demand,2026-10-04T11:47:01.505606+00:00
7896f8c0-4d87-4afa-a52d-d27e0c581a61,fUST,0.00016,60,18,-114200.828599,demand,2026-10-04T11:47:01.505606+00:00
7896f8c0-4d87-4afa-a52d-d27e0c581a61,fUST,0.00016,30,2,-13277.4,demand,2026-10-04T11:47:01.505606+00:00
7896f8c0-4d87-4afa-a52d-d27e0c581a61,fUST,0.000155,45,8,-47500.0,demand,2026-10-04T11:47:01.505606+00:00
7896f8c0-4d87-4afa-a52d-d27e0c581a61,fUST,0.000152,60,1,-28000.0,demand,2026-10-04T11:47:01.505606+00:00
7896f8c0-4d87-4afa-a52d-d27e0c581a61,fUST,0.00015,120,1,-300000.0,demand,2026-10-04T11:47:01.505606+00:00
7896f8c0-4d87-4afa-a52d-d27e0c581a61,fUST,0.00015,45,4,-18668.928077,demand,2026-10-04T11:47:01.505606+00:00
7896f8c0-4d87-4afa-a52d-d27e0c581a61,fUST,0.00015,30,14,-57500.0,demand,2026-10-04T11:47:01.505606+00:00
7896f8c0-4d87-4afa-a52d-d27e0c581a61,fUST,0.000142,30,1,-28000.0,demand,2026-10-04T11:47:01.505606+00:00
7896f8c0-4d87-4afa-a52d-d27e0c581a61,fUST,0.0001361,30,23,-93124.47696771,demand,2026-10-04T11:47:01.505606+00:00
7896f8c0-4d87-4afa-a52d-d27e0c581a61,fUST,0.0001226,12,1,-114209.36151335,demand,2026-10-04T11:47:01.505606+00:00
7896f8c0-4d87-4afa-a52d-d27e0c581a61,fUST,0.0001225,59,1,-95000.0,demand,2026-10-04T11:47:01.505606+00:00
7896f8c0-4d87-4afa-a52d-d27e0c581a61,fUST,0.0001222,29,1,-194504.86890568,demand,2026-10-04T11:47:01.505606+00:00
7896f8c0-4d87-4afa-a52d-d27e0c581a61,fUST,0.0001202,19,1,-184532.71737778,demand,2026-10-04T11:47:01.505606+00:00
7896f8c0-4d87-4afa-a52d-d27e0c581a61,fUST,0.00012,120,1,-30000.0,demand,2026-10-04T11:47:01.505606+00:00
7896f8c0-4d87-4afa-a52d-d27e0c581a61,fUST,0.00012,2,1,-2000.0,demand,2026-10-04T11:47:01.505606+00:00
7896f8c0-4d87-4afa-a52d-d27e0c581a61,fUST,0.00012,4,1,-1479.99944677,demand,2026-10-04T11:47:01.505606+00:00
7896f8c0-4d87-4afa-a52d-d27e0c581a61,fUST,0.00012,5,1,-2000.0,demand,2026-10-04T11:47:01.505606+00:00
7896f8c0-4d87-4afa-a52d-d27e0c581a61,fUST,0.0001181,7,1,-145093.80880022,demand,2026-10-04T11:47:01.505606+00:00
7896f8c0-4d87-4afa-a52d-d27e0c581a61,fUST,0.0001083,2,1,-25000.0,demand,2026-10-04T11:47:01.505606+00:00
7896f8c0-4d87-4afa-a52d-d27e0c581a61,fUST,0.0001082,2,3,-75000.0,demand,2026-10-04T11:47:01.505606+00:00
7896f8c0-4d87-4afa-a52d-d27e0c581a61,fUST,0.00014799,2,1,3184.46790197,offer,2026-10-04T11:47:01.505606+00:00
7896f8c0-4d87-4afa-a52d-d27e0c581a61,fUST,0.00014948,2,1,5000.0,offer,2026-10-04T11:47:01.505606+00:00
7896f8c0-4d87-4afa-a52d-d27e0c581a61,fUST,0.00015562,2,1,176.4323532,offer,2026-10-04T11:47:01.505606+00:00
7896f8c0-4d87-4afa-a52d-d27e0c581a61,fUST,0.00015921,2,1,189.67,offer,2026-10-04T11:47:01.505606+00:00
7896f8c0-4d87-4afa-a52d-d27e0c581a61,fUST,0.00016245,2,1,335.48849106,offer,2026-10-04T11:47:01.505606+00:00
7896f8c0-4d87-4afa-a52d-d27e0c581a61,fUST,0.00016408,2,2,1000.0,offer,2026-10-04T11:47:01.505606+00:00
7896f8c0-4d87-4afa-a52d-d27e0c581a61,fUST,0.00016409,2,6,15578.57524195,offer,2026-10-04T11:47:01.505606+00:00
7896f8c0-4d87-4afa-a52d-d27e0c581a61,fUST,0.00017513,2,1,189.67,offer,2026-10-04T11:47:01.505606+00:00
7896f8c0-4d87-4afa-a52d-d27e0c581a61,fUST,0.00018999000000000002,2,43,20713.17862131,offer,2026-10-04T11:47:01.505606+00:00
7896f8c0-4d87-4afa-a52d-d27e0c581a61,fUST,0.00019,2,1,4248.1666752,offer,2026-10-04T11:47:01.505606+00:00
7896f8c0-4d87-4afa-a52d-d27e0c581a61,fUST,0.00019105,2,1,189.67,offer,2026-10-04T11:47:01.505606+00:00
7896f8c0-4d87-4afa-a52d-d27e0c581a61,fUST,0.000192446,2,2,642.0,offer,2026-10-04T11:47:01.505606+00:00
7896f8c0-4d87-4afa-a52d-d27e0c581a61,fUST,0.00019715164506562495,2,2,8432.61541761,offer,2026-10-04T11:47:01.505606+00:00
7896f8c0-4d87-4afa-a52d-d27e0c581a61,fUST,0.00019715164506562495,5,1,200.03135603,offer,2026-10-04T11:47:01.505606+00:00
7896f8c0-4d87-4afa-a52d-d27e0c581a61,fUST,0.00020697,2,3,544.77235521,offer,2026-10-04T11:47:01.505606+00:00
7896f8c0-4d87-4afa-a52d-d27e0c581a61,fUST,0.00020999,2,1,500.0,offer,2026-10-04T11:47:01.505606+00:00
7896f8c0-4d87-4afa-a52d-d27e0c581a61,fUST,0.00020999,7,1,355.0,offer,2026-10-04T11:47:01.505606+00:00
7896f8c0-4d87-4afa-a52d-d27e0c581a61,fUST,0.0002102,2,1,303.33257423,offer,2026-10-04T11:47:01.505606+00:00
7896f8c0-4d87-4afa-a52d-d27e0c581a61,fUST,0.00021026,2,1,500.0,offer,2026-10-04T11:47:01.505606+00:00
7896f8c0-4d87-4afa-a52d-d27e0c581a61,fUST,0.0002103,2,2,3159.529394,offer,2026-10-04T11:47:01.505606+00:00
7896f8c0-4d87-4afa-a52d-d27e0c581a61,fUST,0.0002104,2,1,3000.0,offer,2026-10-04T11:47:01.505606+00:00
7896f8c0-4d87-4afa-a52d-d27e0c581a61,fUST,0.0002105,2,1,3000.0,offer,2026-10-04T11:47:01.505606+00:00
7896f8c0-4d87-4afa-a52d-d27e0c581a61,fUST,0.0002106,2,1,3000.0,offer,2026-10-04T11:47:01.505606+00:00
7896f8c0-4d87-4afa-a52d-d27e0c581a61,fUST,0.00021069,2,1,646.32729687,offer,2026-10-04T11:47:01.505606+00:00
7896f8c0-4d87-4afa-a52d-d27e0c581a61,fUST,0.0002107,2,1,3000.0,offer,2026-10-04T11:47:01.505606+00:00
1215511b-0d2a-4b3b-9675-ac438daf8909,fUST,0.00026781369863013697,60,1,-861160.00929461,demand,2026-10-04T12:47:01.731647+00:00
1215511b-0d2a-4b3b-9675-ac438daf8909,fUST,0.0002671232876712329,120,1,-4672874.30320005,demand,2026-10-04T12:47:01.731647+00:00
1215511b-0d2a-4b3b-9675-ac438daf8909,fUST,0.000267123287,120,2,-14451.08,demand,2026-10-04T12:47:01.731647+00:00
1215511b-0d2a-4b3b-9675-ac438daf8909,fUST,0.0002,30,1,-121355.95431334,demand,2026-10-04T12:47:01.731647+00:00
1215511b-0d2a-4b3b-9675-ac438daf8909,fUST,0.000161,30,6,-14492.3173799,demand,2026-10-04T12:47:01.731647+00:00
1215511b-0d2a-4b3b-9675-ac438daf8909,fUST,0.00016,60,18,-114200.828599,demand,2026-10-04T12:47:01.731647+00:00
1215511b-0d2a-4b3b-9675-ac438daf8909,fUST,0.00016,30,2,-13277.4,demand,2026-10-04T12:47:01.731647+00:00
1215511b-0d2a-4b3b-9675-ac438daf8909,fUST,0.000155,45,8,-47500.0,demand,2026-10-04T12:47:01.731647+00:00
1215511b-0d2a-4b3b-9675-ac438daf8909,fUST,0.000152,60,1,-28000.0,demand,2026-10-04T12:47:01.731647+00:00
1215511b-0d2a-4b3b-9675-ac438daf8909,fUST,0.00015,120,1,-300000.0,demand,2026-10-04T12:47:01.731647+00:00
1215511b-0d2a-4b3b-9675-ac438daf8909,fUST,0.00015,45,4,-18668.928077,demand,2026-10-04T12:47:01.731647+00:00
1215511b-0d2a-4b3b-9675-ac438daf8909,fUST,0.00015,30,14,-57500.0,demand,2026-10-04T12:47:01.731647+00:00
1215511b-0d2a-4b3b-9675-ac438daf8909,fUST,0.000142,30,1,-28000.0,demand,2026-10-04T12:47:01.731647+00:00
1215511b-0d2a-4b3b-9675-ac438daf8909,fUST,0.0001361,30,23,-93124.47696771,demand,2026-10-04T12:47:01.731647+00:00
1215511b-0d2a-4b3b-9675-ac438daf8909,fUST,0.0001226,12,1,-114209.36151335,demand,2026-10-04T12:47:01.731647+00:00
1215511b-0d2a-4b3b-9675-ac438daf8909,fUST,0.0001225,59,1,-95000.0,demand,2026-10-04T12:47:01.731647+00:00
1215511b-0d2a-4b3b-9675-ac438daf8909,fUST,0.0001222,29,1,-194504.86890568,demand,2026-10-04T12:47:01.731647+00:00
1215511b-0d2a-4b3b-9675-ac438daf8909,fUST,0.0001202,19,1,-184532.71737778,demand,2026-10-04T12:47:01.731647+00:00
1215511b-0d2a-4b3b-9675-ac438daf8909,fUST,0.00012,120,1,-30000.0,demand,2026-10-04T12:47:01.731647+00:00
1215511b-0d2a-4b3b-9675-ac438daf8909,fUST,0.00012,2,1,-2000.0,demand,2026-10-04T12:47:01.731647+00:00
1215511b-0d2a-4b3b-9675-ac438daf8909,fUST,0.00012,4,1,-1479.99944677,demand,2026-10-04T12:47:01.731647+00:00
1215511b-0d2a-4b3b-9675-ac438daf8909,fUST,0.00012,5,1,-2000.0,demand,2026-10-04T12:47:01.731647+00:00
1215511b-0d2a-4b3b-9675-ac438daf8909,fUST,0.0001181,7,1,-145093.80880022,demand,2026-10-04T12:47:01.731647+00:00
1215511b-0d2a-4b3b-9675-ac438daf8909,fUST,0.0001083,2,1,-24849.99699993,demand,2026-10-04T12:47:01.731647+00:00
1215511b-0d2a-4b3b-9675-ac438daf8909,fUST,0.0001082,2,3,-75000.0,demand,2026-10-04T12:47:01.731647+00:00
1215511b-0d2a-4b3b-9675-ac438daf8909,fUST,0.00016818,2,1,5000.0,offer,2026-10-04T12:47:01.731647+00:00
1215511b-0d2a-4b3b-9675-ac438daf8909,fUST,0.00017138,2,2,8888.7372231,offer,2026-10-04T12:47:01.731647+00:00
1215511b-0d2a-4b3b-9675-ac438daf8909,fUST,0.0001716,2,1,165.37138103,offer,2026-10-04T12:47:01.731647+00:00
1215511b-0d2a-4b3b-9675-ac438daf8909,fUST,0.0001729,2,1,188.0,offer,2026-10-04T12:47:01.731647+00:00
1215511b-0d2a-4b3b-9675-ac438daf8909,fUST,0.0001735648,2,1,3653.3121817,offer,2026-10-04T12:47:01.731647+00:00
1215511b-0d2a-4b3b-9675-ac438daf8909,fUST,0.0001746,2,3,533.40133158,offer,2026-10-04T12:47:01.731647+00:00
1215511b-0d2a-4b3b-9675-ac438daf8909,fUST,0.0001746,7,2,312.13968831,offer,2026-10-04T12:47:01.731647+00:00
1215511b-0d2a-4b3b-9675-ac438daf8909,fUST,0.00017525,2,1,317.32918084,offer,2026-10-04T12:47:01.731647+00:00
1215511b-0d2a-4b3b-9675-ac438daf8909,fUST,0.0001762037424,2,2,2256.28007221,offer,2026-10-04T12:47:01.731647+00:00
1215511b-0d2a-4b3b-9675-ac438daf8909,fUST,0.000178092,7,1,154.37802667,offer,2026-10-04T12:47:01.731647+00:00
1215511b-0d2a-4b3b-9675-ac438daf8909,fUST,0.0001781757,2,1,1824.6073296,offer,2026-10-04T12:47:01.731647+00:00
1215511b-0d2a-4b3b-9675-ac438daf8909,fUST,0.00018,2,2,343.181142,offer,2026-10-04T12:47:01.731647+00:00
1215511b-0d2a-4b3b-9675-ac438daf8909,fUST,0.0001801678,2,1,290.979332,offer,2026-10-04T12:47:01.731647+00:00
1215511b-0d2a-4b3b-9675-ac438daf8909,fUST,0.00018333,7,1,154.37802667,offer,2026-10-04T12:47:01.731647+00:00
1215511b-0d2a-4b3b-9675-ac438daf8909,fUST,0.000188568,7,1,154.37802667,offer,2026-10-04T12:47:01.731647+00:00
1215511b-0d2a-4b3b-9675-ac438daf8909,fUST,0.0001891,2,1,165.37138101,offer,2026-10-04T12:47:01.731647+00:00
1215511b-0d2a-4b3b-9675-ac438daf8909,fUST,0.0001894,2,3,630.16561046,offer,2026-10-04T12:47:01.731647+00:00
1215511b-0d2a-4b3b-9675-ac438daf8909,fUST,0.0001897,2,1,500.0,offer,2026-10-04T12:47:01.731647+00:00
1215511b-0d2a-4b3b-9675-ac438daf8909,fUST,0.00018971,2,3,4609.66156,offer,2026-10-04T12:47:01.731647+00:00
1215511b-0d2a-4b3b-9675-ac438daf8909,fUST,0.00019178,2,1,500.0,offer,2026-10-04T12:47:01.731647+00:00
1215511b-0d2a-4b3b-9675-ac438daf8909,fUST,0.0001926,2,1,189.0,offer,2026-10-04T12:47:01.731647+00:00
1215511b-0d2a-4b3b-9675-ac438daf8909,fUST,0.00019445,2,3,688.04122992,offer,2026-10-04T12:47:01.731647+00:00
1215511b-0d2a-4b3b-9675-ac438daf8909,fUST,0.00019545,2,56,26872.78164901,offer,2026-10-04T12:47:01.731647+00:00
1215511b-0d2a-4b3b-9675-ac438daf8909,fUST,0.00019545,4,1,227.71122817,offer,2026-10-04T12:47:01.731647+00:00
1215511b-0d2a-4b3b-9675-ac438daf8909,fUST,0.00019546,2,1,220.56897172,offer,2026-10-04T12:47:01.731647+00:00
b3e414b8-8ca3-4ba1-8b62-fbc81987cc50,fUST,0.00026806301369863015,60,1,-861160.00929461,demand,2026-10-04T13:47:01.619358+00:00
b3e414b8-8ca3-4ba1-8b62-fbc81987cc50,fUST,0.0002671232876712329,120,1,-4672692.65813263,demand,2026-10-04T13:47:01.619358+00:00
b3e414b8-8ca3-4ba1-8b62-fbc81987cc50,fUST,0.000267123287,120,2,-14451.08,demand,2026-10-04T13:47:01.619358+00:00
b3e414b8-8ca3-4ba1-8b62-fbc81987cc50,fUST,0.0002,30,1,-121355.95431334,demand,2026-10-04T13:47:01.619358+00:00
b3e414b8-8ca3-4ba1-8b62-fbc81987cc50,fUST,0.000161,30,6,-14492.3173799,demand,2026-10-04T13:47:01.619358+00:00
b3e414b8-8ca3-4ba1-8b62-fbc81987cc50,fUST,0.00016,60,18,-114200.828599,demand,2026-10-04T13:47:01.619358+00:00
b3e414b8-8ca3-4ba1-8b62-fbc81987cc50,fUST,0.00016,30,2,-13277.4,demand,2026-10-04T13:47:01.619358+00:00
b3e414b8-8ca3-4ba1-8b62-fbc81987cc50,fUST,0.000155,45,8,-47500.0,demand,2026-10-04T13:47:01.619358+00:00
b3e414b8-8ca3-4ba1-8b62-fbc81987cc50,fUST,0.000152,60,1,-28000.0,demand,2026-10-04T13:47:01.619358+00:00
b3e414b8-8ca3-4ba1-8b62-fbc81987cc50,fUST,0.00015,120,1,-300000.0,demand,2026-10-04T13:47:01.619358+00:00
b3e414b8-8ca3-4ba1-8b62-fbc81987cc50,fUST,0.00015,45,4,-18668.928077,demand,2026-10-04T13:47:01.619358+00:00
b3e414b8-8ca3-4ba1-8b62-fbc81987cc50,fUST,0.00015,30,14,-57500.0,demand,2026-10-04T13:47:01.619358+00:00
b3e414b8-8ca3-4ba1-8b62-fbc81987cc50,fUST,0.000142,30,1,-28000.0,demand,2026-10-04T13:47:01.619358+00:00
b3e414b8-8ca3-4ba1-8b62-fbc81987cc50,fUST,0.0001361,30,23,-93124.47696771,demand,2026-10-04T13:47:01.619358+00:00
b3e414b8-8ca3-4ba1-8b62-fbc81987cc50,fUST,0.0001226,12,1,-114209.36151335,demand,2026-10-04T13:47:01.619358+00:00
b3e414b8-8ca3-4ba1-8b62-fbc81987cc50,fUST,0.0001225,59,1,-95000.0,demand,2026-10-04T13:47:01.619358+00:00
b3e414b8-8ca3-4ba1-8b62-fbc81987cc50,fUST,0.0001222,29,1,-194504.86890568,demand,2026-10-04T13:47:01.619358+00:00
b3e414b8-8ca3-4ba1-8b62-fbc81987cc50,fUST,0.0001202,19,1,-184532.71737778,demand,2026-10-04T13:47:01.619358+00:00
b3e414b8-8ca3-4ba1-8b62-fbc81987cc50,fUST,0.00012,120,1,-30000.0,demand,2026-10-04T13:47:01.619358+00:00
b3e414b8-8ca3-4ba1-8b62-fbc81987cc50,fUST,0.00012,2,1,-2000.0,demand,2026-10-04T13:47:01.619358+00:00
b3e414b8-8ca3-4ba1-8b62-fbc81987cc50,fUST,0.00012,4,1,-1479.99944677,demand,2026-10-04T13:47:01.619358+00:00
b3e414b8-8ca3-4ba1-8b62-fbc81987cc50,fUST,0.00012,5,1,-2000.0,demand,2026-10-04T13:47:01.619358+00:00
b3e414b8-8ca3-4ba1-8b62-fbc81987cc50,fUST,0.0001181,7,1,-145093.80880022,demand,2026-10-04T13:47:01.619358+00:00
b3e414b8-8ca3-4ba1-8b62-fbc81987cc50,fUST,0.0001082,2,1,-8767.44838395,demand,2026-10-04T13:47:01.619358+00:00
b3e414b8-8ca3-4ba1-8b62-fbc81987cc50,fUST,0.0001081,2,9,-137324.449885,demand,2026-10-04T13:47:01.619358+00:00
b3e414b8-8ca3-4ba1-8b62-fbc81987cc50,fUST,0.00011997904109589041,2,71,35135.89548506,offer,2026-10-04T13:47:01.619358+00:00
b3e414b8-8ca3-4ba1-8b62-fbc81987cc50,fUST,0.00011998904109589041,2,1,40370.14554014,offer,2026-10-04T13:47:01.619358+00:00
b3e414b8-8ca3-4ba1-8b62-fbc81987cc50,fUST,0.00012,2,7,35794.86926652,offer,2026-10-04T13:47:01.619358+00:00
b3e414b8-8ca3-4ba1-8b62-fbc81987cc50,fUST,0.000126,7,1,346.93892093,offer,2026-10-04T13:47:01.619358+00:00
b3e414b8-8ca3-4ba1-8b62-fbc81987cc50,fUST,0.00013698,2,1,500.0,offer,2026-10-04T13:47:01.619358+00:00
b3e414b8-8ca3-4ba1-8b62-fbc81987cc50,fUST,0.00013698630136986303,2,1,196.1,offer,2026-10-04T13:47:01.619358+00:00
b3e414b8-8ca3-4ba1-8b62-fbc81987cc50,fUST,0.0001398159,2,1,2716.3438671,offer,2026-10-04T13:47:01.619358+00:00
b3e414b8-8ca3-4ba1-8b62-fbc81987cc50,fUST,0.00015137692577708487,2,1,250.0,offer,2026-10-04T13:47:01.619358+00:00
b3e414b8-8ca3-4ba1-8b62-fbc81987cc50,fUST,0.00017371,2,1,500.0,offer,2026-10-04T13:47:01.619358+00:00
b3e414b8-8ca3-4ba1-8b62-fbc81987cc50,fUST,0.00017588,2,1,4349.00467753,offer,2026-10-04T13:47:01.619358+00:00
b3e414b8-8ca3-4ba1-8b62-fbc81987cc50,fUST,0.00019178,2,1,500.0,offer,2026-10-04T13:47:01.619358+00:00
b3e414b8-8ca3-4ba1-8b62-fbc81987cc50,fUST,0.00019548,2,1,165.16,offer,2026-10-04T13:47:01.619358+00:00
b3e414b8-8ca3-4ba1-8b62-fbc81987cc50,fUST,0.00021653718874971328,5,1,182.83464479,offer,2026-10-04T13:47:01.619358+00:00
b3e414b8-8ca3-4ba1-8b62-fbc81987cc50,fUST,0.000218891,2,1,189.0,offer,2026-10-04T13:47:01.619358+00:00
b3e414b8-8ca3-4ba1-8b62-fbc81987cc50,fUST,0.00022,2,1,2431.76348057,offer,2026-10-04T13:47:01.619358+00:00
b3e414b8-8ca3-4ba1-8b62-fbc81987cc50,fUST,0.00022262252499999997,2,8,2063.95783483,offer,2026-10-04T13:47:01.619358+00:00
b3e414b8-8ca3-4ba1-8b62-fbc81987cc50,fUST,0.00022667,2,1,500.0,offer,2026-10-04T13:47:01.619358+00:00
b3e414b8-8ca3-4ba1-8b62-fbc81987cc50,fUST,0.00023144,2,1,500.0,offer,2026-10-04T13:47:01.619358+00:00
b3e414b8-8ca3-4ba1-8b62-fbc81987cc50,fUST,0.00023145,2,2,1000.0,offer,2026-10-04T13:47:01.619358+00:00
b3e414b8-8ca3-4ba1-8b62-fbc81987cc50,fUST,0.00023729728043605475,5,1,179.11615518,offer,2026-10-04T13:47:01.619358+00:00
b3e414b8-8ca3-4ba1-8b62-fbc81987cc50,fUST,0.00024,2,3,1091.11762739,offer,2026-10-04T13:47:01.619358+00:00
b3e414b8-8ca3-4ba1-8b62-fbc81987cc50,fUST,0.00024889,2,1,300.0,offer,2026-10-04T13:47:01.619358+00:00
b3e414b8-8ca3-4ba1-8b62-fbc81987cc50,fUST,0.000248891,2,1,189.0,offer,2026-10-04T13:47:01.619358+00:00
b3e414b8-8ca3-4ba1-8b62-fbc81987cc50,fUST,0.00025,2,2,616.0,offer,2026-10-04T13:47:01.619358+00:00
b3e414b8-8ca3-4ba1-8b62-fbc81987cc50,fUST,0.00025479,2,8,3949.64081,offer,2026-10-04T13:47:01.619358+00:00
4c6f630a-0a02-4b2b-aa18-e567752c7e87,fUST,0.0002681205479452055,60,1,-860329.84929461,demand,2026-10-04T14:47:01.968121+00:00
4c6f630a-0a02-4b2b-aa18-e567752c7e87,fUST,0.0002671232876712329,120,1,-4672692.65813263,demand,2026-10-04T14:47:01.968121+00:00
4c6f630a-0a02-4b2b-aa18-e567752c7e87,fUST,0.000267123287,120,2,-14451.08,demand,2026-10-04T14:47:01.968121+00:00
4c6f630a-0a02-4b2b-aa18-e567752c7e87,fUST,0.0002,30,1,-121355.95431334,demand,2026-10-04T14:47:01.968121+00:00
4c6f630a-0a02-4b2b-aa18-e567752c7e87,fUST,0.000161,30,6,-14492.3173799,demand,2026-10-04T14:47:01.968121+00:00
4c6f630a-0a02-4b2b-aa18-e567752c7e87,fUST,0.00016,60,18,-114200.828599,demand,2026-10-04T14:47:01.968121+00:00
4c6f630a-0a02-4b2b-aa18-e567752c7e87,fUST,0.00016,30,2,-13277.4,demand,2026-10-04T14:47:01.968121+00:00
4c6f630a-0a02-4b2b-aa18-e567752c7e87,fUST,0.000155,45,8,-47500.0,demand,2026-10-04T14:47:01.968121+00:00
4c6f630a-0a02-4b2b-aa18-e567752c7e87,fUST,0.000152,60,1,-28000.0,demand,2026-10-04T14:47:01.968121+00:00
4c6f630a-0a02-4b2b-aa18-e567752c7e87,fUST,0.00015,120,1,-300000.0,demand,2026-10-04T14:47:01.968121+00:00
4c6f630a-0a02-4b2b-aa18-e567752c7e87,fUST,0.00015,45,4,-18668.928077,demand,2026-10-04T14:47:01.968121+00:00
4c6f630a-0a02-4b2b-aa18-e567752c7e87,fUST,0.00015,30,14,-57500.0,demand,2026-10-04T14:47:01.968121+00:00
4c6f630a-0a02-4b2b-aa18-e567752c7e87,fUST,0.000142,30,1,-28000.0,demand,2026-10-04T14:47:01.968121+00:00
4c6f630a-0a02-4b2b-aa18-e567752c7e87,fUST,0.0001361,30,23,-93124.47696771,demand,2026-10-04T14:47:01.968121+00:00
4c6f630a-0a02-4b2b-aa18-e567752c7e87,fUST,0.0001226,12,1,-109209.36151335,demand,2026-10-04T14:47:01.968121+00:00
4c6f630a-0a02-4b2b-aa18-e567752c7e87,fUST,0.0001225,59,1,-95000.0,demand,2026-10-04T14:47:01.968121+00:00
4c6f630a-0a02-4b2b-aa18-e567752c7e87,fUST,0.0001222,29,1,-194504.86890568,demand,2026-10-04T14:47:01.968121+00:00
4c6f630a-0a02-4b2b-aa18-e567752c7e87,fUST,0.0001202,19,1,-184532.71737778,demand,2026-10-04T14:47:01.968121+00:00
4c6f630a-0a02-4b2b-aa18-e567752c7e87,fUST,0.00012,120,1,-30000.0,demand,2026-10-04T14:47:01.968121+00:00
4c6f630a-0a02-4b2b-aa18-e567752c7e87,fUST,0.00012,2,1,-2000.0,demand,2026-10-04T14:47:01.968121+00:00
4c6f630a-0a02-4b2b-aa18-e567752c7e87,fUST,0.00012,4,1,-1479.99944677,demand,2026-10-04T14:47:01.968121+00:00
4c6f630a-0a02-4b2b-aa18-e567752c7e87,fUST,0.00012,5,1,-2000.0,demand,2026-10-04T14:47:01.968121+00:00
4c6f630a-0a02-4b2b-aa18-e567752c7e87,fUST,0.0001181,7,1,-145093.80880022,demand,2026-10-04T14:47:01.968121+00:00
4c6f630a-0a02-4b2b-aa18-e567752c7e87,fUST,0.0001111,2,7,-129505.091821,demand,2026-10-04T14:47:01.968121+00:00
4c6f630a-0a02-4b2b-aa18-e567752c7e87,fUST,0.000111,2,1,-122400.0,demand,2026-10-04T14:47:01.968121+00:00
4c6f630a-0a02-4b2b-aa18-e567752c7e87,fUST,0.00012,2,3,15000.0,offer,2026-10-04T14:47:01.968121+00:00
4c6f630a-0a02-4b2b-aa18-e567752c7e87,fUST,0.00013041,2,1,200.0,offer,2026-10-04T14:47:01.968121+00:00
4c6f630a-0a02-4b2b-aa18-e567752c7e87,fUST,0.0001410989,2,1,308.71,offer,2026-10-04T14:47:01.968121+00:00
4c6f630a-0a02-4b2b-aa18-e567752c7e87,fUST,0.00016256,2,2,652.96762084,offer,2026-10-04T14:47:01.968121+00:00
4c6f630a-0a02-4b2b-aa18-e567752c7e87,fUST,0.0001626189754098361,2,1,155.00540093,offer,2026-10-04T14:47:01.968121+00:00
4c6f630a-0a02-4b2b-aa18-e567752c7e87,fUST,0.00016563,2,1,500.0,offer,2026-10-04T14:47:01.968121+00:00
4c6f630a-0a02-4b2b-aa18-e567752c7e87,fUST,0.0001680989754098361,2,1,155.00540093,offer,2026-10-04T14:47:01.968121+00:00
4c6f630a-0a02-4b2b-aa18-e567752c7e87,fUST,0.00017357808219178083,2,1,5544.3749108,offer,2026-10-04T14:47:01.968121+00:00
4c6f630a-0a02-4b2b-aa18-e567752c7e87,fUST,0.0001735789754098361,2,1,155.00540093,offer,2026-10-04T14:47:01.968121+00:00
4c6f630a-0a02-4b2b-aa18-e567752c7e87,fUST,0.00017905897540983608,2,1,155.00540093,offer,2026-10-04T14:47:01.968121+00:00
4c6f630a-0a02-4b2b-aa18-e567752c7e87,fUST,0.00018,2,1,168.061657,offer,2026-10-04T14:47:01.968121+00:00
4c6f630a-0a02-4b2b-aa18-e567752c7e87,fUST,0.00018453897540983609,2,1,155.00540093,offer,2026-10-04T14:47:01.968121+00:00
4c6f630a-0a02-4b2b-aa18-e567752c7e87,fUST,0.0001900189754098361,2,1,155.005401,offer,2026-10-04T14:47:01.968121+00:00
4c6f630a-0a02-4b2b-aa18-e567752c7e87,fUST,0.00019172,2,1,500.0,offer,2026-10-04T14:47:01.968121+00:00
4c6f630a-0a02-4b2b-aa18-e567752c7e87,fUST,0.00019173,2,1,500.0,offer,2026-10-04T14:47:01.968121+00:00
4c6f630a-0a02-4b2b-aa18-e567752c7e87,fUST,0.00019177,2,6,2923.02517855,offer,2026-10-04T14:47:01.968121+00:00
4c6f630a-0a02-4b2b-aa18-e567752c7e87,fUST,0.0001977387,2,6,2268.82347227,offer,2026-10-04T14:47:01.968121+00:00
4c6f630a-0a02-4b2b-aa18-e567752c7e87,fUST,0.0001977487,2,2,13205.49745868,offer,2026-10-04T14:47:01.968121+00:00
4c6f630a-0a02-4b2b-aa18-e567752c7e87,fUST,0.0001985586,2,1,1665.9315347,offer,2026-10-04T14:47:01.968121+00:00
4c6f630a-0a02-4b2b-aa18-e567752c7e87,fUST,0.00019999149999999998,2,1,186.16008877,offer,2026-10-04T14:47:01.968121+00:00
4c6f630a-0a02-4b2b-aa18-e567752c7e87,fUST,0.0002004497712,2,1,179.6515352,offer,2026-10-04T14:47:01.968121+00:00
4c6f630a-0a02-4b2b-aa18-e567752c7e87,fUST,0.0002140558299,2,1,169.197725,offer,2026-10-04T14:47:01.968121+00:00
4c6f630a-0a02-4b2b-aa18-e567752c7e87,fUST,0.00022304,2,2,1000.0,offer,2026-10-04T14:47:01.968121+00:00
4c6f630a-0a02-4b2b-aa18-e567752c7e87,fUST,0.0002230465,2,1,3203.8097292,offer,2026-10-04T14:47:01.968121+00:00
4c6f630a-0a02-4b2b-aa18-e567752c7e87,fUST,0.00022304872602739724,2,1,456.160236,offer,2026-10-04T14:47:01.968121+00:00
e8a2680d-1200-40a6-9d70-f2cbfa9fea2d,fUST,0.00026851780821917807,60,1,-4999207.0,demand,2026-10-04T15:47:01.901867+00:00
e8a2680d-1200-40a6-9d70-f2cbfa9fea2d,fUST,0.0002671232876712329,120,1,-4656563.47813263,demand,2026-10-04T15:47:01.901867+00:00
e8a2680d-1200-40a6-9d70-f2cbfa9fea2d,fUST,0.000267123287,120,2,-14451.08,demand,2026-10-04T15:47:01.901867+00:00
e8a2680d-1200-40a6-9d70-f2cbfa9fea2d,fUST,0.0002,30,1,-121033.64256315,demand,2026-10-04T15:47:01.901867+00:00
e8a2680d-1200-40a6-9d70-f2cbfa9fea2d,fUST,0.000161,30,6,-14492.3173799,demand,2026-10-04T15:47:01.901867+00:00
e8a2680d-1200-40a6-9d70-f2cbfa9fea2d,fUST,0.00016,60,18,-114200.828599,demand,2026-10-04T15:47:01.901867+00:00
e8a2680d-1200-40a6-9d70-f2cbfa9fea2d,fUST,0.00016,30,2,-13277.4,demand,2026-10-04T15:47:01.901867+00:00
e8a2680d-1200-40a6-9d70-f2cbfa9fea2d,fUST,0.000155,45,8,-47500.0,demand,2026-10-04T15:47:01.901867+00:00
e8a2680d-1200-40a6-9d70-f2cbfa9fea2d,fUST,0.000152,60,1,-28000.0,demand,2026-10-04T15:47:01.901867+00:00
e8a2680d-1200-40a6-9d70-f2cbfa9fea2d,fUST,0.00015,120,1,-300000.0,demand,2026-10-04T15:47:01.901867+00:00
e8a2680d-1200-40a6-9d70-f2cbfa9fea2d,fUST,0.00015,45,4,-18668.928077,demand,2026-10-04T15:47:01.901867+00:00
e8a2680d-1200-40a6-9d70-f2cbfa9fea2d,fUST,0.00015,30,14,-57500.0,demand,2026-10-04T15:47:01.901867+00:00
e8a2680d-1200-40a6-9d70-f2cbfa9fea2d,fUST,0.000142,30,1,-28000.0,demand,2026-10-04T15:47:01.901867+00:00
e8a2680d-1200-40a6-9d70-f2cbfa9fea2d,fUST,0.0001361,30,23,-93124.47696771,demand,2026-10-04T15:47:01.901867+00:00
e8a2680d-1200-40a6-9d70-f2cbfa9fea2d,fUST,0.0001226,12,1,-79030.18254383,demand,2026-10-04T15:47:01.901867+00:00
e8a2680d-1200-40a6-9d70-f2cbfa9fea2d,fUST,0.0001225,59,1,-95000.0,demand,2026-10-04T15:47:01.901867+00:00
e8a2680d-1200-40a6-9d70-f2cbfa9fea2d,fUST,0.0001222,29,1,-194504.86890568,demand,2026-10-04T15:47:01.901867+00:00
e8a2680d-1200-40a6-9d70-f2cbfa9fea2d,fUST,0.0001202,19,1,-184532.71737778,demand,2026-10-04T15:47:01.901867+00:00
e8a2680d-1200-40a6-9d70-f2cbfa9fea2d,fUST,0.00012,120,1,-30000.0,demand,2026-10-04T15:47:01.901867+00:00
e8a2680d-1200-40a6-9d70-f2cbfa9fea2d,fUST,0.00012,2,1,-2000.0,demand,2026-10-04T15:47:01.901867+00:00
e8a2680d-1200-40a6-9d70-f2cbfa9fea2d,fUST,0.00012,4,1,-1479.99944677,demand,2026-10-04T15:47:01.901867+00:00
e8a2680d-1200-40a6-9d70-f2cbfa9fea2d,fUST,0.00012,5,1,-2000.0,demand,2026-10-04T15:47:01.901867+00:00
e8a2680d-1200-40a6-9d70-f2cbfa9fea2d,fUST,0.0001181,7,1,-145093.80880022,demand,2026-10-04T15:47:01.901867+00:00
e8a2680d-1200-40a6-9d70-f2cbfa9fea2d,fUST,0.0001111,2,4,-86360.404827,demand,2026-10-04T15:47:01.901867+00:00
e8a2680d-1200-40a6-9d70-f2cbfa9fea2d,fUST,0.000111,2,1,-122400.0,demand,2026-10-04T15:47:01.901867+00:00
e8a2680d-1200-40a6-9d70-f2cbfa9fea2d,fUST,0.0001164,2,1,58.87570107,offer,2026-10-04T15:47:01.901867+00:00
e8a2680d-1200-40a6-9d70-f2cbfa9fea2d,fUST,0.00012,2,2,8709.66,offer,2026-10-04T15:47:01.901867+00:00
e8a2680d-1200-40a6-9d70-f2cbfa9fea2d,fUST,0.00013425,2,1,189.67,offer,2026-10-04T15:47:01.901867+00:00
e8a2680d-1200-40a6-9d70-f2cbfa9fea2d,fUST,0.00013425,7,1,165.0551,offer,2026-10-04T15:47:01.901867+00:00
e8a2680d-1200-40a6-9d70-f2cbfa9fea2d,fUST,0.00013698,2,22,11610.83053991,offer,2026-10-04T15:47:01.901867+00:00
e8a2680d-1200-40a6-9d70-f2cbfa9fea2d,fUST,0.00013698630136986303,2,2,1802.27,offer,2026-10-04T15:47:01.901867+00:00
e8a2680d-1200-40a6-9d70-f2cbfa9fea2d,fUST,0.00014318,2,3,1750.31,offer,2026-10-04T15:47:01.901867+00:00
e8a2680d-1200-40a6-9d70-f2cbfa9fea2d,fUST,0.0001550662,2,1,197.955337,offer,2026-10-04T15:47:01.901867+00:00
e8a2680d-1200-40a6-9d70-f2cbfa9fea2d,fUST,0.00016438,2,3,1750.31,offer,2026-10-04T15:47:01.901867+00:00
e8a2680d-1200-40a6-9d70-f2cbfa9fea2d,fUST,0.0001662406,2,1,1873.6020867,offer,2026-10-04T15:47:01.901867+00:00
e8a2680d-1200-40a6-9d70-f2cbfa9fea2d,fUST,0.00017999,2,3,1114.6462395,offer,2026-10-04T15:47:01.901867+00:00
e8a2680d-1200-40a6-9d70-f2cbfa9fea2d,fUST,0.00017999999999999998,2,1,7117.0578085,offer,2026-10-04T15:47:01.901867+00:00
e8a2680d-1200-40a6-9d70-f2cbfa9fea2d,fUST,0.00018,2,3,2981.374626,offer,2026-10-04T15:47:01.901867+00:00
e8a2680d-1200-40a6-9d70-f2cbfa9fea2d,fUST,0.0001834094,2,2,4944.990324,offer,2026-10-04T15:47:01.901867+00:00
e8a2680d-1200-40a6-9d70-f2cbfa9fea2d,fUST,0.0001834094,4,1,451.92273247,offer,2026-10-04T15:47:01.901867+00:00
e8a2680d-1200-40a6-9d70-f2cbfa9fea2d,fUST,0.0001865182086,2,1,164.24316,offer,2026-10-04T15:47:01.901867+00:00
e8a2680d-1200-40a6-9d70-f2cbfa9fea2d,fUST,0.00018931277534246576,2,1,197.955337,offer,2026-10-04T15:47:01.901867+00:00
e8a2680d-1200-40a6-9d70-f2cbfa9fea2d,fUST,0.00019177,2,2,1022.09,offer,2026-10-04T15:47:01.901867+00:00
e8a2680d-1200-40a6-9d70-f2cbfa9fea2d,fUST,0.00019178,2,1,500.0,offer,2026-10-04T15:47:01.901867+00:00
e8a2680d-1200-40a6-9d70-f2cbfa9fea2d,fUST,0.00019534,7,1,355.0,offer,2026-10-04T15:47:01.901867+00:00
e8a2680d-1200-40a6-9d70-f2cbfa9fea2d,fUST,0.00019548,2,2,423.745,offer,2026-10-04T15:47:01.901867+00:00
e8a2680d-1200-40a6-9d70-f2cbfa9fea2d,fUST,0.00019945,7,1,355.0,offer,2026-10-04T15:47:01.901867+00:00
e8a2680d-1200-40a6-9d70-f2cbfa9fea2d,fUST,0.0001997165,2,1,214.22617818,offer,2026-10-04T15:47:01.901867+00:00
e8a2680d-1200-40a6-9d70-f2cbfa9fea2d,fUST,0.00019989,2,2,518.18,offer,2026-10-04T15:47:01.901867+00:00
e8a2680d-1200-40a6-9d70-f2cbfa9fea2d,fUST,0.0002015,2,3,1750.31,offer,2026-10-04T15:47:01.901867+00:00
140ac109-7555-4694-bada-8f20fa852131,fUST,0.00026833972602739725,60,1,-3363619.0895704,demand,2026-10-04T16:47:01.934785+00:00
140ac109-7555-4694-bada-8f20fa852131,fUST,0.0002671232876712329,120,1,-4656363.47813263,demand,2026-10-04T16:47:01.934785+00:00
140ac109-7555-4694-bada-8f20fa852131,fUST,0.000267123287,120,2,-14451.08,demand,2026-10-04T16:47:01.934785+00:00
140ac109-7555-4694-bada-8f20fa852131,fUST,0.0002,30,1,-120783.64256315,demand,2026-10-04T16:47:01.934785+00:00
140ac109-7555-4694-bada-8f20fa852131,fUST,0.000161,30,6,-14492.3173799,demand,2026-10-04T16:47:01.934785+00:00
140ac109-7555-4694-bada-8f20fa852131,fUST,0.00016,60,18,-114200.828599,demand,2026-10-04T16:47:01.934785+00:00
140ac109-7555-4694-bada-8f20fa852131,fUST,0.00016,30,2,-13277.4,demand,2026-10-04T16:47:01.934785+00:00
140ac109-7555-4694-bada-8f20fa852131,fUST,0.000155,45,8,-47500.0,demand,2026-10-04T16:47:01.934785+00:00
140ac109-7555-4694-bada-8f20fa852131,fUST,0.000152,60,1,-28000.0,demand,2026-10-04T16:47:01.934785+00:00
140ac109-7555-4694-bada-8f20fa852131,fUST,0.00015,120,1,-300000.0,demand,2026-10-04T16:47:01.934785+00:00
140ac109-7555-4694-bada-8f20fa852131,fUST,0.00015,45,4,-18668.928077,demand,2026-10-04T16:47:01.934785+00:00
140ac109-7555-4694-bada-8f20fa852131,fUST,0.00015,30,14,-57500.0,demand,2026-10-04T16:47:01.934785+00:00
140ac109-7555-4694-bada-8f20fa852131,fUST,0.000142,30,1,-28000.0,demand,2026-10-04T16:47:01.934785+00:00
140ac109-7555-4694-bada-8f20fa852131,fUST,0.0001361,30,23,-93124.47696771,demand,2026-10-04T16:47:01.934785+00:00
140ac109-7555-4694-bada-8f20fa852131,fUST,0.0001226,12,1,-79030.18254383,demand,2026-10-04T16:47:01.934785+00:00
140ac109-7555-4694-bada-8f20fa852131,fUST,0.0001225,59,1,-95000.0,demand,2026-10-04T16:47:01.934785+00:00
140ac109-7555-4694-bada-8f20fa852131,fUST,0.0001222,29,1,-194504.86890568,demand,2026-10-04T16:47:01.934785+00:00
140ac109-7555-4694-bada-8f20fa852131,fUST,0.0001202,19,1,-184532.71737778,demand,2026-10-04T16:47:01.934785+00:00
140ac109-7555-4694-bada-8f20fa852131,fUST,0.00012,120,1,-30000.0,demand,2026-10-04T16:47:01.934785+00:00
140ac109-7555-4694-bada-8f20fa852131,fUST,0.00012,2,1,-2000.0,demand,2026-10-04T16:47:01.934785+00:00
140ac109-7555-4694-bada-8f20fa852131,fUST,0.00012,4,1,-1479.99944677,demand,2026-10-04T16:47:01.934785+00:00
140ac109-7555-4694-bada-8f20fa852131,fUST,0.00012,5,1,-2000.0,demand,2026-10-04T16:47:01.934785+00:00
140ac109-7555-4694-bada-8f20fa852131,fUST,0.0001181,7,1,-145093.80880022,demand,2026-10-04T16:47:01.934785+00:00
140ac109-7555-4694-bada-8f20fa852131,fUST,0.0001111,2,7,-127309.162784,demand,2026-10-04T16:47:01.934785+00:00
140ac109-7555-4694-bada-8f20fa852131,fUST,0.000111,2,1,-122400.0,demand,2026-10-04T16:47:01.934785+00:00
140ac109-7555-4694-bada-8f20fa852131,fUST,0.00012792,2,1,5000.0,offer,2026-10-04T16:47:01.934785+00:00
140ac109-7555-4694-bada-8f20fa852131,fUST,0.0001513642,2,1,194.531077,offer,2026-10-04T16:47:01.934785+00:00
140ac109-7555-4694-bada-8f20fa852131,fUST,0.00015898,2,1,433.45811007,offer,2026-10-04T16:47:01.934785+00:00
140ac109-7555-4694-bada-8f20fa852131,fUST,0.00016,2,2,20567.0,offer,2026-10-04T16:47:01.934785+00:00
140ac109-7555-4694-bada-8f20fa852131,fUST,0.00016213794520547945,2,7,2745.7420845,offer,2026-10-04T16:47:01.934785+00:00
140ac109-7555-4694-bada-8f20fa852131,fUST,0.00016214794520547944,2,2,11655.58834519,offer,2026-10-04T16:47:01.934785+00:00
140ac109-7555-4694-bada-8f20fa852131,fUST,0.00016214890410958904,2,1,325.76562091,offer,2026-10-04T16:47:01.934785+00:00
140ac109-7555-4694-bada-8f20fa852131,fUST,0.00016216,2,15,4500.0,offer,2026-10-04T16:47:01.934785+00:00
140ac109-7555-4694-bada-8f20fa852131,fUST,0.00016539,2,1,600.0,offer,2026-10-04T16:47:01.934785+00:00
140ac109-7555-4694-bada-8f20fa852131,fUST,0.00016665,2,4,16968.73968005,offer,2026-10-04T16:47:01.934785+00:00
140ac109-7555-4694-bada-8f20fa852131,fUST,0.0001674667,2,1,158.94640333,offer,2026-10-04T16:47:01.934785+00:00
140ac109-7555-4694-bada-8f20fa852131,fUST,0.00017062,2,1,158.94640333,offer,2026-10-04T16:47:01.934785+00:00
140ac109-7555-4694-bada-8f20fa852131,fUST,0.0001737733,2,1,158.94640333,offer,2026-10-04T16:47:01.934785+00:00
140ac109-7555-4694-bada-8f20fa852131,fUST,0.0001769267,2,1,158.94640333,offer,2026-10-04T16:47:01.934785+00:00
140ac109-7555-4694-bada-8f20fa852131,fUST,0.00018008,2,1,158.94640333,offer,2026-10-04T16:47:01.934785+00:00
140ac109-7555-4694-bada-8f20fa852131,fUST,0.00018193,2,1,720.0,offer,2026-10-04T16:47:01.934785+00:00
140ac109-7555-4694-bada-8f20fa852131,fUST,0.0001832333,2,1,158.94640333,offer,2026-10-04T16:47:01.934785+00:00
140ac109-7555-4694-bada-8f20fa852131,fUST,0.00018557063619931388,2,1,3670.25586874,offer,2026-10-04T16:47:01.934785+00:00
140ac109-7555-4694-bada-8f20fa852131,fUST,0.0001863867,2,1,158.94640333,offer,2026-10-04T16:47:01.934785+00:00
140ac109-7555-4694-bada-8f20fa852131,fUST,0.00018695,2,1,500.0,offer,2026-10-04T16:47:01.934785+00:00
140ac109-7555-4694-bada-8f20fa852131,fUST,0.000186956,2,1,333.33,offer,2026-10-04T16:47:01.934785+00:00
140ac109-7555-4694-bada-8f20fa852131,fUST,0.00018954,2,1,158.94640333,offer,2026-10-04T16:47:01.934785+00:00
140ac109-7555-4694-bada-8f20fa852131,fUST,0.0001902176,2,1,315.35992732,offer,2026-10-04T16:47:01.934785+00:00
140ac109-7555-4694-bada-8f20fa852131,fUST,0.00019178,2,1,500.0,offer,2026-10-04T16:47:01.934785+00:00
140ac109-7555-4694-bada-8f20fa852131,fUST,0.0001926933,2,1,158.94640333,offer,2026-10-04T16:47:01.934785+00:00
9f0bccd6-bc68-48f3-b11e-0ff99ad69056,fUST,0.0002682958904109589,60,1,-3363619.0895704,demand,2026-10-04T17:47:01.650162+00:00
9f0bccd6-bc68-48f3-b11e-0ff99ad69056,fUST,0.0002671232876712329,120,1,-4656010.21291459,demand,2026-10-04T17:47:01.650162+00:00
9f0bccd6-bc68-48f3-b11e-0ff99ad69056,fUST,0.000267123287,120,2,-14451.08,demand,2026-10-04T17:47:01.650162+00:00
9f0bccd6-bc68-48f3-b11e-0ff99ad69056,fUST,0.0002,30,1,-120783.64256315,demand,2026-10-04T17:47:01.650162+00:00
9f0bccd6-bc68-48f3-b11e-0ff99ad69056,fUST,0.000161,30,6,-14492.3173799,demand,2026-10-04T17:47:01.650162+00:00
9f0bccd6-bc68-48f3-b11e-0ff99ad69056,fUST,0.00016,60,18,-114200.828599,demand,2026-10-04T17:47:01.650162+00:00
9f0bccd6-bc68-48f3-b11e-0ff99ad69056,fUST,0.00016,30,2,-13277.4,demand,2026-10-04T17:47:01.650162+00:00
9f0bccd6-bc68-48f3-b11e-0ff99ad69056,fUST,0.000155,45,8,-47500.0,demand,2026-10-04T17:47:01.650162+00:00
9f0bccd6-bc68-48f3-b11e-0ff99ad69056,fUST,0.000152,60,1,-28000.0,demand,2026-10-04T17:47:01.650162+00:00
9f0bccd6-bc68-48f3-b11e-0ff99ad69056,fUST,0.00015,120,1,-300000.0,demand,2026-10-04T17:47:01.650162+00:00
9f0bccd6-bc68-48f3-b11e-0ff99ad69056,fUST,0.00015,45,4,-18668.928077,demand,2026-10-04T17:47:01.650162+00:00
9f0bccd6-bc68-48f3-b11e-0ff99ad69056,fUST,0.00015,30,14,-57500.0,demand,2026-10-04T17:47:01.650162+00:00
9f0bccd6-bc68-48f3-b11e-0ff99ad69056,fUST,0.000142,30,1,-28000.0,demand,2026-10-04T17:47:01.650162+00:00
9f0bccd6-bc68-48f3-b11e-0ff99ad69056,fUST,0.0001361,30,23,-93124.47696771,demand,2026-10-04T17:47:01.650162+00:00
9f0bccd6-bc68-48f3-b11e-0ff99ad69056,fUST,0.0001226,12,1,-79030.18254383,demand,2026-10-04T17:47:01.650162+00:00
9f0bccd6-bc68-48f3-b11e-0ff99ad69056,fUST,0.0001225,59,1,-95000.0,demand,2026-10-04T17:47:01.650162+00:00
9f0bccd6-bc68-48f3-b11e-0ff99ad69056,fUST,0.0001222,29,1,-194504.86890568,demand,2026-10-04T17:47:01.650162+00:00
9f0bccd6-bc68-48f3-b11e-0ff99ad69056,fUST,0.0001202,19,1,-184532.71737778,demand,2026-10-04T17:47:01.650162+00:00
9f0bccd6-bc68-48f3-b11e-0ff99ad69056,fUST,0.00012,120,1,-30000.0,demand,2026-10-04T17:47:01.650162+00:00
9f0bccd6-bc68-48f3-b11e-0ff99ad69056,fUST,0.00012,2,1,-2000.0,demand,2026-10-04T17:47:01.650162+00:00
9f0bccd6-bc68-48f3-b11e-0ff99ad69056,fUST,0.00012,4,1,-1479.99944677,demand,2026-10-04T17:47:01.650162+00:00
9f0bccd6-bc68-48f3-b11e-0ff99ad69056,fUST,0.00012,5,1,-2000.0,demand,2026-10-04T17:47:01.650162+00:00
9f0bccd6-bc68-48f3-b11e-0ff99ad69056,fUST,0.0001181,7,1,-145093.80880022,demand,2026-10-04T17:47:01.650162+00:00
9f0bccd6-bc68-48f3-b11e-0ff99ad69056,fUST,0.0001111,2,8,-118203.37781394,demand,2026-10-04T17:47:01.650162+00:00
9f0bccd6-bc68-48f3-b11e-0ff99ad69056,fUST,0.000111,2,1,-122400.0,demand,2026-10-04T17:47:01.650162+00:00
9f0bccd6-bc68-48f3-b11e-0ff99ad69056,fUST,0.0001314,12,1,5000.0,offer,2026-10-04T17:47:01.650162+00:00
9f0bccd6-bc68-48f3-b11e-0ff99ad69056,fUST,0.0001381695,7,2,890.90532802,offer,2026-10-04T17:47:01.650162+00:00
9f0bccd6-bc68-48f3-b11e-0ff99ad69056,fUST,0.00014093289000000002,7,1,582.00181695,offer,2026-10-04T17:47:01.650162+00:00
9f0bccd6-bc68-48f3-b11e-0ff99ad69056,fUST,0.000145077975,7,1,582.00181695,offer,2026-10-04T17:47:01.650162+00:00
9f0bccd6-bc68-48f3-b11e-0ff99ad69056,fUST,0.00014922306,7,1,582.00181695,offer,2026-10-04T17:47:01.650162+00:00
9f0bccd6-bc68-48f3-b11e-0ff99ad69056,fUST,0.00015474984,7,1,582.00181695,offer,2026-10-04T17:47:01.650162+00:00
9f0bccd6-bc68-48f3-b11e-0ff99ad69056,fUST,0.00018162,2,1,500.0,offer,2026-10-04T17:47:01.650162+00:00
9f0bccd6-bc68-48f3-b11e-0ff99ad69056,fUST,0.0001849342,2,1,189.965399,offer,2026-10-04T17:47:01.650162+00:00
9f0bccd6-bc68-48f3-b11e-0ff99ad69056,fUST,0.00018524,2,15,4500.0,offer,2026-10-04T17:47:01.650162+00:00
9f0bccd6-bc68-48f3-b11e-0ff99ad69056,fUST,0.00019452054794520549,18,1,253.18948578,offer,2026-10-04T17:47:01.650162+00:00
9f0bccd6-bc68-48f3-b11e-0ff99ad69056,fUST,0.0001993621761,2,1,280.471455,offer,2026-10-04T17:47:01.650162+00:00
9f0bccd6-bc68-48f3-b11e-0ff99ad69056,fUST,0.00019998,2,2,5311.41131877,offer,2026-10-04T17:47:01.650162+00:00
9f0bccd6-bc68-48f3-b11e-0ff99ad69056,fUST,0.00019998,11,1,422.49373198,offer,2026-10-04T17:47:01.650162+00:00
9f0bccd6-bc68-48f3-b11e-0ff99ad69056,fUST,0.00019998,7,1,492.63719234,offer,2026-10-04T17:47:01.650162+00:00
9f0bccd6-bc68-48f3-b11e-0ff99ad69056,fUST,0.00019999,2,2,1000.0,offer,2026-10-04T17:47:01.650162+00:00
9f0bccd6-bc68-48f3-b11e-0ff99ad69056,fUST,0.00020066945168589206,5,1,4238.13538149,offer,2026-10-04T17:47:01.650162+00:00
9f0bccd6-bc68-48f3-b11e-0ff99ad69056,fUST,0.00020247,2,1,500.0,offer,2026-10-04T17:47:01.650162+00:00
9f0bccd6-bc68-48f3-b11e-0ff99ad69056,fUST,0.00020765,2,2,708.567,offer,2026-10-04T17:47:01.650162+00:00
9f0bccd6-bc68-48f3-b11e-0ff99ad69056,fUST,0.00020766,2,3,1500.0,offer,2026-10-04T17:47:01.650162+00:00
9f0bccd6-bc68-48f3-b11e-0ff99ad69056,fUST,0.00020775450486712328,2,1,280.471455,offer,2026-10-04T17:47:01.650162+00:00
9f0bccd6-bc68-48f3-b11e-0ff99ad69056,fUST,0.0002081119075342466,2,2,371.82001857,offer,2026-10-04T17:47:01.650162+00:00
9f0bccd6-bc68-48f3-b11e-0ff99ad69056,fUST,0.00020995,2,19,9450.25400982,offer,2026-10-04T17:47:01.650162+00:00
9f0bccd6-bc68-48f3-b11e-0ff99ad69056,fUST,0.00020999,2,3,1500.0,offer,2026-10-04T17:47:01.650162+00:00
9f0bccd6-bc68-48f3-b11e-0ff99ad69056,fUST,0.00021015383200000001,2,1,206.46154504,offer,2026-10-04T17:47:01.650162+00:00
9f0bccd6-bc68-48f3-b11e-0ff99ad69056,fUST,0.00021027,2,1,500.0,offer,2026-10-04T17:47:01.650162+00:00
e5af8c3b-4d59-4a30-8ec5-fd0049ee9b2d,fUST,0.0002682767123287671,60,1,-3359781.8413504,demand,2026-10-04T18:47:01.883437+00:00
e5af8c3b-4d59-4a30-8ec5-fd0049ee9b2d,fUST,0.0002671232876712329,120,1,-4649843.53669184,demand,2026-10-04T18:47:01.883437+00:00
e5af8c3b-4d59-4a30-8ec5-fd0049ee9b2d,fUST,0.000267123287,120,2,-14451.08,demand,2026-10-04T18:47:01.883437+00:00
e5af8c3b-4d59-4a30-8ec5-fd0049ee9b2d,fUST,0.0002,30,1,-120783.64256315,demand,2026-10-04T18:47:01.883437+00:00
e5af8c3b-4d59-4a30-8ec5-fd0049ee9b2d,fUST,0.000161,30,6,-14492.3173799,demand,2026-10-04T18:47:01.883437+00:00
e5af8c3b-4d59-4a30-8ec5-fd0049ee9b2d,fUST,0.00016,60,18,-114200.828599,demand,2026-10-04T18:47:01.883437+00:00
e5af8c3b-4d59-4a30-8ec5-fd0049ee9b2d,fUST,0.00016,30,2,-13277.4,demand,2026-10-04T18:47:01.883437+00:00
e5af8c3b-4d59-4a30-8ec5-fd0049ee9b2d,fUST,0.000155,45,8,-47500.0,demand,2026-10-04T18:47:01.883437+00:00
e5af8c3b-4d59-4a30-8ec5-fd0049ee9b2d,fUST,0.000152,60,1,-28000.0,demand,2026-10-04T18:47:01.883437+00:00
e5af8c3b-4d59-4a30-8ec5-fd0049ee9b2d,fUST,0.00015,120,1,-300000.0,demand,2026-10-04T18:47:01.883437+00:00
e5af8c3b-4d59-4a30-8ec5-fd0049ee9b2d,fUST,0.00015,45,4,-18668.928077,demand,2026-10-04T18:47:01.883437+00:00
e5af8c3b-4d59-4a30-8ec5-fd0049ee9b2d,fUST,0.00015,30,14,-57500.0,demand,2026-10-04T18:47:01.883437+00:00
e5af8c3b-4d59-4a30-8ec5-fd0049ee9b2d,fUST,0.000142,30,1,-28000.0,demand,2026-10-04T18:47:01.883437+00:00
e5af8c3b-4d59-4a30-8ec5-fd0049ee9b2d,fUST,0.0001361,30,23,-93124.47696771,demand,2026-10-04T18:47:01.883437+00:00
e5af8c3b-4d59-4a30-8ec5-fd0049ee9b2d,fUST,0.0001226,12,1,-79030.18254383,demand,2026-10-04T18:47:01.883437+00:00
e5af8c3b-4d59-4a30-8ec5-fd0049ee9b2d,fUST,0.0001225,59,1,-95000.0,demand,2026-10-04T18:47:01.883437+00:00
e5af8c3b-4d59-4a30-8ec5-fd0049ee9b2d,fUST,0.0001222,29,1,-194504.86890568,demand,2026-10-04T18:47:01.883437+00:00
e5af8c3b-4d59-4a30-8ec5-fd0049ee9b2d,fUST,0.0001202,19,1,-184532.71737778,demand,2026-10-04T18:47:01.883437+00:00
e5af8c3b-4d59-4a30-8ec5-fd0049ee9b2d,fUST,0.00012,120,1,-30000.0,demand,2026-10-04T18:47:01.883437+00:00
e5af8c3b-4d59-4a30-8ec5-fd0049ee9b2d,fUST,0.00012,2,1,-2000.0,demand,2026-10-04T18:47:01.883437+00:00
e5af8c3b-4d59-4a30-8ec5-fd0049ee9b2d,fUST,0.00012,4,1,-1479.99944677,demand,2026-10-04T18:47:01.883437+00:00
e5af8c3b-4d59-4a30-8ec5-fd0049ee9b2d,fUST,0.00012,5,1,-2000.0,demand,2026-10-04T18:47:01.883437+00:00
e5af8c3b-4d59-4a30-8ec5-fd0049ee9b2d,fUST,0.0001181,7,1,-145093.80880022,demand,2026-10-04T18:47:01.883437+00:00
e5af8c3b-4d59-4a30-8ec5-fd0049ee9b2d,fUST,0.0001111,2,9,-118726.46108494,demand,2026-10-04T18:47:01.883437+00:00
e5af8c3b-4d59-4a30-8ec5-fd0049ee9b2d,fUST,0.000111,2,1,-122400.0,demand,2026-10-04T18:47:01.883437+00:00
e5af8c3b-4d59-4a30-8ec5-fd0049ee9b2d,fUST,0.00016233,12,1,5000.0,offer,2026-10-04T18:47:01.883437+00:00
e5af8c3b-4d59-4a30-8ec5-fd0049ee9b2d,fUST,0.00016397,12,1,1877.26734113,offer,2026-10-04T18:47:01.883437+00:00
e5af8c3b-4d59-4a30-8ec5-fd0049ee9b2d,fUST,0.0001969105,2,1,307.301751,offer,2026-10-04T18:47:01.883437+00:00
e5af8c3b-4d59-4a30-8ec5-fd0049ee9b2d,fUST,0.0001980186768,2,1,195.3100825,offer,2026-10-04T18:47:01.883437+00:00
e5af8c3b-4d59-4a30-8ec5-fd0049ee9b2d,fUST,0.00019997,2,2,1000.0,offer,2026-10-04T18:47:01.883437+00:00
e5af8c3b-4d59-4a30-8ec5-fd0049ee9b2d,fUST,0.00019998,2,4,2000.0,offer,2026-10-04T18:47:01.883437+00:00
e5af8c3b-4d59-4a30-8ec5-fd0049ee9b2d,fUST,0.0002001879,2,1,422.2418344,offer,2026-10-04T18:47:01.883437+00:00
e5af8c3b-4d59-4a30-8ec5-fd0049ee9b2d,fUST,0.00020396,2,1,500.0,offer,2026-10-04T18:47:01.883437+00:00
e5af8c3b-4d59-4a30-8ec5-fd0049ee9b2d,fUST,0.00020396986301369864,2,1,12211.88571818,offer,2026-10-04T18:47:01.883437+00:00
e5af8c3b-4d59-4a30-8ec5-fd0049ee9b2d,fUST,0.00020397,2,19,6294.92555488,offer,2026-10-04T18:47:01.883437+00:00
e5af8c3b-4d59-4a30-8ec5-fd0049ee9b2d,fUST,0.00020427,2,1,238.33,offer,2026-10-04T18:47:01.883437+00:00
e5af8c3b-4d59-4a30-8ec5-fd0049ee9b2d,fUST,0.00020427394728298427,5,1,1000.0,offer,2026-10-04T18:47:01.883437+00:00
e5af8c3b-4d59-4a30-8ec5-fd0049ee9b2d,fUST,0.00020806356164383564,2,3,517.85736176,offer,2026-10-04T18:47:01.883437+00:00
e5af8c3b-4d59-4a30-8ec5-fd0049ee9b2d,fUST,0.0002101,2,1,600.0,offer,2026-10-04T18:47:01.883437+00:00
e5af8c3b-4d59-4a30-8ec5-fd0049ee9b2d,fUST,0.00021137,2,1,500.0,offer,2026-10-04T18:47:01.883437+00:00
e5af8c3b-4d59-4a30-8ec5-fd0049ee9b2d,fUST,0.00021138904109589042,2,1,509.65740655,offer,2026-10-04T18:47:01.883437+00:00
e5af8c3b-4d59-4a30-8ec5-fd0049ee9b2d,fUST,0.0002114,2,2,351.49,offer,2026-10-04T18:47:01.883437+00:00
e5af8c3b-4d59-4a30-8ec5-fd0049ee9b2d,fUST,0.00021185281199999998,2,2,388.35714042,offer,2026-10-04T18:47:01.883437+00:00
e5af8c3b-4d59-4a30-8ec5-fd0049ee9b2d,fUST,0.00021195000000000003,2,30,14837.69387237,offer,2026-10-04T18:47:01.883437+00:00
e5af8c3b-4d59-4a30-8ec5-fd0049ee9b2d,fUST,0.00021199,2,5,2500.0,offer,2026-10-04T18:47:01.883437+00:00
e5af8c3b-4d59-4a30-8ec5-fd0049ee9b2d,fUST,0.000212,2,32,8013.868747,offer,2026-10-04T18:47:01.883437+00:00
e5af8c3b-4d59-4a30-8ec5-fd0049ee9b2d,fUST,0.00021444,2,2,1000.0,offer,2026-10-04T18:47:01.883437+00:00
e5af8c3b-4d59-4a30-8ec5-fd0049ee9b2d,fUST,0.00021445,2,7,1389.258572,offer,2026-10-04T18:47:01.883437+00:00
e5af8c3b-4d59-4a30-8ec5-fd0049ee9b2d,fUST,0.00021608,2,1,500.0,offer,2026-10-04T18:47:01.883437+00:00
e5af8c3b-4d59-4a30-8ec5-fd0049ee9b2d,fUST,0.00021609,2,1,245.0,offer,2026-10-04T18:47:01.883437+00:00
5bba346d-88ea-4bd9-b163-e1f5cb9916c5,fUST,0.0002682164383561644,60,1,-3357360.8413504,demand,2026-10-04T19:47:02.220372+00:00
5bba346d-88ea-4bd9-b163-e1f5cb9916c5,fUST,0.0002671232876712329,120,1,-4642755.53669184,demand,2026-10-04T19:47:02.220372+00:00
5bba346d-88ea-4bd9-b163-e1f5cb9916c5,fUST,0.000267123287,120,2,-14451.08,demand,2026-10-04T19:47:02.220372+00:00
5bba346d-88ea-4bd9-b163-e1f5cb9916c5,fUST,0.0002,30,1,-120783.64256315,demand,2026-10-04T19:47:02.220372+00:00
5bba346d-88ea-4bd9-b163-e1f5cb9916c5,fUST,0.000161,30,6,-14492.3173799,demand,2026-10-04T19:47:02.220372+00:00
5bba346d-88ea-4bd9-b163-e1f5cb9916c5,fUST,0.00016,60,18,-114200.828599,demand,2026-10-04T19:47:02.220372+00:00
5bba346d-88ea-4bd9-b163-e1f5cb9916c5,fUST,0.00016,30,2,-13277.4,demand,2026-10-04T19:47:02.220372+00:00
5bba346d-88ea-4bd9-b163-e1f5cb9916c5,fUST,0.000155,45,8,-47500.0,demand,2026-10-04T19:47:02.220372+00:00
5bba346d-88ea-4bd9-b163-e1f5cb9916c5,fUST,0.000152,60,1,-28000.0,demand,2026-10-04T19:47:02.220372+00:00
5bba346d-88ea-4bd9-b163-e1f5cb9916c5,fUST,0.00015,120,1,-300000.0,demand,2026-10-04T19:47:02.220372+00:00
5bba346d-88ea-4bd9-b163-e1f5cb9916c5,fUST,0.00015,45,4,-18668.928077,demand,2026-10-04T19:47:02.220372+00:00
5bba346d-88ea-4bd9-b163-e1f5cb9916c5,fUST,0.00015,30,14,-57500.0,demand,2026-10-04T19:47:02.220372+00:00
5bba346d-88ea-4bd9-b163-e1f5cb9916c5,fUST,0.000142,30,1,-28000.0,demand,2026-10-04T19:47:02.220372+00:00
5bba346d-88ea-4bd9-b163-e1f5cb9916c5,fUST,0.0001361,30,23,-93124.47696771,demand,2026-10-04T19:47:02.220372+00:00
5bba346d-88ea-4bd9-b163-e1f5cb9916c5,fUST,0.0001226,12,1,-79030.18254383,demand,2026-10-04T19:47:02.220372+00:00
5bba346d-88ea-4bd9-b163-e1f5cb9916c5,fUST,0.0001225,59,1,-95000.0,demand,2026-10-04T19:47:02.220372+00:00
5bba346d-88ea-4bd9-b163-e1f5cb9916c5,fUST,0.0001222,29,1,-194504.86890568,demand,2026-10-04T19:47:02.220372+00:00
5bba346d-88ea-4bd9-b163-e1f5cb9916c5,fUST,0.0001202,19,1,-184532.71737778,demand,2026-10-04T19:47:02.220372+00:00
5bba346d-88ea-4bd9-b163-e1f5cb9916c5,fUST,0.00012,120,1,-30000.0,demand,2026-10-04T19:47:02.220372+00:00
5bba346d-88ea-4bd9-b163-e1f5cb9916c5,fUST,0.00012,2,1,-2000.0,demand,2026-10-04T19:47:02.220372+00:00
5bba346d-88ea-4bd9-b163-e1f5cb9916c5,fUST,0.00012,4,1,-1479.99944677,demand,2026-10-04T19:47:02.220372+00:00
5bba346d-88ea-4bd9-b163-e1f5cb9916c5,fUST,0.00012,5,1,-2000.0,demand,2026-10-04T19:47:02.220372+00:00
5bba346d-88ea-4bd9-b163-e1f5cb9916c5,fUST,0.0001181,7,1,-145093.80880022,demand,2026-10-04T19:47:02.220372+00:00
5bba346d-88ea-4bd9-b163-e1f5cb9916c5,fUST,0.0001111,2,9,-111483.92570969,demand,2026-10-04T19:47:02.220372+00:00
5bba346d-88ea-4bd9-b163-e1f5cb9916c5,fUST,0.000111,2,1,-122400.0,demand,2026-10-04T19:47:02.220372+00:00
5bba346d-88ea-4bd9-b163-e1f5cb9916c5,fUST,0.00019362,2,1,5000.0,offer,2026-10-04T19:47:02.220372+00:00
5bba346d-88ea-4bd9-b163-e1f5cb9916c5,fUST,0.0001944765,2,1,3301.3484276,offer,2026-10-04T19:47:02.220372+00:00
5bba346d-88ea-4bd9-b163-e1f5cb9916c5,fUST,0.00019558,2,1,342.66,offer,2026-10-04T19:47:02.220372+00:00
5bba346d-88ea-4bd9-b163-e1f5cb9916c5,fUST,0.0001980462,2,1,233.081553,offer,2026-10-04T19:47:02.220372+00:00
5bba346d-88ea-4bd9-b163-e1f5cb9916c5,fUST,0.00019893,2,1,500.0,offer,2026-10-04T19:47:02.220372+00:00
5bba346d-88ea-4bd9-b163-e1f5cb9916c5,fUST,0.00020624617799999998,2,1,155.02792995,offer,2026-10-04T19:47:02.220372+00:00
5bba346d-88ea-4bd9-b163-e1f5cb9916c5,fUST,0.00020636,2,11,4809.32416399,offer,2026-10-04T19:47:02.220372+00:00
5bba346d-88ea-4bd9-b163-e1f5cb9916c5,fUST,0.00020637,2,4,83777.14796657,offer,2026-10-04T19:47:02.220372+00:00
5bba346d-88ea-4bd9-b163-e1f5cb9916c5,fUST,0.00020637,12,3,631.73131802,offer,2026-10-04T19:47:02.220372+00:00
5bba346d-88ea-4bd9-b163-e1f5cb9916c5,fUST,0.00020813480821917806,2,2,341.19478217,offer,2026-10-04T19:47:02.220372+00:00
5bba346d-88ea-4bd9-b163-e1f5cb9916c5,fUST,0.000211726178,2,1,155.02792995,offer,2026-10-04T19:47:02.220372+00:00
5bba346d-88ea-4bd9-b163-e1f5cb9916c5,fUST,0.00021199,2,5,2500.0,offer,2026-10-04T19:47:02.220372+00:00
5bba346d-88ea-4bd9-b163-e1f5cb9916c5,fUST,0.000216551,2,2,642.001,offer,2026-10-04T19:47:02.220372+00:00
5bba346d-88ea-4bd9-b163-e1f5cb9916c5,fUST,0.0002171423744266394,2,1,222.14233859,offer,2026-10-04T19:47:02.220372+00:00
5bba346d-88ea-4bd9-b163-e1f5cb9916c5,fUST,0.00021717438664472342,2,3,480.0,offer,2026-10-04T19:47:02.220372+00:00
5bba346d-88ea-4bd9-b163-e1f5cb9916c5,fUST,0.00021717561930121579,2,1,417.15472785,offer,2026-10-04T19:47:02.220372+00:00
5bba346d-88ea-4bd9-b163-e1f5cb9916c5,fUST,0.00021719164383561643,2,2,682.38956434,offer,2026-10-04T19:47:02.220372+00:00
5bba346d-88ea-4bd9-b163-e1f5cb9916c5,fUST,0.00021720617799999997,2,1,155.02792995,offer,2026-10-04T19:47:02.220372+00:00
5bba346d-88ea-4bd9-b163-e1f5cb9916c5,fUST,0.00022,2,1,45297.60682134,offer,2026-10-04T19:47:02.220372+00:00
5bba346d-88ea-4bd9-b163-e1f5cb9916c5,fUST,0.000221,2,1,10049.88226062,offer,2026-10-04T19:47:02.220372+00:00
5bba346d-88ea-4bd9-b163-e1f5cb9916c5,fUST,0.00022268617799999998,2,1,155.02792995,offer,2026-10-04T19:47:02.220372+00:00
5bba346d-88ea-4bd9-b163-e1f5cb9916c5,fUST,0.00022275,2,1,300.0,offer,2026-10-04T19:47:02.220372+00:00
5bba346d-88ea-4bd9-b163-e1f5cb9916c5,fUST,0.00022309190410958906,2,6,1499.03585966,offer,2026-10-04T19:47:02.220372+00:00
5bba346d-88ea-4bd9-b163-e1f5cb9916c5,fUST,0.00022309730136986302,2,3,636.36612641,offer,2026-10-04T19:47:02.220372+00:00
5bba346d-88ea-4bd9-b163-e1f5cb9916c5,fUST,0.00022322953424657534,2,10,2987.55534911,offer,2026-10-04T19:47:02.220372+00:00
d9d9b868-e397-4c32-bd98-d098b79fa7f4,fUST,0.00026854520547945205,60,1,-3357360.8413504,demand,2026-10-04T20:47:01.993024+00:00
d9d9b868-e397-4c32-bd98-d098b79fa7f4,fUST,0.0002671232876712329,120,1,-4642755.53669184,demand,2026-10-04T20:47:01.993024+00:00
d9d9b868-e397-4c32-bd98-d098b79fa7f4,fUST,0.000267123287,120,2,-14451.08,demand,2026-10-04T20:47:01.993024+00:00
d9d9b868-e397-4c32-bd98-d098b79fa7f4,fUST,0.0002,30,1,-120783.64256315,demand,2026-10-04T20:47:01.993024+00:00
d9d9b868-e397-4c32-bd98-d098b79fa7f4,fUST,0.000161,30,6,-14492.3173799,demand,2026-10-04T20:47:01.993024+00:00
d9d9b868-e397-4c32-bd98-d098b79fa7f4,fUST,0.00016,60,18,-114200.828599,demand,2026-10-04T20:47:01.993024+00:00
d9d9b868-e397-4c32-bd98-d098b79fa7f4,fUST,0.00016,30,2,-13277.4,demand,2026-10-04T20:47:01.993024+00:00
d9d9b868-e397-4c32-bd98-d098b79fa7f4,fUST,0.000155,45,8,-47500.0,demand,2026-10-04T20:47:01.993024+00:00
d9d9b868-e397-4c32-bd98-d098b79fa7f4,fUST,0.000152,60,1,-28000.0,demand,2026-10-04T20:47:01.993024+00:00
d9d9b868-e397-4c32-bd98-d098b79fa7f4,fUST,0.00015,120,1,-300000.0,demand,2026-10-04T20:47:01.993024+00:00
d9d9b868-e397-4c32-bd98-d098b79fa7f4,fUST,0.00015,45,4,-18668.928077,demand,2026-10-04T20:47:01.993024+00:00
d9d9b868-e397-4c32-bd98-d098b79fa7f4,fUST,0.00015,30,14,-57500.0,demand,2026-10-04T20:47:01.993024+00:00
d9d9b868-e397-4c32-bd98-d098b79fa7f4,fUST,0.000142,30,1,-28000.0,demand,2026-10-04T20:47:01.993024+00:00
d9d9b868-e397-4c32-bd98-d098b79fa7f4,fUST,0.0001361,30,23,-93124.47696771,demand,2026-10-04T20:47:01.993024+00:00
d9d9b868-e397-4c32-bd98-d098b79fa7f4,fUST,0.0001226,12,1,-79030.18254383,demand,2026-10-04T20:47:01.993024+00:00
d9d9b868-e397-4c32-bd98-d098b79fa7f4,fUST,0.0001225,59,1,-95000.0,demand,2026-10-04T20:47:01.993024+00:00
d9d9b868-e397-4c32-bd98-d098b79fa7f4,fUST,0.0001222,29,1,-194504.86890568,demand,2026-10-04T20:47:01.993024+00:00
d9d9b868-e397-4c32-bd98-d098b79fa7f4,fUST,0.0001202,19,1,-184532.71737778,demand,2026-10-04T20:47:01.993024+00:00
d9d9b868-e397-4c32-bd98-d098b79fa7f4,fUST,0.00012,120,1,-30000.0,demand,2026-10-04T20:47:01.993024+00:00
d9d9b868-e397-4c32-bd98-d098b79fa7f4,fUST,0.00012,2,1,-2000.0,demand,2026-10-04T20:47:01.993024+00:00
d9d9b868-e397-4c32-bd98-d098b79fa7f4,fUST,0.00012,4,1,-1479.99944677,demand,2026-10-04T20:47:01.993024+00:00
d9d9b868-e397-4c32-bd98-d098b79fa7f4,fUST,0.00012,5,1,-2000.0,demand,2026-10-04T20:47:01.993024+00:00
d9d9b868-e397-4c32-bd98-d098b79fa7f4,fUST,0.0001181,7,1,-145093.80880022,demand,2026-10-04T20:47:01.993024+00:00
d9d9b868-e397-4c32-bd98-d098b79fa7f4,fUST,0.0001111,2,9,-108483.92701811,demand,2026-10-04T20:47:01.993024+00:00
d9d9b868-e397-4c32-bd98-d098b79fa7f4,fUST,0.000111,2,1,-122400.0,demand,2026-10-04T20:47:01.993024+00:00
d9d9b868-e397-4c32-bd98-d098b79fa7f4,fUST,0.00017398,12,1,5000.0,offer,2026-10-04T20:47:01.993024+00:00
d9d9b868-e397-4c32-bd98-d098b79fa7f4,fUST,0.00017574,12,1,5000.0,offer,2026-10-04T20:47:01.993024+00:00
d9d9b868-e397-4c32-bd98-d098b79fa7f4,fUST,0.00017645,2,1,200.0,offer,2026-10-04T20:47:01.993024+00:00
d9d9b868-e397-4c32-bd98-d098b79fa7f4,fUST,0.00017645,7,1,241.66,offer,2026-10-04T20:47:01.993024+00:00
d9d9b868-e397-4c32-bd98-d098b79fa7f4,fUST,0.0001793142,2,2,302.0,offer,2026-10-04T20:47:01.993024+00:00
d9d9b868-e397-4c32-bd98-d098b79fa7f4,fUST,0.00018185,2,1,222.2,offer,2026-10-04T20:47:01.993024+00:00
d9d9b868-e397-4c32-bd98-d098b79fa7f4,fUST,0.00018772876712328768,2,1,8943.23076439,offer,2026-10-04T20:47:01.993024+00:00
d9d9b868-e397-4c32-bd98-d098b79fa7f4,fUST,0.00018773,2,9,3962.88405763,offer,2026-10-04T20:47:01.993024+00:00
d9d9b868-e397-4c32-bd98-d098b79fa7f4,fUST,0.0001901914,2,1,1594.8494206,offer,2026-10-04T20:47:01.993024+00:00
d9d9b868-e397-4c32-bd98-d098b79fa7f4,fUST,0.00019337,2,2,1000.0,offer,2026-10-04T20:47:01.993024+00:00
d9d9b868-e397-4c32-bd98-d098b79fa7f4,fUST,0.0001936865,2,1,190.897451,offer,2026-10-04T20:47:01.993024+00:00
d9d9b868-e397-4c32-bd98-d098b79fa7f4,fUST,0.0001939455,2,2,5713.14837804,offer,2026-10-04T20:47:01.993024+00:00
d9d9b868-e397-4c32-bd98-d098b79fa7f4,fUST,0.00019888,2,14,6999.2171959,offer,2026-10-04T20:47:01.993024+00:00
d9d9b868-e397-4c32-bd98-d098b79fa7f4,fUST,0.00019889,2,2,914.41645813,offer,2026-10-04T20:47:01.993024+00:00
d9d9b868-e397-4c32-bd98-d098b79fa7f4,fUST,0.00019996,2,1,500.0,offer,2026-10-04T20:47:01.993024+00:00
d9d9b868-e397-4c32-bd98-d098b79fa7f4,fUST,0.00019997,2,5,2466.48171002,offer,2026-10-04T20:47:01.993024+00:00
d9d9b868-e397-4c32-bd98-d098b79fa7f4,fUST,0.00019998,2,1,441.40551314,offer,2026-10-04T20:47:01.993024+00:00
d9d9b868-e397-4c32-bd98-d098b79fa7f4,fUST,0.00020267424860912593,7,1,220.56897172,offer,2026-10-04T20:47:01.993024+00:00
d9d9b868-e397-4c32-bd98-d098b79fa7f4,fUST,0.0002062,2,1,208.11417507,offer,2026-10-04T20:47:01.993024+00:00
d9d9b868-e397-4c32-bd98-d098b79fa7f4,fUST,0.000207059,2,2,642.0,offer,2026-10-04T20:47:01.993024+00:00
d9d9b868-e397-4c32-bd98-d098b79fa7f4,fUST,0.00020733110342992188,2,1,160.0,offer,2026-10-04T20:47:01.993024+00:00
d9d9b868-e397-4c32-bd98-d098b79fa7f4,fUST,0.00020817552054794522,2,2,331.59557999,offer,2026-10-04T20:47:01.993024+00:00
d9d9b868-e397-4c32-bd98-d098b79fa7f4,fUST,0.00020818,2,1,172.589,offer,2026-10-04T20:47:01.993024+00:00
d9d9b868-e397-4c32-bd98-d098b79fa7f4,fUST,0.000212,2,2,688.7921627,offer,2026-10-04T20:47:01.993024+00:00
d9d9b868-e397-4c32-bd98-d098b79fa7f4,fUST,0.000212,64,2,11249.40335847,offer,2026-10-04T20:47:01.993024+00:00
4944d345-764a-455d-9558-8f19cdde8b0b,fUST,0.00026853424657534246,60,1,-2466168.15089921,demand,2026-10-04T21:47:01.793745+00:00
4944d345-764a-455d-9558-8f19cdde8b0b,fUST,0.0002671232876712329,120,1,-4642755.53669184,demand,2026-10-04T21:47:01.793745+00:00
4944d345-764a-455d-9558-8f19cdde8b0b,fUST,0.000267123287,120,2,-14451.08,demand,2026-10-04T21:47:01.793745+00:00
4944d345-764a-455d-9558-8f19cdde8b0b,fUST,0.0002,30,1,-120783.64256315,demand,2026-10-04T21:47:01.793745+00:00
4944d345-764a-455d-9558-8f19cdde8b0b,fUST,0.000161,30,6,-14492.3173799,demand,2026-10-04T21:47:01.793745+00:00
4944d345-764a-455d-9558-8f19cdde8b0b,fUST,0.00016,60,18,-114200.828599,demand,2026-10-04T21:47:01.793745+00:00
4944d345-764a-455d-9558-8f19cdde8b0b,fUST,0.00016,30,2,-13277.4,demand,2026-10-04T21:47:01.793745+00:00
4944d345-764a-455d-9558-8f19cdde8b0b,fUST,0.000155,45,8,-47500.0,demand,2026-10-04T21:47:01.793745+00:00
4944d345-764a-455d-9558-8f19cdde8b0b,fUST,0.000152,60,1,-28000.0,demand,2026-10-04T21:47:01.793745+00:00
4944d345-764a-455d-9558-8f19cdde8b0b,fUST,0.00015,120,1,-300000.0,demand,2026-10-04T21:47:01.793745+00:00
4944d345-764a-455d-9558-8f19cdde8b0b,fUST,0.00015,45,4,-18668.928077,demand,2026-10-04T21:47:01.793745+00:00
4944d345-764a-455d-9558-8f19cdde8b0b,fUST,0.00015,30,14,-57500.0,demand,2026-10-04T21:47:01.793745+00:00
4944d345-764a-455d-9558-8f19cdde8b0b,fUST,0.000142,30,1,-28000.0,demand,2026-10-04T21:47:01.793745+00:00
4944d345-764a-455d-9558-8f19cdde8b0b,fUST,0.0001361,30,23,-93124.47696771,demand,2026-10-04T21:47:01.793745+00:00
4944d345-764a-455d-9558-8f19cdde8b0b,fUST,0.0001226,12,1,-79030.18254383,demand,2026-10-04T21:47:01.793745+00:00
4944d345-764a-455d-9558-8f19cdde8b0b,fUST,0.0001225,59,1,-95000.0,demand,2026-10-04T21:47:01.793745+00:00
4944d345-764a-455d-9558-8f19cdde8b0b,fUST,0.0001222,29,1,-194504.86890568,demand,2026-10-04T21:47:01.793745+00:00
4944d345-764a-455d-9558-8f19cdde8b0b,fUST,0.0001202,19,1,-184532.71737778,demand,2026-10-04T21:47:01.793745+00:00
4944d345-764a-455d-9558-8f19cdde8b0b,fUST,0.00012,120,1,-30000.0,demand,2026-10-04T21:47:01.793745+00:00
4944d345-764a-455d-9558-8f19cdde8b0b,fUST,0.00012,2,1,-2000.0,demand,2026-10-04T21:47:01.793745+00:00
4944d345-764a-455d-9558-8f19cdde8b0b,fUST,0.00012,4,1,-1479.99944677,demand,2026-10-04T21:47:01.793745+00:00
4944d345-764a-455d-9558-8f19cdde8b0b,fUST,0.00012,5,1,-2000.0,demand,2026-10-04T21:47:01.793745+00:00
4944d345-764a-455d-9558-8f19cdde8b0b,fUST,0.0001181,7,1,-145093.80880022,demand,2026-10-04T21:47:01.793745+00:00
4944d345-764a-455d-9558-8f19cdde8b0b,fUST,0.0001112,2,1,-211.201147,demand,2026-10-04T21:47:01.793745+00:00
4944d345-764a-455d-9558-8f19cdde8b0b,fUST,0.0001111,2,8,-106272.72753507,demand,2026-10-04T21:47:01.793745+00:00
4944d345-764a-455d-9558-8f19cdde8b0b,fUST,0.0001664016,2,1,2409.5230414,offer,2026-10-04T21:47:01.793745+00:00
4944d345-764a-455d-9558-8f19cdde8b0b,fUST,0.0001679794,2,1,4972.9115874,offer,2026-10-04T21:47:01.793745+00:00
4944d345-764a-455d-9558-8f19cdde8b0b,fUST,0.00016944,2,1,5000.0,offer,2026-10-04T21:47:01.793745+00:00
4944d345-764a-455d-9558-8f19cdde8b0b,fUST,0.0001696247,2,1,15000.0,offer,2026-10-04T21:47:01.793745+00:00
4944d345-764a-455d-9558-8f19cdde8b0b,fUST,0.0001711531,2,1,810.4887934,offer,2026-10-04T21:47:01.793745+00:00
4944d345-764a-455d-9558-8f19cdde8b0b,fUST,0.0001714377,2,1,697.9704244,offer,2026-10-04T21:47:01.793745+00:00
4944d345-764a-455d-9558-8f19cdde8b0b,fUST,0.00017794,7,2,308.0,offer,2026-10-04T21:47:01.793745+00:00
4944d345-764a-455d-9558-8f19cdde8b0b,fUST,0.000178408608,7,1,516.11803949,offer,2026-10-04T21:47:01.793745+00:00
4944d345-764a-455d-9558-8f19cdde8b0b,fUST,0.00017973,2,2,1000.0,offer,2026-10-04T21:47:01.793745+00:00
4944d345-764a-455d-9558-8f19cdde8b0b,fUST,0.00017973000000000002,2,22,10528.12007294,offer,2026-10-04T21:47:01.793745+00:00
4944d345-764a-455d-9558-8f19cdde8b0b,fUST,0.00017974,2,2,22148.13238113,offer,2026-10-04T21:47:01.793745+00:00
4944d345-764a-455d-9558-8f19cdde8b0b,fUST,0.00018062,2,1,611.21165225,offer,2026-10-04T21:47:01.793745+00:00
4944d345-764a-455d-9558-8f19cdde8b0b,fUST,0.00018062000000000002,2,1,371.26964742,offer,2026-10-04T21:47:01.793745+00:00
4944d345-764a-455d-9558-8f19cdde8b0b,fUST,0.00018063,2,9,4525.48434219,offer,2026-10-04T21:47:01.793745+00:00
4944d345-764a-455d-9558-8f19cdde8b0b,fUST,0.0001814988,7,1,154.0,offer,2026-10-04T21:47:01.793745+00:00
4944d345-764a-455d-9558-8f19cdde8b0b,fUST,0.00018197678016,7,1,516.11803949,offer,2026-10-04T21:47:01.793745+00:00
4944d345-764a-455d-9558-8f19cdde8b0b,fUST,0.0001842318,2,1,1209.430289,offer,2026-10-04T21:47:01.793745+00:00
4944d345-764a-455d-9558-8f19cdde8b0b,fUST,0.000186837,7,1,154.0,offer,2026-10-04T21:47:01.793745+00:00
4944d345-764a-455d-9558-8f19cdde8b0b,fUST,0.0001873290384,7,1,516.11803949,offer,2026-10-04T21:47:01.793745+00:00
4944d345-764a-455d-9558-8f19cdde8b0b,fUST,0.000189032427,2,1,307.025354,offer,2026-10-04T21:47:01.793745+00:00
4944d345-764a-455d-9558-8f19cdde8b0b,fUST,0.0001921752,7,1,154.0,offer,2026-10-04T21:47:01.793745+00:00
4944d345-764a-455d-9558-8f19cdde8b0b,fUST,0.00019268129664000002,7,1,516.11803949,offer,2026-10-04T21:47:01.793745+00:00
4944d345-764a-455d-9558-8f19cdde8b0b,fUST,0.00019534,7,1,355.0,offer,2026-10-04T21:47:01.793745+00:00
4944d345-764a-455d-9558-8f19cdde8b0b,fUST,0.00019548,2,1,172.59,offer,2026-10-04T21:47:01.793745+00:00
4944d345-764a-455d-9558-8f19cdde8b0b,fUST,0.0001962649584,2,1,1012.3005148,offer,2026-10-04T21:47:01.793745+00:00
544fba90-c61a-4274-b30f-9c05d50f4ea7,fUST,0.0002686821917808219,60,1,-2465662.15089921,demand,2026-10-04T22:47:01.732084+00:00
544fba90-c61a-4274-b30f-9c05d50f4ea7,fUST,0.0002671232876712329,120,1,-4642755.53669184,demand,2026-10-04T22:47:01.732084+00:00
544fba90-c61a-4274-b30f-9c05d50f4ea7,fUST,0.000267123287,120,2,-14451.08,demand,2026-10-04T22:47:01.732084+00:00
544fba90-c61a-4274-b30f-9c05d50f4ea7,fUST,0.0002,30,1,-120783.64256315,demand,2026-10-04T22:47:01.732084+00:00
544fba90-c61a-4274-b30f-9c05d50f4ea7,fUST,0.000161,30,6,-14492.3173799,demand,2026-10-04T22:47:01.732084+00:00
544fba90-c61a-4274-b30f-9c05d50f4ea7,fUST,0.00016,60,18,-114200.828599,demand,2026-10-04T22:47:01.732084+00:00
544fba90-c61a-4274-b30f-9c05d50f4ea7,fUST,0.00016,30,2,-13277.4,demand,2026-10-04T22:47:01.732084+00:00
544fba90-c61a-4274-b30f-9c05d50f4ea7,fUST,0.000155,45,8,-47500.0,demand,2026-10-04T22:47:01.732084+00:00
544fba90-c61a-4274-b30f-9c05d50f4ea7,fUST,0.000152,60,1,-28000.0,demand,2026-10-04T22:47:01.732084+00:00
544fba90-c61a-4274-b30f-9c05d50f4ea7,fUST,0.00015,120,1,-300000.0,demand,2026-10-04T22:47:01.732084+00:00
544fba90-c61a-4274-b30f-9c05d50f4ea7,fUST,0.00015,45,4,-18668.928077,demand,2026-10-04T22:47:01.732084+00:00
544fba90-c61a-4274-b30f-9c05d50f4ea7,fUST,0.00015,30,14,-57500.0,demand,2026-10-04T22:47:01.732084+00:00
544fba90-c61a-4274-b30f-9c05d50f4ea7,fUST,0.000142,30,1,-28000.0,demand,2026-10-04T22:47:01.732084+00:00
544fba90-c61a-4274-b30f-9c05d50f4ea7,fUST,0.0001361,30,23,-93124.47696771,demand,2026-10-04T22:47:01.732084+00:00
544fba90-c61a-4274-b30f-9c05d50f4ea7,fUST,0.0001226,12,1,-78814.17092885,demand,2026-10-04T22:47:01.732084+00:00
544fba90-c61a-4274-b30f-9c05d50f4ea7,fUST,0.0001225,59,1,-95000.0,demand,2026-10-04T22:47:01.732084+00:00
544fba90-c61a-4274-b30f-9c05d50f4ea7,fUST,0.0001222,29,1,-194504.86890568,demand,2026-10-04T22:47:01.732084+00:00
544fba90-c61a-4274-b30f-9c05d50f4ea7,fUST,0.0001202,19,1,-184532.71737778,demand,2026-10-04T22:47:01.732084+00:00
544fba90-c61a-4274-b30f-9c05d50f4ea7,fUST,0.00012,120,1,-30000.0,demand,2026-10-04T22:47:01.732084+00:00
544fba90-c61a-4274-b30f-9c05d50f4ea7,fUST,0.00012,2,1,-2000.0,demand,2026-10-04T22:47:01.732084+00:00
544fba90-c61a-4274-b30f-9c05d50f4ea7,fUST,0.00012,4,1,-739.46869015,demand,2026-10-04T22:47:01.732084+00:00
544fba90-c61a-4274-b30f-9c05d50f4ea7,fUST,0.00012,5,1,-2000.0,demand,2026-10-04T22:47:01.732084+00:00
544fba90-c61a-4274-b30f-9c05d50f4ea7,fUST,0.0001181,7,1,-145093.80880022,demand,2026-10-04T22:47:01.732084+00:00
544fba90-c61a-4274-b30f-9c05d50f4ea7,fUST,0.0001112,2,1,-211.201147,demand,2026-10-04T22:47:01.732084+00:00
544fba90-c61a-4274-b30f-9c05d50f4ea7,fUST,0.0001111,2,8,-106272.72753507,demand,2026-10-04T22:47:01.732084+00:00
544fba90-c61a-4274-b30f-9c05d50f4ea7,fUST,0.00013816,2,1,5000.0,offer,2026-10-04T22:47:01.732084+00:00
544fba90-c61a-4274-b30f-9c05d50f4ea7,fUST,0.00014097,2,1,154.57102301,offer,2026-10-04T22:47:01.732084+00:00
544fba90-c61a-4274-b30f-9c05d50f4ea7,fUST,0.00014197,2,1,151.81,offer,2026-10-04T22:47:01.732084+00:00
544fba90-c61a-4274-b30f-9c05d50f4ea7,fUST,0.0001576067,2,1,10000.0,offer,2026-10-04T22:47:01.732084+00:00
544fba90-c61a-4274-b30f-9c05d50f4ea7,fUST,0.0001577564,2,1,248.5546516,offer,2026-10-04T22:47:01.732084+00:00
544fba90-c61a-4274-b30f-9c05d50f4ea7,fUST,0.0001587482,2,1,188.303133,offer,2026-10-04T22:47:01.732084+00:00
544fba90-c61a-4274-b30f-9c05d50f4ea7,fUST,0.0001594517,2,1,2191.846601,offer,2026-10-04T22:47:01.732084+00:00
544fba90-c61a-4274-b30f-9c05d50f4ea7,fUST,0.0001632096,2,1,946.783806,offer,2026-10-04T22:47:01.732084+00:00
544fba90-c61a-4274-b30f-9c05d50f4ea7,fUST,0.00016717459776593744,2,2,5136.46549755,offer,2026-10-04T22:47:01.732084+00:00
544fba90-c61a-4274-b30f-9c05d50f4ea7,fUST,0.00016718,2,13,6341.80577742,offer,2026-10-04T22:47:01.732084+00:00
544fba90-c61a-4274-b30f-9c05d50f4ea7,fUST,0.00016883,2,1,500.0,offer,2026-10-04T22:47:01.732084+00:00
544fba90-c61a-4274-b30f-9c05d50f4ea7,fUST,0.0001688365,2,1,3839.7129172,offer,2026-10-04T22:47:01.732084+00:00
544fba90-c61a-4274-b30f-9c05d50f4ea7,fUST,0.000170095,2,1,154.57102299,offer,2026-10-04T22:47:01.732084+00:00
544fba90-c61a-4274-b30f-9c05d50f4ea7,fUST,0.000172698,2,3,3395.68717135,offer,2026-10-04T22:47:01.732084+00:00
544fba90-c61a-4274-b30f-9c05d50f4ea7,fUST,0.0001744696206,2,1,160.065559,offer,2026-10-04T22:47:01.732084+00:00
544fba90-c61a-4274-b30f-9c05d50f4ea7,fUST,0.00017596,2,1,500.0,offer,2026-10-04T22:47:01.732084+00:00
544fba90-c61a-4274-b30f-9c05d50f4ea7,fUST,0.00018133000000000005,2,57,27785.25287581,offer,2026-10-04T22:47:01.732084+00:00
544fba90-c61a-4274-b30f-9c05d50f4ea7,fUST,0.00018134000000000005,2,1,9805.08397396,offer,2026-10-04T22:47:01.732084+00:00
544fba90-c61a-4274-b30f-9c05d50f4ea7,fUST,0.00018134000000000005,4,1,449.85631842,offer,2026-10-04T22:47:01.732084+00:00
544fba90-c61a-4274-b30f-9c05d50f4ea7,fUST,0.00018135000000000004,2,5,66483.20881897,offer,2026-10-04T22:47:01.732084+00:00
544fba90-c61a-4274-b30f-9c05d50f4ea7,fUST,0.00018136,2,1,500.0,offer,2026-10-04T22:47:01.732084+00:00
544fba90-c61a-4274-b30f-9c05d50f4ea7,fUST,0.00018139,2,1,500.0,offer,2026-10-04T22:47:01.732084+00:00
544fba90-c61a-4274-b30f-9c05d50f4ea7,fUST,0.0001833953,2,1,168.02,offer,2026-10-04T22:47:01.732084+00:00
544fba90-c61a-4274-b30f-9c05d50f4ea7,fUST,0.00018365016854520548,2,1,160.065559,offer,2026-10-04T22:47:01.732084+00:00
544fba90-c61a-4274-b30f-9c05d50f4ea7,fUST,0.00018496680000000006,7,1,449.85631842,offer,2026-10-04T22:47:01.732084+00:00
e97115b9-ba4e-45ce-bc3a-ab8d127ebf2d,fUST,0.00026873424657534247,60,1,-2465662.15089921,demand,2026-10-04T23:47:01.730610+00:00
e97115b9-ba4e-45ce-bc3a-ab8d127ebf2d,fUST,0.0002671232876712329,120,1,-4642755.53669184,demand,2026-10-04T23:47:01.730610+00:00
e97115b9-ba4e-45ce-bc3a-ab8d127ebf2d,fUST,0.000267123287,120,2,-14451.08,demand,2026-10-04T23:47:01.730610+00:00
e97115b9-ba4e-45ce-bc3a-ab8d127ebf2d,fUST,0.0002,30,1,-120783.64256315,demand,2026-10-04T23:47:01.730610+00:00
e97115b9-ba4e-45ce-bc3a-ab8d127ebf2d,fUST,0.000161,30,6,-14492.3173799,demand,2026-10-04T23:47:01.730610+00:00
e97115b9-ba4e-45ce-bc3a-ab8d127ebf2d,fUST,0.00016,60,18,-114200.828599,demand,2026-10-04T23:47:01.730610+00:00
e97115b9-ba4e-45ce-bc3a-ab8d127ebf2d,fUST,0.00016,30,2,-13277.4,demand,2026-10-04T23:47:01.730610+00:00
e97115b9-ba4e-45ce-bc3a-ab8d127ebf2d,fUST,0.000155,45,8,-47500.0,demand,2026-10-04T23:47:01.730610+00:00
e97115b9-ba4e-45ce-bc3a-ab8d127ebf2d,fUST,0.000152,60,1,-28000.0,demand,2026-10-04T23:47:01.730610+00:00
e97115b9-ba4e-45ce-bc3a-ab8d127ebf2d,fUST,0.00015,120,1,-300000.0,demand,2026-10-04T23:47:01.730610+00:00
e97115b9-ba4e-45ce-bc3a-ab8d127ebf2d,fUST,0.00015,45,4,-18668.928077,demand,2026-10-04T23:47:01.730610+00:00
e97115b9-ba4e-45ce-bc3a-ab8d127ebf2d,fUST,0.00015,30,14,-57500.0,demand,2026-10-04T23:47:01.730610+00:00
e97115b9-ba4e-45ce-bc3a-ab8d127ebf2d,fUST,0.000142,30,1,-28000.0,demand,2026-10-04T23:47:01.730610+00:00
e97115b9-ba4e-45ce-bc3a-ab8d127ebf2d,fUST,0.0001361,30,23,-93124.47696771,demand,2026-10-04T23:47:01.730610+00:00
e97115b9-ba4e-45ce-bc3a-ab8d127ebf2d,fUST,0.0001226,12,1,-78814.17092885,demand,2026-10-04T23:47:01.730610+00:00
e97115b9-ba4e-45ce-bc3a-ab8d127ebf2d,fUST,0.0001225,59,1,-95000.0,demand,2026-10-04T23:47:01.730610+00:00
e97115b9-ba4e-45ce-bc3a-ab8d127ebf2d,fUST,0.0001222,29,1,-194504.86890568,demand,2026-10-04T23:47:01.730610+00:00
e97115b9-ba4e-45ce-bc3a-ab8d127ebf2d,fUST,0.0001202,19,1,-184532.71737778,demand,2026-10-04T23:47:01.730610+00:00
e97115b9-ba4e-45ce-bc3a-ab8d127ebf2d,fUST,0.0001201,2,1,-3318.009314,demand,2026-10-04T23:47:01.730610+00:00
e97115b9-ba4e-45ce-bc3a-ab8d127ebf2d,fUST,0.00012,120,1,-30000.0,demand,2026-10-04T23:47:01.730610+00:00
e97115b9-ba4e-45ce-bc3a-ab8d127ebf2d,fUST,0.00012,2,1,-2000.0,demand,2026-10-04T23:47:01.730610+00:00
e97115b9-ba4e-45ce-bc3a-ab8d127ebf2d,fUST,0.00012,4,1,-739.46869015,demand,2026-10-04T23:47:01.730610+00:00
e97115b9-ba4e-45ce-bc3a-ab8d127ebf2d,fUST,0.00012,5,1,-2000.0,demand,2026-10-04T23:47:01.730610+00:00
e97115b9-ba4e-45ce-bc3a-ab8d127ebf2d,fUST,0.0001181,7,1,-145093.80880022,demand,2026-10-04T23:47:01.730610+00:00
e97115b9-ba4e-45ce-bc3a-ab8d127ebf2d,fUST,0.0001112,2,1,-211.201147,demand,2026-10-04T23:47:01.730610+00:00
e97115b9-ba4e-45ce-bc3a-ab8d127ebf2d,fUST,0.00016201,2,1,5000.0,offer,2026-10-04T23:47:01.730610+00:00
e97115b9-ba4e-45ce-bc3a-ab8d127ebf2d,fUST,0.00016866,2,5,2500.0,offer,2026-10-04T23:47:01.730610+00:00
e97115b9-ba4e-45ce-bc3a-ab8d127ebf2d,fUST,0.00016867,2,8,3723.63750278,offer,2026-10-04T23:47:01.730610+00:00
e97115b9-ba4e-45ce-bc3a-ab8d127ebf2d,fUST,0.00016867123287671234,2,1,3057.22501051,offer,2026-10-04T23:47:01.730610+00:00
e97115b9-ba4e-45ce-bc3a-ab8d127ebf2d,fUST,0.00016868,2,2,1000.0,offer,2026-10-04T23:47:01.730610+00:00
e97115b9-ba4e-45ce-bc3a-ab8d127ebf2d,fUST,0.000198338,2,1,350.55,offer,2026-10-04T23:47:01.730610+00:00
e97115b9-ba4e-45ce-bc3a-ab8d127ebf2d,fUST,0.0002171990705869449,5,1,276.89783314,offer,2026-10-04T23:47:01.730610+00:00
e97115b9-ba4e-45ce-bc3a-ab8d127ebf2d,fUST,0.00022904109589041093,8,1,162.0,offer,2026-10-04T23:47:01.730610+00:00
e97115b9-ba4e-45ce-bc3a-ab8d127ebf2d,fUST,0.0002325973,2,1,191.124577,offer,2026-10-04T23:47:01.730610+00:00
e97115b9-ba4e-45ce-bc3a-ab8d127ebf2d,fUST,0.00023606,2,1,189.0,offer,2026-10-04T23:47:01.730610+00:00
e97115b9-ba4e-45ce-bc3a-ab8d127ebf2d,fUST,0.00023974,2,2,1093.67858259,offer,2026-10-04T23:47:01.730610+00:00
e97115b9-ba4e-45ce-bc3a-ab8d127ebf2d,fUST,0.0002397518,2,1,7412.6867988,offer,2026-10-04T23:47:01.730610+00:00
e97115b9-ba4e-45ce-bc3a-ab8d127ebf2d,fUST,0.00024,2,5,1343.50664447,offer,2026-10-04T23:47:01.730610+00:00
e97115b9-ba4e-45ce-bc3a-ab8d127ebf2d,fUST,0.00025,2,2,629.0,offer,2026-10-04T23:47:01.730610+00:00
e97115b9-ba4e-45ce-bc3a-ab8d127ebf2d,fUST,0.00025406077820106236,2,1,222.14233859,offer,2026-10-04T23:47:01.730610+00:00
e97115b9-ba4e-45ce-bc3a-ab8d127ebf2d,fUST,0.00025479,2,2,451.0,offer,2026-10-04T23:47:01.730610+00:00
e97115b9-ba4e-45ce-bc3a-ab8d127ebf2d,fUST,0.00025518,2,1,3742.432513,offer,2026-10-04T23:47:01.730610+00:00
e97115b9-ba4e-45ce-bc3a-ab8d127ebf2d,fUST,0.00025613,2,2,1857.22424795,offer,2026-10-04T23:47:01.730610+00:00
e97115b9-ba4e-45ce-bc3a-ab8d127ebf2d,fUST,0.00025880643835616434,2,3,1180.16518203,offer,2026-10-04T23:47:01.730610+00:00
e97115b9-ba4e-45ce-bc3a-ab8d127ebf2d,fUST,0.00025881643835616434,2,3,1584.96969804,offer,2026-10-04T23:47:01.730610+00:00
e97115b9-ba4e-45ce-bc3a-ab8d127ebf2d,fUST,0.00026,2,2,629.0,offer,2026-10-04T23:47:01.730610+00:00
e97115b9-ba4e-45ce-bc3a-ab8d127ebf2d,fUST,0.00026324,2,1,164.51277882,offer,2026-10-04T23:47:01.730610+00:00
e97115b9-ba4e-45ce-bc3a-ab8d127ebf2d,fUST,0.00026542465753424656,8,1,250.0,offer,2026-10-04T23:47:01.730610+00:00
e97115b9-ba4e-45ce-bc3a-ab8d127ebf2d,fUST,0.00026606,2,1,189.0,offer,2026-10-04T23:47:01.730610+00:00
e97115b9-ba4e-45ce-bc3a-ab8d127ebf2d,fUST,0.00026645680778047964,2,1,802.87962689,offer,2026-10-04T23:47:01.730610+00:00
