run_id,market,rate,period,count,amount,side,fetched_at
901b5440-acc2-423e-8a23-ed7bd8bbcb70,fUSD,0.000273972602739726,120,1,-3066650.84720978,demand,2026-09-20T00:47:00.842558+00:00
901b5440-acc2-423e-8a23-ed7bd8bbcb70,fUSD,0.00022,30,1,-30100.0,demand,2026-09-20T00:47:00.842558+00:00
901b5440-acc2-423e-8a23-ed7bd8bbcb70,fUSD,0.00021,30,1,-30000.0,demand,2026-09-20T00:47:00.842558+00:00
901b5440-acc2-423e-8a23-ed7bd8bbcb70,fUSD,0.000209,30,1,-6289.12258117,demand,2026-09-20T00:47:00.842558+00:00
901b5440-acc2-423e-8a23-ed7bd8bbcb70,fUSD,0.0002,7,1,-150.0,demand,2026-09-20T00:47:00.842558+00:00
901b5440-acc2-423e-8a23-ed7bd8bbcb70,fUSD,0.0001712,120,1,-20000.0,demand,2026-09-20T00:47:00.842558+00:00
901b5440-acc2-423e-8a23-ed7bd8bbcb70,fUSD,0.00017111,120,1,-2000000.0,demand,2026-09-20T00:47:00.842558+00:00
901b5440-acc2-423e-8a23-ed7bd8bbcb70,fUSD,0.000161,120,1,-100000.0,demand,2026-09-20T00:47:00.842558+00:00
901b5440-acc2-423e-8a23-ed7bd8bbcb70,fUSD,0.0001603,120,1,-20000.0,demand,2026-09-20T00:47:00.842558+00:00
901b5440-acc2-423e-8a23-ed7bd8bbcb70,fUSD,0.0001601,30,1,-13649.78653035,demand,2026-09-20T00:47:00.842558+00:00
901b5440-acc2-423e-8a23-ed7bd8bbcb70,fUSD,0.00016,120,2,-10009162.66122322,demand,2026-09-20T00:47:00.842558+00:00
901b5440-acc2-423e-8a23-ed7bd8bbcb70,fUSD,0.0001503,90,1,-20000.0,demand,2026-09-20T00:47:00.842558+00:00
901b5440-acc2-423e-8a23-ed7bd8bbcb70,fUSD,0.00015,2,1,-10000.0,demand,2026-09-20T00:47:00.842558+00:00
901b5440-acc2-423e-8a23-ed7bd8bbcb70,fUSD,0.00015,29,1,-150000.0,demand,2026-09-20T00:47:00.842558+00:00
901b5440-acc2-423e-8a23-ed7bd8bbcb70,fUSD,0.00015,7,1,-7816.72236591,demand,2026-09-20T00:47:00.842558+00:00
901b5440-acc2-423e-8a23-ed7bd8bbcb70,fUSD,0.000145,7,1,-190.0,demand,2026-09-20T00:47:00.842558+00:00
901b5440-acc2-423e-8a23-ed7bd8bbcb70,fUSD,0.00014252,120,1,-10770.76644364,demand,2026-09-20T00:47:00.842558+00:00
901b5440-acc2-423e-8a23-ed7bd8bbcb70,fUSD,0.0001403,90,1,-20000.0,demand,2026-09-20T00:47:00.842558+00:00
901b5440-acc2-423e-8a23-ed7bd8bbcb70,fUSD,0.00014001,2,1,-183049.99165082,demand,2026-09-20T00:47:00.842558+00:00
901b5440-acc2-423e-8a23-ed7bd8bbcb70,fUSD,0.00013299999999999998,20,1,-4018.00283321,demand,2026-09-20T00:47:00.842558+00:00
901b5440-acc2-423e-8a23-ed7bd8bbcb70,fUSD,0.000131,13,1,-7000.0,demand,2026-09-20T00:47:00.842558+00:00
901b5440-acc2-423e-8a23-ed7bd8bbcb70,fUSD,0.0001296902,2,1,-600000.0,demand,2026-09-20T00:47:00.842558+00:00
901b5440-acc2-423e-8a23-ed7bd8bbcb70,fUSD,0.00012969,2,1,-2000000.0,demand,2026-09-20T00:47:00.842558+00:00
901b5440-acc2-423e-8a23-ed7bd8bbcb70,fUSD,0.00012757,120,1,-100000.0,demand,2026-09-20T00:47:00.842558+00:00
901b5440-acc2-423e-8a23-ed7bd8bbcb70,fUSD,0.0001221,120,1,-12587.13,demand,2026-09-20T00:47:00.842558+00:00
901b5440-acc2-423e-8a23-ed7bd8bbcb70,fUSD,0.00026085,30,1,159.54,offer,2026-09-20T00:47:00.842558+00:00
901b5440-acc2-423e-8a23-ed7bd8bbcb70,fUSD,0.0002611,2,1,158.93,offer,2026-09-20T00:47:00.842558+00:00
901b5440-acc2-423e-8a23-ed7bd8bbcb70,fUSD,0.00026118,2,1,158.93,offer,2026-09-20T00:47:00.842558+00:00
901b5440-acc2-423e-8a23-ed7bd8bbcb70,fUSD,0.0002623332,2,1,2134.54,offer,2026-09-20T00:47:00.842558+00:00
901b5440-acc2-423e-8a23-ed7bd8bbcb70,fUSD,0.00026334246575342467,7,2,300.0,offer,2026-09-20T00:47:00.842558+00:00
901b5440-acc2-423e-8a23-ed7bd8bbcb70,fUSD,0.0002633517,2,1,199.3269377,offer,2026-09-20T00:47:00.842558+00:00
901b5440-acc2-423e-8a23-ed7bd8bbcb70,fUSD,0.0002633617,2,1,2538.82,offer,2026-09-20T00:47:00.842558+00:00
901b5440-acc2-423e-8a23-ed7bd8bbcb70,fUSD,0.00026399,7,1,1240.58,offer,2026-09-20T00:47:00.842558+00:00
901b5440-acc2-423e-8a23-ed7bd8bbcb70,fUSD,0.0002647283,2,1,1027.33,offer,2026-09-20T00:47:00.842558+00:00
901b5440-acc2-423e-8a23-ed7bd8bbcb70,fUSD,0.00026584,2,1,177.61845205,offer,2026-09-20T00:47:00.842558+00:00
901b5440-acc2-423e-8a23-ed7bd8bbcb70,fUSD,0.00026753,7,1,158.93,offer,2026-09-20T00:47:00.842558+00:00
901b5440-acc2-423e-8a23-ed7bd8bbcb70,fUSD,0.00026757,7,1,158.93,offer,2026-09-20T00:47:00.842558+00:00
901b5440-acc2-423e-8a23-ed7bd8bbcb70,fUSD,0.00026921,7,1,1237.67,offer,2026-09-20T00:47:00.842558+00:00
901b5440-acc2-423e-8a23-ed7bd8bbcb70,fUSD,0.00026949,2,1,3528.0,offer,2026-09-20T00:47:00.842558+00:00
901b5440-acc2-423e-8a23-ed7bd8bbcb70,fUSD,0.0002706575342465753,30,1,150.0,offer,2026-09-20T00:47:00.842558+00:00
901b5440-acc2-423e-8a23-ed7bd8bbcb70,fUSD,0.00027125,2,1,234.0,offer,2026-09-20T00:47:00.842558+00:00
901b5440-acc2-423e-8a23-ed7bd8bbcb70,fUSD,0.0002728700033495747,14,1,1655.53,offer,2026-09-20T00:47:00.842558+00:00
901b5440-acc2-423e-8a23-ed7bd8bbcb70,fUSD,0.0002729,2,1,177.61845205,offer,2026-09-20T00:47:00.842558+00:00
901b5440-acc2-423e-8a23-ed7bd8bbcb70,fUSD,0.00027335,2,3,1300.0,offer,2026-09-20T00:47:00.842558+00:00
901b5440-acc2-423e-8a23-ed7bd8bbcb70,fUSD,0.00027336,2,4,36924.76234641,offer,2026-09-20T00:47:00.842558+00:00
901b5440-acc2-423e-8a23-ed7bd8bbcb70,fUSD,0.00027336,3,1,158.0,offer,2026-09-20T00:47:00.842558+00:00
901b5440-acc2-423e-8a23-ed7bd8bbcb70,fUSD,0.0002734,21,1,157.0,offer,2026-09-20T00:47:00.842558+00:00
901b5440-acc2-423e-8a23-ed7bd8bbcb70,fUSD,0.0002734,20,1,157.0,offer,2026-09-20T00:47:00.842558+00:00
901b5440-acc2-423e-8a23-ed7bd8bbcb70,fUSD,0.00027373556006,2,15,4987.65555212,offer,2026-09-20T00:47:00.842558+00:00
901b5440-acc2-423e-8a23-ed7bd8bbcb70,fUSD,0.00027374598399999996,2,1,340.81987562,offer,2026-09-20T00:47:00.842558+00:00
b51b0508-809e-4faf-aa90-9ad30beebfe2,fUSD,0.000273972602739726,120,1,-3044325.43376717,demand,2026-09-20T01:47:00.818733+00:00
b51b0508-809e-4faf-aa90-9ad30beebfe2,fUSD,0.00022,30,1,-30100.0,demand,2026-09-20T01:47:00.818733+00:00
b51b0508-809e-4faf-aa90-9ad30beebfe2,fUSD,0.00021,30,1,-30000.0,demand,2026-09-20T01:47:00.818733+00:00
b51b0508-809e-4faf-aa90-9ad30beebfe2,fUSD,0.000209,30,1,-6289.12258117,demand,2026-09-20T01:47:00.818733+00:00
b51b0508-809e-4faf-aa90-9ad30beebfe2,fUSD,0.0002,7,1,-150.0,demand,2026-09-20T01:47:00.818733+00:00
b51b0508-809e-4faf-aa90-9ad30beebfe2,fUSD,0.0001712,120,1,-20000.0,demand,2026-09-20T01:47:00.818733+00:00
b51b0508-809e-4faf-aa90-9ad30beebfe2,fUSD,0.00017111,120,1,-2000000.0,demand,2026-09-20T01:47:00.818733+00:00
b51b0508-809e-4faf-aa90-9ad30beebfe2,fUSD,0.000161,120,1,-100000.0,demand,2026-09-20T01:47:00.818733+00:00
b51b0508-809e-4faf-aa90-9ad30beebfe2,fUSD,0.0001603,120,1,-20000.0,demand,2026-09-20T01:47:00.818733+00:00
b51b0508-809e-4faf-aa90-9ad30beebfe2,fUSD,0.0001601,30,1,-13479.60653035,demand,2026-09-20T01:47:00.818733+00:00
b51b0508-809e-4faf-aa90-9ad30beebfe2,fUSD,0.00016,120,2,-10009162.66122322,demand,2026-09-20T01:47:00.818733+00:00
b51b0508-809e-4faf-aa90-9ad30beebfe2,fUSD,0.0001503,90,1,-20000.0,demand,2026-09-20T01:47:00.818733+00:00
b51b0508-809e-4faf-aa90-9ad30beebfe2,fUSD,0.00015,2,1,-10000.0,demand,2026-09-20T01:47:00.818733+00:00
b51b0508-809e-4faf-aa90-9ad30beebfe2,fUSD,0.00015,29,1,-150000.0,demand,2026-09-20T01:47:00.818733+00:00
b51b0508-809e-4faf-aa90-9ad30beebfe2,fUSD,0.00015,7,1,-7816.72236591,demand,2026-09-20T01:47:00.818733+00:00
b51b0508-809e-4faf-aa90-9ad30beebfe2,fUSD,0.000145,7,1,-190.0,demand,2026-09-20T01:47:00.818733+00:00
b51b0508-809e-4faf-aa90-9ad30beebfe2,fUSD,0.00014252,120,1,-10770.76644364,demand,2026-09-20T01:47:00.818733+00:00
b51b0508-809e-4faf-aa90-9ad30beebfe2,fUSD,0.0001403,90,1,-20000.0,demand,2026-09-20T01:47:00.818733+00:00
b51b0508-809e-4faf-aa90-9ad30beebfe2,fUSD,0.00014001,2,1,-183049.99165082,demand,2026-09-20T01:47:00.818733+00:00
b51b0508-809e-4faf-aa90-9ad30beebfe2,fUSD,0.00013299999999999998,20,1,-4018.00283321,demand,2026-09-20T01:47:00.818733+00:00
b51b0508-809e-4faf-aa90-9ad30beebfe2,fUSD,0.000131,13,1,-7000.0,demand,2026-09-20T01:47:00.818733+00:00
b51b0508-809e-4faf-aa90-9ad30beebfe2,fUSD,0.0001296902,2,1,-600000.0,demand,2026-09-20T01:47:00.818733+00:00
b51b0508-809e-4faf-aa90-9ad30beebfe2,fUSD,0.00012969,2,1,-2000000.0,demand,2026-09-20T01:47:00.818733+00:00
b51b0508-809e-4faf-aa90-9ad30beebfe2,fUSD,0.00012757,120,1,-100000.0,demand,2026-09-20T01:47:00.818733+00:00
b51b0508-809e-4faf-aa90-9ad30beebfe2,fUSD,0.0001221,120,1,-12587.13,demand,2026-09-20T01:47:00.818733+00:00
b51b0508-809e-4faf-aa90-9ad30beebfe2,fUSD,0.0002692865,2,1,378.7,offer,2026-09-20T01:47:00.818733+00:00
b51b0508-809e-4faf-aa90-9ad30beebfe2,fUSD,0.00027,2,1,414.1,offer,2026-09-20T01:47:00.818733+00:00
b51b0508-809e-4faf-aa90-9ad30beebfe2,fUSD,0.0002700919301369863,2,1,225.92,offer,2026-09-20T01:47:00.818733+00:00
b51b0508-809e-4faf-aa90-9ad30beebfe2,fUSD,0.0002701498442622951,2,4,1453.74489793,offer,2026-09-20T01:47:00.818733+00:00
b51b0508-809e-4faf-aa90-9ad30beebfe2,fUSD,0.00027015890410958906,7,1,506.49369241,offer,2026-09-20T01:47:00.818733+00:00
b51b0508-809e-4faf-aa90-9ad30beebfe2,fUSD,0.00027015904109589043,7,1,151.0,offer,2026-09-20T01:47:00.818733+00:00
b51b0508-809e-4faf-aa90-9ad30beebfe2,fUSD,0.0002701780821917808,2,1,673.7663322,offer,2026-09-20T01:47:00.818733+00:00
b51b0508-809e-4faf-aa90-9ad30beebfe2,fUSD,0.00027018,2,3,1513.23608398,offer,2026-09-20T01:47:00.818733+00:00
b51b0508-809e-4faf-aa90-9ad30beebfe2,fUSD,0.00027019,2,25,345348.59666909,offer,2026-09-20T01:47:00.818733+00:00
b51b0508-809e-4faf-aa90-9ad30beebfe2,fUSD,0.00027019,3,1,190.65452022,offer,2026-09-20T01:47:00.818733+00:00
b51b0508-809e-4faf-aa90-9ad30beebfe2,fUSD,0.00027019,7,1,177.51967587,offer,2026-09-20T01:47:00.818733+00:00
b51b0508-809e-4faf-aa90-9ad30beebfe2,fUSD,0.00027026,2,1,165.23,offer,2026-09-20T01:47:00.818733+00:00
b51b0508-809e-4faf-aa90-9ad30beebfe2,fUSD,0.00027067,2,1,150.47,offer,2026-09-20T01:47:00.818733+00:00
b51b0508-809e-4faf-aa90-9ad30beebfe2,fUSD,0.00027093,2,1,335.1,offer,2026-09-20T01:47:00.818733+00:00
b51b0508-809e-4faf-aa90-9ad30beebfe2,fUSD,0.000271545,3,1,155.0,offer,2026-09-20T01:47:00.818733+00:00
b51b0508-809e-4faf-aa90-9ad30beebfe2,fUSD,0.00027159468493150686,2,2,5000.0,offer,2026-09-20T01:47:00.818733+00:00
b51b0508-809e-4faf-aa90-9ad30beebfe2,fUSD,0.00027166,2,1,548.0,offer,2026-09-20T01:47:00.818733+00:00
b51b0508-809e-4faf-aa90-9ad30beebfe2,fUSD,0.00027183,2,1,165.23,offer,2026-09-20T01:47:00.818733+00:00
b51b0508-809e-4faf-aa90-9ad30beebfe2,fUSD,0.00027185,7,2,1000.0,offer,2026-09-20T01:47:00.818733+00:00
b51b0508-809e-4faf-aa90-9ad30beebfe2,fUSD,0.00027198694333825554,2,1,218.75,offer,2026-09-20T01:47:00.818733+00:00
b51b0508-809e-4faf-aa90-9ad30beebfe2,fUSD,0.000272,2,3,4134.21985486,offer,2026-09-20T01:47:00.818733+00:00
b51b0508-809e-4faf-aa90-9ad30beebfe2,fUSD,0.0002720456,2,2,12476.636982,offer,2026-09-20T01:47:00.818733+00:00
b51b0508-809e-4faf-aa90-9ad30beebfe2,fUSD,0.00027223,2,1,150.47,offer,2026-09-20T01:47:00.818733+00:00
b51b0508-809e-4faf-aa90-9ad30beebfe2,fUSD,0.0002723,2,1,414.1,offer,2026-09-20T01:47:00.818733+00:00
b51b0508-809e-4faf-aa90-9ad30beebfe2,fUSD,0.00027299999999999997,20,1,8777.0,offer,2026-09-20T01:47:00.818733+00:00
8c2fecd1-54fa-4ceb-b862-522b840e6039,fUSD,0.000273972602739726,120,1,-3037562.49539154,demand,2026-09-20T02:47:00.847416+00:00
8c2fecd1-54fa-4ceb-b862-522b840e6039,fUSD,0.00022,30,1,-30100.0,demand,2026-09-20T02:47:00.847416+00:00
8c2fecd1-54fa-4ceb-b862-522b840e6039,fUSD,0.00021,30,1,-30000.0,demand,2026-09-20T02:47:00.847416+00:00
8c2fecd1-54fa-4ceb-b862-522b840e6039,fUSD,0.000209,30,1,-6289.12258117,demand,2026-09-20T02:47:00.847416+00:00
8c2fecd1-54fa-4ceb-b862-522b840e6039,fUSD,0.0002,7,1,-150.0,demand,2026-09-20T02:47:00.847416+00:00
8c2fecd1-54fa-4ceb-b862-522b840e6039,fUSD,0.0001712,120,1,-20000.0,demand,2026-09-20T02:47:00.847416+00:00
8c2fecd1-54fa-4ceb-b862-522b840e6039,fUSD,0.00017111,120,1,-2000000.0,demand,2026-09-20T02:47:00.847416+00:00
8c2fecd1-54fa-4ceb-b862-522b840e6039,fUSD,0.000161,120,1,-100000.0,demand,2026-09-20T02:47:00.847416+00:00
8c2fecd1-54fa-4ceb-b862-522b840e6039,fUSD,0.0001603,120,1,-20000.0,demand,2026-09-20T02:47:00.847416+00:00
8c2fecd1-54fa-4ceb-b862-522b840e6039,fUSD,0.0001601,30,1,-12531.35199579,demand,2026-09-20T02:47:00.847416+00:00
8c2fecd1-54fa-4ceb-b862-522b840e6039,fUSD,0.00016,120,2,-10009162.66122322,demand,2026-09-20T02:47:00.847416+00:00
8c2fecd1-54fa-4ceb-b862-522b840e6039,fUSD,0.0001575,2,1,-453.531769,demand,2026-09-20T02:47:00.847416+00:00
8c2fecd1-54fa-4ceb-b862-522b840e6039,fUSD,0.0001503,90,1,-20000.0,demand,2026-09-20T02:47:00.847416+00:00
8c2fecd1-54fa-4ceb-b862-522b840e6039,fUSD,0.00015,2,1,-10000.0,demand,2026-09-20T02:47:00.847416+00:00
8c2fecd1-54fa-4ceb-b862-522b840e6039,fUSD,0.00015,29,1,-150000.0,demand,2026-09-20T02:47:00.847416+00:00
8c2fecd1-54fa-4ceb-b862-522b840e6039,fUSD,0.00015,7,1,-7816.72236591,demand,2026-09-20T02:47:00.847416+00:00
8c2fecd1-54fa-4ceb-b862-522b840e6039,fUSD,0.000145,7,1,-190.0,demand,2026-09-20T02:47:00.847416+00:00
8c2fecd1-54fa-4ceb-b862-522b840e6039,fUSD,0.00014252,120,1,-10770.76644364,demand,2026-09-20T02:47:00.847416+00:00
8c2fecd1-54fa-4ceb-b862-522b840e6039,fUSD,0.0001403,90,1,-20000.0,demand,2026-09-20T02:47:00.847416+00:00
8c2fecd1-54fa-4ceb-b862-522b840e6039,fUSD,0.00014001,2,1,-183049.99165082,demand,2026-09-20T02:47:00.847416+00:00
8c2fecd1-54fa-4ceb-b862-522b840e6039,fUSD,0.00013299999999999998,20,1,-4018.00283321,demand,2026-09-20T02:47:00.847416+00:00
8c2fecd1-54fa-4ceb-b862-522b840e6039,fUSD,0.000131,13,1,-7000.0,demand,2026-09-20T02:47:00.847416+00:00
8c2fecd1-54fa-4ceb-b862-522b840e6039,fUSD,0.0001296902,2,1,-600000.0,demand,2026-09-20T02:47:00.847416+00:00
8c2fecd1-54fa-4ceb-b862-522b840e6039,fUSD,0.00012969,2,1,-2000000.0,demand,2026-09-20T02:47:00.847416+00:00
8c2fecd1-54fa-4ceb-b862-522b840e6039,fUSD,0.00012757,120,1,-100000.0,demand,2026-09-20T02:47:00.847416+00:00
8c2fecd1-54fa-4ceb-b862-522b840e6039,fUSD,0.00026828225484016476,2,3,480.0,offer,2026-09-20T02:47:00.847416+00:00
8c2fecd1-54fa-4ceb-b862-522b840e6039,fUSD,0.00026847,2,1,400.93,offer,2026-09-20T02:47:00.847416+00:00
8c2fecd1-54fa-4ceb-b862-522b840e6039,fUSD,0.0002684923983086385,2,1,2522.09305355,offer,2026-09-20T02:47:00.847416+00:00
8c2fecd1-54fa-4ceb-b862-522b840e6039,fUSD,0.00026871,2,1,153.06,offer,2026-09-20T02:47:00.847416+00:00
8c2fecd1-54fa-4ceb-b862-522b840e6039,fUSD,0.00026895303291864686,2,1,2522.09305355,offer,2026-09-20T02:47:00.847416+00:00
8c2fecd1-54fa-4ceb-b862-522b840e6039,fUSD,0.00026935,2,1,400.93,offer,2026-09-20T02:47:00.847416+00:00
8c2fecd1-54fa-4ceb-b862-522b840e6039,fUSD,0.00026941366752865527,2,1,2522.09305355,offer,2026-09-20T02:47:00.847416+00:00
8c2fecd1-54fa-4ceb-b862-522b840e6039,fUSD,0.00026987430213866367,2,1,2522.09305355,offer,2026-09-20T02:47:00.847416+00:00
8c2fecd1-54fa-4ceb-b862-522b840e6039,fUSD,0.00027022,2,1,400.93,offer,2026-09-20T02:47:00.847416+00:00
8c2fecd1-54fa-4ceb-b862-522b840e6039,fUSD,0.00027033493674867207,2,1,2522.09305355,offer,2026-09-20T02:47:00.847416+00:00
8c2fecd1-54fa-4ceb-b862-522b840e6039,fUSD,0.0002707955713586804,2,1,2522.09305355,offer,2026-09-20T02:47:00.847416+00:00
8c2fecd1-54fa-4ceb-b862-522b840e6039,fUSD,0.000271,2,4,7335.57840739,offer,2026-09-20T02:47:00.847416+00:00
8c2fecd1-54fa-4ceb-b862-522b840e6039,fUSD,0.0002711,2,1,400.93,offer,2026-09-20T02:47:00.847416+00:00
8c2fecd1-54fa-4ceb-b862-522b840e6039,fUSD,0.0002712562059686888,7,2,2893.79833226,offer,2026-09-20T02:47:00.847416+00:00
8c2fecd1-54fa-4ceb-b862-522b840e6039,fUSD,0.00027155,7,1,153.06,offer,2026-09-20T02:47:00.847416+00:00
8c2fecd1-54fa-4ceb-b862-522b840e6039,fUSD,0.0002717168405786972,7,1,2522.09305355,offer,2026-09-20T02:47:00.847416+00:00
8c2fecd1-54fa-4ceb-b862-522b840e6039,fUSD,0.00027197,2,1,400.93,offer,2026-09-20T02:47:00.847416+00:00
8c2fecd1-54fa-4ceb-b862-522b840e6039,fUSD,0.000272117554,6,3,737.2858669,offer,2026-09-20T02:47:00.847416+00:00
8c2fecd1-54fa-4ceb-b862-522b840e6039,fUSD,0.00027217747518870557,7,1,2522.09305355,offer,2026-09-20T02:47:00.847416+00:00
8c2fecd1-54fa-4ceb-b862-522b840e6039,fUSD,0.00027263810979871397,7,1,2522.09305355,offer,2026-09-20T02:47:00.847416+00:00
8c2fecd1-54fa-4ceb-b862-522b840e6039,fUSD,0.00027284,2,1,400.93,offer,2026-09-20T02:47:00.847416+00:00
8c2fecd1-54fa-4ceb-b862-522b840e6039,fUSD,0.00027302,2,1,11479.06491336,offer,2026-09-20T02:47:00.847416+00:00
8c2fecd1-54fa-4ceb-b862-522b840e6039,fUSD,0.0002730987444087224,7,1,2522.09305355,offer,2026-09-20T02:47:00.847416+00:00
8c2fecd1-54fa-4ceb-b862-522b840e6039,fUSD,0.0002735593790187308,7,1,2522.09305355,offer,2026-09-20T02:47:00.847416+00:00
8c2fecd1-54fa-4ceb-b862-522b840e6039,fUSD,0.00027372,2,1,400.93,offer,2026-09-20T02:47:00.847416+00:00
493ea2db-d5b1-4e06-b817-5de3c40c395a,fUSD,0.000273972602739726,120,1,-3007100.13770969,demand,2026-09-20T03:47:00.851906+00:00
493ea2db-d5b1-4e06-b817-5de3c40c395a,fUSD,0.00022,30,1,-30100.0,demand,2026-09-20T03:47:00.851906+00:00
493ea2db-d5b1-4e06-b817-5de3c40c395a,fUSD,0.00021,30,1,-30000.0,demand,2026-09-20T03:47:00.851906+00:00
493ea2db-d5b1-4e06-b817-5de3c40c395a,fUSD,0.000209,30,1,-6289.12258117,demand,2026-09-20T03:47:00.851906+00:00
493ea2db-d5b1-4e06-b817-5de3c40c395a,fUSD,0.0002,7,1,-150.0,demand,2026-09-20T03:47:00.851906+00:00
493ea2db-d5b1-4e06-b817-5de3c40c395a,fUSD,0.0001712,120,1,-20000.0,demand,2026-09-20T03:47:00.851906+00:00
493ea2db-d5b1-4e06-b817-5de3c40c395a,fUSD,0.00017111,120,1,-2000000.0,demand,2026-09-20T03:47:00.851906+00:00
493ea2db-d5b1-4e06-b817-5de3c40c395a,fUSD,0.000161,120,1,-100000.0,demand,2026-09-20T03:47:00.851906+00:00
493ea2db-d5b1-4e06-b817-5de3c40c395a,fUSD,0.0001603,120,1,-20000.0,demand,2026-09-20T03:47:00.851906+00:00
493ea2db-d5b1-4e06-b817-5de3c40c395a,fUSD,0.0001601,30,1,-12531.35199579,demand,2026-09-20T03:47:00.851906+00:00
493ea2db-d5b1-4e06-b817-5de3c40c395a,fUSD,0.00016,120,2,-10009162.66122322,demand,2026-09-20T03:47:00.851906+00:00
493ea2db-d5b1-4e06-b817-5de3c40c395a,fUSD,0.0001575,2,1,-453.531852,demand,2026-09-20T03:47:00.851906+00:00
493ea2db-d5b1-4e06-b817-5de3c40c395a,fUSD,0.0001503,90,1,-20000.0,demand,2026-09-20T03:47:00.851906+00:00
493ea2db-d5b1-4e06-b817-5de3c40c395a,fUSD,0.00015,2,1,-10000.0,demand,2026-09-20T03:47:00.851906+00:00
493ea2db-d5b1-4e06-b817-5de3c40c395a,fUSD,0.00015,29,1,-150000.0,demand,2026-09-20T03:47:00.851906+00:00
493ea2db-d5b1-4e06-b817-5de3c40c395a,fUSD,0.00015,7,1,-7816.72236591,demand,2026-09-20T03:47:00.851906+00:00
493ea2db-d5b1-4e06-b817-5de3c40c395a,fUSD,0.000145,7,1,-190.0,demand,2026-09-20T03:47:00.851906+00:00
493ea2db-d5b1-4e06-b817-5de3c40c395a,fUSD,0.00014252,120,1,-10770.76644364,demand,2026-09-20T03:47:00.851906+00:00
493ea2db-d5b1-4e06-b817-5de3c40c395a,fUSD,0.0001403,90,1,-20000.0,demand,2026-09-20T03:47:00.851906+00:00
493ea2db-d5b1-4e06-b817-5de3c40c395a,fUSD,0.00014001,2,1,-181003.50972728,demand,2026-09-20T03:47:00.851906+00:00
493ea2db-d5b1-4e06-b817-5de3c40c395a,fUSD,0.00013299999999999998,20,1,-4018.00283321,demand,2026-09-20T03:47:00.851906+00:00
493ea2db-d5b1-4e06-b817-5de3c40c395a,fUSD,0.000131,13,1,-7000.0,demand,2026-09-20T03:47:00.851906+00:00
493ea2db-d5b1-4e06-b817-5de3c40c395a,fUSD,0.0001296902,2,1,-600000.0,demand,2026-09-20T03:47:00.851906+00:00
493ea2db-d5b1-4e06-b817-5de3c40c395a,fUSD,0.00012969,2,1,-2000000.0,demand,2026-09-20T03:47:00.851906+00:00
493ea2db-d5b1-4e06-b817-5de3c40c395a,fUSD,0.00012757,120,1,-100000.0,demand,2026-09-20T03:47:00.851906+00:00
493ea2db-d5b1-4e06-b817-5de3c40c395a,fUSD,0.0002759,4,1,5000.0,offer,2026-09-20T03:47:00.851906+00:00
493ea2db-d5b1-4e06-b817-5de3c40c395a,fUSD,0.00027599,2,1,500.0,offer,2026-09-20T03:47:00.851906+00:00
493ea2db-d5b1-4e06-b817-5de3c40c395a,fUSD,0.000276,2,11,119408.81794533,offer,2026-09-20T03:47:00.851906+00:00
493ea2db-d5b1-4e06-b817-5de3c40c395a,fUSD,0.000276,7,1,5000.0,offer,2026-09-20T03:47:00.851906+00:00
493ea2db-d5b1-4e06-b817-5de3c40c395a,fUSD,0.000276,21,1,507.39912905,offer,2026-09-20T03:47:00.851906+00:00
493ea2db-d5b1-4e06-b817-5de3c40c395a,fUSD,0.00027608,2,1,1731.37220125,offer,2026-09-20T03:47:00.851906+00:00
493ea2db-d5b1-4e06-b817-5de3c40c395a,fUSD,0.00027626,2,3,511.84048066,offer,2026-09-20T03:47:00.851906+00:00
493ea2db-d5b1-4e06-b817-5de3c40c395a,fUSD,0.00027629,2,1,1064.13,offer,2026-09-20T03:47:00.851906+00:00
493ea2db-d5b1-4e06-b817-5de3c40c395a,fUSD,0.00027638439999999994,2,1,7022.44712155,offer,2026-09-20T03:47:00.851906+00:00
493ea2db-d5b1-4e06-b817-5de3c40c395a,fUSD,0.00027649,2,2,35488.95,offer,2026-09-20T03:47:00.851906+00:00
493ea2db-d5b1-4e06-b817-5de3c40c395a,fUSD,0.00027673,60,1,460.33,offer,2026-09-20T03:47:00.851906+00:00
493ea2db-d5b1-4e06-b817-5de3c40c395a,fUSD,0.0002768667,2,1,5516.51353339,offer,2026-09-20T03:47:00.851906+00:00
493ea2db-d5b1-4e06-b817-5de3c40c395a,fUSD,0.0002769,2,1,314.61,offer,2026-09-20T03:47:00.851906+00:00
493ea2db-d5b1-4e06-b817-5de3c40c395a,fUSD,0.00027691336117159117,5,1,580.5077179,offer,2026-09-20T03:47:00.851906+00:00
493ea2db-d5b1-4e06-b817-5de3c40c395a,fUSD,0.00027694,2,1,2964.0,offer,2026-09-20T03:47:00.851906+00:00
493ea2db-d5b1-4e06-b817-5de3c40c395a,fUSD,0.000277,2,1,439.61,offer,2026-09-20T03:47:00.851906+00:00
493ea2db-d5b1-4e06-b817-5de3c40c395a,fUSD,0.00027701086752005146,120,1,500.256959,offer,2026-09-20T03:47:00.851906+00:00
493ea2db-d5b1-4e06-b817-5de3c40c395a,fUSD,0.00027721,2,1,158.48,offer,2026-09-20T03:47:00.851906+00:00
493ea2db-d5b1-4e06-b817-5de3c40c395a,fUSD,0.00027750959363183764,5,1,1013.0,offer,2026-09-20T03:47:00.851906+00:00
493ea2db-d5b1-4e06-b817-5de3c40c395a,fUSD,0.00027751101707711986,5,1,1030.0,offer,2026-09-20T03:47:00.851906+00:00
493ea2db-d5b1-4e06-b817-5de3c40c395a,fUSD,0.00027751225189861654,5,1,1035.0,offer,2026-09-20T03:47:00.851906+00:00
493ea2db-d5b1-4e06-b817-5de3c40c395a,fUSD,0.00027755,60,1,460.33,offer,2026-09-20T03:47:00.851906+00:00
493ea2db-d5b1-4e06-b817-5de3c40c395a,fUSD,0.0002776236473672297,5,1,1014.0,offer,2026-09-20T03:47:00.851906+00:00
493ea2db-d5b1-4e06-b817-5de3c40c395a,fUSD,0.00027763,15,3,1606.58,offer,2026-09-20T03:47:00.851906+00:00
493ea2db-d5b1-4e06-b817-5de3c40c395a,fUSD,0.000277658851,2,1,166.2,offer,2026-09-20T03:47:00.851906+00:00
03b120cf-26a0-4f5b-9157-ae2a6e9ac86a,fUSD,0.000273972602739726,120,1,-2890681.32770969,demand,2026-09-20T04:47:00.936064+00:00
03b120cf-26a0-4f5b-9157-ae2a6e9ac86a,fUSD,0.00022,30,1,-30100.0,demand,2026-09-20T04:47:00.936064+00:00
03b120cf-26a0-4f5b-9157-ae2a6e9ac86a,fUSD,0.00021,30,1,-30000.0,demand,2026-09-20T04:47:00.936064+00:00
03b120cf-26a0-4f5b-9157-ae2a6e9ac86a,fUSD,0.000209,30,1,-6289.12258117,demand,2026-09-20T04:47:00.936064+00:00
03b120cf-26a0-4f5b-9157-ae2a6e9ac86a,fUSD,0.0002,7,1,-150.0,demand,2026-09-20T04:47:00.936064+00:00
03b120cf-26a0-4f5b-9157-ae2a6e9ac86a,fUSD,0.0001712,120,1,-20000.0,demand,2026-09-20T04:47:00.936064+00:00
03b120cf-26a0-4f5b-9157-ae2a6e9ac86a,fUSD,0.00017111,120,1,-2000000.0,demand,2026-09-20T04:47:00.936064+00:00
03b120cf-26a0-4f5b-9157-ae2a6e9ac86a,fUSD,0.000161,120,1,-100000.0,demand,2026-09-20T04:47:00.936064+00:00
03b120cf-26a0-4f5b-9157-ae2a6e9ac86a,fUSD,0.0001603,120,1,-20000.0,demand,2026-09-20T04:47:00.936064+00:00
03b120cf-26a0-4f5b-9157-ae2a6e9ac86a,fUSD,0.0001601,30,1,-12531.35199579,demand,2026-09-20T04:47:00.936064+00:00
03b120cf-26a0-4f5b-9157-ae2a6e9ac86a,fUSD,0.00016,120,2,-10009162.66122322,demand,2026-09-20T04:47:00.936064+00:00
03b120cf-26a0-4f5b-9157-ae2a6e9ac86a,fUSD,0.0001503,90,1,-20000.0,demand,2026-09-20T04:47:00.936064+00:00
03b120cf-26a0-4f5b-9157-ae2a6e9ac86a,fUSD,0.00015,2,1,-10000.0,demand,2026-09-20T04:47:00.936064+00:00
03b120cf-26a0-4f5b-9157-ae2a6e9ac86a,fUSD,0.00015,29,1,-150000.0,demand,2026-09-20T04:47:00.936064+00:00
03b120cf-26a0-4f5b-9157-ae2a6e9ac86a,fUSD,0.00015,7,1,-7816.72236591,demand,2026-09-20T04:47:00.936064+00:00
03b120cf-26a0-4f5b-9157-ae2a6e9ac86a,fUSD,0.000145,7,1,-190.0,demand,2026-09-20T04:47:00.936064+00:00
03b120cf-26a0-4f5b-9157-ae2a6e9ac86a,fUSD,0.00014252,120,1,-10770.76644364,demand,2026-09-20T04:47:00.936064+00:00
03b120cf-26a0-4f5b-9157-ae2a6e9ac86a,fUSD,0.0001403,90,1,-20000.0,demand,2026-09-20T04:47:00.936064+00:00
03b120cf-26a0-4f5b-9157-ae2a6e9ac86a,fUSD,0.00014001,2,1,-180860.23919421,demand,2026-09-20T04:47:00.936064+00:00
03b120cf-26a0-4f5b-9157-ae2a6e9ac86a,fUSD,0.00013299999999999998,20,1,-4018.00283321,demand,2026-09-20T04:47:00.936064+00:00
03b120cf-26a0-4f5b-9157-ae2a6e9ac86a,fUSD,0.000131,13,1,-7000.0,demand,2026-09-20T04:47:00.936064+00:00
03b120cf-26a0-4f5b-9157-ae2a6e9ac86a,fUSD,0.0001296902,2,1,-600000.0,demand,2026-09-20T04:47:00.936064+00:00
03b120cf-26a0-4f5b-9157-ae2a6e9ac86a,fUSD,0.00012969,2,1,-2000000.0,demand,2026-09-20T04:47:00.936064+00:00
03b120cf-26a0-4f5b-9157-ae2a6e9ac86a,fUSD,0.00012757,120,1,-100000.0,demand,2026-09-20T04:47:00.936064+00:00
03b120cf-26a0-4f5b-9157-ae2a6e9ac86a,fUSD,0.0001221,120,1,-12587.13,demand,2026-09-20T04:47:00.936064+00:00
03b120cf-26a0-4f5b-9157-ae2a6e9ac86a,fUSD,0.00022,30,1,200.0,offer,2026-09-20T04:47:00.936064+00:00
03b120cf-26a0-4f5b-9157-ae2a6e9ac86a,fUSD,0.00026063013698630135,7,1,150.0,offer,2026-09-20T04:47:00.936064+00:00
03b120cf-26a0-4f5b-9157-ae2a6e9ac86a,fUSD,0.00026409,2,1,500.0,offer,2026-09-20T04:47:00.936064+00:00
03b120cf-26a0-4f5b-9157-ae2a6e9ac86a,fUSD,0.00026695,2,1,167.47,offer,2026-09-20T04:47:00.936064+00:00
03b120cf-26a0-4f5b-9157-ae2a6e9ac86a,fUSD,0.00027166,2,1,336.0,offer,2026-09-20T04:47:00.936064+00:00
03b120cf-26a0-4f5b-9157-ae2a6e9ac86a,fUSD,0.00027397,2,1,167.47,offer,2026-09-20T04:47:00.936064+00:00
03b120cf-26a0-4f5b-9157-ae2a6e9ac86a,fUSD,0.0002740056,120,1,155.69,offer,2026-09-20T04:47:00.936064+00:00
03b120cf-26a0-4f5b-9157-ae2a6e9ac86a,fUSD,0.00027629,2,1,346.62,offer,2026-09-20T04:47:00.936064+00:00
03b120cf-26a0-4f5b-9157-ae2a6e9ac86a,fUSD,0.0002766,7,1,500.0,offer,2026-09-20T04:47:00.936064+00:00
03b120cf-26a0-4f5b-9157-ae2a6e9ac86a,fUSD,0.00027809,30,1,346.62,offer,2026-09-20T04:47:00.936064+00:00
03b120cf-26a0-4f5b-9157-ae2a6e9ac86a,fUSD,0.00027872,2,1,836.0,offer,2026-09-20T04:47:00.936064+00:00
03b120cf-26a0-4f5b-9157-ae2a6e9ac86a,fUSD,0.00028,7,2,576.9617,offer,2026-09-20T04:47:00.936064+00:00
03b120cf-26a0-4f5b-9157-ae2a6e9ac86a,fUSD,0.00028,2,1,153.0,offer,2026-09-20T04:47:00.936064+00:00
03b120cf-26a0-4f5b-9157-ae2a6e9ac86a,fUSD,0.000281,2,1,167.48,offer,2026-09-20T04:47:00.936064+00:00
03b120cf-26a0-4f5b-9157-ae2a6e9ac86a,fUSD,0.000282,120,3,690.56426748,offer,2026-09-20T04:47:00.936064+00:00
03b120cf-26a0-4f5b-9157-ae2a6e9ac86a,fUSD,0.0002822,2,1,333.33334,offer,2026-09-20T04:47:00.936064+00:00
03b120cf-26a0-4f5b-9157-ae2a6e9ac86a,fUSD,0.00028236,7,1,151.0,offer,2026-09-20T04:47:00.936064+00:00
03b120cf-26a0-4f5b-9157-ae2a6e9ac86a,fUSD,0.00028253,2,1,505.0,offer,2026-09-20T04:47:00.936064+00:00
03b120cf-26a0-4f5b-9157-ae2a6e9ac86a,fUSD,0.000283,21,4,666.96236842,offer,2026-09-20T04:47:00.936064+00:00
03b120cf-26a0-4f5b-9157-ae2a6e9ac86a,fUSD,0.000283,2,1,2699.87442555,offer,2026-09-20T04:47:00.936064+00:00
03b120cf-26a0-4f5b-9157-ae2a6e9ac86a,fUSD,0.0002838,2,1,1026.29952792,offer,2026-09-20T04:47:00.936064+00:00
03b120cf-26a0-4f5b-9157-ae2a6e9ac86a,fUSD,0.000284,2,14,183884.69377578,offer,2026-09-20T04:47:00.936064+00:00
03b120cf-26a0-4f5b-9157-ae2a6e9ac86a,fUSD,0.000284,7,1,500.0,offer,2026-09-20T04:47:00.936064+00:00
03b120cf-26a0-4f5b-9157-ae2a6e9ac86a,fUSD,0.000284,10,1,390.0,offer,2026-09-20T04:47:00.936064+00:00
03b120cf-26a0-4f5b-9157-ae2a6e9ac86a,fUSD,0.0002840367,2,1,2699.87442548,offer,2026-09-20T04:47:00.936064+00:00
aef4746e-4493-4caf-8ea2-ca619424e16f,fUSD,0.000273972602739726,120,1,-2884365.42770969,demand,2026-09-20T05:47:00.896857+00:00
aef4746e-4493-4caf-8ea2-ca619424e16f,fUSD,0.00022,30,1,-30100.0,demand,2026-09-20T05:47:00.896857+00:00
aef4746e-4493-4caf-8ea2-ca619424e16f,fUSD,0.00021,30,1,-30000.0,demand,2026-09-20T05:47:00.896857+00:00
aef4746e-4493-4caf-8ea2-ca619424e16f,fUSD,0.000209,30,1,-6289.12258117,demand,2026-09-20T05:47:00.896857+00:00
aef4746e-4493-4caf-8ea2-ca619424e16f,fUSD,0.0002,7,1,-150.0,demand,2026-09-20T05:47:00.896857+00:00
aef4746e-4493-4caf-8ea2-ca619424e16f,fUSD,0.0001712,120,1,-20000.0,demand,2026-09-20T05:47:00.896857+00:00
aef4746e-4493-4caf-8ea2-ca619424e16f,fUSD,0.00017111,120,1,-2000000.0,demand,2026-09-20T05:47:00.896857+00:00
aef4746e-4493-4caf-8ea2-ca619424e16f,fUSD,0.000161,120,1,-100000.0,demand,2026-09-20T05:47:00.896857+00:00
aef4746e-4493-4caf-8ea2-ca619424e16f,fUSD,0.0001603,120,1,-20000.0,demand,2026-09-20T05:47:00.896857+00:00
aef4746e-4493-4caf-8ea2-ca619424e16f,fUSD,0.0001601,30,1,-12531.35199579,demand,2026-09-20T05:47:00.896857+00:00
aef4746e-4493-4caf-8ea2-ca619424e16f,fUSD,0.00016,120,2,-10009162.66122322,demand,2026-09-20T05:47:00.896857+00:00
aef4746e-4493-4caf-8ea2-ca619424e16f,fUSD,0.0001503,90,1,-20000.0,demand,2026-09-20T05:47:00.896857+00:00
aef4746e-4493-4caf-8ea2-ca619424e16f,fUSD,0.00015001,5,1,-20000.0,demand,2026-09-20T05:47:00.896857+00:00
aef4746e-4493-4caf-8ea2-ca619424e16f,fUSD,0.000150001,5,3,-60000.0,demand,2026-09-20T05:47:00.896857+00:00
aef4746e-4493-4caf-8ea2-ca619424e16f,fUSD,0.00015,2,1,-10000.0,demand,2026-09-20T05:47:00.896857+00:00
aef4746e-4493-4caf-8ea2-ca619424e16f,fUSD,0.00015,29,1,-150000.0,demand,2026-09-20T05:47:00.896857+00:00
aef4746e-4493-4caf-8ea2-ca619424e16f,fUSD,0.00015,7,1,-7816.72236591,demand,2026-09-20T05:47:00.896857+00:00
aef4746e-4493-4caf-8ea2-ca619424e16f,fUSD,0.000145,7,1,-190.0,demand,2026-09-20T05:47:00.896857+00:00
aef4746e-4493-4caf-8ea2-ca619424e16f,fUSD,0.00014252,120,1,-10770.76644364,demand,2026-09-20T05:47:00.896857+00:00
aef4746e-4493-4caf-8ea2-ca619424e16f,fUSD,0.0001403,90,1,-20000.0,demand,2026-09-20T05:47:00.896857+00:00
aef4746e-4493-4caf-8ea2-ca619424e16f,fUSD,0.00014001,2,1,-180860.23919421,demand,2026-09-20T05:47:00.896857+00:00
aef4746e-4493-4caf-8ea2-ca619424e16f,fUSD,0.00013299999999999998,20,1,-4018.00283321,demand,2026-09-20T05:47:00.896857+00:00
aef4746e-4493-4caf-8ea2-ca619424e16f,fUSD,0.000131,13,1,-7000.0,demand,2026-09-20T05:47:00.896857+00:00
aef4746e-4493-4caf-8ea2-ca619424e16f,fUSD,0.0001296902,2,1,-600000.0,demand,2026-09-20T05:47:00.896857+00:00
aef4746e-4493-4caf-8ea2-ca619424e16f,fUSD,0.00012969,2,1,-2000000.0,demand,2026-09-20T05:47:00.896857+00:00
aef4746e-4493-4caf-8ea2-ca619424e16f,fUSD,0.0002,2,1,252.09,offer,2026-09-20T05:47:00.896857+00:00
aef4746e-4493-4caf-8ea2-ca619424e16f,fUSD,0.00022809589041095893,2,1,150.0,offer,2026-09-20T05:47:00.896857+00:00
aef4746e-4493-4caf-8ea2-ca619424e16f,fUSD,0.0002561917808219178,7,1,150.0,offer,2026-09-20T05:47:00.896857+00:00
aef4746e-4493-4caf-8ea2-ca619424e16f,fUSD,0.00026341,2,1,155.3,offer,2026-09-20T05:47:00.896857+00:00
aef4746e-4493-4caf-8ea2-ca619424e16f,fUSD,0.00026349,2,1,161.61,offer,2026-09-20T05:47:00.896857+00:00
aef4746e-4493-4caf-8ea2-ca619424e16f,fUSD,0.0002656,7,1,155.3,offer,2026-09-20T05:47:00.896857+00:00
aef4746e-4493-4caf-8ea2-ca619424e16f,fUSD,0.00026731,7,1,161.61,offer,2026-09-20T05:47:00.896857+00:00
aef4746e-4493-4caf-8ea2-ca619424e16f,fUSD,0.0002673357,2,1,439.87,offer,2026-09-20T05:47:00.896857+00:00
aef4746e-4493-4caf-8ea2-ca619424e16f,fUSD,0.0002678,2,1,155.3,offer,2026-09-20T05:47:00.896857+00:00
aef4746e-4493-4caf-8ea2-ca619424e16f,fUSD,0.0002690362,3,1,500.0,offer,2026-09-20T05:47:00.896857+00:00
aef4746e-4493-4caf-8ea2-ca619424e16f,fUSD,0.00027,7,1,155.3,offer,2026-09-20T05:47:00.896857+00:00
aef4746e-4493-4caf-8ea2-ca619424e16f,fUSD,0.00027114,2,1,161.61,offer,2026-09-20T05:47:00.896857+00:00
aef4746e-4493-4caf-8ea2-ca619424e16f,fUSD,0.00027219,7,1,155.3,offer,2026-09-20T05:47:00.896857+00:00
aef4746e-4493-4caf-8ea2-ca619424e16f,fUSD,0.000273972602739726,2,1,1397.61,offer,2026-09-20T05:47:00.896857+00:00
aef4746e-4493-4caf-8ea2-ca619424e16f,fUSD,0.0002740189876712329,2,1,439.87,offer,2026-09-20T05:47:00.896857+00:00
aef4746e-4493-4caf-8ea2-ca619424e16f,fUSD,0.00027439,2,1,155.3,offer,2026-09-20T05:47:00.896857+00:00
aef4746e-4493-4caf-8ea2-ca619424e16f,fUSD,0.00027496,30,1,161.61,offer,2026-09-20T05:47:00.896857+00:00
aef4746e-4493-4caf-8ea2-ca619424e16f,fUSD,0.0002758602,120,1,232.783059,offer,2026-09-20T05:47:00.896857+00:00
aef4746e-4493-4caf-8ea2-ca619424e16f,fUSD,0.00027651,2,2,333.56390371,offer,2026-09-20T05:47:00.896857+00:00
aef4746e-4493-4caf-8ea2-ca619424e16f,fUSD,0.00027652,2,1,44570.78633587,offer,2026-09-20T05:47:00.896857+00:00
aef4746e-4493-4caf-8ea2-ca619424e16f,fUSD,0.00027652,3,2,310.0,offer,2026-09-20T05:47:00.896857+00:00
aef4746e-4493-4caf-8ea2-ca619424e16f,fUSD,0.00027659,30,1,155.3,offer,2026-09-20T05:47:00.896857+00:00
aef4746e-4493-4caf-8ea2-ca619424e16f,fUSD,0.0002767811,2,1,7614.69144869,offer,2026-09-20T05:47:00.896857+00:00
aef4746e-4493-4caf-8ea2-ca619424e16f,fUSD,0.000276806938,2,1,169.0,offer,2026-09-20T05:47:00.896857+00:00
aef4746e-4493-4caf-8ea2-ca619424e16f,fUSD,0.0002769,2,1,207.55,offer,2026-09-20T05:47:00.896857+00:00
ec918705-9430-47ad-a963-96efe59b98ff,fUSD,0.000273972602739726,120,1,-2788744.99811943,demand,2026-09-20T06:47:01.066861+00:00
ec918705-9430-47ad-a963-96efe59b98ff,fUSD,0.00022,30,1,-30100.0,demand,2026-09-20T06:47:01.066861+00:00
ec918705-9430-47ad-a963-96efe59b98ff,fUSD,0.00021,30,1,-30000.0,demand,2026-09-20T06:47:01.066861+00:00
ec918705-9430-47ad-a963-96efe59b98ff,fUSD,0.000209,30,1,-6289.12258117,demand,2026-09-20T06:47:01.066861+00:00
ec918705-9430-47ad-a963-96efe59b98ff,fUSD,0.0002,7,1,-150.0,demand,2026-09-20T06:47:01.066861+00:00
ec918705-9430-47ad-a963-96efe59b98ff,fUSD,0.0001712,120,1,-20000.0,demand,2026-09-20T06:47:01.066861+00:00
ec918705-9430-47ad-a963-96efe59b98ff,fUSD,0.00017111,120,1,-2000000.0,demand,2026-09-20T06:47:01.066861+00:00
ec918705-9430-47ad-a963-96efe59b98ff,fUSD,0.000161,120,1,-100000.0,demand,2026-09-20T06:47:01.066861+00:00
ec918705-9430-47ad-a963-96efe59b98ff,fUSD,0.0001603,120,1,-20000.0,demand,2026-09-20T06:47:01.066861+00:00
ec918705-9430-47ad-a963-96efe59b98ff,fUSD,0.0001601,30,1,-12531.35199579,demand,2026-09-20T06:47:01.066861+00:00
ec918705-9430-47ad-a963-96efe59b98ff,fUSD,0.00016,120,2,-10009162.66122322,demand,2026-09-20T06:47:01.066861+00:00
ec918705-9430-47ad-a963-96efe59b98ff,fUSD,0.0001503,90,1,-20000.0,demand,2026-09-20T06:47:01.066861+00:00
ec918705-9430-47ad-a963-96efe59b98ff,fUSD,0.00015001,5,1,-17770.611994,demand,2026-09-20T06:47:01.066861+00:00
ec918705-9430-47ad-a963-96efe59b98ff,fUSD,0.000150001,5,3,-60000.0,demand,2026-09-20T06:47:01.066861+00:00
ec918705-9430-47ad-a963-96efe59b98ff,fUSD,0.00015,2,1,-10000.0,demand,2026-09-20T06:47:01.066861+00:00
ec918705-9430-47ad-a963-96efe59b98ff,fUSD,0.00015,29,1,-150000.0,demand,2026-09-20T06:47:01.066861+00:00
ec918705-9430-47ad-a963-96efe59b98ff,fUSD,0.00015,7,1,-7816.72236591,demand,2026-09-20T06:47:01.066861+00:00
ec918705-9430-47ad-a963-96efe59b98ff,fUSD,0.000145,7,1,-190.0,demand,2026-09-20T06:47:01.066861+00:00
ec918705-9430-47ad-a963-96efe59b98ff,fUSD,0.00014252,120,1,-10770.76644364,demand,2026-09-20T06:47:01.066861+00:00
ec918705-9430-47ad-a963-96efe59b98ff,fUSD,0.0001403,90,1,-20000.0,demand,2026-09-20T06:47:01.066861+00:00
ec918705-9430-47ad-a963-96efe59b98ff,fUSD,0.00014001,2,1,-180860.23919421,demand,2026-09-20T06:47:01.066861+00:00
ec918705-9430-47ad-a963-96efe59b98ff,fUSD,0.00013299999999999998,20,1,-4018.00283321,demand,2026-09-20T06:47:01.066861+00:00
ec918705-9430-47ad-a963-96efe59b98ff,fUSD,0.000131,13,1,-7000.0,demand,2026-09-20T06:47:01.066861+00:00
ec918705-9430-47ad-a963-96efe59b98ff,fUSD,0.0001296902,2,1,-600000.0,demand,2026-09-20T06:47:01.066861+00:00
ec918705-9430-47ad-a963-96efe59b98ff,fUSD,0.00012969,2,1,-2000000.0,demand,2026-09-20T06:47:01.066861+00:00
ec918705-9430-47ad-a963-96efe59b98ff,fUSD,0.00015,2,16,379798.08572987,offer,2026-09-20T06:47:01.066861+00:00
ec918705-9430-47ad-a963-96efe59b98ff,fUSD,0.0001503231,2,1,1275.02,offer,2026-09-20T06:47:01.066861+00:00
ec918705-9430-47ad-a963-96efe59b98ff,fUSD,0.00015032328767123287,2,1,500.0,offer,2026-09-20T06:47:01.066861+00:00
ec918705-9430-47ad-a963-96efe59b98ff,fUSD,0.0001509312,2,1,1275.02,offer,2026-09-20T06:47:01.066861+00:00
ec918705-9430-47ad-a963-96efe59b98ff,fUSD,0.0001513421,2,1,306.1,offer,2026-09-20T06:47:01.066861+00:00
ec918705-9430-47ad-a963-96efe59b98ff,fUSD,0.00015136027397260273,2,1,1199.63149342,offer,2026-09-20T06:47:01.066861+00:00
ec918705-9430-47ad-a963-96efe59b98ff,fUSD,0.0001514244,2,1,701.66,offer,2026-09-20T06:47:01.066861+00:00
ec918705-9430-47ad-a963-96efe59b98ff,fUSD,0.0001514591,2,1,1275.02,offer,2026-09-20T06:47:01.066861+00:00
ec918705-9430-47ad-a963-96efe59b98ff,fUSD,0.0001514861,2,1,1012.32,offer,2026-09-20T06:47:01.066861+00:00
ec918705-9430-47ad-a963-96efe59b98ff,fUSD,0.00015155,2,1,10483.0,offer,2026-09-20T06:47:01.066861+00:00
ec918705-9430-47ad-a963-96efe59b98ff,fUSD,0.00015182,2,1,150.0,offer,2026-09-20T06:47:01.066861+00:00
ec918705-9430-47ad-a963-96efe59b98ff,fUSD,0.0001519286,2,1,1275.02,offer,2026-09-20T06:47:01.066861+00:00
ec918705-9430-47ad-a963-96efe59b98ff,fUSD,0.00015229,2,1,11219.0,offer,2026-09-20T06:47:01.066861+00:00
ec918705-9430-47ad-a963-96efe59b98ff,fUSD,0.0001523531,2,1,1275.02,offer,2026-09-20T06:47:01.066861+00:00
ec918705-9430-47ad-a963-96efe59b98ff,fUSD,0.0001524858,2,1,306.1,offer,2026-09-20T06:47:01.066861+00:00
ec918705-9430-47ad-a963-96efe59b98ff,fUSD,0.0001526,2,1,15013.63246852,offer,2026-09-20T06:47:01.066861+00:00
ec918705-9430-47ad-a963-96efe59b98ff,fUSD,0.0001526811,2,1,324.59,offer,2026-09-20T06:47:01.066861+00:00
ec918705-9430-47ad-a963-96efe59b98ff,fUSD,0.00015272,2,1,5966.0,offer,2026-09-20T06:47:01.066861+00:00
ec918705-9430-47ad-a963-96efe59b98ff,fUSD,0.000152742,2,1,1275.02,offer,2026-09-20T06:47:01.066861+00:00
ec918705-9430-47ad-a963-96efe59b98ff,fUSD,0.00015298,2,1,7370.0,offer,2026-09-20T06:47:01.066861+00:00
ec918705-9430-47ad-a963-96efe59b98ff,fUSD,0.00015299999999999998,3,1,2133.53639967,offer,2026-09-20T06:47:01.066861+00:00
ec918705-9430-47ad-a963-96efe59b98ff,fUSD,0.00015306301369863014,2,1,500.0,offer,2026-09-20T06:47:01.066861+00:00
ec918705-9430-47ad-a963-96efe59b98ff,fUSD,0.0001531018,2,1,1275.02,offer,2026-09-20T06:47:01.066861+00:00
ec918705-9430-47ad-a963-96efe59b98ff,fUSD,0.0001532018191780822,2,1,263.08,offer,2026-09-20T06:47:01.066861+00:00
ec918705-9430-47ad-a963-96efe59b98ff,fUSD,0.0001533859,2,1,306.1,offer,2026-09-20T06:47:01.066861+00:00
c7780c2f-8439-4c32-85b7-c3472e3090cb,fUSD,0.000273972602739726,120,1,-2312983.44098919,demand,2026-09-20T07:47:00.877709+00:00
c7780c2f-8439-4c32-85b7-c3472e3090cb,fUSD,0.00022,30,1,-30100.0,demand,2026-09-20T07:47:00.877709+00:00
c7780c2f-8439-4c32-85b7-c3472e3090cb,fUSD,0.00021,30,1,-30000.0,demand,2026-09-20T07:47:00.877709+00:00
c7780c2f-8439-4c32-85b7-c3472e3090cb,fUSD,0.000209,30,1,-6289.12258117,demand,2026-09-20T07:47:00.877709+00:00
c7780c2f-8439-4c32-85b7-c3472e3090cb,fUSD,0.0002,7,1,-150.0,demand,2026-09-20T07:47:00.877709+00:00
c7780c2f-8439-4c32-85b7-c3472e3090cb,fUSD,0.0001712,120,1,-20000.0,demand,2026-09-20T07:47:00.877709+00:00
c7780c2f-8439-4c32-85b7-c3472e3090cb,fUSD,0.00017111,120,1,-2000000.0,demand,2026-09-20T07:47:00.877709+00:00
c7780c2f-8439-4c32-85b7-c3472e3090cb,fUSD,0.000161,120,1,-100000.0,demand,2026-09-20T07:47:00.877709+00:00
c7780c2f-8439-4c32-85b7-c3472e3090cb,fUSD,0.0001603,120,1,-20000.0,demand,2026-09-20T07:47:00.877709+00:00
c7780c2f-8439-4c32-85b7-c3472e3090cb,fUSD,0.0001601,30,1,-11922.01199579,demand,2026-09-20T07:47:00.877709+00:00
c7780c2f-8439-4c32-85b7-c3472e3090cb,fUSD,0.00016,120,2,-10009162.66122322,demand,2026-09-20T07:47:00.877709+00:00
c7780c2f-8439-4c32-85b7-c3472e3090cb,fUSD,0.0001503,90,1,-20000.0,demand,2026-09-20T07:47:00.877709+00:00
c7780c2f-8439-4c32-85b7-c3472e3090cb,fUSD,0.00015001,5,1,-497.81592177,demand,2026-09-20T07:47:00.877709+00:00
c7780c2f-8439-4c32-85b7-c3472e3090cb,fUSD,0.000150001,5,3,-60000.0,demand,2026-09-20T07:47:00.877709+00:00
c7780c2f-8439-4c32-85b7-c3472e3090cb,fUSD,0.00015,2,3,-3933337.74827187,demand,2026-09-20T07:47:00.877709+00:00
c7780c2f-8439-4c32-85b7-c3472e3090cb,fUSD,0.00015,29,1,-150000.0,demand,2026-09-20T07:47:00.877709+00:00
c7780c2f-8439-4c32-85b7-c3472e3090cb,fUSD,0.00015,7,1,-7816.72236591,demand,2026-09-20T07:47:00.877709+00:00
c7780c2f-8439-4c32-85b7-c3472e3090cb,fUSD,0.000145,7,1,-190.0,demand,2026-09-20T07:47:00.877709+00:00
c7780c2f-8439-4c32-85b7-c3472e3090cb,fUSD,0.00014252,120,1,-10770.76644364,demand,2026-09-20T07:47:00.877709+00:00
c7780c2f-8439-4c32-85b7-c3472e3090cb,fUSD,0.0001403,90,1,-20000.0,demand,2026-09-20T07:47:00.877709+00:00
c7780c2f-8439-4c32-85b7-c3472e3090cb,fUSD,0.00014001,2,1,-180860.23919421,demand,2026-09-20T07:47:00.877709+00:00
c7780c2f-8439-4c32-85b7-c3472e3090cb,fUSD,0.00013299999999999998,20,1,-4018.00283321,demand,2026-09-20T07:47:00.877709+00:00
c7780c2f-8439-4c32-85b7-c3472e3090cb,fUSD,0.000131,13,1,-7000.0,demand,2026-09-20T07:47:00.877709+00:00
c7780c2f-8439-4c32-85b7-c3472e3090cb,fUSD,0.0001296902,2,1,-600000.0,demand,2026-09-20T07:47:00.877709+00:00
c7780c2f-8439-4c32-85b7-c3472e3090cb,fUSD,0.00012969,2,1,-2000000.0,demand,2026-09-20T07:47:00.877709+00:00
c7780c2f-8439-4c32-85b7-c3472e3090cb,fUSD,0.0002356434,2,1,648.01,offer,2026-09-20T07:47:00.877709+00:00
c7780c2f-8439-4c32-85b7-c3472e3090cb,fUSD,0.00023587328767123286,7,1,150.0,offer,2026-09-20T07:47:00.877709+00:00
c7780c2f-8439-4c32-85b7-c3472e3090cb,fUSD,0.0002374,2,1,150.0,offer,2026-09-20T07:47:00.877709+00:00
c7780c2f-8439-4c32-85b7-c3472e3090cb,fUSD,0.00023750000000000003,7,1,150.0,offer,2026-09-20T07:47:00.877709+00:00
c7780c2f-8439-4c32-85b7-c3472e3090cb,fUSD,0.000238932214,7,1,170.33,offer,2026-09-20T07:47:00.877709+00:00
c7780c2f-8439-4c32-85b7-c3472e3090cb,fUSD,0.00023911671232876714,2,12,5995.95810497,offer,2026-09-20T07:47:00.877709+00:00
c7780c2f-8439-4c32-85b7-c3472e3090cb,fUSD,0.00023912671232876714,7,1,150.0,offer,2026-09-20T07:47:00.877709+00:00
c7780c2f-8439-4c32-85b7-c3472e3090cb,fUSD,0.0002393008,2,1,791.34,offer,2026-09-20T07:47:00.877709+00:00
c7780c2f-8439-4c32-85b7-c3472e3090cb,fUSD,0.00023975,2,1,150.0,offer,2026-09-20T07:47:00.877709+00:00
c7780c2f-8439-4c32-85b7-c3472e3090cb,fUSD,0.000239932214,7,1,198.92,offer,2026-09-20T07:47:00.877709+00:00
c7780c2f-8439-4c32-85b7-c3472e3090cb,fUSD,0.00024075342465753428,7,2,300.0,offer,2026-09-20T07:47:00.877709+00:00
c7780c2f-8439-4c32-85b7-c3472e3090cb,fUSD,0.0002407974,2,2,401.87679609,offer,2026-09-20T07:47:00.877709+00:00
c7780c2f-8439-4c32-85b7-c3472e3090cb,fUSD,0.0002408074,2,1,163.76,offer,2026-09-20T07:47:00.877709+00:00
c7780c2f-8439-4c32-85b7-c3472e3090cb,fUSD,0.000240932214,7,1,170.33,offer,2026-09-20T07:47:00.877709+00:00
c7780c2f-8439-4c32-85b7-c3472e3090cb,fUSD,0.0002423801369863014,7,1,150.0,offer,2026-09-20T07:47:00.877709+00:00
c7780c2f-8439-4c32-85b7-c3472e3090cb,fUSD,0.0002440068493150685,7,1,150.0,offer,2026-09-20T07:47:00.877709+00:00
c7780c2f-8439-4c32-85b7-c3472e3090cb,fUSD,0.00024405205479452054,2,1,2492.120955,offer,2026-09-20T07:47:00.877709+00:00
c7780c2f-8439-4c32-85b7-c3472e3090cb,fUSD,0.00024493,2,1,202.0,offer,2026-09-20T07:47:00.877709+00:00
c7780c2f-8439-4c32-85b7-c3472e3090cb,fUSD,0.00024528326575342464,2,1,791.34,offer,2026-09-20T07:47:00.877709+00:00
c7780c2f-8439-4c32-85b7-c3472e3090cb,fUSD,0.00024563356164383564,7,1,150.0,offer,2026-09-20T07:47:00.877709+00:00
c7780c2f-8439-4c32-85b7-c3472e3090cb,fUSD,0.00024574,2,1,18789.0,offer,2026-09-20T07:47:00.877709+00:00
c7780c2f-8439-4c32-85b7-c3472e3090cb,fUSD,0.00024623,2,1,10783.0,offer,2026-09-20T07:47:00.877709+00:00
c7780c2f-8439-4c32-85b7-c3472e3090cb,fUSD,0.00024658,2,2,330.78,offer,2026-09-20T07:47:00.877709+00:00
c7780c2f-8439-4c32-85b7-c3472e3090cb,fUSD,0.00024726027397260276,7,2,300.0,offer,2026-09-20T07:47:00.877709+00:00
c7780c2f-8439-4c32-85b7-c3472e3090cb,fUSD,0.000247940776,2,1,166.87,offer,2026-09-20T07:47:00.877709+00:00
854b80fe-6063-4cde-ae28-cc9fe9ce6808,fUSD,0.000273972602739726,120,1,-2305685.81700651,demand,2026-09-20T08:47:00.980708+00:00
854b80fe-6063-4cde-ae28-cc9fe9ce6808,fUSD,0.00022,30,1,-30100.0,demand,2026-09-20T08:47:00.980708+00:00
854b80fe-6063-4cde-ae28-cc9fe9ce6808,fUSD,0.00021,30,1,-30000.0,demand,2026-09-20T08:47:00.980708+00:00
854b80fe-6063-4cde-ae28-cc9fe9ce6808,fUSD,0.000209,30,1,-6289.12258117,demand,2026-09-20T08:47:00.980708+00:00
854b80fe-6063-4cde-ae28-cc9fe9ce6808,fUSD,0.0002,7,1,-150.0,demand,2026-09-20T08:47:00.980708+00:00
854b80fe-6063-4cde-ae28-cc9fe9ce6808,fUSD,0.0001712,120,1,-20000.0,demand,2026-09-20T08:47:00.980708+00:00
854b80fe-6063-4cde-ae28-cc9fe9ce6808,fUSD,0.00017111,120,1,-2000000.0,demand,2026-09-20T08:47:00.980708+00:00
854b80fe-6063-4cde-ae28-cc9fe9ce6808,fUSD,0.000161,120,1,-100000.0,demand,2026-09-20T08:47:00.980708+00:00
854b80fe-6063-4cde-ae28-cc9fe9ce6808,fUSD,0.0001603,120,1,-20000.0,demand,2026-09-20T08:47:00.980708+00:00
854b80fe-6063-4cde-ae28-cc9fe9ce6808,fUSD,0.0001601,30,1,-11922.01199579,demand,2026-09-20T08:47:00.980708+00:00
854b80fe-6063-4cde-ae28-cc9fe9ce6808,fUSD,0.00016,120,2,-10009162.66122322,demand,2026-09-20T08:47:00.980708+00:00
854b80fe-6063-4cde-ae28-cc9fe9ce6808,fUSD,0.0001503,90,1,-20000.0,demand,2026-09-20T08:47:00.980708+00:00
854b80fe-6063-4cde-ae28-cc9fe9ce6808,fUSD,0.00015,2,1,-10000.0,demand,2026-09-20T08:47:00.980708+00:00
854b80fe-6063-4cde-ae28-cc9fe9ce6808,fUSD,0.00015,29,1,-150000.0,demand,2026-09-20T08:47:00.980708+00:00
854b80fe-6063-4cde-ae28-cc9fe9ce6808,fUSD,0.00015,7,1,-7816.72236591,demand,2026-09-20T08:47:00.980708+00:00
854b80fe-6063-4cde-ae28-cc9fe9ce6808,fUSD,0.000145,7,1,-190.0,demand,2026-09-20T08:47:00.980708+00:00
854b80fe-6063-4cde-ae28-cc9fe9ce6808,fUSD,0.00014252,120,1,-10770.76644364,demand,2026-09-20T08:47:00.980708+00:00
854b80fe-6063-4cde-ae28-cc9fe9ce6808,fUSD,0.0001403,90,1,-20000.0,demand,2026-09-20T08:47:00.980708+00:00
854b80fe-6063-4cde-ae28-cc9fe9ce6808,fUSD,0.00014001,2,1,-180860.23919421,demand,2026-09-20T08:47:00.980708+00:00
854b80fe-6063-4cde-ae28-cc9fe9ce6808,fUSD,0.00013299999999999998,20,1,-4018.00283321,demand,2026-09-20T08:47:00.980708+00:00
854b80fe-6063-4cde-ae28-cc9fe9ce6808,fUSD,0.000131,13,1,-7000.0,demand,2026-09-20T08:47:00.980708+00:00
854b80fe-6063-4cde-ae28-cc9fe9ce6808,fUSD,0.0001296902,2,1,-600000.0,demand,2026-09-20T08:47:00.980708+00:00
854b80fe-6063-4cde-ae28-cc9fe9ce6808,fUSD,0.00012969,2,1,-2000000.0,demand,2026-09-20T08:47:00.980708+00:00
854b80fe-6063-4cde-ae28-cc9fe9ce6808,fUSD,0.00012757,120,1,-100000.0,demand,2026-09-20T08:47:00.980708+00:00
854b80fe-6063-4cde-ae28-cc9fe9ce6808,fUSD,0.0001221,120,1,-12587.13,demand,2026-09-20T08:47:00.980708+00:00
854b80fe-6063-4cde-ae28-cc9fe9ce6808,fUSD,0.0002147345839178082,2,1,169.41,offer,2026-09-20T08:47:00.980708+00:00
854b80fe-6063-4cde-ae28-cc9fe9ce6808,fUSD,0.00021479452054794522,3,1,160.9388993,offer,2026-09-20T08:47:00.980708+00:00
854b80fe-6063-4cde-ae28-cc9fe9ce6808,fUSD,0.0002154222,2,1,11789.72591626,offer,2026-09-20T08:47:00.980708+00:00
854b80fe-6063-4cde-ae28-cc9fe9ce6808,fUSD,0.00021545876849315068,2,1,362.6,offer,2026-09-20T08:47:00.980708+00:00
854b80fe-6063-4cde-ae28-cc9fe9ce6808,fUSD,0.00021609,2,1,150.0,offer,2026-09-20T08:47:00.980708+00:00
854b80fe-6063-4cde-ae28-cc9fe9ce6808,fUSD,0.0002161,2,1,400.0,offer,2026-09-20T08:47:00.980708+00:00
854b80fe-6063-4cde-ae28-cc9fe9ce6808,fUSD,0.000216361079,2,1,169.59,offer,2026-09-20T08:47:00.980708+00:00
854b80fe-6063-4cde-ae28-cc9fe9ce6808,fUSD,0.00021705,2,1,1833.65638445,offer,2026-09-20T08:47:00.980708+00:00
854b80fe-6063-4cde-ae28-cc9fe9ce6808,fUSD,0.00021773,2,1,500.0,offer,2026-09-20T08:47:00.980708+00:00
854b80fe-6063-4cde-ae28-cc9fe9ce6808,fUSD,0.00021773835480726816,7,1,8119.32,offer,2026-09-20T08:47:00.980708+00:00
854b80fe-6063-4cde-ae28-cc9fe9ce6808,fUSD,0.00021818,2,25,5003.0,offer,2026-09-20T08:47:00.980708+00:00
854b80fe-6063-4cde-ae28-cc9fe9ce6808,fUSD,0.00021818082191780823,2,1,500.0,offer,2026-09-20T08:47:00.980708+00:00
854b80fe-6063-4cde-ae28-cc9fe9ce6808,fUSD,0.00021821037945205478,2,1,271.96,offer,2026-09-20T08:47:00.980708+00:00
854b80fe-6063-4cde-ae28-cc9fe9ce6808,fUSD,0.00021917808219178083,2,1,5000.0,offer,2026-09-20T08:47:00.980708+00:00
854b80fe-6063-4cde-ae28-cc9fe9ce6808,fUSD,0.0002191781,2,12,1827.84,offer,2026-09-20T08:47:00.980708+00:00
854b80fe-6063-4cde-ae28-cc9fe9ce6808,fUSD,0.00021918,14,1,231.56,offer,2026-09-20T08:47:00.980708+00:00
854b80fe-6063-4cde-ae28-cc9fe9ce6808,fUSD,0.00021929176164383563,2,1,6426.06,offer,2026-09-20T08:47:00.980708+00:00
854b80fe-6063-4cde-ae28-cc9fe9ce6808,fUSD,0.0002193009493150685,2,1,163.31,offer,2026-09-20T08:47:00.980708+00:00
854b80fe-6063-4cde-ae28-cc9fe9ce6808,fUSD,0.00022071383698630138,2,1,362.6,offer,2026-09-20T08:47:00.980708+00:00
854b80fe-6063-4cde-ae28-cc9fe9ce6808,fUSD,0.000221889,2,1,183.17,offer,2026-09-20T08:47:00.980708+00:00
854b80fe-6063-4cde-ae28-cc9fe9ce6808,fUSD,0.00022306,2,1,500.0,offer,2026-09-20T08:47:00.980708+00:00
854b80fe-6063-4cde-ae28-cc9fe9ce6808,fUSD,0.00022307,2,1,1944.77845931,offer,2026-09-20T08:47:00.980708+00:00
854b80fe-6063-4cde-ae28-cc9fe9ce6808,fUSD,0.00022356164383561644,3,1,160.9388993,offer,2026-09-20T08:47:00.980708+00:00
854b80fe-6063-4cde-ae28-cc9fe9ce6808,fUSD,0.0002236333,2,2,12404.58383283,offer,2026-09-20T08:47:00.980708+00:00
854b80fe-6063-4cde-ae28-cc9fe9ce6808,fUSD,0.0002241,2,6,72500.60434514,offer,2026-09-20T08:47:00.980708+00:00
b0fb39e7-4a83-4136-9dec-270daf4f1e3c,fUSD,0.000273972602739726,120,1,-2300284.7898495,demand,2026-09-20T09:47:00.867177+00:00
b0fb39e7-4a83-4136-9dec-270daf4f1e3c,fUSD,0.00022,30,1,-30100.0,demand,2026-09-20T09:47:00.867177+00:00
b0fb39e7-4a83-4136-9dec-270daf4f1e3c,fUSD,0.00021,30,1,-30000.0,demand,2026-09-20T09:47:00.867177+00:00
b0fb39e7-4a83-4136-9dec-270daf4f1e3c,fUSD,0.000209,30,1,-6289.12258117,demand,2026-09-20T09:47:00.867177+00:00
b0fb39e7-4a83-4136-9dec-270daf4f1e3c,fUSD,0.0002,7,1,-150.0,demand,2026-09-20T09:47:00.867177+00:00
b0fb39e7-4a83-4136-9dec-270daf4f1e3c,fUSD,0.0001712,120,1,-20000.0,demand,2026-09-20T09:47:00.867177+00:00
b0fb39e7-4a83-4136-9dec-270daf4f1e3c,fUSD,0.00017111,120,1,-2000000.0,demand,2026-09-20T09:47:00.867177+00:00
b0fb39e7-4a83-4136-9dec-270daf4f1e3c,fUSD,0.000161,120,1,-100000.0,demand,2026-09-20T09:47:00.867177+00:00
b0fb39e7-4a83-4136-9dec-270daf4f1e3c,fUSD,0.0001603,120,1,-20000.0,demand,2026-09-20T09:47:00.867177+00:00
b0fb39e7-4a83-4136-9dec-270daf4f1e3c,fUSD,0.0001601,30,1,-11922.01199579,demand,2026-09-20T09:47:00.867177+00:00
b0fb39e7-4a83-4136-9dec-270daf4f1e3c,fUSD,0.00016,120,2,-10009162.66122322,demand,2026-09-20T09:47:00.867177+00:00
b0fb39e7-4a83-4136-9dec-270daf4f1e3c,fUSD,0.0001503,90,1,-20000.0,demand,2026-09-20T09:47:00.867177+00:00
b0fb39e7-4a83-4136-9dec-270daf4f1e3c,fUSD,0.00015,2,1,-10000.0,demand,2026-09-20T09:47:00.867177+00:00
b0fb39e7-4a83-4136-9dec-270daf4f1e3c,fUSD,0.00015,29,1,-150000.0,demand,2026-09-20T09:47:00.867177+00:00
b0fb39e7-4a83-4136-9dec-270daf4f1e3c,fUSD,0.00015,7,1,-7816.72236591,demand,2026-09-20T09:47:00.867177+00:00
b0fb39e7-4a83-4136-9dec-270daf4f1e3c,fUSD,0.000145,7,1,-190.0,demand,2026-09-20T09:47:00.867177+00:00
b0fb39e7-4a83-4136-9dec-270daf4f1e3c,fUSD,0.00014252,120,1,-10770.76644364,demand,2026-09-20T09:47:00.867177+00:00
b0fb39e7-4a83-4136-9dec-270daf4f1e3c,fUSD,0.00014101,2,6,-53700.0,demand,2026-09-20T09:47:00.867177+00:00
b0fb39e7-4a83-4136-9dec-270daf4f1e3c,fUSD,0.000141,2,1,-84623.8574663,demand,2026-09-20T09:47:00.867177+00:00
b0fb39e7-4a83-4136-9dec-270daf4f1e3c,fUSD,0.0001403,90,1,-20000.0,demand,2026-09-20T09:47:00.867177+00:00
b0fb39e7-4a83-4136-9dec-270daf4f1e3c,fUSD,0.00014001,2,1,-180860.23919421,demand,2026-09-20T09:47:00.867177+00:00
b0fb39e7-4a83-4136-9dec-270daf4f1e3c,fUSD,0.00013299999999999998,20,1,-4018.00283321,demand,2026-09-20T09:47:00.867177+00:00
b0fb39e7-4a83-4136-9dec-270daf4f1e3c,fUSD,0.000131,13,1,-7000.0,demand,2026-09-20T09:47:00.867177+00:00
b0fb39e7-4a83-4136-9dec-270daf4f1e3c,fUSD,0.0001296902,2,1,-600000.0,demand,2026-09-20T09:47:00.867177+00:00
b0fb39e7-4a83-4136-9dec-270daf4f1e3c,fUSD,0.00012969,2,1,-2000000.0,demand,2026-09-20T09:47:00.867177+00:00
b0fb39e7-4a83-4136-9dec-270daf4f1e3c,fUSD,0.000174,2,1,950.0,offer,2026-09-20T09:47:00.867177+00:00
b0fb39e7-4a83-4136-9dec-270daf4f1e3c,fUSD,0.00017434,2,15,263018.97454279,offer,2026-09-20T09:47:00.867177+00:00
b0fb39e7-4a83-4136-9dec-270daf4f1e3c,fUSD,0.00017469,2,1,15537.0,offer,2026-09-20T09:47:00.867177+00:00
b0fb39e7-4a83-4136-9dec-270daf4f1e3c,fUSD,0.00017504,2,2,16182.86281916,offer,2026-09-20T09:47:00.867177+00:00
b0fb39e7-4a83-4136-9dec-270daf4f1e3c,fUSD,0.00017553,2,1,262.0,offer,2026-09-20T09:47:00.867177+00:00
b0fb39e7-4a83-4136-9dec-270daf4f1e3c,fUSD,0.00017847,2,1,6803.0,offer,2026-09-20T09:47:00.867177+00:00
b0fb39e7-4a83-4136-9dec-270daf4f1e3c,fUSD,0.0001877425,3,1,157.0,offer,2026-09-20T09:47:00.867177+00:00
b0fb39e7-4a83-4136-9dec-270daf4f1e3c,fUSD,0.0001896851376,2,1,16894.32,offer,2026-09-20T09:47:00.867177+00:00
b0fb39e7-4a83-4136-9dec-270daf4f1e3c,fUSD,0.00019872666666666668,3,1,162.0,offer,2026-09-20T09:47:00.867177+00:00
b0fb39e7-4a83-4136-9dec-270daf4f1e3c,fUSD,0.0002009,2,1,9909.0,offer,2026-09-20T09:47:00.867177+00:00
b0fb39e7-4a83-4136-9dec-270daf4f1e3c,fUSD,0.00020421875,3,1,157.0,offer,2026-09-20T09:47:00.867177+00:00
b0fb39e7-4a83-4136-9dec-270daf4f1e3c,fUSD,0.0002078196,2,1,199.5,offer,2026-09-20T09:47:00.867177+00:00
b0fb39e7-4a83-4136-9dec-270daf4f1e3c,fUSD,0.0002092731,2,1,150.0,offer,2026-09-20T09:47:00.867177+00:00
b0fb39e7-4a83-4136-9dec-270daf4f1e3c,fUSD,0.00021605,2,1,150.0,offer,2026-09-20T09:47:00.867177+00:00
b0fb39e7-4a83-4136-9dec-270daf4f1e3c,fUSD,0.000220695,3,1,157.0,offer,2026-09-20T09:47:00.867177+00:00
b0fb39e7-4a83-4136-9dec-270daf4f1e3c,fUSD,0.00022343,2,1,500.0,offer,2026-09-20T09:47:00.867177+00:00
b0fb39e7-4a83-4136-9dec-270daf4f1e3c,fUSD,0.0002234391,2,8,72886.48897771,offer,2026-09-20T09:47:00.867177+00:00
b0fb39e7-4a83-4136-9dec-270daf4f1e3c,fUSD,0.0002234391,4,1,740.86281916,offer,2026-09-20T09:47:00.867177+00:00
b0fb39e7-4a83-4136-9dec-270daf4f1e3c,fUSD,0.00022465753424657532,2,1,875.2,offer,2026-09-20T09:47:00.867177+00:00
b0fb39e7-4a83-4136-9dec-270daf4f1e3c,fUSD,0.00022487671232876712,4,1,150.0,offer,2026-09-20T09:47:00.867177+00:00
b0fb39e7-4a83-4136-9dec-270daf4f1e3c,fUSD,0.0002256272,2,1,161.32,offer,2026-09-20T09:47:00.867177+00:00
b0fb39e7-4a83-4136-9dec-270daf4f1e3c,fUSD,0.000226,2,5,7832.68879197,offer,2026-09-20T09:47:00.867177+00:00
b0fb39e7-4a83-4136-9dec-270daf4f1e3c,fUSD,0.00022698473353520595,2,1,160.0,offer,2026-09-20T09:47:00.867177+00:00
b0fb39e7-4a83-4136-9dec-270daf4f1e3c,fUSD,0.000228,2,4,6889.49583002,offer,2026-09-20T09:47:00.867177+00:00
b0fb39e7-4a83-4136-9dec-270daf4f1e3c,fUSD,0.00023,2,3,6201.49267605,offer,2026-09-20T09:47:00.867177+00:00
50a47037-0ea6-4050-994a-40ad68cdd6f9,fUSD,0.000273972602739726,120,1,-2293947.25116297,demand,2026-09-20T10:47:00.935652+00:00
50a47037-0ea6-4050-994a-40ad68cdd6f9,fUSD,0.0002310989,2,1,-2056.39300578,demand,2026-09-20T10:47:00.935652+00:00
50a47037-0ea6-4050-994a-40ad68cdd6f9,fUSD,0.00022,30,1,-30100.0,demand,2026-09-20T10:47:00.935652+00:00
50a47037-0ea6-4050-994a-40ad68cdd6f9,fUSD,0.00021,30,1,-30000.0,demand,2026-09-20T10:47:00.935652+00:00
50a47037-0ea6-4050-994a-40ad68cdd6f9,fUSD,0.000209,30,1,-6289.12258117,demand,2026-09-20T10:47:00.935652+00:00
50a47037-0ea6-4050-994a-40ad68cdd6f9,fUSD,0.0002,7,1,-150.0,demand,2026-09-20T10:47:00.935652+00:00
50a47037-0ea6-4050-994a-40ad68cdd6f9,fUSD,0.0001712,120,1,-20000.0,demand,2026-09-20T10:47:00.935652+00:00
50a47037-0ea6-4050-994a-40ad68cdd6f9,fUSD,0.00017111,120,1,-2000000.0,demand,2026-09-20T10:47:00.935652+00:00
50a47037-0ea6-4050-994a-40ad68cdd6f9,fUSD,0.000161,120,1,-100000.0,demand,2026-09-20T10:47:00.935652+00:00
50a47037-0ea6-4050-994a-40ad68cdd6f9,fUSD,0.0001603,120,1,-20000.0,demand,2026-09-20T10:47:00.935652+00:00
50a47037-0ea6-4050-994a-40ad68cdd6f9,fUSD,0.0001601,30,1,-11212.66199579,demand,2026-09-20T10:47:00.935652+00:00
50a47037-0ea6-4050-994a-40ad68cdd6f9,fUSD,0.00016,120,2,-10009162.66122322,demand,2026-09-20T10:47:00.935652+00:00
50a47037-0ea6-4050-994a-40ad68cdd6f9,fUSD,0.0001574895,2,1,-453.543576,demand,2026-09-20T10:47:00.935652+00:00
50a47037-0ea6-4050-994a-40ad68cdd6f9,fUSD,0.0001503,90,1,-20000.0,demand,2026-09-20T10:47:00.935652+00:00
50a47037-0ea6-4050-994a-40ad68cdd6f9,fUSD,0.00015,2,2,-4922639.9648722,demand,2026-09-20T10:47:00.935652+00:00
50a47037-0ea6-4050-994a-40ad68cdd6f9,fUSD,0.00015,29,1,-150000.0,demand,2026-09-20T10:47:00.935652+00:00
50a47037-0ea6-4050-994a-40ad68cdd6f9,fUSD,0.00015,7,1,-7816.72236591,demand,2026-09-20T10:47:00.935652+00:00
50a47037-0ea6-4050-994a-40ad68cdd6f9,fUSD,0.000145,7,1,-190.0,demand,2026-09-20T10:47:00.935652+00:00
50a47037-0ea6-4050-994a-40ad68cdd6f9,fUSD,0.00014359577481936895,2,1,-4718.52507741,demand,2026-09-20T10:47:00.935652+00:00
50a47037-0ea6-4050-994a-40ad68cdd6f9,fUSD,0.00014359426532781558,2,1,-4718.52507741,demand,2026-09-20T10:47:00.935652+00:00
50a47037-0ea6-4050-994a-40ad68cdd6f9,fUSD,0.0001435881944756845,2,1,-4718.52507741,demand,2026-09-20T10:47:00.935652+00:00
50a47037-0ea6-4050-994a-40ad68cdd6f9,fUSD,0.00014358669413657807,2,1,-4718.52507741,demand,2026-09-20T10:47:00.935652+00:00
50a47037-0ea6-4050-994a-40ad68cdd6f9,fUSD,0.00014357373595927389,2,1,-4718.52507741,demand,2026-09-20T10:47:00.935652+00:00
50a47037-0ea6-4050-994a-40ad68cdd6f9,fUSD,0.00014355625282506883,2,1,-4718.52507741,demand,2026-09-20T10:47:00.935652+00:00
50a47037-0ea6-4050-994a-40ad68cdd6f9,fUSD,0.0001435519145501319,2,1,-4718.52507741,demand,2026-09-20T10:47:00.935652+00:00
50a47037-0ea6-4050-994a-40ad68cdd6f9,fUSD,0.00023128,2,1,150.0,offer,2026-09-20T10:47:00.935652+00:00
50a47037-0ea6-4050-994a-40ad68cdd6f9,fUSD,0.0002313101,2,1,489.98,offer,2026-09-20T10:47:00.935652+00:00
50a47037-0ea6-4050-994a-40ad68cdd6f9,fUSD,0.00023184317465753425,2,6,1005.42174416,offer,2026-09-20T10:47:00.935652+00:00
50a47037-0ea6-4050-994a-40ad68cdd6f9,fUSD,0.000232,2,1,1523.47455589,offer,2026-09-20T10:47:00.935652+00:00
50a47037-0ea6-4050-994a-40ad68cdd6f9,fUSD,0.00023218264840182653,7,1,150.0,offer,2026-09-20T10:47:00.935652+00:00
50a47037-0ea6-4050-994a-40ad68cdd6f9,fUSD,0.00023275519433006578,2,1,214.81991748,offer,2026-09-20T10:47:00.935652+00:00
50a47037-0ea6-4050-994a-40ad68cdd6f9,fUSD,0.00023297872524,2,1,188.03371413,offer,2026-09-20T10:47:00.935652+00:00
50a47037-0ea6-4050-994a-40ad68cdd6f9,fUSD,0.0002330617,2,2,1201.61,offer,2026-09-20T10:47:00.935652+00:00
50a47037-0ea6-4050-994a-40ad68cdd6f9,fUSD,0.00023354,2,1,11615.0,offer,2026-09-20T10:47:00.935652+00:00
50a47037-0ea6-4050-994a-40ad68cdd6f9,fUSD,0.00023365607001298638,2,1,160.0,offer,2026-09-20T10:47:00.935652+00:00
50a47037-0ea6-4050-994a-40ad68cdd6f9,fUSD,0.00023367,2,6,2941.42351224,offer,2026-09-20T10:47:00.935652+00:00
50a47037-0ea6-4050-994a-40ad68cdd6f9,fUSD,0.0002338216,2,1,150.0,offer,2026-09-20T10:47:00.935652+00:00
50a47037-0ea6-4050-994a-40ad68cdd6f9,fUSD,0.000234,2,1,1523.47455589,offer,2026-09-20T10:47:00.935652+00:00
50a47037-0ea6-4050-994a-40ad68cdd6f9,fUSD,0.00023416,2,1,2187.0,offer,2026-09-20T10:47:00.935652+00:00
50a47037-0ea6-4050-994a-40ad68cdd6f9,fUSD,0.00023527476,2,1,2012.37,offer,2026-09-20T10:47:00.935652+00:00
50a47037-0ea6-4050-994a-40ad68cdd6f9,fUSD,0.00023529,2,1,168.50826843,offer,2026-09-20T10:47:00.935652+00:00
50a47037-0ea6-4050-994a-40ad68cdd6f9,fUSD,0.0002358,2,1,385.79461883,offer,2026-09-20T10:47:00.935652+00:00
50a47037-0ea6-4050-994a-40ad68cdd6f9,fUSD,0.000236,2,1,1523.47455589,offer,2026-09-20T10:47:00.935652+00:00
50a47037-0ea6-4050-994a-40ad68cdd6f9,fUSD,0.0002373,2,1,181.89519533,offer,2026-09-20T10:47:00.935652+00:00
50a47037-0ea6-4050-994a-40ad68cdd6f9,fUSD,0.00023755,2,2,8789.0,offer,2026-09-20T10:47:00.935652+00:00
50a47037-0ea6-4050-994a-40ad68cdd6f9,fUSD,0.000237569803,7,1,161.83,offer,2026-09-20T10:47:00.935652+00:00
50a47037-0ea6-4050-994a-40ad68cdd6f9,fUSD,0.00023757,3,2,402.0,offer,2026-09-20T10:47:00.935652+00:00
50a47037-0ea6-4050-994a-40ad68cdd6f9,fUSD,0.000237570984,2,1,238.06690878,offer,2026-09-20T10:47:00.935652+00:00
50a47037-0ea6-4050-994a-40ad68cdd6f9,fUSD,0.000237999,3,1,12383.55754729,offer,2026-09-20T10:47:00.935652+00:00
50a47037-0ea6-4050-994a-40ad68cdd6f9,fUSD,0.00023803,2,9,122225.72244209,offer,2026-09-20T10:47:00.935652+00:00
63024c3d-e3ee-4306-97d6-03abe5dcf8f8,fUSD,0.000273972602739726,120,1,-2284746.88326546,demand,2026-09-20T11:47:00.955123+00:00
63024c3d-e3ee-4306-97d6-03abe5dcf8f8,fUSD,0.00022,30,1,-30100.0,demand,2026-09-20T11:47:00.955123+00:00
63024c3d-e3ee-4306-97d6-03abe5dcf8f8,fUSD,0.00021,30,1,-30000.0,demand,2026-09-20T11:47:00.955123+00:00
63024c3d-e3ee-4306-97d6-03abe5dcf8f8,fUSD,0.000209,30,1,-6289.12258117,demand,2026-09-20T11:47:00.955123+00:00
63024c3d-e3ee-4306-97d6-03abe5dcf8f8,fUSD,0.0002,7,1,-150.0,demand,2026-09-20T11:47:00.955123+00:00
63024c3d-e3ee-4306-97d6-03abe5dcf8f8,fUSD,0.0001712,120,1,-20000.0,demand,2026-09-20T11:47:00.955123+00:00
63024c3d-e3ee-4306-97d6-03abe5dcf8f8,fUSD,0.00017111,120,1,-2000000.0,demand,2026-09-20T11:47:00.955123+00:00
63024c3d-e3ee-4306-97d6-03abe5dcf8f8,fUSD,0.000161,120,1,-100000.0,demand,2026-09-20T11:47:00.955123+00:00
63024c3d-e3ee-4306-97d6-03abe5dcf8f8,fUSD,0.0001603,120,1,-20000.0,demand,2026-09-20T11:47:00.955123+00:00
63024c3d-e3ee-4306-97d6-03abe5dcf8f8,fUSD,0.0001601,30,1,-11212.66199579,demand,2026-09-20T11:47:00.955123+00:00
63024c3d-e3ee-4306-97d6-03abe5dcf8f8,fUSD,0.00016,120,2,-10009162.66122322,demand,2026-09-20T11:47:00.955123+00:00
63024c3d-e3ee-4306-97d6-03abe5dcf8f8,fUSD,0.0001503,90,1,-20000.0,demand,2026-09-20T11:47:00.955123+00:00
63024c3d-e3ee-4306-97d6-03abe5dcf8f8,fUSD,0.00015001,5,1,-13855.28293584,demand,2026-09-20T11:47:00.955123+00:00
63024c3d-e3ee-4306-97d6-03abe5dcf8f8,fUSD,0.00015,2,2,-4329013.01665797,demand,2026-09-20T11:47:00.955123+00:00
63024c3d-e3ee-4306-97d6-03abe5dcf8f8,fUSD,0.00015,29,1,-150000.0,demand,2026-09-20T11:47:00.955123+00:00
63024c3d-e3ee-4306-97d6-03abe5dcf8f8,fUSD,0.00015,7,1,-7816.72236591,demand,2026-09-20T11:47:00.955123+00:00
63024c3d-e3ee-4306-97d6-03abe5dcf8f8,fUSD,0.000145,7,1,-190.0,demand,2026-09-20T11:47:00.955123+00:00
63024c3d-e3ee-4306-97d6-03abe5dcf8f8,fUSD,0.00014359577481936895,2,1,-4718.52507741,demand,2026-09-20T11:47:00.955123+00:00
63024c3d-e3ee-4306-97d6-03abe5dcf8f8,fUSD,0.00014359426532781558,2,1,-4718.52507741,demand,2026-09-20T11:47:00.955123+00:00
63024c3d-e3ee-4306-97d6-03abe5dcf8f8,fUSD,0.0001435881944756845,2,1,-4718.52507741,demand,2026-09-20T11:47:00.955123+00:00
63024c3d-e3ee-4306-97d6-03abe5dcf8f8,fUSD,0.00014358669413657807,2,1,-4718.52507741,demand,2026-09-20T11:47:00.955123+00:00
63024c3d-e3ee-4306-97d6-03abe5dcf8f8,fUSD,0.00014357373595927389,2,1,-4718.52507741,demand,2026-09-20T11:47:00.955123+00:00
63024c3d-e3ee-4306-97d6-03abe5dcf8f8,fUSD,0.00014355625282506883,2,1,-4718.52507741,demand,2026-09-20T11:47:00.955123+00:00
63024c3d-e3ee-4306-97d6-03abe5dcf8f8,fUSD,0.0001435519145501319,2,1,-4718.52507741,demand,2026-09-20T11:47:00.955123+00:00
63024c3d-e3ee-4306-97d6-03abe5dcf8f8,fUSD,0.00014355091199269148,2,1,-4718.52507741,demand,2026-09-20T11:47:00.955123+00:00
63024c3d-e3ee-4306-97d6-03abe5dcf8f8,fUSD,0.0002164041,2,1,314.04,offer,2026-09-20T11:47:00.955123+00:00
63024c3d-e3ee-4306-97d6-03abe5dcf8f8,fUSD,0.00021771,2,1,6124.0,offer,2026-09-20T11:47:00.955123+00:00
63024c3d-e3ee-4306-97d6-03abe5dcf8f8,fUSD,0.00021816,2,1,1410.36251342,offer,2026-09-20T11:47:00.955123+00:00
63024c3d-e3ee-4306-97d6-03abe5dcf8f8,fUSD,0.0002181667,2,1,314.04,offer,2026-09-20T11:47:00.955123+00:00
63024c3d-e3ee-4306-97d6-03abe5dcf8f8,fUSD,0.00021916712328767123,2,1,500.0,offer,2026-09-20T11:47:00.955123+00:00
63024c3d-e3ee-4306-97d6-03abe5dcf8f8,fUSD,0.0002191681,2,1,188.69,offer,2026-09-20T11:47:00.955123+00:00
63024c3d-e3ee-4306-97d6-03abe5dcf8f8,fUSD,0.00021917,2,1,178.96,offer,2026-09-20T11:47:00.955123+00:00
63024c3d-e3ee-4306-97d6-03abe5dcf8f8,fUSD,0.0002191781,2,42,6716.76,offer,2026-09-20T11:47:00.955123+00:00
63024c3d-e3ee-4306-97d6-03abe5dcf8f8,fUSD,0.0002196426,2,1,314.04,offer,2026-09-20T11:47:00.955123+00:00
63024c3d-e3ee-4306-97d6-03abe5dcf8f8,fUSD,0.00022,2,2,4035.0,offer,2026-09-20T11:47:00.955123+00:00
63024c3d-e3ee-4306-97d6-03abe5dcf8f8,fUSD,0.00022,30,1,3000.0,offer,2026-09-20T11:47:00.955123+00:00
63024c3d-e3ee-4306-97d6-03abe5dcf8f8,fUSD,0.000220917,2,1,1058.73,offer,2026-09-20T11:47:00.955123+00:00
63024c3d-e3ee-4306-97d6-03abe5dcf8f8,fUSD,0.00022190684931506848,2,1,500.0,offer,2026-09-20T11:47:00.955123+00:00
63024c3d-e3ee-4306-97d6-03abe5dcf8f8,fUSD,0.0002222937,2,1,310.38,offer,2026-09-20T11:47:00.955123+00:00
63024c3d-e3ee-4306-97d6-03abe5dcf8f8,fUSD,0.00022308,2,2,47427.585927,offer,2026-09-20T11:47:00.955123+00:00
63024c3d-e3ee-4306-97d6-03abe5dcf8f8,fUSD,0.00022411,2,1,15964.47785233,offer,2026-09-20T11:47:00.955123+00:00
63024c3d-e3ee-4306-97d6-03abe5dcf8f8,fUSD,0.00022464657534246576,2,1,505.47800073,offer,2026-09-20T11:47:00.955123+00:00
63024c3d-e3ee-4306-97d6-03abe5dcf8f8,fUSD,0.0002251232876712329,4,1,150.0,offer,2026-09-20T11:47:00.955123+00:00
63024c3d-e3ee-4306-97d6-03abe5dcf8f8,fUSD,0.0002255491,2,1,310.38,offer,2026-09-20T11:47:00.955123+00:00
63024c3d-e3ee-4306-97d6-03abe5dcf8f8,fUSD,0.00022676,2,1,8550.0,offer,2026-09-20T11:47:00.955123+00:00
63024c3d-e3ee-4306-97d6-03abe5dcf8f8,fUSD,0.00022676,4,1,1410.36251342,offer,2026-09-20T11:47:00.955123+00:00
63024c3d-e3ee-4306-97d6-03abe5dcf8f8,fUSD,0.00022751086277503124,2,1,160.0,offer,2026-09-20T11:47:00.955123+00:00
63024c3d-e3ee-4306-97d6-03abe5dcf8f8,fUSD,0.0002277919,2,1,310.38,offer,2026-09-20T11:47:00.955123+00:00
63024c3d-e3ee-4306-97d6-03abe5dcf8f8,fUSD,0.000227931,2,1,250.0,offer,2026-09-20T11:47:00.955123+00:00
63024c3d-e3ee-4306-97d6-03abe5dcf8f8,fUSD,0.000228,2,2,2454.64725195,offer,2026-09-20T11:47:00.955123+00:00
8d68d6b4-94b7-49d4-b15b-2efc883cc4f8,fUSD,0.000273972602739726,120,1,-2281708.72483469,demand,2026-09-20T12:47:00.941262+00:00
8d68d6b4-94b7-49d4-b15b-2efc883cc4f8,fUSD,0.00022,30,1,-30100.0,demand,2026-09-20T12:47:00.941262+00:00
8d68d6b4-94b7-49d4-b15b-2efc883cc4f8,fUSD,0.00021,30,1,-30000.0,demand,2026-09-20T12:47:00.941262+00:00
8d68d6b4-94b7-49d4-b15b-2efc883cc4f8,fUSD,0.000209,30,1,-6289.12258117,demand,2026-09-20T12:47:00.941262+00:00
8d68d6b4-94b7-49d4-b15b-2efc883cc4f8,fUSD,0.0002,7,1,-150.0,demand,2026-09-20T12:47:00.941262+00:00
8d68d6b4-94b7-49d4-b15b-2efc883cc4f8,fUSD,0.0001712,120,1,-20000.0,demand,2026-09-20T12:47:00.941262+00:00
8d68d6b4-94b7-49d4-b15b-2efc883cc4f8,fUSD,0.00017111,120,1,-2000000.0,demand,2026-09-20T12:47:00.941262+00:00
8d68d6b4-94b7-49d4-b15b-2efc883cc4f8,fUSD,0.000161,120,1,-100000.0,demand,2026-09-20T12:47:00.941262+00:00
8d68d6b4-94b7-49d4-b15b-2efc883cc4f8,fUSD,0.0001603,120,1,-20000.0,demand,2026-09-20T12:47:00.941262+00:00
8d68d6b4-94b7-49d4-b15b-2efc883cc4f8,fUSD,0.0001601,30,1,-11212.66199579,demand,2026-09-20T12:47:00.941262+00:00
8d68d6b4-94b7-49d4-b15b-2efc883cc4f8,fUSD,0.00016,120,2,-10009162.66122322,demand,2026-09-20T12:47:00.941262+00:00
8d68d6b4-94b7-49d4-b15b-2efc883cc4f8,fUSD,0.0001503,90,1,-20000.0,demand,2026-09-20T12:47:00.941262+00:00
8d68d6b4-94b7-49d4-b15b-2efc883cc4f8,fUSD,0.00015001,5,4,-80000.0,demand,2026-09-20T12:47:00.941262+00:00
8d68d6b4-94b7-49d4-b15b-2efc883cc4f8,fUSD,0.00015,2,2,-4227338.87978522,demand,2026-09-20T12:47:00.941262+00:00
8d68d6b4-94b7-49d4-b15b-2efc883cc4f8,fUSD,0.00015,29,1,-150000.0,demand,2026-09-20T12:47:00.941262+00:00
8d68d6b4-94b7-49d4-b15b-2efc883cc4f8,fUSD,0.00015,7,1,-7816.72236591,demand,2026-09-20T12:47:00.941262+00:00
8d68d6b4-94b7-49d4-b15b-2efc883cc4f8,fUSD,0.000145,7,1,-190.0,demand,2026-09-20T12:47:00.941262+00:00
8d68d6b4-94b7-49d4-b15b-2efc883cc4f8,fUSD,0.0001435863946857916,2,1,-4718.52507741,demand,2026-09-20T12:47:00.941262+00:00
8d68d6b4-94b7-49d4-b15b-2efc883cc4f8,fUSD,0.00014358145458956553,2,1,-4718.52507741,demand,2026-09-20T12:47:00.941262+00:00
8d68d6b4-94b7-49d4-b15b-2efc883cc4f8,fUSD,0.00014356194852237344,2,1,-4718.52507741,demand,2026-09-20T12:47:00.941262+00:00
8d68d6b4-94b7-49d4-b15b-2efc883cc4f8,fUSD,0.000143555562935391,2,1,-4718.52507741,demand,2026-09-20T12:47:00.941262+00:00
8d68d6b4-94b7-49d4-b15b-2efc883cc4f8,fUSD,0.0001435401920636528,2,1,-4718.52507741,demand,2026-09-20T12:47:00.941262+00:00
8d68d6b4-94b7-49d4-b15b-2efc883cc4f8,fUSD,0.00014353218428285984,2,1,-4718.52507741,demand,2026-09-20T12:47:00.941262+00:00
8d68d6b4-94b7-49d4-b15b-2efc883cc4f8,fUSD,0.0001435237832458055,2,1,-4718.52507741,demand,2026-09-20T12:47:00.941262+00:00
8d68d6b4-94b7-49d4-b15b-2efc883cc4f8,fUSD,0.00014351033492584998,2,1,-4718.52507741,demand,2026-09-20T12:47:00.941262+00:00
8d68d6b4-94b7-49d4-b15b-2efc883cc4f8,fUSD,0.0002343517,2,1,2033.85425433,offer,2026-09-20T12:47:00.941262+00:00
8d68d6b4-94b7-49d4-b15b-2efc883cc4f8,fUSD,0.0002344654,2,1,150.0,offer,2026-09-20T12:47:00.941262+00:00
8d68d6b4-94b7-49d4-b15b-2efc883cc4f8,fUSD,0.0002367186,2,1,1490.4,offer,2026-09-20T12:47:00.941262+00:00
8d68d6b4-94b7-49d4-b15b-2efc883cc4f8,fUSD,0.00023699,2,2,1000.0,offer,2026-09-20T12:47:00.941262+00:00
8d68d6b4-94b7-49d4-b15b-2efc883cc4f8,fUSD,0.000237,2,1,3372.12946652,offer,2026-09-20T12:47:00.941262+00:00
8d68d6b4-94b7-49d4-b15b-2efc883cc4f8,fUSD,0.000239,2,2,3547.36946652,offer,2026-09-20T12:47:00.941262+00:00
8d68d6b4-94b7-49d4-b15b-2efc883cc4f8,fUSD,0.000241,2,1,3372.12946652,offer,2026-09-20T12:47:00.941262+00:00
8d68d6b4-94b7-49d4-b15b-2efc883cc4f8,fUSD,0.00024218551369863011,2,2,320.59331667,offer,2026-09-20T12:47:00.941262+00:00
8d68d6b4-94b7-49d4-b15b-2efc883cc4f8,fUSD,0.00024242,2,1,8587.98532595,offer,2026-09-20T12:47:00.941262+00:00
8d68d6b4-94b7-49d4-b15b-2efc883cc4f8,fUSD,0.0002426366821917808,2,1,1490.4,offer,2026-09-20T12:47:00.941262+00:00
8d68d6b4-94b7-49d4-b15b-2efc883cc4f8,fUSD,0.00024287671234,2,2,337.68,offer,2026-09-20T12:47:00.941262+00:00
8d68d6b4-94b7-49d4-b15b-2efc883cc4f8,fUSD,0.00024341,2,4,1819.38021029,offer,2026-09-20T12:47:00.941262+00:00
8d68d6b4-94b7-49d4-b15b-2efc883cc4f8,fUSD,0.0002434165107111351,2,2,1426.07884246,offer,2026-09-20T12:47:00.941262+00:00
8d68d6b4-94b7-49d4-b15b-2efc883cc4f8,fUSD,0.00024342,2,11,200000.0,offer,2026-09-20T12:47:00.941262+00:00
8d68d6b4-94b7-49d4-b15b-2efc883cc4f8,fUSD,0.00024357,2,1,1428.67,offer,2026-09-20T12:47:00.941262+00:00
8d68d6b4-94b7-49d4-b15b-2efc883cc4f8,fUSD,0.00024375483,7,2,337.54,offer,2026-09-20T12:47:00.941262+00:00
8d68d6b4-94b7-49d4-b15b-2efc883cc4f8,fUSD,0.00024389,2,1,5220.0,offer,2026-09-20T12:47:00.941262+00:00
8d68d6b4-94b7-49d4-b15b-2efc883cc4f8,fUSD,0.00024390129999999995,2,2,10423.10520532,offer,2026-09-20T12:47:00.941262+00:00
8d68d6b4-94b7-49d4-b15b-2efc883cc4f8,fUSD,0.00024397260273972604,2,1,506.0,offer,2026-09-20T12:47:00.941262+00:00
8d68d6b4-94b7-49d4-b15b-2efc883cc4f8,fUSD,0.000244,2,4,25957.93341242,offer,2026-09-20T12:47:00.941262+00:00
8d68d6b4-94b7-49d4-b15b-2efc883cc4f8,fUSD,0.00024400000000000002,2,1,252.63685409,offer,2026-09-20T12:47:00.941262+00:00
8d68d6b4-94b7-49d4-b15b-2efc883cc4f8,fUSD,0.00024413,2,1,953.72427665,offer,2026-09-20T12:47:00.941262+00:00
8d68d6b4-94b7-49d4-b15b-2efc883cc4f8,fUSD,0.00024423684391357064,2,1,15000.0,offer,2026-09-20T12:47:00.941262+00:00
8d68d6b4-94b7-49d4-b15b-2efc883cc4f8,fUSD,0.00024428,3,1,4950.0,offer,2026-09-20T12:47:00.941262+00:00
8d68d6b4-94b7-49d4-b15b-2efc883cc4f8,fUSD,0.00024441104518850944,2,1,15000.0,offer,2026-09-20T12:47:00.941262+00:00
89e88b0d-dcda-4d58-86de-c401e51ea738,fUSD,0.000273972602739726,120,1,-2272180.54518025,demand,2026-09-20T13:47:01.020358+00:00
89e88b0d-dcda-4d58-86de-c401e51ea738,fUSD,0.00022,30,1,-30100.0,demand,2026-09-20T13:47:01.020358+00:00
89e88b0d-dcda-4d58-86de-c401e51ea738,fUSD,0.00021,30,1,-30000.0,demand,2026-09-20T13:47:01.020358+00:00
89e88b0d-dcda-4d58-86de-c401e51ea738,fUSD,0.000209,30,1,-6289.12258117,demand,2026-09-20T13:47:01.020358+00:00
89e88b0d-dcda-4d58-86de-c401e51ea738,fUSD,0.0002,7,1,-150.0,demand,2026-09-20T13:47:01.020358+00:00
89e88b0d-dcda-4d58-86de-c401e51ea738,fUSD,0.0001712,120,1,-20000.0,demand,2026-09-20T13:47:01.020358+00:00
89e88b0d-dcda-4d58-86de-c401e51ea738,fUSD,0.00017111,120,1,-2000000.0,demand,2026-09-20T13:47:01.020358+00:00
89e88b0d-dcda-4d58-86de-c401e51ea738,fUSD,0.000161,120,1,-100000.0,demand,2026-09-20T13:47:01.020358+00:00
89e88b0d-dcda-4d58-86de-c401e51ea738,fUSD,0.0001603,120,1,-20000.0,demand,2026-09-20T13:47:01.020358+00:00
89e88b0d-dcda-4d58-86de-c401e51ea738,fUSD,0.0001601,30,1,-11212.66199579,demand,2026-09-20T13:47:01.020358+00:00
89e88b0d-dcda-4d58-86de-c401e51ea738,fUSD,0.00016,120,2,-10009162.66122322,demand,2026-09-20T13:47:01.020358+00:00
89e88b0d-dcda-4d58-86de-c401e51ea738,fUSD,0.0001503,90,1,-20000.0,demand,2026-09-20T13:47:01.020358+00:00
89e88b0d-dcda-4d58-86de-c401e51ea738,fUSD,0.00015012,2,4,-39642.20248033,demand,2026-09-20T13:47:01.020358+00:00
89e88b0d-dcda-4d58-86de-c401e51ea738,fUSD,0.00015011,2,1,-3675612.0,demand,2026-09-20T13:47:01.020358+00:00
89e88b0d-dcda-4d58-86de-c401e51ea738,fUSD,0.00015001,5,4,-80000.0,demand,2026-09-20T13:47:01.020358+00:00
89e88b0d-dcda-4d58-86de-c401e51ea738,fUSD,0.00015,2,2,-4227338.87978522,demand,2026-09-20T13:47:01.020358+00:00
89e88b0d-dcda-4d58-86de-c401e51ea738,fUSD,0.00015,29,1,-150000.0,demand,2026-09-20T13:47:01.020358+00:00
89e88b0d-dcda-4d58-86de-c401e51ea738,fUSD,0.00015,7,1,-7816.72236591,demand,2026-09-20T13:47:01.020358+00:00
89e88b0d-dcda-4d58-86de-c401e51ea738,fUSD,0.000145,7,1,-190.0,demand,2026-09-20T13:47:01.020358+00:00
89e88b0d-dcda-4d58-86de-c401e51ea738,fUSD,0.0001435863946857916,2,1,-4718.52507741,demand,2026-09-20T13:47:01.020358+00:00
89e88b0d-dcda-4d58-86de-c401e51ea738,fUSD,0.00014358145458956553,2,1,-4718.52507741,demand,2026-09-20T13:47:01.020358+00:00
89e88b0d-dcda-4d58-86de-c401e51ea738,fUSD,0.00014356194852237344,2,1,-4718.52507741,demand,2026-09-20T13:47:01.020358+00:00
89e88b0d-dcda-4d58-86de-c401e51ea738,fUSD,0.000143555562935391,2,1,-4718.52507741,demand,2026-09-20T13:47:01.020358+00:00
89e88b0d-dcda-4d58-86de-c401e51ea738,fUSD,0.0001435401920636528,2,1,-4718.52507741,demand,2026-09-20T13:47:01.020358+00:00
89e88b0d-dcda-4d58-86de-c401e51ea738,fUSD,0.00014353218428285984,2,1,-4718.52507741,demand,2026-09-20T13:47:01.020358+00:00
89e88b0d-dcda-4d58-86de-c401e51ea738,fUSD,0.0002249705,2,1,158.822778,offer,2026-09-20T13:47:01.020358+00:00
89e88b0d-dcda-4d58-86de-c401e51ea738,fUSD,0.0002312568,2,3,854.44484413,offer,2026-09-20T13:47:01.020358+00:00
89e88b0d-dcda-4d58-86de-c401e51ea738,fUSD,0.0002312668,2,1,5000.0,offer,2026-09-20T13:47:01.020358+00:00
89e88b0d-dcda-4d58-86de-c401e51ea738,fUSD,0.0002314524,2,1,1288.03,offer,2026-09-20T13:47:01.020358+00:00
89e88b0d-dcda-4d58-86de-c401e51ea738,fUSD,0.0002317204,2,1,335.06,offer,2026-09-20T13:47:01.020358+00:00
89e88b0d-dcda-4d58-86de-c401e51ea738,fUSD,0.0002337749,2,1,1812.01,offer,2026-09-20T13:47:01.020358+00:00
89e88b0d-dcda-4d58-86de-c401e51ea738,fUSD,0.0002343241,2,1,163.38,offer,2026-09-20T13:47:01.020358+00:00
89e88b0d-dcda-4d58-86de-c401e51ea738,fUSD,0.0002356140501,2,1,232.22,offer,2026-09-20T13:47:01.020358+00:00
89e88b0d-dcda-4d58-86de-c401e51ea738,fUSD,0.0002356435313375,2,1,250.0,offer,2026-09-20T13:47:01.020358+00:00
89e88b0d-dcda-4d58-86de-c401e51ea738,fUSD,0.000235673012575,2,1,302.95308447,offer,2026-09-20T13:47:01.020358+00:00
89e88b0d-dcda-4d58-86de-c401e51ea738,fUSD,0.00023573197505,2,1,254.91041829,offer,2026-09-20T13:47:01.020358+00:00
89e88b0d-dcda-4d58-86de-c401e51ea738,fUSD,0.0002358499,2,1,154.75,offer,2026-09-20T13:47:01.020358+00:00
89e88b0d-dcda-4d58-86de-c401e51ea738,fUSD,0.00023671232876712331,7,2,300.0,offer,2026-09-20T13:47:01.020358+00:00
89e88b0d-dcda-4d58-86de-c401e51ea738,fUSD,0.00023700062001534247,30,1,217.83,offer,2026-09-20T13:47:01.020358+00:00
89e88b0d-dcda-4d58-86de-c401e51ea738,fUSD,0.00023723,2,1,5946.0,offer,2026-09-20T13:47:01.020358+00:00
89e88b0d-dcda-4d58-86de-c401e51ea738,fUSD,0.000237238701369863,2,1,1288.03,offer,2026-09-20T13:47:01.020358+00:00
89e88b0d-dcda-4d58-86de-c401e51ea738,fUSD,0.0002375,2,1,169.75,offer,2026-09-20T13:47:01.020358+00:00
89e88b0d-dcda-4d58-86de-c401e51ea738,fUSD,0.00023818,7,1,500.0,offer,2026-09-20T13:47:01.020358+00:00
89e88b0d-dcda-4d58-86de-c401e51ea738,fUSD,0.000238579,2,1,150.0,offer,2026-09-20T13:47:01.020358+00:00
89e88b0d-dcda-4d58-86de-c401e51ea738,fUSD,0.00023858,2,1,151.76,offer,2026-09-20T13:47:01.020358+00:00
89e88b0d-dcda-4d58-86de-c401e51ea738,fUSD,0.00023926,2,1,7017.06674675,offer,2026-09-20T13:47:01.020358+00:00
89e88b0d-dcda-4d58-86de-c401e51ea738,fUSD,0.00023958,2,1,169.75,offer,2026-09-20T13:47:01.020358+00:00
89e88b0d-dcda-4d58-86de-c401e51ea738,fUSD,0.00023962054794520547,2,1,20375.24540814,offer,2026-09-20T13:47:01.020358+00:00
89e88b0d-dcda-4d58-86de-c401e51ea738,fUSD,0.0002396787022071233,30,1,217.83,offer,2026-09-20T13:47:01.020358+00:00
89e88b0d-dcda-4d58-86de-c401e51ea738,fUSD,0.00023972,2,4,52456.68823292,offer,2026-09-20T13:47:01.020358+00:00
21f78cc1-7f9d-4ca9-9c3a-b97df4686804,fUSD,0.000273972602739726,120,1,-2271813.43153324,demand,2026-09-20T14:47:00.915205+00:00
21f78cc1-7f9d-4ca9-9c3a-b97df4686804,fUSD,0.00022,30,1,-30100.0,demand,2026-09-20T14:47:00.915205+00:00
21f78cc1-7f9d-4ca9-9c3a-b97df4686804,fUSD,0.00021,30,1,-30000.0,demand,2026-09-20T14:47:00.915205+00:00
21f78cc1-7f9d-4ca9-9c3a-b97df4686804,fUSD,0.000209,30,1,-6289.12258117,demand,2026-09-20T14:47:00.915205+00:00
21f78cc1-7f9d-4ca9-9c3a-b97df4686804,fUSD,0.0002,7,1,-150.0,demand,2026-09-20T14:47:00.915205+00:00
21f78cc1-7f9d-4ca9-9c3a-b97df4686804,fUSD,0.0001712,120,1,-20000.0,demand,2026-09-20T14:47:00.915205+00:00
21f78cc1-7f9d-4ca9-9c3a-b97df4686804,fUSD,0.00017111,120,1,-2000000.0,demand,2026-09-20T14:47:00.915205+00:00
21f78cc1-7f9d-4ca9-9c3a-b97df4686804,fUSD,0.000161,120,1,-100000.0,demand,2026-09-20T14:47:00.915205+00:00
21f78cc1-7f9d-4ca9-9c3a-b97df4686804,fUSD,0.0001603,120,1,-20000.0,demand,2026-09-20T14:47:00.915205+00:00
21f78cc1-7f9d-4ca9-9c3a-b97df4686804,fUSD,0.0001601,30,1,-11212.66199579,demand,2026-09-20T14:47:00.915205+00:00
21f78cc1-7f9d-4ca9-9c3a-b97df4686804,fUSD,0.00016,120,2,-10009162.66122322,demand,2026-09-20T14:47:00.915205+00:00
21f78cc1-7f9d-4ca9-9c3a-b97df4686804,fUSD,0.0001503,90,1,-20000.0,demand,2026-09-20T14:47:00.915205+00:00
21f78cc1-7f9d-4ca9-9c3a-b97df4686804,fUSD,0.00015011,2,1,-2843864.53632035,demand,2026-09-20T14:47:00.915205+00:00
21f78cc1-7f9d-4ca9-9c3a-b97df4686804,fUSD,0.00015001,5,4,-80000.0,demand,2026-09-20T14:47:00.915205+00:00
21f78cc1-7f9d-4ca9-9c3a-b97df4686804,fUSD,0.00015,2,2,-4227338.87978522,demand,2026-09-20T14:47:00.915205+00:00
21f78cc1-7f9d-4ca9-9c3a-b97df4686804,fUSD,0.00015,29,1,-150000.0,demand,2026-09-20T14:47:00.915205+00:00
21f78cc1-7f9d-4ca9-9c3a-b97df4686804,fUSD,0.00015,7,1,-7816.72236591,demand,2026-09-20T14:47:00.915205+00:00
21f78cc1-7f9d-4ca9-9c3a-b97df4686804,fUSD,0.000145,7,1,-190.0,demand,2026-09-20T14:47:00.915205+00:00
21f78cc1-7f9d-4ca9-9c3a-b97df4686804,fUSD,0.00014359451414469932,2,1,-4718.52507741,demand,2026-09-20T14:47:00.915205+00:00
21f78cc1-7f9d-4ca9-9c3a-b97df4686804,fUSD,0.00014357662505983532,2,1,-4718.52507741,demand,2026-09-20T14:47:00.915205+00:00
21f78cc1-7f9d-4ca9-9c3a-b97df4686804,fUSD,0.00014357656749301964,2,1,-4718.52507741,demand,2026-09-20T14:47:00.915205+00:00
21f78cc1-7f9d-4ca9-9c3a-b97df4686804,fUSD,0.00014355989760495531,2,1,-4718.52507741,demand,2026-09-20T14:47:00.915205+00:00
21f78cc1-7f9d-4ca9-9c3a-b97df4686804,fUSD,0.00014355592188643586,2,1,-4718.52507741,demand,2026-09-20T14:47:00.915205+00:00
21f78cc1-7f9d-4ca9-9c3a-b97df4686804,fUSD,0.00014354681190270033,2,1,-4718.52507741,demand,2026-09-20T14:47:00.915205+00:00
21f78cc1-7f9d-4ca9-9c3a-b97df4686804,fUSD,0.00014352272281010185,2,1,-4718.52507741,demand,2026-09-20T14:47:00.915205+00:00
21f78cc1-7f9d-4ca9-9c3a-b97df4686804,fUSD,0.0002404083,2,1,5000.0,offer,2026-09-20T14:47:00.915205+00:00
21f78cc1-7f9d-4ca9-9c3a-b97df4686804,fUSD,0.000241338,2,1,18.06117913,offer,2026-09-20T14:47:00.915205+00:00
21f78cc1-7f9d-4ca9-9c3a-b97df4686804,fUSD,0.0002422736,2,1,200.0,offer,2026-09-20T14:47:00.915205+00:00
21f78cc1-7f9d-4ca9-9c3a-b97df4686804,fUSD,0.00024397260273972604,2,1,504.0,offer,2026-09-20T14:47:00.915205+00:00
21f78cc1-7f9d-4ca9-9c3a-b97df4686804,fUSD,0.000244177896,2,1,218.12870249,offer,2026-09-20T14:47:00.915205+00:00
21f78cc1-7f9d-4ca9-9c3a-b97df4686804,fUSD,0.00024507,2,1,158.09462618,offer,2026-09-20T14:47:00.915205+00:00
21f78cc1-7f9d-4ca9-9c3a-b97df4686804,fUSD,0.000246072192,2,18,8088.05504113,offer,2026-09-20T14:47:00.915205+00:00
21f78cc1-7f9d-4ca9-9c3a-b97df4686804,fUSD,0.000246082192,7,1,3954.17915295,offer,2026-09-20T14:47:00.915205+00:00
21f78cc1-7f9d-4ca9-9c3a-b97df4686804,fUSD,0.00024632876712328767,7,1,150.0,offer,2026-09-20T14:47:00.915205+00:00
21f78cc1-7f9d-4ca9-9c3a-b97df4686804,fUSD,0.00024851955755903984,2,1,160.0,offer,2026-09-20T14:47:00.915205+00:00
21f78cc1-7f9d-4ca9-9c3a-b97df4686804,fUSD,0.00024852,2,1,169.76,offer,2026-09-20T14:47:00.915205+00:00
21f78cc1-7f9d-4ca9-9c3a-b97df4686804,fUSD,0.00024853,2,1,2847.85522689,offer,2026-09-20T14:47:00.915205+00:00
21f78cc1-7f9d-4ca9-9c3a-b97df4686804,fUSD,0.000249,2,1,11171.47349707,offer,2026-09-20T14:47:00.915205+00:00
21f78cc1-7f9d-4ca9-9c3a-b97df4686804,fUSD,0.00024942876712328763,2,1,310.27,offer,2026-09-20T14:47:00.915205+00:00
21f78cc1-7f9d-4ca9-9c3a-b97df4686804,fUSD,0.00024952,2,2,1000.0,offer,2026-09-20T14:47:00.915205+00:00
21f78cc1-7f9d-4ca9-9c3a-b97df4686804,fUSD,0.00024952876712328764,2,1,1000.0,offer,2026-09-20T14:47:00.915205+00:00
21f78cc1-7f9d-4ca9-9c3a-b97df4686804,fUSD,0.00024953,2,17,233110.01107198,offer,2026-09-20T14:47:00.915205+00:00
21f78cc1-7f9d-4ca9-9c3a-b97df4686804,fUSD,0.00024953,3,2,312.0,offer,2026-09-20T14:47:00.915205+00:00
21f78cc1-7f9d-4ca9-9c3a-b97df4686804,fUSD,0.0002495342329075418,2,1,1260.0342678,offer,2026-09-20T14:47:00.915205+00:00
21f78cc1-7f9d-4ca9-9c3a-b97df4686804,fUSD,0.00024973613973986423,2,1,1260.0342678,offer,2026-09-20T14:47:00.915205+00:00
21f78cc1-7f9d-4ca9-9c3a-b97df4686804,fUSD,0.0002499,2,3,781.74,offer,2026-09-20T14:47:00.915205+00:00
21f78cc1-7f9d-4ca9-9c3a-b97df4686804,fUSD,0.00024998,2,1,2040.0,offer,2026-09-20T14:47:00.915205+00:00
21f78cc1-7f9d-4ca9-9c3a-b97df4686804,fUSD,0.00025,2,5,162849.76824486,offer,2026-09-20T14:47:00.915205+00:00
21f78cc1-7f9d-4ca9-9c3a-b97df4686804,fUSD,0.00025032002427243525,2,1,1260.0342678,offer,2026-09-20T14:47:00.915205+00:00
21f78cc1-7f9d-4ca9-9c3a-b97df4686804,fUSD,0.00025061,2,1,587.722,offer,2026-09-20T14:47:00.915205+00:00
a516f185-2e6d-4e62-9f13-b5b8cc839253,fUSD,0.000273972602739726,120,1,-2271201.91153324,demand,2026-09-20T15:47:00.928727+00:00
a516f185-2e6d-4e62-9f13-b5b8cc839253,fUSD,0.00022,30,1,-30100.0,demand,2026-09-20T15:47:00.928727+00:00
a516f185-2e6d-4e62-9f13-b5b8cc839253,fUSD,0.00021,30,1,-30000.0,demand,2026-09-20T15:47:00.928727+00:00
a516f185-2e6d-4e62-9f13-b5b8cc839253,fUSD,0.000209,30,1,-6289.12258117,demand,2026-09-20T15:47:00.928727+00:00
a516f185-2e6d-4e62-9f13-b5b8cc839253,fUSD,0.0002,7,1,-150.0,demand,2026-09-20T15:47:00.928727+00:00
a516f185-2e6d-4e62-9f13-b5b8cc839253,fUSD,0.0002,2,1,-10357.87,demand,2026-09-20T15:47:00.928727+00:00
a516f185-2e6d-4e62-9f13-b5b8cc839253,fUSD,0.0001712,120,1,-20000.0,demand,2026-09-20T15:47:00.928727+00:00
a516f185-2e6d-4e62-9f13-b5b8cc839253,fUSD,0.00017111,120,1,-2000000.0,demand,2026-09-20T15:47:00.928727+00:00
a516f185-2e6d-4e62-9f13-b5b8cc839253,fUSD,0.000161,120,1,-100000.0,demand,2026-09-20T15:47:00.928727+00:00
a516f185-2e6d-4e62-9f13-b5b8cc839253,fUSD,0.0001603,120,1,-20000.0,demand,2026-09-20T15:47:00.928727+00:00
a516f185-2e6d-4e62-9f13-b5b8cc839253,fUSD,0.0001601,30,1,-11212.66199579,demand,2026-09-20T15:47:00.928727+00:00
a516f185-2e6d-4e62-9f13-b5b8cc839253,fUSD,0.00016,120,2,-10009162.66122322,demand,2026-09-20T15:47:00.928727+00:00
a516f185-2e6d-4e62-9f13-b5b8cc839253,fUSD,0.000156534,2,1,-453.547054,demand,2026-09-20T15:47:00.928727+00:00
a516f185-2e6d-4e62-9f13-b5b8cc839253,fUSD,0.0001503,90,1,-20000.0,demand,2026-09-20T15:47:00.928727+00:00
a516f185-2e6d-4e62-9f13-b5b8cc839253,fUSD,0.00015001,5,4,-80000.0,demand,2026-09-20T15:47:00.928727+00:00
a516f185-2e6d-4e62-9f13-b5b8cc839253,fUSD,0.00015,2,1,-10000.0,demand,2026-09-20T15:47:00.928727+00:00
a516f185-2e6d-4e62-9f13-b5b8cc839253,fUSD,0.00015,29,1,-150000.0,demand,2026-09-20T15:47:00.928727+00:00
a516f185-2e6d-4e62-9f13-b5b8cc839253,fUSD,0.00015,7,1,-7816.72236591,demand,2026-09-20T15:47:00.928727+00:00
a516f185-2e6d-4e62-9f13-b5b8cc839253,fUSD,0.000145,7,1,-190.0,demand,2026-09-20T15:47:00.928727+00:00
a516f185-2e6d-4e62-9f13-b5b8cc839253,fUSD,0.00014359451414469932,2,1,-4718.52507741,demand,2026-09-20T15:47:00.928727+00:00
a516f185-2e6d-4e62-9f13-b5b8cc839253,fUSD,0.00014357662505983532,2,1,-4718.52507741,demand,2026-09-20T15:47:00.928727+00:00
a516f185-2e6d-4e62-9f13-b5b8cc839253,fUSD,0.00014357656749301964,2,1,-4718.52507741,demand,2026-09-20T15:47:00.928727+00:00
a516f185-2e6d-4e62-9f13-b5b8cc839253,fUSD,0.00014355989760495531,2,1,-4718.52507741,demand,2026-09-20T15:47:00.928727+00:00
a516f185-2e6d-4e62-9f13-b5b8cc839253,fUSD,0.00014355592188643586,2,1,-4718.52507741,demand,2026-09-20T15:47:00.928727+00:00
a516f185-2e6d-4e62-9f13-b5b8cc839253,fUSD,0.00014354681190270033,2,1,-4718.52507741,demand,2026-09-20T15:47:00.928727+00:00
a516f185-2e6d-4e62-9f13-b5b8cc839253,fUSD,0.00022,30,1,1002.0,offer,2026-09-20T15:47:00.928727+00:00
a516f185-2e6d-4e62-9f13-b5b8cc839253,fUSD,0.00024397260273972604,2,1,512.0,offer,2026-09-20T15:47:00.928727+00:00
a516f185-2e6d-4e62-9f13-b5b8cc839253,fUSD,0.00024658,2,1,157.15,offer,2026-09-20T15:47:00.928727+00:00
a516f185-2e6d-4e62-9f13-b5b8cc839253,fUSD,0.00025364739726027396,2,3,859.35753154,offer,2026-09-20T15:47:00.928727+00:00
a516f185-2e6d-4e62-9f13-b5b8cc839253,fUSD,0.000254745973,5,1,168.0,offer,2026-09-20T15:47:00.928727+00:00
a516f185-2e6d-4e62-9f13-b5b8cc839253,fUSD,0.00025734,2,1,150.0,offer,2026-09-20T15:47:00.928727+00:00
a516f185-2e6d-4e62-9f13-b5b8cc839253,fUSD,0.00025746,7,1,500.0,offer,2026-09-20T15:47:00.928727+00:00
a516f185-2e6d-4e62-9f13-b5b8cc839253,fUSD,0.000258,2,1,542.6037568,offer,2026-09-20T15:47:00.928727+00:00
a516f185-2e6d-4e62-9f13-b5b8cc839253,fUSD,0.0002582639726027397,2,2,635.27528166,offer,2026-09-20T15:47:00.928727+00:00
a516f185-2e6d-4e62-9f13-b5b8cc839253,fUSD,0.0002582739726027397,2,3,1547.14529196,offer,2026-09-20T15:47:00.928727+00:00
a516f185-2e6d-4e62-9f13-b5b8cc839253,fUSD,0.0002586924639326298,2,1,3534.0,offer,2026-09-20T15:47:00.928727+00:00
a516f185-2e6d-4e62-9f13-b5b8cc839253,fUSD,0.000258808,2,10,15016.1185609,offer,2026-09-20T15:47:00.928727+00:00
a516f185-2e6d-4e62-9f13-b5b8cc839253,fUSD,0.00025881,2,1,1000.0,offer,2026-09-20T15:47:00.928727+00:00
a516f185-2e6d-4e62-9f13-b5b8cc839253,fUSD,0.000259788329,5,1,196.0,offer,2026-09-20T15:47:00.928727+00:00
a516f185-2e6d-4e62-9f13-b5b8cc839253,fUSD,0.00026,5,1,17217.35368224,offer,2026-09-20T15:47:00.928727+00:00
a516f185-2e6d-4e62-9f13-b5b8cc839253,fUSD,0.00026,30,1,150.0,offer,2026-09-20T15:47:00.928727+00:00
a516f185-2e6d-4e62-9f13-b5b8cc839253,fUSD,0.00026,2,11,11993.82,offer,2026-09-20T15:47:00.928727+00:00
a516f185-2e6d-4e62-9f13-b5b8cc839253,fUSD,0.00026027,2,8,7051.62,offer,2026-09-20T15:47:00.928727+00:00
a516f185-2e6d-4e62-9f13-b5b8cc839253,fUSD,0.0002602739726027397,2,1,150.0,offer,2026-09-20T15:47:00.928727+00:00
a516f185-2e6d-4e62-9f13-b5b8cc839253,fUSD,0.00026047,2,1,10214.0,offer,2026-09-20T15:47:00.928727+00:00
a516f185-2e6d-4e62-9f13-b5b8cc839253,fUSD,0.000261,2,1,1080.10735028,offer,2026-09-20T15:47:00.928727+00:00
a516f185-2e6d-4e62-9f13-b5b8cc839253,fUSD,0.00026101,2,1,12065.0,offer,2026-09-20T15:47:00.928727+00:00
a516f185-2e6d-4e62-9f13-b5b8cc839253,fUSD,0.00026153,2,1,5313.0,offer,2026-09-20T15:47:00.928727+00:00
a516f185-2e6d-4e62-9f13-b5b8cc839253,fUSD,0.00026179,7,6,6710.82,offer,2026-09-20T15:47:00.928727+00:00
a516f185-2e6d-4e62-9f13-b5b8cc839253,fUSD,0.00026301,7,2,340.8,offer,2026-09-20T15:47:00.928727+00:00
52bbeacc-e494-4a13-b4be-ae39aabf452e,fUSD,0.000273972602739726,120,1,-2259854.23153324,demand,2026-09-20T16:47:01.052781+00:00
52bbeacc-e494-4a13-b4be-ae39aabf452e,fUSD,0.00022,30,1,-30100.0,demand,2026-09-20T16:47:01.052781+00:00
52bbeacc-e494-4a13-b4be-ae39aabf452e,fUSD,0.00021,30,1,-30000.0,demand,2026-09-20T16:47:01.052781+00:00
52bbeacc-e494-4a13-b4be-ae39aabf452e,fUSD,0.000209,30,1,-6289.12258117,demand,2026-09-20T16:47:01.052781+00:00
52bbeacc-e494-4a13-b4be-ae39aabf452e,fUSD,0.0002,7,1,-150.0,demand,2026-09-20T16:47:01.052781+00:00
52bbeacc-e494-4a13-b4be-ae39aabf452e,fUSD,0.0001712,120,1,-20000.0,demand,2026-09-20T16:47:01.052781+00:00
52bbeacc-e494-4a13-b4be-ae39aabf452e,fUSD,0.00017111,120,1,-2000000.0,demand,2026-09-20T16:47:01.052781+00:00
52bbeacc-e494-4a13-b4be-ae39aabf452e,fUSD,0.000161,120,1,-100000.0,demand,2026-09-20T16:47:01.052781+00:00
52bbeacc-e494-4a13-b4be-ae39aabf452e,fUSD,0.0001603,120,1,-20000.0,demand,2026-09-20T16:47:01.052781+00:00
52bbeacc-e494-4a13-b4be-ae39aabf452e,fUSD,0.0001601,30,1,-10612.66199579,demand,2026-09-20T16:47:01.052781+00:00
52bbeacc-e494-4a13-b4be-ae39aabf452e,fUSD,0.00016,120,2,-10009162.66122322,demand,2026-09-20T16:47:01.052781+00:00
52bbeacc-e494-4a13-b4be-ae39aabf452e,fUSD,0.0001503,90,1,-20000.0,demand,2026-09-20T16:47:01.052781+00:00
52bbeacc-e494-4a13-b4be-ae39aabf452e,fUSD,0.00015001,5,3,-41073.86285182,demand,2026-09-20T16:47:01.052781+00:00
52bbeacc-e494-4a13-b4be-ae39aabf452e,fUSD,0.00015,2,1,-10000.0,demand,2026-09-20T16:47:01.052781+00:00
52bbeacc-e494-4a13-b4be-ae39aabf452e,fUSD,0.00015,29,1,-150000.0,demand,2026-09-20T16:47:01.052781+00:00
52bbeacc-e494-4a13-b4be-ae39aabf452e,fUSD,0.00015,7,1,-7816.72236591,demand,2026-09-20T16:47:01.052781+00:00
52bbeacc-e494-4a13-b4be-ae39aabf452e,fUSD,0.000145,7,1,-190.0,demand,2026-09-20T16:47:01.052781+00:00
52bbeacc-e494-4a13-b4be-ae39aabf452e,fUSD,0.00014252,120,1,-10770.76644364,demand,2026-09-20T16:47:01.052781+00:00
52bbeacc-e494-4a13-b4be-ae39aabf452e,fUSD,0.000141,2,1,-17229.28105005,demand,2026-09-20T16:47:01.052781+00:00
52bbeacc-e494-4a13-b4be-ae39aabf452e,fUSD,0.0001403,90,1,-20000.0,demand,2026-09-20T16:47:01.052781+00:00
52bbeacc-e494-4a13-b4be-ae39aabf452e,fUSD,0.00014001,2,1,-180860.23919421,demand,2026-09-20T16:47:01.052781+00:00
52bbeacc-e494-4a13-b4be-ae39aabf452e,fUSD,0.00013607728879301445,2,1,-4718.52507741,demand,2026-09-20T16:47:01.052781+00:00
52bbeacc-e494-4a13-b4be-ae39aabf452e,fUSD,0.0001360703331271584,2,1,-4718.52507741,demand,2026-09-20T16:47:01.052781+00:00
52bbeacc-e494-4a13-b4be-ae39aabf452e,fUSD,0.0001360609388186982,2,1,-4718.52507741,demand,2026-09-20T16:47:01.052781+00:00
52bbeacc-e494-4a13-b4be-ae39aabf452e,fUSD,0.00013605033947142664,2,1,-4718.52507741,demand,2026-09-20T16:47:01.052781+00:00
52bbeacc-e494-4a13-b4be-ae39aabf452e,fUSD,0.00014155,2,1,130.77799765,offer,2026-09-20T16:47:01.052781+00:00
52bbeacc-e494-4a13-b4be-ae39aabf452e,fUSD,0.00014157065,2,1,600.0,offer,2026-09-20T16:47:01.052781+00:00
52bbeacc-e494-4a13-b4be-ae39aabf452e,fUSD,0.0001415913,2,1,300.0,offer,2026-09-20T16:47:01.052781+00:00
52bbeacc-e494-4a13-b4be-ae39aabf452e,fUSD,0.0001416326,2,1,159.76917502,offer,2026-09-20T16:47:01.052781+00:00
52bbeacc-e494-4a13-b4be-ae39aabf452e,fUSD,0.00014211747537863013,2,1,393.81,offer,2026-09-20T16:47:01.052781+00:00
52bbeacc-e494-4a13-b4be-ae39aabf452e,fUSD,0.00014301,2,1,150.0,offer,2026-09-20T16:47:01.052781+00:00
52bbeacc-e494-4a13-b4be-ae39aabf452e,fUSD,0.00014375048907726027,2,3,1564.07883158,offer,2026-09-20T16:47:01.052781+00:00
52bbeacc-e494-4a13-b4be-ae39aabf452e,fUSD,0.00014376048907726026,2,1,393.81,offer,2026-09-20T16:47:01.052781+00:00
52bbeacc-e494-4a13-b4be-ae39aabf452e,fUSD,0.00014442,2,1,150.0,offer,2026-09-20T16:47:01.052781+00:00
52bbeacc-e494-4a13-b4be-ae39aabf452e,fUSD,0.00014540350277589042,2,1,393.81,offer,2026-09-20T16:47:01.052781+00:00
52bbeacc-e494-4a13-b4be-ae39aabf452e,fUSD,0.00014569525000000002,2,7,2482.83188763,offer,2026-09-20T16:47:01.052781+00:00
52bbeacc-e494-4a13-b4be-ae39aabf452e,fUSD,0.000145715251,2,2,903.87,offer,2026-09-20T16:47:01.052781+00:00
52bbeacc-e494-4a13-b4be-ae39aabf452e,fUSD,0.00014584,2,1,150.0,offer,2026-09-20T16:47:01.052781+00:00
52bbeacc-e494-4a13-b4be-ae39aabf452e,fUSD,0.00014704651647452056,2,1,393.81,offer,2026-09-20T16:47:01.052781+00:00
52bbeacc-e494-4a13-b4be-ae39aabf452e,fUSD,0.00014725,2,1,150.0,offer,2026-09-20T16:47:01.052781+00:00
52bbeacc-e494-4a13-b4be-ae39aabf452e,fUSD,0.00014787,2,1,7341.0,offer,2026-09-20T16:47:01.052781+00:00
52bbeacc-e494-4a13-b4be-ae39aabf452e,fUSD,0.00014867,2,1,150.0,offer,2026-09-20T16:47:01.052781+00:00
52bbeacc-e494-4a13-b4be-ae39aabf452e,fUSD,0.0001486895301731507,2,1,393.81,offer,2026-09-20T16:47:01.052781+00:00
52bbeacc-e494-4a13-b4be-ae39aabf452e,fUSD,0.000149,2,3,17930.25776355,offer,2026-09-20T16:47:01.052781+00:00
52bbeacc-e494-4a13-b4be-ae39aabf452e,fUSD,0.0001491885,2,1,200.0,offer,2026-09-20T16:47:01.052781+00:00
52bbeacc-e494-4a13-b4be-ae39aabf452e,fUSD,0.00014919,2,2,4463.0,offer,2026-09-20T16:47:01.052781+00:00
52bbeacc-e494-4a13-b4be-ae39aabf452e,fUSD,0.00014949,2,1,6257.0,offer,2026-09-20T16:47:01.052781+00:00
52bbeacc-e494-4a13-b4be-ae39aabf452e,fUSD,0.00014953287671232873,2,1,6610.20859147,offer,2026-09-20T16:47:01.052781+00:00
52bbeacc-e494-4a13-b4be-ae39aabf452e,fUSD,0.00014962,2,1,150.0,offer,2026-09-20T16:47:01.052781+00:00
52bbeacc-e494-4a13-b4be-ae39aabf452e,fUSD,0.0001496326,2,12,266101.45910733,offer,2026-09-20T16:47:01.052781+00:00
54bb852a-16d5-4c32-9448-474d1b029ad9,fUSD,0.000273972602739726,120,1,-2257084.62278166,demand,2026-09-20T17:47:00.938718+00:00
54bb852a-16d5-4c32-9448-474d1b029ad9,fUSD,0.00022,30,1,-30100.0,demand,2026-09-20T17:47:00.938718+00:00
54bb852a-16d5-4c32-9448-474d1b029ad9,fUSD,0.00021,30,1,-30000.0,demand,2026-09-20T17:47:00.938718+00:00
54bb852a-16d5-4c32-9448-474d1b029ad9,fUSD,0.000209,30,1,-6289.12258117,demand,2026-09-20T17:47:00.938718+00:00
54bb852a-16d5-4c32-9448-474d1b029ad9,fUSD,0.0002,7,1,-150.0,demand,2026-09-20T17:47:00.938718+00:00
54bb852a-16d5-4c32-9448-474d1b029ad9,fUSD,0.0001712,120,1,-20000.0,demand,2026-09-20T17:47:00.938718+00:00
54bb852a-16d5-4c32-9448-474d1b029ad9,fUSD,0.00017111,120,1,-2000000.0,demand,2026-09-20T17:47:00.938718+00:00
54bb852a-16d5-4c32-9448-474d1b029ad9,fUSD,0.000161,120,1,-100000.0,demand,2026-09-20T17:47:00.938718+00:00
54bb852a-16d5-4c32-9448-474d1b029ad9,fUSD,0.000161,60,1,-20000.0,demand,2026-09-20T17:47:00.938718+00:00
54bb852a-16d5-4c32-9448-474d1b029ad9,fUSD,0.0001603,120,1,-20000.0,demand,2026-09-20T17:47:00.938718+00:00
54bb852a-16d5-4c32-9448-474d1b029ad9,fUSD,0.0001601,30,1,-10612.66199579,demand,2026-09-20T17:47:00.938718+00:00
54bb852a-16d5-4c32-9448-474d1b029ad9,fUSD,0.00016,120,2,-10009162.66122322,demand,2026-09-20T17:47:00.938718+00:00
54bb852a-16d5-4c32-9448-474d1b029ad9,fUSD,0.0001503,90,1,-20000.0,demand,2026-09-20T17:47:00.938718+00:00
54bb852a-16d5-4c32-9448-474d1b029ad9,fUSD,0.00015,2,1,-10000.0,demand,2026-09-20T17:47:00.938718+00:00
54bb852a-16d5-4c32-9448-474d1b029ad9,fUSD,0.00015,29,1,-150000.0,demand,2026-09-20T17:47:00.938718+00:00
54bb852a-16d5-4c32-9448-474d1b029ad9,fUSD,0.00015,7,1,-7816.72236591,demand,2026-09-20T17:47:00.938718+00:00
54bb852a-16d5-4c32-9448-474d1b029ad9,fUSD,0.000145,7,1,-190.0,demand,2026-09-20T17:47:00.938718+00:00
54bb852a-16d5-4c32-9448-474d1b029ad9,fUSD,0.00014252,120,1,-10770.76644364,demand,2026-09-20T17:47:00.938718+00:00
54bb852a-16d5-4c32-9448-474d1b029ad9,fUSD,0.000141,2,1,-16871.89250644,demand,2026-09-20T17:47:00.938718+00:00
54bb852a-16d5-4c32-9448-474d1b029ad9,fUSD,0.0001403,90,1,-20000.0,demand,2026-09-20T17:47:00.938718+00:00
54bb852a-16d5-4c32-9448-474d1b029ad9,fUSD,0.00014001,2,1,-180860.23919421,demand,2026-09-20T17:47:00.938718+00:00
54bb852a-16d5-4c32-9448-474d1b029ad9,fUSD,0.00013607728879301445,2,1,-4718.52507741,demand,2026-09-20T17:47:00.938718+00:00
54bb852a-16d5-4c32-9448-474d1b029ad9,fUSD,0.0001360703331271584,2,1,-4718.52507741,demand,2026-09-20T17:47:00.938718+00:00
54bb852a-16d5-4c32-9448-474d1b029ad9,fUSD,0.0001360609388186982,2,1,-4718.52507741,demand,2026-09-20T17:47:00.938718+00:00
54bb852a-16d5-4c32-9448-474d1b029ad9,fUSD,0.00013605033947142664,2,1,-4718.52507741,demand,2026-09-20T17:47:00.938718+00:00
54bb852a-16d5-4c32-9448-474d1b029ad9,fUSD,0.000146348,2,1,1109.12,offer,2026-09-20T17:47:00.938718+00:00
54bb852a-16d5-4c32-9448-474d1b029ad9,fUSD,0.0001467409,2,1,200.0,offer,2026-09-20T17:47:00.938718+00:00
54bb852a-16d5-4c32-9448-474d1b029ad9,fUSD,0.000149,2,3,1333.98314903,offer,2026-09-20T17:47:00.938718+00:00
54bb852a-16d5-4c32-9448-474d1b029ad9,fUSD,0.00014998,2,5,1466.91831691,offer,2026-09-20T17:47:00.938718+00:00
54bb852a-16d5-4c32-9448-474d1b029ad9,fUSD,0.00014999,2,17,202719.41795078,offer,2026-09-20T17:47:00.938718+00:00
54bb852a-16d5-4c32-9448-474d1b029ad9,fUSD,0.00014999001,2,1,666.0,offer,2026-09-20T17:47:00.938718+00:00
54bb852a-16d5-4c32-9448-474d1b029ad9,fUSD,0.00015,2,14,4807082.72096989,offer,2026-09-20T17:47:00.938718+00:00
54bb852a-16d5-4c32-9448-474d1b029ad9,fUSD,0.00015,5,1,188236.19145092,offer,2026-09-20T17:47:00.938718+00:00
54bb852a-16d5-4c32-9448-474d1b029ad9,fUSD,0.000150315901369863,2,1,1678.46,offer,2026-09-20T17:47:00.938718+00:00
54bb852a-16d5-4c32-9448-474d1b029ad9,fUSD,0.000150446,2,1,307.56,offer,2026-09-20T17:47:00.938718+00:00
54bb852a-16d5-4c32-9448-474d1b029ad9,fUSD,0.0001509345,2,1,491.14,offer,2026-09-20T17:47:00.938718+00:00
54bb852a-16d5-4c32-9448-474d1b029ad9,fUSD,0.00015095,2,1,150.0,offer,2026-09-20T17:47:00.938718+00:00
54bb852a-16d5-4c32-9448-474d1b029ad9,fUSD,0.0001512479,2,1,307.56,offer,2026-09-20T17:47:00.938718+00:00
54bb852a-16d5-4c32-9448-474d1b029ad9,fUSD,0.00015164595957939397,2,1,10274.76444166,offer,2026-09-20T17:47:00.938718+00:00
54bb852a-16d5-4c32-9448-474d1b029ad9,fUSD,0.00015164657534246575,2,1,500.0,offer,2026-09-20T17:47:00.938718+00:00
54bb852a-16d5-4c32-9448-474d1b029ad9,fUSD,0.0001517033,2,1,491.14,offer,2026-09-20T17:47:00.938718+00:00
54bb852a-16d5-4c32-9448-474d1b029ad9,fUSD,0.00015173,2,1,5294.91661319,offer,2026-09-20T17:47:00.938718+00:00
54bb852a-16d5-4c32-9448-474d1b029ad9,fUSD,0.00015178,2,1,6076.0,offer,2026-09-20T17:47:00.938718+00:00
54bb852a-16d5-4c32-9448-474d1b029ad9,fUSD,0.0001519194,2,1,307.56,offer,2026-09-20T17:47:00.938718+00:00
54bb852a-16d5-4c32-9448-474d1b029ad9,fUSD,0.00015192,2,1,5602.0,offer,2026-09-20T17:47:00.938718+00:00
54bb852a-16d5-4c32-9448-474d1b029ad9,fUSD,0.00015209,2,1,12991.0,offer,2026-09-20T17:47:00.938718+00:00
54bb852a-16d5-4c32-9448-474d1b029ad9,fUSD,0.00015232,2,2,14619.52932058,offer,2026-09-20T17:47:00.938718+00:00
54bb852a-16d5-4c32-9448-474d1b029ad9,fUSD,0.0001523471,2,1,491.14,offer,2026-09-20T17:47:00.938718+00:00
54bb852a-16d5-4c32-9448-474d1b029ad9,fUSD,0.00015239,2,1,13865.0,offer,2026-09-20T17:47:00.938718+00:00
54bb852a-16d5-4c32-9448-474d1b029ad9,fUSD,0.00015243,2,1,150.0,offer,2026-09-20T17:47:00.938718+00:00
30497d5f-3201-4177-a026-c8d132aed98f,fUSD,0.000273972602739726,120,1,-2156465.07278166,demand,2026-09-20T18:47:01.022675+00:00
30497d5f-3201-4177-a026-c8d132aed98f,fUSD,0.00022,30,1,-30100.0,demand,2026-09-20T18:47:01.022675+00:00
30497d5f-3201-4177-a026-c8d132aed98f,fUSD,0.00021,30,1,-30000.0,demand,2026-09-20T18:47:01.022675+00:00
30497d5f-3201-4177-a026-c8d132aed98f,fUSD,0.000209,30,1,-6289.12258117,demand,2026-09-20T18:47:01.022675+00:00
30497d5f-3201-4177-a026-c8d132aed98f,fUSD,0.0002,7,1,-150.0,demand,2026-09-20T18:47:01.022675+00:00
30497d5f-3201-4177-a026-c8d132aed98f,fUSD,0.0001712,120,1,-20000.0,demand,2026-09-20T18:47:01.022675+00:00
30497d5f-3201-4177-a026-c8d132aed98f,fUSD,0.00017111,120,1,-2000000.0,demand,2026-09-20T18:47:01.022675+00:00
30497d5f-3201-4177-a026-c8d132aed98f,fUSD,0.000161,120,1,-100000.0,demand,2026-09-20T18:47:01.022675+00:00
30497d5f-3201-4177-a026-c8d132aed98f,fUSD,0.000161,60,1,-20000.0,demand,2026-09-20T18:47:01.022675+00:00
30497d5f-3201-4177-a026-c8d132aed98f,fUSD,0.0001603,120,1,-20000.0,demand,2026-09-20T18:47:01.022675+00:00
30497d5f-3201-4177-a026-c8d132aed98f,fUSD,0.0001601,30,1,-10612.66199579,demand,2026-09-20T18:47:01.022675+00:00
30497d5f-3201-4177-a026-c8d132aed98f,fUSD,0.00016,120,2,-10009162.66122322,demand,2026-09-20T18:47:01.022675+00:00
30497d5f-3201-4177-a026-c8d132aed98f,fUSD,0.0001503,90,1,-20000.0,demand,2026-09-20T18:47:01.022675+00:00
30497d5f-3201-4177-a026-c8d132aed98f,fUSD,0.00015,2,1,-10000.0,demand,2026-09-20T18:47:01.022675+00:00
30497d5f-3201-4177-a026-c8d132aed98f,fUSD,0.00015,29,1,-150000.0,demand,2026-09-20T18:47:01.022675+00:00
30497d5f-3201-4177-a026-c8d132aed98f,fUSD,0.00015,7,1,-7550.98344003,demand,2026-09-20T18:47:01.022675+00:00
30497d5f-3201-4177-a026-c8d132aed98f,fUSD,0.000145,7,1,-190.0,demand,2026-09-20T18:47:01.022675+00:00
30497d5f-3201-4177-a026-c8d132aed98f,fUSD,0.00014252,120,1,-10770.76644364,demand,2026-09-20T18:47:01.022675+00:00
30497d5f-3201-4177-a026-c8d132aed98f,fUSD,0.000141,2,1,-73907.05,demand,2026-09-20T18:47:01.022675+00:00
30497d5f-3201-4177-a026-c8d132aed98f,fUSD,0.0001403,90,1,-20000.0,demand,2026-09-20T18:47:01.022675+00:00
30497d5f-3201-4177-a026-c8d132aed98f,fUSD,0.00014001,2,1,-119774.0143323,demand,2026-09-20T18:47:01.022675+00:00
30497d5f-3201-4177-a026-c8d132aed98f,fUSD,0.0001360892783878518,2,1,-4718.52507741,demand,2026-09-20T18:47:01.022675+00:00
30497d5f-3201-4177-a026-c8d132aed98f,fUSD,0.00013607738925161016,2,1,-4718.52507741,demand,2026-09-20T18:47:01.022675+00:00
30497d5f-3201-4177-a026-c8d132aed98f,fUSD,0.00013607710148602755,2,1,-4718.52507741,demand,2026-09-20T18:47:01.022675+00:00
30497d5f-3201-4177-a026-c8d132aed98f,fUSD,0.00013607514502169668,2,1,-4718.52507741,demand,2026-09-20T18:47:01.022675+00:00
30497d5f-3201-4177-a026-c8d132aed98f,fUSD,0.0001470530821917808,2,1,150.0,offer,2026-09-20T18:47:01.022675+00:00
30497d5f-3201-4177-a026-c8d132aed98f,fUSD,0.00014725,2,2,363.06568058,offer,2026-09-20T18:47:01.022675+00:00
30497d5f-3201-4177-a026-c8d132aed98f,fUSD,0.00014736529680365294,2,2,300.0,offer,2026-09-20T18:47:01.022675+00:00
30497d5f-3201-4177-a026-c8d132aed98f,fUSD,0.00014752140410958904,2,1,150.0,offer,2026-09-20T18:47:01.022675+00:00
30497d5f-3201-4177-a026-c8d132aed98f,fUSD,0.00014798972602739726,2,1,150.0,offer,2026-09-20T18:47:01.022675+00:00
30497d5f-3201-4177-a026-c8d132aed98f,fUSD,0.00014836438356164385,2,1,150.0,offer,2026-09-20T18:47:01.022675+00:00
30497d5f-3201-4177-a026-c8d132aed98f,fUSD,0.00014845804794520547,2,1,150.0,offer,2026-09-20T18:47:01.022675+00:00
30497d5f-3201-4177-a026-c8d132aed98f,fUSD,0.00014861415525114154,2,1,150.0,offer,2026-09-20T18:47:01.022675+00:00
30497d5f-3201-4177-a026-c8d132aed98f,fUSD,0.000148921,2,1,575.56,offer,2026-09-20T18:47:01.022675+00:00
30497d5f-3201-4177-a026-c8d132aed98f,fUSD,0.0001489263698630137,2,1,150.0,offer,2026-09-20T18:47:01.022675+00:00
30497d5f-3201-4177-a026-c8d132aed98f,fUSD,0.00014899,2,1,150.0,offer,2026-09-20T18:47:01.022675+00:00
30497d5f-3201-4177-a026-c8d132aed98f,fUSD,0.000149,2,6,63952.31611688,offer,2026-09-20T18:47:01.022675+00:00
30497d5f-3201-4177-a026-c8d132aed98f,fUSD,0.00014905995,2,12,1812.0,offer,2026-09-20T18:47:01.022675+00:00
30497d5f-3201-4177-a026-c8d132aed98f,fUSD,0.00014906452602739725,2,6,70522.60801816,offer,2026-09-20T18:47:01.022675+00:00
30497d5f-3201-4177-a026-c8d132aed98f,fUSD,0.0001492419,2,1,575.56,offer,2026-09-20T18:47:01.022675+00:00
30497d5f-3201-4177-a026-c8d132aed98f,fUSD,0.00014939469178082193,2,1,150.0,offer,2026-09-20T18:47:01.022675+00:00
30497d5f-3201-4177-a026-c8d132aed98f,fUSD,0.00014954,2,1,971.47335298,offer,2026-09-20T18:47:01.022675+00:00
30497d5f-3201-4177-a026-c8d132aed98f,fUSD,0.0001495411,2,1,575.56,offer,2026-09-20T18:47:01.022675+00:00
30497d5f-3201-4177-a026-c8d132aed98f,fUSD,0.0001498218,2,1,575.56,offer,2026-09-20T18:47:01.022675+00:00
30497d5f-3201-4177-a026-c8d132aed98f,fUSD,0.0001498499,2,1,520.36,offer,2026-09-20T18:47:01.022675+00:00
30497d5f-3201-4177-a026-c8d132aed98f,fUSD,0.00014986301369863012,2,8,1436.11961024,offer,2026-09-20T18:47:01.022675+00:00
30497d5f-3201-4177-a026-c8d132aed98f,fUSD,0.00014986301369863015,2,1,462.0,offer,2026-09-20T18:47:01.022675+00:00
30497d5f-3201-4177-a026-c8d132aed98f,fUSD,0.0001499,2,3,602.85958407,offer,2026-09-20T18:47:01.022675+00:00
30497d5f-3201-4177-a026-c8d132aed98f,fUSD,0.00014999,2,43,27701.85231126,offer,2026-09-20T18:47:01.022675+00:00
30497d5f-3201-4177-a026-c8d132aed98f,fUSD,0.00014999001,2,1,307.67758722,offer,2026-09-20T18:47:01.022675+00:00
81339851-777c-4ddc-9ed6-141596ac22e2,fUSD,0.000273972602739726,120,1,-1846320.73662091,demand,2026-09-20T19:47:01.150379+00:00
81339851-777c-4ddc-9ed6-141596ac22e2,fUSD,0.00022,30,1,-30100.0,demand,2026-09-20T19:47:01.150379+00:00
81339851-777c-4ddc-9ed6-141596ac22e2,fUSD,0.00021,30,1,-30000.0,demand,2026-09-20T19:47:01.150379+00:00
81339851-777c-4ddc-9ed6-141596ac22e2,fUSD,0.000209,30,1,-6289.12258117,demand,2026-09-20T19:47:01.150379+00:00
81339851-777c-4ddc-9ed6-141596ac22e2,fUSD,0.0002,7,1,-150.0,demand,2026-09-20T19:47:01.150379+00:00
81339851-777c-4ddc-9ed6-141596ac22e2,fUSD,0.0001712,120,1,-20000.0,demand,2026-09-20T19:47:01.150379+00:00
81339851-777c-4ddc-9ed6-141596ac22e2,fUSD,0.00017111,120,1,-2000000.0,demand,2026-09-20T19:47:01.150379+00:00
81339851-777c-4ddc-9ed6-141596ac22e2,fUSD,0.000161,120,1,-100000.0,demand,2026-09-20T19:47:01.150379+00:00
81339851-777c-4ddc-9ed6-141596ac22e2,fUSD,0.000161,60,1,-20000.0,demand,2026-09-20T19:47:01.150379+00:00
81339851-777c-4ddc-9ed6-141596ac22e2,fUSD,0.0001603,120,1,-20000.0,demand,2026-09-20T19:47:01.150379+00:00
81339851-777c-4ddc-9ed6-141596ac22e2,fUSD,0.0001601,30,1,-9412.66199579,demand,2026-09-20T19:47:01.150379+00:00
81339851-777c-4ddc-9ed6-141596ac22e2,fUSD,0.00016,120,2,-10009162.66122322,demand,2026-09-20T19:47:01.150379+00:00
81339851-777c-4ddc-9ed6-141596ac22e2,fUSD,0.0001503,90,1,-20000.0,demand,2026-09-20T19:47:01.150379+00:00
81339851-777c-4ddc-9ed6-141596ac22e2,fUSD,0.00015,2,1,-10000.0,demand,2026-09-20T19:47:01.150379+00:00
81339851-777c-4ddc-9ed6-141596ac22e2,fUSD,0.00015,29,1,-150000.0,demand,2026-09-20T19:47:01.150379+00:00
81339851-777c-4ddc-9ed6-141596ac22e2,fUSD,0.00015,7,1,-7196.19526974,demand,2026-09-20T19:47:01.150379+00:00
81339851-777c-4ddc-9ed6-141596ac22e2,fUSD,0.000145,7,1,-190.0,demand,2026-09-20T19:47:01.150379+00:00
81339851-777c-4ddc-9ed6-141596ac22e2,fUSD,0.00014252,120,1,-10770.76644364,demand,2026-09-20T19:47:01.150379+00:00
81339851-777c-4ddc-9ed6-141596ac22e2,fUSD,0.000141,2,1,-70794.08,demand,2026-09-20T19:47:01.150379+00:00
81339851-777c-4ddc-9ed6-141596ac22e2,fUSD,0.0001403,90,1,-20000.0,demand,2026-09-20T19:47:01.150379+00:00
81339851-777c-4ddc-9ed6-141596ac22e2,fUSD,0.00014001,2,1,-119774.0143323,demand,2026-09-20T19:47:01.150379+00:00
81339851-777c-4ddc-9ed6-141596ac22e2,fUSD,0.0001360892783878518,2,1,-4718.52507741,demand,2026-09-20T19:47:01.150379+00:00
81339851-777c-4ddc-9ed6-141596ac22e2,fUSD,0.00013607738925161016,2,1,-4718.52507741,demand,2026-09-20T19:47:01.150379+00:00
81339851-777c-4ddc-9ed6-141596ac22e2,fUSD,0.00013607710148602755,2,1,-4718.52507741,demand,2026-09-20T19:47:01.150379+00:00
81339851-777c-4ddc-9ed6-141596ac22e2,fUSD,0.00013607514502169668,2,1,-4718.52507741,demand,2026-09-20T19:47:01.150379+00:00
81339851-777c-4ddc-9ed6-141596ac22e2,fUSD,0.00019,2,1,2588.99631944,offer,2026-09-20T19:47:01.150379+00:00
81339851-777c-4ddc-9ed6-141596ac22e2,fUSD,0.000192,2,1,2588.99631944,offer,2026-09-20T19:47:01.150379+00:00
81339851-777c-4ddc-9ed6-141596ac22e2,fUSD,0.000194,2,1,2588.99631944,offer,2026-09-20T19:47:01.150379+00:00
81339851-777c-4ddc-9ed6-141596ac22e2,fUSD,0.000196,2,1,2588.99631944,offer,2026-09-20T19:47:01.150379+00:00
81339851-777c-4ddc-9ed6-141596ac22e2,fUSD,0.0001977,2,1,216.66569363,offer,2026-09-20T19:47:01.150379+00:00
81339851-777c-4ddc-9ed6-141596ac22e2,fUSD,0.000198,2,1,2588.99631944,offer,2026-09-20T19:47:01.150379+00:00
81339851-777c-4ddc-9ed6-141596ac22e2,fUSD,0.0001987,2,11,139890.09781226,offer,2026-09-20T19:47:01.150379+00:00
81339851-777c-4ddc-9ed6-141596ac22e2,fUSD,0.0001987013698630137,2,1,178263.26314469,offer,2026-09-20T19:47:01.150379+00:00
81339851-777c-4ddc-9ed6-141596ac22e2,fUSD,0.00019870136986301372,2,1,151.0,offer,2026-09-20T19:47:01.150379+00:00
81339851-777c-4ddc-9ed6-141596ac22e2,fUSD,0.00019873799999999998,2,1,152.0,offer,2026-09-20T19:47:01.150379+00:00
81339851-777c-4ddc-9ed6-141596ac22e2,fUSD,0.00019874433333333331,2,1,151.999999,offer,2026-09-20T19:47:01.150379+00:00
81339851-777c-4ddc-9ed6-141596ac22e2,fUSD,0.00019875066666666665,2,2,302.0,offer,2026-09-20T19:47:01.150379+00:00
81339851-777c-4ddc-9ed6-141596ac22e2,fUSD,0.0001987972602739726,5,1,1520.0,offer,2026-09-20T19:47:01.150379+00:00
81339851-777c-4ddc-9ed6-141596ac22e2,fUSD,0.0001988,2,2,705705.00548401,offer,2026-09-20T19:47:01.150379+00:00
81339851-777c-4ddc-9ed6-141596ac22e2,fUSD,0.00019881399726027398,2,1,704.91,offer,2026-09-20T19:47:01.150379+00:00
81339851-777c-4ddc-9ed6-141596ac22e2,fUSD,0.00019884931506849315,4,1,150.0,offer,2026-09-20T19:47:01.150379+00:00
81339851-777c-4ddc-9ed6-141596ac22e2,fUSD,0.00019896176880554578,2,1,4397.07,offer,2026-09-20T19:47:01.150379+00:00
81339851-777c-4ddc-9ed6-141596ac22e2,fUSD,0.000199,7,1,4105.13,offer,2026-09-20T19:47:01.150379+00:00
81339851-777c-4ddc-9ed6-141596ac22e2,fUSD,0.00019923071999999997,2,1,151.0,offer,2026-09-20T19:47:01.150379+00:00
81339851-777c-4ddc-9ed6-141596ac22e2,fUSD,0.00019936,2,1,915.7,offer,2026-09-20T19:47:01.150379+00:00
81339851-777c-4ddc-9ed6-141596ac22e2,fUSD,0.00019956326164383563,2,1,2520.41,offer,2026-09-20T19:47:01.150379+00:00
81339851-777c-4ddc-9ed6-141596ac22e2,fUSD,0.0001995988117849956,2,1,1207.42802229,offer,2026-09-20T19:47:01.150379+00:00
81339851-777c-4ddc-9ed6-141596ac22e2,fUSD,0.0001996,7,1,150.0,offer,2026-09-20T19:47:01.150379+00:00
81339851-777c-4ddc-9ed6-141596ac22e2,fUSD,0.0001996203,2,1,307.8,offer,2026-09-20T19:47:01.150379+00:00
81339851-777c-4ddc-9ed6-141596ac22e2,fUSD,0.00019968,2,1,2193.0,offer,2026-09-20T19:47:01.150379+00:00
c987d206-9919-43fd-ab29-9ca4b5df5026,fUSD,0.000273972602739726,120,1,-1821415.79468656,demand,2026-09-20T20:47:01.056881+00:00
c987d206-9919-43fd-ab29-9ca4b5df5026,fUSD,0.000244092,2,1,-2050.58,demand,2026-09-20T20:47:01.056881+00:00
c987d206-9919-43fd-ab29-9ca4b5df5026,fUSD,0.00022,30,1,-30100.0,demand,2026-09-20T20:47:01.056881+00:00
c987d206-9919-43fd-ab29-9ca4b5df5026,fUSD,0.00021,30,1,-30000.0,demand,2026-09-20T20:47:01.056881+00:00
c987d206-9919-43fd-ab29-9ca4b5df5026,fUSD,0.000209,30,1,-6289.12258117,demand,2026-09-20T20:47:01.056881+00:00
c987d206-9919-43fd-ab29-9ca4b5df5026,fUSD,0.0002,7,1,-150.0,demand,2026-09-20T20:47:01.056881+00:00
c987d206-9919-43fd-ab29-9ca4b5df5026,fUSD,0.0001712,120,1,-20000.0,demand,2026-09-20T20:47:01.056881+00:00
c987d206-9919-43fd-ab29-9ca4b5df5026,fUSD,0.00017111,120,1,-2000000.0,demand,2026-09-20T20:47:01.056881+00:00
c987d206-9919-43fd-ab29-9ca4b5df5026,fUSD,0.000161,120,1,-100000.0,demand,2026-09-20T20:47:01.056881+00:00
c987d206-9919-43fd-ab29-9ca4b5df5026,fUSD,0.000161,60,1,-20000.0,demand,2026-09-20T20:47:01.056881+00:00
c987d206-9919-43fd-ab29-9ca4b5df5026,fUSD,0.0001603,120,1,-20000.0,demand,2026-09-20T20:47:01.056881+00:00
c987d206-9919-43fd-ab29-9ca4b5df5026,fUSD,0.0001601,30,1,-9412.66199579,demand,2026-09-20T20:47:01.056881+00:00
c987d206-9919-43fd-ab29-9ca4b5df5026,fUSD,0.00016,120,2,-10009162.66122322,demand,2026-09-20T20:47:01.056881+00:00
c987d206-9919-43fd-ab29-9ca4b5df5026,fUSD,0.00015888,2,1,-311700.0,demand,2026-09-20T20:47:01.056881+00:00
c987d206-9919-43fd-ab29-9ca4b5df5026,fUSD,0.0001555,2,1,-500000.0,demand,2026-09-20T20:47:01.056881+00:00
c987d206-9919-43fd-ab29-9ca4b5df5026,fUSD,0.0001503,90,1,-20000.0,demand,2026-09-20T20:47:01.056881+00:00
c987d206-9919-43fd-ab29-9ca4b5df5026,fUSD,0.00015,2,2,-4218938.20134403,demand,2026-09-20T20:47:01.056881+00:00
c987d206-9919-43fd-ab29-9ca4b5df5026,fUSD,0.00015,29,1,-150000.0,demand,2026-09-20T20:47:01.056881+00:00
c987d206-9919-43fd-ab29-9ca4b5df5026,fUSD,0.00015,7,1,-6116.52506009,demand,2026-09-20T20:47:01.056881+00:00
c987d206-9919-43fd-ab29-9ca4b5df5026,fUSD,0.000145,7,1,-190.0,demand,2026-09-20T20:47:01.056881+00:00
c987d206-9919-43fd-ab29-9ca4b5df5026,fUSD,0.00014252,120,1,-10770.76644364,demand,2026-09-20T20:47:01.056881+00:00
c987d206-9919-43fd-ab29-9ca4b5df5026,fUSD,0.000141,2,1,-70794.08,demand,2026-09-20T20:47:01.056881+00:00
c987d206-9919-43fd-ab29-9ca4b5df5026,fUSD,0.0001403,90,1,-20000.0,demand,2026-09-20T20:47:01.056881+00:00
c987d206-9919-43fd-ab29-9ca4b5df5026,fUSD,0.00014001,2,1,-119774.0143323,demand,2026-09-20T20:47:01.056881+00:00
c987d206-9919-43fd-ab29-9ca4b5df5026,fUSD,0.000137025,2,1,-303.551276,demand,2026-09-20T20:47:01.056881+00:00
c987d206-9919-43fd-ab29-9ca4b5df5026,fUSD,0.0002449,2,1,1394.57504752,offer,2026-09-20T20:47:01.056881+00:00
c987d206-9919-43fd-ab29-9ca4b5df5026,fUSD,0.00024526,2,1,151.76,offer,2026-09-20T20:47:01.056881+00:00
c987d206-9919-43fd-ab29-9ca4b5df5026,fUSD,0.000245263394,2,1,171.74,offer,2026-09-20T20:47:01.056881+00:00
c987d206-9919-43fd-ab29-9ca4b5df5026,fUSD,0.00024527,2,1,5418.0,offer,2026-09-20T20:47:01.056881+00:00
c987d206-9919-43fd-ab29-9ca4b5df5026,fUSD,0.000245502548,2,1,161.0,offer,2026-09-20T20:47:01.056881+00:00
c987d206-9919-43fd-ab29-9ca4b5df5026,fUSD,0.000245541534,2,1,203.0,offer,2026-09-20T20:47:01.056881+00:00
c987d206-9919-43fd-ab29-9ca4b5df5026,fUSD,0.0002465753424657534,2,2,1142.69183706,offer,2026-09-20T20:47:01.056881+00:00
c987d206-9919-43fd-ab29-9ca4b5df5026,fUSD,0.00024658,7,3,1172.21,offer,2026-09-20T20:47:01.056881+00:00
c987d206-9919-43fd-ab29-9ca4b5df5026,fUSD,0.00024674,2,1,150.99,offer,2026-09-20T20:47:01.056881+00:00
c987d206-9919-43fd-ab29-9ca4b5df5026,fUSD,0.0002469,2,1,5015.83831394,offer,2026-09-20T20:47:01.056881+00:00
c987d206-9919-43fd-ab29-9ca4b5df5026,fUSD,0.000247,2,1,18091.62,offer,2026-09-20T20:47:01.056881+00:00
c987d206-9919-43fd-ab29-9ca4b5df5026,fUSD,0.00024712,2,1,227.0,offer,2026-09-20T20:47:01.056881+00:00
c987d206-9919-43fd-ab29-9ca4b5df5026,fUSD,0.0002476081,2,1,302.5,offer,2026-09-20T20:47:01.056881+00:00
c987d206-9919-43fd-ab29-9ca4b5df5026,fUSD,0.000248,2,1,1291.9121528,offer,2026-09-20T20:47:01.056881+00:00
c987d206-9919-43fd-ab29-9ca4b5df5026,fUSD,0.0002484,2,1,3015.27,offer,2026-09-20T20:47:01.056881+00:00
c987d206-9919-43fd-ab29-9ca4b5df5026,fUSD,0.0002484022,2,1,302.5,offer,2026-09-20T20:47:01.056881+00:00
c987d206-9919-43fd-ab29-9ca4b5df5026,fUSD,0.00024876265279999996,2,35,71186.84334131,offer,2026-09-20T20:47:01.056881+00:00
c987d206-9919-43fd-ab29-9ca4b5df5026,fUSD,0.0002488796301369863,2,29,12001.90720397,offer,2026-09-20T20:47:01.056881+00:00
c987d206-9919-43fd-ab29-9ca4b5df5026,fUSD,0.00024888,2,1,156.30497869,offer,2026-09-20T20:47:01.056881+00:00
c987d206-9919-43fd-ab29-9ca4b5df5026,fUSD,0.0002489120136986301,2,28,7158.33170065,offer,2026-09-20T20:47:01.056881+00:00
c987d206-9919-43fd-ab29-9ca4b5df5026,fUSD,0.00024891741095890414,2,20,7134.58181276,offer,2026-09-20T20:47:01.056881+00:00
c987d206-9919-43fd-ab29-9ca4b5df5026,fUSD,0.000249,2,6,38573.33993533,offer,2026-09-20T20:47:01.056881+00:00
c987d206-9919-43fd-ab29-9ca4b5df5026,fUSD,0.000249,4,1,195.15188008,offer,2026-09-20T20:47:01.056881+00:00
c987d206-9919-43fd-ab29-9ca4b5df5026,fUSD,0.0002490189,2,1,1291.91215272,offer,2026-09-20T20:47:01.056881+00:00
c987d206-9919-43fd-ab29-9ca4b5df5026,fUSD,0.0002491,14,2,5657.67167091,offer,2026-09-20T20:47:01.056881+00:00
5a45e0eb-fbad-4b6d-a650-0789f70e9a3d,fUSD,0.000273972602739726,120,1,-1814597.83468656,demand,2026-09-20T21:47:00.974122+00:00
5a45e0eb-fbad-4b6d-a650-0789f70e9a3d,fUSD,0.0002491615,2,1,-299.01897014,demand,2026-09-20T21:47:00.974122+00:00
5a45e0eb-fbad-4b6d-a650-0789f70e9a3d,fUSD,0.0001712,120,1,-20000.0,demand,2026-09-20T21:47:00.974122+00:00
5a45e0eb-fbad-4b6d-a650-0789f70e9a3d,fUSD,0.00017111,120,1,-2000000.0,demand,2026-09-20T21:47:00.974122+00:00
5a45e0eb-fbad-4b6d-a650-0789f70e9a3d,fUSD,0.000161,120,1,-100000.0,demand,2026-09-20T21:47:00.974122+00:00
5a45e0eb-fbad-4b6d-a650-0789f70e9a3d,fUSD,0.000161,60,1,-20000.0,demand,2026-09-20T21:47:00.974122+00:00
5a45e0eb-fbad-4b6d-a650-0789f70e9a3d,fUSD,0.0001603,120,1,-20000.0,demand,2026-09-20T21:47:00.974122+00:00
5a45e0eb-fbad-4b6d-a650-0789f70e9a3d,fUSD,0.0001601,30,1,-9412.66199579,demand,2026-09-20T21:47:00.974122+00:00
5a45e0eb-fbad-4b6d-a650-0789f70e9a3d,fUSD,0.00016,120,2,-10009162.66122322,demand,2026-09-20T21:47:00.974122+00:00
5a45e0eb-fbad-4b6d-a650-0789f70e9a3d,fUSD,0.00015888,2,1,-311200.0,demand,2026-09-20T21:47:00.974122+00:00
5a45e0eb-fbad-4b6d-a650-0789f70e9a3d,fUSD,0.0001555,2,1,-500000.0,demand,2026-09-20T21:47:00.974122+00:00
5a45e0eb-fbad-4b6d-a650-0789f70e9a3d,fUSD,0.0001503,90,1,-20000.0,demand,2026-09-20T21:47:00.974122+00:00
5a45e0eb-fbad-4b6d-a650-0789f70e9a3d,fUSD,0.00015,29,1,-150000.0,demand,2026-09-20T21:47:00.974122+00:00
5a45e0eb-fbad-4b6d-a650-0789f70e9a3d,fUSD,0.00015,7,1,-6116.52506009,demand,2026-09-20T21:47:00.974122+00:00
5a45e0eb-fbad-4b6d-a650-0789f70e9a3d,fUSD,0.00015,2,1,-4208938.20134403,demand,2026-09-20T21:47:00.974122+00:00
5a45e0eb-fbad-4b6d-a650-0789f70e9a3d,fUSD,0.00014252,120,1,-10770.76644364,demand,2026-09-20T21:47:00.974122+00:00
5a45e0eb-fbad-4b6d-a650-0789f70e9a3d,fUSD,0.0001403,90,1,-20000.0,demand,2026-09-20T21:47:00.974122+00:00
5a45e0eb-fbad-4b6d-a650-0789f70e9a3d,fUSD,0.00014001,2,1,-119774.0143323,demand,2026-09-20T21:47:00.974122+00:00
5a45e0eb-fbad-4b6d-a650-0789f70e9a3d,fUSD,0.00013608069606742284,2,1,-4718.52507741,demand,2026-09-20T21:47:00.974122+00:00
5a45e0eb-fbad-4b6d-a650-0789f70e9a3d,fUSD,0.00013606520633883994,2,1,-4718.52507741,demand,2026-09-20T21:47:00.974122+00:00
5a45e0eb-fbad-4b6d-a650-0789f70e9a3d,fUSD,0.00013605513319708227,2,1,-4718.52507741,demand,2026-09-20T21:47:00.974122+00:00
5a45e0eb-fbad-4b6d-a650-0789f70e9a3d,fUSD,0.0001360449727893613,2,1,-4718.52507741,demand,2026-09-20T21:47:00.974122+00:00
5a45e0eb-fbad-4b6d-a650-0789f70e9a3d,fUSD,0.00013603897904138356,2,1,-4718.52507741,demand,2026-09-20T21:47:00.974122+00:00
5a45e0eb-fbad-4b6d-a650-0789f70e9a3d,fUSD,0.00013602583395886704,2,1,-4718.52507741,demand,2026-09-20T21:47:00.974122+00:00
5a45e0eb-fbad-4b6d-a650-0789f70e9a3d,fUSD,0.00013602162434493253,2,1,-4718.52507741,demand,2026-09-20T21:47:00.974122+00:00
5a45e0eb-fbad-4b6d-a650-0789f70e9a3d,fUSD,0.00024972,3,1,156.0,offer,2026-09-20T21:47:00.974122+00:00
5a45e0eb-fbad-4b6d-a650-0789f70e9a3d,fUSD,0.00024972947236,2,60,308493.1159963,offer,2026-09-20T21:47:00.974122+00:00
5a45e0eb-fbad-4b6d-a650-0789f70e9a3d,fUSD,0.00024975,2,16,48865.45,offer,2026-09-20T21:47:00.974122+00:00
5a45e0eb-fbad-4b6d-a650-0789f70e9a3d,fUSD,0.00024977,2,8,23093.85,offer,2026-09-20T21:47:00.974122+00:00
5a45e0eb-fbad-4b6d-a650-0789f70e9a3d,fUSD,0.0002497767123287671,2,1,1997.14,offer,2026-09-20T21:47:00.974122+00:00
5a45e0eb-fbad-4b6d-a650-0789f70e9a3d,fUSD,0.0002497794520547945,2,1,1997.14,offer,2026-09-20T21:47:00.974122+00:00
5a45e0eb-fbad-4b6d-a650-0789f70e9a3d,fUSD,0.00024979,2,4,19307.7710633,offer,2026-09-20T21:47:00.974122+00:00
5a45e0eb-fbad-4b6d-a650-0789f70e9a3d,fUSD,0.0002498,2,4,64779.9572236,offer,2026-09-20T21:47:00.974122+00:00
5a45e0eb-fbad-4b6d-a650-0789f70e9a3d,fUSD,0.00024981,2,1,1317.2476245,offer,2026-09-20T21:47:00.974122+00:00
5a45e0eb-fbad-4b6d-a650-0789f70e9a3d,fUSD,0.0002498214,2,1,302.5,offer,2026-09-20T21:47:00.974122+00:00
5a45e0eb-fbad-4b6d-a650-0789f70e9a3d,fUSD,0.00024983972602739724,2,1,1997.14,offer,2026-09-20T21:47:00.974122+00:00
5a45e0eb-fbad-4b6d-a650-0789f70e9a3d,fUSD,0.00024985115806452343,7,1,2621.26,offer,2026-09-20T21:47:00.974122+00:00
5a45e0eb-fbad-4b6d-a650-0789f70e9a3d,fUSD,0.00024986,2,1,5451.13842925,offer,2026-09-20T21:47:00.974122+00:00
5a45e0eb-fbad-4b6d-a650-0789f70e9a3d,fUSD,0.00024986438356164385,2,1,1997.14,offer,2026-09-20T21:47:00.974122+00:00
5a45e0eb-fbad-4b6d-a650-0789f70e9a3d,fUSD,0.00024987,2,5,2460.26448257,offer,2026-09-20T21:47:00.974122+00:00
5a45e0eb-fbad-4b6d-a650-0789f70e9a3d,fUSD,0.0002498767123287671,5,1,988.0,offer,2026-09-20T21:47:00.974122+00:00
5a45e0eb-fbad-4b6d-a650-0789f70e9a3d,fUSD,0.00024987945205479453,2,1,142614.17578101,offer,2026-09-20T21:47:00.974122+00:00
5a45e0eb-fbad-4b6d-a650-0789f70e9a3d,fUSD,0.0002499,2,2,467.24744918,offer,2026-09-20T21:47:00.974122+00:00
5a45e0eb-fbad-4b6d-a650-0789f70e9a3d,fUSD,0.00024994,2,4,25464.1679679,offer,2026-09-20T21:47:00.974122+00:00
5a45e0eb-fbad-4b6d-a650-0789f70e9a3d,fUSD,0.00024994520547945204,2,2,625176.1224828,offer,2026-09-20T21:47:00.974122+00:00
5a45e0eb-fbad-4b6d-a650-0789f70e9a3d,fUSD,0.00024995,2,8,2668.062524,offer,2026-09-20T21:47:00.974122+00:00
5a45e0eb-fbad-4b6d-a650-0789f70e9a3d,fUSD,0.00024995616438356163,5,1,928.0,offer,2026-09-20T21:47:00.974122+00:00
5a45e0eb-fbad-4b6d-a650-0789f70e9a3d,fUSD,0.00024996,2,72,20272.54909053,offer,2026-09-20T21:47:00.974122+00:00
5a45e0eb-fbad-4b6d-a650-0789f70e9a3d,fUSD,0.00024997,2,21,39723.35061281,offer,2026-09-20T21:47:00.974122+00:00
5a45e0eb-fbad-4b6d-a650-0789f70e9a3d,fUSD,0.00024998,10,1,1431.46666813,offer,2026-09-20T21:47:00.974122+00:00
9e08d68b-8caa-402f-8c33-94c06ba57e5c,fUSD,0.000273972602739726,120,1,-1812472.0493043,demand,2026-09-20T22:47:01.079025+00:00
9e08d68b-8caa-402f-8c33-94c06ba57e5c,fUSD,0.0001712,120,1,-20000.0,demand,2026-09-20T22:47:01.079025+00:00
9e08d68b-8caa-402f-8c33-94c06ba57e5c,fUSD,0.00017111,120,1,-2000000.0,demand,2026-09-20T22:47:01.079025+00:00
9e08d68b-8caa-402f-8c33-94c06ba57e5c,fUSD,0.000161,120,1,-100000.0,demand,2026-09-20T22:47:01.079025+00:00
9e08d68b-8caa-402f-8c33-94c06ba57e5c,fUSD,0.000161,60,1,-20000.0,demand,2026-09-20T22:47:01.079025+00:00
9e08d68b-8caa-402f-8c33-94c06ba57e5c,fUSD,0.0001603,120,1,-20000.0,demand,2026-09-20T22:47:01.079025+00:00
9e08d68b-8caa-402f-8c33-94c06ba57e5c,fUSD,0.0001601,30,1,-9412.66199579,demand,2026-09-20T22:47:01.079025+00:00
9e08d68b-8caa-402f-8c33-94c06ba57e5c,fUSD,0.00016,120,2,-10009162.66122322,demand,2026-09-20T22:47:01.079025+00:00
9e08d68b-8caa-402f-8c33-94c06ba57e5c,fUSD,0.0001503,90,1,-20000.0,demand,2026-09-20T22:47:01.079025+00:00
9e08d68b-8caa-402f-8c33-94c06ba57e5c,fUSD,0.00015,29,1,-150000.0,demand,2026-09-20T22:47:01.079025+00:00
9e08d68b-8caa-402f-8c33-94c06ba57e5c,fUSD,0.00015,7,1,-6116.52506009,demand,2026-09-20T22:47:01.079025+00:00
9e08d68b-8caa-402f-8c33-94c06ba57e5c,fUSD,0.00015,2,1,-1486187.91616179,demand,2026-09-20T22:47:01.079025+00:00
9e08d68b-8caa-402f-8c33-94c06ba57e5c,fUSD,0.00014252,120,1,-10770.76644364,demand,2026-09-20T22:47:01.079025+00:00
9e08d68b-8caa-402f-8c33-94c06ba57e5c,fUSD,0.0001403,90,1,-20000.0,demand,2026-09-20T22:47:01.079025+00:00
9e08d68b-8caa-402f-8c33-94c06ba57e5c,fUSD,0.00014001,2,1,-119774.0143323,demand,2026-09-20T22:47:01.079025+00:00
9e08d68b-8caa-402f-8c33-94c06ba57e5c,fUSD,0.00013609262895277616,2,1,-4718.52507741,demand,2026-09-20T22:47:01.079025+00:00
9e08d68b-8caa-402f-8c33-94c06ba57e5c,fUSD,0.0001360841061822855,2,1,-4718.52507741,demand,2026-09-20T22:47:01.079025+00:00
9e08d68b-8caa-402f-8c33-94c06ba57e5c,fUSD,0.00013607505515924627,2,1,-4718.52507741,demand,2026-09-20T22:47:01.079025+00:00
9e08d68b-8caa-402f-8c33-94c06ba57e5c,fUSD,0.0001360657539749459,2,1,-4718.52507741,demand,2026-09-20T22:47:01.079025+00:00
9e08d68b-8caa-402f-8c33-94c06ba57e5c,fUSD,0.0001360603623188908,2,1,-4718.52507741,demand,2026-09-20T22:47:01.079025+00:00
9e08d68b-8caa-402f-8c33-94c06ba57e5c,fUSD,0.0001360574766400337,2,1,-4718.52507741,demand,2026-09-20T22:47:01.079025+00:00
9e08d68b-8caa-402f-8c33-94c06ba57e5c,fUSD,0.00013602799351562764,2,1,-4718.52507741,demand,2026-09-20T22:47:01.079025+00:00
9e08d68b-8caa-402f-8c33-94c06ba57e5c,fUSD,0.000136011709890107,2,1,-4718.52507741,demand,2026-09-20T22:47:01.079025+00:00
9e08d68b-8caa-402f-8c33-94c06ba57e5c,fUSD,0.00013599789969566837,2,1,-4718.52507741,demand,2026-09-20T22:47:01.079025+00:00
9e08d68b-8caa-402f-8c33-94c06ba57e5c,fUSD,0.00013599656023237272,2,1,-4718.52507741,demand,2026-09-20T22:47:01.079025+00:00
9e08d68b-8caa-402f-8c33-94c06ba57e5c,fUSD,0.00024802,7,1,1205.46,offer,2026-09-20T22:47:01.079025+00:00
9e08d68b-8caa-402f-8c33-94c06ba57e5c,fUSD,0.00024894,2,1,481.25895892,offer,2026-09-20T22:47:01.079025+00:00
9e08d68b-8caa-402f-8c33-94c06ba57e5c,fUSD,0.000249,2,3,2815.96122577,offer,2026-09-20T22:47:01.079025+00:00
9e08d68b-8caa-402f-8c33-94c06ba57e5c,fUSD,0.00024909552054794515,2,9,1892.98624284,offer,2026-09-20T22:47:01.079025+00:00
9e08d68b-8caa-402f-8c33-94c06ba57e5c,fUSD,0.0002491,2,1,200.0,offer,2026-09-20T22:47:01.079025+00:00
9e08d68b-8caa-402f-8c33-94c06ba57e5c,fUSD,0.000249144621369863,14,3,788.197786,offer,2026-09-20T22:47:01.079025+00:00
9e08d68b-8caa-402f-8c33-94c06ba57e5c,fUSD,0.0002492,2,1,2489.21,offer,2026-09-20T22:47:01.079025+00:00
9e08d68b-8caa-402f-8c33-94c06ba57e5c,fUSD,0.000249320318,2,10,11140.51057852,offer,2026-09-20T22:47:01.079025+00:00
9e08d68b-8caa-402f-8c33-94c06ba57e5c,fUSD,0.0002494013698630137,2,2,24082.02622696,offer,2026-09-20T22:47:01.079025+00:00
9e08d68b-8caa-402f-8c33-94c06ba57e5c,fUSD,0.00024942,2,1,46910.65312776,offer,2026-09-20T22:47:01.079025+00:00
9e08d68b-8caa-402f-8c33-94c06ba57e5c,fUSD,0.00024946,30,1,1205.46,offer,2026-09-20T22:47:01.079025+00:00
9e08d68b-8caa-402f-8c33-94c06ba57e5c,fUSD,0.00024947,2,1,25000.0,offer,2026-09-20T22:47:01.079025+00:00
9e08d68b-8caa-402f-8c33-94c06ba57e5c,fUSD,0.0002495,2,1,235.38423205,offer,2026-09-20T22:47:01.079025+00:00
9e08d68b-8caa-402f-8c33-94c06ba57e5c,fUSD,0.00024952,2,7,3500.0,offer,2026-09-20T22:47:01.079025+00:00
9e08d68b-8caa-402f-8c33-94c06ba57e5c,fUSD,0.00024956,2,3,12760.1189633,offer,2026-09-20T22:47:01.079025+00:00
9e08d68b-8caa-402f-8c33-94c06ba57e5c,fUSD,0.0002495890410958904,2,1,1954.0,offer,2026-09-20T22:47:01.079025+00:00
9e08d68b-8caa-402f-8c33-94c06ba57e5c,fUSD,0.0002496456601789321,2,1,884.98967445,offer,2026-09-20T22:47:01.079025+00:00
9e08d68b-8caa-402f-8c33-94c06ba57e5c,fUSD,0.00024967,2,1,500.0,offer,2026-09-20T22:47:01.079025+00:00
9e08d68b-8caa-402f-8c33-94c06ba57e5c,fUSD,0.00024968,2,1,9863.770781,offer,2026-09-20T22:47:01.079025+00:00
9e08d68b-8caa-402f-8c33-94c06ba57e5c,fUSD,0.0002497,2,1,1291.0256819,offer,2026-09-20T22:47:01.079025+00:00
9e08d68b-8caa-402f-8c33-94c06ba57e5c,fUSD,0.00024970972602739725,7,1,151.0,offer,2026-09-20T22:47:01.079025+00:00
9e08d68b-8caa-402f-8c33-94c06ba57e5c,fUSD,0.00024972,2,12,6000.0,offer,2026-09-20T22:47:01.079025+00:00
9e08d68b-8caa-402f-8c33-94c06ba57e5c,fUSD,0.00024973,4,1,1416.77953695,offer,2026-09-20T22:47:01.079025+00:00
9e08d68b-8caa-402f-8c33-94c06ba57e5c,fUSD,0.00024973,2,15,6831.28278149,offer,2026-09-20T22:47:01.079025+00:00
9e08d68b-8caa-402f-8c33-94c06ba57e5c,fUSD,0.00024976,5,1,1416.77953695,offer,2026-09-20T22:47:01.079025+00:00
e1dc37bf-f910-411d-91e1-137c0e8ae761,fUSD,0.000273972602739726,120,1,-1797002.2193043,demand,2026-09-20T23:47:01.047936+00:00
e1dc37bf-f910-411d-91e1-137c0e8ae761,fUSD,0.0001712,120,1,-20000.0,demand,2026-09-20T23:47:01.047936+00:00
e1dc37bf-f910-411d-91e1-137c0e8ae761,fUSD,0.00017111,120,1,-2000000.0,demand,2026-09-20T23:47:01.047936+00:00
e1dc37bf-f910-411d-91e1-137c0e8ae761,fUSD,0.000161,120,1,-100000.0,demand,2026-09-20T23:47:01.047936+00:00
e1dc37bf-f910-411d-91e1-137c0e8ae761,fUSD,0.000161,60,1,-20000.0,demand,2026-09-20T23:47:01.047936+00:00
e1dc37bf-f910-411d-91e1-137c0e8ae761,fUSD,0.0001603,120,1,-20000.0,demand,2026-09-20T23:47:01.047936+00:00
e1dc37bf-f910-411d-91e1-137c0e8ae761,fUSD,0.0001601,30,1,-8812.66199579,demand,2026-09-20T23:47:01.047936+00:00
e1dc37bf-f910-411d-91e1-137c0e8ae761,fUSD,0.00016,120,2,-10009162.66122322,demand,2026-09-20T23:47:01.047936+00:00
e1dc37bf-f910-411d-91e1-137c0e8ae761,fUSD,0.00016,7,1,-310.0,demand,2026-09-20T23:47:01.047936+00:00
e1dc37bf-f910-411d-91e1-137c0e8ae761,fUSD,0.0001503,90,1,-20000.0,demand,2026-09-20T23:47:01.047936+00:00
e1dc37bf-f910-411d-91e1-137c0e8ae761,fUSD,0.00015,29,1,-150000.0,demand,2026-09-20T23:47:01.047936+00:00
e1dc37bf-f910-411d-91e1-137c0e8ae761,fUSD,0.00015,7,1,-6116.52506009,demand,2026-09-20T23:47:01.047936+00:00
e1dc37bf-f910-411d-91e1-137c0e8ae761,fUSD,0.00015,2,1,-988765.01389265,demand,2026-09-20T23:47:01.047936+00:00
e1dc37bf-f910-411d-91e1-137c0e8ae761,fUSD,0.00014252,120,1,-10770.76644364,demand,2026-09-20T23:47:01.047936+00:00
e1dc37bf-f910-411d-91e1-137c0e8ae761,fUSD,0.0001403,90,1,-20000.0,demand,2026-09-20T23:47:01.047936+00:00
e1dc37bf-f910-411d-91e1-137c0e8ae761,fUSD,0.00014001,2,1,-119774.0143323,demand,2026-09-20T23:47:01.047936+00:00
e1dc37bf-f910-411d-91e1-137c0e8ae761,fUSD,0.00013609262895277616,2,1,-4718.52507741,demand,2026-09-20T23:47:01.047936+00:00
e1dc37bf-f910-411d-91e1-137c0e8ae761,fUSD,0.0001360841061822855,2,1,-4718.52507741,demand,2026-09-20T23:47:01.047936+00:00
e1dc37bf-f910-411d-91e1-137c0e8ae761,fUSD,0.00013607505515924627,2,1,-4718.52507741,demand,2026-09-20T23:47:01.047936+00:00
e1dc37bf-f910-411d-91e1-137c0e8ae761,fUSD,0.0001360657539749459,2,1,-4718.52507741,demand,2026-09-20T23:47:01.047936+00:00
e1dc37bf-f910-411d-91e1-137c0e8ae761,fUSD,0.0001360603623188908,2,1,-4718.52507741,demand,2026-09-20T23:47:01.047936+00:00
e1dc37bf-f910-411d-91e1-137c0e8ae761,fUSD,0.0001360574766400337,2,1,-4718.52507741,demand,2026-09-20T23:47:01.047936+00:00
e1dc37bf-f910-411d-91e1-137c0e8ae761,fUSD,0.00013602799351562764,2,1,-4718.52507741,demand,2026-09-20T23:47:01.047936+00:00
e1dc37bf-f910-411d-91e1-137c0e8ae761,fUSD,0.000136011709890107,2,1,-4718.52507741,demand,2026-09-20T23:47:01.047936+00:00
e1dc37bf-f910-411d-91e1-137c0e8ae761,fUSD,0.00013599789969566837,2,1,-4718.52507741,demand,2026-09-20T23:47:01.047936+00:00
e1dc37bf-f910-411d-91e1-137c0e8ae761,fUSD,0.00024755,2,2,5301.72709632,offer,2026-09-20T23:47:01.047936+00:00
e1dc37bf-f910-411d-91e1-137c0e8ae761,fUSD,0.0002475944,2,2,836.97275529,offer,2026-09-20T23:47:01.047936+00:00
e1dc37bf-f910-411d-91e1-137c0e8ae761,fUSD,0.0002476044,2,1,4509.57825363,offer,2026-09-20T23:47:01.047936+00:00
e1dc37bf-f910-411d-91e1-137c0e8ae761,fUSD,0.000247636,2,1,200.0,offer,2026-09-20T23:47:01.047936+00:00
e1dc37bf-f910-411d-91e1-137c0e8ae761,fUSD,0.0002477111,2,1,5124.56672778,offer,2026-09-20T23:47:01.047936+00:00
e1dc37bf-f910-411d-91e1-137c0e8ae761,fUSD,0.00024773860300000004,2,1,250.0,offer,2026-09-20T23:47:01.047936+00:00
e1dc37bf-f910-411d-91e1-137c0e8ae761,fUSD,0.0002477789,2,1,4509.57825363,offer,2026-09-20T23:47:01.047936+00:00
e1dc37bf-f910-411d-91e1-137c0e8ae761,fUSD,0.000247841206,2,1,564.99566349,offer,2026-09-20T23:47:01.047936+00:00
e1dc37bf-f910-411d-91e1-137c0e8ae761,fUSD,0.0002478722,2,1,5124.56672778,offer,2026-09-20T23:47:01.047936+00:00
e1dc37bf-f910-411d-91e1-137c0e8ae761,fUSD,0.0002479533,2,1,4509.57825363,offer,2026-09-20T23:47:01.047936+00:00
e1dc37bf-f910-411d-91e1-137c0e8ae761,fUSD,0.00024798,2,1,152.6,offer,2026-09-20T23:47:01.047936+00:00
e1dc37bf-f910-411d-91e1-137c0e8ae761,fUSD,0.0002480333,2,1,5124.56672778,offer,2026-09-20T23:47:01.047936+00:00
e1dc37bf-f910-411d-91e1-137c0e8ae761,fUSD,0.0002481278,2,1,4509.57825363,offer,2026-09-20T23:47:01.047936+00:00
e1dc37bf-f910-411d-91e1-137c0e8ae761,fUSD,0.0002481944,2,1,5124.56672778,offer,2026-09-20T23:47:01.047936+00:00
e1dc37bf-f910-411d-91e1-137c0e8ae761,fUSD,0.0002483022,2,1,4509.57825363,offer,2026-09-20T23:47:01.047936+00:00
e1dc37bf-f910-411d-91e1-137c0e8ae761,fUSD,0.00024832,2,1,919.12960927,offer,2026-09-20T23:47:01.047936+00:00
e1dc37bf-f910-411d-91e1-137c0e8ae761,fUSD,0.00024841,2,2,124078.733482,offer,2026-09-20T23:47:01.047936+00:00
e1dc37bf-f910-411d-91e1-137c0e8ae761,fUSD,0.00024843,2,6,83473.89659937,offer,2026-09-20T23:47:01.047936+00:00
e1dc37bf-f910-411d-91e1-137c0e8ae761,fUSD,0.0002484767,2,1,4509.57825363,offer,2026-09-20T23:47:01.047936+00:00
e1dc37bf-f910-411d-91e1-137c0e8ae761,fUSD,0.00024853,2,1,192.84542938,offer,2026-09-20T23:47:01.047936+00:00
e1dc37bf-f910-411d-91e1-137c0e8ae761,fUSD,0.00024854,2,1,500.0,offer,2026-09-20T23:47:01.047936+00:00
e1dc37bf-f910-411d-91e1-137c0e8ae761,fUSD,0.00024855,2,9,166960.05235253,offer,2026-09-20T23:47:01.047936+00:00
e1dc37bf-f910-411d-91e1-137c0e8ae761,fUSD,0.00024857,2,56,86394.149655,offer,2026-09-20T23:47:01.047936+00:00
e1dc37bf-f910-411d-91e1-137c0e8ae761,fUSD,0.0002485733,2,1,999.99,offer,2026-09-20T23:47:01.047936+00:00
e1dc37bf-f910-411d-91e1-137c0e8ae761,fUSD,0.0002486286875,2,1,11196.44284317,offer,2026-09-20T23:47:01.047936+00:00
