run_id,market,rate,period,count,amount,side,fetched_at
901b5440-acc2-423e-8a23-ed7bd8bbcb70,fUST,0.0002671232876712329,120,1,-4568401.53571372,demand,2026-09-20T00:47:01.896968+00:00
901b5440-acc2-423e-8a23-ed7bd8bbcb70,fUST,0.0002522602739726027,50,1,-5897404.79979446,demand,2026-09-20T00:47:01.896968+00:00
901b5440-acc2-423e-8a23-ed7bd8bbcb70,fUST,0.0001601,29,1,-142413.924121,demand,2026-09-20T00:47:01.896968+00:00
901b5440-acc2-423e-8a23-ed7bd8bbcb70,fUST,0.00016,60,18,-114200.828599,demand,2026-09-20T00:47:01.896968+00:00
901b5440-acc2-423e-8a23-ed7bd8bbcb70,fUST,0.00016,30,1,-3277.4,demand,2026-09-20T00:47:01.896968+00:00
901b5440-acc2-423e-8a23-ed7bd8bbcb70,fUST,0.000152,60,1,-28000.0,demand,2026-09-20T00:47:01.896968+00:00
901b5440-acc2-423e-8a23-ed7bd8bbcb70,fUST,0.00015001,2,1,-1019149.35590029,demand,2026-09-20T00:47:01.896968+00:00
901b5440-acc2-423e-8a23-ed7bd8bbcb70,fUST,0.00015,120,1,-300000.0,demand,2026-09-20T00:47:01.896968+00:00
901b5440-acc2-423e-8a23-ed7bd8bbcb70,fUST,0.00015,45,23,-138668.928077,demand,2026-09-20T00:47:01.896968+00:00
901b5440-acc2-423e-8a23-ed7bd8bbcb70,fUST,0.00015,2,1,-10000.0,demand,2026-09-20T00:47:01.896968+00:00
901b5440-acc2-423e-8a23-ed7bd8bbcb70,fUST,0.00015,6,1,-17000.0,demand,2026-09-20T00:47:01.896968+00:00
901b5440-acc2-423e-8a23-ed7bd8bbcb70,fUST,0.0001421,45,1,-10000.0,demand,2026-09-20T00:47:01.896968+00:00
901b5440-acc2-423e-8a23-ed7bd8bbcb70,fUST,0.000142,45,2,-20000.0,demand,2026-09-20T00:47:01.896968+00:00
901b5440-acc2-423e-8a23-ed7bd8bbcb70,fUST,0.00014099999999999998,2,1,-531002.20793183,demand,2026-09-20T00:47:01.896968+00:00
901b5440-acc2-423e-8a23-ed7bd8bbcb70,fUST,0.0001401,13,1,-99488.31479105,demand,2026-09-20T00:47:01.896968+00:00
901b5440-acc2-423e-8a23-ed7bd8bbcb70,fUST,0.0001401,2,1,-2000000.0,demand,2026-09-20T00:47:01.896968+00:00
901b5440-acc2-423e-8a23-ed7bd8bbcb70,fUST,0.00014,7,1,-10000.0,demand,2026-09-20T00:47:01.896968+00:00
901b5440-acc2-423e-8a23-ed7bd8bbcb70,fUST,0.0001361,30,23,-93124.47696771,demand,2026-09-20T00:47:01.896968+00:00
901b5440-acc2-423e-8a23-ed7bd8bbcb70,fUST,0.000136,30,2,-14544.22120933,demand,2026-09-20T00:47:01.896968+00:00
901b5440-acc2-423e-8a23-ed7bd8bbcb70,fUST,0.000132,30,1,-28000.0,demand,2026-09-20T00:47:01.896968+00:00
901b5440-acc2-423e-8a23-ed7bd8bbcb70,fUST,0.00013103,2,1,-285058.62536861,demand,2026-09-20T00:47:01.896968+00:00
901b5440-acc2-423e-8a23-ed7bd8bbcb70,fUST,0.00013102,2,1,-366829.49373192,demand,2026-09-20T00:47:01.896968+00:00
901b5440-acc2-423e-8a23-ed7bd8bbcb70,fUST,0.000131,2,3,-2576906.89108704,demand,2026-09-20T00:47:01.896968+00:00
901b5440-acc2-423e-8a23-ed7bd8bbcb70,fUST,0.00013,2,1,-1000.0,demand,2026-09-20T00:47:01.896968+00:00
901b5440-acc2-423e-8a23-ed7bd8bbcb70,fUST,0.00013,7,1,-1000.0,demand,2026-09-20T00:47:01.896968+00:00
901b5440-acc2-423e-8a23-ed7bd8bbcb70,fUST,0.00016167,2,1,5000.0,offer,2026-09-20T00:47:01.896968+00:00
901b5440-acc2-423e-8a23-ed7bd8bbcb70,fUST,0.00017,2,1,10283.61567262,offer,2026-09-20T00:47:01.896968+00:00
901b5440-acc2-423e-8a23-ed7bd8bbcb70,fUST,0.00017338,2,1,294.85407669,offer,2026-09-20T00:47:01.896968+00:00
901b5440-acc2-423e-8a23-ed7bd8bbcb70,fUST,0.00017339,2,16,5000.0,offer,2026-09-20T00:47:01.896968+00:00
901b5440-acc2-423e-8a23-ed7bd8bbcb70,fUST,0.0001734,7,1,220.56897172,offer,2026-09-20T00:47:01.896968+00:00
901b5440-acc2-423e-8a23-ed7bd8bbcb70,fUST,0.00017685,2,1,600.0,offer,2026-09-20T00:47:01.896968+00:00
901b5440-acc2-423e-8a23-ed7bd8bbcb70,fUST,0.0001811549,2,1,168.68426,offer,2026-09-20T00:47:01.896968+00:00
901b5440-acc2-423e-8a23-ed7bd8bbcb70,fUST,0.0001871595,2,1,1051.00054423,offer,2026-09-20T00:47:01.896968+00:00
901b5440-acc2-423e-8a23-ed7bd8bbcb70,fUST,0.00018903128783909486,2,1,221.54485538,offer,2026-09-20T00:47:01.896968+00:00
901b5440-acc2-423e-8a23-ed7bd8bbcb70,fUST,0.00018954770338983046,2,2,361.43835814,offer,2026-09-20T00:47:01.896968+00:00
901b5440-acc2-423e-8a23-ed7bd8bbcb70,fUST,0.00018999,2,1,200.0,offer,2026-09-20T00:47:01.896968+00:00
901b5440-acc2-423e-8a23-ed7bd8bbcb70,fUST,0.00019,2,2,9998.78460125,offer,2026-09-20T00:47:01.896968+00:00
901b5440-acc2-423e-8a23-ed7bd8bbcb70,fUST,0.00019043,2,15,5349.93276562,offer,2026-09-20T00:47:01.896968+00:00
901b5440-acc2-423e-8a23-ed7bd8bbcb70,fUST,0.0001915211,8,1,311.39659606,offer,2026-09-20T00:47:01.896968+00:00
901b5440-acc2-423e-8a23-ed7bd8bbcb70,fUST,0.000192,2,1,256.67906662,offer,2026-09-20T00:47:01.896968+00:00
901b5440-acc2-423e-8a23-ed7bd8bbcb70,fUST,0.00019316,2,1,500.0,offer,2026-09-20T00:47:01.896968+00:00
901b5440-acc2-423e-8a23-ed7bd8bbcb70,fUST,0.00019317,2,2,302.0,offer,2026-09-20T00:47:01.896968+00:00
901b5440-acc2-423e-8a23-ed7bd8bbcb70,fUST,0.00019317048287671235,2,34,10007.35669682,offer,2026-09-20T00:47:01.896968+00:00
901b5440-acc2-423e-8a23-ed7bd8bbcb70,fUST,0.00019319083904109586,2,4,2439.18523353,offer,2026-09-20T00:47:01.896968+00:00
901b5440-acc2-423e-8a23-ed7bd8bbcb70,fUST,0.00019339,2,1,402.33511569,offer,2026-09-20T00:47:01.896968+00:00
901b5440-acc2-423e-8a23-ed7bd8bbcb70,fUST,0.00019453,2,1,720.0,offer,2026-09-20T00:47:01.896968+00:00
901b5440-acc2-423e-8a23-ed7bd8bbcb70,fUST,0.00019473,2,2,1000.0,offer,2026-09-20T00:47:01.896968+00:00
901b5440-acc2-423e-8a23-ed7bd8bbcb70,fUST,0.00019473972604,2,1,467.353345,offer,2026-09-20T00:47:01.896968+00:00
901b5440-acc2-423e-8a23-ed7bd8bbcb70,fUST,0.000195,2,2,1500.0,offer,2026-09-20T00:47:01.896968+00:00
901b5440-acc2-423e-8a23-ed7bd8bbcb70,fUST,0.00019502770338983045,2,2,367.44644474,offer,2026-09-20T00:47:01.896968+00:00
b51b0508-809e-4faf-aa90-9ad30beebfe2,fUST,0.0002671232876712329,120,1,-4564298.17684726,demand,2026-09-20T01:47:01.699636+00:00
b51b0508-809e-4faf-aa90-9ad30beebfe2,fUST,0.0002522219178082192,50,1,-5785070.39979446,demand,2026-09-20T01:47:01.699636+00:00
b51b0508-809e-4faf-aa90-9ad30beebfe2,fUST,0.0001601,29,1,-142413.924121,demand,2026-09-20T01:47:01.699636+00:00
b51b0508-809e-4faf-aa90-9ad30beebfe2,fUST,0.00016,60,18,-114200.828599,demand,2026-09-20T01:47:01.699636+00:00
b51b0508-809e-4faf-aa90-9ad30beebfe2,fUST,0.00016,30,1,-3277.4,demand,2026-09-20T01:47:01.699636+00:00
b51b0508-809e-4faf-aa90-9ad30beebfe2,fUST,0.000152,60,1,-28000.0,demand,2026-09-20T01:47:01.699636+00:00
b51b0508-809e-4faf-aa90-9ad30beebfe2,fUST,0.00015001,2,1,-1007215.5652714,demand,2026-09-20T01:47:01.699636+00:00
b51b0508-809e-4faf-aa90-9ad30beebfe2,fUST,0.00015,120,1,-300000.0,demand,2026-09-20T01:47:01.699636+00:00
b51b0508-809e-4faf-aa90-9ad30beebfe2,fUST,0.00015,45,23,-138668.928077,demand,2026-09-20T01:47:01.699636+00:00
b51b0508-809e-4faf-aa90-9ad30beebfe2,fUST,0.00015,2,1,-10000.0,demand,2026-09-20T01:47:01.699636+00:00
b51b0508-809e-4faf-aa90-9ad30beebfe2,fUST,0.00015,6,1,-17000.0,demand,2026-09-20T01:47:01.699636+00:00
b51b0508-809e-4faf-aa90-9ad30beebfe2,fUST,0.0001421,45,1,-10000.0,demand,2026-09-20T01:47:01.699636+00:00
b51b0508-809e-4faf-aa90-9ad30beebfe2,fUST,0.000142,45,2,-20000.0,demand,2026-09-20T01:47:01.699636+00:00
b51b0508-809e-4faf-aa90-9ad30beebfe2,fUST,0.00014099999999999998,2,1,-531002.20793183,demand,2026-09-20T01:47:01.699636+00:00
b51b0508-809e-4faf-aa90-9ad30beebfe2,fUST,0.0001401,13,1,-99488.31479105,demand,2026-09-20T01:47:01.699636+00:00
b51b0508-809e-4faf-aa90-9ad30beebfe2,fUST,0.0001401,2,1,-2000000.0,demand,2026-09-20T01:47:01.699636+00:00
b51b0508-809e-4faf-aa90-9ad30beebfe2,fUST,0.00014,7,1,-10000.0,demand,2026-09-20T01:47:01.699636+00:00
b51b0508-809e-4faf-aa90-9ad30beebfe2,fUST,0.0001361,30,23,-93124.47696771,demand,2026-09-20T01:47:01.699636+00:00
b51b0508-809e-4faf-aa90-9ad30beebfe2,fUST,0.000136,30,2,-14544.22120933,demand,2026-09-20T01:47:01.699636+00:00
b51b0508-809e-4faf-aa90-9ad30beebfe2,fUST,0.000132,30,1,-28000.0,demand,2026-09-20T01:47:01.699636+00:00
b51b0508-809e-4faf-aa90-9ad30beebfe2,fUST,0.00013103,2,1,-285058.62536861,demand,2026-09-20T01:47:01.699636+00:00
b51b0508-809e-4faf-aa90-9ad30beebfe2,fUST,0.00013102,2,1,-366829.49373192,demand,2026-09-20T01:47:01.699636+00:00
b51b0508-809e-4faf-aa90-9ad30beebfe2,fUST,0.000131,2,3,-2576906.89108704,demand,2026-09-20T01:47:01.699636+00:00
b51b0508-809e-4faf-aa90-9ad30beebfe2,fUST,0.00013,2,1,-1000.0,demand,2026-09-20T01:47:01.699636+00:00
b51b0508-809e-4faf-aa90-9ad30beebfe2,fUST,0.00013,7,1,-1000.0,demand,2026-09-20T01:47:01.699636+00:00
b51b0508-809e-4faf-aa90-9ad30beebfe2,fUST,0.00015388,2,1,1347.69990058,offer,2026-09-20T01:47:01.699636+00:00
b51b0508-809e-4faf-aa90-9ad30beebfe2,fUST,0.000157,2,1,384.0,offer,2026-09-20T01:47:01.699636+00:00
b51b0508-809e-4faf-aa90-9ad30beebfe2,fUST,0.00015876,2,1,506.70053037,offer,2026-09-20T01:47:01.699636+00:00
b51b0508-809e-4faf-aa90-9ad30beebfe2,fUST,0.00015892,2,1,159.15,offer,2026-09-20T01:47:01.699636+00:00
b51b0508-809e-4faf-aa90-9ad30beebfe2,fUST,0.00016052400000000002,7,1,308.31023824,offer,2026-09-20T01:47:01.699636+00:00
b51b0508-809e-4faf-aa90-9ad30beebfe2,fUST,0.0001676,2,1,970.65838484,offer,2026-09-20T01:47:01.699636+00:00
b51b0508-809e-4faf-aa90-9ad30beebfe2,fUST,0.00017645,2,1,1434.61623931,offer,2026-09-20T01:47:01.699636+00:00
b51b0508-809e-4faf-aa90-9ad30beebfe2,fUST,0.0001845372,2,1,285.5055639,offer,2026-09-20T01:47:01.699636+00:00
b51b0508-809e-4faf-aa90-9ad30beebfe2,fUST,0.00018529,2,1,1607.71094788,offer,2026-09-20T01:47:01.699636+00:00
b51b0508-809e-4faf-aa90-9ad30beebfe2,fUST,0.00018847,2,3,1502.54008467,offer,2026-09-20T01:47:01.699636+00:00
b51b0508-809e-4faf-aa90-9ad30beebfe2,fUST,0.00018932823119125234,2,1,221.54485538,offer,2026-09-20T01:47:01.699636+00:00
b51b0508-809e-4faf-aa90-9ad30beebfe2,fUST,0.000192,2,1,214.37544687,offer,2026-09-20T01:47:01.699636+00:00
b51b0508-809e-4faf-aa90-9ad30beebfe2,fUST,0.00019223,2,15,4500.0,offer,2026-09-20T01:47:01.699636+00:00
b51b0508-809e-4faf-aa90-9ad30beebfe2,fUST,0.00019315521575342465,2,7,1245.13821494,offer,2026-09-20T01:47:01.699636+00:00
b51b0508-809e-4faf-aa90-9ad30beebfe2,fUST,0.00019315776027397258,2,10,2992.18249914,offer,2026-09-20T01:47:01.699636+00:00
b51b0508-809e-4faf-aa90-9ad30beebfe2,fUST,0.00019414,2,1,1898.57409378,offer,2026-09-20T01:47:01.699636+00:00
b51b0508-809e-4faf-aa90-9ad30beebfe2,fUST,0.00019486,2,1,284.1582043,offer,2026-09-20T01:47:01.699636+00:00
b51b0508-809e-4faf-aa90-9ad30beebfe2,fUST,0.00019606,2,1,600.0,offer,2026-09-20T01:47:01.699636+00:00
b51b0508-809e-4faf-aa90-9ad30beebfe2,fUST,0.00019606027397260273,2,1,508.93929696,offer,2026-09-20T01:47:01.699636+00:00
b51b0508-809e-4faf-aa90-9ad30beebfe2,fUST,0.0001988305,2,6,2815.00561954,offer,2026-09-20T01:47:01.699636+00:00
b51b0508-809e-4faf-aa90-9ad30beebfe2,fUST,0.0001988405,2,1,5038.80124944,offer,2026-09-20T01:47:01.699636+00:00
b51b0508-809e-4faf-aa90-9ad30beebfe2,fUST,0.00019899,2,7,2927.19601112,offer,2026-09-20T01:47:01.699636+00:00
b51b0508-809e-4faf-aa90-9ad30beebfe2,fUST,0.00019899000000000002,2,1,168.57353213,offer,2026-09-20T01:47:01.699636+00:00
b51b0508-809e-4faf-aa90-9ad30beebfe2,fUST,0.000199,2,3,29134.17824712,offer,2026-09-20T01:47:01.699636+00:00
b51b0508-809e-4faf-aa90-9ad30beebfe2,fUST,0.00019974,2,1,500.0,offer,2026-09-20T01:47:01.699636+00:00
8c2fecd1-54fa-4ceb-b862-522b840e6039,fUST,0.0002671232876712329,120,1,-4557353.88269226,demand,2026-09-20T02:47:01.756418+00:00
8c2fecd1-54fa-4ceb-b862-522b840e6039,fUST,0.0002523095890410959,50,1,-5785070.39979446,demand,2026-09-20T02:47:01.756418+00:00
8c2fecd1-54fa-4ceb-b862-522b840e6039,fUST,0.0001601,29,1,-142413.924121,demand,2026-09-20T02:47:01.756418+00:00
8c2fecd1-54fa-4ceb-b862-522b840e6039,fUST,0.00016,60,18,-114200.828599,demand,2026-09-20T02:47:01.756418+00:00
8c2fecd1-54fa-4ceb-b862-522b840e6039,fUST,0.00016,30,1,-3277.4,demand,2026-09-20T02:47:01.756418+00:00
8c2fecd1-54fa-4ceb-b862-522b840e6039,fUST,0.000152,60,1,-28000.0,demand,2026-09-20T02:47:01.756418+00:00
8c2fecd1-54fa-4ceb-b862-522b840e6039,fUST,0.00015001,2,1,-1006682.57285546,demand,2026-09-20T02:47:01.756418+00:00
8c2fecd1-54fa-4ceb-b862-522b840e6039,fUST,0.00015,120,1,-300000.0,demand,2026-09-20T02:47:01.756418+00:00
8c2fecd1-54fa-4ceb-b862-522b840e6039,fUST,0.00015,45,23,-138668.928077,demand,2026-09-20T02:47:01.756418+00:00
8c2fecd1-54fa-4ceb-b862-522b840e6039,fUST,0.00015,2,1,-10000.0,demand,2026-09-20T02:47:01.756418+00:00
8c2fecd1-54fa-4ceb-b862-522b840e6039,fUST,0.00015,6,1,-17000.0,demand,2026-09-20T02:47:01.756418+00:00
8c2fecd1-54fa-4ceb-b862-522b840e6039,fUST,0.0001421,45,1,-10000.0,demand,2026-09-20T02:47:01.756418+00:00
8c2fecd1-54fa-4ceb-b862-522b840e6039,fUST,0.000142,45,2,-20000.0,demand,2026-09-20T02:47:01.756418+00:00
8c2fecd1-54fa-4ceb-b862-522b840e6039,fUST,0.00014099999999999998,2,1,-531002.20793183,demand,2026-09-20T02:47:01.756418+00:00
8c2fecd1-54fa-4ceb-b862-522b840e6039,fUST,0.0001401,13,1,-99488.31479105,demand,2026-09-20T02:47:01.756418+00:00
8c2fecd1-54fa-4ceb-b862-522b840e6039,fUST,0.0001401,2,1,-2000000.0,demand,2026-09-20T02:47:01.756418+00:00
8c2fecd1-54fa-4ceb-b862-522b840e6039,fUST,0.00014,7,1,-10000.0,demand,2026-09-20T02:47:01.756418+00:00
8c2fecd1-54fa-4ceb-b862-522b840e6039,fUST,0.0001361,30,23,-93124.47696771,demand,2026-09-20T02:47:01.756418+00:00
8c2fecd1-54fa-4ceb-b862-522b840e6039,fUST,0.000136,30,2,-14544.22120933,demand,2026-09-20T02:47:01.756418+00:00
8c2fecd1-54fa-4ceb-b862-522b840e6039,fUST,0.000132,30,1,-28000.0,demand,2026-09-20T02:47:01.756418+00:00
8c2fecd1-54fa-4ceb-b862-522b840e6039,fUST,0.00013103,2,1,-285058.62536861,demand,2026-09-20T02:47:01.756418+00:00
8c2fecd1-54fa-4ceb-b862-522b840e6039,fUST,0.00013102,2,1,-366829.49373192,demand,2026-09-20T02:47:01.756418+00:00
8c2fecd1-54fa-4ceb-b862-522b840e6039,fUST,0.000131,2,3,-2576906.89108704,demand,2026-09-20T02:47:01.756418+00:00
8c2fecd1-54fa-4ceb-b862-522b840e6039,fUST,0.00013,2,1,-1000.0,demand,2026-09-20T02:47:01.756418+00:00
8c2fecd1-54fa-4ceb-b862-522b840e6039,fUST,0.00013,7,1,-1000.0,demand,2026-09-20T02:47:01.756418+00:00
8c2fecd1-54fa-4ceb-b862-522b840e6039,fUST,0.00015164,2,1,3909.58173868,offer,2026-09-20T02:47:01.756418+00:00
8c2fecd1-54fa-4ceb-b862-522b840e6039,fUST,0.000159452092,2,1,151.0,offer,2026-09-20T02:47:01.756418+00:00
8c2fecd1-54fa-4ceb-b862-522b840e6039,fUST,0.0001643836,2,13,1998.36,offer,2026-09-20T02:47:01.756418+00:00
8c2fecd1-54fa-4ceb-b862-522b840e6039,fUST,0.00016766,2,15,4500.0,offer,2026-09-20T02:47:01.756418+00:00
8c2fecd1-54fa-4ceb-b862-522b840e6039,fUST,0.000171,2,1,600.0,offer,2026-09-20T02:47:01.756418+00:00
8c2fecd1-54fa-4ceb-b862-522b840e6039,fUST,0.00018,2,1,6694.0,offer,2026-09-20T02:47:01.756418+00:00
8c2fecd1-54fa-4ceb-b862-522b840e6039,fUST,0.0001881,2,1,720.0,offer,2026-09-20T02:47:01.756418+00:00
8c2fecd1-54fa-4ceb-b862-522b840e6039,fUST,0.00018903,2,8,3624.72468495,offer,2026-09-20T02:47:01.756418+00:00
8c2fecd1-54fa-4ceb-b862-522b840e6039,fUST,0.00018904,2,5,16739.27528522,offer,2026-09-20T02:47:01.756418+00:00
8c2fecd1-54fa-4ceb-b862-522b840e6039,fUST,0.00018905,2,2,33522.244677,offer,2026-09-20T02:47:01.756418+00:00
8c2fecd1-54fa-4ceb-b862-522b840e6039,fUST,0.00018931277966101695,2,2,334.83421803,offer,2026-09-20T02:47:01.756418+00:00
8c2fecd1-54fa-4ceb-b862-522b840e6039,fUST,0.00018998000000000002,2,1,301.69164749,offer,2026-09-20T02:47:01.756418+00:00
8c2fecd1-54fa-4ceb-b862-522b840e6039,fUST,0.00019,2,1,2986.18574766,offer,2026-09-20T02:47:01.756418+00:00
8c2fecd1-54fa-4ceb-b862-522b840e6039,fUST,0.0001915068493150685,3,1,182.73075328,offer,2026-09-20T02:47:01.756418+00:00
8c2fecd1-54fa-4ceb-b862-522b840e6039,fUST,0.0001916644302,2,1,431.127003,offer,2026-09-20T02:47:01.756418+00:00
8c2fecd1-54fa-4ceb-b862-522b840e6039,fUST,0.00019178,2,1,1003.39665115,offer,2026-09-20T02:47:01.756418+00:00
8c2fecd1-54fa-4ceb-b862-522b840e6039,fUST,0.00019315,2,1,512.61,offer,2026-09-20T02:47:01.756418+00:00
8c2fecd1-54fa-4ceb-b862-522b840e6039,fUST,0.00019315776027397258,2,15,3917.20960132,offer,2026-09-20T02:47:01.756418+00:00
8c2fecd1-54fa-4ceb-b862-522b840e6039,fUST,0.00019316,2,3,5249.1423775,offer,2026-09-20T02:47:01.756418+00:00
8c2fecd1-54fa-4ceb-b862-522b840e6039,fUST,0.00019319338356164382,2,4,1420.69166671,offer,2026-09-20T02:47:01.756418+00:00
8c2fecd1-54fa-4ceb-b862-522b840e6039,fUST,0.00019479277966101696,2,1,171.22897607,offer,2026-09-20T02:47:01.756418+00:00
8c2fecd1-54fa-4ceb-b862-522b840e6039,fUST,0.0001957,2,1,6094.06045613,offer,2026-09-20T02:47:01.756418+00:00
8c2fecd1-54fa-4ceb-b862-522b840e6039,fUST,0.000197274,2,5,2382.41076357,offer,2026-09-20T02:47:01.756418+00:00
8c2fecd1-54fa-4ceb-b862-522b840e6039,fUST,0.00019795,2,1,2304.5895384,offer,2026-09-20T02:47:01.756418+00:00
8c2fecd1-54fa-4ceb-b862-522b840e6039,fUST,0.000198,2,1,39192.4119758,offer,2026-09-20T02:47:01.756418+00:00
493ea2db-d5b1-4e06-b817-5de3c40c395a,fUST,0.0002671232876712329,120,1,-4520094.19269226,demand,2026-09-20T03:47:01.492988+00:00
493ea2db-d5b1-4e06-b817-5de3c40c395a,fUST,0.00025245205479452055,50,1,-5784843.42979446,demand,2026-09-20T03:47:01.492988+00:00
493ea2db-d5b1-4e06-b817-5de3c40c395a,fUST,0.0001601,29,1,-142413.924121,demand,2026-09-20T03:47:01.492988+00:00
493ea2db-d5b1-4e06-b817-5de3c40c395a,fUST,0.00016,60,18,-114200.828599,demand,2026-09-20T03:47:01.492988+00:00
493ea2db-d5b1-4e06-b817-5de3c40c395a,fUST,0.00016,30,1,-3277.4,demand,2026-09-20T03:47:01.492988+00:00
493ea2db-d5b1-4e06-b817-5de3c40c395a,fUST,0.000152,60,1,-28000.0,demand,2026-09-20T03:47:01.492988+00:00
493ea2db-d5b1-4e06-b817-5de3c40c395a,fUST,0.00015001,2,1,-923410.49229027,demand,2026-09-20T03:47:01.492988+00:00
493ea2db-d5b1-4e06-b817-5de3c40c395a,fUST,0.00015,120,1,-300000.0,demand,2026-09-20T03:47:01.492988+00:00
493ea2db-d5b1-4e06-b817-5de3c40c395a,fUST,0.00015,45,23,-138668.928077,demand,2026-09-20T03:47:01.492988+00:00
493ea2db-d5b1-4e06-b817-5de3c40c395a,fUST,0.00015,2,1,-10000.0,demand,2026-09-20T03:47:01.492988+00:00
493ea2db-d5b1-4e06-b817-5de3c40c395a,fUST,0.00015,6,1,-17000.0,demand,2026-09-20T03:47:01.492988+00:00
493ea2db-d5b1-4e06-b817-5de3c40c395a,fUST,0.0001421,45,1,-10000.0,demand,2026-09-20T03:47:01.492988+00:00
493ea2db-d5b1-4e06-b817-5de3c40c395a,fUST,0.000142,45,2,-20000.0,demand,2026-09-20T03:47:01.492988+00:00
493ea2db-d5b1-4e06-b817-5de3c40c395a,fUST,0.00014099999999999998,2,1,-531002.20793183,demand,2026-09-20T03:47:01.492988+00:00
493ea2db-d5b1-4e06-b817-5de3c40c395a,fUST,0.0001401,13,1,-99488.31479105,demand,2026-09-20T03:47:01.492988+00:00
493ea2db-d5b1-4e06-b817-5de3c40c395a,fUST,0.0001401,2,1,-2000000.0,demand,2026-09-20T03:47:01.492988+00:00
493ea2db-d5b1-4e06-b817-5de3c40c395a,fUST,0.00014,7,1,-10000.0,demand,2026-09-20T03:47:01.492988+00:00
493ea2db-d5b1-4e06-b817-5de3c40c395a,fUST,0.0001361,30,23,-93124.47696771,demand,2026-09-20T03:47:01.492988+00:00
493ea2db-d5b1-4e06-b817-5de3c40c395a,fUST,0.000136,30,2,-14544.22120933,demand,2026-09-20T03:47:01.492988+00:00
493ea2db-d5b1-4e06-b817-5de3c40c395a,fUST,0.000132,30,1,-28000.0,demand,2026-09-20T03:47:01.492988+00:00
493ea2db-d5b1-4e06-b817-5de3c40c395a,fUST,0.00013103,2,1,-285058.62536861,demand,2026-09-20T03:47:01.492988+00:00
493ea2db-d5b1-4e06-b817-5de3c40c395a,fUST,0.00013102,2,1,-366829.49373192,demand,2026-09-20T03:47:01.492988+00:00
493ea2db-d5b1-4e06-b817-5de3c40c395a,fUST,0.000131,2,3,-2576906.89108704,demand,2026-09-20T03:47:01.492988+00:00
493ea2db-d5b1-4e06-b817-5de3c40c395a,fUST,0.00013,2,1,-1000.0,demand,2026-09-20T03:47:01.492988+00:00
493ea2db-d5b1-4e06-b817-5de3c40c395a,fUST,0.00013,7,1,-1000.0,demand,2026-09-20T03:47:01.492988+00:00
493ea2db-d5b1-4e06-b817-5de3c40c395a,fUST,0.00015311,2,1,157.66,offer,2026-09-20T03:47:01.492988+00:00
493ea2db-d5b1-4e06-b817-5de3c40c395a,fUST,0.000154657896,2,1,155.08,offer,2026-09-20T03:47:01.492988+00:00
493ea2db-d5b1-4e06-b817-5de3c40c395a,fUST,0.000155383739,2,1,160.43,offer,2026-09-20T03:47:01.492988+00:00
493ea2db-d5b1-4e06-b817-5de3c40c395a,fUST,0.000156109582,2,1,155.08,offer,2026-09-20T03:47:01.492988+00:00
493ea2db-d5b1-4e06-b817-5de3c40c395a,fUST,0.000156835425,2,1,160.43,offer,2026-09-20T03:47:01.492988+00:00
493ea2db-d5b1-4e06-b817-5de3c40c395a,fUST,0.000157561268,2,1,155.08,offer,2026-09-20T03:47:01.492988+00:00
493ea2db-d5b1-4e06-b817-5de3c40c395a,fUST,0.000158287111,2,1,155.08,offer,2026-09-20T03:47:01.492988+00:00
493ea2db-d5b1-4e06-b817-5de3c40c395a,fUST,0.000159012954,2,1,160.43,offer,2026-09-20T03:47:01.492988+00:00
493ea2db-d5b1-4e06-b817-5de3c40c395a,fUST,0.0001605635,2,1,274.4195998,offer,2026-09-20T03:47:01.492988+00:00
493ea2db-d5b1-4e06-b817-5de3c40c395a,fUST,0.00016521186224738305,2,1,220.45176369,offer,2026-09-20T03:47:01.492988+00:00
493ea2db-d5b1-4e06-b817-5de3c40c395a,fUST,0.0001657114,2,1,828.0659204,offer,2026-09-20T03:47:01.492988+00:00
493ea2db-d5b1-4e06-b817-5de3c40c395a,fUST,0.0001728219178082192,2,1,13186.25326916,offer,2026-09-20T03:47:01.492988+00:00
493ea2db-d5b1-4e06-b817-5de3c40c395a,fUST,0.000172822568,2,1,155.22,offer,2026-09-20T03:47:01.492988+00:00
493ea2db-d5b1-4e06-b817-5de3c40c395a,fUST,0.0001761502,2,1,302.2261814,offer,2026-09-20T03:47:01.492988+00:00
493ea2db-d5b1-4e06-b817-5de3c40c395a,fUST,0.0001768,2,1,518.76342615,offer,2026-09-20T03:47:01.492988+00:00
493ea2db-d5b1-4e06-b817-5de3c40c395a,fUST,0.00017681,2,15,4500.0,offer,2026-09-20T03:47:01.492988+00:00
493ea2db-d5b1-4e06-b817-5de3c40c395a,fUST,0.00018033,2,1,1518.45,offer,2026-09-20T03:47:01.492988+00:00
493ea2db-d5b1-4e06-b817-5de3c40c395a,fUST,0.00018034,2,1,600.0,offer,2026-09-20T03:47:01.492988+00:00
493ea2db-d5b1-4e06-b817-5de3c40c395a,fUST,0.000185,2,2,1502.57991923,offer,2026-09-20T03:47:01.492988+00:00
493ea2db-d5b1-4e06-b817-5de3c40c395a,fUST,0.0001864179491525424,2,19,8922.05371014,offer,2026-09-20T03:47:01.492988+00:00
493ea2db-d5b1-4e06-b817-5de3c40c395a,fUST,0.00018644931506849315,2,1,500.0,offer,2026-09-20T03:47:01.492988+00:00
493ea2db-d5b1-4e06-b817-5de3c40c395a,fUST,0.00018645794915254238,2,10,2525.18305823,offer,2026-09-20T03:47:01.492988+00:00
493ea2db-d5b1-4e06-b817-5de3c40c395a,fUST,0.0001891890410958904,2,1,500.0,offer,2026-09-20T03:47:01.492988+00:00
493ea2db-d5b1-4e06-b817-5de3c40c395a,fUST,0.00018919794915254237,2,2,324.90496703,offer,2026-09-20T03:47:01.492988+00:00
493ea2db-d5b1-4e06-b817-5de3c40c395a,fUST,0.00018999,2,1,1406.027887,offer,2026-09-20T03:47:01.492988+00:00
03b120cf-26a0-4f5b-9157-ae2a6e9ac86a,fUST,0.0002671232876712329,120,1,-4516810.34269226,demand,2026-09-20T04:47:01.632084+00:00
03b120cf-26a0-4f5b-9157-ae2a6e9ac86a,fUST,0.0002520712328767123,50,1,-5784620.44056283,demand,2026-09-20T04:47:01.632084+00:00
03b120cf-26a0-4f5b-9157-ae2a6e9ac86a,fUST,0.0001601,29,1,-142413.924121,demand,2026-09-20T04:47:01.632084+00:00
03b120cf-26a0-4f5b-9157-ae2a6e9ac86a,fUST,0.00016,60,18,-114200.828599,demand,2026-09-20T04:47:01.632084+00:00
03b120cf-26a0-4f5b-9157-ae2a6e9ac86a,fUST,0.00016,30,1,-3277.4,demand,2026-09-20T04:47:01.632084+00:00
03b120cf-26a0-4f5b-9157-ae2a6e9ac86a,fUST,0.000152,60,1,-28000.0,demand,2026-09-20T04:47:01.632084+00:00
03b120cf-26a0-4f5b-9157-ae2a6e9ac86a,fUST,0.00015001,2,1,-840436.41445613,demand,2026-09-20T04:47:01.632084+00:00
03b120cf-26a0-4f5b-9157-ae2a6e9ac86a,fUST,0.00015,120,1,-300000.0,demand,2026-09-20T04:47:01.632084+00:00
03b120cf-26a0-4f5b-9157-ae2a6e9ac86a,fUST,0.00015,45,23,-138668.928077,demand,2026-09-20T04:47:01.632084+00:00
03b120cf-26a0-4f5b-9157-ae2a6e9ac86a,fUST,0.00015,2,1,-10000.0,demand,2026-09-20T04:47:01.632084+00:00
03b120cf-26a0-4f5b-9157-ae2a6e9ac86a,fUST,0.00015,6,1,-17000.0,demand,2026-09-20T04:47:01.632084+00:00
03b120cf-26a0-4f5b-9157-ae2a6e9ac86a,fUST,0.0001421,45,1,-10000.0,demand,2026-09-20T04:47:01.632084+00:00
03b120cf-26a0-4f5b-9157-ae2a6e9ac86a,fUST,0.000142,45,2,-20000.0,demand,2026-09-20T04:47:01.632084+00:00
03b120cf-26a0-4f5b-9157-ae2a6e9ac86a,fUST,0.00014099999999999998,2,1,-531002.20793183,demand,2026-09-20T04:47:01.632084+00:00
03b120cf-26a0-4f5b-9157-ae2a6e9ac86a,fUST,0.0001401,13,1,-99488.31479105,demand,2026-09-20T04:47:01.632084+00:00
03b120cf-26a0-4f5b-9157-ae2a6e9ac86a,fUST,0.0001401,2,1,-2000000.0,demand,2026-09-20T04:47:01.632084+00:00
03b120cf-26a0-4f5b-9157-ae2a6e9ac86a,fUST,0.00014,7,1,-10000.0,demand,2026-09-20T04:47:01.632084+00:00
03b120cf-26a0-4f5b-9157-ae2a6e9ac86a,fUST,0.0001361,30,23,-93124.47696771,demand,2026-09-20T04:47:01.632084+00:00
03b120cf-26a0-4f5b-9157-ae2a6e9ac86a,fUST,0.000136,30,2,-14544.22120933,demand,2026-09-20T04:47:01.632084+00:00
03b120cf-26a0-4f5b-9157-ae2a6e9ac86a,fUST,0.000132,30,1,-28000.0,demand,2026-09-20T04:47:01.632084+00:00
03b120cf-26a0-4f5b-9157-ae2a6e9ac86a,fUST,0.00013103,2,1,-285058.62536861,demand,2026-09-20T04:47:01.632084+00:00
03b120cf-26a0-4f5b-9157-ae2a6e9ac86a,fUST,0.00013102,2,1,-366829.49373192,demand,2026-09-20T04:47:01.632084+00:00
03b120cf-26a0-4f5b-9157-ae2a6e9ac86a,fUST,0.000131,2,3,-2576906.89108704,demand,2026-09-20T04:47:01.632084+00:00
03b120cf-26a0-4f5b-9157-ae2a6e9ac86a,fUST,0.00013,2,1,-1000.0,demand,2026-09-20T04:47:01.632084+00:00
03b120cf-26a0-4f5b-9157-ae2a6e9ac86a,fUST,0.00013,7,1,-1000.0,demand,2026-09-20T04:47:01.632084+00:00
03b120cf-26a0-4f5b-9157-ae2a6e9ac86a,fUST,0.00015016448705362044,2,1,182.40665133,offer,2026-09-20T04:47:01.632084+00:00
03b120cf-26a0-4f5b-9157-ae2a6e9ac86a,fUST,0.00015282,2,1,752.1478113,offer,2026-09-20T04:47:01.632084+00:00
03b120cf-26a0-4f5b-9157-ae2a6e9ac86a,fUST,0.0001543648,2,1,180.42165294,offer,2026-09-20T04:47:01.632084+00:00
03b120cf-26a0-4f5b-9157-ae2a6e9ac86a,fUST,0.00015474844969062492,2,1,362.8746161,offer,2026-09-20T04:47:01.632084+00:00
03b120cf-26a0-4f5b-9157-ae2a6e9ac86a,fUST,0.00015480874953981488,2,1,182.40665133,offer,2026-09-20T04:47:01.632084+00:00
03b120cf-26a0-4f5b-9157-ae2a6e9ac86a,fUST,0.0001550938,2,1,1442.2875769,offer,2026-09-20T04:47:01.632084+00:00
03b120cf-26a0-4f5b-9157-ae2a6e9ac86a,fUST,0.00016289310493749993,2,3,10771.33857813,offer,2026-09-20T04:47:01.632084+00:00
03b120cf-26a0-4f5b-9157-ae2a6e9ac86a,fUST,0.0001640755,2,1,151.0,offer,2026-09-20T04:47:01.632084+00:00
03b120cf-26a0-4f5b-9157-ae2a6e9ac86a,fUST,0.00016859,2,1,483.180466,offer,2026-09-20T04:47:01.632084+00:00
03b120cf-26a0-4f5b-9157-ae2a6e9ac86a,fUST,0.00016915,2,2,1000.0,offer,2026-09-20T04:47:01.632084+00:00
03b120cf-26a0-4f5b-9157-ae2a6e9ac86a,fUST,0.00016929,2,1,450.23522917,offer,2026-09-20T04:47:01.632084+00:00
03b120cf-26a0-4f5b-9157-ae2a6e9ac86a,fUST,0.00016953,2,1,500.0,offer,2026-09-20T04:47:01.632084+00:00
03b120cf-26a0-4f5b-9157-ae2a6e9ac86a,fUST,0.00016984000000000004,2,37,17723.61303034,offer,2026-09-20T04:47:01.632084+00:00
03b120cf-26a0-4f5b-9157-ae2a6e9ac86a,fUST,0.00016989,2,4,2000.0,offer,2026-09-20T04:47:01.632084+00:00
03b120cf-26a0-4f5b-9157-ae2a6e9ac86a,fUST,0.00016989000000000001,2,1,579.1663972,offer,2026-09-20T04:47:01.632084+00:00
03b120cf-26a0-4f5b-9157-ae2a6e9ac86a,fUST,0.0001699,2,18,257488.33056916,offer,2026-09-20T04:47:01.632084+00:00
03b120cf-26a0-4f5b-9157-ae2a6e9ac86a,fUST,0.0001699013698630137,2,1,485.41225685,offer,2026-09-20T04:47:01.632084+00:00
03b120cf-26a0-4f5b-9157-ae2a6e9ac86a,fUST,0.00017,2,1,3000.0,offer,2026-09-20T04:47:01.632084+00:00
03b120cf-26a0-4f5b-9157-ae2a6e9ac86a,fUST,0.0001701,2,1,3000.0,offer,2026-09-20T04:47:01.632084+00:00
03b120cf-26a0-4f5b-9157-ae2a6e9ac86a,fUST,0.00017011780824,2,2,498.9447246,offer,2026-09-20T04:47:01.632084+00:00
03b120cf-26a0-4f5b-9157-ae2a6e9ac86a,fUST,0.00017012,2,4,1162.118084,offer,2026-09-20T04:47:01.632084+00:00
03b120cf-26a0-4f5b-9157-ae2a6e9ac86a,fUST,0.0001702,2,1,4245.490157,offer,2026-09-20T04:47:01.632084+00:00
03b120cf-26a0-4f5b-9157-ae2a6e9ac86a,fUST,0.00017144,2,1,500.0,offer,2026-09-20T04:47:01.632084+00:00
03b120cf-26a0-4f5b-9157-ae2a6e9ac86a,fUST,0.00017145,2,20,5255.0,offer,2026-09-20T04:47:01.632084+00:00
03b120cf-26a0-4f5b-9157-ae2a6e9ac86a,fUST,0.00017194,2,1,600.0,offer,2026-09-20T04:47:01.632084+00:00
aef4746e-4493-4caf-8ea2-ca619424e16f,fUST,0.0002671232876712329,120,1,-4516607.76057133,demand,2026-09-20T05:47:02.201136+00:00
aef4746e-4493-4caf-8ea2-ca619424e16f,fUST,0.0002519890410958904,50,1,-5784294.40056283,demand,2026-09-20T05:47:02.201136+00:00
aef4746e-4493-4caf-8ea2-ca619424e16f,fUST,0.0001601,29,1,-142413.924121,demand,2026-09-20T05:47:02.201136+00:00
aef4746e-4493-4caf-8ea2-ca619424e16f,fUST,0.00016,60,18,-114200.828599,demand,2026-09-20T05:47:02.201136+00:00
aef4746e-4493-4caf-8ea2-ca619424e16f,fUST,0.00016,30,1,-3277.4,demand,2026-09-20T05:47:02.201136+00:00
aef4746e-4493-4caf-8ea2-ca619424e16f,fUST,0.000152,60,1,-28000.0,demand,2026-09-20T05:47:02.201136+00:00
aef4746e-4493-4caf-8ea2-ca619424e16f,fUST,0.00015001,2,1,-806333.88525497,demand,2026-09-20T05:47:02.201136+00:00
aef4746e-4493-4caf-8ea2-ca619424e16f,fUST,0.00015,120,1,-300000.0,demand,2026-09-20T05:47:02.201136+00:00
aef4746e-4493-4caf-8ea2-ca619424e16f,fUST,0.00015,45,23,-138668.928077,demand,2026-09-20T05:47:02.201136+00:00
aef4746e-4493-4caf-8ea2-ca619424e16f,fUST,0.00015,2,1,-10000.0,demand,2026-09-20T05:47:02.201136+00:00
aef4746e-4493-4caf-8ea2-ca619424e16f,fUST,0.00015,6,1,-17000.0,demand,2026-09-20T05:47:02.201136+00:00
aef4746e-4493-4caf-8ea2-ca619424e16f,fUST,0.0001421,45,1,-10000.0,demand,2026-09-20T05:47:02.201136+00:00
aef4746e-4493-4caf-8ea2-ca619424e16f,fUST,0.000142,45,2,-20000.0,demand,2026-09-20T05:47:02.201136+00:00
aef4746e-4493-4caf-8ea2-ca619424e16f,fUST,0.00014099999999999998,2,1,-531002.20793183,demand,2026-09-20T05:47:02.201136+00:00
aef4746e-4493-4caf-8ea2-ca619424e16f,fUST,0.0001401,13,1,-99488.31479105,demand,2026-09-20T05:47:02.201136+00:00
aef4746e-4493-4caf-8ea2-ca619424e16f,fUST,0.0001401,2,1,-2000000.0,demand,2026-09-20T05:47:02.201136+00:00
aef4746e-4493-4caf-8ea2-ca619424e16f,fUST,0.00014,7,1,-10000.0,demand,2026-09-20T05:47:02.201136+00:00
aef4746e-4493-4caf-8ea2-ca619424e16f,fUST,0.0001361,30,23,-93124.47696771,demand,2026-09-20T05:47:02.201136+00:00
aef4746e-4493-4caf-8ea2-ca619424e16f,fUST,0.000136,30,2,-14544.22120933,demand,2026-09-20T05:47:02.201136+00:00
aef4746e-4493-4caf-8ea2-ca619424e16f,fUST,0.000132,30,1,-28000.0,demand,2026-09-20T05:47:02.201136+00:00
aef4746e-4493-4caf-8ea2-ca619424e16f,fUST,0.00013103,2,1,-285058.62536861,demand,2026-09-20T05:47:02.201136+00:00
aef4746e-4493-4caf-8ea2-ca619424e16f,fUST,0.00013102,2,1,-366829.49373192,demand,2026-09-20T05:47:02.201136+00:00
aef4746e-4493-4caf-8ea2-ca619424e16f,fUST,0.000131,2,3,-2576906.89108704,demand,2026-09-20T05:47:02.201136+00:00
aef4746e-4493-4caf-8ea2-ca619424e16f,fUST,0.00013,2,1,-1000.0,demand,2026-09-20T05:47:02.201136+00:00
aef4746e-4493-4caf-8ea2-ca619424e16f,fUST,0.00013,7,1,-1000.0,demand,2026-09-20T05:47:02.201136+00:00
aef4746e-4493-4caf-8ea2-ca619424e16f,fUST,0.00016567,2,1,5000.0,offer,2026-09-20T05:47:02.201136+00:00
aef4746e-4493-4caf-8ea2-ca619424e16f,fUST,0.00016734,2,1,1850.27827252,offer,2026-09-20T05:47:02.201136+00:00
aef4746e-4493-4caf-8ea2-ca619424e16f,fUST,0.00016742,2,3,1500.0,offer,2026-09-20T05:47:02.201136+00:00
aef4746e-4493-4caf-8ea2-ca619424e16f,fUST,0.00016825,2,2,1000.0,offer,2026-09-20T05:47:02.201136+00:00
aef4746e-4493-4caf-8ea2-ca619424e16f,fUST,0.00017161,2,16,5100.0,offer,2026-09-20T05:47:02.201136+00:00
aef4746e-4493-4caf-8ea2-ca619424e16f,fUST,0.00017582,2,1,3697.49417354,offer,2026-09-20T05:47:02.201136+00:00
aef4746e-4493-4caf-8ea2-ca619424e16f,fUST,0.000180728,2,1,162.39245821,offer,2026-09-20T05:47:02.201136+00:00
aef4746e-4493-4caf-8ea2-ca619424e16f,fUST,0.00018431,2,1,5544.71007456,offer,2026-09-20T05:47:02.201136+00:00
aef4746e-4493-4caf-8ea2-ca619424e16f,fUST,0.0001849395,2,12,5343.35224404,offer,2026-09-20T05:47:02.201136+00:00
aef4746e-4493-4caf-8ea2-ca619424e16f,fUST,0.0001849495,2,1,185.4201371,offer,2026-09-20T05:47:02.201136+00:00
aef4746e-4493-4caf-8ea2-ca619424e16f,fUST,0.000186208,2,1,162.39245821,offer,2026-09-20T05:47:02.201136+00:00
aef4746e-4493-4caf-8ea2-ca619424e16f,fUST,0.00018877,2,1,720.0,offer,2026-09-20T05:47:02.201136+00:00
aef4746e-4493-4caf-8ea2-ca619424e16f,fUST,0.00019097828639608598,2,1,221.57289823,offer,2026-09-20T05:47:02.201136+00:00
aef4746e-4493-4caf-8ea2-ca619424e16f,fUST,0.0001915068493150685,3,1,191.0,offer,2026-09-20T05:47:02.201136+00:00
aef4746e-4493-4caf-8ea2-ca619424e16f,fUST,0.00019176,2,3,1362.94310522,offer,2026-09-20T05:47:02.201136+00:00
aef4746e-4493-4caf-8ea2-ca619424e16f,fUST,0.00019279765196,2,1,236.02428017,offer,2026-09-20T05:47:02.201136+00:00
aef4746e-4493-4caf-8ea2-ca619424e16f,fUST,0.0001928,2,2,5781.58497895,offer,2026-09-20T05:47:02.201136+00:00
aef4746e-4493-4caf-8ea2-ca619424e16f,fUST,0.00019284987328767122,2,4,669.58980726,offer,2026-09-20T05:47:02.201136+00:00
aef4746e-4493-4caf-8ea2-ca619424e16f,fUST,0.00019290839726027396,2,5,1683.50892844,offer,2026-09-20T05:47:02.201136+00:00
aef4746e-4493-4caf-8ea2-ca619424e16f,fUST,0.00019291232876712328,2,1,500.0,offer,2026-09-20T05:47:02.201136+00:00
aef4746e-4493-4caf-8ea2-ca619424e16f,fUST,0.00019291348630136985,2,23,5510.48237034,offer,2026-09-20T05:47:02.201136+00:00
aef4746e-4493-4caf-8ea2-ca619424e16f,fUST,0.0001943676135,2,1,180.68159,offer,2026-09-20T05:47:02.201136+00:00
aef4746e-4493-4caf-8ea2-ca619424e16f,fUST,0.000194721,2,2,640.0,offer,2026-09-20T05:47:02.201136+00:00
aef4746e-4493-4caf-8ea2-ca619424e16f,fUST,0.00019499,2,1,520.56216593,offer,2026-09-20T05:47:02.201136+00:00
aef4746e-4493-4caf-8ea2-ca619424e16f,fUST,0.000195,2,2,23535.8555091,offer,2026-09-20T05:47:02.201136+00:00
ec918705-9430-47ad-a963-96efe59b98ff,fUST,0.0002671232876712329,120,1,-4515231.56412709,demand,2026-09-20T06:47:01.983181+00:00
ec918705-9430-47ad-a963-96efe59b98ff,fUST,0.00025200821917808217,50,1,-5783324.40056383,demand,2026-09-20T06:47:01.983181+00:00
ec918705-9430-47ad-a963-96efe59b98ff,fUST,0.0001601,29,1,-142229.924121,demand,2026-09-20T06:47:01.983181+00:00
ec918705-9430-47ad-a963-96efe59b98ff,fUST,0.00016,60,18,-114200.828599,demand,2026-09-20T06:47:01.983181+00:00
ec918705-9430-47ad-a963-96efe59b98ff,fUST,0.00016,30,1,-3277.4,demand,2026-09-20T06:47:01.983181+00:00
ec918705-9430-47ad-a963-96efe59b98ff,fUST,0.000152,60,1,-28000.0,demand,2026-09-20T06:47:01.983181+00:00
ec918705-9430-47ad-a963-96efe59b98ff,fUST,0.00015002,2,1,-284560.73215622,demand,2026-09-20T06:47:01.983181+00:00
ec918705-9430-47ad-a963-96efe59b98ff,fUST,0.00015001,2,1,-790181.50636387,demand,2026-09-20T06:47:01.983181+00:00
ec918705-9430-47ad-a963-96efe59b98ff,fUST,0.00015,120,1,-300000.0,demand,2026-09-20T06:47:01.983181+00:00
ec918705-9430-47ad-a963-96efe59b98ff,fUST,0.00015,45,23,-138668.928077,demand,2026-09-20T06:47:01.983181+00:00
ec918705-9430-47ad-a963-96efe59b98ff,fUST,0.00015,2,1,-10000.0,demand,2026-09-20T06:47:01.983181+00:00
ec918705-9430-47ad-a963-96efe59b98ff,fUST,0.00015,6,1,-17000.0,demand,2026-09-20T06:47:01.983181+00:00
ec918705-9430-47ad-a963-96efe59b98ff,fUST,0.0001421,45,1,-10000.0,demand,2026-09-20T06:47:01.983181+00:00
ec918705-9430-47ad-a963-96efe59b98ff,fUST,0.000142,45,2,-20000.0,demand,2026-09-20T06:47:01.983181+00:00
ec918705-9430-47ad-a963-96efe59b98ff,fUST,0.00014099999999999998,2,1,-531002.20793183,demand,2026-09-20T06:47:01.983181+00:00
ec918705-9430-47ad-a963-96efe59b98ff,fUST,0.0001401,13,1,-99488.31479105,demand,2026-09-20T06:47:01.983181+00:00
ec918705-9430-47ad-a963-96efe59b98ff,fUST,0.0001401,2,1,-2000000.0,demand,2026-09-20T06:47:01.983181+00:00
ec918705-9430-47ad-a963-96efe59b98ff,fUST,0.00014,7,1,-10000.0,demand,2026-09-20T06:47:01.983181+00:00
ec918705-9430-47ad-a963-96efe59b98ff,fUST,0.0001361,30,23,-93124.47696771,demand,2026-09-20T06:47:01.983181+00:00
ec918705-9430-47ad-a963-96efe59b98ff,fUST,0.000136,30,2,-14544.22120933,demand,2026-09-20T06:47:01.983181+00:00
ec918705-9430-47ad-a963-96efe59b98ff,fUST,0.000132,30,1,-28000.0,demand,2026-09-20T06:47:01.983181+00:00
ec918705-9430-47ad-a963-96efe59b98ff,fUST,0.00013103,2,1,-285058.62536861,demand,2026-09-20T06:47:01.983181+00:00
ec918705-9430-47ad-a963-96efe59b98ff,fUST,0.00013102,2,1,-366829.49373192,demand,2026-09-20T06:47:01.983181+00:00
ec918705-9430-47ad-a963-96efe59b98ff,fUST,0.000131,2,3,-2576906.89108704,demand,2026-09-20T06:47:01.983181+00:00
ec918705-9430-47ad-a963-96efe59b98ff,fUST,0.00013,2,1,-1000.0,demand,2026-09-20T06:47:01.983181+00:00
ec918705-9430-47ad-a963-96efe59b98ff,fUST,0.0001664,2,1,5000.0,offer,2026-09-20T06:47:01.983181+00:00
ec918705-9430-47ad-a963-96efe59b98ff,fUST,0.00016808,2,3,1627.46903888,offer,2026-09-20T06:47:01.983181+00:00
ec918705-9430-47ad-a963-96efe59b98ff,fUST,0.00016839,2,1,500.0,offer,2026-09-20T06:47:01.983181+00:00
ec918705-9430-47ad-a963-96efe59b98ff,fUST,0.00016858,2,1,246.80661606,offer,2026-09-20T06:47:01.983181+00:00
ec918705-9430-47ad-a963-96efe59b98ff,fUST,0.00017028,2,1,3401.29084875,offer,2026-09-20T06:47:01.983181+00:00
ec918705-9430-47ad-a963-96efe59b98ff,fUST,0.00017194,2,15,4500.0,offer,2026-09-20T06:47:01.983181+00:00
ec918705-9430-47ad-a963-96efe59b98ff,fUST,0.00017537,2,1,600.0,offer,2026-09-20T06:47:01.983181+00:00
ec918705-9430-47ad-a963-96efe59b98ff,fUST,0.00018436354098360654,2,1,165.52077499,offer,2026-09-20T06:47:01.983181+00:00
ec918705-9430-47ad-a963-96efe59b98ff,fUST,0.00018752,2,2,1001.30634125,offer,2026-09-20T06:47:01.983181+00:00
ec918705-9430-47ad-a963-96efe59b98ff,fUST,0.000187527416,2,5,1199.01107967,offer,2026-09-20T06:47:01.983181+00:00
ec918705-9430-47ad-a963-96efe59b98ff,fUST,0.00018763000000000002,2,3,1000.84164355,offer,2026-09-20T06:47:01.983181+00:00
ec918705-9430-47ad-a963-96efe59b98ff,fUST,0.00018764,2,1,5889.09521819,offer,2026-09-20T06:47:01.983181+00:00
ec918705-9430-47ad-a963-96efe59b98ff,fUST,0.00019125809669429567,2,1,221.57289823,offer,2026-09-20T06:47:01.983181+00:00
ec918705-9430-47ad-a963-96efe59b98ff,fUST,0.00019242,2,1,188.0,offer,2026-09-20T06:47:01.983181+00:00
ec918705-9430-47ad-a963-96efe59b98ff,fUST,0.00019291,2,6,6058.56281606,offer,2026-09-20T06:47:01.983181+00:00
ec918705-9430-47ad-a963-96efe59b98ff,fUST,0.0001929567431506849,2,5,1077.51569501,offer,2026-09-20T06:47:01.983181+00:00
ec918705-9430-47ad-a963-96efe59b98ff,fUST,0.00019299,2,2,1000.0,offer,2026-09-20T06:47:01.983181+00:00
ec918705-9430-47ad-a963-96efe59b98ff,fUST,0.0001929949109589041,2,17,4373.8264135,offer,2026-09-20T06:47:01.983181+00:00
ec918705-9430-47ad-a963-96efe59b98ff,fUST,0.00019300741599999997,2,1,214.84961419,offer,2026-09-20T06:47:01.983181+00:00
ec918705-9430-47ad-a963-96efe59b98ff,fUST,0.00019453972604,2,1,348.1822888,offer,2026-09-20T06:47:01.983181+00:00
ec918705-9430-47ad-a963-96efe59b98ff,fUST,0.00019578635999999998,2,1,3324.19924301,offer,2026-09-20T06:47:01.983181+00:00
ec918705-9430-47ad-a963-96efe59b98ff,fUST,0.000196,2,1,1000.0,offer,2026-09-20T06:47:01.983181+00:00
ec918705-9430-47ad-a963-96efe59b98ff,fUST,0.00019709,2,1,212.622,offer,2026-09-20T06:47:01.983181+00:00
ec918705-9430-47ad-a963-96efe59b98ff,fUST,0.0001982392353,2,1,173.59507,offer,2026-09-20T06:47:01.983181+00:00
ec918705-9430-47ad-a963-96efe59b98ff,fUST,0.00019848741599999998,2,1,214.84961419,offer,2026-09-20T06:47:01.983181+00:00
c7780c2f-8439-4c32-85b7-c3472e3090cb,fUST,0.0002671232876712329,120,1,-4270003.48762025,demand,2026-09-20T07:47:01.828353+00:00
c7780c2f-8439-4c32-85b7-c3472e3090cb,fUST,0.0002520958904109589,50,1,-4782739.09314446,demand,2026-09-20T07:47:01.828353+00:00
c7780c2f-8439-4c32-85b7-c3472e3090cb,fUST,0.0001601,29,1,-142229.924121,demand,2026-09-20T07:47:01.828353+00:00
c7780c2f-8439-4c32-85b7-c3472e3090cb,fUST,0.00016,60,18,-114200.828599,demand,2026-09-20T07:47:01.828353+00:00
c7780c2f-8439-4c32-85b7-c3472e3090cb,fUST,0.00016,30,1,-3277.4,demand,2026-09-20T07:47:01.828353+00:00
c7780c2f-8439-4c32-85b7-c3472e3090cb,fUST,0.000152,60,1,-28000.0,demand,2026-09-20T07:47:01.828353+00:00
c7780c2f-8439-4c32-85b7-c3472e3090cb,fUST,0.00015002,2,1,-269602.7094971,demand,2026-09-20T07:47:01.828353+00:00
c7780c2f-8439-4c32-85b7-c3472e3090cb,fUST,0.00015001,2,1,-790181.50636387,demand,2026-09-20T07:47:01.828353+00:00
c7780c2f-8439-4c32-85b7-c3472e3090cb,fUST,0.00015,120,1,-300000.0,demand,2026-09-20T07:47:01.828353+00:00
c7780c2f-8439-4c32-85b7-c3472e3090cb,fUST,0.00015,45,23,-138668.928077,demand,2026-09-20T07:47:01.828353+00:00
c7780c2f-8439-4c32-85b7-c3472e3090cb,fUST,0.00015,2,1,-10000.0,demand,2026-09-20T07:47:01.828353+00:00
c7780c2f-8439-4c32-85b7-c3472e3090cb,fUST,0.00015,6,1,-17000.0,demand,2026-09-20T07:47:01.828353+00:00
c7780c2f-8439-4c32-85b7-c3472e3090cb,fUST,0.0001421,45,1,-10000.0,demand,2026-09-20T07:47:01.828353+00:00
c7780c2f-8439-4c32-85b7-c3472e3090cb,fUST,0.000142,45,2,-20000.0,demand,2026-09-20T07:47:01.828353+00:00
c7780c2f-8439-4c32-85b7-c3472e3090cb,fUST,0.00014099999999999998,2,1,-531002.20793183,demand,2026-09-20T07:47:01.828353+00:00
c7780c2f-8439-4c32-85b7-c3472e3090cb,fUST,0.0001401,13,1,-99488.31479105,demand,2026-09-20T07:47:01.828353+00:00
c7780c2f-8439-4c32-85b7-c3472e3090cb,fUST,0.0001401,2,1,-2000000.0,demand,2026-09-20T07:47:01.828353+00:00
c7780c2f-8439-4c32-85b7-c3472e3090cb,fUST,0.00014,7,1,-10000.0,demand,2026-09-20T07:47:01.828353+00:00
c7780c2f-8439-4c32-85b7-c3472e3090cb,fUST,0.0001361,30,23,-93124.47696771,demand,2026-09-20T07:47:01.828353+00:00
c7780c2f-8439-4c32-85b7-c3472e3090cb,fUST,0.000136,30,2,-14544.22120933,demand,2026-09-20T07:47:01.828353+00:00
c7780c2f-8439-4c32-85b7-c3472e3090cb,fUST,0.000132,30,1,-28000.0,demand,2026-09-20T07:47:01.828353+00:00
c7780c2f-8439-4c32-85b7-c3472e3090cb,fUST,0.00013103,2,1,-285058.62536861,demand,2026-09-20T07:47:01.828353+00:00
c7780c2f-8439-4c32-85b7-c3472e3090cb,fUST,0.00013102,2,1,-366829.49373192,demand,2026-09-20T07:47:01.828353+00:00
c7780c2f-8439-4c32-85b7-c3472e3090cb,fUST,0.000131,2,3,-2576906.89108704,demand,2026-09-20T07:47:01.828353+00:00
c7780c2f-8439-4c32-85b7-c3472e3090cb,fUST,0.00013,2,1,-1000.0,demand,2026-09-20T07:47:01.828353+00:00
c7780c2f-8439-4c32-85b7-c3472e3090cb,fUST,0.00018331199999999998,2,1,1072.3646212,offer,2026-09-20T07:47:01.828353+00:00
c7780c2f-8439-4c32-85b7-c3472e3090cb,fUST,0.00019295,2,2,588.35956292,offer,2026-09-20T07:47:01.828353+00:00
c7780c2f-8439-4c32-85b7-c3472e3090cb,fUST,0.00019295674289096452,2,1,221.57289823,offer,2026-09-20T07:47:01.828353+00:00
c7780c2f-8439-4c32-85b7-c3472e3090cb,fUST,0.0001929567431506849,2,17,185628.92634405,offer,2026-09-20T07:47:01.828353+00:00
c7780c2f-8439-4c32-85b7-c3472e3090cb,fUST,0.00019296,2,24,13755.22639464,offer,2026-09-20T07:47:01.828353+00:00
c7780c2f-8439-4c32-85b7-c3472e3090cb,fUST,0.0001930407123287671,2,18,4443.31924279,offer,2026-09-20T07:47:01.828353+00:00
c7780c2f-8439-4c32-85b7-c3472e3090cb,fUST,0.00019418,2,1,170.097,offer,2026-09-20T07:47:01.828353+00:00
c7780c2f-8439-4c32-85b7-c3472e3090cb,fUST,0.00019561643835616437,30,1,181.28329577,offer,2026-09-20T07:47:01.828353+00:00
c7780c2f-8439-4c32-85b7-c3472e3090cb,fUST,0.000196,2,1,1000.0,offer,2026-09-20T07:47:01.828353+00:00
c7780c2f-8439-4c32-85b7-c3472e3090cb,fUST,0.000196150913,3,1,160.0,offer,2026-09-20T07:47:01.828353+00:00
c7780c2f-8439-4c32-85b7-c3472e3090cb,fUST,0.00019681,2,16,5100.0,offer,2026-09-20T07:47:01.828353+00:00
c7780c2f-8439-4c32-85b7-c3472e3090cb,fUST,0.00019795,2,1,519.51385047,offer,2026-09-20T07:47:01.828353+00:00
c7780c2f-8439-4c32-85b7-c3472e3090cb,fUST,0.000198,2,5,1267.9,offer,2026-09-20T07:47:01.828353+00:00
c7780c2f-8439-4c32-85b7-c3472e3090cb,fUST,0.00019800000000000002,2,2,29062.70577742,offer,2026-09-20T07:47:01.828353+00:00
c7780c2f-8439-4c32-85b7-c3472e3090cb,fUST,0.00019802,5,1,594.0,offer,2026-09-20T07:47:01.828353+00:00
c7780c2f-8439-4c32-85b7-c3472e3090cb,fUST,0.00019812,2,1,219.94567,offer,2026-09-20T07:47:01.828353+00:00
c7780c2f-8439-4c32-85b7-c3472e3090cb,fUST,0.00019843670000000002,2,1,257.6819132,offer,2026-09-20T07:47:01.828353+00:00
c7780c2f-8439-4c32-85b7-c3472e3090cb,fUST,0.0001988,2,3,66387.81342128,offer,2026-09-20T07:47:01.828353+00:00
c7780c2f-8439-4c32-85b7-c3472e3090cb,fUST,0.000199,2,5,168308.05647267,offer,2026-09-20T07:47:01.828353+00:00
c7780c2f-8439-4c32-85b7-c3472e3090cb,fUST,0.00019982916638616732,2,1,398.59341905,offer,2026-09-20T07:47:01.828353+00:00
c7780c2f-8439-4c32-85b7-c3472e3090cb,fUST,0.00019998,4,1,1724.78648725,offer,2026-09-20T07:47:01.828353+00:00
c7780c2f-8439-4c32-85b7-c3472e3090cb,fUST,0.00019999,2,3,112165.23303494,offer,2026-09-20T07:47:01.828353+00:00
c7780c2f-8439-4c32-85b7-c3472e3090cb,fUST,0.0001999901,2,7,3878.53,offer,2026-09-20T07:47:01.828353+00:00
c7780c2f-8439-4c32-85b7-c3472e3090cb,fUST,0.0001999925,2,1,150.46237487,offer,2026-09-20T07:47:01.828353+00:00
c7780c2f-8439-4c32-85b7-c3472e3090cb,fUST,0.0001999925,3,2,300.92474974,offer,2026-09-20T07:47:01.828353+00:00
854b80fe-6063-4cde-ae28-cc9fe9ce6808,fUST,0.0002671232876712329,120,1,-4269803.48762025,demand,2026-09-20T08:47:01.922171+00:00
854b80fe-6063-4cde-ae28-cc9fe9ce6808,fUST,0.00025235890410958906,50,1,-4778339.09314446,demand,2026-09-20T08:47:01.922171+00:00
854b80fe-6063-4cde-ae28-cc9fe9ce6808,fUST,0.0001601,29,1,-142229.924121,demand,2026-09-20T08:47:01.922171+00:00
854b80fe-6063-4cde-ae28-cc9fe9ce6808,fUST,0.00016,60,18,-114200.828599,demand,2026-09-20T08:47:01.922171+00:00
854b80fe-6063-4cde-ae28-cc9fe9ce6808,fUST,0.00016,30,1,-3277.4,demand,2026-09-20T08:47:01.922171+00:00
854b80fe-6063-4cde-ae28-cc9fe9ce6808,fUST,0.000152,60,1,-28000.0,demand,2026-09-20T08:47:01.922171+00:00
854b80fe-6063-4cde-ae28-cc9fe9ce6808,fUST,0.00015002,2,1,-208034.83043728,demand,2026-09-20T08:47:01.922171+00:00
854b80fe-6063-4cde-ae28-cc9fe9ce6808,fUST,0.00015001,2,1,-790181.50636387,demand,2026-09-20T08:47:01.922171+00:00
854b80fe-6063-4cde-ae28-cc9fe9ce6808,fUST,0.00015,120,1,-300000.0,demand,2026-09-20T08:47:01.922171+00:00
854b80fe-6063-4cde-ae28-cc9fe9ce6808,fUST,0.00015,45,23,-138668.928077,demand,2026-09-20T08:47:01.922171+00:00
854b80fe-6063-4cde-ae28-cc9fe9ce6808,fUST,0.00015,2,1,-10000.0,demand,2026-09-20T08:47:01.922171+00:00
854b80fe-6063-4cde-ae28-cc9fe9ce6808,fUST,0.00015,6,1,-17000.0,demand,2026-09-20T08:47:01.922171+00:00
854b80fe-6063-4cde-ae28-cc9fe9ce6808,fUST,0.0001421,45,1,-10000.0,demand,2026-09-20T08:47:01.922171+00:00
854b80fe-6063-4cde-ae28-cc9fe9ce6808,fUST,0.000142,45,2,-20000.0,demand,2026-09-20T08:47:01.922171+00:00
854b80fe-6063-4cde-ae28-cc9fe9ce6808,fUST,0.00014099999999999998,2,1,-531002.20793183,demand,2026-09-20T08:47:01.922171+00:00
854b80fe-6063-4cde-ae28-cc9fe9ce6808,fUST,0.0001401,13,1,-99488.31479105,demand,2026-09-20T08:47:01.922171+00:00
854b80fe-6063-4cde-ae28-cc9fe9ce6808,fUST,0.0001401,2,1,-2000000.0,demand,2026-09-20T08:47:01.922171+00:00
854b80fe-6063-4cde-ae28-cc9fe9ce6808,fUST,0.00014,7,1,-10000.0,demand,2026-09-20T08:47:01.922171+00:00
854b80fe-6063-4cde-ae28-cc9fe9ce6808,fUST,0.0001361,30,23,-93124.47696771,demand,2026-09-20T08:47:01.922171+00:00
854b80fe-6063-4cde-ae28-cc9fe9ce6808,fUST,0.000136,30,2,-14544.22120933,demand,2026-09-20T08:47:01.922171+00:00
854b80fe-6063-4cde-ae28-cc9fe9ce6808,fUST,0.000132,30,1,-28000.0,demand,2026-09-20T08:47:01.922171+00:00
854b80fe-6063-4cde-ae28-cc9fe9ce6808,fUST,0.00013103,2,1,-285058.62536861,demand,2026-09-20T08:47:01.922171+00:00
854b80fe-6063-4cde-ae28-cc9fe9ce6808,fUST,0.00013102,2,1,-366829.49373192,demand,2026-09-20T08:47:01.922171+00:00
854b80fe-6063-4cde-ae28-cc9fe9ce6808,fUST,0.000131,2,3,-2576906.89108704,demand,2026-09-20T08:47:01.922171+00:00
854b80fe-6063-4cde-ae28-cc9fe9ce6808,fUST,0.00013,2,1,-1000.0,demand,2026-09-20T08:47:01.922171+00:00
854b80fe-6063-4cde-ae28-cc9fe9ce6808,fUST,0.00015105595686358767,2,1,250.0,offer,2026-09-20T08:47:01.922171+00:00
854b80fe-6063-4cde-ae28-cc9fe9ce6808,fUST,0.0001526545,2,1,221.105449,offer,2026-09-20T08:47:01.922171+00:00
854b80fe-6063-4cde-ae28-cc9fe9ce6808,fUST,0.00016,2,1,3964.0,offer,2026-09-20T08:47:01.922171+00:00
854b80fe-6063-4cde-ae28-cc9fe9ce6808,fUST,0.00016129000000000002,3,1,758.8,offer,2026-09-20T08:47:01.922171+00:00
854b80fe-6063-4cde-ae28-cc9fe9ce6808,fUST,0.00016138,2,16,7494.42146023,offer,2026-09-20T08:47:01.922171+00:00
854b80fe-6063-4cde-ae28-cc9fe9ce6808,fUST,0.00016139,2,20,197998.92469864,offer,2026-09-20T08:47:01.922171+00:00
854b80fe-6063-4cde-ae28-cc9fe9ce6808,fUST,0.0001614,2,5,1090519.8189734,offer,2026-09-20T08:47:01.922171+00:00
854b80fe-6063-4cde-ae28-cc9fe9ce6808,fUST,0.0001614001,2,7,3878.53,offer,2026-09-20T08:47:01.922171+00:00
854b80fe-6063-4cde-ae28-cc9fe9ce6808,fUST,0.0001631898,7,1,176.74433012,offer,2026-09-20T08:47:01.922171+00:00
854b80fe-6063-4cde-ae28-cc9fe9ce6808,fUST,0.000164628,4,1,2041.7264578,offer,2026-09-20T08:47:01.922171+00:00
854b80fe-6063-4cde-ae28-cc9fe9ce6808,fUST,0.0001675914975,2,1,280.202744,offer,2026-09-20T08:47:01.922171+00:00
854b80fe-6063-4cde-ae28-cc9fe9ce6808,fUST,0.0001679895,7,1,176.74433012,offer,2026-09-20T08:47:01.922171+00:00
854b80fe-6063-4cde-ae28-cc9fe9ce6808,fUST,0.000168,30,1,408.93462071,offer,2026-09-20T08:47:01.922171+00:00
854b80fe-6063-4cde-ae28-cc9fe9ce6808,fUST,0.00016975068495,2,1,161.8566409,offer,2026-09-20T08:47:01.922171+00:00
854b80fe-6063-4cde-ae28-cc9fe9ce6808,fUST,0.00016975890413,2,1,467.4297017,offer,2026-09-20T08:47:01.922171+00:00
854b80fe-6063-4cde-ae28-cc9fe9ce6808,fUST,0.00017,2,1,7917.44164908,offer,2026-09-20T08:47:01.922171+00:00
854b80fe-6063-4cde-ae28-cc9fe9ce6808,fUST,0.00017192,7,1,161.01536032,offer,2026-09-20T08:47:01.922171+00:00
854b80fe-6063-4cde-ae28-cc9fe9ce6808,fUST,0.0001727892,7,1,176.74433012,offer,2026-09-20T08:47:01.922171+00:00
854b80fe-6063-4cde-ae28-cc9fe9ce6808,fUST,0.00017464629202054794,2,1,280.202744,offer,2026-09-20T08:47:01.922171+00:00
854b80fe-6063-4cde-ae28-cc9fe9ce6808,fUST,0.00017798082194,2,1,348.1822888,offer,2026-09-20T08:47:01.922171+00:00
854b80fe-6063-4cde-ae28-cc9fe9ce6808,fUST,0.0001791888,7,1,176.74433016,offer,2026-09-20T08:47:01.922171+00:00
854b80fe-6063-4cde-ae28-cc9fe9ce6808,fUST,0.0001817010865410959,2,1,280.202744,offer,2026-09-20T08:47:01.922171+00:00
854b80fe-6063-4cde-ae28-cc9fe9ce6808,fUST,0.0001833025,2,1,229.49147913,offer,2026-09-20T08:47:01.922171+00:00
854b80fe-6063-4cde-ae28-cc9fe9ce6808,fUST,0.00018875588106164384,2,1,280.202744,offer,2026-09-20T08:47:01.922171+00:00
854b80fe-6063-4cde-ae28-cc9fe9ce6808,fUST,0.0001887825,2,1,229.49147913,offer,2026-09-20T08:47:01.922171+00:00
b0fb39e7-4a83-4136-9dec-270daf4f1e3c,fUST,0.0002671232876712329,120,1,-4248667.36716092,demand,2026-09-20T09:47:01.458983+00:00
b0fb39e7-4a83-4136-9dec-270daf4f1e3c,fUST,0.0002524164383561644,50,1,-4769244.49314446,demand,2026-09-20T09:47:01.458983+00:00
b0fb39e7-4a83-4136-9dec-270daf4f1e3c,fUST,0.0001601,29,1,-142229.924121,demand,2026-09-20T09:47:01.458983+00:00
b0fb39e7-4a83-4136-9dec-270daf4f1e3c,fUST,0.00016,60,18,-114200.828599,demand,2026-09-20T09:47:01.458983+00:00
b0fb39e7-4a83-4136-9dec-270daf4f1e3c,fUST,0.00016,30,1,-3277.4,demand,2026-09-20T09:47:01.458983+00:00
b0fb39e7-4a83-4136-9dec-270daf4f1e3c,fUST,0.000152,60,1,-28000.0,demand,2026-09-20T09:47:01.458983+00:00
b0fb39e7-4a83-4136-9dec-270daf4f1e3c,fUST,0.00015002,2,1,-145895.43190103,demand,2026-09-20T09:47:01.458983+00:00
b0fb39e7-4a83-4136-9dec-270daf4f1e3c,fUST,0.00015001,2,1,-790181.50636387,demand,2026-09-20T09:47:01.458983+00:00
b0fb39e7-4a83-4136-9dec-270daf4f1e3c,fUST,0.00015,120,1,-300000.0,demand,2026-09-20T09:47:01.458983+00:00
b0fb39e7-4a83-4136-9dec-270daf4f1e3c,fUST,0.00015,45,23,-138668.928077,demand,2026-09-20T09:47:01.458983+00:00
b0fb39e7-4a83-4136-9dec-270daf4f1e3c,fUST,0.00015,2,1,-10000.0,demand,2026-09-20T09:47:01.458983+00:00
b0fb39e7-4a83-4136-9dec-270daf4f1e3c,fUST,0.00015,6,1,-17000.0,demand,2026-09-20T09:47:01.458983+00:00
b0fb39e7-4a83-4136-9dec-270daf4f1e3c,fUST,0.0001421,45,1,-10000.0,demand,2026-09-20T09:47:01.458983+00:00
b0fb39e7-4a83-4136-9dec-270daf4f1e3c,fUST,0.000142,45,2,-20000.0,demand,2026-09-20T09:47:01.458983+00:00
b0fb39e7-4a83-4136-9dec-270daf4f1e3c,fUST,0.00014099999999999998,2,1,-531002.20793183,demand,2026-09-20T09:47:01.458983+00:00
b0fb39e7-4a83-4136-9dec-270daf4f1e3c,fUST,0.0001401,13,1,-99488.31479105,demand,2026-09-20T09:47:01.458983+00:00
b0fb39e7-4a83-4136-9dec-270daf4f1e3c,fUST,0.0001401,2,1,-2000000.0,demand,2026-09-20T09:47:01.458983+00:00
b0fb39e7-4a83-4136-9dec-270daf4f1e3c,fUST,0.00014,7,1,-10000.0,demand,2026-09-20T09:47:01.458983+00:00
b0fb39e7-4a83-4136-9dec-270daf4f1e3c,fUST,0.0001361,30,23,-93124.47696771,demand,2026-09-20T09:47:01.458983+00:00
b0fb39e7-4a83-4136-9dec-270daf4f1e3c,fUST,0.000136,30,2,-14544.22120933,demand,2026-09-20T09:47:01.458983+00:00
b0fb39e7-4a83-4136-9dec-270daf4f1e3c,fUST,0.000132,30,1,-28000.0,demand,2026-09-20T09:47:01.458983+00:00
b0fb39e7-4a83-4136-9dec-270daf4f1e3c,fUST,0.00013103,2,1,-285058.62536861,demand,2026-09-20T09:47:01.458983+00:00
b0fb39e7-4a83-4136-9dec-270daf4f1e3c,fUST,0.00013102,2,1,-366829.49373192,demand,2026-09-20T09:47:01.458983+00:00
b0fb39e7-4a83-4136-9dec-270daf4f1e3c,fUST,0.000131,2,3,-2576906.89108704,demand,2026-09-20T09:47:01.458983+00:00
b0fb39e7-4a83-4136-9dec-270daf4f1e3c,fUST,0.00013,2,1,-1000.0,demand,2026-09-20T09:47:01.458983+00:00
b0fb39e7-4a83-4136-9dec-270daf4f1e3c,fUST,0.0001533,2,21,10366.99745364,offer,2026-09-20T09:47:01.458983+00:00
b0fb39e7-4a83-4136-9dec-270daf4f1e3c,fUST,0.0001533095890410959,2,1,494.41924766,offer,2026-09-20T09:47:01.458983+00:00
b0fb39e7-4a83-4136-9dec-270daf4f1e3c,fUST,0.00015331,2,61,288368.82305027,offer,2026-09-20T09:47:01.458983+00:00
b0fb39e7-4a83-4136-9dec-270daf4f1e3c,fUST,0.000153311,2,1,1677.95984872,offer,2026-09-20T09:47:01.458983+00:00
b0fb39e7-4a83-4136-9dec-270daf4f1e3c,fUST,0.00015331232879,7,1,171.30021661,offer,2026-09-20T09:47:01.458983+00:00
b0fb39e7-4a83-4136-9dec-270daf4f1e3c,fUST,0.00015332,2,1,1084170.0796,offer,2026-09-20T09:47:01.458983+00:00
b0fb39e7-4a83-4136-9dec-270daf4f1e3c,fUST,0.0001533201,2,7,3878.53,offer,2026-09-20T09:47:01.458983+00:00
b0fb39e7-4a83-4136-9dec-270daf4f1e3c,fUST,0.00015338,2,1,237.90688182,offer,2026-09-20T09:47:01.458983+00:00
b0fb39e7-4a83-4136-9dec-270daf4f1e3c,fUST,0.0001538208,2,1,180.05941961,offer,2026-09-20T09:47:01.458983+00:00
b0fb39e7-4a83-4136-9dec-270daf4f1e3c,fUST,0.00015637620000000002,3,1,1803.79659057,offer,2026-09-20T09:47:01.458983+00:00
b0fb39e7-4a83-4136-9dec-270daf4f1e3c,fUST,0.00015637857536580002,7,1,282.7909282,offer,2026-09-20T09:47:01.458983+00:00
b0fb39e7-4a83-4136-9dec-270daf4f1e3c,fUST,0.00015752,2,1,216.83,offer,2026-09-20T09:47:01.458983+00:00
b0fb39e7-4a83-4136-9dec-270daf4f1e3c,fUST,0.0001577388374615074,2,1,784.75412852,offer,2026-09-20T09:47:01.458983+00:00
b0fb39e7-4a83-4136-9dec-270daf4f1e3c,fUST,0.0001586671956,2,1,1183.236039,offer,2026-09-20T09:47:01.458983+00:00
b0fb39e7-4a83-4136-9dec-270daf4f1e3c,fUST,0.00015950372400000003,5,1,1803.79659057,offer,2026-09-20T09:47:01.458983+00:00
b0fb39e7-4a83-4136-9dec-270daf4f1e3c,fUST,0.00015977,2,1,335.78,offer,2026-09-20T09:47:01.458983+00:00
b0fb39e7-4a83-4136-9dec-270daf4f1e3c,fUST,0.00016,2,4,6442.36437207,offer,2026-09-20T09:47:01.458983+00:00
b0fb39e7-4a83-4136-9dec-270daf4f1e3c,fUST,0.0001610268333333332,2,1,158.60458788,offer,2026-09-20T09:47:01.458983+00:00
b0fb39e7-4a83-4136-9dec-270daf4f1e3c,fUST,0.00016137,2,21,9692.59588849,offer,2026-09-20T09:47:01.458983+00:00
b0fb39e7-4a83-4136-9dec-270daf4f1e3c,fUST,0.0001614,2,1,224.56,offer,2026-09-20T09:47:01.458983+00:00
b0fb39e7-4a83-4136-9dec-270daf4f1e3c,fUST,0.0001615972603,2,2,699.0569426,offer,2026-09-20T09:47:01.458983+00:00
b0fb39e7-4a83-4136-9dec-270daf4f1e3c,fUST,0.00016167945208,2,3,1044.5468665,offer,2026-09-20T09:47:01.458983+00:00
b0fb39e7-4a83-4136-9dec-270daf4f1e3c,fUST,0.00016269379848000002,6,1,1803.79659057,offer,2026-09-20T09:47:01.458983+00:00
b0fb39e7-4a83-4136-9dec-270daf4f1e3c,fUST,0.0001633,2,1,202.52617396,offer,2026-09-20T09:47:01.458983+00:00
b0fb39e7-4a83-4136-9dec-270daf4f1e3c,fUST,0.0001635625638669181,2,1,587.36520984,offer,2026-09-20T09:47:01.458983+00:00
50a47037-0ea6-4050-994a-40ad68cdd6f9,fUST,0.0002671232876712329,120,1,-4248452.39716092,demand,2026-09-20T10:47:01.860882+00:00
50a47037-0ea6-4050-994a-40ad68cdd6f9,fUST,0.000251827397260274,50,1,-4769244.49314446,demand,2026-09-20T10:47:01.860882+00:00
50a47037-0ea6-4050-994a-40ad68cdd6f9,fUST,0.0001601,29,1,-142229.924121,demand,2026-09-20T10:47:01.860882+00:00
50a47037-0ea6-4050-994a-40ad68cdd6f9,fUST,0.00016,60,18,-114200.828599,demand,2026-09-20T10:47:01.860882+00:00
50a47037-0ea6-4050-994a-40ad68cdd6f9,fUST,0.00016,30,1,-3277.4,demand,2026-09-20T10:47:01.860882+00:00
50a47037-0ea6-4050-994a-40ad68cdd6f9,fUST,0.000152,60,1,-28000.0,demand,2026-09-20T10:47:01.860882+00:00
50a47037-0ea6-4050-994a-40ad68cdd6f9,fUST,0.00015001,2,1,-70424.3688432,demand,2026-09-20T10:47:01.860882+00:00
50a47037-0ea6-4050-994a-40ad68cdd6f9,fUST,0.00015,120,1,-300000.0,demand,2026-09-20T10:47:01.860882+00:00
50a47037-0ea6-4050-994a-40ad68cdd6f9,fUST,0.00015,45,23,-138668.928077,demand,2026-09-20T10:47:01.860882+00:00
50a47037-0ea6-4050-994a-40ad68cdd6f9,fUST,0.00015,2,1,-10000.0,demand,2026-09-20T10:47:01.860882+00:00
50a47037-0ea6-4050-994a-40ad68cdd6f9,fUST,0.00015,6,1,-17000.0,demand,2026-09-20T10:47:01.860882+00:00
50a47037-0ea6-4050-994a-40ad68cdd6f9,fUST,0.0001421,45,1,-10000.0,demand,2026-09-20T10:47:01.860882+00:00
50a47037-0ea6-4050-994a-40ad68cdd6f9,fUST,0.000142,45,2,-20000.0,demand,2026-09-20T10:47:01.860882+00:00
50a47037-0ea6-4050-994a-40ad68cdd6f9,fUST,0.00014099999999999998,2,1,-531002.20793183,demand,2026-09-20T10:47:01.860882+00:00
50a47037-0ea6-4050-994a-40ad68cdd6f9,fUST,0.0001401,13,1,-99488.31479105,demand,2026-09-20T10:47:01.860882+00:00
50a47037-0ea6-4050-994a-40ad68cdd6f9,fUST,0.0001401,2,1,-2000000.0,demand,2026-09-20T10:47:01.860882+00:00
50a47037-0ea6-4050-994a-40ad68cdd6f9,fUST,0.00014,7,1,-10000.0,demand,2026-09-20T10:47:01.860882+00:00
50a47037-0ea6-4050-994a-40ad68cdd6f9,fUST,0.0001361,30,23,-93124.47696771,demand,2026-09-20T10:47:01.860882+00:00
50a47037-0ea6-4050-994a-40ad68cdd6f9,fUST,0.000136,30,2,-14544.22120933,demand,2026-09-20T10:47:01.860882+00:00
50a47037-0ea6-4050-994a-40ad68cdd6f9,fUST,0.000132,30,1,-28000.0,demand,2026-09-20T10:47:01.860882+00:00
50a47037-0ea6-4050-994a-40ad68cdd6f9,fUST,0.00013103,2,1,-285058.62536861,demand,2026-09-20T10:47:01.860882+00:00
50a47037-0ea6-4050-994a-40ad68cdd6f9,fUST,0.00013102,2,1,-366829.49373192,demand,2026-09-20T10:47:01.860882+00:00
50a47037-0ea6-4050-994a-40ad68cdd6f9,fUST,0.000131,2,3,-2576906.89108704,demand,2026-09-20T10:47:01.860882+00:00
50a47037-0ea6-4050-994a-40ad68cdd6f9,fUST,0.00013,2,1,-1000.0,demand,2026-09-20T10:47:01.860882+00:00
50a47037-0ea6-4050-994a-40ad68cdd6f9,fUST,0.00013,7,1,-1000.0,demand,2026-09-20T10:47:01.860882+00:00
50a47037-0ea6-4050-994a-40ad68cdd6f9,fUST,0.00015035,2,1,153.92494405,offer,2026-09-20T10:47:01.860882+00:00
50a47037-0ea6-4050-994a-40ad68cdd6f9,fUST,0.00015135,2,3,772.6675505,offer,2026-09-20T10:47:01.860882+00:00
50a47037-0ea6-4050-994a-40ad68cdd6f9,fUST,0.00015197,2,2,705.17766027,offer,2026-09-20T10:47:01.860882+00:00
50a47037-0ea6-4050-994a-40ad68cdd6f9,fUST,0.0001533,2,1,170.85570136,offer,2026-09-20T10:47:01.860882+00:00
50a47037-0ea6-4050-994a-40ad68cdd6f9,fUST,0.00015337362057999998,2,3,821.09527807,offer,2026-09-20T10:47:01.860882+00:00
50a47037-0ea6-4050-994a-40ad68cdd6f9,fUST,0.00015338,2,1,237.90688182,offer,2026-09-20T10:47:01.860882+00:00
50a47037-0ea6-4050-994a-40ad68cdd6f9,fUST,0.00015345753427,2,2,1069.7934843,offer,2026-09-20T10:47:01.860882+00:00
50a47037-0ea6-4050-994a-40ad68cdd6f9,fUST,0.00015346575345,2,2,620.4558495,offer,2026-09-20T10:47:01.860882+00:00
50a47037-0ea6-4050-994a-40ad68cdd6f9,fUST,0.0001538208,2,1,180.05941961,offer,2026-09-20T10:47:01.860882+00:00
50a47037-0ea6-4050-994a-40ad68cdd6f9,fUST,0.00015501,3,1,1221.78905927,offer,2026-09-20T10:47:01.860882+00:00
50a47037-0ea6-4050-994a-40ad68cdd6f9,fUST,0.00015501,2,2,1000.0,offer,2026-09-20T10:47:01.860882+00:00
50a47037-0ea6-4050-994a-40ad68cdd6f9,fUST,0.00015502,3,8,2169.25384329,offer,2026-09-20T10:47:01.860882+00:00
50a47037-0ea6-4050-994a-40ad68cdd6f9,fUST,0.00015502,2,6,1907.37187742,offer,2026-09-20T10:47:01.860882+00:00
50a47037-0ea6-4050-994a-40ad68cdd6f9,fUST,0.00015611362057999997,2,1,161.09352301,offer,2026-09-20T10:47:01.860882+00:00
50a47037-0ea6-4050-994a-40ad68cdd6f9,fUST,0.00015637857536580002,7,1,282.7909282,offer,2026-09-20T10:47:01.860882+00:00
50a47037-0ea6-4050-994a-40ad68cdd6f9,fUST,0.00015683,2,1,157.6075505,offer,2026-09-20T10:47:01.860882+00:00
50a47037-0ea6-4050-994a-40ad68cdd6f9,fUST,0.0001577388374615074,2,1,784.75412852,offer,2026-09-20T10:47:01.860882+00:00
50a47037-0ea6-4050-994a-40ad68cdd6f9,fUST,0.00015824807382001555,2,1,1427.70239344,offer,2026-09-20T10:47:01.860882+00:00
50a47037-0ea6-4050-994a-40ad68cdd6f9,fUST,0.00015885362057999996,2,1,160.00175509,offer,2026-09-20T10:47:01.860882+00:00
50a47037-0ea6-4050-994a-40ad68cdd6f9,fUST,0.00015977,2,1,335.78,offer,2026-09-20T10:47:01.860882+00:00
50a47037-0ea6-4050-994a-40ad68cdd6f9,fUST,0.000159904,2,3,661.58854997,offer,2026-09-20T10:47:01.860882+00:00
50a47037-0ea6-4050-994a-40ad68cdd6f9,fUST,0.00015999,2,1,536.96,offer,2026-09-20T10:47:01.860882+00:00
50a47037-0ea6-4050-994a-40ad68cdd6f9,fUST,0.00016,2,1,7917.44164908,offer,2026-09-20T10:47:01.860882+00:00
50a47037-0ea6-4050-994a-40ad68cdd6f9,fUST,0.00016035,2,1,187.19749871,offer,2026-09-20T10:47:01.860882+00:00
50a47037-0ea6-4050-994a-40ad68cdd6f9,fUST,0.00016069,3,1,2406.32197205,offer,2026-09-20T10:47:01.860882+00:00
63024c3d-e3ee-4306-97d6-03abe5dcf8f8,fUST,0.0002671232876712329,120,1,-4248202.69716092,demand,2026-09-20T11:47:01.980424+00:00
63024c3d-e3ee-4306-97d6-03abe5dcf8f8,fUST,0.00025186849315068493,50,1,-4769085.80624921,demand,2026-09-20T11:47:01.980424+00:00
63024c3d-e3ee-4306-97d6-03abe5dcf8f8,fUST,0.0001601,29,1,-142229.924121,demand,2026-09-20T11:47:01.980424+00:00
63024c3d-e3ee-4306-97d6-03abe5dcf8f8,fUST,0.00016,60,18,-114200.828599,demand,2026-09-20T11:47:01.980424+00:00
63024c3d-e3ee-4306-97d6-03abe5dcf8f8,fUST,0.00016,30,1,-3277.4,demand,2026-09-20T11:47:01.980424+00:00
63024c3d-e3ee-4306-97d6-03abe5dcf8f8,fUST,0.000152,60,1,-28000.0,demand,2026-09-20T11:47:01.980424+00:00
63024c3d-e3ee-4306-97d6-03abe5dcf8f8,fUST,0.00015001,2,1,-41363.25685074,demand,2026-09-20T11:47:01.980424+00:00
63024c3d-e3ee-4306-97d6-03abe5dcf8f8,fUST,0.00015,120,1,-300000.0,demand,2026-09-20T11:47:01.980424+00:00
63024c3d-e3ee-4306-97d6-03abe5dcf8f8,fUST,0.00015,45,23,-138668.928077,demand,2026-09-20T11:47:01.980424+00:00
63024c3d-e3ee-4306-97d6-03abe5dcf8f8,fUST,0.00015,2,1,-10000.0,demand,2026-09-20T11:47:01.980424+00:00
63024c3d-e3ee-4306-97d6-03abe5dcf8f8,fUST,0.00015,6,1,-17000.0,demand,2026-09-20T11:47:01.980424+00:00
63024c3d-e3ee-4306-97d6-03abe5dcf8f8,fUST,0.0001421,45,1,-10000.0,demand,2026-09-20T11:47:01.980424+00:00
63024c3d-e3ee-4306-97d6-03abe5dcf8f8,fUST,0.000142,45,2,-20000.0,demand,2026-09-20T11:47:01.980424+00:00
63024c3d-e3ee-4306-97d6-03abe5dcf8f8,fUST,0.00014099999999999998,2,1,-531002.20793183,demand,2026-09-20T11:47:01.980424+00:00
63024c3d-e3ee-4306-97d6-03abe5dcf8f8,fUST,0.0001401,13,1,-99488.31479105,demand,2026-09-20T11:47:01.980424+00:00
63024c3d-e3ee-4306-97d6-03abe5dcf8f8,fUST,0.0001401,2,1,-2000000.0,demand,2026-09-20T11:47:01.980424+00:00
63024c3d-e3ee-4306-97d6-03abe5dcf8f8,fUST,0.00014,7,1,-10000.0,demand,2026-09-20T11:47:01.980424+00:00
63024c3d-e3ee-4306-97d6-03abe5dcf8f8,fUST,0.0001361,30,23,-93124.47696771,demand,2026-09-20T11:47:01.980424+00:00
63024c3d-e3ee-4306-97d6-03abe5dcf8f8,fUST,0.000136,30,2,-14544.22120933,demand,2026-09-20T11:47:01.980424+00:00
63024c3d-e3ee-4306-97d6-03abe5dcf8f8,fUST,0.000132,30,1,-28000.0,demand,2026-09-20T11:47:01.980424+00:00
63024c3d-e3ee-4306-97d6-03abe5dcf8f8,fUST,0.00013103,2,1,-285058.62536861,demand,2026-09-20T11:47:01.980424+00:00
63024c3d-e3ee-4306-97d6-03abe5dcf8f8,fUST,0.00013102,2,1,-366829.49373192,demand,2026-09-20T11:47:01.980424+00:00
63024c3d-e3ee-4306-97d6-03abe5dcf8f8,fUST,0.000131,2,3,-2576906.89108704,demand,2026-09-20T11:47:01.980424+00:00
63024c3d-e3ee-4306-97d6-03abe5dcf8f8,fUST,0.00013,2,1,-1000.0,demand,2026-09-20T11:47:01.980424+00:00
63024c3d-e3ee-4306-97d6-03abe5dcf8f8,fUST,0.00013,7,1,-1000.0,demand,2026-09-20T11:47:01.980424+00:00
63024c3d-e3ee-4306-97d6-03abe5dcf8f8,fUST,0.00015457,2,1,5000.0,offer,2026-09-20T11:47:01.980424+00:00
63024c3d-e3ee-4306-97d6-03abe5dcf8f8,fUST,0.00015671,2,1,154.41556206,offer,2026-09-20T11:47:01.980424+00:00
63024c3d-e3ee-4306-97d6-03abe5dcf8f8,fUST,0.00015771,2,1,2553.42873328,offer,2026-09-20T11:47:01.980424+00:00
63024c3d-e3ee-4306-97d6-03abe5dcf8f8,fUST,0.00016316668644067794,2,1,158.48231551,offer,2026-09-20T11:47:01.980424+00:00
63024c3d-e3ee-4306-97d6-03abe5dcf8f8,fUST,0.00016779925999999996,2,2,333.52175487,offer,2026-09-20T11:47:01.980424+00:00
63024c3d-e3ee-4306-97d6-03abe5dcf8f8,fUST,0.0001679,2,1,5006.14123592,offer,2026-09-20T11:47:01.980424+00:00
63024c3d-e3ee-4306-97d6-03abe5dcf8f8,fUST,0.00016864668644067795,2,1,158.48231551,offer,2026-09-20T11:47:01.980424+00:00
63024c3d-e3ee-4306-97d6-03abe5dcf8f8,fUST,0.00017053925999999998,2,1,161.97255607,offer,2026-09-20T11:47:01.980424+00:00
63024c3d-e3ee-4306-97d6-03abe5dcf8f8,fUST,0.0001706919,2,1,282.2491188,offer,2026-09-20T11:47:01.980424+00:00
63024c3d-e3ee-4306-97d6-03abe5dcf8f8,fUST,0.00017125,2,15,4500.0,offer,2026-09-20T11:47:01.980424+00:00
63024c3d-e3ee-4306-97d6-03abe5dcf8f8,fUST,0.00017327925999999997,2,1,171.54919882,offer,2026-09-20T11:47:01.980424+00:00
63024c3d-e3ee-4306-97d6-03abe5dcf8f8,fUST,0.00017412668644067796,2,1,158.48231551,offer,2026-09-20T11:47:01.980424+00:00
63024c3d-e3ee-4306-97d6-03abe5dcf8f8,fUST,0.000174456,2,1,188.0,offer,2026-09-20T11:47:01.980424+00:00
63024c3d-e3ee-4306-97d6-03abe5dcf8f8,fUST,0.00017466,2,1,600.0,offer,2026-09-20T11:47:01.980424+00:00
63024c3d-e3ee-4306-97d6-03abe5dcf8f8,fUST,0.0001771527,2,1,169.2822684,offer,2026-09-20T11:47:01.980424+00:00
63024c3d-e3ee-4306-97d6-03abe5dcf8f8,fUST,0.0001773086,2,1,161.153315,offer,2026-09-20T11:47:01.980424+00:00
63024c3d-e3ee-4306-97d6-03abe5dcf8f8,fUST,0.000178,30,1,358.07467576,offer,2026-09-20T11:47:01.980424+00:00
63024c3d-e3ee-4306-97d6-03abe5dcf8f8,fUST,0.00017809,2,1,5089.0758746,offer,2026-09-20T11:47:01.980424+00:00
63024c3d-e3ee-4306-97d6-03abe5dcf8f8,fUST,0.000184,2,1,996.0,offer,2026-09-20T11:47:01.980424+00:00
63024c3d-e3ee-4306-97d6-03abe5dcf8f8,fUST,0.0001874346,2,1,248.14231,offer,2026-09-20T11:47:01.980424+00:00
63024c3d-e3ee-4306-97d6-03abe5dcf8f8,fUST,0.00018808,5,1,438.0,offer,2026-09-20T11:47:01.980424+00:00
63024c3d-e3ee-4306-97d6-03abe5dcf8f8,fUST,0.00018828,2,1,5416.85019011,offer,2026-09-20T11:47:01.980424+00:00
63024c3d-e3ee-4306-97d6-03abe5dcf8f8,fUST,0.0001915211,8,1,311.39659606,offer,2026-09-20T11:47:01.980424+00:00
63024c3d-e3ee-4306-97d6-03abe5dcf8f8,fUST,0.00019213,2,1,720.0,offer,2026-09-20T11:47:01.980424+00:00
63024c3d-e3ee-4306-97d6-03abe5dcf8f8,fUST,0.0001927531815068493,2,6,1072.6501476,offer,2026-09-20T11:47:01.980424+00:00
8d68d6b4-94b7-49d4-b15b-2efc883cc4f8,fUST,0.0002671232876712329,120,1,-4207699.95671611,demand,2026-09-20T12:47:02.015367+00:00
8d68d6b4-94b7-49d4-b15b-2efc883cc4f8,fUST,0.00025173150684931506,50,1,-4757994.84858852,demand,2026-09-20T12:47:02.015367+00:00
8d68d6b4-94b7-49d4-b15b-2efc883cc4f8,fUST,0.0001601,29,1,-142229.924121,demand,2026-09-20T12:47:02.015367+00:00
8d68d6b4-94b7-49d4-b15b-2efc883cc4f8,fUST,0.00016,60,18,-114200.828599,demand,2026-09-20T12:47:02.015367+00:00
8d68d6b4-94b7-49d4-b15b-2efc883cc4f8,fUST,0.00016,30,1,-3277.4,demand,2026-09-20T12:47:02.015367+00:00
8d68d6b4-94b7-49d4-b15b-2efc883cc4f8,fUST,0.000152,60,1,-28000.0,demand,2026-09-20T12:47:02.015367+00:00
8d68d6b4-94b7-49d4-b15b-2efc883cc4f8,fUST,0.00015001,2,1,-37957.26964432,demand,2026-09-20T12:47:02.015367+00:00
8d68d6b4-94b7-49d4-b15b-2efc883cc4f8,fUST,0.00015,120,1,-300000.0,demand,2026-09-20T12:47:02.015367+00:00
8d68d6b4-94b7-49d4-b15b-2efc883cc4f8,fUST,0.00015,45,23,-138668.928077,demand,2026-09-20T12:47:02.015367+00:00
8d68d6b4-94b7-49d4-b15b-2efc883cc4f8,fUST,0.00015,2,1,-10000.0,demand,2026-09-20T12:47:02.015367+00:00
8d68d6b4-94b7-49d4-b15b-2efc883cc4f8,fUST,0.00015,6,1,-17000.0,demand,2026-09-20T12:47:02.015367+00:00
8d68d6b4-94b7-49d4-b15b-2efc883cc4f8,fUST,0.0001421,45,1,-10000.0,demand,2026-09-20T12:47:02.015367+00:00
8d68d6b4-94b7-49d4-b15b-2efc883cc4f8,fUST,0.000142,45,2,-20000.0,demand,2026-09-20T12:47:02.015367+00:00
8d68d6b4-94b7-49d4-b15b-2efc883cc4f8,fUST,0.00014099999999999998,2,1,-531002.20793183,demand,2026-09-20T12:47:02.015367+00:00
8d68d6b4-94b7-49d4-b15b-2efc883cc4f8,fUST,0.0001401,13,1,-99488.31479105,demand,2026-09-20T12:47:02.015367+00:00
8d68d6b4-94b7-49d4-b15b-2efc883cc4f8,fUST,0.0001401,2,1,-2000000.0,demand,2026-09-20T12:47:02.015367+00:00
8d68d6b4-94b7-49d4-b15b-2efc883cc4f8,fUST,0.00014,7,1,-10000.0,demand,2026-09-20T12:47:02.015367+00:00
8d68d6b4-94b7-49d4-b15b-2efc883cc4f8,fUST,0.0001361,30,23,-93124.47696771,demand,2026-09-20T12:47:02.015367+00:00
8d68d6b4-94b7-49d4-b15b-2efc883cc4f8,fUST,0.000136,30,2,-14544.22120933,demand,2026-09-20T12:47:02.015367+00:00
8d68d6b4-94b7-49d4-b15b-2efc883cc4f8,fUST,0.000132,30,1,-28000.0,demand,2026-09-20T12:47:02.015367+00:00
8d68d6b4-94b7-49d4-b15b-2efc883cc4f8,fUST,0.00013103,2,1,-285058.62536861,demand,2026-09-20T12:47:02.015367+00:00
8d68d6b4-94b7-49d4-b15b-2efc883cc4f8,fUST,0.00013102,2,1,-366829.49373192,demand,2026-09-20T12:47:02.015367+00:00
8d68d6b4-94b7-49d4-b15b-2efc883cc4f8,fUST,0.000131,2,3,-2576906.89108704,demand,2026-09-20T12:47:02.015367+00:00
8d68d6b4-94b7-49d4-b15b-2efc883cc4f8,fUST,0.00013,2,1,-1000.0,demand,2026-09-20T12:47:02.015367+00:00
8d68d6b4-94b7-49d4-b15b-2efc883cc4f8,fUST,0.00013,7,1,-1000.0,demand,2026-09-20T12:47:02.015367+00:00
8d68d6b4-94b7-49d4-b15b-2efc883cc4f8,fUST,0.0001553,2,1,1184.20393842,offer,2026-09-20T12:47:02.015367+00:00
8d68d6b4-94b7-49d4-b15b-2efc883cc4f8,fUST,0.00015687,2,1,5000.0,offer,2026-09-20T12:47:02.015367+00:00
8d68d6b4-94b7-49d4-b15b-2efc883cc4f8,fUST,0.00017,2,1,2892.89324014,offer,2026-09-20T12:47:02.015367+00:00
8d68d6b4-94b7-49d4-b15b-2efc883cc4f8,fUST,0.000175962,2,2,640.0,offer,2026-09-20T12:47:02.015367+00:00
8d68d6b4-94b7-49d4-b15b-2efc883cc4f8,fUST,0.000176,2,1,2202.63784705,offer,2026-09-20T12:47:02.015367+00:00
8d68d6b4-94b7-49d4-b15b-2efc883cc4f8,fUST,0.0001772833,2,1,430.7489659,offer,2026-09-20T12:47:02.015367+00:00
8d68d6b4-94b7-49d4-b15b-2efc883cc4f8,fUST,0.0001784776,2,1,166.04608,offer,2026-09-20T12:47:02.015367+00:00
8d68d6b4-94b7-49d4-b15b-2efc883cc4f8,fUST,0.00017909,2,1,200.0,offer,2026-09-20T12:47:02.015367+00:00
8d68d6b4-94b7-49d4-b15b-2efc883cc4f8,fUST,0.00017951,2,15,4500.0,offer,2026-09-20T12:47:02.015367+00:00
8d68d6b4-94b7-49d4-b15b-2efc883cc4f8,fUST,0.00018389757508535082,14,1,1555.73471737,offer,2026-09-20T12:47:02.015367+00:00
8d68d6b4-94b7-49d4-b15b-2efc883cc4f8,fUST,0.00018564,2,1,500.0,offer,2026-09-20T12:47:02.015367+00:00
8d68d6b4-94b7-49d4-b15b-2efc883cc4f8,fUST,0.00018565,2,2,1658.55972388,offer,2026-09-20T12:47:02.015367+00:00
8d68d6b4-94b7-49d4-b15b-2efc883cc4f8,fUST,0.000188,2,1,1721.05363563,offer,2026-09-20T12:47:02.015367+00:00
8d68d6b4-94b7-49d4-b15b-2efc883cc4f8,fUST,0.00018894407499999997,2,2,322.16339991,offer,2026-09-20T12:47:02.015367+00:00
8d68d6b4-94b7-49d4-b15b-2efc883cc4f8,fUST,0.000191684075,2,1,163.38181337,offer,2026-09-20T12:47:02.015367+00:00
8d68d6b4-94b7-49d4-b15b-2efc883cc4f8,fUST,0.00019269974657534246,2,1,180.92576269,offer,2026-09-20T12:47:02.015367+00:00
8d68d6b4-94b7-49d4-b15b-2efc883cc4f8,fUST,0.00019275,2,1,500.0,offer,2026-09-20T12:47:02.015367+00:00
8d68d6b4-94b7-49d4-b15b-2efc883cc4f8,fUST,0.0001927582705479452,2,10,4765.39602799,offer,2026-09-20T12:47:02.015367+00:00
8d68d6b4-94b7-49d4-b15b-2efc883cc4f8,fUST,0.00019279,30,1,4539.36111481,offer,2026-09-20T12:47:02.015367+00:00
8d68d6b4-94b7-49d4-b15b-2efc883cc4f8,fUST,0.00019287022945205478,2,4,776.61482303,offer,2026-09-20T12:47:02.015367+00:00
8d68d6b4-94b7-49d4-b15b-2efc883cc4f8,fUST,0.0001932,2,2,331.317,offer,2026-09-20T12:47:02.015367+00:00
8d68d6b4-94b7-49d4-b15b-2efc883cc4f8,fUST,0.00019378366000000002,2,4,1251.27149553,offer,2026-09-20T12:47:02.015367+00:00
8d68d6b4-94b7-49d4-b15b-2efc883cc4f8,fUST,0.00019380000000000002,3,2,386.1,offer,2026-09-20T12:47:02.015367+00:00
8d68d6b4-94b7-49d4-b15b-2efc883cc4f8,fUST,0.00019389,2,10,4761.65110019,offer,2026-09-20T12:47:02.015367+00:00
8d68d6b4-94b7-49d4-b15b-2efc883cc4f8,fUST,0.0001939,2,4,322703.57901489,offer,2026-09-20T12:47:02.015367+00:00
89e88b0d-dcda-4d58-86de-c401e51ea738,fUST,0.0002671232876712329,120,1,-4195939.52671611,demand,2026-09-20T13:47:02.151739+00:00
89e88b0d-dcda-4d58-86de-c401e51ea738,fUST,0.0002511835616438356,50,1,-4757994.84858852,demand,2026-09-20T13:47:02.151739+00:00
89e88b0d-dcda-4d58-86de-c401e51ea738,fUST,0.0001601,29,1,-142229.924121,demand,2026-09-20T13:47:02.151739+00:00
89e88b0d-dcda-4d58-86de-c401e51ea738,fUST,0.00016,60,18,-114200.828599,demand,2026-09-20T13:47:02.151739+00:00
89e88b0d-dcda-4d58-86de-c401e51ea738,fUST,0.00016,30,1,-3277.4,demand,2026-09-20T13:47:02.151739+00:00
89e88b0d-dcda-4d58-86de-c401e51ea738,fUST,0.000152,60,1,-28000.0,demand,2026-09-20T13:47:02.151739+00:00
89e88b0d-dcda-4d58-86de-c401e51ea738,fUST,0.00015001,2,1,-10616.96289529,demand,2026-09-20T13:47:02.151739+00:00
89e88b0d-dcda-4d58-86de-c401e51ea738,fUST,0.00015,120,1,-300000.0,demand,2026-09-20T13:47:02.151739+00:00
89e88b0d-dcda-4d58-86de-c401e51ea738,fUST,0.00015,45,23,-138668.928077,demand,2026-09-20T13:47:02.151739+00:00
89e88b0d-dcda-4d58-86de-c401e51ea738,fUST,0.00015,2,1,-10000.0,demand,2026-09-20T13:47:02.151739+00:00
89e88b0d-dcda-4d58-86de-c401e51ea738,fUST,0.00015,6,1,-17000.0,demand,2026-09-20T13:47:02.151739+00:00
89e88b0d-dcda-4d58-86de-c401e51ea738,fUST,0.0001421,45,1,-10000.0,demand,2026-09-20T13:47:02.151739+00:00
89e88b0d-dcda-4d58-86de-c401e51ea738,fUST,0.000142,45,2,-20000.0,demand,2026-09-20T13:47:02.151739+00:00
89e88b0d-dcda-4d58-86de-c401e51ea738,fUST,0.00014099999999999998,2,1,-531002.20793183,demand,2026-09-20T13:47:02.151739+00:00
89e88b0d-dcda-4d58-86de-c401e51ea738,fUST,0.0001401,13,1,-99488.31479105,demand,2026-09-20T13:47:02.151739+00:00
89e88b0d-dcda-4d58-86de-c401e51ea738,fUST,0.0001401,2,1,-2000000.0,demand,2026-09-20T13:47:02.151739+00:00
89e88b0d-dcda-4d58-86de-c401e51ea738,fUST,0.00014,7,1,-10000.0,demand,2026-09-20T13:47:02.151739+00:00
89e88b0d-dcda-4d58-86de-c401e51ea738,fUST,0.0001361,30,23,-93124.47696771,demand,2026-09-20T13:47:02.151739+00:00
89e88b0d-dcda-4d58-86de-c401e51ea738,fUST,0.000136,30,2,-14544.22120933,demand,2026-09-20T13:47:02.151739+00:00
89e88b0d-dcda-4d58-86de-c401e51ea738,fUST,0.000132,30,1,-28000.0,demand,2026-09-20T13:47:02.151739+00:00
89e88b0d-dcda-4d58-86de-c401e51ea738,fUST,0.00013103,2,1,-285058.62536861,demand,2026-09-20T13:47:02.151739+00:00
89e88b0d-dcda-4d58-86de-c401e51ea738,fUST,0.00013102,2,1,-366829.49373192,demand,2026-09-20T13:47:02.151739+00:00
89e88b0d-dcda-4d58-86de-c401e51ea738,fUST,0.000131,2,3,-2576906.89108704,demand,2026-09-20T13:47:02.151739+00:00
89e88b0d-dcda-4d58-86de-c401e51ea738,fUST,0.00013,2,1,-1000.0,demand,2026-09-20T13:47:02.151739+00:00
89e88b0d-dcda-4d58-86de-c401e51ea738,fUST,0.00013,7,1,-1000.0,demand,2026-09-20T13:47:02.151739+00:00
89e88b0d-dcda-4d58-86de-c401e51ea738,fUST,0.000152,7,1,245.59639274,offer,2026-09-20T13:47:02.151739+00:00
89e88b0d-dcda-4d58-86de-c401e51ea738,fUST,0.00015504,7,2,565.29645043,offer,2026-09-20T13:47:02.151739+00:00
89e88b0d-dcda-4d58-86de-c401e51ea738,fUST,0.00015910566247169183,2,1,157.84710805,offer,2026-09-20T13:47:02.151739+00:00
89e88b0d-dcda-4d58-86de-c401e51ea738,fUST,0.0001596,7,1,311.14694347,offer,2026-09-20T13:47:02.151739+00:00
89e88b0d-dcda-4d58-86de-c401e51ea738,fUST,0.00016416000000000003,7,2,692.37120395,offer,2026-09-20T13:47:02.151739+00:00
89e88b0d-dcda-4d58-86de-c401e51ea738,fUST,0.0001645196,2,1,322.336258,offer,2026-09-20T13:47:02.151739+00:00
89e88b0d-dcda-4d58-86de-c401e51ea738,fUST,0.0001651237,2,1,245.793014,offer,2026-09-20T13:47:02.151739+00:00
89e88b0d-dcda-4d58-86de-c401e51ea738,fUST,0.00016669,2,15,4500.0,offer,2026-09-20T13:47:02.151739+00:00
89e88b0d-dcda-4d58-86de-c401e51ea738,fUST,0.00016882,2,2,734.12773838,offer,2026-09-20T13:47:02.151739+00:00
89e88b0d-dcda-4d58-86de-c401e51ea738,fUST,0.00017024000000000002,7,1,311.1469435,offer,2026-09-20T13:47:02.151739+00:00
89e88b0d-dcda-4d58-86de-c401e51ea738,fUST,0.00017299,2,1,500.0,offer,2026-09-20T13:47:02.151739+00:00
89e88b0d-dcda-4d58-86de-c401e51ea738,fUST,0.0001785963,2,1,636.7841586,offer,2026-09-20T13:47:02.151739+00:00
89e88b0d-dcda-4d58-86de-c401e51ea738,fUST,0.0001803343,2,1,509.8027563,offer,2026-09-20T13:47:02.151739+00:00
89e88b0d-dcda-4d58-86de-c401e51ea738,fUST,0.000182469,2,2,664.86,offer,2026-09-20T13:47:02.151739+00:00
89e88b0d-dcda-4d58-86de-c401e51ea738,fUST,0.0001874128032,2,1,177.5914298,offer,2026-09-20T13:47:02.151739+00:00
89e88b0d-dcda-4d58-86de-c401e51ea738,fUST,0.000189,2,1,161.0,offer,2026-09-20T13:47:02.151739+00:00
89e88b0d-dcda-4d58-86de-c401e51ea738,fUST,0.000189,3,1,161.0,offer,2026-09-20T13:47:02.151739+00:00
89e88b0d-dcda-4d58-86de-c401e51ea738,fUST,0.0001893721949152542,2,1,159.75961185,offer,2026-09-20T13:47:02.151739+00:00
89e88b0d-dcda-4d58-86de-c401e51ea738,fUST,0.000189778532656878,5,1,1000.0,offer,2026-09-20T13:47:02.151739+00:00
89e88b0d-dcda-4d58-86de-c401e51ea738,fUST,0.00019016,2,1,829.01609108,offer,2026-09-20T13:47:02.151739+00:00
89e88b0d-dcda-4d58-86de-c401e51ea738,fUST,0.000192,2,2,465.94629624,offer,2026-09-20T13:47:02.151739+00:00
89e88b0d-dcda-4d58-86de-c401e51ea738,fUST,0.00019202471599999996,2,2,543.62533791,offer,2026-09-20T13:47:02.151739+00:00
89e88b0d-dcda-4d58-86de-c401e51ea738,fUST,0.0001921649,2,1,330.89,offer,2026-09-20T13:47:02.151739+00:00
89e88b0d-dcda-4d58-86de-c401e51ea738,fUST,0.00019219847602739725,2,7,2350.04666283,offer,2026-09-20T13:47:02.151739+00:00
89e88b0d-dcda-4d58-86de-c401e51ea738,fUST,0.00019220356506849314,2,2,1368.51162827,offer,2026-09-20T13:47:02.151739+00:00
21f78cc1-7f9d-4ca9-9c3a-b97df4686804,fUST,0.0002671232876712329,120,1,-4190715.52671611,demand,2026-09-20T14:47:01.805939+00:00
21f78cc1-7f9d-4ca9-9c3a-b97df4686804,fUST,0.00025112054794520545,50,1,-4757994.84858852,demand,2026-09-20T14:47:01.805939+00:00
21f78cc1-7f9d-4ca9-9c3a-b97df4686804,fUST,0.0001601,29,1,-142229.924121,demand,2026-09-20T14:47:01.805939+00:00
21f78cc1-7f9d-4ca9-9c3a-b97df4686804,fUST,0.00016,60,18,-114200.828599,demand,2026-09-20T14:47:01.805939+00:00
21f78cc1-7f9d-4ca9-9c3a-b97df4686804,fUST,0.00016,30,1,-3277.4,demand,2026-09-20T14:47:01.805939+00:00
21f78cc1-7f9d-4ca9-9c3a-b97df4686804,fUST,0.000152418,2,1,-216710.41306,demand,2026-09-20T14:47:01.805939+00:00
21f78cc1-7f9d-4ca9-9c3a-b97df4686804,fUST,0.000152,60,1,-28000.0,demand,2026-09-20T14:47:01.805939+00:00
21f78cc1-7f9d-4ca9-9c3a-b97df4686804,fUST,0.00015001,2,1,-7211.97546206,demand,2026-09-20T14:47:01.805939+00:00
21f78cc1-7f9d-4ca9-9c3a-b97df4686804,fUST,0.00015,120,1,-300000.0,demand,2026-09-20T14:47:01.805939+00:00
21f78cc1-7f9d-4ca9-9c3a-b97df4686804,fUST,0.00015,45,23,-138668.928077,demand,2026-09-20T14:47:01.805939+00:00
21f78cc1-7f9d-4ca9-9c3a-b97df4686804,fUST,0.00015,2,1,-10000.0,demand,2026-09-20T14:47:01.805939+00:00
21f78cc1-7f9d-4ca9-9c3a-b97df4686804,fUST,0.00015,6,1,-17000.0,demand,2026-09-20T14:47:01.805939+00:00
21f78cc1-7f9d-4ca9-9c3a-b97df4686804,fUST,0.0001421,45,1,-10000.0,demand,2026-09-20T14:47:01.805939+00:00
21f78cc1-7f9d-4ca9-9c3a-b97df4686804,fUST,0.000142,45,2,-20000.0,demand,2026-09-20T14:47:01.805939+00:00
21f78cc1-7f9d-4ca9-9c3a-b97df4686804,fUST,0.00014099999999999998,2,1,-531002.20793183,demand,2026-09-20T14:47:01.805939+00:00
21f78cc1-7f9d-4ca9-9c3a-b97df4686804,fUST,0.0001401,13,1,-99488.31479105,demand,2026-09-20T14:47:01.805939+00:00
21f78cc1-7f9d-4ca9-9c3a-b97df4686804,fUST,0.0001401,2,1,-2000000.0,demand,2026-09-20T14:47:01.805939+00:00
21f78cc1-7f9d-4ca9-9c3a-b97df4686804,fUST,0.00014,7,1,-10000.0,demand,2026-09-20T14:47:01.805939+00:00
21f78cc1-7f9d-4ca9-9c3a-b97df4686804,fUST,0.0001361,30,23,-93124.47696771,demand,2026-09-20T14:47:01.805939+00:00
21f78cc1-7f9d-4ca9-9c3a-b97df4686804,fUST,0.000136,30,2,-14544.22120933,demand,2026-09-20T14:47:01.805939+00:00
21f78cc1-7f9d-4ca9-9c3a-b97df4686804,fUST,0.000132,30,1,-28000.0,demand,2026-09-20T14:47:01.805939+00:00
21f78cc1-7f9d-4ca9-9c3a-b97df4686804,fUST,0.00013103,2,1,-285058.62536861,demand,2026-09-20T14:47:01.805939+00:00
21f78cc1-7f9d-4ca9-9c3a-b97df4686804,fUST,0.00013102,2,1,-366829.49373192,demand,2026-09-20T14:47:01.805939+00:00
21f78cc1-7f9d-4ca9-9c3a-b97df4686804,fUST,0.000131,2,3,-2576906.89108704,demand,2026-09-20T14:47:01.805939+00:00
21f78cc1-7f9d-4ca9-9c3a-b97df4686804,fUST,0.00013,2,1,-1000.0,demand,2026-09-20T14:47:01.805939+00:00
21f78cc1-7f9d-4ca9-9c3a-b97df4686804,fUST,0.0001556223,2,1,452.050374,offer,2026-09-20T14:47:01.805939+00:00
21f78cc1-7f9d-4ca9-9c3a-b97df4686804,fUST,0.00015638,2,1,4447.02520879,offer,2026-09-20T14:47:01.805939+00:00
21f78cc1-7f9d-4ca9-9c3a-b97df4686804,fUST,0.00015796,2,1,5000.0,offer,2026-09-20T14:47:01.805939+00:00
21f78cc1-7f9d-4ca9-9c3a-b97df4686804,fUST,0.0001598716,2,1,1289.1982847,offer,2026-09-20T14:47:01.805939+00:00
21f78cc1-7f9d-4ca9-9c3a-b97df4686804,fUST,0.0001632197,2,1,9194.9317663,offer,2026-09-20T14:47:01.805939+00:00
21f78cc1-7f9d-4ca9-9c3a-b97df4686804,fUST,0.00016638,2,1,186.4013375,offer,2026-09-20T14:47:01.805939+00:00
21f78cc1-7f9d-4ca9-9c3a-b97df4686804,fUST,0.00016644,2,60,29593.6012391,offer,2026-09-20T14:47:01.805939+00:00
21f78cc1-7f9d-4ca9-9c3a-b97df4686804,fUST,0.00016644931506849315,2,2,352.9916984,offer,2026-09-20T14:47:01.805939+00:00
21f78cc1-7f9d-4ca9-9c3a-b97df4686804,fUST,0.00016645,2,1,197.55647992,offer,2026-09-20T14:47:01.805939+00:00
21f78cc1-7f9d-4ca9-9c3a-b97df4686804,fUST,0.00016645027397260275,2,2,679.3235405,offer,2026-09-20T14:47:01.805939+00:00
21f78cc1-7f9d-4ca9-9c3a-b97df4686804,fUST,0.00016646027397260274,2,6,66050.78058141,offer,2026-09-20T14:47:01.805939+00:00
21f78cc1-7f9d-4ca9-9c3a-b97df4686804,fUST,0.00016647,2,28,145859.92209461,offer,2026-09-20T14:47:01.805939+00:00
21f78cc1-7f9d-4ca9-9c3a-b97df4686804,fUST,0.0001672113,2,1,193.401754,offer,2026-09-20T14:47:01.805939+00:00
21f78cc1-7f9d-4ca9-9c3a-b97df4686804,fUST,0.0001682865,2,1,202.793797,offer,2026-09-20T14:47:01.805939+00:00
21f78cc1-7f9d-4ca9-9c3a-b97df4686804,fUST,0.0001697894794520548,4,1,527.84027332,offer,2026-09-20T14:47:01.805939+00:00
21f78cc1-7f9d-4ca9-9c3a-b97df4686804,fUST,0.00017225,2,2,437.7917765,offer,2026-09-20T14:47:01.805939+00:00
21f78cc1-7f9d-4ca9-9c3a-b97df4686804,fUST,0.0001723073175,2,1,1121.156729,offer,2026-09-20T14:47:01.805939+00:00
21f78cc1-7f9d-4ca9-9c3a-b97df4686804,fUST,0.0001745,2,3,500.0,offer,2026-09-20T14:47:01.805939+00:00
21f78cc1-7f9d-4ca9-9c3a-b97df4686804,fUST,0.00017499,2,5,33650.95525126,offer,2026-09-20T14:47:01.805939+00:00
21f78cc1-7f9d-4ca9-9c3a-b97df4686804,fUST,0.00017499,4,1,527.83945027,offer,2026-09-20T14:47:01.805939+00:00
21f78cc1-7f9d-4ca9-9c3a-b97df4686804,fUST,0.000175,2,1,300.0,offer,2026-09-20T14:47:01.805939+00:00
21f78cc1-7f9d-4ca9-9c3a-b97df4686804,fUST,0.00017722,2,2,1001.87269735,offer,2026-09-20T14:47:01.805939+00:00
21f78cc1-7f9d-4ca9-9c3a-b97df4686804,fUST,0.00017723,2,18,7294.33281708,offer,2026-09-20T14:47:01.805939+00:00
21f78cc1-7f9d-4ca9-9c3a-b97df4686804,fUST,0.00017724,2,40,49615.16485861,offer,2026-09-20T14:47:01.805939+00:00
21f78cc1-7f9d-4ca9-9c3a-b97df4686804,fUST,0.00017875,2,1,500.0,offer,2026-09-20T14:47:01.805939+00:00
a516f185-2e6d-4e62-9f13-b5b8cc839253,fUST,0.0002671232876712329,120,1,-4152925.59949288,demand,2026-09-20T15:47:01.732391+00:00
a516f185-2e6d-4e62-9f13-b5b8cc839253,fUST,0.00025107671232876713,50,1,-4757994.84858852,demand,2026-09-20T15:47:01.732391+00:00
a516f185-2e6d-4e62-9f13-b5b8cc839253,fUST,0.0001601,29,1,-142229.924121,demand,2026-09-20T15:47:01.732391+00:00
a516f185-2e6d-4e62-9f13-b5b8cc839253,fUST,0.00016,60,18,-114200.828599,demand,2026-09-20T15:47:01.732391+00:00
a516f185-2e6d-4e62-9f13-b5b8cc839253,fUST,0.00016,30,1,-3277.4,demand,2026-09-20T15:47:01.732391+00:00
a516f185-2e6d-4e62-9f13-b5b8cc839253,fUST,0.000152418,2,1,-59787.56965561,demand,2026-09-20T15:47:01.732391+00:00
a516f185-2e6d-4e62-9f13-b5b8cc839253,fUST,0.000152,60,1,-28000.0,demand,2026-09-20T15:47:01.732391+00:00
a516f185-2e6d-4e62-9f13-b5b8cc839253,fUST,0.00015001,2,1,-7211.97546206,demand,2026-09-20T15:47:01.732391+00:00
a516f185-2e6d-4e62-9f13-b5b8cc839253,fUST,0.00015,120,1,-300000.0,demand,2026-09-20T15:47:01.732391+00:00
a516f185-2e6d-4e62-9f13-b5b8cc839253,fUST,0.00015,45,23,-138668.928077,demand,2026-09-20T15:47:01.732391+00:00
a516f185-2e6d-4e62-9f13-b5b8cc839253,fUST,0.00015,2,1,-10000.0,demand,2026-09-20T15:47:01.732391+00:00
a516f185-2e6d-4e62-9f13-b5b8cc839253,fUST,0.00015,6,1,-17000.0,demand,2026-09-20T15:47:01.732391+00:00
a516f185-2e6d-4e62-9f13-b5b8cc839253,fUST,0.0001421,45,1,-10000.0,demand,2026-09-20T15:47:01.732391+00:00
a516f185-2e6d-4e62-9f13-b5b8cc839253,fUST,0.000142,45,2,-20000.0,demand,2026-09-20T15:47:01.732391+00:00
a516f185-2e6d-4e62-9f13-b5b8cc839253,fUST,0.00014099999999999998,2,1,-531002.20793183,demand,2026-09-20T15:47:01.732391+00:00
a516f185-2e6d-4e62-9f13-b5b8cc839253,fUST,0.0001401,13,1,-99488.31479105,demand,2026-09-20T15:47:01.732391+00:00
a516f185-2e6d-4e62-9f13-b5b8cc839253,fUST,0.0001401,2,1,-2000000.0,demand,2026-09-20T15:47:01.732391+00:00
a516f185-2e6d-4e62-9f13-b5b8cc839253,fUST,0.00014,7,1,-10000.0,demand,2026-09-20T15:47:01.732391+00:00
a516f185-2e6d-4e62-9f13-b5b8cc839253,fUST,0.0001361,30,23,-93124.47696771,demand,2026-09-20T15:47:01.732391+00:00
a516f185-2e6d-4e62-9f13-b5b8cc839253,fUST,0.000136,30,2,-14544.22120933,demand,2026-09-20T15:47:01.732391+00:00
a516f185-2e6d-4e62-9f13-b5b8cc839253,fUST,0.000132,30,1,-28000.0,demand,2026-09-20T15:47:01.732391+00:00
a516f185-2e6d-4e62-9f13-b5b8cc839253,fUST,0.00013103,2,1,-285058.62536861,demand,2026-09-20T15:47:01.732391+00:00
a516f185-2e6d-4e62-9f13-b5b8cc839253,fUST,0.00013102,2,1,-366829.49373192,demand,2026-09-20T15:47:01.732391+00:00
a516f185-2e6d-4e62-9f13-b5b8cc839253,fUST,0.000131,2,3,-2576906.89108704,demand,2026-09-20T15:47:01.732391+00:00
a516f185-2e6d-4e62-9f13-b5b8cc839253,fUST,0.00013,2,1,-1000.0,demand,2026-09-20T15:47:01.732391+00:00
a516f185-2e6d-4e62-9f13-b5b8cc839253,fUST,0.0001597626,7,1,247.74819656,offer,2026-09-20T15:47:01.732391+00:00
a516f185-2e6d-4e62-9f13-b5b8cc839253,fUST,0.00016226,2,1,5000.0,offer,2026-09-20T15:47:01.732391+00:00
a516f185-2e6d-4e62-9f13-b5b8cc839253,fUST,0.0001639,2,1,193.401754,offer,2026-09-20T15:47:01.732391+00:00
a516f185-2e6d-4e62-9f13-b5b8cc839253,fUST,0.0001640867,2,1,272.540852,offer,2026-09-20T15:47:01.732391+00:00
a516f185-2e6d-4e62-9f13-b5b8cc839253,fUST,0.00016999,2,1,500.0,offer,2026-09-20T15:47:01.732391+00:00
a516f185-2e6d-4e62-9f13-b5b8cc839253,fUST,0.00016999000000000002,2,1,309.97461763,offer,2026-09-20T15:47:01.732391+00:00
a516f185-2e6d-4e62-9f13-b5b8cc839253,fUST,0.00017,2,1,18595.51750691,offer,2026-09-20T15:47:01.732391+00:00
a516f185-2e6d-4e62-9f13-b5b8cc839253,fUST,0.0001715,2,1,1797.58562512,offer,2026-09-20T15:47:01.732391+00:00
a516f185-2e6d-4e62-9f13-b5b8cc839253,fUST,0.00017339,2,15,4500.0,offer,2026-09-20T15:47:01.732391+00:00
a516f185-2e6d-4e62-9f13-b5b8cc839253,fUST,0.0001737799056,2,1,182.340338,offer,2026-09-20T15:47:01.732391+00:00
a516f185-2e6d-4e62-9f13-b5b8cc839253,fUST,0.00017669,2,1,500.0,offer,2026-09-20T15:47:01.732391+00:00
a516f185-2e6d-4e62-9f13-b5b8cc839253,fUST,0.00017685,2,1,600.0,offer,2026-09-20T15:47:01.732391+00:00
a516f185-2e6d-4e62-9f13-b5b8cc839253,fUST,0.00017899,2,1,500.0,offer,2026-09-20T15:47:01.732391+00:00
a516f185-2e6d-4e62-9f13-b5b8cc839253,fUST,0.000179,2,5,9473.5951,offer,2026-09-20T15:47:01.732391+00:00
a516f185-2e6d-4e62-9f13-b5b8cc839253,fUST,0.00017953,2,1,3586.74037835,offer,2026-09-20T15:47:01.732391+00:00
a516f185-2e6d-4e62-9f13-b5b8cc839253,fUST,0.00018,2,2,1912.66834367,offer,2026-09-20T15:47:01.732391+00:00
a516f185-2e6d-4e62-9f13-b5b8cc839253,fUST,0.00018642,2,1,155.2936255,offer,2026-09-20T15:47:01.732391+00:00
a516f185-2e6d-4e62-9f13-b5b8cc839253,fUST,0.00018754,2,6,2861.87462899,offer,2026-09-20T15:47:01.732391+00:00
a516f185-2e6d-4e62-9f13-b5b8cc839253,fUST,0.00018755,2,13,100109.32426354,offer,2026-09-20T15:47:01.732391+00:00
a516f185-2e6d-4e62-9f13-b5b8cc839253,fUST,0.00018837999999999998,2,2,461.09378307,offer,2026-09-20T15:47:01.732391+00:00
a516f185-2e6d-4e62-9f13-b5b8cc839253,fUST,0.0001890749869,2,1,313.29118823,offer,2026-09-20T15:47:01.732391+00:00
a516f185-2e6d-4e62-9f13-b5b8cc839253,fUST,0.00018918851370864522,2,1,221.57289823,offer,2026-09-20T15:47:01.732391+00:00
a516f185-2e6d-4e62-9f13-b5b8cc839253,fUST,0.00018938,2,11,5500.0,offer,2026-09-20T15:47:01.732391+00:00
a516f185-2e6d-4e62-9f13-b5b8cc839253,fUST,0.0001899890410958904,2,2,1134.41829231,offer,2026-09-20T15:47:01.732391+00:00
a516f185-2e6d-4e62-9f13-b5b8cc839253,fUST,0.0001908475749,2,1,798.367238,offer,2026-09-20T15:47:01.732391+00:00
52bbeacc-e494-4a13-b4be-ae39aabf452e,fUST,0.0002671232876712329,120,1,-4147008.55949288,demand,2026-09-20T16:47:01.935442+00:00
52bbeacc-e494-4a13-b4be-ae39aabf452e,fUST,0.00025117808219178085,50,1,-4757766.17228958,demand,2026-09-20T16:47:01.935442+00:00
52bbeacc-e494-4a13-b4be-ae39aabf452e,fUST,0.0001601,29,1,-142229.924121,demand,2026-09-20T16:47:01.935442+00:00
52bbeacc-e494-4a13-b4be-ae39aabf452e,fUST,0.00016,60,18,-114200.828599,demand,2026-09-20T16:47:01.935442+00:00
52bbeacc-e494-4a13-b4be-ae39aabf452e,fUST,0.00016,30,1,-3277.4,demand,2026-09-20T16:47:01.935442+00:00
52bbeacc-e494-4a13-b4be-ae39aabf452e,fUST,0.0001555,13,1,-124354.21697263,demand,2026-09-20T16:47:01.935442+00:00
52bbeacc-e494-4a13-b4be-ae39aabf452e,fUST,0.000152,60,1,-28000.0,demand,2026-09-20T16:47:01.935442+00:00
52bbeacc-e494-4a13-b4be-ae39aabf452e,fUST,0.00015,120,1,-300000.0,demand,2026-09-20T16:47:01.935442+00:00
52bbeacc-e494-4a13-b4be-ae39aabf452e,fUST,0.00015,45,23,-138668.928077,demand,2026-09-20T16:47:01.935442+00:00
52bbeacc-e494-4a13-b4be-ae39aabf452e,fUST,0.00015,2,1,-10000.0,demand,2026-09-20T16:47:01.935442+00:00
52bbeacc-e494-4a13-b4be-ae39aabf452e,fUST,0.00015,6,1,-16784.52969707,demand,2026-09-20T16:47:01.935442+00:00
52bbeacc-e494-4a13-b4be-ae39aabf452e,fUST,0.0001421,45,1,-10000.0,demand,2026-09-20T16:47:01.935442+00:00
52bbeacc-e494-4a13-b4be-ae39aabf452e,fUST,0.000142,45,2,-20000.0,demand,2026-09-20T16:47:01.935442+00:00
52bbeacc-e494-4a13-b4be-ae39aabf452e,fUST,0.00014099999999999998,2,1,-531002.20793183,demand,2026-09-20T16:47:01.935442+00:00
52bbeacc-e494-4a13-b4be-ae39aabf452e,fUST,0.0001401,13,1,-99488.31479105,demand,2026-09-20T16:47:01.935442+00:00
52bbeacc-e494-4a13-b4be-ae39aabf452e,fUST,0.0001401,2,1,-2000000.0,demand,2026-09-20T16:47:01.935442+00:00
52bbeacc-e494-4a13-b4be-ae39aabf452e,fUST,0.00014,7,1,-10000.0,demand,2026-09-20T16:47:01.935442+00:00
52bbeacc-e494-4a13-b4be-ae39aabf452e,fUST,0.0001361,30,23,-93124.47696771,demand,2026-09-20T16:47:01.935442+00:00
52bbeacc-e494-4a13-b4be-ae39aabf452e,fUST,0.000136,30,2,-14544.22120933,demand,2026-09-20T16:47:01.935442+00:00
52bbeacc-e494-4a13-b4be-ae39aabf452e,fUST,0.000132,30,1,-28000.0,demand,2026-09-20T16:47:01.935442+00:00
52bbeacc-e494-4a13-b4be-ae39aabf452e,fUST,0.00013103,2,1,-285058.62536861,demand,2026-09-20T16:47:01.935442+00:00
52bbeacc-e494-4a13-b4be-ae39aabf452e,fUST,0.00013102,2,1,-366829.49373192,demand,2026-09-20T16:47:01.935442+00:00
52bbeacc-e494-4a13-b4be-ae39aabf452e,fUST,0.000131,2,3,-2576906.89108704,demand,2026-09-20T16:47:01.935442+00:00
52bbeacc-e494-4a13-b4be-ae39aabf452e,fUST,0.00013,2,1,-1000.0,demand,2026-09-20T16:47:01.935442+00:00
52bbeacc-e494-4a13-b4be-ae39aabf452e,fUST,0.00013,7,1,-1000.0,demand,2026-09-20T16:47:01.935442+00:00
52bbeacc-e494-4a13-b4be-ae39aabf452e,fUST,0.00015,2,1,369.02376132,offer,2026-09-20T16:47:01.935442+00:00
52bbeacc-e494-4a13-b4be-ae39aabf452e,fUST,0.0001527847,2,1,151.0,offer,2026-09-20T16:47:01.935442+00:00
52bbeacc-e494-4a13-b4be-ae39aabf452e,fUST,0.0001527847,7,1,424.33738812,offer,2026-09-20T16:47:01.935442+00:00
52bbeacc-e494-4a13-b4be-ae39aabf452e,fUST,0.000154,2,1,1693.79786648,offer,2026-09-20T16:47:01.935442+00:00
52bbeacc-e494-4a13-b4be-ae39aabf452e,fUST,0.0001544194,2,1,4995.2966687,offer,2026-09-20T16:47:01.935442+00:00
52bbeacc-e494-4a13-b4be-ae39aabf452e,fUST,0.000155,3,1,3266.13301847,offer,2026-09-20T16:47:01.935442+00:00
52bbeacc-e494-4a13-b4be-ae39aabf452e,fUST,0.000155840394,7,1,215.47030292,offer,2026-09-20T16:47:01.935442+00:00
52bbeacc-e494-4a13-b4be-ae39aabf452e,fUST,0.0001575,2,1,314.94,offer,2026-09-20T16:47:01.935442+00:00
52bbeacc-e494-4a13-b4be-ae39aabf452e,fUST,0.0001591948,2,1,245.367535,offer,2026-09-20T16:47:01.935442+00:00
52bbeacc-e494-4a13-b4be-ae39aabf452e,fUST,0.00015923,2,1,206.53238398,offer,2026-09-20T16:47:01.935442+00:00
52bbeacc-e494-4a13-b4be-ae39aabf452e,fUST,0.00015923013698630138,2,1,386.75379045,offer,2026-09-20T16:47:01.935442+00:00
52bbeacc-e494-4a13-b4be-ae39aabf452e,fUST,0.00016042393499999998,7,1,215.47030292,offer,2026-09-20T16:47:01.935442+00:00
52bbeacc-e494-4a13-b4be-ae39aabf452e,fUST,0.00016182000000000002,2,38,18908.44318826,offer,2026-09-20T16:47:01.935442+00:00
52bbeacc-e494-4a13-b4be-ae39aabf452e,fUST,0.00016183,2,1,500.0,offer,2026-09-20T16:47:01.935442+00:00
52bbeacc-e494-4a13-b4be-ae39aabf452e,fUST,0.00016183000000000001,2,2,768.7824693,offer,2026-09-20T16:47:01.935442+00:00
52bbeacc-e494-4a13-b4be-ae39aabf452e,fUST,0.00016184,2,2,885.23300748,offer,2026-09-20T16:47:01.935442+00:00
52bbeacc-e494-4a13-b4be-ae39aabf452e,fUST,0.00016184109589041095,2,1,500.0,offer,2026-09-20T16:47:01.935442+00:00
52bbeacc-e494-4a13-b4be-ae39aabf452e,fUST,0.00016185,3,1,6516.96747252,offer,2026-09-20T16:47:01.935442+00:00
52bbeacc-e494-4a13-b4be-ae39aabf452e,fUST,0.00016185,2,1,382.56307794,offer,2026-09-20T16:47:01.935442+00:00
52bbeacc-e494-4a13-b4be-ae39aabf452e,fUST,0.000162,2,1,151.0,offer,2026-09-20T16:47:01.935442+00:00
52bbeacc-e494-4a13-b4be-ae39aabf452e,fUST,0.000165,2,1,314.95,offer,2026-09-20T16:47:01.935442+00:00
52bbeacc-e494-4a13-b4be-ae39aabf452e,fUST,0.000165007476,7,1,215.47030292,offer,2026-09-20T16:47:01.935442+00:00
52bbeacc-e494-4a13-b4be-ae39aabf452e,fUST,0.00016515,2,1,507.81446586,offer,2026-09-20T16:47:01.935442+00:00
52bbeacc-e494-4a13-b4be-ae39aabf452e,fUST,0.00016836830168749994,2,1,1075.35986125,offer,2026-09-20T16:47:01.935442+00:00
52bbeacc-e494-4a13-b4be-ae39aabf452e,fUST,0.00016999000000000002,2,1,417.7897776,offer,2026-09-20T16:47:01.935442+00:00
54bb852a-16d5-4c32-9448-474d1b029ad9,fUST,0.0002671232876712329,120,1,-4147008.55949288,demand,2026-09-20T17:47:01.813713+00:00
54bb852a-16d5-4c32-9448-474d1b029ad9,fUST,0.0002509013698630137,50,1,-4757766.17228958,demand,2026-09-20T17:47:01.813713+00:00
54bb852a-16d5-4c32-9448-474d1b029ad9,fUST,0.0001601,29,1,-142229.924121,demand,2026-09-20T17:47:01.813713+00:00
54bb852a-16d5-4c32-9448-474d1b029ad9,fUST,0.00016,60,18,-114200.828599,demand,2026-09-20T17:47:01.813713+00:00
54bb852a-16d5-4c32-9448-474d1b029ad9,fUST,0.00016,30,1,-3277.4,demand,2026-09-20T17:47:01.813713+00:00
54bb852a-16d5-4c32-9448-474d1b029ad9,fUST,0.0001555,13,1,-124354.21697263,demand,2026-09-20T17:47:01.813713+00:00
54bb852a-16d5-4c32-9448-474d1b029ad9,fUST,0.000152,60,1,-28000.0,demand,2026-09-20T17:47:01.813713+00:00
54bb852a-16d5-4c32-9448-474d1b029ad9,fUST,0.00015,120,1,-300000.0,demand,2026-09-20T17:47:01.813713+00:00
54bb852a-16d5-4c32-9448-474d1b029ad9,fUST,0.00015,45,23,-138668.928077,demand,2026-09-20T17:47:01.813713+00:00
54bb852a-16d5-4c32-9448-474d1b029ad9,fUST,0.00015,2,1,-10000.0,demand,2026-09-20T17:47:01.813713+00:00
54bb852a-16d5-4c32-9448-474d1b029ad9,fUST,0.00015,6,1,-15431.42873157,demand,2026-09-20T17:47:01.813713+00:00
54bb852a-16d5-4c32-9448-474d1b029ad9,fUST,0.0001421,45,1,-10000.0,demand,2026-09-20T17:47:01.813713+00:00
54bb852a-16d5-4c32-9448-474d1b029ad9,fUST,0.000142,45,2,-20000.0,demand,2026-09-20T17:47:01.813713+00:00
54bb852a-16d5-4c32-9448-474d1b029ad9,fUST,0.00014099999999999998,2,1,-432348.79993114,demand,2026-09-20T17:47:01.813713+00:00
54bb852a-16d5-4c32-9448-474d1b029ad9,fUST,0.0001401,13,1,-99488.31479105,demand,2026-09-20T17:47:01.813713+00:00
54bb852a-16d5-4c32-9448-474d1b029ad9,fUST,0.0001401,2,1,-2000000.0,demand,2026-09-20T17:47:01.813713+00:00
54bb852a-16d5-4c32-9448-474d1b029ad9,fUST,0.00014,7,1,-10000.0,demand,2026-09-20T17:47:01.813713+00:00
54bb852a-16d5-4c32-9448-474d1b029ad9,fUST,0.0001361,30,23,-93124.47696771,demand,2026-09-20T17:47:01.813713+00:00
54bb852a-16d5-4c32-9448-474d1b029ad9,fUST,0.000136,30,2,-14544.22120933,demand,2026-09-20T17:47:01.813713+00:00
54bb852a-16d5-4c32-9448-474d1b029ad9,fUST,0.000132,30,1,-28000.0,demand,2026-09-20T17:47:01.813713+00:00
54bb852a-16d5-4c32-9448-474d1b029ad9,fUST,0.00013103,2,1,-285058.62536861,demand,2026-09-20T17:47:01.813713+00:00
54bb852a-16d5-4c32-9448-474d1b029ad9,fUST,0.00013102,2,1,-366829.49373192,demand,2026-09-20T17:47:01.813713+00:00
54bb852a-16d5-4c32-9448-474d1b029ad9,fUST,0.000131,2,3,-2576906.89108704,demand,2026-09-20T17:47:01.813713+00:00
54bb852a-16d5-4c32-9448-474d1b029ad9,fUST,0.00013,2,1,-1000.0,demand,2026-09-20T17:47:01.813713+00:00
54bb852a-16d5-4c32-9448-474d1b029ad9,fUST,0.00013,7,1,-1000.0,demand,2026-09-20T17:47:01.813713+00:00
54bb852a-16d5-4c32-9448-474d1b029ad9,fUST,0.000141,2,1,650.57,offer,2026-09-20T17:47:01.813713+00:00
54bb852a-16d5-4c32-9448-474d1b029ad9,fUST,0.0001415037,2,1,401.170124,offer,2026-09-20T17:47:01.813713+00:00
54bb852a-16d5-4c32-9448-474d1b029ad9,fUST,0.0001468642,2,1,449.9633972,offer,2026-09-20T17:47:01.813713+00:00
54bb852a-16d5-4c32-9448-474d1b029ad9,fUST,0.0001473978,2,1,4409.4919914,offer,2026-09-20T17:47:01.813713+00:00
54bb852a-16d5-4c32-9448-474d1b029ad9,fUST,0.00014805,2,1,650.57,offer,2026-09-20T17:47:01.813713+00:00
54bb852a-16d5-4c32-9448-474d1b029ad9,fUST,0.00014996,2,1,393.54393806,offer,2026-09-20T17:47:01.813713+00:00
54bb852a-16d5-4c32-9448-474d1b029ad9,fUST,0.00014999,2,8,3682.20947772,offer,2026-09-20T17:47:01.813713+00:00
54bb852a-16d5-4c32-9448-474d1b029ad9,fUST,0.00015,2,5,15863.68575198,offer,2026-09-20T17:47:01.813713+00:00
54bb852a-16d5-4c32-9448-474d1b029ad9,fUST,0.00015168,2,1,500.0,offer,2026-09-20T17:47:01.813713+00:00
54bb852a-16d5-4c32-9448-474d1b029ad9,fUST,0.0001517,2,1,500.0,offer,2026-09-20T17:47:01.813713+00:00
54bb852a-16d5-4c32-9448-474d1b029ad9,fUST,0.000152418,2,1,4082.8090905,offer,2026-09-20T17:47:01.813713+00:00
54bb852a-16d5-4c32-9448-474d1b029ad9,fUST,0.00015241917808219178,2,1,718.11880017,offer,2026-09-20T17:47:01.813713+00:00
54bb852a-16d5-4c32-9448-474d1b029ad9,fUST,0.00015294,2,2,1000.0,offer,2026-09-20T17:47:01.813713+00:00
54bb852a-16d5-4c32-9448-474d1b029ad9,fUST,0.00015295,2,15,4500.0,offer,2026-09-20T17:47:01.813713+00:00
54bb852a-16d5-4c32-9448-474d1b029ad9,fUST,0.000155,2,1,1938.80508604,offer,2026-09-20T17:47:01.813713+00:00
54bb852a-16d5-4c32-9448-474d1b029ad9,fUST,0.0001551,2,1,650.57,offer,2026-09-20T17:47:01.813713+00:00
54bb852a-16d5-4c32-9448-474d1b029ad9,fUST,0.000156,2,1,600.0,offer,2026-09-20T17:47:01.813713+00:00
54bb852a-16d5-4c32-9448-474d1b029ad9,fUST,0.00015739779999999999,2,1,183.74139652,offer,2026-09-20T17:47:01.813713+00:00
54bb852a-16d5-4c32-9448-474d1b029ad9,fUST,0.0001594875744,2,1,2265.2528978,offer,2026-09-20T17:47:01.813713+00:00
54bb852a-16d5-4c32-9448-474d1b029ad9,fUST,0.00016094,2,1,3881.38345114,offer,2026-09-20T17:47:01.813713+00:00
54bb852a-16d5-4c32-9448-474d1b029ad9,fUST,0.00016137453484199593,2,1,279.92215959,offer,2026-09-20T17:47:01.813713+00:00
54bb852a-16d5-4c32-9448-474d1b029ad9,fUST,0.00016207,2,1,573.30129329,offer,2026-09-20T17:47:01.813713+00:00
54bb852a-16d5-4c32-9448-474d1b029ad9,fUST,0.00016208,2,1,500.0,offer,2026-09-20T17:47:01.813713+00:00
54bb852a-16d5-4c32-9448-474d1b029ad9,fUST,0.0001620901,2,3,17413.49605231,offer,2026-09-20T17:47:01.813713+00:00
54bb852a-16d5-4c32-9448-474d1b029ad9,fUST,0.00016391019764121914,2,1,218.17211639,offer,2026-09-20T17:47:01.813713+00:00
30497d5f-3201-4177-a026-c8d132aed98f,fUST,0.0002671232876712329,120,1,-4080884.72949288,demand,2026-09-20T18:47:01.944920+00:00
30497d5f-3201-4177-a026-c8d132aed98f,fUST,0.00025204657534246575,50,1,-4757313.17228858,demand,2026-09-20T18:47:01.944920+00:00
30497d5f-3201-4177-a026-c8d132aed98f,fUST,0.0001601,29,1,-142064.334121,demand,2026-09-20T18:47:01.944920+00:00
30497d5f-3201-4177-a026-c8d132aed98f,fUST,0.00016,60,18,-114200.828599,demand,2026-09-20T18:47:01.944920+00:00
30497d5f-3201-4177-a026-c8d132aed98f,fUST,0.00016,30,1,-3277.4,demand,2026-09-20T18:47:01.944920+00:00
30497d5f-3201-4177-a026-c8d132aed98f,fUST,0.0001555,13,1,-76480.42693075,demand,2026-09-20T18:47:01.944920+00:00
30497d5f-3201-4177-a026-c8d132aed98f,fUST,0.000152,60,1,-28000.0,demand,2026-09-20T18:47:01.944920+00:00
30497d5f-3201-4177-a026-c8d132aed98f,fUST,0.00015,120,1,-300000.0,demand,2026-09-20T18:47:01.944920+00:00
30497d5f-3201-4177-a026-c8d132aed98f,fUST,0.00015,45,23,-138668.928077,demand,2026-09-20T18:47:01.944920+00:00
30497d5f-3201-4177-a026-c8d132aed98f,fUST,0.00015,2,2,-1899382.94658608,demand,2026-09-20T18:47:01.944920+00:00
30497d5f-3201-4177-a026-c8d132aed98f,fUST,0.00015,6,1,-15040.77725863,demand,2026-09-20T18:47:01.944920+00:00
30497d5f-3201-4177-a026-c8d132aed98f,fUST,0.0001421,45,1,-10000.0,demand,2026-09-20T18:47:01.944920+00:00
30497d5f-3201-4177-a026-c8d132aed98f,fUST,0.000142,45,2,-20000.0,demand,2026-09-20T18:47:01.944920+00:00
30497d5f-3201-4177-a026-c8d132aed98f,fUST,0.00014099999999999998,2,1,-430878.79993114,demand,2026-09-20T18:47:01.944920+00:00
30497d5f-3201-4177-a026-c8d132aed98f,fUST,0.0001401,13,1,-99488.31479105,demand,2026-09-20T18:47:01.944920+00:00
30497d5f-3201-4177-a026-c8d132aed98f,fUST,0.0001401,2,1,-2000000.0,demand,2026-09-20T18:47:01.944920+00:00
30497d5f-3201-4177-a026-c8d132aed98f,fUST,0.00014,7,1,-10000.0,demand,2026-09-20T18:47:01.944920+00:00
30497d5f-3201-4177-a026-c8d132aed98f,fUST,0.0001361,30,23,-93124.47696771,demand,2026-09-20T18:47:01.944920+00:00
30497d5f-3201-4177-a026-c8d132aed98f,fUST,0.000136,30,2,-14544.22120933,demand,2026-09-20T18:47:01.944920+00:00
30497d5f-3201-4177-a026-c8d132aed98f,fUST,0.000132,30,1,-28000.0,demand,2026-09-20T18:47:01.944920+00:00
30497d5f-3201-4177-a026-c8d132aed98f,fUST,0.00013103,2,1,-285058.62536861,demand,2026-09-20T18:47:01.944920+00:00
30497d5f-3201-4177-a026-c8d132aed98f,fUST,0.00013102,2,1,-366829.49373192,demand,2026-09-20T18:47:01.944920+00:00
30497d5f-3201-4177-a026-c8d132aed98f,fUST,0.000131,2,3,-2576906.89108704,demand,2026-09-20T18:47:01.944920+00:00
30497d5f-3201-4177-a026-c8d132aed98f,fUST,0.00013,2,1,-1000.0,demand,2026-09-20T18:47:01.944920+00:00
30497d5f-3201-4177-a026-c8d132aed98f,fUST,0.00013,7,1,-1000.0,demand,2026-09-20T18:47:01.944920+00:00
30497d5f-3201-4177-a026-c8d132aed98f,fUST,0.00015105479452054793,2,1,427.07314483,offer,2026-09-20T18:47:01.944920+00:00
30497d5f-3201-4177-a026-c8d132aed98f,fUST,0.0001510556,2,1,6329.216841,offer,2026-09-20T18:47:01.944920+00:00
30497d5f-3201-4177-a026-c8d132aed98f,fUST,0.00015106,2,1,283.01,offer,2026-09-20T18:47:01.944920+00:00
30497d5f-3201-4177-a026-c8d132aed98f,fUST,0.00015277500000000001,7,2,573.11642989,offer,2026-09-20T18:47:01.944920+00:00
30497d5f-3201-4177-a026-c8d132aed98f,fUST,0.000154,2,1,3387.59573296,offer,2026-09-20T18:47:01.944920+00:00
30497d5f-3201-4177-a026-c8d132aed98f,fUST,0.0001543105479452055,2,15,6691.07839495,offer,2026-09-20T18:47:01.944920+00:00
30497d5f-3201-4177-a026-c8d132aed98f,fUST,0.00015432,2,1,500.0,offer,2026-09-20T18:47:01.944920+00:00
30497d5f-3201-4177-a026-c8d132aed98f,fUST,0.00015432054794520548,2,1,50000.0,offer,2026-09-20T18:47:01.944920+00:00
30497d5f-3201-4177-a026-c8d132aed98f,fUST,0.00015432876712328768,2,1,500.0,offer,2026-09-20T18:47:01.944920+00:00
30497d5f-3201-4177-a026-c8d132aed98f,fUST,0.00015433,2,33,15873.01350971,offer,2026-09-20T18:47:01.944920+00:00
30497d5f-3201-4177-a026-c8d132aed98f,fUST,0.00015661,2,1,203.333669,offer,2026-09-20T18:47:01.944920+00:00
30497d5f-3201-4177-a026-c8d132aed98f,fUST,0.00015697,3,3,1528.37,offer,2026-09-20T18:47:01.944920+00:00
30497d5f-3201-4177-a026-c8d132aed98f,fUST,0.00015704,2,13,6500.0,offer,2026-09-20T18:47:01.944920+00:00
30497d5f-3201-4177-a026-c8d132aed98f,fUST,0.00015704931506849314,2,12,201776.20785357,offer,2026-09-20T18:47:01.944920+00:00
30497d5f-3201-4177-a026-c8d132aed98f,fUST,0.00015705,2,3,1500.0,offer,2026-09-20T18:47:01.944920+00:00
30497d5f-3201-4177-a026-c8d132aed98f,fUST,0.00015706,2,7,3500.0,offer,2026-09-20T18:47:01.944920+00:00
30497d5f-3201-4177-a026-c8d132aed98f,fUST,0.00015706027397260273,2,1,407.9522472,offer,2026-09-20T18:47:01.944920+00:00
30497d5f-3201-4177-a026-c8d132aed98f,fUST,0.00015706849315068493,2,1,500.0,offer,2026-09-20T18:47:01.944920+00:00
30497d5f-3201-4177-a026-c8d132aed98f,fUST,0.00015707,2,15,4500.0,offer,2026-09-20T18:47:01.944920+00:00
30497d5f-3201-4177-a026-c8d132aed98f,fUST,0.00015714000000000003,7,1,195.32573647,offer,2026-09-20T18:47:01.944920+00:00
30497d5f-3201-4177-a026-c8d132aed98f,fUST,0.00015924,2,1,500.0,offer,2026-09-20T18:47:01.944920+00:00
30497d5f-3201-4177-a026-c8d132aed98f,fUST,0.00015925058475851905,2,1,11171.91005004,offer,2026-09-20T18:47:01.944920+00:00
30497d5f-3201-4177-a026-c8d132aed98f,fUST,0.0001598082191780822,2,1,500.0,offer,2026-09-20T18:47:01.944920+00:00
30497d5f-3201-4177-a026-c8d132aed98f,fUST,0.00015999,2,1,500.0,offer,2026-09-20T18:47:01.944920+00:00
30497d5f-3201-4177-a026-c8d132aed98f,fUST,0.00016,2,3,20048.14055837,offer,2026-09-20T18:47:01.944920+00:00
81339851-777c-4ddc-9ed6-141596ac22e2,fUST,0.0002671232876712329,120,1,-4071110.88521448,demand,2026-09-20T19:47:02.101463+00:00
81339851-777c-4ddc-9ed6-141596ac22e2,fUST,0.0002512958904109589,50,1,-4757313.17228858,demand,2026-09-20T19:47:02.101463+00:00
81339851-777c-4ddc-9ed6-141596ac22e2,fUST,0.0001601,29,1,-142064.334121,demand,2026-09-20T19:47:02.101463+00:00
81339851-777c-4ddc-9ed6-141596ac22e2,fUST,0.00016,60,18,-114200.828599,demand,2026-09-20T19:47:02.101463+00:00
81339851-777c-4ddc-9ed6-141596ac22e2,fUST,0.00016,30,1,-3277.4,demand,2026-09-20T19:47:02.101463+00:00
81339851-777c-4ddc-9ed6-141596ac22e2,fUST,0.0001555,13,1,-76480.42693075,demand,2026-09-20T19:47:02.101463+00:00
81339851-777c-4ddc-9ed6-141596ac22e2,fUST,0.000152,60,1,-28000.0,demand,2026-09-20T19:47:02.101463+00:00
81339851-777c-4ddc-9ed6-141596ac22e2,fUST,0.00015,120,1,-300000.0,demand,2026-09-20T19:47:02.101463+00:00
81339851-777c-4ddc-9ed6-141596ac22e2,fUST,0.00015,45,23,-138668.928077,demand,2026-09-20T19:47:02.101463+00:00
81339851-777c-4ddc-9ed6-141596ac22e2,fUST,0.00015,2,2,-1873742.70376096,demand,2026-09-20T19:47:02.101463+00:00
81339851-777c-4ddc-9ed6-141596ac22e2,fUST,0.00015,6,1,-15040.77725863,demand,2026-09-20T19:47:02.101463+00:00
81339851-777c-4ddc-9ed6-141596ac22e2,fUST,0.0001421,45,1,-10000.0,demand,2026-09-20T19:47:02.101463+00:00
81339851-777c-4ddc-9ed6-141596ac22e2,fUST,0.000142,45,2,-20000.0,demand,2026-09-20T19:47:02.101463+00:00
81339851-777c-4ddc-9ed6-141596ac22e2,fUST,0.00014099999999999998,2,1,-430878.79993114,demand,2026-09-20T19:47:02.101463+00:00
81339851-777c-4ddc-9ed6-141596ac22e2,fUST,0.0001401,13,1,-99488.31479105,demand,2026-09-20T19:47:02.101463+00:00
81339851-777c-4ddc-9ed6-141596ac22e2,fUST,0.0001401,2,1,-2000000.0,demand,2026-09-20T19:47:02.101463+00:00
81339851-777c-4ddc-9ed6-141596ac22e2,fUST,0.00014,7,1,-10000.0,demand,2026-09-20T19:47:02.101463+00:00
81339851-777c-4ddc-9ed6-141596ac22e2,fUST,0.0001361,30,23,-93124.47696771,demand,2026-09-20T19:47:02.101463+00:00
81339851-777c-4ddc-9ed6-141596ac22e2,fUST,0.000136,30,2,-14544.22120933,demand,2026-09-20T19:47:02.101463+00:00
81339851-777c-4ddc-9ed6-141596ac22e2,fUST,0.000132,30,1,-28000.0,demand,2026-09-20T19:47:02.101463+00:00
81339851-777c-4ddc-9ed6-141596ac22e2,fUST,0.00013103,2,1,-285058.62536861,demand,2026-09-20T19:47:02.101463+00:00
81339851-777c-4ddc-9ed6-141596ac22e2,fUST,0.00013102,2,1,-366829.49373192,demand,2026-09-20T19:47:02.101463+00:00
81339851-777c-4ddc-9ed6-141596ac22e2,fUST,0.000131,2,3,-2576906.89108704,demand,2026-09-20T19:47:02.101463+00:00
81339851-777c-4ddc-9ed6-141596ac22e2,fUST,0.00013,2,1,-1000.0,demand,2026-09-20T19:47:02.101463+00:00
81339851-777c-4ddc-9ed6-141596ac22e2,fUST,0.00013,7,1,-1000.0,demand,2026-09-20T19:47:02.101463+00:00
81339851-777c-4ddc-9ed6-141596ac22e2,fUST,0.00015068493150684933,7,1,169.57371376,offer,2026-09-20T19:47:02.101463+00:00
81339851-777c-4ddc-9ed6-141596ac22e2,fUST,0.0001536986301369863,7,2,377.36584108,offer,2026-09-20T19:47:02.101463+00:00
81339851-777c-4ddc-9ed6-141596ac22e2,fUST,0.00015499,2,2,1000.0,offer,2026-09-20T19:47:02.101463+00:00
81339851-777c-4ddc-9ed6-141596ac22e2,fUST,0.00015821917808219179,7,1,169.57371376,offer,2026-09-20T19:47:02.101463+00:00
81339851-777c-4ddc-9ed6-141596ac22e2,fUST,0.00016068493150684933,2,1,157.92335984,offer,2026-09-20T19:47:02.101463+00:00
81339851-777c-4ddc-9ed6-141596ac22e2,fUST,0.0001627397260273973,7,1,169.57371376,offer,2026-09-20T19:47:02.101463+00:00
81339851-777c-4ddc-9ed6-141596ac22e2,fUST,0.00016348598403687496,2,1,1559.9457988,offer,2026-09-20T19:47:02.101463+00:00
81339851-777c-4ddc-9ed6-141596ac22e2,fUST,0.00016367,2,2,815.95260421,offer,2026-09-20T19:47:02.101463+00:00
81339851-777c-4ddc-9ed6-141596ac22e2,fUST,0.00016377942274559132,2,1,449.33918985,offer,2026-09-20T19:47:02.101463+00:00
81339851-777c-4ddc-9ed6-141596ac22e2,fUST,0.000166032,2,1,181.94729,offer,2026-09-20T19:47:02.101463+00:00
81339851-777c-4ddc-9ed6-141596ac22e2,fUST,0.00016876712328767123,2,1,7956.40309147,offer,2026-09-20T19:47:02.101463+00:00
81339851-777c-4ddc-9ed6-141596ac22e2,fUST,0.00016876712328767126,7,1,169.57371378,offer,2026-09-20T19:47:02.101463+00:00
81339851-777c-4ddc-9ed6-141596ac22e2,fUST,0.00016921,2,10,5000.0,offer,2026-09-20T19:47:02.101463+00:00
81339851-777c-4ddc-9ed6-141596ac22e2,fUST,0.00016999,2,4,2000.0,offer,2026-09-20T19:47:02.101463+00:00
81339851-777c-4ddc-9ed6-141596ac22e2,fUST,0.00017021957499999997,2,2,705.24633224,offer,2026-09-20T19:47:02.101463+00:00
81339851-777c-4ddc-9ed6-141596ac22e2,fUST,0.00017095,2,1,500.0,offer,2026-09-20T19:47:02.101463+00:00
81339851-777c-4ddc-9ed6-141596ac22e2,fUST,0.00017256000000000001,2,1,633.5674319,offer,2026-09-20T19:47:02.101463+00:00
81339851-777c-4ddc-9ed6-141596ac22e2,fUST,0.00017258,2,15,4500.0,offer,2026-09-20T19:47:02.101463+00:00
81339851-777c-4ddc-9ed6-141596ac22e2,fUST,0.00017295957499999996,2,1,152.06931901,offer,2026-09-20T19:47:02.101463+00:00
81339851-777c-4ddc-9ed6-141596ac22e2,fUST,0.0001733772,2,1,271.534775,offer,2026-09-20T19:47:02.101463+00:00
81339851-777c-4ddc-9ed6-141596ac22e2,fUST,0.00017569957499999998,2,2,705.24633224,offer,2026-09-20T19:47:02.101463+00:00
81339851-777c-4ddc-9ed6-141596ac22e2,fUST,0.00017601,2,1,500.0,offer,2026-09-20T19:47:02.101463+00:00
81339851-777c-4ddc-9ed6-141596ac22e2,fUST,0.00017602,2,1,600.0,offer,2026-09-20T19:47:02.101463+00:00
81339851-777c-4ddc-9ed6-141596ac22e2,fUST,0.00017843957499999997,2,1,152.06931906,offer,2026-09-20T19:47:02.101463+00:00
81339851-777c-4ddc-9ed6-141596ac22e2,fUST,0.00017971,2,1,500.0,offer,2026-09-20T19:47:02.101463+00:00
c987d206-9919-43fd-ab29-9ca4b5df5026,fUST,0.0002671232876712329,120,1,-4069599.86405948,demand,2026-09-20T20:47:02.032946+00:00
c987d206-9919-43fd-ab29-9ca4b5df5026,fUST,0.0002515232876712329,50,1,-4756331.33292086,demand,2026-09-20T20:47:02.032946+00:00
c987d206-9919-43fd-ab29-9ca4b5df5026,fUST,0.0001601,29,1,-142064.334121,demand,2026-09-20T20:47:02.032946+00:00
c987d206-9919-43fd-ab29-9ca4b5df5026,fUST,0.00016,60,18,-114200.828599,demand,2026-09-20T20:47:02.032946+00:00
c987d206-9919-43fd-ab29-9ca4b5df5026,fUST,0.00016,30,1,-3277.4,demand,2026-09-20T20:47:02.032946+00:00
c987d206-9919-43fd-ab29-9ca4b5df5026,fUST,0.0001555,13,1,-76480.42693075,demand,2026-09-20T20:47:02.032946+00:00
c987d206-9919-43fd-ab29-9ca4b5df5026,fUST,0.000152,60,1,-28000.0,demand,2026-09-20T20:47:02.032946+00:00
c987d206-9919-43fd-ab29-9ca4b5df5026,fUST,0.00015,120,1,-300000.0,demand,2026-09-20T20:47:02.032946+00:00
c987d206-9919-43fd-ab29-9ca4b5df5026,fUST,0.00015,45,23,-138668.928077,demand,2026-09-20T20:47:02.032946+00:00
c987d206-9919-43fd-ab29-9ca4b5df5026,fUST,0.00015,2,2,-1650716.39694667,demand,2026-09-20T20:47:02.032946+00:00
c987d206-9919-43fd-ab29-9ca4b5df5026,fUST,0.00015,6,1,-14840.77725863,demand,2026-09-20T20:47:02.032946+00:00
c987d206-9919-43fd-ab29-9ca4b5df5026,fUST,0.0001421,45,1,-10000.0,demand,2026-09-20T20:47:02.032946+00:00
c987d206-9919-43fd-ab29-9ca4b5df5026,fUST,0.000142,45,2,-20000.0,demand,2026-09-20T20:47:02.032946+00:00
c987d206-9919-43fd-ab29-9ca4b5df5026,fUST,0.00014099999999999998,2,1,-430878.79993114,demand,2026-09-20T20:47:02.032946+00:00
c987d206-9919-43fd-ab29-9ca4b5df5026,fUST,0.0001401,13,1,-99488.31479105,demand,2026-09-20T20:47:02.032946+00:00
c987d206-9919-43fd-ab29-9ca4b5df5026,fUST,0.0001401,2,1,-2000000.0,demand,2026-09-20T20:47:02.032946+00:00
c987d206-9919-43fd-ab29-9ca4b5df5026,fUST,0.00014,7,1,-10000.0,demand,2026-09-20T20:47:02.032946+00:00
c987d206-9919-43fd-ab29-9ca4b5df5026,fUST,0.0001361,30,23,-93124.47696771,demand,2026-09-20T20:47:02.032946+00:00
c987d206-9919-43fd-ab29-9ca4b5df5026,fUST,0.000136,30,2,-14544.22120933,demand,2026-09-20T20:47:02.032946+00:00
c987d206-9919-43fd-ab29-9ca4b5df5026,fUST,0.000132,30,1,-28000.0,demand,2026-09-20T20:47:02.032946+00:00
c987d206-9919-43fd-ab29-9ca4b5df5026,fUST,0.00013103,2,1,-285058.62536861,demand,2026-09-20T20:47:02.032946+00:00
c987d206-9919-43fd-ab29-9ca4b5df5026,fUST,0.00013102,2,1,-366829.49373192,demand,2026-09-20T20:47:02.032946+00:00
c987d206-9919-43fd-ab29-9ca4b5df5026,fUST,0.000131,2,3,-2576906.89108704,demand,2026-09-20T20:47:02.032946+00:00
c987d206-9919-43fd-ab29-9ca4b5df5026,fUST,0.00013,2,1,-1000.0,demand,2026-09-20T20:47:02.032946+00:00
c987d206-9919-43fd-ab29-9ca4b5df5026,fUST,0.00013,7,1,-1000.0,demand,2026-09-20T20:47:02.032946+00:00
c987d206-9919-43fd-ab29-9ca4b5df5026,fUST,0.00015068,2,1,263.33,offer,2026-09-20T20:47:02.032946+00:00
c987d206-9919-43fd-ab29-9ca4b5df5026,fUST,0.00015068493150684933,2,1,186.316777,offer,2026-09-20T20:47:02.032946+00:00
c987d206-9919-43fd-ab29-9ca4b5df5026,fUST,0.00015216986301369863,2,1,419.06552068,offer,2026-09-20T20:47:02.032946+00:00
c987d206-9919-43fd-ab29-9ca4b5df5026,fUST,0.00015217,2,2,316.14546221,offer,2026-09-20T20:47:02.032946+00:00
c987d206-9919-43fd-ab29-9ca4b5df5026,fUST,0.00015268666666666666,2,1,158.07273111,offer,2026-09-20T20:47:02.032946+00:00
c987d206-9919-43fd-ab29-9ca4b5df5026,fUST,0.00015320333333333335,2,1,158.07273111,offer,2026-09-20T20:47:02.032946+00:00
c987d206-9919-43fd-ab29-9ca4b5df5026,fUST,0.00015371,2,13,7343.98,offer,2026-09-20T20:47:02.032946+00:00
c987d206-9919-43fd-ab29-9ca4b5df5026,fUST,0.00015371,7,1,355.0,offer,2026-09-20T20:47:02.032946+00:00
c987d206-9919-43fd-ab29-9ca4b5df5026,fUST,0.00015372,2,4,1939.06105271,offer,2026-09-20T20:47:02.032946+00:00
c987d206-9919-43fd-ab29-9ca4b5df5026,fUST,0.00015372,3,3,919.03,offer,2026-09-20T20:47:02.032946+00:00
c987d206-9919-43fd-ab29-9ca4b5df5026,fUST,0.0001538,2,7,6570.08400707,offer,2026-09-20T20:47:02.032946+00:00
c987d206-9919-43fd-ab29-9ca4b5df5026,fUST,0.0001538091780821918,2,2,679.07548159,offer,2026-09-20T20:47:02.032946+00:00
c987d206-9919-43fd-ab29-9ca4b5df5026,fUST,0.00015381,4,1,154.21690914,offer,2026-09-20T20:47:02.032946+00:00
c987d206-9919-43fd-ab29-9ca4b5df5026,fUST,0.00015381,2,19,26463.89,offer,2026-09-20T20:47:02.032946+00:00
c987d206-9919-43fd-ab29-9ca4b5df5026,fUST,0.0001538191780821918,2,12,191410.46505213,offer,2026-09-20T20:47:02.032946+00:00
c987d206-9919-43fd-ab29-9ca4b5df5026,fUST,0.00015382,2,1,458.63550243,offer,2026-09-20T20:47:02.032946+00:00
c987d206-9919-43fd-ab29-9ca4b5df5026,fUST,0.00015454,2,1,314.23769098,offer,2026-09-20T20:47:02.032946+00:00
c987d206-9919-43fd-ab29-9ca4b5df5026,fUST,0.00015454558516825312,2,1,14709.22649831,offer,2026-09-20T20:47:02.032946+00:00
c987d206-9919-43fd-ab29-9ca4b5df5026,fUST,0.00015499,2,4,4144.13,offer,2026-09-20T20:47:02.032946+00:00
c987d206-9919-43fd-ab29-9ca4b5df5026,fUST,0.000155,2,1,4845.35845921,offer,2026-09-20T20:47:02.032946+00:00
c987d206-9919-43fd-ab29-9ca4b5df5026,fUST,0.0001552134,7,1,251.88734456,offer,2026-09-20T20:47:02.032946+00:00
c987d206-9919-43fd-ab29-9ca4b5df5026,fUST,0.00015523379999999998,7,2,523.19833876,offer,2026-09-20T20:47:02.032946+00:00
c987d206-9919-43fd-ab29-9ca4b5df5026,fUST,0.00015645,7,1,212.523125,offer,2026-09-20T20:47:02.032946+00:00
c987d206-9919-43fd-ab29-9ca4b5df5026,fUST,0.00015655890410958904,2,1,500.0,offer,2026-09-20T20:47:02.032946+00:00
c987d206-9919-43fd-ab29-9ca4b5df5026,fUST,0.0001567944,3,1,233.03888494,offer,2026-09-20T20:47:02.032946+00:00
5a45e0eb-fbad-4b6d-a650-0789f70e9a3d,fUST,0.0002671232876712329,120,1,-4066540.87496826,demand,2026-09-20T21:47:01.793647+00:00
5a45e0eb-fbad-4b6d-a650-0789f70e9a3d,fUST,0.0002514301369863014,50,1,-4756331.33292086,demand,2026-09-20T21:47:01.793647+00:00
5a45e0eb-fbad-4b6d-a650-0789f70e9a3d,fUST,0.0001601,29,1,-142064.334121,demand,2026-09-20T21:47:01.793647+00:00
5a45e0eb-fbad-4b6d-a650-0789f70e9a3d,fUST,0.00016,60,18,-114200.828599,demand,2026-09-20T21:47:01.793647+00:00
5a45e0eb-fbad-4b6d-a650-0789f70e9a3d,fUST,0.00016,30,1,-3277.4,demand,2026-09-20T21:47:01.793647+00:00
5a45e0eb-fbad-4b6d-a650-0789f70e9a3d,fUST,0.0001555,13,1,-62620.18709144,demand,2026-09-20T21:47:01.793647+00:00
5a45e0eb-fbad-4b6d-a650-0789f70e9a3d,fUST,0.000152,60,1,-28000.0,demand,2026-09-20T21:47:01.793647+00:00
5a45e0eb-fbad-4b6d-a650-0789f70e9a3d,fUST,0.00015,120,1,-300000.0,demand,2026-09-20T21:47:01.793647+00:00
5a45e0eb-fbad-4b6d-a650-0789f70e9a3d,fUST,0.00015,45,23,-138668.928077,demand,2026-09-20T21:47:01.793647+00:00
5a45e0eb-fbad-4b6d-a650-0789f70e9a3d,fUST,0.00015,2,2,-1615401.57261383,demand,2026-09-20T21:47:01.793647+00:00
5a45e0eb-fbad-4b6d-a650-0789f70e9a3d,fUST,0.00015,6,1,-14840.77725863,demand,2026-09-20T21:47:01.793647+00:00
5a45e0eb-fbad-4b6d-a650-0789f70e9a3d,fUST,0.0001421,45,1,-10000.0,demand,2026-09-20T21:47:01.793647+00:00
5a45e0eb-fbad-4b6d-a650-0789f70e9a3d,fUST,0.000142,45,2,-20000.0,demand,2026-09-20T21:47:01.793647+00:00
5a45e0eb-fbad-4b6d-a650-0789f70e9a3d,fUST,0.00014099999999999998,2,1,-430878.79993114,demand,2026-09-20T21:47:01.793647+00:00
5a45e0eb-fbad-4b6d-a650-0789f70e9a3d,fUST,0.0001401,13,1,-99488.31479105,demand,2026-09-20T21:47:01.793647+00:00
5a45e0eb-fbad-4b6d-a650-0789f70e9a3d,fUST,0.0001401,2,1,-2000000.0,demand,2026-09-20T21:47:01.793647+00:00
5a45e0eb-fbad-4b6d-a650-0789f70e9a3d,fUST,0.00014,7,1,-10000.0,demand,2026-09-20T21:47:01.793647+00:00
5a45e0eb-fbad-4b6d-a650-0789f70e9a3d,fUST,0.0001361,30,23,-93124.47696771,demand,2026-09-20T21:47:01.793647+00:00
5a45e0eb-fbad-4b6d-a650-0789f70e9a3d,fUST,0.000136,30,2,-14544.22120933,demand,2026-09-20T21:47:01.793647+00:00
5a45e0eb-fbad-4b6d-a650-0789f70e9a3d,fUST,0.000132,30,1,-28000.0,demand,2026-09-20T21:47:01.793647+00:00
5a45e0eb-fbad-4b6d-a650-0789f70e9a3d,fUST,0.00013103,2,1,-285058.62536861,demand,2026-09-20T21:47:01.793647+00:00
5a45e0eb-fbad-4b6d-a650-0789f70e9a3d,fUST,0.00013102,2,1,-366829.49373192,demand,2026-09-20T21:47:01.793647+00:00
5a45e0eb-fbad-4b6d-a650-0789f70e9a3d,fUST,0.000131,2,3,-2576906.89108704,demand,2026-09-20T21:47:01.793647+00:00
5a45e0eb-fbad-4b6d-a650-0789f70e9a3d,fUST,0.00013,2,1,-1000.0,demand,2026-09-20T21:47:01.793647+00:00
5a45e0eb-fbad-4b6d-a650-0789f70e9a3d,fUST,0.00013,7,1,-1000.0,demand,2026-09-20T21:47:01.793647+00:00
5a45e0eb-fbad-4b6d-a650-0789f70e9a3d,fUST,0.00015228,2,1,5000.0,offer,2026-09-20T21:47:01.793647+00:00
5a45e0eb-fbad-4b6d-a650-0789f70e9a3d,fUST,0.00015594,2,1,656.01198921,offer,2026-09-20T21:47:01.793647+00:00
5a45e0eb-fbad-4b6d-a650-0789f70e9a3d,fUST,0.00015694249374999995,2,1,500.0,offer,2026-09-20T21:47:01.793647+00:00
5a45e0eb-fbad-4b6d-a650-0789f70e9a3d,fUST,0.000159518,2,1,183.210082,offer,2026-09-20T21:47:01.793647+00:00
5a45e0eb-fbad-4b6d-a650-0789f70e9a3d,fUST,0.0001601845,2,1,292.2818302,offer,2026-09-20T21:47:01.793647+00:00
5a45e0eb-fbad-4b6d-a650-0789f70e9a3d,fUST,0.0001602821,2,2,324.48622733,offer,2026-09-20T21:47:01.793647+00:00
5a45e0eb-fbad-4b6d-a650-0789f70e9a3d,fUST,0.00016302209999999998,2,1,161.79735135,offer,2026-09-20T21:47:01.793647+00:00
5a45e0eb-fbad-4b6d-a650-0789f70e9a3d,fUST,0.00016576209999999997,2,1,162.68887599,offer,2026-09-20T21:47:01.793647+00:00
5a45e0eb-fbad-4b6d-a650-0789f70e9a3d,fUST,0.00017007,2,2,1000.0,offer,2026-09-20T21:47:01.793647+00:00
5a45e0eb-fbad-4b6d-a650-0789f70e9a3d,fUST,0.00017010787400000002,2,8,2374.2244538,offer,2026-09-20T21:47:01.793647+00:00
5a45e0eb-fbad-4b6d-a650-0789f70e9a3d,fUST,0.0001702,2,10,4224.37276432,offer,2026-09-20T21:47:01.793647+00:00
5a45e0eb-fbad-4b6d-a650-0789f70e9a3d,fUST,0.00017020000000000002,2,1,156.92037281,offer,2026-09-20T21:47:01.793647+00:00
5a45e0eb-fbad-4b6d-a650-0789f70e9a3d,fUST,0.00017021,2,7,63760.67758053,offer,2026-09-20T21:47:01.793647+00:00
5a45e0eb-fbad-4b6d-a650-0789f70e9a3d,fUST,0.00017022,2,2,2376.69164938,offer,2026-09-20T21:47:01.793647+00:00
5a45e0eb-fbad-4b6d-a650-0789f70e9a3d,fUST,0.00017044529600000004,7,1,677.69364134,offer,2026-09-20T21:47:01.793647+00:00
5a45e0eb-fbad-4b6d-a650-0789f70e9a3d,fUST,0.00017044657534246574,7,1,500.0,offer,2026-09-20T21:47:01.793647+00:00
5a45e0eb-fbad-4b6d-a650-0789f70e9a3d,fUST,0.00017086,2,11,4107.14449828,offer,2026-09-20T21:47:01.793647+00:00
5a45e0eb-fbad-4b6d-a650-0789f70e9a3d,fUST,0.00017124209999999998,2,1,162.68887599,offer,2026-09-20T21:47:01.793647+00:00
5a45e0eb-fbad-4b6d-a650-0789f70e9a3d,fUST,0.000172847874,2,1,155.39043167,offer,2026-09-20T21:47:01.793647+00:00
5a45e0eb-fbad-4b6d-a650-0789f70e9a3d,fUST,0.00017318630136986302,7,1,500.0,offer,2026-09-20T21:47:01.793647+00:00
5a45e0eb-fbad-4b6d-a650-0789f70e9a3d,fUST,0.0001736,2,17,4802.0,offer,2026-09-20T21:47:01.793647+00:00
5a45e0eb-fbad-4b6d-a650-0789f70e9a3d,fUST,0.000174320843989606,2,1,252.03878447,offer,2026-09-20T21:47:01.793647+00:00
5a45e0eb-fbad-4b6d-a650-0789f70e9a3d,fUST,0.0001753291666666667,2,1,1022.0,offer,2026-09-20T21:47:01.793647+00:00
5a45e0eb-fbad-4b6d-a650-0789f70e9a3d,fUST,0.000175587874,2,8,2400.1268669,offer,2026-09-20T21:47:01.793647+00:00
5a45e0eb-fbad-4b6d-a650-0789f70e9a3d,fUST,0.00017559,2,1,163.621359,offer,2026-09-20T21:47:01.793647+00:00
9e08d68b-8caa-402f-8c33-94c06ba57e5c,fUST,0.0002671232876712329,120,1,-4065974.37496826,demand,2026-09-20T22:47:02.028198+00:00
9e08d68b-8caa-402f-8c33-94c06ba57e5c,fUST,0.0002511698630136986,50,1,-4756331.33292086,demand,2026-09-20T22:47:02.028198+00:00
9e08d68b-8caa-402f-8c33-94c06ba57e5c,fUST,0.0001601,29,1,-142064.334121,demand,2026-09-20T22:47:02.028198+00:00
9e08d68b-8caa-402f-8c33-94c06ba57e5c,fUST,0.00016,60,18,-114200.828599,demand,2026-09-20T22:47:02.028198+00:00
9e08d68b-8caa-402f-8c33-94c06ba57e5c,fUST,0.00016,30,1,-3277.4,demand,2026-09-20T22:47:02.028198+00:00
9e08d68b-8caa-402f-8c33-94c06ba57e5c,fUST,0.0001555,13,1,-62620.18709144,demand,2026-09-20T22:47:02.028198+00:00
9e08d68b-8caa-402f-8c33-94c06ba57e5c,fUST,0.000152,60,1,-28000.0,demand,2026-09-20T22:47:02.028198+00:00
9e08d68b-8caa-402f-8c33-94c06ba57e5c,fUST,0.00015,120,1,-300000.0,demand,2026-09-20T22:47:02.028198+00:00
9e08d68b-8caa-402f-8c33-94c06ba57e5c,fUST,0.00015,45,23,-138668.928077,demand,2026-09-20T22:47:02.028198+00:00
9e08d68b-8caa-402f-8c33-94c06ba57e5c,fUST,0.00015,2,1,-10000.0,demand,2026-09-20T22:47:02.028198+00:00
9e08d68b-8caa-402f-8c33-94c06ba57e5c,fUST,0.00015,6,1,-14840.77725863,demand,2026-09-20T22:47:02.028198+00:00
9e08d68b-8caa-402f-8c33-94c06ba57e5c,fUST,0.0001421,45,1,-10000.0,demand,2026-09-20T22:47:02.028198+00:00
9e08d68b-8caa-402f-8c33-94c06ba57e5c,fUST,0.000142,45,2,-20000.0,demand,2026-09-20T22:47:02.028198+00:00
9e08d68b-8caa-402f-8c33-94c06ba57e5c,fUST,0.00014099999999999998,2,1,-430623.02672774,demand,2026-09-20T22:47:02.028198+00:00
9e08d68b-8caa-402f-8c33-94c06ba57e5c,fUST,0.0001401,13,1,-99488.31479105,demand,2026-09-20T22:47:02.028198+00:00
9e08d68b-8caa-402f-8c33-94c06ba57e5c,fUST,0.0001401,2,1,-2000000.0,demand,2026-09-20T22:47:02.028198+00:00
9e08d68b-8caa-402f-8c33-94c06ba57e5c,fUST,0.00014,7,1,-10000.0,demand,2026-09-20T22:47:02.028198+00:00
9e08d68b-8caa-402f-8c33-94c06ba57e5c,fUST,0.0001361,30,23,-93124.47696771,demand,2026-09-20T22:47:02.028198+00:00
9e08d68b-8caa-402f-8c33-94c06ba57e5c,fUST,0.000136,30,2,-14544.22120933,demand,2026-09-20T22:47:02.028198+00:00
9e08d68b-8caa-402f-8c33-94c06ba57e5c,fUST,0.000132,30,1,-28000.0,demand,2026-09-20T22:47:02.028198+00:00
9e08d68b-8caa-402f-8c33-94c06ba57e5c,fUST,0.00013103,2,1,-285058.62536861,demand,2026-09-20T22:47:02.028198+00:00
9e08d68b-8caa-402f-8c33-94c06ba57e5c,fUST,0.00013102,2,1,-366829.49373192,demand,2026-09-20T22:47:02.028198+00:00
9e08d68b-8caa-402f-8c33-94c06ba57e5c,fUST,0.000131,2,3,-2576906.89108704,demand,2026-09-20T22:47:02.028198+00:00
9e08d68b-8caa-402f-8c33-94c06ba57e5c,fUST,0.00013,2,1,-1000.0,demand,2026-09-20T22:47:02.028198+00:00
9e08d68b-8caa-402f-8c33-94c06ba57e5c,fUST,0.00013,7,1,-1000.0,demand,2026-09-20T22:47:02.028198+00:00
9e08d68b-8caa-402f-8c33-94c06ba57e5c,fUST,0.00017,2,1,2076.942222,offer,2026-09-20T22:47:02.028198+00:00
9e08d68b-8caa-402f-8c33-94c06ba57e5c,fUST,0.0001762766,2,1,159.89,offer,2026-09-20T22:47:02.028198+00:00
9e08d68b-8caa-402f-8c33-94c06ba57e5c,fUST,0.0001811544,2,1,177.540502,offer,2026-09-20T22:47:02.028198+00:00
9e08d68b-8caa-402f-8c33-94c06ba57e5c,fUST,0.0001816411,2,1,918.9533718,offer,2026-09-20T22:47:02.028198+00:00
9e08d68b-8caa-402f-8c33-94c06ba57e5c,fUST,0.0001849353,2,1,242.2598126,offer,2026-09-20T22:47:02.028198+00:00
9e08d68b-8caa-402f-8c33-94c06ba57e5c,fUST,0.00018788710006,2,2,471.26076793,offer,2026-09-20T22:47:02.028198+00:00
9e08d68b-8caa-402f-8c33-94c06ba57e5c,fUST,0.000188,2,1,11183.64589952,offer,2026-09-20T22:47:02.028198+00:00
9e08d68b-8caa-402f-8c33-94c06ba57e5c,fUST,0.00019,2,1,580.67938424,offer,2026-09-20T22:47:02.028198+00:00
9e08d68b-8caa-402f-8c33-94c06ba57e5c,fUST,0.0001900886301369863,2,2,825.72340695,offer,2026-09-20T22:47:02.028198+00:00
9e08d68b-8caa-402f-8c33-94c06ba57e5c,fUST,0.000190098,2,3,1418.312,offer,2026-09-20T22:47:02.028198+00:00
9e08d68b-8caa-402f-8c33-94c06ba57e5c,fUST,0.0001900986301369863,2,1,5186.1011422,offer,2026-09-20T22:47:02.028198+00:00
9e08d68b-8caa-402f-8c33-94c06ba57e5c,fUST,0.00019095890410958903,3,1,240.0,offer,2026-09-20T22:47:02.028198+00:00
9e08d68b-8caa-402f-8c33-94c06ba57e5c,fUST,0.00019171752974840684,2,1,221.57289823,offer,2026-09-20T22:47:02.028198+00:00
9e08d68b-8caa-402f-8c33-94c06ba57e5c,fUST,0.0001917288709750123,2,2,320.0,offer,2026-09-20T22:47:02.028198+00:00
9e08d68b-8caa-402f-8c33-94c06ba57e5c,fUST,0.00019198999999999998,2,1,156.10441109,offer,2026-09-20T22:47:02.028198+00:00
9e08d68b-8caa-402f-8c33-94c06ba57e5c,fUST,0.00019217271643399178,2,1,417.15472785,offer,2026-09-20T22:47:02.028198+00:00
9e08d68b-8caa-402f-8c33-94c06ba57e5c,fUST,0.00019217359936114244,2,1,160.0,offer,2026-09-20T22:47:02.028198+00:00
9e08d68b-8caa-402f-8c33-94c06ba57e5c,fUST,0.00019220865410958903,2,7,2990.09467082,offer,2026-09-20T22:47:02.028198+00:00
9e08d68b-8caa-402f-8c33-94c06ba57e5c,fUST,0.00019273266666666676,2,1,177.61815635,offer,2026-09-20T22:47:02.028198+00:00
9e08d68b-8caa-402f-8c33-94c06ba57e5c,fUST,0.00019336710005999998,2,2,471.26076794,offer,2026-09-20T22:47:02.028198+00:00
9e08d68b-8caa-402f-8c33-94c06ba57e5c,fUST,0.00019389,2,3,1243.79915593,offer,2026-09-20T22:47:02.028198+00:00
9e08d68b-8caa-402f-8c33-94c06ba57e5c,fUST,0.0001939,2,3,28278.3654557,offer,2026-09-20T22:47:02.028198+00:00
9e08d68b-8caa-402f-8c33-94c06ba57e5c,fUST,0.000194,2,3,1251.06744395,offer,2026-09-20T22:47:02.028198+00:00
9e08d68b-8caa-402f-8c33-94c06ba57e5c,fUST,0.00019472,2,1,167.42619544,offer,2026-09-20T22:47:02.028198+00:00
9e08d68b-8caa-402f-8c33-94c06ba57e5c,fUST,0.00019486,2,1,17336.36317166,offer,2026-09-20T22:47:02.028198+00:00
e1dc37bf-f910-411d-91e1-137c0e8ae761,fUST,0.0002671232876712329,120,1,-4065974.37496826,demand,2026-09-20T23:47:01.999907+00:00
e1dc37bf-f910-411d-91e1-137c0e8ae761,fUST,0.0002511753424657534,50,1,-4756331.33292086,demand,2026-09-20T23:47:01.999907+00:00
e1dc37bf-f910-411d-91e1-137c0e8ae761,fUST,0.0001601,29,1,-142064.334121,demand,2026-09-20T23:47:01.999907+00:00
e1dc37bf-f910-411d-91e1-137c0e8ae761,fUST,0.00016,60,18,-114200.828599,demand,2026-09-20T23:47:01.999907+00:00
e1dc37bf-f910-411d-91e1-137c0e8ae761,fUST,0.00016,30,1,-3277.4,demand,2026-09-20T23:47:01.999907+00:00
e1dc37bf-f910-411d-91e1-137c0e8ae761,fUST,0.0001555,13,1,-61283.55777498,demand,2026-09-20T23:47:01.999907+00:00
e1dc37bf-f910-411d-91e1-137c0e8ae761,fUST,0.000152,60,1,-28000.0,demand,2026-09-20T23:47:01.999907+00:00
e1dc37bf-f910-411d-91e1-137c0e8ae761,fUST,0.00015,120,1,-300000.0,demand,2026-09-20T23:47:01.999907+00:00
e1dc37bf-f910-411d-91e1-137c0e8ae761,fUST,0.00015,45,23,-138668.928077,demand,2026-09-20T23:47:01.999907+00:00
e1dc37bf-f910-411d-91e1-137c0e8ae761,fUST,0.00015,2,1,-10000.0,demand,2026-09-20T23:47:01.999907+00:00
e1dc37bf-f910-411d-91e1-137c0e8ae761,fUST,0.00015,6,1,-14840.77725863,demand,2026-09-20T23:47:01.999907+00:00
e1dc37bf-f910-411d-91e1-137c0e8ae761,fUST,0.0001421,45,1,-10000.0,demand,2026-09-20T23:47:01.999907+00:00
e1dc37bf-f910-411d-91e1-137c0e8ae761,fUST,0.000142,45,2,-20000.0,demand,2026-09-20T23:47:01.999907+00:00
e1dc37bf-f910-411d-91e1-137c0e8ae761,fUST,0.00014099999999999998,2,1,-430623.02672774,demand,2026-09-20T23:47:01.999907+00:00
e1dc37bf-f910-411d-91e1-137c0e8ae761,fUST,0.0001401,13,1,-99488.31479105,demand,2026-09-20T23:47:01.999907+00:00
e1dc37bf-f910-411d-91e1-137c0e8ae761,fUST,0.0001401,2,1,-2000000.0,demand,2026-09-20T23:47:01.999907+00:00
e1dc37bf-f910-411d-91e1-137c0e8ae761,fUST,0.00014,7,1,-10000.0,demand,2026-09-20T23:47:01.999907+00:00
e1dc37bf-f910-411d-91e1-137c0e8ae761,fUST,0.0001361,30,23,-93124.47696771,demand,2026-09-20T23:47:01.999907+00:00
e1dc37bf-f910-411d-91e1-137c0e8ae761,fUST,0.000136,30,2,-14544.22120933,demand,2026-09-20T23:47:01.999907+00:00
e1dc37bf-f910-411d-91e1-137c0e8ae761,fUST,0.000132,30,1,-28000.0,demand,2026-09-20T23:47:01.999907+00:00
e1dc37bf-f910-411d-91e1-137c0e8ae761,fUST,0.00013103,2,1,-285058.62536861,demand,2026-09-20T23:47:01.999907+00:00
e1dc37bf-f910-411d-91e1-137c0e8ae761,fUST,0.00013102,2,1,-366829.49373192,demand,2026-09-20T23:47:01.999907+00:00
e1dc37bf-f910-411d-91e1-137c0e8ae761,fUST,0.000131,2,3,-2576906.89108704,demand,2026-09-20T23:47:01.999907+00:00
e1dc37bf-f910-411d-91e1-137c0e8ae761,fUST,0.00013,2,1,-1000.0,demand,2026-09-20T23:47:01.999907+00:00
e1dc37bf-f910-411d-91e1-137c0e8ae761,fUST,0.00013,7,1,-1000.0,demand,2026-09-20T23:47:01.999907+00:00
e1dc37bf-f910-411d-91e1-137c0e8ae761,fUST,0.00015,2,4,14522.37182197,offer,2026-09-20T23:47:01.999907+00:00
e1dc37bf-f910-411d-91e1-137c0e8ae761,fUST,0.00015299,2,15,4500.0,offer,2026-09-20T23:47:01.999907+00:00
e1dc37bf-f910-411d-91e1-137c0e8ae761,fUST,0.0001575,2,2,697.37,offer,2026-09-20T23:47:01.999907+00:00
e1dc37bf-f910-411d-91e1-137c0e8ae761,fUST,0.000165,2,1,317.59,offer,2026-09-20T23:47:01.999907+00:00
e1dc37bf-f910-411d-91e1-137c0e8ae761,fUST,0.0001851923,2,1,379.77,offer,2026-09-20T23:47:01.999907+00:00
e1dc37bf-f910-411d-91e1-137c0e8ae761,fUST,0.0001855,7,1,700.0,offer,2026-09-20T23:47:01.999907+00:00
e1dc37bf-f910-411d-91e1-137c0e8ae761,fUST,0.00018805500041415695,2,4,958.72762608,offer,2026-09-20T23:47:01.999907+00:00
e1dc37bf-f910-411d-91e1-137c0e8ae761,fUST,0.0001895890410958904,3,1,209.0,offer,2026-09-20T23:47:01.999907+00:00
e1dc37bf-f910-411d-91e1-137c0e8ae761,fUST,0.00019044,2,1,151.0,offer,2026-09-20T23:47:01.999907+00:00
e1dc37bf-f910-411d-91e1-137c0e8ae761,fUST,0.000191268,2,2,640.001,offer,2026-09-20T23:47:01.999907+00:00
e1dc37bf-f910-411d-91e1-137c0e8ae761,fUST,0.000192165397260274,2,5,1123.16158465,offer,2026-09-20T23:47:01.999907+00:00
e1dc37bf-f910-411d-91e1-137c0e8ae761,fUST,0.00019381583333333332,2,1,232.47625778,offer,2026-09-20T23:47:01.999907+00:00
e1dc37bf-f910-411d-91e1-137c0e8ae761,fUST,0.00019702,2,1,219.48,offer,2026-09-20T23:47:01.999907+00:00
e1dc37bf-f910-411d-91e1-137c0e8ae761,fUST,0.00019702,6,1,1009.99033092,offer,2026-09-20T23:47:01.999907+00:00
e1dc37bf-f910-411d-91e1-137c0e8ae761,fUST,0.0001992958333333333,2,1,232.47625778,offer,2026-09-20T23:47:01.999907+00:00
e1dc37bf-f910-411d-91e1-137c0e8ae761,fUST,0.00019989,3,1,414.34,offer,2026-09-20T23:47:01.999907+00:00
e1dc37bf-f910-411d-91e1-137c0e8ae761,fUST,0.00019998,2,7,2047.58642136,offer,2026-09-20T23:47:01.999907+00:00
e1dc37bf-f910-411d-91e1-137c0e8ae761,fUST,0.00019999,2,1,1125259.08881423,offer,2026-09-20T23:47:01.999907+00:00
e1dc37bf-f910-411d-91e1-137c0e8ae761,fUST,0.00019999,11,1,258.15218332,offer,2026-09-20T23:47:01.999907+00:00
e1dc37bf-f910-411d-91e1-137c0e8ae761,fUST,0.0001999901,2,7,3744.58,offer,2026-09-20T23:47:01.999907+00:00
e1dc37bf-f910-411d-91e1-137c0e8ae761,fUST,0.0002,2,4,677.53010505,offer,2026-09-20T23:47:01.999907+00:00
e1dc37bf-f910-411d-91e1-137c0e8ae761,fUST,0.00020064191780821917,2,5,2246.32316929,offer,2026-09-20T23:47:01.999907+00:00
e1dc37bf-f910-411d-91e1-137c0e8ae761,fUST,0.0002016682785,2,1,542.849276,offer,2026-09-20T23:47:01.999907+00:00
e1dc37bf-f910-411d-91e1-137c0e8ae761,fUST,0.0002047758333333333,2,1,232.47625778,offer,2026-09-20T23:47:01.999907+00:00
e1dc37bf-f910-411d-91e1-137c0e8ae761,fUST,0.00020577,2,5,3924.0,offer,2026-09-20T23:47:01.999907+00:00
