run_id,market,rate,period,count,amount,side,fetched_at
1d31f993-2aca-4253-92ca-8cc3b6af4d3e,fUSD,0.000273972602739726,120,1,-1558885.14765194,demand,2026-08-31T00:47:00.782798+00:00
1d31f993-2aca-4253-92ca-8cc3b6af4d3e,fUSD,0.00022,30,1,-30100.0,demand,2026-08-31T00:47:00.782798+00:00
1d31f993-2aca-4253-92ca-8cc3b6af4d3e,fUSD,0.00021,30,1,-30000.0,demand,2026-08-31T00:47:00.782798+00:00
1d31f993-2aca-4253-92ca-8cc3b6af4d3e,fUSD,0.000209,30,1,-6289.12258117,demand,2026-08-31T00:47:00.782798+00:00
1d31f993-2aca-4253-92ca-8cc3b6af4d3e,fUSD,0.0002,7,1,-150.0,demand,2026-08-31T00:47:00.782798+00:00
1d31f993-2aca-4253-92ca-8cc3b6af4d3e,fUSD,0.00018010999999999998,120,1,-133240.73391109,demand,2026-08-31T00:47:00.782798+00:00
1d31f993-2aca-4253-92ca-8cc3b6af4d3e,fUSD,0.0001777,120,1,-23123.30278361,demand,2026-08-31T00:47:00.782798+00:00
1d31f993-2aca-4253-92ca-8cc3b6af4d3e,fUSD,0.000174,120,1,-12350.0,demand,2026-08-31T00:47:00.782798+00:00
1d31f993-2aca-4253-92ca-8cc3b6af4d3e,fUSD,0.0001713,120,1,-14000.0,demand,2026-08-31T00:47:00.782798+00:00
1d31f993-2aca-4253-92ca-8cc3b6af4d3e,fUSD,0.0001712,120,1,-20000.0,demand,2026-08-31T00:47:00.782798+00:00
1d31f993-2aca-4253-92ca-8cc3b6af4d3e,fUSD,0.00017111,120,1,-2000000.0,demand,2026-08-31T00:47:00.782798+00:00
1d31f993-2aca-4253-92ca-8cc3b6af4d3e,fUSD,0.00016,120,2,-10009162.66122322,demand,2026-08-31T00:47:00.782798+00:00
1d31f993-2aca-4253-92ca-8cc3b6af4d3e,fUSD,0.00016,2,1,-1904970.4481326,demand,2026-08-31T00:47:00.782798+00:00
1d31f993-2aca-4253-92ca-8cc3b6af4d3e,fUSD,0.00015110000000000001,2,1,-3800.0,demand,2026-08-31T00:47:00.782798+00:00
1d31f993-2aca-4253-92ca-8cc3b6af4d3e,fUSD,0.000151,120,1,-10000.0,demand,2026-08-31T00:47:00.782798+00:00
1d31f993-2aca-4253-92ca-8cc3b6af4d3e,fUSD,0.0001502,60,1,-20000.0,demand,2026-08-31T00:47:00.782798+00:00
1d31f993-2aca-4253-92ca-8cc3b6af4d3e,fUSD,0.00015011,2,1,-3000000.0,demand,2026-08-31T00:47:00.782798+00:00
1d31f993-2aca-4253-92ca-8cc3b6af4d3e,fUSD,0.00015,90,1,-19550.75,demand,2026-08-31T00:47:00.782798+00:00
1d31f993-2aca-4253-92ca-8cc3b6af4d3e,fUSD,0.00015,29,1,-91297.81113844,demand,2026-08-31T00:47:00.782798+00:00
1d31f993-2aca-4253-92ca-8cc3b6af4d3e,fUSD,0.00015,120,1,-500.0,demand,2026-08-31T00:47:00.782798+00:00
1d31f993-2aca-4253-92ca-8cc3b6af4d3e,fUSD,0.00015,2,2,-2010000.0,demand,2026-08-31T00:47:00.782798+00:00
1d31f993-2aca-4253-92ca-8cc3b6af4d3e,fUSD,0.000145,7,1,-190.0,demand,2026-08-31T00:47:00.782798+00:00
1d31f993-2aca-4253-92ca-8cc3b6af4d3e,fUSD,0.00014252,120,1,-10770.76644364,demand,2026-08-31T00:47:00.782798+00:00
1d31f993-2aca-4253-92ca-8cc3b6af4d3e,fUSD,0.00014120000000000002,30,1,-13500.0,demand,2026-08-31T00:47:00.782798+00:00
1d31f993-2aca-4253-92ca-8cc3b6af4d3e,fUSD,0.0001342001,2,1,-107726.0685852,demand,2026-08-31T00:47:00.782798+00:00
1d31f993-2aca-4253-92ca-8cc3b6af4d3e,fUSD,0.000201756164,7,1,500.0,offer,2026-08-31T00:47:00.782798+00:00
1d31f993-2aca-4253-92ca-8cc3b6af4d3e,fUSD,0.00020196,7,1,257.09334136,offer,2026-08-31T00:47:00.782798+00:00
1d31f993-2aca-4253-92ca-8cc3b6af4d3e,fUSD,0.0002079,2,1,170.54319959,offer,2026-08-31T00:47:00.782798+00:00
1d31f993-2aca-4253-92ca-8cc3b6af4d3e,fUSD,0.00021384,7,1,385.64001208,offer,2026-08-31T00:47:00.782798+00:00
1d31f993-2aca-4253-92ca-8cc3b6af4d3e,fUSD,0.000216,5,1,5527.0,offer,2026-08-31T00:47:00.782798+00:00
1d31f993-2aca-4253-92ca-8cc3b6af4d3e,fUSD,0.0002269107,2,1,1473.04,offer,2026-08-31T00:47:00.782798+00:00
1d31f993-2aca-4253-92ca-8cc3b6af4d3e,fUSD,0.00022704,2,1,186.593058,offer,2026-08-31T00:47:00.782798+00:00
1d31f993-2aca-4253-92ca-8cc3b6af4d3e,fUSD,0.0002272,2,1,3002.06,offer,2026-08-31T00:47:00.782798+00:00
1d31f993-2aca-4253-92ca-8cc3b6af4d3e,fUSD,0.00022803835616438354,2,1,370.41664698,offer,2026-08-31T00:47:00.782798+00:00
1d31f993-2aca-4253-92ca-8cc3b6af4d3e,fUSD,0.00022888767123287667,2,1,94.36282857,offer,2026-08-31T00:47:00.782798+00:00
1d31f993-2aca-4253-92ca-8cc3b6af4d3e,fUSD,0.0002299234,2,1,150.0,offer,2026-08-31T00:47:00.782798+00:00
1d31f993-2aca-4253-92ca-8cc3b6af4d3e,fUSD,0.00023117,2,1,190.65,offer,2026-08-31T00:47:00.782798+00:00
1d31f993-2aca-4253-92ca-8cc3b6af4d3e,fUSD,0.0002313,2,1,494.188805,offer,2026-08-31T00:47:00.782798+00:00
1d31f993-2aca-4253-92ca-8cc3b6af4d3e,fUSD,0.0002324341,2,1,493.33,offer,2026-08-31T00:47:00.782798+00:00
1d31f993-2aca-4253-92ca-8cc3b6af4d3e,fUSD,0.0002332838,2,1,161.95,offer,2026-08-31T00:47:00.782798+00:00
1d31f993-2aca-4253-92ca-8cc3b6af4d3e,fUSD,0.0002341890410958904,2,1,163.8148509,offer,2026-08-31T00:47:00.782798+00:00
1d31f993-2aca-4253-92ca-8cc3b6af4d3e,fUSD,0.0002344143107184514,2,1,150.0,offer,2026-08-31T00:47:00.782798+00:00
1d31f993-2aca-4253-92ca-8cc3b6af4d3e,fUSD,0.0002346767,2,1,1319.03,offer,2026-08-31T00:47:00.782798+00:00
1d31f993-2aca-4253-92ca-8cc3b6af4d3e,fUSD,0.000235,2,1,1019.0,offer,2026-08-31T00:47:00.782798+00:00
1d31f993-2aca-4253-92ca-8cc3b6af4d3e,fUSD,0.00023511270000000002,2,2,384.52204436,offer,2026-08-31T00:47:00.782798+00:00
1d31f993-2aca-4253-92ca-8cc3b6af4d3e,fUSD,0.0002351227,2,1,5000.0,offer,2026-08-31T00:47:00.782798+00:00
1d31f993-2aca-4253-92ca-8cc3b6af4d3e,fUSD,0.00023516178082191782,7,1,151.0,offer,2026-08-31T00:47:00.782798+00:00
1d31f993-2aca-4253-92ca-8cc3b6af4d3e,fUSD,0.00023519,3,1,153.0,offer,2026-08-31T00:47:00.782798+00:00
1d31f993-2aca-4253-92ca-8cc3b6af4d3e,fUSD,0.000235192925,2,16,146842.58967961,offer,2026-08-31T00:47:00.782798+00:00
1d31f993-2aca-4253-92ca-8cc3b6af4d3e,fUSD,0.00023533,2,1,3668.08487556,offer,2026-08-31T00:47:00.782798+00:00
fd44dda9-9d62-4d20-87a2-a7ba4c12b2b5,fUSD,0.000273972602739726,120,1,-1550499.97519586,demand,2026-08-31T01:47:00.712868+00:00
fd44dda9-9d62-4d20-87a2-a7ba4c12b2b5,fUSD,0.00022,30,1,-30100.0,demand,2026-08-31T01:47:00.712868+00:00
fd44dda9-9d62-4d20-87a2-a7ba4c12b2b5,fUSD,0.00021,30,1,-30000.0,demand,2026-08-31T01:47:00.712868+00:00
fd44dda9-9d62-4d20-87a2-a7ba4c12b2b5,fUSD,0.000209,30,1,-6289.12258117,demand,2026-08-31T01:47:00.712868+00:00
fd44dda9-9d62-4d20-87a2-a7ba4c12b2b5,fUSD,0.0002,7,1,-150.0,demand,2026-08-31T01:47:00.712868+00:00
fd44dda9-9d62-4d20-87a2-a7ba4c12b2b5,fUSD,0.00018010999999999998,120,1,-133240.73391109,demand,2026-08-31T01:47:00.712868+00:00
fd44dda9-9d62-4d20-87a2-a7ba4c12b2b5,fUSD,0.0001777,120,1,-23123.30278361,demand,2026-08-31T01:47:00.712868+00:00
fd44dda9-9d62-4d20-87a2-a7ba4c12b2b5,fUSD,0.000174,120,1,-12350.0,demand,2026-08-31T01:47:00.712868+00:00
fd44dda9-9d62-4d20-87a2-a7ba4c12b2b5,fUSD,0.0001713,120,1,-14000.0,demand,2026-08-31T01:47:00.712868+00:00
fd44dda9-9d62-4d20-87a2-a7ba4c12b2b5,fUSD,0.0001712,120,1,-20000.0,demand,2026-08-31T01:47:00.712868+00:00
fd44dda9-9d62-4d20-87a2-a7ba4c12b2b5,fUSD,0.00017111,120,1,-2000000.0,demand,2026-08-31T01:47:00.712868+00:00
fd44dda9-9d62-4d20-87a2-a7ba4c12b2b5,fUSD,0.00016,120,2,-10009162.66122322,demand,2026-08-31T01:47:00.712868+00:00
fd44dda9-9d62-4d20-87a2-a7ba4c12b2b5,fUSD,0.00016,2,1,-1892932.72944875,demand,2026-08-31T01:47:00.712868+00:00
fd44dda9-9d62-4d20-87a2-a7ba4c12b2b5,fUSD,0.00015110000000000001,2,1,-3800.0,demand,2026-08-31T01:47:00.712868+00:00
fd44dda9-9d62-4d20-87a2-a7ba4c12b2b5,fUSD,0.000151,120,1,-10000.0,demand,2026-08-31T01:47:00.712868+00:00
fd44dda9-9d62-4d20-87a2-a7ba4c12b2b5,fUSD,0.0001502,60,1,-20000.0,demand,2026-08-31T01:47:00.712868+00:00
fd44dda9-9d62-4d20-87a2-a7ba4c12b2b5,fUSD,0.00015011,2,1,-3000000.0,demand,2026-08-31T01:47:00.712868+00:00
fd44dda9-9d62-4d20-87a2-a7ba4c12b2b5,fUSD,0.00015,90,1,-19550.75,demand,2026-08-31T01:47:00.712868+00:00
fd44dda9-9d62-4d20-87a2-a7ba4c12b2b5,fUSD,0.00015,29,1,-91297.81113844,demand,2026-08-31T01:47:00.712868+00:00
fd44dda9-9d62-4d20-87a2-a7ba4c12b2b5,fUSD,0.00015,120,1,-500.0,demand,2026-08-31T01:47:00.712868+00:00
fd44dda9-9d62-4d20-87a2-a7ba4c12b2b5,fUSD,0.00015,2,2,-2010000.0,demand,2026-08-31T01:47:00.712868+00:00
fd44dda9-9d62-4d20-87a2-a7ba4c12b2b5,fUSD,0.000145,7,1,-190.0,demand,2026-08-31T01:47:00.712868+00:00
fd44dda9-9d62-4d20-87a2-a7ba4c12b2b5,fUSD,0.00014252,120,1,-10770.76644364,demand,2026-08-31T01:47:00.712868+00:00
fd44dda9-9d62-4d20-87a2-a7ba4c12b2b5,fUSD,0.00014120000000000002,30,1,-13500.0,demand,2026-08-31T01:47:00.712868+00:00
fd44dda9-9d62-4d20-87a2-a7ba4c12b2b5,fUSD,0.0001342001,2,1,-107726.0685852,demand,2026-08-31T01:47:00.712868+00:00
fd44dda9-9d62-4d20-87a2-a7ba4c12b2b5,fUSD,0.0002163995445,2,1,191.04330659,offer,2026-08-31T01:47:00.712868+00:00
fd44dda9-9d62-4d20-87a2-a7ba4c12b2b5,fUSD,0.00022192,2,1,841.0,offer,2026-08-31T01:47:00.712868+00:00
fd44dda9-9d62-4d20-87a2-a7ba4c12b2b5,fUSD,0.00022192338900000003,2,14,6581.63531899,offer,2026-08-31T01:47:00.712868+00:00
fd44dda9-9d62-4d20-87a2-a7ba4c12b2b5,fUSD,0.00022194338900000002,2,4,1109.01169866,offer,2026-08-31T01:47:00.712868+00:00
fd44dda9-9d62-4d20-87a2-a7ba4c12b2b5,fUSD,0.000221953389,2,1,18531.53,offer,2026-08-31T01:47:00.712868+00:00
fd44dda9-9d62-4d20-87a2-a7ba4c12b2b5,fUSD,0.00022195338984,30,1,56.86180217,offer,2026-08-31T01:47:00.712868+00:00
fd44dda9-9d62-4d20-87a2-a7ba4c12b2b5,fUSD,0.00022416,2,1,150.0,offer,2026-08-31T01:47:00.712868+00:00
fd44dda9-9d62-4d20-87a2-a7ba4c12b2b5,fUSD,0.00022423497260273971,2,1,184.22159659,offer,2026-08-31T01:47:00.712868+00:00
fd44dda9-9d62-4d20-87a2-a7ba4c12b2b5,fUSD,0.0002244741,2,1,317.07,offer,2026-08-31T01:47:00.712868+00:00
fd44dda9-9d62-4d20-87a2-a7ba4c12b2b5,fUSD,0.0002245492802509589,30,1,218.57,offer,2026-08-31T01:47:00.712868+00:00
fd44dda9-9d62-4d20-87a2-a7ba4c12b2b5,fUSD,0.00022465753424657532,2,2,2039.77,offer,2026-08-31T01:47:00.712868+00:00
fd44dda9-9d62-4d20-87a2-a7ba4c12b2b5,fUSD,0.000225,2,1,243.0,offer,2026-08-31T01:47:00.712868+00:00
fd44dda9-9d62-4d20-87a2-a7ba4c12b2b5,fUSD,0.0002255251314517981,2,1,286.17631796,offer,2026-08-31T01:47:00.712868+00:00
fd44dda9-9d62-4d20-87a2-a7ba4c12b2b5,fUSD,0.00022638,2,1,151.0,offer,2026-08-31T01:47:00.712868+00:00
fd44dda9-9d62-4d20-87a2-a7ba4c12b2b5,fUSD,0.00022702,2,1,4527.72452626,offer,2026-08-31T01:47:00.712868+00:00
fd44dda9-9d62-4d20-87a2-a7ba4c12b2b5,fUSD,0.0002271451706619178,30,1,218.57,offer,2026-08-31T01:47:00.712868+00:00
fd44dda9-9d62-4d20-87a2-a7ba4c12b2b5,fUSD,0.00022717,2,1,199.0,offer,2026-08-31T01:47:00.712868+00:00
fd44dda9-9d62-4d20-87a2-a7ba4c12b2b5,fUSD,0.0002276219,2,1,317.07,offer,2026-08-31T01:47:00.712868+00:00
fd44dda9-9d62-4d20-87a2-a7ba4c12b2b5,fUSD,0.0002284658,2,1,159.8,offer,2026-08-31T01:47:00.712868+00:00
fd44dda9-9d62-4d20-87a2-a7ba4c12b2b5,fUSD,0.0002286677,2,1,188.3,offer,2026-08-31T01:47:00.712868+00:00
fd44dda9-9d62-4d20-87a2-a7ba4c12b2b5,fUSD,0.0002288684931506849,2,1,317.16666606,offer,2026-08-31T01:47:00.712868+00:00
fd44dda9-9d62-4d20-87a2-a7ba4c12b2b5,fUSD,0.00022888,2,1,162.66,offer,2026-08-31T01:47:00.712868+00:00
fd44dda9-9d62-4d20-87a2-a7ba4c12b2b5,fUSD,0.00022888,3,1,158.0,offer,2026-08-31T01:47:00.712868+00:00
fd44dda9-9d62-4d20-87a2-a7ba4c12b2b5,fUSD,0.00022888219178082193,2,1,1769.0,offer,2026-08-31T01:47:00.712868+00:00
fd44dda9-9d62-4d20-87a2-a7ba4c12b2b5,fUSD,0.0002288913,2,1,157.58,offer,2026-08-31T01:47:00.712868+00:00
ab00eb66-1ef9-423e-93f4-78dd54eb729f,fUSD,0.000273972602739726,120,1,-1531985.60885537,demand,2026-08-31T02:47:00.976339+00:00
ab00eb66-1ef9-423e-93f4-78dd54eb729f,fUSD,0.0002290131,2,1,-977.24473595,demand,2026-08-31T02:47:00.976339+00:00
ab00eb66-1ef9-423e-93f4-78dd54eb729f,fUSD,0.00022,30,1,-30100.0,demand,2026-08-31T02:47:00.976339+00:00
ab00eb66-1ef9-423e-93f4-78dd54eb729f,fUSD,0.00021,30,1,-30000.0,demand,2026-08-31T02:47:00.976339+00:00
ab00eb66-1ef9-423e-93f4-78dd54eb729f,fUSD,0.000209,30,1,-6289.12258117,demand,2026-08-31T02:47:00.976339+00:00
ab00eb66-1ef9-423e-93f4-78dd54eb729f,fUSD,0.0002,7,1,-150.0,demand,2026-08-31T02:47:00.976339+00:00
ab00eb66-1ef9-423e-93f4-78dd54eb729f,fUSD,0.00018010999999999998,120,1,-133240.73391109,demand,2026-08-31T02:47:00.976339+00:00
ab00eb66-1ef9-423e-93f4-78dd54eb729f,fUSD,0.0001777,120,1,-23123.30278361,demand,2026-08-31T02:47:00.976339+00:00
ab00eb66-1ef9-423e-93f4-78dd54eb729f,fUSD,0.000174,120,1,-12350.0,demand,2026-08-31T02:47:00.976339+00:00
ab00eb66-1ef9-423e-93f4-78dd54eb729f,fUSD,0.0001713,120,1,-14000.0,demand,2026-08-31T02:47:00.976339+00:00
ab00eb66-1ef9-423e-93f4-78dd54eb729f,fUSD,0.0001712,120,1,-20000.0,demand,2026-08-31T02:47:00.976339+00:00
ab00eb66-1ef9-423e-93f4-78dd54eb729f,fUSD,0.00017111,120,1,-2000000.0,demand,2026-08-31T02:47:00.976339+00:00
ab00eb66-1ef9-423e-93f4-78dd54eb729f,fUSD,0.00016,120,2,-10009162.66122322,demand,2026-08-31T02:47:00.976339+00:00
ab00eb66-1ef9-423e-93f4-78dd54eb729f,fUSD,0.00016,2,1,-1612850.64687859,demand,2026-08-31T02:47:00.976339+00:00
ab00eb66-1ef9-423e-93f4-78dd54eb729f,fUSD,0.0001578,2,1,-151.11,demand,2026-08-31T02:47:00.976339+00:00
ab00eb66-1ef9-423e-93f4-78dd54eb729f,fUSD,0.00015110000000000001,2,1,-3800.0,demand,2026-08-31T02:47:00.976339+00:00
ab00eb66-1ef9-423e-93f4-78dd54eb729f,fUSD,0.000151,120,1,-10000.0,demand,2026-08-31T02:47:00.976339+00:00
ab00eb66-1ef9-423e-93f4-78dd54eb729f,fUSD,0.0001502,60,1,-20000.0,demand,2026-08-31T02:47:00.976339+00:00
ab00eb66-1ef9-423e-93f4-78dd54eb729f,fUSD,0.00015011,2,1,-3000000.0,demand,2026-08-31T02:47:00.976339+00:00
ab00eb66-1ef9-423e-93f4-78dd54eb729f,fUSD,0.00015,90,1,-19550.75,demand,2026-08-31T02:47:00.976339+00:00
ab00eb66-1ef9-423e-93f4-78dd54eb729f,fUSD,0.00015,29,1,-91297.81113844,demand,2026-08-31T02:47:00.976339+00:00
ab00eb66-1ef9-423e-93f4-78dd54eb729f,fUSD,0.00015,120,1,-500.0,demand,2026-08-31T02:47:00.976339+00:00
ab00eb66-1ef9-423e-93f4-78dd54eb729f,fUSD,0.00015,2,2,-2010000.0,demand,2026-08-31T02:47:00.976339+00:00
ab00eb66-1ef9-423e-93f4-78dd54eb729f,fUSD,0.000145,7,1,-190.0,demand,2026-08-31T02:47:00.976339+00:00
ab00eb66-1ef9-423e-93f4-78dd54eb729f,fUSD,0.00014252,120,1,-10770.76644364,demand,2026-08-31T02:47:00.976339+00:00
ab00eb66-1ef9-423e-93f4-78dd54eb729f,fUSD,0.00023087398156849314,2,1,167.64310961,offer,2026-08-31T02:47:00.976339+00:00
ab00eb66-1ef9-423e-93f4-78dd54eb729f,fUSD,0.000232849333,3,1,152.0,offer,2026-08-31T02:47:00.976339+00:00
ab00eb66-1ef9-423e-93f4-78dd54eb729f,fUSD,0.00023356225,2,28,16412.0,offer,2026-08-31T02:47:00.976339+00:00
ab00eb66-1ef9-423e-93f4-78dd54eb729f,fUSD,0.0002344821,2,3,1372.58704081,offer,2026-08-31T02:47:00.976339+00:00
ab00eb66-1ef9-423e-93f4-78dd54eb729f,fUSD,0.0002344921,2,1,1884.93,offer,2026-08-31T02:47:00.976339+00:00
ab00eb66-1ef9-423e-93f4-78dd54eb729f,fUSD,0.0002346345,2,18,230026.53663567,offer,2026-08-31T02:47:00.976339+00:00
ab00eb66-1ef9-423e-93f4-78dd54eb729f,fUSD,0.00023507,2,1,154.32,offer,2026-08-31T02:47:00.976339+00:00
ab00eb66-1ef9-423e-93f4-78dd54eb729f,fUSD,0.0002351,3,1,781.0,offer,2026-08-31T02:47:00.976339+00:00
ab00eb66-1ef9-423e-93f4-78dd54eb729f,fUSD,0.0002351,7,1,311.58504676,offer,2026-08-31T02:47:00.976339+00:00
ab00eb66-1ef9-423e-93f4-78dd54eb729f,fUSD,0.00023510721666666665,2,1,151.0,offer,2026-08-31T02:47:00.976339+00:00
ab00eb66-1ef9-423e-93f4-78dd54eb729f,fUSD,0.00023625,2,1,392.803693,offer,2026-08-31T02:47:00.976339+00:00
ab00eb66-1ef9-423e-93f4-78dd54eb729f,fUSD,0.00023629,2,1,196.25,offer,2026-08-31T02:47:00.976339+00:00
ab00eb66-1ef9-423e-93f4-78dd54eb729f,fUSD,0.0002370931507,2,3,1456.72,offer,2026-08-31T02:47:00.976339+00:00
ab00eb66-1ef9-423e-93f4-78dd54eb729f,fUSD,0.00023710684933,2,1,485.64,offer,2026-08-31T02:47:00.976339+00:00
ab00eb66-1ef9-423e-93f4-78dd54eb729f,fUSD,0.00023710958906,2,2,649.78,offer,2026-08-31T02:47:00.976339+00:00
ab00eb66-1ef9-423e-93f4-78dd54eb729f,fUSD,0.00023711,2,1,245.334812,offer,2026-08-31T02:47:00.976339+00:00
ab00eb66-1ef9-423e-93f4-78dd54eb729f,fUSD,0.0002374409,2,1,174.73,offer,2026-08-31T02:47:00.976339+00:00
ab00eb66-1ef9-423e-93f4-78dd54eb729f,fUSD,0.00023909038356164383,2,2,5000.0,offer,2026-08-31T02:47:00.976339+00:00
ab00eb66-1ef9-423e-93f4-78dd54eb729f,fUSD,0.0002399,2,1,1975.29030733,offer,2026-08-31T02:47:00.976339+00:00
ab00eb66-1ef9-423e-93f4-78dd54eb729f,fUSD,0.00024,2,6,2319.99774129,offer,2026-08-31T02:47:00.976339+00:00
ab00eb66-1ef9-423e-93f4-78dd54eb729f,fUSD,0.00024003721666666664,2,7,1745.0592157,offer,2026-08-31T02:47:00.976339+00:00
ab00eb66-1ef9-423e-93f4-78dd54eb729f,fUSD,0.000240210248,6,1,246.09998307,offer,2026-08-31T02:47:00.976339+00:00
ab00eb66-1ef9-423e-93f4-78dd54eb729f,fUSD,0.0002403502,2,1,301.94,offer,2026-08-31T02:47:00.976339+00:00
ab00eb66-1ef9-423e-93f4-78dd54eb729f,fUSD,0.00024056000000000001,7,1,205.93325745,offer,2026-08-31T02:47:00.976339+00:00
ab00eb66-1ef9-423e-93f4-78dd54eb729f,fUSD,0.000241,2,1,1165.08376516,offer,2026-08-31T02:47:00.976339+00:00
fe4abd08-89d8-4e4a-8abe-611fbb3bbca5,fUSD,0.000273972602739726,120,1,-1530778.84403857,demand,2026-08-31T03:47:00.724809+00:00
fe4abd08-89d8-4e4a-8abe-611fbb3bbca5,fUSD,0.00022,30,1,-30100.0,demand,2026-08-31T03:47:00.724809+00:00
fe4abd08-89d8-4e4a-8abe-611fbb3bbca5,fUSD,0.00021,30,1,-30000.0,demand,2026-08-31T03:47:00.724809+00:00
fe4abd08-89d8-4e4a-8abe-611fbb3bbca5,fUSD,0.000209,30,1,-6289.12258117,demand,2026-08-31T03:47:00.724809+00:00
fe4abd08-89d8-4e4a-8abe-611fbb3bbca5,fUSD,0.0002,7,1,-150.0,demand,2026-08-31T03:47:00.724809+00:00
fe4abd08-89d8-4e4a-8abe-611fbb3bbca5,fUSD,0.00018010999999999998,120,1,-133240.73391109,demand,2026-08-31T03:47:00.724809+00:00
fe4abd08-89d8-4e4a-8abe-611fbb3bbca5,fUSD,0.0001777,120,1,-23123.30278361,demand,2026-08-31T03:47:00.724809+00:00
fe4abd08-89d8-4e4a-8abe-611fbb3bbca5,fUSD,0.000174,120,1,-12350.0,demand,2026-08-31T03:47:00.724809+00:00
fe4abd08-89d8-4e4a-8abe-611fbb3bbca5,fUSD,0.0001713,120,1,-14000.0,demand,2026-08-31T03:47:00.724809+00:00
fe4abd08-89d8-4e4a-8abe-611fbb3bbca5,fUSD,0.0001712,120,1,-20000.0,demand,2026-08-31T03:47:00.724809+00:00
fe4abd08-89d8-4e4a-8abe-611fbb3bbca5,fUSD,0.00017111,120,1,-2000000.0,demand,2026-08-31T03:47:00.724809+00:00
fe4abd08-89d8-4e4a-8abe-611fbb3bbca5,fUSD,0.00016,120,2,-10009162.66122322,demand,2026-08-31T03:47:00.724809+00:00
fe4abd08-89d8-4e4a-8abe-611fbb3bbca5,fUSD,0.00016,2,1,-1612850.64687859,demand,2026-08-31T03:47:00.724809+00:00
fe4abd08-89d8-4e4a-8abe-611fbb3bbca5,fUSD,0.00015110000000000001,2,1,-3800.0,demand,2026-08-31T03:47:00.724809+00:00
fe4abd08-89d8-4e4a-8abe-611fbb3bbca5,fUSD,0.000151,120,1,-10000.0,demand,2026-08-31T03:47:00.724809+00:00
fe4abd08-89d8-4e4a-8abe-611fbb3bbca5,fUSD,0.0001502,60,1,-20000.0,demand,2026-08-31T03:47:00.724809+00:00
fe4abd08-89d8-4e4a-8abe-611fbb3bbca5,fUSD,0.00015011,2,1,-3000000.0,demand,2026-08-31T03:47:00.724809+00:00
fe4abd08-89d8-4e4a-8abe-611fbb3bbca5,fUSD,0.00015,90,1,-19550.75,demand,2026-08-31T03:47:00.724809+00:00
fe4abd08-89d8-4e4a-8abe-611fbb3bbca5,fUSD,0.00015,29,1,-91297.81113844,demand,2026-08-31T03:47:00.724809+00:00
fe4abd08-89d8-4e4a-8abe-611fbb3bbca5,fUSD,0.00015,120,1,-500.0,demand,2026-08-31T03:47:00.724809+00:00
fe4abd08-89d8-4e4a-8abe-611fbb3bbca5,fUSD,0.00015,2,2,-2010000.0,demand,2026-08-31T03:47:00.724809+00:00
fe4abd08-89d8-4e4a-8abe-611fbb3bbca5,fUSD,0.000145,7,1,-190.0,demand,2026-08-31T03:47:00.724809+00:00
fe4abd08-89d8-4e4a-8abe-611fbb3bbca5,fUSD,0.00014252,120,1,-10770.76644364,demand,2026-08-31T03:47:00.724809+00:00
fe4abd08-89d8-4e4a-8abe-611fbb3bbca5,fUSD,0.00014120000000000002,30,1,-13500.0,demand,2026-08-31T03:47:00.724809+00:00
fe4abd08-89d8-4e4a-8abe-611fbb3bbca5,fUSD,0.0001342001,2,1,-107726.0685852,demand,2026-08-31T03:47:00.724809+00:00
fe4abd08-89d8-4e4a-8abe-611fbb3bbca5,fUSD,0.00023849275000000002,2,4,604.0,offer,2026-08-31T03:47:00.724809+00:00
fe4abd08-89d8-4e4a-8abe-611fbb3bbca5,fUSD,0.0002407466,2,1,1443.18,offer,2026-08-31T03:47:00.724809+00:00
fe4abd08-89d8-4e4a-8abe-611fbb3bbca5,fUSD,0.000244,7,1,168.44437106,offer,2026-08-31T03:47:00.724809+00:00
fe4abd08-89d8-4e4a-8abe-611fbb3bbca5,fUSD,0.000245,3,1,1000.0,offer,2026-08-31T03:47:00.724809+00:00
fe4abd08-89d8-4e4a-8abe-611fbb3bbca5,fUSD,0.0002463,3,1,3603.79204581,offer,2026-08-31T03:47:00.724809+00:00
fe4abd08-89d8-4e4a-8abe-611fbb3bbca5,fUSD,0.00024643767123287675,2,1,263.52787691,offer,2026-08-31T03:47:00.724809+00:00
fe4abd08-89d8-4e4a-8abe-611fbb3bbca5,fUSD,0.0002465753424657534,2,1,230.47,offer,2026-08-31T03:47:00.724809+00:00
fe4abd08-89d8-4e4a-8abe-611fbb3bbca5,fUSD,0.000247,2,1,546.74831202,offer,2026-08-31T03:47:00.724809+00:00
fe4abd08-89d8-4e4a-8abe-611fbb3bbca5,fUSD,0.0002472164383561644,7,1,410.65535862,offer,2026-08-31T03:47:00.724809+00:00
fe4abd08-89d8-4e4a-8abe-611fbb3bbca5,fUSD,0.00024735,10,1,156.7,offer,2026-08-31T03:47:00.724809+00:00
fe4abd08-89d8-4e4a-8abe-611fbb3bbca5,fUSD,0.00024746,10,8,1278.29479688,offer,2026-08-31T03:47:00.724809+00:00
fe4abd08-89d8-4e4a-8abe-611fbb3bbca5,fUSD,0.00024799,2,1,295.00569581,offer,2026-08-31T03:47:00.724809+00:00
fe4abd08-89d8-4e4a-8abe-611fbb3bbca5,fUSD,0.000248,3,1,1000.0,offer,2026-08-31T03:47:00.724809+00:00
fe4abd08-89d8-4e4a-8abe-611fbb3bbca5,fUSD,0.00024880595,2,2,302.0,offer,2026-08-31T03:47:00.724809+00:00
fe4abd08-89d8-4e4a-8abe-611fbb3bbca5,fUSD,0.000249,2,1,546.74831202,offer,2026-08-31T03:47:00.724809+00:00
fe4abd08-89d8-4e4a-8abe-611fbb3bbca5,fUSD,0.00024910000000000004,2,1,588.78,offer,2026-08-31T03:47:00.724809+00:00
fe4abd08-89d8-4e4a-8abe-611fbb3bbca5,fUSD,0.00024974,2,2,490.82,offer,2026-08-31T03:47:00.724809+00:00
fe4abd08-89d8-4e4a-8abe-611fbb3bbca5,fUSD,0.00024985000000000003,2,11,10250.95409972,offer,2026-08-31T03:47:00.724809+00:00
fe4abd08-89d8-4e4a-8abe-611fbb3bbca5,fUSD,0.00024993753097291276,7,1,538.13,offer,2026-08-31T03:47:00.724809+00:00
fe4abd08-89d8-4e4a-8abe-611fbb3bbca5,fUSD,0.0002499890410958904,2,1,504.87755729,offer,2026-08-31T03:47:00.724809+00:00
fe4abd08-89d8-4e4a-8abe-611fbb3bbca5,fUSD,0.00024999,2,19,8230.28246879,offer,2026-08-31T03:47:00.724809+00:00
fe4abd08-89d8-4e4a-8abe-611fbb3bbca5,fUSD,0.00025,2,10,69643.28281711,offer,2026-08-31T03:47:00.724809+00:00
fe4abd08-89d8-4e4a-8abe-611fbb3bbca5,fUSD,0.00025,8,2,2410.504,offer,2026-08-31T03:47:00.724809+00:00
fe4abd08-89d8-4e4a-8abe-611fbb3bbca5,fUSD,0.00025,3,1,1000.0,offer,2026-08-31T03:47:00.724809+00:00
fe4abd08-89d8-4e4a-8abe-611fbb3bbca5,fUSD,0.0002502,10,1,223.0,offer,2026-08-31T03:47:00.724809+00:00
32b34a3d-b86a-4310-af41-53984135bdd8,fUSD,0.000273972602739726,120,1,-1528298.55135207,demand,2026-08-31T04:47:00.928794+00:00
32b34a3d-b86a-4310-af41-53984135bdd8,fUSD,0.00022,30,1,-30100.0,demand,2026-08-31T04:47:00.928794+00:00
32b34a3d-b86a-4310-af41-53984135bdd8,fUSD,0.00021,30,1,-30000.0,demand,2026-08-31T04:47:00.928794+00:00
32b34a3d-b86a-4310-af41-53984135bdd8,fUSD,0.000209,30,1,-6289.12258117,demand,2026-08-31T04:47:00.928794+00:00
32b34a3d-b86a-4310-af41-53984135bdd8,fUSD,0.0002,7,1,-150.0,demand,2026-08-31T04:47:00.928794+00:00
32b34a3d-b86a-4310-af41-53984135bdd8,fUSD,0.00018010999999999998,120,1,-133240.73391109,demand,2026-08-31T04:47:00.928794+00:00
32b34a3d-b86a-4310-af41-53984135bdd8,fUSD,0.0001777,120,1,-23123.30278361,demand,2026-08-31T04:47:00.928794+00:00
32b34a3d-b86a-4310-af41-53984135bdd8,fUSD,0.000174,120,1,-12350.0,demand,2026-08-31T04:47:00.928794+00:00
32b34a3d-b86a-4310-af41-53984135bdd8,fUSD,0.0001713,120,1,-14000.0,demand,2026-08-31T04:47:00.928794+00:00
32b34a3d-b86a-4310-af41-53984135bdd8,fUSD,0.0001712,120,1,-20000.0,demand,2026-08-31T04:47:00.928794+00:00
32b34a3d-b86a-4310-af41-53984135bdd8,fUSD,0.00017111,120,1,-2000000.0,demand,2026-08-31T04:47:00.928794+00:00
32b34a3d-b86a-4310-af41-53984135bdd8,fUSD,0.00016,120,2,-10009162.66122322,demand,2026-08-31T04:47:00.928794+00:00
32b34a3d-b86a-4310-af41-53984135bdd8,fUSD,0.00016,2,1,-843891.89379985,demand,2026-08-31T04:47:00.928794+00:00
32b34a3d-b86a-4310-af41-53984135bdd8,fUSD,0.00015110000000000001,2,1,-3800.0,demand,2026-08-31T04:47:00.928794+00:00
32b34a3d-b86a-4310-af41-53984135bdd8,fUSD,0.000151,120,1,-10000.0,demand,2026-08-31T04:47:00.928794+00:00
32b34a3d-b86a-4310-af41-53984135bdd8,fUSD,0.0001502,60,1,-20000.0,demand,2026-08-31T04:47:00.928794+00:00
32b34a3d-b86a-4310-af41-53984135bdd8,fUSD,0.00015011,2,1,-3000000.0,demand,2026-08-31T04:47:00.928794+00:00
32b34a3d-b86a-4310-af41-53984135bdd8,fUSD,0.00015,90,1,-19550.75,demand,2026-08-31T04:47:00.928794+00:00
32b34a3d-b86a-4310-af41-53984135bdd8,fUSD,0.00015,29,1,-91297.81113844,demand,2026-08-31T04:47:00.928794+00:00
32b34a3d-b86a-4310-af41-53984135bdd8,fUSD,0.00015,120,1,-500.0,demand,2026-08-31T04:47:00.928794+00:00
32b34a3d-b86a-4310-af41-53984135bdd8,fUSD,0.00015,2,2,-2010000.0,demand,2026-08-31T04:47:00.928794+00:00
32b34a3d-b86a-4310-af41-53984135bdd8,fUSD,0.000145,7,1,-190.0,demand,2026-08-31T04:47:00.928794+00:00
32b34a3d-b86a-4310-af41-53984135bdd8,fUSD,0.00014252,120,1,-10770.76644364,demand,2026-08-31T04:47:00.928794+00:00
32b34a3d-b86a-4310-af41-53984135bdd8,fUSD,0.00014120000000000002,30,1,-13500.0,demand,2026-08-31T04:47:00.928794+00:00
32b34a3d-b86a-4310-af41-53984135bdd8,fUSD,0.0001342001,2,1,-107726.0685852,demand,2026-08-31T04:47:00.928794+00:00
32b34a3d-b86a-4310-af41-53984135bdd8,fUSD,0.00021777,2,1,150.0,offer,2026-08-31T04:47:00.928794+00:00
32b34a3d-b86a-4310-af41-53984135bdd8,fUSD,0.000218325,2,1,184.76704925,offer,2026-08-31T04:47:00.928794+00:00
32b34a3d-b86a-4310-af41-53984135bdd8,fUSD,0.00021999,2,3,737.8881836,offer,2026-08-31T04:47:00.928794+00:00
32b34a3d-b86a-4310-af41-53984135bdd8,fUSD,0.00021999,7,5,800.1771,offer,2026-08-31T04:47:00.928794+00:00
32b34a3d-b86a-4310-af41-53984135bdd8,fUSD,0.00022,14,1,22600.0,offer,2026-08-31T04:47:00.928794+00:00
32b34a3d-b86a-4310-af41-53984135bdd8,fUSD,0.00022118,2,1,150.0,offer,2026-08-31T04:47:00.928794+00:00
32b34a3d-b86a-4310-af41-53984135bdd8,fUSD,0.00022424576712328767,2,3,532.92410344,offer,2026-08-31T04:47:00.928794+00:00
32b34a3d-b86a-4310-af41-53984135bdd8,fUSD,0.0002256245,7,1,150.0,offer,2026-08-31T04:47:00.928794+00:00
32b34a3d-b86a-4310-af41-53984135bdd8,fUSD,0.00022727,2,1,166.58,offer,2026-08-31T04:47:00.928794+00:00
32b34a3d-b86a-4310-af41-53984135bdd8,fUSD,0.00022748,2,1,974.9272039,offer,2026-08-31T04:47:00.928794+00:00
32b34a3d-b86a-4310-af41-53984135bdd8,fUSD,0.00022764657534246578,2,2,474.17,offer,2026-08-31T04:47:00.928794+00:00
32b34a3d-b86a-4310-af41-53984135bdd8,fUSD,0.00022891,7,1,160.216216,offer,2026-08-31T04:47:00.928794+00:00
32b34a3d-b86a-4310-af41-53984135bdd8,fUSD,0.0002289123287671233,2,22,5945.53239537,offer,2026-08-31T04:47:00.928794+00:00
32b34a3d-b86a-4310-af41-53984135bdd8,fUSD,0.000229499,2,1,180.26,offer,2026-08-31T04:47:00.928794+00:00
32b34a3d-b86a-4310-af41-53984135bdd8,fUSD,0.0002302635,2,1,200.0,offer,2026-08-31T04:47:00.928794+00:00
32b34a3d-b86a-4310-af41-53984135bdd8,fUSD,0.0002314,2,1,185.62604305,offer,2026-08-31T04:47:00.928794+00:00
32b34a3d-b86a-4310-af41-53984135bdd8,fUSD,0.0002349738819089322,2,1,203.0,offer,2026-08-31T04:47:00.928794+00:00
32b34a3d-b86a-4310-af41-53984135bdd8,fUSD,0.000235355927,2,1,169.6,offer,2026-08-31T04:47:00.928794+00:00
32b34a3d-b86a-4310-af41-53984135bdd8,fUSD,0.0002364138333333333,2,15,10775.48832711,offer,2026-08-31T04:47:00.928794+00:00
32b34a3d-b86a-4310-af41-53984135bdd8,fUSD,0.0002364719,2,1,259.74,offer,2026-08-31T04:47:00.928794+00:00
32b34a3d-b86a-4310-af41-53984135bdd8,fUSD,0.00023696383333333328,2,1,799.0226325,offer,2026-08-31T04:47:00.928794+00:00
32b34a3d-b86a-4310-af41-53984135bdd8,fUSD,0.000237836666667,2,1,185.62604305,offer,2026-08-31T04:47:00.928794+00:00
32b34a3d-b86a-4310-af41-53984135bdd8,fUSD,0.00023905687975999998,2,11,2488.63830451,offer,2026-08-31T04:47:00.928794+00:00
32b34a3d-b86a-4310-af41-53984135bdd8,fUSD,0.0002393441,2,1,5000.0,offer,2026-08-31T04:47:00.928794+00:00
32b34a3d-b86a-4310-af41-53984135bdd8,fUSD,0.00024,2,2,1334.62,offer,2026-08-31T04:47:00.928794+00:00
5314d553-6889-4d7f-bd03-9705e11a6723,fUSD,0.000273972602739726,120,1,-1524382.30549358,demand,2026-08-31T05:47:00.843937+00:00
5314d553-6889-4d7f-bd03-9705e11a6723,fUSD,0.00022,30,1,-30100.0,demand,2026-08-31T05:47:00.843937+00:00
5314d553-6889-4d7f-bd03-9705e11a6723,fUSD,0.00021,30,1,-30000.0,demand,2026-08-31T05:47:00.843937+00:00
5314d553-6889-4d7f-bd03-9705e11a6723,fUSD,0.000209,30,1,-6289.12258117,demand,2026-08-31T05:47:00.843937+00:00
5314d553-6889-4d7f-bd03-9705e11a6723,fUSD,0.0002,7,1,-150.0,demand,2026-08-31T05:47:00.843937+00:00
5314d553-6889-4d7f-bd03-9705e11a6723,fUSD,0.00018010999999999998,120,1,-133240.73391109,demand,2026-08-31T05:47:00.843937+00:00
5314d553-6889-4d7f-bd03-9705e11a6723,fUSD,0.0001777,120,1,-23123.30278361,demand,2026-08-31T05:47:00.843937+00:00
5314d553-6889-4d7f-bd03-9705e11a6723,fUSD,0.000174,120,1,-12350.0,demand,2026-08-31T05:47:00.843937+00:00
5314d553-6889-4d7f-bd03-9705e11a6723,fUSD,0.0001713,120,1,-14000.0,demand,2026-08-31T05:47:00.843937+00:00
5314d553-6889-4d7f-bd03-9705e11a6723,fUSD,0.0001712,120,1,-20000.0,demand,2026-08-31T05:47:00.843937+00:00
5314d553-6889-4d7f-bd03-9705e11a6723,fUSD,0.00017111,120,1,-2000000.0,demand,2026-08-31T05:47:00.843937+00:00
5314d553-6889-4d7f-bd03-9705e11a6723,fUSD,0.00016001,2,1,-48151.83274946,demand,2026-08-31T05:47:00.843937+00:00
5314d553-6889-4d7f-bd03-9705e11a6723,fUSD,0.00016,120,2,-10009162.66122322,demand,2026-08-31T05:47:00.843937+00:00
5314d553-6889-4d7f-bd03-9705e11a6723,fUSD,0.00016,2,1,-683949.13540477,demand,2026-08-31T05:47:00.843937+00:00
5314d553-6889-4d7f-bd03-9705e11a6723,fUSD,0.00015110000000000001,2,1,-3800.0,demand,2026-08-31T05:47:00.843937+00:00
5314d553-6889-4d7f-bd03-9705e11a6723,fUSD,0.000151,120,1,-10000.0,demand,2026-08-31T05:47:00.843937+00:00
5314d553-6889-4d7f-bd03-9705e11a6723,fUSD,0.0001502,60,1,-20000.0,demand,2026-08-31T05:47:00.843937+00:00
5314d553-6889-4d7f-bd03-9705e11a6723,fUSD,0.0001501202,2,1,-600000.0,demand,2026-08-31T05:47:00.843937+00:00
5314d553-6889-4d7f-bd03-9705e11a6723,fUSD,0.00015012,2,1,-5000000.0,demand,2026-08-31T05:47:00.843937+00:00
5314d553-6889-4d7f-bd03-9705e11a6723,fUSD,0.00015011,2,1,-3000000.0,demand,2026-08-31T05:47:00.843937+00:00
5314d553-6889-4d7f-bd03-9705e11a6723,fUSD,0.00015,90,1,-19550.75,demand,2026-08-31T05:47:00.843937+00:00
5314d553-6889-4d7f-bd03-9705e11a6723,fUSD,0.00015,29,1,-91297.81113844,demand,2026-08-31T05:47:00.843937+00:00
5314d553-6889-4d7f-bd03-9705e11a6723,fUSD,0.00015,120,1,-500.0,demand,2026-08-31T05:47:00.843937+00:00
5314d553-6889-4d7f-bd03-9705e11a6723,fUSD,0.00015,2,2,-2010000.0,demand,2026-08-31T05:47:00.843937+00:00
5314d553-6889-4d7f-bd03-9705e11a6723,fUSD,0.000145,7,1,-190.0,demand,2026-08-31T05:47:00.843937+00:00
5314d553-6889-4d7f-bd03-9705e11a6723,fUSD,0.000258529382,2,1,239.25,offer,2026-08-31T05:47:00.843937+00:00
5314d553-6889-4d7f-bd03-9705e11a6723,fUSD,0.00025869,2,3,638.95178711,offer,2026-08-31T05:47:00.843937+00:00
5314d553-6889-4d7f-bd03-9705e11a6723,fUSD,0.0002587,2,2,13383.55410435,offer,2026-08-31T05:47:00.843937+00:00
5314d553-6889-4d7f-bd03-9705e11a6723,fUSD,0.00025899,2,2,661.44,offer,2026-08-31T05:47:00.843937+00:00
5314d553-6889-4d7f-bd03-9705e11a6723,fUSD,0.00025927,2,1,763.09571755,offer,2026-08-31T05:47:00.843937+00:00
5314d553-6889-4d7f-bd03-9705e11a6723,fUSD,0.0002593753424657534,7,1,150.0,offer,2026-08-31T05:47:00.843937+00:00
5314d553-6889-4d7f-bd03-9705e11a6723,fUSD,0.0002594,2,1,575.319351,offer,2026-08-31T05:47:00.843937+00:00
5314d553-6889-4d7f-bd03-9705e11a6723,fUSD,0.0002597,2,44,328314.933623,offer,2026-08-31T05:47:00.843937+00:00
5314d553-6889-4d7f-bd03-9705e11a6723,fUSD,0.0002599467,2,1,1970.8278271,offer,2026-08-31T05:47:00.843937+00:00
5314d553-6889-4d7f-bd03-9705e11a6723,fUSD,0.00025999,2,1,418.95367246,offer,2026-08-31T05:47:00.843937+00:00
5314d553-6889-4d7f-bd03-9705e11a6723,fUSD,0.00026,2,1,185.62604304,offer,2026-08-31T05:47:00.843937+00:00
5314d553-6889-4d7f-bd03-9705e11a6723,fUSD,0.00026,4,1,95000.0,offer,2026-08-31T05:47:00.843937+00:00
5314d553-6889-4d7f-bd03-9705e11a6723,fUSD,0.0002600536465939829,2,1,811.61898107,offer,2026-08-31T05:47:00.843937+00:00
5314d553-6889-4d7f-bd03-9705e11a6723,fUSD,0.0002601698630136986,3,1,500.0,offer,2026-08-31T05:47:00.843937+00:00
5314d553-6889-4d7f-bd03-9705e11a6723,fUSD,0.00026017000000000005,3,1,343.38,offer,2026-08-31T05:47:00.843937+00:00
5314d553-6889-4d7f-bd03-9705e11a6723,fUSD,0.00026019,30,1,184.8432924,offer,2026-08-31T05:47:00.843937+00:00
5314d553-6889-4d7f-bd03-9705e11a6723,fUSD,0.00026026,2,1,500.0,offer,2026-08-31T05:47:00.843937+00:00
5314d553-6889-4d7f-bd03-9705e11a6723,fUSD,0.00026027,2,8,48910.26,offer,2026-08-31T05:47:00.843937+00:00
5314d553-6889-4d7f-bd03-9705e11a6723,fUSD,0.0002602739726027397,2,1,150.0,offer,2026-08-31T05:47:00.843937+00:00
5314d553-6889-4d7f-bd03-9705e11a6723,fUSD,0.00026028196124,14,3,688.91235,offer,2026-08-31T05:47:00.843937+00:00
5314d553-6889-4d7f-bd03-9705e11a6723,fUSD,0.0002603511,2,1,763.09571753,offer,2026-08-31T05:47:00.843937+00:00
5314d553-6889-4d7f-bd03-9705e11a6723,fUSD,0.00026055,7,2,947.32,offer,2026-08-31T05:47:00.843937+00:00
5314d553-6889-4d7f-bd03-9705e11a6723,fUSD,0.00026073585453999996,2,1,296.25837085,offer,2026-08-31T05:47:00.843937+00:00
5314d553-6889-4d7f-bd03-9705e11a6723,fUSD,0.00026082,5,1,2000.0,offer,2026-08-31T05:47:00.843937+00:00
5314d553-6889-4d7f-bd03-9705e11a6723,fUSD,0.00026084,30,2,947.32,offer,2026-08-31T05:47:00.843937+00:00
a6b36759-517b-4690-8de9-42780ce5f559,fUSD,0.000273972602739726,120,1,-1489879.12991458,demand,2026-08-31T06:47:01.179823+00:00
a6b36759-517b-4690-8de9-42780ce5f559,fUSD,0.00022,30,1,-30100.0,demand,2026-08-31T06:47:01.179823+00:00
a6b36759-517b-4690-8de9-42780ce5f559,fUSD,0.00021013,2,2,-300.0,demand,2026-08-31T06:47:01.179823+00:00
a6b36759-517b-4690-8de9-42780ce5f559,fUSD,0.00021,30,1,-30000.0,demand,2026-08-31T06:47:01.179823+00:00
a6b36759-517b-4690-8de9-42780ce5f559,fUSD,0.000209,30,1,-6289.12258117,demand,2026-08-31T06:47:01.179823+00:00
a6b36759-517b-4690-8de9-42780ce5f559,fUSD,0.0002,7,1,-150.0,demand,2026-08-31T06:47:01.179823+00:00
a6b36759-517b-4690-8de9-42780ce5f559,fUSD,0.00018010999999999998,120,1,-133240.73391109,demand,2026-08-31T06:47:01.179823+00:00
a6b36759-517b-4690-8de9-42780ce5f559,fUSD,0.0001777,120,1,-23123.30278361,demand,2026-08-31T06:47:01.179823+00:00
a6b36759-517b-4690-8de9-42780ce5f559,fUSD,0.000174,120,1,-12350.0,demand,2026-08-31T06:47:01.179823+00:00
a6b36759-517b-4690-8de9-42780ce5f559,fUSD,0.0001713,120,1,-14000.0,demand,2026-08-31T06:47:01.179823+00:00
a6b36759-517b-4690-8de9-42780ce5f559,fUSD,0.0001712,120,1,-20000.0,demand,2026-08-31T06:47:01.179823+00:00
a6b36759-517b-4690-8de9-42780ce5f559,fUSD,0.00017111,120,1,-2000000.0,demand,2026-08-31T06:47:01.179823+00:00
a6b36759-517b-4690-8de9-42780ce5f559,fUSD,0.00016,120,2,-10009162.66122322,demand,2026-08-31T06:47:01.179823+00:00
a6b36759-517b-4690-8de9-42780ce5f559,fUSD,0.000151,120,1,-10000.0,demand,2026-08-31T06:47:01.179823+00:00
a6b36759-517b-4690-8de9-42780ce5f559,fUSD,0.0001503,2,1,-23202.0,demand,2026-08-31T06:47:01.179823+00:00
a6b36759-517b-4690-8de9-42780ce5f559,fUSD,0.0001502,60,1,-20000.0,demand,2026-08-31T06:47:01.179823+00:00
a6b36759-517b-4690-8de9-42780ce5f559,fUSD,0.00015013,2,1,-4169760.76762916,demand,2026-08-31T06:47:01.179823+00:00
a6b36759-517b-4690-8de9-42780ce5f559,fUSD,0.0001501202,2,1,-600000.0,demand,2026-08-31T06:47:01.179823+00:00
a6b36759-517b-4690-8de9-42780ce5f559,fUSD,0.00015011,2,1,-3000000.0,demand,2026-08-31T06:47:01.179823+00:00
a6b36759-517b-4690-8de9-42780ce5f559,fUSD,0.00015,90,1,-19550.75,demand,2026-08-31T06:47:01.179823+00:00
a6b36759-517b-4690-8de9-42780ce5f559,fUSD,0.00015,29,1,-91297.81113844,demand,2026-08-31T06:47:01.179823+00:00
a6b36759-517b-4690-8de9-42780ce5f559,fUSD,0.00015,120,1,-500.0,demand,2026-08-31T06:47:01.179823+00:00
a6b36759-517b-4690-8de9-42780ce5f559,fUSD,0.00015,2,2,-2010000.0,demand,2026-08-31T06:47:01.179823+00:00
a6b36759-517b-4690-8de9-42780ce5f559,fUSD,0.000145,7,1,-190.0,demand,2026-08-31T06:47:01.179823+00:00
a6b36759-517b-4690-8de9-42780ce5f559,fUSD,0.00014252,120,1,-10770.76644364,demand,2026-08-31T06:47:01.179823+00:00
a6b36759-517b-4690-8de9-42780ce5f559,fUSD,0.00026027,2,1,316.74,offer,2026-08-31T06:47:01.179823+00:00
a6b36759-517b-4690-8de9-42780ce5f559,fUSD,0.00026118,5,1,9687.29,offer,2026-08-31T06:47:01.179823+00:00
a6b36759-517b-4690-8de9-42780ce5f559,fUSD,0.0002612493136934235,2,1,308.15303656,offer,2026-08-31T06:47:01.179823+00:00
a6b36759-517b-4690-8de9-42780ce5f559,fUSD,0.00026164,7,1,163.43,offer,2026-08-31T06:47:01.179823+00:00
a6b36759-517b-4690-8de9-42780ce5f559,fUSD,0.0002617,2,1,1004.92024735,offer,2026-08-31T06:47:01.179823+00:00
a6b36759-517b-4690-8de9-42780ce5f559,fUSD,0.0002617,12,1,1452.905,offer,2026-08-31T06:47:01.179823+00:00
a6b36759-517b-4690-8de9-42780ce5f559,fUSD,0.00026178,2,1,1246.5444,offer,2026-08-31T06:47:01.179823+00:00
a6b36759-517b-4690-8de9-42780ce5f559,fUSD,0.00026179,7,6,14723.62,offer,2026-08-31T06:47:01.179823+00:00
a6b36759-517b-4690-8de9-42780ce5f559,fUSD,0.00026209,7,1,184.76,offer,2026-08-31T06:47:01.179823+00:00
a6b36759-517b-4690-8de9-42780ce5f559,fUSD,0.00026270000000000004,2,1,402.06,offer,2026-08-31T06:47:01.179823+00:00
a6b36759-517b-4690-8de9-42780ce5f559,fUSD,0.00026301,30,1,163.43,offer,2026-08-31T06:47:01.179823+00:00
a6b36759-517b-4690-8de9-42780ce5f559,fUSD,0.000263152014,2,1,239.25645538,offer,2026-08-31T06:47:01.179823+00:00
a6b36759-517b-4690-8de9-42780ce5f559,fUSD,0.0002633,2,1,2000.0,offer,2026-08-31T06:47:01.179823+00:00
a6b36759-517b-4690-8de9-42780ce5f559,fUSD,0.00026330784504646765,2,1,206.00605995,offer,2026-08-31T06:47:01.179823+00:00
a6b36759-517b-4690-8de9-42780ce5f559,fUSD,0.00026331,2,6,14723.62,offer,2026-08-31T06:47:01.179823+00:00
a6b36759-517b-4690-8de9-42780ce5f559,fUSD,0.00026364,2,1,500.0,offer,2026-08-31T06:47:01.179823+00:00
a6b36759-517b-4690-8de9-42780ce5f559,fUSD,0.00026382,2,1,298.34464308,offer,2026-08-31T06:47:01.179823+00:00
a6b36759-517b-4690-8de9-42780ce5f559,fUSD,0.00026392,30,1,184.76,offer,2026-08-31T06:47:01.179823+00:00
a6b36759-517b-4690-8de9-42780ce5f559,fUSD,0.0002639726027397,5,2,1010.53188673,offer,2026-08-31T06:47:01.179823+00:00
a6b36759-517b-4690-8de9-42780ce5f559,fUSD,0.00026429,16,1,164.0,offer,2026-08-31T06:47:01.179823+00:00
a6b36759-517b-4690-8de9-42780ce5f559,fUSD,0.00026438,2,1,163.43,offer,2026-08-31T06:47:01.179823+00:00
a6b36759-517b-4690-8de9-42780ce5f559,fUSD,0.00026439,2,2,26691.622787,offer,2026-08-31T06:47:01.179823+00:00
a6b36759-517b-4690-8de9-42780ce5f559,fUSD,0.0002645,2,1,218.62,offer,2026-08-31T06:47:01.179823+00:00
a6b36759-517b-4690-8de9-42780ce5f559,fUSD,0.000264671102,2,3,648.61412777,offer,2026-08-31T06:47:01.179823+00:00
a6b36759-517b-4690-8de9-42780ce5f559,fUSD,0.0002648191780821918,2,1,504.87755729,offer,2026-08-31T06:47:01.179823+00:00
f3b3afe3-3e26-4ce8-81bc-cf76066cf732,fUSD,0.000273972602739726,120,1,-1450781.17197829,demand,2026-08-31T07:47:00.969264+00:00
f3b3afe3-3e26-4ce8-81bc-cf76066cf732,fUSD,0.00022,30,1,-30100.0,demand,2026-08-31T07:47:00.969264+00:00
f3b3afe3-3e26-4ce8-81bc-cf76066cf732,fUSD,0.00021013,2,1,-150.0,demand,2026-08-31T07:47:00.969264+00:00
f3b3afe3-3e26-4ce8-81bc-cf76066cf732,fUSD,0.00021,30,1,-30000.0,demand,2026-08-31T07:47:00.969264+00:00
f3b3afe3-3e26-4ce8-81bc-cf76066cf732,fUSD,0.000209,30,1,-6289.12258117,demand,2026-08-31T07:47:00.969264+00:00
f3b3afe3-3e26-4ce8-81bc-cf76066cf732,fUSD,0.0002,7,1,-150.0,demand,2026-08-31T07:47:00.969264+00:00
f3b3afe3-3e26-4ce8-81bc-cf76066cf732,fUSD,0.00019013,2,1,-150.0,demand,2026-08-31T07:47:00.969264+00:00
f3b3afe3-3e26-4ce8-81bc-cf76066cf732,fUSD,0.00018010999999999998,120,1,-133240.73391109,demand,2026-08-31T07:47:00.969264+00:00
f3b3afe3-3e26-4ce8-81bc-cf76066cf732,fUSD,0.0001777,120,1,-23123.30278361,demand,2026-08-31T07:47:00.969264+00:00
f3b3afe3-3e26-4ce8-81bc-cf76066cf732,fUSD,0.000174,120,1,-12350.0,demand,2026-08-31T07:47:00.969264+00:00
f3b3afe3-3e26-4ce8-81bc-cf76066cf732,fUSD,0.0001713,120,1,-14000.0,demand,2026-08-31T07:47:00.969264+00:00
f3b3afe3-3e26-4ce8-81bc-cf76066cf732,fUSD,0.0001712,120,1,-20000.0,demand,2026-08-31T07:47:00.969264+00:00
f3b3afe3-3e26-4ce8-81bc-cf76066cf732,fUSD,0.00017111,120,1,-2000000.0,demand,2026-08-31T07:47:00.969264+00:00
f3b3afe3-3e26-4ce8-81bc-cf76066cf732,fUSD,0.00016,120,2,-10009162.66122322,demand,2026-08-31T07:47:00.969264+00:00
f3b3afe3-3e26-4ce8-81bc-cf76066cf732,fUSD,0.000151,120,1,-10000.0,demand,2026-08-31T07:47:00.969264+00:00
f3b3afe3-3e26-4ce8-81bc-cf76066cf732,fUSD,0.0001502,60,1,-20000.0,demand,2026-08-31T07:47:00.969264+00:00
f3b3afe3-3e26-4ce8-81bc-cf76066cf732,fUSD,0.00015013,2,1,-1340618.7874163,demand,2026-08-31T07:47:00.969264+00:00
f3b3afe3-3e26-4ce8-81bc-cf76066cf732,fUSD,0.0001501202,2,1,-600000.0,demand,2026-08-31T07:47:00.969264+00:00
f3b3afe3-3e26-4ce8-81bc-cf76066cf732,fUSD,0.00015011,2,1,-3000000.0,demand,2026-08-31T07:47:00.969264+00:00
f3b3afe3-3e26-4ce8-81bc-cf76066cf732,fUSD,0.00015,90,1,-19550.75,demand,2026-08-31T07:47:00.969264+00:00
f3b3afe3-3e26-4ce8-81bc-cf76066cf732,fUSD,0.00015,29,1,-91297.81113844,demand,2026-08-31T07:47:00.969264+00:00
f3b3afe3-3e26-4ce8-81bc-cf76066cf732,fUSD,0.00015,120,1,-500.0,demand,2026-08-31T07:47:00.969264+00:00
f3b3afe3-3e26-4ce8-81bc-cf76066cf732,fUSD,0.00015,2,2,-2010000.0,demand,2026-08-31T07:47:00.969264+00:00
f3b3afe3-3e26-4ce8-81bc-cf76066cf732,fUSD,0.000145,7,1,-190.0,demand,2026-08-31T07:47:00.969264+00:00
f3b3afe3-3e26-4ce8-81bc-cf76066cf732,fUSD,0.00014252,120,1,-10770.76644364,demand,2026-08-31T07:47:00.969264+00:00
f3b3afe3-3e26-4ce8-81bc-cf76066cf732,fUSD,0.0002465753424657534,7,2,300.0,offer,2026-08-31T07:47:00.969264+00:00
f3b3afe3-3e26-4ce8-81bc-cf76066cf732,fUSD,0.0002496194824961948,7,1,150.0,offer,2026-08-31T07:47:00.969264+00:00
f3b3afe3-3e26-4ce8-81bc-cf76066cf732,fUSD,0.0002526636225266362,7,1,150.0,offer,2026-08-31T07:47:00.969264+00:00
f3b3afe3-3e26-4ce8-81bc-cf76066cf732,fUSD,0.00025570776255707763,7,1,150.0,offer,2026-08-31T07:47:00.969264+00:00
f3b3afe3-3e26-4ce8-81bc-cf76066cf732,fUSD,0.00025875190258751904,7,1,150.0,offer,2026-08-31T07:47:00.969264+00:00
f3b3afe3-3e26-4ce8-81bc-cf76066cf732,fUSD,0.0002602739726027397,2,1,150.0,offer,2026-08-31T07:47:00.969264+00:00
f3b3afe3-3e26-4ce8-81bc-cf76066cf732,fUSD,0.00026179604261796044,7,1,150.0,offer,2026-08-31T07:47:00.969264+00:00
f3b3afe3-3e26-4ce8-81bc-cf76066cf732,fUSD,0.00026484018264840185,7,1,150.0,offer,2026-08-31T07:47:00.969264+00:00
f3b3afe3-3e26-4ce8-81bc-cf76066cf732,fUSD,0.000267642175882,2,1,185.62604305,offer,2026-08-31T07:47:00.969264+00:00
f3b3afe3-3e26-4ce8-81bc-cf76066cf732,fUSD,0.00026788432267884325,7,1,150.0,offer,2026-08-31T07:47:00.969264+00:00
f3b3afe3-3e26-4ce8-81bc-cf76066cf732,fUSD,0.00026848,2,2,1004.31034198,offer,2026-08-31T07:47:00.969264+00:00
f3b3afe3-3e26-4ce8-81bc-cf76066cf732,fUSD,0.00026994,2,1,440.7098847,offer,2026-08-31T07:47:00.969264+00:00
f3b3afe3-3e26-4ce8-81bc-cf76066cf732,fUSD,0.00027,16,1,164.0,offer,2026-08-31T07:47:00.969264+00:00
f3b3afe3-3e26-4ce8-81bc-cf76066cf732,fUSD,0.00027078,16,1,164.0,offer,2026-08-31T07:47:00.969264+00:00
f3b3afe3-3e26-4ce8-81bc-cf76066cf732,fUSD,0.00027092846270928466,7,1,150.0,offer,2026-08-31T07:47:00.969264+00:00
f3b3afe3-3e26-4ce8-81bc-cf76066cf732,fUSD,0.00027128,16,1,164.0,offer,2026-08-31T07:47:00.969264+00:00
f3b3afe3-3e26-4ce8-81bc-cf76066cf732,fUSD,0.00027297,2,3,1114.18276204,offer,2026-08-31T07:47:00.969264+00:00
f3b3afe3-3e26-4ce8-81bc-cf76066cf732,fUSD,0.00027298,2,1,1564.92345513,offer,2026-08-31T07:47:00.969264+00:00
f3b3afe3-3e26-4ce8-81bc-cf76066cf732,fUSD,0.0002730187656767989,30,1,216.35068437,offer,2026-08-31T07:47:00.969264+00:00
f3b3afe3-3e26-4ce8-81bc-cf76066cf732,fUSD,0.00027309,2,1,1000.0,offer,2026-08-31T07:47:00.969264+00:00
f3b3afe3-3e26-4ce8-81bc-cf76066cf732,fUSD,0.00027324,2,1,1000.0,offer,2026-08-31T07:47:00.969264+00:00
f3b3afe3-3e26-4ce8-81bc-cf76066cf732,fUSD,0.00027328,2,2,449.67639498,offer,2026-08-31T07:47:00.969264+00:00
f3b3afe3-3e26-4ce8-81bc-cf76066cf732,fUSD,0.0002732876712328767,16,1,179.491,offer,2026-08-31T07:47:00.969264+00:00
f3b3afe3-3e26-4ce8-81bc-cf76066cf732,fUSD,0.0002732876712328767,2,1,150.0,offer,2026-08-31T07:47:00.969264+00:00
f3b3afe3-3e26-4ce8-81bc-cf76066cf732,fUSD,0.00027329,16,1,2074.916,offer,2026-08-31T07:47:00.969264+00:00
e41763b3-9c81-48a8-976a-88e1e04ada57,fUSD,0.000273972602739726,120,1,-1442586.59297876,demand,2026-08-31T08:47:00.946027+00:00
e41763b3-9c81-48a8-976a-88e1e04ada57,fUSD,0.00022,30,1,-30100.0,demand,2026-08-31T08:47:00.946027+00:00
e41763b3-9c81-48a8-976a-88e1e04ada57,fUSD,0.00021,30,1,-30000.0,demand,2026-08-31T08:47:00.946027+00:00
e41763b3-9c81-48a8-976a-88e1e04ada57,fUSD,0.000209,30,1,-6289.12258117,demand,2026-08-31T08:47:00.946027+00:00
e41763b3-9c81-48a8-976a-88e1e04ada57,fUSD,0.0002,7,1,-150.0,demand,2026-08-31T08:47:00.946027+00:00
e41763b3-9c81-48a8-976a-88e1e04ada57,fUSD,0.00018010999999999998,120,1,-133240.73391109,demand,2026-08-31T08:47:00.946027+00:00
e41763b3-9c81-48a8-976a-88e1e04ada57,fUSD,0.0001777,120,1,-23123.30278361,demand,2026-08-31T08:47:00.946027+00:00
e41763b3-9c81-48a8-976a-88e1e04ada57,fUSD,0.000174,120,1,-12350.0,demand,2026-08-31T08:47:00.946027+00:00
e41763b3-9c81-48a8-976a-88e1e04ada57,fUSD,0.0001713,120,1,-14000.0,demand,2026-08-31T08:47:00.946027+00:00
e41763b3-9c81-48a8-976a-88e1e04ada57,fUSD,0.0001712,120,1,-20000.0,demand,2026-08-31T08:47:00.946027+00:00
e41763b3-9c81-48a8-976a-88e1e04ada57,fUSD,0.00017111,120,1,-2000000.0,demand,2026-08-31T08:47:00.946027+00:00
e41763b3-9c81-48a8-976a-88e1e04ada57,fUSD,0.00016,120,2,-10009162.66122322,demand,2026-08-31T08:47:00.946027+00:00
e41763b3-9c81-48a8-976a-88e1e04ada57,fUSD,0.000151,120,1,-10000.0,demand,2026-08-31T08:47:00.946027+00:00
e41763b3-9c81-48a8-976a-88e1e04ada57,fUSD,0.0001502,60,1,-20000.0,demand,2026-08-31T08:47:00.946027+00:00
e41763b3-9c81-48a8-976a-88e1e04ada57,fUSD,0.00015012,2,1,-44788.73794439,demand,2026-08-31T08:47:00.946027+00:00
e41763b3-9c81-48a8-976a-88e1e04ada57,fUSD,0.00015011,2,1,-2088501.12293192,demand,2026-08-31T08:47:00.946027+00:00
e41763b3-9c81-48a8-976a-88e1e04ada57,fUSD,0.00015,90,1,-19550.75,demand,2026-08-31T08:47:00.946027+00:00
e41763b3-9c81-48a8-976a-88e1e04ada57,fUSD,0.00015,29,1,-91297.81113844,demand,2026-08-31T08:47:00.946027+00:00
e41763b3-9c81-48a8-976a-88e1e04ada57,fUSD,0.00015,120,1,-500.0,demand,2026-08-31T08:47:00.946027+00:00
e41763b3-9c81-48a8-976a-88e1e04ada57,fUSD,0.00015,2,2,-2010000.0,demand,2026-08-31T08:47:00.946027+00:00
e41763b3-9c81-48a8-976a-88e1e04ada57,fUSD,0.00014811999999999998,2,1,-156.0,demand,2026-08-31T08:47:00.946027+00:00
e41763b3-9c81-48a8-976a-88e1e04ada57,fUSD,0.000145,7,1,-190.0,demand,2026-08-31T08:47:00.946027+00:00
e41763b3-9c81-48a8-976a-88e1e04ada57,fUSD,0.00014252,120,1,-10770.76644364,demand,2026-08-31T08:47:00.946027+00:00
e41763b3-9c81-48a8-976a-88e1e04ada57,fUSD,0.00014120000000000002,30,1,-13500.0,demand,2026-08-31T08:47:00.946027+00:00
e41763b3-9c81-48a8-976a-88e1e04ada57,fUSD,0.0001342,2,1,-891058.84582125,demand,2026-08-31T08:47:00.946027+00:00
e41763b3-9c81-48a8-976a-88e1e04ada57,fUSD,0.0002602714274100746,2,1,1833.0,offer,2026-08-31T08:47:00.946027+00:00
e41763b3-9c81-48a8-976a-88e1e04ada57,fUSD,0.0002602739726027397,2,1,150.0,offer,2026-08-31T08:47:00.946027+00:00
e41763b3-9c81-48a8-976a-88e1e04ada57,fUSD,0.00026033,2,1,195.667966,offer,2026-08-31T08:47:00.946027+00:00
e41763b3-9c81-48a8-976a-88e1e04ada57,fUSD,0.00026038525988527554,2,2,3550.0,offer,2026-08-31T08:47:00.946027+00:00
e41763b3-9c81-48a8-976a-88e1e04ada57,fUSD,0.00026057520599999997,2,1,157.80381945,offer,2026-08-31T08:47:00.946027+00:00
e41763b3-9c81-48a8-976a-88e1e04ada57,fUSD,0.00026061413835616436,2,1,206.98,offer,2026-08-31T08:47:00.946027+00:00
e41763b3-9c81-48a8-976a-88e1e04ada57,fUSD,0.00026067,2,1,317.66,offer,2026-08-31T08:47:00.946027+00:00
e41763b3-9c81-48a8-976a-88e1e04ada57,fUSD,0.0002607,2,2,701.86,offer,2026-08-31T08:47:00.946027+00:00
e41763b3-9c81-48a8-976a-88e1e04ada57,fUSD,0.00026074,2,1,425.63,offer,2026-08-31T08:47:00.946027+00:00
e41763b3-9c81-48a8-976a-88e1e04ada57,fUSD,0.00026087,2,1,176.39,offer,2026-08-31T08:47:00.946027+00:00
e41763b3-9c81-48a8-976a-88e1e04ada57,fUSD,0.0002611906,2,1,304.95,offer,2026-08-31T08:47:00.946027+00:00
e41763b3-9c81-48a8-976a-88e1e04ada57,fUSD,0.00026134,2,1,224.4,offer,2026-08-31T08:47:00.946027+00:00
e41763b3-9c81-48a8-976a-88e1e04ada57,fUSD,0.0002618811,2,1,2625.83847537,offer,2026-08-31T08:47:00.946027+00:00
e41763b3-9c81-48a8-976a-88e1e04ada57,fUSD,0.0002619089589041096,3,1,502.0,offer,2026-08-31T08:47:00.946027+00:00
e41763b3-9c81-48a8-976a-88e1e04ada57,fUSD,0.0002620849269577717,2,3,885.16891978,offer,2026-08-31T08:47:00.946027+00:00
e41763b3-9c81-48a8-976a-88e1e04ada57,fUSD,0.0002620949269577717,14,1,738.27,offer,2026-08-31T08:47:00.946027+00:00
e41763b3-9c81-48a8-976a-88e1e04ada57,fUSD,0.00026214,7,1,317.66,offer,2026-08-31T08:47:00.946027+00:00
e41763b3-9c81-48a8-976a-88e1e04ada57,fUSD,0.00026217,7,2,701.86,offer,2026-08-31T08:47:00.946027+00:00
e41763b3-9c81-48a8-976a-88e1e04ada57,fUSD,0.0002621811,2,1,304.95,offer,2026-08-31T08:47:00.946027+00:00
e41763b3-9c81-48a8-976a-88e1e04ada57,fUSD,0.00026221,7,1,425.63,offer,2026-08-31T08:47:00.946027+00:00
e41763b3-9c81-48a8-976a-88e1e04ada57,fUSD,0.00026270000000000004,2,1,203.1,offer,2026-08-31T08:47:00.946027+00:00
e41763b3-9c81-48a8-976a-88e1e04ada57,fUSD,0.00026274,7,1,224.4,offer,2026-08-31T08:47:00.946027+00:00
e41763b3-9c81-48a8-976a-88e1e04ada57,fUSD,0.00026298660000000003,7,1,229.44942706,offer,2026-08-31T08:47:00.946027+00:00
e41763b3-9c81-48a8-976a-88e1e04ada57,fUSD,0.00026299465473205477,30,1,174.43,offer,2026-08-31T08:47:00.946027+00:00
e41763b3-9c81-48a8-976a-88e1e04ada57,fUSD,0.0002630618,2,1,304.95,offer,2026-08-31T08:47:00.946027+00:00
ddefac38-c754-42fd-a8f3-6f926c7df0bc,fUSD,0.000273972602739726,120,1,-1307207.5507393,demand,2026-08-31T09:47:01.077213+00:00
ddefac38-c754-42fd-a8f3-6f926c7df0bc,fUSD,0.0002614912,2,1,-223.29,demand,2026-08-31T09:47:01.077213+00:00
ddefac38-c754-42fd-a8f3-6f926c7df0bc,fUSD,0.00022,30,1,-30100.0,demand,2026-08-31T09:47:01.077213+00:00
ddefac38-c754-42fd-a8f3-6f926c7df0bc,fUSD,0.00021,30,1,-30000.0,demand,2026-08-31T09:47:01.077213+00:00
ddefac38-c754-42fd-a8f3-6f926c7df0bc,fUSD,0.000209,30,1,-6289.12258117,demand,2026-08-31T09:47:01.077213+00:00
ddefac38-c754-42fd-a8f3-6f926c7df0bc,fUSD,0.0002,7,1,-150.0,demand,2026-08-31T09:47:01.077213+00:00
ddefac38-c754-42fd-a8f3-6f926c7df0bc,fUSD,0.00018010999999999998,120,1,-133240.73391109,demand,2026-08-31T09:47:01.077213+00:00
ddefac38-c754-42fd-a8f3-6f926c7df0bc,fUSD,0.0001777,120,1,-23123.30278361,demand,2026-08-31T09:47:01.077213+00:00
ddefac38-c754-42fd-a8f3-6f926c7df0bc,fUSD,0.000174,120,1,-12350.0,demand,2026-08-31T09:47:01.077213+00:00
ddefac38-c754-42fd-a8f3-6f926c7df0bc,fUSD,0.0001713,120,1,-14000.0,demand,2026-08-31T09:47:01.077213+00:00
ddefac38-c754-42fd-a8f3-6f926c7df0bc,fUSD,0.0001712,120,1,-20000.0,demand,2026-08-31T09:47:01.077213+00:00
ddefac38-c754-42fd-a8f3-6f926c7df0bc,fUSD,0.00017111,120,1,-2000000.0,demand,2026-08-31T09:47:01.077213+00:00
ddefac38-c754-42fd-a8f3-6f926c7df0bc,fUSD,0.00016,120,2,-10009162.66122322,demand,2026-08-31T09:47:01.077213+00:00
ddefac38-c754-42fd-a8f3-6f926c7df0bc,fUSD,0.000151,120,1,-10000.0,demand,2026-08-31T09:47:01.077213+00:00
ddefac38-c754-42fd-a8f3-6f926c7df0bc,fUSD,0.0001502,60,1,-20000.0,demand,2026-08-31T09:47:01.077213+00:00
ddefac38-c754-42fd-a8f3-6f926c7df0bc,fUSD,0.00015,90,1,-19550.75,demand,2026-08-31T09:47:01.077213+00:00
ddefac38-c754-42fd-a8f3-6f926c7df0bc,fUSD,0.00015,29,1,-91297.81113844,demand,2026-08-31T09:47:01.077213+00:00
ddefac38-c754-42fd-a8f3-6f926c7df0bc,fUSD,0.00015,120,1,-500.0,demand,2026-08-31T09:47:01.077213+00:00
ddefac38-c754-42fd-a8f3-6f926c7df0bc,fUSD,0.00015,2,1,-10000.0,demand,2026-08-31T09:47:01.077213+00:00
ddefac38-c754-42fd-a8f3-6f926c7df0bc,fUSD,0.000145,7,1,-190.0,demand,2026-08-31T09:47:01.077213+00:00
ddefac38-c754-42fd-a8f3-6f926c7df0bc,fUSD,0.00014252,120,1,-10770.76644364,demand,2026-08-31T09:47:01.077213+00:00
ddefac38-c754-42fd-a8f3-6f926c7df0bc,fUSD,0.00014120000000000002,30,1,-13500.0,demand,2026-08-31T09:47:01.077213+00:00
ddefac38-c754-42fd-a8f3-6f926c7df0bc,fUSD,0.0001342002,2,1,-580575.67732035,demand,2026-08-31T09:47:01.077213+00:00
ddefac38-c754-42fd-a8f3-6f926c7df0bc,fUSD,0.0001342,2,1,-891058.84582125,demand,2026-08-31T09:47:01.077213+00:00
ddefac38-c754-42fd-a8f3-6f926c7df0bc,fUSD,0.000131,13,1,-7000.0,demand,2026-08-31T09:47:01.077213+00:00
ddefac38-c754-42fd-a8f3-6f926c7df0bc,fUSD,0.00026191119373887106,2,2,3584.0,offer,2026-08-31T09:47:01.077213+00:00
ddefac38-c754-42fd-a8f3-6f926c7df0bc,fUSD,0.00026194246576,2,5,1829.43,offer,2026-08-31T09:47:01.077213+00:00
ddefac38-c754-42fd-a8f3-6f926c7df0bc,fUSD,0.0002619514538941853,2,3,5320.0,offer,2026-08-31T09:47:01.077213+00:00
ddefac38-c754-42fd-a8f3-6f926c7df0bc,fUSD,0.00026195616439,2,2,672.92,offer,2026-08-31T09:47:01.077213+00:00
ddefac38-c754-42fd-a8f3-6f926c7df0bc,fUSD,0.000262,2,1,420.04,offer,2026-08-31T09:47:01.077213+00:00
ddefac38-c754-42fd-a8f3-6f926c7df0bc,fUSD,0.000262062234174,2,1,931.79946419,offer,2026-08-31T09:47:01.077213+00:00
ddefac38-c754-42fd-a8f3-6f926c7df0bc,fUSD,0.00026227397260273976,2,3,712.83631565,offer,2026-08-31T09:47:01.077213+00:00
ddefac38-c754-42fd-a8f3-6f926c7df0bc,fUSD,0.00026229,7,1,420.04,offer,2026-08-31T09:47:01.077213+00:00
ddefac38-c754-42fd-a8f3-6f926c7df0bc,fUSD,0.00026243,30,1,630.06,offer,2026-08-31T09:47:01.077213+00:00
ddefac38-c754-42fd-a8f3-6f926c7df0bc,fUSD,0.00026256,2,1,1083.47424743,offer,2026-08-31T09:47:01.077213+00:00
ddefac38-c754-42fd-a8f3-6f926c7df0bc,fUSD,0.00026258,30,1,420.04,offer,2026-08-31T09:47:01.077213+00:00
ddefac38-c754-42fd-a8f3-6f926c7df0bc,fUSD,0.000262605,7,1,275.66646611,offer,2026-08-31T09:47:01.077213+00:00
ddefac38-c754-42fd-a8f3-6f926c7df0bc,fUSD,0.00026270000000000004,2,1,303.01,offer,2026-08-31T09:47:01.077213+00:00
ddefac38-c754-42fd-a8f3-6f926c7df0bc,fUSD,0.00026287,2,1,420.04,offer,2026-08-31T09:47:01.077213+00:00
ddefac38-c754-42fd-a8f3-6f926c7df0bc,fUSD,0.00026292531725879997,14,1,468.81288,offer,2026-08-31T09:47:01.077213+00:00
ddefac38-c754-42fd-a8f3-6f926c7df0bc,fUSD,0.00026316,7,2,596.46,offer,2026-08-31T09:47:01.077213+00:00
ddefac38-c754-42fd-a8f3-6f926c7df0bc,fUSD,0.000263172002,2,4,852.04916668,offer,2026-08-31T09:47:01.077213+00:00
ddefac38-c754-42fd-a8f3-6f926c7df0bc,fUSD,0.00026333,2,4,38826.86793383,offer,2026-08-31T09:47:01.077213+00:00
ddefac38-c754-42fd-a8f3-6f926c7df0bc,fUSD,0.00026344,30,1,420.04,offer,2026-08-31T09:47:01.077213+00:00
ddefac38-c754-42fd-a8f3-6f926c7df0bc,fUSD,0.00026356,7,1,500.0,offer,2026-08-31T09:47:01.077213+00:00
ddefac38-c754-42fd-a8f3-6f926c7df0bc,fUSD,0.0002636,2,1,2176.80376994,offer,2026-08-31T09:47:01.077213+00:00
ddefac38-c754-42fd-a8f3-6f926c7df0bc,fUSD,0.00026367,14,1,567.37,offer,2026-08-31T09:47:01.077213+00:00
ddefac38-c754-42fd-a8f3-6f926c7df0bc,fUSD,0.00026372200199999997,2,2,513.35939155,offer,2026-08-31T09:47:01.077213+00:00
ddefac38-c754-42fd-a8f3-6f926c7df0bc,fUSD,0.00026373,2,1,420.04,offer,2026-08-31T09:47:01.077213+00:00
ddefac38-c754-42fd-a8f3-6f926c7df0bc,fUSD,0.00026388,2,1,630.06,offer,2026-08-31T09:47:01.077213+00:00
e7d10611-2987-472c-8ac4-3469b8ae1ab2,fUSD,0.000273972602739726,120,1,-1201970.94218254,demand,2026-08-31T10:47:01.023792+00:00
e7d10611-2987-472c-8ac4-3469b8ae1ab2,fUSD,0.00022,30,1,-30100.0,demand,2026-08-31T10:47:01.023792+00:00
e7d10611-2987-472c-8ac4-3469b8ae1ab2,fUSD,0.00021,30,1,-30000.0,demand,2026-08-31T10:47:01.023792+00:00
e7d10611-2987-472c-8ac4-3469b8ae1ab2,fUSD,0.000209,30,1,-6289.12258117,demand,2026-08-31T10:47:01.023792+00:00
e7d10611-2987-472c-8ac4-3469b8ae1ab2,fUSD,0.0002,7,1,-150.0,demand,2026-08-31T10:47:01.023792+00:00
e7d10611-2987-472c-8ac4-3469b8ae1ab2,fUSD,0.00018010999999999998,120,1,-133240.73391109,demand,2026-08-31T10:47:01.023792+00:00
e7d10611-2987-472c-8ac4-3469b8ae1ab2,fUSD,0.0001777,120,1,-23123.30278361,demand,2026-08-31T10:47:01.023792+00:00
e7d10611-2987-472c-8ac4-3469b8ae1ab2,fUSD,0.000174,120,1,-12350.0,demand,2026-08-31T10:47:01.023792+00:00
e7d10611-2987-472c-8ac4-3469b8ae1ab2,fUSD,0.0001713,120,1,-14000.0,demand,2026-08-31T10:47:01.023792+00:00
e7d10611-2987-472c-8ac4-3469b8ae1ab2,fUSD,0.0001712,120,1,-20000.0,demand,2026-08-31T10:47:01.023792+00:00
e7d10611-2987-472c-8ac4-3469b8ae1ab2,fUSD,0.00017111,120,1,-2000000.0,demand,2026-08-31T10:47:01.023792+00:00
e7d10611-2987-472c-8ac4-3469b8ae1ab2,fUSD,0.00016,120,2,-10009162.66122322,demand,2026-08-31T10:47:01.023792+00:00
e7d10611-2987-472c-8ac4-3469b8ae1ab2,fUSD,0.000151,120,1,-10000.0,demand,2026-08-31T10:47:01.023792+00:00
e7d10611-2987-472c-8ac4-3469b8ae1ab2,fUSD,0.0001502,60,1,-20000.0,demand,2026-08-31T10:47:01.023792+00:00
e7d10611-2987-472c-8ac4-3469b8ae1ab2,fUSD,0.00015,90,1,-19550.75,demand,2026-08-31T10:47:01.023792+00:00
e7d10611-2987-472c-8ac4-3469b8ae1ab2,fUSD,0.00015,29,1,-91297.81113844,demand,2026-08-31T10:47:01.023792+00:00
e7d10611-2987-472c-8ac4-3469b8ae1ab2,fUSD,0.00015,120,1,-500.0,demand,2026-08-31T10:47:01.023792+00:00
e7d10611-2987-472c-8ac4-3469b8ae1ab2,fUSD,0.00015,2,1,-10000.0,demand,2026-08-31T10:47:01.023792+00:00
e7d10611-2987-472c-8ac4-3469b8ae1ab2,fUSD,0.000145,7,1,-190.0,demand,2026-08-31T10:47:01.023792+00:00
e7d10611-2987-472c-8ac4-3469b8ae1ab2,fUSD,0.00014252,120,1,-10770.76644364,demand,2026-08-31T10:47:01.023792+00:00
e7d10611-2987-472c-8ac4-3469b8ae1ab2,fUSD,0.00014120000000000002,30,1,-13500.0,demand,2026-08-31T10:47:01.023792+00:00
e7d10611-2987-472c-8ac4-3469b8ae1ab2,fUSD,0.0001342002,2,1,-579575.67732035,demand,2026-08-31T10:47:01.023792+00:00
e7d10611-2987-472c-8ac4-3469b8ae1ab2,fUSD,0.0001342,2,1,-891058.84582125,demand,2026-08-31T10:47:01.023792+00:00
e7d10611-2987-472c-8ac4-3469b8ae1ab2,fUSD,0.000131,13,1,-7000.0,demand,2026-08-31T10:47:01.023792+00:00
e7d10611-2987-472c-8ac4-3469b8ae1ab2,fUSD,0.00013,2,1,-2000000.0,demand,2026-08-31T10:47:01.023792+00:00
e7d10611-2987-472c-8ac4-3469b8ae1ab2,fUSD,0.0002492739726027397,2,1,389.77030928,offer,2026-08-31T10:47:01.023792+00:00
e7d10611-2987-472c-8ac4-3469b8ae1ab2,fUSD,0.0002492946447296074,2,1,1804.0,offer,2026-08-31T10:47:01.023792+00:00
e7d10611-2987-472c-8ac4-3469b8ae1ab2,fUSD,0.00024938,2,2,867.26585779,offer,2026-08-31T10:47:01.023792+00:00
e7d10611-2987-472c-8ac4-3469b8ae1ab2,fUSD,0.0002493890410958904,30,2,429.24,offer,2026-08-31T10:47:01.023792+00:00
e7d10611-2987-472c-8ac4-3469b8ae1ab2,fUSD,0.00024939,2,8,3466.41083909,offer,2026-08-31T10:47:01.023792+00:00
e7d10611-2987-472c-8ac4-3469b8ae1ab2,fUSD,0.0002498,2,1,507.0,offer,2026-08-31T10:47:01.023792+00:00
e7d10611-2987-472c-8ac4-3469b8ae1ab2,fUSD,0.0002499,2,1,15672.14232717,offer,2026-08-31T10:47:01.023792+00:00
e7d10611-2987-472c-8ac4-3469b8ae1ab2,fUSD,0.00024998,2,5,2300.0,offer,2026-08-31T10:47:01.023792+00:00
e7d10611-2987-472c-8ac4-3469b8ae1ab2,fUSD,0.00024999,2,19,9643.30949013,offer,2026-08-31T10:47:01.023792+00:00
e7d10611-2987-472c-8ac4-3469b8ae1ab2,fUSD,0.0002499931,2,1,300.43,offer,2026-08-31T10:47:01.023792+00:00
e7d10611-2987-472c-8ac4-3469b8ae1ab2,fUSD,0.00025021,2,1,500.0,offer,2026-08-31T10:47:01.023792+00:00
e7d10611-2987-472c-8ac4-3469b8ae1ab2,fUSD,0.0002503904109589041,2,1,21186.35779521,offer,2026-08-31T10:47:01.023792+00:00
e7d10611-2987-472c-8ac4-3469b8ae1ab2,fUSD,0.00025049,2,2,100627.0821032,offer,2026-08-31T10:47:01.023792+00:00
e7d10611-2987-472c-8ac4-3469b8ae1ab2,fUSD,0.00025082,2,1,246.19946969,offer,2026-08-31T10:47:01.023792+00:00
e7d10611-2987-472c-8ac4-3469b8ae1ab2,fUSD,0.0002509698630136986,2,1,500.0,offer,2026-08-31T10:47:01.023792+00:00
e7d10611-2987-472c-8ac4-3469b8ae1ab2,fUSD,0.0002509712,2,1,300.43,offer,2026-08-31T10:47:01.023792+00:00
e7d10611-2987-472c-8ac4-3469b8ae1ab2,fUSD,0.00025116438356164383,7,1,150.0,offer,2026-08-31T10:47:01.023792+00:00
e7d10611-2987-472c-8ac4-3469b8ae1ab2,fUSD,0.00025146,2,1,150.0,offer,2026-08-31T10:47:01.023792+00:00
e7d10611-2987-472c-8ac4-3469b8ae1ab2,fUSD,0.00025149,2,3,16331.57451833,offer,2026-08-31T10:47:01.023792+00:00
e7d10611-2987-472c-8ac4-3469b8ae1ab2,fUSD,0.0002518204,2,1,300.43,offer,2026-08-31T10:47:01.023792+00:00
e7d10611-2987-472c-8ac4-3469b8ae1ab2,fUSD,0.0002522,3,1,300.0,offer,2026-08-31T10:47:01.023792+00:00
e7d10611-2987-472c-8ac4-3469b8ae1ab2,fUSD,0.00025249,2,13,244499.11431423,offer,2026-08-31T10:47:01.023792+00:00
e7d10611-2987-472c-8ac4-3469b8ae1ab2,fUSD,0.0002525756,2,1,300.43,offer,2026-08-31T10:47:01.023792+00:00
e7d10611-2987-472c-8ac4-3469b8ae1ab2,fUSD,0.00025263312935957095,14,1,664.0,offer,2026-08-31T10:47:01.023792+00:00
e7d10611-2987-472c-8ac4-3469b8ae1ab2,fUSD,0.00025269,2,2,1000.0,offer,2026-08-31T10:47:01.023792+00:00
4e5c08b1-b81d-4277-a617-0454de9459e7,fUSD,0.000273972602739726,120,1,-1201439.39217572,demand,2026-08-31T11:47:00.998530+00:00
4e5c08b1-b81d-4277-a617-0454de9459e7,fUSD,0.00022,30,1,-30100.0,demand,2026-08-31T11:47:00.998530+00:00
4e5c08b1-b81d-4277-a617-0454de9459e7,fUSD,0.00021,30,1,-30000.0,demand,2026-08-31T11:47:00.998530+00:00
4e5c08b1-b81d-4277-a617-0454de9459e7,fUSD,0.000209,30,1,-6289.12258117,demand,2026-08-31T11:47:00.998530+00:00
4e5c08b1-b81d-4277-a617-0454de9459e7,fUSD,0.0002,7,1,-150.0,demand,2026-08-31T11:47:00.998530+00:00
4e5c08b1-b81d-4277-a617-0454de9459e7,fUSD,0.00018010999999999998,120,1,-133240.73391109,demand,2026-08-31T11:47:00.998530+00:00
4e5c08b1-b81d-4277-a617-0454de9459e7,fUSD,0.0001777,120,1,-23123.30278361,demand,2026-08-31T11:47:00.998530+00:00
4e5c08b1-b81d-4277-a617-0454de9459e7,fUSD,0.000174,120,1,-12350.0,demand,2026-08-31T11:47:00.998530+00:00
4e5c08b1-b81d-4277-a617-0454de9459e7,fUSD,0.0001713,120,1,-14000.0,demand,2026-08-31T11:47:00.998530+00:00
4e5c08b1-b81d-4277-a617-0454de9459e7,fUSD,0.0001712,120,1,-20000.0,demand,2026-08-31T11:47:00.998530+00:00
4e5c08b1-b81d-4277-a617-0454de9459e7,fUSD,0.00017111,120,1,-2000000.0,demand,2026-08-31T11:47:00.998530+00:00
4e5c08b1-b81d-4277-a617-0454de9459e7,fUSD,0.00017,2,1,-150.0,demand,2026-08-31T11:47:00.998530+00:00
4e5c08b1-b81d-4277-a617-0454de9459e7,fUSD,0.00016,120,2,-10009162.66122322,demand,2026-08-31T11:47:00.998530+00:00
4e5c08b1-b81d-4277-a617-0454de9459e7,fUSD,0.000151,120,1,-10000.0,demand,2026-08-31T11:47:00.998530+00:00
4e5c08b1-b81d-4277-a617-0454de9459e7,fUSD,0.0001502,60,1,-20000.0,demand,2026-08-31T11:47:00.998530+00:00
4e5c08b1-b81d-4277-a617-0454de9459e7,fUSD,0.00015,90,1,-19550.75,demand,2026-08-31T11:47:00.998530+00:00
4e5c08b1-b81d-4277-a617-0454de9459e7,fUSD,0.00015,29,1,-91297.81113844,demand,2026-08-31T11:47:00.998530+00:00
4e5c08b1-b81d-4277-a617-0454de9459e7,fUSD,0.00015,120,1,-500.0,demand,2026-08-31T11:47:00.998530+00:00
4e5c08b1-b81d-4277-a617-0454de9459e7,fUSD,0.00015,2,1,-10000.0,demand,2026-08-31T11:47:00.998530+00:00
4e5c08b1-b81d-4277-a617-0454de9459e7,fUSD,0.000145,7,1,-190.0,demand,2026-08-31T11:47:00.998530+00:00
4e5c08b1-b81d-4277-a617-0454de9459e7,fUSD,0.00014252,120,1,-10770.76644364,demand,2026-08-31T11:47:00.998530+00:00
4e5c08b1-b81d-4277-a617-0454de9459e7,fUSD,0.00014120000000000002,30,1,-13500.0,demand,2026-08-31T11:47:00.998530+00:00
4e5c08b1-b81d-4277-a617-0454de9459e7,fUSD,0.0001342002,2,1,-528601.60455255,demand,2026-08-31T11:47:00.998530+00:00
4e5c08b1-b81d-4277-a617-0454de9459e7,fUSD,0.0001342,2,1,-891058.84582125,demand,2026-08-31T11:47:00.998530+00:00
4e5c08b1-b81d-4277-a617-0454de9459e7,fUSD,0.000131,13,1,-7000.0,demand,2026-08-31T11:47:00.998530+00:00
4e5c08b1-b81d-4277-a617-0454de9459e7,fUSD,0.000229,2,3,932.5418116,offer,2026-08-31T11:47:00.998530+00:00
4e5c08b1-b81d-4277-a617-0454de9459e7,fUSD,0.00022912876712328768,2,2,391.83105842,offer,2026-08-31T11:47:00.998530+00:00
4e5c08b1-b81d-4277-a617-0454de9459e7,fUSD,0.0002291671232876712,2,2,520.23062612,offer,2026-08-31T11:47:00.998530+00:00
4e5c08b1-b81d-4277-a617-0454de9459e7,fUSD,0.00022916986301369863,2,1,195.21438951,offer,2026-08-31T11:47:00.998530+00:00
4e5c08b1-b81d-4277-a617-0454de9459e7,fUSD,0.0002291957,2,1,315.53,offer,2026-08-31T11:47:00.998530+00:00
4e5c08b1-b81d-4277-a617-0454de9459e7,fUSD,0.0002294335,2,1,456.51,offer,2026-08-31T11:47:00.998530+00:00
4e5c08b1-b81d-4277-a617-0454de9459e7,fUSD,0.00022953595917157317,2,1,202.98192678,offer,2026-08-31T11:47:00.998530+00:00
4e5c08b1-b81d-4277-a617-0454de9459e7,fUSD,0.00022954595917157317,2,1,4270.3088154,offer,2026-08-31T11:47:00.998530+00:00
4e5c08b1-b81d-4277-a617-0454de9459e7,fUSD,0.0002295978,2,1,1484.79386803,offer,2026-08-31T11:47:00.998530+00:00
4e5c08b1-b81d-4277-a617-0454de9459e7,fUSD,0.0002302373,2,1,315.53,offer,2026-08-31T11:47:00.998530+00:00
4e5c08b1-b81d-4277-a617-0454de9459e7,fUSD,0.00023026233714630137,30,1,158.82,offer,2026-08-31T11:47:00.998530+00:00
4e5c08b1-b81d-4277-a617-0454de9459e7,fUSD,0.000231034586,2,29,207499.25754704,offer,2026-08-31T11:47:00.998530+00:00
4e5c08b1-b81d-4277-a617-0454de9459e7,fUSD,0.000231034586,15,1,213.88437675,offer,2026-08-31T11:47:00.998530+00:00
4e5c08b1-b81d-4277-a617-0454de9459e7,fUSD,0.00023109024625,2,1,168.32323215,offer,2026-08-31T11:47:00.998530+00:00
4e5c08b1-b81d-4277-a617-0454de9459e7,fUSD,0.0002311793,2,2,631.13,offer,2026-08-31T11:47:00.998530+00:00
4e5c08b1-b81d-4277-a617-0454de9459e7,fUSD,0.000232,2,3,932.5418116,offer,2026-08-31T11:47:00.998530+00:00
4e5c08b1-b81d-4277-a617-0454de9459e7,fUSD,0.000232027397260274,4,8,1345.32038659,offer,2026-08-31T11:47:00.998530+00:00
4e5c08b1-b81d-4277-a617-0454de9459e7,fUSD,0.0002321099,2,1,200.0,offer,2026-08-31T11:47:00.998530+00:00
4e5c08b1-b81d-4277-a617-0454de9459e7,fUSD,0.00023233526164383563,2,1,215.06,offer,2026-08-31T11:47:00.998530+00:00
4e5c08b1-b81d-4277-a617-0454de9459e7,fUSD,0.00023377458599999998,2,1,152.22755033,offer,2026-08-31T11:47:00.998530+00:00
4e5c08b1-b81d-4277-a617-0454de9459e7,fUSD,0.000234,2,3,932.5418116,offer,2026-08-31T11:47:00.998530+00:00
4e5c08b1-b81d-4277-a617-0454de9459e7,fUSD,0.0002345056,2,1,1484.79386803,offer,2026-08-31T11:47:00.998530+00:00
4e5c08b1-b81d-4277-a617-0454de9459e7,fUSD,0.0002351693904109589,2,1,456.51,offer,2026-08-31T11:47:00.998530+00:00
4e5c08b1-b81d-4277-a617-0454de9459e7,fUSD,0.00023565527772,5,1,173.14449545,offer,2026-08-31T11:47:00.998530+00:00
4e5c08b1-b81d-4277-a617-0454de9459e7,fUSD,0.00023578,2,1,500.0,offer,2026-08-31T11:47:00.998530+00:00
afad2180-89ad-4289-bda9-a00c7c3d535c,fUSD,0.000273972602739726,120,1,-1182384.55221441,demand,2026-08-31T12:47:00.982012+00:00
afad2180-89ad-4289-bda9-a00c7c3d535c,fUSD,0.00022,30,1,-30100.0,demand,2026-08-31T12:47:00.982012+00:00
afad2180-89ad-4289-bda9-a00c7c3d535c,fUSD,0.00021,30,1,-30000.0,demand,2026-08-31T12:47:00.982012+00:00
afad2180-89ad-4289-bda9-a00c7c3d535c,fUSD,0.000209,30,1,-6289.12258117,demand,2026-08-31T12:47:00.982012+00:00
afad2180-89ad-4289-bda9-a00c7c3d535c,fUSD,0.0002,7,1,-150.0,demand,2026-08-31T12:47:00.982012+00:00
afad2180-89ad-4289-bda9-a00c7c3d535c,fUSD,0.00018010999999999998,120,1,-133240.73391109,demand,2026-08-31T12:47:00.982012+00:00
afad2180-89ad-4289-bda9-a00c7c3d535c,fUSD,0.0001777,120,1,-23123.30278361,demand,2026-08-31T12:47:00.982012+00:00
afad2180-89ad-4289-bda9-a00c7c3d535c,fUSD,0.000174,120,1,-12350.0,demand,2026-08-31T12:47:00.982012+00:00
afad2180-89ad-4289-bda9-a00c7c3d535c,fUSD,0.0001713,120,1,-14000.0,demand,2026-08-31T12:47:00.982012+00:00
afad2180-89ad-4289-bda9-a00c7c3d535c,fUSD,0.0001712,120,1,-20000.0,demand,2026-08-31T12:47:00.982012+00:00
afad2180-89ad-4289-bda9-a00c7c3d535c,fUSD,0.00017111,120,1,-2000000.0,demand,2026-08-31T12:47:00.982012+00:00
afad2180-89ad-4289-bda9-a00c7c3d535c,fUSD,0.00016,120,2,-10009162.66122322,demand,2026-08-31T12:47:00.982012+00:00
afad2180-89ad-4289-bda9-a00c7c3d535c,fUSD,0.000151,120,1,-10000.0,demand,2026-08-31T12:47:00.982012+00:00
afad2180-89ad-4289-bda9-a00c7c3d535c,fUSD,0.0001502,60,1,-20000.0,demand,2026-08-31T12:47:00.982012+00:00
afad2180-89ad-4289-bda9-a00c7c3d535c,fUSD,0.00015,90,1,-19550.75,demand,2026-08-31T12:47:00.982012+00:00
afad2180-89ad-4289-bda9-a00c7c3d535c,fUSD,0.00015,29,1,-91297.81113844,demand,2026-08-31T12:47:00.982012+00:00
afad2180-89ad-4289-bda9-a00c7c3d535c,fUSD,0.00015,120,1,-500.0,demand,2026-08-31T12:47:00.982012+00:00
afad2180-89ad-4289-bda9-a00c7c3d535c,fUSD,0.00015,2,1,-10000.0,demand,2026-08-31T12:47:00.982012+00:00
afad2180-89ad-4289-bda9-a00c7c3d535c,fUSD,0.000145,7,1,-190.0,demand,2026-08-31T12:47:00.982012+00:00
afad2180-89ad-4289-bda9-a00c7c3d535c,fUSD,0.00014252,120,1,-10770.76644364,demand,2026-08-31T12:47:00.982012+00:00
afad2180-89ad-4289-bda9-a00c7c3d535c,fUSD,0.00014120000000000002,30,1,-13500.0,demand,2026-08-31T12:47:00.982012+00:00
afad2180-89ad-4289-bda9-a00c7c3d535c,fUSD,0.0001342002,2,1,-502728.03843507,demand,2026-08-31T12:47:00.982012+00:00
afad2180-89ad-4289-bda9-a00c7c3d535c,fUSD,0.0001342,2,1,-891058.84582125,demand,2026-08-31T12:47:00.982012+00:00
afad2180-89ad-4289-bda9-a00c7c3d535c,fUSD,0.000131,13,1,-7000.0,demand,2026-08-31T12:47:00.982012+00:00
afad2180-89ad-4289-bda9-a00c7c3d535c,fUSD,0.00013,2,1,-2000000.0,demand,2026-08-31T12:47:00.982012+00:00
afad2180-89ad-4289-bda9-a00c7c3d535c,fUSD,0.00018375,2,1,150.0,offer,2026-08-31T12:47:00.982012+00:00
afad2180-89ad-4289-bda9-a00c7c3d535c,fUSD,0.0001841,2,1,150.0,offer,2026-08-31T12:47:00.982012+00:00
afad2180-89ad-4289-bda9-a00c7c3d535c,fUSD,0.00018500000000000002,2,1,150.0,offer,2026-08-31T12:47:00.982012+00:00
afad2180-89ad-4289-bda9-a00c7c3d535c,fUSD,0.0001858355,2,1,167.37,offer,2026-08-31T12:47:00.982012+00:00
afad2180-89ad-4289-bda9-a00c7c3d535c,fUSD,0.0001859,2,1,170.0,offer,2026-08-31T12:47:00.982012+00:00
afad2180-89ad-4289-bda9-a00c7c3d535c,fUSD,0.0001860827,2,1,150.0,offer,2026-08-31T12:47:00.982012+00:00
afad2180-89ad-4289-bda9-a00c7c3d535c,fUSD,0.00018625,2,1,150.0,offer,2026-08-31T12:47:00.982012+00:00
afad2180-89ad-4289-bda9-a00c7c3d535c,fUSD,0.0001875,2,1,150.0,offer,2026-08-31T12:47:00.982012+00:00
afad2180-89ad-4289-bda9-a00c7c3d535c,fUSD,0.00018875,2,1,150.0,offer,2026-08-31T12:47:00.982012+00:00
afad2180-89ad-4289-bda9-a00c7c3d535c,fUSD,0.00019000000000000004,2,2,300.0,offer,2026-08-31T12:47:00.982012+00:00
afad2180-89ad-4289-bda9-a00c7c3d535c,fUSD,0.00019053,2,1,418.91479919,offer,2026-08-31T12:47:00.982012+00:00
afad2180-89ad-4289-bda9-a00c7c3d535c,fUSD,0.00019125,2,1,150.0,offer,2026-08-31T12:47:00.982012+00:00
afad2180-89ad-4289-bda9-a00c7c3d535c,fUSD,0.00019162428264,2,1,305.92,offer,2026-08-31T12:47:00.982012+00:00
afad2180-89ad-4289-bda9-a00c7c3d535c,fUSD,0.0001925,2,1,150.0,offer,2026-08-31T12:47:00.982012+00:00
afad2180-89ad-4289-bda9-a00c7c3d535c,fUSD,0.000192831,7,1,174.81947672,offer,2026-08-31T12:47:00.982012+00:00
afad2180-89ad-4289-bda9-a00c7c3d535c,fUSD,0.00019311,2,13,6350.47351111,offer,2026-08-31T12:47:00.982012+00:00
afad2180-89ad-4289-bda9-a00c7c3d535c,fUSD,0.00019312,2,1,480.70243188,offer,2026-08-31T12:47:00.982012+00:00
afad2180-89ad-4289-bda9-a00c7c3d535c,fUSD,0.00019375,2,1,150.0,offer,2026-08-31T12:47:00.982012+00:00
afad2180-89ad-4289-bda9-a00c7c3d535c,fUSD,0.00019386537853041097,2,1,305.92,offer,2026-08-31T12:47:00.982012+00:00
afad2180-89ad-4289-bda9-a00c7c3d535c,fUSD,0.00019411,2,6,2347.69478349,offer,2026-08-31T12:47:00.982012+00:00
afad2180-89ad-4289-bda9-a00c7c3d535c,fUSD,0.00019412,2,2,5098.29975394,offer,2026-08-31T12:47:00.982012+00:00
afad2180-89ad-4289-bda9-a00c7c3d535c,fUSD,0.000195,2,1,150.0,offer,2026-08-31T12:47:00.982012+00:00
afad2180-89ad-4289-bda9-a00c7c3d535c,fUSD,0.00019605,2,1,166.63505771,offer,2026-08-31T12:47:00.982012+00:00
afad2180-89ad-4289-bda9-a00c7c3d535c,fUSD,0.000196055,2,1,480.70243188,offer,2026-08-31T12:47:00.982012+00:00
afad2180-89ad-4289-bda9-a00c7c3d535c,fUSD,0.00019610647442082192,2,1,305.92,offer,2026-08-31T12:47:00.982012+00:00
7a2ac5f5-4940-4e1c-aed1-423efcce9bb1,fUSD,0.000273972602739726,120,1,-1113103.99221441,demand,2026-08-31T13:47:01.079959+00:00
7a2ac5f5-4940-4e1c-aed1-423efcce9bb1,fUSD,0.00022,30,1,-30100.0,demand,2026-08-31T13:47:01.079959+00:00
7a2ac5f5-4940-4e1c-aed1-423efcce9bb1,fUSD,0.00021,30,1,-30000.0,demand,2026-08-31T13:47:01.079959+00:00
7a2ac5f5-4940-4e1c-aed1-423efcce9bb1,fUSD,0.000209,30,1,-6289.12258117,demand,2026-08-31T13:47:01.079959+00:00
7a2ac5f5-4940-4e1c-aed1-423efcce9bb1,fUSD,0.0002,7,1,-150.0,demand,2026-08-31T13:47:01.079959+00:00
7a2ac5f5-4940-4e1c-aed1-423efcce9bb1,fUSD,0.00018010999999999998,120,1,-133240.73391109,demand,2026-08-31T13:47:01.079959+00:00
7a2ac5f5-4940-4e1c-aed1-423efcce9bb1,fUSD,0.0001777,120,1,-23123.30278361,demand,2026-08-31T13:47:01.079959+00:00
7a2ac5f5-4940-4e1c-aed1-423efcce9bb1,fUSD,0.000174,120,1,-12350.0,demand,2026-08-31T13:47:01.079959+00:00
7a2ac5f5-4940-4e1c-aed1-423efcce9bb1,fUSD,0.0001713,120,1,-14000.0,demand,2026-08-31T13:47:01.079959+00:00
7a2ac5f5-4940-4e1c-aed1-423efcce9bb1,fUSD,0.0001712,120,1,-20000.0,demand,2026-08-31T13:47:01.079959+00:00
7a2ac5f5-4940-4e1c-aed1-423efcce9bb1,fUSD,0.00017111,120,1,-2000000.0,demand,2026-08-31T13:47:01.079959+00:00
7a2ac5f5-4940-4e1c-aed1-423efcce9bb1,fUSD,0.00017002,2,1,-150.0,demand,2026-08-31T13:47:01.079959+00:00
7a2ac5f5-4940-4e1c-aed1-423efcce9bb1,fUSD,0.00016,120,2,-10009162.66122322,demand,2026-08-31T13:47:01.079959+00:00
7a2ac5f5-4940-4e1c-aed1-423efcce9bb1,fUSD,0.000151,120,1,-10000.0,demand,2026-08-31T13:47:01.079959+00:00
7a2ac5f5-4940-4e1c-aed1-423efcce9bb1,fUSD,0.0001502,60,1,-20000.0,demand,2026-08-31T13:47:01.079959+00:00
7a2ac5f5-4940-4e1c-aed1-423efcce9bb1,fUSD,0.00015002,2,1,-211279.62721588,demand,2026-08-31T13:47:01.079959+00:00
7a2ac5f5-4940-4e1c-aed1-423efcce9bb1,fUSD,0.00015001,2,1,-46743.757,demand,2026-08-31T13:47:01.079959+00:00
7a2ac5f5-4940-4e1c-aed1-423efcce9bb1,fUSD,0.00015,90,1,-19550.75,demand,2026-08-31T13:47:01.079959+00:00
7a2ac5f5-4940-4e1c-aed1-423efcce9bb1,fUSD,0.00015,29,1,-91297.81113844,demand,2026-08-31T13:47:01.079959+00:00
7a2ac5f5-4940-4e1c-aed1-423efcce9bb1,fUSD,0.00015,120,1,-500.0,demand,2026-08-31T13:47:01.079959+00:00
7a2ac5f5-4940-4e1c-aed1-423efcce9bb1,fUSD,0.00015,2,1,-10000.0,demand,2026-08-31T13:47:01.079959+00:00
7a2ac5f5-4940-4e1c-aed1-423efcce9bb1,fUSD,0.000145,7,1,-190.0,demand,2026-08-31T13:47:01.079959+00:00
7a2ac5f5-4940-4e1c-aed1-423efcce9bb1,fUSD,0.00014252,120,1,-10770.76644364,demand,2026-08-31T13:47:01.079959+00:00
7a2ac5f5-4940-4e1c-aed1-423efcce9bb1,fUSD,0.00014120000000000002,30,1,-13500.0,demand,2026-08-31T13:47:01.079959+00:00
7a2ac5f5-4940-4e1c-aed1-423efcce9bb1,fUSD,0.0001342002,2,1,-502728.03843507,demand,2026-08-31T13:47:01.079959+00:00
7a2ac5f5-4940-4e1c-aed1-423efcce9bb1,fUSD,0.00017998,2,6,2598.79423774,offer,2026-08-31T13:47:01.079959+00:00
7a2ac5f5-4940-4e1c-aed1-423efcce9bb1,fUSD,0.00017999,2,1,18906.45516252,offer,2026-08-31T13:47:01.079959+00:00
7a2ac5f5-4940-4e1c-aed1-423efcce9bb1,fUSD,0.00018,5,1,6043520.0,offer,2026-08-31T13:47:01.079959+00:00
7a2ac5f5-4940-4e1c-aed1-423efcce9bb1,fUSD,0.00020487,3,1,184.8057045,offer,2026-08-31T13:47:01.079959+00:00
7a2ac5f5-4940-4e1c-aed1-423efcce9bb1,fUSD,0.00020587,2,1,253.57888578,offer,2026-08-31T13:47:01.079959+00:00
7a2ac5f5-4940-4e1c-aed1-423efcce9bb1,fUSD,0.0002068657534246575,2,3,548.53554203,offer,2026-08-31T13:47:01.079959+00:00
7a2ac5f5-4940-4e1c-aed1-423efcce9bb1,fUSD,0.00020686575342465752,2,1,150.0,offer,2026-08-31T13:47:01.079959+00:00
7a2ac5f5-4940-4e1c-aed1-423efcce9bb1,fUSD,0.00020703245895943858,2,1,319.02087143,offer,2026-08-31T13:47:01.079959+00:00
7a2ac5f5-4940-4e1c-aed1-423efcce9bb1,fUSD,0.000208222,2,2,1048.7,offer,2026-08-31T13:47:01.079959+00:00
7a2ac5f5-4940-4e1c-aed1-423efcce9bb1,fUSD,0.0002083825,2,1,200.0,offer,2026-08-31T13:47:01.079959+00:00
7a2ac5f5-4940-4e1c-aed1-423efcce9bb1,fUSD,0.00020974,2,3,660.07,offer,2026-08-31T13:47:01.079959+00:00
7a2ac5f5-4940-4e1c-aed1-423efcce9bb1,fUSD,0.000213,2,1,394.09535271,offer,2026-08-31T13:47:01.079959+00:00
7a2ac5f5-4940-4e1c-aed1-423efcce9bb1,fUSD,0.000215,2,1,394.09535271,offer,2026-08-31T13:47:01.079959+00:00
7a2ac5f5-4940-4e1c-aed1-423efcce9bb1,fUSD,0.0002157,2,1,2000.0,offer,2026-08-31T13:47:01.079959+00:00
7a2ac5f5-4940-4e1c-aed1-423efcce9bb1,fUSD,0.0002167,2,1,2000.0,offer,2026-08-31T13:47:01.079959+00:00
7a2ac5f5-4940-4e1c-aed1-423efcce9bb1,fUSD,0.000217,2,1,394.09535271,offer,2026-08-31T13:47:01.079959+00:00
7a2ac5f5-4940-4e1c-aed1-423efcce9bb1,fUSD,0.00021736986301369862,2,9,2190.52955824,offer,2026-08-31T13:47:01.079959+00:00
7a2ac5f5-4940-4e1c-aed1-423efcce9bb1,fUSD,0.00021738787464708133,2,1,208.0,offer,2026-08-31T13:47:01.079959+00:00
7a2ac5f5-4940-4e1c-aed1-423efcce9bb1,fUSD,0.0002173890410958904,2,2,416.0,offer,2026-08-31T13:47:01.079959+00:00
7a2ac5f5-4940-4e1c-aed1-423efcce9bb1,fUSD,0.00021738978781999998,2,3,1227.70555001,offer,2026-08-31T13:47:01.079959+00:00
7a2ac5f5-4940-4e1c-aed1-423efcce9bb1,fUSD,0.00021739,2,2,350.53877517,offer,2026-08-31T13:47:01.079959+00:00
7a2ac5f5-4940-4e1c-aed1-423efcce9bb1,fUSD,0.00021739,3,1,157.0,offer,2026-08-31T13:47:01.079959+00:00
7a2ac5f5-4940-4e1c-aed1-423efcce9bb1,fUSD,0.0002173910652167192,2,1,203.0,offer,2026-08-31T13:47:01.079959+00:00
7a2ac5f5-4940-4e1c-aed1-423efcce9bb1,fUSD,0.00021752,2,1,1000.0,offer,2026-08-31T13:47:01.079959+00:00
7a2ac5f5-4940-4e1c-aed1-423efcce9bb1,fUSD,0.0002175842934791783,2,1,3367.66335054,offer,2026-08-31T13:47:01.079959+00:00
147cdca8-6799-4073-a0e9-292b04aeeb27,fUSD,0.000273972602739726,120,1,-628011.30115566,demand,2026-08-31T14:47:01.129704+00:00
147cdca8-6799-4073-a0e9-292b04aeeb27,fUSD,0.00022,30,1,-30100.0,demand,2026-08-31T14:47:01.129704+00:00
147cdca8-6799-4073-a0e9-292b04aeeb27,fUSD,0.00021,30,1,-30000.0,demand,2026-08-31T14:47:01.129704+00:00
147cdca8-6799-4073-a0e9-292b04aeeb27,fUSD,0.000209,30,1,-6289.12258117,demand,2026-08-31T14:47:01.129704+00:00
147cdca8-6799-4073-a0e9-292b04aeeb27,fUSD,0.0002,7,1,-150.0,demand,2026-08-31T14:47:01.129704+00:00
147cdca8-6799-4073-a0e9-292b04aeeb27,fUSD,0.00018010999999999998,120,1,-133240.73391109,demand,2026-08-31T14:47:01.129704+00:00
147cdca8-6799-4073-a0e9-292b04aeeb27,fUSD,0.0001777,120,1,-23123.30278361,demand,2026-08-31T14:47:01.129704+00:00
147cdca8-6799-4073-a0e9-292b04aeeb27,fUSD,0.000174,120,1,-12350.0,demand,2026-08-31T14:47:01.129704+00:00
147cdca8-6799-4073-a0e9-292b04aeeb27,fUSD,0.0001713,120,1,-14000.0,demand,2026-08-31T14:47:01.129704+00:00
147cdca8-6799-4073-a0e9-292b04aeeb27,fUSD,0.0001712,120,1,-20000.0,demand,2026-08-31T14:47:01.129704+00:00
147cdca8-6799-4073-a0e9-292b04aeeb27,fUSD,0.00017111,120,1,-2000000.0,demand,2026-08-31T14:47:01.129704+00:00
147cdca8-6799-4073-a0e9-292b04aeeb27,fUSD,0.00016,120,2,-10009162.66122322,demand,2026-08-31T14:47:01.129704+00:00
147cdca8-6799-4073-a0e9-292b04aeeb27,fUSD,0.000151,120,1,-10000.0,demand,2026-08-31T14:47:01.129704+00:00
147cdca8-6799-4073-a0e9-292b04aeeb27,fUSD,0.0001502,60,1,-20000.0,demand,2026-08-31T14:47:01.129704+00:00
147cdca8-6799-4073-a0e9-292b04aeeb27,fUSD,0.00015,90,1,-19550.75,demand,2026-08-31T14:47:01.129704+00:00
147cdca8-6799-4073-a0e9-292b04aeeb27,fUSD,0.00015,29,1,-91297.81113844,demand,2026-08-31T14:47:01.129704+00:00
147cdca8-6799-4073-a0e9-292b04aeeb27,fUSD,0.00015,120,1,-500.0,demand,2026-08-31T14:47:01.129704+00:00
147cdca8-6799-4073-a0e9-292b04aeeb27,fUSD,0.00015,2,1,-10000.0,demand,2026-08-31T14:47:01.129704+00:00
147cdca8-6799-4073-a0e9-292b04aeeb27,fUSD,0.000145,7,1,-190.0,demand,2026-08-31T14:47:01.129704+00:00
147cdca8-6799-4073-a0e9-292b04aeeb27,fUSD,0.00014252,120,1,-10770.76644364,demand,2026-08-31T14:47:01.129704+00:00
147cdca8-6799-4073-a0e9-292b04aeeb27,fUSD,0.00014120000000000002,30,1,-13500.0,demand,2026-08-31T14:47:01.129704+00:00
147cdca8-6799-4073-a0e9-292b04aeeb27,fUSD,0.0001354,2,1,-150.0,demand,2026-08-31T14:47:01.129704+00:00
147cdca8-6799-4073-a0e9-292b04aeeb27,fUSD,0.0001342002,2,1,-459528.45955143,demand,2026-08-31T14:47:01.129704+00:00
147cdca8-6799-4073-a0e9-292b04aeeb27,fUSD,0.0001342,2,1,-891058.84582125,demand,2026-08-31T14:47:01.129704+00:00
147cdca8-6799-4073-a0e9-292b04aeeb27,fUSD,0.000131,13,1,-7000.0,demand,2026-08-31T14:47:01.129704+00:00
147cdca8-6799-4073-a0e9-292b04aeeb27,fUSD,0.00014000000000000001,7,1,1485531.40316862,offer,2026-08-31T14:47:01.129704+00:00
147cdca8-6799-4073-a0e9-292b04aeeb27,fUSD,0.00014000000000000001,2,5,3862.84359304,offer,2026-08-31T14:47:01.129704+00:00
147cdca8-6799-4073-a0e9-292b04aeeb27,fUSD,0.00014012,2,1,179.0,offer,2026-08-31T14:47:01.129704+00:00
147cdca8-6799-4073-a0e9-292b04aeeb27,fUSD,0.00014039,2,1,2272.05947037,offer,2026-08-31T14:47:01.129704+00:00
147cdca8-6799-4073-a0e9-292b04aeeb27,fUSD,0.000140454,7,3,616.25223808,offer,2026-08-31T14:47:01.129704+00:00
147cdca8-6799-4073-a0e9-292b04aeeb27,fUSD,0.0001406,2,1,370.39,offer,2026-08-31T14:47:01.129704+00:00
147cdca8-6799-4073-a0e9-292b04aeeb27,fUSD,0.0001406,7,1,150.0,offer,2026-08-31T14:47:01.129704+00:00
147cdca8-6799-4073-a0e9-292b04aeeb27,fUSD,0.00014068994999999997,2,1,186.0896,offer,2026-08-31T14:47:01.129704+00:00
147cdca8-6799-4073-a0e9-292b04aeeb27,fUSD,0.00014088521506849314,2,1,1161.54,offer,2026-08-31T14:47:01.129704+00:00
147cdca8-6799-4073-a0e9-292b04aeeb27,fUSD,0.00014103,2,1,194.0,offer,2026-08-31T14:47:01.129704+00:00
147cdca8-6799-4073-a0e9-292b04aeeb27,fUSD,0.0001412426,2,1,323.42,offer,2026-08-31T14:47:01.129704+00:00
147cdca8-6799-4073-a0e9-292b04aeeb27,fUSD,0.00014165,2,1,156.09,offer,2026-08-31T14:47:01.129704+00:00
147cdca8-6799-4073-a0e9-292b04aeeb27,fUSD,0.00014168,2,1,692.57646665,offer,2026-08-31T14:47:01.129704+00:00
147cdca8-6799-4073-a0e9-292b04aeeb27,fUSD,0.00014175,7,1,366.20700784,offer,2026-08-31T14:47:01.129704+00:00
147cdca8-6799-4073-a0e9-292b04aeeb27,fUSD,0.00014199,2,1,500.0,offer,2026-08-31T14:47:01.129704+00:00
147cdca8-6799-4073-a0e9-292b04aeeb27,fUSD,0.000142,6,1,54724.3,offer,2026-08-31T14:47:01.129704+00:00
147cdca8-6799-4073-a0e9-292b04aeeb27,fUSD,0.0001422327,2,1,186.92,offer,2026-08-31T14:47:01.129704+00:00
147cdca8-6799-4073-a0e9-292b04aeeb27,fUSD,0.00014271631500000002,7,3,973.21065219,offer,2026-08-31T14:47:01.129704+00:00
147cdca8-6799-4073-a0e9-292b04aeeb27,fUSD,0.00014280000000000003,2,1,1644.86756867,offer,2026-08-31T14:47:01.129704+00:00
147cdca8-6799-4073-a0e9-292b04aeeb27,fUSD,0.00014315,2,1,323.42,offer,2026-08-31T14:47:01.129704+00:00
147cdca8-6799-4073-a0e9-292b04aeeb27,fUSD,0.00014341200000000002,7,1,150.0,offer,2026-08-31T14:47:01.129704+00:00
147cdca8-6799-4073-a0e9-292b04aeeb27,fUSD,0.0001434915,2,1,305.02,offer,2026-08-31T14:47:01.129704+00:00
147cdca8-6799-4073-a0e9-292b04aeeb27,fUSD,0.00014383561643835615,2,1,731.55,offer,2026-08-31T14:47:01.129704+00:00
147cdca8-6799-4073-a0e9-292b04aeeb27,fUSD,0.00014416165342465753,2,1,1161.54,offer,2026-08-31T14:47:01.129704+00:00
147cdca8-6799-4073-a0e9-292b04aeeb27,fUSD,0.00014424,2,1,183.99,offer,2026-08-31T14:47:01.129704+00:00
5871049b-d1b2-4a51-9947-34954a826ca7,fUSD,0.000273972602739726,120,1,-619178.05995166,demand,2026-08-31T15:47:00.828945+00:00
5871049b-d1b2-4a51-9947-34954a826ca7,fUSD,0.00022,30,1,-30100.0,demand,2026-08-31T15:47:00.828945+00:00
5871049b-d1b2-4a51-9947-34954a826ca7,fUSD,0.00021,30,1,-30000.0,demand,2026-08-31T15:47:00.828945+00:00
5871049b-d1b2-4a51-9947-34954a826ca7,fUSD,0.000209,30,1,-6289.12258117,demand,2026-08-31T15:47:00.828945+00:00
5871049b-d1b2-4a51-9947-34954a826ca7,fUSD,0.0002,7,1,-150.0,demand,2026-08-31T15:47:00.828945+00:00
5871049b-d1b2-4a51-9947-34954a826ca7,fUSD,0.00018010999999999998,120,1,-133240.73391109,demand,2026-08-31T15:47:00.828945+00:00
5871049b-d1b2-4a51-9947-34954a826ca7,fUSD,0.00018,7,1,-500.0,demand,2026-08-31T15:47:00.828945+00:00
5871049b-d1b2-4a51-9947-34954a826ca7,fUSD,0.0001777,120,1,-23123.30278361,demand,2026-08-31T15:47:00.828945+00:00
5871049b-d1b2-4a51-9947-34954a826ca7,fUSD,0.000174,120,1,-12350.0,demand,2026-08-31T15:47:00.828945+00:00
5871049b-d1b2-4a51-9947-34954a826ca7,fUSD,0.0001713,120,1,-14000.0,demand,2026-08-31T15:47:00.828945+00:00
5871049b-d1b2-4a51-9947-34954a826ca7,fUSD,0.0001712,120,1,-20000.0,demand,2026-08-31T15:47:00.828945+00:00
5871049b-d1b2-4a51-9947-34954a826ca7,fUSD,0.00017111,120,1,-2000000.0,demand,2026-08-31T15:47:00.828945+00:00
5871049b-d1b2-4a51-9947-34954a826ca7,fUSD,0.00016,120,2,-10009162.66122322,demand,2026-08-31T15:47:00.828945+00:00
5871049b-d1b2-4a51-9947-34954a826ca7,fUSD,0.000151,120,1,-10000.0,demand,2026-08-31T15:47:00.828945+00:00
5871049b-d1b2-4a51-9947-34954a826ca7,fUSD,0.0001502,60,1,-20000.0,demand,2026-08-31T15:47:00.828945+00:00
5871049b-d1b2-4a51-9947-34954a826ca7,fUSD,0.00015,90,1,-19550.75,demand,2026-08-31T15:47:00.828945+00:00
5871049b-d1b2-4a51-9947-34954a826ca7,fUSD,0.00015,29,1,-91297.81113844,demand,2026-08-31T15:47:00.828945+00:00
5871049b-d1b2-4a51-9947-34954a826ca7,fUSD,0.00015,120,1,-500.0,demand,2026-08-31T15:47:00.828945+00:00
5871049b-d1b2-4a51-9947-34954a826ca7,fUSD,0.00015,2,1,-10000.0,demand,2026-08-31T15:47:00.828945+00:00
5871049b-d1b2-4a51-9947-34954a826ca7,fUSD,0.000145,7,1,-190.0,demand,2026-08-31T15:47:00.828945+00:00
5871049b-d1b2-4a51-9947-34954a826ca7,fUSD,0.00014252,120,1,-10770.76644364,demand,2026-08-31T15:47:00.828945+00:00
5871049b-d1b2-4a51-9947-34954a826ca7,fUSD,0.00014120000000000002,30,1,-13500.0,demand,2026-08-31T15:47:00.828945+00:00
5871049b-d1b2-4a51-9947-34954a826ca7,fUSD,0.0001342002,2,1,-454922.55807245,demand,2026-08-31T15:47:00.828945+00:00
5871049b-d1b2-4a51-9947-34954a826ca7,fUSD,0.0001342,2,1,-891058.84582125,demand,2026-08-31T15:47:00.828945+00:00
5871049b-d1b2-4a51-9947-34954a826ca7,fUSD,0.000131,13,1,-7000.0,demand,2026-08-31T15:47:00.828945+00:00
5871049b-d1b2-4a51-9947-34954a826ca7,fUSD,0.00018105659208,2,1,152.96,offer,2026-08-31T15:47:00.828945+00:00
5871049b-d1b2-4a51-9947-34954a826ca7,fUSD,0.0001894396,2,1,161.82,offer,2026-08-31T15:47:00.828945+00:00
5871049b-d1b2-4a51-9947-34954a826ca7,fUSD,0.0001897394,2,1,920.05,offer,2026-08-31T15:47:00.828945+00:00
5871049b-d1b2-4a51-9947-34954a826ca7,fUSD,0.0001897397260273973,2,1,264.29629945,offer,2026-08-31T15:47:00.828945+00:00
5871049b-d1b2-4a51-9947-34954a826ca7,fUSD,0.000189819,2,1,309.05,offer,2026-08-31T15:47:00.828945+00:00
5871049b-d1b2-4a51-9947-34954a826ca7,fUSD,0.00018985950000000002,2,1,343.85887577,offer,2026-08-31T15:47:00.828945+00:00
5871049b-d1b2-4a51-9947-34954a826ca7,fUSD,0.00018989,2,1,335.64850166,offer,2026-08-31T15:47:00.828945+00:00
5871049b-d1b2-4a51-9947-34954a826ca7,fUSD,0.0001899,2,1,4092.29446879,offer,2026-08-31T15:47:00.828945+00:00
5871049b-d1b2-4a51-9947-34954a826ca7,fUSD,0.0001899905,2,1,161.64178575,offer,2026-08-31T15:47:00.828945+00:00
5871049b-d1b2-4a51-9947-34954a826ca7,fUSD,0.0001901109,2,1,833.42,offer,2026-08-31T15:47:00.828945+00:00
5871049b-d1b2-4a51-9947-34954a826ca7,fUSD,0.00019099,7,1,323.255294,offer,2026-08-31T15:47:00.828945+00:00
5871049b-d1b2-4a51-9947-34954a826ca7,fUSD,0.0001943438,2,1,1041.09,offer,2026-08-31T15:47:00.828945+00:00
5871049b-d1b2-4a51-9947-34954a826ca7,fUSD,0.00019437260273972602,2,1,251.74107193,offer,2026-08-31T15:47:00.828945+00:00
5871049b-d1b2-4a51-9947-34954a826ca7,fUSD,0.0001943736,2,1,202.92,offer,2026-08-31T15:47:00.828945+00:00
5871049b-d1b2-4a51-9947-34954a826ca7,fUSD,0.000196564127499435,2,4,1218.90456788,offer,2026-08-31T15:47:00.828945+00:00
5871049b-d1b2-4a51-9947-34954a826ca7,fUSD,0.00019699,2,1,300.0,offer,2026-08-31T15:47:00.828945+00:00
5871049b-d1b2-4a51-9947-34954a826ca7,fUSD,0.000197,2,3,1939.64568602,offer,2026-08-31T15:47:00.828945+00:00
5871049b-d1b2-4a51-9947-34954a826ca7,fUSD,0.00019839,2,1,200.0,offer,2026-08-31T15:47:00.828945+00:00
5871049b-d1b2-4a51-9947-34954a826ca7,fUSD,0.00019881,2,1,6902.12558495,offer,2026-08-31T15:47:00.828945+00:00
5871049b-d1b2-4a51-9947-34954a826ca7,fUSD,0.000199,2,3,1939.64568602,offer,2026-08-31T15:47:00.828945+00:00
5871049b-d1b2-4a51-9947-34954a826ca7,fUSD,0.0001993161058905235,2,1,1177.47102579,offer,2026-08-31T15:47:00.828945+00:00
5871049b-d1b2-4a51-9947-34954a826ca7,fUSD,0.00019941986298501412,2,1,900.0,offer,2026-08-31T15:47:00.828945+00:00
5871049b-d1b2-4a51-9947-34954a826ca7,fUSD,0.00019968,2,1,150.0,offer,2026-08-31T15:47:00.828945+00:00
5871049b-d1b2-4a51-9947-34954a826ca7,fUSD,0.00019968951435999998,2,14,2732.93864951,offer,2026-08-31T15:47:00.828945+00:00
5871049b-d1b2-4a51-9947-34954a826ca7,fUSD,0.00019969041095890412,2,1,500.0,offer,2026-08-31T15:47:00.828945+00:00
34085fbf-3ef8-4ec8-911b-d4b1ee559bae,fUSD,0.000273972602739726,120,1,-585792.86783585,demand,2026-08-31T16:47:01.150022+00:00
34085fbf-3ef8-4ec8-911b-d4b1ee559bae,fUSD,0.00022,30,1,-30100.0,demand,2026-08-31T16:47:01.150022+00:00
34085fbf-3ef8-4ec8-911b-d4b1ee559bae,fUSD,0.00021,30,1,-30000.0,demand,2026-08-31T16:47:01.150022+00:00
34085fbf-3ef8-4ec8-911b-d4b1ee559bae,fUSD,0.000209,30,1,-6289.12258117,demand,2026-08-31T16:47:01.150022+00:00
34085fbf-3ef8-4ec8-911b-d4b1ee559bae,fUSD,0.0002,7,1,-150.0,demand,2026-08-31T16:47:01.150022+00:00
34085fbf-3ef8-4ec8-911b-d4b1ee559bae,fUSD,0.00018010999999999998,120,1,-133240.73391109,demand,2026-08-31T16:47:01.150022+00:00
34085fbf-3ef8-4ec8-911b-d4b1ee559bae,fUSD,0.0001777,120,1,-23123.30278361,demand,2026-08-31T16:47:01.150022+00:00
34085fbf-3ef8-4ec8-911b-d4b1ee559bae,fUSD,0.000174,120,1,-12350.0,demand,2026-08-31T16:47:01.150022+00:00
34085fbf-3ef8-4ec8-911b-d4b1ee559bae,fUSD,0.0001713,120,1,-14000.0,demand,2026-08-31T16:47:01.150022+00:00
34085fbf-3ef8-4ec8-911b-d4b1ee559bae,fUSD,0.0001712,120,1,-20000.0,demand,2026-08-31T16:47:01.150022+00:00
34085fbf-3ef8-4ec8-911b-d4b1ee559bae,fUSD,0.00017111,120,1,-2000000.0,demand,2026-08-31T16:47:01.150022+00:00
34085fbf-3ef8-4ec8-911b-d4b1ee559bae,fUSD,0.00016,120,2,-10009162.66122322,demand,2026-08-31T16:47:01.150022+00:00
34085fbf-3ef8-4ec8-911b-d4b1ee559bae,fUSD,0.000151,120,1,-10000.0,demand,2026-08-31T16:47:01.150022+00:00
34085fbf-3ef8-4ec8-911b-d4b1ee559bae,fUSD,0.0001502,60,1,-20000.0,demand,2026-08-31T16:47:01.150022+00:00
34085fbf-3ef8-4ec8-911b-d4b1ee559bae,fUSD,0.00015,90,1,-19550.75,demand,2026-08-31T16:47:01.150022+00:00
34085fbf-3ef8-4ec8-911b-d4b1ee559bae,fUSD,0.00015,29,1,-91297.81113844,demand,2026-08-31T16:47:01.150022+00:00
34085fbf-3ef8-4ec8-911b-d4b1ee559bae,fUSD,0.00015,120,1,-500.0,demand,2026-08-31T16:47:01.150022+00:00
34085fbf-3ef8-4ec8-911b-d4b1ee559bae,fUSD,0.00015,2,1,-10000.0,demand,2026-08-31T16:47:01.150022+00:00
34085fbf-3ef8-4ec8-911b-d4b1ee559bae,fUSD,0.000145,7,1,-190.0,demand,2026-08-31T16:47:01.150022+00:00
34085fbf-3ef8-4ec8-911b-d4b1ee559bae,fUSD,0.00014252,120,1,-10770.76644364,demand,2026-08-31T16:47:01.150022+00:00
34085fbf-3ef8-4ec8-911b-d4b1ee559bae,fUSD,0.00014120000000000002,30,1,-13500.0,demand,2026-08-31T16:47:01.150022+00:00
34085fbf-3ef8-4ec8-911b-d4b1ee559bae,fUSD,0.0001342002,2,1,-448318.28407245,demand,2026-08-31T16:47:01.150022+00:00
34085fbf-3ef8-4ec8-911b-d4b1ee559bae,fUSD,0.0001342,2,1,-891058.84582125,demand,2026-08-31T16:47:01.150022+00:00
34085fbf-3ef8-4ec8-911b-d4b1ee559bae,fUSD,0.000131,13,1,-7000.0,demand,2026-08-31T16:47:01.150022+00:00
34085fbf-3ef8-4ec8-911b-d4b1ee559bae,fUSD,0.00013,2,1,-2000000.0,demand,2026-08-31T16:47:01.150022+00:00
34085fbf-3ef8-4ec8-911b-d4b1ee559bae,fUSD,0.0001723298435,2,1,277.37514471,offer,2026-08-31T16:47:01.150022+00:00
34085fbf-3ef8-4ec8-911b-d4b1ee559bae,fUSD,0.00017233,2,1,151.39,offer,2026-08-31T16:47:01.150022+00:00
34085fbf-3ef8-4ec8-911b-d4b1ee559bae,fUSD,0.00017725027400000002,2,2,670.44568854,offer,2026-08-31T16:47:01.150022+00:00
34085fbf-3ef8-4ec8-911b-d4b1ee559bae,fUSD,0.000177260274,7,2,3332.08447271,offer,2026-08-31T16:47:01.150022+00:00
34085fbf-3ef8-4ec8-911b-d4b1ee559bae,fUSD,0.0001793698,2,1,329.97,offer,2026-08-31T16:47:01.150022+00:00
34085fbf-3ef8-4ec8-911b-d4b1ee559bae,fUSD,0.00018,2,1,1500.0,offer,2026-08-31T16:47:01.150022+00:00
34085fbf-3ef8-4ec8-911b-d4b1ee559bae,fUSD,0.0001801,2,2,621.07248784,offer,2026-08-31T16:47:01.150022+00:00
34085fbf-3ef8-4ec8-911b-d4b1ee559bae,fUSD,0.00018010999999999998,2,1,862.95,offer,2026-08-31T16:47:01.150022+00:00
34085fbf-3ef8-4ec8-911b-d4b1ee559bae,fUSD,0.00018010999999999998,7,1,767.07,offer,2026-08-31T16:47:01.150022+00:00
34085fbf-3ef8-4ec8-911b-d4b1ee559bae,fUSD,0.0001804286,2,1,332.91,offer,2026-08-31T16:47:01.150022+00:00
34085fbf-3ef8-4ec8-911b-d4b1ee559bae,fUSD,0.00018156680136,2,1,152.96,offer,2026-08-31T16:47:01.150022+00:00
34085fbf-3ef8-4ec8-911b-d4b1ee559bae,fUSD,0.0001821345,2,1,329.97,offer,2026-08-31T16:47:01.150022+00:00
34085fbf-3ef8-4ec8-911b-d4b1ee559bae,fUSD,0.0001832095,2,1,332.91,offer,2026-08-31T16:47:01.150022+00:00
34085fbf-3ef8-4ec8-911b-d4b1ee559bae,fUSD,0.0001832853,2,1,332.92,offer,2026-08-31T16:47:01.150022+00:00
34085fbf-3ef8-4ec8-911b-d4b1ee559bae,fUSD,0.0001840392,2,1,329.97,offer,2026-08-31T16:47:01.150022+00:00
34085fbf-3ef8-4ec8-911b-d4b1ee559bae,fUSD,0.0001851255,2,1,332.91,offer,2026-08-31T16:47:01.150022+00:00
34085fbf-3ef8-4ec8-911b-d4b1ee559bae,fUSD,0.0001855382,2,1,329.97,offer,2026-08-31T16:47:01.150022+00:00
34085fbf-3ef8-4ec8-911b-d4b1ee559bae,fUSD,0.0001866333,2,1,332.91,offer,2026-08-31T16:47:01.150022+00:00
34085fbf-3ef8-4ec8-911b-d4b1ee559bae,fUSD,0.0001867933,2,1,329.97,offer,2026-08-31T16:47:01.150022+00:00
34085fbf-3ef8-4ec8-911b-d4b1ee559bae,fUSD,0.0001870988805,2,1,222.10148783,offer,2026-08-31T16:47:01.150022+00:00
34085fbf-3ef8-4ec8-911b-d4b1ee559bae,fUSD,0.0001878959,2,1,332.91,offer,2026-08-31T16:47:01.150022+00:00
34085fbf-3ef8-4ec8-911b-d4b1ee559bae,fUSD,0.0001887544,2,1,200.0,offer,2026-08-31T16:47:01.150022+00:00
34085fbf-3ef8-4ec8-911b-d4b1ee559bae,fUSD,0.0001892794,2,1,2812.92,offer,2026-08-31T16:47:01.150022+00:00
34085fbf-3ef8-4ec8-911b-d4b1ee559bae,fUSD,0.0001899895,2,1,160.06,offer,2026-08-31T16:47:01.150022+00:00
34085fbf-3ef8-4ec8-911b-d4b1ee559bae,fUSD,0.00019,2,1,1500.0,offer,2026-08-31T16:47:01.150022+00:00
9b986840-71f7-4a00-8826-b389e3017e65,fUSD,0.000273972602739726,120,1,-574194.12467916,demand,2026-08-31T17:47:01.343399+00:00
9b986840-71f7-4a00-8826-b389e3017e65,fUSD,0.00022,30,1,-30100.0,demand,2026-08-31T17:47:01.343399+00:00
9b986840-71f7-4a00-8826-b389e3017e65,fUSD,0.00021,30,1,-30000.0,demand,2026-08-31T17:47:01.343399+00:00
9b986840-71f7-4a00-8826-b389e3017e65,fUSD,0.000209,30,1,-6289.12258117,demand,2026-08-31T17:47:01.343399+00:00
9b986840-71f7-4a00-8826-b389e3017e65,fUSD,0.0002,7,1,-150.0,demand,2026-08-31T17:47:01.343399+00:00
9b986840-71f7-4a00-8826-b389e3017e65,fUSD,0.0002,2,1,-12725.0,demand,2026-08-31T17:47:01.343399+00:00
9b986840-71f7-4a00-8826-b389e3017e65,fUSD,0.00018010999999999998,120,1,-133240.73391109,demand,2026-08-31T17:47:01.343399+00:00
9b986840-71f7-4a00-8826-b389e3017e65,fUSD,0.0001777,120,1,-23123.30278361,demand,2026-08-31T17:47:01.343399+00:00
9b986840-71f7-4a00-8826-b389e3017e65,fUSD,0.000174,120,1,-12350.0,demand,2026-08-31T17:47:01.343399+00:00
9b986840-71f7-4a00-8826-b389e3017e65,fUSD,0.0001713,120,1,-14000.0,demand,2026-08-31T17:47:01.343399+00:00
9b986840-71f7-4a00-8826-b389e3017e65,fUSD,0.0001712,120,1,-20000.0,demand,2026-08-31T17:47:01.343399+00:00
9b986840-71f7-4a00-8826-b389e3017e65,fUSD,0.00017111,120,1,-2000000.0,demand,2026-08-31T17:47:01.343399+00:00
9b986840-71f7-4a00-8826-b389e3017e65,fUSD,0.00016,120,2,-10009162.66122322,demand,2026-08-31T17:47:01.343399+00:00
9b986840-71f7-4a00-8826-b389e3017e65,fUSD,0.000151,120,1,-10000.0,demand,2026-08-31T17:47:01.343399+00:00
9b986840-71f7-4a00-8826-b389e3017e65,fUSD,0.0001502,60,1,-20000.0,demand,2026-08-31T17:47:01.343399+00:00
9b986840-71f7-4a00-8826-b389e3017e65,fUSD,0.0001500001,2,1,-24800.0,demand,2026-08-31T17:47:01.343399+00:00
9b986840-71f7-4a00-8826-b389e3017e65,fUSD,0.00015,90,1,-19550.75,demand,2026-08-31T17:47:01.343399+00:00
9b986840-71f7-4a00-8826-b389e3017e65,fUSD,0.00015,29,1,-91297.81113844,demand,2026-08-31T17:47:01.343399+00:00
9b986840-71f7-4a00-8826-b389e3017e65,fUSD,0.00015,120,1,-500.0,demand,2026-08-31T17:47:01.343399+00:00
9b986840-71f7-4a00-8826-b389e3017e65,fUSD,0.00015,2,1,-10000.0,demand,2026-08-31T17:47:01.343399+00:00
9b986840-71f7-4a00-8826-b389e3017e65,fUSD,0.000145,7,1,-190.0,demand,2026-08-31T17:47:01.343399+00:00
9b986840-71f7-4a00-8826-b389e3017e65,fUSD,0.00014252,120,1,-10770.76644364,demand,2026-08-31T17:47:01.343399+00:00
9b986840-71f7-4a00-8826-b389e3017e65,fUSD,0.00014120000000000002,30,1,-13500.0,demand,2026-08-31T17:47:01.343399+00:00
9b986840-71f7-4a00-8826-b389e3017e65,fUSD,0.0001342002,2,1,-427843.88107245,demand,2026-08-31T17:47:01.343399+00:00
9b986840-71f7-4a00-8826-b389e3017e65,fUSD,0.0001342,2,1,-891058.84582125,demand,2026-08-31T17:47:01.343399+00:00
9b986840-71f7-4a00-8826-b389e3017e65,fUSD,0.0002396322,2,1,1434.62,offer,2026-08-31T17:47:01.343399+00:00
9b986840-71f7-4a00-8826-b389e3017e65,fUSD,0.00023965000362,2,4,1208.4862033,offer,2026-08-31T17:47:01.343399+00:00
9b986840-71f7-4a00-8826-b389e3017e65,fUSD,0.0002399772,2,1,500.0,offer,2026-08-31T17:47:01.343399+00:00
9b986840-71f7-4a00-8826-b389e3017e65,fUSD,0.00024,2,3,2815.95972898,offer,2026-08-31T17:47:01.343399+00:00
9b986840-71f7-4a00-8826-b389e3017e65,fUSD,0.0002421369863013699,7,3,450.0,offer,2026-08-31T17:47:01.343399+00:00
9b986840-71f7-4a00-8826-b389e3017e65,fUSD,0.000242785515123,2,1,177.30641573,offer,2026-08-31T17:47:01.343399+00:00
9b986840-71f7-4a00-8826-b389e3017e65,fUSD,0.0002428195,2,1,169.21,offer,2026-08-31T17:47:01.343399+00:00
9b986840-71f7-4a00-8826-b389e3017e65,fUSD,0.000243464,2,1,200.0,offer,2026-08-31T17:47:01.343399+00:00
9b986840-71f7-4a00-8826-b389e3017e65,fUSD,0.00024393872602739727,2,1,970.12866267,offer,2026-08-31T17:47:01.343399+00:00
9b986840-71f7-4a00-8826-b389e3017e65,fUSD,0.00024397260273972604,2,1,607.0,offer,2026-08-31T17:47:01.343399+00:00
9b986840-71f7-4a00-8826-b389e3017e65,fUSD,0.000244000614,2,1,167.68,offer,2026-08-31T17:47:01.343399+00:00
9b986840-71f7-4a00-8826-b389e3017e65,fUSD,0.0002445,2,1,1018.89,offer,2026-08-31T17:47:01.343399+00:00
9b986840-71f7-4a00-8826-b389e3017e65,fUSD,0.000245,2,1,800.0,offer,2026-08-31T17:47:01.343399+00:00
9b986840-71f7-4a00-8826-b389e3017e65,fUSD,0.00024513000362,2,4,1208.4862033,offer,2026-08-31T17:47:01.343399+00:00
9b986840-71f7-4a00-8826-b389e3017e65,fUSD,0.00024562288493150684,2,1,1434.62,offer,2026-08-31T17:47:01.343399+00:00
9b986840-71f7-4a00-8826-b389e3017e65,fUSD,0.0002461292,2,1,569.75413085,offer,2026-08-31T17:47:01.343399+00:00
9b986840-71f7-4a00-8826-b389e3017e65,fUSD,0.00024657,2,1,2491.664837,offer,2026-08-31T17:47:01.343399+00:00
9b986840-71f7-4a00-8826-b389e3017e65,fUSD,0.0002465753424657534,2,2,1226.84,offer,2026-08-31T17:47:01.343399+00:00
9b986840-71f7-4a00-8826-b389e3017e65,fUSD,0.0002472751,2,2,300.0,offer,2026-08-31T17:47:01.343399+00:00
9b986840-71f7-4a00-8826-b389e3017e65,fUSD,0.00024777,2,1,503.58,offer,2026-08-31T17:47:01.343399+00:00
9b986840-71f7-4a00-8826-b389e3017e65,fUSD,0.00024838578947368424,3,1,213.0,offer,2026-08-31T17:47:01.343399+00:00
9b986840-71f7-4a00-8826-b389e3017e65,fUSD,0.00024873048356164386,2,1,479.2,offer,2026-08-31T17:47:01.343399+00:00
9b986840-71f7-4a00-8826-b389e3017e65,fUSD,0.00024875,7,21,10500.0,offer,2026-08-31T17:47:01.343399+00:00
9b986840-71f7-4a00-8826-b389e3017e65,fUSD,0.00024886301369863017,7,1,150.0,offer,2026-08-31T17:47:01.343399+00:00
9b986840-71f7-4a00-8826-b389e3017e65,fUSD,0.000249,2,1,4670.08686108,offer,2026-08-31T17:47:01.343399+00:00
7e6809ee-fb98-4366-92eb-8b57bfa9bd50,fUSD,0.000273972602739726,120,1,-570035.72632947,demand,2026-08-31T18:47:01.159880+00:00
7e6809ee-fb98-4366-92eb-8b57bfa9bd50,fUSD,0.00022,30,1,-30100.0,demand,2026-08-31T18:47:01.159880+00:00
7e6809ee-fb98-4366-92eb-8b57bfa9bd50,fUSD,0.00021,30,1,-30000.0,demand,2026-08-31T18:47:01.159880+00:00
7e6809ee-fb98-4366-92eb-8b57bfa9bd50,fUSD,0.000209,30,1,-6289.12258117,demand,2026-08-31T18:47:01.159880+00:00
7e6809ee-fb98-4366-92eb-8b57bfa9bd50,fUSD,0.0002,7,1,-150.0,demand,2026-08-31T18:47:01.159880+00:00
7e6809ee-fb98-4366-92eb-8b57bfa9bd50,fUSD,0.00018010999999999998,120,1,-133240.73391109,demand,2026-08-31T18:47:01.159880+00:00
7e6809ee-fb98-4366-92eb-8b57bfa9bd50,fUSD,0.0001777,120,1,-23123.30278361,demand,2026-08-31T18:47:01.159880+00:00
7e6809ee-fb98-4366-92eb-8b57bfa9bd50,fUSD,0.000174,120,1,-12350.0,demand,2026-08-31T18:47:01.159880+00:00
7e6809ee-fb98-4366-92eb-8b57bfa9bd50,fUSD,0.0001713,120,1,-14000.0,demand,2026-08-31T18:47:01.159880+00:00
7e6809ee-fb98-4366-92eb-8b57bfa9bd50,fUSD,0.0001712,120,1,-20000.0,demand,2026-08-31T18:47:01.159880+00:00
7e6809ee-fb98-4366-92eb-8b57bfa9bd50,fUSD,0.00017111,120,1,-2000000.0,demand,2026-08-31T18:47:01.159880+00:00
7e6809ee-fb98-4366-92eb-8b57bfa9bd50,fUSD,0.00016,120,2,-10009162.66122322,demand,2026-08-31T18:47:01.159880+00:00
7e6809ee-fb98-4366-92eb-8b57bfa9bd50,fUSD,0.000151,120,1,-10000.0,demand,2026-08-31T18:47:01.159880+00:00
7e6809ee-fb98-4366-92eb-8b57bfa9bd50,fUSD,0.0001502,60,1,-20000.0,demand,2026-08-31T18:47:01.159880+00:00
7e6809ee-fb98-4366-92eb-8b57bfa9bd50,fUSD,0.00015,90,1,-19550.75,demand,2026-08-31T18:47:01.159880+00:00
7e6809ee-fb98-4366-92eb-8b57bfa9bd50,fUSD,0.00015,29,1,-91128.42113844,demand,2026-08-31T18:47:01.159880+00:00
7e6809ee-fb98-4366-92eb-8b57bfa9bd50,fUSD,0.00015,120,1,-500.0,demand,2026-08-31T18:47:01.159880+00:00
7e6809ee-fb98-4366-92eb-8b57bfa9bd50,fUSD,0.00015,2,1,-10000.0,demand,2026-08-31T18:47:01.159880+00:00
7e6809ee-fb98-4366-92eb-8b57bfa9bd50,fUSD,0.000145,7,1,-190.0,demand,2026-08-31T18:47:01.159880+00:00
7e6809ee-fb98-4366-92eb-8b57bfa9bd50,fUSD,0.00014252,120,1,-10770.76644364,demand,2026-08-31T18:47:01.159880+00:00
7e6809ee-fb98-4366-92eb-8b57bfa9bd50,fUSD,0.00014120000000000002,30,1,-13500.0,demand,2026-08-31T18:47:01.159880+00:00
7e6809ee-fb98-4366-92eb-8b57bfa9bd50,fUSD,0.0001342002,2,1,-407988.08989652,demand,2026-08-31T18:47:01.159880+00:00
7e6809ee-fb98-4366-92eb-8b57bfa9bd50,fUSD,0.0001342,2,1,-891058.84582125,demand,2026-08-31T18:47:01.159880+00:00
7e6809ee-fb98-4366-92eb-8b57bfa9bd50,fUSD,0.000131,13,1,-7000.0,demand,2026-08-31T18:47:01.159880+00:00
7e6809ee-fb98-4366-92eb-8b57bfa9bd50,fUSD,0.00013,2,1,-2000000.0,demand,2026-08-31T18:47:01.159880+00:00
7e6809ee-fb98-4366-92eb-8b57bfa9bd50,fUSD,0.00024804931128105727,2,1,1.0,offer,2026-08-31T18:47:01.159880+00:00
7e6809ee-fb98-4366-92eb-8b57bfa9bd50,fUSD,0.00024875,2,1,150.0,offer,2026-08-31T18:47:01.159880+00:00
7e6809ee-fb98-4366-92eb-8b57bfa9bd50,fUSD,0.00024908,7,5,2487.08,offer,2026-08-31T18:47:01.159880+00:00
7e6809ee-fb98-4366-92eb-8b57bfa9bd50,fUSD,0.00024910000000000004,2,1,850.52,offer,2026-08-31T18:47:01.159880+00:00
7e6809ee-fb98-4366-92eb-8b57bfa9bd50,fUSD,0.0002495890410958904,2,1,544.0,offer,2026-08-31T18:47:01.159880+00:00
7e6809ee-fb98-4366-92eb-8b57bfa9bd50,fUSD,0.00024998,2,1,275.41781251,offer,2026-08-31T18:47:01.159880+00:00
7e6809ee-fb98-4366-92eb-8b57bfa9bd50,fUSD,0.00024999,2,6,2880.64,offer,2026-08-31T18:47:01.159880+00:00
7e6809ee-fb98-4366-92eb-8b57bfa9bd50,fUSD,0.00025,2,2,975.52,offer,2026-08-31T18:47:01.159880+00:00
7e6809ee-fb98-4366-92eb-8b57bfa9bd50,fUSD,0.00025089,2,1,445.315902,offer,2026-08-31T18:47:01.159880+00:00
7e6809ee-fb98-4366-92eb-8b57bfa9bd50,fUSD,0.00025089,9,2,4100.698,offer,2026-08-31T18:47:01.159880+00:00
7e6809ee-fb98-4366-92eb-8b57bfa9bd50,fUSD,0.00025121,2,1,176.0,offer,2026-08-31T18:47:01.159880+00:00
7e6809ee-fb98-4366-92eb-8b57bfa9bd50,fUSD,0.0002514,2,1,196.33,offer,2026-08-31T18:47:01.159880+00:00
7e6809ee-fb98-4366-92eb-8b57bfa9bd50,fUSD,0.00025162502431999996,2,4,934.41216788,offer,2026-08-31T18:47:01.159880+00:00
7e6809ee-fb98-4366-92eb-8b57bfa9bd50,fUSD,0.00025229,2,1,300.0,offer,2026-08-31T18:47:01.159880+00:00
7e6809ee-fb98-4366-92eb-8b57bfa9bd50,fUSD,0.00025230070255677725,2,2,3606.0,offer,2026-08-31T18:47:01.159880+00:00
7e6809ee-fb98-4366-92eb-8b57bfa9bd50,fUSD,0.0002523050895097967,2,1,459.54662386,offer,2026-08-31T18:47:01.159880+00:00
7e6809ee-fb98-4366-92eb-8b57bfa9bd50,fUSD,0.0002528767123287671,2,1,219.0,offer,2026-08-31T18:47:01.159880+00:00
7e6809ee-fb98-4366-92eb-8b57bfa9bd50,fUSD,0.00025336438357,2,4,2010.81,offer,2026-08-31T18:47:01.159880+00:00
7e6809ee-fb98-4366-92eb-8b57bfa9bd50,fUSD,0.00025337260273972605,2,1,500.0,offer,2026-08-31T18:47:01.159880+00:00
7e6809ee-fb98-4366-92eb-8b57bfa9bd50,fUSD,0.00025337260275,2,2,713.6,offer,2026-08-31T18:47:01.159880+00:00
7e6809ee-fb98-4366-92eb-8b57bfa9bd50,fUSD,0.000253375,2,1,183.04812186,offer,2026-08-31T18:47:01.159880+00:00
7e6809ee-fb98-4366-92eb-8b57bfa9bd50,fUSD,0.00025338356166,2,1,648.54,offer,2026-08-31T18:47:01.159880+00:00
7e6809ee-fb98-4366-92eb-8b57bfa9bd50,fUSD,0.00025342191782,2,1,186.0,offer,2026-08-31T18:47:01.159880+00:00
7e6809ee-fb98-4366-92eb-8b57bfa9bd50,fUSD,0.0002536,2,1,850.52,offer,2026-08-31T18:47:01.159880+00:00
7e6809ee-fb98-4366-92eb-8b57bfa9bd50,fUSD,0.0002538151301369863,2,1,199.16,offer,2026-08-31T18:47:01.159880+00:00
29224264-99a0-40df-be34-2dca4dbbffd4,fUSD,0.000273972602739726,120,1,-568727.86675612,demand,2026-08-31T19:47:01.317408+00:00
29224264-99a0-40df-be34-2dca4dbbffd4,fUSD,0.00022,30,1,-30100.0,demand,2026-08-31T19:47:01.317408+00:00
29224264-99a0-40df-be34-2dca4dbbffd4,fUSD,0.00021,30,1,-30000.0,demand,2026-08-31T19:47:01.317408+00:00
29224264-99a0-40df-be34-2dca4dbbffd4,fUSD,0.000209,30,1,-6289.12258117,demand,2026-08-31T19:47:01.317408+00:00
29224264-99a0-40df-be34-2dca4dbbffd4,fUSD,0.0002,7,1,-150.0,demand,2026-08-31T19:47:01.317408+00:00
29224264-99a0-40df-be34-2dca4dbbffd4,fUSD,0.0001942002,2,1,-150.0,demand,2026-08-31T19:47:01.317408+00:00
29224264-99a0-40df-be34-2dca4dbbffd4,fUSD,0.00018010999999999998,120,1,-133240.73391109,demand,2026-08-31T19:47:01.317408+00:00
29224264-99a0-40df-be34-2dca4dbbffd4,fUSD,0.0001777,120,1,-23123.30278361,demand,2026-08-31T19:47:01.317408+00:00
29224264-99a0-40df-be34-2dca4dbbffd4,fUSD,0.000174,120,1,-12350.0,demand,2026-08-31T19:47:01.317408+00:00
29224264-99a0-40df-be34-2dca4dbbffd4,fUSD,0.0001713,120,1,-14000.0,demand,2026-08-31T19:47:01.317408+00:00
29224264-99a0-40df-be34-2dca4dbbffd4,fUSD,0.0001712,120,1,-20000.0,demand,2026-08-31T19:47:01.317408+00:00
29224264-99a0-40df-be34-2dca4dbbffd4,fUSD,0.00017111,120,1,-2000000.0,demand,2026-08-31T19:47:01.317408+00:00
29224264-99a0-40df-be34-2dca4dbbffd4,fUSD,0.00016,120,2,-10009162.66122322,demand,2026-08-31T19:47:01.317408+00:00
29224264-99a0-40df-be34-2dca4dbbffd4,fUSD,0.000151,120,1,-10000.0,demand,2026-08-31T19:47:01.317408+00:00
29224264-99a0-40df-be34-2dca4dbbffd4,fUSD,0.0001502,60,1,-20000.0,demand,2026-08-31T19:47:01.317408+00:00
29224264-99a0-40df-be34-2dca4dbbffd4,fUSD,0.00015,90,1,-19550.75,demand,2026-08-31T19:47:01.317408+00:00
29224264-99a0-40df-be34-2dca4dbbffd4,fUSD,0.00015,29,1,-91128.42113844,demand,2026-08-31T19:47:01.317408+00:00
29224264-99a0-40df-be34-2dca4dbbffd4,fUSD,0.00015,120,1,-500.0,demand,2026-08-31T19:47:01.317408+00:00
29224264-99a0-40df-be34-2dca4dbbffd4,fUSD,0.00015,2,1,-10000.0,demand,2026-08-31T19:47:01.317408+00:00
29224264-99a0-40df-be34-2dca4dbbffd4,fUSD,0.000145,7,1,-190.0,demand,2026-08-31T19:47:01.317408+00:00
29224264-99a0-40df-be34-2dca4dbbffd4,fUSD,0.00014252,120,1,-10770.76644364,demand,2026-08-31T19:47:01.317408+00:00
29224264-99a0-40df-be34-2dca4dbbffd4,fUSD,0.00014120000000000002,30,1,-13500.0,demand,2026-08-31T19:47:01.317408+00:00
29224264-99a0-40df-be34-2dca4dbbffd4,fUSD,0.00014,2,1,-95440.0,demand,2026-08-31T19:47:01.317408+00:00
29224264-99a0-40df-be34-2dca4dbbffd4,fUSD,0.00014,7,1,-500.0,demand,2026-08-31T19:47:01.317408+00:00
29224264-99a0-40df-be34-2dca4dbbffd4,fUSD,0.0001342002,2,1,-405370.78389652,demand,2026-08-31T19:47:01.317408+00:00
29224264-99a0-40df-be34-2dca4dbbffd4,fUSD,0.00020050586955427848,2,1,1765.0,offer,2026-08-31T19:47:01.317408+00:00
29224264-99a0-40df-be34-2dca4dbbffd4,fUSD,0.0002021041095890411,2,1,151.0,offer,2026-08-31T19:47:01.317408+00:00
29224264-99a0-40df-be34-2dca4dbbffd4,fUSD,0.000202104920124354,2,1,1787.0,offer,2026-08-31T19:47:01.317408+00:00
29224264-99a0-40df-be34-2dca4dbbffd4,fUSD,0.0002022,2,1,400.0,offer,2026-08-31T19:47:01.317408+00:00
29224264-99a0-40df-be34-2dca4dbbffd4,fUSD,0.00020233654365137905,2,2,3618.0,offer,2026-08-31T19:47:01.317408+00:00
29224264-99a0-40df-be34-2dca4dbbffd4,fUSD,0.0002030467301369863,2,1,179.14,offer,2026-08-31T19:47:01.317408+00:00
29224264-99a0-40df-be34-2dca4dbbffd4,fUSD,0.0002032495,2,1,213.02,offer,2026-08-31T19:47:01.317408+00:00
29224264-99a0-40df-be34-2dca4dbbffd4,fUSD,0.0002033778,2,1,515.31,offer,2026-08-31T19:47:01.317408+00:00
29224264-99a0-40df-be34-2dca4dbbffd4,fUSD,0.0002038509,2,1,896.91,offer,2026-08-31T19:47:01.317408+00:00
29224264-99a0-40df-be34-2dca4dbbffd4,fUSD,0.0002040301274,2,1,150.0,offer,2026-08-31T19:47:01.317408+00:00
29224264-99a0-40df-be34-2dca4dbbffd4,fUSD,0.000204031773,2,1,167.3,offer,2026-08-31T19:47:01.317408+00:00
29224264-99a0-40df-be34-2dca4dbbffd4,fUSD,0.000204495,2,1,515.31,offer,2026-08-31T19:47:01.317408+00:00
29224264-99a0-40df-be34-2dca4dbbffd4,fUSD,0.0002053742,2,1,515.31,offer,2026-08-31T19:47:01.317408+00:00
29224264-99a0-40df-be34-2dca4dbbffd4,fUSD,0.0002055898,2,1,150.0,offer,2026-08-31T19:47:01.317408+00:00
29224264-99a0-40df-be34-2dca4dbbffd4,fUSD,0.0002058285,2,1,150.0,offer,2026-08-31T19:47:01.317408+00:00
29224264-99a0-40df-be34-2dca4dbbffd4,fUSD,0.0002058523,2,1,2679.81,offer,2026-08-31T19:47:01.317408+00:00
29224264-99a0-40df-be34-2dca4dbbffd4,fUSD,0.0002061104,2,1,515.31,offer,2026-08-31T19:47:01.317408+00:00
29224264-99a0-40df-be34-2dca4dbbffd4,fUSD,0.0002066520136986301,2,1,150.37313887,offer,2026-08-31T19:47:01.317408+00:00
29224264-99a0-40df-be34-2dca4dbbffd4,fUSD,0.00020665964726027393,2,3,548.19125228,offer,2026-08-31T19:47:01.317408+00:00
29224264-99a0-40df-be34-2dca4dbbffd4,fUSD,0.0002067496,2,1,515.31,offer,2026-08-31T19:47:01.317408+00:00
29224264-99a0-40df-be34-2dca4dbbffd4,fUSD,0.000207318,2,1,515.31,offer,2026-08-31T19:47:01.317408+00:00
29224264-99a0-40df-be34-2dca4dbbffd4,fUSD,0.0002074121,2,3,1500.0,offer,2026-08-31T19:47:01.317408+00:00
29224264-99a0-40df-be34-2dca4dbbffd4,fUSD,0.000207475128,2,1,7155.97,offer,2026-08-31T19:47:01.317408+00:00
29224264-99a0-40df-be34-2dca4dbbffd4,fUSD,0.0002078321,2,1,515.31,offer,2026-08-31T19:47:01.317408+00:00
29224264-99a0-40df-be34-2dca4dbbffd4,fUSD,0.000208303,2,1,515.31,offer,2026-08-31T19:47:01.317408+00:00
2f625ff6-2ea0-49f4-858d-0054dca602ed,fUSD,0.000273972602739726,120,1,-566668.55042012,demand,2026-08-31T20:47:00.955888+00:00
2f625ff6-2ea0-49f4-858d-0054dca602ed,fUSD,0.00022,30,1,-30100.0,demand,2026-08-31T20:47:00.955888+00:00
2f625ff6-2ea0-49f4-858d-0054dca602ed,fUSD,0.00021,30,1,-30000.0,demand,2026-08-31T20:47:00.955888+00:00
2f625ff6-2ea0-49f4-858d-0054dca602ed,fUSD,0.000209,30,1,-6289.12258117,demand,2026-08-31T20:47:00.955888+00:00
2f625ff6-2ea0-49f4-858d-0054dca602ed,fUSD,0.0002,7,1,-150.0,demand,2026-08-31T20:47:00.955888+00:00
2f625ff6-2ea0-49f4-858d-0054dca602ed,fUSD,0.00018010999999999998,120,1,-133240.73391109,demand,2026-08-31T20:47:00.955888+00:00
2f625ff6-2ea0-49f4-858d-0054dca602ed,fUSD,0.0001777,120,1,-23123.30278361,demand,2026-08-31T20:47:00.955888+00:00
2f625ff6-2ea0-49f4-858d-0054dca602ed,fUSD,0.000174,120,1,-12350.0,demand,2026-08-31T20:47:00.955888+00:00
2f625ff6-2ea0-49f4-858d-0054dca602ed,fUSD,0.0001713,120,1,-14000.0,demand,2026-08-31T20:47:00.955888+00:00
2f625ff6-2ea0-49f4-858d-0054dca602ed,fUSD,0.0001712,120,1,-20000.0,demand,2026-08-31T20:47:00.955888+00:00
2f625ff6-2ea0-49f4-858d-0054dca602ed,fUSD,0.00017111,120,1,-2000000.0,demand,2026-08-31T20:47:00.955888+00:00
2f625ff6-2ea0-49f4-858d-0054dca602ed,fUSD,0.00016,120,2,-10009162.66122322,demand,2026-08-31T20:47:00.955888+00:00
2f625ff6-2ea0-49f4-858d-0054dca602ed,fUSD,0.000151,120,1,-10000.0,demand,2026-08-31T20:47:00.955888+00:00
2f625ff6-2ea0-49f4-858d-0054dca602ed,fUSD,0.0001502,60,1,-20000.0,demand,2026-08-31T20:47:00.955888+00:00
2f625ff6-2ea0-49f4-858d-0054dca602ed,fUSD,0.00015,90,1,-19550.75,demand,2026-08-31T20:47:00.955888+00:00
2f625ff6-2ea0-49f4-858d-0054dca602ed,fUSD,0.00015,29,1,-91128.42113844,demand,2026-08-31T20:47:00.955888+00:00
2f625ff6-2ea0-49f4-858d-0054dca602ed,fUSD,0.00015,120,1,-500.0,demand,2026-08-31T20:47:00.955888+00:00
2f625ff6-2ea0-49f4-858d-0054dca602ed,fUSD,0.00015,2,1,-10000.0,demand,2026-08-31T20:47:00.955888+00:00
2f625ff6-2ea0-49f4-858d-0054dca602ed,fUSD,0.000145,7,1,-190.0,demand,2026-08-31T20:47:00.955888+00:00
2f625ff6-2ea0-49f4-858d-0054dca602ed,fUSD,0.00014252,120,1,-10770.76644364,demand,2026-08-31T20:47:00.955888+00:00
2f625ff6-2ea0-49f4-858d-0054dca602ed,fUSD,0.00014120000000000002,30,1,-13500.0,demand,2026-08-31T20:47:00.955888+00:00
2f625ff6-2ea0-49f4-858d-0054dca602ed,fUSD,0.00014,2,1,-92367.6564215,demand,2026-08-31T20:47:00.955888+00:00
2f625ff6-2ea0-49f4-858d-0054dca602ed,fUSD,0.00014,7,1,-500.0,demand,2026-08-31T20:47:00.955888+00:00
2f625ff6-2ea0-49f4-858d-0054dca602ed,fUSD,0.0001342002,2,1,-405370.78389652,demand,2026-08-31T20:47:00.955888+00:00
2f625ff6-2ea0-49f4-858d-0054dca602ed,fUSD,0.0001342,2,1,-891058.84582125,demand,2026-08-31T20:47:00.955888+00:00
2f625ff6-2ea0-49f4-858d-0054dca602ed,fUSD,0.00020331643835616437,2,1,8124.03361381,offer,2026-08-31T20:47:00.955888+00:00
2f625ff6-2ea0-49f4-858d-0054dca602ed,fUSD,0.00020341,2,1,150.0,offer,2026-08-31T20:47:00.955888+00:00
2f625ff6-2ea0-49f4-858d-0054dca602ed,fUSD,0.00020341625479452054,2,27,276144.58260449,offer,2026-08-31T20:47:00.955888+00:00
2f625ff6-2ea0-49f4-858d-0054dca602ed,fUSD,0.00020343,2,1,18853.86163752,offer,2026-08-31T20:47:00.955888+00:00
2f625ff6-2ea0-49f4-858d-0054dca602ed,fUSD,0.0002036732,2,1,316.23,offer,2026-08-31T20:47:00.955888+00:00
2f625ff6-2ea0-49f4-858d-0054dca602ed,fUSD,0.00020382,2,1,11321.88463948,offer,2026-08-31T20:47:00.955888+00:00
2f625ff6-2ea0-49f4-858d-0054dca602ed,fUSD,0.0002041569,2,1,316.23,offer,2026-08-31T20:47:00.955888+00:00
2f625ff6-2ea0-49f4-858d-0054dca602ed,fUSD,0.00020422894736842105,3,2,983.0,offer,2026-08-31T20:47:00.955888+00:00
2f625ff6-2ea0-49f4-858d-0054dca602ed,fUSD,0.00020422894736842105,2,1,386.58128279,offer,2026-08-31T20:47:00.955888+00:00
2f625ff6-2ea0-49f4-858d-0054dca602ed,fUSD,0.0002046152,2,1,316.23,offer,2026-08-31T20:47:00.955888+00:00
2f625ff6-2ea0-49f4-858d-0054dca602ed,fUSD,0.00020469482877448678,2,1,175.44354582,offer,2026-08-31T20:47:00.955888+00:00
2f625ff6-2ea0-49f4-858d-0054dca602ed,fUSD,0.0002050511,2,1,316.23,offer,2026-08-31T20:47:00.955888+00:00
2f625ff6-2ea0-49f4-858d-0054dca602ed,fUSD,0.0002051780118389041,2,1,584.04,offer,2026-08-31T20:47:00.955888+00:00
2f625ff6-2ea0-49f4-858d-0054dca602ed,fUSD,0.00020560403287671233,2,1,167.34,offer,2026-08-31T20:47:00.955888+00:00
2f625ff6-2ea0-49f4-858d-0054dca602ed,fUSD,0.00020563149682975576,2,1,160.0,offer,2026-08-31T20:47:00.955888+00:00
2f625ff6-2ea0-49f4-858d-0054dca602ed,fUSD,0.000206,2,6,4218.74580899,offer,2026-08-31T20:47:00.955888+00:00
2f625ff6-2ea0-49f4-858d-0054dca602ed,fUSD,0.00020614520547945206,2,1,500.0,offer,2026-08-31T20:47:00.955888+00:00
2f625ff6-2ea0-49f4-858d-0054dca602ed,fUSD,0.00020672580479452055,2,1,167.7209268,offer,2026-08-31T20:47:00.955888+00:00
2f625ff6-2ea0-49f4-858d-0054dca602ed,fUSD,0.00020673,2,1,208.11,offer,2026-08-31T20:47:00.955888+00:00
2f625ff6-2ea0-49f4-858d-0054dca602ed,fUSD,0.00020673598287671233,2,3,479.45246924,offer,2026-08-31T20:47:00.955888+00:00
2f625ff6-2ea0-49f4-858d-0054dca602ed,fUSD,0.0002073441602739726,2,1,885.1,offer,2026-08-31T20:47:00.955888+00:00
2f625ff6-2ea0-49f4-858d-0054dca602ed,fUSD,0.00020747061457863014,2,1,584.04,offer,2026-08-31T20:47:00.955888+00:00
2f625ff6-2ea0-49f4-858d-0054dca602ed,fUSD,0.00020748457989041097,4,2,1268.75221635,offer,2026-08-31T20:47:00.955888+00:00
2f625ff6-2ea0-49f4-858d-0054dca602ed,fUSD,0.00020755,2,1,11735.65814465,offer,2026-08-31T20:47:00.955888+00:00
2f625ff6-2ea0-49f4-858d-0054dca602ed,fUSD,0.000208,2,5,3980.45281523,offer,2026-08-31T20:47:00.955888+00:00
7d0fa748-79a4-4d45-a219-b9a5cee97b7e,fUSD,0.000273972602739726,120,1,-559427.99542957,demand,2026-08-31T21:47:01.224367+00:00
7d0fa748-79a4-4d45-a219-b9a5cee97b7e,fUSD,0.00022,30,1,-30100.0,demand,2026-08-31T21:47:01.224367+00:00
7d0fa748-79a4-4d45-a219-b9a5cee97b7e,fUSD,0.00021,30,1,-30000.0,demand,2026-08-31T21:47:01.224367+00:00
7d0fa748-79a4-4d45-a219-b9a5cee97b7e,fUSD,0.000209,30,1,-6289.12258117,demand,2026-08-31T21:47:01.224367+00:00
7d0fa748-79a4-4d45-a219-b9a5cee97b7e,fUSD,0.0002,7,1,-150.0,demand,2026-08-31T21:47:01.224367+00:00
7d0fa748-79a4-4d45-a219-b9a5cee97b7e,fUSD,0.00018010999999999998,120,1,-133240.73391109,demand,2026-08-31T21:47:01.224367+00:00
7d0fa748-79a4-4d45-a219-b9a5cee97b7e,fUSD,0.0001777,120,1,-23123.30278361,demand,2026-08-31T21:47:01.224367+00:00
7d0fa748-79a4-4d45-a219-b9a5cee97b7e,fUSD,0.000174,120,1,-12350.0,demand,2026-08-31T21:47:01.224367+00:00
7d0fa748-79a4-4d45-a219-b9a5cee97b7e,fUSD,0.0001713,120,1,-14000.0,demand,2026-08-31T21:47:01.224367+00:00
7d0fa748-79a4-4d45-a219-b9a5cee97b7e,fUSD,0.0001712,120,1,-20000.0,demand,2026-08-31T21:47:01.224367+00:00
7d0fa748-79a4-4d45-a219-b9a5cee97b7e,fUSD,0.00017111,120,1,-2000000.0,demand,2026-08-31T21:47:01.224367+00:00
7d0fa748-79a4-4d45-a219-b9a5cee97b7e,fUSD,0.00016,120,2,-10009162.66122322,demand,2026-08-31T21:47:01.224367+00:00
7d0fa748-79a4-4d45-a219-b9a5cee97b7e,fUSD,0.000151,120,1,-10000.0,demand,2026-08-31T21:47:01.224367+00:00
7d0fa748-79a4-4d45-a219-b9a5cee97b7e,fUSD,0.0001502,60,1,-20000.0,demand,2026-08-31T21:47:01.224367+00:00
7d0fa748-79a4-4d45-a219-b9a5cee97b7e,fUSD,0.00015,90,1,-19550.75,demand,2026-08-31T21:47:01.224367+00:00
7d0fa748-79a4-4d45-a219-b9a5cee97b7e,fUSD,0.00015,29,1,-91128.42113844,demand,2026-08-31T21:47:01.224367+00:00
7d0fa748-79a4-4d45-a219-b9a5cee97b7e,fUSD,0.00015,120,1,-500.0,demand,2026-08-31T21:47:01.224367+00:00
7d0fa748-79a4-4d45-a219-b9a5cee97b7e,fUSD,0.00015,2,1,-10000.0,demand,2026-08-31T21:47:01.224367+00:00
7d0fa748-79a4-4d45-a219-b9a5cee97b7e,fUSD,0.000145,7,1,-190.0,demand,2026-08-31T21:47:01.224367+00:00
7d0fa748-79a4-4d45-a219-b9a5cee97b7e,fUSD,0.00014252,120,1,-10770.76644364,demand,2026-08-31T21:47:01.224367+00:00
7d0fa748-79a4-4d45-a219-b9a5cee97b7e,fUSD,0.00014120000000000002,30,1,-13500.0,demand,2026-08-31T21:47:01.224367+00:00
7d0fa748-79a4-4d45-a219-b9a5cee97b7e,fUSD,0.0001342002,2,1,-401915.76344724,demand,2026-08-31T21:47:01.224367+00:00
7d0fa748-79a4-4d45-a219-b9a5cee97b7e,fUSD,0.0001342,2,1,-891058.84582125,demand,2026-08-31T21:47:01.224367+00:00
7d0fa748-79a4-4d45-a219-b9a5cee97b7e,fUSD,0.000131,13,1,-7000.0,demand,2026-08-31T21:47:01.224367+00:00
7d0fa748-79a4-4d45-a219-b9a5cee97b7e,fUSD,0.00013,2,1,-2000000.0,demand,2026-08-31T21:47:01.224367+00:00
7d0fa748-79a4-4d45-a219-b9a5cee97b7e,fUSD,0.00014693601232876712,2,1,4000.0,offer,2026-08-31T21:47:01.224367+00:00
7d0fa748-79a4-4d45-a219-b9a5cee97b7e,fUSD,0.000147,2,1,181.38,offer,2026-08-31T21:47:01.224367+00:00
7d0fa748-79a4-4d45-a219-b9a5cee97b7e,fUSD,0.00014714,2,18,8339.60756791,offer,2026-08-31T21:47:01.224367+00:00
7d0fa748-79a4-4d45-a219-b9a5cee97b7e,fUSD,0.00014715,2,1,230.39,offer,2026-08-31T21:47:01.224367+00:00
7d0fa748-79a4-4d45-a219-b9a5cee97b7e,fUSD,0.00014718,2,1,950.57261953,offer,2026-08-31T21:47:01.224367+00:00
7d0fa748-79a4-4d45-a219-b9a5cee97b7e,fUSD,0.00014741,2,2,1628.92200031,offer,2026-08-31T21:47:01.224367+00:00
7d0fa748-79a4-4d45-a219-b9a5cee97b7e,fUSD,0.00014779,2,1,17.30886527,offer,2026-08-31T21:47:01.224367+00:00
7d0fa748-79a4-4d45-a219-b9a5cee97b7e,fUSD,0.00014796986301369864,2,1,500.0,offer,2026-08-31T21:47:01.224367+00:00
7d0fa748-79a4-4d45-a219-b9a5cee97b7e,fUSD,0.00014798,2,3,3242.591,offer,2026-08-31T21:47:01.224367+00:00
7d0fa748-79a4-4d45-a219-b9a5cee97b7e,fUSD,0.000148,2,1,8716.21213211,offer,2026-08-31T21:47:01.224367+00:00
7d0fa748-79a4-4d45-a219-b9a5cee97b7e,fUSD,0.00014818,2,1,451.0,offer,2026-08-31T21:47:01.224367+00:00
7d0fa748-79a4-4d45-a219-b9a5cee97b7e,fUSD,0.00014819,2,1,150.0,offer,2026-08-31T21:47:01.224367+00:00
7d0fa748-79a4-4d45-a219-b9a5cee97b7e,fUSD,0.0001481991,2,17,2567.0,offer,2026-08-31T21:47:01.224367+00:00
7d0fa748-79a4-4d45-a219-b9a5cee97b7e,fUSD,0.00014848,2,2,3108.0,offer,2026-08-31T21:47:01.224367+00:00
7d0fa748-79a4-4d45-a219-b9a5cee97b7e,fUSD,0.00014854558255945205,2,1,150.0,offer,2026-08-31T21:47:01.224367+00:00
7d0fa748-79a4-4d45-a219-b9a5cee97b7e,fUSD,0.000149,2,33,421375.87894597,offer,2026-08-31T21:47:01.224367+00:00
7d0fa748-79a4-4d45-a219-b9a5cee97b7e,fUSD,0.00014902,2,2,391.53,offer,2026-08-31T21:47:01.224367+00:00
7d0fa748-79a4-4d45-a219-b9a5cee97b7e,fUSD,0.00014905,2,3,554.69,offer,2026-08-31T21:47:01.224367+00:00
7d0fa748-79a4-4d45-a219-b9a5cee97b7e,fUSD,0.0001491,2,1,374.0,offer,2026-08-31T21:47:01.224367+00:00
7d0fa748-79a4-4d45-a219-b9a5cee97b7e,fUSD,0.000149126346,7,1,150.0,offer,2026-08-31T21:47:01.224367+00:00
7d0fa748-79a4-4d45-a219-b9a5cee97b7e,fUSD,0.00014946,2,1,200.0,offer,2026-08-31T21:47:01.224367+00:00
7d0fa748-79a4-4d45-a219-b9a5cee97b7e,fUSD,0.00014958,2,1,451.0,offer,2026-08-31T21:47:01.224367+00:00
7d0fa748-79a4-4d45-a219-b9a5cee97b7e,fUSD,0.0001498499,2,1,268.08,offer,2026-08-31T21:47:01.224367+00:00
7d0fa748-79a4-4d45-a219-b9a5cee97b7e,fUSD,0.00014987,2,2,622.08923336,offer,2026-08-31T21:47:01.224367+00:00
7d0fa748-79a4-4d45-a219-b9a5cee97b7e,fUSD,0.0001499,2,2,2721.26207166,offer,2026-08-31T21:47:01.224367+00:00
239d0115-c238-476b-bf73-b596f264b5e8,fUSD,0.000273972602739726,120,1,-499758.64250184,demand,2026-08-31T22:47:00.921022+00:00
239d0115-c238-476b-bf73-b596f264b5e8,fUSD,0.00022,30,1,-30100.0,demand,2026-08-31T22:47:00.921022+00:00
239d0115-c238-476b-bf73-b596f264b5e8,fUSD,0.00021,30,1,-30000.0,demand,2026-08-31T22:47:00.921022+00:00
239d0115-c238-476b-bf73-b596f264b5e8,fUSD,0.000209,30,1,-6289.12258117,demand,2026-08-31T22:47:00.921022+00:00
239d0115-c238-476b-bf73-b596f264b5e8,fUSD,0.0002,7,1,-150.0,demand,2026-08-31T22:47:00.921022+00:00
239d0115-c238-476b-bf73-b596f264b5e8,fUSD,0.00018010999999999998,120,1,-133240.73391109,demand,2026-08-31T22:47:00.921022+00:00
239d0115-c238-476b-bf73-b596f264b5e8,fUSD,0.0001777,120,1,-23123.30278361,demand,2026-08-31T22:47:00.921022+00:00
239d0115-c238-476b-bf73-b596f264b5e8,fUSD,0.000174,120,1,-12350.0,demand,2026-08-31T22:47:00.921022+00:00
239d0115-c238-476b-bf73-b596f264b5e8,fUSD,0.0001713,120,1,-14000.0,demand,2026-08-31T22:47:00.921022+00:00
239d0115-c238-476b-bf73-b596f264b5e8,fUSD,0.0001712,120,1,-20000.0,demand,2026-08-31T22:47:00.921022+00:00
239d0115-c238-476b-bf73-b596f264b5e8,fUSD,0.00017111,120,1,-2000000.0,demand,2026-08-31T22:47:00.921022+00:00
239d0115-c238-476b-bf73-b596f264b5e8,fUSD,0.00016,120,2,-10009162.66122322,demand,2026-08-31T22:47:00.921022+00:00
239d0115-c238-476b-bf73-b596f264b5e8,fUSD,0.000151,120,1,-10000.0,demand,2026-08-31T22:47:00.921022+00:00
239d0115-c238-476b-bf73-b596f264b5e8,fUSD,0.0001502,60,1,-20000.0,demand,2026-08-31T22:47:00.921022+00:00
239d0115-c238-476b-bf73-b596f264b5e8,fUSD,0.00015,90,1,-19550.75,demand,2026-08-31T22:47:00.921022+00:00
239d0115-c238-476b-bf73-b596f264b5e8,fUSD,0.00015,29,1,-91128.42113844,demand,2026-08-31T22:47:00.921022+00:00
239d0115-c238-476b-bf73-b596f264b5e8,fUSD,0.00015,120,1,-500.0,demand,2026-08-31T22:47:00.921022+00:00
239d0115-c238-476b-bf73-b596f264b5e8,fUSD,0.00015,2,1,-10000.0,demand,2026-08-31T22:47:00.921022+00:00
239d0115-c238-476b-bf73-b596f264b5e8,fUSD,0.000145,7,1,-190.0,demand,2026-08-31T22:47:00.921022+00:00
239d0115-c238-476b-bf73-b596f264b5e8,fUSD,0.00014252,120,1,-10770.76644364,demand,2026-08-31T22:47:00.921022+00:00
239d0115-c238-476b-bf73-b596f264b5e8,fUSD,0.00014120000000000002,30,1,-13500.0,demand,2026-08-31T22:47:00.921022+00:00
239d0115-c238-476b-bf73-b596f264b5e8,fUSD,0.0001342002,2,1,-395556.604152,demand,2026-08-31T22:47:00.921022+00:00
239d0115-c238-476b-bf73-b596f264b5e8,fUSD,0.0001342,2,1,-891058.84582125,demand,2026-08-31T22:47:00.921022+00:00
239d0115-c238-476b-bf73-b596f264b5e8,fUSD,0.000131,13,1,-7000.0,demand,2026-08-31T22:47:00.921022+00:00
239d0115-c238-476b-bf73-b596f264b5e8,fUSD,0.00013,2,1,-2000000.0,demand,2026-08-31T22:47:00.921022+00:00
239d0115-c238-476b-bf73-b596f264b5e8,fUSD,0.0001406412,2,1,4138.78,offer,2026-08-31T22:47:00.921022+00:00
239d0115-c238-476b-bf73-b596f264b5e8,fUSD,0.00014592,2,1,150.0,offer,2026-08-31T22:47:00.921022+00:00
239d0115-c238-476b-bf73-b596f264b5e8,fUSD,0.00014726,2,14,7052.09447413,offer,2026-08-31T22:47:00.921022+00:00
239d0115-c238-476b-bf73-b596f264b5e8,fUSD,0.00014734,2,1,150.0,offer,2026-08-31T22:47:00.921022+00:00
239d0115-c238-476b-bf73-b596f264b5e8,fUSD,0.00014875,2,1,150.0,offer,2026-08-31T22:47:00.921022+00:00
239d0115-c238-476b-bf73-b596f264b5e8,fUSD,0.00014899,2,3,1500.0,offer,2026-08-31T22:47:00.921022+00:00
239d0115-c238-476b-bf73-b596f264b5e8,fUSD,0.000149,2,1,217.31198673,offer,2026-08-31T22:47:00.921022+00:00
239d0115-c238-476b-bf73-b596f264b5e8,fUSD,0.0001491,2,10,5113.54614477,offer,2026-08-31T22:47:00.921022+00:00
239d0115-c238-476b-bf73-b596f264b5e8,fUSD,0.00014911,2,2,572.19431634,offer,2026-08-31T22:47:00.921022+00:00
239d0115-c238-476b-bf73-b596f264b5e8,fUSD,0.00014949,2,1,261.0,offer,2026-08-31T22:47:00.921022+00:00
239d0115-c238-476b-bf73-b596f264b5e8,fUSD,0.00014987,2,2,509.18491912,offer,2026-08-31T22:47:00.921022+00:00
239d0115-c238-476b-bf73-b596f264b5e8,fUSD,0.00014989,2,4,1678.41,offer,2026-08-31T22:47:00.921022+00:00
239d0115-c238-476b-bf73-b596f264b5e8,fUSD,0.0001499,2,1,247.51842041,offer,2026-08-31T22:47:00.921022+00:00
239d0115-c238-476b-bf73-b596f264b5e8,fUSD,0.00014996,2,1,178.41,offer,2026-08-31T22:47:00.921022+00:00
239d0115-c238-476b-bf73-b596f264b5e8,fUSD,0.00014998,2,1,150.0,offer,2026-08-31T22:47:00.921022+00:00
239d0115-c238-476b-bf73-b596f264b5e8,fUSD,0.00014999,2,28,205464.37491092,offer,2026-08-31T22:47:00.921022+00:00
239d0115-c238-476b-bf73-b596f264b5e8,fUSD,0.00014999,7,1,200.0,offer,2026-08-31T22:47:00.921022+00:00
239d0115-c238-476b-bf73-b596f264b5e8,fUSD,0.00015,2,30,881607.16038093,offer,2026-08-31T22:47:00.921022+00:00
239d0115-c238-476b-bf73-b596f264b5e8,fUSD,0.00015026,2,1,180646.7538255,offer,2026-08-31T22:47:00.921022+00:00
239d0115-c238-476b-bf73-b596f264b5e8,fUSD,0.00015035,2,3,453.0,offer,2026-08-31T22:47:00.921022+00:00
239d0115-c238-476b-bf73-b596f264b5e8,fUSD,0.00015035334447210946,2,1,258522.69386498,offer,2026-08-31T22:47:00.921022+00:00
239d0115-c238-476b-bf73-b596f264b5e8,fUSD,0.00015037,2,1,212.0034316,offer,2026-08-31T22:47:00.921022+00:00
239d0115-c238-476b-bf73-b596f264b5e8,fUSD,0.00015038676656164385,2,1,165.99,offer,2026-08-31T22:47:00.921022+00:00
239d0115-c238-476b-bf73-b596f264b5e8,fUSD,0.0001506,2,1,200.0,offer,2026-08-31T22:47:00.921022+00:00
239d0115-c238-476b-bf73-b596f264b5e8,fUSD,0.0001507705,2,1,222.83643568,offer,2026-08-31T22:47:00.921022+00:00
405a11c7-b0c2-4690-9a06-2fe4a7e6114b,fUSD,0.000273972602739726,120,1,-475331.50843194,demand,2026-08-31T23:47:01.208748+00:00
405a11c7-b0c2-4690-9a06-2fe4a7e6114b,fUSD,0.00022,30,1,-30100.0,demand,2026-08-31T23:47:01.208748+00:00
405a11c7-b0c2-4690-9a06-2fe4a7e6114b,fUSD,0.00021,30,1,-30000.0,demand,2026-08-31T23:47:01.208748+00:00
405a11c7-b0c2-4690-9a06-2fe4a7e6114b,fUSD,0.000209,30,1,-6289.12258117,demand,2026-08-31T23:47:01.208748+00:00
405a11c7-b0c2-4690-9a06-2fe4a7e6114b,fUSD,0.0002,7,1,-150.0,demand,2026-08-31T23:47:01.208748+00:00
405a11c7-b0c2-4690-9a06-2fe4a7e6114b,fUSD,0.00018010999999999998,120,1,-133240.73391109,demand,2026-08-31T23:47:01.208748+00:00
405a11c7-b0c2-4690-9a06-2fe4a7e6114b,fUSD,0.0001777,120,1,-23123.30278361,demand,2026-08-31T23:47:01.208748+00:00
405a11c7-b0c2-4690-9a06-2fe4a7e6114b,fUSD,0.000174,120,1,-12350.0,demand,2026-08-31T23:47:01.208748+00:00
405a11c7-b0c2-4690-9a06-2fe4a7e6114b,fUSD,0.0001713,120,1,-14000.0,demand,2026-08-31T23:47:01.208748+00:00
405a11c7-b0c2-4690-9a06-2fe4a7e6114b,fUSD,0.0001712,120,1,-20000.0,demand,2026-08-31T23:47:01.208748+00:00
405a11c7-b0c2-4690-9a06-2fe4a7e6114b,fUSD,0.00017111,120,1,-2000000.0,demand,2026-08-31T23:47:01.208748+00:00
405a11c7-b0c2-4690-9a06-2fe4a7e6114b,fUSD,0.00016,120,2,-10009162.66122322,demand,2026-08-31T23:47:01.208748+00:00
405a11c7-b0c2-4690-9a06-2fe4a7e6114b,fUSD,0.000151,120,1,-10000.0,demand,2026-08-31T23:47:01.208748+00:00
405a11c7-b0c2-4690-9a06-2fe4a7e6114b,fUSD,0.0001502,60,1,-20000.0,demand,2026-08-31T23:47:01.208748+00:00
405a11c7-b0c2-4690-9a06-2fe4a7e6114b,fUSD,0.00015,90,1,-19550.75,demand,2026-08-31T23:47:01.208748+00:00
405a11c7-b0c2-4690-9a06-2fe4a7e6114b,fUSD,0.00015,29,1,-91128.42113844,demand,2026-08-31T23:47:01.208748+00:00
405a11c7-b0c2-4690-9a06-2fe4a7e6114b,fUSD,0.00015,120,1,-500.0,demand,2026-08-31T23:47:01.208748+00:00
405a11c7-b0c2-4690-9a06-2fe4a7e6114b,fUSD,0.00015,2,1,-10000.0,demand,2026-08-31T23:47:01.208748+00:00
405a11c7-b0c2-4690-9a06-2fe4a7e6114b,fUSD,0.000145,7,1,-190.0,demand,2026-08-31T23:47:01.208748+00:00
405a11c7-b0c2-4690-9a06-2fe4a7e6114b,fUSD,0.00014252,120,1,-10770.76644364,demand,2026-08-31T23:47:01.208748+00:00
405a11c7-b0c2-4690-9a06-2fe4a7e6114b,fUSD,0.00014120000000000002,30,1,-13500.0,demand,2026-08-31T23:47:01.208748+00:00
405a11c7-b0c2-4690-9a06-2fe4a7e6114b,fUSD,0.0001342002,2,1,-394954.924152,demand,2026-08-31T23:47:01.208748+00:00
405a11c7-b0c2-4690-9a06-2fe4a7e6114b,fUSD,0.0001342,2,1,-891058.84582125,demand,2026-08-31T23:47:01.208748+00:00
405a11c7-b0c2-4690-9a06-2fe4a7e6114b,fUSD,0.000131,13,1,-7000.0,demand,2026-08-31T23:47:01.208748+00:00
405a11c7-b0c2-4690-9a06-2fe4a7e6114b,fUSD,0.00013,2,1,-2000000.0,demand,2026-08-31T23:47:01.208748+00:00
405a11c7-b0c2-4690-9a06-2fe4a7e6114b,fUSD,0.00019942939296,2,1,329.11,offer,2026-08-31T23:47:01.208748+00:00
405a11c7-b0c2-4690-9a06-2fe4a7e6114b,fUSD,0.00019999,2,8,3166.03408105,offer,2026-08-31T23:47:01.208748+00:00
405a11c7-b0c2-4690-9a06-2fe4a7e6114b,fUSD,0.0002,2,18,248816.95051513,offer,2026-08-31T23:47:01.208748+00:00
405a11c7-b0c2-4690-9a06-2fe4a7e6114b,fUSD,0.0002,7,1,13235.38,offer,2026-08-31T23:47:01.208748+00:00
405a11c7-b0c2-4690-9a06-2fe4a7e6114b,fUSD,0.0002000537,2,1,361.97,offer,2026-08-31T23:47:01.208748+00:00
405a11c7-b0c2-4690-9a06-2fe4a7e6114b,fUSD,0.00020108368421052633,3,2,760.0,offer,2026-08-31T23:47:01.208748+00:00
405a11c7-b0c2-4690-9a06-2fe4a7e6114b,fUSD,0.0002011762,2,1,166.81,offer,2026-08-31T23:47:01.208748+00:00
405a11c7-b0c2-4690-9a06-2fe4a7e6114b,fUSD,0.00020176199569972602,2,1,329.11,offer,2026-08-31T23:47:01.208748+00:00
405a11c7-b0c2-4690-9a06-2fe4a7e6114b,fUSD,0.0002022,2,1,400.0,offer,2026-08-31T23:47:01.208748+00:00
405a11c7-b0c2-4690-9a06-2fe4a7e6114b,fUSD,0.00020246,2,1,361.97,offer,2026-08-31T23:47:01.208748+00:00
405a11c7-b0c2-4690-9a06-2fe4a7e6114b,fUSD,0.00020329,2,1,1445.0,offer,2026-08-31T23:47:01.208748+00:00
405a11c7-b0c2-4690-9a06-2fe4a7e6114b,fUSD,0.0002038442,2,4,912.40540577,offer,2026-08-31T23:47:01.208748+00:00
405a11c7-b0c2-4690-9a06-2fe4a7e6114b,fUSD,0.00020400000000000003,4,2,681.92470298,offer,2026-08-31T23:47:01.208748+00:00
405a11c7-b0c2-4690-9a06-2fe4a7e6114b,fUSD,0.00020409459843945206,2,1,329.11,offer,2026-08-31T23:47:01.208748+00:00
405a11c7-b0c2-4690-9a06-2fe4a7e6114b,fUSD,0.00020421369866,2,1,151.0,offer,2026-08-31T23:47:01.208748+00:00
405a11c7-b0c2-4690-9a06-2fe4a7e6114b,fUSD,0.0002054794520547945,2,5,1951.5879562,offer,2026-08-31T23:47:01.208748+00:00
405a11c7-b0c2-4690-9a06-2fe4a7e6114b,fUSD,0.00020547945205479453,2,1,22199.09,offer,2026-08-31T23:47:01.208748+00:00
405a11c7-b0c2-4690-9a06-2fe4a7e6114b,fUSD,0.00020585,2,2,2668.746,offer,2026-08-31T23:47:01.208748+00:00
405a11c7-b0c2-4690-9a06-2fe4a7e6114b,fUSD,0.00020620551506849314,2,1,166.81,offer,2026-08-31T23:47:01.208748+00:00
405a11c7-b0c2-4690-9a06-2fe4a7e6114b,fUSD,0.00020629565000000003,2,1,250.0,offer,2026-08-31T23:47:01.208748+00:00
405a11c7-b0c2-4690-9a06-2fe4a7e6114b,fUSD,0.00020642720117917807,2,1,329.11,offer,2026-08-31T23:47:01.208748+00:00
405a11c7-b0c2-4690-9a06-2fe4a7e6114b,fUSD,0.00020650684931506846,2,2,1204.9344513,offer,2026-08-31T23:47:01.208748+00:00
405a11c7-b0c2-4690-9a06-2fe4a7e6114b,fUSD,0.0002066444,2,1,6849.45911144,offer,2026-08-31T23:47:01.208748+00:00
405a11c7-b0c2-4690-9a06-2fe4a7e6114b,fUSD,0.000207,2,1,253.424823,offer,2026-08-31T23:47:01.208748+00:00
405a11c7-b0c2-4690-9a06-2fe4a7e6114b,fUSD,0.00020724992191780821,2,1,186.16,offer,2026-08-31T23:47:01.208748+00:00
