run_id,market,rate,period,count,amount,side,fetched_at
1d31f993-2aca-4253-92ca-8cc3b6af4d3e,fUST,0.0002671232876712329,120,1,-2979315.46409459,demand,2026-08-31T00:47:01.748048+00:00
1d31f993-2aca-4253-92ca-8cc3b6af4d3e,fUST,0.000247980821,120,1,-56568.59382046,demand,2026-08-31T00:47:01.748048+00:00
1d31f993-2aca-4253-92ca-8cc3b6af4d3e,fUST,0.00023893972602739727,120,1,-3260392.507236,demand,2026-08-31T00:47:01.748048+00:00
1d31f993-2aca-4253-92ca-8cc3b6af4d3e,fUST,0.00016,120,1,-2000.0,demand,2026-08-31T00:47:01.748048+00:00
1d31f993-2aca-4253-92ca-8cc3b6af4d3e,fUST,0.00016,60,18,-402330.8297215,demand,2026-08-31T00:47:01.748048+00:00
1d31f993-2aca-4253-92ca-8cc3b6af4d3e,fUST,0.00015,90,1,-2000.0,demand,2026-08-31T00:47:01.748048+00:00
1d31f993-2aca-4253-92ca-8cc3b6af4d3e,fUST,0.00015,120,1,-300000.0,demand,2026-08-31T00:47:01.748048+00:00
1d31f993-2aca-4253-92ca-8cc3b6af4d3e,fUST,0.00015,45,3,-13845.272985,demand,2026-08-31T00:47:01.748048+00:00
1d31f993-2aca-4253-92ca-8cc3b6af4d3e,fUST,0.00015,60,1,-28000.0,demand,2026-08-31T00:47:01.748048+00:00
1d31f993-2aca-4253-92ca-8cc3b6af4d3e,fUST,0.00015,30,8,-15000.0,demand,2026-08-31T00:47:01.748048+00:00
1d31f993-2aca-4253-92ca-8cc3b6af4d3e,fUST,0.000148,30,4,-20000.0,demand,2026-08-31T00:47:01.748048+00:00
1d31f993-2aca-4253-92ca-8cc3b6af4d3e,fUST,0.0001421,45,9,-80000.0,demand,2026-08-31T00:47:01.748048+00:00
1d31f993-2aca-4253-92ca-8cc3b6af4d3e,fUST,0.000142,45,2,-20000.0,demand,2026-08-31T00:47:01.748048+00:00
1d31f993-2aca-4253-92ca-8cc3b6af4d3e,fUST,0.0001401,30,11,-147973.68632078,demand,2026-08-31T00:47:01.748048+00:00
1d31f993-2aca-4253-92ca-8cc3b6af4d3e,fUST,0.00014000000000000001,30,1,-28000.0,demand,2026-08-31T00:47:01.748048+00:00
1d31f993-2aca-4253-92ca-8cc3b6af4d3e,fUST,0.000138,20,6,-49626.52669917,demand,2026-08-31T00:47:01.748048+00:00
1d31f993-2aca-4253-92ca-8cc3b6af4d3e,fUST,0.000136,30,3,-19544.22120933,demand,2026-08-31T00:47:01.748048+00:00
1d31f993-2aca-4253-92ca-8cc3b6af4d3e,fUST,0.000128,30,3,-30000.0,demand,2026-08-31T00:47:01.748048+00:00
1d31f993-2aca-4253-92ca-8cc3b6af4d3e,fUST,0.000126,15,5,-45000.0,demand,2026-08-31T00:47:01.748048+00:00
1d31f993-2aca-4253-92ca-8cc3b6af4d3e,fUST,0.000125,14,22,-87434.04490168,demand,2026-08-31T00:47:01.748048+00:00
1d31f993-2aca-4253-92ca-8cc3b6af4d3e,fUST,0.0001225,59,1,-95000.0,demand,2026-08-31T00:47:01.748048+00:00
1d31f993-2aca-4253-92ca-8cc3b6af4d3e,fUST,0.0001222,29,1,-194504.86890568,demand,2026-08-31T00:47:01.748048+00:00
1d31f993-2aca-4253-92ca-8cc3b6af4d3e,fUST,0.0001202,19,1,-184532.71737778,demand,2026-08-31T00:47:01.748048+00:00
1d31f993-2aca-4253-92ca-8cc3b6af4d3e,fUST,0.00012,120,1,-30000.0,demand,2026-08-31T00:47:01.748048+00:00
1d31f993-2aca-4253-92ca-8cc3b6af4d3e,fUST,0.00011011,2,2,-2350145.57656888,demand,2026-08-31T00:47:01.748048+00:00
1d31f993-2aca-4253-92ca-8cc3b6af4d3e,fUST,0.00015064,2,1,2631.66731595,offer,2026-08-31T00:47:01.748048+00:00
1d31f993-2aca-4253-92ca-8cc3b6af4d3e,fUST,0.00015116,2,1,160.13071895,offer,2026-08-31T00:47:01.748048+00:00
1d31f993-2aca-4253-92ca-8cc3b6af4d3e,fUST,0.00015216,2,1,5000.0,offer,2026-08-31T00:47:01.748048+00:00
1d31f993-2aca-4253-92ca-8cc3b6af4d3e,fUST,0.00016,2,1,4752.38283688,offer,2026-08-31T00:47:01.748048+00:00
1d31f993-2aca-4253-92ca-8cc3b6af4d3e,fUST,0.00016319,2,15,4500.0,offer,2026-08-31T00:47:01.748048+00:00
1d31f993-2aca-4253-92ca-8cc3b6af4d3e,fUST,0.0001680729785287216,2,1,331.88755309,offer,2026-08-31T00:47:01.748048+00:00
1d31f993-2aca-4253-92ca-8cc3b6af4d3e,fUST,0.0001840931506849315,2,1,158.85981213,offer,2026-08-31T00:47:01.748048+00:00
1d31f993-2aca-4253-92ca-8cc3b6af4d3e,fUST,0.000184646,2,2,639.0,offer,2026-08-31T00:47:01.748048+00:00
1d31f993-2aca-4253-92ca-8cc3b6af4d3e,fUST,0.0001850312,2,1,164.664825,offer,2026-08-31T00:47:01.748048+00:00
1d31f993-2aca-4253-92ca-8cc3b6af4d3e,fUST,0.0001856503,2,1,1167.7277703,offer,2026-08-31T00:47:01.748048+00:00
1d31f993-2aca-4253-92ca-8cc3b6af4d3e,fUST,0.0001857949,2,1,157.645392,offer,2026-08-31T00:47:01.748048+00:00
1d31f993-2aca-4253-92ca-8cc3b6af4d3e,fUST,0.000195,2,1,189.0104494,offer,2026-08-31T00:47:01.748048+00:00
1d31f993-2aca-4253-92ca-8cc3b6af4d3e,fUST,0.00019502,2,1,1245.95235863,offer,2026-08-31T00:47:01.748048+00:00
1d31f993-2aca-4253-92ca-8cc3b6af4d3e,fUST,0.0001954296935737787,2,1,237.26816281,offer,2026-08-31T00:47:01.748048+00:00
1d31f993-2aca-4253-92ca-8cc3b6af4d3e,fUST,0.000195469672181994,2,1,220.81475575,offer,2026-08-31T00:47:01.748048+00:00
1d31f993-2aca-4253-92ca-8cc3b6af4d3e,fUST,0.0001954721224461293,2,6,2504.02872805,offer,2026-08-31T00:47:01.748048+00:00
1d31f993-2aca-4253-92ca-8cc3b6af4d3e,fUST,0.0001954821224461293,2,1,417.15472785,offer,2026-08-31T00:47:01.748048+00:00
1d31f993-2aca-4253-92ca-8cc3b6af4d3e,fUST,0.00019614,2,9,3475.00773918,offer,2026-08-31T00:47:01.748048+00:00
1d31f993-2aca-4253-92ca-8cc3b6af4d3e,fUST,0.000197,2,1,189.0104494,offer,2026-08-31T00:47:01.748048+00:00
1d31f993-2aca-4253-92ca-8cc3b6af4d3e,fUST,0.00019725,2,1,227.80377738,offer,2026-08-31T00:47:01.748048+00:00
1d31f993-2aca-4253-92ca-8cc3b6af4d3e,fUST,0.000197371506,2,2,346.11571534,offer,2026-08-31T00:47:01.748048+00:00
1d31f993-2aca-4253-92ca-8cc3b6af4d3e,fUST,0.00019749,2,10,5029.66413709,offer,2026-08-31T00:47:01.748048+00:00
1d31f993-2aca-4253-92ca-8cc3b6af4d3e,fUST,0.00019782465754,2,1,466.2595699,offer,2026-08-31T00:47:01.748048+00:00
1d31f993-2aca-4253-92ca-8cc3b6af4d3e,fUST,0.000198,2,1,160.13071895,offer,2026-08-31T00:47:01.748048+00:00
1d31f993-2aca-4253-92ca-8cc3b6af4d3e,fUST,0.0001989,3,2,835.27,offer,2026-08-31T00:47:01.748048+00:00
fd44dda9-9d62-4d20-87a2-a7ba4c12b2b5,fUST,0.0002671232876712329,120,1,-2976312.2521188,demand,2026-08-31T01:47:02.133930+00:00
fd44dda9-9d62-4d20-87a2-a7ba4c12b2b5,fUST,0.000247980821,120,1,-56568.59382046,demand,2026-08-31T01:47:02.133930+00:00
fd44dda9-9d62-4d20-87a2-a7ba4c12b2b5,fUST,0.00023897534246575342,120,1,-3249962.59682647,demand,2026-08-31T01:47:02.133930+00:00
fd44dda9-9d62-4d20-87a2-a7ba4c12b2b5,fUST,0.00016,120,1,-2000.0,demand,2026-08-31T01:47:02.133930+00:00
fd44dda9-9d62-4d20-87a2-a7ba4c12b2b5,fUST,0.00016,60,18,-402330.8297215,demand,2026-08-31T01:47:02.133930+00:00
fd44dda9-9d62-4d20-87a2-a7ba4c12b2b5,fUST,0.00015,90,1,-2000.0,demand,2026-08-31T01:47:02.133930+00:00
fd44dda9-9d62-4d20-87a2-a7ba4c12b2b5,fUST,0.00015,120,1,-300000.0,demand,2026-08-31T01:47:02.133930+00:00
fd44dda9-9d62-4d20-87a2-a7ba4c12b2b5,fUST,0.00015,45,3,-13845.272985,demand,2026-08-31T01:47:02.133930+00:00
fd44dda9-9d62-4d20-87a2-a7ba4c12b2b5,fUST,0.00015,60,1,-28000.0,demand,2026-08-31T01:47:02.133930+00:00
fd44dda9-9d62-4d20-87a2-a7ba4c12b2b5,fUST,0.00015,30,8,-15000.0,demand,2026-08-31T01:47:02.133930+00:00
fd44dda9-9d62-4d20-87a2-a7ba4c12b2b5,fUST,0.000148,30,4,-20000.0,demand,2026-08-31T01:47:02.133930+00:00
fd44dda9-9d62-4d20-87a2-a7ba4c12b2b5,fUST,0.0001421,45,9,-80000.0,demand,2026-08-31T01:47:02.133930+00:00
fd44dda9-9d62-4d20-87a2-a7ba4c12b2b5,fUST,0.000142,45,2,-20000.0,demand,2026-08-31T01:47:02.133930+00:00
fd44dda9-9d62-4d20-87a2-a7ba4c12b2b5,fUST,0.0001401,30,11,-147973.68632078,demand,2026-08-31T01:47:02.133930+00:00
fd44dda9-9d62-4d20-87a2-a7ba4c12b2b5,fUST,0.00014000000000000001,30,1,-28000.0,demand,2026-08-31T01:47:02.133930+00:00
fd44dda9-9d62-4d20-87a2-a7ba4c12b2b5,fUST,0.000138,20,6,-49626.52669917,demand,2026-08-31T01:47:02.133930+00:00
fd44dda9-9d62-4d20-87a2-a7ba4c12b2b5,fUST,0.000136,30,3,-19544.22120933,demand,2026-08-31T01:47:02.133930+00:00
fd44dda9-9d62-4d20-87a2-a7ba4c12b2b5,fUST,0.000128,30,3,-30000.0,demand,2026-08-31T01:47:02.133930+00:00
fd44dda9-9d62-4d20-87a2-a7ba4c12b2b5,fUST,0.000126,15,5,-45000.0,demand,2026-08-31T01:47:02.133930+00:00
fd44dda9-9d62-4d20-87a2-a7ba4c12b2b5,fUST,0.000125,14,22,-87434.04490168,demand,2026-08-31T01:47:02.133930+00:00
fd44dda9-9d62-4d20-87a2-a7ba4c12b2b5,fUST,0.0001225,59,1,-95000.0,demand,2026-08-31T01:47:02.133930+00:00
fd44dda9-9d62-4d20-87a2-a7ba4c12b2b5,fUST,0.0001222,29,1,-194504.86890568,demand,2026-08-31T01:47:02.133930+00:00
fd44dda9-9d62-4d20-87a2-a7ba4c12b2b5,fUST,0.0001202,19,1,-184532.71737778,demand,2026-08-31T01:47:02.133930+00:00
fd44dda9-9d62-4d20-87a2-a7ba4c12b2b5,fUST,0.00012,120,1,-30000.0,demand,2026-08-31T01:47:02.133930+00:00
fd44dda9-9d62-4d20-87a2-a7ba4c12b2b5,fUST,0.00011011,2,2,-2344310.63321433,demand,2026-08-31T01:47:02.133930+00:00
fd44dda9-9d62-4d20-87a2-a7ba4c12b2b5,fUST,0.00016157,14,1,5000.0,offer,2026-08-31T01:47:02.133930+00:00
fd44dda9-9d62-4d20-87a2-a7ba4c12b2b5,fUST,0.0001632,7,1,232.19918324,offer,2026-08-31T01:47:02.133930+00:00
fd44dda9-9d62-4d20-87a2-a7ba4c12b2b5,fUST,0.00017280000000000003,7,1,348.29877488,offer,2026-08-31T01:47:02.133930+00:00
fd44dda9-9d62-4d20-87a2-a7ba4c12b2b5,fUST,0.00018423835616438356,2,2,354.82177012,offer,2026-08-31T01:47:02.133930+00:00
fd44dda9-9d62-4d20-87a2-a7ba4c12b2b5,fUST,0.00018423835616438358,2,1,309.5108066,offer,2026-08-31T01:47:02.133930+00:00
fd44dda9-9d62-4d20-87a2-a7ba4c12b2b5,fUST,0.00019,2,1,6458.68085,offer,2026-08-31T01:47:02.133930+00:00
fd44dda9-9d62-4d20-87a2-a7ba4c12b2b5,fUST,0.000191678,2,1,267.434,offer,2026-08-31T01:47:02.133930+00:00
fd44dda9-9d62-4d20-87a2-a7ba4c12b2b5,fUST,0.00019313446372224447,2,1,169.58407663,offer,2026-08-31T01:47:02.133930+00:00
fd44dda9-9d62-4d20-87a2-a7ba4c12b2b5,fUST,0.0001951409,2,1,6676.915835,offer,2026-08-31T01:47:02.133930+00:00
fd44dda9-9d62-4d20-87a2-a7ba4c12b2b5,fUST,0.00019554126416001974,2,1,160.0,offer,2026-08-31T01:47:02.133930+00:00
fd44dda9-9d62-4d20-87a2-a7ba4c12b2b5,fUST,0.0001978467,2,1,162.1695841,offer,2026-08-31T01:47:02.133930+00:00
fd44dda9-9d62-4d20-87a2-a7ba4c12b2b5,fUST,0.0001984211,2,1,181.560073,offer,2026-08-31T01:47:02.133930+00:00
fd44dda9-9d62-4d20-87a2-a7ba4c12b2b5,fUST,0.00019898,2,1,500.0,offer,2026-08-31T01:47:02.133930+00:00
fd44dda9-9d62-4d20-87a2-a7ba4c12b2b5,fUST,0.00019899,2,9,4500.0,offer,2026-08-31T01:47:02.133930+00:00
fd44dda9-9d62-4d20-87a2-a7ba4c12b2b5,fUST,0.00019999149999999998,2,1,719.3490038,offer,2026-08-31T01:47:02.133930+00:00
fd44dda9-9d62-4d20-87a2-a7ba4c12b2b5,fUST,0.0002004485,2,1,1390.075526,offer,2026-08-31T01:47:02.133930+00:00
fd44dda9-9d62-4d20-87a2-a7ba4c12b2b5,fUST,0.0002007985,2,1,267.3413633,offer,2026-08-31T01:47:02.133930+00:00
fd44dda9-9d62-4d20-87a2-a7ba4c12b2b5,fUST,0.0002069327658,2,3,476.84700731,offer,2026-08-31T01:47:02.133930+00:00
fd44dda9-9d62-4d20-87a2-a7ba4c12b2b5,fUST,0.00021,2,2,1323.13,offer,2026-08-31T01:47:02.133930+00:00
fd44dda9-9d62-4d20-87a2-a7ba4c12b2b5,fUST,0.00021034009307774738,2,1,220.81475575,offer,2026-08-31T01:47:02.133930+00:00
fd44dda9-9d62-4d20-87a2-a7ba4c12b2b5,fUST,0.00021071441684426627,2,1,160.0,offer,2026-08-31T01:47:02.133930+00:00
fd44dda9-9d62-4d20-87a2-a7ba4c12b2b5,fUST,0.00021073838706967582,2,2,577.15472785,offer,2026-08-31T01:47:02.133930+00:00
fd44dda9-9d62-4d20-87a2-a7ba4c12b2b5,fUST,0.00021086,2,1,322.701,offer,2026-08-31T01:47:02.133930+00:00
fd44dda9-9d62-4d20-87a2-a7ba4c12b2b5,fUST,0.00021105,2,1,2387.34460166,offer,2026-08-31T01:47:02.133930+00:00
fd44dda9-9d62-4d20-87a2-a7ba4c12b2b5,fUST,0.000212,10,1,160.0,offer,2026-08-31T01:47:02.133930+00:00
ab00eb66-1ef9-423e-93f4-78dd54eb729f,fUST,0.0002671232876712329,120,1,-2974614.23164236,demand,2026-08-31T02:47:02.004018+00:00
ab00eb66-1ef9-423e-93f4-78dd54eb729f,fUST,0.000247980821,120,1,-56568.59382046,demand,2026-08-31T02:47:02.004018+00:00
ab00eb66-1ef9-423e-93f4-78dd54eb729f,fUST,0.00023897260273972602,120,1,-3247834.11630572,demand,2026-08-31T02:47:02.004018+00:00
ab00eb66-1ef9-423e-93f4-78dd54eb729f,fUST,0.00016,120,1,-2000.0,demand,2026-08-31T02:47:02.004018+00:00
ab00eb66-1ef9-423e-93f4-78dd54eb729f,fUST,0.00016,60,18,-402330.8297215,demand,2026-08-31T02:47:02.004018+00:00
ab00eb66-1ef9-423e-93f4-78dd54eb729f,fUST,0.00015,90,1,-2000.0,demand,2026-08-31T02:47:02.004018+00:00
ab00eb66-1ef9-423e-93f4-78dd54eb729f,fUST,0.00015,120,1,-300000.0,demand,2026-08-31T02:47:02.004018+00:00
ab00eb66-1ef9-423e-93f4-78dd54eb729f,fUST,0.00015,45,3,-13845.272985,demand,2026-08-31T02:47:02.004018+00:00
ab00eb66-1ef9-423e-93f4-78dd54eb729f,fUST,0.00015,60,1,-28000.0,demand,2026-08-31T02:47:02.004018+00:00
ab00eb66-1ef9-423e-93f4-78dd54eb729f,fUST,0.00015,30,8,-15000.0,demand,2026-08-31T02:47:02.004018+00:00
ab00eb66-1ef9-423e-93f4-78dd54eb729f,fUST,0.000148,30,4,-20000.0,demand,2026-08-31T02:47:02.004018+00:00
ab00eb66-1ef9-423e-93f4-78dd54eb729f,fUST,0.0001421,45,9,-80000.0,demand,2026-08-31T02:47:02.004018+00:00
ab00eb66-1ef9-423e-93f4-78dd54eb729f,fUST,0.000142,45,2,-20000.0,demand,2026-08-31T02:47:02.004018+00:00
ab00eb66-1ef9-423e-93f4-78dd54eb729f,fUST,0.0001401,30,11,-147973.68632078,demand,2026-08-31T02:47:02.004018+00:00
ab00eb66-1ef9-423e-93f4-78dd54eb729f,fUST,0.00014000000000000001,30,1,-28000.0,demand,2026-08-31T02:47:02.004018+00:00
ab00eb66-1ef9-423e-93f4-78dd54eb729f,fUST,0.000138,20,6,-49626.52669917,demand,2026-08-31T02:47:02.004018+00:00
ab00eb66-1ef9-423e-93f4-78dd54eb729f,fUST,0.000136,30,3,-19544.22120933,demand,2026-08-31T02:47:02.004018+00:00
ab00eb66-1ef9-423e-93f4-78dd54eb729f,fUST,0.000128,30,3,-30000.0,demand,2026-08-31T02:47:02.004018+00:00
ab00eb66-1ef9-423e-93f4-78dd54eb729f,fUST,0.000126,15,5,-45000.0,demand,2026-08-31T02:47:02.004018+00:00
ab00eb66-1ef9-423e-93f4-78dd54eb729f,fUST,0.000125,14,22,-87434.04490168,demand,2026-08-31T02:47:02.004018+00:00
ab00eb66-1ef9-423e-93f4-78dd54eb729f,fUST,0.0001225,59,1,-95000.0,demand,2026-08-31T02:47:02.004018+00:00
ab00eb66-1ef9-423e-93f4-78dd54eb729f,fUST,0.0001222,29,1,-194504.86890568,demand,2026-08-31T02:47:02.004018+00:00
ab00eb66-1ef9-423e-93f4-78dd54eb729f,fUST,0.0001202,19,1,-184532.71737778,demand,2026-08-31T02:47:02.004018+00:00
ab00eb66-1ef9-423e-93f4-78dd54eb729f,fUST,0.00012,120,1,-30000.0,demand,2026-08-31T02:47:02.004018+00:00
ab00eb66-1ef9-423e-93f4-78dd54eb729f,fUST,0.00011011,2,2,-2343020.5747252,demand,2026-08-31T02:47:02.004018+00:00
ab00eb66-1ef9-423e-93f4-78dd54eb729f,fUST,0.0001380392159791777,2,1,719.3490038,offer,2026-08-31T02:47:02.004018+00:00
ab00eb66-1ef9-423e-93f4-78dd54eb729f,fUST,0.0001429529,2,1,162.1695841,offer,2026-08-31T02:47:02.004018+00:00
ab00eb66-1ef9-423e-93f4-78dd54eb729f,fUST,0.0001437498,2,1,2239.1976835,offer,2026-08-31T02:47:02.004018+00:00
ab00eb66-1ef9-423e-93f4-78dd54eb729f,fUST,0.0001477783,2,1,267.3413633,offer,2026-08-31T02:47:02.004018+00:00
ab00eb66-1ef9-423e-93f4-78dd54eb729f,fUST,0.00015288000000000004,3,3,1438.46,offer,2026-08-31T02:47:02.004018+00:00
ab00eb66-1ef9-423e-93f4-78dd54eb729f,fUST,0.00015297082191780822,2,1,260.44468147,offer,2026-08-31T02:47:02.004018+00:00
ab00eb66-1ef9-423e-93f4-78dd54eb729f,fUST,0.00015298,2,8,3704.16163268,offer,2026-08-31T02:47:02.004018+00:00
ab00eb66-1ef9-423e-93f4-78dd54eb729f,fUST,0.00015298082191780822,2,27,352491.62589204,offer,2026-08-31T02:47:02.004018+00:00
ab00eb66-1ef9-423e-93f4-78dd54eb729f,fUST,0.00015299,2,15,4500.0,offer,2026-08-31T02:47:02.004018+00:00
ab00eb66-1ef9-423e-93f4-78dd54eb729f,fUST,0.00015604,2,1,600.0,offer,2026-08-31T02:47:02.004018+00:00
ab00eb66-1ef9-423e-93f4-78dd54eb729f,fUST,0.0001582516278,2,1,178.355112,offer,2026-08-31T02:47:02.004018+00:00
ab00eb66-1ef9-423e-93f4-78dd54eb729f,fUST,0.00016657863013698634,3,2,1438.44,offer,2026-08-31T02:47:02.004018+00:00
ab00eb66-1ef9-423e-93f4-78dd54eb729f,fUST,0.0001690942,2,1,319.13,offer,2026-08-31T02:47:02.004018+00:00
ab00eb66-1ef9-423e-93f4-78dd54eb729f,fUST,0.00017164,2,1,720.0,offer,2026-08-31T02:47:02.004018+00:00
ab00eb66-1ef9-423e-93f4-78dd54eb729f,fUST,0.00017999999999999998,2,1,79514.68975663,offer,2026-08-31T02:47:02.004018+00:00
ab00eb66-1ef9-423e-93f4-78dd54eb729f,fUST,0.00018140547947,2,1,466.3141138,offer,2026-08-31T02:47:02.004018+00:00
ab00eb66-1ef9-423e-93f4-78dd54eb729f,fUST,0.0001814191781,2,2,483.4524688,offer,2026-08-31T02:47:02.004018+00:00
ab00eb66-1ef9-423e-93f4-78dd54eb729f,fUST,0.00018416986301369862,2,1,215.18272343,offer,2026-08-31T02:47:02.004018+00:00
ab00eb66-1ef9-423e-93f4-78dd54eb729f,fUST,0.00018881,2,1,864.0,offer,2026-08-31T02:47:02.004018+00:00
ab00eb66-1ef9-423e-93f4-78dd54eb729f,fUST,0.00018961917809,2,1,332.7067049,offer,2026-08-31T02:47:02.004018+00:00
ab00eb66-1ef9-423e-93f4-78dd54eb729f,fUST,0.00019178,2,1,300.0,offer,2026-08-31T02:47:02.004018+00:00
ab00eb66-1ef9-423e-93f4-78dd54eb729f,fUST,0.00019252,2,1,188.0,offer,2026-08-31T02:47:02.004018+00:00
ab00eb66-1ef9-423e-93f4-78dd54eb729f,fUST,0.00019551,2,8,3935.895079,offer,2026-08-31T02:47:02.004018+00:00
ab00eb66-1ef9-423e-93f4-78dd54eb729f,fUST,0.00019552982451839172,2,1,160.0,offer,2026-08-31T02:47:02.004018+00:00
ab00eb66-1ef9-423e-93f4-78dd54eb729f,fUST,0.00019589,3,1,300.0,offer,2026-08-31T02:47:02.004018+00:00
fe4abd08-89d8-4e4a-8abe-611fbb3bbca5,fUST,0.0002671232876712329,120,1,-2966039.60596498,demand,2026-08-31T03:47:01.791239+00:00
fe4abd08-89d8-4e4a-8abe-611fbb3bbca5,fUST,0.000247980821,120,1,-56568.59382046,demand,2026-08-31T03:47:01.791239+00:00
fe4abd08-89d8-4e4a-8abe-611fbb3bbca5,fUST,0.00023884931506849315,120,1,-3247487.76630572,demand,2026-08-31T03:47:01.791239+00:00
fe4abd08-89d8-4e4a-8abe-611fbb3bbca5,fUST,0.00016,120,1,-2000.0,demand,2026-08-31T03:47:01.791239+00:00
fe4abd08-89d8-4e4a-8abe-611fbb3bbca5,fUST,0.00016,60,18,-402330.8297215,demand,2026-08-31T03:47:01.791239+00:00
fe4abd08-89d8-4e4a-8abe-611fbb3bbca5,fUST,0.00015,90,1,-2000.0,demand,2026-08-31T03:47:01.791239+00:00
fe4abd08-89d8-4e4a-8abe-611fbb3bbca5,fUST,0.00015,120,1,-300000.0,demand,2026-08-31T03:47:01.791239+00:00
fe4abd08-89d8-4e4a-8abe-611fbb3bbca5,fUST,0.00015,45,3,-13845.272985,demand,2026-08-31T03:47:01.791239+00:00
fe4abd08-89d8-4e4a-8abe-611fbb3bbca5,fUST,0.00015,60,1,-28000.0,demand,2026-08-31T03:47:01.791239+00:00
fe4abd08-89d8-4e4a-8abe-611fbb3bbca5,fUST,0.00015,30,8,-15000.0,demand,2026-08-31T03:47:01.791239+00:00
fe4abd08-89d8-4e4a-8abe-611fbb3bbca5,fUST,0.000148,30,4,-20000.0,demand,2026-08-31T03:47:01.791239+00:00
fe4abd08-89d8-4e4a-8abe-611fbb3bbca5,fUST,0.0001421,45,9,-80000.0,demand,2026-08-31T03:47:01.791239+00:00
fe4abd08-89d8-4e4a-8abe-611fbb3bbca5,fUST,0.000142,45,2,-20000.0,demand,2026-08-31T03:47:01.791239+00:00
fe4abd08-89d8-4e4a-8abe-611fbb3bbca5,fUST,0.0001401,30,11,-147973.68632078,demand,2026-08-31T03:47:01.791239+00:00
fe4abd08-89d8-4e4a-8abe-611fbb3bbca5,fUST,0.00014000000000000001,30,1,-28000.0,demand,2026-08-31T03:47:01.791239+00:00
fe4abd08-89d8-4e4a-8abe-611fbb3bbca5,fUST,0.000138,20,6,-49626.52669917,demand,2026-08-31T03:47:01.791239+00:00
fe4abd08-89d8-4e4a-8abe-611fbb3bbca5,fUST,0.000136,30,3,-19544.22120933,demand,2026-08-31T03:47:01.791239+00:00
fe4abd08-89d8-4e4a-8abe-611fbb3bbca5,fUST,0.000128,30,3,-30000.0,demand,2026-08-31T03:47:01.791239+00:00
fe4abd08-89d8-4e4a-8abe-611fbb3bbca5,fUST,0.000126,15,5,-45000.0,demand,2026-08-31T03:47:01.791239+00:00
fe4abd08-89d8-4e4a-8abe-611fbb3bbca5,fUST,0.000125,14,22,-87434.04490168,demand,2026-08-31T03:47:01.791239+00:00
fe4abd08-89d8-4e4a-8abe-611fbb3bbca5,fUST,0.0001225,59,1,-95000.0,demand,2026-08-31T03:47:01.791239+00:00
fe4abd08-89d8-4e4a-8abe-611fbb3bbca5,fUST,0.0001222,29,1,-194504.86890568,demand,2026-08-31T03:47:01.791239+00:00
fe4abd08-89d8-4e4a-8abe-611fbb3bbca5,fUST,0.0001202,19,1,-184532.71737778,demand,2026-08-31T03:47:01.791239+00:00
fe4abd08-89d8-4e4a-8abe-611fbb3bbca5,fUST,0.00012,120,1,-30000.0,demand,2026-08-31T03:47:01.791239+00:00
fe4abd08-89d8-4e4a-8abe-611fbb3bbca5,fUST,0.00011011,2,2,-2342647.29275019,demand,2026-08-31T03:47:01.791239+00:00
fe4abd08-89d8-4e4a-8abe-611fbb3bbca5,fUST,0.00014457,2,1,750.25355421,offer,2026-08-31T03:47:01.791239+00:00
fe4abd08-89d8-4e4a-8abe-611fbb3bbca5,fUST,0.00015,2,1,184.03435166,offer,2026-08-31T03:47:01.791239+00:00
fe4abd08-89d8-4e4a-8abe-611fbb3bbca5,fUST,0.00015603,2,1,196.4335122,offer,2026-08-31T03:47:01.791239+00:00
fe4abd08-89d8-4e4a-8abe-611fbb3bbca5,fUST,0.000190361,2,1,188.0,offer,2026-08-31T03:47:01.791239+00:00
fe4abd08-89d8-4e4a-8abe-611fbb3bbca5,fUST,0.00019490238882028188,2,4,958.00740764,offer,2026-08-31T03:47:01.791239+00:00
fe4abd08-89d8-4e4a-8abe-611fbb3bbca5,fUST,0.0002119,3,1,328.71,offer,2026-08-31T03:47:01.791239+00:00
fe4abd08-89d8-4e4a-8abe-611fbb3bbca5,fUST,0.0002119890410958904,2,1,50000.0,offer,2026-08-31T03:47:01.791239+00:00
fe4abd08-89d8-4e4a-8abe-611fbb3bbca5,fUST,0.00021199,2,4,1581.80521866,offer,2026-08-31T03:47:01.791239+00:00
fe4abd08-89d8-4e4a-8abe-611fbb3bbca5,fUST,0.000212,64,2,348.09934937,offer,2026-08-31T03:47:01.791239+00:00
fe4abd08-89d8-4e4a-8abe-611fbb3bbca5,fUST,0.000212,2,10,130000.0,offer,2026-08-31T03:47:01.791239+00:00
fe4abd08-89d8-4e4a-8abe-611fbb3bbca5,fUST,0.00021324,2,1,653.24233248,offer,2026-08-31T03:47:01.791239+00:00
fe4abd08-89d8-4e4a-8abe-611fbb3bbca5,fUST,0.00021758,2,1,258.161,offer,2026-08-31T03:47:01.791239+00:00
fe4abd08-89d8-4e4a-8abe-611fbb3bbca5,fUST,0.00021765832659999997,2,1,164.31471966,offer,2026-08-31T03:47:01.791239+00:00
fe4abd08-89d8-4e4a-8abe-611fbb3bbca5,fUST,0.00021794192025440315,60,1,150.91212688,offer,2026-08-31T03:47:01.791239+00:00
fe4abd08-89d8-4e4a-8abe-611fbb3bbca5,fUST,0.000218,3,1,460.19,offer,2026-08-31T03:47:01.791239+00:00
fe4abd08-89d8-4e4a-8abe-611fbb3bbca5,fUST,0.00021917808219178083,2,1,250.46524167,offer,2026-08-31T03:47:01.791239+00:00
fe4abd08-89d8-4e4a-8abe-611fbb3bbca5,fUST,0.00022002,60,1,343.14315991,offer,2026-08-31T03:47:01.791239+00:00
fe4abd08-89d8-4e4a-8abe-611fbb3bbca5,fUST,0.00022026400000000002,2,3,1318.10815013,offer,2026-08-31T03:47:01.791239+00:00
fe4abd08-89d8-4e4a-8abe-611fbb3bbca5,fUST,0.000220361,2,1,188.0,offer,2026-08-31T03:47:01.791239+00:00
fe4abd08-89d8-4e4a-8abe-611fbb3bbca5,fUST,0.00022041502005870845,60,1,150.91212688,offer,2026-08-31T03:47:01.791239+00:00
fe4abd08-89d8-4e4a-8abe-611fbb3bbca5,fUST,0.000221,14,1,200.0,offer,2026-08-31T03:47:01.791239+00:00
fe4abd08-89d8-4e4a-8abe-611fbb3bbca5,fUST,0.0002212,2,1,248.0,offer,2026-08-31T03:47:01.791239+00:00
fe4abd08-89d8-4e4a-8abe-611fbb3bbca5,fUST,0.00022171619041999997,2,2,320.14519731,offer,2026-08-31T03:47:01.791239+00:00
fe4abd08-89d8-4e4a-8abe-611fbb3bbca5,fUST,0.00022175,3,1,657.43,offer,2026-08-31T03:47:01.791239+00:00
fe4abd08-89d8-4e4a-8abe-611fbb3bbca5,fUST,0.0002218,2,1,1036.2011218,offer,2026-08-31T03:47:01.791239+00:00
32b34a3d-b86a-4310-af41-53984135bdd8,fUST,0.0002671232876712329,120,1,-2963741.36468498,demand,2026-08-31T04:47:01.865667+00:00
32b34a3d-b86a-4310-af41-53984135bdd8,fUST,0.000247980821,120,1,-56568.59382046,demand,2026-08-31T04:47:01.865667+00:00
32b34a3d-b86a-4310-af41-53984135bdd8,fUST,0.00023882739726027396,120,1,-3224564.34223643,demand,2026-08-31T04:47:01.865667+00:00
32b34a3d-b86a-4310-af41-53984135bdd8,fUST,0.00016,120,1,-2000.0,demand,2026-08-31T04:47:01.865667+00:00
32b34a3d-b86a-4310-af41-53984135bdd8,fUST,0.00016,60,18,-402330.8297215,demand,2026-08-31T04:47:01.865667+00:00
32b34a3d-b86a-4310-af41-53984135bdd8,fUST,0.00015,90,1,-2000.0,demand,2026-08-31T04:47:01.865667+00:00
32b34a3d-b86a-4310-af41-53984135bdd8,fUST,0.00015,120,1,-300000.0,demand,2026-08-31T04:47:01.865667+00:00
32b34a3d-b86a-4310-af41-53984135bdd8,fUST,0.00015,45,3,-13845.272985,demand,2026-08-31T04:47:01.865667+00:00
32b34a3d-b86a-4310-af41-53984135bdd8,fUST,0.00015,60,1,-28000.0,demand,2026-08-31T04:47:01.865667+00:00
32b34a3d-b86a-4310-af41-53984135bdd8,fUST,0.00015,30,8,-15000.0,demand,2026-08-31T04:47:01.865667+00:00
32b34a3d-b86a-4310-af41-53984135bdd8,fUST,0.000148,30,4,-20000.0,demand,2026-08-31T04:47:01.865667+00:00
32b34a3d-b86a-4310-af41-53984135bdd8,fUST,0.0001421,45,9,-80000.0,demand,2026-08-31T04:47:01.865667+00:00
32b34a3d-b86a-4310-af41-53984135bdd8,fUST,0.000142,45,2,-20000.0,demand,2026-08-31T04:47:01.865667+00:00
32b34a3d-b86a-4310-af41-53984135bdd8,fUST,0.0001401,30,11,-147973.68632078,demand,2026-08-31T04:47:01.865667+00:00
32b34a3d-b86a-4310-af41-53984135bdd8,fUST,0.00014000000000000001,30,1,-28000.0,demand,2026-08-31T04:47:01.865667+00:00
32b34a3d-b86a-4310-af41-53984135bdd8,fUST,0.000138,20,6,-49626.52669917,demand,2026-08-31T04:47:01.865667+00:00
32b34a3d-b86a-4310-af41-53984135bdd8,fUST,0.000136,30,3,-19544.22120933,demand,2026-08-31T04:47:01.865667+00:00
32b34a3d-b86a-4310-af41-53984135bdd8,fUST,0.000128,30,3,-30000.0,demand,2026-08-31T04:47:01.865667+00:00
32b34a3d-b86a-4310-af41-53984135bdd8,fUST,0.000126,15,5,-45000.0,demand,2026-08-31T04:47:01.865667+00:00
32b34a3d-b86a-4310-af41-53984135bdd8,fUST,0.000125,14,22,-87434.04490168,demand,2026-08-31T04:47:01.865667+00:00
32b34a3d-b86a-4310-af41-53984135bdd8,fUST,0.0001225,59,1,-95000.0,demand,2026-08-31T04:47:01.865667+00:00
32b34a3d-b86a-4310-af41-53984135bdd8,fUST,0.0001222,29,1,-194504.86890568,demand,2026-08-31T04:47:01.865667+00:00
32b34a3d-b86a-4310-af41-53984135bdd8,fUST,0.0001202,19,1,-184532.71737778,demand,2026-08-31T04:47:01.865667+00:00
32b34a3d-b86a-4310-af41-53984135bdd8,fUST,0.00012,120,1,-30000.0,demand,2026-08-31T04:47:01.865667+00:00
32b34a3d-b86a-4310-af41-53984135bdd8,fUST,0.00011011,2,2,-2342647.29275019,demand,2026-08-31T04:47:01.865667+00:00
32b34a3d-b86a-4310-af41-53984135bdd8,fUST,0.000194576,2,1,188.0,offer,2026-08-31T04:47:01.865667+00:00
32b34a3d-b86a-4310-af41-53984135bdd8,fUST,0.0002076911,2,1,197.735191,offer,2026-08-31T04:47:01.865667+00:00
32b34a3d-b86a-4310-af41-53984135bdd8,fUST,0.000208358,2,1,183.3859318,offer,2026-08-31T04:47:01.865667+00:00
32b34a3d-b86a-4310-af41-53984135bdd8,fUST,0.00021101252373516993,2,1,417.15472785,offer,2026-08-31T04:47:01.865667+00:00
32b34a3d-b86a-4310-af41-53984135bdd8,fUST,0.00021359013518073837,2,1,220.85267979,offer,2026-08-31T04:47:01.865667+00:00
32b34a3d-b86a-4310-af41-53984135bdd8,fUST,0.00021435933378940715,2,1,160.0,offer,2026-08-31T04:47:01.865667+00:00
32b34a3d-b86a-4310-af41-53984135bdd8,fUST,0.0002148,2,1,489.93174936,offer,2026-08-31T04:47:01.865667+00:00
32b34a3d-b86a-4310-af41-53984135bdd8,fUST,0.00021917808219178083,2,2,500.93048333,offer,2026-08-31T04:47:01.865667+00:00
32b34a3d-b86a-4310-af41-53984135bdd8,fUST,0.00021984,68,1,174.04967468,offer,2026-08-31T04:47:01.865667+00:00
32b34a3d-b86a-4310-af41-53984135bdd8,fUST,0.00022083109589041095,2,1,199.34134704,offer,2026-08-31T04:47:01.865667+00:00
32b34a3d-b86a-4310-af41-53984135bdd8,fUST,0.00022084,2,3,965.223,offer,2026-08-31T04:47:01.865667+00:00
32b34a3d-b86a-4310-af41-53984135bdd8,fUST,0.00022084109589041095,2,1,50000.0,offer,2026-08-31T04:47:01.865667+00:00
32b34a3d-b86a-4310-af41-53984135bdd8,fUST,0.00022084931506849315,2,10,130000.0,offer,2026-08-31T04:47:01.865667+00:00
32b34a3d-b86a-4310-af41-53984135bdd8,fUST,0.00022085,2,3,453.0,offer,2026-08-31T04:47:01.865667+00:00
32b34a3d-b86a-4310-af41-53984135bdd8,fUST,0.000221,14,1,200.0,offer,2026-08-31T04:47:01.865667+00:00
32b34a3d-b86a-4310-af41-53984135bdd8,fUST,0.000221,2,1,200.0,offer,2026-08-31T04:47:01.865667+00:00
32b34a3d-b86a-4310-af41-53984135bdd8,fUST,0.0002212,2,1,248.0,offer,2026-08-31T04:47:01.865667+00:00
32b34a3d-b86a-4310-af41-53984135bdd8,fUST,0.00022171888879999997,2,2,321.06972967,offer,2026-08-31T04:47:01.865667+00:00
32b34a3d-b86a-4310-af41-53984135bdd8,fUST,0.00022182739726027398,2,5,1561429.98165107,offer,2026-08-31T04:47:01.865667+00:00
32b34a3d-b86a-4310-af41-53984135bdd8,fUST,0.00022185,2,1,291.69717804,offer,2026-08-31T04:47:01.865667+00:00
32b34a3d-b86a-4310-af41-53984135bdd8,fUST,0.00022357,2,1,1036.2011218,offer,2026-08-31T04:47:01.865667+00:00
32b34a3d-b86a-4310-af41-53984135bdd8,fUST,0.00022373235726721834,3,1,160.15,offer,2026-08-31T04:47:01.865667+00:00
32b34a3d-b86a-4310-af41-53984135bdd8,fUST,0.000224,2,1,18174.69581904,offer,2026-08-31T04:47:01.865667+00:00
32b34a3d-b86a-4310-af41-53984135bdd8,fUST,0.000224576,2,1,188.0,offer,2026-08-31T04:47:01.865667+00:00
32b34a3d-b86a-4310-af41-53984135bdd8,fUST,0.000225,30,2,50417.15472785,offer,2026-08-31T04:47:01.865667+00:00
5314d553-6889-4d7f-bd03-9705e11a6723,fUST,0.0002671232876712329,120,1,-2963540.09468498,demand,2026-08-31T05:47:01.820074+00:00
5314d553-6889-4d7f-bd03-9705e11a6723,fUST,0.000247980821,120,1,-56568.59382046,demand,2026-08-31T05:47:01.820074+00:00
5314d553-6889-4d7f-bd03-9705e11a6723,fUST,0.00023873698630136987,120,1,-3221455.85469824,demand,2026-08-31T05:47:01.820074+00:00
5314d553-6889-4d7f-bd03-9705e11a6723,fUST,0.00016,120,1,-2000.0,demand,2026-08-31T05:47:01.820074+00:00
5314d553-6889-4d7f-bd03-9705e11a6723,fUST,0.00016,60,18,-402330.8297215,demand,2026-08-31T05:47:01.820074+00:00
5314d553-6889-4d7f-bd03-9705e11a6723,fUST,0.00015011,2,1,-150.0,demand,2026-08-31T05:47:01.820074+00:00
5314d553-6889-4d7f-bd03-9705e11a6723,fUST,0.00015,90,1,-2000.0,demand,2026-08-31T05:47:01.820074+00:00
5314d553-6889-4d7f-bd03-9705e11a6723,fUST,0.00015,120,1,-300000.0,demand,2026-08-31T05:47:01.820074+00:00
5314d553-6889-4d7f-bd03-9705e11a6723,fUST,0.00015,45,3,-13845.272985,demand,2026-08-31T05:47:01.820074+00:00
5314d553-6889-4d7f-bd03-9705e11a6723,fUST,0.00015,60,1,-28000.0,demand,2026-08-31T05:47:01.820074+00:00
5314d553-6889-4d7f-bd03-9705e11a6723,fUST,0.00015,30,8,-15000.0,demand,2026-08-31T05:47:01.820074+00:00
5314d553-6889-4d7f-bd03-9705e11a6723,fUST,0.000148,30,4,-20000.0,demand,2026-08-31T05:47:01.820074+00:00
5314d553-6889-4d7f-bd03-9705e11a6723,fUST,0.0001421,45,9,-80000.0,demand,2026-08-31T05:47:01.820074+00:00
5314d553-6889-4d7f-bd03-9705e11a6723,fUST,0.000142,45,2,-20000.0,demand,2026-08-31T05:47:01.820074+00:00
5314d553-6889-4d7f-bd03-9705e11a6723,fUST,0.0001401,30,11,-147973.68632078,demand,2026-08-31T05:47:01.820074+00:00
5314d553-6889-4d7f-bd03-9705e11a6723,fUST,0.00014000000000000001,30,1,-28000.0,demand,2026-08-31T05:47:01.820074+00:00
5314d553-6889-4d7f-bd03-9705e11a6723,fUST,0.000138,20,6,-49626.52669917,demand,2026-08-31T05:47:01.820074+00:00
5314d553-6889-4d7f-bd03-9705e11a6723,fUST,0.000136,30,3,-19544.22120933,demand,2026-08-31T05:47:01.820074+00:00
5314d553-6889-4d7f-bd03-9705e11a6723,fUST,0.00013011,2,1,-150.0,demand,2026-08-31T05:47:01.820074+00:00
5314d553-6889-4d7f-bd03-9705e11a6723,fUST,0.000128,30,3,-30000.0,demand,2026-08-31T05:47:01.820074+00:00
5314d553-6889-4d7f-bd03-9705e11a6723,fUST,0.000126,15,5,-45000.0,demand,2026-08-31T05:47:01.820074+00:00
5314d553-6889-4d7f-bd03-9705e11a6723,fUST,0.000125,14,22,-87434.04490168,demand,2026-08-31T05:47:01.820074+00:00
5314d553-6889-4d7f-bd03-9705e11a6723,fUST,0.0001225,59,1,-95000.0,demand,2026-08-31T05:47:01.820074+00:00
5314d553-6889-4d7f-bd03-9705e11a6723,fUST,0.0001222,29,1,-194504.86890568,demand,2026-08-31T05:47:01.820074+00:00
5314d553-6889-4d7f-bd03-9705e11a6723,fUST,0.0001202,19,1,-184532.71737778,demand,2026-08-31T05:47:01.820074+00:00
5314d553-6889-4d7f-bd03-9705e11a6723,fUST,0.000201726,2,1,188.0,offer,2026-08-31T05:47:01.820074+00:00
5314d553-6889-4d7f-bd03-9705e11a6723,fUST,0.0002117271,2,1,264.38125,offer,2026-08-31T05:47:01.820074+00:00
5314d553-6889-4d7f-bd03-9705e11a6723,fUST,0.0002141260274,2,1,279.5029024,offer,2026-08-31T05:47:01.820074+00:00
5314d553-6889-4d7f-bd03-9705e11a6723,fUST,0.00021416986302,2,1,151.0,offer,2026-08-31T05:47:01.820074+00:00
5314d553-6889-4d7f-bd03-9705e11a6723,fUST,0.0002205816292951897,2,1,220.85267979,offer,2026-08-31T05:47:01.820074+00:00
5314d553-6889-4d7f-bd03-9705e11a6723,fUST,0.00022160115948,2,1,154.32666177,offer,2026-08-31T05:47:01.820074+00:00
5314d553-6889-4d7f-bd03-9705e11a6723,fUST,0.00022169,2,2,1201.4251218,offer,2026-08-31T05:47:01.820074+00:00
5314d553-6889-4d7f-bd03-9705e11a6723,fUST,0.00022172,2,10,130000.0,offer,2026-08-31T05:47:01.820074+00:00
5314d553-6889-4d7f-bd03-9705e11a6723,fUST,0.00022172054794520547,2,1,50000.0,offer,2026-08-31T05:47:01.820074+00:00
5314d553-6889-4d7f-bd03-9705e11a6723,fUST,0.00022173,2,1,300.0,offer,2026-08-31T05:47:01.820074+00:00
5314d553-6889-4d7f-bd03-9705e11a6723,fUST,0.00022173698630136986,2,3,1560605.80957997,offer,2026-08-31T05:47:01.820074+00:00
5314d553-6889-4d7f-bd03-9705e11a6723,fUST,0.00022178,2,1,478.41362731,offer,2026-08-31T05:47:01.820074+00:00
5314d553-6889-4d7f-bd03-9705e11a6723,fUST,0.00022185,2,1,291.69717804,offer,2026-08-31T05:47:01.820074+00:00
5314d553-6889-4d7f-bd03-9705e11a6723,fUST,0.000223661124390506,3,1,160.15,offer,2026-08-31T05:47:01.820074+00:00
5314d553-6889-4d7f-bd03-9705e11a6723,fUST,0.000224,2,1,18174.69581904,offer,2026-08-31T05:47:01.820074+00:00
5314d553-6889-4d7f-bd03-9705e11a6723,fUST,0.000225,30,1,50000.0,offer,2026-08-31T05:47:01.820074+00:00
5314d553-6889-4d7f-bd03-9705e11a6723,fUST,0.000225,2,1,1056.40621655,offer,2026-08-31T05:47:01.820074+00:00
5314d553-6889-4d7f-bd03-9705e11a6723,fUST,0.00022526,10,1,600.0,offer,2026-08-31T05:47:01.820074+00:00
5314d553-6889-4d7f-bd03-9705e11a6723,fUST,0.00022548,2,1,230.25,offer,2026-08-31T05:47:01.820074+00:00
5314d553-6889-4d7f-bd03-9705e11a6723,fUST,0.00022573424657534248,7,1,5173.8613738,offer,2026-08-31T05:47:01.820074+00:00
5314d553-6889-4d7f-bd03-9705e11a6723,fUST,0.000226,2,6,8627.79,offer,2026-08-31T05:47:01.820074+00:00
5314d553-6889-4d7f-bd03-9705e11a6723,fUST,0.0002261689315068493,4,1,356.02406336,offer,2026-08-31T05:47:01.820074+00:00
5314d553-6889-4d7f-bd03-9705e11a6723,fUST,0.00022617172602739727,4,1,339.58607331,offer,2026-08-31T05:47:01.820074+00:00
5314d553-6889-4d7f-bd03-9705e11a6723,fUST,0.0002268,2,1,150.0,offer,2026-08-31T05:47:01.820074+00:00
5314d553-6889-4d7f-bd03-9705e11a6723,fUST,0.000227,2,1,1994.0,offer,2026-08-31T05:47:01.820074+00:00
a6b36759-517b-4690-8de9-42780ce5f559,fUST,0.0002671232876712329,120,1,-2963540.09468498,demand,2026-08-31T06:47:02.172340+00:00
a6b36759-517b-4690-8de9-42780ce5f559,fUST,0.000247980821,120,1,-56568.59382046,demand,2026-08-31T06:47:02.172340+00:00
a6b36759-517b-4690-8de9-42780ce5f559,fUST,0.00023864383561643835,120,1,-3221455.85469824,demand,2026-08-31T06:47:02.172340+00:00
a6b36759-517b-4690-8de9-42780ce5f559,fUST,0.00016,120,1,-2000.0,demand,2026-08-31T06:47:02.172340+00:00
a6b36759-517b-4690-8de9-42780ce5f559,fUST,0.00016,60,18,-402330.8297215,demand,2026-08-31T06:47:02.172340+00:00
a6b36759-517b-4690-8de9-42780ce5f559,fUST,0.00015,90,1,-2000.0,demand,2026-08-31T06:47:02.172340+00:00
a6b36759-517b-4690-8de9-42780ce5f559,fUST,0.00015,120,1,-300000.0,demand,2026-08-31T06:47:02.172340+00:00
a6b36759-517b-4690-8de9-42780ce5f559,fUST,0.00015,45,3,-13845.272985,demand,2026-08-31T06:47:02.172340+00:00
a6b36759-517b-4690-8de9-42780ce5f559,fUST,0.00015,60,1,-28000.0,demand,2026-08-31T06:47:02.172340+00:00
a6b36759-517b-4690-8de9-42780ce5f559,fUST,0.00015,30,8,-15000.0,demand,2026-08-31T06:47:02.172340+00:00
a6b36759-517b-4690-8de9-42780ce5f559,fUST,0.000148,30,4,-20000.0,demand,2026-08-31T06:47:02.172340+00:00
a6b36759-517b-4690-8de9-42780ce5f559,fUST,0.0001421,45,9,-80000.0,demand,2026-08-31T06:47:02.172340+00:00
a6b36759-517b-4690-8de9-42780ce5f559,fUST,0.000142,45,2,-20000.0,demand,2026-08-31T06:47:02.172340+00:00
a6b36759-517b-4690-8de9-42780ce5f559,fUST,0.0001401,30,11,-147973.68632078,demand,2026-08-31T06:47:02.172340+00:00
a6b36759-517b-4690-8de9-42780ce5f559,fUST,0.00014000000000000001,30,1,-28000.0,demand,2026-08-31T06:47:02.172340+00:00
a6b36759-517b-4690-8de9-42780ce5f559,fUST,0.000138,20,6,-49626.52669917,demand,2026-08-31T06:47:02.172340+00:00
a6b36759-517b-4690-8de9-42780ce5f559,fUST,0.000136,30,3,-19544.22120933,demand,2026-08-31T06:47:02.172340+00:00
a6b36759-517b-4690-8de9-42780ce5f559,fUST,0.000128,30,3,-30000.0,demand,2026-08-31T06:47:02.172340+00:00
a6b36759-517b-4690-8de9-42780ce5f559,fUST,0.000126,15,5,-45000.0,demand,2026-08-31T06:47:02.172340+00:00
a6b36759-517b-4690-8de9-42780ce5f559,fUST,0.000125,14,22,-87434.04490168,demand,2026-08-31T06:47:02.172340+00:00
a6b36759-517b-4690-8de9-42780ce5f559,fUST,0.0001225,59,1,-95000.0,demand,2026-08-31T06:47:02.172340+00:00
a6b36759-517b-4690-8de9-42780ce5f559,fUST,0.0001222,29,1,-194504.86890568,demand,2026-08-31T06:47:02.172340+00:00
a6b36759-517b-4690-8de9-42780ce5f559,fUST,0.0001202,19,1,-184532.71737778,demand,2026-08-31T06:47:02.172340+00:00
a6b36759-517b-4690-8de9-42780ce5f559,fUST,0.00012,120,1,-30000.0,demand,2026-08-31T06:47:02.172340+00:00
a6b36759-517b-4690-8de9-42780ce5f559,fUST,0.00011011,2,2,-2332099.03793739,demand,2026-08-31T06:47:02.172340+00:00
a6b36759-517b-4690-8de9-42780ce5f559,fUST,0.000203948,2,1,188.0,offer,2026-08-31T06:47:02.172340+00:00
a6b36759-517b-4690-8de9-42780ce5f559,fUST,0.00021872602739726027,2,1,213.94467837,offer,2026-08-31T06:47:02.172340+00:00
a6b36759-517b-4690-8de9-42780ce5f559,fUST,0.00021891,2,7,2771.59,offer,2026-08-31T06:47:02.172340+00:00
a6b36759-517b-4690-8de9-42780ce5f559,fUST,0.00021942,2,1,417.37,offer,2026-08-31T06:47:02.172340+00:00
a6b36759-517b-4690-8de9-42780ce5f559,fUST,0.00022043,2,1,417.37,offer,2026-08-31T06:47:02.172340+00:00
a6b36759-517b-4690-8de9-42780ce5f559,fUST,0.00022043013698630137,2,1,5532.60140633,offer,2026-08-31T06:47:02.172340+00:00
a6b36759-517b-4690-8de9-42780ce5f559,fUST,0.00022144,2,1,417.37,offer,2026-08-31T06:47:02.172340+00:00
a6b36759-517b-4690-8de9-42780ce5f559,fUST,0.00022151081372,2,1,154.73974074,offer,2026-08-31T06:47:02.172340+00:00
a6b36759-517b-4690-8de9-42780ce5f559,fUST,0.00022153,2,1,518.1005609,offer,2026-08-31T06:47:02.172340+00:00
a6b36759-517b-4690-8de9-42780ce5f559,fUST,0.00022159,2,3,965.223,offer,2026-08-31T06:47:02.172340+00:00
a6b36759-517b-4690-8de9-42780ce5f559,fUST,0.00022163,2,10,130000.0,offer,2026-08-31T06:47:02.172340+00:00
a6b36759-517b-4690-8de9-42780ce5f559,fUST,0.00022164383561643837,2,3,1560659.05036673,offer,2026-08-31T06:47:02.172340+00:00
a6b36759-517b-4690-8de9-42780ce5f559,fUST,0.0002217,2,1,248.0,offer,2026-08-31T06:47:02.172340+00:00
a6b36759-517b-4690-8de9-42780ce5f559,fUST,0.00022178,2,1,478.41362731,offer,2026-08-31T06:47:02.172340+00:00
a6b36759-517b-4690-8de9-42780ce5f559,fUST,0.00022185,2,1,291.69717804,offer,2026-08-31T06:47:02.172340+00:00
a6b36759-517b-4690-8de9-42780ce5f559,fUST,0.00022245,2,1,417.37,offer,2026-08-31T06:47:02.172340+00:00
a6b36759-517b-4690-8de9-42780ce5f559,fUST,0.00022346,2,1,417.37,offer,2026-08-31T06:47:02.172340+00:00
a6b36759-517b-4690-8de9-42780ce5f559,fUST,0.00022349400110283478,3,1,160.15,offer,2026-08-31T06:47:02.172340+00:00
a6b36759-517b-4690-8de9-42780ce5f559,fUST,0.000224,2,1,18174.69581904,offer,2026-08-31T06:47:02.172340+00:00
a6b36759-517b-4690-8de9-42780ce5f559,fUST,0.00022447,2,1,417.37,offer,2026-08-31T06:47:02.172340+00:00
a6b36759-517b-4690-8de9-42780ce5f559,fUST,0.000225,30,1,50000.0,offer,2026-08-31T06:47:02.172340+00:00
a6b36759-517b-4690-8de9-42780ce5f559,fUST,0.000225,2,1,1056.40621655,offer,2026-08-31T06:47:02.172340+00:00
a6b36759-517b-4690-8de9-42780ce5f559,fUST,0.00022526,10,1,600.0,offer,2026-08-31T06:47:02.172340+00:00
a6b36759-517b-4690-8de9-42780ce5f559,fUST,0.00022548,2,1,417.37,offer,2026-08-31T06:47:02.172340+00:00
a6b36759-517b-4690-8de9-42780ce5f559,fUST,0.00022564383561643836,7,1,5173.8613738,offer,2026-08-31T06:47:02.172340+00:00
f3b3afe3-3e26-4ce8-81bc-cf76066cf732,fUST,0.0002671232876712329,120,1,-2963126.12935798,demand,2026-08-31T07:47:01.923423+00:00
f3b3afe3-3e26-4ce8-81bc-cf76066cf732,fUST,0.000247980821,120,1,-56568.59382046,demand,2026-08-31T07:47:01.923423+00:00
f3b3afe3-3e26-4ce8-81bc-cf76066cf732,fUST,0.00023869315068493152,120,1,-3221455.85469824,demand,2026-08-31T07:47:01.923423+00:00
f3b3afe3-3e26-4ce8-81bc-cf76066cf732,fUST,0.00017011,2,1,-150.0,demand,2026-08-31T07:47:01.923423+00:00
f3b3afe3-3e26-4ce8-81bc-cf76066cf732,fUST,0.00016,120,1,-2000.0,demand,2026-08-31T07:47:01.923423+00:00
f3b3afe3-3e26-4ce8-81bc-cf76066cf732,fUST,0.00016,60,18,-402330.8297215,demand,2026-08-31T07:47:01.923423+00:00
f3b3afe3-3e26-4ce8-81bc-cf76066cf732,fUST,0.00015011,2,1,-150.0,demand,2026-08-31T07:47:01.923423+00:00
f3b3afe3-3e26-4ce8-81bc-cf76066cf732,fUST,0.00015,90,1,-2000.0,demand,2026-08-31T07:47:01.923423+00:00
f3b3afe3-3e26-4ce8-81bc-cf76066cf732,fUST,0.00015,120,1,-300000.0,demand,2026-08-31T07:47:01.923423+00:00
f3b3afe3-3e26-4ce8-81bc-cf76066cf732,fUST,0.00015,45,3,-13845.272985,demand,2026-08-31T07:47:01.923423+00:00
f3b3afe3-3e26-4ce8-81bc-cf76066cf732,fUST,0.00015,60,1,-28000.0,demand,2026-08-31T07:47:01.923423+00:00
f3b3afe3-3e26-4ce8-81bc-cf76066cf732,fUST,0.00015,30,8,-15000.0,demand,2026-08-31T07:47:01.923423+00:00
f3b3afe3-3e26-4ce8-81bc-cf76066cf732,fUST,0.000148,30,4,-20000.0,demand,2026-08-31T07:47:01.923423+00:00
f3b3afe3-3e26-4ce8-81bc-cf76066cf732,fUST,0.0001421,45,9,-80000.0,demand,2026-08-31T07:47:01.923423+00:00
f3b3afe3-3e26-4ce8-81bc-cf76066cf732,fUST,0.000142,45,2,-20000.0,demand,2026-08-31T07:47:01.923423+00:00
f3b3afe3-3e26-4ce8-81bc-cf76066cf732,fUST,0.0001401,30,11,-147973.68632078,demand,2026-08-31T07:47:01.923423+00:00
f3b3afe3-3e26-4ce8-81bc-cf76066cf732,fUST,0.00014000000000000001,30,1,-28000.0,demand,2026-08-31T07:47:01.923423+00:00
f3b3afe3-3e26-4ce8-81bc-cf76066cf732,fUST,0.000138,20,6,-49626.52669917,demand,2026-08-31T07:47:01.923423+00:00
f3b3afe3-3e26-4ce8-81bc-cf76066cf732,fUST,0.000136,30,3,-19544.22120933,demand,2026-08-31T07:47:01.923423+00:00
f3b3afe3-3e26-4ce8-81bc-cf76066cf732,fUST,0.000128,30,3,-30000.0,demand,2026-08-31T07:47:01.923423+00:00
f3b3afe3-3e26-4ce8-81bc-cf76066cf732,fUST,0.000126,15,5,-45000.0,demand,2026-08-31T07:47:01.923423+00:00
f3b3afe3-3e26-4ce8-81bc-cf76066cf732,fUST,0.000125,14,22,-87434.04490168,demand,2026-08-31T07:47:01.923423+00:00
f3b3afe3-3e26-4ce8-81bc-cf76066cf732,fUST,0.0001225,59,1,-95000.0,demand,2026-08-31T07:47:01.923423+00:00
f3b3afe3-3e26-4ce8-81bc-cf76066cf732,fUST,0.0001222,29,1,-194504.86890568,demand,2026-08-31T07:47:01.923423+00:00
f3b3afe3-3e26-4ce8-81bc-cf76066cf732,fUST,0.0001202,19,1,-184532.71737778,demand,2026-08-31T07:47:01.923423+00:00
f3b3afe3-3e26-4ce8-81bc-cf76066cf732,fUST,0.0001981025,2,1,217.52769619,offer,2026-08-31T07:47:01.923423+00:00
f3b3afe3-3e26-4ce8-81bc-cf76066cf732,fUST,0.0002073833,2,1,8061.7775581,offer,2026-08-31T07:47:01.923423+00:00
f3b3afe3-3e26-4ce8-81bc-cf76066cf732,fUST,0.0002078519,2,1,539.7239664,offer,2026-08-31T07:47:01.923423+00:00
f3b3afe3-3e26-4ce8-81bc-cf76066cf732,fUST,0.0002081025,2,1,193.45204635,offer,2026-08-31T07:47:01.923423+00:00
f3b3afe3-3e26-4ce8-81bc-cf76066cf732,fUST,0.0002105485,2,2,948.68272715,offer,2026-08-31T07:47:01.923423+00:00
f3b3afe3-3e26-4ce8-81bc-cf76066cf732,fUST,0.000213424,2,2,642.381,offer,2026-08-31T07:47:01.923423+00:00
f3b3afe3-3e26-4ce8-81bc-cf76066cf732,fUST,0.00021605,2,10,4435.74627922,offer,2026-08-31T07:47:01.923423+00:00
f3b3afe3-3e26-4ce8-81bc-cf76066cf732,fUST,0.0002166,2,3,2588.0,offer,2026-08-31T07:47:01.923423+00:00
f3b3afe3-3e26-4ce8-81bc-cf76066cf732,fUST,0.00021707952644820736,2,1,220.85267979,offer,2026-08-31T07:47:01.923423+00:00
f3b3afe3-3e26-4ce8-81bc-cf76066cf732,fUST,0.0002174769234509069,2,1,160.0,offer,2026-08-31T07:47:01.923423+00:00
f3b3afe3-3e26-4ce8-81bc-cf76066cf732,fUST,0.00021782,2,2,1239.07722292,offer,2026-08-31T07:47:01.923423+00:00
f3b3afe3-3e26-4ce8-81bc-cf76066cf732,fUST,0.00021783,2,1,517.30465462,offer,2026-08-31T07:47:01.923423+00:00
f3b3afe3-3e26-4ce8-81bc-cf76066cf732,fUST,0.00021875904109589043,2,34,16330.28355093,offer,2026-08-31T07:47:01.923423+00:00
f3b3afe3-3e26-4ce8-81bc-cf76066cf732,fUST,0.0002187890410958904,2,1,500.0,offer,2026-08-31T07:47:01.923423+00:00
f3b3afe3-3e26-4ce8-81bc-cf76066cf732,fUST,0.00021917808219178083,2,1,333.95365555,offer,2026-08-31T07:47:01.923423+00:00
f3b3afe3-3e26-4ce8-81bc-cf76066cf732,fUST,0.0002211290740476875,2,1,417.15472785,offer,2026-08-31T07:47:01.923423+00:00
f3b3afe3-3e26-4ce8-81bc-cf76066cf732,fUST,0.0002212054794520547,30,2,10000.0,offer,2026-08-31T07:47:01.923423+00:00
f3b3afe3-3e26-4ce8-81bc-cf76066cf732,fUST,0.00022152429452054783,2,1,199.34134704,offer,2026-08-31T07:47:01.923423+00:00
f3b3afe3-3e26-4ce8-81bc-cf76066cf732,fUST,0.00022152876712328766,2,1,507.76740178,offer,2026-08-31T07:47:01.923423+00:00
f3b3afe3-3e26-4ce8-81bc-cf76066cf732,fUST,0.00022153,2,63,156000.68382207,offer,2026-08-31T07:47:01.923423+00:00
f3b3afe3-3e26-4ce8-81bc-cf76066cf732,fUST,0.00022153,7,1,280.84265636,offer,2026-08-31T07:47:01.923423+00:00
f3b3afe3-3e26-4ce8-81bc-cf76066cf732,fUST,0.00022153429452054783,2,2,2000.0,offer,2026-08-31T07:47:01.923423+00:00
f3b3afe3-3e26-4ce8-81bc-cf76066cf732,fUST,0.00022153819728,2,1,155.30135564,offer,2026-08-31T07:47:01.923423+00:00
f3b3afe3-3e26-4ce8-81bc-cf76066cf732,fUST,0.00022158,3,1,200.0,offer,2026-08-31T07:47:01.923423+00:00
f3b3afe3-3e26-4ce8-81bc-cf76066cf732,fUST,0.0002216,2,1,248.0,offer,2026-08-31T07:47:01.923423+00:00
e41763b3-9c81-48a8-976a-88e1e04ada57,fUST,0.0002671232876712329,120,1,-2962892.97935798,demand,2026-08-31T08:47:02.121485+00:00
e41763b3-9c81-48a8-976a-88e1e04ada57,fUST,0.000247980821,120,1,-56568.59382046,demand,2026-08-31T08:47:02.121485+00:00
e41763b3-9c81-48a8-976a-88e1e04ada57,fUST,0.00023876438356164382,120,1,-3221455.85469824,demand,2026-08-31T08:47:02.121485+00:00
e41763b3-9c81-48a8-976a-88e1e04ada57,fUST,0.000199395,2,10,-10000.0,demand,2026-08-31T08:47:02.121485+00:00
e41763b3-9c81-48a8-976a-88e1e04ada57,fUST,0.00016,120,1,-2000.0,demand,2026-08-31T08:47:02.121485+00:00
e41763b3-9c81-48a8-976a-88e1e04ada57,fUST,0.00016,60,18,-402330.8297215,demand,2026-08-31T08:47:02.121485+00:00
e41763b3-9c81-48a8-976a-88e1e04ada57,fUST,0.00015,90,1,-2000.0,demand,2026-08-31T08:47:02.121485+00:00
e41763b3-9c81-48a8-976a-88e1e04ada57,fUST,0.00015,120,1,-300000.0,demand,2026-08-31T08:47:02.121485+00:00
e41763b3-9c81-48a8-976a-88e1e04ada57,fUST,0.00015,45,3,-13845.272985,demand,2026-08-31T08:47:02.121485+00:00
e41763b3-9c81-48a8-976a-88e1e04ada57,fUST,0.00015,60,1,-28000.0,demand,2026-08-31T08:47:02.121485+00:00
e41763b3-9c81-48a8-976a-88e1e04ada57,fUST,0.00015,30,8,-15000.0,demand,2026-08-31T08:47:02.121485+00:00
e41763b3-9c81-48a8-976a-88e1e04ada57,fUST,0.000148,30,4,-20000.0,demand,2026-08-31T08:47:02.121485+00:00
e41763b3-9c81-48a8-976a-88e1e04ada57,fUST,0.0001421,45,9,-80000.0,demand,2026-08-31T08:47:02.121485+00:00
e41763b3-9c81-48a8-976a-88e1e04ada57,fUST,0.000142,45,2,-20000.0,demand,2026-08-31T08:47:02.121485+00:00
e41763b3-9c81-48a8-976a-88e1e04ada57,fUST,0.0001401,30,11,-147973.68632078,demand,2026-08-31T08:47:02.121485+00:00
e41763b3-9c81-48a8-976a-88e1e04ada57,fUST,0.00014000000000000001,30,1,-28000.0,demand,2026-08-31T08:47:02.121485+00:00
e41763b3-9c81-48a8-976a-88e1e04ada57,fUST,0.000138,20,6,-49626.52669917,demand,2026-08-31T08:47:02.121485+00:00
e41763b3-9c81-48a8-976a-88e1e04ada57,fUST,0.000136,30,3,-19544.22120933,demand,2026-08-31T08:47:02.121485+00:00
e41763b3-9c81-48a8-976a-88e1e04ada57,fUST,0.000128,30,3,-30000.0,demand,2026-08-31T08:47:02.121485+00:00
e41763b3-9c81-48a8-976a-88e1e04ada57,fUST,0.000126,15,5,-45000.0,demand,2026-08-31T08:47:02.121485+00:00
e41763b3-9c81-48a8-976a-88e1e04ada57,fUST,0.000125,14,22,-87434.04490168,demand,2026-08-31T08:47:02.121485+00:00
e41763b3-9c81-48a8-976a-88e1e04ada57,fUST,0.0001225,59,1,-95000.0,demand,2026-08-31T08:47:02.121485+00:00
e41763b3-9c81-48a8-976a-88e1e04ada57,fUST,0.0001222,29,1,-194504.86890568,demand,2026-08-31T08:47:02.121485+00:00
e41763b3-9c81-48a8-976a-88e1e04ada57,fUST,0.0001202,19,1,-184532.71737778,demand,2026-08-31T08:47:02.121485+00:00
e41763b3-9c81-48a8-976a-88e1e04ada57,fUST,0.00012,120,1,-30000.0,demand,2026-08-31T08:47:02.121485+00:00
e41763b3-9c81-48a8-976a-88e1e04ada57,fUST,0.00018393424657534246,2,5,1662.89170682,offer,2026-08-31T08:47:02.121485+00:00
e41763b3-9c81-48a8-976a-88e1e04ada57,fUST,0.00018427397260273974,2,2,574.03078188,offer,2026-08-31T08:47:02.121485+00:00
e41763b3-9c81-48a8-976a-88e1e04ada57,fUST,0.0001876,2,17,5287.72412261,offer,2026-08-31T08:47:02.121485+00:00
e41763b3-9c81-48a8-976a-88e1e04ada57,fUST,0.0001896869,2,1,197.735191,offer,2026-08-31T08:47:02.121485+00:00
e41763b3-9c81-48a8-976a-88e1e04ada57,fUST,0.000190999999,3,1,250.14,offer,2026-08-31T08:47:02.121485+00:00
e41763b3-9c81-48a8-976a-88e1e04ada57,fUST,0.00019134,2,1,600.0,offer,2026-08-31T08:47:02.121485+00:00
e41763b3-9c81-48a8-976a-88e1e04ada57,fUST,0.000191628125,2,1,253.13309334,offer,2026-08-31T08:47:02.121485+00:00
e41763b3-9c81-48a8-976a-88e1e04ada57,fUST,0.000194038125,2,2,436.21939206,offer,2026-08-31T08:47:02.121485+00:00
e41763b3-9c81-48a8-976a-88e1e04ada57,fUST,0.0001972262,2,1,183.3859318,offer,2026-08-31T08:47:02.121485+00:00
e41763b3-9c81-48a8-976a-88e1e04ada57,fUST,0.00019794,2,3,1387.01863475,offer,2026-08-31T08:47:02.121485+00:00
e41763b3-9c81-48a8-976a-88e1e04ada57,fUST,0.00019914609374999999,2,3,1431.0,offer,2026-08-31T08:47:02.121485+00:00
e41763b3-9c81-48a8-976a-88e1e04ada57,fUST,0.00019937757783637671,2,2,577.15472785,offer,2026-08-31T08:47:02.121485+00:00
e41763b3-9c81-48a8-976a-88e1e04ada57,fUST,0.00019939,2,1,159.18,offer,2026-08-31T08:47:02.121485+00:00
e41763b3-9c81-48a8-976a-88e1e04ada57,fUST,0.000199395,2,1,2966.5549869,offer,2026-08-31T08:47:02.121485+00:00
e41763b3-9c81-48a8-976a-88e1e04ada57,fUST,0.00019998,2,3,1471.95797215,offer,2026-08-31T08:47:02.121485+00:00
e41763b3-9c81-48a8-976a-88e1e04ada57,fUST,0.0002,2,1,171.77640405,offer,2026-08-31T08:47:02.121485+00:00
e41763b3-9c81-48a8-976a-88e1e04ada57,fUST,0.00020090359375,2,14,6979.88714404,offer,2026-08-31T08:47:02.121485+00:00
e41763b3-9c81-48a8-976a-88e1e04ada57,fUST,0.00020092,2,2,1000.0,offer,2026-08-31T08:47:02.121485+00:00
e41763b3-9c81-48a8-976a-88e1e04ada57,fUST,0.00020093,2,2,1000.0,offer,2026-08-31T08:47:02.121485+00:00
e41763b3-9c81-48a8-976a-88e1e04ada57,fUST,0.00020093424657534247,2,1,500.0,offer,2026-08-31T08:47:02.121485+00:00
e41763b3-9c81-48a8-976a-88e1e04ada57,fUST,0.00020095359374999998,2,6,5030.0,offer,2026-08-31T08:47:02.121485+00:00
e41763b3-9c81-48a8-976a-88e1e04ada57,fUST,0.0002018028,2,1,307.14,offer,2026-08-31T08:47:02.121485+00:00
e41763b3-9c81-48a8-976a-88e1e04ada57,fUST,0.00020209,2,2,651.909,offer,2026-08-31T08:47:02.121485+00:00
e41763b3-9c81-48a8-976a-88e1e04ada57,fUST,0.0002021,2,9,4276.97943485,offer,2026-08-31T08:47:02.121485+00:00
e41763b3-9c81-48a8-976a-88e1e04ada57,fUST,0.0002050857,2,1,307.14,offer,2026-08-31T08:47:02.121485+00:00
ddefac38-c754-42fd-a8f3-6f926c7df0bc,fUST,0.0002671232876712329,120,1,-2961830.79736241,demand,2026-08-31T09:47:02.171849+00:00
ddefac38-c754-42fd-a8f3-6f926c7df0bc,fUST,0.000247980821,120,1,-56568.59382046,demand,2026-08-31T09:47:02.171849+00:00
ddefac38-c754-42fd-a8f3-6f926c7df0bc,fUST,0.00023873150684931507,120,1,-3219187.97898293,demand,2026-08-31T09:47:02.171849+00:00
ddefac38-c754-42fd-a8f3-6f926c7df0bc,fUST,0.000175,2,1,-150.0,demand,2026-08-31T09:47:02.171849+00:00
ddefac38-c754-42fd-a8f3-6f926c7df0bc,fUST,0.00016,120,1,-2000.0,demand,2026-08-31T09:47:02.171849+00:00
ddefac38-c754-42fd-a8f3-6f926c7df0bc,fUST,0.00016,60,18,-402330.8297215,demand,2026-08-31T09:47:02.171849+00:00
ddefac38-c754-42fd-a8f3-6f926c7df0bc,fUST,0.000155,2,1,-150.0,demand,2026-08-31T09:47:02.171849+00:00
ddefac38-c754-42fd-a8f3-6f926c7df0bc,fUST,0.00015,90,1,-2000.0,demand,2026-08-31T09:47:02.171849+00:00
ddefac38-c754-42fd-a8f3-6f926c7df0bc,fUST,0.00015,120,1,-300000.0,demand,2026-08-31T09:47:02.171849+00:00
ddefac38-c754-42fd-a8f3-6f926c7df0bc,fUST,0.00015,45,3,-13845.272985,demand,2026-08-31T09:47:02.171849+00:00
ddefac38-c754-42fd-a8f3-6f926c7df0bc,fUST,0.00015,60,1,-28000.0,demand,2026-08-31T09:47:02.171849+00:00
ddefac38-c754-42fd-a8f3-6f926c7df0bc,fUST,0.00015,30,8,-15000.0,demand,2026-08-31T09:47:02.171849+00:00
ddefac38-c754-42fd-a8f3-6f926c7df0bc,fUST,0.000148,30,4,-20000.0,demand,2026-08-31T09:47:02.171849+00:00
ddefac38-c754-42fd-a8f3-6f926c7df0bc,fUST,0.0001421,45,9,-80000.0,demand,2026-08-31T09:47:02.171849+00:00
ddefac38-c754-42fd-a8f3-6f926c7df0bc,fUST,0.000142,45,2,-20000.0,demand,2026-08-31T09:47:02.171849+00:00
ddefac38-c754-42fd-a8f3-6f926c7df0bc,fUST,0.0001401,30,11,-147973.68632078,demand,2026-08-31T09:47:02.171849+00:00
ddefac38-c754-42fd-a8f3-6f926c7df0bc,fUST,0.00014000000000000001,30,1,-28000.0,demand,2026-08-31T09:47:02.171849+00:00
ddefac38-c754-42fd-a8f3-6f926c7df0bc,fUST,0.000138,20,6,-49626.52669917,demand,2026-08-31T09:47:02.171849+00:00
ddefac38-c754-42fd-a8f3-6f926c7df0bc,fUST,0.000136,30,3,-19544.22120933,demand,2026-08-31T09:47:02.171849+00:00
ddefac38-c754-42fd-a8f3-6f926c7df0bc,fUST,0.000128,30,3,-30000.0,demand,2026-08-31T09:47:02.171849+00:00
ddefac38-c754-42fd-a8f3-6f926c7df0bc,fUST,0.000126,15,5,-45000.0,demand,2026-08-31T09:47:02.171849+00:00
ddefac38-c754-42fd-a8f3-6f926c7df0bc,fUST,0.000125,14,22,-87434.04490168,demand,2026-08-31T09:47:02.171849+00:00
ddefac38-c754-42fd-a8f3-6f926c7df0bc,fUST,0.0001225,59,1,-95000.0,demand,2026-08-31T09:47:02.171849+00:00
ddefac38-c754-42fd-a8f3-6f926c7df0bc,fUST,0.0001222,29,1,-194504.86890568,demand,2026-08-31T09:47:02.171849+00:00
ddefac38-c754-42fd-a8f3-6f926c7df0bc,fUST,0.0001202,19,1,-184532.71737778,demand,2026-08-31T09:47:02.171849+00:00
ddefac38-c754-42fd-a8f3-6f926c7df0bc,fUST,0.0001680525,2,1,151.0,offer,2026-08-31T09:47:02.171849+00:00
ddefac38-c754-42fd-a8f3-6f926c7df0bc,fUST,0.0001713789,2,1,193.52595301,offer,2026-08-31T09:47:02.171849+00:00
ddefac38-c754-42fd-a8f3-6f926c7df0bc,fUST,0.000175,2,1,1442.3630872,offer,2026-08-31T09:47:02.171849+00:00
ddefac38-c754-42fd-a8f3-6f926c7df0bc,fUST,0.0001796796,2,1,151.0,offer,2026-08-31T09:47:02.171849+00:00
ddefac38-c754-42fd-a8f3-6f926c7df0bc,fUST,0.0001808825,2,1,4923.2952886,offer,2026-08-31T09:47:02.171849+00:00
ddefac38-c754-42fd-a8f3-6f926c7df0bc,fUST,0.00018392328767123287,2,3,583.28069647,offer,2026-08-31T09:47:02.171849+00:00
ddefac38-c754-42fd-a8f3-6f926c7df0bc,fUST,0.00018404,2,3,1588.04322984,offer,2026-08-31T09:47:02.171849+00:00
ddefac38-c754-42fd-a8f3-6f926c7df0bc,fUST,0.00018404109589041095,2,1,1035.68746475,offer,2026-08-31T09:47:02.171849+00:00
ddefac38-c754-42fd-a8f3-6f926c7df0bc,fUST,0.00018493,2,2,350.63,offer,2026-08-31T09:47:02.171849+00:00
ddefac38-c754-42fd-a8f3-6f926c7df0bc,fUST,0.00018771,2,15,4500.0,offer,2026-08-31T09:47:02.171849+00:00
ddefac38-c754-42fd-a8f3-6f926c7df0bc,fUST,0.00019726027397260273,2,1,248.41906025,offer,2026-08-31T09:47:02.171849+00:00
ddefac38-c754-42fd-a8f3-6f926c7df0bc,fUST,0.0001987532154,2,1,243.82717,offer,2026-08-31T09:47:02.171849+00:00
ddefac38-c754-42fd-a8f3-6f926c7df0bc,fUST,0.0001994,2,1,720.61,offer,2026-08-31T09:47:02.171849+00:00
ddefac38-c754-42fd-a8f3-6f926c7df0bc,fUST,0.00019998,2,7,2907.23489866,offer,2026-08-31T09:47:02.171849+00:00
ddefac38-c754-42fd-a8f3-6f926c7df0bc,fUST,0.00019999,2,14,228101.02758797,offer,2026-08-31T09:47:02.171849+00:00
ddefac38-c754-42fd-a8f3-6f926c7df0bc,fUST,0.0002009912081255585,2,2,577.15472785,offer,2026-08-31T09:47:02.171849+00:00
ddefac38-c754-42fd-a8f3-6f926c7df0bc,fUST,0.00020099133693187807,2,1,220.85267979,offer,2026-08-31T09:47:02.171849+00:00
ddefac38-c754-42fd-a8f3-6f926c7df0bc,fUST,0.0002009934659627777,2,1,160.0,offer,2026-08-31T09:47:02.171849+00:00
ddefac38-c754-42fd-a8f3-6f926c7df0bc,fUST,0.000201,2,3,866.21049523,offer,2026-08-31T09:47:02.171849+00:00
ddefac38-c754-42fd-a8f3-6f926c7df0bc,fUST,0.00020101015552849587,2,1,160.0,offer,2026-08-31T09:47:02.171849+00:00
ddefac38-c754-42fd-a8f3-6f926c7df0bc,fUST,0.00020175208790240706,2,1,479.59605058,offer,2026-08-31T09:47:02.171849+00:00
ddefac38-c754-42fd-a8f3-6f926c7df0bc,fUST,0.00020211,2,1,183.0,offer,2026-08-31T09:47:02.171849+00:00
ddefac38-c754-42fd-a8f3-6f926c7df0bc,fUST,0.000203,2,2,641.7835385,offer,2026-08-31T09:47:02.171849+00:00
ddefac38-c754-42fd-a8f3-6f926c7df0bc,fUST,0.00020397,2,1,600.0,offer,2026-08-31T09:47:02.171849+00:00
ddefac38-c754-42fd-a8f3-6f926c7df0bc,fUST,0.000205,2,2,641.7835385,offer,2026-08-31T09:47:02.171849+00:00
e7d10611-2987-472c-8ac4-3469b8ae1ab2,fUST,0.0002671232876712329,120,1,-2961830.79736241,demand,2026-08-31T10:47:01.818218+00:00
e7d10611-2987-472c-8ac4-3469b8ae1ab2,fUST,0.000247980821,120,1,-56568.59382046,demand,2026-08-31T10:47:01.818218+00:00
e7d10611-2987-472c-8ac4-3469b8ae1ab2,fUST,0.00023886575342465754,120,1,-3200975.29174721,demand,2026-08-31T10:47:01.818218+00:00
e7d10611-2987-472c-8ac4-3469b8ae1ab2,fUST,0.000199089,2,2,-15129.89426988,demand,2026-08-31T10:47:01.818218+00:00
e7d10611-2987-472c-8ac4-3469b8ae1ab2,fUST,0.00019908493150684923,2,2,-26000.0,demand,2026-08-31T10:47:01.818218+00:00
e7d10611-2987-472c-8ac4-3469b8ae1ab2,fUST,0.00016,120,1,-2000.0,demand,2026-08-31T10:47:01.818218+00:00
e7d10611-2987-472c-8ac4-3469b8ae1ab2,fUST,0.00016,60,18,-402330.8297215,demand,2026-08-31T10:47:01.818218+00:00
e7d10611-2987-472c-8ac4-3469b8ae1ab2,fUST,0.00015,90,1,-2000.0,demand,2026-08-31T10:47:01.818218+00:00
e7d10611-2987-472c-8ac4-3469b8ae1ab2,fUST,0.00015,120,1,-300000.0,demand,2026-08-31T10:47:01.818218+00:00
e7d10611-2987-472c-8ac4-3469b8ae1ab2,fUST,0.00015,45,3,-13845.272985,demand,2026-08-31T10:47:01.818218+00:00
e7d10611-2987-472c-8ac4-3469b8ae1ab2,fUST,0.00015,60,1,-28000.0,demand,2026-08-31T10:47:01.818218+00:00
e7d10611-2987-472c-8ac4-3469b8ae1ab2,fUST,0.00015,30,8,-15000.0,demand,2026-08-31T10:47:01.818218+00:00
e7d10611-2987-472c-8ac4-3469b8ae1ab2,fUST,0.000148,30,4,-20000.0,demand,2026-08-31T10:47:01.818218+00:00
e7d10611-2987-472c-8ac4-3469b8ae1ab2,fUST,0.0001421,45,9,-80000.0,demand,2026-08-31T10:47:01.818218+00:00
e7d10611-2987-472c-8ac4-3469b8ae1ab2,fUST,0.000142,45,2,-20000.0,demand,2026-08-31T10:47:01.818218+00:00
e7d10611-2987-472c-8ac4-3469b8ae1ab2,fUST,0.0001401,30,11,-147973.68632078,demand,2026-08-31T10:47:01.818218+00:00
e7d10611-2987-472c-8ac4-3469b8ae1ab2,fUST,0.00014000000000000001,30,1,-28000.0,demand,2026-08-31T10:47:01.818218+00:00
e7d10611-2987-472c-8ac4-3469b8ae1ab2,fUST,0.000138,20,6,-49626.52669917,demand,2026-08-31T10:47:01.818218+00:00
e7d10611-2987-472c-8ac4-3469b8ae1ab2,fUST,0.000136,30,3,-19544.22120933,demand,2026-08-31T10:47:01.818218+00:00
e7d10611-2987-472c-8ac4-3469b8ae1ab2,fUST,0.000128,30,3,-30000.0,demand,2026-08-31T10:47:01.818218+00:00
e7d10611-2987-472c-8ac4-3469b8ae1ab2,fUST,0.000126,15,5,-45000.0,demand,2026-08-31T10:47:01.818218+00:00
e7d10611-2987-472c-8ac4-3469b8ae1ab2,fUST,0.000125,14,22,-87434.04490168,demand,2026-08-31T10:47:01.818218+00:00
e7d10611-2987-472c-8ac4-3469b8ae1ab2,fUST,0.0001225,59,1,-95000.0,demand,2026-08-31T10:47:01.818218+00:00
e7d10611-2987-472c-8ac4-3469b8ae1ab2,fUST,0.0001222,29,1,-194504.86890568,demand,2026-08-31T10:47:01.818218+00:00
e7d10611-2987-472c-8ac4-3469b8ae1ab2,fUST,0.0001202,19,1,-184532.71737778,demand,2026-08-31T10:47:01.818218+00:00
e7d10611-2987-472c-8ac4-3469b8ae1ab2,fUST,0.00017835164383561645,2,2,958.09563064,offer,2026-08-31T10:47:01.818218+00:00
e7d10611-2987-472c-8ac4-3469b8ae1ab2,fUST,0.00017836,2,60,208677.70812055,offer,2026-08-31T10:47:01.818218+00:00
e7d10611-2987-472c-8ac4-3469b8ae1ab2,fUST,0.00017837,2,3,511.68314048,offer,2026-08-31T10:47:01.818218+00:00
e7d10611-2987-472c-8ac4-3469b8ae1ab2,fUST,0.0001784,2,1,500.0,offer,2026-08-31T10:47:01.818218+00:00
e7d10611-2987-472c-8ac4-3469b8ae1ab2,fUST,0.00018036950684931506,2,1,154.47181799,offer,2026-08-31T10:47:01.818218+00:00
e7d10611-2987-472c-8ac4-3469b8ae1ab2,fUST,0.00018113972602739725,2,1,500.0,offer,2026-08-31T10:47:01.818218+00:00
e7d10611-2987-472c-8ac4-3469b8ae1ab2,fUST,0.000181907498630137,7,1,153.0,offer,2026-08-31T10:47:01.818218+00:00
e7d10611-2987-472c-8ac4-3469b8ae1ab2,fUST,0.00018195,2,15,4500.0,offer,2026-08-31T10:47:01.818218+00:00
e7d10611-2987-472c-8ac4-3469b8ae1ab2,fUST,0.00018196,2,1,600.0,offer,2026-08-31T10:47:01.818218+00:00
e7d10611-2987-472c-8ac4-3469b8ae1ab2,fUST,0.00018387945205479452,2,1,500.0,offer,2026-08-31T10:47:01.818218+00:00
e7d10611-2987-472c-8ac4-3469b8ae1ab2,fUST,0.00018395068493150686,2,2,640.52509484,offer,2026-08-31T10:47:01.818218+00:00
e7d10611-2987-472c-8ac4-3469b8ae1ab2,fUST,0.00018661917808219177,2,1,500.0,offer,2026-08-31T10:47:01.818218+00:00
e7d10611-2987-472c-8ac4-3469b8ae1ab2,fUST,0.00018726821917808222,7,1,206.88403934,offer,2026-08-31T10:47:01.818218+00:00
e7d10611-2987-472c-8ac4-3469b8ae1ab2,fUST,0.00018935890410958905,2,1,500.0,offer,2026-08-31T10:47:01.818218+00:00
e7d10611-2987-472c-8ac4-3469b8ae1ab2,fUST,0.00018998,2,1,34227.8037084,offer,2026-08-31T10:47:01.818218+00:00
e7d10611-2987-472c-8ac4-3469b8ae1ab2,fUST,0.00019154,2,3,9993.56593552,offer,2026-08-31T10:47:01.818218+00:00
e7d10611-2987-472c-8ac4-3469b8ae1ab2,fUST,0.0001925057502,2,1,294.438091,offer,2026-08-31T10:47:01.818218+00:00
e7d10611-2987-472c-8ac4-3469b8ae1ab2,fUST,0.00019260793972602743,7,1,229.64864523,offer,2026-08-31T10:47:01.818218+00:00
e7d10611-2987-472c-8ac4-3469b8ae1ab2,fUST,0.00019261873972602743,7,1,206.88403934,offer,2026-08-31T10:47:01.818218+00:00
e7d10611-2987-472c-8ac4-3469b8ae1ab2,fUST,0.0001954941147540983,2,8,1495.12967982,offer,2026-08-31T10:47:01.818218+00:00
e7d10611-2987-472c-8ac4-3469b8ae1ab2,fUST,0.00019589,3,1,300.0,offer,2026-08-31T10:47:01.818218+00:00
e7d10611-2987-472c-8ac4-3469b8ae1ab2,fUST,0.00019908493150684923,7,3,10366.28,offer,2026-08-31T10:47:01.818218+00:00
e7d10611-2987-472c-8ac4-3469b8ae1ab2,fUST,0.00019908493150684923,2,3,7774.7,offer,2026-08-31T10:47:01.818218+00:00
e7d10611-2987-472c-8ac4-3469b8ae1ab2,fUST,0.000199089,2,1,5000.0,offer,2026-08-31T10:47:01.818218+00:00
e7d10611-2987-472c-8ac4-3469b8ae1ab2,fUST,0.0001997527671232877,7,1,206.88403935,offer,2026-08-31T10:47:01.818218+00:00
4e5c08b1-b81d-4277-a617-0454de9459e7,fUST,0.0002671232876712329,120,1,-2961830.79736241,demand,2026-08-31T11:47:01.701296+00:00
4e5c08b1-b81d-4277-a617-0454de9459e7,fUST,0.000247980821,120,1,-56568.59382046,demand,2026-08-31T11:47:01.701296+00:00
4e5c08b1-b81d-4277-a617-0454de9459e7,fUST,0.0002390082191780822,120,1,-3199975.29174721,demand,2026-08-31T11:47:01.701296+00:00
4e5c08b1-b81d-4277-a617-0454de9459e7,fUST,0.00019908493150684923,2,2,-26000.0,demand,2026-08-31T11:47:01.701296+00:00
4e5c08b1-b81d-4277-a617-0454de9459e7,fUST,0.00016,120,1,-2000.0,demand,2026-08-31T11:47:01.701296+00:00
4e5c08b1-b81d-4277-a617-0454de9459e7,fUST,0.00016,60,18,-402330.8297215,demand,2026-08-31T11:47:01.701296+00:00
4e5c08b1-b81d-4277-a617-0454de9459e7,fUST,0.00015,90,1,-2000.0,demand,2026-08-31T11:47:01.701296+00:00
4e5c08b1-b81d-4277-a617-0454de9459e7,fUST,0.00015,120,1,-300000.0,demand,2026-08-31T11:47:01.701296+00:00
4e5c08b1-b81d-4277-a617-0454de9459e7,fUST,0.00015,45,3,-13845.272985,demand,2026-08-31T11:47:01.701296+00:00
4e5c08b1-b81d-4277-a617-0454de9459e7,fUST,0.00015,60,1,-28000.0,demand,2026-08-31T11:47:01.701296+00:00
4e5c08b1-b81d-4277-a617-0454de9459e7,fUST,0.00015,30,8,-15000.0,demand,2026-08-31T11:47:01.701296+00:00
4e5c08b1-b81d-4277-a617-0454de9459e7,fUST,0.000148,30,4,-20000.0,demand,2026-08-31T11:47:01.701296+00:00
4e5c08b1-b81d-4277-a617-0454de9459e7,fUST,0.0001421,45,9,-80000.0,demand,2026-08-31T11:47:01.701296+00:00
4e5c08b1-b81d-4277-a617-0454de9459e7,fUST,0.000142,45,2,-20000.0,demand,2026-08-31T11:47:01.701296+00:00
4e5c08b1-b81d-4277-a617-0454de9459e7,fUST,0.0001401,30,11,-147973.68632078,demand,2026-08-31T11:47:01.701296+00:00
4e5c08b1-b81d-4277-a617-0454de9459e7,fUST,0.00014000000000000001,30,1,-28000.0,demand,2026-08-31T11:47:01.701296+00:00
4e5c08b1-b81d-4277-a617-0454de9459e7,fUST,0.000138,20,6,-49626.52669917,demand,2026-08-31T11:47:01.701296+00:00
4e5c08b1-b81d-4277-a617-0454de9459e7,fUST,0.000136,30,3,-19544.22120933,demand,2026-08-31T11:47:01.701296+00:00
4e5c08b1-b81d-4277-a617-0454de9459e7,fUST,0.000128,30,3,-30000.0,demand,2026-08-31T11:47:01.701296+00:00
4e5c08b1-b81d-4277-a617-0454de9459e7,fUST,0.000126,15,5,-45000.0,demand,2026-08-31T11:47:01.701296+00:00
4e5c08b1-b81d-4277-a617-0454de9459e7,fUST,0.000125,14,22,-87434.04490168,demand,2026-08-31T11:47:01.701296+00:00
4e5c08b1-b81d-4277-a617-0454de9459e7,fUST,0.0001225,59,1,-95000.0,demand,2026-08-31T11:47:01.701296+00:00
4e5c08b1-b81d-4277-a617-0454de9459e7,fUST,0.0001222,29,1,-194504.86890568,demand,2026-08-31T11:47:01.701296+00:00
4e5c08b1-b81d-4277-a617-0454de9459e7,fUST,0.0001202,19,1,-184532.71737778,demand,2026-08-31T11:47:01.701296+00:00
4e5c08b1-b81d-4277-a617-0454de9459e7,fUST,0.00012,120,1,-30000.0,demand,2026-08-31T11:47:01.701296+00:00
4e5c08b1-b81d-4277-a617-0454de9459e7,fUST,0.00019497,2,9,4215.66428677,offer,2026-08-31T11:47:01.701296+00:00
4e5c08b1-b81d-4277-a617-0454de9459e7,fUST,0.00019498,2,18,8198.78424946,offer,2026-08-31T11:47:01.701296+00:00
4e5c08b1-b81d-4277-a617-0454de9459e7,fUST,0.00019499,2,20,251139.23359297,offer,2026-08-31T11:47:01.701296+00:00
4e5c08b1-b81d-4277-a617-0454de9459e7,fUST,0.000195,10,1,368678.82443824,offer,2026-08-31T11:47:01.701296+00:00
4e5c08b1-b81d-4277-a617-0454de9459e7,fUST,0.000195,2,2,372.54226546,offer,2026-08-31T11:47:01.701296+00:00
4e5c08b1-b81d-4277-a617-0454de9459e7,fUST,0.00019510684931506848,2,1,500.0,offer,2026-08-31T11:47:01.701296+00:00
4e5c08b1-b81d-4277-a617-0454de9459e7,fUST,0.00019510803161795493,2,1,250.0,offer,2026-08-31T11:47:01.701296+00:00
4e5c08b1-b81d-4277-a617-0454de9459e7,fUST,0.00019552,2,2,1145.63469439,offer,2026-08-31T11:47:01.701296+00:00
4e5c08b1-b81d-4277-a617-0454de9459e7,fUST,0.00019599,2,1,184.546,offer,2026-08-31T11:47:01.701296+00:00
4e5c08b1-b81d-4277-a617-0454de9459e7,fUST,0.0001960931,2,1,282.58035904,offer,2026-08-31T11:47:01.701296+00:00
4e5c08b1-b81d-4277-a617-0454de9459e7,fUST,0.00019635,2,3,465.980068,offer,2026-08-31T11:47:01.701296+00:00
4e5c08b1-b81d-4277-a617-0454de9459e7,fUST,0.00019703245000000002,2,1,228.64336971,offer,2026-08-31T11:47:01.701296+00:00
4e5c08b1-b81d-4277-a617-0454de9459e7,fUST,0.00019784657534246576,2,1,500.0,offer,2026-08-31T11:47:01.701296+00:00
4e5c08b1-b81d-4277-a617-0454de9459e7,fUST,0.0001988898,4,1,1132.90797941,offer,2026-08-31T11:47:01.701296+00:00
4e5c08b1-b81d-4277-a617-0454de9459e7,fUST,0.00019904,2,1,317.52161876,offer,2026-08-31T11:47:01.701296+00:00
4e5c08b1-b81d-4277-a617-0454de9459e7,fUST,0.00019905999999999998,2,2,322.9624104,offer,2026-08-31T11:47:01.701296+00:00
4e5c08b1-b81d-4277-a617-0454de9459e7,fUST,0.0001990749,2,1,443.4446,offer,2026-08-31T11:47:01.701296+00:00
4e5c08b1-b81d-4277-a617-0454de9459e7,fUST,0.00019908,2,3,4618.64566452,offer,2026-08-31T11:47:01.701296+00:00
4e5c08b1-b81d-4277-a617-0454de9459e7,fUST,0.00019908493150684923,2,6,17949.38689468,offer,2026-08-31T11:47:01.701296+00:00
4e5c08b1-b81d-4277-a617-0454de9459e7,fUST,0.0001997527671232877,7,1,206.88403935,offer,2026-08-31T11:47:01.701296+00:00
4e5c08b1-b81d-4277-a617-0454de9459e7,fUST,0.0002003104198761152,2,1,827.19399484,offer,2026-08-31T11:47:01.701296+00:00
4e5c08b1-b81d-4277-a617-0454de9459e7,fUST,0.00020036160000000002,7,1,279.2420251,offer,2026-08-31T11:47:01.701296+00:00
4e5c08b1-b81d-4277-a617-0454de9459e7,fUST,0.000200586301369863,2,1,500.0,offer,2026-08-31T11:47:01.701296+00:00
4e5c08b1-b81d-4277-a617-0454de9459e7,fUST,0.000201,2,3,866.21049523,offer,2026-08-31T11:47:01.701296+00:00
4e5c08b1-b81d-4277-a617-0454de9459e7,fUST,0.00020184186977329093,2,3,737.15472785,offer,2026-08-31T11:47:01.701296+00:00
afad2180-89ad-4289-bda9-a00c7c3d535c,fUST,0.0002671232876712329,120,1,-2950101.21736241,demand,2026-08-31T12:47:01.917164+00:00
afad2180-89ad-4289-bda9-a00c7c3d535c,fUST,0.000247980821,120,1,-56568.59382046,demand,2026-08-31T12:47:01.917164+00:00
afad2180-89ad-4289-bda9-a00c7c3d535c,fUST,0.0002390794520547945,120,1,-3199651.62018598,demand,2026-08-31T12:47:01.917164+00:00
afad2180-89ad-4289-bda9-a00c7c3d535c,fUST,0.00020732,2,1,-150.0,demand,2026-08-31T12:47:01.917164+00:00
afad2180-89ad-4289-bda9-a00c7c3d535c,fUST,0.00018732,2,1,-2612.45141,demand,2026-08-31T12:47:01.917164+00:00
afad2180-89ad-4289-bda9-a00c7c3d535c,fUST,0.00016,120,1,-2000.0,demand,2026-08-31T12:47:01.917164+00:00
afad2180-89ad-4289-bda9-a00c7c3d535c,fUST,0.00016,60,18,-401887.3851215,demand,2026-08-31T12:47:01.917164+00:00
afad2180-89ad-4289-bda9-a00c7c3d535c,fUST,0.00015,90,1,-2000.0,demand,2026-08-31T12:47:01.917164+00:00
afad2180-89ad-4289-bda9-a00c7c3d535c,fUST,0.00015,120,1,-300000.0,demand,2026-08-31T12:47:01.917164+00:00
afad2180-89ad-4289-bda9-a00c7c3d535c,fUST,0.00015,45,3,-13845.272985,demand,2026-08-31T12:47:01.917164+00:00
afad2180-89ad-4289-bda9-a00c7c3d535c,fUST,0.00015,60,1,-28000.0,demand,2026-08-31T12:47:01.917164+00:00
afad2180-89ad-4289-bda9-a00c7c3d535c,fUST,0.00015,30,8,-15000.0,demand,2026-08-31T12:47:01.917164+00:00
afad2180-89ad-4289-bda9-a00c7c3d535c,fUST,0.000148,30,4,-20000.0,demand,2026-08-31T12:47:01.917164+00:00
afad2180-89ad-4289-bda9-a00c7c3d535c,fUST,0.0001421,45,9,-80000.0,demand,2026-08-31T12:47:01.917164+00:00
afad2180-89ad-4289-bda9-a00c7c3d535c,fUST,0.000142,45,2,-20000.0,demand,2026-08-31T12:47:01.917164+00:00
afad2180-89ad-4289-bda9-a00c7c3d535c,fUST,0.0001401,30,11,-147973.68632078,demand,2026-08-31T12:47:01.917164+00:00
afad2180-89ad-4289-bda9-a00c7c3d535c,fUST,0.00014000000000000001,30,1,-28000.0,demand,2026-08-31T12:47:01.917164+00:00
afad2180-89ad-4289-bda9-a00c7c3d535c,fUST,0.000138,20,6,-49626.52669917,demand,2026-08-31T12:47:01.917164+00:00
afad2180-89ad-4289-bda9-a00c7c3d535c,fUST,0.000136,30,3,-19544.22120933,demand,2026-08-31T12:47:01.917164+00:00
afad2180-89ad-4289-bda9-a00c7c3d535c,fUST,0.000128,30,3,-30000.0,demand,2026-08-31T12:47:01.917164+00:00
afad2180-89ad-4289-bda9-a00c7c3d535c,fUST,0.000126,15,5,-45000.0,demand,2026-08-31T12:47:01.917164+00:00
afad2180-89ad-4289-bda9-a00c7c3d535c,fUST,0.000125,14,22,-87434.04490168,demand,2026-08-31T12:47:01.917164+00:00
afad2180-89ad-4289-bda9-a00c7c3d535c,fUST,0.0001225,59,1,-95000.0,demand,2026-08-31T12:47:01.917164+00:00
afad2180-89ad-4289-bda9-a00c7c3d535c,fUST,0.0001222,29,1,-194504.86890568,demand,2026-08-31T12:47:01.917164+00:00
afad2180-89ad-4289-bda9-a00c7c3d535c,fUST,0.0001202,19,1,-184532.71737778,demand,2026-08-31T12:47:01.917164+00:00
afad2180-89ad-4289-bda9-a00c7c3d535c,fUST,0.00018732,2,1,4850.0,offer,2026-08-31T12:47:01.917164+00:00
afad2180-89ad-4289-bda9-a00c7c3d535c,fUST,0.00018921643835616438,2,1,151.0,offer,2026-08-31T12:47:01.917164+00:00
afad2180-89ad-4289-bda9-a00c7c3d535c,fUST,0.0001917605,2,1,2623.8832139,offer,2026-08-31T12:47:01.917164+00:00
afad2180-89ad-4289-bda9-a00c7c3d535c,fUST,0.0001931632411934285,2,1,166.34215876,offer,2026-08-31T12:47:01.917164+00:00
afad2180-89ad-4289-bda9-a00c7c3d535c,fUST,0.0001943539,2,9,4492.17234706,offer,2026-08-31T12:47:01.917164+00:00
afad2180-89ad-4289-bda9-a00c7c3d535c,fUST,0.00019436438356164383,2,1,719.3756804,offer,2026-08-31T12:47:01.917164+00:00
afad2180-89ad-4289-bda9-a00c7c3d535c,fUST,0.0001943739,2,1,4890.1649539,offer,2026-08-31T12:47:01.917164+00:00
afad2180-89ad-4289-bda9-a00c7c3d535c,fUST,0.00019506849315068493,3,1,218.75026846,offer,2026-08-31T12:47:01.917164+00:00
afad2180-89ad-4289-bda9-a00c7c3d535c,fUST,0.00019545,2,1,151.6326105,offer,2026-08-31T12:47:01.917164+00:00
afad2180-89ad-4289-bda9-a00c7c3d535c,fUST,0.00019598,2,1,184.547,offer,2026-08-31T12:47:01.917164+00:00
afad2180-89ad-4289-bda9-a00c7c3d535c,fUST,0.0001976776,2,1,392.6164969,offer,2026-08-31T12:47:01.917164+00:00
afad2180-89ad-4289-bda9-a00c7c3d535c,fUST,0.00019825,2,15,4500.0,offer,2026-08-31T12:47:01.917164+00:00
afad2180-89ad-4289-bda9-a00c7c3d535c,fUST,0.0002019,2,1,153.99818858,offer,2026-08-31T12:47:01.917164+00:00
afad2180-89ad-4289-bda9-a00c7c3d535c,fUST,0.0002022,2,1,600.0,offer,2026-08-31T12:47:01.917164+00:00
afad2180-89ad-4289-bda9-a00c7c3d535c,fUST,0.00020353172270862028,2,1,220.85267979,offer,2026-08-31T12:47:01.917164+00:00
afad2180-89ad-4289-bda9-a00c7c3d535c,fUST,0.000206,2,1,1033.43052192,offer,2026-08-31T12:47:01.917164+00:00
afad2180-89ad-4289-bda9-a00c7c3d535c,fUST,0.000208756,2,2,639.0,offer,2026-08-31T12:47:01.917164+00:00
afad2180-89ad-4289-bda9-a00c7c3d535c,fUST,0.000209864006,2,2,666.74013152,offer,2026-08-31T12:47:01.917164+00:00
afad2180-89ad-4289-bda9-a00c7c3d535c,fUST,0.00020999000000000001,2,1,316.88469529,offer,2026-08-31T12:47:01.917164+00:00
afad2180-89ad-4289-bda9-a00c7c3d535c,fUST,0.00021,4,1,155579.2031674,offer,2026-08-31T12:47:01.917164+00:00
afad2180-89ad-4289-bda9-a00c7c3d535c,fUST,0.00021,2,14,140356.56547442,offer,2026-08-31T12:47:01.917164+00:00
afad2180-89ad-4289-bda9-a00c7c3d535c,fUST,0.0002110513774906675,2,1,329.11248734,offer,2026-08-31T12:47:01.917164+00:00
afad2180-89ad-4289-bda9-a00c7c3d535c,fUST,0.000212,2,1,505.0,offer,2026-08-31T12:47:01.917164+00:00
afad2180-89ad-4289-bda9-a00c7c3d535c,fUST,0.0002137569399,2,1,737.939814,offer,2026-08-31T12:47:01.917164+00:00
afad2180-89ad-4289-bda9-a00c7c3d535c,fUST,0.00021436712329,2,3,1092.6748696,offer,2026-08-31T12:47:01.917164+00:00
7a2ac5f5-4940-4e1c-aed1-423efcce9bb1,fUST,0.0002671232876712329,120,1,-2947974.36853877,demand,2026-08-31T13:47:01.939886+00:00
7a2ac5f5-4940-4e1c-aed1-423efcce9bb1,fUST,0.000247980821,120,1,-56568.59382046,demand,2026-08-31T13:47:01.939886+00:00
7a2ac5f5-4940-4e1c-aed1-423efcce9bb1,fUST,0.00023935616438356164,120,1,-3182275.33763361,demand,2026-08-31T13:47:01.939886+00:00
7a2ac5f5-4940-4e1c-aed1-423efcce9bb1,fUST,0.00016,120,1,-2000.0,demand,2026-08-31T13:47:01.939886+00:00
7a2ac5f5-4940-4e1c-aed1-423efcce9bb1,fUST,0.00016,60,18,-401887.3851215,demand,2026-08-31T13:47:01.939886+00:00
7a2ac5f5-4940-4e1c-aed1-423efcce9bb1,fUST,0.00015,90,1,-2000.0,demand,2026-08-31T13:47:01.939886+00:00
7a2ac5f5-4940-4e1c-aed1-423efcce9bb1,fUST,0.00015,120,1,-300000.0,demand,2026-08-31T13:47:01.939886+00:00
7a2ac5f5-4940-4e1c-aed1-423efcce9bb1,fUST,0.00015,45,3,-13845.272985,demand,2026-08-31T13:47:01.939886+00:00
7a2ac5f5-4940-4e1c-aed1-423efcce9bb1,fUST,0.00015,60,1,-28000.0,demand,2026-08-31T13:47:01.939886+00:00
7a2ac5f5-4940-4e1c-aed1-423efcce9bb1,fUST,0.00015,30,10,-29000.0,demand,2026-08-31T13:47:01.939886+00:00
7a2ac5f5-4940-4e1c-aed1-423efcce9bb1,fUST,0.000148,30,4,-20000.0,demand,2026-08-31T13:47:01.939886+00:00
7a2ac5f5-4940-4e1c-aed1-423efcce9bb1,fUST,0.0001421,45,9,-80000.0,demand,2026-08-31T13:47:01.939886+00:00
7a2ac5f5-4940-4e1c-aed1-423efcce9bb1,fUST,0.000142,45,2,-20000.0,demand,2026-08-31T13:47:01.939886+00:00
7a2ac5f5-4940-4e1c-aed1-423efcce9bb1,fUST,0.0001401,30,11,-147973.68632078,demand,2026-08-31T13:47:01.939886+00:00
7a2ac5f5-4940-4e1c-aed1-423efcce9bb1,fUST,0.00014000000000000001,30,1,-28000.0,demand,2026-08-31T13:47:01.939886+00:00
7a2ac5f5-4940-4e1c-aed1-423efcce9bb1,fUST,0.000138,20,6,-49626.52669917,demand,2026-08-31T13:47:01.939886+00:00
7a2ac5f5-4940-4e1c-aed1-423efcce9bb1,fUST,0.000136,30,3,-19544.22120933,demand,2026-08-31T13:47:01.939886+00:00
7a2ac5f5-4940-4e1c-aed1-423efcce9bb1,fUST,0.000128,30,3,-30000.0,demand,2026-08-31T13:47:01.939886+00:00
7a2ac5f5-4940-4e1c-aed1-423efcce9bb1,fUST,0.0001266,13,1,-95000.0,demand,2026-08-31T13:47:01.939886+00:00
7a2ac5f5-4940-4e1c-aed1-423efcce9bb1,fUST,0.000126,15,5,-45000.0,demand,2026-08-31T13:47:01.939886+00:00
7a2ac5f5-4940-4e1c-aed1-423efcce9bb1,fUST,0.000125,14,22,-87434.04490168,demand,2026-08-31T13:47:01.939886+00:00
7a2ac5f5-4940-4e1c-aed1-423efcce9bb1,fUST,0.0001225,59,1,-95000.0,demand,2026-08-31T13:47:01.939886+00:00
7a2ac5f5-4940-4e1c-aed1-423efcce9bb1,fUST,0.0001222,29,1,-194504.86890568,demand,2026-08-31T13:47:01.939886+00:00
7a2ac5f5-4940-4e1c-aed1-423efcce9bb1,fUST,0.0001202,19,1,-184532.71737778,demand,2026-08-31T13:47:01.939886+00:00
7a2ac5f5-4940-4e1c-aed1-423efcce9bb1,fUST,0.00012,120,1,-30000.0,demand,2026-08-31T13:47:01.939886+00:00
7a2ac5f5-4940-4e1c-aed1-423efcce9bb1,fUST,0.00017535,2,1,159.973893,offer,2026-08-31T13:47:01.939886+00:00
7a2ac5f5-4940-4e1c-aed1-423efcce9bb1,fUST,0.0001767081,2,1,190.921343,offer,2026-08-31T13:47:01.939886+00:00
7a2ac5f5-4940-4e1c-aed1-423efcce9bb1,fUST,0.00017712,2,1,159.973893,offer,2026-08-31T13:47:01.939886+00:00
7a2ac5f5-4940-4e1c-aed1-423efcce9bb1,fUST,0.0001789041095890411,3,1,182.0,offer,2026-08-31T13:47:01.939886+00:00
7a2ac5f5-4940-4e1c-aed1-423efcce9bb1,fUST,0.0001789088,2,1,159.973893,offer,2026-08-31T13:47:01.939886+00:00
7a2ac5f5-4940-4e1c-aed1-423efcce9bb1,fUST,0.0001847041095890411,2,1,307.0257336,offer,2026-08-31T13:47:01.939886+00:00
7a2ac5f5-4940-4e1c-aed1-423efcce9bb1,fUST,0.00018994986301369864,2,38,18887.20180216,offer,2026-08-31T13:47:01.939886+00:00
7a2ac5f5-4940-4e1c-aed1-423efcce9bb1,fUST,0.00018995,2,2,1000.0,offer,2026-08-31T13:47:01.939886+00:00
7a2ac5f5-4940-4e1c-aed1-423efcce9bb1,fUST,0.00018996,2,7,3189.40644579,offer,2026-08-31T13:47:01.939886+00:00
7a2ac5f5-4940-4e1c-aed1-423efcce9bb1,fUST,0.00018998,2,1,500.0,offer,2026-08-31T13:47:01.939886+00:00
7a2ac5f5-4940-4e1c-aed1-423efcce9bb1,fUST,0.00018998904109589042,2,1,500.0,offer,2026-08-31T13:47:01.939886+00:00
7a2ac5f5-4940-4e1c-aed1-423efcce9bb1,fUST,0.00018999,2,22,187792.14242748,offer,2026-08-31T13:47:01.939886+00:00
7a2ac5f5-4940-4e1c-aed1-423efcce9bb1,fUST,0.00019374,2,16,5100.0,offer,2026-08-31T13:47:01.939886+00:00
7a2ac5f5-4940-4e1c-aed1-423efcce9bb1,fUST,0.00019627,2,1,152.829,offer,2026-08-31T13:47:01.939886+00:00
7a2ac5f5-4940-4e1c-aed1-423efcce9bb1,fUST,0.000197,3,1,161.0,offer,2026-08-31T13:47:01.939886+00:00
7a2ac5f5-4940-4e1c-aed1-423efcce9bb1,fUST,0.0001983968721,2,1,1478.935933,offer,2026-08-31T13:47:01.939886+00:00
7a2ac5f5-4940-4e1c-aed1-423efcce9bb1,fUST,0.00019997,2,1,500.0,offer,2026-08-31T13:47:01.939886+00:00
7a2ac5f5-4940-4e1c-aed1-423efcce9bb1,fUST,0.00019998,2,11,118369.37264772,offer,2026-08-31T13:47:01.939886+00:00
7a2ac5f5-4940-4e1c-aed1-423efcce9bb1,fUST,0.00019999,2,3,102360.22892098,offer,2026-08-31T13:47:01.939886+00:00
7a2ac5f5-4940-4e1c-aed1-423efcce9bb1,fUST,0.000203,2,2,749.50971582,offer,2026-08-31T13:47:01.939886+00:00
7a2ac5f5-4940-4e1c-aed1-423efcce9bb1,fUST,0.00020444811527944536,2,2,320.0,offer,2026-08-31T13:47:01.939886+00:00
7a2ac5f5-4940-4e1c-aed1-423efcce9bb1,fUST,0.00020446523623748915,2,3,798.00740764,offer,2026-08-31T13:47:01.939886+00:00
7a2ac5f5-4940-4e1c-aed1-423efcce9bb1,fUST,0.00020566796592786513,7,2,708.50199872,offer,2026-08-31T13:47:01.939886+00:00
7a2ac5f5-4940-4e1c-aed1-423efcce9bb1,fUST,0.000206,2,2,749.50971582,offer,2026-08-31T13:47:01.939886+00:00
7a2ac5f5-4940-4e1c-aed1-423efcce9bb1,fUST,0.00020674865292191782,2,1,1478.935933,offer,2026-08-31T13:47:01.939886+00:00
147cdca8-6799-4073-a0e9-292b04aeeb27,fUST,0.0002671232876712329,120,1,-2939683.40455458,demand,2026-08-31T14:47:01.984910+00:00
147cdca8-6799-4073-a0e9-292b04aeeb27,fUST,0.000247980821,120,1,-56568.59382046,demand,2026-08-31T14:47:01.984910+00:00
147cdca8-6799-4073-a0e9-292b04aeeb27,fUST,0.0002395068493150685,120,1,-3182275.33763361,demand,2026-08-31T14:47:01.984910+00:00
147cdca8-6799-4073-a0e9-292b04aeeb27,fUST,0.0001630622,2,2,-600.0,demand,2026-08-31T14:47:01.984910+00:00
147cdca8-6799-4073-a0e9-292b04aeeb27,fUST,0.00016,120,1,-2000.0,demand,2026-08-31T14:47:01.984910+00:00
147cdca8-6799-4073-a0e9-292b04aeeb27,fUST,0.00016,60,18,-401887.3851215,demand,2026-08-31T14:47:01.984910+00:00
147cdca8-6799-4073-a0e9-292b04aeeb27,fUST,0.00015,90,1,-2000.0,demand,2026-08-31T14:47:01.984910+00:00
147cdca8-6799-4073-a0e9-292b04aeeb27,fUST,0.00015,120,1,-300000.0,demand,2026-08-31T14:47:01.984910+00:00
147cdca8-6799-4073-a0e9-292b04aeeb27,fUST,0.00015,45,3,-13845.272985,demand,2026-08-31T14:47:01.984910+00:00
147cdca8-6799-4073-a0e9-292b04aeeb27,fUST,0.00015,60,1,-28000.0,demand,2026-08-31T14:47:01.984910+00:00
147cdca8-6799-4073-a0e9-292b04aeeb27,fUST,0.00015,30,10,-28818.0,demand,2026-08-31T14:47:01.984910+00:00
147cdca8-6799-4073-a0e9-292b04aeeb27,fUST,0.000148,30,4,-20000.0,demand,2026-08-31T14:47:01.984910+00:00
147cdca8-6799-4073-a0e9-292b04aeeb27,fUST,0.0001421,45,9,-80000.0,demand,2026-08-31T14:47:01.984910+00:00
147cdca8-6799-4073-a0e9-292b04aeeb27,fUST,0.000142,45,2,-20000.0,demand,2026-08-31T14:47:01.984910+00:00
147cdca8-6799-4073-a0e9-292b04aeeb27,fUST,0.0001401,30,11,-147973.68632078,demand,2026-08-31T14:47:01.984910+00:00
147cdca8-6799-4073-a0e9-292b04aeeb27,fUST,0.00014000000000000001,30,1,-28000.0,demand,2026-08-31T14:47:01.984910+00:00
147cdca8-6799-4073-a0e9-292b04aeeb27,fUST,0.000138,20,6,-49626.52669917,demand,2026-08-31T14:47:01.984910+00:00
147cdca8-6799-4073-a0e9-292b04aeeb27,fUST,0.000136,30,3,-19544.22120933,demand,2026-08-31T14:47:01.984910+00:00
147cdca8-6799-4073-a0e9-292b04aeeb27,fUST,0.000128,30,3,-30000.0,demand,2026-08-31T14:47:01.984910+00:00
147cdca8-6799-4073-a0e9-292b04aeeb27,fUST,0.0001266,13,1,-87750.15934255,demand,2026-08-31T14:47:01.984910+00:00
147cdca8-6799-4073-a0e9-292b04aeeb27,fUST,0.000126,15,5,-45000.0,demand,2026-08-31T14:47:01.984910+00:00
147cdca8-6799-4073-a0e9-292b04aeeb27,fUST,0.000125,14,22,-87434.04490168,demand,2026-08-31T14:47:01.984910+00:00
147cdca8-6799-4073-a0e9-292b04aeeb27,fUST,0.0001230622,2,7,-2100.0,demand,2026-08-31T14:47:01.984910+00:00
147cdca8-6799-4073-a0e9-292b04aeeb27,fUST,0.0001225,59,1,-95000.0,demand,2026-08-31T14:47:01.984910+00:00
147cdca8-6799-4073-a0e9-292b04aeeb27,fUST,0.0001222,29,1,-194504.86890568,demand,2026-08-31T14:47:01.984910+00:00
147cdca8-6799-4073-a0e9-292b04aeeb27,fUST,0.0001230622,2,1,4725.80486758,offer,2026-08-31T14:47:01.984910+00:00
147cdca8-6799-4073-a0e9-292b04aeeb27,fUST,0.0001235882,2,27,13048.93609451,offer,2026-08-31T14:47:01.984910+00:00
147cdca8-6799-4073-a0e9-292b04aeeb27,fUST,0.0001236182,2,4,1246.91240716,offer,2026-08-31T14:47:01.984910+00:00
147cdca8-6799-4073-a0e9-292b04aeeb27,fUST,0.0001236282,2,1,4763.2655737,offer,2026-08-31T14:47:01.984910+00:00
147cdca8-6799-4073-a0e9-292b04aeeb27,fUST,0.0001248655,2,1,761.4816348,offer,2026-08-31T14:47:01.984910+00:00
147cdca8-6799-4073-a0e9-292b04aeeb27,fUST,0.0001250621,2,1,151.0,offer,2026-08-31T14:47:01.984910+00:00
147cdca8-6799-4073-a0e9-292b04aeeb27,fUST,0.0001250621,7,2,580.56252215,offer,2026-08-31T14:47:01.984910+00:00
147cdca8-6799-4073-a0e9-292b04aeeb27,fUST,0.0001259978,2,1,1068.9533718,offer,2026-08-31T14:47:01.984910+00:00
147cdca8-6799-4073-a0e9-292b04aeeb27,fUST,0.00012609,2,15,4500.0,offer,2026-08-31T14:47:01.984910+00:00
147cdca8-6799-4073-a0e9-292b04aeeb27,fUST,0.00012609041095890412,2,1,500.0,offer,2026-08-31T14:47:01.984910+00:00
147cdca8-6799-4073-a0e9-292b04aeeb27,fUST,0.00012756334200000001,7,2,580.56252215,offer,2026-08-31T14:47:01.984910+00:00
147cdca8-6799-4073-a0e9-292b04aeeb27,fUST,0.00012883013698630137,2,1,500.0,offer,2026-08-31T14:47:01.984910+00:00
147cdca8-6799-4073-a0e9-292b04aeeb27,fUST,0.0001302322,2,1,151.0,offer,2026-08-31T14:47:01.984910+00:00
147cdca8-6799-4073-a0e9-292b04aeeb27,fUST,0.0001307378,2,1,12139.9770441,offer,2026-08-31T14:47:01.984910+00:00
147cdca8-6799-4073-a0e9-292b04aeeb27,fUST,0.000131315205,7,2,580.56252215,offer,2026-08-31T14:47:01.984910+00:00
147cdca8-6799-4073-a0e9-292b04aeeb27,fUST,0.00013156986301369862,2,1,500.0,offer,2026-08-31T14:47:01.984910+00:00
147cdca8-6799-4073-a0e9-292b04aeeb27,fUST,0.0001327088,2,1,3984.6771075,offer,2026-08-31T14:47:01.984910+00:00
147cdca8-6799-4073-a0e9-292b04aeeb27,fUST,0.00013303992872928176,2,1,207.73015885,offer,2026-08-31T14:47:01.984910+00:00
147cdca8-6799-4073-a0e9-292b04aeeb27,fUST,0.00013333,2,1,600.0,offer,2026-08-31T14:47:01.984910+00:00
147cdca8-6799-4073-a0e9-292b04aeeb27,fUST,0.00013347671232876712,2,14,146632.04431554,offer,2026-08-31T14:47:01.984910+00:00
147cdca8-6799-4073-a0e9-292b04aeeb27,fUST,0.00013347671232876712,4,1,329.37961594,offer,2026-08-31T14:47:01.984910+00:00
147cdca8-6799-4073-a0e9-292b04aeeb27,fUST,0.00013347671232876712,3,2,652.30820478,offer,2026-08-31T14:47:01.984910+00:00
147cdca8-6799-4073-a0e9-292b04aeeb27,fUST,0.0001343095890410959,2,1,500.0,offer,2026-08-31T14:47:01.984910+00:00
147cdca8-6799-4073-a0e9-292b04aeeb27,fUST,0.00013506706800000003,7,2,580.56252215,offer,2026-08-31T14:47:01.984910+00:00
147cdca8-6799-4073-a0e9-292b04aeeb27,fUST,0.00013614624657534247,5,2,652.30820478,offer,2026-08-31T14:47:01.984910+00:00
5871049b-d1b2-4a51-9947-34954a826ca7,fUST,0.0002671232876712329,120,1,-2939683.40455458,demand,2026-08-31T15:47:01.709974+00:00
5871049b-d1b2-4a51-9947-34954a826ca7,fUST,0.000247980821,120,1,-56568.59382046,demand,2026-08-31T15:47:01.709974+00:00
5871049b-d1b2-4a51-9947-34954a826ca7,fUST,0.00023932876712328766,120,1,-3171993.18154066,demand,2026-08-31T15:47:01.709974+00:00
5871049b-d1b2-4a51-9947-34954a826ca7,fUST,0.00016,120,1,-2000.0,demand,2026-08-31T15:47:01.709974+00:00
5871049b-d1b2-4a51-9947-34954a826ca7,fUST,0.00016,60,18,-401887.3851215,demand,2026-08-31T15:47:01.709974+00:00
5871049b-d1b2-4a51-9947-34954a826ca7,fUST,0.00015,90,1,-2000.0,demand,2026-08-31T15:47:01.709974+00:00
5871049b-d1b2-4a51-9947-34954a826ca7,fUST,0.00015,120,1,-300000.0,demand,2026-08-31T15:47:01.709974+00:00
5871049b-d1b2-4a51-9947-34954a826ca7,fUST,0.00015,45,3,-13845.272985,demand,2026-08-31T15:47:01.709974+00:00
5871049b-d1b2-4a51-9947-34954a826ca7,fUST,0.00015,60,1,-28000.0,demand,2026-08-31T15:47:01.709974+00:00
5871049b-d1b2-4a51-9947-34954a826ca7,fUST,0.00015,30,10,-28818.0,demand,2026-08-31T15:47:01.709974+00:00
5871049b-d1b2-4a51-9947-34954a826ca7,fUST,0.000148,30,4,-20000.0,demand,2026-08-31T15:47:01.709974+00:00
5871049b-d1b2-4a51-9947-34954a826ca7,fUST,0.0001421,45,9,-80000.0,demand,2026-08-31T15:47:01.709974+00:00
5871049b-d1b2-4a51-9947-34954a826ca7,fUST,0.000142,45,2,-20000.0,demand,2026-08-31T15:47:01.709974+00:00
5871049b-d1b2-4a51-9947-34954a826ca7,fUST,0.0001401,30,11,-147973.68632078,demand,2026-08-31T15:47:01.709974+00:00
5871049b-d1b2-4a51-9947-34954a826ca7,fUST,0.00014000000000000001,30,1,-28000.0,demand,2026-08-31T15:47:01.709974+00:00
5871049b-d1b2-4a51-9947-34954a826ca7,fUST,0.000138,20,6,-49626.52669917,demand,2026-08-31T15:47:01.709974+00:00
5871049b-d1b2-4a51-9947-34954a826ca7,fUST,0.000136,30,3,-19544.22120933,demand,2026-08-31T15:47:01.709974+00:00
5871049b-d1b2-4a51-9947-34954a826ca7,fUST,0.000128,30,3,-30000.0,demand,2026-08-31T15:47:01.709974+00:00
5871049b-d1b2-4a51-9947-34954a826ca7,fUST,0.0001266,13,1,-62599.15934255,demand,2026-08-31T15:47:01.709974+00:00
5871049b-d1b2-4a51-9947-34954a826ca7,fUST,0.000126,15,5,-45000.0,demand,2026-08-31T15:47:01.709974+00:00
5871049b-d1b2-4a51-9947-34954a826ca7,fUST,0.000125,14,22,-87434.04490168,demand,2026-08-31T15:47:01.709974+00:00
5871049b-d1b2-4a51-9947-34954a826ca7,fUST,0.0001225,59,1,-95000.0,demand,2026-08-31T15:47:01.709974+00:00
5871049b-d1b2-4a51-9947-34954a826ca7,fUST,0.0001222,29,1,-194504.86890568,demand,2026-08-31T15:47:01.709974+00:00
5871049b-d1b2-4a51-9947-34954a826ca7,fUST,0.0001202,19,1,-184532.71737778,demand,2026-08-31T15:47:01.709974+00:00
5871049b-d1b2-4a51-9947-34954a826ca7,fUST,0.00012,120,1,-30000.0,demand,2026-08-31T15:47:01.709974+00:00
5871049b-d1b2-4a51-9947-34954a826ca7,fUST,0.00011996,2,1,73.55802528,offer,2026-08-31T15:47:01.709974+00:00
5871049b-d1b2-4a51-9947-34954a826ca7,fUST,0.000127413,2,1,293.8974,offer,2026-08-31T15:47:01.709974+00:00
5871049b-d1b2-4a51-9947-34954a826ca7,fUST,0.00012805650000000002,2,1,176.3384,offer,2026-08-31T15:47:01.709974+00:00
5871049b-d1b2-4a51-9947-34954a826ca7,fUST,0.00013117,2,1,262.6462925,offer,2026-08-31T15:47:01.709974+00:00
5871049b-d1b2-4a51-9947-34954a826ca7,fUST,0.00013698,2,4,2117.72834892,offer,2026-08-31T15:47:01.709974+00:00
5871049b-d1b2-4a51-9947-34954a826ca7,fUST,0.00014540651312499995,2,1,500.0,offer,2026-08-31T15:47:01.709974+00:00
5871049b-d1b2-4a51-9947-34954a826ca7,fUST,0.0001483,2,15,4500.0,offer,2026-08-31T15:47:01.709974+00:00
5871049b-d1b2-4a51-9947-34954a826ca7,fUST,0.00015874677792492375,2,1,250.0,offer,2026-08-31T15:47:01.709974+00:00
5871049b-d1b2-4a51-9947-34954a826ca7,fUST,0.00016227,2,1,258.26,offer,2026-08-31T15:47:01.709974+00:00
5871049b-d1b2-4a51-9947-34954a826ca7,fUST,0.00016385205479452054,2,1,1835.74957496,offer,2026-08-31T15:47:01.709974+00:00
5871049b-d1b2-4a51-9947-34954a826ca7,fUST,0.0001639105,2,1,317.76,offer,2026-08-31T15:47:01.709974+00:00
5871049b-d1b2-4a51-9947-34954a826ca7,fUST,0.00017269,2,1,164.998131,offer,2026-08-31T15:47:01.709974+00:00
5871049b-d1b2-4a51-9947-34954a826ca7,fUST,0.00017324,2,1,157.28,offer,2026-08-31T15:47:01.709974+00:00
5871049b-d1b2-4a51-9947-34954a826ca7,fUST,0.00017917280000000001,2,1,180.8396768,offer,2026-08-31T15:47:01.709974+00:00
5871049b-d1b2-4a51-9947-34954a826ca7,fUST,0.00017977906780000002,2,5,921.98442931,offer,2026-08-31T15:47:01.709974+00:00
5871049b-d1b2-4a51-9947-34954a826ca7,fUST,0.000179857,2,20,9664.59878032,offer,2026-08-31T15:47:01.709974+00:00
5871049b-d1b2-4a51-9947-34954a826ca7,fUST,0.0001822139,2,1,184.8212275,offer,2026-08-31T15:47:01.709974+00:00
5871049b-d1b2-4a51-9947-34954a826ca7,fUST,0.00018339999999999999,2,1,268.79229231,offer,2026-08-31T15:47:01.709974+00:00
5871049b-d1b2-4a51-9947-34954a826ca7,fUST,0.00018344,2,1,600.0,offer,2026-08-31T15:47:01.709974+00:00
5871049b-d1b2-4a51-9947-34954a826ca7,fUST,0.0001852490678,2,1,435.10705643,offer,2026-08-31T15:47:01.709974+00:00
5871049b-d1b2-4a51-9947-34954a826ca7,fUST,0.0001852590678,2,1,221.97537493,offer,2026-08-31T15:47:01.709974+00:00
5871049b-d1b2-4a51-9947-34954a826ca7,fUST,0.0001901957733,2,1,170.3450156,offer,2026-08-31T15:47:01.709974+00:00
5871049b-d1b2-4a51-9947-34954a826ca7,fUST,0.0001907390678,2,1,221.97537493,offer,2026-08-31T15:47:01.709974+00:00
5871049b-d1b2-4a51-9947-34954a826ca7,fUST,0.00019087,2,1,907.51954262,offer,2026-08-31T15:47:01.709974+00:00
5871049b-d1b2-4a51-9947-34954a826ca7,fUST,0.00019497,2,2,639.0,offer,2026-08-31T15:47:01.709974+00:00
34085fbf-3ef8-4ec8-911b-d4b1ee559bae,fUST,0.0002671232876712329,120,1,-2936504.33855458,demand,2026-08-31T16:47:02.011569+00:00
34085fbf-3ef8-4ec8-911b-d4b1ee559bae,fUST,0.000247980821,120,1,-56568.59382046,demand,2026-08-31T16:47:02.011569+00:00
34085fbf-3ef8-4ec8-911b-d4b1ee559bae,fUST,0.00023936986301369864,120,1,-3170993.18154066,demand,2026-08-31T16:47:02.011569+00:00
34085fbf-3ef8-4ec8-911b-d4b1ee559bae,fUST,0.00016,120,1,-2000.0,demand,2026-08-31T16:47:02.011569+00:00
34085fbf-3ef8-4ec8-911b-d4b1ee559bae,fUST,0.00016,60,18,-401887.3851215,demand,2026-08-31T16:47:02.011569+00:00
34085fbf-3ef8-4ec8-911b-d4b1ee559bae,fUST,0.00015,90,1,-2000.0,demand,2026-08-31T16:47:02.011569+00:00
34085fbf-3ef8-4ec8-911b-d4b1ee559bae,fUST,0.00015,120,1,-300000.0,demand,2026-08-31T16:47:02.011569+00:00
34085fbf-3ef8-4ec8-911b-d4b1ee559bae,fUST,0.00015,45,3,-13845.272985,demand,2026-08-31T16:47:02.011569+00:00
34085fbf-3ef8-4ec8-911b-d4b1ee559bae,fUST,0.00015,60,1,-28000.0,demand,2026-08-31T16:47:02.011569+00:00
34085fbf-3ef8-4ec8-911b-d4b1ee559bae,fUST,0.00015,30,10,-28818.0,demand,2026-08-31T16:47:02.011569+00:00
34085fbf-3ef8-4ec8-911b-d4b1ee559bae,fUST,0.000148,30,4,-20000.0,demand,2026-08-31T16:47:02.011569+00:00
34085fbf-3ef8-4ec8-911b-d4b1ee559bae,fUST,0.0001421,45,9,-80000.0,demand,2026-08-31T16:47:02.011569+00:00
34085fbf-3ef8-4ec8-911b-d4b1ee559bae,fUST,0.000142,45,2,-20000.0,demand,2026-08-31T16:47:02.011569+00:00
34085fbf-3ef8-4ec8-911b-d4b1ee559bae,fUST,0.0001401,30,11,-147973.68632078,demand,2026-08-31T16:47:02.011569+00:00
34085fbf-3ef8-4ec8-911b-d4b1ee559bae,fUST,0.00014000000000000001,30,1,-28000.0,demand,2026-08-31T16:47:02.011569+00:00
34085fbf-3ef8-4ec8-911b-d4b1ee559bae,fUST,0.000138,20,6,-49626.52669917,demand,2026-08-31T16:47:02.011569+00:00
34085fbf-3ef8-4ec8-911b-d4b1ee559bae,fUST,0.000136,30,3,-19544.22120933,demand,2026-08-31T16:47:02.011569+00:00
34085fbf-3ef8-4ec8-911b-d4b1ee559bae,fUST,0.000128,30,3,-30000.0,demand,2026-08-31T16:47:02.011569+00:00
34085fbf-3ef8-4ec8-911b-d4b1ee559bae,fUST,0.0001266,13,1,-62599.15934255,demand,2026-08-31T16:47:02.011569+00:00
34085fbf-3ef8-4ec8-911b-d4b1ee559bae,fUST,0.000126,15,5,-45000.0,demand,2026-08-31T16:47:02.011569+00:00
34085fbf-3ef8-4ec8-911b-d4b1ee559bae,fUST,0.000125,14,22,-87434.04490168,demand,2026-08-31T16:47:02.011569+00:00
34085fbf-3ef8-4ec8-911b-d4b1ee559bae,fUST,0.0001225,59,1,-95000.0,demand,2026-08-31T16:47:02.011569+00:00
34085fbf-3ef8-4ec8-911b-d4b1ee559bae,fUST,0.0001222,29,1,-194504.86890568,demand,2026-08-31T16:47:02.011569+00:00
34085fbf-3ef8-4ec8-911b-d4b1ee559bae,fUST,0.0001202,19,1,-184532.71737778,demand,2026-08-31T16:47:02.011569+00:00
34085fbf-3ef8-4ec8-911b-d4b1ee559bae,fUST,0.00012,120,1,-30000.0,demand,2026-08-31T16:47:02.011569+00:00
34085fbf-3ef8-4ec8-911b-d4b1ee559bae,fUST,0.00017523,2,1,2785.0,offer,2026-08-31T16:47:02.011569+00:00
34085fbf-3ef8-4ec8-911b-d4b1ee559bae,fUST,0.000177,2,1,2785.0,offer,2026-08-31T16:47:02.011569+00:00
34085fbf-3ef8-4ec8-911b-d4b1ee559bae,fUST,0.000179452054,2,1,638.04732261,offer,2026-08-31T16:47:02.011569+00:00
34085fbf-3ef8-4ec8-911b-d4b1ee559bae,fUST,0.000179452054,7,1,478.84575799,offer,2026-08-31T16:47:02.011569+00:00
34085fbf-3ef8-4ec8-911b-d4b1ee559bae,fUST,0.00017945205479452057,3,1,203.0,offer,2026-08-31T16:47:02.011569+00:00
34085fbf-3ef8-4ec8-911b-d4b1ee559bae,fUST,0.00018103876712328767,7,1,386.13241187,offer,2026-08-31T16:47:02.011569+00:00
34085fbf-3ef8-4ec8-911b-d4b1ee559bae,fUST,0.00018304109508,7,2,722.46360944,offer,2026-08-31T16:47:02.011569+00:00
34085fbf-3ef8-4ec8-911b-d4b1ee559bae,fUST,0.00018458904109589042,2,1,375.50510905,offer,2026-08-31T16:47:02.011569+00:00
34085fbf-3ef8-4ec8-911b-d4b1ee559bae,fUST,0.00018464954246575344,2,13,6265.22117066,offer,2026-08-31T16:47:02.011569+00:00
34085fbf-3ef8-4ec8-911b-d4b1ee559bae,fUST,0.00018465954246575344,7,1,386.13241187,offer,2026-08-31T16:47:02.011569+00:00
34085fbf-3ef8-4ec8-911b-d4b1ee559bae,fUST,0.0001884246567,7,1,478.84575799,offer,2026-08-31T16:47:02.011569+00:00
34085fbf-3ef8-4ec8-911b-d4b1ee559bae,fUST,0.00018868321917808221,2,1,172.99297816,offer,2026-08-31T16:47:02.011569+00:00
34085fbf-3ef8-4ec8-911b-d4b1ee559bae,fUST,0.00018927397260273975,2,1,228.29393188,offer,2026-08-31T16:47:02.011569+00:00
34085fbf-3ef8-4ec8-911b-d4b1ee559bae,fUST,0.00019009070547945206,7,1,386.13241187,offer,2026-08-31T16:47:02.011569+00:00
34085fbf-3ef8-4ec8-911b-d4b1ee559bae,fUST,0.00019123975,2,1,1808.60233731,offer,2026-08-31T16:47:02.011569+00:00
34085fbf-3ef8-4ec8-911b-d4b1ee559bae,fUST,0.00019175,2,16,5100.0,offer,2026-08-31T16:47:02.011569+00:00
34085fbf-3ef8-4ec8-911b-d4b1ee559bae,fUST,0.00019227397260273974,2,1,345.98595633,offer,2026-08-31T16:47:02.011569+00:00
34085fbf-3ef8-4ec8-911b-d4b1ee559bae,fUST,0.00019380821832000003,7,1,478.84575799,offer,2026-08-31T16:47:02.011569+00:00
34085fbf-3ef8-4ec8-911b-d4b1ee559bae,fUST,0.0001955118684931507,2,1,200.42003107,offer,2026-08-31T16:47:02.011569+00:00
34085fbf-3ef8-4ec8-911b-d4b1ee559bae,fUST,0.0001955218684931507,7,1,386.13241187,offer,2026-08-31T16:47:02.011569+00:00
34085fbf-3ef8-4ec8-911b-d4b1ee559bae,fUST,0.000196753,2,2,639.0,offer,2026-08-31T16:47:02.011569+00:00
34085fbf-3ef8-4ec8-911b-d4b1ee559bae,fUST,0.00019726,7,8,3943.23063579,offer,2026-08-31T16:47:02.011569+00:00
34085fbf-3ef8-4ec8-911b-d4b1ee559bae,fUST,0.00019726,2,1,174.78628377,offer,2026-08-31T16:47:02.011569+00:00
34085fbf-3ef8-4ec8-911b-d4b1ee559bae,fUST,0.00019999,2,1,163.406,offer,2026-08-31T16:47:02.011569+00:00
34085fbf-3ef8-4ec8-911b-d4b1ee559bae,fUST,0.0002,2,6,906.0,offer,2026-08-31T16:47:02.011569+00:00
9b986840-71f7-4a00-8826-b389e3017e65,fUST,0.0002671232876712329,120,1,-2936126.74200521,demand,2026-08-31T17:47:02.348201+00:00
9b986840-71f7-4a00-8826-b389e3017e65,fUST,0.000247980821,120,1,-56568.59382046,demand,2026-08-31T17:47:02.348201+00:00
9b986840-71f7-4a00-8826-b389e3017e65,fUST,0.00023957534246575344,120,1,-3169307.43043714,demand,2026-08-31T17:47:02.348201+00:00
9b986840-71f7-4a00-8826-b389e3017e65,fUST,0.0002,2,1,-150.0,demand,2026-08-31T17:47:02.348201+00:00
9b986840-71f7-4a00-8826-b389e3017e65,fUST,0.00018,2,2,-4856.71912135,demand,2026-08-31T17:47:02.348201+00:00
9b986840-71f7-4a00-8826-b389e3017e65,fUST,0.00016,120,1,-2000.0,demand,2026-08-31T17:47:02.348201+00:00
9b986840-71f7-4a00-8826-b389e3017e65,fUST,0.00016,60,18,-401887.3851215,demand,2026-08-31T17:47:02.348201+00:00
9b986840-71f7-4a00-8826-b389e3017e65,fUST,0.00015,90,1,-2000.0,demand,2026-08-31T17:47:02.348201+00:00
9b986840-71f7-4a00-8826-b389e3017e65,fUST,0.00015,120,1,-300000.0,demand,2026-08-31T17:47:02.348201+00:00
9b986840-71f7-4a00-8826-b389e3017e65,fUST,0.00015,45,3,-13845.272985,demand,2026-08-31T17:47:02.348201+00:00
9b986840-71f7-4a00-8826-b389e3017e65,fUST,0.00015,60,1,-28000.0,demand,2026-08-31T17:47:02.348201+00:00
9b986840-71f7-4a00-8826-b389e3017e65,fUST,0.00015,30,10,-28818.0,demand,2026-08-31T17:47:02.348201+00:00
9b986840-71f7-4a00-8826-b389e3017e65,fUST,0.000148,30,4,-20000.0,demand,2026-08-31T17:47:02.348201+00:00
9b986840-71f7-4a00-8826-b389e3017e65,fUST,0.0001421,45,9,-80000.0,demand,2026-08-31T17:47:02.348201+00:00
9b986840-71f7-4a00-8826-b389e3017e65,fUST,0.000142,45,2,-20000.0,demand,2026-08-31T17:47:02.348201+00:00
9b986840-71f7-4a00-8826-b389e3017e65,fUST,0.0001401,30,11,-147973.68632078,demand,2026-08-31T17:47:02.348201+00:00
9b986840-71f7-4a00-8826-b389e3017e65,fUST,0.00014000000000000001,30,1,-28000.0,demand,2026-08-31T17:47:02.348201+00:00
9b986840-71f7-4a00-8826-b389e3017e65,fUST,0.000138,20,6,-49626.52669917,demand,2026-08-31T17:47:02.348201+00:00
9b986840-71f7-4a00-8826-b389e3017e65,fUST,0.000136,30,3,-19544.22120933,demand,2026-08-31T17:47:02.348201+00:00
9b986840-71f7-4a00-8826-b389e3017e65,fUST,0.000128,30,3,-30000.0,demand,2026-08-31T17:47:02.348201+00:00
9b986840-71f7-4a00-8826-b389e3017e65,fUST,0.0001266,13,1,-62599.15934255,demand,2026-08-31T17:47:02.348201+00:00
9b986840-71f7-4a00-8826-b389e3017e65,fUST,0.000126,15,5,-45000.0,demand,2026-08-31T17:47:02.348201+00:00
9b986840-71f7-4a00-8826-b389e3017e65,fUST,0.000125,14,22,-87434.04490168,demand,2026-08-31T17:47:02.348201+00:00
9b986840-71f7-4a00-8826-b389e3017e65,fUST,0.0001225,59,1,-95000.0,demand,2026-08-31T17:47:02.348201+00:00
9b986840-71f7-4a00-8826-b389e3017e65,fUST,0.0001222,29,1,-194504.86890568,demand,2026-08-31T17:47:02.348201+00:00
9b986840-71f7-4a00-8826-b389e3017e65,fUST,0.00017953,2,12,3600.0,offer,2026-08-31T17:47:02.348201+00:00
9b986840-71f7-4a00-8826-b389e3017e65,fUST,0.00018118719178082193,2,2,691.40671045,offer,2026-08-31T17:47:02.348201+00:00
9b986840-71f7-4a00-8826-b389e3017e65,fUST,0.00018123445205479456,2,18,8527.13797166,offer,2026-08-31T17:47:02.348201+00:00
9b986840-71f7-4a00-8826-b389e3017e65,fUST,0.00018478082191780823,2,1,488.41279481,offer,2026-08-31T17:47:02.348201+00:00
9b986840-71f7-4a00-8826-b389e3017e65,fUST,0.00018492602739726027,2,1,303.33208859,offer,2026-08-31T17:47:02.348201+00:00
9b986840-71f7-4a00-8826-b389e3017e65,fUST,0.0001849315068493151,3,1,202.0,offer,2026-08-31T17:47:02.348201+00:00
9b986840-71f7-4a00-8826-b389e3017e65,fUST,0.0001868608,2,1,169.172148,offer,2026-08-31T17:47:02.348201+00:00
9b986840-71f7-4a00-8826-b389e3017e65,fUST,0.0001868875,2,1,373.6150148,offer,2026-08-31T17:47:02.348201+00:00
9b986840-71f7-4a00-8826-b389e3017e65,fUST,0.0001886183,2,1,168.628211,offer,2026-08-31T17:47:02.348201+00:00
9b986840-71f7-4a00-8826-b389e3017e65,fUST,0.000191782,2,1,329.4612541,offer,2026-08-31T17:47:02.348201+00:00
9b986840-71f7-4a00-8826-b389e3017e65,fUST,0.0001943,2,1,720.0,offer,2026-08-31T17:47:02.348201+00:00
9b986840-71f7-4a00-8826-b389e3017e65,fUST,0.000195744,2,2,639.0,offer,2026-08-31T17:47:02.348201+00:00
9b986840-71f7-4a00-8826-b389e3017e65,fUST,0.00019699,2,1,1000.0,offer,2026-08-31T17:47:02.348201+00:00
9b986840-71f7-4a00-8826-b389e3017e65,fUST,0.00019728,2,1,1000.0,offer,2026-08-31T17:47:02.348201+00:00
9b986840-71f7-4a00-8826-b389e3017e65,fUST,0.00019748,2,1,1000.0,offer,2026-08-31T17:47:02.348201+00:00
9b986840-71f7-4a00-8826-b389e3017e65,fUST,0.00019908,2,1,183.0,offer,2026-08-31T17:47:02.348201+00:00
9b986840-71f7-4a00-8826-b389e3017e65,fUST,0.00019985,2,1,268.1667619,offer,2026-08-31T17:47:02.348201+00:00
9b986840-71f7-4a00-8826-b389e3017e65,fUST,0.00019986,2,1,1000.0,offer,2026-08-31T17:47:02.348201+00:00
9b986840-71f7-4a00-8826-b389e3017e65,fUST,0.0002,2,1,5000.0,offer,2026-08-31T17:47:02.348201+00:00
9b986840-71f7-4a00-8826-b389e3017e65,fUST,0.00020007,2,1,500.0,offer,2026-08-31T17:47:02.348201+00:00
9b986840-71f7-4a00-8826-b389e3017e65,fUST,0.00020007123287671234,2,1,500.0,offer,2026-08-31T17:47:02.348201+00:00
9b986840-71f7-4a00-8826-b389e3017e65,fUST,0.0002000763333333333,2,6,1559.80460762,offer,2026-08-31T17:47:02.348201+00:00
9b986840-71f7-4a00-8826-b389e3017e65,fUST,0.00020052,2,1,1000.0,offer,2026-08-31T17:47:02.348201+00:00
9b986840-71f7-4a00-8826-b389e3017e65,fUST,0.00020124,2,1,1000.0,offer,2026-08-31T17:47:02.348201+00:00
9b986840-71f7-4a00-8826-b389e3017e65,fUST,0.0002023,2,1,1000.0,offer,2026-08-31T17:47:02.348201+00:00
7e6809ee-fb98-4366-92eb-8b57bfa9bd50,fUST,0.0002671232876712329,120,1,-2936126.74200521,demand,2026-08-31T18:47:01.927789+00:00
7e6809ee-fb98-4366-92eb-8b57bfa9bd50,fUST,0.000267123287,120,1,-243.95,demand,2026-08-31T18:47:01.927789+00:00
7e6809ee-fb98-4366-92eb-8b57bfa9bd50,fUST,0.000249589041,120,1,-1000.0,demand,2026-08-31T18:47:01.927789+00:00
7e6809ee-fb98-4366-92eb-8b57bfa9bd50,fUST,0.000247980821,120,1,-56568.59382046,demand,2026-08-31T18:47:01.927789+00:00
7e6809ee-fb98-4366-92eb-8b57bfa9bd50,fUST,0.00023954246575342466,120,1,-3169307.43043714,demand,2026-08-31T18:47:01.927789+00:00
7e6809ee-fb98-4366-92eb-8b57bfa9bd50,fUST,0.00016,120,1,-2000.0,demand,2026-08-31T18:47:01.927789+00:00
7e6809ee-fb98-4366-92eb-8b57bfa9bd50,fUST,0.00016,60,18,-401887.3851215,demand,2026-08-31T18:47:01.927789+00:00
7e6809ee-fb98-4366-92eb-8b57bfa9bd50,fUST,0.00015,90,1,-2000.0,demand,2026-08-31T18:47:01.927789+00:00
7e6809ee-fb98-4366-92eb-8b57bfa9bd50,fUST,0.00015,120,1,-300000.0,demand,2026-08-31T18:47:01.927789+00:00
7e6809ee-fb98-4366-92eb-8b57bfa9bd50,fUST,0.00015,45,3,-13845.272985,demand,2026-08-31T18:47:01.927789+00:00
7e6809ee-fb98-4366-92eb-8b57bfa9bd50,fUST,0.00015,60,1,-28000.0,demand,2026-08-31T18:47:01.927789+00:00
7e6809ee-fb98-4366-92eb-8b57bfa9bd50,fUST,0.00015,30,10,-28818.0,demand,2026-08-31T18:47:01.927789+00:00
7e6809ee-fb98-4366-92eb-8b57bfa9bd50,fUST,0.000148,30,4,-20000.0,demand,2026-08-31T18:47:01.927789+00:00
7e6809ee-fb98-4366-92eb-8b57bfa9bd50,fUST,0.0001421,45,9,-80000.0,demand,2026-08-31T18:47:01.927789+00:00
7e6809ee-fb98-4366-92eb-8b57bfa9bd50,fUST,0.000142,45,2,-20000.0,demand,2026-08-31T18:47:01.927789+00:00
7e6809ee-fb98-4366-92eb-8b57bfa9bd50,fUST,0.0001401,30,11,-147973.68632078,demand,2026-08-31T18:47:01.927789+00:00
7e6809ee-fb98-4366-92eb-8b57bfa9bd50,fUST,0.00014000000000000001,30,1,-28000.0,demand,2026-08-31T18:47:01.927789+00:00
7e6809ee-fb98-4366-92eb-8b57bfa9bd50,fUST,0.000138,20,6,-49626.52669917,demand,2026-08-31T18:47:01.927789+00:00
7e6809ee-fb98-4366-92eb-8b57bfa9bd50,fUST,0.000136,30,3,-19544.22120933,demand,2026-08-31T18:47:01.927789+00:00
7e6809ee-fb98-4366-92eb-8b57bfa9bd50,fUST,0.000128,30,3,-30000.0,demand,2026-08-31T18:47:01.927789+00:00
7e6809ee-fb98-4366-92eb-8b57bfa9bd50,fUST,0.0001266,13,1,-62599.15934255,demand,2026-08-31T18:47:01.927789+00:00
7e6809ee-fb98-4366-92eb-8b57bfa9bd50,fUST,0.000126,15,5,-45000.0,demand,2026-08-31T18:47:01.927789+00:00
7e6809ee-fb98-4366-92eb-8b57bfa9bd50,fUST,0.000125,14,22,-87434.04490168,demand,2026-08-31T18:47:01.927789+00:00
7e6809ee-fb98-4366-92eb-8b57bfa9bd50,fUST,0.0001225,59,1,-95000.0,demand,2026-08-31T18:47:01.927789+00:00
7e6809ee-fb98-4366-92eb-8b57bfa9bd50,fUST,0.0001222,29,1,-194504.86890568,demand,2026-08-31T18:47:01.927789+00:00
7e6809ee-fb98-4366-92eb-8b57bfa9bd50,fUST,0.00015676,2,1,151.0,offer,2026-08-31T18:47:01.927789+00:00
7e6809ee-fb98-4366-92eb-8b57bfa9bd50,fUST,0.00015834,2,1,151.0,offer,2026-08-31T18:47:01.927789+00:00
7e6809ee-fb98-4366-92eb-8b57bfa9bd50,fUST,0.0001599433,2,1,151.0,offer,2026-08-31T18:47:01.927789+00:00
7e6809ee-fb98-4366-92eb-8b57bfa9bd50,fUST,0.000166558904109589,2,1,297.45904702,offer,2026-08-31T18:47:01.927789+00:00
7e6809ee-fb98-4366-92eb-8b57bfa9bd50,fUST,0.00016768054452054795,2,1,156.14022107,offer,2026-08-31T18:47:01.927789+00:00
7e6809ee-fb98-4366-92eb-8b57bfa9bd50,fUST,0.00017576510273972602,2,2,540.44960401,offer,2026-08-31T18:47:01.927789+00:00
7e6809ee-fb98-4366-92eb-8b57bfa9bd50,fUST,0.00018115480821917807,2,5,1477.81388269,offer,2026-08-31T18:47:01.927789+00:00
7e6809ee-fb98-4366-92eb-8b57bfa9bd50,fUST,0.0001826843,2,5,2568.83871413,offer,2026-08-31T18:47:01.927789+00:00
7e6809ee-fb98-4366-92eb-8b57bfa9bd50,fUST,0.0001826943,2,1,3476.4012786,offer,2026-08-31T18:47:01.927789+00:00
7e6809ee-fb98-4366-92eb-8b57bfa9bd50,fUST,0.0001844047,2,1,262.536718,offer,2026-08-31T18:47:01.927789+00:00
7e6809ee-fb98-4366-92eb-8b57bfa9bd50,fUST,0.00018474794520547945,2,4,1134.64743972,offer,2026-08-31T18:47:01.927789+00:00
7e6809ee-fb98-4366-92eb-8b57bfa9bd50,fUST,0.00018791764749999994,2,1,6184.60591558,offer,2026-08-31T18:47:01.927789+00:00
7e6809ee-fb98-4366-92eb-8b57bfa9bd50,fUST,0.00018841,2,1,169.84344139,offer,2026-08-31T18:47:01.927789+00:00
7e6809ee-fb98-4366-92eb-8b57bfa9bd50,fUST,0.00018842,2,15,4500.0,offer,2026-08-31T18:47:01.927789+00:00
7e6809ee-fb98-4366-92eb-8b57bfa9bd50,fUST,0.0001886111,2,1,1843.48959119,offer,2026-08-31T18:47:01.927789+00:00
7e6809ee-fb98-4366-92eb-8b57bfa9bd50,fUST,0.0001899875,2,1,177.52467,offer,2026-08-31T18:47:01.927789+00:00
7e6809ee-fb98-4366-92eb-8b57bfa9bd50,fUST,0.00019198999999999998,20,1,168.91017636,offer,2026-08-31T18:47:01.927789+00:00
7e6809ee-fb98-4366-92eb-8b57bfa9bd50,fUST,0.00019218,2,1,600.0,offer,2026-08-31T18:47:01.927789+00:00
7e6809ee-fb98-4366-92eb-8b57bfa9bd50,fUST,0.00019376314,2,1,1340.21560801,offer,2026-08-31T18:47:01.927789+00:00
7e6809ee-fb98-4366-92eb-8b57bfa9bd50,fUST,0.000194077,2,3,836.626,offer,2026-08-31T18:47:01.927789+00:00
7e6809ee-fb98-4366-92eb-8b57bfa9bd50,fUST,0.00019780804999999996,2,1,172.376,offer,2026-08-31T18:47:01.927789+00:00
7e6809ee-fb98-4366-92eb-8b57bfa9bd50,fUST,0.00019781,2,1,353.109,offer,2026-08-31T18:47:01.927789+00:00
7e6809ee-fb98-4366-92eb-8b57bfa9bd50,fUST,0.00019989,2,1,1000.0,offer,2026-08-31T18:47:01.927789+00:00
7e6809ee-fb98-4366-92eb-8b57bfa9bd50,fUST,0.00019999,2,59,328411.18903822,offer,2026-08-31T18:47:01.927789+00:00
7e6809ee-fb98-4366-92eb-8b57bfa9bd50,fUST,0.0002,5,1,3226.62291516,offer,2026-08-31T18:47:01.927789+00:00
29224264-99a0-40df-be34-2dca4dbbffd4,fUST,0.0002671232876712329,120,1,-2936126.74200521,demand,2026-08-31T19:47:02.283369+00:00
29224264-99a0-40df-be34-2dca4dbbffd4,fUST,0.000267123287,120,1,-243.95,demand,2026-08-31T19:47:02.283369+00:00
29224264-99a0-40df-be34-2dca4dbbffd4,fUST,0.000249652054,120,1,-1000.0,demand,2026-08-31T19:47:02.283369+00:00
29224264-99a0-40df-be34-2dca4dbbffd4,fUST,0.000249589041,120,1,-1000.0,demand,2026-08-31T19:47:02.283369+00:00
29224264-99a0-40df-be34-2dca4dbbffd4,fUST,0.000247980821,120,1,-56568.59382046,demand,2026-08-31T19:47:02.283369+00:00
29224264-99a0-40df-be34-2dca4dbbffd4,fUST,0.00023966301369863013,120,1,-3169307.43043714,demand,2026-08-31T19:47:02.283369+00:00
29224264-99a0-40df-be34-2dca4dbbffd4,fUST,0.00019071,2,6,-107128.32829164,demand,2026-08-31T19:47:02.283369+00:00
29224264-99a0-40df-be34-2dca4dbbffd4,fUST,0.00016,120,1,-2000.0,demand,2026-08-31T19:47:02.283369+00:00
29224264-99a0-40df-be34-2dca4dbbffd4,fUST,0.00016,60,18,-401887.3851215,demand,2026-08-31T19:47:02.283369+00:00
29224264-99a0-40df-be34-2dca4dbbffd4,fUST,0.00015,90,1,-2000.0,demand,2026-08-31T19:47:02.283369+00:00
29224264-99a0-40df-be34-2dca4dbbffd4,fUST,0.00015,120,1,-300000.0,demand,2026-08-31T19:47:02.283369+00:00
29224264-99a0-40df-be34-2dca4dbbffd4,fUST,0.00015,45,3,-13845.272985,demand,2026-08-31T19:47:02.283369+00:00
29224264-99a0-40df-be34-2dca4dbbffd4,fUST,0.00015,60,1,-28000.0,demand,2026-08-31T19:47:02.283369+00:00
29224264-99a0-40df-be34-2dca4dbbffd4,fUST,0.00015,30,10,-28818.0,demand,2026-08-31T19:47:02.283369+00:00
29224264-99a0-40df-be34-2dca4dbbffd4,fUST,0.000148,30,4,-20000.0,demand,2026-08-31T19:47:02.283369+00:00
29224264-99a0-40df-be34-2dca4dbbffd4,fUST,0.0001421,45,9,-80000.0,demand,2026-08-31T19:47:02.283369+00:00
29224264-99a0-40df-be34-2dca4dbbffd4,fUST,0.000142,45,2,-20000.0,demand,2026-08-31T19:47:02.283369+00:00
29224264-99a0-40df-be34-2dca4dbbffd4,fUST,0.0001401,30,11,-147973.68632078,demand,2026-08-31T19:47:02.283369+00:00
29224264-99a0-40df-be34-2dca4dbbffd4,fUST,0.00014000000000000001,30,1,-28000.0,demand,2026-08-31T19:47:02.283369+00:00
29224264-99a0-40df-be34-2dca4dbbffd4,fUST,0.000138,20,6,-49626.52669917,demand,2026-08-31T19:47:02.283369+00:00
29224264-99a0-40df-be34-2dca4dbbffd4,fUST,0.000136,30,3,-19544.22120933,demand,2026-08-31T19:47:02.283369+00:00
29224264-99a0-40df-be34-2dca4dbbffd4,fUST,0.000128,30,3,-30000.0,demand,2026-08-31T19:47:02.283369+00:00
29224264-99a0-40df-be34-2dca4dbbffd4,fUST,0.0001266,13,1,-55503.67742724,demand,2026-08-31T19:47:02.283369+00:00
29224264-99a0-40df-be34-2dca4dbbffd4,fUST,0.000126,15,5,-45000.0,demand,2026-08-31T19:47:02.283369+00:00
29224264-99a0-40df-be34-2dca4dbbffd4,fUST,0.000125,14,22,-87434.04490168,demand,2026-08-31T19:47:02.283369+00:00
29224264-99a0-40df-be34-2dca4dbbffd4,fUST,0.0001635833,2,1,160.898603,offer,2026-08-31T19:47:02.283369+00:00
29224264-99a0-40df-be34-2dca4dbbffd4,fUST,0.00017160000000000002,2,130,106234.6464739,offer,2026-08-31T19:47:02.283369+00:00
29224264-99a0-40df-be34-2dca4dbbffd4,fUST,0.00017161000000000002,2,5,52643.37942559,offer,2026-08-31T19:47:02.283369+00:00
29224264-99a0-40df-be34-2dca4dbbffd4,fUST,0.00017162000000000001,2,6,65257.68447197,offer,2026-08-31T19:47:02.283369+00:00
29224264-99a0-40df-be34-2dca4dbbffd4,fUST,0.00017164,2,1,248.19126669,offer,2026-08-31T19:47:02.283369+00:00
29224264-99a0-40df-be34-2dca4dbbffd4,fUST,0.00017337,2,2,997.79339636,offer,2026-08-31T19:47:02.283369+00:00
29224264-99a0-40df-be34-2dca4dbbffd4,fUST,0.000173421,2,1,9116.1375358,offer,2026-08-31T19:47:02.283369+00:00
29224264-99a0-40df-be34-2dca4dbbffd4,fUST,0.0001735833,2,1,201.42359698,offer,2026-08-31T19:47:02.283369+00:00
29224264-99a0-40df-be34-2dca4dbbffd4,fUST,0.0001750342589041096,2,1,160.898603,offer,2026-08-31T19:47:02.283369+00:00
29224264-99a0-40df-be34-2dca4dbbffd4,fUST,0.00017590222602739726,2,1,192.13818331,offer,2026-08-31T19:47:02.283369+00:00
29224264-99a0-40df-be34-2dca4dbbffd4,fUST,0.00017684,2,16,5100.0,offer,2026-08-31T19:47:02.283369+00:00
29224264-99a0-40df-be34-2dca4dbbffd4,fUST,0.00017786874694931506,2,1,176.117752,offer,2026-08-31T19:47:02.283369+00:00
29224264-99a0-40df-be34-2dca4dbbffd4,fUST,0.00018129513698630136,2,1,384.27636661,offer,2026-08-31T19:47:02.283369+00:00
29224264-99a0-40df-be34-2dca4dbbffd4,fUST,0.0001848958904109589,2,1,354.68313549,offer,2026-08-31T19:47:02.283369+00:00
29224264-99a0-40df-be34-2dca4dbbffd4,fUST,0.00018676025379863015,2,1,176.117752,offer,2026-08-31T19:47:02.283369+00:00
29224264-99a0-40df-be34-2dca4dbbffd4,fUST,0.00018998,2,1,34867.82395688,offer,2026-08-31T19:47:02.283369+00:00
29224264-99a0-40df-be34-2dca4dbbffd4,fUST,0.00019,20,1,217.10764068,offer,2026-08-31T19:47:02.283369+00:00
29224264-99a0-40df-be34-2dca4dbbffd4,fUST,0.0001906849315068493,3,1,211.75026846,offer,2026-08-31T19:47:02.283369+00:00
29224264-99a0-40df-be34-2dca4dbbffd4,fUST,0.00019071,2,1,5000.0,offer,2026-08-31T19:47:02.283369+00:00
29224264-99a0-40df-be34-2dca4dbbffd4,fUST,0.00019178,2,1,300.0,offer,2026-08-31T19:47:02.283369+00:00
29224264-99a0-40df-be34-2dca4dbbffd4,fUST,0.00019279,30,1,2920.80037658,offer,2026-08-31T19:47:02.283369+00:00
29224264-99a0-40df-be34-2dca4dbbffd4,fUST,0.00019452,2,1,720.0,offer,2026-08-31T19:47:02.283369+00:00
29224264-99a0-40df-be34-2dca4dbbffd4,fUST,0.000195,2,1,3150.0,offer,2026-08-31T19:47:02.283369+00:00
29224264-99a0-40df-be34-2dca4dbbffd4,fUST,0.0001956517606479452,2,1,176.117752,offer,2026-08-31T19:47:02.283369+00:00
29224264-99a0-40df-be34-2dca4dbbffd4,fUST,0.00019651,2,1,434.907,offer,2026-08-31T19:47:02.283369+00:00
2f625ff6-2ea0-49f4-858d-0054dca602ed,fUST,0.0002671232876712329,120,1,-2936126.74200521,demand,2026-08-31T20:47:01.689134+00:00
2f625ff6-2ea0-49f4-858d-0054dca602ed,fUST,0.000267123287,120,1,-243.95,demand,2026-08-31T20:47:01.689134+00:00
2f625ff6-2ea0-49f4-858d-0054dca602ed,fUST,0.000249652054,120,1,-1000.0,demand,2026-08-31T20:47:01.689134+00:00
2f625ff6-2ea0-49f4-858d-0054dca602ed,fUST,0.000249589041,120,1,-1000.0,demand,2026-08-31T20:47:01.689134+00:00
2f625ff6-2ea0-49f4-858d-0054dca602ed,fUST,0.000247980821,120,1,-56568.59382046,demand,2026-08-31T20:47:01.689134+00:00
2f625ff6-2ea0-49f4-858d-0054dca602ed,fUST,0.0002396,120,1,-3164307.43043714,demand,2026-08-31T20:47:01.689134+00:00
2f625ff6-2ea0-49f4-858d-0054dca602ed,fUST,0.00016,120,1,-2000.0,demand,2026-08-31T20:47:01.689134+00:00
2f625ff6-2ea0-49f4-858d-0054dca602ed,fUST,0.00016,60,18,-401887.3851215,demand,2026-08-31T20:47:01.689134+00:00
2f625ff6-2ea0-49f4-858d-0054dca602ed,fUST,0.00015,90,1,-2000.0,demand,2026-08-31T20:47:01.689134+00:00
2f625ff6-2ea0-49f4-858d-0054dca602ed,fUST,0.00015,120,1,-300000.0,demand,2026-08-31T20:47:01.689134+00:00
2f625ff6-2ea0-49f4-858d-0054dca602ed,fUST,0.00015,45,3,-13845.272985,demand,2026-08-31T20:47:01.689134+00:00
2f625ff6-2ea0-49f4-858d-0054dca602ed,fUST,0.00015,60,1,-28000.0,demand,2026-08-31T20:47:01.689134+00:00
2f625ff6-2ea0-49f4-858d-0054dca602ed,fUST,0.00015,30,10,-28818.0,demand,2026-08-31T20:47:01.689134+00:00
2f625ff6-2ea0-49f4-858d-0054dca602ed,fUST,0.000148,30,4,-20000.0,demand,2026-08-31T20:47:01.689134+00:00
2f625ff6-2ea0-49f4-858d-0054dca602ed,fUST,0.0001421,45,9,-80000.0,demand,2026-08-31T20:47:01.689134+00:00
2f625ff6-2ea0-49f4-858d-0054dca602ed,fUST,0.000142,45,2,-20000.0,demand,2026-08-31T20:47:01.689134+00:00
2f625ff6-2ea0-49f4-858d-0054dca602ed,fUST,0.0001401,30,11,-147973.68632078,demand,2026-08-31T20:47:01.689134+00:00
2f625ff6-2ea0-49f4-858d-0054dca602ed,fUST,0.00014000000000000001,30,1,-28000.0,demand,2026-08-31T20:47:01.689134+00:00
2f625ff6-2ea0-49f4-858d-0054dca602ed,fUST,0.000138,20,6,-49626.52669917,demand,2026-08-31T20:47:01.689134+00:00
2f625ff6-2ea0-49f4-858d-0054dca602ed,fUST,0.000136,30,3,-19544.22120933,demand,2026-08-31T20:47:01.689134+00:00
2f625ff6-2ea0-49f4-858d-0054dca602ed,fUST,0.000128,30,3,-30000.0,demand,2026-08-31T20:47:01.689134+00:00
2f625ff6-2ea0-49f4-858d-0054dca602ed,fUST,0.0001266,13,1,-55503.67742724,demand,2026-08-31T20:47:01.689134+00:00
2f625ff6-2ea0-49f4-858d-0054dca602ed,fUST,0.000126,15,5,-45000.0,demand,2026-08-31T20:47:01.689134+00:00
2f625ff6-2ea0-49f4-858d-0054dca602ed,fUST,0.000125,14,22,-87434.04490168,demand,2026-08-31T20:47:01.689134+00:00
2f625ff6-2ea0-49f4-858d-0054dca602ed,fUST,0.0001225,59,1,-95000.0,demand,2026-08-31T20:47:01.689134+00:00
2f625ff6-2ea0-49f4-858d-0054dca602ed,fUST,0.00018994000000000004,2,21,10029.60236794,offer,2026-08-31T20:47:01.689134+00:00
2f625ff6-2ea0-49f4-858d-0054dca602ed,fUST,0.00018999,2,1,500.0,offer,2026-08-31T20:47:01.689134+00:00
2f625ff6-2ea0-49f4-858d-0054dca602ed,fUST,0.00019,2,1,33131.35268605,offer,2026-08-31T20:47:01.689134+00:00
2f625ff6-2ea0-49f4-858d-0054dca602ed,fUST,0.00019027397260273975,2,1,162.59158936,offer,2026-08-31T20:47:01.689134+00:00
2f625ff6-2ea0-49f4-858d-0054dca602ed,fUST,0.00019038356165,2,1,151.0,offer,2026-08-31T20:47:01.689134+00:00
2f625ff6-2ea0-49f4-858d-0054dca602ed,fUST,0.00019050684933,2,1,151.0,offer,2026-08-31T20:47:01.689134+00:00
2f625ff6-2ea0-49f4-858d-0054dca602ed,fUST,0.00019066,4,1,15642.75572403,offer,2026-08-31T20:47:01.689134+00:00
2f625ff6-2ea0-49f4-858d-0054dca602ed,fUST,0.00019066,2,16,148569.64932462,offer,2026-08-31T20:47:01.689134+00:00
2f625ff6-2ea0-49f4-858d-0054dca602ed,fUST,0.0001907,2,16,8541.55791773,offer,2026-08-31T20:47:01.689134+00:00
2f625ff6-2ea0-49f4-858d-0054dca602ed,fUST,0.00019071,2,2,5196.58028395,offer,2026-08-31T20:47:01.689134+00:00
2f625ff6-2ea0-49f4-858d-0054dca602ed,fUST,0.00019128,2,2,341.38183422,offer,2026-08-31T20:47:01.689134+00:00
2f625ff6-2ea0-49f4-858d-0054dca602ed,fUST,0.00019177,7,3,1494.78038282,offer,2026-08-31T20:47:01.689134+00:00
2f625ff6-2ea0-49f4-858d-0054dca602ed,fUST,0.00019178,2,1,500.0,offer,2026-08-31T20:47:01.689134+00:00
2f625ff6-2ea0-49f4-858d-0054dca602ed,fUST,0.00019227397260273974,2,1,186.86678281,offer,2026-08-31T20:47:01.689134+00:00
2f625ff6-2ea0-49f4-858d-0054dca602ed,fUST,0.0001923312,7,2,1008.01608258,offer,2026-08-31T20:47:01.689134+00:00
2f625ff6-2ea0-49f4-858d-0054dca602ed,fUST,0.00019279,30,1,2920.80037658,offer,2026-08-31T20:47:01.689134+00:00
2f625ff6-2ea0-49f4-858d-0054dca602ed,fUST,0.00019377,2,1,600.0,offer,2026-08-31T20:47:01.689134+00:00
2f625ff6-2ea0-49f4-858d-0054dca602ed,fUST,0.00019451,2,15,4500.0,offer,2026-08-31T20:47:01.689134+00:00
2f625ff6-2ea0-49f4-858d-0054dca602ed,fUST,0.00019499,2,1,500.0,offer,2026-08-31T20:47:01.689134+00:00
2f625ff6-2ea0-49f4-858d-0054dca602ed,fUST,0.000195,2,1,3150.0,offer,2026-08-31T20:47:01.689134+00:00
2f625ff6-2ea0-49f4-858d-0054dca602ed,fUST,0.00019563,2,1,192.247935,offer,2026-08-31T20:47:01.689134+00:00
2f625ff6-2ea0-49f4-858d-0054dca602ed,fUST,0.00019603128127460378,2,1,1517.86747202,offer,2026-08-31T20:47:01.689134+00:00
2f625ff6-2ea0-49f4-858d-0054dca602ed,fUST,0.00019647,2,1,434.907,offer,2026-08-31T20:47:01.689134+00:00
2f625ff6-2ea0-49f4-858d-0054dca602ed,fUST,0.00019675999999999998,2,1,154.15044901,offer,2026-08-31T20:47:01.689134+00:00
2f625ff6-2ea0-49f4-858d-0054dca602ed,fUST,0.000197,2,1,431.07944663,offer,2026-08-31T20:47:01.689134+00:00
7d0fa748-79a4-4d45-a219-b9a5cee97b7e,fUST,0.0002671232876712329,120,1,-2936126.74200521,demand,2026-08-31T21:47:02.208421+00:00
7d0fa748-79a4-4d45-a219-b9a5cee97b7e,fUST,0.000267123287,120,1,-243.95,demand,2026-08-31T21:47:02.208421+00:00
7d0fa748-79a4-4d45-a219-b9a5cee97b7e,fUST,0.000249652054,120,1,-1000.0,demand,2026-08-31T21:47:02.208421+00:00
7d0fa748-79a4-4d45-a219-b9a5cee97b7e,fUST,0.000249589041,120,1,-1000.0,demand,2026-08-31T21:47:02.208421+00:00
7d0fa748-79a4-4d45-a219-b9a5cee97b7e,fUST,0.000247980821,120,1,-56568.59382046,demand,2026-08-31T21:47:02.208421+00:00
7d0fa748-79a4-4d45-a219-b9a5cee97b7e,fUST,0.00023956986301369864,120,1,-3164307.43043714,demand,2026-08-31T21:47:02.208421+00:00
7d0fa748-79a4-4d45-a219-b9a5cee97b7e,fUST,0.00016,120,1,-2000.0,demand,2026-08-31T21:47:02.208421+00:00
7d0fa748-79a4-4d45-a219-b9a5cee97b7e,fUST,0.00016,60,18,-401887.3851215,demand,2026-08-31T21:47:02.208421+00:00
7d0fa748-79a4-4d45-a219-b9a5cee97b7e,fUST,0.00015,90,1,-2000.0,demand,2026-08-31T21:47:02.208421+00:00
7d0fa748-79a4-4d45-a219-b9a5cee97b7e,fUST,0.00015,120,1,-300000.0,demand,2026-08-31T21:47:02.208421+00:00
7d0fa748-79a4-4d45-a219-b9a5cee97b7e,fUST,0.00015,45,3,-13845.272985,demand,2026-08-31T21:47:02.208421+00:00
7d0fa748-79a4-4d45-a219-b9a5cee97b7e,fUST,0.00015,60,1,-28000.0,demand,2026-08-31T21:47:02.208421+00:00
7d0fa748-79a4-4d45-a219-b9a5cee97b7e,fUST,0.00015,30,10,-28818.0,demand,2026-08-31T21:47:02.208421+00:00
7d0fa748-79a4-4d45-a219-b9a5cee97b7e,fUST,0.000148,30,4,-20000.0,demand,2026-08-31T21:47:02.208421+00:00
7d0fa748-79a4-4d45-a219-b9a5cee97b7e,fUST,0.0001421,45,9,-80000.0,demand,2026-08-31T21:47:02.208421+00:00
7d0fa748-79a4-4d45-a219-b9a5cee97b7e,fUST,0.000142,45,2,-20000.0,demand,2026-08-31T21:47:02.208421+00:00
7d0fa748-79a4-4d45-a219-b9a5cee97b7e,fUST,0.0001401,30,11,-147973.68632078,demand,2026-08-31T21:47:02.208421+00:00
7d0fa748-79a4-4d45-a219-b9a5cee97b7e,fUST,0.00014000000000000001,30,1,-28000.0,demand,2026-08-31T21:47:02.208421+00:00
7d0fa748-79a4-4d45-a219-b9a5cee97b7e,fUST,0.000138,20,6,-49626.52669917,demand,2026-08-31T21:47:02.208421+00:00
7d0fa748-79a4-4d45-a219-b9a5cee97b7e,fUST,0.000136,30,3,-19544.22120933,demand,2026-08-31T21:47:02.208421+00:00
7d0fa748-79a4-4d45-a219-b9a5cee97b7e,fUST,0.000128,30,3,-30000.0,demand,2026-08-31T21:47:02.208421+00:00
7d0fa748-79a4-4d45-a219-b9a5cee97b7e,fUST,0.0001266,13,1,-55503.67742724,demand,2026-08-31T21:47:02.208421+00:00
7d0fa748-79a4-4d45-a219-b9a5cee97b7e,fUST,0.000126,15,5,-45000.0,demand,2026-08-31T21:47:02.208421+00:00
7d0fa748-79a4-4d45-a219-b9a5cee97b7e,fUST,0.000125,14,22,-87434.04490168,demand,2026-08-31T21:47:02.208421+00:00
7d0fa748-79a4-4d45-a219-b9a5cee97b7e,fUST,0.0001225,59,1,-95000.0,demand,2026-08-31T21:47:02.208421+00:00
7d0fa748-79a4-4d45-a219-b9a5cee97b7e,fUST,0.00017901,2,1,230.977516,offer,2026-08-31T21:47:02.208421+00:00
7d0fa748-79a4-4d45-a219-b9a5cee97b7e,fUST,0.00017972602739726028,3,1,161.0,offer,2026-08-31T21:47:02.208421+00:00
7d0fa748-79a4-4d45-a219-b9a5cee97b7e,fUST,0.0001826442,2,1,230.977516,offer,2026-08-31T21:47:02.208421+00:00
7d0fa748-79a4-4d45-a219-b9a5cee97b7e,fUST,0.0001829134944,2,1,826.6498665,offer,2026-08-31T21:47:02.208421+00:00
7d0fa748-79a4-4d45-a219-b9a5cee97b7e,fUST,0.00018893,2,1,924.55116869,offer,2026-08-31T21:47:02.208421+00:00
7d0fa748-79a4-4d45-a219-b9a5cee97b7e,fUST,0.00018927397260273975,2,1,329.69517001,offer,2026-08-31T21:47:02.208421+00:00
7d0fa748-79a4-4d45-a219-b9a5cee97b7e,fUST,0.00019030136987,2,1,466.2595699,offer,2026-08-31T21:47:02.208421+00:00
7d0fa748-79a4-4d45-a219-b9a5cee97b7e,fUST,0.00019035342467,2,2,797.3938563,offer,2026-08-31T21:47:02.208421+00:00
7d0fa748-79a4-4d45-a219-b9a5cee97b7e,fUST,0.0001907,2,2,715.27110787,offer,2026-08-31T21:47:02.208421+00:00
7d0fa748-79a4-4d45-a219-b9a5cee97b7e,fUST,0.00019134246575342465,4,4,1116.59,offer,2026-08-31T21:47:02.208421+00:00
7d0fa748-79a4-4d45-a219-b9a5cee97b7e,fUST,0.00019177,2,2,391.38051282,offer,2026-08-31T21:47:02.208421+00:00
7d0fa748-79a4-4d45-a219-b9a5cee97b7e,fUST,0.00019178,2,1,500.0,offer,2026-08-31T21:47:02.208421+00:00
7d0fa748-79a4-4d45-a219-b9a5cee97b7e,fUST,0.000192674326,2,1,158.84814761,offer,2026-08-31T21:47:02.208421+00:00
7d0fa748-79a4-4d45-a219-b9a5cee97b7e,fUST,0.00019277,2,1,297.94740251,offer,2026-08-31T21:47:02.208421+00:00
7d0fa748-79a4-4d45-a219-b9a5cee97b7e,fUST,0.00019278,2,3,8053.647096,offer,2026-08-31T21:47:02.208421+00:00
7d0fa748-79a4-4d45-a219-b9a5cee97b7e,fUST,0.00019279,2,53,281319.11304629,offer,2026-08-31T21:47:02.208421+00:00
7d0fa748-79a4-4d45-a219-b9a5cee97b7e,fUST,0.00019371,2,7,3495.54409696,offer,2026-08-31T21:47:02.208421+00:00
7d0fa748-79a4-4d45-a219-b9a5cee97b7e,fUST,0.00019377,2,1,600.0,offer,2026-08-31T21:47:02.208421+00:00
7d0fa748-79a4-4d45-a219-b9a5cee97b7e,fUST,0.00019414,2,1,192.247935,offer,2026-08-31T21:47:02.208421+00:00
7d0fa748-79a4-4d45-a219-b9a5cee97b7e,fUST,0.00019451,2,15,4500.0,offer,2026-08-31T21:47:02.208421+00:00
7d0fa748-79a4-4d45-a219-b9a5cee97b7e,fUST,0.000195,2,1,3150.0,offer,2026-08-31T21:47:02.208421+00:00
7d0fa748-79a4-4d45-a219-b9a5cee97b7e,fUST,0.00019644,2,1,495.041,offer,2026-08-31T21:47:02.208421+00:00
7d0fa748-79a4-4d45-a219-b9a5cee97b7e,fUST,0.000197,2,1,431.07944663,offer,2026-08-31T21:47:02.208421+00:00
7d0fa748-79a4-4d45-a219-b9a5cee97b7e,fUST,0.0001977,2,1,5257.82,offer,2026-08-31T21:47:02.208421+00:00
7d0fa748-79a4-4d45-a219-b9a5cee97b7e,fUST,0.00019798800000000002,7,1,849.08305112,offer,2026-08-31T21:47:02.208421+00:00
239d0115-c238-476b-bf73-b596f264b5e8,fUST,0.0002671232876712329,120,1,-2936126.74200521,demand,2026-08-31T22:47:01.671109+00:00
239d0115-c238-476b-bf73-b596f264b5e8,fUST,0.000267123287,120,1,-243.95,demand,2026-08-31T22:47:01.671109+00:00
239d0115-c238-476b-bf73-b596f264b5e8,fUST,0.000249652054,120,1,-1000.0,demand,2026-08-31T22:47:01.671109+00:00
239d0115-c238-476b-bf73-b596f264b5e8,fUST,0.000249589041,120,1,-1000.0,demand,2026-08-31T22:47:01.671109+00:00
239d0115-c238-476b-bf73-b596f264b5e8,fUST,0.000247980821,120,1,-56568.59382046,demand,2026-08-31T22:47:01.671109+00:00
239d0115-c238-476b-bf73-b596f264b5e8,fUST,0.0002395972602739726,120,1,-3164307.43043714,demand,2026-08-31T22:47:01.671109+00:00
239d0115-c238-476b-bf73-b596f264b5e8,fUST,0.00016,120,1,-2000.0,demand,2026-08-31T22:47:01.671109+00:00
239d0115-c238-476b-bf73-b596f264b5e8,fUST,0.00016,60,18,-401887.3851215,demand,2026-08-31T22:47:01.671109+00:00
239d0115-c238-476b-bf73-b596f264b5e8,fUST,0.00015,90,1,-2000.0,demand,2026-08-31T22:47:01.671109+00:00
239d0115-c238-476b-bf73-b596f264b5e8,fUST,0.00015,120,1,-300000.0,demand,2026-08-31T22:47:01.671109+00:00
239d0115-c238-476b-bf73-b596f264b5e8,fUST,0.00015,45,3,-13845.272985,demand,2026-08-31T22:47:01.671109+00:00
239d0115-c238-476b-bf73-b596f264b5e8,fUST,0.00015,60,1,-28000.0,demand,2026-08-31T22:47:01.671109+00:00
239d0115-c238-476b-bf73-b596f264b5e8,fUST,0.00015,30,10,-28818.0,demand,2026-08-31T22:47:01.671109+00:00
239d0115-c238-476b-bf73-b596f264b5e8,fUST,0.000148,30,4,-20000.0,demand,2026-08-31T22:47:01.671109+00:00
239d0115-c238-476b-bf73-b596f264b5e8,fUST,0.0001421,45,9,-80000.0,demand,2026-08-31T22:47:01.671109+00:00
239d0115-c238-476b-bf73-b596f264b5e8,fUST,0.000142,45,2,-20000.0,demand,2026-08-31T22:47:01.671109+00:00
239d0115-c238-476b-bf73-b596f264b5e8,fUST,0.0001401,30,11,-147973.68632078,demand,2026-08-31T22:47:01.671109+00:00
239d0115-c238-476b-bf73-b596f264b5e8,fUST,0.00014000000000000001,30,1,-28000.0,demand,2026-08-31T22:47:01.671109+00:00
239d0115-c238-476b-bf73-b596f264b5e8,fUST,0.000138,20,6,-49626.52669917,demand,2026-08-31T22:47:01.671109+00:00
239d0115-c238-476b-bf73-b596f264b5e8,fUST,0.000136,30,3,-19544.22120933,demand,2026-08-31T22:47:01.671109+00:00
239d0115-c238-476b-bf73-b596f264b5e8,fUST,0.000128,30,3,-30000.0,demand,2026-08-31T22:47:01.671109+00:00
239d0115-c238-476b-bf73-b596f264b5e8,fUST,0.0001266,13,1,-55503.67742724,demand,2026-08-31T22:47:01.671109+00:00
239d0115-c238-476b-bf73-b596f264b5e8,fUST,0.000126,15,5,-45000.0,demand,2026-08-31T22:47:01.671109+00:00
239d0115-c238-476b-bf73-b596f264b5e8,fUST,0.000125,14,22,-87434.04490168,demand,2026-08-31T22:47:01.671109+00:00
239d0115-c238-476b-bf73-b596f264b5e8,fUST,0.0001225,59,1,-95000.0,demand,2026-08-31T22:47:01.671109+00:00
239d0115-c238-476b-bf73-b596f264b5e8,fUST,0.0001563945317839877,2,1,196.03794742,offer,2026-08-31T22:47:01.671109+00:00
239d0115-c238-476b-bf73-b596f264b5e8,fUST,0.00016456,2,1,196.03794742,offer,2026-08-31T22:47:01.671109+00:00
239d0115-c238-476b-bf73-b596f264b5e8,fUST,0.00017136,2,1,2725.97,offer,2026-08-31T22:47:01.671109+00:00
239d0115-c238-476b-bf73-b596f264b5e8,fUST,0.0001782707,2,1,231.1291407,offer,2026-08-31T22:47:01.671109+00:00
239d0115-c238-476b-bf73-b596f264b5e8,fUST,0.00018477808219178083,2,1,161.80405979,offer,2026-08-31T22:47:01.671109+00:00
239d0115-c238-476b-bf73-b596f264b5e8,fUST,0.00018619,2,1,1000.0,offer,2026-08-31T22:47:01.671109+00:00
239d0115-c238-476b-bf73-b596f264b5e8,fUST,0.00018686,2,1,558.45,offer,2026-08-31T22:47:01.671109+00:00
239d0115-c238-476b-bf73-b596f264b5e8,fUST,0.00018687,2,1,1000.0,offer,2026-08-31T22:47:01.671109+00:00
239d0115-c238-476b-bf73-b596f264b5e8,fUST,0.00018696,2,1,1000.0,offer,2026-08-31T22:47:01.671109+00:00
239d0115-c238-476b-bf73-b596f264b5e8,fUST,0.00018698,2,1,1000.0,offer,2026-08-31T22:47:01.671109+00:00
239d0115-c238-476b-bf73-b596f264b5e8,fUST,0.00018734,2,1,1000.0,offer,2026-08-31T22:47:01.671109+00:00
239d0115-c238-476b-bf73-b596f264b5e8,fUST,0.0001877,2,1,1000.0,offer,2026-08-31T22:47:01.671109+00:00
239d0115-c238-476b-bf73-b596f264b5e8,fUST,0.00018782713606,2,1,155.63043166,offer,2026-08-31T22:47:01.671109+00:00
239d0115-c238-476b-bf73-b596f264b5e8,fUST,0.00018784,2,1,574.55856023,offer,2026-08-31T22:47:01.671109+00:00
239d0115-c238-476b-bf73-b596f264b5e8,fUST,0.00018793,2,1,1004.78995501,offer,2026-08-31T22:47:01.671109+00:00
239d0115-c238-476b-bf73-b596f264b5e8,fUST,0.000188,2,1,1000.0,offer,2026-08-31T22:47:01.671109+00:00
239d0115-c238-476b-bf73-b596f264b5e8,fUST,0.00018809,2,1,274.07662924,offer,2026-08-31T22:47:01.671109+00:00
239d0115-c238-476b-bf73-b596f264b5e8,fUST,0.0001881,2,1,1000.0,offer,2026-08-31T22:47:01.671109+00:00
239d0115-c238-476b-bf73-b596f264b5e8,fUST,0.00018828,2,1,1000.0,offer,2026-08-31T22:47:01.671109+00:00
239d0115-c238-476b-bf73-b596f264b5e8,fUST,0.00018832,2,1,1000.0,offer,2026-08-31T22:47:01.671109+00:00
239d0115-c238-476b-bf73-b596f264b5e8,fUST,0.00018843,2,1,1000.0,offer,2026-08-31T22:47:01.671109+00:00
239d0115-c238-476b-bf73-b596f264b5e8,fUST,0.00018849,2,1,2725.97,offer,2026-08-31T22:47:01.671109+00:00
239d0115-c238-476b-bf73-b596f264b5e8,fUST,0.00018869,2,1,1000.0,offer,2026-08-31T22:47:01.671109+00:00
239d0115-c238-476b-bf73-b596f264b5e8,fUST,0.00018871,2,1,1000.0,offer,2026-08-31T22:47:01.671109+00:00
239d0115-c238-476b-bf73-b596f264b5e8,fUST,0.00018893,2,1,604.0297522,offer,2026-08-31T22:47:01.671109+00:00
405a11c7-b0c2-4690-9a06-2fe4a7e6114b,fUST,0.0002671232876712329,120,1,-2936126.74200521,demand,2026-08-31T23:47:02.297495+00:00
405a11c7-b0c2-4690-9a06-2fe4a7e6114b,fUST,0.000267123287,120,1,-243.95,demand,2026-08-31T23:47:02.297495+00:00
405a11c7-b0c2-4690-9a06-2fe4a7e6114b,fUST,0.000249652054,120,1,-1000.0,demand,2026-08-31T23:47:02.297495+00:00
405a11c7-b0c2-4690-9a06-2fe4a7e6114b,fUST,0.000249589041,120,1,-1000.0,demand,2026-08-31T23:47:02.297495+00:00
405a11c7-b0c2-4690-9a06-2fe4a7e6114b,fUST,0.000247980821,120,1,-56568.59382046,demand,2026-08-31T23:47:02.297495+00:00
405a11c7-b0c2-4690-9a06-2fe4a7e6114b,fUST,0.000239586301369863,120,1,-3163307.43043714,demand,2026-08-31T23:47:02.297495+00:00
405a11c7-b0c2-4690-9a06-2fe4a7e6114b,fUST,0.00016,120,1,-2000.0,demand,2026-08-31T23:47:02.297495+00:00
405a11c7-b0c2-4690-9a06-2fe4a7e6114b,fUST,0.00016,60,18,-401887.3851215,demand,2026-08-31T23:47:02.297495+00:00
405a11c7-b0c2-4690-9a06-2fe4a7e6114b,fUST,0.00015,90,1,-2000.0,demand,2026-08-31T23:47:02.297495+00:00
405a11c7-b0c2-4690-9a06-2fe4a7e6114b,fUST,0.00015,120,1,-300000.0,demand,2026-08-31T23:47:02.297495+00:00
405a11c7-b0c2-4690-9a06-2fe4a7e6114b,fUST,0.00015,45,3,-13845.272985,demand,2026-08-31T23:47:02.297495+00:00
405a11c7-b0c2-4690-9a06-2fe4a7e6114b,fUST,0.00015,60,1,-28000.0,demand,2026-08-31T23:47:02.297495+00:00
405a11c7-b0c2-4690-9a06-2fe4a7e6114b,fUST,0.00015,30,10,-28818.0,demand,2026-08-31T23:47:02.297495+00:00
405a11c7-b0c2-4690-9a06-2fe4a7e6114b,fUST,0.000148,30,4,-20000.0,demand,2026-08-31T23:47:02.297495+00:00
405a11c7-b0c2-4690-9a06-2fe4a7e6114b,fUST,0.0001421,45,9,-80000.0,demand,2026-08-31T23:47:02.297495+00:00
405a11c7-b0c2-4690-9a06-2fe4a7e6114b,fUST,0.000142,45,2,-20000.0,demand,2026-08-31T23:47:02.297495+00:00
405a11c7-b0c2-4690-9a06-2fe4a7e6114b,fUST,0.0001401,30,11,-147973.68632078,demand,2026-08-31T23:47:02.297495+00:00
405a11c7-b0c2-4690-9a06-2fe4a7e6114b,fUST,0.00014000000000000001,30,1,-28000.0,demand,2026-08-31T23:47:02.297495+00:00
405a11c7-b0c2-4690-9a06-2fe4a7e6114b,fUST,0.000138,20,6,-49626.52669917,demand,2026-08-31T23:47:02.297495+00:00
405a11c7-b0c2-4690-9a06-2fe4a7e6114b,fUST,0.000136,30,3,-19544.22120933,demand,2026-08-31T23:47:02.297495+00:00
405a11c7-b0c2-4690-9a06-2fe4a7e6114b,fUST,0.000128,30,3,-30000.0,demand,2026-08-31T23:47:02.297495+00:00
405a11c7-b0c2-4690-9a06-2fe4a7e6114b,fUST,0.0001266,13,1,-55503.67742724,demand,2026-08-31T23:47:02.297495+00:00
405a11c7-b0c2-4690-9a06-2fe4a7e6114b,fUST,0.000126,15,5,-45000.0,demand,2026-08-31T23:47:02.297495+00:00
405a11c7-b0c2-4690-9a06-2fe4a7e6114b,fUST,0.000125,14,22,-87434.04490168,demand,2026-08-31T23:47:02.297495+00:00
405a11c7-b0c2-4690-9a06-2fe4a7e6114b,fUST,0.0001225,59,1,-95000.0,demand,2026-08-31T23:47:02.297495+00:00
405a11c7-b0c2-4690-9a06-2fe4a7e6114b,fUST,0.00017518,2,17,8187.25796753,offer,2026-08-31T23:47:02.297495+00:00
405a11c7-b0c2-4690-9a06-2fe4a7e6114b,fUST,0.00017519980000000002,2,1,186.09612516,offer,2026-08-31T23:47:02.297495+00:00
405a11c7-b0c2-4690-9a06-2fe4a7e6114b,fUST,0.0001752,2,2,1582.74441861,offer,2026-08-31T23:47:02.297495+00:00
405a11c7-b0c2-4690-9a06-2fe4a7e6114b,fUST,0.0001752098,2,1,2554.6531368,offer,2026-08-31T23:47:02.297495+00:00
405a11c7-b0c2-4690-9a06-2fe4a7e6114b,fUST,0.00017521,2,1,1022.24,offer,2026-08-31T23:47:02.297495+00:00
405a11c7-b0c2-4690-9a06-2fe4a7e6114b,fUST,0.0001792713,2,1,2433.4406231,offer,2026-08-31T23:47:02.297495+00:00
405a11c7-b0c2-4690-9a06-2fe4a7e6114b,fUST,0.00018208,2,3,1500.0,offer,2026-08-31T23:47:02.297495+00:00
405a11c7-b0c2-4690-9a06-2fe4a7e6114b,fUST,0.000184786301369863,2,1,410.81508833,offer,2026-08-31T23:47:02.297495+00:00
405a11c7-b0c2-4690-9a06-2fe4a7e6114b,fUST,0.00018513,2,1,500.0,offer,2026-08-31T23:47:02.297495+00:00
405a11c7-b0c2-4690-9a06-2fe4a7e6114b,fUST,0.00018513884999999997,2,4,1113.69620944,offer,2026-08-31T23:47:02.297495+00:00
405a11c7-b0c2-4690-9a06-2fe4a7e6114b,fUST,0.00018514,2,1,647.14248532,offer,2026-08-31T23:47:02.297495+00:00
405a11c7-b0c2-4690-9a06-2fe4a7e6114b,fUST,0.0001852191780821918,2,1,172.37715093,offer,2026-08-31T23:47:02.297495+00:00
405a11c7-b0c2-4690-9a06-2fe4a7e6114b,fUST,0.00018522,2,1,716.353,offer,2026-08-31T23:47:02.297495+00:00
405a11c7-b0c2-4690-9a06-2fe4a7e6114b,fUST,0.00018523,2,11,5049.77771595,offer,2026-08-31T23:47:02.297495+00:00
405a11c7-b0c2-4690-9a06-2fe4a7e6114b,fUST,0.00018524,2,49,341747.78275287,offer,2026-08-31T23:47:02.297495+00:00
405a11c7-b0c2-4690-9a06-2fe4a7e6114b,fUST,0.00018525,2,2,497415.91901363,offer,2026-08-31T23:47:02.297495+00:00
405a11c7-b0c2-4690-9a06-2fe4a7e6114b,fUST,0.0001852501,2,6,3212.71,offer,2026-08-31T23:47:02.297495+00:00
405a11c7-b0c2-4690-9a06-2fe4a7e6114b,fUST,0.000186476796,2,1,151.0,offer,2026-08-31T23:47:02.297495+00:00
405a11c7-b0c2-4690-9a06-2fe4a7e6114b,fUST,0.0001889448,4,2,642.43021556,offer,2026-08-31T23:47:02.297495+00:00
405a11c7-b0c2-4690-9a06-2fe4a7e6114b,fUST,0.00019061884999999997,2,1,153.45041319,offer,2026-08-31T23:47:02.297495+00:00
405a11c7-b0c2-4690-9a06-2fe4a7e6114b,fUST,0.0001911,2,1,315.98072035,offer,2026-08-31T23:47:02.297495+00:00
405a11c7-b0c2-4690-9a06-2fe4a7e6114b,fUST,0.000192489,2,3,1390.998,offer,2026-08-31T23:47:02.297495+00:00
405a11c7-b0c2-4690-9a06-2fe4a7e6114b,fUST,0.00019272369600000002,5,1,383.07460713,offer,2026-08-31T23:47:02.297495+00:00
405a11c7-b0c2-4690-9a06-2fe4a7e6114b,fUST,0.00019273,2,1,1022.24,offer,2026-08-31T23:47:02.297495+00:00
405a11c7-b0c2-4690-9a06-2fe4a7e6114b,fUST,0.00019364,2,1,300.0,offer,2026-08-31T23:47:02.297495+00:00
