run_id,market,rate,period,count,amount,side,fetched_at
737a13bb-68f1-4d44-b87a-1e8fba74f65a,fUST,0.0002671232876712329,120,1,-4091612.78725981,demand,2026-09-13T00:47:01.492583+00:00
737a13bb-68f1-4d44-b87a-1e8fba74f65a,fUST,0.00024375342465753424,60,1,-4792619.90675757,demand,2026-09-13T00:47:01.492583+00:00
737a13bb-68f1-4d44-b87a-1e8fba74f65a,fUST,0.00024309315,120,1,-20000.0,demand,2026-09-13T00:47:01.492583+00:00
737a13bb-68f1-4d44-b87a-1e8fba74f65a,fUST,0.00016,60,19,-119484.48298844,demand,2026-09-13T00:47:01.492583+00:00
737a13bb-68f1-4d44-b87a-1e8fba74f65a,fUST,0.000152,60,1,-28000.0,demand,2026-09-13T00:47:01.492583+00:00
737a13bb-68f1-4d44-b87a-1e8fba74f65a,fUST,0.00015,120,1,-300000.0,demand,2026-09-13T00:47:01.492583+00:00
737a13bb-68f1-4d44-b87a-1e8fba74f65a,fUST,0.00015,45,23,-138668.928077,demand,2026-09-13T00:47:01.492583+00:00
737a13bb-68f1-4d44-b87a-1e8fba74f65a,fUST,0.00015,30,4,-17574.74,demand,2026-09-13T00:47:01.492583+00:00
737a13bb-68f1-4d44-b87a-1e8fba74f65a,fUST,0.0001421,45,1,-10000.0,demand,2026-09-13T00:47:01.492583+00:00
737a13bb-68f1-4d44-b87a-1e8fba74f65a,fUST,0.000142,45,2,-20000.0,demand,2026-09-13T00:47:01.492583+00:00
737a13bb-68f1-4d44-b87a-1e8fba74f65a,fUST,0.0001361,30,14,-48871.41107403,demand,2026-09-13T00:47:01.492583+00:00
737a13bb-68f1-4d44-b87a-1e8fba74f65a,fUST,0.000136,30,2,-14544.22120933,demand,2026-09-13T00:47:01.492583+00:00
737a13bb-68f1-4d44-b87a-1e8fba74f65a,fUST,0.000131,2,1,-2000.0,demand,2026-09-13T00:47:01.492583+00:00
737a13bb-68f1-4d44-b87a-1e8fba74f65a,fUST,0.00013,30,1,-28000.0,demand,2026-09-13T00:47:01.492583+00:00
737a13bb-68f1-4d44-b87a-1e8fba74f65a,fUST,0.0001226,12,1,-135216.16709793,demand,2026-09-13T00:47:01.492583+00:00
737a13bb-68f1-4d44-b87a-1e8fba74f65a,fUST,0.0001225,59,1,-95000.0,demand,2026-09-13T00:47:01.492583+00:00
737a13bb-68f1-4d44-b87a-1e8fba74f65a,fUST,0.0001222,29,1,-194504.86890568,demand,2026-09-13T00:47:01.492583+00:00
737a13bb-68f1-4d44-b87a-1e8fba74f65a,fUST,0.0001202,19,1,-184532.71737778,demand,2026-09-13T00:47:01.492583+00:00
737a13bb-68f1-4d44-b87a-1e8fba74f65a,fUST,0.00012,120,1,-30000.0,demand,2026-09-13T00:47:01.492583+00:00
737a13bb-68f1-4d44-b87a-1e8fba74f65a,fUST,0.0001181,7,1,-76226.65849949,demand,2026-09-13T00:47:01.492583+00:00
737a13bb-68f1-4d44-b87a-1e8fba74f65a,fUST,0.000115,2,1,-434157.86879529,demand,2026-09-13T00:47:01.492583+00:00
737a13bb-68f1-4d44-b87a-1e8fba74f65a,fUST,0.00011011,2,1,-574906.89108704,demand,2026-09-13T00:47:01.492583+00:00
737a13bb-68f1-4d44-b87a-1e8fba74f65a,fUST,0.0001101,2,3,-4366829.49373192,demand,2026-09-13T00:47:01.492583+00:00
737a13bb-68f1-4d44-b87a-1e8fba74f65a,fUST,0.000101,120,1,-293300.0,demand,2026-09-13T00:47:01.492583+00:00
737a13bb-68f1-4d44-b87a-1e8fba74f65a,fUST,0.0001,2,1,-1000.0,demand,2026-09-13T00:47:01.492583+00:00
737a13bb-68f1-4d44-b87a-1e8fba74f65a,fUST,0.0001741,2,2,355.53,offer,2026-09-13T00:47:01.492583+00:00
737a13bb-68f1-4d44-b87a-1e8fba74f65a,fUST,0.00017975,2,1,5000.0,offer,2026-09-13T00:47:01.492583+00:00
737a13bb-68f1-4d44-b87a-1e8fba74f65a,fUST,0.0001832921,2,1,173.706456,offer,2026-09-13T00:47:01.492583+00:00
737a13bb-68f1-4d44-b87a-1e8fba74f65a,fUST,0.0001844044,2,1,6409.2783583,offer,2026-09-13T00:47:01.492583+00:00
737a13bb-68f1-4d44-b87a-1e8fba74f65a,fUST,0.0001851664,2,1,262.536718,offer,2026-09-13T00:47:01.492583+00:00
737a13bb-68f1-4d44-b87a-1e8fba74f65a,fUST,0.000185236128,2,1,197.1663703,offer,2026-09-13T00:47:01.492583+00:00
737a13bb-68f1-4d44-b87a-1e8fba74f65a,fUST,0.00018525193493150685,2,2,1362.80129863,offer,2026-09-13T00:47:01.492583+00:00
737a13bb-68f1-4d44-b87a-1e8fba74f65a,fUST,0.00018529010273972602,2,1,995.66575908,offer,2026-09-13T00:47:01.492583+00:00
737a13bb-68f1-4d44-b87a-1e8fba74f65a,fUST,0.000185993,2,1,167.1341729,offer,2026-09-13T00:47:01.492583+00:00
737a13bb-68f1-4d44-b87a-1e8fba74f65a,fUST,0.0001868998,2,1,426.38872,offer,2026-09-13T00:47:01.492583+00:00
737a13bb-68f1-4d44-b87a-1e8fba74f65a,fUST,0.000187832,2,1,584.53005,offer,2026-09-13T00:47:01.492583+00:00
737a13bb-68f1-4d44-b87a-1e8fba74f65a,fUST,0.00018825270000000002,2,4,1991.74235336,offer,2026-09-13T00:47:01.492583+00:00
737a13bb-68f1-4d44-b87a-1e8fba74f65a,fUST,0.0001882727,2,1,524.9990025,offer,2026-09-13T00:47:01.492583+00:00
737a13bb-68f1-4d44-b87a-1e8fba74f65a,fUST,0.00019347195205479453,2,2,355.64743973,offer,2026-09-13T00:47:01.492583+00:00
737a13bb-68f1-4d44-b87a-1e8fba74f65a,fUST,0.00019347722602739727,2,3,1186.4478192,offer,2026-09-13T00:47:01.492583+00:00
737a13bb-68f1-4d44-b87a-1e8fba74f65a,fUST,0.0001935167808219178,2,1,796.53260726,offer,2026-09-13T00:47:01.492583+00:00
737a13bb-68f1-4d44-b87a-1e8fba74f65a,fUST,0.00019725,2,3,1391.53064264,offer,2026-09-13T00:47:01.492583+00:00
737a13bb-68f1-4d44-b87a-1e8fba74f65a,fUST,0.00019895535616438356,2,6,1561.69625653,offer,2026-09-13T00:47:01.492583+00:00
737a13bb-68f1-4d44-b87a-1e8fba74f65a,fUST,0.00019896075342465752,2,12,3325.28366957,offer,2026-09-13T00:47:01.492583+00:00
737a13bb-68f1-4d44-b87a-1e8fba74f65a,fUST,0.00019900123287671233,2,7,1913.39961852,offer,2026-09-13T00:47:01.492583+00:00
737a13bb-68f1-4d44-b87a-1e8fba74f65a,fUST,0.00019989,3,2,3501.62,offer,2026-09-13T00:47:01.492583+00:00
737a13bb-68f1-4d44-b87a-1e8fba74f65a,fUST,0.00019998,2,6,2525.72923834,offer,2026-09-13T00:47:01.492583+00:00
737a13bb-68f1-4d44-b87a-1e8fba74f65a,fUST,0.00019998904109589042,2,1,500.0,offer,2026-09-13T00:47:01.492583+00:00
737a13bb-68f1-4d44-b87a-1e8fba74f65a,fUST,0.00019999,2,80,291706.13336075,offer,2026-09-13T00:47:01.492583+00:00
737a13bb-68f1-4d44-b87a-1e8fba74f65a,fUST,0.00020209,2,1,270.83664664,offer,2026-09-13T00:47:01.492583+00:00
596c3184-786f-4c49-9a2a-a260ac2c5e0f,fUST,0.0002671232876712329,120,1,-4089547.26731284,demand,2026-09-13T01:47:01.687834+00:00
596c3184-786f-4c49-9a2a-a260ac2c5e0f,fUST,0.00024412328767123287,60,1,-4777951.78776267,demand,2026-09-13T01:47:01.687834+00:00
596c3184-786f-4c49-9a2a-a260ac2c5e0f,fUST,0.00024309315,120,1,-20000.0,demand,2026-09-13T01:47:01.687834+00:00
596c3184-786f-4c49-9a2a-a260ac2c5e0f,fUST,0.00016,60,19,-119484.48298844,demand,2026-09-13T01:47:01.687834+00:00
596c3184-786f-4c49-9a2a-a260ac2c5e0f,fUST,0.000152,60,1,-28000.0,demand,2026-09-13T01:47:01.687834+00:00
596c3184-786f-4c49-9a2a-a260ac2c5e0f,fUST,0.00015,120,1,-300000.0,demand,2026-09-13T01:47:01.687834+00:00
596c3184-786f-4c49-9a2a-a260ac2c5e0f,fUST,0.00015,45,23,-138668.928077,demand,2026-09-13T01:47:01.687834+00:00
596c3184-786f-4c49-9a2a-a260ac2c5e0f,fUST,0.00015,30,4,-17574.74,demand,2026-09-13T01:47:01.687834+00:00
596c3184-786f-4c49-9a2a-a260ac2c5e0f,fUST,0.0001421,45,1,-10000.0,demand,2026-09-13T01:47:01.687834+00:00
596c3184-786f-4c49-9a2a-a260ac2c5e0f,fUST,0.000142,45,2,-20000.0,demand,2026-09-13T01:47:01.687834+00:00
596c3184-786f-4c49-9a2a-a260ac2c5e0f,fUST,0.0001361,30,14,-48871.41107403,demand,2026-09-13T01:47:01.687834+00:00
596c3184-786f-4c49-9a2a-a260ac2c5e0f,fUST,0.000136,30,2,-14544.22120933,demand,2026-09-13T01:47:01.687834+00:00
596c3184-786f-4c49-9a2a-a260ac2c5e0f,fUST,0.000131,2,1,-2000.0,demand,2026-09-13T01:47:01.687834+00:00
596c3184-786f-4c49-9a2a-a260ac2c5e0f,fUST,0.00013,30,1,-28000.0,demand,2026-09-13T01:47:01.687834+00:00
596c3184-786f-4c49-9a2a-a260ac2c5e0f,fUST,0.0001226,12,1,-135216.16709793,demand,2026-09-13T01:47:01.687834+00:00
596c3184-786f-4c49-9a2a-a260ac2c5e0f,fUST,0.0001225,59,1,-95000.0,demand,2026-09-13T01:47:01.687834+00:00
596c3184-786f-4c49-9a2a-a260ac2c5e0f,fUST,0.0001222,29,1,-194504.86890568,demand,2026-09-13T01:47:01.687834+00:00
596c3184-786f-4c49-9a2a-a260ac2c5e0f,fUST,0.0001202,19,1,-184532.71737778,demand,2026-09-13T01:47:01.687834+00:00
596c3184-786f-4c49-9a2a-a260ac2c5e0f,fUST,0.00012,120,1,-30000.0,demand,2026-09-13T01:47:01.687834+00:00
596c3184-786f-4c49-9a2a-a260ac2c5e0f,fUST,0.0001181,7,1,-76226.65849949,demand,2026-09-13T01:47:01.687834+00:00
596c3184-786f-4c49-9a2a-a260ac2c5e0f,fUST,0.000115,2,1,-434157.86879529,demand,2026-09-13T01:47:01.687834+00:00
596c3184-786f-4c49-9a2a-a260ac2c5e0f,fUST,0.00011011,2,1,-574906.89108704,demand,2026-09-13T01:47:01.687834+00:00
596c3184-786f-4c49-9a2a-a260ac2c5e0f,fUST,0.0001101,2,3,-4366829.49373192,demand,2026-09-13T01:47:01.687834+00:00
596c3184-786f-4c49-9a2a-a260ac2c5e0f,fUST,0.000101,120,1,-293300.0,demand,2026-09-13T01:47:01.687834+00:00
596c3184-786f-4c49-9a2a-a260ac2c5e0f,fUST,0.0001,2,1,-1000.0,demand,2026-09-13T01:47:01.687834+00:00
596c3184-786f-4c49-9a2a-a260ac2c5e0f,fUST,0.000118,5,1,8763.69530339,offer,2026-09-13T01:47:01.687834+00:00
596c3184-786f-4c49-9a2a-a260ac2c5e0f,fUST,0.000131,2,1,5000.0,offer,2026-09-13T01:47:01.687834+00:00
596c3184-786f-4c49-9a2a-a260ac2c5e0f,fUST,0.000154033,2,1,316.45,offer,2026-09-13T01:47:01.687834+00:00
596c3184-786f-4c49-9a2a-a260ac2c5e0f,fUST,0.00015616438356164385,5,1,158.329,offer,2026-09-13T01:47:01.687834+00:00
596c3184-786f-4c49-9a2a-a260ac2c5e0f,fUST,0.00016999000000000002,2,1,558.92072154,offer,2026-09-13T01:47:01.687834+00:00
596c3184-786f-4c49-9a2a-a260ac2c5e0f,fUST,0.0001699915,2,1,161.87892697,offer,2026-09-13T01:47:01.687834+00:00
596c3184-786f-4c49-9a2a-a260ac2c5e0f,fUST,0.00017,2,1,2829.10857298,offer,2026-09-13T01:47:01.687834+00:00
596c3184-786f-4c49-9a2a-a260ac2c5e0f,fUST,0.00017,7,1,448.69175361,offer,2026-09-13T01:47:01.687834+00:00
596c3184-786f-4c49-9a2a-a260ac2c5e0f,fUST,0.0001713715,2,1,176.968071,offer,2026-09-13T01:47:01.687834+00:00
596c3184-786f-4c49-9a2a-a260ac2c5e0f,fUST,0.0001734,7,1,448.69175361,offer,2026-09-13T01:47:01.687834+00:00
596c3184-786f-4c49-9a2a-a260ac2c5e0f,fUST,0.00017616438356164382,3,1,161.6241527,offer,2026-09-13T01:47:01.687834+00:00
596c3184-786f-4c49-9a2a-a260ac2c5e0f,fUST,0.00017850000000000003,7,1,448.69175361,offer,2026-09-13T01:47:01.687834+00:00
596c3184-786f-4c49-9a2a-a260ac2c5e0f,fUST,0.0001798576,2,1,285.891567,offer,2026-09-13T01:47:01.687834+00:00
596c3184-786f-4c49-9a2a-a260ac2c5e0f,fUST,0.00018041120000000002,2,1,180.30419314,offer,2026-09-13T01:47:01.687834+00:00
596c3184-786f-4c49-9a2a-a260ac2c5e0f,fUST,0.00018360000000000002,7,1,448.69175361,offer,2026-09-13T01:47:01.687834+00:00
596c3184-786f-4c49-9a2a-a260ac2c5e0f,fUST,0.0001855521883561644,2,2,381.21835472,offer,2026-09-13T01:47:01.687834+00:00
596c3184-786f-4c49-9a2a-a260ac2c5e0f,fUST,0.00019040000000000002,7,1,448.69175365,offer,2026-09-13T01:47:01.687834+00:00
596c3184-786f-4c49-9a2a-a260ac2c5e0f,fUST,0.0001937883904109589,2,5,1332.58111687,offer,2026-09-13T01:47:01.687834+00:00
596c3184-786f-4c49-9a2a-a260ac2c5e0f,fUST,0.00019717659159777969,2,1,184.36564052,offer,2026-09-13T01:47:01.687834+00:00
596c3184-786f-4c49-9a2a-a260ac2c5e0f,fUST,0.00019909,2,1,500.0,offer,2026-09-13T01:47:01.687834+00:00
596c3184-786f-4c49-9a2a-a260ac2c5e0f,fUST,0.0001991023632,2,1,743.33309,offer,2026-09-13T01:47:01.687834+00:00
596c3184-786f-4c49-9a2a-a260ac2c5e0f,fUST,0.00019927919178082192,2,7,2548.4113397,offer,2026-09-13T01:47:01.687834+00:00
596c3184-786f-4c49-9a2a-a260ac2c5e0f,fUST,0.00019936554794520547,2,1,397.36148218,offer,2026-09-13T01:47:01.687834+00:00
596c3184-786f-4c49-9a2a-a260ac2c5e0f,fUST,0.00019989,3,4,1997.34,offer,2026-09-13T01:47:01.687834+00:00
596c3184-786f-4c49-9a2a-a260ac2c5e0f,fUST,0.00019998,2,2,700.57813829,offer,2026-09-13T01:47:01.687834+00:00
a9d7e5f2-34d6-4c66-8fee-d91c1c6f8560,fUST,0.0002671232876712329,120,1,-3850782.62475918,demand,2026-09-13T02:47:01.582170+00:00
a9d7e5f2-34d6-4c66-8fee-d91c1c6f8560,fUST,0.00024414520547945206,60,1,-4777795.65390494,demand,2026-09-13T02:47:01.582170+00:00
a9d7e5f2-34d6-4c66-8fee-d91c1c6f8560,fUST,0.00024309315,120,1,-20000.0,demand,2026-09-13T02:47:01.582170+00:00
a9d7e5f2-34d6-4c66-8fee-d91c1c6f8560,fUST,0.00016,60,19,-119484.48298844,demand,2026-09-13T02:47:01.582170+00:00
a9d7e5f2-34d6-4c66-8fee-d91c1c6f8560,fUST,0.000152,60,1,-28000.0,demand,2026-09-13T02:47:01.582170+00:00
a9d7e5f2-34d6-4c66-8fee-d91c1c6f8560,fUST,0.00015,120,1,-300000.0,demand,2026-09-13T02:47:01.582170+00:00
a9d7e5f2-34d6-4c66-8fee-d91c1c6f8560,fUST,0.00015,45,23,-138668.928077,demand,2026-09-13T02:47:01.582170+00:00
a9d7e5f2-34d6-4c66-8fee-d91c1c6f8560,fUST,0.00015,30,4,-17404.74,demand,2026-09-13T02:47:01.582170+00:00
a9d7e5f2-34d6-4c66-8fee-d91c1c6f8560,fUST,0.0001421,45,1,-10000.0,demand,2026-09-13T02:47:01.582170+00:00
a9d7e5f2-34d6-4c66-8fee-d91c1c6f8560,fUST,0.000142,45,2,-20000.0,demand,2026-09-13T02:47:01.582170+00:00
a9d7e5f2-34d6-4c66-8fee-d91c1c6f8560,fUST,0.0001361,30,14,-48871.41107403,demand,2026-09-13T02:47:01.582170+00:00
a9d7e5f2-34d6-4c66-8fee-d91c1c6f8560,fUST,0.000136,30,2,-14544.22120933,demand,2026-09-13T02:47:01.582170+00:00
a9d7e5f2-34d6-4c66-8fee-d91c1c6f8560,fUST,0.000131,2,1,-2000.0,demand,2026-09-13T02:47:01.582170+00:00
a9d7e5f2-34d6-4c66-8fee-d91c1c6f8560,fUST,0.00013,30,1,-28000.0,demand,2026-09-13T02:47:01.582170+00:00
a9d7e5f2-34d6-4c66-8fee-d91c1c6f8560,fUST,0.0001226,12,1,-135216.16709793,demand,2026-09-13T02:47:01.582170+00:00
a9d7e5f2-34d6-4c66-8fee-d91c1c6f8560,fUST,0.0001225,59,1,-95000.0,demand,2026-09-13T02:47:01.582170+00:00
a9d7e5f2-34d6-4c66-8fee-d91c1c6f8560,fUST,0.0001222,29,1,-194504.86890568,demand,2026-09-13T02:47:01.582170+00:00
a9d7e5f2-34d6-4c66-8fee-d91c1c6f8560,fUST,0.0001202,19,1,-184532.71737778,demand,2026-09-13T02:47:01.582170+00:00
a9d7e5f2-34d6-4c66-8fee-d91c1c6f8560,fUST,0.00012,120,1,-30000.0,demand,2026-09-13T02:47:01.582170+00:00
a9d7e5f2-34d6-4c66-8fee-d91c1c6f8560,fUST,0.0001181,7,1,-76226.65849949,demand,2026-09-13T02:47:01.582170+00:00
a9d7e5f2-34d6-4c66-8fee-d91c1c6f8560,fUST,0.000115,2,1,-434157.86879529,demand,2026-09-13T02:47:01.582170+00:00
a9d7e5f2-34d6-4c66-8fee-d91c1c6f8560,fUST,0.00011011,2,1,-574906.89108704,demand,2026-09-13T02:47:01.582170+00:00
a9d7e5f2-34d6-4c66-8fee-d91c1c6f8560,fUST,0.0001101,2,3,-4366829.49373192,demand,2026-09-13T02:47:01.582170+00:00
a9d7e5f2-34d6-4c66-8fee-d91c1c6f8560,fUST,0.000101,120,1,-293300.0,demand,2026-09-13T02:47:01.582170+00:00
a9d7e5f2-34d6-4c66-8fee-d91c1c6f8560,fUST,0.0001,2,1,-1000.0,demand,2026-09-13T02:47:01.582170+00:00
a9d7e5f2-34d6-4c66-8fee-d91c1c6f8560,fUST,0.00018186,2,1,198.51,offer,2026-09-13T02:47:01.582170+00:00
a9d7e5f2-34d6-4c66-8fee-d91c1c6f8560,fUST,0.0001818641,2,1,232.8672259,offer,2026-09-13T02:47:01.582170+00:00
a9d7e5f2-34d6-4c66-8fee-d91c1c6f8560,fUST,0.00018766,2,1,5000.0,offer,2026-09-13T02:47:01.582170+00:00
a9d7e5f2-34d6-4c66-8fee-d91c1c6f8560,fUST,0.000189,2,1,248.28607244,offer,2026-09-13T02:47:01.582170+00:00
a9d7e5f2-34d6-4c66-8fee-d91c1c6f8560,fUST,0.00018999,2,1,155.59505421,offer,2026-09-13T02:47:01.582170+00:00
a9d7e5f2-34d6-4c66-8fee-d91c1c6f8560,fUST,0.00018999999999999998,2,23,406430.56279853,offer,2026-09-13T02:47:01.582170+00:00
a9d7e5f2-34d6-4c66-8fee-d91c1c6f8560,fUST,0.00019599,2,1,280.322,offer,2026-09-13T02:47:01.582170+00:00
a9d7e5f2-34d6-4c66-8fee-d91c1c6f8560,fUST,0.00019599019999999999,2,1,172.83299236,offer,2026-09-13T02:47:01.582170+00:00
a9d7e5f2-34d6-4c66-8fee-d91c1c6f8560,fUST,0.0001993250684931507,2,7,1395.42111024,offer,2026-09-13T02:47:01.582170+00:00
a9d7e5f2-34d6-4c66-8fee-d91c1c6f8560,fUST,0.0001993251,2,1,416.706663,offer,2026-09-13T02:47:01.582170+00:00
a9d7e5f2-34d6-4c66-8fee-d91c1c6f8560,fUST,0.00019998,2,6,2740.00704331,offer,2026-09-13T02:47:01.582170+00:00
a9d7e5f2-34d6-4c66-8fee-d91c1c6f8560,fUST,0.00019999,2,4,211850.86986638,offer,2026-09-13T02:47:01.582170+00:00
a9d7e5f2-34d6-4c66-8fee-d91c1c6f8560,fUST,0.0002,2,2,47773.16698874,offer,2026-09-13T02:47:01.582170+00:00
a9d7e5f2-34d6-4c66-8fee-d91c1c6f8560,fUST,0.0002,10,1,10943.95942479,offer,2026-09-13T02:47:01.582170+00:00
a9d7e5f2-34d6-4c66-8fee-d91c1c6f8560,fUST,0.0002,5,1,527.08989642,offer,2026-09-13T02:47:01.582170+00:00
a9d7e5f2-34d6-4c66-8fee-d91c1c6f8560,fUST,0.00020005,2,1,198.51,offer,2026-09-13T02:47:01.582170+00:00
a9d7e5f2-34d6-4c66-8fee-d91c1c6f8560,fUST,0.00020292,2,2,887.97213887,offer,2026-09-13T02:47:01.582170+00:00
a9d7e5f2-34d6-4c66-8fee-d91c1c6f8560,fUST,0.000202986301369863,2,17,4736.51917125,offer,2026-09-13T02:47:01.582170+00:00
a9d7e5f2-34d6-4c66-8fee-d91c1c6f8560,fUST,0.0002098609641,2,1,206.481413,offer,2026-09-13T02:47:01.582170+00:00
a9d7e5f2-34d6-4c66-8fee-d91c1c6f8560,fUST,0.00021824,2,1,198.51,offer,2026-09-13T02:47:01.582170+00:00
a9d7e5f2-34d6-4c66-8fee-d91c1c6f8560,fUST,0.0002183251355932203,2,1,155.81058851,offer,2026-09-13T02:47:01.582170+00:00
a9d7e5f2-34d6-4c66-8fee-d91c1c6f8560,fUST,0.00022,2,1,154.0,offer,2026-09-13T02:47:01.582170+00:00
a9d7e5f2-34d6-4c66-8fee-d91c1c6f8560,fUST,0.0002234066,2,1,316.65,offer,2026-09-13T02:47:01.582170+00:00
a9d7e5f2-34d6-4c66-8fee-d91c1c6f8560,fUST,0.00022380513559322032,2,1,155.81058851,offer,2026-09-13T02:47:01.582170+00:00
a9d7e5f2-34d6-4c66-8fee-d91c1c6f8560,fUST,0.0002266,2,1,33991.8699356,offer,2026-09-13T02:47:01.582170+00:00
4c6511bb-d41d-45e6-9d1a-8146db2002c8,fUST,0.0002671232876712329,120,1,-3850615.85215278,demand,2026-09-13T03:47:01.426860+00:00
4c6511bb-d41d-45e6-9d1a-8146db2002c8,fUST,0.00024412054794520547,60,1,-4777795.65390494,demand,2026-09-13T03:47:01.426860+00:00
4c6511bb-d41d-45e6-9d1a-8146db2002c8,fUST,0.00024309315,120,1,-20000.0,demand,2026-09-13T03:47:01.426860+00:00
4c6511bb-d41d-45e6-9d1a-8146db2002c8,fUST,0.00016,60,19,-119484.48298844,demand,2026-09-13T03:47:01.426860+00:00
4c6511bb-d41d-45e6-9d1a-8146db2002c8,fUST,0.000152,60,1,-28000.0,demand,2026-09-13T03:47:01.426860+00:00
4c6511bb-d41d-45e6-9d1a-8146db2002c8,fUST,0.00015,120,1,-300000.0,demand,2026-09-13T03:47:01.426860+00:00
4c6511bb-d41d-45e6-9d1a-8146db2002c8,fUST,0.00015,45,23,-138668.928077,demand,2026-09-13T03:47:01.426860+00:00
4c6511bb-d41d-45e6-9d1a-8146db2002c8,fUST,0.00015,30,4,-17404.74,demand,2026-09-13T03:47:01.426860+00:00
4c6511bb-d41d-45e6-9d1a-8146db2002c8,fUST,0.0001421,45,1,-10000.0,demand,2026-09-13T03:47:01.426860+00:00
4c6511bb-d41d-45e6-9d1a-8146db2002c8,fUST,0.000142,45,2,-20000.0,demand,2026-09-13T03:47:01.426860+00:00
4c6511bb-d41d-45e6-9d1a-8146db2002c8,fUST,0.0001361,30,14,-48871.41107403,demand,2026-09-13T03:47:01.426860+00:00
4c6511bb-d41d-45e6-9d1a-8146db2002c8,fUST,0.000136,30,2,-14544.22120933,demand,2026-09-13T03:47:01.426860+00:00
4c6511bb-d41d-45e6-9d1a-8146db2002c8,fUST,0.000131,2,1,-2000.0,demand,2026-09-13T03:47:01.426860+00:00
4c6511bb-d41d-45e6-9d1a-8146db2002c8,fUST,0.00013,30,1,-28000.0,demand,2026-09-13T03:47:01.426860+00:00
4c6511bb-d41d-45e6-9d1a-8146db2002c8,fUST,0.0001226,12,1,-135216.16709793,demand,2026-09-13T03:47:01.426860+00:00
4c6511bb-d41d-45e6-9d1a-8146db2002c8,fUST,0.0001225,59,1,-95000.0,demand,2026-09-13T03:47:01.426860+00:00
4c6511bb-d41d-45e6-9d1a-8146db2002c8,fUST,0.0001222,29,1,-194504.86890568,demand,2026-09-13T03:47:01.426860+00:00
4c6511bb-d41d-45e6-9d1a-8146db2002c8,fUST,0.0001202,19,1,-184532.71737778,demand,2026-09-13T03:47:01.426860+00:00
4c6511bb-d41d-45e6-9d1a-8146db2002c8,fUST,0.00012,120,1,-30000.0,demand,2026-09-13T03:47:01.426860+00:00
4c6511bb-d41d-45e6-9d1a-8146db2002c8,fUST,0.0001181,7,1,-76226.65849949,demand,2026-09-13T03:47:01.426860+00:00
4c6511bb-d41d-45e6-9d1a-8146db2002c8,fUST,0.000115,2,1,-434157.86879529,demand,2026-09-13T03:47:01.426860+00:00
4c6511bb-d41d-45e6-9d1a-8146db2002c8,fUST,0.00011011,2,1,-574906.89108704,demand,2026-09-13T03:47:01.426860+00:00
4c6511bb-d41d-45e6-9d1a-8146db2002c8,fUST,0.0001101,2,3,-4366829.49373192,demand,2026-09-13T03:47:01.426860+00:00
4c6511bb-d41d-45e6-9d1a-8146db2002c8,fUST,0.000101,120,1,-293300.0,demand,2026-09-13T03:47:01.426860+00:00
4c6511bb-d41d-45e6-9d1a-8146db2002c8,fUST,0.0001,2,1,-1000.0,demand,2026-09-13T03:47:01.426860+00:00
4c6511bb-d41d-45e6-9d1a-8146db2002c8,fUST,0.00019156,2,1,5000.0,offer,2026-09-13T03:47:01.426860+00:00
4c6511bb-d41d-45e6-9d1a-8146db2002c8,fUST,0.00019940602739726025,2,2,352.86853029,offer,2026-09-13T03:47:01.426860+00:00
4c6511bb-d41d-45e6-9d1a-8146db2002c8,fUST,0.00019989,3,1,649.06,offer,2026-09-13T03:47:01.426860+00:00
4c6511bb-d41d-45e6-9d1a-8146db2002c8,fUST,0.00019998,2,9,4417.33510659,offer,2026-09-13T03:47:01.426860+00:00
4c6511bb-d41d-45e6-9d1a-8146db2002c8,fUST,0.00019999,2,14,406634.29972896,offer,2026-09-13T03:47:01.426860+00:00
4c6511bb-d41d-45e6-9d1a-8146db2002c8,fUST,0.0002,10,1,56561.60827601,offer,2026-09-13T03:47:01.426860+00:00
4c6511bb-d41d-45e6-9d1a-8146db2002c8,fUST,0.00020018,2,1,261.827,offer,2026-09-13T03:47:01.426860+00:00
4c6511bb-d41d-45e6-9d1a-8146db2002c8,fUST,0.0002030684931506849,2,2,705.73706056,offer,2026-09-13T03:47:01.426860+00:00
4c6511bb-d41d-45e6-9d1a-8146db2002c8,fUST,0.00020307123287671233,2,2,497.12950063,offer,2026-09-13T03:47:01.426860+00:00
4c6511bb-d41d-45e6-9d1a-8146db2002c8,fUST,0.00020339414794520545,7,1,196.5037128,offer,2026-09-13T03:47:01.426860+00:00
4c6511bb-d41d-45e6-9d1a-8146db2002c8,fUST,0.00020577921681301224,2,1,221.32158906,offer,2026-09-13T03:47:01.426860+00:00
4c6511bb-d41d-45e6-9d1a-8146db2002c8,fUST,0.0002121158124,2,1,206.481415,offer,2026-09-13T03:47:01.426860+00:00
4c6511bb-d41d-45e6-9d1a-8146db2002c8,fUST,0.0002153585095890411,7,1,294.7555692,offer,2026-09-13T03:47:01.426860+00:00
4c6511bb-d41d-45e6-9d1a-8146db2002c8,fUST,0.00021891,2,1,371.35,offer,2026-09-13T03:47:01.426860+00:00
4c6511bb-d41d-45e6-9d1a-8146db2002c8,fUST,0.0002194162,3,1,160.0,offer,2026-09-13T03:47:01.426860+00:00
4c6511bb-d41d-45e6-9d1a-8146db2002c8,fUST,0.00021969,2,18,8618.15679286,offer,2026-09-13T03:47:01.426860+00:00
4c6511bb-d41d-45e6-9d1a-8146db2002c8,fUST,0.00021999149999999996,2,1,151.88045403,offer,2026-09-13T03:47:01.426860+00:00
4c6511bb-d41d-45e6-9d1a-8146db2002c8,fUST,0.0002199917808219178,2,1,500.0,offer,2026-09-13T03:47:01.426860+00:00
4c6511bb-d41d-45e6-9d1a-8146db2002c8,fUST,0.00022246,2,1,686.35885585,offer,2026-09-13T03:47:01.426860+00:00
4c6511bb-d41d-45e6-9d1a-8146db2002c8,fUST,0.00022547149999999994,2,1,151.88045403,offer,2026-09-13T03:47:01.426860+00:00
4c6511bb-d41d-45e6-9d1a-8146db2002c8,fUST,0.0002266,2,1,4809.40297255,offer,2026-09-13T03:47:01.426860+00:00
4c6511bb-d41d-45e6-9d1a-8146db2002c8,fUST,0.00022751232877,2,1,151.0,offer,2026-09-13T03:47:01.426860+00:00
4c6511bb-d41d-45e6-9d1a-8146db2002c8,fUST,0.00022756164384,2,1,151.0,offer,2026-09-13T03:47:01.426860+00:00
4c6511bb-d41d-45e6-9d1a-8146db2002c8,fUST,0.00022799,2,9,4170.21529299,offer,2026-09-13T03:47:01.426860+00:00
4c6511bb-d41d-45e6-9d1a-8146db2002c8,fUST,0.00023095149999999995,2,1,151.88045403,offer,2026-09-13T03:47:01.426860+00:00
72f76583-cec6-46d1-a3e4-fd0f7c7b99ab,fUST,0.0002671232876712329,120,1,-3850615.85215278,demand,2026-09-13T04:47:01.532601+00:00
72f76583-cec6-46d1-a3e4-fd0f7c7b99ab,fUST,0.00024432876712328767,60,1,-4777795.65390494,demand,2026-09-13T04:47:01.532601+00:00
72f76583-cec6-46d1-a3e4-fd0f7c7b99ab,fUST,0.00024309315,120,1,-20000.0,demand,2026-09-13T04:47:01.532601+00:00
72f76583-cec6-46d1-a3e4-fd0f7c7b99ab,fUST,0.00016,60,19,-119484.48298844,demand,2026-09-13T04:47:01.532601+00:00
72f76583-cec6-46d1-a3e4-fd0f7c7b99ab,fUST,0.000152,60,1,-28000.0,demand,2026-09-13T04:47:01.532601+00:00
72f76583-cec6-46d1-a3e4-fd0f7c7b99ab,fUST,0.00015,120,1,-300000.0,demand,2026-09-13T04:47:01.532601+00:00
72f76583-cec6-46d1-a3e4-fd0f7c7b99ab,fUST,0.00015,45,23,-138668.928077,demand,2026-09-13T04:47:01.532601+00:00
72f76583-cec6-46d1-a3e4-fd0f7c7b99ab,fUST,0.00015,30,4,-17404.74,demand,2026-09-13T04:47:01.532601+00:00
72f76583-cec6-46d1-a3e4-fd0f7c7b99ab,fUST,0.0001421,45,1,-10000.0,demand,2026-09-13T04:47:01.532601+00:00
72f76583-cec6-46d1-a3e4-fd0f7c7b99ab,fUST,0.000142,45,2,-20000.0,demand,2026-09-13T04:47:01.532601+00:00
72f76583-cec6-46d1-a3e4-fd0f7c7b99ab,fUST,0.0001361,30,14,-48871.41107403,demand,2026-09-13T04:47:01.532601+00:00
72f76583-cec6-46d1-a3e4-fd0f7c7b99ab,fUST,0.000136,30,2,-14544.22120933,demand,2026-09-13T04:47:01.532601+00:00
72f76583-cec6-46d1-a3e4-fd0f7c7b99ab,fUST,0.000131,2,1,-2000.0,demand,2026-09-13T04:47:01.532601+00:00
72f76583-cec6-46d1-a3e4-fd0f7c7b99ab,fUST,0.00013,30,1,-28000.0,demand,2026-09-13T04:47:01.532601+00:00
72f76583-cec6-46d1-a3e4-fd0f7c7b99ab,fUST,0.0001226,12,1,-135216.16709793,demand,2026-09-13T04:47:01.532601+00:00
72f76583-cec6-46d1-a3e4-fd0f7c7b99ab,fUST,0.0001225,59,1,-95000.0,demand,2026-09-13T04:47:01.532601+00:00
72f76583-cec6-46d1-a3e4-fd0f7c7b99ab,fUST,0.0001222,29,1,-194504.86890568,demand,2026-09-13T04:47:01.532601+00:00
72f76583-cec6-46d1-a3e4-fd0f7c7b99ab,fUST,0.0001202,19,1,-184532.71737778,demand,2026-09-13T04:47:01.532601+00:00
72f76583-cec6-46d1-a3e4-fd0f7c7b99ab,fUST,0.00012,120,1,-30000.0,demand,2026-09-13T04:47:01.532601+00:00
72f76583-cec6-46d1-a3e4-fd0f7c7b99ab,fUST,0.0001181,7,1,-76226.65849949,demand,2026-09-13T04:47:01.532601+00:00
72f76583-cec6-46d1-a3e4-fd0f7c7b99ab,fUST,0.000115,2,1,-433492.13874409,demand,2026-09-13T04:47:01.532601+00:00
72f76583-cec6-46d1-a3e4-fd0f7c7b99ab,fUST,0.00011011,2,1,-574906.89108704,demand,2026-09-13T04:47:01.532601+00:00
72f76583-cec6-46d1-a3e4-fd0f7c7b99ab,fUST,0.0001101,2,3,-4366829.49373192,demand,2026-09-13T04:47:01.532601+00:00
72f76583-cec6-46d1-a3e4-fd0f7c7b99ab,fUST,0.000101,120,1,-293300.0,demand,2026-09-13T04:47:01.532601+00:00
72f76583-cec6-46d1-a3e4-fd0f7c7b99ab,fUST,0.0001,2,1,-1000.0,demand,2026-09-13T04:47:01.532601+00:00
72f76583-cec6-46d1-a3e4-fd0f7c7b99ab,fUST,0.00017181,2,1,177.82423944,offer,2026-09-13T04:47:01.532601+00:00
72f76583-cec6-46d1-a3e4-fd0f7c7b99ab,fUST,0.00017321,7,1,2.87728354,offer,2026-09-13T04:47:01.532601+00:00
72f76583-cec6-46d1-a3e4-fd0f7c7b99ab,fUST,0.00017355,2,1,5000.0,offer,2026-09-13T04:47:01.532601+00:00
72f76583-cec6-46d1-a3e4-fd0f7c7b99ab,fUST,0.0001766742,7,2,364.43609634,offer,2026-09-13T04:47:01.532601+00:00
72f76583-cec6-46d1-a3e4-fd0f7c7b99ab,fUST,0.0001818705,7,1,167.93238354,offer,2026-09-13T04:47:01.532601+00:00
72f76583-cec6-46d1-a3e4-fd0f7c7b99ab,fUST,0.0001870668,7,2,462.68795274,offer,2026-09-13T04:47:01.532601+00:00
72f76583-cec6-46d1-a3e4-fd0f7c7b99ab,fUST,0.000188,2,1,255.23552359,offer,2026-09-13T04:47:01.532601+00:00
72f76583-cec6-46d1-a3e4-fd0f7c7b99ab,fUST,0.00018999,2,14,6556.52847532,offer,2026-09-13T04:47:01.532601+00:00
72f76583-cec6-46d1-a3e4-fd0f7c7b99ab,fUST,0.00019,2,2,4399.68001819,offer,2026-09-13T04:47:01.532601+00:00
72f76583-cec6-46d1-a3e4-fd0f7c7b99ab,fUST,0.00019378,2,16,5100.0,offer,2026-09-13T04:47:01.532601+00:00
72f76583-cec6-46d1-a3e4-fd0f7c7b99ab,fUST,0.00019399,2,9,4433.37253751,offer,2026-09-13T04:47:01.532601+00:00
72f76583-cec6-46d1-a3e4-fd0f7c7b99ab,fUST,0.00019399520000000002,7,1,167.93238354,offer,2026-09-13T04:47:01.532601+00:00
72f76583-cec6-46d1-a3e4-fd0f7c7b99ab,fUST,0.000194,2,1,14113.175302,offer,2026-09-13T04:47:01.532601+00:00
72f76583-cec6-46d1-a3e4-fd0f7c7b99ab,fUST,0.00019468493152,2,1,151.0,offer,2026-09-13T04:47:01.532601+00:00
72f76583-cec6-46d1-a3e4-fd0f7c7b99ab,fUST,0.000198,2,27,302294.02922139,offer,2026-09-13T04:47:01.532601+00:00
72f76583-cec6-46d1-a3e4-fd0f7c7b99ab,fUST,0.0001981267641,2,1,206.481415,offer,2026-09-13T04:47:01.532601+00:00
72f76583-cec6-46d1-a3e4-fd0f7c7b99ab,fUST,0.00019945460273972603,2,2,352.86853029,offer,2026-09-13T04:47:01.532601+00:00
72f76583-cec6-46d1-a3e4-fd0f7c7b99ab,fUST,0.00019998,2,1,4210.70246058,offer,2026-09-13T04:47:01.532601+00:00
72f76583-cec6-46d1-a3e4-fd0f7c7b99ab,fUST,0.00019999,2,4,306935.09111663,offer,2026-09-13T04:47:01.532601+00:00
72f76583-cec6-46d1-a3e4-fd0f7c7b99ab,fUST,0.0001999901,2,2,973.81,offer,2026-09-13T04:47:01.532601+00:00
72f76583-cec6-46d1-a3e4-fd0f7c7b99ab,fUST,0.0002,7,1,2000.0,offer,2026-09-13T04:47:01.532601+00:00
72f76583-cec6-46d1-a3e4-fd0f7c7b99ab,fUST,0.0002,2,1,47273.16698874,offer,2026-09-13T04:47:01.532601+00:00
72f76583-cec6-46d1-a3e4-fd0f7c7b99ab,fUST,0.00020037,2,1,261.827,offer,2026-09-13T04:47:01.532601+00:00
72f76583-cec6-46d1-a3e4-fd0f7c7b99ab,fUST,0.00020196,4,1,1640.3492289,offer,2026-09-13T04:47:01.532601+00:00
72f76583-cec6-46d1-a3e4-fd0f7c7b99ab,fUST,0.00020285479453,2,1,151.0,offer,2026-09-13T04:47:01.532601+00:00
2453cbbe-3175-44c9-8b1b-6d7385700d91,fUST,0.0002671232876712329,120,1,-3850615.85215278,demand,2026-09-13T05:47:01.494618+00:00
2453cbbe-3175-44c9-8b1b-6d7385700d91,fUST,0.00024434520547945206,60,1,-4776187.70452398,demand,2026-09-13T05:47:01.494618+00:00
2453cbbe-3175-44c9-8b1b-6d7385700d91,fUST,0.00024309315,120,1,-20000.0,demand,2026-09-13T05:47:01.494618+00:00
2453cbbe-3175-44c9-8b1b-6d7385700d91,fUST,0.00016,60,19,-119484.48298844,demand,2026-09-13T05:47:01.494618+00:00
2453cbbe-3175-44c9-8b1b-6d7385700d91,fUST,0.000152,60,1,-28000.0,demand,2026-09-13T05:47:01.494618+00:00
2453cbbe-3175-44c9-8b1b-6d7385700d91,fUST,0.00015,120,1,-300000.0,demand,2026-09-13T05:47:01.494618+00:00
2453cbbe-3175-44c9-8b1b-6d7385700d91,fUST,0.00015,45,23,-138668.928077,demand,2026-09-13T05:47:01.494618+00:00
2453cbbe-3175-44c9-8b1b-6d7385700d91,fUST,0.00015,30,4,-17404.74,demand,2026-09-13T05:47:01.494618+00:00
2453cbbe-3175-44c9-8b1b-6d7385700d91,fUST,0.0001421,45,1,-10000.0,demand,2026-09-13T05:47:01.494618+00:00
2453cbbe-3175-44c9-8b1b-6d7385700d91,fUST,0.000142,45,2,-20000.0,demand,2026-09-13T05:47:01.494618+00:00
2453cbbe-3175-44c9-8b1b-6d7385700d91,fUST,0.0001361,30,14,-48871.41107403,demand,2026-09-13T05:47:01.494618+00:00
2453cbbe-3175-44c9-8b1b-6d7385700d91,fUST,0.000136,30,2,-14544.22120933,demand,2026-09-13T05:47:01.494618+00:00
2453cbbe-3175-44c9-8b1b-6d7385700d91,fUST,0.000131,2,1,-2000.0,demand,2026-09-13T05:47:01.494618+00:00
2453cbbe-3175-44c9-8b1b-6d7385700d91,fUST,0.00013,30,1,-28000.0,demand,2026-09-13T05:47:01.494618+00:00
2453cbbe-3175-44c9-8b1b-6d7385700d91,fUST,0.0001226,12,1,-135216.16709793,demand,2026-09-13T05:47:01.494618+00:00
2453cbbe-3175-44c9-8b1b-6d7385700d91,fUST,0.0001225,59,1,-95000.0,demand,2026-09-13T05:47:01.494618+00:00
2453cbbe-3175-44c9-8b1b-6d7385700d91,fUST,0.0001222,29,1,-194504.86890568,demand,2026-09-13T05:47:01.494618+00:00
2453cbbe-3175-44c9-8b1b-6d7385700d91,fUST,0.0001202,19,1,-184532.71737778,demand,2026-09-13T05:47:01.494618+00:00
2453cbbe-3175-44c9-8b1b-6d7385700d91,fUST,0.00012,120,1,-30000.0,demand,2026-09-13T05:47:01.494618+00:00
2453cbbe-3175-44c9-8b1b-6d7385700d91,fUST,0.0001181,7,1,-76226.65849949,demand,2026-09-13T05:47:01.494618+00:00
2453cbbe-3175-44c9-8b1b-6d7385700d91,fUST,0.000115,2,1,-433492.13874409,demand,2026-09-13T05:47:01.494618+00:00
2453cbbe-3175-44c9-8b1b-6d7385700d91,fUST,0.00011011,2,1,-574906.89108704,demand,2026-09-13T05:47:01.494618+00:00
2453cbbe-3175-44c9-8b1b-6d7385700d91,fUST,0.0001101,2,3,-4366829.49373192,demand,2026-09-13T05:47:01.494618+00:00
2453cbbe-3175-44c9-8b1b-6d7385700d91,fUST,0.000101,120,1,-293300.0,demand,2026-09-13T05:47:01.494618+00:00
2453cbbe-3175-44c9-8b1b-6d7385700d91,fUST,0.0001,2,1,-1000.0,demand,2026-09-13T05:47:01.494618+00:00
2453cbbe-3175-44c9-8b1b-6d7385700d91,fUST,0.00012707,7,1,165.0551,offer,2026-09-13T05:47:01.494618+00:00
2453cbbe-3175-44c9-8b1b-6d7385700d91,fUST,0.000131,2,2,5238.43487294,offer,2026-09-13T05:47:01.494618+00:00
2453cbbe-3175-44c9-8b1b-6d7385700d91,fUST,0.00013361,2,15,4500.0,offer,2026-09-13T05:47:01.494618+00:00
2453cbbe-3175-44c9-8b1b-6d7385700d91,fUST,0.00016985477493196413,2,1,250.50474778,offer,2026-09-13T05:47:01.494618+00:00
2453cbbe-3175-44c9-8b1b-6d7385700d91,fUST,0.0001838184,2,1,331.0085846,offer,2026-09-13T05:47:01.494618+00:00
2453cbbe-3175-44c9-8b1b-6d7385700d91,fUST,0.00018555399999999997,2,1,151.88045403,offer,2026-09-13T05:47:01.494618+00:00
2453cbbe-3175-44c9-8b1b-6d7385700d91,fUST,0.00019103399999999997,2,1,151.88045403,offer,2026-09-13T05:47:01.494618+00:00
2453cbbe-3175-44c9-8b1b-6d7385700d91,fUST,0.00019651399999999996,2,1,151.88045403,offer,2026-09-13T05:47:01.494618+00:00
2453cbbe-3175-44c9-8b1b-6d7385700d91,fUST,0.00019798,2,1,168.85973047,offer,2026-09-13T05:47:01.494618+00:00
2453cbbe-3175-44c9-8b1b-6d7385700d91,fUST,0.00019799,2,27,12893.17074317,offer,2026-09-13T05:47:01.494618+00:00
2453cbbe-3175-44c9-8b1b-6d7385700d91,fUST,0.00019799949999999998,2,1,720.67250133,offer,2026-09-13T05:47:01.494618+00:00
2453cbbe-3175-44c9-8b1b-6d7385700d91,fUST,0.000198,2,29,302228.98469148,offer,2026-09-13T05:47:01.494618+00:00
2453cbbe-3175-44c9-8b1b-6d7385700d91,fUST,0.00019945460273972603,2,2,352.86853029,offer,2026-09-13T05:47:01.494618+00:00
2453cbbe-3175-44c9-8b1b-6d7385700d91,fUST,0.00019999,2,2,302458.74084052,offer,2026-09-13T05:47:01.494618+00:00
2453cbbe-3175-44c9-8b1b-6d7385700d91,fUST,0.0001999901,2,2,973.81,offer,2026-09-13T05:47:01.494618+00:00
2453cbbe-3175-44c9-8b1b-6d7385700d91,fUST,0.0002,2,1,47273.16698874,offer,2026-09-13T05:47:01.494618+00:00
2453cbbe-3175-44c9-8b1b-6d7385700d91,fUST,0.0002,7,1,2000.0,offer,2026-09-13T05:47:01.494618+00:00
2453cbbe-3175-44c9-8b1b-6d7385700d91,fUST,0.0002,10,1,178276.97841907,offer,2026-09-13T05:47:01.494618+00:00
2453cbbe-3175-44c9-8b1b-6d7385700d91,fUST,0.00020036,2,1,261.827,offer,2026-09-13T05:47:01.494618+00:00
2453cbbe-3175-44c9-8b1b-6d7385700d91,fUST,0.00020071216276219828,2,1,633.75461082,offer,2026-09-13T05:47:01.494618+00:00
2453cbbe-3175-44c9-8b1b-6d7385700d91,fUST,0.0002016419319,2,1,206.4814166,offer,2026-09-13T05:47:01.494618+00:00
2453cbbe-3175-44c9-8b1b-6d7385700d91,fUST,0.00020195,2,1,600.0,offer,2026-09-13T05:47:01.494618+00:00
2453cbbe-3175-44c9-8b1b-6d7385700d91,fUST,0.00020196,4,1,2108.38272325,offer,2026-09-13T05:47:01.494618+00:00
2453cbbe-3175-44c9-8b1b-6d7385700d91,fUST,0.00020199399999999996,2,1,151.88045403,offer,2026-09-13T05:47:01.494618+00:00
2453cbbe-3175-44c9-8b1b-6d7385700d91,fUST,0.00020307123287671233,2,2,497.12950063,offer,2026-09-13T05:47:01.494618+00:00
9e171f1f-d1d8-44c7-bb74-75c1539acac9,fUST,0.0002671232876712329,120,1,-3820611.85215278,demand,2026-09-13T06:47:01.595013+00:00
9e171f1f-d1d8-44c7-bb74-75c1539acac9,fUST,0.00024463835616438356,60,1,-3775612.89635029,demand,2026-09-13T06:47:01.595013+00:00
9e171f1f-d1d8-44c7-bb74-75c1539acac9,fUST,0.00024309315,120,1,-20000.0,demand,2026-09-13T06:47:01.595013+00:00
9e171f1f-d1d8-44c7-bb74-75c1539acac9,fUST,0.00016,60,19,-119484.48298844,demand,2026-09-13T06:47:01.595013+00:00
9e171f1f-d1d8-44c7-bb74-75c1539acac9,fUST,0.000152,60,1,-28000.0,demand,2026-09-13T06:47:01.595013+00:00
9e171f1f-d1d8-44c7-bb74-75c1539acac9,fUST,0.00015,120,1,-300000.0,demand,2026-09-13T06:47:01.595013+00:00
9e171f1f-d1d8-44c7-bb74-75c1539acac9,fUST,0.00015,45,23,-138668.928077,demand,2026-09-13T06:47:01.595013+00:00
9e171f1f-d1d8-44c7-bb74-75c1539acac9,fUST,0.00015,30,4,-17404.74,demand,2026-09-13T06:47:01.595013+00:00
9e171f1f-d1d8-44c7-bb74-75c1539acac9,fUST,0.0001421,45,1,-10000.0,demand,2026-09-13T06:47:01.595013+00:00
9e171f1f-d1d8-44c7-bb74-75c1539acac9,fUST,0.000142,45,2,-20000.0,demand,2026-09-13T06:47:01.595013+00:00
9e171f1f-d1d8-44c7-bb74-75c1539acac9,fUST,0.0001361,30,14,-48871.41107403,demand,2026-09-13T06:47:01.595013+00:00
9e171f1f-d1d8-44c7-bb74-75c1539acac9,fUST,0.000136,30,2,-14544.22120933,demand,2026-09-13T06:47:01.595013+00:00
9e171f1f-d1d8-44c7-bb74-75c1539acac9,fUST,0.000131,2,1,-2000.0,demand,2026-09-13T06:47:01.595013+00:00
9e171f1f-d1d8-44c7-bb74-75c1539acac9,fUST,0.00013,30,1,-28000.0,demand,2026-09-13T06:47:01.595013+00:00
9e171f1f-d1d8-44c7-bb74-75c1539acac9,fUST,0.0001226,12,1,-135216.16709793,demand,2026-09-13T06:47:01.595013+00:00
9e171f1f-d1d8-44c7-bb74-75c1539acac9,fUST,0.0001225,59,1,-95000.0,demand,2026-09-13T06:47:01.595013+00:00
9e171f1f-d1d8-44c7-bb74-75c1539acac9,fUST,0.0001222,29,1,-194504.86890568,demand,2026-09-13T06:47:01.595013+00:00
9e171f1f-d1d8-44c7-bb74-75c1539acac9,fUST,0.0001202,19,1,-184532.71737778,demand,2026-09-13T06:47:01.595013+00:00
9e171f1f-d1d8-44c7-bb74-75c1539acac9,fUST,0.00012,120,1,-30000.0,demand,2026-09-13T06:47:01.595013+00:00
9e171f1f-d1d8-44c7-bb74-75c1539acac9,fUST,0.0001181,7,1,-76226.65849949,demand,2026-09-13T06:47:01.595013+00:00
9e171f1f-d1d8-44c7-bb74-75c1539acac9,fUST,0.000115,2,1,-388079.8888205,demand,2026-09-13T06:47:01.595013+00:00
9e171f1f-d1d8-44c7-bb74-75c1539acac9,fUST,0.00011011,2,1,-574906.89108704,demand,2026-09-13T06:47:01.595013+00:00
9e171f1f-d1d8-44c7-bb74-75c1539acac9,fUST,0.0001101,2,3,-4366829.49373192,demand,2026-09-13T06:47:01.595013+00:00
9e171f1f-d1d8-44c7-bb74-75c1539acac9,fUST,0.000101,120,1,-293300.0,demand,2026-09-13T06:47:01.595013+00:00
9e171f1f-d1d8-44c7-bb74-75c1539acac9,fUST,0.0001,2,1,-1000.0,demand,2026-09-13T06:47:01.595013+00:00
9e171f1f-d1d8-44c7-bb74-75c1539acac9,fUST,0.00012375,2,1,330.1253,offer,2026-09-13T06:47:01.595013+00:00
9e171f1f-d1d8-44c7-bb74-75c1539acac9,fUST,0.000124375,2,1,198.0752,offer,2026-09-13T06:47:01.595013+00:00
9e171f1f-d1d8-44c7-bb74-75c1539acac9,fUST,0.000125,2,1,2521.20276661,offer,2026-09-13T06:47:01.595013+00:00
9e171f1f-d1d8-44c7-bb74-75c1539acac9,fUST,0.000131,2,1,5000.0,offer,2026-09-13T06:47:01.595013+00:00
9e171f1f-d1d8-44c7-bb74-75c1539acac9,fUST,0.0001466173,2,1,352.0325389,offer,2026-09-13T06:47:01.595013+00:00
9e171f1f-d1d8-44c7-bb74-75c1539acac9,fUST,0.0001478673,2,1,304.820196,offer,2026-09-13T06:47:01.595013+00:00
9e171f1f-d1d8-44c7-bb74-75c1539acac9,fUST,0.00015,2,1,782.04153629,offer,2026-09-13T06:47:01.595013+00:00
9e171f1f-d1d8-44c7-bb74-75c1539acac9,fUST,0.00015068493150684933,2,1,185.262091,offer,2026-09-13T06:47:01.595013+00:00
9e171f1f-d1d8-44c7-bb74-75c1539acac9,fUST,0.00016999,2,1,209.461,offer,2026-09-13T06:47:01.595013+00:00
9e171f1f-d1d8-44c7-bb74-75c1539acac9,fUST,0.00016999000000000002,2,15,7035.69287613,offer,2026-09-13T06:47:01.595013+00:00
9e171f1f-d1d8-44c7-bb74-75c1539acac9,fUST,0.00017,2,14,215512.5913963,offer,2026-09-13T06:47:01.595013+00:00
9e171f1f-d1d8-44c7-bb74-75c1539acac9,fUST,0.00017339,2,15,4500.0,offer,2026-09-13T06:47:01.595013+00:00
9e171f1f-d1d8-44c7-bb74-75c1539acac9,fUST,0.00017685,2,1,600.0,offer,2026-09-13T06:47:01.595013+00:00
9e171f1f-d1d8-44c7-bb74-75c1539acac9,fUST,0.00018790000000000004,3,2,928.6,offer,2026-09-13T06:47:01.595013+00:00
9e171f1f-d1d8-44c7-bb74-75c1539acac9,fUST,0.000188,2,10,137286.51222161,offer,2026-09-13T06:47:01.595013+00:00
9e171f1f-d1d8-44c7-bb74-75c1539acac9,fUST,0.00019178,2,9,4500.0,offer,2026-09-13T06:47:01.595013+00:00
9e171f1f-d1d8-44c7-bb74-75c1539acac9,fUST,0.00019388,2,3,1500.0,offer,2026-09-13T06:47:01.595013+00:00
9e171f1f-d1d8-44c7-bb74-75c1539acac9,fUST,0.00019398,2,6,3087.85095782,offer,2026-09-13T06:47:01.595013+00:00
9e171f1f-d1d8-44c7-bb74-75c1539acac9,fUST,0.00019399,2,2,1866.95278637,offer,2026-09-13T06:47:01.595013+00:00
9e171f1f-d1d8-44c7-bb74-75c1539acac9,fUST,0.000194,2,2,885205.37990784,offer,2026-09-13T06:47:01.595013+00:00
9e171f1f-d1d8-44c7-bb74-75c1539acac9,fUST,0.000194,5,2,1175.06045355,offer,2026-09-13T06:47:01.595013+00:00
9e171f1f-d1d8-44c7-bb74-75c1539acac9,fUST,0.0001940001,2,2,1361.21,offer,2026-09-13T06:47:01.595013+00:00
9e171f1f-d1d8-44c7-bb74-75c1539acac9,fUST,0.00019453,2,1,720.0,offer,2026-09-13T06:47:01.595013+00:00
9e171f1f-d1d8-44c7-bb74-75c1539acac9,fUST,0.000195,2,1,28403.65415004,offer,2026-09-13T06:47:01.595013+00:00
9e171f1f-d1d8-44c7-bb74-75c1539acac9,fUST,0.0001978596,5,1,587.85095782,offer,2026-09-13T06:47:01.595013+00:00
e4ca5c47-2dd3-4d36-9b34-82ed8355b519,fUST,0.0002671232876712329,120,1,-3820611.85215278,demand,2026-09-13T07:47:01.650494+00:00
e4ca5c47-2dd3-4d36-9b34-82ed8355b519,fUST,0.00024463287671232876,60,1,-3665745.74913772,demand,2026-09-13T07:47:01.650494+00:00
e4ca5c47-2dd3-4d36-9b34-82ed8355b519,fUST,0.00024309315,120,1,-20000.0,demand,2026-09-13T07:47:01.650494+00:00
e4ca5c47-2dd3-4d36-9b34-82ed8355b519,fUST,0.00016,60,19,-119484.48298844,demand,2026-09-13T07:47:01.650494+00:00
e4ca5c47-2dd3-4d36-9b34-82ed8355b519,fUST,0.000152,60,1,-28000.0,demand,2026-09-13T07:47:01.650494+00:00
e4ca5c47-2dd3-4d36-9b34-82ed8355b519,fUST,0.00015,120,1,-300000.0,demand,2026-09-13T07:47:01.650494+00:00
e4ca5c47-2dd3-4d36-9b34-82ed8355b519,fUST,0.00015,45,23,-138668.928077,demand,2026-09-13T07:47:01.650494+00:00
e4ca5c47-2dd3-4d36-9b34-82ed8355b519,fUST,0.00015,30,4,-17404.74,demand,2026-09-13T07:47:01.650494+00:00
e4ca5c47-2dd3-4d36-9b34-82ed8355b519,fUST,0.0001421,45,1,-10000.0,demand,2026-09-13T07:47:01.650494+00:00
e4ca5c47-2dd3-4d36-9b34-82ed8355b519,fUST,0.000142,45,2,-20000.0,demand,2026-09-13T07:47:01.650494+00:00
e4ca5c47-2dd3-4d36-9b34-82ed8355b519,fUST,0.0001361,30,14,-48871.41107403,demand,2026-09-13T07:47:01.650494+00:00
e4ca5c47-2dd3-4d36-9b34-82ed8355b519,fUST,0.000136,30,2,-14544.22120933,demand,2026-09-13T07:47:01.650494+00:00
e4ca5c47-2dd3-4d36-9b34-82ed8355b519,fUST,0.000131,2,1,-2000.0,demand,2026-09-13T07:47:01.650494+00:00
e4ca5c47-2dd3-4d36-9b34-82ed8355b519,fUST,0.00013,30,1,-28000.0,demand,2026-09-13T07:47:01.650494+00:00
e4ca5c47-2dd3-4d36-9b34-82ed8355b519,fUST,0.0001226,12,1,-135216.16709793,demand,2026-09-13T07:47:01.650494+00:00
e4ca5c47-2dd3-4d36-9b34-82ed8355b519,fUST,0.0001225,59,1,-95000.0,demand,2026-09-13T07:47:01.650494+00:00
e4ca5c47-2dd3-4d36-9b34-82ed8355b519,fUST,0.0001222,29,1,-194504.86890568,demand,2026-09-13T07:47:01.650494+00:00
e4ca5c47-2dd3-4d36-9b34-82ed8355b519,fUST,0.0001202,19,1,-184532.71737778,demand,2026-09-13T07:47:01.650494+00:00
e4ca5c47-2dd3-4d36-9b34-82ed8355b519,fUST,0.00012,120,1,-30000.0,demand,2026-09-13T07:47:01.650494+00:00
e4ca5c47-2dd3-4d36-9b34-82ed8355b519,fUST,0.0001181,7,1,-76226.65849949,demand,2026-09-13T07:47:01.650494+00:00
e4ca5c47-2dd3-4d36-9b34-82ed8355b519,fUST,0.000115,2,1,-379104.0467784,demand,2026-09-13T07:47:01.650494+00:00
e4ca5c47-2dd3-4d36-9b34-82ed8355b519,fUST,0.00011011,2,1,-574906.89108704,demand,2026-09-13T07:47:01.650494+00:00
e4ca5c47-2dd3-4d36-9b34-82ed8355b519,fUST,0.0001101,2,3,-4366829.49373192,demand,2026-09-13T07:47:01.650494+00:00
e4ca5c47-2dd3-4d36-9b34-82ed8355b519,fUST,0.000101,120,1,-293300.0,demand,2026-09-13T07:47:01.650494+00:00
e4ca5c47-2dd3-4d36-9b34-82ed8355b519,fUST,0.0001,2,1,-1000.0,demand,2026-09-13T07:47:01.650494+00:00
e4ca5c47-2dd3-4d36-9b34-82ed8355b519,fUST,0.00015864,2,1,1624.54119116,offer,2026-09-13T07:47:01.650494+00:00
e4ca5c47-2dd3-4d36-9b34-82ed8355b519,fUST,0.00016186,2,1,764.34,offer,2026-09-13T07:47:01.650494+00:00
e4ca5c47-2dd3-4d36-9b34-82ed8355b519,fUST,0.0001634969,2,1,500.0,offer,2026-09-13T07:47:01.650494+00:00
e4ca5c47-2dd3-4d36-9b34-82ed8355b519,fUST,0.0001643836,2,1,171.7593,offer,2026-09-13T07:47:01.650494+00:00
e4ca5c47-2dd3-4d36-9b34-82ed8355b519,fUST,0.0001659519,2,1,191.721512,offer,2026-09-13T07:47:01.650494+00:00
e4ca5c47-2dd3-4d36-9b34-82ed8355b519,fUST,0.0001683533,2,1,183.654496,offer,2026-09-13T07:47:01.650494+00:00
e4ca5c47-2dd3-4d36-9b34-82ed8355b519,fUST,0.00017,2,1,18935.18885691,offer,2026-09-13T07:47:01.650494+00:00
e4ca5c47-2dd3-4d36-9b34-82ed8355b519,fUST,0.00017339,2,15,4500.0,offer,2026-09-13T07:47:01.650494+00:00
e4ca5c47-2dd3-4d36-9b34-82ed8355b519,fUST,0.00017685,2,1,600.0,offer,2026-09-13T07:47:01.650494+00:00
e4ca5c47-2dd3-4d36-9b34-82ed8355b519,fUST,0.00017805,2,1,764.34,offer,2026-09-13T07:47:01.650494+00:00
e4ca5c47-2dd3-4d36-9b34-82ed8355b519,fUST,0.00018,2,1,500.0,offer,2026-09-13T07:47:01.650494+00:00
e4ca5c47-2dd3-4d36-9b34-82ed8355b519,fUST,0.00018454,2,1,167.569,offer,2026-09-13T07:47:01.650494+00:00
e4ca5c47-2dd3-4d36-9b34-82ed8355b519,fUST,0.000188,2,1,4801.73203233,offer,2026-09-13T07:47:01.650494+00:00
e4ca5c47-2dd3-4d36-9b34-82ed8355b519,fUST,0.00019178,2,1,500.0,offer,2026-09-13T07:47:01.650494+00:00
e4ca5c47-2dd3-4d36-9b34-82ed8355b519,fUST,0.00019378239164212366,2,1,917.689607,offer,2026-09-13T07:47:01.650494+00:00
e4ca5c47-2dd3-4d36-9b34-82ed8355b519,fUST,0.00019395000000000003,2,67,33250.00533389,offer,2026-09-13T07:47:01.650494+00:00
e4ca5c47-2dd3-4d36-9b34-82ed8355b519,fUST,0.00019396000000000002,2,4,65705.58397772,offer,2026-09-13T07:47:01.650494+00:00
e4ca5c47-2dd3-4d36-9b34-82ed8355b519,fUST,0.00019398,2,5,4012.45560048,offer,2026-09-13T07:47:01.650494+00:00
e4ca5c47-2dd3-4d36-9b34-82ed8355b519,fUST,0.00019399,2,2,1922.23531377,offer,2026-09-13T07:47:01.650494+00:00
e4ca5c47-2dd3-4d36-9b34-82ed8355b519,fUST,0.000194,2,6,789280.92083587,offer,2026-09-13T07:47:01.650494+00:00
e4ca5c47-2dd3-4d36-9b34-82ed8355b519,fUST,0.0001940001,2,2,1361.21,offer,2026-09-13T07:47:01.650494+00:00
e4ca5c47-2dd3-4d36-9b34-82ed8355b519,fUST,0.00019423,2,1,764.34,offer,2026-09-13T07:47:01.650494+00:00
e4ca5c47-2dd3-4d36-9b34-82ed8355b519,fUST,0.00019424,2,1,2891.7896987,offer,2026-09-13T07:47:01.650494+00:00
e4ca5c47-2dd3-4d36-9b34-82ed8355b519,fUST,0.0001943817123287671,2,1,560.03217568,offer,2026-09-13T07:47:01.650494+00:00
e4ca5c47-2dd3-4d36-9b34-82ed8355b519,fUST,0.00019453,2,1,720.0,offer,2026-09-13T07:47:01.650494+00:00
89885eb9-e5d3-4f44-80dd-dce027df735e,fUST,0.0002671232876712329,120,1,-3782930.67215278,demand,2026-09-13T08:47:01.616713+00:00
89885eb9-e5d3-4f44-80dd-dce027df735e,fUST,0.00024476986301369863,60,1,-3665745.74913772,demand,2026-09-13T08:47:01.616713+00:00
89885eb9-e5d3-4f44-80dd-dce027df735e,fUST,0.00024309315,120,1,-20000.0,demand,2026-09-13T08:47:01.616713+00:00
89885eb9-e5d3-4f44-80dd-dce027df735e,fUST,0.00016,60,19,-119484.48298844,demand,2026-09-13T08:47:01.616713+00:00
89885eb9-e5d3-4f44-80dd-dce027df735e,fUST,0.000152,60,1,-28000.0,demand,2026-09-13T08:47:01.616713+00:00
89885eb9-e5d3-4f44-80dd-dce027df735e,fUST,0.00015,120,1,-300000.0,demand,2026-09-13T08:47:01.616713+00:00
89885eb9-e5d3-4f44-80dd-dce027df735e,fUST,0.00015,45,23,-138668.928077,demand,2026-09-13T08:47:01.616713+00:00
89885eb9-e5d3-4f44-80dd-dce027df735e,fUST,0.00015,30,4,-17404.74,demand,2026-09-13T08:47:01.616713+00:00
89885eb9-e5d3-4f44-80dd-dce027df735e,fUST,0.0001421,45,1,-10000.0,demand,2026-09-13T08:47:01.616713+00:00
89885eb9-e5d3-4f44-80dd-dce027df735e,fUST,0.000142,45,2,-20000.0,demand,2026-09-13T08:47:01.616713+00:00
89885eb9-e5d3-4f44-80dd-dce027df735e,fUST,0.0001361,30,14,-48871.41107403,demand,2026-09-13T08:47:01.616713+00:00
89885eb9-e5d3-4f44-80dd-dce027df735e,fUST,0.000136,30,2,-14544.22120933,demand,2026-09-13T08:47:01.616713+00:00
89885eb9-e5d3-4f44-80dd-dce027df735e,fUST,0.000131,2,1,-2000.0,demand,2026-09-13T08:47:01.616713+00:00
89885eb9-e5d3-4f44-80dd-dce027df735e,fUST,0.00013,30,1,-28000.0,demand,2026-09-13T08:47:01.616713+00:00
89885eb9-e5d3-4f44-80dd-dce027df735e,fUST,0.0001226,12,1,-135216.16709793,demand,2026-09-13T08:47:01.616713+00:00
89885eb9-e5d3-4f44-80dd-dce027df735e,fUST,0.0001225,59,1,-95000.0,demand,2026-09-13T08:47:01.616713+00:00
89885eb9-e5d3-4f44-80dd-dce027df735e,fUST,0.0001222,29,1,-194504.86890568,demand,2026-09-13T08:47:01.616713+00:00
89885eb9-e5d3-4f44-80dd-dce027df735e,fUST,0.0001202,19,1,-184532.71737778,demand,2026-09-13T08:47:01.616713+00:00
89885eb9-e5d3-4f44-80dd-dce027df735e,fUST,0.00012,120,1,-30000.0,demand,2026-09-13T08:47:01.616713+00:00
89885eb9-e5d3-4f44-80dd-dce027df735e,fUST,0.0001181,7,1,-76226.65849949,demand,2026-09-13T08:47:01.616713+00:00
89885eb9-e5d3-4f44-80dd-dce027df735e,fUST,0.000115,2,1,-379104.0467784,demand,2026-09-13T08:47:01.616713+00:00
89885eb9-e5d3-4f44-80dd-dce027df735e,fUST,0.00011011,2,1,-574906.89108704,demand,2026-09-13T08:47:01.616713+00:00
89885eb9-e5d3-4f44-80dd-dce027df735e,fUST,0.0001101,2,3,-4366829.49373192,demand,2026-09-13T08:47:01.616713+00:00
89885eb9-e5d3-4f44-80dd-dce027df735e,fUST,0.000101,120,1,-293300.0,demand,2026-09-13T08:47:01.616713+00:00
89885eb9-e5d3-4f44-80dd-dce027df735e,fUST,0.0001,2,1,-1000.0,demand,2026-09-13T08:47:01.616713+00:00
89885eb9-e5d3-4f44-80dd-dce027df735e,fUST,0.00015162,2,1,646.6406,offer,2026-09-13T08:47:01.616713+00:00
89885eb9-e5d3-4f44-80dd-dce027df735e,fUST,0.00015315,2,1,5000.0,offer,2026-09-13T08:47:01.616713+00:00
89885eb9-e5d3-4f44-80dd-dce027df735e,fUST,0.000157836945,7,1,309.78365526,offer,2026-09-13T08:47:01.616713+00:00
89885eb9-e5d3-4f44-80dd-dce027df735e,fUST,0.00015784,2,1,191.09,offer,2026-09-13T08:47:01.616713+00:00
89885eb9-e5d3-4f44-80dd-dce027df735e,fUST,0.00016162,2,1,155.26501343,offer,2026-09-13T08:47:01.616713+00:00
89885eb9-e5d3-4f44-80dd-dce027df735e,fUST,0.0001641553,2,1,160.2295361,offer,2026-09-13T08:47:01.616713+00:00
89885eb9-e5d3-4f44-80dd-dce027df735e,fUST,0.0001643836,2,1,171.7593,offer,2026-09-13T08:47:01.616713+00:00
89885eb9-e5d3-4f44-80dd-dce027df735e,fUST,0.00016609,2,1,2433.4216505,offer,2026-09-13T08:47:01.616713+00:00
89885eb9-e5d3-4f44-80dd-dce027df735e,fUST,0.00017,2,1,15423.47141466,offer,2026-09-13T08:47:01.616713+00:00
89885eb9-e5d3-4f44-80dd-dce027df735e,fUST,0.00017339,2,15,4500.0,offer,2026-09-13T08:47:01.616713+00:00
89885eb9-e5d3-4f44-80dd-dce027df735e,fUST,0.00017685,2,1,600.0,offer,2026-09-13T08:47:01.616713+00:00
89885eb9-e5d3-4f44-80dd-dce027df735e,fUST,0.00018,2,1,500.0,offer,2026-09-13T08:47:01.616713+00:00
89885eb9-e5d3-4f44-80dd-dce027df735e,fUST,0.0001808003322,2,1,179.66978,offer,2026-09-13T08:47:01.616713+00:00
89885eb9-e5d3-4f44-80dd-dce027df735e,fUST,0.00018645803767123286,2,1,152.32211902,offer,2026-09-13T08:47:01.616713+00:00
89885eb9-e5d3-4f44-80dd-dce027df735e,fUST,0.000188,2,1,4801.73203233,offer,2026-09-13T08:47:01.616713+00:00
89885eb9-e5d3-4f44-80dd-dce027df735e,fUST,0.0001898952048,2,1,3387.5350281,offer,2026-09-13T08:47:01.616713+00:00
89885eb9-e5d3-4f44-80dd-dce027df735e,fUST,0.000190314030830137,2,1,179.66978,offer,2026-09-13T08:47:01.616713+00:00
89885eb9-e5d3-4f44-80dd-dce027df735e,fUST,0.00019386000000000002,2,10,5118.07128115,offer,2026-09-13T08:47:01.616713+00:00
89885eb9-e5d3-4f44-80dd-dce027df735e,fUST,0.00019387,2,1,500.0,offer,2026-09-13T08:47:01.616713+00:00
89885eb9-e5d3-4f44-80dd-dce027df735e,fUST,0.00019388,2,1,465.4341523,offer,2026-09-13T08:47:01.616713+00:00
89885eb9-e5d3-4f44-80dd-dce027df735e,fUST,0.00019388360000000002,2,1,233.72088593,offer,2026-09-13T08:47:01.616713+00:00
89885eb9-e5d3-4f44-80dd-dce027df735e,fUST,0.00019389,2,1,503.20184228,offer,2026-09-13T08:47:01.616713+00:00
89885eb9-e5d3-4f44-80dd-dce027df735e,fUST,0.0001939,2,23,337238.79245615,offer,2026-09-13T08:47:01.616713+00:00
89885eb9-e5d3-4f44-80dd-dce027df735e,fUST,0.000194,2,1,26000.0,offer,2026-09-13T08:47:01.616713+00:00
89885eb9-e5d3-4f44-80dd-dce027df735e,fUST,0.00019403,2,1,300.0,offer,2026-09-13T08:47:01.616713+00:00
71505e4a-7830-4f17-bb00-a6fa53e052ab,fUST,0.0002671232876712329,120,1,-3782337.63842738,demand,2026-09-13T09:47:01.599148+00:00
71505e4a-7830-4f17-bb00-a6fa53e052ab,fUST,0.00024476986301369863,60,1,-3665745.74913772,demand,2026-09-13T09:47:01.599148+00:00
71505e4a-7830-4f17-bb00-a6fa53e052ab,fUST,0.00024309315,120,1,-20000.0,demand,2026-09-13T09:47:01.599148+00:00
71505e4a-7830-4f17-bb00-a6fa53e052ab,fUST,0.00016,60,19,-119484.48298844,demand,2026-09-13T09:47:01.599148+00:00
71505e4a-7830-4f17-bb00-a6fa53e052ab,fUST,0.000152,60,1,-28000.0,demand,2026-09-13T09:47:01.599148+00:00
71505e4a-7830-4f17-bb00-a6fa53e052ab,fUST,0.00015,120,1,-300000.0,demand,2026-09-13T09:47:01.599148+00:00
71505e4a-7830-4f17-bb00-a6fa53e052ab,fUST,0.00015,45,23,-138668.928077,demand,2026-09-13T09:47:01.599148+00:00
71505e4a-7830-4f17-bb00-a6fa53e052ab,fUST,0.00015,30,4,-17404.74,demand,2026-09-13T09:47:01.599148+00:00
71505e4a-7830-4f17-bb00-a6fa53e052ab,fUST,0.0001421,45,1,-10000.0,demand,2026-09-13T09:47:01.599148+00:00
71505e4a-7830-4f17-bb00-a6fa53e052ab,fUST,0.000142,45,2,-20000.0,demand,2026-09-13T09:47:01.599148+00:00
71505e4a-7830-4f17-bb00-a6fa53e052ab,fUST,0.0001361,30,14,-48871.41107403,demand,2026-09-13T09:47:01.599148+00:00
71505e4a-7830-4f17-bb00-a6fa53e052ab,fUST,0.000136,30,2,-14544.22120933,demand,2026-09-13T09:47:01.599148+00:00
71505e4a-7830-4f17-bb00-a6fa53e052ab,fUST,0.000131,2,1,-2000.0,demand,2026-09-13T09:47:01.599148+00:00
71505e4a-7830-4f17-bb00-a6fa53e052ab,fUST,0.00013,30,1,-28000.0,demand,2026-09-13T09:47:01.599148+00:00
71505e4a-7830-4f17-bb00-a6fa53e052ab,fUST,0.0001226,12,1,-135216.16709793,demand,2026-09-13T09:47:01.599148+00:00
71505e4a-7830-4f17-bb00-a6fa53e052ab,fUST,0.0001225,59,1,-95000.0,demand,2026-09-13T09:47:01.599148+00:00
71505e4a-7830-4f17-bb00-a6fa53e052ab,fUST,0.0001222,29,1,-194504.86890568,demand,2026-09-13T09:47:01.599148+00:00
71505e4a-7830-4f17-bb00-a6fa53e052ab,fUST,0.0001202,19,1,-184532.71737778,demand,2026-09-13T09:47:01.599148+00:00
71505e4a-7830-4f17-bb00-a6fa53e052ab,fUST,0.00012,120,1,-30000.0,demand,2026-09-13T09:47:01.599148+00:00
71505e4a-7830-4f17-bb00-a6fa53e052ab,fUST,0.0001181,7,1,-76226.65849949,demand,2026-09-13T09:47:01.599148+00:00
71505e4a-7830-4f17-bb00-a6fa53e052ab,fUST,0.000118,2,1,-843021.49456865,demand,2026-09-13T09:47:01.599148+00:00
71505e4a-7830-4f17-bb00-a6fa53e052ab,fUST,0.00011011,2,1,-574906.89108704,demand,2026-09-13T09:47:01.599148+00:00
71505e4a-7830-4f17-bb00-a6fa53e052ab,fUST,0.0001101,2,3,-4366829.49373192,demand,2026-09-13T09:47:01.599148+00:00
71505e4a-7830-4f17-bb00-a6fa53e052ab,fUST,0.000101,120,1,-293300.0,demand,2026-09-13T09:47:01.599148+00:00
71505e4a-7830-4f17-bb00-a6fa53e052ab,fUST,0.0001,2,1,-1000.0,demand,2026-09-13T09:47:01.599148+00:00
71505e4a-7830-4f17-bb00-a6fa53e052ab,fUST,0.000168,2,1,350.24,offer,2026-09-13T09:47:01.599148+00:00
71505e4a-7830-4f17-bb00-a6fa53e052ab,fUST,0.00018620613013698632,2,2,330.02064674,offer,2026-09-13T09:47:01.599148+00:00
71505e4a-7830-4f17-bb00-a6fa53e052ab,fUST,0.00018623157534246573,2,1,171.59622313,offer,2026-09-13T09:47:01.599148+00:00
71505e4a-7830-4f17-bb00-a6fa53e052ab,fUST,0.000188,2,1,301.58658813,offer,2026-09-13T09:47:01.599148+00:00
71505e4a-7830-4f17-bb00-a6fa53e052ab,fUST,0.000188,7,1,200.0,offer,2026-09-13T09:47:01.599148+00:00
71505e4a-7830-4f17-bb00-a6fa53e052ab,fUST,0.00018816832796613868,5,1,1000.0,offer,2026-09-13T09:47:01.599148+00:00
71505e4a-7830-4f17-bb00-a6fa53e052ab,fUST,0.0001887522,2,1,2192.3349527,offer,2026-09-13T09:47:01.599148+00:00
71505e4a-7830-4f17-bb00-a6fa53e052ab,fUST,0.00019388360000000002,2,1,170.12305878,offer,2026-09-13T09:47:01.599148+00:00
71505e4a-7830-4f17-bb00-a6fa53e052ab,fUST,0.000194,2,1,2904.42839227,offer,2026-09-13T09:47:01.599148+00:00
71505e4a-7830-4f17-bb00-a6fa53e052ab,fUST,0.00019446609589041097,2,5,1317.24390319,offer,2026-09-13T09:47:01.599148+00:00
71505e4a-7830-4f17-bb00-a6fa53e052ab,fUST,0.00019449246575342462,2,2,511.45626515,offer,2026-09-13T09:47:01.599148+00:00
71505e4a-7830-4f17-bb00-a6fa53e052ab,fUST,0.000198,2,1,1000.0,offer,2026-09-13T09:47:01.599148+00:00
71505e4a-7830-4f17-bb00-a6fa53e052ab,fUST,0.00019899,2,8,4092.31443744,offer,2026-09-13T09:47:01.599148+00:00
71505e4a-7830-4f17-bb00-a6fa53e052ab,fUST,0.000199,2,1,2971.92684109,offer,2026-09-13T09:47:01.599148+00:00
71505e4a-7830-4f17-bb00-a6fa53e052ab,fUST,0.0001993636,2,1,170.12305878,offer,2026-09-13T09:47:01.599148+00:00
71505e4a-7830-4f17-bb00-a6fa53e052ab,fUST,0.00019985271637999998,2,1,255.49711904,offer,2026-09-13T09:47:01.599148+00:00
71505e4a-7830-4f17-bb00-a6fa53e052ab,fUST,0.00019987,2,1,291.3,offer,2026-09-13T09:47:01.599148+00:00
71505e4a-7830-4f17-bb00-a6fa53e052ab,fUST,0.0001998944794520548,2,4,1581.37119544,offer,2026-09-13T09:47:01.599148+00:00
71505e4a-7830-4f17-bb00-a6fa53e052ab,fUST,0.0001999727397260274,2,8,3065.36354857,offer,2026-09-13T09:47:01.599148+00:00
71505e4a-7830-4f17-bb00-a6fa53e052ab,fUST,0.00019998,2,1,634.53456303,offer,2026-09-13T09:47:01.599148+00:00
71505e4a-7830-4f17-bb00-a6fa53e052ab,fUST,0.00019999000000000001,2,3,982.11110353,offer,2026-09-13T09:47:01.599148+00:00
71505e4a-7830-4f17-bb00-a6fa53e052ab,fUST,0.0001999997260273972,2,2,851.31630716,offer,2026-09-13T09:47:01.599148+00:00
71505e4a-7830-4f17-bb00-a6fa53e052ab,fUST,0.00019999999999999998,2,1,265.67,offer,2026-09-13T09:47:01.599148+00:00
71505e4a-7830-4f17-bb00-a6fa53e052ab,fUST,0.0002,2,23,215377.87175301,offer,2026-09-13T09:47:01.599148+00:00
71505e4a-7830-4f17-bb00-a6fa53e052ab,fUST,0.0002,10,1,17699.41570477,offer,2026-09-13T09:47:01.599148+00:00
59a7e931-e7c2-4368-8c65-3301f77c4f54,fUST,0.0002671232876712329,120,1,-3781337.63842738,demand,2026-09-13T10:47:01.890223+00:00
59a7e931-e7c2-4368-8c65-3301f77c4f54,fUST,0.00024488767123287674,60,1,-3665745.74913772,demand,2026-09-13T10:47:01.890223+00:00
59a7e931-e7c2-4368-8c65-3301f77c4f54,fUST,0.00024309315,120,1,-20000.0,demand,2026-09-13T10:47:01.890223+00:00
59a7e931-e7c2-4368-8c65-3301f77c4f54,fUST,0.00016,60,19,-119484.48298844,demand,2026-09-13T10:47:01.890223+00:00
59a7e931-e7c2-4368-8c65-3301f77c4f54,fUST,0.000152,60,1,-28000.0,demand,2026-09-13T10:47:01.890223+00:00
59a7e931-e7c2-4368-8c65-3301f77c4f54,fUST,0.00015,120,1,-300000.0,demand,2026-09-13T10:47:01.890223+00:00
59a7e931-e7c2-4368-8c65-3301f77c4f54,fUST,0.00015,45,23,-138668.928077,demand,2026-09-13T10:47:01.890223+00:00
59a7e931-e7c2-4368-8c65-3301f77c4f54,fUST,0.00015,30,4,-17404.74,demand,2026-09-13T10:47:01.890223+00:00
59a7e931-e7c2-4368-8c65-3301f77c4f54,fUST,0.0001421,45,1,-10000.0,demand,2026-09-13T10:47:01.890223+00:00
59a7e931-e7c2-4368-8c65-3301f77c4f54,fUST,0.000142,45,2,-20000.0,demand,2026-09-13T10:47:01.890223+00:00
59a7e931-e7c2-4368-8c65-3301f77c4f54,fUST,0.0001361,30,14,-48871.41107403,demand,2026-09-13T10:47:01.890223+00:00
59a7e931-e7c2-4368-8c65-3301f77c4f54,fUST,0.000136,30,2,-14544.22120933,demand,2026-09-13T10:47:01.890223+00:00
59a7e931-e7c2-4368-8c65-3301f77c4f54,fUST,0.000131,2,1,-2000.0,demand,2026-09-13T10:47:01.890223+00:00
59a7e931-e7c2-4368-8c65-3301f77c4f54,fUST,0.00013,30,1,-28000.0,demand,2026-09-13T10:47:01.890223+00:00
59a7e931-e7c2-4368-8c65-3301f77c4f54,fUST,0.0001226,12,1,-135216.16709793,demand,2026-09-13T10:47:01.890223+00:00
59a7e931-e7c2-4368-8c65-3301f77c4f54,fUST,0.0001225,59,1,-95000.0,demand,2026-09-13T10:47:01.890223+00:00
59a7e931-e7c2-4368-8c65-3301f77c4f54,fUST,0.0001222,29,1,-194504.86890568,demand,2026-09-13T10:47:01.890223+00:00
59a7e931-e7c2-4368-8c65-3301f77c4f54,fUST,0.0001202,19,1,-184532.71737778,demand,2026-09-13T10:47:01.890223+00:00
59a7e931-e7c2-4368-8c65-3301f77c4f54,fUST,0.00012,120,1,-30000.0,demand,2026-09-13T10:47:01.890223+00:00
59a7e931-e7c2-4368-8c65-3301f77c4f54,fUST,0.0001181,7,1,-76226.65849949,demand,2026-09-13T10:47:01.890223+00:00
59a7e931-e7c2-4368-8c65-3301f77c4f54,fUST,0.000118,2,1,-834666.13449631,demand,2026-09-13T10:47:01.890223+00:00
59a7e931-e7c2-4368-8c65-3301f77c4f54,fUST,0.00011011,2,1,-574906.89108704,demand,2026-09-13T10:47:01.890223+00:00
59a7e931-e7c2-4368-8c65-3301f77c4f54,fUST,0.0001101,2,3,-4366829.49373192,demand,2026-09-13T10:47:01.890223+00:00
59a7e931-e7c2-4368-8c65-3301f77c4f54,fUST,0.000101,120,1,-293300.0,demand,2026-09-13T10:47:01.890223+00:00
59a7e931-e7c2-4368-8c65-3301f77c4f54,fUST,0.0001,2,1,-1000.0,demand,2026-09-13T10:47:01.890223+00:00
59a7e931-e7c2-4368-8c65-3301f77c4f54,fUST,0.0001553,2,1,5000.0,offer,2026-09-13T10:47:01.890223+00:00
59a7e931-e7c2-4368-8c65-3301f77c4f54,fUST,0.00015687,2,1,2006.10611157,offer,2026-09-13T10:47:01.890223+00:00
59a7e931-e7c2-4368-8c65-3301f77c4f54,fUST,0.00017,2,1,3437.47523128,offer,2026-09-13T10:47:01.890223+00:00
59a7e931-e7c2-4368-8c65-3301f77c4f54,fUST,0.00017339,2,15,4500.0,offer,2026-09-13T10:47:01.890223+00:00
59a7e931-e7c2-4368-8c65-3301f77c4f54,fUST,0.00017685,2,1,600.0,offer,2026-09-13T10:47:01.890223+00:00
59a7e931-e7c2-4368-8c65-3301f77c4f54,fUST,0.00017999,2,1,500.0,offer,2026-09-13T10:47:01.890223+00:00
59a7e931-e7c2-4368-8c65-3301f77c4f54,fUST,0.00018,2,1,500.0,offer,2026-09-13T10:47:01.890223+00:00
59a7e931-e7c2-4368-8c65-3301f77c4f54,fUST,0.00018634098972602738,2,1,173.01995626,offer,2026-09-13T10:47:01.890223+00:00
59a7e931-e7c2-4368-8c65-3301f77c4f54,fUST,0.00018642241438356162,2,4,673.93472011,offer,2026-09-13T10:47:01.890223+00:00
59a7e931-e7c2-4368-8c65-3301f77c4f54,fUST,0.000188,2,1,4801.73203233,offer,2026-09-13T10:47:01.890223+00:00
59a7e931-e7c2-4368-8c65-3301f77c4f54,fUST,0.00018988599999999998,2,1,299.82349583,offer,2026-09-13T10:47:01.890223+00:00
59a7e931-e7c2-4368-8c65-3301f77c4f54,fUST,0.00018999,2,21,10155.04800631,offer,2026-09-13T10:47:01.890223+00:00
59a7e931-e7c2-4368-8c65-3301f77c4f54,fUST,0.00018999049999999997,2,1,2506.7704341,offer,2026-09-13T10:47:01.890223+00:00
59a7e931-e7c2-4368-8c65-3301f77c4f54,fUST,0.00018999999999999998,2,21,243562.52187486,offer,2026-09-13T10:47:01.890223+00:00
59a7e931-e7c2-4368-8c65-3301f77c4f54,fUST,0.00019,2,1,742.41053604,offer,2026-09-13T10:47:01.890223+00:00
59a7e931-e7c2-4368-8c65-3301f77c4f54,fUST,0.00019178,2,1,539.434746,offer,2026-09-13T10:47:01.890223+00:00
59a7e931-e7c2-4368-8c65-3301f77c4f54,fUST,0.00019208,2,1,219.47941194,offer,2026-09-13T10:47:01.890223+00:00
59a7e931-e7c2-4368-8c65-3301f77c4f54,fUST,0.00019339,2,2,9424.4304962,offer,2026-09-13T10:47:01.890223+00:00
59a7e931-e7c2-4368-8c65-3301f77c4f54,fUST,0.0001938,4,1,875.91198898,offer,2026-09-13T10:47:01.890223+00:00
59a7e931-e7c2-4368-8c65-3301f77c4f54,fUST,0.00019453,2,1,720.0,offer,2026-09-13T10:47:01.890223+00:00
59a7e931-e7c2-4368-8c65-3301f77c4f54,fUST,0.00019460585616438354,2,3,793.90792231,offer,2026-09-13T10:47:01.890223+00:00
59a7e931-e7c2-4368-8c65-3301f77c4f54,fUST,0.00019465595890410958,2,2,636.20561715,offer,2026-09-13T10:47:01.890223+00:00
59a7e931-e7c2-4368-8c65-3301f77c4f54,fUST,0.00019469023972602738,2,7,2688.51935016,offer,2026-09-13T10:47:01.890223+00:00
59a7e931-e7c2-4368-8c65-3301f77c4f54,fUST,0.000195,2,1,7039.83919892,offer,2026-09-13T10:47:01.890223+00:00
59a7e931-e7c2-4368-8c65-3301f77c4f54,fUST,0.00019536599999999999,2,1,299.82349583,offer,2026-09-13T10:47:01.890223+00:00
e6bac5bf-04dd-4287-84e9-bc2eeab23144,fUST,0.0002671232876712329,120,1,-3781001.66842738,demand,2026-09-13T11:47:01.744497+00:00
e6bac5bf-04dd-4287-84e9-bc2eeab23144,fUST,0.00024482739726027397,60,1,-3665745.74913772,demand,2026-09-13T11:47:01.744497+00:00
e6bac5bf-04dd-4287-84e9-bc2eeab23144,fUST,0.00024309315,120,1,-20000.0,demand,2026-09-13T11:47:01.744497+00:00
e6bac5bf-04dd-4287-84e9-bc2eeab23144,fUST,0.00016,60,19,-119484.48298844,demand,2026-09-13T11:47:01.744497+00:00
e6bac5bf-04dd-4287-84e9-bc2eeab23144,fUST,0.0001537,2,1,-487.0,demand,2026-09-13T11:47:01.744497+00:00
e6bac5bf-04dd-4287-84e9-bc2eeab23144,fUST,0.000152,60,1,-28000.0,demand,2026-09-13T11:47:01.744497+00:00
e6bac5bf-04dd-4287-84e9-bc2eeab23144,fUST,0.00015,120,1,-300000.0,demand,2026-09-13T11:47:01.744497+00:00
e6bac5bf-04dd-4287-84e9-bc2eeab23144,fUST,0.00015,45,23,-138668.928077,demand,2026-09-13T11:47:01.744497+00:00
e6bac5bf-04dd-4287-84e9-bc2eeab23144,fUST,0.00015,30,4,-17404.74,demand,2026-09-13T11:47:01.744497+00:00
e6bac5bf-04dd-4287-84e9-bc2eeab23144,fUST,0.0001421,45,1,-10000.0,demand,2026-09-13T11:47:01.744497+00:00
e6bac5bf-04dd-4287-84e9-bc2eeab23144,fUST,0.000142,45,2,-20000.0,demand,2026-09-13T11:47:01.744497+00:00
e6bac5bf-04dd-4287-84e9-bc2eeab23144,fUST,0.0001361,30,14,-48871.41107403,demand,2026-09-13T11:47:01.744497+00:00
e6bac5bf-04dd-4287-84e9-bc2eeab23144,fUST,0.000136,30,2,-14544.22120933,demand,2026-09-13T11:47:01.744497+00:00
e6bac5bf-04dd-4287-84e9-bc2eeab23144,fUST,0.000131,2,1,-2000.0,demand,2026-09-13T11:47:01.744497+00:00
e6bac5bf-04dd-4287-84e9-bc2eeab23144,fUST,0.00013,30,1,-28000.0,demand,2026-09-13T11:47:01.744497+00:00
e6bac5bf-04dd-4287-84e9-bc2eeab23144,fUST,0.0001226,12,1,-135216.16709793,demand,2026-09-13T11:47:01.744497+00:00
e6bac5bf-04dd-4287-84e9-bc2eeab23144,fUST,0.0001225,59,1,-95000.0,demand,2026-09-13T11:47:01.744497+00:00
e6bac5bf-04dd-4287-84e9-bc2eeab23144,fUST,0.0001222,29,1,-194504.86890568,demand,2026-09-13T11:47:01.744497+00:00
e6bac5bf-04dd-4287-84e9-bc2eeab23144,fUST,0.0001202,19,1,-184532.71737778,demand,2026-09-13T11:47:01.744497+00:00
e6bac5bf-04dd-4287-84e9-bc2eeab23144,fUST,0.00012,120,1,-30000.0,demand,2026-09-13T11:47:01.744497+00:00
e6bac5bf-04dd-4287-84e9-bc2eeab23144,fUST,0.0001181,7,1,-76226.65849949,demand,2026-09-13T11:47:01.744497+00:00
e6bac5bf-04dd-4287-84e9-bc2eeab23144,fUST,0.000118,2,1,-831832.33223851,demand,2026-09-13T11:47:01.744497+00:00
e6bac5bf-04dd-4287-84e9-bc2eeab23144,fUST,0.00011011,2,1,-574906.89108704,demand,2026-09-13T11:47:01.744497+00:00
e6bac5bf-04dd-4287-84e9-bc2eeab23144,fUST,0.0001101,2,3,-4366829.49373192,demand,2026-09-13T11:47:01.744497+00:00
e6bac5bf-04dd-4287-84e9-bc2eeab23144,fUST,0.000101,120,1,-293300.0,demand,2026-09-13T11:47:01.744497+00:00
e6bac5bf-04dd-4287-84e9-bc2eeab23144,fUST,0.00015676,2,12,8300.0,offer,2026-09-13T11:47:01.744497+00:00
e6bac5bf-04dd-4287-84e9-bc2eeab23144,fUST,0.00015834,2,1,600.0,offer,2026-09-13T11:47:01.744497+00:00
e6bac5bf-04dd-4287-84e9-bc2eeab23144,fUST,0.00016,2,1,201.32163373,offer,2026-09-13T11:47:01.744497+00:00
e6bac5bf-04dd-4287-84e9-bc2eeab23144,fUST,0.00016679,2,1,682.3670663,offer,2026-09-13T11:47:01.744497+00:00
e6bac5bf-04dd-4287-84e9-bc2eeab23144,fUST,0.00017,2,1,23040.53085216,offer,2026-09-13T11:47:01.744497+00:00
e6bac5bf-04dd-4287-84e9-bc2eeab23144,fUST,0.00017418,2,1,720.0,offer,2026-09-13T11:47:01.744497+00:00
e6bac5bf-04dd-4287-84e9-bc2eeab23144,fUST,0.00017821,2,1,266.448239,offer,2026-09-13T11:47:01.744497+00:00
e6bac5bf-04dd-4287-84e9-bc2eeab23144,fUST,0.000188,2,1,301.58658813,offer,2026-09-13T11:47:01.744497+00:00
e6bac5bf-04dd-4287-84e9-bc2eeab23144,fUST,0.0001886280399,2,1,166.736926,offer,2026-09-13T11:47:01.744497+00:00
e6bac5bf-04dd-4287-84e9-bc2eeab23144,fUST,0.0001916,2,1,864.0,offer,2026-09-13T11:47:01.744497+00:00
e6bac5bf-04dd-4287-84e9-bc2eeab23144,fUST,0.00019399,2,12,5615.3740121,offer,2026-09-13T11:47:01.744497+00:00
e6bac5bf-04dd-4287-84e9-bc2eeab23144,fUST,0.000194,2,11,207854.30906933,offer,2026-09-13T11:47:01.744497+00:00
e6bac5bf-04dd-4287-84e9-bc2eeab23144,fUST,0.00019452938356164383,2,2,438.70944436,offer,2026-09-13T11:47:01.744497+00:00
e6bac5bf-04dd-4287-84e9-bc2eeab23144,fUST,0.0001962587583333333,2,2,337.29173695,offer,2026-09-13T11:47:01.744497+00:00
e6bac5bf-04dd-4287-84e9-bc2eeab23144,fUST,0.0001998901,2,1,328.49,offer,2026-09-13T11:47:01.744497+00:00
e6bac5bf-04dd-4287-84e9-bc2eeab23144,fUST,0.00019999,2,1,43576.50122543,offer,2026-09-13T11:47:01.744497+00:00
e6bac5bf-04dd-4287-84e9-bc2eeab23144,fUST,0.00020003750684931504,2,2,877.41888872,offer,2026-09-13T11:47:01.744497+00:00
e6bac5bf-04dd-4287-84e9-bc2eeab23144,fUST,0.00020074,2,1,589.881,offer,2026-09-13T11:47:01.744497+00:00
e6bac5bf-04dd-4287-84e9-bc2eeab23144,fUST,0.0002017387583333333,2,1,174.91101795,offer,2026-09-13T11:47:01.744497+00:00
e6bac5bf-04dd-4287-84e9-bc2eeab23144,fUST,0.0002037,3,1,300.0,offer,2026-09-13T11:47:01.744497+00:00
e6bac5bf-04dd-4287-84e9-bc2eeab23144,fUST,0.00020370410958904108,2,1,644.0331112,offer,2026-09-13T11:47:01.744497+00:00
e6bac5bf-04dd-4287-84e9-bc2eeab23144,fUST,0.00020370958904109587,2,1,672.09522189,offer,2026-09-13T11:47:01.744497+00:00
e6bac5bf-04dd-4287-84e9-bc2eeab23144,fUST,0.0002072187583333333,2,1,174.91101795,offer,2026-09-13T11:47:01.744497+00:00
e6bac5bf-04dd-4287-84e9-bc2eeab23144,fUST,0.00020799,2,1,500.0,offer,2026-09-13T11:47:01.744497+00:00
e6bac5bf-04dd-4287-84e9-bc2eeab23144,fUST,0.0002086926862471959,2,4,701.32158906,offer,2026-09-13T11:47:01.744497+00:00
16584198-ba58-44b3-980f-3b29bb2777cb,fUST,0.0002671232876712329,120,1,-3779454.66842738,demand,2026-09-13T12:47:01.839073+00:00
16584198-ba58-44b3-980f-3b29bb2777cb,fUST,0.00024556164383561643,60,1,-3657961.54428858,demand,2026-09-13T12:47:01.839073+00:00
16584198-ba58-44b3-980f-3b29bb2777cb,fUST,0.00024309315,120,1,-20000.0,demand,2026-09-13T12:47:01.839073+00:00
16584198-ba58-44b3-980f-3b29bb2777cb,fUST,0.000205218,2,2,-853423.08471572,demand,2026-09-13T12:47:01.839073+00:00
16584198-ba58-44b3-980f-3b29bb2777cb,fUST,0.0002050249315068493,2,3,-519640.46130207,demand,2026-09-13T12:47:01.839073+00:00
16584198-ba58-44b3-980f-3b29bb2777cb,fUST,0.000168,2,1,-188.0,demand,2026-09-13T12:47:01.839073+00:00
16584198-ba58-44b3-980f-3b29bb2777cb,fUST,0.00016,60,19,-119484.48298844,demand,2026-09-13T12:47:01.839073+00:00
16584198-ba58-44b3-980f-3b29bb2777cb,fUST,0.000152,60,1,-28000.0,demand,2026-09-13T12:47:01.839073+00:00
16584198-ba58-44b3-980f-3b29bb2777cb,fUST,0.00015,120,1,-300000.0,demand,2026-09-13T12:47:01.839073+00:00
16584198-ba58-44b3-980f-3b29bb2777cb,fUST,0.00015,45,23,-138668.928077,demand,2026-09-13T12:47:01.839073+00:00
16584198-ba58-44b3-980f-3b29bb2777cb,fUST,0.00015,30,4,-17404.74,demand,2026-09-13T12:47:01.839073+00:00
16584198-ba58-44b3-980f-3b29bb2777cb,fUST,0.0001421,45,1,-10000.0,demand,2026-09-13T12:47:01.839073+00:00
16584198-ba58-44b3-980f-3b29bb2777cb,fUST,0.000142,45,2,-20000.0,demand,2026-09-13T12:47:01.839073+00:00
16584198-ba58-44b3-980f-3b29bb2777cb,fUST,0.0001361,30,14,-48871.41107403,demand,2026-09-13T12:47:01.839073+00:00
16584198-ba58-44b3-980f-3b29bb2777cb,fUST,0.000136,30,2,-14544.22120933,demand,2026-09-13T12:47:01.839073+00:00
16584198-ba58-44b3-980f-3b29bb2777cb,fUST,0.000131,2,1,-2000.0,demand,2026-09-13T12:47:01.839073+00:00
16584198-ba58-44b3-980f-3b29bb2777cb,fUST,0.00013,30,1,-28000.0,demand,2026-09-13T12:47:01.839073+00:00
16584198-ba58-44b3-980f-3b29bb2777cb,fUST,0.0001226,12,1,-135216.16709793,demand,2026-09-13T12:47:01.839073+00:00
16584198-ba58-44b3-980f-3b29bb2777cb,fUST,0.0001225,59,1,-95000.0,demand,2026-09-13T12:47:01.839073+00:00
16584198-ba58-44b3-980f-3b29bb2777cb,fUST,0.0001222,29,1,-194504.86890568,demand,2026-09-13T12:47:01.839073+00:00
16584198-ba58-44b3-980f-3b29bb2777cb,fUST,0.0001202,19,1,-184532.71737778,demand,2026-09-13T12:47:01.839073+00:00
16584198-ba58-44b3-980f-3b29bb2777cb,fUST,0.00012,120,1,-30000.0,demand,2026-09-13T12:47:01.839073+00:00
16584198-ba58-44b3-980f-3b29bb2777cb,fUST,0.0001181,7,1,-76226.65849949,demand,2026-09-13T12:47:01.839073+00:00
16584198-ba58-44b3-980f-3b29bb2777cb,fUST,0.000118,2,1,-797627.2025238,demand,2026-09-13T12:47:01.839073+00:00
16584198-ba58-44b3-980f-3b29bb2777cb,fUST,0.00011011,2,1,-574906.89108704,demand,2026-09-13T12:47:01.839073+00:00
16584198-ba58-44b3-980f-3b29bb2777cb,fUST,0.0001852291,2,1,325.8431821,offer,2026-09-13T12:47:01.839073+00:00
16584198-ba58-44b3-980f-3b29bb2777cb,fUST,0.0001855714,2,1,5191.3852669,offer,2026-09-13T12:47:01.839073+00:00
16584198-ba58-44b3-980f-3b29bb2777cb,fUST,0.00018636134589041094,2,2,359.72604019,offer,2026-09-13T12:47:01.839073+00:00
16584198-ba58-44b3-980f-3b29bb2777cb,fUST,0.00018723799999999997,2,1,242.95334976,offer,2026-09-13T12:47:01.839073+00:00
16584198-ba58-44b3-980f-3b29bb2777cb,fUST,0.00019226,2,13,6331.23753263,offer,2026-09-13T12:47:01.839073+00:00
16584198-ba58-44b3-980f-3b29bb2777cb,fUST,0.00019462695205479453,2,1,381.4199657,offer,2026-09-13T12:47:01.839073+00:00
16584198-ba58-44b3-980f-3b29bb2777cb,fUST,0.000195,2,58,8769.59,offer,2026-09-13T12:47:01.839073+00:00
16584198-ba58-44b3-980f-3b29bb2777cb,fUST,0.00019599,2,1,471.905,offer,2026-09-13T12:47:01.839073+00:00
16584198-ba58-44b3-980f-3b29bb2777cb,fUST,0.00019997,2,1,501.93362543,offer,2026-09-13T12:47:01.839073+00:00
16584198-ba58-44b3-980f-3b29bb2777cb,fUST,0.00019998,2,7,64500.21423584,offer,2026-09-13T12:47:01.839073+00:00
16584198-ba58-44b3-980f-3b29bb2777cb,fUST,0.00019999,2,48,3189686.71491661,offer,2026-09-13T12:47:01.839073+00:00
16584198-ba58-44b3-980f-3b29bb2777cb,fUST,0.00019999,3,1,300.0,offer,2026-09-13T12:47:01.839073+00:00
16584198-ba58-44b3-980f-3b29bb2777cb,fUST,0.0001999901,2,6,3383.48,offer,2026-09-13T12:47:01.839073+00:00
16584198-ba58-44b3-980f-3b29bb2777cb,fUST,0.0002,2,7,1355.7,offer,2026-09-13T12:47:01.839073+00:00
16584198-ba58-44b3-980f-3b29bb2777cb,fUST,0.00020013465753424654,2,2,506.08082913,offer,2026-09-13T12:47:01.839073+00:00
16584198-ba58-44b3-980f-3b29bb2777cb,fUST,0.00020013735616438355,2,3,1119.98335026,offer,2026-09-13T12:47:01.839073+00:00
16584198-ba58-44b3-980f-3b29bb2777cb,fUST,0.00020073915068493154,2,2,750.65278665,offer,2026-09-13T12:47:01.839073+00:00
16584198-ba58-44b3-980f-3b29bb2777cb,fUST,0.00020078232876712327,2,1,293.14365317,offer,2026-09-13T12:47:01.839073+00:00
16584198-ba58-44b3-980f-3b29bb2777cb,fUST,0.00020380821917808216,2,10,2832.49417441,offer,2026-09-13T12:47:01.839073+00:00
16584198-ba58-44b3-980f-3b29bb2777cb,fUST,0.0002038109589041096,2,36,12234.14746481,offer,2026-09-13T12:47:01.839073+00:00
16584198-ba58-44b3-980f-3b29bb2777cb,fUST,0.00020398,2,20,11020.694564,offer,2026-09-13T12:47:01.839073+00:00
16584198-ba58-44b3-980f-3b29bb2777cb,fUST,0.0002039898,4,1,188.15772239,offer,2026-09-13T12:47:01.839073+00:00
16584198-ba58-44b3-980f-3b29bb2777cb,fUST,0.0002044219178082192,2,20,5557.11838523,offer,2026-09-13T12:47:01.839073+00:00
16584198-ba58-44b3-980f-3b29bb2777cb,fUST,0.0002048052951,2,1,163.817715,offer,2026-09-13T12:47:01.839073+00:00
16584198-ba58-44b3-980f-3b29bb2777cb,fUST,0.000205218,2,1,5000.0,offer,2026-09-13T12:47:01.839073+00:00
5799a90c-9f1e-4d75-afa2-232730ede66c,fUST,0.0002671232876712329,120,1,-3760134.72277217,demand,2026-09-13T13:47:01.839455+00:00
5799a90c-9f1e-4d75-afa2-232730ede66c,fUST,0.0002457945205479452,60,1,-3654892.80428858,demand,2026-09-13T13:47:01.839455+00:00
5799a90c-9f1e-4d75-afa2-232730ede66c,fUST,0.00024309315,120,1,-20000.0,demand,2026-09-13T13:47:01.839455+00:00
5799a90c-9f1e-4d75-afa2-232730ede66c,fUST,0.00016,60,19,-119484.48298844,demand,2026-09-13T13:47:01.839455+00:00
5799a90c-9f1e-4d75-afa2-232730ede66c,fUST,0.000152,60,1,-28000.0,demand,2026-09-13T13:47:01.839455+00:00
5799a90c-9f1e-4d75-afa2-232730ede66c,fUST,0.00015,120,1,-300000.0,demand,2026-09-13T13:47:01.839455+00:00
5799a90c-9f1e-4d75-afa2-232730ede66c,fUST,0.00015,45,23,-138668.928077,demand,2026-09-13T13:47:01.839455+00:00
5799a90c-9f1e-4d75-afa2-232730ede66c,fUST,0.00015,30,4,-17404.74,demand,2026-09-13T13:47:01.839455+00:00
5799a90c-9f1e-4d75-afa2-232730ede66c,fUST,0.0001421,45,1,-10000.0,demand,2026-09-13T13:47:01.839455+00:00
5799a90c-9f1e-4d75-afa2-232730ede66c,fUST,0.000142,45,2,-20000.0,demand,2026-09-13T13:47:01.839455+00:00
5799a90c-9f1e-4d75-afa2-232730ede66c,fUST,0.0001361,30,14,-48871.41107403,demand,2026-09-13T13:47:01.839455+00:00
5799a90c-9f1e-4d75-afa2-232730ede66c,fUST,0.000136,30,2,-14544.22120933,demand,2026-09-13T13:47:01.839455+00:00
5799a90c-9f1e-4d75-afa2-232730ede66c,fUST,0.000131,2,1,-2000.0,demand,2026-09-13T13:47:01.839455+00:00
5799a90c-9f1e-4d75-afa2-232730ede66c,fUST,0.00013,30,1,-28000.0,demand,2026-09-13T13:47:01.839455+00:00
5799a90c-9f1e-4d75-afa2-232730ede66c,fUST,0.0001226,12,1,-135216.16709793,demand,2026-09-13T13:47:01.839455+00:00
5799a90c-9f1e-4d75-afa2-232730ede66c,fUST,0.0001225,59,1,-95000.0,demand,2026-09-13T13:47:01.839455+00:00
5799a90c-9f1e-4d75-afa2-232730ede66c,fUST,0.0001222,29,1,-194504.86890568,demand,2026-09-13T13:47:01.839455+00:00
5799a90c-9f1e-4d75-afa2-232730ede66c,fUST,0.0001202,19,1,-184532.71737778,demand,2026-09-13T13:47:01.839455+00:00
5799a90c-9f1e-4d75-afa2-232730ede66c,fUST,0.00012,120,1,-30000.0,demand,2026-09-13T13:47:01.839455+00:00
5799a90c-9f1e-4d75-afa2-232730ede66c,fUST,0.0001181,7,1,-76226.65849949,demand,2026-09-13T13:47:01.839455+00:00
5799a90c-9f1e-4d75-afa2-232730ede66c,fUST,0.000118,2,1,-797627.2025238,demand,2026-09-13T13:47:01.839455+00:00
5799a90c-9f1e-4d75-afa2-232730ede66c,fUST,0.00011011,2,1,-574906.89108704,demand,2026-09-13T13:47:01.839455+00:00
5799a90c-9f1e-4d75-afa2-232730ede66c,fUST,0.0001101,2,3,-4366829.49373192,demand,2026-09-13T13:47:01.839455+00:00
5799a90c-9f1e-4d75-afa2-232730ede66c,fUST,0.000101,120,1,-293300.0,demand,2026-09-13T13:47:01.839455+00:00
5799a90c-9f1e-4d75-afa2-232730ede66c,fUST,0.0001,2,1,-1000.0,demand,2026-09-13T13:47:01.839455+00:00
5799a90c-9f1e-4d75-afa2-232730ede66c,fUST,0.00016167,2,1,5000.0,offer,2026-09-13T13:47:01.839455+00:00
5799a90c-9f1e-4d75-afa2-232730ede66c,fUST,0.00017,2,1,9701.73013164,offer,2026-09-13T13:47:01.839455+00:00
5799a90c-9f1e-4d75-afa2-232730ede66c,fUST,0.00017339,2,15,4500.0,offer,2026-09-13T13:47:01.839455+00:00
5799a90c-9f1e-4d75-afa2-232730ede66c,fUST,0.00019,2,1,150.48180801,offer,2026-09-13T13:47:01.839455+00:00
5799a90c-9f1e-4d75-afa2-232730ede66c,fUST,0.00019899,2,1,1250.57,offer,2026-09-13T13:47:01.839455+00:00
5799a90c-9f1e-4d75-afa2-232730ede66c,fUST,0.00020026149315068492,2,1,181.73268284,offer,2026-09-13T13:47:01.839455+00:00
5799a90c-9f1e-4d75-afa2-232730ede66c,fUST,0.00020347,2,1,500.0,offer,2026-09-13T13:47:01.839455+00:00
5799a90c-9f1e-4d75-afa2-232730ede66c,fUST,0.0002034812,2,1,1495.3472159,offer,2026-09-13T13:47:01.839455+00:00
5799a90c-9f1e-4d75-afa2-232730ede66c,fUST,0.0002039165,2,1,3905.899187,offer,2026-09-13T13:47:01.839455+00:00
5799a90c-9f1e-4d75-afa2-232730ede66c,fUST,0.00020393,2,1,1499.32589378,offer,2026-09-13T13:47:01.839455+00:00
5799a90c-9f1e-4d75-afa2-232730ede66c,fUST,0.00020393698630136986,2,1,363.46536569,offer,2026-09-13T13:47:01.839455+00:00
5799a90c-9f1e-4d75-afa2-232730ede66c,fUST,0.00020428,2,1,179.9436288,offer,2026-09-13T13:47:01.839455+00:00
5799a90c-9f1e-4d75-afa2-232730ede66c,fUST,0.00020470684931506847,2,1,335.37011707,offer,2026-09-13T13:47:01.839455+00:00
5799a90c-9f1e-4d75-afa2-232730ede66c,fUST,0.0002047562,2,1,6702.203632,offer,2026-09-13T13:47:01.839455+00:00
5799a90c-9f1e-4d75-afa2-232730ede66c,fUST,0.00020476,2,1,274.367,offer,2026-09-13T13:47:01.839455+00:00
5799a90c-9f1e-4d75-afa2-232730ede66c,fUST,0.00021,2,1,4618.23326888,offer,2026-09-13T13:47:01.839455+00:00
5799a90c-9f1e-4d75-afa2-232730ede66c,fUST,0.00021019,2,1,600.0,offer,2026-09-13T13:47:01.839455+00:00
5799a90c-9f1e-4d75-afa2-232730ede66c,fUST,0.0002123380775553535,2,3,798.47631691,offer,2026-09-13T13:47:01.839455+00:00
5799a90c-9f1e-4d75-afa2-232730ede66c,fUST,0.00021288,2,1,500.0,offer,2026-09-13T13:47:01.839455+00:00
5799a90c-9f1e-4d75-afa2-232730ede66c,fUST,0.00021289,2,4,2000.0,offer,2026-09-13T13:47:01.839455+00:00
5799a90c-9f1e-4d75-afa2-232730ede66c,fUST,0.00021599,2,2,1000.0,offer,2026-09-13T13:47:01.839455+00:00
5799a90c-9f1e-4d75-afa2-232730ede66c,fUST,0.00021917808219178083,2,1,282.88018572,offer,2026-09-13T13:47:01.839455+00:00
5799a90c-9f1e-4d75-afa2-232730ede66c,fUST,0.0002204122372881356,2,3,476.36266091,offer,2026-09-13T13:47:01.839455+00:00
5799a90c-9f1e-4d75-afa2-232730ede66c,fUST,0.000222193,2,2,640.0,offer,2026-09-13T13:47:01.839455+00:00
5799a90c-9f1e-4d75-afa2-232730ede66c,fUST,0.00022447841714801076,2,1,452.16139591,offer,2026-09-13T13:47:01.839455+00:00
fb8b1d1c-53b1-4f71-b911-2d37cc672864,fUST,0.00028,2,1,-150.0,demand,2026-09-13T14:47:02.023500+00:00
fb8b1d1c-53b1-4f71-b911-2d37cc672864,fUST,0.0002671232876712329,120,1,-3337132.13277217,demand,2026-09-13T14:47:02.023500+00:00
fb8b1d1c-53b1-4f71-b911-2d37cc672864,fUST,0.0002463123287671233,60,1,-3418396.35992681,demand,2026-09-13T14:47:02.023500+00:00
fb8b1d1c-53b1-4f71-b911-2d37cc672864,fUST,0.00024309315,120,1,-20000.0,demand,2026-09-13T14:47:02.023500+00:00
fb8b1d1c-53b1-4f71-b911-2d37cc672864,fUST,0.00016,60,19,-119484.48298844,demand,2026-09-13T14:47:02.023500+00:00
fb8b1d1c-53b1-4f71-b911-2d37cc672864,fUST,0.000152,60,1,-28000.0,demand,2026-09-13T14:47:02.023500+00:00
fb8b1d1c-53b1-4f71-b911-2d37cc672864,fUST,0.00015,120,1,-300000.0,demand,2026-09-13T14:47:02.023500+00:00
fb8b1d1c-53b1-4f71-b911-2d37cc672864,fUST,0.00015,45,23,-138668.928077,demand,2026-09-13T14:47:02.023500+00:00
fb8b1d1c-53b1-4f71-b911-2d37cc672864,fUST,0.00015,30,4,-17404.74,demand,2026-09-13T14:47:02.023500+00:00
fb8b1d1c-53b1-4f71-b911-2d37cc672864,fUST,0.0001421,45,1,-10000.0,demand,2026-09-13T14:47:02.023500+00:00
fb8b1d1c-53b1-4f71-b911-2d37cc672864,fUST,0.000142,45,2,-20000.0,demand,2026-09-13T14:47:02.023500+00:00
fb8b1d1c-53b1-4f71-b911-2d37cc672864,fUST,0.0001361,30,14,-48871.41107403,demand,2026-09-13T14:47:02.023500+00:00
fb8b1d1c-53b1-4f71-b911-2d37cc672864,fUST,0.000136,30,2,-14544.22120933,demand,2026-09-13T14:47:02.023500+00:00
fb8b1d1c-53b1-4f71-b911-2d37cc672864,fUST,0.00013103,2,1,-1298467.86797762,demand,2026-09-13T14:47:02.023500+00:00
fb8b1d1c-53b1-4f71-b911-2d37cc672864,fUST,0.00013102,2,1,-366829.49373192,demand,2026-09-13T14:47:02.023500+00:00
fb8b1d1c-53b1-4f71-b911-2d37cc672864,fUST,0.000131,2,3,-2576906.89108704,demand,2026-09-13T14:47:02.023500+00:00
fb8b1d1c-53b1-4f71-b911-2d37cc672864,fUST,0.00013,30,1,-28000.0,demand,2026-09-13T14:47:02.023500+00:00
fb8b1d1c-53b1-4f71-b911-2d37cc672864,fUST,0.0001226,12,1,-135216.16709793,demand,2026-09-13T14:47:02.023500+00:00
fb8b1d1c-53b1-4f71-b911-2d37cc672864,fUST,0.0001225,59,1,-95000.0,demand,2026-09-13T14:47:02.023500+00:00
fb8b1d1c-53b1-4f71-b911-2d37cc672864,fUST,0.0001222,29,1,-194504.86890568,demand,2026-09-13T14:47:02.023500+00:00
fb8b1d1c-53b1-4f71-b911-2d37cc672864,fUST,0.0001202,19,1,-184532.71737778,demand,2026-09-13T14:47:02.023500+00:00
fb8b1d1c-53b1-4f71-b911-2d37cc672864,fUST,0.00012,120,1,-30000.0,demand,2026-09-13T14:47:02.023500+00:00
fb8b1d1c-53b1-4f71-b911-2d37cc672864,fUST,0.0001181,7,1,-76226.65849949,demand,2026-09-13T14:47:02.023500+00:00
fb8b1d1c-53b1-4f71-b911-2d37cc672864,fUST,0.000118,2,1,-797052.48272179,demand,2026-09-13T14:47:02.023500+00:00
fb8b1d1c-53b1-4f71-b911-2d37cc672864,fUST,0.0001101,2,2,-4000000.0,demand,2026-09-13T14:47:02.023500+00:00
fb8b1d1c-53b1-4f71-b911-2d37cc672864,fUST,0.00017247703763,2,1,151.0,offer,2026-09-13T14:47:02.023500+00:00
fb8b1d1c-53b1-4f71-b911-2d37cc672864,fUST,0.00018529,2,14,4009.17626092,offer,2026-09-13T14:47:02.023500+00:00
fb8b1d1c-53b1-4f71-b911-2d37cc672864,fUST,0.0001852904109589041,2,1,6219.69503248,offer,2026-09-13T14:47:02.023500+00:00
fb8b1d1c-53b1-4f71-b911-2d37cc672864,fUST,0.0001863014,2,2,342.94,offer,2026-09-13T14:47:02.023500+00:00
fb8b1d1c-53b1-4f71-b911-2d37cc672864,fUST,0.00018715,2,1,756.1,offer,2026-09-13T14:47:02.023500+00:00
fb8b1d1c-53b1-4f71-b911-2d37cc672864,fUST,0.0001874936575342466,2,4,1330.17654309,offer,2026-09-13T14:47:02.023500+00:00
fb8b1d1c-53b1-4f71-b911-2d37cc672864,fUST,0.000187811379,2,1,159.7514211,offer,2026-09-13T14:47:02.023500+00:00
fb8b1d1c-53b1-4f71-b911-2d37cc672864,fUST,0.000188,2,1,526.34137195,offer,2026-09-13T14:47:02.023500+00:00
fb8b1d1c-53b1-4f71-b911-2d37cc672864,fUST,0.000188568,7,1,326.15677602,offer,2026-09-13T14:47:02.023500+00:00
fb8b1d1c-53b1-4f71-b911-2d37cc672864,fUST,0.0001908936,2,1,159.31,offer,2026-09-13T14:47:02.023500+00:00
fb8b1d1c-53b1-4f71-b911-2d37cc672864,fUST,0.00019123,2,1,600.0,offer,2026-09-13T14:47:02.023500+00:00
fb8b1d1c-53b1-4f71-b911-2d37cc672864,fUST,0.0001913412,2,1,7646.4014796,offer,2026-09-13T14:47:02.023500+00:00
fb8b1d1c-53b1-4f71-b911-2d37cc672864,fUST,0.00019394,2,1,500.0,offer,2026-09-13T14:47:02.023500+00:00
fb8b1d1c-53b1-4f71-b911-2d37cc672864,fUST,0.00019395,2,6,2778.54114912,offer,2026-09-13T14:47:02.023500+00:00
fb8b1d1c-53b1-4f71-b911-2d37cc672864,fUST,0.00019408011232876712,2,1,291.647051,offer,2026-09-13T14:47:02.023500+00:00
fb8b1d1c-53b1-4f71-b911-2d37cc672864,fUST,0.0001941872,2,1,179.83814567,offer,2026-09-13T14:47:02.023500+00:00
fb8b1d1c-53b1-4f71-b911-2d37cc672864,fUST,0.00019580041095890413,2,3,1328.97766361,offer,2026-09-13T14:47:02.023500+00:00
fb8b1d1c-53b1-4f71-b911-2d37cc672864,fUST,0.00019598,2,1,293.37082371,offer,2026-09-13T14:47:02.023500+00:00
fb8b1d1c-53b1-4f71-b911-2d37cc672864,fUST,0.00019715,2,1,756.099534,offer,2026-09-13T14:47:02.023500+00:00
fb8b1d1c-53b1-4f71-b911-2d37cc672864,fUST,0.00019985,3,3,1639.62,offer,2026-09-13T14:47:02.023500+00:00
fb8b1d1c-53b1-4f71-b911-2d37cc672864,fUST,0.00019987,3,1,1093.06,offer,2026-09-13T14:47:02.023500+00:00
fb8b1d1c-53b1-4f71-b911-2d37cc672864,fUST,0.00019993000000000002,2,82,40433.86756969,offer,2026-09-13T14:47:02.023500+00:00
fb8b1d1c-53b1-4f71-b911-2d37cc672864,fUST,0.00019994,2,2,1008.85479395,offer,2026-09-13T14:47:02.023500+00:00
fb8b1d1c-53b1-4f71-b911-2d37cc672864,fUST,0.00019995,2,8,100591.35908479,offer,2026-09-13T14:47:02.023500+00:00
fb8b1d1c-53b1-4f71-b911-2d37cc672864,fUST,0.00019997,2,6,4342.14357124,offer,2026-09-13T14:47:02.023500+00:00
bdc85f66-db0e-4d62-8124-b5858a2f9acf,fUST,0.0003,2,1,-150.0,demand,2026-09-13T15:47:01.635502+00:00
bdc85f66-db0e-4d62-8124-b5858a2f9acf,fUST,0.0002671232876712329,120,1,-3336972.43277217,demand,2026-09-13T15:47:01.635502+00:00
bdc85f66-db0e-4d62-8124-b5858a2f9acf,fUST,0.00024654794520547943,60,1,-3418396.35992681,demand,2026-09-13T15:47:01.635502+00:00
bdc85f66-db0e-4d62-8124-b5858a2f9acf,fUST,0.00024309315,120,1,-20000.0,demand,2026-09-13T15:47:01.635502+00:00
bdc85f66-db0e-4d62-8124-b5858a2f9acf,fUST,0.00016,60,19,-119484.48298844,demand,2026-09-13T15:47:01.635502+00:00
bdc85f66-db0e-4d62-8124-b5858a2f9acf,fUST,0.000152,60,1,-28000.0,demand,2026-09-13T15:47:01.635502+00:00
bdc85f66-db0e-4d62-8124-b5858a2f9acf,fUST,0.00015,120,1,-300000.0,demand,2026-09-13T15:47:01.635502+00:00
bdc85f66-db0e-4d62-8124-b5858a2f9acf,fUST,0.00015,45,23,-138668.928077,demand,2026-09-13T15:47:01.635502+00:00
bdc85f66-db0e-4d62-8124-b5858a2f9acf,fUST,0.00015,30,2,-7504.74,demand,2026-09-13T15:47:01.635502+00:00
bdc85f66-db0e-4d62-8124-b5858a2f9acf,fUST,0.0001421,45,1,-10000.0,demand,2026-09-13T15:47:01.635502+00:00
bdc85f66-db0e-4d62-8124-b5858a2f9acf,fUST,0.000142,45,2,-20000.0,demand,2026-09-13T15:47:01.635502+00:00
bdc85f66-db0e-4d62-8124-b5858a2f9acf,fUST,0.0001361,30,14,-48871.41107403,demand,2026-09-13T15:47:01.635502+00:00
bdc85f66-db0e-4d62-8124-b5858a2f9acf,fUST,0.000136,30,2,-14544.22120933,demand,2026-09-13T15:47:01.635502+00:00
bdc85f66-db0e-4d62-8124-b5858a2f9acf,fUST,0.00013103,2,1,-1298467.86797762,demand,2026-09-13T15:47:01.635502+00:00
bdc85f66-db0e-4d62-8124-b5858a2f9acf,fUST,0.00013102,2,1,-366829.49373192,demand,2026-09-13T15:47:01.635502+00:00
bdc85f66-db0e-4d62-8124-b5858a2f9acf,fUST,0.000131,2,3,-2576906.89108704,demand,2026-09-13T15:47:01.635502+00:00
bdc85f66-db0e-4d62-8124-b5858a2f9acf,fUST,0.00013,30,1,-28000.0,demand,2026-09-13T15:47:01.635502+00:00
bdc85f66-db0e-4d62-8124-b5858a2f9acf,fUST,0.0001226,12,1,-135216.16709793,demand,2026-09-13T15:47:01.635502+00:00
bdc85f66-db0e-4d62-8124-b5858a2f9acf,fUST,0.0001225,59,1,-95000.0,demand,2026-09-13T15:47:01.635502+00:00
bdc85f66-db0e-4d62-8124-b5858a2f9acf,fUST,0.0001222,29,1,-194504.86890568,demand,2026-09-13T15:47:01.635502+00:00
bdc85f66-db0e-4d62-8124-b5858a2f9acf,fUST,0.0001202,19,1,-184532.71737778,demand,2026-09-13T15:47:01.635502+00:00
bdc85f66-db0e-4d62-8124-b5858a2f9acf,fUST,0.00012,120,1,-30000.0,demand,2026-09-13T15:47:01.635502+00:00
bdc85f66-db0e-4d62-8124-b5858a2f9acf,fUST,0.0001181,7,1,-76226.65849949,demand,2026-09-13T15:47:01.635502+00:00
bdc85f66-db0e-4d62-8124-b5858a2f9acf,fUST,0.000118,2,1,-797052.48272179,demand,2026-09-13T15:47:01.635502+00:00
bdc85f66-db0e-4d62-8124-b5858a2f9acf,fUST,0.0001101,2,2,-4000000.0,demand,2026-09-13T15:47:01.635502+00:00
bdc85f66-db0e-4d62-8124-b5858a2f9acf,fUST,0.000215,2,3,1048.1887364,offer,2026-09-13T15:47:01.635502+00:00
bdc85f66-db0e-4d62-8124-b5858a2f9acf,fUST,0.000217,2,2,730.79714739,offer,2026-09-13T15:47:01.635502+00:00
bdc85f66-db0e-4d62-8124-b5858a2f9acf,fUST,0.000219,2,2,730.79714739,offer,2026-09-13T15:47:01.635502+00:00
bdc85f66-db0e-4d62-8124-b5858a2f9acf,fUST,0.00021911044570788635,2,1,160.0,offer,2026-09-13T15:47:01.635502+00:00
bdc85f66-db0e-4d62-8124-b5858a2f9acf,fUST,0.00021917808219178083,2,2,1935.07404549,offer,2026-09-13T15:47:01.635502+00:00
bdc85f66-db0e-4d62-8124-b5858a2f9acf,fUST,0.00021987687816008486,2,1,221.32158906,offer,2026-09-13T15:47:01.635502+00:00
bdc85f66-db0e-4d62-8124-b5858a2f9acf,fUST,0.00021993,2,1,165.761,offer,2026-09-13T15:47:01.635502+00:00
bdc85f66-db0e-4d62-8124-b5858a2f9acf,fUST,0.00021999999999999998,2,1,31503.62125602,offer,2026-09-13T15:47:01.635502+00:00
bdc85f66-db0e-4d62-8124-b5858a2f9acf,fUST,0.00022,2,2,2035.17464356,offer,2026-09-13T15:47:01.635502+00:00
bdc85f66-db0e-4d62-8124-b5858a2f9acf,fUST,0.000221,2,1,545.37861234,offer,2026-09-13T15:47:01.635502+00:00
bdc85f66-db0e-4d62-8124-b5858a2f9acf,fUST,0.000223,2,1,545.37861234,offer,2026-09-13T15:47:01.635502+00:00
bdc85f66-db0e-4d62-8124-b5858a2f9acf,fUST,0.00022367,10,1,600.0,offer,2026-09-13T15:47:01.635502+00:00
bdc85f66-db0e-4d62-8124-b5858a2f9acf,fUST,0.00022439,10,15,4500.0,offer,2026-09-13T15:47:01.635502+00:00
bdc85f66-db0e-4d62-8124-b5858a2f9acf,fUST,0.00022590488828584361,14,1,2540.05316578,offer,2026-09-13T15:47:01.635502+00:00
bdc85f66-db0e-4d62-8124-b5858a2f9acf,fUST,0.00022787,2,6,2594.45127339,offer,2026-09-13T15:47:01.635502+00:00
bdc85f66-db0e-4d62-8124-b5858a2f9acf,fUST,0.00022789,3,2,934.56,offer,2026-09-13T15:47:01.635502+00:00
bdc85f66-db0e-4d62-8124-b5858a2f9acf,fUST,0.00022796000000000003,2,1,428.22536294,offer,2026-09-13T15:47:01.635502+00:00
bdc85f66-db0e-4d62-8124-b5858a2f9acf,fUST,0.00022797000000000003,2,11,166746.27656551,offer,2026-09-13T15:47:01.635502+00:00
bdc85f66-db0e-4d62-8124-b5858a2f9acf,fUST,0.000228,2,2,311.0,offer,2026-09-13T15:47:01.635502+00:00
bdc85f66-db0e-4d62-8124-b5858a2f9acf,fUST,0.00022857096610169492,2,4,768.54357402,offer,2026-09-13T15:47:01.635502+00:00
bdc85f66-db0e-4d62-8124-b5858a2f9acf,fUST,0.00022954794520547945,2,2,107184.64559238,offer,2026-09-13T15:47:01.635502+00:00
bdc85f66-db0e-4d62-8124-b5858a2f9acf,fUST,0.00023,2,2,366.77499622,offer,2026-09-13T15:47:01.635502+00:00
bdc85f66-db0e-4d62-8124-b5858a2f9acf,fUST,0.00023013698630136987,7,1,160.0,offer,2026-09-13T15:47:01.635502+00:00
bdc85f66-db0e-4d62-8124-b5858a2f9acf,fUST,0.0002318680134,2,1,442.838992,offer,2026-09-13T15:47:01.635502+00:00
bdc85f66-db0e-4d62-8124-b5858a2f9acf,fUST,0.0002331027142857143,3,2,328.6672684,offer,2026-09-13T15:47:01.635502+00:00
1d7f5aa3-75d4-459f-8e16-e24094489d8e,fUST,0.0002671232876712329,120,1,-3136972.47277217,demand,2026-09-13T16:47:01.700396+00:00
1d7f5aa3-75d4-459f-8e16-e24094489d8e,fUST,0.0002471013698630137,60,1,-3387386.35992681,demand,2026-09-13T16:47:01.700396+00:00
1d7f5aa3-75d4-459f-8e16-e24094489d8e,fUST,0.00024309315,120,1,-20000.0,demand,2026-09-13T16:47:01.700396+00:00
1d7f5aa3-75d4-459f-8e16-e24094489d8e,fUST,0.00017,2,1,-635.6710406,demand,2026-09-13T16:47:01.700396+00:00
1d7f5aa3-75d4-459f-8e16-e24094489d8e,fUST,0.0001629845,2,2,-600.0,demand,2026-09-13T16:47:01.700396+00:00
1d7f5aa3-75d4-459f-8e16-e24094489d8e,fUST,0.00016,60,19,-119484.48298844,demand,2026-09-13T16:47:01.700396+00:00
1d7f5aa3-75d4-459f-8e16-e24094489d8e,fUST,0.00015298,2,1,-651.94841656,demand,2026-09-13T16:47:01.700396+00:00
1d7f5aa3-75d4-459f-8e16-e24094489d8e,fUST,0.000152,60,1,-28000.0,demand,2026-09-13T16:47:01.700396+00:00
1d7f5aa3-75d4-459f-8e16-e24094489d8e,fUST,0.00015,120,1,-300000.0,demand,2026-09-13T16:47:01.700396+00:00
1d7f5aa3-75d4-459f-8e16-e24094489d8e,fUST,0.00015,45,23,-138668.928077,demand,2026-09-13T16:47:01.700396+00:00
1d7f5aa3-75d4-459f-8e16-e24094489d8e,fUST,0.00015,30,2,-7504.74,demand,2026-09-13T16:47:01.700396+00:00
1d7f5aa3-75d4-459f-8e16-e24094489d8e,fUST,0.0001429845,2,4,-978.55088238,demand,2026-09-13T16:47:01.700396+00:00
1d7f5aa3-75d4-459f-8e16-e24094489d8e,fUST,0.0001421,45,1,-10000.0,demand,2026-09-13T16:47:01.700396+00:00
1d7f5aa3-75d4-459f-8e16-e24094489d8e,fUST,0.000142,45,2,-20000.0,demand,2026-09-13T16:47:01.700396+00:00
1d7f5aa3-75d4-459f-8e16-e24094489d8e,fUST,0.0001361,30,14,-48871.41107403,demand,2026-09-13T16:47:01.700396+00:00
1d7f5aa3-75d4-459f-8e16-e24094489d8e,fUST,0.000136,30,2,-14544.22120933,demand,2026-09-13T16:47:01.700396+00:00
1d7f5aa3-75d4-459f-8e16-e24094489d8e,fUST,0.00013103,2,1,-1292190.57914868,demand,2026-09-13T16:47:01.700396+00:00
1d7f5aa3-75d4-459f-8e16-e24094489d8e,fUST,0.00013102,2,1,-366829.49373192,demand,2026-09-13T16:47:01.700396+00:00
1d7f5aa3-75d4-459f-8e16-e24094489d8e,fUST,0.000131,2,3,-2576906.89108704,demand,2026-09-13T16:47:01.700396+00:00
1d7f5aa3-75d4-459f-8e16-e24094489d8e,fUST,0.00013,30,1,-28000.0,demand,2026-09-13T16:47:01.700396+00:00
1d7f5aa3-75d4-459f-8e16-e24094489d8e,fUST,0.0001226,12,1,-135216.16709793,demand,2026-09-13T16:47:01.700396+00:00
1d7f5aa3-75d4-459f-8e16-e24094489d8e,fUST,0.0001225,59,1,-95000.0,demand,2026-09-13T16:47:01.700396+00:00
1d7f5aa3-75d4-459f-8e16-e24094489d8e,fUST,0.0001222,29,1,-194504.86890568,demand,2026-09-13T16:47:01.700396+00:00
1d7f5aa3-75d4-459f-8e16-e24094489d8e,fUST,0.0001202,19,1,-184532.71737778,demand,2026-09-13T16:47:01.700396+00:00
1d7f5aa3-75d4-459f-8e16-e24094489d8e,fUST,0.00012,120,1,-30000.0,demand,2026-09-13T16:47:01.700396+00:00
1d7f5aa3-75d4-459f-8e16-e24094489d8e,fUST,0.000138682355,2,1,151.0,offer,2026-09-13T16:47:01.700396+00:00
1d7f5aa3-75d4-459f-8e16-e24094489d8e,fUST,0.0001407403,2,1,1193.6833108,offer,2026-09-13T16:47:01.700396+00:00
1d7f5aa3-75d4-459f-8e16-e24094489d8e,fUST,0.0001423929,2,1,274.11769,offer,2026-09-13T16:47:01.700396+00:00
1d7f5aa3-75d4-459f-8e16-e24094489d8e,fUST,0.0001429715,2,1,6637.9302054,offer,2026-09-13T16:47:01.700396+00:00
1d7f5aa3-75d4-459f-8e16-e24094489d8e,fUST,0.0001429742,2,1,852.667441,offer,2026-09-13T16:47:01.700396+00:00
1d7f5aa3-75d4-459f-8e16-e24094489d8e,fUST,0.0001463575,2,1,1163.8303912,offer,2026-09-13T16:47:01.700396+00:00
1d7f5aa3-75d4-459f-8e16-e24094489d8e,fUST,0.00015068493150684933,2,1,191.461433,offer,2026-09-13T16:47:01.700396+00:00
1d7f5aa3-75d4-459f-8e16-e24094489d8e,fUST,0.00015294890410958903,2,22,10692.85603929,offer,2026-09-13T16:47:01.700396+00:00
1d7f5aa3-75d4-459f-8e16-e24094489d8e,fUST,0.00015295890410958903,2,2,41945.99455304,offer,2026-09-13T16:47:01.700396+00:00
1d7f5aa3-75d4-459f-8e16-e24094489d8e,fUST,0.00015295986301369863,2,1,601.33808471,offer,2026-09-13T16:47:01.700396+00:00
1d7f5aa3-75d4-459f-8e16-e24094489d8e,fUST,0.00015296986301369862,2,21,268900.00438959,offer,2026-09-13T16:47:01.700396+00:00
1d7f5aa3-75d4-459f-8e16-e24094489d8e,fUST,0.00015297,2,1,500.0,offer,2026-09-13T16:47:01.700396+00:00
1d7f5aa3-75d4-459f-8e16-e24094489d8e,fUST,0.00015297808219178082,2,3,8433.51677014,offer,2026-09-13T16:47:01.700396+00:00
1d7f5aa3-75d4-459f-8e16-e24094489d8e,fUST,0.00015298,2,1,176.68,offer,2026-09-13T16:47:01.700396+00:00
1d7f5aa3-75d4-459f-8e16-e24094489d8e,fUST,0.0001529845,2,1,193.12907594,offer,2026-09-13T16:47:01.700396+00:00
1d7f5aa3-75d4-459f-8e16-e24094489d8e,fUST,0.0001529890410958904,2,1,500.0,offer,2026-09-13T16:47:01.700396+00:00
1d7f5aa3-75d4-459f-8e16-e24094489d8e,fUST,0.00015299,2,16,5100.0,offer,2026-09-13T16:47:01.700396+00:00
1d7f5aa3-75d4-459f-8e16-e24094489d8e,fUST,0.00015299999999999998,7,1,508.01063315,offer,2026-09-13T16:47:01.700396+00:00
1d7f5aa3-75d4-459f-8e16-e24094489d8e,fUST,0.00015572876712328766,2,1,500.0,offer,2026-09-13T16:47:01.700396+00:00
1d7f5aa3-75d4-459f-8e16-e24094489d8e,fUST,0.00015601808219178082,3,1,402.22300253,offer,2026-09-13T16:47:01.700396+00:00
1d7f5aa3-75d4-459f-8e16-e24094489d8e,fUST,0.00015749999999999998,7,1,508.01063315,offer,2026-09-13T16:47:01.700396+00:00
1d7f5aa3-75d4-459f-8e16-e24094489d8e,fUST,0.0001582793028,2,1,874.091026,offer,2026-09-13T16:47:01.700396+00:00
1d7f5aa3-75d4-459f-8e16-e24094489d8e,fUST,0.00015846849315068494,2,1,500.0,offer,2026-09-13T16:47:01.700396+00:00
1d7f5aa3-75d4-459f-8e16-e24094489d8e,fUST,0.00015913844383561645,5,1,402.22300253,offer,2026-09-13T16:47:01.700396+00:00
1d7f5aa3-75d4-459f-8e16-e24094489d8e,fUST,0.00016120821917808218,2,1,500.0,offer,2026-09-13T16:47:01.700396+00:00
d1e765f7-c7a1-4ad8-9727-fca73e1eb0fd,fUST,0.0002671232876712329,120,1,-3136797.85382517,demand,2026-09-13T17:47:01.570448+00:00
d1e765f7-c7a1-4ad8-9727-fca73e1eb0fd,fUST,0.00024706027397260275,60,1,-3369740.04446107,demand,2026-09-13T17:47:01.570448+00:00
d1e765f7-c7a1-4ad8-9727-fca73e1eb0fd,fUST,0.00024309315,120,1,-20000.0,demand,2026-09-13T17:47:01.570448+00:00
d1e765f7-c7a1-4ad8-9727-fca73e1eb0fd,fUST,0.00018353095890410957,2,1,-555.84307134,demand,2026-09-13T17:47:01.570448+00:00
d1e765f7-c7a1-4ad8-9727-fca73e1eb0fd,fUST,0.00016,60,19,-119484.48298844,demand,2026-09-13T17:47:01.570448+00:00
d1e765f7-c7a1-4ad8-9727-fca73e1eb0fd,fUST,0.000152,60,1,-28000.0,demand,2026-09-13T17:47:01.570448+00:00
d1e765f7-c7a1-4ad8-9727-fca73e1eb0fd,fUST,0.00015,120,1,-300000.0,demand,2026-09-13T17:47:01.570448+00:00
d1e765f7-c7a1-4ad8-9727-fca73e1eb0fd,fUST,0.00015,45,23,-138668.928077,demand,2026-09-13T17:47:01.570448+00:00
d1e765f7-c7a1-4ad8-9727-fca73e1eb0fd,fUST,0.00015,30,2,-7504.74,demand,2026-09-13T17:47:01.570448+00:00
d1e765f7-c7a1-4ad8-9727-fca73e1eb0fd,fUST,0.0001421,45,1,-10000.0,demand,2026-09-13T17:47:01.570448+00:00
d1e765f7-c7a1-4ad8-9727-fca73e1eb0fd,fUST,0.000142,45,2,-20000.0,demand,2026-09-13T17:47:01.570448+00:00
d1e765f7-c7a1-4ad8-9727-fca73e1eb0fd,fUST,0.0001361,30,14,-48871.41107403,demand,2026-09-13T17:47:01.570448+00:00
d1e765f7-c7a1-4ad8-9727-fca73e1eb0fd,fUST,0.000136,30,2,-14544.22120933,demand,2026-09-13T17:47:01.570448+00:00
d1e765f7-c7a1-4ad8-9727-fca73e1eb0fd,fUST,0.0001344905,2,1,-150.93,demand,2026-09-13T17:47:01.570448+00:00
d1e765f7-c7a1-4ad8-9727-fca73e1eb0fd,fUST,0.00013103,2,1,-1279786.47170768,demand,2026-09-13T17:47:01.570448+00:00
d1e765f7-c7a1-4ad8-9727-fca73e1eb0fd,fUST,0.00013102,2,1,-366829.49373192,demand,2026-09-13T17:47:01.570448+00:00
d1e765f7-c7a1-4ad8-9727-fca73e1eb0fd,fUST,0.000131,2,3,-2576906.89108704,demand,2026-09-13T17:47:01.570448+00:00
d1e765f7-c7a1-4ad8-9727-fca73e1eb0fd,fUST,0.00013,30,1,-28000.0,demand,2026-09-13T17:47:01.570448+00:00
d1e765f7-c7a1-4ad8-9727-fca73e1eb0fd,fUST,0.0001226,12,1,-135216.16709793,demand,2026-09-13T17:47:01.570448+00:00
d1e765f7-c7a1-4ad8-9727-fca73e1eb0fd,fUST,0.0001225,59,1,-95000.0,demand,2026-09-13T17:47:01.570448+00:00
d1e765f7-c7a1-4ad8-9727-fca73e1eb0fd,fUST,0.0001222,29,1,-194504.86890568,demand,2026-09-13T17:47:01.570448+00:00
d1e765f7-c7a1-4ad8-9727-fca73e1eb0fd,fUST,0.0001202,19,1,-184532.71737778,demand,2026-09-13T17:47:01.570448+00:00
d1e765f7-c7a1-4ad8-9727-fca73e1eb0fd,fUST,0.00012,120,1,-30000.0,demand,2026-09-13T17:47:01.570448+00:00
d1e765f7-c7a1-4ad8-9727-fca73e1eb0fd,fUST,0.000119,2,1,-797052.48272179,demand,2026-09-13T17:47:01.570448+00:00
d1e765f7-c7a1-4ad8-9727-fca73e1eb0fd,fUST,0.0001181,7,1,-76226.65849949,demand,2026-09-13T17:47:01.570448+00:00
d1e765f7-c7a1-4ad8-9727-fca73e1eb0fd,fUST,0.0001588559,2,1,1954.147001,offer,2026-09-13T17:47:01.570448+00:00
d1e765f7-c7a1-4ad8-9727-fca73e1eb0fd,fUST,0.0001593729648,2,1,1850.5044029,offer,2026-09-13T17:47:01.570448+00:00
d1e765f7-c7a1-4ad8-9727-fca73e1eb0fd,fUST,0.0001596368,2,1,887.5615349,offer,2026-09-13T17:47:01.570448+00:00
d1e765f7-c7a1-4ad8-9727-fca73e1eb0fd,fUST,0.0001605989,2,1,175.911817,offer,2026-09-13T17:47:01.570448+00:00
d1e765f7-c7a1-4ad8-9727-fca73e1eb0fd,fUST,0.0001628736,2,1,556.2766559,offer,2026-09-13T17:47:01.570448+00:00
d1e765f7-c7a1-4ad8-9727-fca73e1eb0fd,fUST,0.00016417,2,2,361.62,offer,2026-09-13T17:47:01.570448+00:00
d1e765f7-c7a1-4ad8-9727-fca73e1eb0fd,fUST,0.0001648266,2,1,9602.8372269,offer,2026-09-13T17:47:01.570448+00:00
d1e765f7-c7a1-4ad8-9727-fca73e1eb0fd,fUST,0.0001649,2,1,151.0,offer,2026-09-13T17:47:01.570448+00:00
d1e765f7-c7a1-4ad8-9727-fca73e1eb0fd,fUST,0.00017,2,1,9701.73013164,offer,2026-09-13T17:47:01.570448+00:00
d1e765f7-c7a1-4ad8-9727-fca73e1eb0fd,fUST,0.0001715814,2,1,284.228559,offer,2026-09-13T17:47:01.570448+00:00
d1e765f7-c7a1-4ad8-9727-fca73e1eb0fd,fUST,0.000173145,7,1,211.25526694,offer,2026-09-13T17:47:01.570448+00:00
d1e765f7-c7a1-4ad8-9727-fca73e1eb0fd,fUST,0.00017335808219178084,2,46,22791.18902279,offer,2026-09-13T17:47:01.570448+00:00
d1e765f7-c7a1-4ad8-9727-fca73e1eb0fd,fUST,0.00017336808219178083,2,1,340.5476752,offer,2026-09-13T17:47:01.570448+00:00
d1e765f7-c7a1-4ad8-9727-fca73e1eb0fd,fUST,0.00017337808219178083,2,9,154883.0554631,offer,2026-09-13T17:47:01.570448+00:00
d1e765f7-c7a1-4ad8-9727-fca73e1eb0fd,fUST,0.00017338904109589042,2,9,114569.8035615,offer,2026-09-13T17:47:01.570448+00:00
d1e765f7-c7a1-4ad8-9727-fca73e1eb0fd,fUST,0.00017339,2,15,4500.0,offer,2026-09-13T17:47:01.570448+00:00
d1e765f7-c7a1-4ad8-9727-fca73e1eb0fd,fUST,0.000175903488,2,1,151.0,offer,2026-09-13T17:47:01.570448+00:00
d1e765f7-c7a1-4ad8-9727-fca73e1eb0fd,fUST,0.0001777851963,2,1,411.303677,offer,2026-09-13T17:47:01.570448+00:00
d1e765f7-c7a1-4ad8-9727-fca73e1eb0fd,fUST,0.0001793822,2,1,833.0977117,offer,2026-09-13T17:47:01.570448+00:00
d1e765f7-c7a1-4ad8-9727-fca73e1eb0fd,fUST,0.00018309,2,1,500.0,offer,2026-09-13T17:47:01.570448+00:00
d1e765f7-c7a1-4ad8-9727-fca73e1eb0fd,fUST,0.0001831018515185967,2,1,6118.41667758,offer,2026-09-13T17:47:01.570448+00:00
d1e765f7-c7a1-4ad8-9727-fca73e1eb0fd,fUST,0.00018353,7,1,167.9,offer,2026-09-13T17:47:01.570448+00:00
d1e765f7-c7a1-4ad8-9727-fca73e1eb0fd,fUST,0.00018353095890410957,2,2,10000.0,offer,2026-09-13T17:47:01.570448+00:00
d1e765f7-c7a1-4ad8-9727-fca73e1eb0fd,fUST,0.0001852693058890411,2,1,411.303677,offer,2026-09-13T17:47:01.570448+00:00
d1e765f7-c7a1-4ad8-9727-fca73e1eb0fd,fUST,0.00018546,2,1,500.0,offer,2026-09-13T17:47:01.570448+00:00
be304614-d741-43e5-bddd-080fd30ecc90,fUST,0.0002671232876712329,120,1,-3103201.17026007,demand,2026-09-13T18:47:01.876196+00:00
be304614-d741-43e5-bddd-080fd30ecc90,fUST,0.0002475041095890411,60,1,-3369740.04446107,demand,2026-09-13T18:47:01.876196+00:00
be304614-d741-43e5-bddd-080fd30ecc90,fUST,0.00024309315,120,1,-20000.0,demand,2026-09-13T18:47:01.876196+00:00
be304614-d741-43e5-bddd-080fd30ecc90,fUST,0.00016,60,19,-119484.48298844,demand,2026-09-13T18:47:01.876196+00:00
be304614-d741-43e5-bddd-080fd30ecc90,fUST,0.000152,60,1,-28000.0,demand,2026-09-13T18:47:01.876196+00:00
be304614-d741-43e5-bddd-080fd30ecc90,fUST,0.00015103,2,1,-150.0,demand,2026-09-13T18:47:01.876196+00:00
be304614-d741-43e5-bddd-080fd30ecc90,fUST,0.00015,120,1,-300000.0,demand,2026-09-13T18:47:01.876196+00:00
be304614-d741-43e5-bddd-080fd30ecc90,fUST,0.00015,45,23,-138668.928077,demand,2026-09-13T18:47:01.876196+00:00
be304614-d741-43e5-bddd-080fd30ecc90,fUST,0.00015,30,2,-7504.74,demand,2026-09-13T18:47:01.876196+00:00
be304614-d741-43e5-bddd-080fd30ecc90,fUST,0.0001421,45,1,-10000.0,demand,2026-09-13T18:47:01.876196+00:00
be304614-d741-43e5-bddd-080fd30ecc90,fUST,0.000142,45,2,-20000.0,demand,2026-09-13T18:47:01.876196+00:00
be304614-d741-43e5-bddd-080fd30ecc90,fUST,0.0001361,30,14,-48871.41107403,demand,2026-09-13T18:47:01.876196+00:00
be304614-d741-43e5-bddd-080fd30ecc90,fUST,0.000136,30,2,-14544.22120933,demand,2026-09-13T18:47:01.876196+00:00
be304614-d741-43e5-bddd-080fd30ecc90,fUST,0.00013103,2,1,-1242366.11802054,demand,2026-09-13T18:47:01.876196+00:00
be304614-d741-43e5-bddd-080fd30ecc90,fUST,0.00013102,2,1,-366829.49373192,demand,2026-09-13T18:47:01.876196+00:00
be304614-d741-43e5-bddd-080fd30ecc90,fUST,0.000131,2,3,-2576906.89108704,demand,2026-09-13T18:47:01.876196+00:00
be304614-d741-43e5-bddd-080fd30ecc90,fUST,0.00013,30,1,-28000.0,demand,2026-09-13T18:47:01.876196+00:00
be304614-d741-43e5-bddd-080fd30ecc90,fUST,0.0001226,12,1,-135216.16709793,demand,2026-09-13T18:47:01.876196+00:00
be304614-d741-43e5-bddd-080fd30ecc90,fUST,0.0001225,59,1,-95000.0,demand,2026-09-13T18:47:01.876196+00:00
be304614-d741-43e5-bddd-080fd30ecc90,fUST,0.0001222,29,1,-194504.86890568,demand,2026-09-13T18:47:01.876196+00:00
be304614-d741-43e5-bddd-080fd30ecc90,fUST,0.0001202,19,1,-184532.71737778,demand,2026-09-13T18:47:01.876196+00:00
be304614-d741-43e5-bddd-080fd30ecc90,fUST,0.00012,120,1,-30000.0,demand,2026-09-13T18:47:01.876196+00:00
be304614-d741-43e5-bddd-080fd30ecc90,fUST,0.000119,2,1,-797052.48272179,demand,2026-09-13T18:47:01.876196+00:00
be304614-d741-43e5-bddd-080fd30ecc90,fUST,0.0001181,7,1,-76226.65849949,demand,2026-09-13T18:47:01.876196+00:00
be304614-d741-43e5-bddd-080fd30ecc90,fUST,0.0001101,2,2,-4000000.0,demand,2026-09-13T18:47:01.876196+00:00
be304614-d741-43e5-bddd-080fd30ecc90,fUST,0.00017103,2,1,4850.0,offer,2026-09-13T18:47:01.876196+00:00
be304614-d741-43e5-bddd-080fd30ecc90,fUST,0.000174998476,2,1,151.0,offer,2026-09-13T18:47:01.876196+00:00
be304614-d741-43e5-bddd-080fd30ecc90,fUST,0.00017682720000000002,7,1,250.57138812,offer,2026-09-13T18:47:01.876196+00:00
be304614-d741-43e5-bddd-080fd30ecc90,fUST,0.00018036374400000002,7,1,250.57138811,offer,2026-09-13T18:47:01.876196+00:00
be304614-d741-43e5-bddd-080fd30ecc90,fUST,0.0001809754,2,1,6869.974019,offer,2026-09-13T18:47:01.876196+00:00
be304614-d741-43e5-bddd-080fd30ecc90,fUST,0.0001812499,2,1,187.633766,offer,2026-09-13T18:47:01.876196+00:00
be304614-d741-43e5-bddd-080fd30ecc90,fUST,0.0001812919,2,1,666.8340471,offer,2026-09-13T18:47:01.876196+00:00
be304614-d741-43e5-bddd-080fd30ecc90,fUST,0.0001823971,2,1,851.783465,offer,2026-09-13T18:47:01.876196+00:00
be304614-d741-43e5-bddd-080fd30ecc90,fUST,0.0001828976,2,1,181.095022,offer,2026-09-13T18:47:01.876196+00:00
be304614-d741-43e5-bddd-080fd30ecc90,fUST,0.0001831269,2,1,2464.3053805,offer,2026-09-13T18:47:01.876196+00:00
be304614-d741-43e5-bddd-080fd30ecc90,fUST,0.00018566856000000004,7,1,250.57138811,offer,2026-09-13T18:47:01.876196+00:00
be304614-d741-43e5-bddd-080fd30ecc90,fUST,0.000185806438,2,1,187.33,offer,2026-09-13T18:47:01.876196+00:00
be304614-d741-43e5-bddd-080fd30ecc90,fUST,0.0001887582842465753,2,1,167.57308056,offer,2026-09-13T18:47:01.876196+00:00
be304614-d741-43e5-bddd-080fd30ecc90,fUST,0.00019097337600000003,7,1,250.57138811,offer,2026-09-13T18:47:01.876196+00:00
be304614-d741-43e5-bddd-080fd30ecc90,fUST,0.00019251,2,2,1000.0,offer,2026-09-13T18:47:01.876196+00:00
be304614-d741-43e5-bddd-080fd30ecc90,fUST,0.0001970529794520548,2,1,198.79627711,offer,2026-09-13T18:47:01.876196+00:00
be304614-d741-43e5-bddd-080fd30ecc90,fUST,0.00019711099315068492,2,6,1579.95702482,offer,2026-09-13T18:47:01.876196+00:00
be304614-d741-43e5-bddd-080fd30ecc90,fUST,0.00019714,2,3,739.77802698,offer,2026-09-13T18:47:01.876196+00:00
be304614-d741-43e5-bddd-080fd30ecc90,fUST,0.00019715,3,2,1100.55186934,offer,2026-09-13T18:47:01.876196+00:00
be304614-d741-43e5-bddd-080fd30ecc90,fUST,0.00019804646400000005,7,1,250.57138813,offer,2026-09-13T18:47:01.876196+00:00
be304614-d741-43e5-bddd-080fd30ecc90,fUST,0.00019899,2,2,1000.0,offer,2026-09-13T18:47:01.876196+00:00
be304614-d741-43e5-bddd-080fd30ecc90,fUST,0.000199,2,1,7977.57422295,offer,2026-09-13T18:47:01.876196+00:00
be304614-d741-43e5-bddd-080fd30ecc90,fUST,0.00019928423180426424,2,1,224.67213314,offer,2026-09-13T18:47:01.876196+00:00
be304614-d741-43e5-bddd-080fd30ecc90,fUST,0.00019979,2,6,3005.22439289,offer,2026-09-13T18:47:01.876196+00:00
be304614-d741-43e5-bddd-080fd30ecc90,fUST,0.00019989,3,3,1648.78,offer,2026-09-13T18:47:01.876196+00:00
cebfc329-cfc4-4eae-8f69-5221f43c0f23,fUST,0.0002671232876712329,120,1,-3075890.98101648,demand,2026-09-13T19:47:01.870234+00:00
cebfc329-cfc4-4eae-8f69-5221f43c0f23,fUST,0.0002477150684931507,60,1,-3369589.04446107,demand,2026-09-13T19:47:01.870234+00:00
cebfc329-cfc4-4eae-8f69-5221f43c0f23,fUST,0.00024309315,120,1,-20000.0,demand,2026-09-13T19:47:01.870234+00:00
cebfc329-cfc4-4eae-8f69-5221f43c0f23,fUST,0.00016,60,19,-119484.48298844,demand,2026-09-13T19:47:01.870234+00:00
cebfc329-cfc4-4eae-8f69-5221f43c0f23,fUST,0.000152,60,1,-28000.0,demand,2026-09-13T19:47:01.870234+00:00
cebfc329-cfc4-4eae-8f69-5221f43c0f23,fUST,0.00015,120,1,-300000.0,demand,2026-09-13T19:47:01.870234+00:00
cebfc329-cfc4-4eae-8f69-5221f43c0f23,fUST,0.00015,45,23,-138668.928077,demand,2026-09-13T19:47:01.870234+00:00
cebfc329-cfc4-4eae-8f69-5221f43c0f23,fUST,0.00015,30,2,-7504.74,demand,2026-09-13T19:47:01.870234+00:00
cebfc329-cfc4-4eae-8f69-5221f43c0f23,fUST,0.0001421,45,1,-10000.0,demand,2026-09-13T19:47:01.870234+00:00
cebfc329-cfc4-4eae-8f69-5221f43c0f23,fUST,0.000142,45,2,-20000.0,demand,2026-09-13T19:47:01.870234+00:00
cebfc329-cfc4-4eae-8f69-5221f43c0f23,fUST,0.0001361,30,14,-48871.41107403,demand,2026-09-13T19:47:01.870234+00:00
cebfc329-cfc4-4eae-8f69-5221f43c0f23,fUST,0.000136,30,2,-14544.22120933,demand,2026-09-13T19:47:01.870234+00:00
cebfc329-cfc4-4eae-8f69-5221f43c0f23,fUST,0.00013103,2,1,-1124799.14077903,demand,2026-09-13T19:47:01.870234+00:00
cebfc329-cfc4-4eae-8f69-5221f43c0f23,fUST,0.00013102,2,1,-366829.49373192,demand,2026-09-13T19:47:01.870234+00:00
cebfc329-cfc4-4eae-8f69-5221f43c0f23,fUST,0.000131,2,3,-2576906.89108704,demand,2026-09-13T19:47:01.870234+00:00
cebfc329-cfc4-4eae-8f69-5221f43c0f23,fUST,0.00013,30,1,-28000.0,demand,2026-09-13T19:47:01.870234+00:00
cebfc329-cfc4-4eae-8f69-5221f43c0f23,fUST,0.0001226,12,1,-135216.16709793,demand,2026-09-13T19:47:01.870234+00:00
cebfc329-cfc4-4eae-8f69-5221f43c0f23,fUST,0.0001225,59,1,-95000.0,demand,2026-09-13T19:47:01.870234+00:00
cebfc329-cfc4-4eae-8f69-5221f43c0f23,fUST,0.0001222,29,1,-194504.86890568,demand,2026-09-13T19:47:01.870234+00:00
cebfc329-cfc4-4eae-8f69-5221f43c0f23,fUST,0.0001202,19,1,-184532.71737778,demand,2026-09-13T19:47:01.870234+00:00
cebfc329-cfc4-4eae-8f69-5221f43c0f23,fUST,0.00012,120,1,-30000.0,demand,2026-09-13T19:47:01.870234+00:00
cebfc329-cfc4-4eae-8f69-5221f43c0f23,fUST,0.000119,2,1,-797052.48272179,demand,2026-09-13T19:47:01.870234+00:00
cebfc329-cfc4-4eae-8f69-5221f43c0f23,fUST,0.0001181,7,1,-76226.65849949,demand,2026-09-13T19:47:01.870234+00:00
cebfc329-cfc4-4eae-8f69-5221f43c0f23,fUST,0.0001101,2,2,-4000000.0,demand,2026-09-13T19:47:01.870234+00:00
cebfc329-cfc4-4eae-8f69-5221f43c0f23,fUST,0.000101,120,1,-293300.0,demand,2026-09-13T19:47:01.870234+00:00
cebfc329-cfc4-4eae-8f69-5221f43c0f23,fUST,0.0001331399,2,1,346.5892347,offer,2026-09-13T19:47:01.870234+00:00
cebfc329-cfc4-4eae-8f69-5221f43c0f23,fUST,0.0001345,2,1,4752.51787347,offer,2026-09-13T19:47:01.870234+00:00
cebfc329-cfc4-4eae-8f69-5221f43c0f23,fUST,0.0001354968,7,2,349.47492194,offer,2026-09-13T19:47:01.870234+00:00
cebfc329-cfc4-4eae-8f69-5221f43c0f23,fUST,0.0001358636,2,1,15000.0,offer,2026-09-13T19:47:01.870234+00:00
cebfc329-cfc4-4eae-8f69-5221f43c0f23,fUST,0.0001369501,2,1,7646.4014796,offer,2026-09-13T19:47:01.870234+00:00
cebfc329-cfc4-4eae-8f69-5221f43c0f23,fUST,0.0001384387,2,1,291.647052,offer,2026-09-13T19:47:01.870234+00:00
cebfc329-cfc4-4eae-8f69-5221f43c0f23,fUST,0.0001391202,2,1,159.31,offer,2026-09-13T19:47:01.870234+00:00
cebfc329-cfc4-4eae-8f69-5221f43c0f23,fUST,0.00013948200000000002,7,1,326.15677602,offer,2026-09-13T19:47:01.870234+00:00
cebfc329-cfc4-4eae-8f69-5221f43c0f23,fUST,0.00014346720000000003,7,1,283.85334209,offer,2026-09-13T19:47:01.870234+00:00
cebfc329-cfc4-4eae-8f69-5221f43c0f23,fUST,0.0001454968,2,1,206.64639199,offer,2026-09-13T19:47:01.870234+00:00
cebfc329-cfc4-4eae-8f69-5221f43c0f23,fUST,0.00014622287671232876,2,43,21440.88213515,offer,2026-09-13T19:47:01.870234+00:00
cebfc329-cfc4-4eae-8f69-5221f43c0f23,fUST,0.0001462319712,2,1,1881.1650216,offer,2026-09-13T19:47:01.870234+00:00
cebfc329-cfc4-4eae-8f69-5221f43c0f23,fUST,0.00014623287671232876,2,1,6219.69503248,offer,2026-09-13T19:47:01.870234+00:00
cebfc329-cfc4-4eae-8f69-5221f43c0f23,fUST,0.00014798,2,1,540.43246924,offer,2026-09-13T19:47:01.870234+00:00
cebfc329-cfc4-4eae-8f69-5221f43c0f23,fUST,0.00014799,2,15,151298.94939725,offer,2026-09-13T19:47:01.870234+00:00
cebfc329-cfc4-4eae-8f69-5221f43c0f23,fUST,0.00014899,2,2,1000.0,offer,2026-09-13T19:47:01.870234+00:00
cebfc329-cfc4-4eae-8f69-5221f43c0f23,fUST,0.000149,2,3,1347.38571059,offer,2026-09-13T19:47:01.870234+00:00
cebfc329-cfc4-4eae-8f69-5221f43c0f23,fUST,0.0001495492794,2,1,454.65772,offer,2026-09-13T19:47:01.870234+00:00
cebfc329-cfc4-4eae-8f69-5221f43c0f23,fUST,0.00014998,2,1,341.74747212,offer,2026-09-13T19:47:01.870234+00:00
cebfc329-cfc4-4eae-8f69-5221f43c0f23,fUST,0.00014999,2,2,672.7790186,offer,2026-09-13T19:47:01.870234+00:00
cebfc329-cfc4-4eae-8f69-5221f43c0f23,fUST,0.00015,2,4,8503.24741606,offer,2026-09-13T19:47:01.870234+00:00
cebfc329-cfc4-4eae-8f69-5221f43c0f23,fUST,0.00015068493150684933,2,1,250.771592,offer,2026-09-13T19:47:01.870234+00:00
cebfc329-cfc4-4eae-8f69-5221f43c0f23,fUST,0.0001509498,3,1,348.37949481,offer,2026-09-13T19:47:01.870234+00:00
cebfc329-cfc4-4eae-8f69-5221f43c0f23,fUST,0.00015267918790151658,2,1,4170.83896006,offer,2026-09-13T19:47:01.870234+00:00
cebfc329-cfc4-4eae-8f69-5221f43c0f23,fUST,0.00015287000000000002,3,2,576.0,offer,2026-09-13T19:47:01.870234+00:00
37fcf1c7-4c61-4c37-9039-832bd6cc1fa5,fUST,0.0002671232876712329,120,1,-3074828.27101648,demand,2026-09-13T20:47:01.829625+00:00
37fcf1c7-4c61-4c37-9039-832bd6cc1fa5,fUST,0.00024744657534246574,60,1,-3369589.04446107,demand,2026-09-13T20:47:01.829625+00:00
37fcf1c7-4c61-4c37-9039-832bd6cc1fa5,fUST,0.00024309315,120,1,-20000.0,demand,2026-09-13T20:47:01.829625+00:00
37fcf1c7-4c61-4c37-9039-832bd6cc1fa5,fUST,0.00016,60,19,-119484.48298844,demand,2026-09-13T20:47:01.829625+00:00
37fcf1c7-4c61-4c37-9039-832bd6cc1fa5,fUST,0.000152,60,1,-28000.0,demand,2026-09-13T20:47:01.829625+00:00
37fcf1c7-4c61-4c37-9039-832bd6cc1fa5,fUST,0.00015,120,1,-300000.0,demand,2026-09-13T20:47:01.829625+00:00
37fcf1c7-4c61-4c37-9039-832bd6cc1fa5,fUST,0.00015,45,23,-138668.928077,demand,2026-09-13T20:47:01.829625+00:00
37fcf1c7-4c61-4c37-9039-832bd6cc1fa5,fUST,0.00015,30,2,-7504.74,demand,2026-09-13T20:47:01.829625+00:00
37fcf1c7-4c61-4c37-9039-832bd6cc1fa5,fUST,0.0001421,45,1,-10000.0,demand,2026-09-13T20:47:01.829625+00:00
37fcf1c7-4c61-4c37-9039-832bd6cc1fa5,fUST,0.000142,45,2,-20000.0,demand,2026-09-13T20:47:01.829625+00:00
37fcf1c7-4c61-4c37-9039-832bd6cc1fa5,fUST,0.00014,7,1,-10000.0,demand,2026-09-13T20:47:01.829625+00:00
37fcf1c7-4c61-4c37-9039-832bd6cc1fa5,fUST,0.0001361,30,14,-48871.41107403,demand,2026-09-13T20:47:01.829625+00:00
37fcf1c7-4c61-4c37-9039-832bd6cc1fa5,fUST,0.000136,30,2,-14544.22120933,demand,2026-09-13T20:47:01.829625+00:00
37fcf1c7-4c61-4c37-9039-832bd6cc1fa5,fUST,0.00013103,2,1,-861241.92872165,demand,2026-09-13T20:47:01.829625+00:00
37fcf1c7-4c61-4c37-9039-832bd6cc1fa5,fUST,0.00013102,2,1,-366829.49373192,demand,2026-09-13T20:47:01.829625+00:00
37fcf1c7-4c61-4c37-9039-832bd6cc1fa5,fUST,0.000131,2,3,-2576906.89108704,demand,2026-09-13T20:47:01.829625+00:00
37fcf1c7-4c61-4c37-9039-832bd6cc1fa5,fUST,0.00013,30,1,-28000.0,demand,2026-09-13T20:47:01.829625+00:00
37fcf1c7-4c61-4c37-9039-832bd6cc1fa5,fUST,0.0001226,12,1,-135216.16709793,demand,2026-09-13T20:47:01.829625+00:00
37fcf1c7-4c61-4c37-9039-832bd6cc1fa5,fUST,0.0001225,59,1,-95000.0,demand,2026-09-13T20:47:01.829625+00:00
37fcf1c7-4c61-4c37-9039-832bd6cc1fa5,fUST,0.0001222,29,1,-194504.86890568,demand,2026-09-13T20:47:01.829625+00:00
37fcf1c7-4c61-4c37-9039-832bd6cc1fa5,fUST,0.0001202,19,1,-184532.71737778,demand,2026-09-13T20:47:01.829625+00:00
37fcf1c7-4c61-4c37-9039-832bd6cc1fa5,fUST,0.00012,120,1,-30000.0,demand,2026-09-13T20:47:01.829625+00:00
37fcf1c7-4c61-4c37-9039-832bd6cc1fa5,fUST,0.000119,2,1,-797052.48272179,demand,2026-09-13T20:47:01.829625+00:00
37fcf1c7-4c61-4c37-9039-832bd6cc1fa5,fUST,0.0001181,7,1,-76226.65849949,demand,2026-09-13T20:47:01.829625+00:00
37fcf1c7-4c61-4c37-9039-832bd6cc1fa5,fUST,0.0001101,2,2,-4000000.0,demand,2026-09-13T20:47:01.829625+00:00
37fcf1c7-4c61-4c37-9039-832bd6cc1fa5,fUST,0.0001327822807017544,2,1,160.0,offer,2026-09-13T20:47:01.829625+00:00
37fcf1c7-4c61-4c37-9039-832bd6cc1fa5,fUST,0.0001341627,2,1,429.5112679,offer,2026-09-13T20:47:01.829625+00:00
37fcf1c7-4c61-4c37-9039-832bd6cc1fa5,fUST,0.0001354896,2,1,151.0,offer,2026-09-13T20:47:01.829625+00:00
37fcf1c7-4c61-4c37-9039-832bd6cc1fa5,fUST,0.0001360381,2,1,2188.1066932,offer,2026-09-13T20:47:01.829625+00:00
37fcf1c7-4c61-4c37-9039-832bd6cc1fa5,fUST,0.000136986301369863,2,1,2357.5316469,offer,2026-09-13T20:47:01.829625+00:00
37fcf1c7-4c61-4c37-9039-832bd6cc1fa5,fUST,0.00013829,7,1,251.88734457,offer,2026-09-13T20:47:01.829625+00:00
37fcf1c7-4c61-4c37-9039-832bd6cc1fa5,fUST,0.00013968,2,18,9077.60613526,offer,2026-09-13T20:47:01.829625+00:00
37fcf1c7-4c61-4c37-9039-832bd6cc1fa5,fUST,0.00014246,2,15,4500.0,offer,2026-09-13T20:47:01.829625+00:00
37fcf1c7-4c61-4c37-9039-832bd6cc1fa5,fUST,0.0001427842105263158,2,1,161.20039946,offer,2026-09-13T20:47:01.829625+00:00
37fcf1c7-4c61-4c37-9039-832bd6cc1fa5,fUST,0.0001443502539,2,1,377.967096,offer,2026-09-13T20:47:01.829625+00:00
37fcf1c7-4c61-4c37-9039-832bd6cc1fa5,fUST,0.00014493,2,1,500.0,offer,2026-09-13T20:47:01.829625+00:00
37fcf1c7-4c61-4c37-9039-832bd6cc1fa5,fUST,0.0001449361,2,5,11865.88213419,offer,2026-09-13T20:47:01.829625+00:00
37fcf1c7-4c61-4c37-9039-832bd6cc1fa5,fUST,0.00014520450000000002,7,1,251.88734456,offer,2026-09-13T20:47:01.829625+00:00
37fcf1c7-4c61-4c37-9039-832bd6cc1fa5,fUST,0.0001472186104680695,2,1,243.2343132,offer,2026-09-13T20:47:01.829625+00:00
37fcf1c7-4c61-4c37-9039-832bd6cc1fa5,fUST,0.0001472191780821918,2,1,500.0,offer,2026-09-13T20:47:01.829625+00:00
37fcf1c7-4c61-4c37-9039-832bd6cc1fa5,fUST,0.0001493532,7,1,251.88734456,offer,2026-09-13T20:47:01.829625+00:00
37fcf1c7-4c61-4c37-9039-832bd6cc1fa5,fUST,0.0001493532,2,1,470.44768507,offer,2026-09-13T20:47:01.829625+00:00
37fcf1c7-4c61-4c37-9039-832bd6cc1fa5,fUST,0.00014995890410958904,2,1,500.0,offer,2026-09-13T20:47:01.829625+00:00
37fcf1c7-4c61-4c37-9039-832bd6cc1fa5,fUST,0.00015,2,1,201.79066056,offer,2026-09-13T20:47:01.829625+00:00
37fcf1c7-4c61-4c37-9039-832bd6cc1fa5,fUST,0.0001502021,2,44,20915.53884595,offer,2026-09-13T20:47:01.829625+00:00
37fcf1c7-4c61-4c37-9039-832bd6cc1fa5,fUST,0.00015021,2,1,500.0,offer,2026-09-13T20:47:01.829625+00:00
37fcf1c7-4c61-4c37-9039-832bd6cc1fa5,fUST,0.0001502121,2,10,200000.0,offer,2026-09-13T20:47:01.829625+00:00
37fcf1c7-4c61-4c37-9039-832bd6cc1fa5,fUST,0.0001502221,2,1,522.11476232,offer,2026-09-13T20:47:01.829625+00:00
37fcf1c7-4c61-4c37-9039-832bd6cc1fa5,fUST,0.00015023,2,1,224.63433336,offer,2026-09-13T20:47:01.829625+00:00
37fcf1c7-4c61-4c37-9039-832bd6cc1fa5,fUST,0.0001502321,2,11,140000.0,offer,2026-09-13T20:47:01.829625+00:00
51f2cd26-d97d-49f9-a697-c6457222b31c,fUST,0.0002671232876712329,120,1,-3074828.27101648,demand,2026-09-13T21:47:01.585674+00:00
51f2cd26-d97d-49f9-a697-c6457222b31c,fUST,0.0002473123287671233,60,1,-3369589.04446107,demand,2026-09-13T21:47:01.585674+00:00
51f2cd26-d97d-49f9-a697-c6457222b31c,fUST,0.00024309315,120,1,-20000.0,demand,2026-09-13T21:47:01.585674+00:00
51f2cd26-d97d-49f9-a697-c6457222b31c,fUST,0.000211,2,1,-150.0,demand,2026-09-13T21:47:01.585674+00:00
51f2cd26-d97d-49f9-a697-c6457222b31c,fUST,0.000191,2,1,-150.0,demand,2026-09-13T21:47:01.585674+00:00
51f2cd26-d97d-49f9-a697-c6457222b31c,fUST,0.00016,60,19,-119484.48298844,demand,2026-09-13T21:47:01.585674+00:00
51f2cd26-d97d-49f9-a697-c6457222b31c,fUST,0.000152,60,1,-28000.0,demand,2026-09-13T21:47:01.585674+00:00
51f2cd26-d97d-49f9-a697-c6457222b31c,fUST,0.00015,120,1,-300000.0,demand,2026-09-13T21:47:01.585674+00:00
51f2cd26-d97d-49f9-a697-c6457222b31c,fUST,0.00015,45,23,-138668.928077,demand,2026-09-13T21:47:01.585674+00:00
51f2cd26-d97d-49f9-a697-c6457222b31c,fUST,0.00015,30,2,-7504.74,demand,2026-09-13T21:47:01.585674+00:00
51f2cd26-d97d-49f9-a697-c6457222b31c,fUST,0.0001421,45,1,-10000.0,demand,2026-09-13T21:47:01.585674+00:00
51f2cd26-d97d-49f9-a697-c6457222b31c,fUST,0.000142,45,2,-20000.0,demand,2026-09-13T21:47:01.585674+00:00
51f2cd26-d97d-49f9-a697-c6457222b31c,fUST,0.00014,7,1,-10000.0,demand,2026-09-13T21:47:01.585674+00:00
51f2cd26-d97d-49f9-a697-c6457222b31c,fUST,0.0001361,30,14,-48871.41107403,demand,2026-09-13T21:47:01.585674+00:00
51f2cd26-d97d-49f9-a697-c6457222b31c,fUST,0.000136,30,2,-14544.22120933,demand,2026-09-13T21:47:01.585674+00:00
51f2cd26-d97d-49f9-a697-c6457222b31c,fUST,0.00013103,2,1,-837642.28618846,demand,2026-09-13T21:47:01.585674+00:00
51f2cd26-d97d-49f9-a697-c6457222b31c,fUST,0.00013102,2,1,-366829.49373192,demand,2026-09-13T21:47:01.585674+00:00
51f2cd26-d97d-49f9-a697-c6457222b31c,fUST,0.000131,2,3,-2576906.89108704,demand,2026-09-13T21:47:01.585674+00:00
51f2cd26-d97d-49f9-a697-c6457222b31c,fUST,0.00013,30,1,-28000.0,demand,2026-09-13T21:47:01.585674+00:00
51f2cd26-d97d-49f9-a697-c6457222b31c,fUST,0.0001226,12,1,-135216.16709793,demand,2026-09-13T21:47:01.585674+00:00
51f2cd26-d97d-49f9-a697-c6457222b31c,fUST,0.0001225,59,1,-95000.0,demand,2026-09-13T21:47:01.585674+00:00
51f2cd26-d97d-49f9-a697-c6457222b31c,fUST,0.0001222,29,1,-194504.86890568,demand,2026-09-13T21:47:01.585674+00:00
51f2cd26-d97d-49f9-a697-c6457222b31c,fUST,0.0001202,19,1,-184532.71737778,demand,2026-09-13T21:47:01.585674+00:00
51f2cd26-d97d-49f9-a697-c6457222b31c,fUST,0.00012,120,1,-30000.0,demand,2026-09-13T21:47:01.585674+00:00
51f2cd26-d97d-49f9-a697-c6457222b31c,fUST,0.000119,2,1,-797052.48272179,demand,2026-09-13T21:47:01.585674+00:00
51f2cd26-d97d-49f9-a697-c6457222b31c,fUST,0.00014189,2,1,23.96098424,offer,2026-09-13T21:47:01.585674+00:00
51f2cd26-d97d-49f9-a697-c6457222b31c,fUST,0.000147,7,1,93.68107033,offer,2026-09-13T21:47:01.585674+00:00
51f2cd26-d97d-49f9-a697-c6457222b31c,fUST,0.0001479500064,2,1,534.0981163,offer,2026-09-13T21:47:01.585674+00:00
51f2cd26-d97d-49f9-a697-c6457222b31c,fUST,0.0001481519,2,1,579.178659,offer,2026-09-13T21:47:01.585674+00:00
51f2cd26-d97d-49f9-a697-c6457222b31c,fUST,0.0001498954,2,1,198.576247,offer,2026-09-13T21:47:01.585674+00:00
51f2cd26-d97d-49f9-a697-c6457222b31c,fUST,0.0001512,7,1,243.68107033,offer,2026-09-13T21:47:01.585674+00:00
51f2cd26-d97d-49f9-a697-c6457222b31c,fUST,0.00015506,2,2,1019.45803074,offer,2026-09-13T21:47:01.585674+00:00
51f2cd26-d97d-49f9-a697-c6457222b31c,fUST,0.00015506,7,1,355.0,offer,2026-09-13T21:47:01.585674+00:00
51f2cd26-d97d-49f9-a697-c6457222b31c,fUST,0.0001568,7,1,243.68107037,offer,2026-09-13T21:47:01.585674+00:00
51f2cd26-d97d-49f9-a697-c6457222b31c,fUST,0.00015779,7,1,355.0,offer,2026-09-13T21:47:01.585674+00:00
51f2cd26-d97d-49f9-a697-c6457222b31c,fUST,0.00016383383561643838,2,28,13954.76497153,offer,2026-09-13T21:47:01.585674+00:00
51f2cd26-d97d-49f9-a697-c6457222b31c,fUST,0.00016384383561643837,2,12,209411.23324747,offer,2026-09-13T21:47:01.585674+00:00
51f2cd26-d97d-49f9-a697-c6457222b31c,fUST,0.00016385,2,3,1500.0,offer,2026-09-13T21:47:01.585674+00:00
51f2cd26-d97d-49f9-a697-c6457222b31c,fUST,0.00016385479452054794,2,6,46182.01176349,offer,2026-09-13T21:47:01.585674+00:00
51f2cd26-d97d-49f9-a697-c6457222b31c,fUST,0.00016386,2,6,3000.0,offer,2026-09-13T21:47:01.585674+00:00
51f2cd26-d97d-49f9-a697-c6457222b31c,fUST,0.00016387,2,1,500.0,offer,2026-09-13T21:47:01.585674+00:00
51f2cd26-d97d-49f9-a697-c6457222b31c,fUST,0.00016388,2,14,5690.4,offer,2026-09-13T21:47:01.585674+00:00
51f2cd26-d97d-49f9-a697-c6457222b31c,fUST,0.0001638870327,4,1,193.00865206,offer,2026-09-13T21:47:01.585674+00:00
51f2cd26-d97d-49f9-a697-c6457222b31c,fUST,0.0001638870327,6,1,170.30175181,offer,2026-09-13T21:47:01.585674+00:00
51f2cd26-d97d-49f9-a697-c6457222b31c,fUST,0.0001640090241,2,1,871.062658,offer,2026-09-13T21:47:01.585674+00:00
51f2cd26-d97d-49f9-a697-c6457222b31c,fUST,0.00016438,2,1,282.11852302,offer,2026-09-13T21:47:01.585674+00:00
51f2cd26-d97d-49f9-a697-c6457222b31c,fUST,0.00016438356164383562,2,1,500.0,offer,2026-09-13T21:47:01.585674+00:00
51f2cd26-d97d-49f9-a697-c6457222b31c,fUST,0.0001643836,2,2,328.0962,offer,2026-09-13T21:47:01.585674+00:00
51f2cd26-d97d-49f9-a697-c6457222b31c,fUST,0.0001644,2,2,582.61809332,offer,2026-09-13T21:47:01.585674+00:00
51f2cd26-d97d-49f9-a697-c6457222b31c,fUST,0.0001653836,2,1,167.0873,offer,2026-09-13T21:47:01.585674+00:00
db60b758-37b2-49e6-a9ad-0965cba9b9f1,fUST,0.0002671232876712329,120,1,-3074828.27101648,demand,2026-09-13T22:47:01.725308+00:00
db60b758-37b2-49e6-a9ad-0965cba9b9f1,fUST,0.00024726575342465755,60,1,-3363347.62541497,demand,2026-09-13T22:47:01.725308+00:00
db60b758-37b2-49e6-a9ad-0965cba9b9f1,fUST,0.00024309315,120,1,-20000.0,demand,2026-09-13T22:47:01.725308+00:00
db60b758-37b2-49e6-a9ad-0965cba9b9f1,fUST,0.00016,60,19,-119484.48298844,demand,2026-09-13T22:47:01.725308+00:00
db60b758-37b2-49e6-a9ad-0965cba9b9f1,fUST,0.000152,60,1,-28000.0,demand,2026-09-13T22:47:01.725308+00:00
db60b758-37b2-49e6-a9ad-0965cba9b9f1,fUST,0.00015,120,1,-300000.0,demand,2026-09-13T22:47:01.725308+00:00
db60b758-37b2-49e6-a9ad-0965cba9b9f1,fUST,0.00015,45,23,-138668.928077,demand,2026-09-13T22:47:01.725308+00:00
db60b758-37b2-49e6-a9ad-0965cba9b9f1,fUST,0.00015,30,2,-7504.74,demand,2026-09-13T22:47:01.725308+00:00
db60b758-37b2-49e6-a9ad-0965cba9b9f1,fUST,0.0001421,45,1,-10000.0,demand,2026-09-13T22:47:01.725308+00:00
db60b758-37b2-49e6-a9ad-0965cba9b9f1,fUST,0.000142,45,2,-20000.0,demand,2026-09-13T22:47:01.725308+00:00
db60b758-37b2-49e6-a9ad-0965cba9b9f1,fUST,0.00014,7,1,-10000.0,demand,2026-09-13T22:47:01.725308+00:00
db60b758-37b2-49e6-a9ad-0965cba9b9f1,fUST,0.0001361,30,14,-48871.41107403,demand,2026-09-13T22:47:01.725308+00:00
db60b758-37b2-49e6-a9ad-0965cba9b9f1,fUST,0.000136,30,2,-14544.22120933,demand,2026-09-13T22:47:01.725308+00:00
db60b758-37b2-49e6-a9ad-0965cba9b9f1,fUST,0.00013103,2,1,-837352.63660052,demand,2026-09-13T22:47:01.725308+00:00
db60b758-37b2-49e6-a9ad-0965cba9b9f1,fUST,0.00013102,2,1,-366829.49373192,demand,2026-09-13T22:47:01.725308+00:00
db60b758-37b2-49e6-a9ad-0965cba9b9f1,fUST,0.000131,2,3,-2576906.89108704,demand,2026-09-13T22:47:01.725308+00:00
db60b758-37b2-49e6-a9ad-0965cba9b9f1,fUST,0.00013,30,1,-28000.0,demand,2026-09-13T22:47:01.725308+00:00
db60b758-37b2-49e6-a9ad-0965cba9b9f1,fUST,0.0001226,12,1,-135216.16709793,demand,2026-09-13T22:47:01.725308+00:00
db60b758-37b2-49e6-a9ad-0965cba9b9f1,fUST,0.0001225,59,1,-95000.0,demand,2026-09-13T22:47:01.725308+00:00
db60b758-37b2-49e6-a9ad-0965cba9b9f1,fUST,0.0001222,29,1,-194504.86890568,demand,2026-09-13T22:47:01.725308+00:00
db60b758-37b2-49e6-a9ad-0965cba9b9f1,fUST,0.0001202,19,1,-184532.71737778,demand,2026-09-13T22:47:01.725308+00:00
db60b758-37b2-49e6-a9ad-0965cba9b9f1,fUST,0.00012,120,1,-30000.0,demand,2026-09-13T22:47:01.725308+00:00
db60b758-37b2-49e6-a9ad-0965cba9b9f1,fUST,0.000119,2,1,-797052.48272179,demand,2026-09-13T22:47:01.725308+00:00
db60b758-37b2-49e6-a9ad-0965cba9b9f1,fUST,0.0001181,7,1,-76226.65849949,demand,2026-09-13T22:47:01.725308+00:00
db60b758-37b2-49e6-a9ad-0965cba9b9f1,fUST,0.0001101,2,2,-4000000.0,demand,2026-09-13T22:47:01.725308+00:00
db60b758-37b2-49e6-a9ad-0965cba9b9f1,fUST,0.00014595,7,1,4277.10942485,offer,2026-09-13T22:47:01.725308+00:00
db60b758-37b2-49e6-a9ad-0965cba9b9f1,fUST,0.0001469399,2,1,15000.0,offer,2026-09-13T22:47:01.725308+00:00
db60b758-37b2-49e6-a9ad-0965cba9b9f1,fUST,0.00014742,7,1,5000.0,offer,2026-09-13T22:47:01.725308+00:00
db60b758-37b2-49e6-a9ad-0965cba9b9f1,fUST,0.0001489608,2,1,318.4320568,offer,2026-09-13T22:47:01.725308+00:00
db60b758-37b2-49e6-a9ad-0965cba9b9f1,fUST,0.00015041,2,1,238.71,offer,2026-09-13T22:47:01.725308+00:00
db60b758-37b2-49e6-a9ad-0965cba9b9f1,fUST,0.00015068493150684933,2,1,169.650348,offer,2026-09-13T22:47:01.725308+00:00
db60b758-37b2-49e6-a9ad-0965cba9b9f1,fUST,0.000153469,2,1,186.2577838,offer,2026-09-13T22:47:01.725308+00:00
db60b758-37b2-49e6-a9ad-0965cba9b9f1,fUST,0.00015386,2,1,500.0,offer,2026-09-13T22:47:01.725308+00:00
db60b758-37b2-49e6-a9ad-0965cba9b9f1,fUST,0.0001540443,2,1,2000.0,offer,2026-09-13T22:47:01.725308+00:00
db60b758-37b2-49e6-a9ad-0965cba9b9f1,fUST,0.0001542245,2,1,1528.8079497,offer,2026-09-13T22:47:01.725308+00:00
db60b758-37b2-49e6-a9ad-0965cba9b9f1,fUST,0.00016213972602739725,2,1,6142.39461544,offer,2026-09-13T22:47:01.725308+00:00
db60b758-37b2-49e6-a9ad-0965cba9b9f1,fUST,0.00016215,2,1,500.0,offer,2026-09-13T22:47:01.725308+00:00
db60b758-37b2-49e6-a9ad-0965cba9b9f1,fUST,0.00016256,2,2,1000.0,offer,2026-09-13T22:47:01.725308+00:00
db60b758-37b2-49e6-a9ad-0965cba9b9f1,fUST,0.00016373,2,2,1000.0,offer,2026-09-13T22:47:01.725308+00:00
db60b758-37b2-49e6-a9ad-0965cba9b9f1,fUST,0.00016373000000000003,2,25,11308.14557755,offer,2026-09-13T22:47:01.725308+00:00
db60b758-37b2-49e6-a9ad-0965cba9b9f1,fUST,0.00016374,2,1,500.0,offer,2026-09-13T22:47:01.725308+00:00
db60b758-37b2-49e6-a9ad-0965cba9b9f1,fUST,0.0001638,2,2,1430.39451606,offer,2026-09-13T22:47:01.725308+00:00
db60b758-37b2-49e6-a9ad-0965cba9b9f1,fUST,0.00016381,2,1,500.0,offer,2026-09-13T22:47:01.725308+00:00
db60b758-37b2-49e6-a9ad-0965cba9b9f1,fUST,0.00016438,2,1,152.0,offer,2026-09-13T22:47:01.725308+00:00
db60b758-37b2-49e6-a9ad-0965cba9b9f1,fUST,0.0001643836,2,3,496.7662,offer,2026-09-13T22:47:01.725308+00:00
db60b758-37b2-49e6-a9ad-0965cba9b9f1,fUST,0.0001644,2,2,582.61809332,offer,2026-09-13T22:47:01.725308+00:00
db60b758-37b2-49e6-a9ad-0965cba9b9f1,fUST,0.0001653836,2,1,167.0873,offer,2026-09-13T22:47:01.725308+00:00
db60b758-37b2-49e6-a9ad-0965cba9b9f1,fUST,0.00016545,2,1,238.71,offer,2026-09-13T22:47:01.725308+00:00
db60b758-37b2-49e6-a9ad-0965cba9b9f1,fUST,0.0001663836,2,1,167.0875,offer,2026-09-13T22:47:01.725308+00:00
db60b758-37b2-49e6-a9ad-0965cba9b9f1,fUST,0.00016702,3,2,1009.39,offer,2026-09-13T22:47:01.725308+00:00
dbcf31ff-a2f8-44f3-ba46-fc9cac6ad504,fUST,0.0002671232876712329,120,1,-3074036.06101648,demand,2026-09-13T23:47:01.611470+00:00
dbcf31ff-a2f8-44f3-ba46-fc9cac6ad504,fUST,0.00024723561643835614,60,1,-3363347.62541497,demand,2026-09-13T23:47:01.611470+00:00
dbcf31ff-a2f8-44f3-ba46-fc9cac6ad504,fUST,0.00024309315,120,1,-20000.0,demand,2026-09-13T23:47:01.611470+00:00
dbcf31ff-a2f8-44f3-ba46-fc9cac6ad504,fUST,0.00016,60,19,-119484.48298844,demand,2026-09-13T23:47:01.611470+00:00
dbcf31ff-a2f8-44f3-ba46-fc9cac6ad504,fUST,0.000152,60,1,-28000.0,demand,2026-09-13T23:47:01.611470+00:00
dbcf31ff-a2f8-44f3-ba46-fc9cac6ad504,fUST,0.00015,120,1,-300000.0,demand,2026-09-13T23:47:01.611470+00:00
dbcf31ff-a2f8-44f3-ba46-fc9cac6ad504,fUST,0.00015,45,23,-138668.928077,demand,2026-09-13T23:47:01.611470+00:00
dbcf31ff-a2f8-44f3-ba46-fc9cac6ad504,fUST,0.00015,30,2,-7504.74,demand,2026-09-13T23:47:01.611470+00:00
dbcf31ff-a2f8-44f3-ba46-fc9cac6ad504,fUST,0.0001421,45,1,-10000.0,demand,2026-09-13T23:47:01.611470+00:00
dbcf31ff-a2f8-44f3-ba46-fc9cac6ad504,fUST,0.000142,45,2,-20000.0,demand,2026-09-13T23:47:01.611470+00:00
dbcf31ff-a2f8-44f3-ba46-fc9cac6ad504,fUST,0.00014,7,1,-10000.0,demand,2026-09-13T23:47:01.611470+00:00
dbcf31ff-a2f8-44f3-ba46-fc9cac6ad504,fUST,0.0001361,30,14,-48871.41107403,demand,2026-09-13T23:47:01.611470+00:00
dbcf31ff-a2f8-44f3-ba46-fc9cac6ad504,fUST,0.000136,30,2,-14544.22120933,demand,2026-09-13T23:47:01.611470+00:00
dbcf31ff-a2f8-44f3-ba46-fc9cac6ad504,fUST,0.00013103,2,1,-832528.94023352,demand,2026-09-13T23:47:01.611470+00:00
dbcf31ff-a2f8-44f3-ba46-fc9cac6ad504,fUST,0.00013102,2,1,-366829.49373192,demand,2026-09-13T23:47:01.611470+00:00
dbcf31ff-a2f8-44f3-ba46-fc9cac6ad504,fUST,0.000131,2,3,-2576906.89108704,demand,2026-09-13T23:47:01.611470+00:00
dbcf31ff-a2f8-44f3-ba46-fc9cac6ad504,fUST,0.00013,30,1,-28000.0,demand,2026-09-13T23:47:01.611470+00:00
dbcf31ff-a2f8-44f3-ba46-fc9cac6ad504,fUST,0.0001226,12,1,-135216.16709793,demand,2026-09-13T23:47:01.611470+00:00
dbcf31ff-a2f8-44f3-ba46-fc9cac6ad504,fUST,0.0001225,59,1,-95000.0,demand,2026-09-13T23:47:01.611470+00:00
dbcf31ff-a2f8-44f3-ba46-fc9cac6ad504,fUST,0.0001222,29,1,-194504.86890568,demand,2026-09-13T23:47:01.611470+00:00
dbcf31ff-a2f8-44f3-ba46-fc9cac6ad504,fUST,0.0001202,19,1,-184532.71737778,demand,2026-09-13T23:47:01.611470+00:00
dbcf31ff-a2f8-44f3-ba46-fc9cac6ad504,fUST,0.00012,120,1,-30000.0,demand,2026-09-13T23:47:01.611470+00:00
dbcf31ff-a2f8-44f3-ba46-fc9cac6ad504,fUST,0.000119,2,1,-797052.48272179,demand,2026-09-13T23:47:01.611470+00:00
dbcf31ff-a2f8-44f3-ba46-fc9cac6ad504,fUST,0.0001181,7,1,-76226.65849949,demand,2026-09-13T23:47:01.611470+00:00
dbcf31ff-a2f8-44f3-ba46-fc9cac6ad504,fUST,0.0001101,2,2,-4000000.0,demand,2026-09-13T23:47:01.611470+00:00
dbcf31ff-a2f8-44f3-ba46-fc9cac6ad504,fUST,0.0001791586,2,2,344.602935,offer,2026-09-13T23:47:01.611470+00:00
dbcf31ff-a2f8-44f3-ba46-fc9cac6ad504,fUST,0.0001858198,2,1,185.7929256,offer,2026-09-13T23:47:01.611470+00:00
dbcf31ff-a2f8-44f3-ba46-fc9cac6ad504,fUST,0.0001868742,7,1,223.46214249,offer,2026-09-13T23:47:01.611470+00:00
dbcf31ff-a2f8-44f3-ba46-fc9cac6ad504,fUST,0.00018846057534246572,2,2,334.01608934,offer,2026-09-13T23:47:01.611470+00:00
dbcf31ff-a2f8-44f3-ba46-fc9cac6ad504,fUST,0.00018875388983050846,2,1,151.16205297,offer,2026-09-13T23:47:01.611470+00:00
dbcf31ff-a2f8-44f3-ba46-fc9cac6ad504,fUST,0.00019423388983050847,2,1,151.16205299,offer,2026-09-13T23:47:01.611470+00:00
dbcf31ff-a2f8-44f3-ba46-fc9cac6ad504,fUST,0.0001948289004,2,1,157.923209,offer,2026-09-13T23:47:01.611470+00:00
dbcf31ff-a2f8-44f3-ba46-fc9cac6ad504,fUST,0.00019506849315068493,3,1,197.0,offer,2026-09-13T23:47:01.611470+00:00
dbcf31ff-a2f8-44f3-ba46-fc9cac6ad504,fUST,0.00019680246575342464,2,2,668.03217868,offer,2026-09-13T23:47:01.611470+00:00
dbcf31ff-a2f8-44f3-ba46-fc9cac6ad504,fUST,0.00019988,2,1,997.25674691,offer,2026-09-13T23:47:01.611470+00:00
dbcf31ff-a2f8-44f3-ba46-fc9cac6ad504,fUST,0.00019988,3,2,785.33,offer,2026-09-13T23:47:01.611470+00:00
dbcf31ff-a2f8-44f3-ba46-fc9cac6ad504,fUST,0.00019997,2,12,5203.87620671,offer,2026-09-13T23:47:01.611470+00:00
dbcf31ff-a2f8-44f3-ba46-fc9cac6ad504,fUST,0.00019998,2,18,286374.72167794,offer,2026-09-13T23:47:01.611470+00:00
dbcf31ff-a2f8-44f3-ba46-fc9cac6ad504,fUST,0.00019999,2,2,371065.85892319,offer,2026-09-13T23:47:01.611470+00:00
dbcf31ff-a2f8-44f3-ba46-fc9cac6ad504,fUST,0.00019999,11,1,286.23894805,offer,2026-09-13T23:47:01.611470+00:00
dbcf31ff-a2f8-44f3-ba46-fc9cac6ad504,fUST,0.00019999,3,1,300.0,offer,2026-09-13T23:47:01.611470+00:00
dbcf31ff-a2f8-44f3-ba46-fc9cac6ad504,fUST,0.0001999901,2,1,937.29,offer,2026-09-13T23:47:01.611470+00:00
dbcf31ff-a2f8-44f3-ba46-fc9cac6ad504,fUST,0.0002,7,1,280.086,offer,2026-09-13T23:47:01.611470+00:00
dbcf31ff-a2f8-44f3-ba46-fc9cac6ad504,fUST,0.000200436,2,3,1414.085,offer,2026-09-13T23:47:01.611470+00:00
dbcf31ff-a2f8-44f3-ba46-fc9cac6ad504,fUST,0.00020236372602739722,2,2,1002.04826802,offer,2026-09-13T23:47:01.611470+00:00
dbcf31ff-a2f8-44f3-ba46-fc9cac6ad504,fUST,0.00020236642465753426,2,2,371.1144347,offer,2026-09-13T23:47:01.611470+00:00
dbcf31ff-a2f8-44f3-ba46-fc9cac6ad504,fUST,0.00020267945205479452,2,1,500.0,offer,2026-09-13T23:47:01.611470+00:00
dbcf31ff-a2f8-44f3-ba46-fc9cac6ad504,fUST,0.00020268,2,1,706.216,offer,2026-09-13T23:47:01.611470+00:00
dbcf31ff-a2f8-44f3-ba46-fc9cac6ad504,fUST,0.00020396,2,1,600.0,offer,2026-09-13T23:47:01.611470+00:00
dbcf31ff-a2f8-44f3-ba46-fc9cac6ad504,fUST,0.0002060712328767123,2,4,1862.27529668,offer,2026-09-13T23:47:01.611470+00:00
