run_id,market,rate,period,count,amount,side,fetched_at
5e01b139-54f0-4be1-93ed-1e5fd15dcfbe,fUST,0.0002671232876712329,120,1,-4676199.07836451,demand,2026-09-11T00:47:02.086207+00:00
5e01b139-54f0-4be1-93ed-1e5fd15dcfbe,fUST,0.0002441808219178082,60,1,-5112332.85702824,demand,2026-09-11T00:47:02.086207+00:00
5e01b139-54f0-4be1-93ed-1e5fd15dcfbe,fUST,0.00024309315,120,1,-20000.0,demand,2026-09-11T00:47:02.086207+00:00
5e01b139-54f0-4be1-93ed-1e5fd15dcfbe,fUST,0.000184931528,30,1,-9.99,demand,2026-09-11T00:47:02.086207+00:00
5e01b139-54f0-4be1-93ed-1e5fd15dcfbe,fUST,0.00016,60,19,-119837.17280444,demand,2026-09-11T00:47:02.086207+00:00
5e01b139-54f0-4be1-93ed-1e5fd15dcfbe,fUST,0.000152,60,1,-28000.0,demand,2026-09-11T00:47:02.086207+00:00
5e01b139-54f0-4be1-93ed-1e5fd15dcfbe,fUST,0.00015,120,1,-300000.0,demand,2026-09-11T00:47:02.086207+00:00
5e01b139-54f0-4be1-93ed-1e5fd15dcfbe,fUST,0.00015,45,23,-138845.272985,demand,2026-09-11T00:47:02.086207+00:00
5e01b139-54f0-4be1-93ed-1e5fd15dcfbe,fUST,0.0001421,45,1,-10000.0,demand,2026-09-11T00:47:02.086207+00:00
5e01b139-54f0-4be1-93ed-1e5fd15dcfbe,fUST,0.000142,45,2,-20000.0,demand,2026-09-11T00:47:02.086207+00:00
5e01b139-54f0-4be1-93ed-1e5fd15dcfbe,fUST,0.0001361,30,14,-50000.0,demand,2026-09-11T00:47:02.086207+00:00
5e01b139-54f0-4be1-93ed-1e5fd15dcfbe,fUST,0.000136,30,3,-19544.22120933,demand,2026-09-11T00:47:02.086207+00:00
5e01b139-54f0-4be1-93ed-1e5fd15dcfbe,fUST,0.000133652054,14,1,-269.26578775,demand,2026-09-11T00:47:02.086207+00:00
5e01b139-54f0-4be1-93ed-1e5fd15dcfbe,fUST,0.00013,30,1,-28000.0,demand,2026-09-11T00:47:02.086207+00:00
5e01b139-54f0-4be1-93ed-1e5fd15dcfbe,fUST,0.000128,30,3,-30000.0,demand,2026-09-11T00:47:02.086207+00:00
5e01b139-54f0-4be1-93ed-1e5fd15dcfbe,fUST,0.0001226,12,1,-167638.99392124,demand,2026-09-11T00:47:02.086207+00:00
5e01b139-54f0-4be1-93ed-1e5fd15dcfbe,fUST,0.0001225,59,1,-95000.0,demand,2026-09-11T00:47:02.086207+00:00
5e01b139-54f0-4be1-93ed-1e5fd15dcfbe,fUST,0.0001222,29,1,-194504.86890568,demand,2026-09-11T00:47:02.086207+00:00
5e01b139-54f0-4be1-93ed-1e5fd15dcfbe,fUST,0.0001202,19,1,-184532.71737778,demand,2026-09-11T00:47:02.086207+00:00
5e01b139-54f0-4be1-93ed-1e5fd15dcfbe,fUST,0.00012,120,1,-30000.0,demand,2026-09-11T00:47:02.086207+00:00
5e01b139-54f0-4be1-93ed-1e5fd15dcfbe,fUST,0.0001181,7,1,-81246.84884106,demand,2026-09-11T00:47:02.086207+00:00
5e01b139-54f0-4be1-93ed-1e5fd15dcfbe,fUST,0.00011701,2,1,-6817.45556838,demand,2026-09-11T00:47:02.086207+00:00
5e01b139-54f0-4be1-93ed-1e5fd15dcfbe,fUST,0.00011011,2,1,-1488853.9528906,demand,2026-09-11T00:47:02.086207+00:00
5e01b139-54f0-4be1-93ed-1e5fd15dcfbe,fUST,0.0001101,2,3,-4366829.49373192,demand,2026-09-11T00:47:02.086207+00:00
5e01b139-54f0-4be1-93ed-1e5fd15dcfbe,fUST,0.000101,120,1,-293300.0,demand,2026-09-11T00:47:02.086207+00:00
5e01b139-54f0-4be1-93ed-1e5fd15dcfbe,fUST,0.00017391,2,1,500.0,offer,2026-09-11T00:47:02.086207+00:00
5e01b139-54f0-4be1-93ed-1e5fd15dcfbe,fUST,0.00017392,2,2,5206.06,offer,2026-09-11T00:47:02.086207+00:00
5e01b139-54f0-4be1-93ed-1e5fd15dcfbe,fUST,0.00017568,2,1,199.99,offer,2026-09-11T00:47:02.086207+00:00
5e01b139-54f0-4be1-93ed-1e5fd15dcfbe,fUST,0.00017738,2,2,454.0665864,offer,2026-09-11T00:47:02.086207+00:00
5e01b139-54f0-4be1-93ed-1e5fd15dcfbe,fUST,0.00017739,2,16,4669.20732084,offer,2026-09-11T00:47:02.086207+00:00
5e01b139-54f0-4be1-93ed-1e5fd15dcfbe,fUST,0.00017999999999999998,3,1,174.0,offer,2026-09-11T00:47:02.086207+00:00
5e01b139-54f0-4be1-93ed-1e5fd15dcfbe,fUST,0.00018,2,1,166.9537,offer,2026-09-11T00:47:02.086207+00:00
5e01b139-54f0-4be1-93ed-1e5fd15dcfbe,fUST,0.00018093,2,1,600.0,offer,2026-09-11T00:47:02.086207+00:00
5e01b139-54f0-4be1-93ed-1e5fd15dcfbe,fUST,0.00018559,2,2,1000.0,offer,2026-09-11T00:47:02.086207+00:00
5e01b139-54f0-4be1-93ed-1e5fd15dcfbe,fUST,0.0001856514246575342,2,1,163.84816966,offer,2026-09-11T00:47:02.086207+00:00
5e01b139-54f0-4be1-93ed-1e5fd15dcfbe,fUST,0.0001865214,2,1,173.706456,offer,2026-09-11T00:47:02.086207+00:00
5e01b139-54f0-4be1-93ed-1e5fd15dcfbe,fUST,0.0001885332,2,1,426.38872,offer,2026-09-11T00:47:02.086207+00:00
5e01b139-54f0-4be1-93ed-1e5fd15dcfbe,fUST,0.00019178,2,1,175.53251833,offer,2026-09-11T00:47:02.086207+00:00
5e01b139-54f0-4be1-93ed-1e5fd15dcfbe,fUST,0.00019383,2,1,500.0,offer,2026-09-11T00:47:02.086207+00:00
5e01b139-54f0-4be1-93ed-1e5fd15dcfbe,fUST,0.0001938912328767123,2,1,327.69633932,offer,2026-09-11T00:47:02.086207+00:00
5e01b139-54f0-4be1-93ed-1e5fd15dcfbe,fUST,0.000198671911481485,2,1,311.50030079,offer,2026-09-11T00:47:02.086207+00:00
5e01b139-54f0-4be1-93ed-1e5fd15dcfbe,fUST,0.00019902,2,1,720.0,offer,2026-09-11T00:47:02.086207+00:00
5e01b139-54f0-4be1-93ed-1e5fd15dcfbe,fUST,0.00019938443835616434,2,5,1268.69381838,offer,2026-09-11T00:47:02.086207+00:00
5e01b139-54f0-4be1-93ed-1e5fd15dcfbe,fUST,0.00019945,2,2,322.34970455,offer,2026-09-11T00:47:02.086207+00:00
5e01b139-54f0-4be1-93ed-1e5fd15dcfbe,fUST,0.000199870006,2,2,401.70564868,offer,2026-09-11T00:47:02.086207+00:00
5e01b139-54f0-4be1-93ed-1e5fd15dcfbe,fUST,0.00019988,3,3,1162.37,offer,2026-09-11T00:47:02.086207+00:00
5e01b139-54f0-4be1-93ed-1e5fd15dcfbe,fUST,0.00019991,2,1,338.137445,offer,2026-09-11T00:47:02.086207+00:00
5e01b139-54f0-4be1-93ed-1e5fd15dcfbe,fUST,0.00019997,2,12,5487.22335042,offer,2026-09-11T00:47:02.086207+00:00
5e01b139-54f0-4be1-93ed-1e5fd15dcfbe,fUST,0.00019998,2,17,260044.38127532,offer,2026-09-11T00:47:02.086207+00:00
5e01b139-54f0-4be1-93ed-1e5fd15dcfbe,fUST,0.00019998082191780822,2,1,500.0,offer,2026-09-11T00:47:02.086207+00:00
13a25012-89ca-45d2-a6a1-db6ca4e856fa,fUST,0.0002701,2,1,-150.0,demand,2026-09-11T01:47:02.039171+00:00
13a25012-89ca-45d2-a6a1-db6ca4e856fa,fUST,0.0002671232876712329,120,1,-4674077.11953346,demand,2026-09-11T01:47:02.039171+00:00
13a25012-89ca-45d2-a6a1-db6ca4e856fa,fUST,0.0002501,2,1,-150.0,demand,2026-09-11T01:47:02.039171+00:00
13a25012-89ca-45d2-a6a1-db6ca4e856fa,fUST,0.0002442082191780822,60,1,-5100719.27267824,demand,2026-09-11T01:47:02.039171+00:00
13a25012-89ca-45d2-a6a1-db6ca4e856fa,fUST,0.00024309315,120,1,-20000.0,demand,2026-09-11T01:47:02.039171+00:00
13a25012-89ca-45d2-a6a1-db6ca4e856fa,fUST,0.00016,60,19,-119837.17280444,demand,2026-09-11T01:47:02.039171+00:00
13a25012-89ca-45d2-a6a1-db6ca4e856fa,fUST,0.000152,60,1,-28000.0,demand,2026-09-11T01:47:02.039171+00:00
13a25012-89ca-45d2-a6a1-db6ca4e856fa,fUST,0.00015,120,1,-300000.0,demand,2026-09-11T01:47:02.039171+00:00
13a25012-89ca-45d2-a6a1-db6ca4e856fa,fUST,0.00015,45,23,-138845.272985,demand,2026-09-11T01:47:02.039171+00:00
13a25012-89ca-45d2-a6a1-db6ca4e856fa,fUST,0.0001421,45,1,-10000.0,demand,2026-09-11T01:47:02.039171+00:00
13a25012-89ca-45d2-a6a1-db6ca4e856fa,fUST,0.000142,45,2,-20000.0,demand,2026-09-11T01:47:02.039171+00:00
13a25012-89ca-45d2-a6a1-db6ca4e856fa,fUST,0.0001361,30,14,-50000.0,demand,2026-09-11T01:47:02.039171+00:00
13a25012-89ca-45d2-a6a1-db6ca4e856fa,fUST,0.000136,30,3,-19544.22120933,demand,2026-09-11T01:47:02.039171+00:00
13a25012-89ca-45d2-a6a1-db6ca4e856fa,fUST,0.000133652054,14,1,-269.26578775,demand,2026-09-11T01:47:02.039171+00:00
13a25012-89ca-45d2-a6a1-db6ca4e856fa,fUST,0.00013,30,1,-28000.0,demand,2026-09-11T01:47:02.039171+00:00
13a25012-89ca-45d2-a6a1-db6ca4e856fa,fUST,0.000128,30,3,-30000.0,demand,2026-09-11T01:47:02.039171+00:00
13a25012-89ca-45d2-a6a1-db6ca4e856fa,fUST,0.0001226,12,1,-167638.99392124,demand,2026-09-11T01:47:02.039171+00:00
13a25012-89ca-45d2-a6a1-db6ca4e856fa,fUST,0.0001225,59,1,-95000.0,demand,2026-09-11T01:47:02.039171+00:00
13a25012-89ca-45d2-a6a1-db6ca4e856fa,fUST,0.0001222,29,1,-194504.86890568,demand,2026-09-11T01:47:02.039171+00:00
13a25012-89ca-45d2-a6a1-db6ca4e856fa,fUST,0.0001202,19,1,-184532.71737778,demand,2026-09-11T01:47:02.039171+00:00
13a25012-89ca-45d2-a6a1-db6ca4e856fa,fUST,0.00012,120,1,-30000.0,demand,2026-09-11T01:47:02.039171+00:00
13a25012-89ca-45d2-a6a1-db6ca4e856fa,fUST,0.0001181,7,1,-81246.84884106,demand,2026-09-11T01:47:02.039171+00:00
13a25012-89ca-45d2-a6a1-db6ca4e856fa,fUST,0.00011701,2,1,-6665.70556838,demand,2026-09-11T01:47:02.039171+00:00
13a25012-89ca-45d2-a6a1-db6ca4e856fa,fUST,0.00011011,2,1,-1488853.9528906,demand,2026-09-11T01:47:02.039171+00:00
13a25012-89ca-45d2-a6a1-db6ca4e856fa,fUST,0.0001101,2,3,-4366829.49373192,demand,2026-09-11T01:47:02.039171+00:00
13a25012-89ca-45d2-a6a1-db6ca4e856fa,fUST,0.0001995031780821918,2,1,91.987542,offer,2026-09-11T01:47:02.039171+00:00
13a25012-89ca-45d2-a6a1-db6ca4e856fa,fUST,0.00019997,2,9,4180.00207059,offer,2026-09-11T01:47:02.039171+00:00
13a25012-89ca-45d2-a6a1-db6ca4e856fa,fUST,0.00019998,2,15,170627.6923387,offer,2026-09-11T01:47:02.039171+00:00
13a25012-89ca-45d2-a6a1-db6ca4e856fa,fUST,0.00019999,2,5,986294.39816839,offer,2026-09-11T01:47:02.039171+00:00
13a25012-89ca-45d2-a6a1-db6ca4e856fa,fUST,0.0002,10,1,3039.00401482,offer,2026-09-11T01:47:02.039171+00:00
13a25012-89ca-45d2-a6a1-db6ca4e856fa,fUST,0.0002,3,1,487.90340494,offer,2026-09-11T01:47:02.039171+00:00
13a25012-89ca-45d2-a6a1-db6ca4e856fa,fUST,0.0002,5,1,3228.39819919,offer,2026-09-11T01:47:02.039171+00:00
13a25012-89ca-45d2-a6a1-db6ca4e856fa,fUST,0.00020022,2,1,397.303,offer,2026-09-11T01:47:02.039171+00:00
13a25012-89ca-45d2-a6a1-db6ca4e856fa,fUST,0.00020304,2,2,704.09873557,offer,2026-09-11T01:47:02.039171+00:00
13a25012-89ca-45d2-a6a1-db6ca4e856fa,fUST,0.00020305,2,1,500.0,offer,2026-09-11T01:47:02.039171+00:00
13a25012-89ca-45d2-a6a1-db6ca4e856fa,fUST,0.00020306,2,5,2270.48543137,offer,2026-09-11T01:47:02.039171+00:00
13a25012-89ca-45d2-a6a1-db6ca4e856fa,fUST,0.0002030794520547945,2,1,308.81295763,offer,2026-09-11T01:47:02.039171+00:00
13a25012-89ca-45d2-a6a1-db6ca4e856fa,fUST,0.00020311232876712328,2,9,3085.68211261,offer,2026-09-11T01:47:02.039171+00:00
13a25012-89ca-45d2-a6a1-db6ca4e856fa,fUST,0.00020316712328767122,2,1,508.1051153,offer,2026-09-11T01:47:02.039171+00:00
13a25012-89ca-45d2-a6a1-db6ca4e856fa,fUST,0.00020316712328767125,2,3,1099.8513387,offer,2026-09-11T01:47:02.039171+00:00
13a25012-89ca-45d2-a6a1-db6ca4e856fa,fUST,0.00020434,2,1,1296.49,offer,2026-09-11T01:47:02.039171+00:00
13a25012-89ca-45d2-a6a1-db6ca4e856fa,fUST,0.00020677545205479453,2,1,928.85127438,offer,2026-09-11T01:47:02.039171+00:00
13a25012-89ca-45d2-a6a1-db6ca4e856fa,fUST,0.00020711,2,15,4500.0,offer,2026-09-11T01:47:02.039171+00:00
13a25012-89ca-45d2-a6a1-db6ca4e856fa,fUST,0.00020793165,2,2,435.97248577,offer,2026-09-11T01:47:02.039171+00:00
13a25012-89ca-45d2-a6a1-db6ca4e856fa,fUST,0.000208167,2,2,642.04,offer,2026-09-11T01:47:02.039171+00:00
13a25012-89ca-45d2-a6a1-db6ca4e856fa,fUST,0.0002101759056,2,1,929.252218,offer,2026-09-11T01:47:02.039171+00:00
13a25012-89ca-45d2-a6a1-db6ca4e856fa,fUST,0.00021124,10,1,600.0,offer,2026-09-11T01:47:02.039171+00:00
13a25012-89ca-45d2-a6a1-db6ca4e856fa,fUST,0.00021148,2,1,300.0,offer,2026-09-11T01:47:02.039171+00:00
13a25012-89ca-45d2-a6a1-db6ca4e856fa,fUST,0.00021226963669985696,2,1,2393.09791494,offer,2026-09-11T01:47:02.039171+00:00
13a25012-89ca-45d2-a6a1-db6ca4e856fa,fUST,0.00021341165,2,1,273.59176677,offer,2026-09-11T01:47:02.039171+00:00
80fa84e6-dd91-44d2-869e-730a658deb7c,fUST,0.0002671232876712329,120,1,-4672560.81066721,demand,2026-09-11T02:47:02.290957+00:00
80fa84e6-dd91-44d2-869e-730a658deb7c,fUST,0.00024422739726027396,60,1,-5100719.27267824,demand,2026-09-11T02:47:02.290957+00:00
80fa84e6-dd91-44d2-869e-730a658deb7c,fUST,0.00024309315,120,1,-20000.0,demand,2026-09-11T02:47:02.290957+00:00
80fa84e6-dd91-44d2-869e-730a658deb7c,fUST,0.00016,60,19,-119837.17280444,demand,2026-09-11T02:47:02.290957+00:00
80fa84e6-dd91-44d2-869e-730a658deb7c,fUST,0.000152,60,1,-28000.0,demand,2026-09-11T02:47:02.290957+00:00
80fa84e6-dd91-44d2-869e-730a658deb7c,fUST,0.00015,120,1,-300000.0,demand,2026-09-11T02:47:02.290957+00:00
80fa84e6-dd91-44d2-869e-730a658deb7c,fUST,0.00015,45,23,-138845.272985,demand,2026-09-11T02:47:02.290957+00:00
80fa84e6-dd91-44d2-869e-730a658deb7c,fUST,0.0001421,45,1,-10000.0,demand,2026-09-11T02:47:02.290957+00:00
80fa84e6-dd91-44d2-869e-730a658deb7c,fUST,0.000142,45,2,-20000.0,demand,2026-09-11T02:47:02.290957+00:00
80fa84e6-dd91-44d2-869e-730a658deb7c,fUST,0.0001361,30,14,-50000.0,demand,2026-09-11T02:47:02.290957+00:00
80fa84e6-dd91-44d2-869e-730a658deb7c,fUST,0.000136,30,3,-19544.22120933,demand,2026-09-11T02:47:02.290957+00:00
80fa84e6-dd91-44d2-869e-730a658deb7c,fUST,0.000133652054,14,1,-269.26578775,demand,2026-09-11T02:47:02.290957+00:00
80fa84e6-dd91-44d2-869e-730a658deb7c,fUST,0.00013,30,1,-28000.0,demand,2026-09-11T02:47:02.290957+00:00
80fa84e6-dd91-44d2-869e-730a658deb7c,fUST,0.000128,30,3,-30000.0,demand,2026-09-11T02:47:02.290957+00:00
80fa84e6-dd91-44d2-869e-730a658deb7c,fUST,0.0001226,12,1,-167638.99392124,demand,2026-09-11T02:47:02.290957+00:00
80fa84e6-dd91-44d2-869e-730a658deb7c,fUST,0.0001225,59,1,-95000.0,demand,2026-09-11T02:47:02.290957+00:00
80fa84e6-dd91-44d2-869e-730a658deb7c,fUST,0.0001222,29,1,-194504.86890568,demand,2026-09-11T02:47:02.290957+00:00
80fa84e6-dd91-44d2-869e-730a658deb7c,fUST,0.0001202,19,1,-184532.71737778,demand,2026-09-11T02:47:02.290957+00:00
80fa84e6-dd91-44d2-869e-730a658deb7c,fUST,0.00012,120,1,-30000.0,demand,2026-09-11T02:47:02.290957+00:00
80fa84e6-dd91-44d2-869e-730a658deb7c,fUST,0.0001181,7,1,-81246.84884106,demand,2026-09-11T02:47:02.290957+00:00
80fa84e6-dd91-44d2-869e-730a658deb7c,fUST,0.00011701,2,1,-6665.70556838,demand,2026-09-11T02:47:02.290957+00:00
80fa84e6-dd91-44d2-869e-730a658deb7c,fUST,0.00011011,2,1,-1488853.9528906,demand,2026-09-11T02:47:02.290957+00:00
80fa84e6-dd91-44d2-869e-730a658deb7c,fUST,0.0001101,2,3,-4366829.49373192,demand,2026-09-11T02:47:02.290957+00:00
80fa84e6-dd91-44d2-869e-730a658deb7c,fUST,0.000101,120,1,-293300.0,demand,2026-09-11T02:47:02.290957+00:00
80fa84e6-dd91-44d2-869e-730a658deb7c,fUST,0.0001,2,1,-1000.0,demand,2026-09-11T02:47:02.290957+00:00
80fa84e6-dd91-44d2-869e-730a658deb7c,fUST,0.0001683,2,1,5000.0,offer,2026-09-11T02:47:02.290957+00:00
80fa84e6-dd91-44d2-869e-730a658deb7c,fUST,0.00017,2,1,346.0,offer,2026-09-11T02:47:02.290957+00:00
80fa84e6-dd91-44d2-869e-730a658deb7c,fUST,0.00017438,2,2,400.0,offer,2026-09-11T02:47:02.290957+00:00
80fa84e6-dd91-44d2-869e-730a658deb7c,fUST,0.00017438,7,1,234.88,offer,2026-09-11T02:47:02.290957+00:00
80fa84e6-dd91-44d2-869e-730a658deb7c,fUST,0.0001845733,2,1,15181.1587659,offer,2026-09-11T02:47:02.290957+00:00
80fa84e6-dd91-44d2-869e-730a658deb7c,fUST,0.00018513,2,1,326.71,offer,2026-09-11T02:47:02.290957+00:00
80fa84e6-dd91-44d2-869e-730a658deb7c,fUST,0.00018569722602739726,2,1,161.78454277,offer,2026-09-11T02:47:02.290957+00:00
80fa84e6-dd91-44d2-869e-730a658deb7c,fUST,0.00018580918493150684,2,1,181.16152176,offer,2026-09-11T02:47:02.290957+00:00
80fa84e6-dd91-44d2-869e-730a658deb7c,fUST,0.00018952,2,1,600.0,offer,2026-09-11T02:47:02.290957+00:00
80fa84e6-dd91-44d2-869e-730a658deb7c,fUST,0.00019393869863013698,2,1,323.56908554,offer,2026-09-11T02:47:02.290957+00:00
80fa84e6-dd91-44d2-869e-730a658deb7c,fUST,0.000194,2,1,156.62455058,offer,2026-09-11T02:47:02.290957+00:00
80fa84e6-dd91-44d2-869e-730a658deb7c,fUST,0.00019405472602739726,2,1,362.32304352,offer,2026-09-11T02:47:02.290957+00:00
80fa84e6-dd91-44d2-869e-730a658deb7c,fUST,0.00019409691780821918,2,1,153.62828111,offer,2026-09-11T02:47:02.290957+00:00
80fa84e6-dd91-44d2-869e-730a658deb7c,fUST,0.00019788,7,1,163.72275888,offer,2026-09-11T02:47:02.290957+00:00
80fa84e6-dd91-44d2-869e-730a658deb7c,fUST,0.00019898,2,1,348.45739084,offer,2026-09-11T02:47:02.290957+00:00
80fa84e6-dd91-44d2-869e-730a658deb7c,fUST,0.00019943301369863012,2,7,1776.89750237,offer,2026-09-11T02:47:02.290957+00:00
80fa84e6-dd91-44d2-869e-730a658deb7c,fUST,0.00019955175342465753,2,4,1254.74256404,offer,2026-09-11T02:47:02.290957+00:00
80fa84e6-dd91-44d2-869e-730a658deb7c,fUST,0.00019959493150684932,2,4,1434.209584,offer,2026-09-11T02:47:02.290957+00:00
80fa84e6-dd91-44d2-869e-730a658deb7c,fUST,0.0001998,2,1,818.00299932,offer,2026-09-11T02:47:02.290957+00:00
80fa84e6-dd91-44d2-869e-730a658deb7c,fUST,0.00019981,2,2,754.22663735,offer,2026-09-11T02:47:02.290957+00:00
80fa84e6-dd91-44d2-869e-730a658deb7c,fUST,0.00019988,3,1,601.2,offer,2026-09-11T02:47:02.290957+00:00
80fa84e6-dd91-44d2-869e-730a658deb7c,fUST,0.00019996,2,4,2014.45282529,offer,2026-09-11T02:47:02.290957+00:00
80fa84e6-dd91-44d2-869e-730a658deb7c,fUST,0.00019997,2,14,6507.646842,offer,2026-09-11T02:47:02.290957+00:00
80fa84e6-dd91-44d2-869e-730a658deb7c,fUST,0.00019998,2,26,191080.40239193,offer,2026-09-11T02:47:02.290957+00:00
80fa84e6-dd91-44d2-869e-730a658deb7c,fUST,0.00019999,2,13,1535355.30745036,offer,2026-09-11T02:47:02.290957+00:00
7548aabb-deaf-4297-b38e-881cf94b9212,fUST,0.0002671232876712329,120,1,-4671669.56835569,demand,2026-09-11T03:47:02.105035+00:00
7548aabb-deaf-4297-b38e-881cf94b9212,fUST,0.00024483561643835614,60,1,-5100565.4068118,demand,2026-09-11T03:47:02.105035+00:00
7548aabb-deaf-4297-b38e-881cf94b9212,fUST,0.00024309315,120,1,-20000.0,demand,2026-09-11T03:47:02.105035+00:00
7548aabb-deaf-4297-b38e-881cf94b9212,fUST,0.00016,60,19,-119837.17280444,demand,2026-09-11T03:47:02.105035+00:00
7548aabb-deaf-4297-b38e-881cf94b9212,fUST,0.000152,60,1,-28000.0,demand,2026-09-11T03:47:02.105035+00:00
7548aabb-deaf-4297-b38e-881cf94b9212,fUST,0.00015,120,1,-300000.0,demand,2026-09-11T03:47:02.105035+00:00
7548aabb-deaf-4297-b38e-881cf94b9212,fUST,0.00015,45,23,-138845.272985,demand,2026-09-11T03:47:02.105035+00:00
7548aabb-deaf-4297-b38e-881cf94b9212,fUST,0.0001421,45,1,-10000.0,demand,2026-09-11T03:47:02.105035+00:00
7548aabb-deaf-4297-b38e-881cf94b9212,fUST,0.000142,45,2,-20000.0,demand,2026-09-11T03:47:02.105035+00:00
7548aabb-deaf-4297-b38e-881cf94b9212,fUST,0.0001361,30,14,-50000.0,demand,2026-09-11T03:47:02.105035+00:00
7548aabb-deaf-4297-b38e-881cf94b9212,fUST,0.000136,30,3,-19544.22120933,demand,2026-09-11T03:47:02.105035+00:00
7548aabb-deaf-4297-b38e-881cf94b9212,fUST,0.000133652054,14,1,-269.26578775,demand,2026-09-11T03:47:02.105035+00:00
7548aabb-deaf-4297-b38e-881cf94b9212,fUST,0.00013,30,1,-28000.0,demand,2026-09-11T03:47:02.105035+00:00
7548aabb-deaf-4297-b38e-881cf94b9212,fUST,0.000128,30,3,-30000.0,demand,2026-09-11T03:47:02.105035+00:00
7548aabb-deaf-4297-b38e-881cf94b9212,fUST,0.0001226,12,1,-167638.99392124,demand,2026-09-11T03:47:02.105035+00:00
7548aabb-deaf-4297-b38e-881cf94b9212,fUST,0.0001225,59,1,-95000.0,demand,2026-09-11T03:47:02.105035+00:00
7548aabb-deaf-4297-b38e-881cf94b9212,fUST,0.0001222,29,1,-194504.86890568,demand,2026-09-11T03:47:02.105035+00:00
7548aabb-deaf-4297-b38e-881cf94b9212,fUST,0.0001202,19,1,-184532.71737778,demand,2026-09-11T03:47:02.105035+00:00
7548aabb-deaf-4297-b38e-881cf94b9212,fUST,0.00012,120,1,-30000.0,demand,2026-09-11T03:47:02.105035+00:00
7548aabb-deaf-4297-b38e-881cf94b9212,fUST,0.0001181,7,1,-81246.84884106,demand,2026-09-11T03:47:02.105035+00:00
7548aabb-deaf-4297-b38e-881cf94b9212,fUST,0.00011011,2,1,-1488853.9528906,demand,2026-09-11T03:47:02.105035+00:00
7548aabb-deaf-4297-b38e-881cf94b9212,fUST,0.0001101,2,3,-4366829.49373192,demand,2026-09-11T03:47:02.105035+00:00
7548aabb-deaf-4297-b38e-881cf94b9212,fUST,0.000101,120,1,-293300.0,demand,2026-09-11T03:47:02.105035+00:00
7548aabb-deaf-4297-b38e-881cf94b9212,fUST,0.0001,2,1,-1000.0,demand,2026-09-11T03:47:02.105035+00:00
7548aabb-deaf-4297-b38e-881cf94b9212,fUST,0.0001,7,1,-1000.0,demand,2026-09-11T03:47:02.105035+00:00
7548aabb-deaf-4297-b38e-881cf94b9212,fUST,0.00011467000000000001,2,78,37646.78027746,offer,2026-09-11T03:47:02.105035+00:00
7548aabb-deaf-4297-b38e-881cf94b9212,fUST,0.00011468,2,1,4823.99140871,offer,2026-09-11T03:47:02.105035+00:00
7548aabb-deaf-4297-b38e-881cf94b9212,fUST,0.00011584,2,1,951.24062361,offer,2026-09-11T03:47:02.105035+00:00
7548aabb-deaf-4297-b38e-881cf94b9212,fUST,0.00011700000000000001,2,2,718.33793127,offer,2026-09-11T03:47:02.105035+00:00
7548aabb-deaf-4297-b38e-881cf94b9212,fUST,0.00011701,2,1,4158.28584034,offer,2026-09-11T03:47:02.105035+00:00
7548aabb-deaf-4297-b38e-881cf94b9212,fUST,0.00011802739726027397,2,1,538.72170327,offer,2026-09-11T03:47:02.105035+00:00
7548aabb-deaf-4297-b38e-881cf94b9212,fUST,0.0001180374,2,8,133430.06606657,offer,2026-09-11T03:47:02.105035+00:00
7548aabb-deaf-4297-b38e-881cf94b9212,fUST,0.0001203890410958904,2,9,127251.13714395,offer,2026-09-11T03:47:02.105035+00:00
7548aabb-deaf-4297-b38e-881cf94b9212,fUST,0.00012039,2,15,4500.0,offer,2026-09-11T03:47:02.105035+00:00
7548aabb-deaf-4297-b38e-881cf94b9212,fUST,0.000120398148,4,1,2679.09277756,offer,2026-09-11T03:47:02.105035+00:00
7548aabb-deaf-4297-b38e-881cf94b9212,fUST,0.0001214149,2,1,151.0,offer,2026-09-11T03:47:02.105035+00:00
7548aabb-deaf-4297-b38e-881cf94b9212,fUST,0.0001280374,2,1,187.65923647,offer,2026-09-11T03:47:02.105035+00:00
7548aabb-deaf-4297-b38e-881cf94b9212,fUST,0.00012901,2,3,453.0,offer,2026-09-11T03:47:02.105035+00:00
7548aabb-deaf-4297-b38e-881cf94b9212,fUST,0.00013,2,3,7592.29388228,offer,2026-09-11T03:47:02.105035+00:00
7548aabb-deaf-4297-b38e-881cf94b9212,fUST,0.00013025,2,1,600.0,offer,2026-09-11T03:47:02.105035+00:00
7548aabb-deaf-4297-b38e-881cf94b9212,fUST,0.0001306674018,2,1,1235.967834,offer,2026-09-11T03:47:02.105035+00:00
7548aabb-deaf-4297-b38e-881cf94b9212,fUST,0.000133,2,1,842.0,offer,2026-09-11T03:47:02.105035+00:00
7548aabb-deaf-4297-b38e-881cf94b9212,fUST,0.00013313972602739725,2,5,88106.63931352,offer,2026-09-11T03:47:02.105035+00:00
7548aabb-deaf-4297-b38e-881cf94b9212,fUST,0.00013313972602739725,4,1,2728.96267362,offer,2026-09-11T03:47:02.105035+00:00
7548aabb-deaf-4297-b38e-881cf94b9212,fUST,0.00013365205479452054,14,1,270.60095224,offer,2026-09-11T03:47:02.105035+00:00
7548aabb-deaf-4297-b38e-881cf94b9212,fUST,0.0001358498320890411,2,1,151.0,offer,2026-09-11T03:47:02.105035+00:00
7548aabb-deaf-4297-b38e-881cf94b9212,fUST,0.00013616794974520547,2,1,1235.967834,offer,2026-09-11T03:47:02.105035+00:00
7548aabb-deaf-4297-b38e-881cf94b9212,fUST,0.000136986301369863,2,2,2354.6424248,offer,2026-09-11T03:47:02.105035+00:00
7548aabb-deaf-4297-b38e-881cf94b9212,fUST,0.00013699,2,3,465.25856046,offer,2026-09-11T03:47:02.105035+00:00
7548aabb-deaf-4297-b38e-881cf94b9212,fUST,0.0001387795,2,1,358.14,offer,2026-09-11T03:47:02.105035+00:00
69ed6c62-2e92-4714-af39-db8fdb3cfc2a,fUST,0.0002671232876712329,120,1,-4671669.56835569,demand,2026-09-11T04:47:02.162857+00:00
69ed6c62-2e92-4714-af39-db8fdb3cfc2a,fUST,0.0002446191780821918,60,1,-5100380.07877794,demand,2026-09-11T04:47:02.162857+00:00
69ed6c62-2e92-4714-af39-db8fdb3cfc2a,fUST,0.00024309315,120,1,-20000.0,demand,2026-09-11T04:47:02.162857+00:00
69ed6c62-2e92-4714-af39-db8fdb3cfc2a,fUST,0.00016,60,19,-119837.17280444,demand,2026-09-11T04:47:02.162857+00:00
69ed6c62-2e92-4714-af39-db8fdb3cfc2a,fUST,0.0001580374,2,2,-300.0,demand,2026-09-11T04:47:02.162857+00:00
69ed6c62-2e92-4714-af39-db8fdb3cfc2a,fUST,0.000152,60,1,-28000.0,demand,2026-09-11T04:47:02.162857+00:00
69ed6c62-2e92-4714-af39-db8fdb3cfc2a,fUST,0.00015,120,1,-300000.0,demand,2026-09-11T04:47:02.162857+00:00
69ed6c62-2e92-4714-af39-db8fdb3cfc2a,fUST,0.00015,45,23,-138845.272985,demand,2026-09-11T04:47:02.162857+00:00
69ed6c62-2e92-4714-af39-db8fdb3cfc2a,fUST,0.0001421,45,1,-10000.0,demand,2026-09-11T04:47:02.162857+00:00
69ed6c62-2e92-4714-af39-db8fdb3cfc2a,fUST,0.000142,45,2,-20000.0,demand,2026-09-11T04:47:02.162857+00:00
69ed6c62-2e92-4714-af39-db8fdb3cfc2a,fUST,0.0001361,30,14,-50000.0,demand,2026-09-11T04:47:02.162857+00:00
69ed6c62-2e92-4714-af39-db8fdb3cfc2a,fUST,0.000136,30,3,-19544.22120933,demand,2026-09-11T04:47:02.162857+00:00
69ed6c62-2e92-4714-af39-db8fdb3cfc2a,fUST,0.000133652054,14,1,-269.26578775,demand,2026-09-11T04:47:02.162857+00:00
69ed6c62-2e92-4714-af39-db8fdb3cfc2a,fUST,0.00013,30,1,-28000.0,demand,2026-09-11T04:47:02.162857+00:00
69ed6c62-2e92-4714-af39-db8fdb3cfc2a,fUST,0.000128,30,3,-30000.0,demand,2026-09-11T04:47:02.162857+00:00
69ed6c62-2e92-4714-af39-db8fdb3cfc2a,fUST,0.0001226,12,1,-167638.99392124,demand,2026-09-11T04:47:02.162857+00:00
69ed6c62-2e92-4714-af39-db8fdb3cfc2a,fUST,0.0001225,59,1,-95000.0,demand,2026-09-11T04:47:02.162857+00:00
69ed6c62-2e92-4714-af39-db8fdb3cfc2a,fUST,0.0001222,29,1,-194504.86890568,demand,2026-09-11T04:47:02.162857+00:00
69ed6c62-2e92-4714-af39-db8fdb3cfc2a,fUST,0.0001202,19,1,-184532.71737778,demand,2026-09-11T04:47:02.162857+00:00
69ed6c62-2e92-4714-af39-db8fdb3cfc2a,fUST,0.00012,120,1,-30000.0,demand,2026-09-11T04:47:02.162857+00:00
69ed6c62-2e92-4714-af39-db8fdb3cfc2a,fUST,0.0001181,7,1,-76930.69039528,demand,2026-09-11T04:47:02.162857+00:00
69ed6c62-2e92-4714-af39-db8fdb3cfc2a,fUST,0.00011011,2,1,-1487492.69726387,demand,2026-09-11T04:47:02.162857+00:00
69ed6c62-2e92-4714-af39-db8fdb3cfc2a,fUST,0.0001101,2,3,-4366829.49373192,demand,2026-09-11T04:47:02.162857+00:00
69ed6c62-2e92-4714-af39-db8fdb3cfc2a,fUST,0.000101,120,1,-293300.0,demand,2026-09-11T04:47:02.162857+00:00
69ed6c62-2e92-4714-af39-db8fdb3cfc2a,fUST,0.0001,2,1,-1000.0,demand,2026-09-11T04:47:02.162857+00:00
69ed6c62-2e92-4714-af39-db8fdb3cfc2a,fUST,0.000118,5,1,31363.0937,offer,2026-09-11T04:47:02.162857+00:00
69ed6c62-2e92-4714-af39-db8fdb3cfc2a,fUST,0.000118,2,6,7877.54053191,offer,2026-09-11T04:47:02.162857+00:00
69ed6c62-2e92-4714-af39-db8fdb3cfc2a,fUST,0.0001180374,2,19,238093.70522991,offer,2026-09-11T04:47:02.162857+00:00
69ed6c62-2e92-4714-af39-db8fdb3cfc2a,fUST,0.00011804,2,6,1553.60804454,offer,2026-09-11T04:47:02.162857+00:00
69ed6c62-2e92-4714-af39-db8fdb3cfc2a,fUST,0.00012035734800000002,7,1,164.39806326,offer,2026-09-11T04:47:02.162857+00:00
69ed6c62-2e92-4714-af39-db8fdb3cfc2a,fUST,0.00012035999999999999,7,1,2641.20977115,offer,2026-09-11T04:47:02.162857+00:00
69ed6c62-2e92-4714-af39-db8fdb3cfc2a,fUST,0.00012035999999999999,3,1,1317.55161988,offer,2026-09-11T04:47:02.162857+00:00
69ed6c62-2e92-4714-af39-db8fdb3cfc2a,fUST,0.00012038,2,15,4500.0,offer,2026-09-11T04:47:02.162857+00:00
69ed6c62-2e92-4714-af39-db8fdb3cfc2a,fUST,0.00012038082191780822,2,1,538.72170327,offer,2026-09-11T04:47:02.162857+00:00
69ed6c62-2e92-4714-af39-db8fdb3cfc2a,fUST,0.00012039,2,1,600.0,offer,2026-09-11T04:47:02.162857+00:00
69ed6c62-2e92-4714-af39-db8fdb3cfc2a,fUST,0.00012040350000000001,7,1,638.82546103,offer,2026-09-11T04:47:02.162857+00:00
69ed6c62-2e92-4714-af39-db8fdb3cfc2a,fUST,0.00012097763370000002,2,1,2883.16797983,offer,2026-09-11T04:47:02.162857+00:00
69ed6c62-2e92-4714-af39-db8fdb3cfc2a,fUST,0.0001211652,2,1,151.0,offer,2026-09-11T04:47:02.162857+00:00
69ed6c62-2e92-4714-af39-db8fdb3cfc2a,fUST,0.0001214149,2,1,151.0,offer,2026-09-11T04:47:02.162857+00:00
69ed6c62-2e92-4714-af39-db8fdb3cfc2a,fUST,0.00012219,2,1,265.7419689,offer,2026-09-11T04:47:02.162857+00:00
69ed6c62-2e92-4714-af39-db8fdb3cfc2a,fUST,0.00012276719999999999,3,1,1317.55161988,offer,2026-09-11T04:47:02.162857+00:00
69ed6c62-2e92-4714-af39-db8fdb3cfc2a,fUST,0.00012328,2,1,1498.80408317,offer,2026-09-11T04:47:02.162857+00:00
69ed6c62-2e92-4714-af39-db8fdb3cfc2a,fUST,0.0001232876712328767,2,4,1371.0,offer,2026-09-11T04:47:02.162857+00:00
69ed6c62-2e92-4714-af39-db8fdb3cfc2a,fUST,0.0001236687883784393,2,1,8719.6660188,offer,2026-09-11T04:47:02.162857+00:00
69ed6c62-2e92-4714-af39-db8fdb3cfc2a,fUST,0.00012384360000000001,7,2,968.70777663,offer,2026-09-11T04:47:02.162857+00:00
69ed6c62-2e92-4714-af39-db8fdb3cfc2a,fUST,0.0001239,7,1,2641.20977115,offer,2026-09-11T04:47:02.162857+00:00
69ed6c62-2e92-4714-af39-db8fdb3cfc2a,fUST,0.00012392877,7,1,282.26574436,offer,2026-09-11T04:47:02.162857+00:00
69ed6c62-2e92-4714-af39-db8fdb3cfc2a,fUST,0.000125,2,1,2519.21645921,offer,2026-09-11T04:47:02.162857+00:00
69ed6c62-2e92-4714-af39-db8fdb3cfc2a,fUST,0.000125222544,4,1,1317.55161988,offer,2026-09-11T04:47:02.162857+00:00
69ed6c62-2e92-4714-af39-db8fdb3cfc2a,fUST,0.0001258031331,2,1,1235.967834,offer,2026-09-11T04:47:02.162857+00:00
0b9774cc-733d-466b-8a66-c676940d65ae,fUST,0.0002671232876712329,120,1,-4671508.91425185,demand,2026-09-11T05:47:02.625242+00:00
0b9774cc-733d-466b-8a66-c676940d65ae,fUST,0.0002453178082191781,60,1,-5100380.07877794,demand,2026-09-11T05:47:02.625242+00:00
0b9774cc-733d-466b-8a66-c676940d65ae,fUST,0.00024309315,120,1,-20000.0,demand,2026-09-11T05:47:02.625242+00:00
0b9774cc-733d-466b-8a66-c676940d65ae,fUST,0.00016,60,19,-119837.17280444,demand,2026-09-11T05:47:02.625242+00:00
0b9774cc-733d-466b-8a66-c676940d65ae,fUST,0.000152,60,1,-28000.0,demand,2026-09-11T05:47:02.625242+00:00
0b9774cc-733d-466b-8a66-c676940d65ae,fUST,0.00015,120,1,-300000.0,demand,2026-09-11T05:47:02.625242+00:00
0b9774cc-733d-466b-8a66-c676940d65ae,fUST,0.00015,45,23,-138845.272985,demand,2026-09-11T05:47:02.625242+00:00
0b9774cc-733d-466b-8a66-c676940d65ae,fUST,0.0001421,45,1,-10000.0,demand,2026-09-11T05:47:02.625242+00:00
0b9774cc-733d-466b-8a66-c676940d65ae,fUST,0.000142,45,2,-20000.0,demand,2026-09-11T05:47:02.625242+00:00
0b9774cc-733d-466b-8a66-c676940d65ae,fUST,0.0001361,30,14,-50000.0,demand,2026-09-11T05:47:02.625242+00:00
0b9774cc-733d-466b-8a66-c676940d65ae,fUST,0.000136,30,3,-19544.22120933,demand,2026-09-11T05:47:02.625242+00:00
0b9774cc-733d-466b-8a66-c676940d65ae,fUST,0.00013,30,1,-28000.0,demand,2026-09-11T05:47:02.625242+00:00
0b9774cc-733d-466b-8a66-c676940d65ae,fUST,0.000128,30,3,-30000.0,demand,2026-09-11T05:47:02.625242+00:00
0b9774cc-733d-466b-8a66-c676940d65ae,fUST,0.0001226,12,1,-167638.99392124,demand,2026-09-11T05:47:02.625242+00:00
0b9774cc-733d-466b-8a66-c676940d65ae,fUST,0.0001225,59,1,-95000.0,demand,2026-09-11T05:47:02.625242+00:00
0b9774cc-733d-466b-8a66-c676940d65ae,fUST,0.0001222,29,1,-194504.86890568,demand,2026-09-11T05:47:02.625242+00:00
0b9774cc-733d-466b-8a66-c676940d65ae,fUST,0.0001202,19,1,-184532.71737778,demand,2026-09-11T05:47:02.625242+00:00
0b9774cc-733d-466b-8a66-c676940d65ae,fUST,0.00012,120,1,-30000.0,demand,2026-09-11T05:47:02.625242+00:00
0b9774cc-733d-466b-8a66-c676940d65ae,fUST,0.0001181,7,1,-67509.42928776,demand,2026-09-11T05:47:02.625242+00:00
0b9774cc-733d-466b-8a66-c676940d65ae,fUST,0.00011436,2,1,-415.32817043,demand,2026-09-11T05:47:02.625242+00:00
0b9774cc-733d-466b-8a66-c676940d65ae,fUST,0.00011011,2,1,-1445122.14900839,demand,2026-09-11T05:47:02.625242+00:00
0b9774cc-733d-466b-8a66-c676940d65ae,fUST,0.0001101,2,3,-4366829.49373192,demand,2026-09-11T05:47:02.625242+00:00
0b9774cc-733d-466b-8a66-c676940d65ae,fUST,0.000101,120,1,-293300.0,demand,2026-09-11T05:47:02.625242+00:00
0b9774cc-733d-466b-8a66-c676940d65ae,fUST,0.0001,2,1,-1000.0,demand,2026-09-11T05:47:02.625242+00:00
0b9774cc-733d-466b-8a66-c676940d65ae,fUST,0.0001,7,1,-1000.0,demand,2026-09-11T05:47:02.625242+00:00
0b9774cc-733d-466b-8a66-c676940d65ae,fUST,0.000110969,2,7,2960.06967057,offer,2026-09-11T05:47:02.625242+00:00
0b9774cc-733d-466b-8a66-c676940d65ae,fUST,0.000110979,2,1,4561.09491763,offer,2026-09-11T05:47:02.625242+00:00
0b9774cc-733d-466b-8a66-c676940d65ae,fUST,0.000111,2,1,337.32357294,offer,2026-09-11T05:47:02.625242+00:00
0b9774cc-733d-466b-8a66-c676940d65ae,fUST,0.00011233240000000001,2,3,780.93926553,offer,2026-09-11T05:47:02.625242+00:00
0b9774cc-733d-466b-8a66-c676940d65ae,fUST,0.00011256955000000001,2,2,660.51791053,offer,2026-09-11T05:47:02.625242+00:00
0b9774cc-733d-466b-8a66-c676940d65ae,fUST,0.00011436,2,3,5569.58924644,offer,2026-09-11T05:47:02.625242+00:00
0b9774cc-733d-466b-8a66-c676940d65ae,fUST,0.00011517,2,3,664.27600843,offer,2026-09-11T05:47:02.625242+00:00
0b9774cc-733d-466b-8a66-c676940d65ae,fUST,0.0001164817503,2,1,2106.364347,offer,2026-09-11T05:47:02.625242+00:00
0b9774cc-733d-466b-8a66-c676940d65ae,fUST,0.00011664,2,27,7758.77842558,offer,2026-09-11T05:47:02.625242+00:00
0b9774cc-733d-466b-8a66-c676940d65ae,fUST,0.00011664109589041096,2,1,528.37712679,offer,2026-09-11T05:47:02.625242+00:00
0b9774cc-733d-466b-8a66-c676940d65ae,fUST,0.00011682,2,60,374285.4608652,offer,2026-09-11T05:47:02.625242+00:00
0b9774cc-733d-466b-8a66-c676940d65ae,fUST,0.0001178124,2,3,786.94735216,offer,2026-09-11T05:47:02.625242+00:00
0b9774cc-733d-466b-8a66-c676940d65ae,fUST,0.00011790000000000002,2,1,200.0,offer,2026-09-11T05:47:02.625242+00:00
0b9774cc-733d-466b-8a66-c676940d65ae,fUST,0.00011791,2,3,465.368776,offer,2026-09-11T05:47:02.625242+00:00
0b9774cc-733d-466b-8a66-c676940d65ae,fUST,0.000118,5,1,10695.59335289,offer,2026-09-11T05:47:02.625242+00:00
0b9774cc-733d-466b-8a66-c676940d65ae,fUST,0.00011806232836755795,2,1,1511.29145427,offer,2026-09-11T05:47:02.625242+00:00
0b9774cc-733d-466b-8a66-c676940d65ae,fUST,0.0001189728,3,1,1200.60745928,offer,2026-09-11T05:47:02.625242+00:00
0b9774cc-733d-466b-8a66-c676940d65ae,fUST,0.00011972786902345655,7,2,3095.69918484,offer,2026-09-11T05:47:02.625242+00:00
0b9774cc-733d-466b-8a66-c676940d65ae,fUST,0.00012,2,4,5200.0,offer,2026-09-11T05:47:02.625242+00:00
0b9774cc-733d-466b-8a66-c676940d65ae,fUST,0.000120979,2,1,188.05828307,offer,2026-09-11T05:47:02.625242+00:00
0b9774cc-733d-466b-8a66-c676940d65ae,fUST,0.000121352256,3,1,1200.60745928,offer,2026-09-11T05:47:02.625242+00:00
0b9774cc-733d-466b-8a66-c676940d65ae,fUST,0.00012138503797123288,2,1,2106.364347,offer,2026-09-11T05:47:02.625242+00:00
0b9774cc-733d-466b-8a66-c676940d65ae,fUST,0.00012328,2,1,1498.80408317,offer,2026-09-11T05:47:02.625242+00:00
0b9774cc-733d-466b-8a66-c676940d65ae,fUST,0.0001232876712328767,2,1,544.4,offer,2026-09-11T05:47:02.625242+00:00
0b9774cc-733d-466b-8a66-c676940d65ae,fUST,0.0001232924,2,2,632.58186692,offer,2026-09-11T05:47:02.625242+00:00
97d25b9d-9d89-4bcf-b98f-650faee52cec,fUST,0.0002671232876712329,120,1,-4662061.01686374,demand,2026-09-11T06:47:02.373366+00:00
97d25b9d-9d89-4bcf-b98f-650faee52cec,fUST,0.00025011,2,1,-150.0,demand,2026-09-11T06:47:02.373366+00:00
97d25b9d-9d89-4bcf-b98f-650faee52cec,fUST,0.0002444465753424658,60,1,-5098683.29829859,demand,2026-09-11T06:47:02.373366+00:00
97d25b9d-9d89-4bcf-b98f-650faee52cec,fUST,0.00024309315,120,1,-20000.0,demand,2026-09-11T06:47:02.373366+00:00
97d25b9d-9d89-4bcf-b98f-650faee52cec,fUST,0.00023011,2,1,-150.0,demand,2026-09-11T06:47:02.373366+00:00
97d25b9d-9d89-4bcf-b98f-650faee52cec,fUST,0.00016,60,19,-119837.17280444,demand,2026-09-11T06:47:02.373366+00:00
97d25b9d-9d89-4bcf-b98f-650faee52cec,fUST,0.000152,60,1,-28000.0,demand,2026-09-11T06:47:02.373366+00:00
97d25b9d-9d89-4bcf-b98f-650faee52cec,fUST,0.00015,120,1,-300000.0,demand,2026-09-11T06:47:02.373366+00:00
97d25b9d-9d89-4bcf-b98f-650faee52cec,fUST,0.00015,45,23,-138845.272985,demand,2026-09-11T06:47:02.373366+00:00
97d25b9d-9d89-4bcf-b98f-650faee52cec,fUST,0.0001421,45,1,-10000.0,demand,2026-09-11T06:47:02.373366+00:00
97d25b9d-9d89-4bcf-b98f-650faee52cec,fUST,0.000142,45,2,-20000.0,demand,2026-09-11T06:47:02.373366+00:00
97d25b9d-9d89-4bcf-b98f-650faee52cec,fUST,0.0001361,30,14,-50000.0,demand,2026-09-11T06:47:02.373366+00:00
97d25b9d-9d89-4bcf-b98f-650faee52cec,fUST,0.000136,30,3,-19544.22120933,demand,2026-09-11T06:47:02.373366+00:00
97d25b9d-9d89-4bcf-b98f-650faee52cec,fUST,0.00013,30,1,-28000.0,demand,2026-09-11T06:47:02.373366+00:00
97d25b9d-9d89-4bcf-b98f-650faee52cec,fUST,0.000128,30,3,-30000.0,demand,2026-09-11T06:47:02.373366+00:00
97d25b9d-9d89-4bcf-b98f-650faee52cec,fUST,0.0001226,12,1,-167638.99392124,demand,2026-09-11T06:47:02.373366+00:00
97d25b9d-9d89-4bcf-b98f-650faee52cec,fUST,0.0001225,59,1,-95000.0,demand,2026-09-11T06:47:02.373366+00:00
97d25b9d-9d89-4bcf-b98f-650faee52cec,fUST,0.0001222,29,1,-194504.86890568,demand,2026-09-11T06:47:02.373366+00:00
97d25b9d-9d89-4bcf-b98f-650faee52cec,fUST,0.0001202,19,1,-184532.71737778,demand,2026-09-11T06:47:02.373366+00:00
97d25b9d-9d89-4bcf-b98f-650faee52cec,fUST,0.00012,120,1,-30000.0,demand,2026-09-11T06:47:02.373366+00:00
97d25b9d-9d89-4bcf-b98f-650faee52cec,fUST,0.0001181,7,1,-67509.42928776,demand,2026-09-11T06:47:02.373366+00:00
97d25b9d-9d89-4bcf-b98f-650faee52cec,fUST,0.00011011,2,1,-1391155.3930931,demand,2026-09-11T06:47:02.373366+00:00
97d25b9d-9d89-4bcf-b98f-650faee52cec,fUST,0.0001101,2,3,-4366829.49373192,demand,2026-09-11T06:47:02.373366+00:00
97d25b9d-9d89-4bcf-b98f-650faee52cec,fUST,0.000101,120,1,-293300.0,demand,2026-09-11T06:47:02.373366+00:00
97d25b9d-9d89-4bcf-b98f-650faee52cec,fUST,0.0001,2,1,-1000.0,demand,2026-09-11T06:47:02.373366+00:00
97d25b9d-9d89-4bcf-b98f-650faee52cec,fUST,0.000159,2,1,1000.0,offer,2026-09-11T06:47:02.373366+00:00
97d25b9d-9d89-4bcf-b98f-650faee52cec,fUST,0.0001643836,2,1,288.8713,offer,2026-09-11T06:47:02.373366+00:00
97d25b9d-9d89-4bcf-b98f-650faee52cec,fUST,0.00016455604550040103,2,1,182.12142287,offer,2026-09-11T06:47:02.373366+00:00
97d25b9d-9d89-4bcf-b98f-650faee52cec,fUST,0.00016476,2,1,202.39,offer,2026-09-11T06:47:02.373366+00:00
97d25b9d-9d89-4bcf-b98f-650faee52cec,fUST,0.0001696397049184462,2,1,182.12142287,offer,2026-09-11T06:47:02.373366+00:00
97d25b9d-9d89-4bcf-b98f-650faee52cec,fUST,0.000169821,2,3,845.101,offer,2026-09-11T06:47:02.373366+00:00
97d25b9d-9d89-4bcf-b98f-650faee52cec,fUST,0.00017055,2,1,300.51517938,offer,2026-09-11T06:47:02.373366+00:00
97d25b9d-9d89-4bcf-b98f-650faee52cec,fUST,0.00017488629373035692,2,1,182.12142287,offer,2026-09-11T06:47:02.373366+00:00
97d25b9d-9d89-4bcf-b98f-650faee52cec,fUST,0.0001770157,2,1,183.654496,offer,2026-09-11T06:47:02.373366+00:00
97d25b9d-9d89-4bcf-b98f-650faee52cec,fUST,0.0001792529,2,3,1420.36406917,offer,2026-09-11T06:47:02.373366+00:00
97d25b9d-9d89-4bcf-b98f-650faee52cec,fUST,0.00017926301369863013,2,1,1576.60178089,offer,2026-09-11T06:47:02.373366+00:00
97d25b9d-9d89-4bcf-b98f-650faee52cec,fUST,0.0001792729,2,1,468.6956158,offer,2026-09-11T06:47:02.373366+00:00
97d25b9d-9d89-4bcf-b98f-650faee52cec,fUST,0.00018,2,1,500.0,offer,2026-09-11T06:47:02.373366+00:00
97d25b9d-9d89-4bcf-b98f-650faee52cec,fUST,0.0001802951481756257,2,1,182.12142286,offer,2026-09-11T06:47:02.373366+00:00
97d25b9d-9d89-4bcf-b98f-650faee52cec,fUST,0.0001815142,2,1,309.99837207,offer,2026-09-11T06:47:02.373366+00:00
97d25b9d-9d89-4bcf-b98f-650faee52cec,fUST,0.0001815242,2,1,1173.2168102,offer,2026-09-11T06:47:02.373366+00:00
97d25b9d-9d89-4bcf-b98f-650faee52cec,fUST,0.0001822127,2,1,481.003884,offer,2026-09-11T06:47:02.373366+00:00
97d25b9d-9d89-4bcf-b98f-650faee52cec,fUST,0.00018593386643835617,2,2,365.74345197,offer,2026-09-11T06:47:02.373366+00:00
97d25b9d-9d89-4bcf-b98f-650faee52cec,fUST,0.00018598,2,2,869.09842875,offer,2026-09-11T06:47:02.373366+00:00
97d25b9d-9d89-4bcf-b98f-650faee52cec,fUST,0.00018598984589041095,2,3,666.28900855,offer,2026-09-11T06:47:02.373366+00:00
97d25b9d-9d89-4bcf-b98f-650faee52cec,fUST,0.0001859923904109589,2,4,1542.50927476,offer,2026-09-11T06:47:02.373366+00:00
97d25b9d-9d89-4bcf-b98f-650faee52cec,fUST,0.000188,2,1,4801.73203233,offer,2026-09-11T06:47:02.373366+00:00
97d25b9d-9d89-4bcf-b98f-650faee52cec,fUST,0.00019041095890410961,3,1,264.0,offer,2026-09-11T06:47:02.373366+00:00
97d25b9d-9d89-4bcf-b98f-650faee52cec,fUST,0.00019099999999999998,3,1,162.57134832,offer,2026-09-11T06:47:02.373366+00:00
97d25b9d-9d89-4bcf-b98f-650faee52cec,fUST,0.00019157,2,1,908.48114197,offer,2026-09-11T06:47:02.373366+00:00
2e9d058f-1f38-4b99-8017-b6dcabe726fe,fUST,0.0002671232876712329,120,1,-4662061.01686374,demand,2026-09-11T07:47:02.137278+00:00
2e9d058f-1f38-4b99-8017-b6dcabe726fe,fUST,0.0002444849315068493,60,1,-5098195.23545134,demand,2026-09-11T07:47:02.137278+00:00
2e9d058f-1f38-4b99-8017-b6dcabe726fe,fUST,0.00024309315,120,1,-20000.0,demand,2026-09-11T07:47:02.137278+00:00
2e9d058f-1f38-4b99-8017-b6dcabe726fe,fUST,0.00016,60,19,-119837.17280444,demand,2026-09-11T07:47:02.137278+00:00
2e9d058f-1f38-4b99-8017-b6dcabe726fe,fUST,0.000152,60,1,-28000.0,demand,2026-09-11T07:47:02.137278+00:00
2e9d058f-1f38-4b99-8017-b6dcabe726fe,fUST,0.00015,120,1,-300000.0,demand,2026-09-11T07:47:02.137278+00:00
2e9d058f-1f38-4b99-8017-b6dcabe726fe,fUST,0.00015,45,23,-138845.272985,demand,2026-09-11T07:47:02.137278+00:00
2e9d058f-1f38-4b99-8017-b6dcabe726fe,fUST,0.0001421,45,1,-10000.0,demand,2026-09-11T07:47:02.137278+00:00
2e9d058f-1f38-4b99-8017-b6dcabe726fe,fUST,0.000142,45,2,-20000.0,demand,2026-09-11T07:47:02.137278+00:00
2e9d058f-1f38-4b99-8017-b6dcabe726fe,fUST,0.0001361,30,14,-50000.0,demand,2026-09-11T07:47:02.137278+00:00
2e9d058f-1f38-4b99-8017-b6dcabe726fe,fUST,0.000136,30,3,-19544.22120933,demand,2026-09-11T07:47:02.137278+00:00
2e9d058f-1f38-4b99-8017-b6dcabe726fe,fUST,0.00013,30,1,-28000.0,demand,2026-09-11T07:47:02.137278+00:00
2e9d058f-1f38-4b99-8017-b6dcabe726fe,fUST,0.000128,30,3,-30000.0,demand,2026-09-11T07:47:02.137278+00:00
2e9d058f-1f38-4b99-8017-b6dcabe726fe,fUST,0.0001226,12,1,-167638.99392124,demand,2026-09-11T07:47:02.137278+00:00
2e9d058f-1f38-4b99-8017-b6dcabe726fe,fUST,0.0001225,59,1,-95000.0,demand,2026-09-11T07:47:02.137278+00:00
2e9d058f-1f38-4b99-8017-b6dcabe726fe,fUST,0.0001222,29,1,-194504.86890568,demand,2026-09-11T07:47:02.137278+00:00
2e9d058f-1f38-4b99-8017-b6dcabe726fe,fUST,0.0001202,19,1,-184532.71737778,demand,2026-09-11T07:47:02.137278+00:00
2e9d058f-1f38-4b99-8017-b6dcabe726fe,fUST,0.00012,120,1,-30000.0,demand,2026-09-11T07:47:02.137278+00:00
2e9d058f-1f38-4b99-8017-b6dcabe726fe,fUST,0.0001181,7,1,-67509.42928776,demand,2026-09-11T07:47:02.137278+00:00
2e9d058f-1f38-4b99-8017-b6dcabe726fe,fUST,0.00011011,2,1,-1390631.82656854,demand,2026-09-11T07:47:02.137278+00:00
2e9d058f-1f38-4b99-8017-b6dcabe726fe,fUST,0.0001101,2,3,-4366829.49373192,demand,2026-09-11T07:47:02.137278+00:00
2e9d058f-1f38-4b99-8017-b6dcabe726fe,fUST,0.000101,120,1,-293300.0,demand,2026-09-11T07:47:02.137278+00:00
2e9d058f-1f38-4b99-8017-b6dcabe726fe,fUST,0.0001,2,1,-1000.0,demand,2026-09-11T07:47:02.137278+00:00
2e9d058f-1f38-4b99-8017-b6dcabe726fe,fUST,0.0001,7,1,-1000.0,demand,2026-09-11T07:47:02.137278+00:00
2e9d058f-1f38-4b99-8017-b6dcabe726fe,fUST,0.0001,14,1,-1000.0,demand,2026-09-11T07:47:02.137278+00:00
2e9d058f-1f38-4b99-8017-b6dcabe726fe,fUST,0.00016108,2,1,5000.0,offer,2026-09-11T07:47:02.137278+00:00
2e9d058f-1f38-4b99-8017-b6dcabe726fe,fUST,0.00016271,2,1,5000.0,offer,2026-09-11T07:47:02.137278+00:00
2e9d058f-1f38-4b99-8017-b6dcabe726fe,fUST,0.00016435,2,1,3216.11536841,offer,2026-09-11T07:47:02.137278+00:00
2e9d058f-1f38-4b99-8017-b6dcabe726fe,fUST,0.000166013,2,3,810.7593,offer,2026-09-11T07:47:02.137278+00:00
2e9d058f-1f38-4b99-8017-b6dcabe726fe,fUST,0.00017011,2,1,12.01097102,offer,2026-09-11T07:47:02.137278+00:00
2e9d058f-1f38-4b99-8017-b6dcabe726fe,fUST,0.0001707561644,2,2,409.4931949,offer,2026-09-11T07:47:02.137278+00:00
2e9d058f-1f38-4b99-8017-b6dcabe726fe,fUST,0.00017107,2,1,241.85627138,offer,2026-09-11T07:47:02.137278+00:00
2e9d058f-1f38-4b99-8017-b6dcabe726fe,fUST,0.00017115,7,1,226.46028141,offer,2026-09-11T07:47:02.137278+00:00
2e9d058f-1f38-4b99-8017-b6dcabe726fe,fUST,0.0001724906,2,2,711.88191402,offer,2026-09-11T07:47:02.137278+00:00
2e9d058f-1f38-4b99-8017-b6dcabe726fe,fUST,0.0001731111,2,1,320.459071,offer,2026-09-11T07:47:02.137278+00:00
2e9d058f-1f38-4b99-8017-b6dcabe726fe,fUST,0.0001735,2,15,4500.0,offer,2026-09-11T07:47:02.137278+00:00
2e9d058f-1f38-4b99-8017-b6dcabe726fe,fUST,0.0001743259,2,1,183.654496,offer,2026-09-11T07:47:02.137278+00:00
2e9d058f-1f38-4b99-8017-b6dcabe726fe,fUST,0.00017456,2,1,600.0,offer,2026-09-11T07:47:02.137278+00:00
2e9d058f-1f38-4b99-8017-b6dcabe726fe,fUST,0.00017604000000000003,7,2,532.26515756,offer,2026-09-11T07:47:02.137278+00:00
2e9d058f-1f38-4b99-8017-b6dcabe726fe,fUST,0.000177,2,1,1000.0,offer,2026-09-11T07:47:02.137278+00:00
2e9d058f-1f38-4b99-8017-b6dcabe726fe,fUST,0.0001821815,2,1,1044.96057063,offer,2026-09-11T07:47:02.137278+00:00
2e9d058f-1f38-4b99-8017-b6dcabe726fe,fUST,0.00018256000000000001,7,1,226.46028144,offer,2026-09-11T07:47:02.137278+00:00
2e9d058f-1f38-4b99-8017-b6dcabe726fe,fUST,0.00018419,2,1,769.90111022,offer,2026-09-11T07:47:02.137278+00:00
2e9d058f-1f38-4b99-8017-b6dcabe726fe,fUST,0.00018438356164383562,3,1,205.0,offer,2026-09-11T07:47:02.137278+00:00
2e9d058f-1f38-4b99-8017-b6dcabe726fe,fUST,0.00018454404098360654,2,1,165.08973816,offer,2026-09-11T07:47:02.137278+00:00
2e9d058f-1f38-4b99-8017-b6dcabe726fe,fUST,0.000185707425,2,3,2197.0,offer,2026-09-11T07:47:02.137278+00:00
2e9d058f-1f38-4b99-8017-b6dcabe726fe,fUST,0.00018593386643835617,2,10,2768.38030219,offer,2026-09-11T07:47:02.137278+00:00
2e9d058f-1f38-4b99-8017-b6dcabe726fe,fUST,0.00018593424657534246,2,1,500.0,offer,2026-09-11T07:47:02.137278+00:00
2e9d058f-1f38-4b99-8017-b6dcabe726fe,fUST,0.00018793,2,1,279.41079062,offer,2026-09-11T07:47:02.137278+00:00
2e9d058f-1f38-4b99-8017-b6dcabe726fe,fUST,0.00018867397260273973,2,1,500.0,offer,2026-09-11T07:47:02.137278+00:00
185e315d-f748-414f-95fc-0b1a9bc63ba5,fUST,0.0002671232876712329,120,1,-4661902.01686374,demand,2026-09-11T08:47:03.114842+00:00
185e315d-f748-414f-95fc-0b1a9bc63ba5,fUST,0.00024427671232876713,60,1,-5094040.78574313,demand,2026-09-11T08:47:03.114842+00:00
185e315d-f748-414f-95fc-0b1a9bc63ba5,fUST,0.00024309315,120,1,-20000.0,demand,2026-09-11T08:47:03.114842+00:00
185e315d-f748-414f-95fc-0b1a9bc63ba5,fUST,0.00016,60,19,-119837.17280444,demand,2026-09-11T08:47:03.114842+00:00
185e315d-f748-414f-95fc-0b1a9bc63ba5,fUST,0.000152,60,1,-28000.0,demand,2026-09-11T08:47:03.114842+00:00
185e315d-f748-414f-95fc-0b1a9bc63ba5,fUST,0.00015,120,1,-300000.0,demand,2026-09-11T08:47:03.114842+00:00
185e315d-f748-414f-95fc-0b1a9bc63ba5,fUST,0.00015,45,23,-138845.272985,demand,2026-09-11T08:47:03.114842+00:00
185e315d-f748-414f-95fc-0b1a9bc63ba5,fUST,0.0001421,45,1,-10000.0,demand,2026-09-11T08:47:03.114842+00:00
185e315d-f748-414f-95fc-0b1a9bc63ba5,fUST,0.000142,45,2,-20000.0,demand,2026-09-11T08:47:03.114842+00:00
185e315d-f748-414f-95fc-0b1a9bc63ba5,fUST,0.0001361,30,14,-48871.41107403,demand,2026-09-11T08:47:03.114842+00:00
185e315d-f748-414f-95fc-0b1a9bc63ba5,fUST,0.000136,30,3,-19544.22120933,demand,2026-09-11T08:47:03.114842+00:00
185e315d-f748-414f-95fc-0b1a9bc63ba5,fUST,0.00013,30,1,-28000.0,demand,2026-09-11T08:47:03.114842+00:00
185e315d-f748-414f-95fc-0b1a9bc63ba5,fUST,0.000128,30,3,-30000.0,demand,2026-09-11T08:47:03.114842+00:00
185e315d-f748-414f-95fc-0b1a9bc63ba5,fUST,0.0001226,12,1,-167638.99392124,demand,2026-09-11T08:47:03.114842+00:00
185e315d-f748-414f-95fc-0b1a9bc63ba5,fUST,0.0001225,59,1,-95000.0,demand,2026-09-11T08:47:03.114842+00:00
185e315d-f748-414f-95fc-0b1a9bc63ba5,fUST,0.0001222,29,1,-194504.86890568,demand,2026-09-11T08:47:03.114842+00:00
185e315d-f748-414f-95fc-0b1a9bc63ba5,fUST,0.0001202,19,1,-184532.71737778,demand,2026-09-11T08:47:03.114842+00:00
185e315d-f748-414f-95fc-0b1a9bc63ba5,fUST,0.00012,120,1,-30000.0,demand,2026-09-11T08:47:03.114842+00:00
185e315d-f748-414f-95fc-0b1a9bc63ba5,fUST,0.0001181,7,1,-67509.42928776,demand,2026-09-11T08:47:03.114842+00:00
185e315d-f748-414f-95fc-0b1a9bc63ba5,fUST,0.000115,2,1,-228252.24581967,demand,2026-09-11T08:47:03.114842+00:00
185e315d-f748-414f-95fc-0b1a9bc63ba5,fUST,0.00011011,2,1,-1390631.82656854,demand,2026-09-11T08:47:03.114842+00:00
185e315d-f748-414f-95fc-0b1a9bc63ba5,fUST,0.0001101,2,3,-4366829.49373192,demand,2026-09-11T08:47:03.114842+00:00
185e315d-f748-414f-95fc-0b1a9bc63ba5,fUST,0.000101,120,1,-293300.0,demand,2026-09-11T08:47:03.114842+00:00
185e315d-f748-414f-95fc-0b1a9bc63ba5,fUST,0.0001,2,1,-1000.0,demand,2026-09-11T08:47:03.114842+00:00
185e315d-f748-414f-95fc-0b1a9bc63ba5,fUST,0.0001,7,1,-1000.0,demand,2026-09-11T08:47:03.114842+00:00
185e315d-f748-414f-95fc-0b1a9bc63ba5,fUST,0.00013095,2,6,2636.29570243,offer,2026-09-11T08:47:03.114842+00:00
185e315d-f748-414f-95fc-0b1a9bc63ba5,fUST,0.00013096,2,1,5000.0,offer,2026-09-11T08:47:03.114842+00:00
185e315d-f748-414f-95fc-0b1a9bc63ba5,fUST,0.00013699,2,1,172.18715269,offer,2026-09-11T08:47:03.114842+00:00
185e315d-f748-414f-95fc-0b1a9bc63ba5,fUST,0.000137,2,1,338.0,offer,2026-09-11T08:47:03.114842+00:00
185e315d-f748-414f-95fc-0b1a9bc63ba5,fUST,0.00013768,2,15,4500.0,offer,2026-09-11T08:47:03.114842+00:00
185e315d-f748-414f-95fc-0b1a9bc63ba5,fUST,0.00014042,2,1,600.0,offer,2026-09-11T08:47:03.114842+00:00
185e315d-f748-414f-95fc-0b1a9bc63ba5,fUST,0.00015004,7,2,1154.40617918,offer,2026-09-11T08:47:03.114842+00:00
185e315d-f748-414f-95fc-0b1a9bc63ba5,fUST,0.0001530408,7,1,971.39072117,offer,2026-09-11T08:47:03.114842+00:00
185e315d-f748-414f-95fc-0b1a9bc63ba5,fUST,0.00015447,2,1,720.0,offer,2026-09-11T08:47:03.114842+00:00
185e315d-f748-414f-95fc-0b1a9bc63ba5,fUST,0.000157542,7,1,971.39072117,offer,2026-09-11T08:47:03.114842+00:00
185e315d-f748-414f-95fc-0b1a9bc63ba5,fUST,0.0001620432,7,2,1169.6574674,offer,2026-09-11T08:47:03.114842+00:00
185e315d-f748-414f-95fc-0b1a9bc63ba5,fUST,0.0001651666464,2,1,180.4066419,offer,2026-09-11T08:47:03.114842+00:00
185e315d-f748-414f-95fc-0b1a9bc63ba5,fUST,0.000167604,2,2,639.0,offer,2026-09-11T08:47:03.114842+00:00
185e315d-f748-414f-95fc-0b1a9bc63ba5,fUST,0.0001680448,7,1,971.39072117,offer,2026-09-11T08:47:03.114842+00:00
185e315d-f748-414f-95fc-0b1a9bc63ba5,fUST,0.00016991,2,1,864.0,offer,2026-09-11T08:47:03.114842+00:00
185e315d-f748-414f-95fc-0b1a9bc63ba5,fUST,0.0001789041095890411,3,1,160.0,offer,2026-09-11T08:47:03.114842+00:00
185e315d-f748-414f-95fc-0b1a9bc63ba5,fUST,0.0001797885342,2,1,179.66978,offer,2026-09-11T08:47:03.114842+00:00
185e315d-f748-414f-95fc-0b1a9bc63ba5,fUST,0.00018418455084745762,2,3,484.25003175,offer,2026-09-11T08:47:03.114842+00:00
185e315d-f748-414f-95fc-0b1a9bc63ba5,fUST,0.00018577356164383558,2,1,213.83587946,offer,2026-09-11T08:47:03.114842+00:00
185e315d-f748-414f-95fc-0b1a9bc63ba5,fUST,0.00018583208561643834,2,3,639.65053283,offer,2026-09-11T08:47:03.114842+00:00
185e315d-f748-414f-95fc-0b1a9bc63ba5,fUST,0.0001869,2,1,1000.0,offer,2026-09-11T08:47:03.114842+00:00
185e315d-f748-414f-95fc-0b1a9bc63ba5,fUST,0.000188,2,1,301.58658813,offer,2026-09-11T08:47:03.114842+00:00
185e315d-f748-414f-95fc-0b1a9bc63ba5,fUST,0.0001892490821452055,2,1,179.66978,offer,2026-09-11T08:47:03.114842+00:00
185e315d-f748-414f-95fc-0b1a9bc63ba5,fUST,0.00018966455084745763,2,2,324.18495623,offer,2026-09-11T08:47:03.114842+00:00
185e315d-f748-414f-95fc-0b1a9bc63ba5,fUST,0.000194,2,2,3339.39139227,offer,2026-09-11T08:47:03.114842+00:00
e664f1da-a40b-4159-a863-ebaa016006ea,fUST,0.0002671232876712329,120,1,-4658331.95370274,demand,2026-09-11T09:47:01.758822+00:00
e664f1da-a40b-4159-a863-ebaa016006ea,fUST,0.0002444958904109589,60,1,-5081783.54574313,demand,2026-09-11T09:47:01.758822+00:00
e664f1da-a40b-4159-a863-ebaa016006ea,fUST,0.00024309315,120,1,-20000.0,demand,2026-09-11T09:47:01.758822+00:00
e664f1da-a40b-4159-a863-ebaa016006ea,fUST,0.00016,60,19,-119837.17280444,demand,2026-09-11T09:47:01.758822+00:00
e664f1da-a40b-4159-a863-ebaa016006ea,fUST,0.000152,60,1,-28000.0,demand,2026-09-11T09:47:01.758822+00:00
e664f1da-a40b-4159-a863-ebaa016006ea,fUST,0.00015,120,1,-300000.0,demand,2026-09-11T09:47:01.758822+00:00
e664f1da-a40b-4159-a863-ebaa016006ea,fUST,0.00015,45,23,-138845.272985,demand,2026-09-11T09:47:01.758822+00:00
e664f1da-a40b-4159-a863-ebaa016006ea,fUST,0.0001421,45,1,-10000.0,demand,2026-09-11T09:47:01.758822+00:00
e664f1da-a40b-4159-a863-ebaa016006ea,fUST,0.000142,45,2,-20000.0,demand,2026-09-11T09:47:01.758822+00:00
e664f1da-a40b-4159-a863-ebaa016006ea,fUST,0.0001361,30,14,-48871.41107403,demand,2026-09-11T09:47:01.758822+00:00
e664f1da-a40b-4159-a863-ebaa016006ea,fUST,0.000136,30,3,-19544.22120933,demand,2026-09-11T09:47:01.758822+00:00
e664f1da-a40b-4159-a863-ebaa016006ea,fUST,0.00013,30,1,-28000.0,demand,2026-09-11T09:47:01.758822+00:00
e664f1da-a40b-4159-a863-ebaa016006ea,fUST,0.000128,30,3,-30000.0,demand,2026-09-11T09:47:01.758822+00:00
e664f1da-a40b-4159-a863-ebaa016006ea,fUST,0.0001226,12,1,-167638.99392124,demand,2026-09-11T09:47:01.758822+00:00
e664f1da-a40b-4159-a863-ebaa016006ea,fUST,0.0001225,59,1,-95000.0,demand,2026-09-11T09:47:01.758822+00:00
e664f1da-a40b-4159-a863-ebaa016006ea,fUST,0.0001222,29,1,-194504.86890568,demand,2026-09-11T09:47:01.758822+00:00
e664f1da-a40b-4159-a863-ebaa016006ea,fUST,0.0001202,19,1,-184532.71737778,demand,2026-09-11T09:47:01.758822+00:00
e664f1da-a40b-4159-a863-ebaa016006ea,fUST,0.00012,120,1,-30000.0,demand,2026-09-11T09:47:01.758822+00:00
e664f1da-a40b-4159-a863-ebaa016006ea,fUST,0.0001181,7,1,-67509.42928776,demand,2026-09-11T09:47:01.758822+00:00
e664f1da-a40b-4159-a863-ebaa016006ea,fUST,0.000115,2,1,-201146.23230122,demand,2026-09-11T09:47:01.758822+00:00
e664f1da-a40b-4159-a863-ebaa016006ea,fUST,0.00011011,2,1,-1390631.82656854,demand,2026-09-11T09:47:01.758822+00:00
e664f1da-a40b-4159-a863-ebaa016006ea,fUST,0.0001101,2,3,-4366829.49373192,demand,2026-09-11T09:47:01.758822+00:00
e664f1da-a40b-4159-a863-ebaa016006ea,fUST,0.000101,120,1,-293300.0,demand,2026-09-11T09:47:01.758822+00:00
e664f1da-a40b-4159-a863-ebaa016006ea,fUST,0.0001,2,1,-1000.0,demand,2026-09-11T09:47:01.758822+00:00
e664f1da-a40b-4159-a863-ebaa016006ea,fUST,0.0001,7,1,-1000.0,demand,2026-09-11T09:47:01.758822+00:00
e664f1da-a40b-4159-a863-ebaa016006ea,fUST,0.00015534,2,1,5000.0,offer,2026-09-11T09:47:01.758822+00:00
e664f1da-a40b-4159-a863-ebaa016006ea,fUST,0.00015691000000000001,2,2,647.78486848,offer,2026-09-11T09:47:01.758822+00:00
e664f1da-a40b-4159-a863-ebaa016006ea,fUST,0.00015692,2,1,5000.0,offer,2026-09-11T09:47:01.758822+00:00
e664f1da-a40b-4159-a863-ebaa016006ea,fUST,0.0001585,2,1,187.91759114,offer,2026-09-11T09:47:01.758822+00:00
e664f1da-a40b-4159-a863-ebaa016006ea,fUST,0.00016338,2,1,189.89,offer,2026-09-11T09:47:01.758822+00:00
e664f1da-a40b-4159-a863-ebaa016006ea,fUST,0.00016932,2,1,500.0,offer,2026-09-11T09:47:01.758822+00:00
e664f1da-a40b-4159-a863-ebaa016006ea,fUST,0.00017348,2,15,4500.0,offer,2026-09-11T09:47:01.758822+00:00
e664f1da-a40b-4159-a863-ebaa016006ea,fUST,0.0001784,2,1,410.13094476,offer,2026-09-11T09:47:01.758822+00:00
e664f1da-a40b-4159-a863-ebaa016006ea,fUST,0.0001784104,2,1,8514.6910661,offer,2026-09-11T09:47:01.758822+00:00
e664f1da-a40b-4159-a863-ebaa016006ea,fUST,0.0001808264,2,1,464.6723571,offer,2026-09-11T09:47:01.758822+00:00
e664f1da-a40b-4159-a863-ebaa016006ea,fUST,0.0001812650112,2,1,1122.0487223,offer,2026-09-11T09:47:01.758822+00:00
e664f1da-a40b-4159-a863-ebaa016006ea,fUST,0.00018357,2,2,639.0,offer,2026-09-11T09:47:01.758822+00:00
e664f1da-a40b-4159-a863-ebaa016006ea,fUST,0.00018577610616438356,2,2,415.0955355,offer,2026-09-11T09:47:01.758822+00:00
e664f1da-a40b-4159-a863-ebaa016006ea,fUST,0.0001889853795,2,1,158.259733,offer,2026-09-11T09:47:01.758822+00:00
e664f1da-a40b-4159-a863-ebaa016006ea,fUST,0.00019391,2,1,440.3455562,offer,2026-09-11T09:47:01.758822+00:00
e664f1da-a40b-4159-a863-ebaa016006ea,fUST,0.00019402,2,1,278.376,offer,2026-09-11T09:47:01.758822+00:00
e664f1da-a40b-4159-a863-ebaa016006ea,fUST,0.00019402044520547946,2,8,1951.01692972,offer,2026-09-11T09:47:01.758822+00:00
e664f1da-a40b-4159-a863-ebaa016006ea,fUST,0.00019408,2,1,2509.07719448,offer,2026-09-11T09:47:01.758822+00:00
e664f1da-a40b-4159-a863-ebaa016006ea,fUST,0.000195,2,1,5451.45074501,offer,2026-09-11T09:47:01.758822+00:00
e664f1da-a40b-4159-a863-ebaa016006ea,fUST,0.00019541643837,2,1,533.9177787,offer,2026-09-11T09:47:01.758822+00:00
e664f1da-a40b-4159-a863-ebaa016006ea,fUST,0.00019694099593835617,2,1,158.259733,offer,2026-09-11T09:47:01.758822+00:00
e664f1da-a40b-4159-a863-ebaa016006ea,fUST,0.00019775127799999997,2,1,152.40296374,offer,2026-09-11T09:47:01.758822+00:00
e664f1da-a40b-4159-a863-ebaa016006ea,fUST,0.00019777,3,1,407.4,offer,2026-09-11T09:47:01.758822+00:00
e664f1da-a40b-4159-a863-ebaa016006ea,fUST,0.00019786,2,4,2000.0,offer,2026-09-11T09:47:01.758822+00:00
e664f1da-a40b-4159-a863-ebaa016006ea,fUST,0.00019787,2,24,319919.45050611,offer,2026-09-11T09:47:01.758822+00:00
73c952ec-c841-4faf-bd95-4684cd7f2f5a,fUST,0.0002671232876712329,120,1,-4656294.86566686,demand,2026-09-11T10:47:01.192211+00:00
73c952ec-c841-4faf-bd95-4684cd7f2f5a,fUST,0.0002441534246575342,60,1,-5081783.54574313,demand,2026-09-11T10:47:01.192211+00:00
73c952ec-c841-4faf-bd95-4684cd7f2f5a,fUST,0.00024309315,120,1,-20000.0,demand,2026-09-11T10:47:01.192211+00:00
73c952ec-c841-4faf-bd95-4684cd7f2f5a,fUST,0.00016,60,19,-119837.17280444,demand,2026-09-11T10:47:01.192211+00:00
73c952ec-c841-4faf-bd95-4684cd7f2f5a,fUST,0.000152,60,1,-28000.0,demand,2026-09-11T10:47:01.192211+00:00
73c952ec-c841-4faf-bd95-4684cd7f2f5a,fUST,0.00015,120,1,-300000.0,demand,2026-09-11T10:47:01.192211+00:00
73c952ec-c841-4faf-bd95-4684cd7f2f5a,fUST,0.00015,45,23,-138845.272985,demand,2026-09-11T10:47:01.192211+00:00
73c952ec-c841-4faf-bd95-4684cd7f2f5a,fUST,0.00015,30,4,-20000.0,demand,2026-09-11T10:47:01.192211+00:00
73c952ec-c841-4faf-bd95-4684cd7f2f5a,fUST,0.0001421,45,1,-10000.0,demand,2026-09-11T10:47:01.192211+00:00
73c952ec-c841-4faf-bd95-4684cd7f2f5a,fUST,0.000142,45,2,-20000.0,demand,2026-09-11T10:47:01.192211+00:00
73c952ec-c841-4faf-bd95-4684cd7f2f5a,fUST,0.0001361,30,14,-48871.41107403,demand,2026-09-11T10:47:01.192211+00:00
73c952ec-c841-4faf-bd95-4684cd7f2f5a,fUST,0.000136,30,2,-14544.22120933,demand,2026-09-11T10:47:01.192211+00:00
73c952ec-c841-4faf-bd95-4684cd7f2f5a,fUST,0.00013,30,1,-28000.0,demand,2026-09-11T10:47:01.192211+00:00
73c952ec-c841-4faf-bd95-4684cd7f2f5a,fUST,0.0001226,12,1,-162638.99392124,demand,2026-09-11T10:47:01.192211+00:00
73c952ec-c841-4faf-bd95-4684cd7f2f5a,fUST,0.0001225,59,1,-95000.0,demand,2026-09-11T10:47:01.192211+00:00
73c952ec-c841-4faf-bd95-4684cd7f2f5a,fUST,0.0001222,29,1,-194504.86890568,demand,2026-09-11T10:47:01.192211+00:00
73c952ec-c841-4faf-bd95-4684cd7f2f5a,fUST,0.0001202,19,1,-184532.71737778,demand,2026-09-11T10:47:01.192211+00:00
73c952ec-c841-4faf-bd95-4684cd7f2f5a,fUST,0.00012,120,1,-30000.0,demand,2026-09-11T10:47:01.192211+00:00
73c952ec-c841-4faf-bd95-4684cd7f2f5a,fUST,0.0001181,7,1,-67509.42928776,demand,2026-09-11T10:47:01.192211+00:00
73c952ec-c841-4faf-bd95-4684cd7f2f5a,fUST,0.000115,2,1,-113708.87307127,demand,2026-09-11T10:47:01.192211+00:00
73c952ec-c841-4faf-bd95-4684cd7f2f5a,fUST,0.00011011,2,1,-1390631.82656854,demand,2026-09-11T10:47:01.192211+00:00
73c952ec-c841-4faf-bd95-4684cd7f2f5a,fUST,0.0001101,2,3,-4366829.49373192,demand,2026-09-11T10:47:01.192211+00:00
73c952ec-c841-4faf-bd95-4684cd7f2f5a,fUST,0.000101,120,1,-293300.0,demand,2026-09-11T10:47:01.192211+00:00
73c952ec-c841-4faf-bd95-4684cd7f2f5a,fUST,0.0001,2,1,-1000.0,demand,2026-09-11T10:47:01.192211+00:00
73c952ec-c841-4faf-bd95-4684cd7f2f5a,fUST,0.0001,7,1,-1000.0,demand,2026-09-11T10:47:01.192211+00:00
73c952ec-c841-4faf-bd95-4684cd7f2f5a,fUST,0.00011674000000000002,2,9,4388.19113041,offer,2026-09-11T10:47:01.192211+00:00
73c952ec-c841-4faf-bd95-4684cd7f2f5a,fUST,0.000118,5,1,3019.86122943,offer,2026-09-11T10:47:01.192211+00:00
73c952ec-c841-4faf-bd95-4684cd7f2f5a,fUST,0.00012033000000000001,2,1,195.29450907,offer,2026-09-11T10:47:01.192211+00:00
73c952ec-c841-4faf-bd95-4684cd7f2f5a,fUST,0.00012034,2,15,4500.0,offer,2026-09-11T10:47:01.192211+00:00
73c952ec-c841-4faf-bd95-4684cd7f2f5a,fUST,0.00012274,2,1,600.0,offer,2026-09-11T10:47:01.192211+00:00
73c952ec-c841-4faf-bd95-4684cd7f2f5a,fUST,0.00013501,2,1,720.0,offer,2026-09-11T10:47:01.192211+00:00
73c952ec-c841-4faf-bd95-4684cd7f2f5a,fUST,0.00014851,2,1,864.0,offer,2026-09-11T10:47:01.192211+00:00
73c952ec-c841-4faf-bd95-4684cd7f2f5a,fUST,0.0001559822544,2,1,185.592865,offer,2026-09-11T10:47:01.192211+00:00
73c952ec-c841-4faf-bd95-4684cd7f2f5a,fUST,0.00016336,2,1,1000.0,offer,2026-09-11T10:47:01.192211+00:00
73c952ec-c841-4faf-bd95-4684cd7f2f5a,fUST,0.000169,2,10,10000.0,offer,2026-09-11T10:47:01.192211+00:00
73c952ec-c841-4faf-bd95-4684cd7f2f5a,fUST,0.0001711177353,2,1,164.590124,offer,2026-09-11T10:47:01.192211+00:00
73c952ec-c841-4faf-bd95-4684cd7f2f5a,fUST,0.0001797,2,2,1244.0,offer,2026-09-11T10:47:01.192211+00:00
73c952ec-c841-4faf-bd95-4684cd7f2f5a,fUST,0.00018,2,1,3533.9999473,offer,2026-09-11T10:47:01.192211+00:00
73c952ec-c841-4faf-bd95-4684cd7f2f5a,fUST,0.00018367463454832541,2,1,163.76,offer,2026-09-11T10:47:01.192211+00:00
73c952ec-c841-4faf-bd95-4684cd7f2f5a,fUST,0.00018566923630136987,2,2,324.09158043,offer,2026-09-11T10:47:01.192211+00:00
73c952ec-c841-4faf-bd95-4684cd7f2f5a,fUST,0.00018912595447808219,2,1,164.590124,offer,2026-09-11T10:47:01.192211+00:00
73c952ec-c841-4faf-bd95-4684cd7f2f5a,fUST,0.000192181,2,2,359.234,offer,2026-09-11T10:47:01.192211+00:00
73c952ec-c841-4faf-bd95-4684cd7f2f5a,fUST,0.00019390969178082192,2,2,648.18316087,offer,2026-09-11T10:47:01.192211+00:00
73c952ec-c841-4faf-bd95-4684cd7f2f5a,fUST,0.0001946,2,1,216.1,offer,2026-09-11T10:47:01.192211+00:00
73c952ec-c841-4faf-bd95-4684cd7f2f5a,fUST,0.000195079863,2,1,239.97,offer,2026-09-11T10:47:01.192211+00:00
73c952ec-c841-4faf-bd95-4684cd7f2f5a,fUST,0.00019599,2,1,352.27644496,offer,2026-09-11T10:47:01.192211+00:00
73c952ec-c841-4faf-bd95-4684cd7f2f5a,fUST,0.00019767,2,2,1492.0,offer,2026-09-11T10:47:01.192211+00:00
73c952ec-c841-4faf-bd95-4684cd7f2f5a,fUST,0.000198,3,1,10000.0,offer,2026-09-11T10:47:01.192211+00:00
73c952ec-c841-4faf-bd95-4684cd7f2f5a,fUST,0.00019879433207562762,2,1,163.76,offer,2026-09-11T10:47:01.192211+00:00
73c952ec-c841-4faf-bd95-4684cd7f2f5a,fUST,0.0001994033287671233,2,2,972.2747413,offer,2026-09-11T10:47:01.192211+00:00
d4873b20-de7a-451c-ab3a-51e6d6c11ca2,fUST,0.0002671232876712329,120,1,-4655822.05566686,demand,2026-09-11T11:47:01.177226+00:00
d4873b20-de7a-451c-ab3a-51e6d6c11ca2,fUST,0.00024474520547945207,60,1,-5077097.92207101,demand,2026-09-11T11:47:01.177226+00:00
d4873b20-de7a-451c-ab3a-51e6d6c11ca2,fUST,0.00024309315,120,1,-20000.0,demand,2026-09-11T11:47:01.177226+00:00
d4873b20-de7a-451c-ab3a-51e6d6c11ca2,fUST,0.00016,60,19,-119837.17280444,demand,2026-09-11T11:47:01.177226+00:00
d4873b20-de7a-451c-ab3a-51e6d6c11ca2,fUST,0.000152,60,1,-28000.0,demand,2026-09-11T11:47:01.177226+00:00
d4873b20-de7a-451c-ab3a-51e6d6c11ca2,fUST,0.00015,120,1,-300000.0,demand,2026-09-11T11:47:01.177226+00:00
d4873b20-de7a-451c-ab3a-51e6d6c11ca2,fUST,0.00015,45,23,-138845.272985,demand,2026-09-11T11:47:01.177226+00:00
d4873b20-de7a-451c-ab3a-51e6d6c11ca2,fUST,0.00015,30,4,-20000.0,demand,2026-09-11T11:47:01.177226+00:00
d4873b20-de7a-451c-ab3a-51e6d6c11ca2,fUST,0.0001421,45,1,-10000.0,demand,2026-09-11T11:47:01.177226+00:00
d4873b20-de7a-451c-ab3a-51e6d6c11ca2,fUST,0.000142,45,2,-20000.0,demand,2026-09-11T11:47:01.177226+00:00
d4873b20-de7a-451c-ab3a-51e6d6c11ca2,fUST,0.0001361,30,14,-48871.41107403,demand,2026-09-11T11:47:01.177226+00:00
d4873b20-de7a-451c-ab3a-51e6d6c11ca2,fUST,0.000136,30,2,-14544.22120933,demand,2026-09-11T11:47:01.177226+00:00
d4873b20-de7a-451c-ab3a-51e6d6c11ca2,fUST,0.00013,30,1,-28000.0,demand,2026-09-11T11:47:01.177226+00:00
d4873b20-de7a-451c-ab3a-51e6d6c11ca2,fUST,0.0001226,12,1,-162638.99392124,demand,2026-09-11T11:47:01.177226+00:00
d4873b20-de7a-451c-ab3a-51e6d6c11ca2,fUST,0.0001225,59,1,-95000.0,demand,2026-09-11T11:47:01.177226+00:00
d4873b20-de7a-451c-ab3a-51e6d6c11ca2,fUST,0.0001222,29,1,-194504.86890568,demand,2026-09-11T11:47:01.177226+00:00
d4873b20-de7a-451c-ab3a-51e6d6c11ca2,fUST,0.0001202,19,1,-184532.71737778,demand,2026-09-11T11:47:01.177226+00:00
d4873b20-de7a-451c-ab3a-51e6d6c11ca2,fUST,0.00012,120,1,-30000.0,demand,2026-09-11T11:47:01.177226+00:00
d4873b20-de7a-451c-ab3a-51e6d6c11ca2,fUST,0.0001181,7,1,-67509.42928776,demand,2026-09-11T11:47:01.177226+00:00
d4873b20-de7a-451c-ab3a-51e6d6c11ca2,fUST,0.000115,2,1,-63708.87307127,demand,2026-09-11T11:47:01.177226+00:00
d4873b20-de7a-451c-ab3a-51e6d6c11ca2,fUST,0.00011011,2,1,-1390631.82656854,demand,2026-09-11T11:47:01.177226+00:00
d4873b20-de7a-451c-ab3a-51e6d6c11ca2,fUST,0.0001101,2,3,-4366829.49373192,demand,2026-09-11T11:47:01.177226+00:00
d4873b20-de7a-451c-ab3a-51e6d6c11ca2,fUST,0.000101,120,1,-293300.0,demand,2026-09-11T11:47:01.177226+00:00
d4873b20-de7a-451c-ab3a-51e6d6c11ca2,fUST,0.0001,2,1,-1000.0,demand,2026-09-11T11:47:01.177226+00:00
d4873b20-de7a-451c-ab3a-51e6d6c11ca2,fUST,0.0001,7,1,-1000.0,demand,2026-09-11T11:47:01.177226+00:00
d4873b20-de7a-451c-ab3a-51e6d6c11ca2,fUST,0.00016333000000000002,2,8,3790.3087834,offer,2026-09-11T11:47:01.177226+00:00
d4873b20-de7a-451c-ab3a-51e6d6c11ca2,fUST,0.00016334000000000002,2,1,280.53722876,offer,2026-09-11T11:47:01.177226+00:00
d4873b20-de7a-451c-ab3a-51e6d6c11ca2,fUST,0.00016335,12,1,5000.0,offer,2026-09-11T11:47:01.177226+00:00
d4873b20-de7a-451c-ab3a-51e6d6c11ca2,fUST,0.0001701013698630137,2,9,116625.15147732,offer,2026-09-11T11:47:01.177226+00:00
d4873b20-de7a-451c-ab3a-51e6d6c11ca2,fUST,0.0001858117294520548,2,2,353.46469829,offer,2026-09-11T11:47:01.177226+00:00
d4873b20-de7a-451c-ab3a-51e6d6c11ca2,fUST,0.000188863852,2,1,194.84,offer,2026-09-11T11:47:01.177226+00:00
d4873b20-de7a-451c-ab3a-51e6d6c11ca2,fUST,0.00019178,2,2,450.0,offer,2026-09-11T11:47:01.177226+00:00
d4873b20-de7a-451c-ab3a-51e6d6c11ca2,fUST,0.00019376,2,1,500.0,offer,2026-09-11T11:47:01.177226+00:00
d4873b20-de7a-451c-ab3a-51e6d6c11ca2,fUST,0.00019405736301369864,2,2,706.92939659,offer,2026-09-11T11:47:01.177226+00:00
d4873b20-de7a-451c-ab3a-51e6d6c11ca2,fUST,0.00019606,2,1,204.698,offer,2026-09-11T11:47:01.177226+00:00
d4873b20-de7a-451c-ab3a-51e6d6c11ca2,fUST,0.00019725,2,4,650.0,offer,2026-09-11T11:47:01.177226+00:00
d4873b20-de7a-451c-ab3a-51e6d6c11ca2,fUST,0.00019726,3,5,914.15373575,offer,2026-09-11T11:47:01.177226+00:00
d4873b20-de7a-451c-ab3a-51e6d6c11ca2,fUST,0.000197559,2,1,188.0,offer,2026-09-11T11:47:01.177226+00:00
d4873b20-de7a-451c-ab3a-51e6d6c11ca2,fUST,0.00019955445205479454,2,2,1060.39409488,offer,2026-09-11T11:47:01.177226+00:00
d4873b20-de7a-451c-ab3a-51e6d6c11ca2,fUST,0.00019985,2,2,801.0057622,offer,2026-09-11T11:47:01.177226+00:00
d4873b20-de7a-451c-ab3a-51e6d6c11ca2,fUST,0.000199870006,2,2,326.99980211,offer,2026-09-11T11:47:01.177226+00:00
d4873b20-de7a-451c-ab3a-51e6d6c11ca2,fUST,0.00019989,3,3,1116.44,offer,2026-09-11T11:47:01.177226+00:00
d4873b20-de7a-451c-ab3a-51e6d6c11ca2,fUST,0.00019997,2,1,500.0,offer,2026-09-11T11:47:01.177226+00:00
d4873b20-de7a-451c-ab3a-51e6d6c11ca2,fUST,0.00019998,2,4,1747.308475,offer,2026-09-11T11:47:01.177226+00:00
d4873b20-de7a-451c-ab3a-51e6d6c11ca2,fUST,0.00019998,3,1,300.0,offer,2026-09-11T11:47:01.177226+00:00
d4873b20-de7a-451c-ab3a-51e6d6c11ca2,fUST,0.00019999,2,9,3242175.78290423,offer,2026-09-11T11:47:01.177226+00:00
d4873b20-de7a-451c-ab3a-51e6d6c11ca2,fUST,0.00019999,11,1,263.93066208,offer,2026-09-11T11:47:01.177226+00:00
d4873b20-de7a-451c-ab3a-51e6d6c11ca2,fUST,0.0001999901,2,1,2716.14,offer,2026-09-11T11:47:01.177226+00:00
d4873b20-de7a-451c-ab3a-51e6d6c11ca2,fUST,0.0002,3,1,487.90340494,offer,2026-09-11T11:47:01.177226+00:00
d4873b20-de7a-451c-ab3a-51e6d6c11ca2,fUST,0.0002,5,3,9721.76225795,offer,2026-09-11T11:47:01.177226+00:00
b3338b07-6f51-4021-b7c0-e9f30ec491ce,fUST,0.0002671232876712329,120,1,-4644386.70404821,demand,2026-09-11T12:47:01.153325+00:00
b3338b07-6f51-4021-b7c0-e9f30ec491ce,fUST,0.00024385753424657533,60,1,-5076169.2595727,demand,2026-09-11T12:47:01.153325+00:00
b3338b07-6f51-4021-b7c0-e9f30ec491ce,fUST,0.00024309315,120,1,-20000.0,demand,2026-09-11T12:47:01.153325+00:00
b3338b07-6f51-4021-b7c0-e9f30ec491ce,fUST,0.00016,60,19,-119837.17280444,demand,2026-09-11T12:47:01.153325+00:00
b3338b07-6f51-4021-b7c0-e9f30ec491ce,fUST,0.000155,2,1,-150.0,demand,2026-09-11T12:47:01.153325+00:00
b3338b07-6f51-4021-b7c0-e9f30ec491ce,fUST,0.000152,60,1,-28000.0,demand,2026-09-11T12:47:01.153325+00:00
b3338b07-6f51-4021-b7c0-e9f30ec491ce,fUST,0.00015,120,1,-300000.0,demand,2026-09-11T12:47:01.153325+00:00
b3338b07-6f51-4021-b7c0-e9f30ec491ce,fUST,0.00015,45,23,-138845.272985,demand,2026-09-11T12:47:01.153325+00:00
b3338b07-6f51-4021-b7c0-e9f30ec491ce,fUST,0.00015,30,4,-20000.0,demand,2026-09-11T12:47:01.153325+00:00
b3338b07-6f51-4021-b7c0-e9f30ec491ce,fUST,0.0001421,45,1,-10000.0,demand,2026-09-11T12:47:01.153325+00:00
b3338b07-6f51-4021-b7c0-e9f30ec491ce,fUST,0.000142,45,2,-20000.0,demand,2026-09-11T12:47:01.153325+00:00
b3338b07-6f51-4021-b7c0-e9f30ec491ce,fUST,0.0001361,30,14,-48871.41107403,demand,2026-09-11T12:47:01.153325+00:00
b3338b07-6f51-4021-b7c0-e9f30ec491ce,fUST,0.000136,30,2,-14544.22120933,demand,2026-09-11T12:47:01.153325+00:00
b3338b07-6f51-4021-b7c0-e9f30ec491ce,fUST,0.000135,2,1,-150.0,demand,2026-09-11T12:47:01.153325+00:00
b3338b07-6f51-4021-b7c0-e9f30ec491ce,fUST,0.000131,2,4,-4000.0,demand,2026-09-11T12:47:01.153325+00:00
b3338b07-6f51-4021-b7c0-e9f30ec491ce,fUST,0.00013,30,1,-28000.0,demand,2026-09-11T12:47:01.153325+00:00
b3338b07-6f51-4021-b7c0-e9f30ec491ce,fUST,0.0001226,12,1,-162638.99392124,demand,2026-09-11T12:47:01.153325+00:00
b3338b07-6f51-4021-b7c0-e9f30ec491ce,fUST,0.0001225,59,1,-95000.0,demand,2026-09-11T12:47:01.153325+00:00
b3338b07-6f51-4021-b7c0-e9f30ec491ce,fUST,0.0001222,29,1,-194504.86890568,demand,2026-09-11T12:47:01.153325+00:00
b3338b07-6f51-4021-b7c0-e9f30ec491ce,fUST,0.0001202,19,1,-184532.71737778,demand,2026-09-11T12:47:01.153325+00:00
b3338b07-6f51-4021-b7c0-e9f30ec491ce,fUST,0.00012,120,1,-30000.0,demand,2026-09-11T12:47:01.153325+00:00
b3338b07-6f51-4021-b7c0-e9f30ec491ce,fUST,0.0001181,7,1,-97509.42928776,demand,2026-09-11T12:47:01.153325+00:00
b3338b07-6f51-4021-b7c0-e9f30ec491ce,fUST,0.000115,2,1,-63708.87307127,demand,2026-09-11T12:47:01.153325+00:00
b3338b07-6f51-4021-b7c0-e9f30ec491ce,fUST,0.00011011,2,1,-1390631.82656854,demand,2026-09-11T12:47:01.153325+00:00
b3338b07-6f51-4021-b7c0-e9f30ec491ce,fUST,0.0001101,2,3,-4366829.49373192,demand,2026-09-11T12:47:01.153325+00:00
b3338b07-6f51-4021-b7c0-e9f30ec491ce,fUST,0.00013125000000000005,2,20,10017.1921196,offer,2026-09-11T12:47:01.153325+00:00
b3338b07-6f51-4021-b7c0-e9f30ec491ce,fUST,0.00013401,7,1,532.22998558,offer,2026-09-11T12:47:01.153325+00:00
b3338b07-6f51-4021-b7c0-e9f30ec491ce,fUST,0.0001366902,7,1,532.22998558,offer,2026-09-11T12:47:01.153325+00:00
b3338b07-6f51-4021-b7c0-e9f30ec491ce,fUST,0.0001385148,2,1,2757.2260785,offer,2026-09-11T12:47:01.153325+00:00
b3338b07-6f51-4021-b7c0-e9f30ec491ce,fUST,0.0001406179152,2,1,181.1717233,offer,2026-09-11T12:47:01.153325+00:00
b3338b07-6f51-4021-b7c0-e9f30ec491ce,fUST,0.0001407105,7,1,532.22998558,offer,2026-09-11T12:47:01.153325+00:00
b3338b07-6f51-4021-b7c0-e9f30ec491ce,fUST,0.0001429135,2,1,432.7145811,offer,2026-09-11T12:47:01.153325+00:00
b3338b07-6f51-4021-b7c0-e9f30ec491ce,fUST,0.0001447308,7,1,532.22998558,offer,2026-09-11T12:47:01.153325+00:00
b3338b07-6f51-4021-b7c0-e9f30ec491ce,fUST,0.000146583,2,1,1371.846393,offer,2026-09-11T12:47:01.153325+00:00
b3338b07-6f51-4021-b7c0-e9f30ec491ce,fUST,0.00015009120000000002,7,1,532.22998561,offer,2026-09-11T12:47:01.153325+00:00
b3338b07-6f51-4021-b7c0-e9f30ec491ce,fUST,0.00015390825345595882,2,1,983.50517379,offer,2026-09-11T12:47:01.153325+00:00
b3338b07-6f51-4021-b7c0-e9f30ec491ce,fUST,0.000155,2,3,12373.99,offer,2026-09-11T12:47:01.153325+00:00
b3338b07-6f51-4021-b7c0-e9f30ec491ce,fUST,0.0001578854,2,1,496.3232166,offer,2026-09-11T12:47:01.153325+00:00
b3338b07-6f51-4021-b7c0-e9f30ec491ce,fUST,0.00016999,2,1,500.0,offer,2026-09-11T12:47:01.153325+00:00
b3338b07-6f51-4021-b7c0-e9f30ec491ce,fUST,0.00017,2,1,9701.73013164,offer,2026-09-11T12:47:01.153325+00:00
b3338b07-6f51-4021-b7c0-e9f30ec491ce,fUST,0.0001761987546,2,1,858.375032,offer,2026-09-11T12:47:01.153325+00:00
b3338b07-6f51-4021-b7c0-e9f30ec491ce,fUST,0.000179991,2,1,5000.0,offer,2026-09-11T12:47:01.153325+00:00
b3338b07-6f51-4021-b7c0-e9f30ec491ce,fUST,0.0001836160148739726,2,1,858.375032,offer,2026-09-11T12:47:01.153325+00:00
b3338b07-6f51-4021-b7c0-e9f30ec491ce,fUST,0.0001861959520547945,2,1,196.08685489,offer,2026-09-11T12:47:01.153325+00:00
b3338b07-6f51-4021-b7c0-e9f30ec491ce,fUST,0.0001910332751479452,2,1,858.375032,offer,2026-09-11T12:47:01.153325+00:00
b3338b07-6f51-4021-b7c0-e9f30ec491ce,fUST,0.0001944555479452055,2,1,392.17370978,offer,2026-09-11T12:47:01.153325+00:00
b3338b07-6f51-4021-b7c0-e9f30ec491ce,fUST,0.00019721,2,1,239.88051282,offer,2026-09-11T12:47:01.153325+00:00
b3338b07-6f51-4021-b7c0-e9f30ec491ce,fUST,0.00019724,2,1,500.0,offer,2026-09-11T12:47:01.153325+00:00
b3338b07-6f51-4021-b7c0-e9f30ec491ce,fUST,0.00019834156447695594,2,1,12045.85902878,offer,2026-09-11T12:47:01.153325+00:00
b3338b07-6f51-4021-b7c0-e9f30ec491ce,fUST,0.00019845053542191782,2,2,5893.48837492,offer,2026-09-11T12:47:01.153325+00:00
6266dda4-65c8-4ceb-aec4-6c1066ae6adc,fUST,0.0002671232876712329,120,1,-4639815.78675221,demand,2026-09-11T13:47:01.191114+00:00
6266dda4-65c8-4ceb-aec4-6c1066ae6adc,fUST,0.00024406575342465753,60,1,-5076169.2595727,demand,2026-09-11T13:47:01.191114+00:00
6266dda4-65c8-4ceb-aec4-6c1066ae6adc,fUST,0.00024309315,120,1,-20000.0,demand,2026-09-11T13:47:01.191114+00:00
6266dda4-65c8-4ceb-aec4-6c1066ae6adc,fUST,0.00016,60,19,-119837.17280444,demand,2026-09-11T13:47:01.191114+00:00
6266dda4-65c8-4ceb-aec4-6c1066ae6adc,fUST,0.000152,60,1,-28000.0,demand,2026-09-11T13:47:01.191114+00:00
6266dda4-65c8-4ceb-aec4-6c1066ae6adc,fUST,0.00015,120,1,-300000.0,demand,2026-09-11T13:47:01.191114+00:00
6266dda4-65c8-4ceb-aec4-6c1066ae6adc,fUST,0.00015,45,23,-138845.272985,demand,2026-09-11T13:47:01.191114+00:00
6266dda4-65c8-4ceb-aec4-6c1066ae6adc,fUST,0.00015,30,4,-20000.0,demand,2026-09-11T13:47:01.191114+00:00
6266dda4-65c8-4ceb-aec4-6c1066ae6adc,fUST,0.0001421,45,1,-10000.0,demand,2026-09-11T13:47:01.191114+00:00
6266dda4-65c8-4ceb-aec4-6c1066ae6adc,fUST,0.000142,45,2,-20000.0,demand,2026-09-11T13:47:01.191114+00:00
6266dda4-65c8-4ceb-aec4-6c1066ae6adc,fUST,0.0001361,30,14,-48871.41107403,demand,2026-09-11T13:47:01.191114+00:00
6266dda4-65c8-4ceb-aec4-6c1066ae6adc,fUST,0.000136,30,2,-14544.22120933,demand,2026-09-11T13:47:01.191114+00:00
6266dda4-65c8-4ceb-aec4-6c1066ae6adc,fUST,0.000135,2,1,-150.0,demand,2026-09-11T13:47:01.191114+00:00
6266dda4-65c8-4ceb-aec4-6c1066ae6adc,fUST,0.00013,30,1,-28000.0,demand,2026-09-11T13:47:01.191114+00:00
6266dda4-65c8-4ceb-aec4-6c1066ae6adc,fUST,0.0001274,12,1,-4565.48125411,demand,2026-09-11T13:47:01.191114+00:00
6266dda4-65c8-4ceb-aec4-6c1066ae6adc,fUST,0.0001226,12,1,-162638.99392124,demand,2026-09-11T13:47:01.191114+00:00
6266dda4-65c8-4ceb-aec4-6c1066ae6adc,fUST,0.0001225,59,1,-95000.0,demand,2026-09-11T13:47:01.191114+00:00
6266dda4-65c8-4ceb-aec4-6c1066ae6adc,fUST,0.0001222,29,1,-194504.86890568,demand,2026-09-11T13:47:01.191114+00:00
6266dda4-65c8-4ceb-aec4-6c1066ae6adc,fUST,0.0001202,19,1,-184532.71737778,demand,2026-09-11T13:47:01.191114+00:00
6266dda4-65c8-4ceb-aec4-6c1066ae6adc,fUST,0.00012,120,1,-30000.0,demand,2026-09-11T13:47:01.191114+00:00
6266dda4-65c8-4ceb-aec4-6c1066ae6adc,fUST,0.0001181,7,1,-97509.42928776,demand,2026-09-11T13:47:01.191114+00:00
6266dda4-65c8-4ceb-aec4-6c1066ae6adc,fUST,0.000115,2,1,-63708.87307127,demand,2026-09-11T13:47:01.191114+00:00
6266dda4-65c8-4ceb-aec4-6c1066ae6adc,fUST,0.00011011,2,1,-1390631.82656854,demand,2026-09-11T13:47:01.191114+00:00
6266dda4-65c8-4ceb-aec4-6c1066ae6adc,fUST,0.0001101,2,3,-4366829.49373192,demand,2026-09-11T13:47:01.191114+00:00
6266dda4-65c8-4ceb-aec4-6c1066ae6adc,fUST,0.000101,120,1,-293300.0,demand,2026-09-11T13:47:01.191114+00:00
6266dda4-65c8-4ceb-aec4-6c1066ae6adc,fUST,0.00012737000000000002,2,10,4923.98354421,offer,2026-09-11T13:47:01.191114+00:00
6266dda4-65c8-4ceb-aec4-6c1066ae6adc,fUST,0.00012738082191780822,2,1,9527.47739677,offer,2026-09-11T13:47:01.191114+00:00
6266dda4-65c8-4ceb-aec4-6c1066ae6adc,fUST,0.00013,2,1,1317.05106736,offer,2026-09-11T13:47:01.191114+00:00
6266dda4-65c8-4ceb-aec4-6c1066ae6adc,fUST,0.00013365205479452054,14,1,215.48353415,offer,2026-09-11T13:47:01.191114+00:00
6266dda4-65c8-4ceb-aec4-6c1066ae6adc,fUST,0.000135,2,1,5000.0,offer,2026-09-11T13:47:01.191114+00:00
6266dda4-65c8-4ceb-aec4-6c1066ae6adc,fUST,0.0001672117,2,1,852.667441,offer,2026-09-11T13:47:01.191114+00:00
6266dda4-65c8-4ceb-aec4-6c1066ae6adc,fUST,0.0001845109,2,1,172.90025,offer,2026-09-11T13:47:01.191114+00:00
6266dda4-65c8-4ceb-aec4-6c1066ae6adc,fUST,0.000188,2,1,526.34137195,offer,2026-09-11T13:47:01.191114+00:00
6266dda4-65c8-4ceb-aec4-6c1066ae6adc,fUST,0.000188547714,7,1,184.77792338,offer,2026-09-11T13:47:01.191114+00:00
6266dda4-65c8-4ceb-aec4-6c1066ae6adc,fUST,0.00019367236301369862,2,1,165.40125126,offer,2026-09-11T13:47:01.191114+00:00
6266dda4-65c8-4ceb-aec4-6c1066ae6adc,fUST,0.00019899,2,1,674.22869541,offer,2026-09-11T13:47:01.191114+00:00
6266dda4-65c8-4ceb-aec4-6c1066ae6adc,fUST,0.00019916045205479451,2,8,1900.69541401,offer,2026-09-11T13:47:01.191114+00:00
6266dda4-65c8-4ceb-aec4-6c1066ae6adc,fUST,0.00019930887671232875,2,2,392.29271614,offer,2026-09-11T13:47:01.191114+00:00
6266dda4-65c8-4ceb-aec4-6c1066ae6adc,fUST,0.000199638756,7,1,277.1668851,offer,2026-09-11T13:47:01.191114+00:00
6266dda4-65c8-4ceb-aec4-6c1066ae6adc,fUST,0.00019989,3,3,981.37,offer,2026-09-11T13:47:01.191114+00:00
6266dda4-65c8-4ceb-aec4-6c1066ae6adc,fUST,0.00019998,2,11,18909.04331131,offer,2026-09-11T13:47:01.191114+00:00
6266dda4-65c8-4ceb-aec4-6c1066ae6adc,fUST,0.00019999,2,25,313623.73984355,offer,2026-09-11T13:47:01.191114+00:00
6266dda4-65c8-4ceb-aec4-6c1066ae6adc,fUST,0.0002,10,2,75075.56187173,offer,2026-09-11T13:47:01.191114+00:00
6266dda4-65c8-4ceb-aec4-6c1066ae6adc,fUST,0.00020013,2,1,276.872,offer,2026-09-11T13:47:01.191114+00:00
6266dda4-65c8-4ceb-aec4-6c1066ae6adc,fUST,0.00020281,2,1,4921.77,offer,2026-09-11T13:47:01.191114+00:00
6266dda4-65c8-4ceb-aec4-6c1066ae6adc,fUST,0.00020281917808219179,2,11,4280.60385829,offer,2026-09-11T13:47:01.191114+00:00
6266dda4-65c8-4ceb-aec4-6c1066ae6adc,fUST,0.00020296986301369862,2,1,439.53475173,offer,2026-09-11T13:47:01.191114+00:00
6266dda4-65c8-4ceb-aec4-6c1066ae6adc,fUST,0.00020712328767123287,3,1,283.0,offer,2026-09-11T13:47:01.191114+00:00
6266dda4-65c8-4ceb-aec4-6c1066ae6adc,fUST,0.000207928,2,2,639.0,offer,2026-09-11T13:47:01.191114+00:00
6266dda4-65c8-4ceb-aec4-6c1066ae6adc,fUST,0.0002082327127518632,2,1,221.25616061,offer,2026-09-11T13:47:01.191114+00:00
cea84799-caed-473b-8be1-5a56b0bb2e36,fUST,0.0002671232876712329,120,1,-4638193.86719454,demand,2026-09-11T14:47:01.158548+00:00
cea84799-caed-473b-8be1-5a56b0bb2e36,fUST,0.00024405753424657534,60,1,-5075028.53081516,demand,2026-09-11T14:47:01.158548+00:00
cea84799-caed-473b-8be1-5a56b0bb2e36,fUST,0.00024309315,120,1,-20000.0,demand,2026-09-11T14:47:01.158548+00:00
cea84799-caed-473b-8be1-5a56b0bb2e36,fUST,0.00016,60,19,-119484.48298844,demand,2026-09-11T14:47:01.158548+00:00
cea84799-caed-473b-8be1-5a56b0bb2e36,fUST,0.000152,60,1,-28000.0,demand,2026-09-11T14:47:01.158548+00:00
cea84799-caed-473b-8be1-5a56b0bb2e36,fUST,0.00015,120,1,-300000.0,demand,2026-09-11T14:47:01.158548+00:00
cea84799-caed-473b-8be1-5a56b0bb2e36,fUST,0.00015,45,23,-138668.928077,demand,2026-09-11T14:47:01.158548+00:00
cea84799-caed-473b-8be1-5a56b0bb2e36,fUST,0.00015,30,4,-17993.74,demand,2026-09-11T14:47:01.158548+00:00
cea84799-caed-473b-8be1-5a56b0bb2e36,fUST,0.0001421,45,1,-10000.0,demand,2026-09-11T14:47:01.158548+00:00
cea84799-caed-473b-8be1-5a56b0bb2e36,fUST,0.000142,45,2,-20000.0,demand,2026-09-11T14:47:01.158548+00:00
cea84799-caed-473b-8be1-5a56b0bb2e36,fUST,0.0001361,30,14,-48871.41107403,demand,2026-09-11T14:47:01.158548+00:00
cea84799-caed-473b-8be1-5a56b0bb2e36,fUST,0.000136,30,2,-14544.22120933,demand,2026-09-11T14:47:01.158548+00:00
cea84799-caed-473b-8be1-5a56b0bb2e36,fUST,0.00013,30,1,-28000.0,demand,2026-09-11T14:47:01.158548+00:00
cea84799-caed-473b-8be1-5a56b0bb2e36,fUST,0.0001226,12,1,-135216.16709793,demand,2026-09-11T14:47:01.158548+00:00
cea84799-caed-473b-8be1-5a56b0bb2e36,fUST,0.0001225,59,1,-95000.0,demand,2026-09-11T14:47:01.158548+00:00
cea84799-caed-473b-8be1-5a56b0bb2e36,fUST,0.0001222,29,1,-194504.86890568,demand,2026-09-11T14:47:01.158548+00:00
cea84799-caed-473b-8be1-5a56b0bb2e36,fUST,0.0001202,19,1,-184532.71737778,demand,2026-09-11T14:47:01.158548+00:00
cea84799-caed-473b-8be1-5a56b0bb2e36,fUST,0.00012,120,1,-30000.0,demand,2026-09-11T14:47:01.158548+00:00
cea84799-caed-473b-8be1-5a56b0bb2e36,fUST,0.0001181,7,1,-95363.40872015,demand,2026-09-11T14:47:01.158548+00:00
cea84799-caed-473b-8be1-5a56b0bb2e36,fUST,0.00011011,2,1,-1342449.94271346,demand,2026-09-11T14:47:01.158548+00:00
cea84799-caed-473b-8be1-5a56b0bb2e36,fUST,0.0001101,2,3,-4366829.49373192,demand,2026-09-11T14:47:01.158548+00:00
cea84799-caed-473b-8be1-5a56b0bb2e36,fUST,0.000101,120,1,-293300.0,demand,2026-09-11T14:47:01.158548+00:00
cea84799-caed-473b-8be1-5a56b0bb2e36,fUST,0.0001,2,1,-1000.0,demand,2026-09-11T14:47:01.158548+00:00
cea84799-caed-473b-8be1-5a56b0bb2e36,fUST,0.0001,7,1,-1000.0,demand,2026-09-11T14:47:01.158548+00:00
cea84799-caed-473b-8be1-5a56b0bb2e36,fUST,0.0001,14,1,-1000.0,demand,2026-09-11T14:47:01.158548+00:00
cea84799-caed-473b-8be1-5a56b0bb2e36,fUST,0.00011143,2,1,127.12006889,offer,2026-09-11T14:47:01.158548+00:00
cea84799-caed-473b-8be1-5a56b0bb2e36,fUST,0.00011256,2,1,79.3978245,offer,2026-09-11T14:47:01.158548+00:00
cea84799-caed-473b-8be1-5a56b0bb2e36,fUST,0.00011367863013698631,2,89,43400.17329882,offer,2026-09-11T14:47:01.158548+00:00
cea84799-caed-473b-8be1-5a56b0bb2e36,fUST,0.0001136986301369863,2,12,226166.63456517,offer,2026-09-11T14:47:01.158548+00:00
cea84799-caed-473b-8be1-5a56b0bb2e36,fUST,0.00011369876712328768,2,1,432.8360347,offer,2026-09-11T14:47:01.158548+00:00
cea84799-caed-473b-8be1-5a56b0bb2e36,fUST,0.0001137095890410959,2,9,98021.88417715,offer,2026-09-11T14:47:01.158548+00:00
cea84799-caed-473b-8be1-5a56b0bb2e36,fUST,0.00011372876712328767,2,1,10036.84156155,offer,2026-09-11T14:47:01.158548+00:00
cea84799-caed-473b-8be1-5a56b0bb2e36,fUST,0.0001151371,2,1,2127.5801342,offer,2026-09-11T14:47:01.158548+00:00
cea84799-caed-473b-8be1-5a56b0bb2e36,fUST,0.0001171578,2,1,640.8728194,offer,2026-09-11T14:47:01.158548+00:00
cea84799-caed-473b-8be1-5a56b0bb2e36,fUST,0.0001178245,2,1,331.7757182,offer,2026-09-11T14:47:01.158548+00:00
cea84799-caed-473b-8be1-5a56b0bb2e36,fUST,0.000118085688,2,1,176.344908,offer,2026-09-11T14:47:01.158548+00:00
cea84799-caed-473b-8be1-5a56b0bb2e36,fUST,0.00011885,7,1,293.35615925,offer,2026-09-11T14:47:01.158548+00:00
cea84799-caed-473b-8be1-5a56b0bb2e36,fUST,0.00012122700000000001,7,1,293.35615925,offer,2026-09-11T14:47:01.158548+00:00
cea84799-caed-473b-8be1-5a56b0bb2e36,fUST,0.0001232876712328767,2,12,5589.92,offer,2026-09-11T14:47:01.158548+00:00
cea84799-caed-473b-8be1-5a56b0bb2e36,fUST,0.00012479250000000002,7,1,293.35615925,offer,2026-09-11T14:47:01.158548+00:00
cea84799-caed-473b-8be1-5a56b0bb2e36,fUST,0.000125,2,1,150.0,offer,2026-09-11T14:47:01.158548+00:00
cea84799-caed-473b-8be1-5a56b0bb2e36,fUST,0.00012835800000000002,7,2,525.65504113,offer,2026-09-11T14:47:01.158548+00:00
cea84799-caed-473b-8be1-5a56b0bb2e36,fUST,0.000133112,7,1,293.35615929,offer,2026-09-11T14:47:01.158548+00:00
cea84799-caed-473b-8be1-5a56b0bb2e36,fUST,0.0001334365,2,1,192.9,offer,2026-09-11T14:47:01.158548+00:00
cea84799-caed-473b-8be1-5a56b0bb2e36,fUST,0.0001353746,2,1,556.2766559,offer,2026-09-11T14:47:01.158548+00:00
cea84799-caed-473b-8be1-5a56b0bb2e36,fUST,0.00013698,2,14,7370.37274053,offer,2026-09-11T14:47:01.158548+00:00
cea84799-caed-473b-8be1-5a56b0bb2e36,fUST,0.000136986301369863,2,2,1957.9838776,offer,2026-09-11T14:47:01.158548+00:00
cea84799-caed-473b-8be1-5a56b0bb2e36,fUST,0.000137,2,1,150.0,offer,2026-09-11T14:47:01.158548+00:00
cea84799-caed-473b-8be1-5a56b0bb2e36,fUST,0.00014998,2,1,500.0,offer,2026-09-11T14:47:01.158548+00:00
cea84799-caed-473b-8be1-5a56b0bb2e36,fUST,0.00014999,2,5,2345.87432383,offer,2026-09-11T14:47:01.158548+00:00
496791e4-38bd-4f2a-aa5e-729b4614c795,fUST,0.0002671232876712329,120,1,-4568529.02796884,demand,2026-09-11T15:47:01.441966+00:00
496791e4-38bd-4f2a-aa5e-729b4614c795,fUST,0.0002437178082191781,60,1,-5074638.55877663,demand,2026-09-11T15:47:01.441966+00:00
496791e4-38bd-4f2a-aa5e-729b4614c795,fUST,0.00024309315,120,1,-20000.0,demand,2026-09-11T15:47:01.441966+00:00
496791e4-38bd-4f2a-aa5e-729b4614c795,fUST,0.00016,60,19,-119484.48298844,demand,2026-09-11T15:47:01.441966+00:00
496791e4-38bd-4f2a-aa5e-729b4614c795,fUST,0.000152,60,1,-28000.0,demand,2026-09-11T15:47:01.441966+00:00
496791e4-38bd-4f2a-aa5e-729b4614c795,fUST,0.00015,120,1,-300000.0,demand,2026-09-11T15:47:01.441966+00:00
496791e4-38bd-4f2a-aa5e-729b4614c795,fUST,0.00015,45,23,-138668.928077,demand,2026-09-11T15:47:01.441966+00:00
496791e4-38bd-4f2a-aa5e-729b4614c795,fUST,0.00015,30,4,-17993.74,demand,2026-09-11T15:47:01.441966+00:00
496791e4-38bd-4f2a-aa5e-729b4614c795,fUST,0.0001421,45,1,-10000.0,demand,2026-09-11T15:47:01.441966+00:00
496791e4-38bd-4f2a-aa5e-729b4614c795,fUST,0.000142,45,2,-20000.0,demand,2026-09-11T15:47:01.441966+00:00
496791e4-38bd-4f2a-aa5e-729b4614c795,fUST,0.0001361,30,14,-48871.41107403,demand,2026-09-11T15:47:01.441966+00:00
496791e4-38bd-4f2a-aa5e-729b4614c795,fUST,0.000136,30,2,-14544.22120933,demand,2026-09-11T15:47:01.441966+00:00
496791e4-38bd-4f2a-aa5e-729b4614c795,fUST,0.00013,30,1,-28000.0,demand,2026-09-11T15:47:01.441966+00:00
496791e4-38bd-4f2a-aa5e-729b4614c795,fUST,0.0001226,12,1,-135216.16709793,demand,2026-09-11T15:47:01.441966+00:00
496791e4-38bd-4f2a-aa5e-729b4614c795,fUST,0.0001225,59,1,-95000.0,demand,2026-09-11T15:47:01.441966+00:00
496791e4-38bd-4f2a-aa5e-729b4614c795,fUST,0.0001222,29,1,-194504.86890568,demand,2026-09-11T15:47:01.441966+00:00
496791e4-38bd-4f2a-aa5e-729b4614c795,fUST,0.0001202,19,1,-184532.71737778,demand,2026-09-11T15:47:01.441966+00:00
496791e4-38bd-4f2a-aa5e-729b4614c795,fUST,0.00012,120,1,-30000.0,demand,2026-09-11T15:47:01.441966+00:00
496791e4-38bd-4f2a-aa5e-729b4614c795,fUST,0.0001181,7,1,-85693.54064663,demand,2026-09-11T15:47:01.441966+00:00
496791e4-38bd-4f2a-aa5e-729b4614c795,fUST,0.00011128,2,1,-17500.42654093,demand,2026-09-11T15:47:01.441966+00:00
496791e4-38bd-4f2a-aa5e-729b4614c795,fUST,0.00011011,2,1,-1216744.26255711,demand,2026-09-11T15:47:01.441966+00:00
496791e4-38bd-4f2a-aa5e-729b4614c795,fUST,0.0001101,2,3,-4366829.49373192,demand,2026-09-11T15:47:01.441966+00:00
496791e4-38bd-4f2a-aa5e-729b4614c795,fUST,0.000101,120,1,-293300.0,demand,2026-09-11T15:47:01.441966+00:00
496791e4-38bd-4f2a-aa5e-729b4614c795,fUST,0.0001,2,1,-1000.0,demand,2026-09-11T15:47:01.441966+00:00
496791e4-38bd-4f2a-aa5e-729b4614c795,fUST,0.0001,7,1,-1000.0,demand,2026-09-11T15:47:01.441966+00:00
496791e4-38bd-4f2a-aa5e-729b4614c795,fUST,0.00011680020000000001,2,1,195.3187,offer,2026-09-11T15:47:01.441966+00:00
496791e4-38bd-4f2a-aa5e-729b4614c795,fUST,0.00011792000000000004,2,10,4979.16862004,offer,2026-09-11T15:47:01.441966+00:00
496791e4-38bd-4f2a-aa5e-729b4614c795,fUST,0.00011799,2,2,667.73839019,offer,2026-09-11T15:47:01.441966+00:00
496791e4-38bd-4f2a-aa5e-729b4614c795,fUST,0.000118,5,1,42522.46264585,offer,2026-09-11T15:47:01.441966+00:00
496791e4-38bd-4f2a-aa5e-729b4614c795,fUST,0.0001232876712328767,2,4,1541.71,offer,2026-09-11T15:47:01.441966+00:00
496791e4-38bd-4f2a-aa5e-729b4614c795,fUST,0.000125,2,22,166105.75111439,offer,2026-09-11T15:47:01.441966+00:00
496791e4-38bd-4f2a-aa5e-729b4614c795,fUST,0.0001268002,2,1,282.53867571,offer,2026-09-11T15:47:01.441966+00:00
496791e4-38bd-4f2a-aa5e-729b4614c795,fUST,0.0001285896735,2,1,181.869601,offer,2026-09-11T15:47:01.441966+00:00
496791e4-38bd-4f2a-aa5e-729b4614c795,fUST,0.00013365205479452054,14,1,423.26455563,offer,2026-09-11T15:47:01.441966+00:00
496791e4-38bd-4f2a-aa5e-729b4614c795,fUST,0.00013698,2,15,21738.97235008,offer,2026-09-11T15:47:01.441966+00:00
496791e4-38bd-4f2a-aa5e-729b4614c795,fUST,0.0001369808219178082,2,1,500.0,offer,2026-09-11T15:47:01.441966+00:00
496791e4-38bd-4f2a-aa5e-729b4614c795,fUST,0.00013761159130821918,2,1,181.869601,offer,2026-09-11T15:47:01.441966+00:00
496791e4-38bd-4f2a-aa5e-729b4614c795,fUST,0.00013972054794520548,2,1,500.0,offer,2026-09-11T15:47:01.441966+00:00
496791e4-38bd-4f2a-aa5e-729b4614c795,fUST,0.0001438898,2,1,250.35,offer,2026-09-11T15:47:01.441966+00:00
496791e4-38bd-4f2a-aa5e-729b4614c795,fUST,0.00014663350911643837,2,1,181.869601,offer,2026-09-11T15:47:01.441966+00:00
496791e4-38bd-4f2a-aa5e-729b4614c795,fUST,0.000149,2,1,611.22625297,offer,2026-09-11T15:47:01.441966+00:00
496791e4-38bd-4f2a-aa5e-729b4614c795,fUST,0.00015,2,2,3811.12690045,offer,2026-09-11T15:47:01.441966+00:00
496791e4-38bd-4f2a-aa5e-729b4614c795,fUST,0.00015068493150684933,2,1,163.79933,offer,2026-09-11T15:47:01.441966+00:00
496791e4-38bd-4f2a-aa5e-729b4614c795,fUST,0.0001515,20,1,282.04019787,offer,2026-09-11T15:47:01.441966+00:00
496791e4-38bd-4f2a-aa5e-729b4614c795,fUST,0.00015565542692465753,2,1,181.869601,offer,2026-09-11T15:47:01.441966+00:00
496791e4-38bd-4f2a-aa5e-729b4614c795,fUST,0.00016715804166666663,2,3,522.93791082,offer,2026-09-11T15:47:01.441966+00:00
496791e4-38bd-4f2a-aa5e-729b4614c795,fUST,0.00017263804166666664,2,2,321.00157161,offer,2026-09-11T15:47:01.441966+00:00
496791e4-38bd-4f2a-aa5e-729b4614c795,fUST,0.0001761808,2,1,334.92468766,offer,2026-09-11T15:47:01.441966+00:00
496791e4-38bd-4f2a-aa5e-729b4614c795,fUST,0.00017811804166666665,2,1,153.46163304,offer,2026-09-11T15:47:01.441966+00:00
496791e4-38bd-4f2a-aa5e-729b4614c795,fUST,0.00017917808219178083,3,1,177.0,offer,2026-09-11T15:47:01.441966+00:00
e4313d00-bad3-4552-8eea-49d89ff1349b,fUST,0.0002671232876712329,120,1,-4568529.02796884,demand,2026-09-11T16:47:01.173983+00:00
e4313d00-bad3-4552-8eea-49d89ff1349b,fUST,0.0002443808219178082,60,1,-5048396.45189273,demand,2026-09-11T16:47:01.173983+00:00
e4313d00-bad3-4552-8eea-49d89ff1349b,fUST,0.00024309315,120,1,-20000.0,demand,2026-09-11T16:47:01.173983+00:00
e4313d00-bad3-4552-8eea-49d89ff1349b,fUST,0.00016,60,19,-119484.48298844,demand,2026-09-11T16:47:01.173983+00:00
e4313d00-bad3-4552-8eea-49d89ff1349b,fUST,0.000152,60,1,-28000.0,demand,2026-09-11T16:47:01.173983+00:00
e4313d00-bad3-4552-8eea-49d89ff1349b,fUST,0.00015,120,1,-300000.0,demand,2026-09-11T16:47:01.173983+00:00
e4313d00-bad3-4552-8eea-49d89ff1349b,fUST,0.00015,45,23,-138668.928077,demand,2026-09-11T16:47:01.173983+00:00
e4313d00-bad3-4552-8eea-49d89ff1349b,fUST,0.00015,30,4,-17993.74,demand,2026-09-11T16:47:01.173983+00:00
e4313d00-bad3-4552-8eea-49d89ff1349b,fUST,0.0001421,45,1,-10000.0,demand,2026-09-11T16:47:01.173983+00:00
e4313d00-bad3-4552-8eea-49d89ff1349b,fUST,0.000142,45,2,-20000.0,demand,2026-09-11T16:47:01.173983+00:00
e4313d00-bad3-4552-8eea-49d89ff1349b,fUST,0.0001361,30,14,-48871.41107403,demand,2026-09-11T16:47:01.173983+00:00
e4313d00-bad3-4552-8eea-49d89ff1349b,fUST,0.000136,30,2,-14544.22120933,demand,2026-09-11T16:47:01.173983+00:00
e4313d00-bad3-4552-8eea-49d89ff1349b,fUST,0.00013,30,1,-28000.0,demand,2026-09-11T16:47:01.173983+00:00
e4313d00-bad3-4552-8eea-49d89ff1349b,fUST,0.0001226,12,1,-135216.16709793,demand,2026-09-11T16:47:01.173983+00:00
e4313d00-bad3-4552-8eea-49d89ff1349b,fUST,0.0001225,59,1,-95000.0,demand,2026-09-11T16:47:01.173983+00:00
e4313d00-bad3-4552-8eea-49d89ff1349b,fUST,0.0001222,29,1,-194504.86890568,demand,2026-09-11T16:47:01.173983+00:00
e4313d00-bad3-4552-8eea-49d89ff1349b,fUST,0.0001202,19,1,-184532.71737778,demand,2026-09-11T16:47:01.173983+00:00
e4313d00-bad3-4552-8eea-49d89ff1349b,fUST,0.00012,120,1,-30000.0,demand,2026-09-11T16:47:01.173983+00:00
e4313d00-bad3-4552-8eea-49d89ff1349b,fUST,0.0001181,7,1,-79808.97104606,demand,2026-09-11T16:47:01.173983+00:00
e4313d00-bad3-4552-8eea-49d89ff1349b,fUST,0.00011011,2,1,-1215426.89424663,demand,2026-09-11T16:47:01.173983+00:00
e4313d00-bad3-4552-8eea-49d89ff1349b,fUST,0.0001101,2,3,-4366829.49373192,demand,2026-09-11T16:47:01.173983+00:00
e4313d00-bad3-4552-8eea-49d89ff1349b,fUST,0.000101,120,1,-293300.0,demand,2026-09-11T16:47:01.173983+00:00
e4313d00-bad3-4552-8eea-49d89ff1349b,fUST,0.0001,2,1,-1000.0,demand,2026-09-11T16:47:01.173983+00:00
e4313d00-bad3-4552-8eea-49d89ff1349b,fUST,0.0001,7,1,-1000.0,demand,2026-09-11T16:47:01.173983+00:00
e4313d00-bad3-4552-8eea-49d89ff1349b,fUST,0.0001,14,1,-1000.0,demand,2026-09-11T16:47:01.173983+00:00
e4313d00-bad3-4552-8eea-49d89ff1349b,fUST,0.0001130427485380117,2,1,160.0,offer,2026-09-11T16:47:01.173983+00:00
e4313d00-bad3-4552-8eea-49d89ff1349b,fUST,0.00011305000000000001,2,116,56403.85117072,offer,2026-09-11T16:47:01.173983+00:00
e4313d00-bad3-4552-8eea-49d89ff1349b,fUST,0.00011306,2,14,160903.72927807,offer,2026-09-11T16:47:01.173983+00:00
e4313d00-bad3-4552-8eea-49d89ff1349b,fUST,0.00011306027397260273,2,2,50500.0,offer,2026-09-11T16:47:01.173983+00:00
e4313d00-bad3-4552-8eea-49d89ff1349b,fUST,0.00011307,2,1,5000.0,offer,2026-09-11T16:47:01.173983+00:00
e4313d00-bad3-4552-8eea-49d89ff1349b,fUST,0.00011531100000000001,3,1,244.73551262,offer,2026-09-11T16:47:01.173983+00:00
e4313d00-bad3-4552-8eea-49d89ff1349b,fUST,0.0001153621,2,1,151.0,offer,2026-09-11T16:47:01.173983+00:00
e4313d00-bad3-4552-8eea-49d89ff1349b,fUST,0.0001158,2,1,500.0,offer,2026-09-11T16:47:01.173983+00:00
e4313d00-bad3-4552-8eea-49d89ff1349b,fUST,0.00011761722000000001,5,1,244.73551262,offer,2026-09-11T16:47:01.173983+00:00
e4313d00-bad3-4552-8eea-49d89ff1349b,fUST,0.00011853972602739726,2,1,500.0,offer,2026-09-11T16:47:01.173983+00:00
e4313d00-bad3-4552-8eea-49d89ff1349b,fUST,0.00011992050000000001,7,2,3028.85377236,offer,2026-09-11T16:47:01.173983+00:00
e4313d00-bad3-4552-8eea-49d89ff1349b,fUST,0.00011996956440000002,6,1,244.73551262,offer,2026-09-11T16:47:01.173983+00:00
e4313d00-bad3-4552-8eea-49d89ff1349b,fUST,0.00012127945205479452,2,1,500.0,offer,2026-09-11T16:47:01.173983+00:00
e4313d00-bad3-4552-8eea-49d89ff1349b,fUST,0.00012134,2,3,833.37759321,offer,2026-09-11T16:47:01.173983+00:00
e4313d00-bad3-4552-8eea-49d89ff1349b,fUST,0.000121434,2,1,640.8728194,offer,2026-09-11T16:47:01.173983+00:00
e4313d00-bad3-4552-8eea-49d89ff1349b,fUST,0.00012307,2,1,172.34859218,offer,2026-09-11T16:47:01.173983+00:00
e4313d00-bad3-4552-8eea-49d89ff1349b,fUST,0.0001232876712328767,2,6,2214.08,offer,2026-09-11T16:47:01.173983+00:00
e4313d00-bad3-4552-8eea-49d89ff1349b,fUST,0.0001233468,7,2,3086.56642041,offer,2026-09-11T16:47:01.173983+00:00
e4313d00-bad3-4552-8eea-49d89ff1349b,fUST,0.00012401917808219177,2,1,500.0,offer,2026-09-11T16:47:01.173983+00:00
e4313d00-bad3-4552-8eea-49d89ff1349b,fUST,0.0001250621,2,2,302.0,offer,2026-09-11T16:47:01.173983+00:00
e4313d00-bad3-4552-8eea-49d89ff1349b,fUST,0.0001250621,7,1,381.64302683,offer,2026-09-11T16:47:01.173983+00:00
e4313d00-bad3-4552-8eea-49d89ff1349b,fUST,0.00012675,2,1,294.74,offer,2026-09-11T16:47:01.173983+00:00
e4313d00-bad3-4552-8eea-49d89ff1349b,fUST,0.00012675890410958904,2,1,500.0,offer,2026-09-11T16:47:01.173983+00:00
e4313d00-bad3-4552-8eea-49d89ff1349b,fUST,0.000127,2,1,151.0,offer,2026-09-11T16:47:01.173983+00:00
e4313d00-bad3-4552-8eea-49d89ff1349b,fUST,0.0001272876712328767,2,9,112500.12904868,offer,2026-09-11T16:47:01.173983+00:00
37444c16-3415-4656-bf6e-bc22cfe4285b,fUST,0.0002671232876712329,120,1,-4568278.41796884,demand,2026-09-11T17:47:01.459488+00:00
37444c16-3415-4656-bf6e-bc22cfe4285b,fUST,0.00024495342465753425,60,1,-5048396.45189273,demand,2026-09-11T17:47:01.459488+00:00
37444c16-3415-4656-bf6e-bc22cfe4285b,fUST,0.00024309315,120,1,-20000.0,demand,2026-09-11T17:47:01.459488+00:00
37444c16-3415-4656-bf6e-bc22cfe4285b,fUST,0.00016,60,19,-119484.48298844,demand,2026-09-11T17:47:01.459488+00:00
37444c16-3415-4656-bf6e-bc22cfe4285b,fUST,0.000152,60,1,-28000.0,demand,2026-09-11T17:47:01.459488+00:00
37444c16-3415-4656-bf6e-bc22cfe4285b,fUST,0.00015,120,1,-300000.0,demand,2026-09-11T17:47:01.459488+00:00
37444c16-3415-4656-bf6e-bc22cfe4285b,fUST,0.00015,45,23,-138668.928077,demand,2026-09-11T17:47:01.459488+00:00
37444c16-3415-4656-bf6e-bc22cfe4285b,fUST,0.00015,30,4,-17993.74,demand,2026-09-11T17:47:01.459488+00:00
37444c16-3415-4656-bf6e-bc22cfe4285b,fUST,0.0001421,45,1,-10000.0,demand,2026-09-11T17:47:01.459488+00:00
37444c16-3415-4656-bf6e-bc22cfe4285b,fUST,0.000142,45,2,-20000.0,demand,2026-09-11T17:47:01.459488+00:00
37444c16-3415-4656-bf6e-bc22cfe4285b,fUST,0.0001361,30,14,-48871.41107403,demand,2026-09-11T17:47:01.459488+00:00
37444c16-3415-4656-bf6e-bc22cfe4285b,fUST,0.000136,30,2,-14544.22120933,demand,2026-09-11T17:47:01.459488+00:00
37444c16-3415-4656-bf6e-bc22cfe4285b,fUST,0.00013,30,1,-28000.0,demand,2026-09-11T17:47:01.459488+00:00
37444c16-3415-4656-bf6e-bc22cfe4285b,fUST,0.0001226,12,1,-135216.16709793,demand,2026-09-11T17:47:01.459488+00:00
37444c16-3415-4656-bf6e-bc22cfe4285b,fUST,0.0001225,59,1,-95000.0,demand,2026-09-11T17:47:01.459488+00:00
37444c16-3415-4656-bf6e-bc22cfe4285b,fUST,0.0001222,29,1,-194504.86890568,demand,2026-09-11T17:47:01.459488+00:00
37444c16-3415-4656-bf6e-bc22cfe4285b,fUST,0.0001202,19,1,-184532.71737778,demand,2026-09-11T17:47:01.459488+00:00
37444c16-3415-4656-bf6e-bc22cfe4285b,fUST,0.00012,120,1,-30000.0,demand,2026-09-11T17:47:01.459488+00:00
37444c16-3415-4656-bf6e-bc22cfe4285b,fUST,0.0001181,7,1,-79808.97104606,demand,2026-09-11T17:47:01.459488+00:00
37444c16-3415-4656-bf6e-bc22cfe4285b,fUST,0.00011011,2,1,-1001103.95087801,demand,2026-09-11T17:47:01.459488+00:00
37444c16-3415-4656-bf6e-bc22cfe4285b,fUST,0.0001101,2,3,-4366829.49373192,demand,2026-09-11T17:47:01.459488+00:00
37444c16-3415-4656-bf6e-bc22cfe4285b,fUST,0.000101,120,1,-293300.0,demand,2026-09-11T17:47:01.459488+00:00
37444c16-3415-4656-bf6e-bc22cfe4285b,fUST,0.0001,2,1,-1000.0,demand,2026-09-11T17:47:01.459488+00:00
37444c16-3415-4656-bf6e-bc22cfe4285b,fUST,0.0001,7,1,-1000.0,demand,2026-09-11T17:47:01.459488+00:00
37444c16-3415-4656-bf6e-bc22cfe4285b,fUST,0.0001,14,1,-1000.0,demand,2026-09-11T17:47:01.459488+00:00
37444c16-3415-4656-bf6e-bc22cfe4285b,fUST,0.00011105903789153249,2,1,160.0,offer,2026-09-11T17:47:01.459488+00:00
37444c16-3415-4656-bf6e-bc22cfe4285b,fUST,0.00011106493150684934,2,57,28138.89912871,offer,2026-09-11T17:47:01.459488+00:00
37444c16-3415-4656-bf6e-bc22cfe4285b,fUST,0.00011108493150684933,2,3,17970.47892843,offer,2026-09-11T17:47:01.459488+00:00
37444c16-3415-4656-bf6e-bc22cfe4285b,fUST,0.00011108589041095891,2,1,279.7607798,offer,2026-09-11T17:47:01.459488+00:00
37444c16-3415-4656-bf6e-bc22cfe4285b,fUST,0.00011117808219178082,2,25,307170.38942267,offer,2026-09-11T17:47:01.459488+00:00
37444c16-3415-4656-bf6e-bc22cfe4285b,fUST,0.00011118,2,27,4625.264648,offer,2026-09-11T17:47:01.459488+00:00
37444c16-3415-4656-bf6e-bc22cfe4285b,fUST,0.00011125,2,2,463.90914668,offer,2026-09-11T17:47:01.459488+00:00
37444c16-3415-4656-bf6e-bc22cfe4285b,fUST,0.00011137,2,1,6157.75224572,offer,2026-09-11T17:47:01.459488+00:00
37444c16-3415-4656-bf6e-bc22cfe4285b,fUST,0.0001119909834,2,1,878.11945,offer,2026-09-11T17:47:01.459488+00:00
37444c16-3415-4656-bf6e-bc22cfe4285b,fUST,0.00011330663013698631,2,1,280.93039313,offer,2026-09-11T17:47:01.459488+00:00
37444c16-3415-4656-bf6e-bc22cfe4285b,fUST,0.0001133076082191781,2,1,279.7607798,offer,2026-09-11T17:47:01.459488+00:00
37444c16-3415-4656-bf6e-bc22cfe4285b,fUST,0.00011331780821917809,2,1,263.26453402,offer,2026-09-11T17:47:01.459488+00:00
37444c16-3415-4656-bf6e-bc22cfe4285b,fUST,0.00011336,2,16,5100.0,offer,2026-09-11T17:47:01.459488+00:00
37444c16-3415-4656-bf6e-bc22cfe4285b,fUST,0.00011382465753424657,2,1,500.0,offer,2026-09-11T17:47:01.459488+00:00
37444c16-3415-4656-bf6e-bc22cfe4285b,fUST,0.00011528,2,1,217.901506,offer,2026-09-11T17:47:01.459488+00:00
37444c16-3415-4656-bf6e-bc22cfe4285b,fUST,0.0001153621,2,1,151.0,offer,2026-09-11T17:47:01.459488+00:00
37444c16-3415-4656-bf6e-bc22cfe4285b,fUST,0.00011557276273972603,2,1,280.93039313,offer,2026-09-11T17:47:01.459488+00:00
37444c16-3415-4656-bf6e-bc22cfe4285b,fUST,0.00011656438356164384,2,1,500.0,offer,2026-09-11T17:47:01.459488+00:00
37444c16-3415-4656-bf6e-bc22cfe4285b,fUST,0.00011670522997534247,2,1,878.11945,offer,2026-09-11T17:47:01.459488+00:00
37444c16-3415-4656-bf6e-bc22cfe4285b,fUST,0.00011788421799452056,2,1,280.93039313,offer,2026-09-11T17:47:01.459488+00:00
37444c16-3415-4656-bf6e-bc22cfe4285b,fUST,0.000118,5,1,235.06107371,offer,2026-09-11T17:47:01.459488+00:00
37444c16-3415-4656-bf6e-bc22cfe4285b,fUST,0.000119,2,2,469.41460852,offer,2026-09-11T17:47:01.459488+00:00
37444c16-3415-4656-bf6e-bc22cfe4285b,fUST,0.0001193041095890411,2,1,500.0,offer,2026-09-11T17:47:01.459488+00:00
37444c16-3415-4656-bf6e-bc22cfe4285b,fUST,0.00011992050000000001,7,2,3028.85377236,offer,2026-09-11T17:47:01.459488+00:00
37444c16-3415-4656-bf6e-bc22cfe4285b,fUST,0.00012,5,1,560.0,offer,2026-09-11T17:47:01.459488+00:00
7f002ef9-ef13-491d-a883-53b2ab5ae11f,fUST,0.0002671232876712329,120,1,-4565202.79624031,demand,2026-09-11T18:47:01.862702+00:00
7f002ef9-ef13-491d-a883-53b2ab5ae11f,fUST,0.0002445917808219178,60,1,-5046916.86505657,demand,2026-09-11T18:47:01.862702+00:00
7f002ef9-ef13-491d-a883-53b2ab5ae11f,fUST,0.00024309315,120,1,-20000.0,demand,2026-09-11T18:47:01.862702+00:00
7f002ef9-ef13-491d-a883-53b2ab5ae11f,fUST,0.00016,60,19,-119484.48298844,demand,2026-09-11T18:47:01.862702+00:00
7f002ef9-ef13-491d-a883-53b2ab5ae11f,fUST,0.000152,60,1,-28000.0,demand,2026-09-11T18:47:01.862702+00:00
7f002ef9-ef13-491d-a883-53b2ab5ae11f,fUST,0.00015,120,1,-300000.0,demand,2026-09-11T18:47:01.862702+00:00
7f002ef9-ef13-491d-a883-53b2ab5ae11f,fUST,0.00015,45,23,-138668.928077,demand,2026-09-11T18:47:01.862702+00:00
7f002ef9-ef13-491d-a883-53b2ab5ae11f,fUST,0.00015,30,4,-17993.74,demand,2026-09-11T18:47:01.862702+00:00
7f002ef9-ef13-491d-a883-53b2ab5ae11f,fUST,0.0001421,45,1,-10000.0,demand,2026-09-11T18:47:01.862702+00:00
7f002ef9-ef13-491d-a883-53b2ab5ae11f,fUST,0.000142,45,2,-20000.0,demand,2026-09-11T18:47:01.862702+00:00
7f002ef9-ef13-491d-a883-53b2ab5ae11f,fUST,0.0001361,30,14,-48871.41107403,demand,2026-09-11T18:47:01.862702+00:00
7f002ef9-ef13-491d-a883-53b2ab5ae11f,fUST,0.000136,30,2,-14544.22120933,demand,2026-09-11T18:47:01.862702+00:00
7f002ef9-ef13-491d-a883-53b2ab5ae11f,fUST,0.000131,2,1,-2000.0,demand,2026-09-11T18:47:01.862702+00:00
7f002ef9-ef13-491d-a883-53b2ab5ae11f,fUST,0.00013,30,1,-28000.0,demand,2026-09-11T18:47:01.862702+00:00
7f002ef9-ef13-491d-a883-53b2ab5ae11f,fUST,0.0001226,12,1,-135216.16709793,demand,2026-09-11T18:47:01.862702+00:00
7f002ef9-ef13-491d-a883-53b2ab5ae11f,fUST,0.0001225,59,1,-95000.0,demand,2026-09-11T18:47:01.862702+00:00
7f002ef9-ef13-491d-a883-53b2ab5ae11f,fUST,0.0001222,29,1,-194504.86890568,demand,2026-09-11T18:47:01.862702+00:00
7f002ef9-ef13-491d-a883-53b2ab5ae11f,fUST,0.0001202,19,1,-184532.71737778,demand,2026-09-11T18:47:01.862702+00:00
7f002ef9-ef13-491d-a883-53b2ab5ae11f,fUST,0.00012,120,1,-30000.0,demand,2026-09-11T18:47:01.862702+00:00
7f002ef9-ef13-491d-a883-53b2ab5ae11f,fUST,0.0001181,7,1,-78604.60791698,demand,2026-09-11T18:47:01.862702+00:00
7f002ef9-ef13-491d-a883-53b2ab5ae11f,fUST,0.00011011,2,1,-890643.22830457,demand,2026-09-11T18:47:01.862702+00:00
7f002ef9-ef13-491d-a883-53b2ab5ae11f,fUST,0.0001101,2,3,-4366829.49373192,demand,2026-09-11T18:47:01.862702+00:00
7f002ef9-ef13-491d-a883-53b2ab5ae11f,fUST,0.000101,120,1,-293300.0,demand,2026-09-11T18:47:01.862702+00:00
7f002ef9-ef13-491d-a883-53b2ab5ae11f,fUST,0.0001,2,1,-1000.0,demand,2026-09-11T18:47:01.862702+00:00
7f002ef9-ef13-491d-a883-53b2ab5ae11f,fUST,0.0001,7,1,-1000.0,demand,2026-09-11T18:47:01.862702+00:00
7f002ef9-ef13-491d-a883-53b2ab5ae11f,fUST,0.0001124,2,1,167.08,offer,2026-09-11T18:47:01.862702+00:00
7f002ef9-ef13-491d-a883-53b2ab5ae11f,fUST,0.00011274794520547945,2,1,9626.77838632,offer,2026-09-11T18:47:01.862702+00:00
7f002ef9-ef13-491d-a883-53b2ab5ae11f,fUST,0.00011274858959860044,2,41,20331.11134641,offer,2026-09-11T18:47:01.862702+00:00
7f002ef9-ef13-491d-a883-53b2ab5ae11f,fUST,0.00011276858959860043,2,1,8630.05645587,offer,2026-09-11T18:47:01.862702+00:00
7f002ef9-ef13-491d-a883-53b2ab5ae11f,fUST,0.00011276986301369863,2,1,257.43581759,offer,2026-09-11T18:47:01.862702+00:00
7f002ef9-ef13-491d-a883-53b2ab5ae11f,fUST,0.0001159097319191873,2,1,151.0,offer,2026-09-11T18:47:01.862702+00:00
7f002ef9-ef13-491d-a883-53b2ab5ae11f,fUST,0.00011638904109589042,2,2,650.80730678,offer,2026-09-11T18:47:01.862702+00:00
7f002ef9-ef13-491d-a883-53b2ab5ae11f,fUST,0.00011639,2,21,8798.07104153,offer,2026-09-11T18:47:01.862702+00:00
7f002ef9-ef13-491d-a883-53b2ab5ae11f,fUST,0.00011792084034251408,2,1,166.7145221,offer,2026-09-11T18:47:01.862702+00:00
7f002ef9-ef13-491d-a883-53b2ab5ae11f,fUST,0.000118,2,1,453.00939519,offer,2026-09-11T18:47:01.862702+00:00
7f002ef9-ef13-491d-a883-53b2ab5ae11f,fUST,0.00011912876712328766,2,1,500.0,offer,2026-09-11T18:47:01.862702+00:00
7f002ef9-ef13-491d-a883-53b2ab5ae11f,fUST,0.00011913,2,49,245069.36292603,offer,2026-09-11T18:47:01.862702+00:00
7f002ef9-ef13-491d-a883-53b2ab5ae11f,fUST,0.0001194745689888529,2,1,152.6767872,offer,2026-09-11T18:47:01.862702+00:00
7f002ef9-ef13-491d-a883-53b2ab5ae11f,fUST,0.0001196231,2,1,157.69,offer,2026-09-11T18:47:01.862702+00:00
7f002ef9-ef13-491d-a883-53b2ab5ae11f,fUST,0.00011996156054136833,7,1,1204.36312908,offer,2026-09-11T18:47:01.862702+00:00
7f002ef9-ef13-491d-a883-53b2ab5ae11f,fUST,0.00011996156054136833,2,1,216.29211518,offer,2026-09-11T18:47:01.862702+00:00
7f002ef9-ef13-491d-a883-53b2ab5ae11f,fUST,0.00012186849315068493,2,1,500.0,offer,2026-09-11T18:47:01.862702+00:00
7f002ef9-ef13-491d-a883-53b2ab5ae11f,fUST,0.00012187,2,15,4500.0,offer,2026-09-11T18:47:01.862702+00:00
7f002ef9-ef13-491d-a883-53b2ab5ae11f,fUST,0.0001224,2,1,187.26211876,offer,2026-09-11T18:47:01.862702+00:00
7f002ef9-ef13-491d-a883-53b2ab5ae11f,fUST,0.00012345485,2,2,410.3377508,offer,2026-09-11T18:47:01.862702+00:00
7f002ef9-ef13-491d-a883-53b2ab5ae11f,fUST,0.0001234898417337615,7,1,1204.36312908,offer,2026-09-11T18:47:01.862702+00:00
7f002ef9-ef13-491d-a883-53b2ab5ae11f,fUST,0.0001246082191780822,2,1,500.0,offer,2026-09-11T18:47:01.862702+00:00
7f002ef9-ef13-491d-a883-53b2ab5ae11f,fUST,0.0001270181229261547,7,1,1204.36312908,offer,2026-09-11T18:47:01.862702+00:00
7f002ef9-ef13-491d-a883-53b2ab5ae11f,fUST,0.00012734794520547946,2,1,500.0,offer,2026-09-11T18:47:01.862702+00:00
7f002ef9-ef13-491d-a883-53b2ab5ae11f,fUST,0.00012893485,2,1,247.9570318,offer,2026-09-11T18:47:01.862702+00:00
752d155f-8784-470c-a157-4493808d00c8,fUST,0.0002671232876712329,120,1,-4565007.43555233,demand,2026-09-11T19:47:01.605468+00:00
752d155f-8784-470c-a157-4493808d00c8,fUST,0.000244386301369863,60,1,-5045456.19674186,demand,2026-09-11T19:47:01.605468+00:00
752d155f-8784-470c-a157-4493808d00c8,fUST,0.00024309315,120,1,-20000.0,demand,2026-09-11T19:47:01.605468+00:00
752d155f-8784-470c-a157-4493808d00c8,fUST,0.00016,60,19,-119484.48298844,demand,2026-09-11T19:47:01.605468+00:00
752d155f-8784-470c-a157-4493808d00c8,fUST,0.000152,60,1,-28000.0,demand,2026-09-11T19:47:01.605468+00:00
752d155f-8784-470c-a157-4493808d00c8,fUST,0.00015,120,1,-300000.0,demand,2026-09-11T19:47:01.605468+00:00
752d155f-8784-470c-a157-4493808d00c8,fUST,0.00015,45,23,-138668.928077,demand,2026-09-11T19:47:01.605468+00:00
752d155f-8784-470c-a157-4493808d00c8,fUST,0.00015,30,4,-17993.74,demand,2026-09-11T19:47:01.605468+00:00
752d155f-8784-470c-a157-4493808d00c8,fUST,0.0001421,45,1,-10000.0,demand,2026-09-11T19:47:01.605468+00:00
752d155f-8784-470c-a157-4493808d00c8,fUST,0.000142,45,2,-20000.0,demand,2026-09-11T19:47:01.605468+00:00
752d155f-8784-470c-a157-4493808d00c8,fUST,0.0001361,30,14,-48871.41107403,demand,2026-09-11T19:47:01.605468+00:00
752d155f-8784-470c-a157-4493808d00c8,fUST,0.000136,30,2,-14544.22120933,demand,2026-09-11T19:47:01.605468+00:00
752d155f-8784-470c-a157-4493808d00c8,fUST,0.000131,2,1,-2000.0,demand,2026-09-11T19:47:01.605468+00:00
752d155f-8784-470c-a157-4493808d00c8,fUST,0.00013,30,1,-28000.0,demand,2026-09-11T19:47:01.605468+00:00
752d155f-8784-470c-a157-4493808d00c8,fUST,0.0001226,12,1,-135216.16709793,demand,2026-09-11T19:47:01.605468+00:00
752d155f-8784-470c-a157-4493808d00c8,fUST,0.0001225,59,1,-95000.0,demand,2026-09-11T19:47:01.605468+00:00
752d155f-8784-470c-a157-4493808d00c8,fUST,0.0001222,29,1,-194504.86890568,demand,2026-09-11T19:47:01.605468+00:00
752d155f-8784-470c-a157-4493808d00c8,fUST,0.0001202,19,1,-184532.71737778,demand,2026-09-11T19:47:01.605468+00:00
752d155f-8784-470c-a157-4493808d00c8,fUST,0.00012,120,1,-30000.0,demand,2026-09-11T19:47:01.605468+00:00
752d155f-8784-470c-a157-4493808d00c8,fUST,0.0001181,7,1,-76938.0290271,demand,2026-09-11T19:47:01.605468+00:00
752d155f-8784-470c-a157-4493808d00c8,fUST,0.00011011,2,1,-803553.68261622,demand,2026-09-11T19:47:01.605468+00:00
752d155f-8784-470c-a157-4493808d00c8,fUST,0.0001101,2,3,-4366829.49373192,demand,2026-09-11T19:47:01.605468+00:00
752d155f-8784-470c-a157-4493808d00c8,fUST,0.000101,120,1,-293300.0,demand,2026-09-11T19:47:01.605468+00:00
752d155f-8784-470c-a157-4493808d00c8,fUST,0.0001,2,1,-1000.0,demand,2026-09-11T19:47:01.605468+00:00
752d155f-8784-470c-a157-4493808d00c8,fUST,0.0001,7,1,-1000.0,demand,2026-09-11T19:47:01.605468+00:00
752d155f-8784-470c-a157-4493808d00c8,fUST,0.00011703000000000012,2,19,8966.13840448,offer,2026-09-11T19:47:01.605468+00:00
752d155f-8784-470c-a157-4493808d00c8,fUST,0.00011943,2,2,401.52848375,offer,2026-09-11T19:47:01.605468+00:00
752d155f-8784-470c-a157-4493808d00c8,fUST,0.00011944,2,11,3300.0,offer,2026-09-11T19:47:01.605468+00:00
752d155f-8784-470c-a157-4493808d00c8,fUST,0.00012295500000000009,7,1,374.32185271,offer,2026-09-11T19:47:01.605468+00:00
752d155f-8784-470c-a157-4493808d00c8,fUST,0.00013698,2,2,1000.0,offer,2026-09-11T19:47:01.605468+00:00
752d155f-8784-470c-a157-4493808d00c8,fUST,0.000144115703,2,2,612.69,offer,2026-09-11T19:47:01.605468+00:00
752d155f-8784-470c-a157-4493808d00c8,fUST,0.000145115703,2,1,202.16,offer,2026-09-11T19:47:01.605468+00:00
752d155f-8784-470c-a157-4493808d00c8,fUST,0.000146115703,2,1,202.1,offer,2026-09-11T19:47:01.605468+00:00
752d155f-8784-470c-a157-4493808d00c8,fUST,0.00015,2,1,201.79066056,offer,2026-09-11T19:47:01.605468+00:00
752d155f-8784-470c-a157-4493808d00c8,fUST,0.00015013,7,1,355.0,offer,2026-09-11T19:47:01.605468+00:00
752d155f-8784-470c-a157-4493808d00c8,fUST,0.00015287,7,1,355.0,offer,2026-09-11T19:47:01.605468+00:00
752d155f-8784-470c-a157-4493808d00c8,fUST,0.00015561,7,1,355.0,offer,2026-09-11T19:47:01.605468+00:00
752d155f-8784-470c-a157-4493808d00c8,fUST,0.00015758,2,2,708.75478918,offer,2026-09-11T19:47:01.605468+00:00
752d155f-8784-470c-a157-4493808d00c8,fUST,0.00015835,7,1,355.0,offer,2026-09-11T19:47:01.605468+00:00
752d155f-8784-470c-a157-4493808d00c8,fUST,0.00016109,7,1,355.0,offer,2026-09-11T19:47:01.605468+00:00
752d155f-8784-470c-a157-4493808d00c8,fUST,0.0001614027,2,1,174.578694,offer,2026-09-11T19:47:01.605468+00:00
752d155f-8784-470c-a157-4493808d00c8,fUST,0.00016383,7,1,355.0,offer,2026-09-11T19:47:01.605468+00:00
752d155f-8784-470c-a157-4493808d00c8,fUST,0.0001638399,2,1,608.913308,offer,2026-09-11T19:47:01.605468+00:00
752d155f-8784-470c-a157-4493808d00c8,fUST,0.0001643836,2,2,328.0096,offer,2026-09-11T19:47:01.605468+00:00
752d155f-8784-470c-a157-4493808d00c8,fUST,0.00016462059166666665,2,1,160.46610826,offer,2026-09-11T19:47:01.605468+00:00
752d155f-8784-470c-a157-4493808d00c8,fUST,0.0001653836,2,1,167.0446,offer,2026-09-11T19:47:01.605468+00:00
752d155f-8784-470c-a157-4493808d00c8,fUST,0.00016559617834990126,5,1,650.0,offer,2026-09-11T19:47:01.605468+00:00
752d155f-8784-470c-a157-4493808d00c8,fUST,0.0001663836,2,1,167.0447,offer,2026-09-11T19:47:01.605468+00:00
752d155f-8784-470c-a157-4493808d00c8,fUST,0.00016657,7,1,355.0,offer,2026-09-11T19:47:01.605468+00:00
752d155f-8784-470c-a157-4493808d00c8,fUST,0.00016736,2,13,6366.37280546,offer,2026-09-11T19:47:01.605468+00:00
b6288e7a-65bd-4def-bc8b-e40d2b3c19bd,fUST,0.0002671232876712329,120,1,-4565007.43555233,demand,2026-09-11T20:47:01.327266+00:00
b6288e7a-65bd-4def-bc8b-e40d2b3c19bd,fUST,0.00024471506849315066,60,1,-5040590.97238673,demand,2026-09-11T20:47:01.327266+00:00
b6288e7a-65bd-4def-bc8b-e40d2b3c19bd,fUST,0.00024309315,120,1,-20000.0,demand,2026-09-11T20:47:01.327266+00:00
b6288e7a-65bd-4def-bc8b-e40d2b3c19bd,fUST,0.00016,60,19,-119484.48298844,demand,2026-09-11T20:47:01.327266+00:00
b6288e7a-65bd-4def-bc8b-e40d2b3c19bd,fUST,0.000152,60,1,-28000.0,demand,2026-09-11T20:47:01.327266+00:00
b6288e7a-65bd-4def-bc8b-e40d2b3c19bd,fUST,0.00015,120,1,-300000.0,demand,2026-09-11T20:47:01.327266+00:00
b6288e7a-65bd-4def-bc8b-e40d2b3c19bd,fUST,0.00015,45,23,-138668.928077,demand,2026-09-11T20:47:01.327266+00:00
b6288e7a-65bd-4def-bc8b-e40d2b3c19bd,fUST,0.00015,30,4,-17993.74,demand,2026-09-11T20:47:01.327266+00:00
b6288e7a-65bd-4def-bc8b-e40d2b3c19bd,fUST,0.0001421,45,1,-10000.0,demand,2026-09-11T20:47:01.327266+00:00
b6288e7a-65bd-4def-bc8b-e40d2b3c19bd,fUST,0.000142,45,2,-20000.0,demand,2026-09-11T20:47:01.327266+00:00
b6288e7a-65bd-4def-bc8b-e40d2b3c19bd,fUST,0.0001361,30,14,-48871.41107403,demand,2026-09-11T20:47:01.327266+00:00
b6288e7a-65bd-4def-bc8b-e40d2b3c19bd,fUST,0.000136,30,2,-14544.22120933,demand,2026-09-11T20:47:01.327266+00:00
b6288e7a-65bd-4def-bc8b-e40d2b3c19bd,fUST,0.000131,2,1,-2000.0,demand,2026-09-11T20:47:01.327266+00:00
b6288e7a-65bd-4def-bc8b-e40d2b3c19bd,fUST,0.00013,30,1,-28000.0,demand,2026-09-11T20:47:01.327266+00:00
b6288e7a-65bd-4def-bc8b-e40d2b3c19bd,fUST,0.0001226,12,1,-135216.16709793,demand,2026-09-11T20:47:01.327266+00:00
b6288e7a-65bd-4def-bc8b-e40d2b3c19bd,fUST,0.0001225,59,1,-95000.0,demand,2026-09-11T20:47:01.327266+00:00
b6288e7a-65bd-4def-bc8b-e40d2b3c19bd,fUST,0.0001222,29,1,-194504.86890568,demand,2026-09-11T20:47:01.327266+00:00
b6288e7a-65bd-4def-bc8b-e40d2b3c19bd,fUST,0.0001202,19,1,-184532.71737778,demand,2026-09-11T20:47:01.327266+00:00
b6288e7a-65bd-4def-bc8b-e40d2b3c19bd,fUST,0.00012,120,1,-30000.0,demand,2026-09-11T20:47:01.327266+00:00
b6288e7a-65bd-4def-bc8b-e40d2b3c19bd,fUST,0.0001181,7,1,-76938.0290271,demand,2026-09-11T20:47:01.327266+00:00
b6288e7a-65bd-4def-bc8b-e40d2b3c19bd,fUST,0.00011011,2,1,-792990.89148053,demand,2026-09-11T20:47:01.327266+00:00
b6288e7a-65bd-4def-bc8b-e40d2b3c19bd,fUST,0.0001101,2,3,-4366829.49373192,demand,2026-09-11T20:47:01.327266+00:00
b6288e7a-65bd-4def-bc8b-e40d2b3c19bd,fUST,0.000101,120,1,-293300.0,demand,2026-09-11T20:47:01.327266+00:00
b6288e7a-65bd-4def-bc8b-e40d2b3c19bd,fUST,0.0001,2,1,-1000.0,demand,2026-09-11T20:47:01.327266+00:00
b6288e7a-65bd-4def-bc8b-e40d2b3c19bd,fUST,0.0001,7,1,-1000.0,demand,2026-09-11T20:47:01.327266+00:00
b6288e7a-65bd-4def-bc8b-e40d2b3c19bd,fUST,0.0001171486,2,1,2101.7206569,offer,2026-09-11T20:47:01.327266+00:00
b6288e7a-65bd-4def-bc8b-e40d2b3c19bd,fUST,0.000119627,2,1,269.0159534,offer,2026-09-11T20:47:01.327266+00:00
b6288e7a-65bd-4def-bc8b-e40d2b3c19bd,fUST,0.00012492,2,1,212.79,offer,2026-09-11T20:47:01.327266+00:00
b6288e7a-65bd-4def-bc8b-e40d2b3c19bd,fUST,0.00012492,7,1,166.12441743,offer,2026-09-11T20:47:01.327266+00:00
b6288e7a-65bd-4def-bc8b-e40d2b3c19bd,fUST,0.00012492000000000004,2,1,169.80276571,offer,2026-09-11T20:47:01.327266+00:00
b6288e7a-65bd-4def-bc8b-e40d2b3c19bd,fUST,0.000125,2,8,3435.61823475,offer,2026-09-11T20:47:01.327266+00:00
b6288e7a-65bd-4def-bc8b-e40d2b3c19bd,fUST,0.00012501,2,1,32184.11733541,offer,2026-09-11T20:47:01.327266+00:00
b6288e7a-65bd-4def-bc8b-e40d2b3c19bd,fUST,0.0001274184,7,1,166.12441743,offer,2026-09-11T20:47:01.327266+00:00
b6288e7a-65bd-4def-bc8b-e40d2b3c19bd,fUST,0.000131166,7,1,166.12441743,offer,2026-09-11T20:47:01.327266+00:00
b6288e7a-65bd-4def-bc8b-e40d2b3c19bd,fUST,0.0001341800963071682,2,1,1791.36184373,offer,2026-09-11T20:47:01.327266+00:00
b6288e7a-65bd-4def-bc8b-e40d2b3c19bd,fUST,0.0001349136,7,1,166.12441743,offer,2026-09-11T20:47:01.327266+00:00
b6288e7a-65bd-4def-bc8b-e40d2b3c19bd,fUST,0.00013492000000000004,2,1,193.3940712,offer,2026-09-11T20:47:01.327266+00:00
b6288e7a-65bd-4def-bc8b-e40d2b3c19bd,fUST,0.00013698,2,58,191866.28916872,offer,2026-09-11T20:47:01.327266+00:00
b6288e7a-65bd-4def-bc8b-e40d2b3c19bd,fUST,0.0001397196,3,2,1728.22751187,offer,2026-09-11T20:47:01.327266+00:00
b6288e7a-65bd-4def-bc8b-e40d2b3c19bd,fUST,0.0001399104,7,1,166.12441744,offer,2026-09-11T20:47:01.327266+00:00
b6288e7a-65bd-4def-bc8b-e40d2b3c19bd,fUST,0.0001469898,2,1,321.36,offer,2026-09-11T20:47:01.327266+00:00
b6288e7a-65bd-4def-bc8b-e40d2b3c19bd,fUST,0.00014999,2,5,2500.0,offer,2026-09-11T20:47:01.327266+00:00
b6288e7a-65bd-4def-bc8b-e40d2b3c19bd,fUST,0.00015,2,7,83785.74931762,offer,2026-09-11T20:47:01.327266+00:00
b6288e7a-65bd-4def-bc8b-e40d2b3c19bd,fUST,0.00015,5,2,1728.22751187,offer,2026-09-11T20:47:01.327266+00:00
b6288e7a-65bd-4def-bc8b-e40d2b3c19bd,fUST,0.00015013,7,1,355.0,offer,2026-09-11T20:47:01.327266+00:00
b6288e7a-65bd-4def-bc8b-e40d2b3c19bd,fUST,0.0001504613,2,1,392.6164969,offer,2026-09-11T20:47:01.327266+00:00
b6288e7a-65bd-4def-bc8b-e40d2b3c19bd,fUST,0.00015183546723585017,2,1,679.97999316,offer,2026-09-11T20:47:01.327266+00:00
b6288e7a-65bd-4def-bc8b-e40d2b3c19bd,fUST,0.00015287,7,1,355.0,offer,2026-09-11T20:47:01.327266+00:00
b6288e7a-65bd-4def-bc8b-e40d2b3c19bd,fUST,0.0001538363,2,1,519.995606,offer,2026-09-11T20:47:01.327266+00:00
b6288e7a-65bd-4def-bc8b-e40d2b3c19bd,fUST,0.00015561,7,1,355.0,offer,2026-09-11T20:47:01.327266+00:00
e8b56054-34e8-490a-b2bf-7968d73ce920,fUST,0.0002671232876712329,120,1,-4565007.43555233,demand,2026-09-11T21:47:01.186475+00:00
e8b56054-34e8-490a-b2bf-7968d73ce920,fUST,0.0002445808219178082,60,1,-5040165.46693575,demand,2026-09-11T21:47:01.186475+00:00
e8b56054-34e8-490a-b2bf-7968d73ce920,fUST,0.00024309315,120,1,-20000.0,demand,2026-09-11T21:47:01.186475+00:00
e8b56054-34e8-490a-b2bf-7968d73ce920,fUST,0.00016,60,19,-119484.48298844,demand,2026-09-11T21:47:01.186475+00:00
e8b56054-34e8-490a-b2bf-7968d73ce920,fUST,0.000152,60,1,-28000.0,demand,2026-09-11T21:47:01.186475+00:00
e8b56054-34e8-490a-b2bf-7968d73ce920,fUST,0.00015,120,1,-300000.0,demand,2026-09-11T21:47:01.186475+00:00
e8b56054-34e8-490a-b2bf-7968d73ce920,fUST,0.00015,45,23,-138668.928077,demand,2026-09-11T21:47:01.186475+00:00
e8b56054-34e8-490a-b2bf-7968d73ce920,fUST,0.00015,30,4,-17993.74,demand,2026-09-11T21:47:01.186475+00:00
e8b56054-34e8-490a-b2bf-7968d73ce920,fUST,0.0001421,45,1,-10000.0,demand,2026-09-11T21:47:01.186475+00:00
e8b56054-34e8-490a-b2bf-7968d73ce920,fUST,0.000142,45,2,-20000.0,demand,2026-09-11T21:47:01.186475+00:00
e8b56054-34e8-490a-b2bf-7968d73ce920,fUST,0.0001361,30,14,-48871.41107403,demand,2026-09-11T21:47:01.186475+00:00
e8b56054-34e8-490a-b2bf-7968d73ce920,fUST,0.000136,30,2,-14544.22120933,demand,2026-09-11T21:47:01.186475+00:00
e8b56054-34e8-490a-b2bf-7968d73ce920,fUST,0.000131,2,1,-2000.0,demand,2026-09-11T21:47:01.186475+00:00
e8b56054-34e8-490a-b2bf-7968d73ce920,fUST,0.00013,30,1,-28000.0,demand,2026-09-11T21:47:01.186475+00:00
e8b56054-34e8-490a-b2bf-7968d73ce920,fUST,0.0001226,12,1,-135216.16709793,demand,2026-09-11T21:47:01.186475+00:00
e8b56054-34e8-490a-b2bf-7968d73ce920,fUST,0.0001225,59,1,-95000.0,demand,2026-09-11T21:47:01.186475+00:00
e8b56054-34e8-490a-b2bf-7968d73ce920,fUST,0.0001222,29,1,-194504.86890568,demand,2026-09-11T21:47:01.186475+00:00
e8b56054-34e8-490a-b2bf-7968d73ce920,fUST,0.0001202,19,1,-184532.71737778,demand,2026-09-11T21:47:01.186475+00:00
e8b56054-34e8-490a-b2bf-7968d73ce920,fUST,0.00012,120,1,-30000.0,demand,2026-09-11T21:47:01.186475+00:00
e8b56054-34e8-490a-b2bf-7968d73ce920,fUST,0.0001181,7,1,-76938.0290271,demand,2026-09-11T21:47:01.186475+00:00
e8b56054-34e8-490a-b2bf-7968d73ce920,fUST,0.00011011,2,1,-792990.89148053,demand,2026-09-11T21:47:01.186475+00:00
e8b56054-34e8-490a-b2bf-7968d73ce920,fUST,0.0001101,2,3,-4366829.49373192,demand,2026-09-11T21:47:01.186475+00:00
e8b56054-34e8-490a-b2bf-7968d73ce920,fUST,0.000101,120,1,-293300.0,demand,2026-09-11T21:47:01.186475+00:00
e8b56054-34e8-490a-b2bf-7968d73ce920,fUST,0.0001,2,1,-1000.0,demand,2026-09-11T21:47:01.186475+00:00
e8b56054-34e8-490a-b2bf-7968d73ce920,fUST,0.0001,7,1,-1000.0,demand,2026-09-11T21:47:01.186475+00:00
e8b56054-34e8-490a-b2bf-7968d73ce920,fUST,0.000130197862,2,1,151.0,offer,2026-09-11T21:47:01.186475+00:00
e8b56054-34e8-490a-b2bf-7968d73ce920,fUST,0.0001342246,2,1,1014.3114584,offer,2026-09-11T21:47:01.186475+00:00
e8b56054-34e8-490a-b2bf-7968d73ce920,fUST,0.0001373157,2,1,198.5762485,offer,2026-09-11T21:47:01.186475+00:00
e8b56054-34e8-490a-b2bf-7968d73ce920,fUST,0.000139479986,2,1,151.0,offer,2026-09-11T21:47:01.186475+00:00
e8b56054-34e8-490a-b2bf-7968d73ce920,fUST,0.00014376356164383562,2,37,17995.15637512,offer,2026-09-11T21:47:01.186475+00:00
e8b56054-34e8-490a-b2bf-7968d73ce920,fUST,0.0001437835616438356,2,10,172598.35982686,offer,2026-09-11T21:47:01.186475+00:00
e8b56054-34e8-490a-b2bf-7968d73ce920,fUST,0.0001437945205479452,2,13,130356.753535,offer,2026-09-11T21:47:01.186475+00:00
e8b56054-34e8-490a-b2bf-7968d73ce920,fUST,0.0001438,2,1,272.81,offer,2026-09-11T21:47:01.186475+00:00
e8b56054-34e8-490a-b2bf-7968d73ce920,fUST,0.0001438038,2,1,13632.7092564,offer,2026-09-11T21:47:01.186475+00:00
e8b56054-34e8-490a-b2bf-7968d73ce920,fUST,0.00014996986301369863,2,1,178.37677113,offer,2026-09-11T21:47:01.186475+00:00
e8b56054-34e8-490a-b2bf-7968d73ce920,fUST,0.00015,2,3,12094.19933878,offer,2026-09-11T21:47:01.186475+00:00
e8b56054-34e8-490a-b2bf-7968d73ce920,fUST,0.00015299,2,15,4500.0,offer,2026-09-11T21:47:01.186475+00:00
e8b56054-34e8-490a-b2bf-7968d73ce920,fUST,0.00015604,2,1,600.0,offer,2026-09-11T21:47:01.186475+00:00
e8b56054-34e8-490a-b2bf-7968d73ce920,fUST,0.00015818,2,1,272.81,offer,2026-09-11T21:47:01.186475+00:00
e8b56054-34e8-490a-b2bf-7968d73ce920,fUST,0.00016,2,1,221.85485818,offer,2026-09-11T21:47:01.186475+00:00
e8b56054-34e8-490a-b2bf-7968d73ce920,fUST,0.0001626429,2,1,1528.8079497,offer,2026-09-11T21:47:01.186475+00:00
e8b56054-34e8-490a-b2bf-7968d73ce920,fUST,0.00017,2,1,2148.90865949,offer,2026-09-11T21:47:01.186475+00:00
e8b56054-34e8-490a-b2bf-7968d73ce920,fUST,0.00017164,2,1,720.0,offer,2026-09-11T21:47:01.186475+00:00
e8b56054-34e8-490a-b2bf-7968d73ce920,fUST,0.00017256,2,1,272.81,offer,2026-09-11T21:47:01.186475+00:00
e8b56054-34e8-490a-b2bf-7968d73ce920,fUST,0.000180883,2,2,639.0,offer,2026-09-11T21:47:01.186475+00:00
e8b56054-34e8-490a-b2bf-7968d73ce920,fUST,0.0001860381917808219,2,2,373.71873168,offer,2026-09-11T21:47:01.186475+00:00
e8b56054-34e8-490a-b2bf-7968d73ce920,fUST,0.00018694,2,1,272.81,offer,2026-09-11T21:47:01.186475+00:00
e8b56054-34e8-490a-b2bf-7968d73ce920,fUST,0.00018881,2,1,864.0,offer,2026-09-11T21:47:01.186475+00:00
e8b56054-34e8-490a-b2bf-7968d73ce920,fUST,0.00019178,2,1,300.0,offer,2026-09-11T21:47:01.186475+00:00
e8b56054-34e8-490a-b2bf-7968d73ce920,fUST,0.00019385,2,1,282.74813773,offer,2026-09-11T21:47:01.186475+00:00
ea9265f6-7354-418c-8dc2-23af602aafe5,fUST,0.0002671232876712329,120,1,-4565007.43555233,demand,2026-09-11T22:47:01.188590+00:00
ea9265f6-7354-418c-8dc2-23af602aafe5,fUST,0.0002451287671232877,60,1,-4993001.48750336,demand,2026-09-11T22:47:01.188590+00:00
ea9265f6-7354-418c-8dc2-23af602aafe5,fUST,0.00024309315,120,1,-20000.0,demand,2026-09-11T22:47:01.188590+00:00
ea9265f6-7354-418c-8dc2-23af602aafe5,fUST,0.00016,60,19,-119484.48298844,demand,2026-09-11T22:47:01.188590+00:00
ea9265f6-7354-418c-8dc2-23af602aafe5,fUST,0.000152,60,1,-28000.0,demand,2026-09-11T22:47:01.188590+00:00
ea9265f6-7354-418c-8dc2-23af602aafe5,fUST,0.00015,120,1,-300000.0,demand,2026-09-11T22:47:01.188590+00:00
ea9265f6-7354-418c-8dc2-23af602aafe5,fUST,0.00015,45,23,-138668.928077,demand,2026-09-11T22:47:01.188590+00:00
ea9265f6-7354-418c-8dc2-23af602aafe5,fUST,0.00015,30,4,-17993.74,demand,2026-09-11T22:47:01.188590+00:00
ea9265f6-7354-418c-8dc2-23af602aafe5,fUST,0.0001421,45,1,-10000.0,demand,2026-09-11T22:47:01.188590+00:00
ea9265f6-7354-418c-8dc2-23af602aafe5,fUST,0.000142,45,2,-20000.0,demand,2026-09-11T22:47:01.188590+00:00
ea9265f6-7354-418c-8dc2-23af602aafe5,fUST,0.0001361,30,14,-48871.41107403,demand,2026-09-11T22:47:01.188590+00:00
ea9265f6-7354-418c-8dc2-23af602aafe5,fUST,0.000136,30,2,-14544.22120933,demand,2026-09-11T22:47:01.188590+00:00
ea9265f6-7354-418c-8dc2-23af602aafe5,fUST,0.000131,2,1,-2000.0,demand,2026-09-11T22:47:01.188590+00:00
ea9265f6-7354-418c-8dc2-23af602aafe5,fUST,0.00013,30,1,-28000.0,demand,2026-09-11T22:47:01.188590+00:00
ea9265f6-7354-418c-8dc2-23af602aafe5,fUST,0.0001226,12,1,-135216.16709793,demand,2026-09-11T22:47:01.188590+00:00
ea9265f6-7354-418c-8dc2-23af602aafe5,fUST,0.0001225,59,1,-95000.0,demand,2026-09-11T22:47:01.188590+00:00
ea9265f6-7354-418c-8dc2-23af602aafe5,fUST,0.0001222,29,1,-194504.86890568,demand,2026-09-11T22:47:01.188590+00:00
ea9265f6-7354-418c-8dc2-23af602aafe5,fUST,0.0001202,19,1,-184532.71737778,demand,2026-09-11T22:47:01.188590+00:00
ea9265f6-7354-418c-8dc2-23af602aafe5,fUST,0.00012,120,1,-30000.0,demand,2026-09-11T22:47:01.188590+00:00
ea9265f6-7354-418c-8dc2-23af602aafe5,fUST,0.0001181,7,1,-76938.0290271,demand,2026-09-11T22:47:01.188590+00:00
ea9265f6-7354-418c-8dc2-23af602aafe5,fUST,0.00011011,2,1,-792293.3635051,demand,2026-09-11T22:47:01.188590+00:00
ea9265f6-7354-418c-8dc2-23af602aafe5,fUST,0.0001101,2,3,-4366829.49373192,demand,2026-09-11T22:47:01.188590+00:00
ea9265f6-7354-418c-8dc2-23af602aafe5,fUST,0.000101,120,1,-293300.0,demand,2026-09-11T22:47:01.188590+00:00
ea9265f6-7354-418c-8dc2-23af602aafe5,fUST,0.0001,2,1,-1000.0,demand,2026-09-11T22:47:01.188590+00:00
ea9265f6-7354-418c-8dc2-23af602aafe5,fUST,0.0001,7,1,-1000.0,demand,2026-09-11T22:47:01.188590+00:00
ea9265f6-7354-418c-8dc2-23af602aafe5,fUST,0.00011214,2,1,8.85660298,offer,2026-09-11T22:47:01.188590+00:00
ea9265f6-7354-418c-8dc2-23af602aafe5,fUST,0.00011792794520547946,2,42,19582.08700469,offer,2026-09-11T22:47:01.188590+00:00
ea9265f6-7354-418c-8dc2-23af602aafe5,fUST,0.00011794794520547945,2,1,28936.43959462,offer,2026-09-11T22:47:01.188590+00:00
ea9265f6-7354-418c-8dc2-23af602aafe5,fUST,0.000118,5,1,27219.6332261,offer,2026-09-11T22:47:01.188590+00:00
ea9265f6-7354-418c-8dc2-23af602aafe5,fUST,0.000118,2,27,292484.52899419,offer,2026-09-11T22:47:01.188590+00:00
ea9265f6-7354-418c-8dc2-23af602aafe5,fUST,0.00012035,2,15,4500.0,offer,2026-09-11T22:47:01.188590+00:00
ea9265f6-7354-418c-8dc2-23af602aafe5,fUST,0.00012035999999999999,4,1,295.2662726,offer,2026-09-11T22:47:01.188590+00:00
ea9265f6-7354-418c-8dc2-23af602aafe5,fUST,0.00012276719999999999,5,1,295.2662726,offer,2026-09-11T22:47:01.188590+00:00
ea9265f6-7354-418c-8dc2-23af602aafe5,fUST,0.00012794890410958905,2,1,190.06741052,offer,2026-09-11T22:47:01.188590+00:00
ea9265f6-7354-418c-8dc2-23af602aafe5,fUST,0.00013,2,1,4100.13,offer,2026-09-11T22:47:01.188590+00:00
ea9265f6-7354-418c-8dc2-23af602aafe5,fUST,0.00013698,2,7,3574.79076846,offer,2026-09-11T22:47:01.188590+00:00
ea9265f6-7354-418c-8dc2-23af602aafe5,fUST,0.000136986301369863,2,3,647.530469,offer,2026-09-11T22:47:01.188590+00:00
ea9265f6-7354-418c-8dc2-23af602aafe5,fUST,0.00015,2,3,12094.19933878,offer,2026-09-11T22:47:01.188590+00:00
ea9265f6-7354-418c-8dc2-23af602aafe5,fUST,0.00015068493150684933,2,1,193.250905,offer,2026-09-11T22:47:01.188590+00:00
ea9265f6-7354-418c-8dc2-23af602aafe5,fUST,0.00015299,2,1,600.0,offer,2026-09-11T22:47:01.188590+00:00
ea9265f6-7354-418c-8dc2-23af602aafe5,fUST,0.00016,2,1,221.85485818,offer,2026-09-11T22:47:01.188590+00:00
ea9265f6-7354-418c-8dc2-23af602aafe5,fUST,0.0001643836,2,1,175.4997,offer,2026-09-11T22:47:01.188590+00:00
ea9265f6-7354-418c-8dc2-23af602aafe5,fUST,0.0001653836,2,1,175.4998,offer,2026-09-11T22:47:01.188590+00:00
ea9265f6-7354-418c-8dc2-23af602aafe5,fUST,0.00016608708333333335,2,5,28568.63815668,offer,2026-09-11T22:47:01.188590+00:00
ea9265f6-7354-418c-8dc2-23af602aafe5,fUST,0.00016608708333333335,7,1,295.2662726,offer,2026-09-11T22:47:01.188590+00:00
ea9265f6-7354-418c-8dc2-23af602aafe5,fUST,0.00016829,2,1,720.0,offer,2026-09-11T22:47:01.188590+00:00
ea9265f6-7354-418c-8dc2-23af602aafe5,fUST,0.000169511,2,1,184.636004,offer,2026-09-11T22:47:01.188590+00:00
ea9265f6-7354-418c-8dc2-23af602aafe5,fUST,0.00017,2,1,2148.90865949,offer,2026-09-11T22:47:01.188590+00:00
ea9265f6-7354-418c-8dc2-23af602aafe5,fUST,0.00018512,2,1,864.0,offer,2026-09-11T22:47:01.188590+00:00
ea9265f6-7354-418c-8dc2-23af602aafe5,fUST,0.00018591,2,3,500.86449518,offer,2026-09-11T22:47:01.188590+00:00
b8e19e49-4a70-42c6-a416-8a6eca7273ad,fUST,0.0002671232876712329,120,1,-4565007.43555233,demand,2026-09-11T23:47:01.357414+00:00
b8e19e49-4a70-42c6-a416-8a6eca7273ad,fUST,0.0002447123287671233,60,1,-4992501.48750336,demand,2026-09-11T23:47:01.357414+00:00
b8e19e49-4a70-42c6-a416-8a6eca7273ad,fUST,0.00024309315,120,1,-20000.0,demand,2026-09-11T23:47:01.357414+00:00
b8e19e49-4a70-42c6-a416-8a6eca7273ad,fUST,0.00016,60,19,-119484.48298844,demand,2026-09-11T23:47:01.357414+00:00
b8e19e49-4a70-42c6-a416-8a6eca7273ad,fUST,0.000152,60,1,-28000.0,demand,2026-09-11T23:47:01.357414+00:00
b8e19e49-4a70-42c6-a416-8a6eca7273ad,fUST,0.00015,120,1,-300000.0,demand,2026-09-11T23:47:01.357414+00:00
b8e19e49-4a70-42c6-a416-8a6eca7273ad,fUST,0.00015,45,23,-138668.928077,demand,2026-09-11T23:47:01.357414+00:00
b8e19e49-4a70-42c6-a416-8a6eca7273ad,fUST,0.00015,30,4,-17993.74,demand,2026-09-11T23:47:01.357414+00:00
b8e19e49-4a70-42c6-a416-8a6eca7273ad,fUST,0.0001421,45,1,-10000.0,demand,2026-09-11T23:47:01.357414+00:00
b8e19e49-4a70-42c6-a416-8a6eca7273ad,fUST,0.000142,45,2,-20000.0,demand,2026-09-11T23:47:01.357414+00:00
b8e19e49-4a70-42c6-a416-8a6eca7273ad,fUST,0.0001361,30,14,-48871.41107403,demand,2026-09-11T23:47:01.357414+00:00
b8e19e49-4a70-42c6-a416-8a6eca7273ad,fUST,0.000136,30,2,-14544.22120933,demand,2026-09-11T23:47:01.357414+00:00
b8e19e49-4a70-42c6-a416-8a6eca7273ad,fUST,0.000131,2,1,-2000.0,demand,2026-09-11T23:47:01.357414+00:00
b8e19e49-4a70-42c6-a416-8a6eca7273ad,fUST,0.00013,30,1,-28000.0,demand,2026-09-11T23:47:01.357414+00:00
b8e19e49-4a70-42c6-a416-8a6eca7273ad,fUST,0.0001226,12,1,-135216.16709793,demand,2026-09-11T23:47:01.357414+00:00
b8e19e49-4a70-42c6-a416-8a6eca7273ad,fUST,0.0001225,59,1,-95000.0,demand,2026-09-11T23:47:01.357414+00:00
b8e19e49-4a70-42c6-a416-8a6eca7273ad,fUST,0.0001222,29,1,-194504.86890568,demand,2026-09-11T23:47:01.357414+00:00
b8e19e49-4a70-42c6-a416-8a6eca7273ad,fUST,0.0001202,19,1,-184532.71737778,demand,2026-09-11T23:47:01.357414+00:00
b8e19e49-4a70-42c6-a416-8a6eca7273ad,fUST,0.00012,120,1,-30000.0,demand,2026-09-11T23:47:01.357414+00:00
b8e19e49-4a70-42c6-a416-8a6eca7273ad,fUST,0.0001181,7,1,-76938.0290271,demand,2026-09-11T23:47:01.357414+00:00
b8e19e49-4a70-42c6-a416-8a6eca7273ad,fUST,0.00011011,2,1,-713475.0191881,demand,2026-09-11T23:47:01.357414+00:00
b8e19e49-4a70-42c6-a416-8a6eca7273ad,fUST,0.0001101,2,3,-4366829.49373192,demand,2026-09-11T23:47:01.357414+00:00
b8e19e49-4a70-42c6-a416-8a6eca7273ad,fUST,0.000101,120,1,-293300.0,demand,2026-09-11T23:47:01.357414+00:00
b8e19e49-4a70-42c6-a416-8a6eca7273ad,fUST,0.0001,2,1,-1000.0,demand,2026-09-11T23:47:01.357414+00:00
b8e19e49-4a70-42c6-a416-8a6eca7273ad,fUST,0.0001,7,1,-1000.0,demand,2026-09-11T23:47:01.357414+00:00
b8e19e49-4a70-42c6-a416-8a6eca7273ad,fUST,0.00011799,2,1,370.58447622,offer,2026-09-11T23:47:01.357414+00:00
b8e19e49-4a70-42c6-a416-8a6eca7273ad,fUST,0.000118,5,1,8974.96164295,offer,2026-09-11T23:47:01.357414+00:00
b8e19e49-4a70-42c6-a416-8a6eca7273ad,fUST,0.00013365205479452054,14,1,205.65152079,offer,2026-09-11T23:47:01.357414+00:00
b8e19e49-4a70-42c6-a416-8a6eca7273ad,fUST,0.00017,2,1,14431.48620271,offer,2026-09-11T23:47:01.357414+00:00
b8e19e49-4a70-42c6-a416-8a6eca7273ad,fUST,0.00017338904109589042,2,1,442.21634057,offer,2026-09-11T23:47:01.357414+00:00
b8e19e49-4a70-42c6-a416-8a6eca7273ad,fUST,0.00017339,2,15,4500.0,offer,2026-09-11T23:47:01.357414+00:00
b8e19e49-4a70-42c6-a416-8a6eca7273ad,fUST,0.00017685,2,1,600.0,offer,2026-09-11T23:47:01.357414+00:00
b8e19e49-4a70-42c6-a416-8a6eca7273ad,fUST,0.00018619086301369862,2,1,182.86304873,offer,2026-09-11T23:47:01.357414+00:00
b8e19e49-4a70-42c6-a416-8a6eca7273ad,fUST,0.00019443550249999996,2,1,196.71676868,offer,2026-09-11T23:47:01.357414+00:00
b8e19e49-4a70-42c6-a416-8a6eca7273ad,fUST,0.00019445027397260275,2,2,544.6707669,offer,2026-09-11T23:47:01.357414+00:00
b8e19e49-4a70-42c6-a416-8a6eca7273ad,fUST,0.00019453,2,1,720.0,offer,2026-09-11T23:47:01.357414+00:00
b8e19e49-4a70-42c6-a416-8a6eca7273ad,fUST,0.000197,2,3,1111.87384793,offer,2026-09-11T23:47:01.357414+00:00
b8e19e49-4a70-42c6-a416-8a6eca7273ad,fUST,0.00019706,2,1,500.0,offer,2026-09-11T23:47:01.357414+00:00
b8e19e49-4a70-42c6-a416-8a6eca7273ad,fUST,0.00019706,7,1,419.26332023,offer,2026-09-11T23:47:01.357414+00:00
b8e19e49-4a70-42c6-a416-8a6eca7273ad,fUST,0.0001976638167,2,1,526.410695,offer,2026-09-11T23:47:01.357414+00:00
b8e19e49-4a70-42c6-a416-8a6eca7273ad,fUST,0.00019795,2,1,2294.89468887,offer,2026-09-11T23:47:01.357414+00:00
b8e19e49-4a70-42c6-a416-8a6eca7273ad,fUST,0.000199,2,3,1111.87384793,offer,2026-09-11T23:47:01.357414+00:00
b8e19e49-4a70-42c6-a416-8a6eca7273ad,fUST,0.00019995654794520548,2,2,906.47848508,offer,2026-09-11T23:47:01.357414+00:00
b8e19e49-4a70-42c6-a416-8a6eca7273ad,fUST,0.00019998,2,11,157610.23147121,offer,2026-09-11T23:47:01.357414+00:00
b8e19e49-4a70-42c6-a416-8a6eca7273ad,fUST,0.00019999,2,6,1501055.924453,offer,2026-09-11T23:47:01.357414+00:00
b8e19e49-4a70-42c6-a416-8a6eca7273ad,fUST,0.0001999901,2,1,1232.83,offer,2026-09-11T23:47:01.357414+00:00
b8e19e49-4a70-42c6-a416-8a6eca7273ad,fUST,0.0002,2,9,149853.79971072,offer,2026-09-11T23:47:01.357414+00:00
b8e19e49-4a70-42c6-a416-8a6eca7273ad,fUST,0.0002,7,1,150.76571688,offer,2026-09-11T23:47:01.357414+00:00
b8e19e49-4a70-42c6-a416-8a6eca7273ad,fUST,0.00020067,2,1,182.915,offer,2026-09-11T23:47:01.357414+00:00
b8e19e49-4a70-42c6-a416-8a6eca7273ad,fUST,0.000201,2,3,1111.87384793,offer,2026-09-11T23:47:01.357414+00:00
