run_id,market,rate,period,count,amount,side,fetched_at
a20223ea-0da0-44f5-b70d-9a6ff2039710,fUST,0.0002671232876712329,120,1,-2836244.77777942,demand,2026-09-15T00:47:01.934235+00:00
a20223ea-0da0-44f5-b70d-9a6ff2039710,fUST,0.0002478328767123288,60,1,-2112142.4672015,demand,2026-09-15T00:47:01.934235+00:00
a20223ea-0da0-44f5-b70d-9a6ff2039710,fUST,0.00024309315,120,1,-20000.0,demand,2026-09-15T00:47:01.934235+00:00
a20223ea-0da0-44f5-b70d-9a6ff2039710,fUST,0.000230827397,31,1,-267.7384726,demand,2026-09-15T00:47:01.934235+00:00
a20223ea-0da0-44f5-b70d-9a6ff2039710,fUST,0.00016,60,18,-115000.0,demand,2026-09-15T00:47:01.934235+00:00
a20223ea-0da0-44f5-b70d-9a6ff2039710,fUST,0.00015681,2,1,-64699.35731749,demand,2026-09-15T00:47:01.934235+00:00
a20223ea-0da0-44f5-b70d-9a6ff2039710,fUST,0.000152999999,7,1,-43.37146877,demand,2026-09-15T00:47:01.934235+00:00
a20223ea-0da0-44f5-b70d-9a6ff2039710,fUST,0.000152,60,1,-28000.0,demand,2026-09-15T00:47:01.934235+00:00
a20223ea-0da0-44f5-b70d-9a6ff2039710,fUST,0.00015,120,1,-300000.0,demand,2026-09-15T00:47:01.934235+00:00
a20223ea-0da0-44f5-b70d-9a6ff2039710,fUST,0.00015,45,23,-138668.928077,demand,2026-09-15T00:47:01.934235+00:00
a20223ea-0da0-44f5-b70d-9a6ff2039710,fUST,0.00015,2,1,-10000.0,demand,2026-09-15T00:47:01.934235+00:00
a20223ea-0da0-44f5-b70d-9a6ff2039710,fUST,0.0001421,45,1,-10000.0,demand,2026-09-15T00:47:01.934235+00:00
a20223ea-0da0-44f5-b70d-9a6ff2039710,fUST,0.000142,45,2,-20000.0,demand,2026-09-15T00:47:01.934235+00:00
a20223ea-0da0-44f5-b70d-9a6ff2039710,fUST,0.00014,7,1,-10000.0,demand,2026-09-15T00:47:01.934235+00:00
a20223ea-0da0-44f5-b70d-9a6ff2039710,fUST,0.000137,2,1,-668467.55289564,demand,2026-09-15T00:47:01.934235+00:00
a20223ea-0da0-44f5-b70d-9a6ff2039710,fUST,0.0001361,30,23,-93124.47696771,demand,2026-09-15T00:47:01.934235+00:00
a20223ea-0da0-44f5-b70d-9a6ff2039710,fUST,0.000136,30,2,-14544.22120933,demand,2026-09-15T00:47:01.934235+00:00
a20223ea-0da0-44f5-b70d-9a6ff2039710,fUST,0.00013103,2,1,-285058.62536861,demand,2026-09-15T00:47:01.934235+00:00
a20223ea-0da0-44f5-b70d-9a6ff2039710,fUST,0.00013102,2,1,-366829.49373192,demand,2026-09-15T00:47:01.934235+00:00
a20223ea-0da0-44f5-b70d-9a6ff2039710,fUST,0.000131,2,3,-2576906.89108704,demand,2026-09-15T00:47:01.934235+00:00
a20223ea-0da0-44f5-b70d-9a6ff2039710,fUST,0.00013,30,1,-28000.0,demand,2026-09-15T00:47:01.934235+00:00
a20223ea-0da0-44f5-b70d-9a6ff2039710,fUST,0.00013,2,1,-1000.0,demand,2026-09-15T00:47:01.934235+00:00
a20223ea-0da0-44f5-b70d-9a6ff2039710,fUST,0.00013,7,1,-1000.0,demand,2026-09-15T00:47:01.934235+00:00
a20223ea-0da0-44f5-b70d-9a6ff2039710,fUST,0.00013,5,1,-1000.0,demand,2026-09-15T00:47:01.934235+00:00
a20223ea-0da0-44f5-b70d-9a6ff2039710,fUST,0.00013,14,1,-1000.0,demand,2026-09-15T00:47:01.934235+00:00
a20223ea-0da0-44f5-b70d-9a6ff2039710,fUST,0.00015,2,1,896.16,offer,2026-09-15T00:47:01.934235+00:00
a20223ea-0da0-44f5-b70d-9a6ff2039710,fUST,0.00015299999999999998,7,1,264.16628846,offer,2026-09-15T00:47:01.934235+00:00
a20223ea-0da0-44f5-b70d-9a6ff2039710,fUST,0.000155,7,3,1500.0,offer,2026-09-15T00:47:01.934235+00:00
a20223ea-0da0-44f5-b70d-9a6ff2039710,fUST,0.00015681,2,3,6368.09401126,offer,2026-09-15T00:47:01.934235+00:00
a20223ea-0da0-44f5-b70d-9a6ff2039710,fUST,0.000162,7,1,396.2494327,offer,2026-09-15T00:47:01.934235+00:00
a20223ea-0da0-44f5-b70d-9a6ff2039710,fUST,0.000162,2,3,1875.30282089,offer,2026-09-15T00:47:01.934235+00:00
a20223ea-0da0-44f5-b70d-9a6ff2039710,fUST,0.00016355,2,1,896.17,offer,2026-09-15T00:47:01.934235+00:00
a20223ea-0da0-44f5-b70d-9a6ff2039710,fUST,0.00016438356164383562,2,1,275.67023745,offer,2026-09-15T00:47:01.934235+00:00
a20223ea-0da0-44f5-b70d-9a6ff2039710,fUST,0.0001643836,2,6,1000.02,offer,2026-09-15T00:47:01.934235+00:00
a20223ea-0da0-44f5-b70d-9a6ff2039710,fUST,0.00016685,2,1,174.0,offer,2026-09-15T00:47:01.934235+00:00
a20223ea-0da0-44f5-b70d-9a6ff2039710,fUST,0.0001783621,2,1,173.706456,offer,2026-09-15T00:47:01.934235+00:00
a20223ea-0da0-44f5-b70d-9a6ff2039710,fUST,0.0001787795,4,1,276.4611143,offer,2026-09-15T00:47:01.934235+00:00
a20223ea-0da0-44f5-b70d-9a6ff2039710,fUST,0.0001790177,2,1,172.900251,offer,2026-09-15T00:47:01.934235+00:00
a20223ea-0da0-44f5-b70d-9a6ff2039710,fUST,0.0001795548,2,1,2546.3934027,offer,2026-09-15T00:47:01.934235+00:00
a20223ea-0da0-44f5-b70d-9a6ff2039710,fUST,0.0001812045312,2,1,505.3327731,offer,2026-09-15T00:47:01.934235+00:00
a20223ea-0da0-44f5-b70d-9a6ff2039710,fUST,0.000188116,2,1,199.6142383,offer,2026-09-15T00:47:01.934235+00:00
a20223ea-0da0-44f5-b70d-9a6ff2039710,fUST,0.0001890610821917808,2,1,200.66807019,offer,2026-09-15T00:47:01.934235+00:00
a20223ea-0da0-44f5-b70d-9a6ff2039710,fUST,0.00018906871575342466,2,3,540.91009777,offer,2026-09-15T00:47:01.934235+00:00
a20223ea-0da0-44f5-b70d-9a6ff2039710,fUST,0.00018910433904109587,2,2,557.22641338,offer,2026-09-15T00:47:01.934235+00:00
a20223ea-0da0-44f5-b70d-9a6ff2039710,fUST,0.00019028493152,2,1,347.9787786,offer,2026-09-15T00:47:01.934235+00:00
a20223ea-0da0-44f5-b70d-9a6ff2039710,fUST,0.000191249,2,1,188.0,offer,2026-09-15T00:47:01.934235+00:00
a20223ea-0da0-44f5-b70d-9a6ff2039710,fUST,0.00019234966666666667,2,3,482.17190474,offer,2026-09-15T00:47:01.934235+00:00
a20223ea-0da0-44f5-b70d-9a6ff2039710,fUST,0.00019716999514100803,2,1,417.15472785,offer,2026-09-15T00:47:01.934235+00:00
a20223ea-0da0-44f5-b70d-9a6ff2039710,fUST,0.00019742479452054793,2,6,1399.68788573,offer,2026-09-15T00:47:01.934235+00:00
a20223ea-0da0-44f5-b70d-9a6ff2039710,fUST,0.00019743270547945205,2,8,2659.54311664,offer,2026-09-15T00:47:01.934235+00:00
a06db435-5776-4138-b8b0-9c6b6f601ebd,fUST,0.0002671232876712329,120,1,-2835178.06183057,demand,2026-09-15T01:47:01.882562+00:00
a06db435-5776-4138-b8b0-9c6b6f601ebd,fUST,0.00024781917808219177,60,1,-2101472.05212632,demand,2026-09-15T01:47:01.882562+00:00
a06db435-5776-4138-b8b0-9c6b6f601ebd,fUST,0.00024309315,120,1,-20000.0,demand,2026-09-15T01:47:01.882562+00:00
a06db435-5776-4138-b8b0-9c6b6f601ebd,fUST,0.000230827397,31,1,-83.0586456,demand,2026-09-15T01:47:01.882562+00:00
a06db435-5776-4138-b8b0-9c6b6f601ebd,fUST,0.00016,60,18,-115000.0,demand,2026-09-15T01:47:01.882562+00:00
a06db435-5776-4138-b8b0-9c6b6f601ebd,fUST,0.00015681,2,1,-64699.35731749,demand,2026-09-15T01:47:01.882562+00:00
a06db435-5776-4138-b8b0-9c6b6f601ebd,fUST,0.000152999999,7,1,-43.37146877,demand,2026-09-15T01:47:01.882562+00:00
a06db435-5776-4138-b8b0-9c6b6f601ebd,fUST,0.000152,60,1,-28000.0,demand,2026-09-15T01:47:01.882562+00:00
a06db435-5776-4138-b8b0-9c6b6f601ebd,fUST,0.00015,120,1,-300000.0,demand,2026-09-15T01:47:01.882562+00:00
a06db435-5776-4138-b8b0-9c6b6f601ebd,fUST,0.00015,45,23,-138668.928077,demand,2026-09-15T01:47:01.882562+00:00
a06db435-5776-4138-b8b0-9c6b6f601ebd,fUST,0.00015,2,1,-10000.0,demand,2026-09-15T01:47:01.882562+00:00
a06db435-5776-4138-b8b0-9c6b6f601ebd,fUST,0.0001421,45,1,-10000.0,demand,2026-09-15T01:47:01.882562+00:00
a06db435-5776-4138-b8b0-9c6b6f601ebd,fUST,0.000142,45,2,-20000.0,demand,2026-09-15T01:47:01.882562+00:00
a06db435-5776-4138-b8b0-9c6b6f601ebd,fUST,0.00014,7,1,-10000.0,demand,2026-09-15T01:47:01.882562+00:00
a06db435-5776-4138-b8b0-9c6b6f601ebd,fUST,0.000137,2,1,-652964.74377465,demand,2026-09-15T01:47:01.882562+00:00
a06db435-5776-4138-b8b0-9c6b6f601ebd,fUST,0.0001361,30,23,-93124.47696771,demand,2026-09-15T01:47:01.882562+00:00
a06db435-5776-4138-b8b0-9c6b6f601ebd,fUST,0.000136,30,2,-14544.22120933,demand,2026-09-15T01:47:01.882562+00:00
a06db435-5776-4138-b8b0-9c6b6f601ebd,fUST,0.00013103,2,1,-285058.62536861,demand,2026-09-15T01:47:01.882562+00:00
a06db435-5776-4138-b8b0-9c6b6f601ebd,fUST,0.00013102,2,1,-366829.49373192,demand,2026-09-15T01:47:01.882562+00:00
a06db435-5776-4138-b8b0-9c6b6f601ebd,fUST,0.000131,2,3,-2576906.89108704,demand,2026-09-15T01:47:01.882562+00:00
a06db435-5776-4138-b8b0-9c6b6f601ebd,fUST,0.00013,30,1,-28000.0,demand,2026-09-15T01:47:01.882562+00:00
a06db435-5776-4138-b8b0-9c6b6f601ebd,fUST,0.00013,2,1,-1000.0,demand,2026-09-15T01:47:01.882562+00:00
a06db435-5776-4138-b8b0-9c6b6f601ebd,fUST,0.00013,7,1,-1000.0,demand,2026-09-15T01:47:01.882562+00:00
a06db435-5776-4138-b8b0-9c6b6f601ebd,fUST,0.00013,5,1,-1000.0,demand,2026-09-15T01:47:01.882562+00:00
a06db435-5776-4138-b8b0-9c6b6f601ebd,fUST,0.00013,14,1,-1000.0,demand,2026-09-15T01:47:01.882562+00:00
a06db435-5776-4138-b8b0-9c6b6f601ebd,fUST,0.0001521057,2,1,151.0,offer,2026-09-15T01:47:01.882562+00:00
a06db435-5776-4138-b8b0-9c6b6f601ebd,fUST,0.00015211,2,1,222.96,offer,2026-09-15T01:47:01.882562+00:00
a06db435-5776-4138-b8b0-9c6b6f601ebd,fUST,0.00015616438356164385,3,1,169.377,offer,2026-09-15T01:47:01.882562+00:00
a06db435-5776-4138-b8b0-9c6b6f601ebd,fUST,0.00015681,2,2,7328.98247904,offer,2026-09-15T01:47:01.882562+00:00
a06db435-5776-4138-b8b0-9c6b6f601ebd,fUST,0.00016732,2,1,222.96,offer,2026-09-15T01:47:01.882562+00:00
a06db435-5776-4138-b8b0-9c6b6f601ebd,fUST,0.0001711117,2,1,840.60501201,offer,2026-09-15T01:47:01.882562+00:00
a06db435-5776-4138-b8b0-9c6b6f601ebd,fUST,0.0001779878,2,2,2605.52602674,offer,2026-09-15T01:47:01.882562+00:00
a06db435-5776-4138-b8b0-9c6b6f601ebd,fUST,0.0001784182,2,1,500.0,offer,2026-09-15T01:47:01.882562+00:00
a06db435-5776-4138-b8b0-9c6b6f601ebd,fUST,0.0001784282,2,1,1192.6023663,offer,2026-09-15T01:47:01.882562+00:00
a06db435-5776-4138-b8b0-9c6b6f601ebd,fUST,0.0001785112,2,1,176.9283345,offer,2026-09-15T01:47:01.882562+00:00
a06db435-5776-4138-b8b0-9c6b6f601ebd,fUST,0.00018403835616438355,2,1,549.13448477,offer,2026-09-15T01:47:01.882562+00:00
a06db435-5776-4138-b8b0-9c6b6f601ebd,fUST,0.0001840486032,2,1,833.8213199,offer,2026-09-15T01:47:01.882562+00:00
a06db435-5776-4138-b8b0-9c6b6f601ebd,fUST,0.00018713482888184282,2,1,221.35603298,offer,2026-09-15T01:47:01.882562+00:00
a06db435-5776-4138-b8b0-9c6b6f601ebd,fUST,0.00018716450545252654,2,1,417.15472785,offer,2026-09-15T01:47:01.882562+00:00
a06db435-5776-4138-b8b0-9c6b6f601ebd,fUST,0.0001890661712328767,2,2,972.967063,offer,2026-09-15T01:47:01.882562+00:00
a06db435-5776-4138-b8b0-9c6b6f601ebd,fUST,0.00018909161643835615,2,3,644.83027623,offer,2026-09-15T01:47:01.882562+00:00
a06db435-5776-4138-b8b0-9c6b6f601ebd,fUST,0.00019047009166666667,2,5,1250.80596397,offer,2026-09-15T01:47:01.882562+00:00
a06db435-5776-4138-b8b0-9c6b6f601ebd,fUST,0.000193055,2,1,188.0,offer,2026-09-15T01:47:01.882562+00:00
a06db435-5776-4138-b8b0-9c6b6f601ebd,fUST,0.00019400000000000005,2,1,543.86388766,offer,2026-09-15T01:47:01.882562+00:00
a06db435-5776-4138-b8b0-9c6b6f601ebd,fUST,0.00019595009166666665,2,2,659.25653726,offer,2026-09-15T01:47:01.882562+00:00
a06db435-5776-4138-b8b0-9c6b6f601ebd,fUST,0.00019600000000000005,2,1,543.86388766,offer,2026-09-15T01:47:01.882562+00:00
a06db435-5776-4138-b8b0-9c6b6f601ebd,fUST,0.0001970555202,2,1,516.478979,offer,2026-09-15T01:47:01.882562+00:00
a06db435-5776-4138-b8b0-9c6b6f601ebd,fUST,0.00019743006849315067,2,2,1026.87056473,offer,2026-09-15T01:47:01.882562+00:00
a06db435-5776-4138-b8b0-9c6b6f601ebd,fUST,0.00019745643835616437,2,5,1633.08283242,offer,2026-09-15T01:47:01.882562+00:00
a06db435-5776-4138-b8b0-9c6b6f601ebd,fUST,0.00019749,2,1,500.0,offer,2026-09-15T01:47:01.882562+00:00
797c7dcb-b99c-4323-bb97-ddeb87fe2393,fUST,0.0002671232876712329,120,1,-2832990.33767007,demand,2026-09-15T02:47:01.932204+00:00
797c7dcb-b99c-4323-bb97-ddeb87fe2393,fUST,0.0002478109589041096,60,1,-2097096.00892156,demand,2026-09-15T02:47:01.932204+00:00
797c7dcb-b99c-4323-bb97-ddeb87fe2393,fUST,0.00024309315,120,1,-20000.0,demand,2026-09-15T02:47:01.932204+00:00
797c7dcb-b99c-4323-bb97-ddeb87fe2393,fUST,0.000230827397,31,1,-83.0586456,demand,2026-09-15T02:47:01.932204+00:00
797c7dcb-b99c-4323-bb97-ddeb87fe2393,fUST,0.00016,60,18,-115000.0,demand,2026-09-15T02:47:01.932204+00:00
797c7dcb-b99c-4323-bb97-ddeb87fe2393,fUST,0.00015681,2,1,-64699.35731749,demand,2026-09-15T02:47:01.932204+00:00
797c7dcb-b99c-4323-bb97-ddeb87fe2393,fUST,0.000152,60,1,-28000.0,demand,2026-09-15T02:47:01.932204+00:00
797c7dcb-b99c-4323-bb97-ddeb87fe2393,fUST,0.00015,120,1,-300000.0,demand,2026-09-15T02:47:01.932204+00:00
797c7dcb-b99c-4323-bb97-ddeb87fe2393,fUST,0.00015,45,23,-138668.928077,demand,2026-09-15T02:47:01.932204+00:00
797c7dcb-b99c-4323-bb97-ddeb87fe2393,fUST,0.00015,2,1,-10000.0,demand,2026-09-15T02:47:01.932204+00:00
797c7dcb-b99c-4323-bb97-ddeb87fe2393,fUST,0.0001421,45,1,-10000.0,demand,2026-09-15T02:47:01.932204+00:00
797c7dcb-b99c-4323-bb97-ddeb87fe2393,fUST,0.000142,45,2,-20000.0,demand,2026-09-15T02:47:01.932204+00:00
797c7dcb-b99c-4323-bb97-ddeb87fe2393,fUST,0.00014,7,1,-10000.0,demand,2026-09-15T02:47:01.932204+00:00
797c7dcb-b99c-4323-bb97-ddeb87fe2393,fUST,0.000137,2,1,-652964.74377465,demand,2026-09-15T02:47:01.932204+00:00
797c7dcb-b99c-4323-bb97-ddeb87fe2393,fUST,0.0001361,30,23,-93124.47696771,demand,2026-09-15T02:47:01.932204+00:00
797c7dcb-b99c-4323-bb97-ddeb87fe2393,fUST,0.000136,30,2,-14544.22120933,demand,2026-09-15T02:47:01.932204+00:00
797c7dcb-b99c-4323-bb97-ddeb87fe2393,fUST,0.00013103,2,1,-285058.62536861,demand,2026-09-15T02:47:01.932204+00:00
797c7dcb-b99c-4323-bb97-ddeb87fe2393,fUST,0.00013102,2,1,-366829.49373192,demand,2026-09-15T02:47:01.932204+00:00
797c7dcb-b99c-4323-bb97-ddeb87fe2393,fUST,0.000131,2,3,-2576906.89108704,demand,2026-09-15T02:47:01.932204+00:00
797c7dcb-b99c-4323-bb97-ddeb87fe2393,fUST,0.00013,30,1,-28000.0,demand,2026-09-15T02:47:01.932204+00:00
797c7dcb-b99c-4323-bb97-ddeb87fe2393,fUST,0.00013,2,1,-1000.0,demand,2026-09-15T02:47:01.932204+00:00
797c7dcb-b99c-4323-bb97-ddeb87fe2393,fUST,0.00013,7,1,-1000.0,demand,2026-09-15T02:47:01.932204+00:00
797c7dcb-b99c-4323-bb97-ddeb87fe2393,fUST,0.00013,5,1,-1000.0,demand,2026-09-15T02:47:01.932204+00:00
797c7dcb-b99c-4323-bb97-ddeb87fe2393,fUST,0.00013,14,1,-1000.0,demand,2026-09-15T02:47:01.932204+00:00
797c7dcb-b99c-4323-bb97-ddeb87fe2393,fUST,0.0001226,12,1,-135216.16709793,demand,2026-09-15T02:47:01.932204+00:00
797c7dcb-b99c-4323-bb97-ddeb87fe2393,fUST,0.0001633,2,1,5000.0,offer,2026-09-15T02:47:01.932204+00:00
797c7dcb-b99c-4323-bb97-ddeb87fe2393,fUST,0.0001683,2,1,198.5,offer,2026-09-15T02:47:01.932204+00:00
797c7dcb-b99c-4323-bb97-ddeb87fe2393,fUST,0.00017,2,1,2844.3927913,offer,2026-09-15T02:47:01.932204+00:00
797c7dcb-b99c-4323-bb97-ddeb87fe2393,fUST,0.0001733,2,1,181.42603667,offer,2026-09-15T02:47:01.932204+00:00
797c7dcb-b99c-4323-bb97-ddeb87fe2393,fUST,0.00018325092689072269,2,1,417.15472785,offer,2026-09-15T02:47:01.932204+00:00
797c7dcb-b99c-4323-bb97-ddeb87fe2393,fUST,0.00018325238137279634,2,1,160.0,offer,2026-09-15T02:47:01.932204+00:00
797c7dcb-b99c-4323-bb97-ddeb87fe2393,fUST,0.00018513,2,1,198.5,offer,2026-09-15T02:47:01.932204+00:00
797c7dcb-b99c-4323-bb97-ddeb87fe2393,fUST,0.00018704188044978755,2,1,221.392409,offer,2026-09-15T02:47:01.932204+00:00
797c7dcb-b99c-4323-bb97-ddeb87fe2393,fUST,0.0001890203698630137,2,2,437.93030292,offer,2026-09-15T02:47:01.932204+00:00
797c7dcb-b99c-4323-bb97-ddeb87fe2393,fUST,0.00019400000000000005,2,1,543.86388767,offer,2026-09-15T02:47:01.932204+00:00
797c7dcb-b99c-4323-bb97-ddeb87fe2393,fUST,0.000194013,2,1,188.0,offer,2026-09-15T02:47:01.932204+00:00
797c7dcb-b99c-4323-bb97-ddeb87fe2393,fUST,0.000196,30,1,1976.0,offer,2026-09-15T02:47:01.932204+00:00
797c7dcb-b99c-4323-bb97-ddeb87fe2393,fUST,0.00019738260273972604,2,2,875.86060583,offer,2026-09-15T02:47:01.932204+00:00
797c7dcb-b99c-4323-bb97-ddeb87fe2393,fUST,0.00019742215753424657,2,1,154.65071605,offer,2026-09-15T02:47:01.932204+00:00
797c7dcb-b99c-4323-bb97-ddeb87fe2393,fUST,0.00019800000000000004,2,1,543.86388767,offer,2026-09-15T02:47:01.932204+00:00
797c7dcb-b99c-4323-bb97-ddeb87fe2393,fUST,0.00019804016666666668,2,1,159.1648423,offer,2026-09-15T02:47:01.932204+00:00
797c7dcb-b99c-4323-bb97-ddeb87fe2393,fUST,0.00019822928142698704,2,1,379.52918364,offer,2026-09-15T02:47:01.932204+00:00
797c7dcb-b99c-4323-bb97-ddeb87fe2393,fUST,0.00019837,2,10,5027.69930137,offer,2026-09-15T02:47:01.932204+00:00
797c7dcb-b99c-4323-bb97-ddeb87fe2393,fUST,0.0001984,2,1,258.75576642,offer,2026-09-15T02:47:01.932204+00:00
797c7dcb-b99c-4323-bb97-ddeb87fe2393,fUST,0.0001993803,2,1,158.55415991,offer,2026-09-15T02:47:01.932204+00:00
797c7dcb-b99c-4323-bb97-ddeb87fe2393,fUST,0.00019949,2,8,3179.59178402,offer,2026-09-15T02:47:01.932204+00:00
797c7dcb-b99c-4323-bb97-ddeb87fe2393,fUST,0.0001995,2,20,255149.28336048,offer,2026-09-15T02:47:01.932204+00:00
797c7dcb-b99c-4323-bb97-ddeb87fe2393,fUST,0.00019996,2,1,500.0,offer,2026-09-15T02:47:01.932204+00:00
797c7dcb-b99c-4323-bb97-ddeb87fe2393,fUST,0.00019998,2,2,1000.0,offer,2026-09-15T02:47:01.932204+00:00
797c7dcb-b99c-4323-bb97-ddeb87fe2393,fUST,0.00019999,2,1,29595.72827122,offer,2026-09-15T02:47:01.932204+00:00
6496e680-04cf-40bc-97db-503426c1f9c0,fUST,0.0002671232876712329,120,1,-2687822.83767007,demand,2026-09-15T03:47:02.278134+00:00
6496e680-04cf-40bc-97db-503426c1f9c0,fUST,0.0002478054794520548,60,1,-2095785.39786315,demand,2026-09-15T03:47:02.278134+00:00
6496e680-04cf-40bc-97db-503426c1f9c0,fUST,0.00024309315,120,1,-20000.0,demand,2026-09-15T03:47:02.278134+00:00
6496e680-04cf-40bc-97db-503426c1f9c0,fUST,0.000230827397,31,1,-83.0586456,demand,2026-09-15T03:47:02.278134+00:00
6496e680-04cf-40bc-97db-503426c1f9c0,fUST,0.00016,60,18,-115000.0,demand,2026-09-15T03:47:02.278134+00:00
6496e680-04cf-40bc-97db-503426c1f9c0,fUST,0.00016,30,1,-5000.0,demand,2026-09-15T03:47:02.278134+00:00
6496e680-04cf-40bc-97db-503426c1f9c0,fUST,0.00015681,2,1,-64699.35731749,demand,2026-09-15T03:47:02.278134+00:00
6496e680-04cf-40bc-97db-503426c1f9c0,fUST,0.000152,60,1,-28000.0,demand,2026-09-15T03:47:02.278134+00:00
6496e680-04cf-40bc-97db-503426c1f9c0,fUST,0.00015,120,1,-300000.0,demand,2026-09-15T03:47:02.278134+00:00
6496e680-04cf-40bc-97db-503426c1f9c0,fUST,0.00015,45,23,-138668.928077,demand,2026-09-15T03:47:02.278134+00:00
6496e680-04cf-40bc-97db-503426c1f9c0,fUST,0.00015,2,1,-10000.0,demand,2026-09-15T03:47:02.278134+00:00
6496e680-04cf-40bc-97db-503426c1f9c0,fUST,0.0001421,45,1,-10000.0,demand,2026-09-15T03:47:02.278134+00:00
6496e680-04cf-40bc-97db-503426c1f9c0,fUST,0.000142,45,2,-20000.0,demand,2026-09-15T03:47:02.278134+00:00
6496e680-04cf-40bc-97db-503426c1f9c0,fUST,0.00014,7,1,-10000.0,demand,2026-09-15T03:47:02.278134+00:00
6496e680-04cf-40bc-97db-503426c1f9c0,fUST,0.000137,2,1,-652660.74377465,demand,2026-09-15T03:47:02.278134+00:00
6496e680-04cf-40bc-97db-503426c1f9c0,fUST,0.0001361,30,23,-93124.47696771,demand,2026-09-15T03:47:02.278134+00:00
6496e680-04cf-40bc-97db-503426c1f9c0,fUST,0.000136,30,2,-14544.22120933,demand,2026-09-15T03:47:02.278134+00:00
6496e680-04cf-40bc-97db-503426c1f9c0,fUST,0.00013103,2,1,-285058.62536861,demand,2026-09-15T03:47:02.278134+00:00
6496e680-04cf-40bc-97db-503426c1f9c0,fUST,0.00013102,2,1,-366829.49373192,demand,2026-09-15T03:47:02.278134+00:00
6496e680-04cf-40bc-97db-503426c1f9c0,fUST,0.000131,2,3,-2576906.89108704,demand,2026-09-15T03:47:02.278134+00:00
6496e680-04cf-40bc-97db-503426c1f9c0,fUST,0.00013,30,1,-28000.0,demand,2026-09-15T03:47:02.278134+00:00
6496e680-04cf-40bc-97db-503426c1f9c0,fUST,0.00013,2,1,-1000.0,demand,2026-09-15T03:47:02.278134+00:00
6496e680-04cf-40bc-97db-503426c1f9c0,fUST,0.00013,7,1,-1000.0,demand,2026-09-15T03:47:02.278134+00:00
6496e680-04cf-40bc-97db-503426c1f9c0,fUST,0.00013,5,1,-1000.0,demand,2026-09-15T03:47:02.278134+00:00
6496e680-04cf-40bc-97db-503426c1f9c0,fUST,0.00013,14,1,-1000.0,demand,2026-09-15T03:47:02.278134+00:00
6496e680-04cf-40bc-97db-503426c1f9c0,fUST,0.0001521057,2,1,151.0,offer,2026-09-15T03:47:02.278134+00:00
6496e680-04cf-40bc-97db-503426c1f9c0,fUST,0.00015211,2,1,192.13,offer,2026-09-15T03:47:02.278134+00:00
6496e680-04cf-40bc-97db-503426c1f9c0,fUST,0.00015681,2,2,5571.26295983,offer,2026-09-15T03:47:02.278134+00:00
6496e680-04cf-40bc-97db-503426c1f9c0,fUST,0.00016732,2,1,192.13,offer,2026-09-15T03:47:02.278134+00:00
6496e680-04cf-40bc-97db-503426c1f9c0,fUST,0.00018253,2,1,192.13,offer,2026-09-15T03:47:02.278134+00:00
6496e680-04cf-40bc-97db-503426c1f9c0,fUST,0.0001890203698630137,2,2,313.6189978,offer,2026-09-15T03:47:02.278134+00:00
6496e680-04cf-40bc-97db-503426c1f9c0,fUST,0.0001926645,7,1,282.86603254,offer,2026-09-15T03:47:02.278134+00:00
6496e680-04cf-40bc-97db-503426c1f9c0,fUST,0.00019347,2,4,1796.40258477,offer,2026-09-15T03:47:02.278134+00:00
6496e680-04cf-40bc-97db-503426c1f9c0,fUST,0.0001963896,3,1,160.0,offer,2026-09-15T03:47:02.278134+00:00
6496e680-04cf-40bc-97db-503426c1f9c0,fUST,0.000196525,2,2,773.186,offer,2026-09-15T03:47:02.278134+00:00
6496e680-04cf-40bc-97db-503426c1f9c0,fUST,0.00019738260273972604,2,3,806.08832447,offer,2026-09-15T03:47:02.278134+00:00
6496e680-04cf-40bc-97db-503426c1f9c0,fUST,0.00019778715,2,3,864.76080864,offer,2026-09-15T03:47:02.278134+00:00
6496e680-04cf-40bc-97db-503426c1f9c0,fUST,0.00019899,2,1,348.45739084,offer,2026-09-15T03:47:02.278134+00:00
6496e680-04cf-40bc-97db-503426c1f9c0,fUST,0.0001996487050129221,2,1,221.392409,offer,2026-09-15T03:47:02.278134+00:00
6496e680-04cf-40bc-97db-503426c1f9c0,fUST,0.0001998018596092739,2,1,417.15472785,offer,2026-09-15T03:47:02.278134+00:00
6496e680-04cf-40bc-97db-503426c1f9c0,fUST,0.00019998,2,20,8804.34794887,offer,2026-09-15T03:47:02.278134+00:00
6496e680-04cf-40bc-97db-503426c1f9c0,fUST,0.00019999,2,36,518961.89610505,offer,2026-09-15T03:47:02.278134+00:00
6496e680-04cf-40bc-97db-503426c1f9c0,fUST,0.0002011572,4,1,160.0,offer,2026-09-15T03:47:02.278134+00:00
6496e680-04cf-40bc-97db-503426c1f9c0,fUST,0.0002026184166,2,1,638.244403,offer,2026-09-15T03:47:02.278134+00:00
6496e680-04cf-40bc-97db-503426c1f9c0,fUST,0.00020295742465753426,2,4,1615.41421922,offer,2026-09-15T03:47:02.278134+00:00
6496e680-04cf-40bc-97db-503426c1f9c0,fUST,0.00020299250684931508,2,1,364.83103185,offer,2026-09-15T03:47:02.278134+00:00
6496e680-04cf-40bc-97db-503426c1f9c0,fUST,0.00020326714999999997,2,1,156.79243958,offer,2026-09-15T03:47:02.278134+00:00
6496e680-04cf-40bc-97db-503426c1f9c0,fUST,0.0002059248,5,1,160.0,offer,2026-09-15T03:47:02.278134+00:00
6496e680-04cf-40bc-97db-503426c1f9c0,fUST,0.00020667397260273974,2,14,3452.59189205,offer,2026-09-15T03:47:02.278134+00:00
6496e680-04cf-40bc-97db-503426c1f9c0,fUST,0.00020667397261,2,2,302.0,offer,2026-09-15T03:47:02.278134+00:00
e560d348-b6b1-41e9-96fb-0f9a298631a8,fUST,0.0002671232876712329,120,1,-2556859.83767007,demand,2026-09-15T04:47:01.967758+00:00
e560d348-b6b1-41e9-96fb-0f9a298631a8,fUST,0.0002477671232876712,60,1,-1795285.39786315,demand,2026-09-15T04:47:01.967758+00:00
e560d348-b6b1-41e9-96fb-0f9a298631a8,fUST,0.00024309315,120,1,-20000.0,demand,2026-09-15T04:47:01.967758+00:00
e560d348-b6b1-41e9-96fb-0f9a298631a8,fUST,0.00016,60,18,-115000.0,demand,2026-09-15T04:47:01.967758+00:00
e560d348-b6b1-41e9-96fb-0f9a298631a8,fUST,0.00016,30,1,-5000.0,demand,2026-09-15T04:47:01.967758+00:00
e560d348-b6b1-41e9-96fb-0f9a298631a8,fUST,0.00015681,2,1,-64699.35731749,demand,2026-09-15T04:47:01.967758+00:00
e560d348-b6b1-41e9-96fb-0f9a298631a8,fUST,0.000152,60,1,-28000.0,demand,2026-09-15T04:47:01.967758+00:00
e560d348-b6b1-41e9-96fb-0f9a298631a8,fUST,0.00015,120,1,-300000.0,demand,2026-09-15T04:47:01.967758+00:00
e560d348-b6b1-41e9-96fb-0f9a298631a8,fUST,0.00015,45,23,-138668.928077,demand,2026-09-15T04:47:01.967758+00:00
e560d348-b6b1-41e9-96fb-0f9a298631a8,fUST,0.00015,2,1,-10000.0,demand,2026-09-15T04:47:01.967758+00:00
e560d348-b6b1-41e9-96fb-0f9a298631a8,fUST,0.0001421,45,1,-10000.0,demand,2026-09-15T04:47:01.967758+00:00
e560d348-b6b1-41e9-96fb-0f9a298631a8,fUST,0.000142,45,2,-20000.0,demand,2026-09-15T04:47:01.967758+00:00
e560d348-b6b1-41e9-96fb-0f9a298631a8,fUST,0.00014,7,1,-10000.0,demand,2026-09-15T04:47:01.967758+00:00
e560d348-b6b1-41e9-96fb-0f9a298631a8,fUST,0.000137,2,1,-652660.74377465,demand,2026-09-15T04:47:01.967758+00:00
e560d348-b6b1-41e9-96fb-0f9a298631a8,fUST,0.0001361,30,23,-93124.47696771,demand,2026-09-15T04:47:01.967758+00:00
e560d348-b6b1-41e9-96fb-0f9a298631a8,fUST,0.000136,30,2,-14544.22120933,demand,2026-09-15T04:47:01.967758+00:00
e560d348-b6b1-41e9-96fb-0f9a298631a8,fUST,0.00013103,2,1,-285058.62536861,demand,2026-09-15T04:47:01.967758+00:00
e560d348-b6b1-41e9-96fb-0f9a298631a8,fUST,0.00013102,2,1,-366829.49373192,demand,2026-09-15T04:47:01.967758+00:00
e560d348-b6b1-41e9-96fb-0f9a298631a8,fUST,0.000131,2,3,-2576906.89108704,demand,2026-09-15T04:47:01.967758+00:00
e560d348-b6b1-41e9-96fb-0f9a298631a8,fUST,0.00013,30,1,-28000.0,demand,2026-09-15T04:47:01.967758+00:00
e560d348-b6b1-41e9-96fb-0f9a298631a8,fUST,0.00013,2,1,-1000.0,demand,2026-09-15T04:47:01.967758+00:00
e560d348-b6b1-41e9-96fb-0f9a298631a8,fUST,0.00013,7,1,-1000.0,demand,2026-09-15T04:47:01.967758+00:00
e560d348-b6b1-41e9-96fb-0f9a298631a8,fUST,0.00013,5,1,-1000.0,demand,2026-09-15T04:47:01.967758+00:00
e560d348-b6b1-41e9-96fb-0f9a298631a8,fUST,0.00013,14,1,-1000.0,demand,2026-09-15T04:47:01.967758+00:00
e560d348-b6b1-41e9-96fb-0f9a298631a8,fUST,0.0001226,12,1,-135216.16709793,demand,2026-09-15T04:47:01.967758+00:00
e560d348-b6b1-41e9-96fb-0f9a298631a8,fUST,0.00015867,2,1,5000.0,offer,2026-09-15T04:47:01.967758+00:00
e560d348-b6b1-41e9-96fb-0f9a298631a8,fUST,0.0001602731,2,1,151.0,offer,2026-09-15T04:47:01.967758+00:00
e560d348-b6b1-41e9-96fb-0f9a298631a8,fUST,0.0001669,2,4,1726.86945431,offer,2026-09-15T04:47:01.967758+00:00
e560d348-b6b1-41e9-96fb-0f9a298631a8,fUST,0.00016691,2,11,5256.20537678,offer,2026-09-15T04:47:01.967758+00:00
e560d348-b6b1-41e9-96fb-0f9a298631a8,fUST,0.00016692,2,12,5774.91013163,offer,2026-09-15T04:47:01.967758+00:00
e560d348-b6b1-41e9-96fb-0f9a298631a8,fUST,0.00016693,2,1,500.0,offer,2026-09-15T04:47:01.967758+00:00
e560d348-b6b1-41e9-96fb-0f9a298631a8,fUST,0.00018201643837,2,1,151.0,offer,2026-09-15T04:47:01.967758+00:00
e560d348-b6b1-41e9-96fb-0f9a298631a8,fUST,0.00018205753426,2,1,151.0,offer,2026-09-15T04:47:01.967758+00:00
e560d348-b6b1-41e9-96fb-0f9a298631a8,fUST,0.00018365,2,1,500.0,offer,2026-09-15T04:47:01.967758+00:00
e560d348-b6b1-41e9-96fb-0f9a298631a8,fUST,0.00018905344863013698,2,2,342.39757412,offer,2026-09-15T04:47:01.967758+00:00
e560d348-b6b1-41e9-96fb-0f9a298631a8,fUST,0.00019338,2,1,500.0,offer,2026-09-15T04:47:01.967758+00:00
e560d348-b6b1-41e9-96fb-0f9a298631a8,fUST,0.00019339,2,1,969.00954078,offer,2026-09-15T04:47:01.967758+00:00
e560d348-b6b1-41e9-96fb-0f9a298631a8,fUST,0.000195179,2,1,188.0,offer,2026-09-15T04:47:01.967758+00:00
e560d348-b6b1-41e9-96fb-0f9a298631a8,fUST,0.0001968272604037411,2,1,221.392409,offer,2026-09-15T04:47:01.967758+00:00
e560d348-b6b1-41e9-96fb-0f9a298631a8,fUST,0.00019735663597331187,2,1,312.76595716,offer,2026-09-15T04:47:01.967758+00:00
e560d348-b6b1-41e9-96fb-0f9a298631a8,fUST,0.00019741688356164383,2,2,684.79514825,offer,2026-09-15T04:47:01.967758+00:00
e560d348-b6b1-41e9-96fb-0f9a298631a8,fUST,0.00019999,2,2,324.21729113,offer,2026-09-15T04:47:01.967758+00:00
e560d348-b6b1-41e9-96fb-0f9a298631a8,fUST,0.0002011572,4,1,160.0,offer,2026-09-15T04:47:01.967758+00:00
e560d348-b6b1-41e9-96fb-0f9a298631a8,fUST,0.00020295742465753426,2,1,316.8565681,offer,2026-09-15T04:47:01.967758+00:00
e560d348-b6b1-41e9-96fb-0f9a298631a8,fUST,0.00020299250684931508,2,4,1690.10763567,offer,2026-09-15T04:47:01.967758+00:00
e560d348-b6b1-41e9-96fb-0f9a298631a8,fUST,0.00020342349999999997,2,4,1036.17096289,offer,2026-09-15T04:47:01.967758+00:00
e560d348-b6b1-41e9-96fb-0f9a298631a8,fUST,0.00020398,2,1,600.0,offer,2026-09-15T04:47:01.967758+00:00
e560d348-b6b1-41e9-96fb-0f9a298631a8,fUST,0.0002059248,5,1,160.0,offer,2026-09-15T04:47:01.967758+00:00
e560d348-b6b1-41e9-96fb-0f9a298631a8,fUST,0.0002062871253,2,2,482.764201,offer,2026-09-15T04:47:01.967758+00:00
e560d348-b6b1-41e9-96fb-0f9a298631a8,fUST,0.00020667397260273974,2,12,2198.11590086,offer,2026-09-15T04:47:01.967758+00:00
481c1580-84e4-4f2b-b87b-fcbd8444ce81,fUST,0.0002671232876712329,120,1,-2556526.83767007,demand,2026-09-15T05:47:01.904064+00:00
481c1580-84e4-4f2b-b87b-fcbd8444ce81,fUST,0.0002477041095890411,60,1,-1775630.45786315,demand,2026-09-15T05:47:01.904064+00:00
481c1580-84e4-4f2b-b87b-fcbd8444ce81,fUST,0.00024309315,120,1,-20000.0,demand,2026-09-15T05:47:01.904064+00:00
481c1580-84e4-4f2b-b87b-fcbd8444ce81,fUST,0.00016,60,18,-115000.0,demand,2026-09-15T05:47:01.904064+00:00
481c1580-84e4-4f2b-b87b-fcbd8444ce81,fUST,0.00016,30,1,-5000.0,demand,2026-09-15T05:47:01.904064+00:00
481c1580-84e4-4f2b-b87b-fcbd8444ce81,fUST,0.00015681,2,1,-64699.35731749,demand,2026-09-15T05:47:01.904064+00:00
481c1580-84e4-4f2b-b87b-fcbd8444ce81,fUST,0.000152,60,1,-28000.0,demand,2026-09-15T05:47:01.904064+00:00
481c1580-84e4-4f2b-b87b-fcbd8444ce81,fUST,0.00015,120,1,-300000.0,demand,2026-09-15T05:47:01.904064+00:00
481c1580-84e4-4f2b-b87b-fcbd8444ce81,fUST,0.00015,45,23,-138668.928077,demand,2026-09-15T05:47:01.904064+00:00
481c1580-84e4-4f2b-b87b-fcbd8444ce81,fUST,0.00015,2,1,-10000.0,demand,2026-09-15T05:47:01.904064+00:00
481c1580-84e4-4f2b-b87b-fcbd8444ce81,fUST,0.0001421,45,1,-10000.0,demand,2026-09-15T05:47:01.904064+00:00
481c1580-84e4-4f2b-b87b-fcbd8444ce81,fUST,0.000142,45,2,-20000.0,demand,2026-09-15T05:47:01.904064+00:00
481c1580-84e4-4f2b-b87b-fcbd8444ce81,fUST,0.00014,7,1,-10000.0,demand,2026-09-15T05:47:01.904064+00:00
481c1580-84e4-4f2b-b87b-fcbd8444ce81,fUST,0.000137,2,1,-652016.62263771,demand,2026-09-15T05:47:01.904064+00:00
481c1580-84e4-4f2b-b87b-fcbd8444ce81,fUST,0.0001361,30,23,-93124.47696771,demand,2026-09-15T05:47:01.904064+00:00
481c1580-84e4-4f2b-b87b-fcbd8444ce81,fUST,0.000136,30,2,-14544.22120933,demand,2026-09-15T05:47:01.904064+00:00
481c1580-84e4-4f2b-b87b-fcbd8444ce81,fUST,0.00013103,2,1,-285058.62536861,demand,2026-09-15T05:47:01.904064+00:00
481c1580-84e4-4f2b-b87b-fcbd8444ce81,fUST,0.00013102,2,1,-366829.49373192,demand,2026-09-15T05:47:01.904064+00:00
481c1580-84e4-4f2b-b87b-fcbd8444ce81,fUST,0.000131,2,3,-2576906.89108704,demand,2026-09-15T05:47:01.904064+00:00
481c1580-84e4-4f2b-b87b-fcbd8444ce81,fUST,0.00013,30,1,-28000.0,demand,2026-09-15T05:47:01.904064+00:00
481c1580-84e4-4f2b-b87b-fcbd8444ce81,fUST,0.00013,2,1,-1000.0,demand,2026-09-15T05:47:01.904064+00:00
481c1580-84e4-4f2b-b87b-fcbd8444ce81,fUST,0.00013,7,1,-1000.0,demand,2026-09-15T05:47:01.904064+00:00
481c1580-84e4-4f2b-b87b-fcbd8444ce81,fUST,0.00013,5,1,-1000.0,demand,2026-09-15T05:47:01.904064+00:00
481c1580-84e4-4f2b-b87b-fcbd8444ce81,fUST,0.00013,14,1,-1000.0,demand,2026-09-15T05:47:01.904064+00:00
481c1580-84e4-4f2b-b87b-fcbd8444ce81,fUST,0.0001226,12,1,-135216.16709793,demand,2026-09-15T05:47:01.904064+00:00
481c1580-84e4-4f2b-b87b-fcbd8444ce81,fUST,0.00015681,2,2,6118.0,offer,2026-09-15T05:47:01.904064+00:00
481c1580-84e4-4f2b-b87b-fcbd8444ce81,fUST,0.00015994,2,15,4500.0,offer,2026-09-15T05:47:01.904064+00:00
481c1580-84e4-4f2b-b87b-fcbd8444ce81,fUST,0.00016313,2,1,600.0,offer,2026-09-15T05:47:01.904064+00:00
481c1580-84e4-4f2b-b87b-fcbd8444ce81,fUST,0.00017944,2,1,720.0,offer,2026-09-15T05:47:01.904064+00:00
481c1580-84e4-4f2b-b87b-fcbd8444ce81,fUST,0.00018609,2,5,2447.84332489,offer,2026-09-15T05:47:01.904064+00:00
481c1580-84e4-4f2b-b87b-fcbd8444ce81,fUST,0.00018612,2,1,510.55523023,offer,2026-09-15T05:47:01.904064+00:00
481c1580-84e4-4f2b-b87b-fcbd8444ce81,fUST,0.000188,2,1,257.30662994,offer,2026-09-15T05:47:01.904064+00:00
481c1580-84e4-4f2b-b87b-fcbd8444ce81,fUST,0.000188959301369863,2,1,153.33482414,offer,2026-09-15T05:47:01.904064+00:00
481c1580-84e4-4f2b-b87b-fcbd8444ce81,fUST,0.00019,2,2,4521.08602734,offer,2026-09-15T05:47:01.904064+00:00
481c1580-84e4-4f2b-b87b-fcbd8444ce81,fUST,0.00019731931506849313,2,1,306.66964829,offer,2026-09-15T05:47:01.904064+00:00
481c1580-84e4-4f2b-b87b-fcbd8444ce81,fUST,0.00019739,2,1,864.0,offer,2026-09-15T05:47:01.904064+00:00
481c1580-84e4-4f2b-b87b-fcbd8444ce81,fUST,0.00019840273974,2,3,1087.0024579,offer,2026-09-15T05:47:01.904064+00:00
481c1580-84e4-4f2b-b87b-fcbd8444ce81,fUST,0.00019885083333333334,2,1,156.79243959,offer,2026-09-15T05:47:01.904064+00:00
481c1580-84e4-4f2b-b87b-fcbd8444ce81,fUST,0.00020289265753424657,2,1,460.00447243,offer,2026-09-15T05:47:01.904064+00:00
481c1580-84e4-4f2b-b87b-fcbd8444ce81,fUST,0.000203771,2,1,188.0,offer,2026-09-15T05:47:01.904064+00:00
481c1580-84e4-4f2b-b87b-fcbd8444ce81,fUST,0.00020433083333333335,2,1,156.79243959,offer,2026-09-15T05:47:01.904064+00:00
481c1580-84e4-4f2b-b87b-fcbd8444ce81,fUST,0.00020660821917808218,2,1,613.33929657,offer,2026-09-15T05:47:01.904064+00:00
481c1580-84e4-4f2b-b87b-fcbd8444ce81,fUST,0.00020661,2,1,222.0,offer,2026-09-15T05:47:01.904064+00:00
481c1580-84e4-4f2b-b87b-fcbd8444ce81,fUST,0.00020662191782,2,2,499.0168192,offer,2026-09-15T05:47:01.904064+00:00
481c1580-84e4-4f2b-b87b-fcbd8444ce81,fUST,0.00020666301371,2,1,151.0,offer,2026-09-15T05:47:01.904064+00:00
481c1580-84e4-4f2b-b87b-fcbd8444ce81,fUST,0.00020667123289,2,1,467.1587238,offer,2026-09-15T05:47:01.904064+00:00
481c1580-84e4-4f2b-b87b-fcbd8444ce81,fUST,0.00020981083333333335,2,1,156.79243959,offer,2026-09-15T05:47:01.904064+00:00
481c1580-84e4-4f2b-b87b-fcbd8444ce81,fUST,0.00021,2,1,549.35456901,offer,2026-09-15T05:47:01.904064+00:00
481c1580-84e4-4f2b-b87b-fcbd8444ce81,fUST,0.00021032378082191778,2,1,766.67412072,offer,2026-09-15T05:47:01.904064+00:00
481c1580-84e4-4f2b-b87b-fcbd8444ce81,fUST,0.00021186,7,1,301.5260754,offer,2026-09-15T05:47:01.904064+00:00
4f05f253-ab99-4707-9f44-6e99de4bd5ae,fUST,0.0002671232876712329,120,1,-2556162.90767007,demand,2026-09-15T06:47:01.872266+00:00
4f05f253-ab99-4707-9f44-6e99de4bd5ae,fUST,0.000247786301369863,60,1,-1775630.45786315,demand,2026-09-15T06:47:01.872266+00:00
4f05f253-ab99-4707-9f44-6e99de4bd5ae,fUST,0.00024309315,120,1,-20000.0,demand,2026-09-15T06:47:01.872266+00:00
4f05f253-ab99-4707-9f44-6e99de4bd5ae,fUST,0.00016,60,18,-115000.0,demand,2026-09-15T06:47:01.872266+00:00
4f05f253-ab99-4707-9f44-6e99de4bd5ae,fUST,0.00016,30,1,-5000.0,demand,2026-09-15T06:47:01.872266+00:00
4f05f253-ab99-4707-9f44-6e99de4bd5ae,fUST,0.00015681,2,1,-64699.35731749,demand,2026-09-15T06:47:01.872266+00:00
4f05f253-ab99-4707-9f44-6e99de4bd5ae,fUST,0.000152,60,1,-28000.0,demand,2026-09-15T06:47:01.872266+00:00
4f05f253-ab99-4707-9f44-6e99de4bd5ae,fUST,0.00015,120,1,-300000.0,demand,2026-09-15T06:47:01.872266+00:00
4f05f253-ab99-4707-9f44-6e99de4bd5ae,fUST,0.00015,45,23,-138668.928077,demand,2026-09-15T06:47:01.872266+00:00
4f05f253-ab99-4707-9f44-6e99de4bd5ae,fUST,0.00015,2,1,-10000.0,demand,2026-09-15T06:47:01.872266+00:00
4f05f253-ab99-4707-9f44-6e99de4bd5ae,fUST,0.0001421,45,1,-10000.0,demand,2026-09-15T06:47:01.872266+00:00
4f05f253-ab99-4707-9f44-6e99de4bd5ae,fUST,0.000142,45,2,-20000.0,demand,2026-09-15T06:47:01.872266+00:00
4f05f253-ab99-4707-9f44-6e99de4bd5ae,fUST,0.00014,7,1,-10000.0,demand,2026-09-15T06:47:01.872266+00:00
4f05f253-ab99-4707-9f44-6e99de4bd5ae,fUST,0.000137,2,1,-643582.32875543,demand,2026-09-15T06:47:01.872266+00:00
4f05f253-ab99-4707-9f44-6e99de4bd5ae,fUST,0.0001361,30,23,-93124.47696771,demand,2026-09-15T06:47:01.872266+00:00
4f05f253-ab99-4707-9f44-6e99de4bd5ae,fUST,0.000136,30,2,-14544.22120933,demand,2026-09-15T06:47:01.872266+00:00
4f05f253-ab99-4707-9f44-6e99de4bd5ae,fUST,0.00013103,2,1,-285058.62536861,demand,2026-09-15T06:47:01.872266+00:00
4f05f253-ab99-4707-9f44-6e99de4bd5ae,fUST,0.00013102,2,1,-366829.49373192,demand,2026-09-15T06:47:01.872266+00:00
4f05f253-ab99-4707-9f44-6e99de4bd5ae,fUST,0.000131,2,3,-2576906.89108704,demand,2026-09-15T06:47:01.872266+00:00
4f05f253-ab99-4707-9f44-6e99de4bd5ae,fUST,0.00013,30,1,-28000.0,demand,2026-09-15T06:47:01.872266+00:00
4f05f253-ab99-4707-9f44-6e99de4bd5ae,fUST,0.00013,2,1,-1000.0,demand,2026-09-15T06:47:01.872266+00:00
4f05f253-ab99-4707-9f44-6e99de4bd5ae,fUST,0.00013,7,1,-1000.0,demand,2026-09-15T06:47:01.872266+00:00
4f05f253-ab99-4707-9f44-6e99de4bd5ae,fUST,0.00013,5,1,-1000.0,demand,2026-09-15T06:47:01.872266+00:00
4f05f253-ab99-4707-9f44-6e99de4bd5ae,fUST,0.00013,14,1,-1000.0,demand,2026-09-15T06:47:01.872266+00:00
4f05f253-ab99-4707-9f44-6e99de4bd5ae,fUST,0.0001226,12,1,-135216.16709793,demand,2026-09-15T06:47:01.872266+00:00
4f05f253-ab99-4707-9f44-6e99de4bd5ae,fUST,0.000155147814,7,1,233.4964384,offer,2026-09-15T06:47:01.872266+00:00
4f05f253-ab99-4707-9f44-6e99de4bd5ae,fUST,0.00015681,2,4,5878.8844212,offer,2026-09-15T06:47:01.872266+00:00
4f05f253-ab99-4707-9f44-6e99de4bd5ae,fUST,0.00015993,2,1,500.0,offer,2026-09-15T06:47:01.872266+00:00
4f05f253-ab99-4707-9f44-6e99de4bd5ae,fUST,0.00015994,2,15,4500.0,offer,2026-09-15T06:47:01.872266+00:00
4f05f253-ab99-4707-9f44-6e99de4bd5ae,fUST,0.00016313,2,1,600.0,offer,2026-09-15T06:47:01.872266+00:00
4f05f253-ab99-4707-9f44-6e99de4bd5ae,fUST,0.00016420415600000004,2,1,246.59197169,offer,2026-09-15T06:47:01.872266+00:00
4f05f253-ab99-4707-9f44-6e99de4bd5ae,fUST,0.000164274156,7,1,365.71564524,offer,2026-09-15T06:47:01.872266+00:00
4f05f253-ab99-4707-9f44-6e99de4bd5ae,fUST,0.0001650687,2,1,274.4195998,offer,2026-09-15T06:47:01.872266+00:00
4f05f253-ab99-4707-9f44-6e99de4bd5ae,fUST,0.00016562,2,2,1000.0,offer,2026-09-15T06:47:01.872266+00:00
4f05f253-ab99-4707-9f44-6e99de4bd5ae,fUST,0.0001656248,2,1,7742.6251616,offer,2026-09-15T06:47:01.872266+00:00
4f05f253-ab99-4707-9f44-6e99de4bd5ae,fUST,0.0001658597,2,1,236.849059,offer,2026-09-15T06:47:01.872266+00:00
4f05f253-ab99-4707-9f44-6e99de4bd5ae,fUST,0.0001662131,2,1,187.812482,offer,2026-09-15T06:47:01.872266+00:00
4f05f253-ab99-4707-9f44-6e99de4bd5ae,fUST,0.00017035,2,1,289.10010194,offer,2026-09-15T06:47:01.872266+00:00
4f05f253-ab99-4707-9f44-6e99de4bd5ae,fUST,0.00017944,2,1,720.0,offer,2026-09-15T06:47:01.872266+00:00
4f05f253-ab99-4707-9f44-6e99de4bd5ae,fUST,0.00018514865460463699,2,1,221.392409,offer,2026-09-15T06:47:01.872266+00:00
4f05f253-ab99-4707-9f44-6e99de4bd5ae,fUST,0.00018942240410958902,2,1,730.95785693,offer,2026-09-15T06:47:01.872266+00:00
4f05f253-ab99-4707-9f44-6e99de4bd5ae,fUST,0.00019178,2,1,500.0,offer,2026-09-15T06:47:01.872266+00:00
4f05f253-ab99-4707-9f44-6e99de4bd5ae,fUST,0.00019488,3,2,606.25,offer,2026-09-15T06:47:01.872266+00:00
4f05f253-ab99-4707-9f44-6e99de4bd5ae,fUST,0.00019497,2,10,5149.96170698,offer,2026-09-15T06:47:01.872266+00:00
4f05f253-ab99-4707-9f44-6e99de4bd5ae,fUST,0.00019498,2,15,210063.78646073,offer,2026-09-15T06:47:01.872266+00:00
4f05f253-ab99-4707-9f44-6e99de4bd5ae,fUST,0.00019739,2,1,864.0,offer,2026-09-15T06:47:01.872266+00:00
4f05f253-ab99-4707-9f44-6e99de4bd5ae,fUST,0.00019779924657534244,2,2,766.47638307,offer,2026-09-15T06:47:01.872266+00:00
4f05f253-ab99-4707-9f44-6e99de4bd5ae,fUST,0.00019999,2,6,303278.83629252,offer,2026-09-15T06:47:01.872266+00:00
4f05f253-ab99-4707-9f44-6e99de4bd5ae,fUST,0.00019999,4,1,346.077688,offer,2026-09-15T06:47:01.872266+00:00
4f05f253-ab99-4707-9f44-6e99de4bd5ae,fUST,0.0001999901,2,1,177.77,offer,2026-09-15T06:47:01.872266+00:00
33e630bc-9545-4d71-9723-5495ecbc24c6,fUST,0.0002671232876712329,120,1,-2556162.90767007,demand,2026-09-15T07:47:01.958956+00:00
33e630bc-9545-4d71-9723-5495ecbc24c6,fUST,0.00024784109589041096,60,1,-1775630.45786315,demand,2026-09-15T07:47:01.958956+00:00
33e630bc-9545-4d71-9723-5495ecbc24c6,fUST,0.00024309315,120,1,-20000.0,demand,2026-09-15T07:47:01.958956+00:00
33e630bc-9545-4d71-9723-5495ecbc24c6,fUST,0.00016,60,18,-115000.0,demand,2026-09-15T07:47:01.958956+00:00
33e630bc-9545-4d71-9723-5495ecbc24c6,fUST,0.00016,30,1,-4808.0,demand,2026-09-15T07:47:01.958956+00:00
33e630bc-9545-4d71-9723-5495ecbc24c6,fUST,0.00015681,2,1,-64699.35731749,demand,2026-09-15T07:47:01.958956+00:00
33e630bc-9545-4d71-9723-5495ecbc24c6,fUST,0.00015515,7,1,-4.19595411,demand,2026-09-15T07:47:01.958956+00:00
33e630bc-9545-4d71-9723-5495ecbc24c6,fUST,0.000152,60,1,-28000.0,demand,2026-09-15T07:47:01.958956+00:00
33e630bc-9545-4d71-9723-5495ecbc24c6,fUST,0.00015,120,1,-300000.0,demand,2026-09-15T07:47:01.958956+00:00
33e630bc-9545-4d71-9723-5495ecbc24c6,fUST,0.00015,45,23,-138668.928077,demand,2026-09-15T07:47:01.958956+00:00
33e630bc-9545-4d71-9723-5495ecbc24c6,fUST,0.00015,2,1,-10000.0,demand,2026-09-15T07:47:01.958956+00:00
33e630bc-9545-4d71-9723-5495ecbc24c6,fUST,0.0001421,45,1,-10000.0,demand,2026-09-15T07:47:01.958956+00:00
33e630bc-9545-4d71-9723-5495ecbc24c6,fUST,0.000142,45,2,-20000.0,demand,2026-09-15T07:47:01.958956+00:00
33e630bc-9545-4d71-9723-5495ecbc24c6,fUST,0.00014,7,1,-10000.0,demand,2026-09-15T07:47:01.958956+00:00
33e630bc-9545-4d71-9723-5495ecbc24c6,fUST,0.000137,2,1,-595646.81561305,demand,2026-09-15T07:47:01.958956+00:00
33e630bc-9545-4d71-9723-5495ecbc24c6,fUST,0.0001361,30,23,-93124.47696771,demand,2026-09-15T07:47:01.958956+00:00
33e630bc-9545-4d71-9723-5495ecbc24c6,fUST,0.000136,30,2,-14544.22120933,demand,2026-09-15T07:47:01.958956+00:00
33e630bc-9545-4d71-9723-5495ecbc24c6,fUST,0.00013103,2,1,-285058.62536861,demand,2026-09-15T07:47:01.958956+00:00
33e630bc-9545-4d71-9723-5495ecbc24c6,fUST,0.00013102,2,1,-366829.49373192,demand,2026-09-15T07:47:01.958956+00:00
33e630bc-9545-4d71-9723-5495ecbc24c6,fUST,0.000131,2,3,-2576906.89108704,demand,2026-09-15T07:47:01.958956+00:00
33e630bc-9545-4d71-9723-5495ecbc24c6,fUST,0.00013,30,1,-28000.0,demand,2026-09-15T07:47:01.958956+00:00
33e630bc-9545-4d71-9723-5495ecbc24c6,fUST,0.00013,2,1,-1000.0,demand,2026-09-15T07:47:01.958956+00:00
33e630bc-9545-4d71-9723-5495ecbc24c6,fUST,0.00013,7,1,-1000.0,demand,2026-09-15T07:47:01.958956+00:00
33e630bc-9545-4d71-9723-5495ecbc24c6,fUST,0.00013,5,1,-1000.0,demand,2026-09-15T07:47:01.958956+00:00
33e630bc-9545-4d71-9723-5495ecbc24c6,fUST,0.00013,14,1,-1000.0,demand,2026-09-15T07:47:01.958956+00:00
33e630bc-9545-4d71-9723-5495ecbc24c6,fUST,0.00015,2,2,1037.73229573,offer,2026-09-15T07:47:01.958956+00:00
33e630bc-9545-4d71-9723-5495ecbc24c6,fUST,0.00015681,2,4,9040.73547134,offer,2026-09-15T07:47:01.958956+00:00
33e630bc-9545-4d71-9723-5495ecbc24c6,fUST,0.00015993972602739725,2,1,1854.49053685,offer,2026-09-15T07:47:01.958956+00:00
33e630bc-9545-4d71-9723-5495ecbc24c6,fUST,0.00015994,2,15,4500.0,offer,2026-09-15T07:47:01.958956+00:00
33e630bc-9545-4d71-9723-5495ecbc24c6,fUST,0.00016313,2,1,600.0,offer,2026-09-15T07:47:01.958956+00:00
33e630bc-9545-4d71-9723-5495ecbc24c6,fUST,0.0001643836,2,1,173.44,offer,2026-09-15T07:47:01.958956+00:00
33e630bc-9545-4d71-9723-5495ecbc24c6,fUST,0.00016999,2,2,1000.0,offer,2026-09-15T07:47:01.958956+00:00
33e630bc-9545-4d71-9723-5495ecbc24c6,fUST,0.00017,2,1,13930.86162325,offer,2026-09-15T07:47:01.958956+00:00
33e630bc-9545-4d71-9723-5495ecbc24c6,fUST,0.000171277,2,1,183.654496,offer,2026-09-15T07:47:01.958956+00:00
33e630bc-9545-4d71-9723-5495ecbc24c6,fUST,0.0001742262,2,1,357.658179,offer,2026-09-15T07:47:01.958956+00:00
33e630bc-9545-4d71-9723-5495ecbc24c6,fUST,0.00017944,2,1,720.0,offer,2026-09-15T07:47:01.958956+00:00
33e630bc-9545-4d71-9723-5495ecbc24c6,fUST,0.00018546437462159512,2,1,221.392409,offer,2026-09-15T07:47:01.958956+00:00
33e630bc-9545-4d71-9723-5495ecbc24c6,fUST,0.000188,2,1,1408.35781885,offer,2026-09-15T07:47:01.958956+00:00
33e630bc-9545-4d71-9723-5495ecbc24c6,fUST,0.00019178,2,1,500.0,offer,2026-09-15T07:47:01.958956+00:00
33e630bc-9545-4d71-9723-5495ecbc24c6,fUST,0.00019736941780821915,2,2,799.032029,offer,2026-09-15T07:47:01.958956+00:00
33e630bc-9545-4d71-9723-5495ecbc24c6,fUST,0.00019739,2,1,864.0,offer,2026-09-15T07:47:01.958956+00:00
33e630bc-9545-4d71-9723-5495ecbc24c6,fUST,0.00019790000000000004,3,2,1056.68,offer,2026-09-15T07:47:01.958956+00:00
33e630bc-9545-4d71-9723-5495ecbc24c6,fUST,0.000198,2,50,335657.41594089,offer,2026-09-15T07:47:01.958956+00:00
33e630bc-9545-4d71-9723-5495ecbc24c6,fUST,0.00019988,2,3,1548.31957012,offer,2026-09-15T07:47:01.958956+00:00
33e630bc-9545-4d71-9723-5495ecbc24c6,fUST,0.00019998,2,7,3127.03743399,offer,2026-09-15T07:47:01.958956+00:00
33e630bc-9545-4d71-9723-5495ecbc24c6,fUST,0.00019999,2,1,197537.33001435,offer,2026-09-15T07:47:01.958956+00:00
33e630bc-9545-4d71-9723-5495ecbc24c6,fUST,0.0001999901,2,1,177.77,offer,2026-09-15T07:47:01.958956+00:00
33e630bc-9545-4d71-9723-5495ecbc24c6,fUST,0.0002,2,2,47748.31200863,offer,2026-09-15T07:47:01.958956+00:00
33e630bc-9545-4d71-9723-5495ecbc24c6,fUST,0.0002,5,1,725.23712733,offer,2026-09-15T07:47:01.958956+00:00
33e630bc-9545-4d71-9723-5495ecbc24c6,fUST,0.00020018273051069138,5,1,182.12142287,offer,2026-09-15T07:47:01.958956+00:00
663c0024-3c4b-470a-a406-c28759d7cba9,fUST,0.0002671232876712329,120,1,-2556162.90767007,demand,2026-09-15T08:47:02.009607+00:00
663c0024-3c4b-470a-a406-c28759d7cba9,fUST,0.00024809589041095893,60,1,-1775630.45786315,demand,2026-09-15T08:47:02.009607+00:00
663c0024-3c4b-470a-a406-c28759d7cba9,fUST,0.00024309315,120,1,-20000.0,demand,2026-09-15T08:47:02.009607+00:00
663c0024-3c4b-470a-a406-c28759d7cba9,fUST,0.00016,60,18,-115000.0,demand,2026-09-15T08:47:02.009607+00:00
663c0024-3c4b-470a-a406-c28759d7cba9,fUST,0.00016,30,1,-4808.0,demand,2026-09-15T08:47:02.009607+00:00
663c0024-3c4b-470a-a406-c28759d7cba9,fUST,0.00015681,2,1,-64699.35731749,demand,2026-09-15T08:47:02.009607+00:00
663c0024-3c4b-470a-a406-c28759d7cba9,fUST,0.000152,60,1,-28000.0,demand,2026-09-15T08:47:02.009607+00:00
663c0024-3c4b-470a-a406-c28759d7cba9,fUST,0.00015,120,1,-300000.0,demand,2026-09-15T08:47:02.009607+00:00
663c0024-3c4b-470a-a406-c28759d7cba9,fUST,0.00015,45,23,-138668.928077,demand,2026-09-15T08:47:02.009607+00:00
663c0024-3c4b-470a-a406-c28759d7cba9,fUST,0.00015,2,1,-10000.0,demand,2026-09-15T08:47:02.009607+00:00
663c0024-3c4b-470a-a406-c28759d7cba9,fUST,0.0001421,45,1,-10000.0,demand,2026-09-15T08:47:02.009607+00:00
663c0024-3c4b-470a-a406-c28759d7cba9,fUST,0.000142,45,2,-20000.0,demand,2026-09-15T08:47:02.009607+00:00
663c0024-3c4b-470a-a406-c28759d7cba9,fUST,0.00014,7,1,-10000.0,demand,2026-09-15T08:47:02.009607+00:00
663c0024-3c4b-470a-a406-c28759d7cba9,fUST,0.000137,2,1,-691561.60158852,demand,2026-09-15T08:47:02.009607+00:00
663c0024-3c4b-470a-a406-c28759d7cba9,fUST,0.0001361,30,23,-93124.47696771,demand,2026-09-15T08:47:02.009607+00:00
663c0024-3c4b-470a-a406-c28759d7cba9,fUST,0.000136,30,2,-14544.22120933,demand,2026-09-15T08:47:02.009607+00:00
663c0024-3c4b-470a-a406-c28759d7cba9,fUST,0.00013103,2,1,-285058.62536861,demand,2026-09-15T08:47:02.009607+00:00
663c0024-3c4b-470a-a406-c28759d7cba9,fUST,0.00013102,2,1,-366829.49373192,demand,2026-09-15T08:47:02.009607+00:00
663c0024-3c4b-470a-a406-c28759d7cba9,fUST,0.000131,2,3,-2576906.89108704,demand,2026-09-15T08:47:02.009607+00:00
663c0024-3c4b-470a-a406-c28759d7cba9,fUST,0.00013,30,1,-28000.0,demand,2026-09-15T08:47:02.009607+00:00
663c0024-3c4b-470a-a406-c28759d7cba9,fUST,0.00013,2,1,-1000.0,demand,2026-09-15T08:47:02.009607+00:00
663c0024-3c4b-470a-a406-c28759d7cba9,fUST,0.00013,7,1,-1000.0,demand,2026-09-15T08:47:02.009607+00:00
663c0024-3c4b-470a-a406-c28759d7cba9,fUST,0.00013,5,1,-1000.0,demand,2026-09-15T08:47:02.009607+00:00
663c0024-3c4b-470a-a406-c28759d7cba9,fUST,0.00013,14,1,-1000.0,demand,2026-09-15T08:47:02.009607+00:00
663c0024-3c4b-470a-a406-c28759d7cba9,fUST,0.0001226,12,1,-135216.16709793,demand,2026-09-15T08:47:02.009607+00:00
663c0024-3c4b-470a-a406-c28759d7cba9,fUST,0.0001526098,2,1,163.04108774,offer,2026-09-15T08:47:02.009607+00:00
663c0024-3c4b-470a-a406-c28759d7cba9,fUST,0.0001568,2,5,2505.10216397,offer,2026-09-15T08:47:02.009607+00:00
663c0024-3c4b-470a-a406-c28759d7cba9,fUST,0.00015680000000000002,2,21,10287.32160265,offer,2026-09-15T08:47:02.009607+00:00
663c0024-3c4b-470a-a406-c28759d7cba9,fUST,0.00015681,2,19,30752.5772533,offer,2026-09-15T08:47:02.009607+00:00
663c0024-3c4b-470a-a406-c28759d7cba9,fUST,0.00015762,2,1,172.79921376,offer,2026-09-15T08:47:02.009607+00:00
663c0024-3c4b-470a-a406-c28759d7cba9,fUST,0.00015993,2,1,279.41079062,offer,2026-09-15T08:47:02.009607+00:00
663c0024-3c4b-470a-a406-c28759d7cba9,fUST,0.00015994,2,16,5100.0,offer,2026-09-15T08:47:02.009607+00:00
663c0024-3c4b-470a-a406-c28759d7cba9,fUST,0.00016027397260273972,2,1,500.0,offer,2026-09-15T08:47:02.009607+00:00
663c0024-3c4b-470a-a406-c28759d7cba9,fUST,0.0001619868,2,1,352.0171826,offer,2026-09-15T08:47:02.009607+00:00
663c0024-3c4b-470a-a406-c28759d7cba9,fUST,0.00016238,2,1,382.17,offer,2026-09-15T08:47:02.009607+00:00
663c0024-3c4b-470a-a406-c28759d7cba9,fUST,0.000163013698630137,2,1,500.0,offer,2026-09-15T08:47:02.009607+00:00
663c0024-3c4b-470a-a406-c28759d7cba9,fUST,0.0001637002,2,1,453.7678336,offer,2026-09-15T08:47:02.009607+00:00
663c0024-3c4b-470a-a406-c28759d7cba9,fUST,0.0001642002,2,1,186.581828,offer,2026-09-15T08:47:02.009607+00:00
663c0024-3c4b-470a-a406-c28759d7cba9,fUST,0.000168,2,1,154.88506846,offer,2026-09-15T08:47:02.009607+00:00
663c0024-3c4b-470a-a406-c28759d7cba9,fUST,0.00016999,2,2,1105.28475769,offer,2026-09-15T08:47:02.009607+00:00
663c0024-3c4b-470a-a406-c28759d7cba9,fUST,0.00017,2,21,282853.6601255,offer,2026-09-15T08:47:02.009607+00:00
663c0024-3c4b-470a-a406-c28759d7cba9,fUST,0.00017,3,2,598.04585839,offer,2026-09-15T08:47:02.009607+00:00
663c0024-3c4b-470a-a406-c28759d7cba9,fUST,0.0001734,5,1,301.42908396,offer,2026-09-15T08:47:02.009607+00:00
663c0024-3c4b-470a-a406-c28759d7cba9,fUST,0.00017593,2,1,720.0,offer,2026-09-15T08:47:02.009607+00:00
663c0024-3c4b-470a-a406-c28759d7cba9,fUST,0.00017686800000000003,6,1,301.42908396,offer,2026-09-15T08:47:02.009607+00:00
663c0024-3c4b-470a-a406-c28759d7cba9,fUST,0.00017714,2,1,382.17,offer,2026-09-15T08:47:02.009607+00:00
663c0024-3c4b-470a-a406-c28759d7cba9,fUST,0.0001802748393,2,1,173.03633,offer,2026-09-15T08:47:02.009607+00:00
663c0024-3c4b-470a-a406-c28759d7cba9,fUST,0.00018040536000000004,7,1,301.42908396,offer,2026-09-15T08:47:02.009607+00:00
663c0024-3c4b-470a-a406-c28759d7cba9,fUST,0.000184381,2,1,318.68,offer,2026-09-15T08:47:02.009607+00:00
663c0024-3c4b-470a-a406-c28759d7cba9,fUST,0.00018542,2,1,272.26521785,offer,2026-09-15T08:47:02.009607+00:00
fda7fb78-9bdb-4e45-91ce-f37fc89374b6,fUST,0.0002671232876712329,120,1,-2556162.90767007,demand,2026-09-15T09:47:01.837025+00:00
fda7fb78-9bdb-4e45-91ce-f37fc89374b6,fUST,0.00024774520547945204,60,1,-1775630.45786315,demand,2026-09-15T09:47:01.837025+00:00
fda7fb78-9bdb-4e45-91ce-f37fc89374b6,fUST,0.00024309315,120,1,-20000.0,demand,2026-09-15T09:47:01.837025+00:00
fda7fb78-9bdb-4e45-91ce-f37fc89374b6,fUST,0.00016,60,18,-115000.0,demand,2026-09-15T09:47:01.837025+00:00
fda7fb78-9bdb-4e45-91ce-f37fc89374b6,fUST,0.00016,30,1,-4808.0,demand,2026-09-15T09:47:01.837025+00:00
fda7fb78-9bdb-4e45-91ce-f37fc89374b6,fUST,0.00015681,2,1,-64699.35731749,demand,2026-09-15T09:47:01.837025+00:00
fda7fb78-9bdb-4e45-91ce-f37fc89374b6,fUST,0.000152,60,1,-28000.0,demand,2026-09-15T09:47:01.837025+00:00
fda7fb78-9bdb-4e45-91ce-f37fc89374b6,fUST,0.00015,120,1,-300000.0,demand,2026-09-15T09:47:01.837025+00:00
fda7fb78-9bdb-4e45-91ce-f37fc89374b6,fUST,0.00015,45,23,-138668.928077,demand,2026-09-15T09:47:01.837025+00:00
fda7fb78-9bdb-4e45-91ce-f37fc89374b6,fUST,0.00015,2,1,-10000.0,demand,2026-09-15T09:47:01.837025+00:00
fda7fb78-9bdb-4e45-91ce-f37fc89374b6,fUST,0.0001421,45,1,-10000.0,demand,2026-09-15T09:47:01.837025+00:00
fda7fb78-9bdb-4e45-91ce-f37fc89374b6,fUST,0.000142,45,2,-20000.0,demand,2026-09-15T09:47:01.837025+00:00
fda7fb78-9bdb-4e45-91ce-f37fc89374b6,fUST,0.00014,7,1,-10000.0,demand,2026-09-15T09:47:01.837025+00:00
fda7fb78-9bdb-4e45-91ce-f37fc89374b6,fUST,0.000137,2,1,-671581.63044692,demand,2026-09-15T09:47:01.837025+00:00
fda7fb78-9bdb-4e45-91ce-f37fc89374b6,fUST,0.0001361,30,23,-93124.47696771,demand,2026-09-15T09:47:01.837025+00:00
fda7fb78-9bdb-4e45-91ce-f37fc89374b6,fUST,0.000136,30,2,-14544.22120933,demand,2026-09-15T09:47:01.837025+00:00
fda7fb78-9bdb-4e45-91ce-f37fc89374b6,fUST,0.00013103,2,1,-285058.62536861,demand,2026-09-15T09:47:01.837025+00:00
fda7fb78-9bdb-4e45-91ce-f37fc89374b6,fUST,0.00013102,2,1,-366829.49373192,demand,2026-09-15T09:47:01.837025+00:00
fda7fb78-9bdb-4e45-91ce-f37fc89374b6,fUST,0.000131,2,3,-2576906.89108704,demand,2026-09-15T09:47:01.837025+00:00
fda7fb78-9bdb-4e45-91ce-f37fc89374b6,fUST,0.00013,30,1,-28000.0,demand,2026-09-15T09:47:01.837025+00:00
fda7fb78-9bdb-4e45-91ce-f37fc89374b6,fUST,0.00013,2,1,-1000.0,demand,2026-09-15T09:47:01.837025+00:00
fda7fb78-9bdb-4e45-91ce-f37fc89374b6,fUST,0.00013,7,1,-1000.0,demand,2026-09-15T09:47:01.837025+00:00
fda7fb78-9bdb-4e45-91ce-f37fc89374b6,fUST,0.00013,5,1,-1000.0,demand,2026-09-15T09:47:01.837025+00:00
fda7fb78-9bdb-4e45-91ce-f37fc89374b6,fUST,0.00013,14,1,-1000.0,demand,2026-09-15T09:47:01.837025+00:00
fda7fb78-9bdb-4e45-91ce-f37fc89374b6,fUST,0.0001226,12,1,-135216.16709793,demand,2026-09-15T09:47:01.837025+00:00
fda7fb78-9bdb-4e45-91ce-f37fc89374b6,fUST,0.0001633,2,1,5000.0,offer,2026-09-15T09:47:01.837025+00:00
fda7fb78-9bdb-4e45-91ce-f37fc89374b6,fUST,0.00017,2,1,13244.17072935,offer,2026-09-15T09:47:01.837025+00:00
fda7fb78-9bdb-4e45-91ce-f37fc89374b6,fUST,0.00017339,2,15,4500.0,offer,2026-09-15T09:47:01.837025+00:00
fda7fb78-9bdb-4e45-91ce-f37fc89374b6,fUST,0.00018821917808219178,3,1,185.0,offer,2026-09-15T09:47:01.837025+00:00
fda7fb78-9bdb-4e45-91ce-f37fc89374b6,fUST,0.00019795,2,1,9415.33720418,offer,2026-09-15T09:47:01.837025+00:00
fda7fb78-9bdb-4e45-91ce-f37fc89374b6,fUST,0.0002,2,1,3867.86082644,offer,2026-09-15T09:47:01.837025+00:00
fda7fb78-9bdb-4e45-91ce-f37fc89374b6,fUST,0.00020291424657534245,2,1,159.00094978,offer,2026-09-15T09:47:01.837025+00:00
fda7fb78-9bdb-4e45-91ce-f37fc89374b6,fUST,0.0002065601369863014,2,1,342.87831675,offer,2026-09-15T09:47:01.837025+00:00
fda7fb78-9bdb-4e45-91ce-f37fc89374b6,fUST,0.00020663013698630136,2,6,1293.57336761,offer,2026-09-15T09:47:01.837025+00:00
fda7fb78-9bdb-4e45-91ce-f37fc89374b6,fUST,0.000208203,2,1,188.0,offer,2026-09-15T09:47:01.837025+00:00
fda7fb78-9bdb-4e45-91ce-f37fc89374b6,fUST,0.000211359375,2,10,100185.26551738,offer,2026-09-15T09:47:01.837025+00:00
fda7fb78-9bdb-4e45-91ce-f37fc89374b6,fUST,0.00021481643836,2,6,1735.4241846,offer,2026-09-15T09:47:01.837025+00:00
fda7fb78-9bdb-4e45-91ce-f37fc89374b6,fUST,0.00021521917809,2,7,2145.2853707,offer,2026-09-15T09:47:01.837025+00:00
fda7fb78-9bdb-4e45-91ce-f37fc89374b6,fUST,0.00021726,30,10,4034.78448981,offer,2026-09-15T09:47:01.837025+00:00
fda7fb78-9bdb-4e45-91ce-f37fc89374b6,fUST,0.00021918,2,1,1213.62792235,offer,2026-09-15T09:47:01.837025+00:00
fda7fb78-9bdb-4e45-91ce-f37fc89374b6,fUST,0.0002195736,8,1,500.0,offer,2026-09-15T09:47:01.837025+00:00
fda7fb78-9bdb-4e45-91ce-f37fc89374b6,fUST,0.00021986799999999996,2,2,319.43825862,offer,2026-09-15T09:47:01.837025+00:00
fda7fb78-9bdb-4e45-91ce-f37fc89374b6,fUST,0.00021989999999999998,3,4,1321.36,offer,2026-09-15T09:47:01.837025+00:00
fda7fb78-9bdb-4e45-91ce-f37fc89374b6,fUST,0.00022,30,1,200891.07359972,offer,2026-09-15T09:47:01.837025+00:00
fda7fb78-9bdb-4e45-91ce-f37fc89374b6,fUST,0.00022,10,1,177.78245999,offer,2026-09-15T09:47:01.837025+00:00
fda7fb78-9bdb-4e45-91ce-f37fc89374b6,fUST,0.00022,2,9,121912.8355786,offer,2026-09-15T09:47:01.837025+00:00
fda7fb78-9bdb-4e45-91ce-f37fc89374b6,fUST,0.00022,5,1,2740.0,offer,2026-09-15T09:47:01.837025+00:00
fda7fb78-9bdb-4e45-91ce-f37fc89374b6,fUST,0.00022,14,1,333.16447045,offer,2026-09-15T09:47:01.837025+00:00
fda7fb78-9bdb-4e45-91ce-f37fc89374b6,fUST,0.000221,2,1,400.0,offer,2026-09-15T09:47:01.837025+00:00
fda7fb78-9bdb-4e45-91ce-f37fc89374b6,fUST,0.00022191780821917805,2,1,500.0,offer,2026-09-15T09:47:01.837025+00:00
a631f1b8-03cf-48f9-9d4e-99ee047b06c0,fUST,0.0002671232876712329,120,1,-2473922.50631048,demand,2026-09-15T10:47:01.879045+00:00
a631f1b8-03cf-48f9-9d4e-99ee047b06c0,fUST,0.0002478219178082192,60,1,-1775462.45786315,demand,2026-09-15T10:47:01.879045+00:00
a631f1b8-03cf-48f9-9d4e-99ee047b06c0,fUST,0.00024309315,120,1,-20000.0,demand,2026-09-15T10:47:01.879045+00:00
a631f1b8-03cf-48f9-9d4e-99ee047b06c0,fUST,0.00017681,2,1,-150.0,demand,2026-09-15T10:47:01.879045+00:00
a631f1b8-03cf-48f9-9d4e-99ee047b06c0,fUST,0.00016,60,18,-115000.0,demand,2026-09-15T10:47:01.879045+00:00
a631f1b8-03cf-48f9-9d4e-99ee047b06c0,fUST,0.00016,30,1,-4808.0,demand,2026-09-15T10:47:01.879045+00:00
a631f1b8-03cf-48f9-9d4e-99ee047b06c0,fUST,0.00015681,2,1,-64699.35731749,demand,2026-09-15T10:47:01.879045+00:00
a631f1b8-03cf-48f9-9d4e-99ee047b06c0,fUST,0.000152,60,1,-28000.0,demand,2026-09-15T10:47:01.879045+00:00
a631f1b8-03cf-48f9-9d4e-99ee047b06c0,fUST,0.00015,120,1,-300000.0,demand,2026-09-15T10:47:01.879045+00:00
a631f1b8-03cf-48f9-9d4e-99ee047b06c0,fUST,0.00015,45,23,-138668.928077,demand,2026-09-15T10:47:01.879045+00:00
a631f1b8-03cf-48f9-9d4e-99ee047b06c0,fUST,0.00015,2,1,-10000.0,demand,2026-09-15T10:47:01.879045+00:00
a631f1b8-03cf-48f9-9d4e-99ee047b06c0,fUST,0.0001421,45,1,-10000.0,demand,2026-09-15T10:47:01.879045+00:00
a631f1b8-03cf-48f9-9d4e-99ee047b06c0,fUST,0.000142,45,2,-20000.0,demand,2026-09-15T10:47:01.879045+00:00
a631f1b8-03cf-48f9-9d4e-99ee047b06c0,fUST,0.00014,7,1,-10000.0,demand,2026-09-15T10:47:01.879045+00:00
a631f1b8-03cf-48f9-9d4e-99ee047b06c0,fUST,0.000137,2,1,-635712.15483601,demand,2026-09-15T10:47:01.879045+00:00
a631f1b8-03cf-48f9-9d4e-99ee047b06c0,fUST,0.0001361,30,23,-93124.47696771,demand,2026-09-15T10:47:01.879045+00:00
a631f1b8-03cf-48f9-9d4e-99ee047b06c0,fUST,0.000136,30,2,-14544.22120933,demand,2026-09-15T10:47:01.879045+00:00
a631f1b8-03cf-48f9-9d4e-99ee047b06c0,fUST,0.00013103,2,1,-285058.62536861,demand,2026-09-15T10:47:01.879045+00:00
a631f1b8-03cf-48f9-9d4e-99ee047b06c0,fUST,0.00013102,2,1,-366829.49373192,demand,2026-09-15T10:47:01.879045+00:00
a631f1b8-03cf-48f9-9d4e-99ee047b06c0,fUST,0.000131,2,3,-2576906.89108704,demand,2026-09-15T10:47:01.879045+00:00
a631f1b8-03cf-48f9-9d4e-99ee047b06c0,fUST,0.00013,30,1,-28000.0,demand,2026-09-15T10:47:01.879045+00:00
a631f1b8-03cf-48f9-9d4e-99ee047b06c0,fUST,0.00013,2,1,-1000.0,demand,2026-09-15T10:47:01.879045+00:00
a631f1b8-03cf-48f9-9d4e-99ee047b06c0,fUST,0.00013,7,1,-1000.0,demand,2026-09-15T10:47:01.879045+00:00
a631f1b8-03cf-48f9-9d4e-99ee047b06c0,fUST,0.00013,5,1,-1000.0,demand,2026-09-15T10:47:01.879045+00:00
a631f1b8-03cf-48f9-9d4e-99ee047b06c0,fUST,0.00013,14,1,-1000.0,demand,2026-09-15T10:47:01.879045+00:00
a631f1b8-03cf-48f9-9d4e-99ee047b06c0,fUST,0.00016999000000000002,2,1,360.6264153,offer,2026-09-15T10:47:01.879045+00:00
a631f1b8-03cf-48f9-9d4e-99ee047b06c0,fUST,0.00017,2,1,13094.17072935,offer,2026-09-15T10:47:01.879045+00:00
a631f1b8-03cf-48f9-9d4e-99ee047b06c0,fUST,0.00017339,2,1,300.0,offer,2026-09-15T10:47:01.879045+00:00
a631f1b8-03cf-48f9-9d4e-99ee047b06c0,fUST,0.00017681,2,2,9108.48550045,offer,2026-09-15T10:47:01.879045+00:00
a631f1b8-03cf-48f9-9d4e-99ee047b06c0,fUST,0.000177672,2,1,525.9124842,offer,2026-09-15T10:47:01.879045+00:00
a631f1b8-03cf-48f9-9d4e-99ee047b06c0,fUST,0.00019498,2,1,248.62212954,offer,2026-09-15T10:47:01.879045+00:00
a631f1b8-03cf-48f9-9d4e-99ee047b06c0,fUST,0.00019999000000000001,2,1,162.25959534,offer,2026-09-15T10:47:01.879045+00:00
a631f1b8-03cf-48f9-9d4e-99ee047b06c0,fUST,0.0002,2,2,25875.35298797,offer,2026-09-15T10:47:01.879045+00:00
a631f1b8-03cf-48f9-9d4e-99ee047b06c0,fUST,0.00020321,2,1,167.729,offer,2026-09-15T10:47:01.879045+00:00
a631f1b8-03cf-48f9-9d4e-99ee047b06c0,fUST,0.00020389000000000003,3,2,738.56,offer,2026-09-15T10:47:01.879045+00:00
a631f1b8-03cf-48f9-9d4e-99ee047b06c0,fUST,0.00020389000000000003,2,18,245624.20250718,offer,2026-09-15T10:47:01.879045+00:00
a631f1b8-03cf-48f9-9d4e-99ee047b06c0,fUST,0.00020399,2,4,1824.22182536,offer,2026-09-15T10:47:01.879045+00:00
a631f1b8-03cf-48f9-9d4e-99ee047b06c0,fUST,0.000213476,2,1,188.0,offer,2026-09-15T10:47:01.879045+00:00
a631f1b8-03cf-48f9-9d4e-99ee047b06c0,fUST,0.0002139925,2,1,190.19923921,offer,2026-09-15T10:47:01.879045+00:00
a631f1b8-03cf-48f9-9d4e-99ee047b06c0,fUST,0.0002139925,7,1,190.1992392,offer,2026-09-15T10:47:01.879045+00:00
a631f1b8-03cf-48f9-9d4e-99ee047b06c0,fUST,0.0002158829915254237,2,2,319.04737631,offer,2026-09-15T10:47:01.879045+00:00
a631f1b8-03cf-48f9-9d4e-99ee047b06c0,fUST,0.00021758863013698632,3,1,369.28,offer,2026-09-15T10:47:01.879045+00:00
a631f1b8-03cf-48f9-9d4e-99ee047b06c0,fUST,0.00021842,2,2,1409.3317326,offer,2026-09-15T10:47:01.879045+00:00
a631f1b8-03cf-48f9-9d4e-99ee047b06c0,fUST,0.00021891,2,7,3686.55,offer,2026-09-15T10:47:01.879045+00:00
a631f1b8-03cf-48f9-9d4e-99ee047b06c0,fUST,0.00021942,2,1,526.65,offer,2026-09-15T10:47:01.879045+00:00
a631f1b8-03cf-48f9-9d4e-99ee047b06c0,fUST,0.00021999999999999998,8,1,377.65470427,offer,2026-09-15T10:47:01.879045+00:00
a631f1b8-03cf-48f9-9d4e-99ee047b06c0,fUST,0.00022,2,3,31097.81706288,offer,2026-09-15T10:47:01.879045+00:00
a631f1b8-03cf-48f9-9d4e-99ee047b06c0,fUST,0.00022,10,1,177.79549475,offer,2026-09-15T10:47:01.879045+00:00
a631f1b8-03cf-48f9-9d4e-99ee047b06c0,fUST,0.00022,8,1,151.0,offer,2026-09-15T10:47:01.879045+00:00
a631f1b8-03cf-48f9-9d4e-99ee047b06c0,fUST,0.00022043,2,1,526.65,offer,2026-09-15T10:47:01.879045+00:00
f3ed9df9-93bb-407c-9e6d-cf1a6fedcc58,fUST,0.0002671232876712329,120,1,-2472525.50631048,demand,2026-09-15T11:47:01.864622+00:00
f3ed9df9-93bb-407c-9e6d-cf1a6fedcc58,fUST,0.00024787945205479453,60,1,-1775282.54522177,demand,2026-09-15T11:47:01.864622+00:00
f3ed9df9-93bb-407c-9e6d-cf1a6fedcc58,fUST,0.00024309315,120,1,-20000.0,demand,2026-09-15T11:47:01.864622+00:00
f3ed9df9-93bb-407c-9e6d-cf1a6fedcc58,fUST,0.0001898,2,1,-150.0,demand,2026-09-15T11:47:01.864622+00:00
f3ed9df9-93bb-407c-9e6d-cf1a6fedcc58,fUST,0.0001698,2,1,-12027.6233218,demand,2026-09-15T11:47:01.864622+00:00
f3ed9df9-93bb-407c-9e6d-cf1a6fedcc58,fUST,0.00016,60,18,-115000.0,demand,2026-09-15T11:47:01.864622+00:00
f3ed9df9-93bb-407c-9e6d-cf1a6fedcc58,fUST,0.00016,30,1,-4808.0,demand,2026-09-15T11:47:01.864622+00:00
f3ed9df9-93bb-407c-9e6d-cf1a6fedcc58,fUST,0.000152,60,1,-28000.0,demand,2026-09-15T11:47:01.864622+00:00
f3ed9df9-93bb-407c-9e6d-cf1a6fedcc58,fUST,0.00015010000000000002,2,1,-64699.35731749,demand,2026-09-15T11:47:01.864622+00:00
f3ed9df9-93bb-407c-9e6d-cf1a6fedcc58,fUST,0.00015,120,1,-300000.0,demand,2026-09-15T11:47:01.864622+00:00
f3ed9df9-93bb-407c-9e6d-cf1a6fedcc58,fUST,0.00015,45,23,-138668.928077,demand,2026-09-15T11:47:01.864622+00:00
f3ed9df9-93bb-407c-9e6d-cf1a6fedcc58,fUST,0.00015,2,1,-10000.0,demand,2026-09-15T11:47:01.864622+00:00
f3ed9df9-93bb-407c-9e6d-cf1a6fedcc58,fUST,0.0001421,45,1,-10000.0,demand,2026-09-15T11:47:01.864622+00:00
f3ed9df9-93bb-407c-9e6d-cf1a6fedcc58,fUST,0.000142,45,2,-20000.0,demand,2026-09-15T11:47:01.864622+00:00
f3ed9df9-93bb-407c-9e6d-cf1a6fedcc58,fUST,0.00014,7,1,-10000.0,demand,2026-09-15T11:47:01.864622+00:00
f3ed9df9-93bb-407c-9e6d-cf1a6fedcc58,fUST,0.000137,2,1,-634749.73645039,demand,2026-09-15T11:47:01.864622+00:00
f3ed9df9-93bb-407c-9e6d-cf1a6fedcc58,fUST,0.0001361,30,23,-93124.47696771,demand,2026-09-15T11:47:01.864622+00:00
f3ed9df9-93bb-407c-9e6d-cf1a6fedcc58,fUST,0.000136,30,2,-14544.22120933,demand,2026-09-15T11:47:01.864622+00:00
f3ed9df9-93bb-407c-9e6d-cf1a6fedcc58,fUST,0.00013103,2,1,-285058.62536861,demand,2026-09-15T11:47:01.864622+00:00
f3ed9df9-93bb-407c-9e6d-cf1a6fedcc58,fUST,0.00013102,2,1,-366829.49373192,demand,2026-09-15T11:47:01.864622+00:00
f3ed9df9-93bb-407c-9e6d-cf1a6fedcc58,fUST,0.000131,2,3,-2576906.89108704,demand,2026-09-15T11:47:01.864622+00:00
f3ed9df9-93bb-407c-9e6d-cf1a6fedcc58,fUST,0.00013,30,1,-28000.0,demand,2026-09-15T11:47:01.864622+00:00
f3ed9df9-93bb-407c-9e6d-cf1a6fedcc58,fUST,0.00013,2,1,-1000.0,demand,2026-09-15T11:47:01.864622+00:00
f3ed9df9-93bb-407c-9e6d-cf1a6fedcc58,fUST,0.00013,7,1,-1000.0,demand,2026-09-15T11:47:01.864622+00:00
f3ed9df9-93bb-407c-9e6d-cf1a6fedcc58,fUST,0.00013,5,1,-1000.0,demand,2026-09-15T11:47:01.864622+00:00
f3ed9df9-93bb-407c-9e6d-cf1a6fedcc58,fUST,0.00016999,2,1,191.08,offer,2026-09-15T11:47:01.864622+00:00
f3ed9df9-93bb-407c-9e6d-cf1a6fedcc58,fUST,0.00016999000000000002,2,4,1669.05392884,offer,2026-09-15T11:47:01.864622+00:00
f3ed9df9-93bb-407c-9e6d-cf1a6fedcc58,fUST,0.00017,2,1,16681.64596063,offer,2026-09-15T11:47:01.864622+00:00
f3ed9df9-93bb-407c-9e6d-cf1a6fedcc58,fUST,0.00017339,2,15,4500.0,offer,2026-09-15T11:47:01.864622+00:00
f3ed9df9-93bb-407c-9e6d-cf1a6fedcc58,fUST,0.00017685,2,1,600.0,offer,2026-09-15T11:47:01.864622+00:00
f3ed9df9-93bb-407c-9e6d-cf1a6fedcc58,fUST,0.0001771533,2,1,2433.4216505,offer,2026-09-15T11:47:01.864622+00:00
f3ed9df9-93bb-407c-9e6d-cf1a6fedcc58,fUST,0.0001777798,2,1,280.9057668,offer,2026-09-15T11:47:01.864622+00:00
f3ed9df9-93bb-407c-9e6d-cf1a6fedcc58,fUST,0.0001778676,2,1,226.581708,offer,2026-09-15T11:47:01.864622+00:00
f3ed9df9-93bb-407c-9e6d-cf1a6fedcc58,fUST,0.0001790298,2,1,183.654496,offer,2026-09-15T11:47:01.864622+00:00
f3ed9df9-93bb-407c-9e6d-cf1a6fedcc58,fUST,0.00017999,2,1,201.51790809,offer,2026-09-15T11:47:01.864622+00:00
f3ed9df9-93bb-407c-9e6d-cf1a6fedcc58,fUST,0.000188,2,1,3954.15457161,offer,2026-09-15T11:47:01.864622+00:00
f3ed9df9-93bb-407c-9e6d-cf1a6fedcc58,fUST,0.00018886355696456913,2,1,261.31007524,offer,2026-09-15T11:47:01.864622+00:00
f3ed9df9-93bb-407c-9e6d-cf1a6fedcc58,fUST,0.0001898,2,1,5000.0,offer,2026-09-15T11:47:01.864622+00:00
f3ed9df9-93bb-407c-9e6d-cf1a6fedcc58,fUST,0.00019351700883447589,2,1,221.392409,offer,2026-09-15T11:47:01.864622+00:00
f3ed9df9-93bb-407c-9e6d-cf1a6fedcc58,fUST,0.00019453,2,1,720.0,offer,2026-09-15T11:47:01.864622+00:00
f3ed9df9-93bb-407c-9e6d-cf1a6fedcc58,fUST,0.00019498,2,1,248.62212954,offer,2026-09-15T11:47:01.864622+00:00
f3ed9df9-93bb-407c-9e6d-cf1a6fedcc58,fUST,0.00019989,3,1,440.44,offer,2026-09-15T11:47:01.864622+00:00
f3ed9df9-93bb-407c-9e6d-cf1a6fedcc58,fUST,0.00019999,2,1,197537.33001435,offer,2026-09-15T11:47:01.864622+00:00
f3ed9df9-93bb-407c-9e6d-cf1a6fedcc58,fUST,0.0002,2,2,25875.35298797,offer,2026-09-15T11:47:01.864622+00:00
f3ed9df9-93bb-407c-9e6d-cf1a6fedcc58,fUST,0.00020326,2,1,167.73,offer,2026-09-15T11:47:01.864622+00:00
f3ed9df9-93bb-407c-9e6d-cf1a6fedcc58,fUST,0.0002122727,7,2,647.79827582,offer,2026-09-15T11:47:01.864622+00:00
f3ed9df9-93bb-407c-9e6d-cf1a6fedcc58,fUST,0.0002136041095890411,2,2,3114.64,offer,2026-09-15T11:47:01.864622+00:00
f3ed9df9-93bb-407c-9e6d-cf1a6fedcc58,fUST,0.00021399,10,1,864.0,offer,2026-09-15T11:47:01.864622+00:00
f3ed9df9-93bb-407c-9e6d-cf1a6fedcc58,fUST,0.000215,5,1,28518.41167689,offer,2026-09-15T11:47:01.864622+00:00
f3ed9df9-93bb-407c-9e6d-cf1a6fedcc58,fUST,0.000215,2,3,1692.99331917,offer,2026-09-15T11:47:01.864622+00:00
59463587-4161-4de2-b992-57f55fc0d588,fUST,0.0002671232876712329,120,1,-2472525.50631048,demand,2026-09-15T12:47:01.877795+00:00
59463587-4161-4de2-b992-57f55fc0d588,fUST,0.00024791232876712326,60,1,-1775282.54522177,demand,2026-09-15T12:47:01.877795+00:00
59463587-4161-4de2-b992-57f55fc0d588,fUST,0.00024309315,120,1,-20000.0,demand,2026-09-15T12:47:01.877795+00:00
59463587-4161-4de2-b992-57f55fc0d588,fUST,0.00016,60,18,-115000.0,demand,2026-09-15T12:47:01.877795+00:00
59463587-4161-4de2-b992-57f55fc0d588,fUST,0.00016,30,1,-4808.0,demand,2026-09-15T12:47:01.877795+00:00
59463587-4161-4de2-b992-57f55fc0d588,fUST,0.000152,60,1,-28000.0,demand,2026-09-15T12:47:01.877795+00:00
59463587-4161-4de2-b992-57f55fc0d588,fUST,0.00015010000000000002,2,1,-64699.35731749,demand,2026-09-15T12:47:01.877795+00:00
59463587-4161-4de2-b992-57f55fc0d588,fUST,0.00015,120,1,-300000.0,demand,2026-09-15T12:47:01.877795+00:00
59463587-4161-4de2-b992-57f55fc0d588,fUST,0.00015,45,23,-138668.928077,demand,2026-09-15T12:47:01.877795+00:00
59463587-4161-4de2-b992-57f55fc0d588,fUST,0.00015,2,1,-10000.0,demand,2026-09-15T12:47:01.877795+00:00
59463587-4161-4de2-b992-57f55fc0d588,fUST,0.0001421,45,1,-10000.0,demand,2026-09-15T12:47:01.877795+00:00
59463587-4161-4de2-b992-57f55fc0d588,fUST,0.000142,45,2,-20000.0,demand,2026-09-15T12:47:01.877795+00:00
59463587-4161-4de2-b992-57f55fc0d588,fUST,0.00014,7,1,-10000.0,demand,2026-09-15T12:47:01.877795+00:00
59463587-4161-4de2-b992-57f55fc0d588,fUST,0.000137,2,1,-634749.73645039,demand,2026-09-15T12:47:01.877795+00:00
59463587-4161-4de2-b992-57f55fc0d588,fUST,0.0001361,30,23,-93124.47696771,demand,2026-09-15T12:47:01.877795+00:00
59463587-4161-4de2-b992-57f55fc0d588,fUST,0.000136,30,2,-14544.22120933,demand,2026-09-15T12:47:01.877795+00:00
59463587-4161-4de2-b992-57f55fc0d588,fUST,0.00013103,2,1,-285058.62536861,demand,2026-09-15T12:47:01.877795+00:00
59463587-4161-4de2-b992-57f55fc0d588,fUST,0.00013102,2,1,-366829.49373192,demand,2026-09-15T12:47:01.877795+00:00
59463587-4161-4de2-b992-57f55fc0d588,fUST,0.000131,2,3,-2576906.89108704,demand,2026-09-15T12:47:01.877795+00:00
59463587-4161-4de2-b992-57f55fc0d588,fUST,0.00013,30,1,-28000.0,demand,2026-09-15T12:47:01.877795+00:00
59463587-4161-4de2-b992-57f55fc0d588,fUST,0.00013,2,1,-1000.0,demand,2026-09-15T12:47:01.877795+00:00
59463587-4161-4de2-b992-57f55fc0d588,fUST,0.00013,7,1,-1000.0,demand,2026-09-15T12:47:01.877795+00:00
59463587-4161-4de2-b992-57f55fc0d588,fUST,0.00013,5,1,-1000.0,demand,2026-09-15T12:47:01.877795+00:00
59463587-4161-4de2-b992-57f55fc0d588,fUST,0.00013,14,1,-1000.0,demand,2026-09-15T12:47:01.877795+00:00
59463587-4161-4de2-b992-57f55fc0d588,fUST,0.0001226,12,1,-135216.16709793,demand,2026-09-15T12:47:01.877795+00:00
59463587-4161-4de2-b992-57f55fc0d588,fUST,0.00016476,2,1,5000.0,offer,2026-09-15T12:47:01.877795+00:00
59463587-4161-4de2-b992-57f55fc0d588,fUST,0.00017,2,1,22740.53085216,offer,2026-09-15T12:47:01.877795+00:00
59463587-4161-4de2-b992-57f55fc0d588,fUST,0.00017339,2,15,4500.0,offer,2026-09-15T12:47:01.877795+00:00
59463587-4161-4de2-b992-57f55fc0d588,fUST,0.00017685,2,1,600.0,offer,2026-09-15T12:47:01.877795+00:00
59463587-4161-4de2-b992-57f55fc0d588,fUST,0.000188,2,1,2059.53643408,offer,2026-09-15T12:47:01.877795+00:00
59463587-4161-4de2-b992-57f55fc0d588,fUST,0.0001887517709586728,2,1,294.43490421,offer,2026-09-15T12:47:01.877795+00:00
59463587-4161-4de2-b992-57f55fc0d588,fUST,0.00019453,2,1,720.0,offer,2026-09-15T12:47:01.877795+00:00
59463587-4161-4de2-b992-57f55fc0d588,fUST,0.00019498,2,1,248.62212954,offer,2026-09-15T12:47:01.877795+00:00
59463587-4161-4de2-b992-57f55fc0d588,fUST,0.00019551,7,1,178.59470584,offer,2026-09-15T12:47:01.877795+00:00
59463587-4161-4de2-b992-57f55fc0d588,fUST,0.00019554998477603033,2,1,160.0,offer,2026-09-15T12:47:01.877795+00:00
59463587-4161-4de2-b992-57f55fc0d588,fUST,0.0001994102,2,1,190.04519146,offer,2026-09-15T12:47:01.877795+00:00
59463587-4161-4de2-b992-57f55fc0d588,fUST,0.0001994202,7,3,603.64449788,offer,2026-09-15T12:47:01.877795+00:00
59463587-4161-4de2-b992-57f55fc0d588,fUST,0.00019989,3,1,282.03,offer,2026-09-15T12:47:01.877795+00:00
59463587-4161-4de2-b992-57f55fc0d588,fUST,0.00019999,2,12,145678.25357322,offer,2026-09-15T12:47:01.877795+00:00
59463587-4161-4de2-b992-57f55fc0d588,fUST,0.00020305997260273973,2,2,557.45947351,offer,2026-09-15T12:47:01.877795+00:00
59463587-4161-4de2-b992-57f55fc0d588,fUST,0.00020329,2,1,151.522,offer,2026-09-15T12:47:01.877795+00:00
59463587-4161-4de2-b992-57f55fc0d588,fUST,0.0002033926524,2,1,166.7369337,offer,2026-09-15T12:47:01.877795+00:00
59463587-4161-4de2-b992-57f55fc0d588,fUST,0.00020499,2,1,200.0,offer,2026-09-15T12:47:01.877795+00:00
59463587-4161-4de2-b992-57f55fc0d588,fUST,0.000205,5,1,153548.47686467,offer,2026-09-15T12:47:01.877795+00:00
59463587-4161-4de2-b992-57f55fc0d588,fUST,0.000205,2,1,1005.67161841,offer,2026-09-15T12:47:01.877795+00:00
59463587-4161-4de2-b992-57f55fc0d588,fUST,0.00020528550000000002,7,3,695.38503263,offer,2026-09-15T12:47:01.877795+00:00
59463587-4161-4de2-b992-57f55fc0d588,fUST,0.00020677808219178082,2,2,1114.91894702,offer,2026-09-15T12:47:01.877795+00:00
59463587-4161-4de2-b992-57f55fc0d588,fUST,0.0002111508,7,2,331.59470584,offer,2026-09-15T12:47:01.877795+00:00
59463587-4161-4de2-b992-57f55fc0d588,fUST,0.00021399,10,1,864.0,offer,2026-09-15T12:47:01.877795+00:00
59463587-4161-4de2-b992-57f55fc0d588,fUST,0.00021871881147540978,2,2,321.13266516,offer,2026-09-15T12:47:01.877795+00:00
f64baa79-e553-4e4c-83af-22d7b2f9b1b5,fUST,0.0002671232876712329,120,1,-2472010.47647792,demand,2026-09-15T13:47:02.153181+00:00
f64baa79-e553-4e4c-83af-22d7b2f9b1b5,fUST,0.0002483369863013699,60,1,-1775282.54522177,demand,2026-09-15T13:47:02.153181+00:00
f64baa79-e553-4e4c-83af-22d7b2f9b1b5,fUST,0.00024309315,120,1,-20000.0,demand,2026-09-15T13:47:02.153181+00:00
f64baa79-e553-4e4c-83af-22d7b2f9b1b5,fUST,0.00016,60,18,-115000.0,demand,2026-09-15T13:47:02.153181+00:00
f64baa79-e553-4e4c-83af-22d7b2f9b1b5,fUST,0.00016,30,1,-4808.0,demand,2026-09-15T13:47:02.153181+00:00
f64baa79-e553-4e4c-83af-22d7b2f9b1b5,fUST,0.000152,60,1,-28000.0,demand,2026-09-15T13:47:02.153181+00:00
f64baa79-e553-4e4c-83af-22d7b2f9b1b5,fUST,0.00015010000000000002,2,1,-48324.12731749,demand,2026-09-15T13:47:02.153181+00:00
f64baa79-e553-4e4c-83af-22d7b2f9b1b5,fUST,0.00015,120,1,-300000.0,demand,2026-09-15T13:47:02.153181+00:00
f64baa79-e553-4e4c-83af-22d7b2f9b1b5,fUST,0.00015,45,23,-138668.928077,demand,2026-09-15T13:47:02.153181+00:00
f64baa79-e553-4e4c-83af-22d7b2f9b1b5,fUST,0.00015,2,1,-10000.0,demand,2026-09-15T13:47:02.153181+00:00
f64baa79-e553-4e4c-83af-22d7b2f9b1b5,fUST,0.0001421,45,1,-10000.0,demand,2026-09-15T13:47:02.153181+00:00
f64baa79-e553-4e4c-83af-22d7b2f9b1b5,fUST,0.000142,45,2,-20000.0,demand,2026-09-15T13:47:02.153181+00:00
f64baa79-e553-4e4c-83af-22d7b2f9b1b5,fUST,0.0001401,2,1,-45000.0,demand,2026-09-15T13:47:02.153181+00:00
f64baa79-e553-4e4c-83af-22d7b2f9b1b5,fUST,0.00014,7,1,-10000.0,demand,2026-09-15T13:47:02.153181+00:00
f64baa79-e553-4e4c-83af-22d7b2f9b1b5,fUST,0.000137,2,1,-634749.73645039,demand,2026-09-15T13:47:02.153181+00:00
f64baa79-e553-4e4c-83af-22d7b2f9b1b5,fUST,0.0001361,30,23,-93124.47696771,demand,2026-09-15T13:47:02.153181+00:00
f64baa79-e553-4e4c-83af-22d7b2f9b1b5,fUST,0.000136,30,2,-14544.22120933,demand,2026-09-15T13:47:02.153181+00:00
f64baa79-e553-4e4c-83af-22d7b2f9b1b5,fUST,0.00013103,2,1,-285058.62536861,demand,2026-09-15T13:47:02.153181+00:00
f64baa79-e553-4e4c-83af-22d7b2f9b1b5,fUST,0.00013102,2,1,-366829.49373192,demand,2026-09-15T13:47:02.153181+00:00
f64baa79-e553-4e4c-83af-22d7b2f9b1b5,fUST,0.000131,2,3,-2576906.89108704,demand,2026-09-15T13:47:02.153181+00:00
f64baa79-e553-4e4c-83af-22d7b2f9b1b5,fUST,0.00013,30,1,-28000.0,demand,2026-09-15T13:47:02.153181+00:00
f64baa79-e553-4e4c-83af-22d7b2f9b1b5,fUST,0.00013,2,1,-1000.0,demand,2026-09-15T13:47:02.153181+00:00
f64baa79-e553-4e4c-83af-22d7b2f9b1b5,fUST,0.00013,7,1,-1000.0,demand,2026-09-15T13:47:02.153181+00:00
f64baa79-e553-4e4c-83af-22d7b2f9b1b5,fUST,0.00013,5,1,-1000.0,demand,2026-09-15T13:47:02.153181+00:00
f64baa79-e553-4e4c-83af-22d7b2f9b1b5,fUST,0.00013,14,1,-1000.0,demand,2026-09-15T13:47:02.153181+00:00
f64baa79-e553-4e4c-83af-22d7b2f9b1b5,fUST,0.0001591506,7,1,39.3554691,offer,2026-09-15T13:47:02.153181+00:00
f64baa79-e553-4e4c-83af-22d7b2f9b1b5,fUST,0.00018512,2,1,5000.0,offer,2026-09-15T13:47:02.153181+00:00
f64baa79-e553-4e4c-83af-22d7b2f9b1b5,fUST,0.0001869925,2,1,2844.7043437,offer,2026-09-15T13:47:02.153181+00:00
f64baa79-e553-4e4c-83af-22d7b2f9b1b5,fUST,0.000188,2,1,387.13,offer,2026-09-15T13:47:02.153181+00:00
f64baa79-e553-4e4c-83af-22d7b2f9b1b5,fUST,0.00019599,2,1,198.387,offer,2026-09-15T13:47:02.153181+00:00
f64baa79-e553-4e4c-83af-22d7b2f9b1b5,fUST,0.00019998,2,1,179.59145567,offer,2026-09-15T13:47:02.153181+00:00
f64baa79-e553-4e4c-83af-22d7b2f9b1b5,fUST,0.00019999,2,7,3168389.80109843,offer,2026-09-15T13:47:02.153181+00:00
f64baa79-e553-4e4c-83af-22d7b2f9b1b5,fUST,0.0001999901,2,1,220.64,offer,2026-09-15T13:47:02.153181+00:00
f64baa79-e553-4e4c-83af-22d7b2f9b1b5,fUST,0.0002,2,3,530.90602546,offer,2026-09-15T13:47:02.153181+00:00
f64baa79-e553-4e4c-83af-22d7b2f9b1b5,fUST,0.00020087284829253308,2,4,701.392409,offer,2026-09-15T13:47:02.153181+00:00
f64baa79-e553-4e4c-83af-22d7b2f9b1b5,fUST,0.000201,2,2,378.91175413,offer,2026-09-15T13:47:02.153181+00:00
f64baa79-e553-4e4c-83af-22d7b2f9b1b5,fUST,0.000202,2,1,163.71768794,offer,2026-09-15T13:47:02.153181+00:00
f64baa79-e553-4e4c-83af-22d7b2f9b1b5,fUST,0.000203,2,2,378.91175413,offer,2026-09-15T13:47:02.153181+00:00
f64baa79-e553-4e4c-83af-22d7b2f9b1b5,fUST,0.0002034008442,2,1,163.817715,offer,2026-09-15T13:47:02.153181+00:00
f64baa79-e553-4e4c-83af-22d7b2f9b1b5,fUST,0.00020355921917808217,2,2,360.09614952,offer,2026-09-15T13:47:02.153181+00:00
f64baa79-e553-4e4c-83af-22d7b2f9b1b5,fUST,0.00020398,2,16,5100.0,offer,2026-09-15T13:47:02.153181+00:00
f64baa79-e553-4e4c-83af-22d7b2f9b1b5,fUST,0.0002039898,4,1,327.27960418,offer,2026-09-15T13:47:02.153181+00:00
f64baa79-e553-4e4c-83af-22d7b2f9b1b5,fUST,0.000205,2,1,213.03852045,offer,2026-09-15T13:47:02.153181+00:00
f64baa79-e553-4e4c-83af-22d7b2f9b1b5,fUST,0.000207,2,1,213.03852045,offer,2026-09-15T13:47:02.153181+00:00
f64baa79-e553-4e4c-83af-22d7b2f9b1b5,fUST,0.00020724109589041097,2,1,208.8310449,offer,2026-09-15T13:47:02.153181+00:00
f64baa79-e553-4e4c-83af-22d7b2f9b1b5,fUST,0.0002072849315068493,2,8,2067.84014322,offer,2026-09-15T13:47:02.153181+00:00
f64baa79-e553-4e4c-83af-22d7b2f9b1b5,fUST,0.000209,2,1,213.03852045,offer,2026-09-15T13:47:02.153181+00:00
f64baa79-e553-4e4c-83af-22d7b2f9b1b5,fUST,0.0002144279219861233,7,1,3025.03193749,offer,2026-09-15T13:47:02.153181+00:00
f64baa79-e553-4e4c-83af-22d7b2f9b1b5,fUST,0.0002176988698630137,2,1,3114.64,offer,2026-09-15T13:47:02.153181+00:00
f64baa79-e553-4e4c-83af-22d7b2f9b1b5,fUST,0.00021891,2,1,543.5,offer,2026-09-15T13:47:02.153181+00:00
818682e7-34f5-4f14-947f-b3bf6d7cd72a,fUST,0.0002671232876712329,120,1,-2468238.649284,demand,2026-09-15T14:47:02.046270+00:00
818682e7-34f5-4f14-947f-b3bf6d7cd72a,fUST,0.00024825753424657536,60,1,-1775128.63899914,demand,2026-09-15T14:47:02.046270+00:00
818682e7-34f5-4f14-947f-b3bf6d7cd72a,fUST,0.00024309315,120,1,-20000.0,demand,2026-09-15T14:47:02.046270+00:00
818682e7-34f5-4f14-947f-b3bf6d7cd72a,fUST,0.00016,60,18,-115000.0,demand,2026-09-15T14:47:02.046270+00:00
818682e7-34f5-4f14-947f-b3bf6d7cd72a,fUST,0.00016,30,1,-4808.0,demand,2026-09-15T14:47:02.046270+00:00
818682e7-34f5-4f14-947f-b3bf6d7cd72a,fUST,0.000152,60,1,-28000.0,demand,2026-09-15T14:47:02.046270+00:00
818682e7-34f5-4f14-947f-b3bf6d7cd72a,fUST,0.00015010000000000002,2,1,-32398.01551849,demand,2026-09-15T14:47:02.046270+00:00
818682e7-34f5-4f14-947f-b3bf6d7cd72a,fUST,0.00015,120,1,-300000.0,demand,2026-09-15T14:47:02.046270+00:00
818682e7-34f5-4f14-947f-b3bf6d7cd72a,fUST,0.00015,45,23,-138668.928077,demand,2026-09-15T14:47:02.046270+00:00
818682e7-34f5-4f14-947f-b3bf6d7cd72a,fUST,0.00015,2,1,-10000.0,demand,2026-09-15T14:47:02.046270+00:00
818682e7-34f5-4f14-947f-b3bf6d7cd72a,fUST,0.0001421,45,1,-10000.0,demand,2026-09-15T14:47:02.046270+00:00
818682e7-34f5-4f14-947f-b3bf6d7cd72a,fUST,0.000142,45,2,-20000.0,demand,2026-09-15T14:47:02.046270+00:00
818682e7-34f5-4f14-947f-b3bf6d7cd72a,fUST,0.0001401,2,1,-45000.0,demand,2026-09-15T14:47:02.046270+00:00
818682e7-34f5-4f14-947f-b3bf6d7cd72a,fUST,0.00014,7,1,-10000.0,demand,2026-09-15T14:47:02.046270+00:00
818682e7-34f5-4f14-947f-b3bf6d7cd72a,fUST,0.000137,2,1,-634749.73645039,demand,2026-09-15T14:47:02.046270+00:00
818682e7-34f5-4f14-947f-b3bf6d7cd72a,fUST,0.0001361,30,23,-93124.47696771,demand,2026-09-15T14:47:02.046270+00:00
818682e7-34f5-4f14-947f-b3bf6d7cd72a,fUST,0.000136,30,2,-14544.22120933,demand,2026-09-15T14:47:02.046270+00:00
818682e7-34f5-4f14-947f-b3bf6d7cd72a,fUST,0.00013103,2,1,-285058.62536861,demand,2026-09-15T14:47:02.046270+00:00
818682e7-34f5-4f14-947f-b3bf6d7cd72a,fUST,0.00013102,2,1,-366829.49373192,demand,2026-09-15T14:47:02.046270+00:00
818682e7-34f5-4f14-947f-b3bf6d7cd72a,fUST,0.000131,2,3,-2576906.89108704,demand,2026-09-15T14:47:02.046270+00:00
818682e7-34f5-4f14-947f-b3bf6d7cd72a,fUST,0.00013,30,1,-28000.0,demand,2026-09-15T14:47:02.046270+00:00
818682e7-34f5-4f14-947f-b3bf6d7cd72a,fUST,0.00013,2,1,-1000.0,demand,2026-09-15T14:47:02.046270+00:00
818682e7-34f5-4f14-947f-b3bf6d7cd72a,fUST,0.00013,7,1,-1000.0,demand,2026-09-15T14:47:02.046270+00:00
818682e7-34f5-4f14-947f-b3bf6d7cd72a,fUST,0.00013,5,1,-1000.0,demand,2026-09-15T14:47:02.046270+00:00
818682e7-34f5-4f14-947f-b3bf6d7cd72a,fUST,0.00013,14,1,-1000.0,demand,2026-09-15T14:47:02.046270+00:00
818682e7-34f5-4f14-947f-b3bf6d7cd72a,fUST,0.00018595,7,2,832.79708091,offer,2026-09-15T14:47:02.046270+00:00
818682e7-34f5-4f14-947f-b3bf6d7cd72a,fUST,0.000189669,7,2,982.79708091,offer,2026-09-15T14:47:02.046270+00:00
818682e7-34f5-4f14-947f-b3bf6d7cd72a,fUST,0.00019302,2,1,5000.0,offer,2026-09-15T14:47:02.046270+00:00
818682e7-34f5-4f14-947f-b3bf6d7cd72a,fUST,0.00019495986301369865,2,4,1477.4174089,offer,2026-09-15T14:47:02.046270+00:00
818682e7-34f5-4f14-947f-b3bf6d7cd72a,fUST,0.00019496986301369864,2,1,9179.8989869,offer,2026-09-15T14:47:02.046270+00:00
818682e7-34f5-4f14-947f-b3bf6d7cd72a,fUST,0.00019497,2,2,377.18529621,offer,2026-09-15T14:47:02.046270+00:00
818682e7-34f5-4f14-947f-b3bf6d7cd72a,fUST,0.00019498,2,3,76385.48595683,offer,2026-09-15T14:47:02.046270+00:00
818682e7-34f5-4f14-947f-b3bf6d7cd72a,fUST,0.0001952475,7,2,982.79708091,offer,2026-09-15T14:47:02.046270+00:00
818682e7-34f5-4f14-947f-b3bf6d7cd72a,fUST,0.00019628,2,1,775.84,offer,2026-09-15T14:47:02.046270+00:00
818682e7-34f5-4f14-947f-b3bf6d7cd72a,fUST,0.000199,2,2,189944.97409345,offer,2026-09-15T14:47:02.046270+00:00
818682e7-34f5-4f14-947f-b3bf6d7cd72a,fUST,0.00019999,2,7,2725690.5641169,offer,2026-09-15T14:47:02.046270+00:00
818682e7-34f5-4f14-947f-b3bf6d7cd72a,fUST,0.0001999901,2,1,232.71,offer,2026-09-15T14:47:02.046270+00:00
818682e7-34f5-4f14-947f-b3bf6d7cd72a,fUST,0.0002,2,3,530.90602546,offer,2026-09-15T14:47:02.046270+00:00
818682e7-34f5-4f14-947f-b3bf6d7cd72a,fUST,0.000200826,7,2,982.79708091,offer,2026-09-15T14:47:02.046270+00:00
818682e7-34f5-4f14-947f-b3bf6d7cd72a,fUST,0.000201,2,2,378.91175413,offer,2026-09-15T14:47:02.046270+00:00
818682e7-34f5-4f14-947f-b3bf6d7cd72a,fUST,0.00020126268751724023,2,5,1118.54713685,offer,2026-09-15T14:47:02.046270+00:00
818682e7-34f5-4f14-947f-b3bf6d7cd72a,fUST,0.000202,2,1,163.71768794,offer,2026-09-15T14:47:02.046270+00:00
818682e7-34f5-4f14-947f-b3bf6d7cd72a,fUST,0.000203,2,2,378.91175413,offer,2026-09-15T14:47:02.046270+00:00
818682e7-34f5-4f14-947f-b3bf6d7cd72a,fUST,0.00020346476712328768,2,2,542.64698289,offer,2026-09-15T14:47:02.046270+00:00
818682e7-34f5-4f14-947f-b3bf6d7cd72a,fUST,0.00020398,2,1,600.0,offer,2026-09-15T14:47:02.046270+00:00
818682e7-34f5-4f14-947f-b3bf6d7cd72a,fUST,0.0002039898,4,1,337.37086874,offer,2026-09-15T14:47:02.046270+00:00
818682e7-34f5-4f14-947f-b3bf6d7cd72a,fUST,0.0002048443722,2,1,184.6811,offer,2026-09-15T14:47:02.046270+00:00
818682e7-34f5-4f14-947f-b3bf6d7cd72a,fUST,0.000205,2,1,213.03852045,offer,2026-09-15T14:47:02.046270+00:00
818682e7-34f5-4f14-947f-b3bf6d7cd72a,fUST,0.000207,2,1,213.03852045,offer,2026-09-15T14:47:02.046270+00:00
818682e7-34f5-4f14-947f-b3bf6d7cd72a,fUST,0.00020718904109589043,2,5,2018.94268043,offer,2026-09-15T14:47:02.046270+00:00
f157b401-bd8a-472f-8f07-9b4c688a90c4,fUST,0.0002671232876712329,120,1,-2457735.74928398,demand,2026-09-15T15:47:02.200276+00:00
f157b401-bd8a-472f-8f07-9b4c688a90c4,fUST,0.00024755068493150683,60,1,-1775128.63899914,demand,2026-09-15T15:47:02.200276+00:00
f157b401-bd8a-472f-8f07-9b4c688a90c4,fUST,0.00024309315,120,1,-20000.0,demand,2026-09-15T15:47:02.200276+00:00
f157b401-bd8a-472f-8f07-9b4c688a90c4,fUST,0.00016,60,18,-115000.0,demand,2026-09-15T15:47:02.200276+00:00
f157b401-bd8a-472f-8f07-9b4c688a90c4,fUST,0.00016,30,1,-4808.0,demand,2026-09-15T15:47:02.200276+00:00
f157b401-bd8a-472f-8f07-9b4c688a90c4,fUST,0.000152,60,1,-28000.0,demand,2026-09-15T15:47:02.200276+00:00
f157b401-bd8a-472f-8f07-9b4c688a90c4,fUST,0.00015010000000000002,2,1,-23722.08502166,demand,2026-09-15T15:47:02.200276+00:00
f157b401-bd8a-472f-8f07-9b4c688a90c4,fUST,0.00015,120,1,-300000.0,demand,2026-09-15T15:47:02.200276+00:00
f157b401-bd8a-472f-8f07-9b4c688a90c4,fUST,0.00015,45,23,-138668.928077,demand,2026-09-15T15:47:02.200276+00:00
f157b401-bd8a-472f-8f07-9b4c688a90c4,fUST,0.00015,2,1,-10000.0,demand,2026-09-15T15:47:02.200276+00:00
f157b401-bd8a-472f-8f07-9b4c688a90c4,fUST,0.0001421,45,1,-10000.0,demand,2026-09-15T15:47:02.200276+00:00
f157b401-bd8a-472f-8f07-9b4c688a90c4,fUST,0.000142,45,2,-20000.0,demand,2026-09-15T15:47:02.200276+00:00
f157b401-bd8a-472f-8f07-9b4c688a90c4,fUST,0.0001401,2,1,-45000.0,demand,2026-09-15T15:47:02.200276+00:00
f157b401-bd8a-472f-8f07-9b4c688a90c4,fUST,0.00014,7,1,-10000.0,demand,2026-09-15T15:47:02.200276+00:00
f157b401-bd8a-472f-8f07-9b4c688a90c4,fUST,0.000137,2,1,-634749.73645039,demand,2026-09-15T15:47:02.200276+00:00
f157b401-bd8a-472f-8f07-9b4c688a90c4,fUST,0.0001361,30,23,-93124.47696771,demand,2026-09-15T15:47:02.200276+00:00
f157b401-bd8a-472f-8f07-9b4c688a90c4,fUST,0.000136,30,2,-14544.22120933,demand,2026-09-15T15:47:02.200276+00:00
f157b401-bd8a-472f-8f07-9b4c688a90c4,fUST,0.00013103,2,1,-285058.62536861,demand,2026-09-15T15:47:02.200276+00:00
f157b401-bd8a-472f-8f07-9b4c688a90c4,fUST,0.00013102,2,1,-366829.49373192,demand,2026-09-15T15:47:02.200276+00:00
f157b401-bd8a-472f-8f07-9b4c688a90c4,fUST,0.000131,2,3,-2576906.89108704,demand,2026-09-15T15:47:02.200276+00:00
f157b401-bd8a-472f-8f07-9b4c688a90c4,fUST,0.00013,30,1,-28000.0,demand,2026-09-15T15:47:02.200276+00:00
f157b401-bd8a-472f-8f07-9b4c688a90c4,fUST,0.00013,2,1,-1000.0,demand,2026-09-15T15:47:02.200276+00:00
f157b401-bd8a-472f-8f07-9b4c688a90c4,fUST,0.00013,7,1,-1000.0,demand,2026-09-15T15:47:02.200276+00:00
f157b401-bd8a-472f-8f07-9b4c688a90c4,fUST,0.00013,5,1,-1000.0,demand,2026-09-15T15:47:02.200276+00:00
f157b401-bd8a-472f-8f07-9b4c688a90c4,fUST,0.00013,14,1,-1000.0,demand,2026-09-15T15:47:02.200276+00:00
f157b401-bd8a-472f-8f07-9b4c688a90c4,fUST,0.0001528817,2,1,151.0,offer,2026-09-15T15:47:02.200276+00:00
f157b401-bd8a-472f-8f07-9b4c688a90c4,fUST,0.000155939334,7,1,199.40186098,offer,2026-09-15T15:47:02.200276+00:00
f157b401-bd8a-472f-8f07-9b4c688a90c4,fUST,0.00015761,2,1,233.99,offer,2026-09-15T15:47:02.200276+00:00
f157b401-bd8a-472f-8f07-9b4c688a90c4,fUST,0.00016511,2,1,234.0,offer,2026-09-15T15:47:02.200276+00:00
f157b401-bd8a-472f-8f07-9b4c688a90c4,fUST,0.000165112236,7,1,299.1027915,offer,2026-09-15T15:47:02.200276+00:00
f157b401-bd8a-472f-8f07-9b4c688a90c4,fUST,0.00018273972602739726,3,1,163.0,offer,2026-09-15T15:47:02.200276+00:00
f157b401-bd8a-472f-8f07-9b4c688a90c4,fUST,0.00019403,7,1,393.11883237,offer,2026-09-15T15:47:02.200276+00:00
f157b401-bd8a-472f-8f07-9b4c688a90c4,fUST,0.00019791060000000002,7,1,393.11883237,offer,2026-09-15T15:47:02.200276+00:00
f157b401-bd8a-472f-8f07-9b4c688a90c4,fUST,0.000199,2,1,188.19630377,offer,2026-09-15T15:47:02.200276+00:00
f157b401-bd8a-472f-8f07-9b4c688a90c4,fUST,0.00019999,2,1,9015.44718951,offer,2026-09-15T15:47:02.200276+00:00
f157b401-bd8a-472f-8f07-9b4c688a90c4,fUST,0.0002,2,1,215.08095502,offer,2026-09-15T15:47:02.200276+00:00
f157b401-bd8a-472f-8f07-9b4c688a90c4,fUST,0.00020373150000000003,7,1,393.11883237,offer,2026-09-15T15:47:02.200276+00:00
f157b401-bd8a-472f-8f07-9b4c688a90c4,fUST,0.00020398,2,15,4500.0,offer,2026-09-15T15:47:02.200276+00:00
f157b401-bd8a-472f-8f07-9b4c688a90c4,fUST,0.00020955240000000003,7,1,393.11883237,offer,2026-09-15T15:47:02.200276+00:00
f157b401-bd8a-472f-8f07-9b4c688a90c4,fUST,0.0002166,2,1,1127.0,offer,2026-09-15T15:47:02.200276+00:00
f157b401-bd8a-472f-8f07-9b4c688a90c4,fUST,0.000217,2,1,243.0,offer,2026-09-15T15:47:02.200276+00:00
f157b401-bd8a-472f-8f07-9b4c688a90c4,fUST,0.00021731360000000003,7,1,393.11883238,offer,2026-09-15T15:47:02.200276+00:00
f157b401-bd8a-472f-8f07-9b4c688a90c4,fUST,0.0002182512492,2,1,307.058972,offer,2026-09-15T15:47:02.200276+00:00
f157b401-bd8a-472f-8f07-9b4c688a90c4,fUST,0.00021917808219178083,2,5,1789.2789329,offer,2026-09-15T15:47:02.200276+00:00
f157b401-bd8a-472f-8f07-9b4c688a90c4,fUST,0.00022,2,1,173.0,offer,2026-09-15T15:47:02.200276+00:00
f157b401-bd8a-472f-8f07-9b4c688a90c4,fUST,0.000221925,2,2,640.0,offer,2026-09-15T15:47:02.200276+00:00
f157b401-bd8a-472f-8f07-9b4c688a90c4,fUST,0.0002253135897535601,2,1,221.392409,offer,2026-09-15T15:47:02.200276+00:00
f157b401-bd8a-472f-8f07-9b4c688a90c4,fUST,0.00022553483750703266,2,2,320.0,offer,2026-09-15T15:47:02.200276+00:00
f157b401-bd8a-472f-8f07-9b4c688a90c4,fUST,0.0002266,2,2,1297.866,offer,2026-09-15T15:47:02.200276+00:00
f157b401-bd8a-472f-8f07-9b4c688a90c4,fUST,0.00022683,2,1,246.99064419,offer,2026-09-15T15:47:02.200276+00:00
23f871de-46b9-431f-98ec-9365d3b58942,fUST,0.0002671232876712329,120,1,-2309833.09935171,demand,2026-09-15T16:47:02.095489+00:00
23f871de-46b9-431f-98ec-9365d3b58942,fUST,0.0002477123287671233,60,1,-1775128.63899914,demand,2026-09-15T16:47:02.095489+00:00
23f871de-46b9-431f-98ec-9365d3b58942,fUST,0.00024309315,120,1,-20000.0,demand,2026-09-15T16:47:02.095489+00:00
23f871de-46b9-431f-98ec-9365d3b58942,fUST,0.000207,2,2,-3993.46123752,demand,2026-09-15T16:47:02.095489+00:00
23f871de-46b9-431f-98ec-9365d3b58942,fUST,0.000192,2,2,-3993.46123752,demand,2026-09-15T16:47:02.095489+00:00
23f871de-46b9-431f-98ec-9365d3b58942,fUST,0.00016,60,18,-115000.0,demand,2026-09-15T16:47:02.095489+00:00
23f871de-46b9-431f-98ec-9365d3b58942,fUST,0.00016,30,1,-4808.0,demand,2026-09-15T16:47:02.095489+00:00
23f871de-46b9-431f-98ec-9365d3b58942,fUST,0.000152,60,1,-28000.0,demand,2026-09-15T16:47:02.095489+00:00
23f871de-46b9-431f-98ec-9365d3b58942,fUST,0.00015010000000000002,2,1,-13105.77009708,demand,2026-09-15T16:47:02.095489+00:00
23f871de-46b9-431f-98ec-9365d3b58942,fUST,0.00015,120,1,-300000.0,demand,2026-09-15T16:47:02.095489+00:00
23f871de-46b9-431f-98ec-9365d3b58942,fUST,0.00015,45,23,-138668.928077,demand,2026-09-15T16:47:02.095489+00:00
23f871de-46b9-431f-98ec-9365d3b58942,fUST,0.00015,2,1,-10000.0,demand,2026-09-15T16:47:02.095489+00:00
23f871de-46b9-431f-98ec-9365d3b58942,fUST,0.0001421,45,1,-10000.0,demand,2026-09-15T16:47:02.095489+00:00
23f871de-46b9-431f-98ec-9365d3b58942,fUST,0.000142,45,2,-20000.0,demand,2026-09-15T16:47:02.095489+00:00
23f871de-46b9-431f-98ec-9365d3b58942,fUST,0.0001401,2,1,-45000.0,demand,2026-09-15T16:47:02.095489+00:00
23f871de-46b9-431f-98ec-9365d3b58942,fUST,0.00014,7,1,-10000.0,demand,2026-09-15T16:47:02.095489+00:00
23f871de-46b9-431f-98ec-9365d3b58942,fUST,0.000137,2,1,-634749.73645039,demand,2026-09-15T16:47:02.095489+00:00
23f871de-46b9-431f-98ec-9365d3b58942,fUST,0.0001361,30,23,-93124.47696771,demand,2026-09-15T16:47:02.095489+00:00
23f871de-46b9-431f-98ec-9365d3b58942,fUST,0.000136,30,2,-14544.22120933,demand,2026-09-15T16:47:02.095489+00:00
23f871de-46b9-431f-98ec-9365d3b58942,fUST,0.00013103,2,1,-285058.62536861,demand,2026-09-15T16:47:02.095489+00:00
23f871de-46b9-431f-98ec-9365d3b58942,fUST,0.00013102,2,1,-366829.49373192,demand,2026-09-15T16:47:02.095489+00:00
23f871de-46b9-431f-98ec-9365d3b58942,fUST,0.000131,2,3,-2576906.89108704,demand,2026-09-15T16:47:02.095489+00:00
23f871de-46b9-431f-98ec-9365d3b58942,fUST,0.00013,30,1,-28000.0,demand,2026-09-15T16:47:02.095489+00:00
23f871de-46b9-431f-98ec-9365d3b58942,fUST,0.00013,2,1,-1000.0,demand,2026-09-15T16:47:02.095489+00:00
23f871de-46b9-431f-98ec-9365d3b58942,fUST,0.00013,7,1,-1000.0,demand,2026-09-15T16:47:02.095489+00:00
23f871de-46b9-431f-98ec-9365d3b58942,fUST,0.00017739,2,1,211.84096984,offer,2026-09-15T16:47:02.095489+00:00
23f871de-46b9-431f-98ec-9365d3b58942,fUST,0.000179598,2,1,216.1387382,offer,2026-09-15T16:47:02.095489+00:00
23f871de-46b9-431f-98ec-9365d3b58942,fUST,0.000180798,2,1,4334.2496386,offer,2026-09-15T16:47:02.095489+00:00
23f871de-46b9-431f-98ec-9365d3b58942,fUST,0.00018600000000000002,2,1,5224.35,offer,2026-09-15T16:47:02.095489+00:00
23f871de-46b9-431f-98ec-9365d3b58942,fUST,0.00018699,2,2,684.19621152,offer,2026-09-15T16:47:02.095489+00:00
23f871de-46b9-431f-98ec-9365d3b58942,fUST,0.00018699000000000002,2,2,814.80436888,offer,2026-09-15T16:47:02.095489+00:00
23f871de-46b9-431f-98ec-9365d3b58942,fUST,0.00018700000000000002,2,1,10000.0,offer,2026-09-15T16:47:02.095489+00:00
23f871de-46b9-431f-98ec-9365d3b58942,fUST,0.000188,2,1,1911.99697204,offer,2026-09-15T16:47:02.095489+00:00
23f871de-46b9-431f-98ec-9365d3b58942,fUST,0.00018800000000000002,2,1,10000.0,offer,2026-09-15T16:47:02.095489+00:00
23f871de-46b9-431f-98ec-9365d3b58942,fUST,0.00018899000000000002,2,1,298.13951665,offer,2026-09-15T16:47:02.095489+00:00
23f871de-46b9-431f-98ec-9365d3b58942,fUST,0.000189,2,1,7189.5851997,offer,2026-09-15T16:47:02.095489+00:00
23f871de-46b9-431f-98ec-9365d3b58942,fUST,0.00018999,2,1,500.0,offer,2026-09-15T16:47:02.095489+00:00
23f871de-46b9-431f-98ec-9365d3b58942,fUST,0.00019,2,1,10000.0,offer,2026-09-15T16:47:02.095489+00:00
23f871de-46b9-431f-98ec-9365d3b58942,fUST,0.000191,2,16,207863.15094852,offer,2026-09-15T16:47:02.095489+00:00
23f871de-46b9-431f-98ec-9365d3b58942,fUST,0.00019199,2,1,500.0,offer,2026-09-15T16:47:02.095489+00:00
23f871de-46b9-431f-98ec-9365d3b58942,fUST,0.000192,2,1,6006.53876248,offer,2026-09-15T16:47:02.095489+00:00
23f871de-46b9-431f-98ec-9365d3b58942,fUST,0.0001926747,2,1,2779.2505737,offer,2026-09-15T16:47:02.095489+00:00
23f871de-46b9-431f-98ec-9365d3b58942,fUST,0.000193,2,1,10000.0,offer,2026-09-15T16:47:02.095489+00:00
23f871de-46b9-431f-98ec-9365d3b58942,fUST,0.00019399,2,1,500.0,offer,2026-09-15T16:47:02.095489+00:00
23f871de-46b9-431f-98ec-9365d3b58942,fUST,0.000194,2,1,10000.0,offer,2026-09-15T16:47:02.095489+00:00
23f871de-46b9-431f-98ec-9365d3b58942,fUST,0.00019404,7,1,170.67639804,offer,2026-09-15T16:47:02.095489+00:00
23f871de-46b9-431f-98ec-9365d3b58942,fUST,0.00019500000000000002,2,1,10000.0,offer,2026-09-15T16:47:02.095489+00:00
23f871de-46b9-431f-98ec-9365d3b58942,fUST,0.00019599,2,1,500.0,offer,2026-09-15T16:47:02.095489+00:00
23f871de-46b9-431f-98ec-9365d3b58942,fUST,0.00019600000000000002,2,1,10000.0,offer,2026-09-15T16:47:02.095489+00:00
23f871de-46b9-431f-98ec-9365d3b58942,fUST,0.00019700000000000002,2,1,10000.0,offer,2026-09-15T16:47:02.095489+00:00
f5f260f5-21cb-4904-a6c5-0c4da3b76244,fUST,0.0002671232876712329,120,1,-2237117.92663153,demand,2026-09-15T17:47:02.211786+00:00
f5f260f5-21cb-4904-a6c5-0c4da3b76244,fUST,0.00024792876712328765,60,1,-1758287.12035686,demand,2026-09-15T17:47:02.211786+00:00
f5f260f5-21cb-4904-a6c5-0c4da3b76244,fUST,0.00024309315,120,1,-20000.0,demand,2026-09-15T17:47:02.211786+00:00
f5f260f5-21cb-4904-a6c5-0c4da3b76244,fUST,0.00017603,2,1,-836.3249,demand,2026-09-15T17:47:02.211786+00:00
f5f260f5-21cb-4904-a6c5-0c4da3b76244,fUST,0.00016,60,18,-115000.0,demand,2026-09-15T17:47:02.211786+00:00
f5f260f5-21cb-4904-a6c5-0c4da3b76244,fUST,0.00016,30,1,-4808.0,demand,2026-09-15T17:47:02.211786+00:00
f5f260f5-21cb-4904-a6c5-0c4da3b76244,fUST,0.00015603,2,8,-3637.52563848,demand,2026-09-15T17:47:02.211786+00:00
f5f260f5-21cb-4904-a6c5-0c4da3b76244,fUST,0.000152,60,1,-28000.0,demand,2026-09-15T17:47:02.211786+00:00
f5f260f5-21cb-4904-a6c5-0c4da3b76244,fUST,0.00015010000000000002,2,1,-2128.28044269,demand,2026-09-15T17:47:02.211786+00:00
f5f260f5-21cb-4904-a6c5-0c4da3b76244,fUST,0.00015,120,1,-300000.0,demand,2026-09-15T17:47:02.211786+00:00
f5f260f5-21cb-4904-a6c5-0c4da3b76244,fUST,0.00015,45,23,-138668.928077,demand,2026-09-15T17:47:02.211786+00:00
f5f260f5-21cb-4904-a6c5-0c4da3b76244,fUST,0.00015,2,1,-10000.0,demand,2026-09-15T17:47:02.211786+00:00
f5f260f5-21cb-4904-a6c5-0c4da3b76244,fUST,0.0001421,45,1,-10000.0,demand,2026-09-15T17:47:02.211786+00:00
f5f260f5-21cb-4904-a6c5-0c4da3b76244,fUST,0.000142,45,2,-20000.0,demand,2026-09-15T17:47:02.211786+00:00
f5f260f5-21cb-4904-a6c5-0c4da3b76244,fUST,0.0001401,2,1,-45000.0,demand,2026-09-15T17:47:02.211786+00:00
f5f260f5-21cb-4904-a6c5-0c4da3b76244,fUST,0.00014,7,1,-10000.0,demand,2026-09-15T17:47:02.211786+00:00
f5f260f5-21cb-4904-a6c5-0c4da3b76244,fUST,0.000137,2,1,-634749.73645039,demand,2026-09-15T17:47:02.211786+00:00
f5f260f5-21cb-4904-a6c5-0c4da3b76244,fUST,0.0001361,30,23,-93124.47696771,demand,2026-09-15T17:47:02.211786+00:00
f5f260f5-21cb-4904-a6c5-0c4da3b76244,fUST,0.000136,30,2,-14544.22120933,demand,2026-09-15T17:47:02.211786+00:00
f5f260f5-21cb-4904-a6c5-0c4da3b76244,fUST,0.00013103,2,1,-285058.62536861,demand,2026-09-15T17:47:02.211786+00:00
f5f260f5-21cb-4904-a6c5-0c4da3b76244,fUST,0.00013102,2,1,-366829.49373192,demand,2026-09-15T17:47:02.211786+00:00
f5f260f5-21cb-4904-a6c5-0c4da3b76244,fUST,0.000131,2,3,-2576906.89108704,demand,2026-09-15T17:47:02.211786+00:00
f5f260f5-21cb-4904-a6c5-0c4da3b76244,fUST,0.00013,30,1,-28000.0,demand,2026-09-15T17:47:02.211786+00:00
f5f260f5-21cb-4904-a6c5-0c4da3b76244,fUST,0.00013,2,1,-1000.0,demand,2026-09-15T17:47:02.211786+00:00
f5f260f5-21cb-4904-a6c5-0c4da3b76244,fUST,0.00013,7,1,-1000.0,demand,2026-09-15T17:47:02.211786+00:00
f5f260f5-21cb-4904-a6c5-0c4da3b76244,fUST,0.0001513491,2,1,138.06418626,offer,2026-09-15T17:47:02.211786+00:00
f5f260f5-21cb-4904-a6c5-0c4da3b76244,fUST,0.00015603,2,2,7296.73016834,offer,2026-09-15T17:47:02.211786+00:00
f5f260f5-21cb-4904-a6c5-0c4da3b76244,fUST,0.00016346282782198074,2,1,284.97727272,offer,2026-09-15T17:47:02.211786+00:00
f5f260f5-21cb-4904-a6c5-0c4da3b76244,fUST,0.0001711496,2,1,216.1387382,offer,2026-09-15T17:47:02.211786+00:00
f5f260f5-21cb-4904-a6c5-0c4da3b76244,fUST,0.0001713282,2,1,852.667441,offer,2026-09-15T17:47:02.211786+00:00
f5f260f5-21cb-4904-a6c5-0c4da3b76244,fUST,0.0001713943,2,1,170.268294,offer,2026-09-15T17:47:02.211786+00:00
f5f260f5-21cb-4904-a6c5-0c4da3b76244,fUST,0.0001731459744,2,1,179.435104,offer,2026-09-15T17:47:02.211786+00:00
f5f260f5-21cb-4904-a6c5-0c4da3b76244,fUST,0.0001731459744,41,1,179.435104,offer,2026-09-15T17:47:02.211786+00:00
f5f260f5-21cb-4904-a6c5-0c4da3b76244,fUST,0.0001731459744,80,1,179.435104,offer,2026-09-15T17:47:02.211786+00:00
f5f260f5-21cb-4904-a6c5-0c4da3b76244,fUST,0.0001731459744,119,1,179.435104,offer,2026-09-15T17:47:02.211786+00:00
f5f260f5-21cb-4904-a6c5-0c4da3b76244,fUST,0.000176312226,2,1,156.03,offer,2026-09-15T17:47:02.211786+00:00
f5f260f5-21cb-4904-a6c5-0c4da3b76244,fUST,0.000176396292,2,1,164.79,offer,2026-09-15T17:47:02.211786+00:00
f5f260f5-21cb-4904-a6c5-0c4da3b76244,fUST,0.000176480359,2,1,156.03,offer,2026-09-15T17:47:02.211786+00:00
f5f260f5-21cb-4904-a6c5-0c4da3b76244,fUST,0.000176564425,2,1,156.03,offer,2026-09-15T17:47:02.211786+00:00
f5f260f5-21cb-4904-a6c5-0c4da3b76244,fUST,0.000176648491,2,1,156.03,offer,2026-09-15T17:47:02.211786+00:00
f5f260f5-21cb-4904-a6c5-0c4da3b76244,fUST,0.000176732558,2,1,164.79,offer,2026-09-15T17:47:02.211786+00:00
f5f260f5-21cb-4904-a6c5-0c4da3b76244,fUST,0.000176816624,2,1,156.03,offer,2026-09-15T17:47:02.211786+00:00
f5f260f5-21cb-4904-a6c5-0c4da3b76244,fUST,0.00017690069,2,1,156.03,offer,2026-09-15T17:47:02.211786+00:00
f5f260f5-21cb-4904-a6c5-0c4da3b76244,fUST,0.000176984757,2,1,164.79,offer,2026-09-15T17:47:02.211786+00:00
f5f260f5-21cb-4904-a6c5-0c4da3b76244,fUST,0.000177068823,2,1,156.03,offer,2026-09-15T17:47:02.211786+00:00
f5f260f5-21cb-4904-a6c5-0c4da3b76244,fUST,0.000177152889,2,1,156.03,offer,2026-09-15T17:47:02.211786+00:00
f5f260f5-21cb-4904-a6c5-0c4da3b76244,fUST,0.000177236956,2,1,156.03,offer,2026-09-15T17:47:02.211786+00:00
f5f260f5-21cb-4904-a6c5-0c4da3b76244,fUST,0.000177321022,2,1,164.79,offer,2026-09-15T17:47:02.211786+00:00
f5f260f5-21cb-4904-a6c5-0c4da3b76244,fUST,0.000177405088,2,1,156.03,offer,2026-09-15T17:47:02.211786+00:00
f5f260f5-21cb-4904-a6c5-0c4da3b76244,fUST,0.000177489155,2,1,156.03,offer,2026-09-15T17:47:02.211786+00:00
8697c5a2-486a-4c66-8861-368610a60302,fUST,0.0002671232876712329,120,1,-2217565.76065144,demand,2026-09-15T18:47:02.413361+00:00
8697c5a2-486a-4c66-8861-368610a60302,fUST,0.0002479150684931507,60,1,-1756676.18009597,demand,2026-09-15T18:47:02.413361+00:00
8697c5a2-486a-4c66-8861-368610a60302,fUST,0.00024309315,120,1,-20000.0,demand,2026-09-15T18:47:02.413361+00:00
8697c5a2-486a-4c66-8861-368610a60302,fUST,0.0001998,2,1,-836.3249,demand,2026-09-15T18:47:02.413361+00:00
8697c5a2-486a-4c66-8861-368610a60302,fUST,0.00017449,2,1,-836.3249,demand,2026-09-15T18:47:02.413361+00:00
8697c5a2-486a-4c66-8861-368610a60302,fUST,0.00016,60,18,-115000.0,demand,2026-09-15T18:47:02.413361+00:00
8697c5a2-486a-4c66-8861-368610a60302,fUST,0.00016,30,1,-4808.0,demand,2026-09-15T18:47:02.413361+00:00
8697c5a2-486a-4c66-8861-368610a60302,fUST,0.000152,60,1,-28000.0,demand,2026-09-15T18:47:02.413361+00:00
8697c5a2-486a-4c66-8861-368610a60302,fUST,0.00015,120,1,-300000.0,demand,2026-09-15T18:47:02.413361+00:00
8697c5a2-486a-4c66-8861-368610a60302,fUST,0.00015,45,23,-138668.928077,demand,2026-09-15T18:47:02.413361+00:00
8697c5a2-486a-4c66-8861-368610a60302,fUST,0.00015,2,1,-10000.0,demand,2026-09-15T18:47:02.413361+00:00
8697c5a2-486a-4c66-8861-368610a60302,fUST,0.0001421,45,1,-10000.0,demand,2026-09-15T18:47:02.413361+00:00
8697c5a2-486a-4c66-8861-368610a60302,fUST,0.000142,45,2,-20000.0,demand,2026-09-15T18:47:02.413361+00:00
8697c5a2-486a-4c66-8861-368610a60302,fUST,0.0001401,2,1,-39193.85507579,demand,2026-09-15T18:47:02.413361+00:00
8697c5a2-486a-4c66-8861-368610a60302,fUST,0.00014,7,1,-10000.0,demand,2026-09-15T18:47:02.413361+00:00
8697c5a2-486a-4c66-8861-368610a60302,fUST,0.000137,2,1,-634749.73645039,demand,2026-09-15T18:47:02.413361+00:00
8697c5a2-486a-4c66-8861-368610a60302,fUST,0.0001361,30,23,-93124.47696771,demand,2026-09-15T18:47:02.413361+00:00
8697c5a2-486a-4c66-8861-368610a60302,fUST,0.000136,30,2,-14544.22120933,demand,2026-09-15T18:47:02.413361+00:00
8697c5a2-486a-4c66-8861-368610a60302,fUST,0.00013103,2,1,-285058.62536861,demand,2026-09-15T18:47:02.413361+00:00
8697c5a2-486a-4c66-8861-368610a60302,fUST,0.00013102,2,1,-366829.49373192,demand,2026-09-15T18:47:02.413361+00:00
8697c5a2-486a-4c66-8861-368610a60302,fUST,0.000131,2,3,-2576906.89108704,demand,2026-09-15T18:47:02.413361+00:00
8697c5a2-486a-4c66-8861-368610a60302,fUST,0.00013,30,1,-28000.0,demand,2026-09-15T18:47:02.413361+00:00
8697c5a2-486a-4c66-8861-368610a60302,fUST,0.00013,2,1,-1000.0,demand,2026-09-15T18:47:02.413361+00:00
8697c5a2-486a-4c66-8861-368610a60302,fUST,0.00013,7,1,-1000.0,demand,2026-09-15T18:47:02.413361+00:00
8697c5a2-486a-4c66-8861-368610a60302,fUST,0.00013,5,1,-1000.0,demand,2026-09-15T18:47:02.413361+00:00
8697c5a2-486a-4c66-8861-368610a60302,fUST,0.00017449,2,2,483.64467779,offer,2026-09-15T18:47:02.413361+00:00
8697c5a2-486a-4c66-8861-368610a60302,fUST,0.00018128480000000004,2,1,310.93732919,offer,2026-09-15T18:47:02.413361+00:00
8697c5a2-486a-4c66-8861-368610a60302,fUST,0.00018428445672,7,1,204.68579568,offer,2026-09-15T18:47:02.413361+00:00
8697c5a2-486a-4c66-8861-368610a60302,fUST,0.0001848836,2,29,14054.16133091,offer,2026-09-15T18:47:02.413361+00:00
8697c5a2-486a-4c66-8861-368610a60302,fUST,0.0001849036,2,1,13568.0313629,offer,2026-09-15T18:47:02.413361+00:00
8697c5a2-486a-4c66-8861-368610a60302,fUST,0.00018535596946718505,2,1,250.0,offer,2026-09-15T18:47:02.413361+00:00
8697c5a2-486a-4c66-8861-368610a60302,fUST,0.00018622,2,1,175.0,offer,2026-09-15T18:47:02.413361+00:00
8697c5a2-486a-4c66-8861-368610a60302,fUST,0.00018923410958904111,2,2,316.85898311,offer,2026-09-15T18:47:02.413361+00:00
8697c5a2-486a-4c66-8861-368610a60302,fUST,0.00018998,2,2,786.20377382,offer,2026-09-15T18:47:02.413361+00:00
8697c5a2-486a-4c66-8861-368610a60302,fUST,0.00018999,2,1,10123.91803378,offer,2026-09-15T18:47:02.413361+00:00
8697c5a2-486a-4c66-8861-368610a60302,fUST,0.00019194,2,1,274.82,offer,2026-09-15T18:47:02.413361+00:00
8697c5a2-486a-4c66-8861-368610a60302,fUST,0.00019301,2,7,1965.46885553,offer,2026-09-15T18:47:02.413361+00:00
8697c5a2-486a-4c66-8861-368610a60302,fUST,0.00019449,2,1,500.0,offer,2026-09-15T18:47:02.413361+00:00
8697c5a2-486a-4c66-8861-368610a60302,fUST,0.00019609041095890412,2,1,500.0,offer,2026-09-15T18:47:02.413361+00:00
8697c5a2-486a-4c66-8861-368610a60302,fUST,0.00019622,2,1,174.99,offer,2026-09-15T18:47:02.413361+00:00
8697c5a2-486a-4c66-8861-368610a60302,fUST,0.0001976,2,1,177.946,offer,2026-09-15T18:47:02.413361+00:00
8697c5a2-486a-4c66-8861-368610a60302,fUST,0.0001976041095890411,2,4,1029.40730403,offer,2026-09-15T18:47:02.413361+00:00
8697c5a2-486a-4c66-8861-368610a60302,fUST,0.00019793271111390176,2,1,371.72795674,offer,2026-09-15T18:47:02.413361+00:00
8697c5a2-486a-4c66-8861-368610a60302,fUST,0.00019840821919,2,2,302.0,offer,2026-09-15T18:47:02.413361+00:00
8697c5a2-486a-4c66-8861-368610a60302,fUST,0.00019843835618,2,1,151.0,offer,2026-09-15T18:47:02.413361+00:00
8697c5a2-486a-4c66-8861-368610a60302,fUST,0.00019844383563,2,1,316.2325142,offer,2026-09-15T18:47:02.413361+00:00
8697c5a2-486a-4c66-8861-368610a60302,fUST,0.00019848999999999998,2,6,1931.91702113,offer,2026-09-15T18:47:02.413361+00:00
8697c5a2-486a-4c66-8861-368610a60302,fUST,0.0001986667587,2,1,1605.872726,offer,2026-09-15T18:47:02.413361+00:00
8697c5a2-486a-4c66-8861-368610a60302,fUST,0.00019883013698630136,2,1,500.0,offer,2026-09-15T18:47:02.413361+00:00
8697c5a2-486a-4c66-8861-368610a60302,fUST,0.00019979,2,1,500.0,offer,2026-09-15T18:47:02.413361+00:00
7293738b-7561-46dd-acc4-5e44a422b16c,fUST,0.0002671232876712329,120,1,-2138013.12916875,demand,2026-09-15T19:47:02.179333+00:00
7293738b-7561-46dd-acc4-5e44a422b16c,fUST,0.00024815068493150684,60,1,-4346812.96635201,demand,2026-09-15T19:47:02.179333+00:00
7293738b-7561-46dd-acc4-5e44a422b16c,fUST,0.00024309315,120,1,-20000.0,demand,2026-09-15T19:47:02.179333+00:00
7293738b-7561-46dd-acc4-5e44a422b16c,fUST,0.000207993698630137,2,2,-7300.87801079,demand,2026-09-15T19:47:02.179333+00:00
7293738b-7561-46dd-acc4-5e44a422b16c,fUST,0.00016,60,18,-115000.0,demand,2026-09-15T19:47:02.179333+00:00
7293738b-7561-46dd-acc4-5e44a422b16c,fUST,0.00016,30,1,-4808.0,demand,2026-09-15T19:47:02.179333+00:00
7293738b-7561-46dd-acc4-5e44a422b16c,fUST,0.000152,60,1,-28000.0,demand,2026-09-15T19:47:02.179333+00:00
7293738b-7561-46dd-acc4-5e44a422b16c,fUST,0.00015,120,1,-300000.0,demand,2026-09-15T19:47:02.179333+00:00
7293738b-7561-46dd-acc4-5e44a422b16c,fUST,0.00015,45,23,-138668.928077,demand,2026-09-15T19:47:02.179333+00:00
7293738b-7561-46dd-acc4-5e44a422b16c,fUST,0.00015,2,1,-10000.0,demand,2026-09-15T19:47:02.179333+00:00
7293738b-7561-46dd-acc4-5e44a422b16c,fUST,0.0001421,45,1,-10000.0,demand,2026-09-15T19:47:02.179333+00:00
7293738b-7561-46dd-acc4-5e44a422b16c,fUST,0.000142,45,2,-20000.0,demand,2026-09-15T19:47:02.179333+00:00
7293738b-7561-46dd-acc4-5e44a422b16c,fUST,0.0001401,2,1,-12693.6869776,demand,2026-09-15T19:47:02.179333+00:00
7293738b-7561-46dd-acc4-5e44a422b16c,fUST,0.00014,7,1,-10000.0,demand,2026-09-15T19:47:02.179333+00:00
7293738b-7561-46dd-acc4-5e44a422b16c,fUST,0.000137,2,1,-634749.73645039,demand,2026-09-15T19:47:02.179333+00:00
7293738b-7561-46dd-acc4-5e44a422b16c,fUST,0.0001361,30,23,-93124.47696771,demand,2026-09-15T19:47:02.179333+00:00
7293738b-7561-46dd-acc4-5e44a422b16c,fUST,0.000136,30,2,-14544.22120933,demand,2026-09-15T19:47:02.179333+00:00
7293738b-7561-46dd-acc4-5e44a422b16c,fUST,0.00013103,2,1,-285058.62536861,demand,2026-09-15T19:47:02.179333+00:00
7293738b-7561-46dd-acc4-5e44a422b16c,fUST,0.00013102,2,1,-366829.49373192,demand,2026-09-15T19:47:02.179333+00:00
7293738b-7561-46dd-acc4-5e44a422b16c,fUST,0.000131,2,3,-2576906.89108704,demand,2026-09-15T19:47:02.179333+00:00
7293738b-7561-46dd-acc4-5e44a422b16c,fUST,0.00013,30,1,-28000.0,demand,2026-09-15T19:47:02.179333+00:00
7293738b-7561-46dd-acc4-5e44a422b16c,fUST,0.00013,2,1,-1000.0,demand,2026-09-15T19:47:02.179333+00:00
7293738b-7561-46dd-acc4-5e44a422b16c,fUST,0.00013,7,1,-1000.0,demand,2026-09-15T19:47:02.179333+00:00
7293738b-7561-46dd-acc4-5e44a422b16c,fUST,0.00013,5,1,-1000.0,demand,2026-09-15T19:47:02.179333+00:00
7293738b-7561-46dd-acc4-5e44a422b16c,fUST,0.00013,14,1,-1000.0,demand,2026-09-15T19:47:02.179333+00:00
7293738b-7561-46dd-acc4-5e44a422b16c,fUST,0.0001893358904109589,2,1,616.87995097,offer,2026-09-15T19:47:02.179333+00:00
7293738b-7561-46dd-acc4-5e44a422b16c,fUST,0.0001904068656,2,1,662.3582017,offer,2026-09-15T19:47:02.179333+00:00
7293738b-7561-46dd-acc4-5e44a422b16c,fUST,0.00019770431506849315,2,1,589.18027199,offer,2026-09-15T19:47:02.179333+00:00
7293738b-7561-46dd-acc4-5e44a422b16c,fUST,0.0001977095890410959,2,4,2297.46951894,offer,2026-09-15T19:47:02.179333+00:00
7293738b-7561-46dd-acc4-5e44a422b16c,fUST,0.00019775178082191784,2,1,638.94366093,offer,2026-09-15T19:47:02.179333+00:00
7293738b-7561-46dd-acc4-5e44a422b16c,fUST,0.00019899,2,2,1000.0,offer,2026-09-15T19:47:02.179333+00:00
7293738b-7561-46dd-acc4-5e44a422b16c,fUST,0.00019899000000000002,2,8,3747.92840309,offer,2026-09-15T19:47:02.179333+00:00
7293738b-7561-46dd-acc4-5e44a422b16c,fUST,0.000199,2,1,7977.57422295,offer,2026-09-15T19:47:02.179333+00:00
7293738b-7561-46dd-acc4-5e44a422b16c,fUST,0.00019976,2,3,1500.0,offer,2026-09-15T19:47:02.179333+00:00
7293738b-7561-46dd-acc4-5e44a422b16c,fUST,0.00019997,2,1,500.0,offer,2026-09-15T19:47:02.179333+00:00
7293738b-7561-46dd-acc4-5e44a422b16c,fUST,0.00019998,2,6,2732.96582784,offer,2026-09-15T19:47:02.179333+00:00
7293738b-7561-46dd-acc4-5e44a422b16c,fUST,0.00019999,2,4,50528.02053348,offer,2026-09-15T19:47:02.179333+00:00
7293738b-7561-46dd-acc4-5e44a422b16c,fUST,0.0002,2,1,1768.65668655,offer,2026-09-15T19:47:02.179333+00:00
7293738b-7561-46dd-acc4-5e44a422b16c,fUST,0.000200617461301289,2,1,706.02632144,offer,2026-09-15T19:47:02.179333+00:00
7293738b-7561-46dd-acc4-5e44a422b16c,fUST,0.0002023548,3,1,236.72,offer,2026-09-15T19:47:02.179333+00:00
7293738b-7561-46dd-acc4-5e44a422b16c,fUST,0.000203,2,1,156.3758098,offer,2026-09-15T19:47:02.179333+00:00
7293738b-7561-46dd-acc4-5e44a422b16c,fUST,0.00020328665753424657,2,3,799.9527682,offer,2026-09-15T19:47:02.179333+00:00
7293738b-7561-46dd-acc4-5e44a422b16c,fUST,0.00020329205479452056,2,8,2753.34655758,offer,2026-09-15T19:47:02.179333+00:00
7293738b-7561-46dd-acc4-5e44a422b16c,fUST,0.00020333253424657533,2,1,374.95192409,offer,2026-09-15T19:47:02.179333+00:00
7293738b-7561-46dd-acc4-5e44a422b16c,fUST,0.00020333523287671234,2,1,425.96244062,offer,2026-09-15T19:47:02.179333+00:00
7293738b-7561-46dd-acc4-5e44a422b16c,fUST,0.00020349,2,1,174.422,offer,2026-09-15T19:47:02.179333+00:00
7293738b-7561-46dd-acc4-5e44a422b16c,fUST,0.00020365,2,3,1500.0,offer,2026-09-15T19:47:02.179333+00:00
7293738b-7561-46dd-acc4-5e44a422b16c,fUST,0.00020700821917808219,2,3,654.1958862,offer,2026-09-15T19:47:02.179333+00:00
7293738b-7561-46dd-acc4-5e44a422b16c,fUST,0.00020701,2,1,500.0,offer,2026-09-15T19:47:02.179333+00:00
7293738b-7561-46dd-acc4-5e44a422b16c,fUST,0.00020701369863013698,2,8,2091.18722379,offer,2026-09-15T19:47:02.179333+00:00
f1ce3a0e-9565-4f78-82e2-d81a2b00d86b,fUST,0.0002671232876712329,120,1,-2133943.48284416,demand,2026-09-15T20:47:02.699946+00:00
f1ce3a0e-9565-4f78-82e2-d81a2b00d86b,fUST,0.0002484849315068493,60,1,-4346532.04594627,demand,2026-09-15T20:47:02.699946+00:00
f1ce3a0e-9565-4f78-82e2-d81a2b00d86b,fUST,0.00024309315,120,1,-20000.0,demand,2026-09-15T20:47:02.699946+00:00
f1ce3a0e-9565-4f78-82e2-d81a2b00d86b,fUST,0.0001680336704,2,1,-169.46145586,demand,2026-09-15T20:47:02.699946+00:00
f1ce3a0e-9565-4f78-82e2-d81a2b00d86b,fUST,0.00016,60,18,-115000.0,demand,2026-09-15T20:47:02.699946+00:00
f1ce3a0e-9565-4f78-82e2-d81a2b00d86b,fUST,0.00016,30,1,-4808.0,demand,2026-09-15T20:47:02.699946+00:00
f1ce3a0e-9565-4f78-82e2-d81a2b00d86b,fUST,0.000152,60,1,-28000.0,demand,2026-09-15T20:47:02.699946+00:00
f1ce3a0e-9565-4f78-82e2-d81a2b00d86b,fUST,0.00015,120,1,-300000.0,demand,2026-09-15T20:47:02.699946+00:00
f1ce3a0e-9565-4f78-82e2-d81a2b00d86b,fUST,0.00015,45,23,-138668.928077,demand,2026-09-15T20:47:02.699946+00:00
f1ce3a0e-9565-4f78-82e2-d81a2b00d86b,fUST,0.00015,2,1,-10000.0,demand,2026-09-15T20:47:02.699946+00:00
f1ce3a0e-9565-4f78-82e2-d81a2b00d86b,fUST,0.0001480336704,2,3,-888.94578874,demand,2026-09-15T20:47:02.699946+00:00
f1ce3a0e-9565-4f78-82e2-d81a2b00d86b,fUST,0.0001421,45,1,-10000.0,demand,2026-09-15T20:47:02.699946+00:00
f1ce3a0e-9565-4f78-82e2-d81a2b00d86b,fUST,0.000142,45,2,-20000.0,demand,2026-09-15T20:47:02.699946+00:00
f1ce3a0e-9565-4f78-82e2-d81a2b00d86b,fUST,0.00014,7,1,-10000.0,demand,2026-09-15T20:47:02.699946+00:00
f1ce3a0e-9565-4f78-82e2-d81a2b00d86b,fUST,0.000137,2,1,-564874.56266571,demand,2026-09-15T20:47:02.699946+00:00
f1ce3a0e-9565-4f78-82e2-d81a2b00d86b,fUST,0.0001361,30,23,-93124.47696771,demand,2026-09-15T20:47:02.699946+00:00
f1ce3a0e-9565-4f78-82e2-d81a2b00d86b,fUST,0.000136,30,2,-14544.22120933,demand,2026-09-15T20:47:02.699946+00:00
f1ce3a0e-9565-4f78-82e2-d81a2b00d86b,fUST,0.00013103,2,1,-285058.62536861,demand,2026-09-15T20:47:02.699946+00:00
f1ce3a0e-9565-4f78-82e2-d81a2b00d86b,fUST,0.00013102,2,1,-366829.49373192,demand,2026-09-15T20:47:02.699946+00:00
f1ce3a0e-9565-4f78-82e2-d81a2b00d86b,fUST,0.000131,2,3,-2576906.89108704,demand,2026-09-15T20:47:02.699946+00:00
f1ce3a0e-9565-4f78-82e2-d81a2b00d86b,fUST,0.00013,30,1,-28000.0,demand,2026-09-15T20:47:02.699946+00:00
f1ce3a0e-9565-4f78-82e2-d81a2b00d86b,fUST,0.00013,2,1,-1000.0,demand,2026-09-15T20:47:02.699946+00:00
f1ce3a0e-9565-4f78-82e2-d81a2b00d86b,fUST,0.00013,7,1,-1000.0,demand,2026-09-15T20:47:02.699946+00:00
f1ce3a0e-9565-4f78-82e2-d81a2b00d86b,fUST,0.00013,5,1,-1000.0,demand,2026-09-15T20:47:02.699946+00:00
f1ce3a0e-9565-4f78-82e2-d81a2b00d86b,fUST,0.00013,14,1,-1000.0,demand,2026-09-15T20:47:02.699946+00:00
f1ce3a0e-9565-4f78-82e2-d81a2b00d86b,fUST,0.0001440298,2,1,9476.24911304,offer,2026-09-15T20:47:02.699946+00:00
f1ce3a0e-9565-4f78-82e2-d81a2b00d86b,fUST,0.00015081897600000002,2,2,306.0,offer,2026-09-15T20:47:02.699946+00:00
f1ce3a0e-9565-4f78-82e2-d81a2b00d86b,fUST,0.00015393,3,3,1522.81,offer,2026-09-15T20:47:02.699946+00:00
f1ce3a0e-9565-4f78-82e2-d81a2b00d86b,fUST,0.00015401260000000002,2,30,14437.45463402,offer,2026-09-15T20:47:02.699946+00:00
f1ce3a0e-9565-4f78-82e2-d81a2b00d86b,fUST,0.00015403,2,4,1669.46145586,offer,2026-09-15T20:47:02.699946+00:00
f1ce3a0e-9565-4f78-82e2-d81a2b00d86b,fUST,0.00015403287671232876,2,12,231198.03573079,offer,2026-09-15T20:47:02.699946+00:00
f1ce3a0e-9565-4f78-82e2-d81a2b00d86b,fUST,0.00015404383561643835,2,3,1225.92654016,offer,2026-09-15T20:47:02.699946+00:00
f1ce3a0e-9565-4f78-82e2-d81a2b00d86b,fUST,0.00015406,2,2,719.48433288,offer,2026-09-15T20:47:02.699946+00:00
f1ce3a0e-9565-4f78-82e2-d81a2b00d86b,fUST,0.0001540626,2,1,12152.3794753,offer,2026-09-15T20:47:02.699946+00:00
f1ce3a0e-9565-4f78-82e2-d81a2b00d86b,fUST,0.0001550848,2,1,203.27456415,offer,2026-09-15T20:47:02.699946+00:00
f1ce3a0e-9565-4f78-82e2-d81a2b00d86b,fUST,0.00015532,3,2,988.32,offer,2026-09-15T20:47:02.699946+00:00
f1ce3a0e-9565-4f78-82e2-d81a2b00d86b,fUST,0.00015542191780821917,2,1,445.28132261,offer,2026-09-15T20:47:02.699946+00:00
f1ce3a0e-9565-4f78-82e2-d81a2b00d86b,fUST,0.0001554324,2,1,235.095006,offer,2026-09-15T20:47:02.699946+00:00
f1ce3a0e-9565-4f78-82e2-d81a2b00d86b,fUST,0.00015572536252639324,2,1,2574.44211923,offer,2026-09-15T20:47:02.699946+00:00
f1ce3a0e-9565-4f78-82e2-d81a2b00d86b,fUST,0.0001561797,2,1,151.0,offer,2026-09-15T20:47:02.699946+00:00
f1ce3a0e-9565-4f78-82e2-d81a2b00d86b,fUST,0.000157059702,7,2,537.92565404,offer,2026-09-15T20:47:02.699946+00:00
f1ce3a0e-9565-4f78-82e2-d81a2b00d86b,fUST,0.00015709,2,16,5100.0,offer,2026-09-15T20:47:02.699946+00:00
f1ce3a0e-9565-4f78-82e2-d81a2b00d86b,fUST,0.00015710305200000003,4,1,374.21709496,offer,2026-09-15T20:47:02.699946+00:00
f1ce3a0e-9565-4f78-82e2-d81a2b00d86b,fUST,0.00015711353424657532,3,1,294.69596228,offer,2026-09-15T20:47:02.699946+00:00
f1ce3a0e-9565-4f78-82e2-d81a2b00d86b,fUST,0.00016025580493150683,5,1,294.69596228,offer,2026-09-15T20:47:02.699946+00:00
f1ce3a0e-9565-4f78-82e2-d81a2b00d86b,fUST,0.00016101,7,1,355.0,offer,2026-09-15T20:47:02.699946+00:00
f1ce3a0e-9565-4f78-82e2-d81a2b00d86b,fUST,0.00016101,2,1,500.0,offer,2026-09-15T20:47:02.699946+00:00
f1ce3a0e-9565-4f78-82e2-d81a2b00d86b,fUST,0.000161679105,7,2,596.2832389,offer,2026-09-15T20:47:02.699946+00:00
f1ce3a0e-9565-4f78-82e2-d81a2b00d86b,fUST,0.00016375,7,1,355.0,offer,2026-09-15T20:47:02.699946+00:00
f1ce3a0e-9565-4f78-82e2-d81a2b00d86b,fUST,0.000166298508,7,2,626.75546499,offer,2026-09-15T20:47:02.699946+00:00
5de04f37-67da-4ad7-960e-74e9bfd50b85,fUST,0.0002671232876712329,120,1,-2132443.48284416,demand,2026-09-15T21:47:01.969468+00:00
5de04f37-67da-4ad7-960e-74e9bfd50b85,fUST,0.00024851780821917807,60,1,-4341599.99222789,demand,2026-09-15T21:47:01.969468+00:00
5de04f37-67da-4ad7-960e-74e9bfd50b85,fUST,0.00024309315,120,1,-20000.0,demand,2026-09-15T21:47:01.969468+00:00
5de04f37-67da-4ad7-960e-74e9bfd50b85,fUST,0.000207864,2,1,-4925.0113539,demand,2026-09-15T21:47:01.969468+00:00
5de04f37-67da-4ad7-960e-74e9bfd50b85,fUST,0.00016,60,18,-115000.0,demand,2026-09-15T21:47:01.969468+00:00
5de04f37-67da-4ad7-960e-74e9bfd50b85,fUST,0.00016,30,1,-4808.0,demand,2026-09-15T21:47:01.969468+00:00
5de04f37-67da-4ad7-960e-74e9bfd50b85,fUST,0.000152,60,1,-28000.0,demand,2026-09-15T21:47:01.969468+00:00
5de04f37-67da-4ad7-960e-74e9bfd50b85,fUST,0.00015,120,1,-300000.0,demand,2026-09-15T21:47:01.969468+00:00
5de04f37-67da-4ad7-960e-74e9bfd50b85,fUST,0.00015,45,23,-138668.928077,demand,2026-09-15T21:47:01.969468+00:00
5de04f37-67da-4ad7-960e-74e9bfd50b85,fUST,0.00015,2,1,-10000.0,demand,2026-09-15T21:47:01.969468+00:00
5de04f37-67da-4ad7-960e-74e9bfd50b85,fUST,0.0001421,45,1,-10000.0,demand,2026-09-15T21:47:01.969468+00:00
5de04f37-67da-4ad7-960e-74e9bfd50b85,fUST,0.000142,45,2,-20000.0,demand,2026-09-15T21:47:01.969468+00:00
5de04f37-67da-4ad7-960e-74e9bfd50b85,fUST,0.00014,7,1,-10000.0,demand,2026-09-15T21:47:01.969468+00:00
5de04f37-67da-4ad7-960e-74e9bfd50b85,fUST,0.000137,2,1,-486585.98970858,demand,2026-09-15T21:47:01.969468+00:00
5de04f37-67da-4ad7-960e-74e9bfd50b85,fUST,0.0001361,30,23,-93124.47696771,demand,2026-09-15T21:47:01.969468+00:00
5de04f37-67da-4ad7-960e-74e9bfd50b85,fUST,0.000136,30,2,-14544.22120933,demand,2026-09-15T21:47:01.969468+00:00
5de04f37-67da-4ad7-960e-74e9bfd50b85,fUST,0.00013103,2,1,-285058.62536861,demand,2026-09-15T21:47:01.969468+00:00
5de04f37-67da-4ad7-960e-74e9bfd50b85,fUST,0.00013102,2,1,-366829.49373192,demand,2026-09-15T21:47:01.969468+00:00
5de04f37-67da-4ad7-960e-74e9bfd50b85,fUST,0.000131,2,3,-2576906.89108704,demand,2026-09-15T21:47:01.969468+00:00
5de04f37-67da-4ad7-960e-74e9bfd50b85,fUST,0.00013,30,1,-28000.0,demand,2026-09-15T21:47:01.969468+00:00
5de04f37-67da-4ad7-960e-74e9bfd50b85,fUST,0.00013,2,1,-1000.0,demand,2026-09-15T21:47:01.969468+00:00
5de04f37-67da-4ad7-960e-74e9bfd50b85,fUST,0.00013,7,1,-1000.0,demand,2026-09-15T21:47:01.969468+00:00
5de04f37-67da-4ad7-960e-74e9bfd50b85,fUST,0.00013,5,1,-1000.0,demand,2026-09-15T21:47:01.969468+00:00
5de04f37-67da-4ad7-960e-74e9bfd50b85,fUST,0.00013,14,1,-1000.0,demand,2026-09-15T21:47:01.969468+00:00
5de04f37-67da-4ad7-960e-74e9bfd50b85,fUST,0.0001226,12,1,-135216.16709793,demand,2026-09-15T21:47:01.969468+00:00
5de04f37-67da-4ad7-960e-74e9bfd50b85,fUST,0.00015,2,1,201.79066056,offer,2026-09-15T21:47:01.969468+00:00
5de04f37-67da-4ad7-960e-74e9bfd50b85,fUST,0.00015999999999999999,2,1,293.91106188,offer,2026-09-15T21:47:01.969468+00:00
5de04f37-67da-4ad7-960e-74e9bfd50b85,fUST,0.0001615451,2,2,10204.307855,offer,2026-09-15T21:47:01.969468+00:00
5de04f37-67da-4ad7-960e-74e9bfd50b85,fUST,0.0001643835616438356,2,2,1186.05,offer,2026-09-15T21:47:01.969468+00:00
5de04f37-67da-4ad7-960e-74e9bfd50b85,fUST,0.0001644,2,1,192.0943127,offer,2026-09-15T21:47:01.969468+00:00
5de04f37-67da-4ad7-960e-74e9bfd50b85,fUST,0.0001646882,2,8,3786.70909342,offer,2026-09-15T21:47:01.969468+00:00
5de04f37-67da-4ad7-960e-74e9bfd50b85,fUST,0.0001647082,2,1,452.870404,offer,2026-09-15T21:47:01.969468+00:00
5de04f37-67da-4ad7-960e-74e9bfd50b85,fUST,0.0001656572,2,1,1819.8731098,offer,2026-09-15T21:47:01.969468+00:00
5de04f37-67da-4ad7-960e-74e9bfd50b85,fUST,0.00016651595616057335,2,1,245.57160688,offer,2026-09-15T21:47:01.969468+00:00
5de04f37-67da-4ad7-960e-74e9bfd50b85,fUST,0.000168,2,1,165.08762951,offer,2026-09-15T21:47:01.969468+00:00
5de04f37-67da-4ad7-960e-74e9bfd50b85,fUST,0.00016999,2,3,1521.53,offer,2026-09-15T21:47:01.969468+00:00
5de04f37-67da-4ad7-960e-74e9bfd50b85,fUST,0.00017,2,1,17226.72981921,offer,2026-09-15T21:47:01.969468+00:00
5de04f37-67da-4ad7-960e-74e9bfd50b85,fUST,0.00017337,2,1,365.80327664,offer,2026-09-15T21:47:01.969468+00:00
5de04f37-67da-4ad7-960e-74e9bfd50b85,fUST,0.00017338,2,3,1521.53,offer,2026-09-15T21:47:01.969468+00:00
5de04f37-67da-4ad7-960e-74e9bfd50b85,fUST,0.00017339,2,15,4500.0,offer,2026-09-15T21:47:01.969468+00:00
5de04f37-67da-4ad7-960e-74e9bfd50b85,fUST,0.0001751346,2,1,159.89,offer,2026-09-15T21:47:01.969468+00:00
5de04f37-67da-4ad7-960e-74e9bfd50b85,fUST,0.00017685,2,1,600.0,offer,2026-09-15T21:47:01.969468+00:00
5de04f37-67da-4ad7-960e-74e9bfd50b85,fUST,0.000183370122,2,1,611.041648,offer,2026-09-15T21:47:01.969468+00:00
5de04f37-67da-4ad7-960e-74e9bfd50b85,fUST,0.00018663718423606035,2,1,219.19527441,offer,2026-09-15T21:47:01.969468+00:00
5de04f37-67da-4ad7-960e-74e9bfd50b85,fUST,0.000188,2,3,8089.10538218,offer,2026-09-15T21:47:01.969468+00:00
5de04f37-67da-4ad7-960e-74e9bfd50b85,fUST,0.00018923843927060453,2,1,250.0,offer,2026-09-15T21:47:01.969468+00:00
5de04f37-67da-4ad7-960e-74e9bfd50b85,fUST,0.00018951,2,7,3631.08458355,offer,2026-09-15T21:47:01.969468+00:00
5de04f37-67da-4ad7-960e-74e9bfd50b85,fUST,0.00018951655136986302,2,40,66922.93237753,offer,2026-09-15T21:47:01.969468+00:00
5de04f37-67da-4ad7-960e-74e9bfd50b85,fUST,0.00018971502397260273,2,1,1100.98151593,offer,2026-09-15T21:47:01.969468+00:00
5de04f37-67da-4ad7-960e-74e9bfd50b85,fUST,0.00018983,2,3,1521.53,offer,2026-09-15T21:47:01.969468+00:00
25b189e0-216d-45d2-b81e-cc3220424fb7,fUST,0.0002671232876712329,120,1,-2130943.48284416,demand,2026-09-15T22:47:01.971305+00:00
25b189e0-216d-45d2-b81e-cc3220424fb7,fUST,0.0002484794520547945,60,1,-4341599.99222789,demand,2026-09-15T22:47:01.971305+00:00
25b189e0-216d-45d2-b81e-cc3220424fb7,fUST,0.00024309315,120,1,-20000.0,demand,2026-09-15T22:47:01.971305+00:00
25b189e0-216d-45d2-b81e-cc3220424fb7,fUST,0.00016,60,18,-115000.0,demand,2026-09-15T22:47:01.971305+00:00
25b189e0-216d-45d2-b81e-cc3220424fb7,fUST,0.00016,30,1,-4808.0,demand,2026-09-15T22:47:01.971305+00:00
25b189e0-216d-45d2-b81e-cc3220424fb7,fUST,0.000152,60,1,-28000.0,demand,2026-09-15T22:47:01.971305+00:00
25b189e0-216d-45d2-b81e-cc3220424fb7,fUST,0.00015,120,1,-300000.0,demand,2026-09-15T22:47:01.971305+00:00
25b189e0-216d-45d2-b81e-cc3220424fb7,fUST,0.00015,45,23,-138668.928077,demand,2026-09-15T22:47:01.971305+00:00
25b189e0-216d-45d2-b81e-cc3220424fb7,fUST,0.00015,2,1,-10000.0,demand,2026-09-15T22:47:01.971305+00:00
25b189e0-216d-45d2-b81e-cc3220424fb7,fUST,0.0001421,45,1,-10000.0,demand,2026-09-15T22:47:01.971305+00:00
25b189e0-216d-45d2-b81e-cc3220424fb7,fUST,0.000142,45,2,-20000.0,demand,2026-09-15T22:47:01.971305+00:00
25b189e0-216d-45d2-b81e-cc3220424fb7,fUST,0.00014,7,1,-10000.0,demand,2026-09-15T22:47:01.971305+00:00
25b189e0-216d-45d2-b81e-cc3220424fb7,fUST,0.000137,2,1,-478154.64279222,demand,2026-09-15T22:47:01.971305+00:00
25b189e0-216d-45d2-b81e-cc3220424fb7,fUST,0.0001361,30,23,-93124.47696771,demand,2026-09-15T22:47:01.971305+00:00
25b189e0-216d-45d2-b81e-cc3220424fb7,fUST,0.000136,30,2,-14544.22120933,demand,2026-09-15T22:47:01.971305+00:00
25b189e0-216d-45d2-b81e-cc3220424fb7,fUST,0.00013103,2,1,-285058.62536861,demand,2026-09-15T22:47:01.971305+00:00
25b189e0-216d-45d2-b81e-cc3220424fb7,fUST,0.00013102,2,1,-366829.49373192,demand,2026-09-15T22:47:01.971305+00:00
25b189e0-216d-45d2-b81e-cc3220424fb7,fUST,0.000131,2,3,-2576906.89108704,demand,2026-09-15T22:47:01.971305+00:00
25b189e0-216d-45d2-b81e-cc3220424fb7,fUST,0.00013,30,1,-28000.0,demand,2026-09-15T22:47:01.971305+00:00
25b189e0-216d-45d2-b81e-cc3220424fb7,fUST,0.00013,2,1,-1000.0,demand,2026-09-15T22:47:01.971305+00:00
25b189e0-216d-45d2-b81e-cc3220424fb7,fUST,0.00013,7,1,-1000.0,demand,2026-09-15T22:47:01.971305+00:00
25b189e0-216d-45d2-b81e-cc3220424fb7,fUST,0.00013,5,1,-1000.0,demand,2026-09-15T22:47:01.971305+00:00
25b189e0-216d-45d2-b81e-cc3220424fb7,fUST,0.00013,14,1,-1000.0,demand,2026-09-15T22:47:01.971305+00:00
25b189e0-216d-45d2-b81e-cc3220424fb7,fUST,0.0001226,12,1,-135216.16709793,demand,2026-09-15T22:47:01.971305+00:00
25b189e0-216d-45d2-b81e-cc3220424fb7,fUST,0.0001225,59,1,-95000.0,demand,2026-09-15T22:47:01.971305+00:00
25b189e0-216d-45d2-b81e-cc3220424fb7,fUST,0.00015349,2,1,343.96,offer,2026-09-15T22:47:01.971305+00:00
25b189e0-216d-45d2-b81e-cc3220424fb7,fUST,0.0001546293,2,1,360.1886941,offer,2026-09-15T22:47:01.971305+00:00
25b189e0-216d-45d2-b81e-cc3220424fb7,fUST,0.00015534,2,1,5000.0,offer,2026-09-15T22:47:01.971305+00:00
25b189e0-216d-45d2-b81e-cc3220424fb7,fUST,0.0001569132,2,1,278.2026634,offer,2026-09-15T22:47:01.971305+00:00
25b189e0-216d-45d2-b81e-cc3220424fb7,fUST,0.0001593735,2,1,841.411571,offer,2026-09-15T22:47:01.971305+00:00
25b189e0-216d-45d2-b81e-cc3220424fb7,fUST,0.00016,2,1,200.0,offer,2026-09-15T22:47:01.971305+00:00
25b189e0-216d-45d2-b81e-cc3220424fb7,fUST,0.0001608373,2,1,8.76260768,offer,2026-09-15T22:47:01.971305+00:00
25b189e0-216d-45d2-b81e-cc3220424fb7,fUST,0.000164,2,1,10574.99198999,offer,2026-09-15T22:47:01.971305+00:00
25b189e0-216d-45d2-b81e-cc3220424fb7,fUST,0.00016400109589041097,2,18,8274.48684564,offer,2026-09-15T22:47:01.971305+00:00
25b189e0-216d-45d2-b81e-cc3220424fb7,fUST,0.00016401,2,2,1000.0,offer,2026-09-15T22:47:01.971305+00:00
25b189e0-216d-45d2-b81e-cc3220424fb7,fUST,0.00016404,2,15,4500.0,offer,2026-09-15T22:47:01.971305+00:00
25b189e0-216d-45d2-b81e-cc3220424fb7,fUST,0.00016731,2,1,600.0,offer,2026-09-15T22:47:01.971305+00:00
25b189e0-216d-45d2-b81e-cc3220424fb7,fUST,0.00016998,2,1,1908.73,offer,2026-09-15T22:47:01.971305+00:00
25b189e0-216d-45d2-b81e-cc3220424fb7,fUST,0.00016999,2,3,2908.73,offer,2026-09-15T22:47:01.971305+00:00
25b189e0-216d-45d2-b81e-cc3220424fb7,fUST,0.00016999000000000002,2,1,289.94976592,offer,2026-09-15T22:47:01.971305+00:00
25b189e0-216d-45d2-b81e-cc3220424fb7,fUST,0.00017,2,1,17226.72981921,offer,2026-09-15T22:47:01.971305+00:00
25b189e0-216d-45d2-b81e-cc3220424fb7,fUST,0.0001737044622,2,1,269.578514,offer,2026-09-15T22:47:01.971305+00:00
25b189e0-216d-45d2-b81e-cc3220424fb7,fUST,0.0001788904109589041,2,1,500.0,offer,2026-09-15T22:47:01.971305+00:00
25b189e0-216d-45d2-b81e-cc3220424fb7,fUST,0.00018101679096712328,2,1,269.578514,offer,2026-09-15T22:47:01.971305+00:00
25b189e0-216d-45d2-b81e-cc3220424fb7,fUST,0.00018163013698630138,2,1,219.78925458,offer,2026-09-15T22:47:01.971305+00:00
25b189e0-216d-45d2-b81e-cc3220424fb7,fUST,0.00018404,2,1,720.0,offer,2026-09-15T22:47:01.971305+00:00
25b189e0-216d-45d2-b81e-cc3220424fb7,fUST,0.00018799,2,2,1000.0,offer,2026-09-15T22:47:01.971305+00:00
25b189e0-216d-45d2-b81e-cc3220424fb7,fUST,0.000188,2,2,10736.03604986,offer,2026-09-15T22:47:01.971305+00:00
25b189e0-216d-45d2-b81e-cc3220424fb7,fUST,0.00018832911973424657,2,1,269.578514,offer,2026-09-15T22:47:01.971305+00:00
25b189e0-216d-45d2-b81e-cc3220424fb7,fUST,0.00019564144850136987,2,1,269.578514,offer,2026-09-15T22:47:01.971305+00:00
cd1eb889-c05c-4d54-b6fd-de20866d70f2,fUST,0.0002671232876712329,120,1,-2094099.66698142,demand,2026-09-15T23:47:02.045539+00:00
cd1eb889-c05c-4d54-b6fd-de20866d70f2,fUST,0.00024854520547945206,60,1,-4341445.48600473,demand,2026-09-15T23:47:02.045539+00:00
cd1eb889-c05c-4d54-b6fd-de20866d70f2,fUST,0.00024309315,120,1,-20000.0,demand,2026-09-15T23:47:02.045539+00:00
cd1eb889-c05c-4d54-b6fd-de20866d70f2,fUST,0.00016,60,18,-115000.0,demand,2026-09-15T23:47:02.045539+00:00
cd1eb889-c05c-4d54-b6fd-de20866d70f2,fUST,0.00016,30,1,-4808.0,demand,2026-09-15T23:47:02.045539+00:00
cd1eb889-c05c-4d54-b6fd-de20866d70f2,fUST,0.000152,60,1,-28000.0,demand,2026-09-15T23:47:02.045539+00:00
cd1eb889-c05c-4d54-b6fd-de20866d70f2,fUST,0.00015,120,1,-300000.0,demand,2026-09-15T23:47:02.045539+00:00
cd1eb889-c05c-4d54-b6fd-de20866d70f2,fUST,0.00015,45,23,-138668.928077,demand,2026-09-15T23:47:02.045539+00:00
cd1eb889-c05c-4d54-b6fd-de20866d70f2,fUST,0.00015,2,1,-10000.0,demand,2026-09-15T23:47:02.045539+00:00
cd1eb889-c05c-4d54-b6fd-de20866d70f2,fUST,0.0001455,2,1,-151.0,demand,2026-09-15T23:47:02.045539+00:00
cd1eb889-c05c-4d54-b6fd-de20866d70f2,fUST,0.0001421,45,1,-10000.0,demand,2026-09-15T23:47:02.045539+00:00
cd1eb889-c05c-4d54-b6fd-de20866d70f2,fUST,0.000142,45,2,-20000.0,demand,2026-09-15T23:47:02.045539+00:00
cd1eb889-c05c-4d54-b6fd-de20866d70f2,fUST,0.00014,7,1,-10000.0,demand,2026-09-15T23:47:02.045539+00:00
cd1eb889-c05c-4d54-b6fd-de20866d70f2,fUST,0.000137,2,1,-472800.50117819,demand,2026-09-15T23:47:02.045539+00:00
cd1eb889-c05c-4d54-b6fd-de20866d70f2,fUST,0.0001361,30,23,-93124.47696771,demand,2026-09-15T23:47:02.045539+00:00
cd1eb889-c05c-4d54-b6fd-de20866d70f2,fUST,0.000136,30,2,-14544.22120933,demand,2026-09-15T23:47:02.045539+00:00
cd1eb889-c05c-4d54-b6fd-de20866d70f2,fUST,0.00013103,2,1,-285058.62536861,demand,2026-09-15T23:47:02.045539+00:00
cd1eb889-c05c-4d54-b6fd-de20866d70f2,fUST,0.00013102,2,1,-366829.49373192,demand,2026-09-15T23:47:02.045539+00:00
cd1eb889-c05c-4d54-b6fd-de20866d70f2,fUST,0.000131,2,3,-2576906.89108704,demand,2026-09-15T23:47:02.045539+00:00
cd1eb889-c05c-4d54-b6fd-de20866d70f2,fUST,0.00013,30,1,-28000.0,demand,2026-09-15T23:47:02.045539+00:00
cd1eb889-c05c-4d54-b6fd-de20866d70f2,fUST,0.00013,2,1,-1000.0,demand,2026-09-15T23:47:02.045539+00:00
cd1eb889-c05c-4d54-b6fd-de20866d70f2,fUST,0.00013,7,1,-1000.0,demand,2026-09-15T23:47:02.045539+00:00
cd1eb889-c05c-4d54-b6fd-de20866d70f2,fUST,0.00013,5,1,-1000.0,demand,2026-09-15T23:47:02.045539+00:00
cd1eb889-c05c-4d54-b6fd-de20866d70f2,fUST,0.00013,14,1,-1000.0,demand,2026-09-15T23:47:02.045539+00:00
cd1eb889-c05c-4d54-b6fd-de20866d70f2,fUST,0.0001226,12,1,-135216.16709793,demand,2026-09-15T23:47:02.045539+00:00
cd1eb889-c05c-4d54-b6fd-de20866d70f2,fUST,0.00015,2,1,4615.25600392,offer,2026-09-15T23:47:02.045539+00:00
cd1eb889-c05c-4d54-b6fd-de20866d70f2,fUST,0.00015178,2,1,158.52229065,offer,2026-09-15T23:47:02.045539+00:00
cd1eb889-c05c-4d54-b6fd-de20866d70f2,fUST,0.00015278,2,1,431.58,offer,2026-09-15T23:47:02.045539+00:00
cd1eb889-c05c-4d54-b6fd-de20866d70f2,fUST,0.00015299,2,15,4500.0,offer,2026-09-15T23:47:02.045539+00:00
cd1eb889-c05c-4d54-b6fd-de20866d70f2,fUST,0.00015604,2,1,600.0,offer,2026-09-15T23:47:02.045539+00:00
cd1eb889-c05c-4d54-b6fd-de20866d70f2,fUST,0.00016005,2,1,431.57,offer,2026-09-15T23:47:02.045539+00:00
cd1eb889-c05c-4d54-b6fd-de20866d70f2,fUST,0.0001703153,2,1,168.68426,offer,2026-09-15T23:47:02.045539+00:00
cd1eb889-c05c-4d54-b6fd-de20866d70f2,fUST,0.0001708409,2,1,185.33515046,offer,2026-09-15T23:47:02.045539+00:00
cd1eb889-c05c-4d54-b6fd-de20866d70f2,fUST,0.0001708509,2,1,998.0532332,offer,2026-09-15T23:47:02.045539+00:00
cd1eb889-c05c-4d54-b6fd-de20866d70f2,fUST,0.00017164,2,1,720.0,offer,2026-09-15T23:47:02.045539+00:00
cd1eb889-c05c-4d54-b6fd-de20866d70f2,fUST,0.0001749148,2,1,1076.3363972,offer,2026-09-15T23:47:02.045539+00:00
cd1eb889-c05c-4d54-b6fd-de20866d70f2,fUST,0.0001862764,2,1,314.915335,offer,2026-09-15T23:47:02.045539+00:00
cd1eb889-c05c-4d54-b6fd-de20866d70f2,fUST,0.00018881,2,1,864.0,offer,2026-09-15T23:47:02.045539+00:00
cd1eb889-c05c-4d54-b6fd-de20866d70f2,fUST,0.0001898651506849315,2,2,367.18768338,offer,2026-09-15T23:47:02.045539+00:00
cd1eb889-c05c-4d54-b6fd-de20866d70f2,fUST,0.0001921728753,2,1,170.853476,offer,2026-09-15T23:47:02.045539+00:00
cd1eb889-c05c-4d54-b6fd-de20866d70f2,fUST,0.0001982580821917808,2,3,1223.53853233,offer,2026-09-15T23:47:02.045539+00:00
cd1eb889-c05c-4d54-b6fd-de20866d70f2,fUST,0.00019871630269696627,2,1,438.42154196,offer,2026-09-15T23:47:02.045539+00:00
cd1eb889-c05c-4d54-b6fd-de20866d70f2,fUST,0.00019899,2,3,1257.2,offer,2026-09-15T23:47:02.045539+00:00
cd1eb889-c05c-4d54-b6fd-de20866d70f2,fUST,0.000199,2,1,20391.02809462,offer,2026-09-15T23:47:02.045539+00:00
cd1eb889-c05c-4d54-b6fd-de20866d70f2,fUST,0.00019989678333333334,2,1,328.94694575,offer,2026-09-15T23:47:02.045539+00:00
cd1eb889-c05c-4d54-b6fd-de20866d70f2,fUST,0.00019996,2,1,500.0,offer,2026-09-15T23:47:02.045539+00:00
cd1eb889-c05c-4d54-b6fd-de20866d70f2,fUST,0.00019997,2,3,1500.0,offer,2026-09-15T23:47:02.045539+00:00
cd1eb889-c05c-4d54-b6fd-de20866d70f2,fUST,0.00019998,2,11,52731.54868083,offer,2026-09-15T23:47:02.045539+00:00
cd1eb889-c05c-4d54-b6fd-de20866d70f2,fUST,0.00019999,2,2,747707.54921754,offer,2026-09-15T23:47:02.045539+00:00
cd1eb889-c05c-4d54-b6fd-de20866d70f2,fUST,0.00019999,11,1,293.28588621,offer,2026-09-15T23:47:02.045539+00:00
