run_id,market,rate,period,count,amount,side,fetched_at
71e5bdef-36f1-4221-8d21-1dd4b148f698,fUST,0.0002671232876712329,120,1,-2929818.18200521,demand,2026-09-01T00:47:02.219946+00:00
71e5bdef-36f1-4221-8d21-1dd4b148f698,fUST,0.000267123287,120,1,-243.95,demand,2026-09-01T00:47:02.219946+00:00
71e5bdef-36f1-4221-8d21-1dd4b148f698,fUST,0.000249652054,120,1,-1000.0,demand,2026-09-01T00:47:02.219946+00:00
71e5bdef-36f1-4221-8d21-1dd4b148f698,fUST,0.000249589041,120,1,-1000.0,demand,2026-09-01T00:47:02.219946+00:00
71e5bdef-36f1-4221-8d21-1dd4b148f698,fUST,0.000247980821,120,1,-56568.59382046,demand,2026-09-01T00:47:02.219946+00:00
71e5bdef-36f1-4221-8d21-1dd4b148f698,fUST,0.00023947123287671232,120,1,-3163103.00805483,demand,2026-09-01T00:47:02.219946+00:00
71e5bdef-36f1-4221-8d21-1dd4b148f698,fUST,0.00016,120,1,-2000.0,demand,2026-09-01T00:47:02.219946+00:00
71e5bdef-36f1-4221-8d21-1dd4b148f698,fUST,0.00016,60,18,-401887.3851215,demand,2026-09-01T00:47:02.219946+00:00
71e5bdef-36f1-4221-8d21-1dd4b148f698,fUST,0.00015,90,1,-2000.0,demand,2026-09-01T00:47:02.219946+00:00
71e5bdef-36f1-4221-8d21-1dd4b148f698,fUST,0.00015,120,1,-300000.0,demand,2026-09-01T00:47:02.219946+00:00
71e5bdef-36f1-4221-8d21-1dd4b148f698,fUST,0.00015,45,3,-13845.272985,demand,2026-09-01T00:47:02.219946+00:00
71e5bdef-36f1-4221-8d21-1dd4b148f698,fUST,0.00015,60,1,-28000.0,demand,2026-09-01T00:47:02.219946+00:00
71e5bdef-36f1-4221-8d21-1dd4b148f698,fUST,0.00015,30,10,-28818.0,demand,2026-09-01T00:47:02.219946+00:00
71e5bdef-36f1-4221-8d21-1dd4b148f698,fUST,0.000148,30,4,-20000.0,demand,2026-09-01T00:47:02.219946+00:00
71e5bdef-36f1-4221-8d21-1dd4b148f698,fUST,0.0001421,45,9,-80000.0,demand,2026-09-01T00:47:02.219946+00:00
71e5bdef-36f1-4221-8d21-1dd4b148f698,fUST,0.000142,45,2,-20000.0,demand,2026-09-01T00:47:02.219946+00:00
71e5bdef-36f1-4221-8d21-1dd4b148f698,fUST,0.0001401,30,11,-147973.68632078,demand,2026-09-01T00:47:02.219946+00:00
71e5bdef-36f1-4221-8d21-1dd4b148f698,fUST,0.00014000000000000001,30,1,-28000.0,demand,2026-09-01T00:47:02.219946+00:00
71e5bdef-36f1-4221-8d21-1dd4b148f698,fUST,0.000138,20,6,-49626.52669917,demand,2026-09-01T00:47:02.219946+00:00
71e5bdef-36f1-4221-8d21-1dd4b148f698,fUST,0.000136,30,3,-19544.22120933,demand,2026-09-01T00:47:02.219946+00:00
71e5bdef-36f1-4221-8d21-1dd4b148f698,fUST,0.000128,30,3,-30000.0,demand,2026-09-01T00:47:02.219946+00:00
71e5bdef-36f1-4221-8d21-1dd4b148f698,fUST,0.0001266,13,1,-55503.67742724,demand,2026-09-01T00:47:02.219946+00:00
71e5bdef-36f1-4221-8d21-1dd4b148f698,fUST,0.000126,15,5,-45000.0,demand,2026-09-01T00:47:02.219946+00:00
71e5bdef-36f1-4221-8d21-1dd4b148f698,fUST,0.000125,14,22,-87434.04490168,demand,2026-09-01T00:47:02.219946+00:00
71e5bdef-36f1-4221-8d21-1dd4b148f698,fUST,0.0001225,59,1,-95000.0,demand,2026-09-01T00:47:02.219946+00:00
71e5bdef-36f1-4221-8d21-1dd4b148f698,fUST,0.00016767036643835617,2,1,17.69648147,offer,2026-09-01T00:47:02.219946+00:00
71e5bdef-36f1-4221-8d21-1dd4b148f698,fUST,0.0001744552,2,1,1456.5436109,offer,2026-09-01T00:47:02.219946+00:00
71e5bdef-36f1-4221-8d21-1dd4b148f698,fUST,0.00017575455479452054,2,1,335.39296294,offer,2026-09-01T00:47:02.219946+00:00
71e5bdef-36f1-4221-8d21-1dd4b148f698,fUST,0.000175968,2,4,1786.29528815,offer,2026-09-01T00:47:02.219946+00:00
71e5bdef-36f1-4221-8d21-1dd4b148f698,fUST,0.000175978,2,2,5008.30590106,offer,2026-09-01T00:47:02.219946+00:00
71e5bdef-36f1-4221-8d21-1dd4b148f698,fUST,0.00017767036643835616,2,1,224.24567469,offer,2026-09-01T00:47:02.219946+00:00
71e5bdef-36f1-4221-8d21-1dd4b148f698,fUST,0.00017949,2,15,4500.0,offer,2026-09-01T00:47:02.219946+00:00
71e5bdef-36f1-4221-8d21-1dd4b148f698,fUST,0.00018107924657534245,2,1,555.55555555,offer,2026-09-01T00:47:02.219946+00:00
71e5bdef-36f1-4221-8d21-1dd4b148f698,fUST,0.00018114401369863012,2,1,503.08944442,offer,2026-09-01T00:47:02.219946+00:00
71e5bdef-36f1-4221-8d21-1dd4b148f698,fUST,0.00018307,2,1,600.0,offer,2026-09-01T00:47:02.219946+00:00
71e5bdef-36f1-4221-8d21-1dd4b148f698,fUST,0.00018472698630136986,2,1,194.855993,offer,2026-09-01T00:47:02.219946+00:00
71e5bdef-36f1-4221-8d21-1dd4b148f698,fUST,0.00018473698630136986,2,1,670.78592589,offer,2026-09-01T00:47:02.219946+00:00
71e5bdef-36f1-4221-8d21-1dd4b148f698,fUST,0.00018513,2,1,233.34,offer,2026-09-01T00:47:02.219946+00:00
71e5bdef-36f1-4221-8d21-1dd4b148f698,fUST,0.00018523,2,11,5329.84407448,offer,2026-09-01T00:47:02.219946+00:00
71e5bdef-36f1-4221-8d21-1dd4b148f698,fUST,0.00018523,7,1,364.59841708,offer,2026-09-01T00:47:02.219946+00:00
71e5bdef-36f1-4221-8d21-1dd4b148f698,fUST,0.00018524,2,6,29667.74592257,offer,2026-09-01T00:47:02.219946+00:00
71e5bdef-36f1-4221-8d21-1dd4b148f698,fUST,0.00018525,2,22,590345.44728398,offer,2026-09-01T00:47:02.219946+00:00
71e5bdef-36f1-4221-8d21-1dd4b148f698,fUST,0.0001852501,2,6,3212.71,offer,2026-09-01T00:47:02.219946+00:00
71e5bdef-36f1-4221-8d21-1dd4b148f698,fUST,0.000185707425,2,2,2983.0,offer,2026-09-01T00:47:02.219946+00:00
71e5bdef-36f1-4221-8d21-1dd4b148f698,fUST,0.0001883299589041096,2,1,838.48240736,offer,2026-09-01T00:47:02.219946+00:00
71e5bdef-36f1-4221-8d21-1dd4b148f698,fUST,0.000188955,4,2,677.68721606,offer,2026-09-01T00:47:02.219946+00:00
71e5bdef-36f1-4221-8d21-1dd4b148f698,fUST,0.00018998,2,1,2474.200835,offer,2026-09-01T00:47:02.219946+00:00
71e5bdef-36f1-4221-8d21-1dd4b148f698,fUST,0.00019031555200000003,7,1,220.13857373,offer,2026-09-01T00:47:02.219946+00:00
71e5bdef-36f1-4221-8d21-1dd4b148f698,fUST,0.0001911,2,1,315.98072035,offer,2026-09-01T00:47:02.219946+00:00
71e5bdef-36f1-4221-8d21-1dd4b148f698,fUST,0.0001912,2,3,1403.142,offer,2026-09-01T00:47:02.219946+00:00
4d370865-18d5-41f4-8bf4-35a6bff9581a,fUST,0.0002671232876712329,120,1,-2925313.25437693,demand,2026-09-01T01:47:02.506172+00:00
4d370865-18d5-41f4-8bf4-35a6bff9581a,fUST,0.000267123287,120,1,-243.95,demand,2026-09-01T01:47:02.506172+00:00
4d370865-18d5-41f4-8bf4-35a6bff9581a,fUST,0.000249652054,120,1,-1000.0,demand,2026-09-01T01:47:02.506172+00:00
4d370865-18d5-41f4-8bf4-35a6bff9581a,fUST,0.000249589041,120,1,-1000.0,demand,2026-09-01T01:47:02.506172+00:00
4d370865-18d5-41f4-8bf4-35a6bff9581a,fUST,0.000247980821,120,1,-56568.59382046,demand,2026-09-01T01:47:02.506172+00:00
4d370865-18d5-41f4-8bf4-35a6bff9581a,fUST,0.00023943561643835617,120,1,-3160832.17384069,demand,2026-09-01T01:47:02.506172+00:00
4d370865-18d5-41f4-8bf4-35a6bff9581a,fUST,0.00016,120,1,-2000.0,demand,2026-09-01T01:47:02.506172+00:00
4d370865-18d5-41f4-8bf4-35a6bff9581a,fUST,0.00016,60,18,-401887.3851215,demand,2026-09-01T01:47:02.506172+00:00
4d370865-18d5-41f4-8bf4-35a6bff9581a,fUST,0.00015,90,1,-2000.0,demand,2026-09-01T01:47:02.506172+00:00
4d370865-18d5-41f4-8bf4-35a6bff9581a,fUST,0.00015,120,1,-300000.0,demand,2026-09-01T01:47:02.506172+00:00
4d370865-18d5-41f4-8bf4-35a6bff9581a,fUST,0.00015,45,3,-13845.272985,demand,2026-09-01T01:47:02.506172+00:00
4d370865-18d5-41f4-8bf4-35a6bff9581a,fUST,0.00015,60,1,-28000.0,demand,2026-09-01T01:47:02.506172+00:00
4d370865-18d5-41f4-8bf4-35a6bff9581a,fUST,0.00015,30,10,-28818.0,demand,2026-09-01T01:47:02.506172+00:00
4d370865-18d5-41f4-8bf4-35a6bff9581a,fUST,0.000148,30,4,-20000.0,demand,2026-09-01T01:47:02.506172+00:00
4d370865-18d5-41f4-8bf4-35a6bff9581a,fUST,0.0001421,45,9,-80000.0,demand,2026-09-01T01:47:02.506172+00:00
4d370865-18d5-41f4-8bf4-35a6bff9581a,fUST,0.000142,45,2,-20000.0,demand,2026-09-01T01:47:02.506172+00:00
4d370865-18d5-41f4-8bf4-35a6bff9581a,fUST,0.0001401,30,11,-147973.68632078,demand,2026-09-01T01:47:02.506172+00:00
4d370865-18d5-41f4-8bf4-35a6bff9581a,fUST,0.00014000000000000001,30,1,-28000.0,demand,2026-09-01T01:47:02.506172+00:00
4d370865-18d5-41f4-8bf4-35a6bff9581a,fUST,0.000138,20,6,-49626.52669917,demand,2026-09-01T01:47:02.506172+00:00
4d370865-18d5-41f4-8bf4-35a6bff9581a,fUST,0.000136,30,3,-19544.22120933,demand,2026-09-01T01:47:02.506172+00:00
4d370865-18d5-41f4-8bf4-35a6bff9581a,fUST,0.000128,30,3,-30000.0,demand,2026-09-01T01:47:02.506172+00:00
4d370865-18d5-41f4-8bf4-35a6bff9581a,fUST,0.0001266,13,1,-55503.67742724,demand,2026-09-01T01:47:02.506172+00:00
4d370865-18d5-41f4-8bf4-35a6bff9581a,fUST,0.000126,15,5,-45000.0,demand,2026-09-01T01:47:02.506172+00:00
4d370865-18d5-41f4-8bf4-35a6bff9581a,fUST,0.000125,14,22,-87434.04490168,demand,2026-09-01T01:47:02.506172+00:00
4d370865-18d5-41f4-8bf4-35a6bff9581a,fUST,0.0001225,59,1,-95000.0,demand,2026-09-01T01:47:02.506172+00:00
4d370865-18d5-41f4-8bf4-35a6bff9581a,fUST,0.00017579,2,1,191.68,offer,2026-09-01T01:47:02.506172+00:00
4d370865-18d5-41f4-8bf4-35a6bff9581a,fUST,0.00017579147260273972,2,1,215.85468585,offer,2026-09-01T01:47:02.506172+00:00
4d370865-18d5-41f4-8bf4-35a6bff9581a,fUST,0.00018118179452054794,2,1,431.7093717,offer,2026-09-01T01:47:02.506172+00:00
4d370865-18d5-41f4-8bf4-35a6bff9581a,fUST,0.00018389,2,1,221.45905009,offer,2026-09-01T01:47:02.506172+00:00
4d370865-18d5-41f4-8bf4-35a6bff9581a,fUST,0.00018987600599999999,2,1,152.68982323,offer,2026-09-01T01:47:02.506172+00:00
4d370865-18d5-41f4-8bf4-35a6bff9581a,fUST,0.00018998,2,3,1692.91435969,offer,2026-09-01T01:47:02.506172+00:00
4d370865-18d5-41f4-8bf4-35a6bff9581a,fUST,0.00018999,2,16,249825.49833203,offer,2026-09-01T01:47:02.506172+00:00
4d370865-18d5-41f4-8bf4-35a6bff9581a,fUST,0.000191477,2,3,1404.35,offer,2026-09-01T01:47:02.506172+00:00
4d370865-18d5-41f4-8bf4-35a6bff9581a,fUST,0.00019337,2,1,191.68,offer,2026-09-01T01:47:02.506172+00:00
4d370865-18d5-41f4-8bf4-35a6bff9581a,fUST,0.00019378,2,16,5100.0,offer,2026-09-01T01:47:02.506172+00:00
4d370865-18d5-41f4-8bf4-35a6bff9581a,fUST,0.0001951202628,2,1,237.51408,offer,2026-09-01T01:47:02.506172+00:00
4d370865-18d5-41f4-8bf4-35a6bff9581a,fUST,0.00019535600599999997,2,1,152.68982323,offer,2026-09-01T01:47:02.506172+00:00
4d370865-18d5-41f4-8bf4-35a6bff9581a,fUST,0.00019634,2,1,444.735,offer,2026-09-01T01:47:02.506172+00:00
4d370865-18d5-41f4-8bf4-35a6bff9581a,fUST,0.0002,2,4,17995.39614188,offer,2026-09-01T01:47:02.506172+00:00
4d370865-18d5-41f4-8bf4-35a6bff9581a,fUST,0.0002,5,1,150.0,offer,2026-09-01T01:47:02.506172+00:00
4d370865-18d5-41f4-8bf4-35a6bff9581a,fUST,0.0002,3,1,300.0,offer,2026-09-01T01:47:02.506172+00:00
4d370865-18d5-41f4-8bf4-35a6bff9581a,fUST,0.00020083600599999998,2,1,152.68982323,offer,2026-09-01T01:47:02.506172+00:00
4d370865-18d5-41f4-8bf4-35a6bff9581a,fUST,0.000201824063,3,1,160.0,offer,2026-09-01T01:47:02.506172+00:00
4d370865-18d5-41f4-8bf4-35a6bff9581a,fUST,0.0002025137038222555,2,2,320.0,offer,2026-09-01T01:47:02.506172+00:00
4d370865-18d5-41f4-8bf4-35a6bff9581a,fUST,0.000203,2,1,441.53373386,offer,2026-09-01T01:47:02.506172+00:00
4d370865-18d5-41f4-8bf4-35a6bff9581a,fUST,0.000203333961430137,2,1,237.51408,offer,2026-09-01T01:47:02.506172+00:00
4d370865-18d5-41f4-8bf4-35a6bff9581a,fUST,0.00020348217383289946,2,1,160.0,offer,2026-09-01T01:47:02.506172+00:00
4d370865-18d5-41f4-8bf4-35a6bff9581a,fUST,0.000205,2,1,441.53373386,offer,2026-09-01T01:47:02.506172+00:00
4d370865-18d5-41f4-8bf4-35a6bff9581a,fUST,0.00020631600599999998,2,1,152.68982323,offer,2026-09-01T01:47:02.506172+00:00
4d370865-18d5-41f4-8bf4-35a6bff9581a,fUST,0.00020667945206,2,3,768.2595699,offer,2026-09-01T01:47:02.506172+00:00
847706a5-4a4b-40d7-8e63-13dd20ad4da5,fUST,0.0002671232876712329,120,1,-2923974.54499382,demand,2026-09-01T02:47:01.871261+00:00
847706a5-4a4b-40d7-8e63-13dd20ad4da5,fUST,0.000267123287,120,1,-243.95,demand,2026-09-01T02:47:01.871261+00:00
847706a5-4a4b-40d7-8e63-13dd20ad4da5,fUST,0.000249652054,120,1,-1000.0,demand,2026-09-01T02:47:01.871261+00:00
847706a5-4a4b-40d7-8e63-13dd20ad4da5,fUST,0.000249589041,120,1,-1000.0,demand,2026-09-01T02:47:01.871261+00:00
847706a5-4a4b-40d7-8e63-13dd20ad4da5,fUST,0.000247980821,120,1,-56568.59382046,demand,2026-09-01T02:47:01.871261+00:00
847706a5-4a4b-40d7-8e63-13dd20ad4da5,fUST,0.0002394027397260274,120,1,-3160475.98872387,demand,2026-09-01T02:47:01.871261+00:00
847706a5-4a4b-40d7-8e63-13dd20ad4da5,fUST,0.00016,120,1,-2000.0,demand,2026-09-01T02:47:01.871261+00:00
847706a5-4a4b-40d7-8e63-13dd20ad4da5,fUST,0.00016,60,18,-401887.3851215,demand,2026-09-01T02:47:01.871261+00:00
847706a5-4a4b-40d7-8e63-13dd20ad4da5,fUST,0.00015,90,1,-2000.0,demand,2026-09-01T02:47:01.871261+00:00
847706a5-4a4b-40d7-8e63-13dd20ad4da5,fUST,0.00015,120,1,-300000.0,demand,2026-09-01T02:47:01.871261+00:00
847706a5-4a4b-40d7-8e63-13dd20ad4da5,fUST,0.00015,45,3,-13845.272985,demand,2026-09-01T02:47:01.871261+00:00
847706a5-4a4b-40d7-8e63-13dd20ad4da5,fUST,0.00015,60,1,-28000.0,demand,2026-09-01T02:47:01.871261+00:00
847706a5-4a4b-40d7-8e63-13dd20ad4da5,fUST,0.00015,30,10,-28818.0,demand,2026-09-01T02:47:01.871261+00:00
847706a5-4a4b-40d7-8e63-13dd20ad4da5,fUST,0.000148,30,4,-20000.0,demand,2026-09-01T02:47:01.871261+00:00
847706a5-4a4b-40d7-8e63-13dd20ad4da5,fUST,0.0001421,45,9,-80000.0,demand,2026-09-01T02:47:01.871261+00:00
847706a5-4a4b-40d7-8e63-13dd20ad4da5,fUST,0.000142,45,2,-20000.0,demand,2026-09-01T02:47:01.871261+00:00
847706a5-4a4b-40d7-8e63-13dd20ad4da5,fUST,0.0001401,30,11,-147973.68632078,demand,2026-09-01T02:47:01.871261+00:00
847706a5-4a4b-40d7-8e63-13dd20ad4da5,fUST,0.00014000000000000001,30,1,-28000.0,demand,2026-09-01T02:47:01.871261+00:00
847706a5-4a4b-40d7-8e63-13dd20ad4da5,fUST,0.000138,20,6,-49626.52669917,demand,2026-09-01T02:47:01.871261+00:00
847706a5-4a4b-40d7-8e63-13dd20ad4da5,fUST,0.000136,30,3,-19544.22120933,demand,2026-09-01T02:47:01.871261+00:00
847706a5-4a4b-40d7-8e63-13dd20ad4da5,fUST,0.000128,30,3,-30000.0,demand,2026-09-01T02:47:01.871261+00:00
847706a5-4a4b-40d7-8e63-13dd20ad4da5,fUST,0.0001266,13,1,-55503.67742724,demand,2026-09-01T02:47:01.871261+00:00
847706a5-4a4b-40d7-8e63-13dd20ad4da5,fUST,0.000126,15,5,-45000.0,demand,2026-09-01T02:47:01.871261+00:00
847706a5-4a4b-40d7-8e63-13dd20ad4da5,fUST,0.000125,14,22,-87434.04490168,demand,2026-09-01T02:47:01.871261+00:00
847706a5-4a4b-40d7-8e63-13dd20ad4da5,fUST,0.0001225,59,1,-95000.0,demand,2026-09-01T02:47:01.871261+00:00
847706a5-4a4b-40d7-8e63-13dd20ad4da5,fUST,0.00013166,13,1,269.85858305,offer,2026-09-01T02:47:01.871261+00:00
847706a5-4a4b-40d7-8e63-13dd20ad4da5,fUST,0.00013298999999999999,2,6,2740.5287381,offer,2026-09-01T02:47:01.871261+00:00
847706a5-4a4b-40d7-8e63-13dd20ad4da5,fUST,0.00013299999999999998,2,1,17225.64980047,offer,2026-09-01T02:47:01.871261+00:00
847706a5-4a4b-40d7-8e63-13dd20ad4da5,fUST,0.000134,2,1,175.99,offer,2026-09-01T02:47:01.871261+00:00
847706a5-4a4b-40d7-8e63-13dd20ad4da5,fUST,0.00013666,2,15,4500.0,offer,2026-09-01T02:47:01.871261+00:00
847706a5-4a4b-40d7-8e63-13dd20ad4da5,fUST,0.0001544988978,2,1,267.621635,offer,2026-09-01T02:47:01.871261+00:00
847706a5-4a4b-40d7-8e63-13dd20ad4da5,fUST,0.00016,2,13,139313.0567694,offer,2026-09-01T02:47:01.871261+00:00
847706a5-4a4b-40d7-8e63-13dd20ad4da5,fUST,0.00016100273341643835,2,1,267.621635,offer,2026-09-01T02:47:01.871261+00:00
847706a5-4a4b-40d7-8e63-13dd20ad4da5,fUST,0.00016750656903287672,2,1,267.621635,offer,2026-09-01T02:47:01.871261+00:00
847706a5-4a4b-40d7-8e63-13dd20ad4da5,fUST,0.00016760166438356164,2,1,177.72349309,offer,2026-09-01T02:47:01.871261+00:00
847706a5-4a4b-40d7-8e63-13dd20ad4da5,fUST,0.00017401040464931508,2,1,267.621635,offer,2026-09-01T02:47:01.871261+00:00
847706a5-4a4b-40d7-8e63-13dd20ad4da5,fUST,0.00017568335616438354,2,1,355.44698617,offer,2026-09-01T02:47:01.871261+00:00
847706a5-4a4b-40d7-8e63-13dd20ad4da5,fUST,0.0001759902389827843,2,1,277.58916682,offer,2026-09-01T02:47:01.871261+00:00
847706a5-4a4b-40d7-8e63-13dd20ad4da5,fUST,0.0001768421,2,1,319.83,offer,2026-09-01T02:47:01.871261+00:00
847706a5-4a4b-40d7-8e63-13dd20ad4da5,fUST,0.00017999999999999998,2,1,1254.0,offer,2026-09-01T02:47:01.871261+00:00
847706a5-4a4b-40d7-8e63-13dd20ad4da5,fUST,0.00018049049999999998,2,2,7293.72956644,offer,2026-09-01T02:47:01.871261+00:00
847706a5-4a4b-40d7-8e63-13dd20ad4da5,fUST,0.00018051424026575342,2,1,267.621635,offer,2026-09-01T02:47:01.871261+00:00
847706a5-4a4b-40d7-8e63-13dd20ad4da5,fUST,0.0001810711506849315,2,1,533.17047926,offer,2026-09-01T02:47:01.871261+00:00
847706a5-4a4b-40d7-8e63-13dd20ad4da5,fUST,0.00018190958905,2,2,617.3141138,offer,2026-09-01T02:47:01.871261+00:00
847706a5-4a4b-40d7-8e63-13dd20ad4da5,fUST,0.00018202191782,2,3,949.6378124,offer,2026-09-01T02:47:01.871261+00:00
847706a5-4a4b-40d7-8e63-13dd20ad4da5,fUST,0.00018466301369863012,2,1,710.89397234,offer,2026-09-01T02:47:01.871261+00:00
847706a5-4a4b-40d7-8e63-13dd20ad4da5,fUST,0.00018499,2,2,968.11520682,offer,2026-09-01T02:47:01.871261+00:00
847706a5-4a4b-40d7-8e63-13dd20ad4da5,fUST,0.00018499,7,1,355.0,offer,2026-09-01T02:47:01.871261+00:00
847706a5-4a4b-40d7-8e63-13dd20ad4da5,fUST,0.00018701807588219178,2,1,267.621635,offer,2026-09-01T02:47:01.871261+00:00
847706a5-4a4b-40d7-8e63-13dd20ad4da5,fUST,0.00018825487671232874,2,3,19013.66049889,offer,2026-09-01T02:47:01.871261+00:00
debab4af-abeb-4d06-ba49-76fe935f80cb,fUST,0.0002671232876712329,120,1,-2923974.54499382,demand,2026-09-01T03:47:02.073403+00:00
debab4af-abeb-4d06-ba49-76fe935f80cb,fUST,0.000267123287,120,1,-243.95,demand,2026-09-01T03:47:02.073403+00:00
debab4af-abeb-4d06-ba49-76fe935f80cb,fUST,0.000249652054,120,1,-1000.0,demand,2026-09-01T03:47:02.073403+00:00
debab4af-abeb-4d06-ba49-76fe935f80cb,fUST,0.000249589041,120,1,-1000.0,demand,2026-09-01T03:47:02.073403+00:00
debab4af-abeb-4d06-ba49-76fe935f80cb,fUST,0.000247980821,120,1,-56568.59382046,demand,2026-09-01T03:47:02.073403+00:00
debab4af-abeb-4d06-ba49-76fe935f80cb,fUST,0.0002394,120,1,-3159681.57143223,demand,2026-09-01T03:47:02.073403+00:00
debab4af-abeb-4d06-ba49-76fe935f80cb,fUST,0.00016,120,1,-2000.0,demand,2026-09-01T03:47:02.073403+00:00
debab4af-abeb-4d06-ba49-76fe935f80cb,fUST,0.00016,60,18,-401887.3851215,demand,2026-09-01T03:47:02.073403+00:00
debab4af-abeb-4d06-ba49-76fe935f80cb,fUST,0.00015,90,1,-2000.0,demand,2026-09-01T03:47:02.073403+00:00
debab4af-abeb-4d06-ba49-76fe935f80cb,fUST,0.00015,120,1,-300000.0,demand,2026-09-01T03:47:02.073403+00:00
debab4af-abeb-4d06-ba49-76fe935f80cb,fUST,0.00015,45,3,-13845.272985,demand,2026-09-01T03:47:02.073403+00:00
debab4af-abeb-4d06-ba49-76fe935f80cb,fUST,0.00015,60,1,-28000.0,demand,2026-09-01T03:47:02.073403+00:00
debab4af-abeb-4d06-ba49-76fe935f80cb,fUST,0.00015,30,10,-28818.0,demand,2026-09-01T03:47:02.073403+00:00
debab4af-abeb-4d06-ba49-76fe935f80cb,fUST,0.000148,30,4,-20000.0,demand,2026-09-01T03:47:02.073403+00:00
debab4af-abeb-4d06-ba49-76fe935f80cb,fUST,0.0001421,45,9,-80000.0,demand,2026-09-01T03:47:02.073403+00:00
debab4af-abeb-4d06-ba49-76fe935f80cb,fUST,0.000142,45,2,-20000.0,demand,2026-09-01T03:47:02.073403+00:00
debab4af-abeb-4d06-ba49-76fe935f80cb,fUST,0.0001401,30,11,-147973.68632078,demand,2026-09-01T03:47:02.073403+00:00
debab4af-abeb-4d06-ba49-76fe935f80cb,fUST,0.00014000000000000001,30,1,-28000.0,demand,2026-09-01T03:47:02.073403+00:00
debab4af-abeb-4d06-ba49-76fe935f80cb,fUST,0.000138,20,6,-49626.52669917,demand,2026-09-01T03:47:02.073403+00:00
debab4af-abeb-4d06-ba49-76fe935f80cb,fUST,0.000136,30,3,-19544.22120933,demand,2026-09-01T03:47:02.073403+00:00
debab4af-abeb-4d06-ba49-76fe935f80cb,fUST,0.000128,30,3,-30000.0,demand,2026-09-01T03:47:02.073403+00:00
debab4af-abeb-4d06-ba49-76fe935f80cb,fUST,0.0001266,13,1,-55503.67742724,demand,2026-09-01T03:47:02.073403+00:00
debab4af-abeb-4d06-ba49-76fe935f80cb,fUST,0.000126,15,5,-45000.0,demand,2026-09-01T03:47:02.073403+00:00
debab4af-abeb-4d06-ba49-76fe935f80cb,fUST,0.000125,14,22,-87434.04490168,demand,2026-09-01T03:47:02.073403+00:00
debab4af-abeb-4d06-ba49-76fe935f80cb,fUST,0.0001225,59,1,-95000.0,demand,2026-09-01T03:47:02.073403+00:00
debab4af-abeb-4d06-ba49-76fe935f80cb,fUST,0.00011735,2,1,1902.25436914,offer,2026-09-01T03:47:02.073403+00:00
debab4af-abeb-4d06-ba49-76fe935f80cb,fUST,0.00011854,2,1,3433.51862514,offer,2026-09-01T03:47:02.073403+00:00
debab4af-abeb-4d06-ba49-76fe935f80cb,fUST,0.00011972478285948121,2,1,190.84911208,offer,2026-09-01T03:47:02.073403+00:00
debab4af-abeb-4d06-ba49-76fe935f80cb,fUST,0.00011973478285948121,2,2,8495.59978857,offer,2026-09-01T03:47:02.073403+00:00
debab4af-abeb-4d06-ba49-76fe935f80cb,fUST,0.00012212,2,15,4500.0,offer,2026-09-01T03:47:02.073403+00:00
debab4af-abeb-4d06-ba49-76fe935f80cb,fUST,0.00012455,2,1,600.0,offer,2026-09-01T03:47:02.073403+00:00
debab4af-abeb-4d06-ba49-76fe935f80cb,fUST,0.000136986301369863,2,1,221.5060204,offer,2026-09-01T03:47:02.073403+00:00
debab4af-abeb-4d06-ba49-76fe935f80cb,fUST,0.00013701,2,1,720.0,offer,2026-09-01T03:47:02.073403+00:00
debab4af-abeb-4d06-ba49-76fe935f80cb,fUST,0.000139575,2,1,1651.2341554,offer,2026-09-01T03:47:02.073403+00:00
debab4af-abeb-4d06-ba49-76fe935f80cb,fUST,0.0001491452055,2,3,949.6378124,offer,2026-09-01T03:47:02.073403+00:00
debab4af-abeb-4d06-ba49-76fe935f80cb,fUST,0.00015071,2,1,864.0,offer,2026-09-01T03:47:02.073403+00:00
debab4af-abeb-4d06-ba49-76fe935f80cb,fUST,0.00015725205481,2,4,919.3141139,offer,2026-09-01T03:47:02.073403+00:00
debab4af-abeb-4d06-ba49-76fe935f80cb,fUST,0.0001578607461,2,1,223.018029,offer,2026-09-01T03:47:02.073403+00:00
debab4af-abeb-4d06-ba49-76fe935f80cb,fUST,0.00015898,2,2,882.69188406,offer,2026-09-01T03:47:02.073403+00:00
debab4af-abeb-4d06-ba49-76fe935f80cb,fUST,0.00015899,2,3,1513.35232275,offer,2026-09-01T03:47:02.073403+00:00
debab4af-abeb-4d06-ba49-76fe935f80cb,fUST,0.00015899,7,1,355.0,offer,2026-09-01T03:47:02.073403+00:00
debab4af-abeb-4d06-ba49-76fe935f80cb,fUST,0.000159,2,1,16182.0,offer,2026-09-01T03:47:02.073403+00:00
debab4af-abeb-4d06-ba49-76fe935f80cb,fUST,0.00015989,2,1,384.80928436,offer,2026-09-01T03:47:02.073403+00:00
debab4af-abeb-4d06-ba49-76fe935f80cb,fUST,0.0001599,3,8,13353.86472785,offer,2026-09-01T03:47:02.073403+00:00
debab4af-abeb-4d06-ba49-76fe935f80cb,fUST,0.0001599,2,2,10662.14199634,offer,2026-09-01T03:47:02.073403+00:00
debab4af-abeb-4d06-ba49-76fe935f80cb,fUST,0.00016,2,4,916.84859531,offer,2026-09-01T03:47:02.073403+00:00
debab4af-abeb-4d06-ba49-76fe935f80cb,fUST,0.00016173,7,1,271.9571124,offer,2026-09-01T03:47:02.073403+00:00
debab4af-abeb-4d06-ba49-76fe935f80cb,fUST,0.00016288410249999996,2,1,3579.23017364,offer,2026-09-01T03:47:02.073403+00:00
debab4af-abeb-4d06-ba49-76fe935f80cb,fUST,0.000163098,4,1,253.51298636,offer,2026-09-01T03:47:02.073403+00:00
debab4af-abeb-4d06-ba49-76fe935f80cb,fUST,0.0001632,4,1,282.97405486,offer,2026-09-01T03:47:02.073403+00:00
8a9dcae1-bbb7-44db-8278-8b7544fcd86f,fUST,0.0002671232876712329,120,1,-2922312.55496165,demand,2026-09-01T04:47:01.936516+00:00
8a9dcae1-bbb7-44db-8278-8b7544fcd86f,fUST,0.000267123287,120,1,-243.95,demand,2026-09-01T04:47:01.936516+00:00
8a9dcae1-bbb7-44db-8278-8b7544fcd86f,fUST,0.000249652054,120,1,-1000.0,demand,2026-09-01T04:47:01.936516+00:00
8a9dcae1-bbb7-44db-8278-8b7544fcd86f,fUST,0.000249589041,120,1,-1000.0,demand,2026-09-01T04:47:01.936516+00:00
8a9dcae1-bbb7-44db-8278-8b7544fcd86f,fUST,0.000247980821,120,1,-56568.59382046,demand,2026-09-01T04:47:01.936516+00:00
8a9dcae1-bbb7-44db-8278-8b7544fcd86f,fUST,0.00023944931506849316,120,1,-3159475.98872387,demand,2026-09-01T04:47:01.936516+00:00
8a9dcae1-bbb7-44db-8278-8b7544fcd86f,fUST,0.00016,120,1,-2000.0,demand,2026-09-01T04:47:01.936516+00:00
8a9dcae1-bbb7-44db-8278-8b7544fcd86f,fUST,0.00016,60,18,-401887.3851215,demand,2026-09-01T04:47:01.936516+00:00
8a9dcae1-bbb7-44db-8278-8b7544fcd86f,fUST,0.00015,90,1,-2000.0,demand,2026-09-01T04:47:01.936516+00:00
8a9dcae1-bbb7-44db-8278-8b7544fcd86f,fUST,0.00015,120,1,-300000.0,demand,2026-09-01T04:47:01.936516+00:00
8a9dcae1-bbb7-44db-8278-8b7544fcd86f,fUST,0.00015,45,3,-13845.272985,demand,2026-09-01T04:47:01.936516+00:00
8a9dcae1-bbb7-44db-8278-8b7544fcd86f,fUST,0.00015,60,1,-28000.0,demand,2026-09-01T04:47:01.936516+00:00
8a9dcae1-bbb7-44db-8278-8b7544fcd86f,fUST,0.00015,30,10,-28818.0,demand,2026-09-01T04:47:01.936516+00:00
8a9dcae1-bbb7-44db-8278-8b7544fcd86f,fUST,0.000148,30,4,-20000.0,demand,2026-09-01T04:47:01.936516+00:00
8a9dcae1-bbb7-44db-8278-8b7544fcd86f,fUST,0.0001421,45,9,-80000.0,demand,2026-09-01T04:47:01.936516+00:00
8a9dcae1-bbb7-44db-8278-8b7544fcd86f,fUST,0.000142,45,2,-20000.0,demand,2026-09-01T04:47:01.936516+00:00
8a9dcae1-bbb7-44db-8278-8b7544fcd86f,fUST,0.0001401,30,11,-147973.68632078,demand,2026-09-01T04:47:01.936516+00:00
8a9dcae1-bbb7-44db-8278-8b7544fcd86f,fUST,0.00014000000000000001,30,1,-28000.0,demand,2026-09-01T04:47:01.936516+00:00
8a9dcae1-bbb7-44db-8278-8b7544fcd86f,fUST,0.000138,20,6,-49626.52669917,demand,2026-09-01T04:47:01.936516+00:00
8a9dcae1-bbb7-44db-8278-8b7544fcd86f,fUST,0.000136,30,3,-19544.22120933,demand,2026-09-01T04:47:01.936516+00:00
8a9dcae1-bbb7-44db-8278-8b7544fcd86f,fUST,0.000128,30,3,-30000.0,demand,2026-09-01T04:47:01.936516+00:00
8a9dcae1-bbb7-44db-8278-8b7544fcd86f,fUST,0.0001266,13,1,-54013.26228332,demand,2026-09-01T04:47:01.936516+00:00
8a9dcae1-bbb7-44db-8278-8b7544fcd86f,fUST,0.000126,15,5,-45000.0,demand,2026-09-01T04:47:01.936516+00:00
8a9dcae1-bbb7-44db-8278-8b7544fcd86f,fUST,0.000125,14,22,-87434.04490168,demand,2026-09-01T04:47:01.936516+00:00
8a9dcae1-bbb7-44db-8278-8b7544fcd86f,fUST,0.0001225,59,1,-95000.0,demand,2026-09-01T04:47:01.936516+00:00
8a9dcae1-bbb7-44db-8278-8b7544fcd86f,fUST,0.0001203498,7,1,153.0,offer,2026-09-01T04:47:01.936516+00:00
8a9dcae1-bbb7-44db-8278-8b7544fcd86f,fUST,0.000122756796,7,1,227.99597938,offer,2026-09-01T04:47:01.936516+00:00
8a9dcae1-bbb7-44db-8278-8b7544fcd86f,fUST,0.00015309,2,1,181.27796295,offer,2026-09-01T04:47:01.936516+00:00
8a9dcae1-bbb7-44db-8278-8b7544fcd86f,fUST,0.00015464,2,1,181.27796295,offer,2026-09-01T04:47:01.936516+00:00
8a9dcae1-bbb7-44db-8278-8b7544fcd86f,fUST,0.0001562,2,1,181.27796295,offer,2026-09-01T04:47:01.936516+00:00
8a9dcae1-bbb7-44db-8278-8b7544fcd86f,fUST,0.00016758639726027397,2,1,181.27796295,offer,2026-09-01T04:47:01.936516+00:00
8a9dcae1-bbb7-44db-8278-8b7544fcd86f,fUST,0.0001730071,2,1,464.8109675,offer,2026-09-01T04:47:01.936516+00:00
8a9dcae1-bbb7-44db-8278-8b7544fcd86f,fUST,0.00017566753424657535,2,1,362.5559259,offer,2026-09-01T04:47:01.936516+00:00
8a9dcae1-bbb7-44db-8278-8b7544fcd86f,fUST,0.0001763042,2,1,189.645246,offer,2026-09-01T04:47:01.936516+00:00
8a9dcae1-bbb7-44db-8278-8b7544fcd86f,fUST,0.00018,21,1,201.14,offer,2026-09-01T04:47:01.936516+00:00
8a9dcae1-bbb7-44db-8278-8b7544fcd86f,fUST,0.0001810549589041096,2,3,1049.97257315,offer,2026-09-01T04:47:01.936516+00:00
8a9dcae1-bbb7-44db-8278-8b7544fcd86f,fUST,0.00018463657534246577,2,3,1264.79996387,offer,2026-09-01T04:47:01.936516+00:00
8a9dcae1-bbb7-44db-8278-8b7544fcd86f,fUST,0.00018464657534246576,2,12,2997.25253731,offer,2026-09-01T04:47:01.936516+00:00
8a9dcae1-bbb7-44db-8278-8b7544fcd86f,fUST,0.00018465479452054796,2,1,183.00569454,offer,2026-09-01T04:47:01.936516+00:00
8a9dcae1-bbb7-44db-8278-8b7544fcd86f,fUST,0.0001848,2,4,2077.68208534,offer,2026-09-01T04:47:01.936516+00:00
8a9dcae1-bbb7-44db-8278-8b7544fcd86f,fUST,0.0001848082191780822,2,12,2490.02085446,offer,2026-09-01T04:47:01.936516+00:00
8a9dcae1-bbb7-44db-8278-8b7544fcd86f,fUST,0.00018485753424657533,2,2,376.68683238,offer,2026-09-01T04:47:01.936516+00:00
8a9dcae1-bbb7-44db-8278-8b7544fcd86f,fUST,0.0001873122218492007,2,1,917.62676427,offer,2026-09-01T04:47:01.936516+00:00
8a9dcae1-bbb7-44db-8278-8b7544fcd86f,fUST,0.00018823819178082193,2,1,906.38981474,offer,2026-09-01T04:47:01.936516+00:00
8a9dcae1-bbb7-44db-8278-8b7544fcd86f,fUST,0.0001884705138,2,1,185.848357,offer,2026-09-01T04:47:01.936516+00:00
8a9dcae1-bbb7-44db-8278-8b7544fcd86f,fUST,0.0001889,3,2,1045.41,offer,2026-09-01T04:47:01.936516+00:00
8a9dcae1-bbb7-44db-8278-8b7544fcd86f,fUST,0.00018899,2,5,2077.05979829,offer,2026-09-01T04:47:01.936516+00:00
8a9dcae1-bbb7-44db-8278-8b7544fcd86f,fUST,0.000189,2,15,168324.20423944,offer,2026-09-01T04:47:01.936516+00:00
8a9dcae1-bbb7-44db-8278-8b7544fcd86f,fUST,0.00018998,2,1,5807.50155573,offer,2026-09-01T04:47:01.936516+00:00
8a9dcae1-bbb7-44db-8278-8b7544fcd86f,fUST,0.00019,2,2,662.14476174,offer,2026-09-01T04:47:01.936516+00:00
6a7ba76e-c8e0-47a7-bb9f-3bbec544286f,fUST,0.0002671232876712329,120,1,-2922117.67789159,demand,2026-09-01T05:47:02.143717+00:00
6a7ba76e-c8e0-47a7-bb9f-3bbec544286f,fUST,0.000267123287,120,1,-243.95,demand,2026-09-01T05:47:02.143717+00:00
6a7ba76e-c8e0-47a7-bb9f-3bbec544286f,fUST,0.000249652054,120,1,-1000.0,demand,2026-09-01T05:47:02.143717+00:00
6a7ba76e-c8e0-47a7-bb9f-3bbec544286f,fUST,0.000249589041,120,1,-1000.0,demand,2026-09-01T05:47:02.143717+00:00
6a7ba76e-c8e0-47a7-bb9f-3bbec544286f,fUST,0.000247980821,120,1,-56568.59382046,demand,2026-09-01T05:47:02.143717+00:00
6a7ba76e-c8e0-47a7-bb9f-3bbec544286f,fUST,0.00023942191780821918,120,1,-3159475.98872387,demand,2026-09-01T05:47:02.143717+00:00
6a7ba76e-c8e0-47a7-bb9f-3bbec544286f,fUST,0.00016,120,1,-2000.0,demand,2026-09-01T05:47:02.143717+00:00
6a7ba76e-c8e0-47a7-bb9f-3bbec544286f,fUST,0.00016,60,18,-401887.3851215,demand,2026-09-01T05:47:02.143717+00:00
6a7ba76e-c8e0-47a7-bb9f-3bbec544286f,fUST,0.00015,90,1,-2000.0,demand,2026-09-01T05:47:02.143717+00:00
6a7ba76e-c8e0-47a7-bb9f-3bbec544286f,fUST,0.00015,120,1,-300000.0,demand,2026-09-01T05:47:02.143717+00:00
6a7ba76e-c8e0-47a7-bb9f-3bbec544286f,fUST,0.00015,45,3,-13845.272985,demand,2026-09-01T05:47:02.143717+00:00
6a7ba76e-c8e0-47a7-bb9f-3bbec544286f,fUST,0.00015,60,1,-28000.0,demand,2026-09-01T05:47:02.143717+00:00
6a7ba76e-c8e0-47a7-bb9f-3bbec544286f,fUST,0.00015,30,10,-28818.0,demand,2026-09-01T05:47:02.143717+00:00
6a7ba76e-c8e0-47a7-bb9f-3bbec544286f,fUST,0.000148,30,4,-20000.0,demand,2026-09-01T05:47:02.143717+00:00
6a7ba76e-c8e0-47a7-bb9f-3bbec544286f,fUST,0.0001421,45,9,-80000.0,demand,2026-09-01T05:47:02.143717+00:00
6a7ba76e-c8e0-47a7-bb9f-3bbec544286f,fUST,0.000142,45,2,-20000.0,demand,2026-09-01T05:47:02.143717+00:00
6a7ba76e-c8e0-47a7-bb9f-3bbec544286f,fUST,0.0001401,30,11,-147973.68632078,demand,2026-09-01T05:47:02.143717+00:00
6a7ba76e-c8e0-47a7-bb9f-3bbec544286f,fUST,0.00014000000000000001,30,1,-28000.0,demand,2026-09-01T05:47:02.143717+00:00
6a7ba76e-c8e0-47a7-bb9f-3bbec544286f,fUST,0.000138,20,6,-49626.52669917,demand,2026-09-01T05:47:02.143717+00:00
6a7ba76e-c8e0-47a7-bb9f-3bbec544286f,fUST,0.000136,30,3,-19544.22120933,demand,2026-09-01T05:47:02.143717+00:00
6a7ba76e-c8e0-47a7-bb9f-3bbec544286f,fUST,0.000128,30,3,-30000.0,demand,2026-09-01T05:47:02.143717+00:00
6a7ba76e-c8e0-47a7-bb9f-3bbec544286f,fUST,0.0001266,13,1,-49013.26228332,demand,2026-09-01T05:47:02.143717+00:00
6a7ba76e-c8e0-47a7-bb9f-3bbec544286f,fUST,0.000126,15,5,-45000.0,demand,2026-09-01T05:47:02.143717+00:00
6a7ba76e-c8e0-47a7-bb9f-3bbec544286f,fUST,0.000125,14,22,-87434.04490168,demand,2026-09-01T05:47:02.143717+00:00
6a7ba76e-c8e0-47a7-bb9f-3bbec544286f,fUST,0.0001225,59,1,-95000.0,demand,2026-09-01T05:47:02.143717+00:00
6a7ba76e-c8e0-47a7-bb9f-3bbec544286f,fUST,0.00012744,7,1,284.39414168,offer,2026-09-01T05:47:02.143717+00:00
6a7ba76e-c8e0-47a7-bb9f-3bbec544286f,fUST,0.00013216,7,1,284.39414169,offer,2026-09-01T05:47:02.143717+00:00
6a7ba76e-c8e0-47a7-bb9f-3bbec544286f,fUST,0.00017385,2,1,185.848357,offer,2026-09-01T05:47:02.143717+00:00
6a7ba76e-c8e0-47a7-bb9f-3bbec544286f,fUST,0.00017561,2,1,185.848357,offer,2026-09-01T05:47:02.143717+00:00
6a7ba76e-c8e0-47a7-bb9f-3bbec544286f,fUST,0.0001846523601,2,1,185.848357,offer,2026-09-01T05:47:02.143717+00:00
6a7ba76e-c8e0-47a7-bb9f-3bbec544286f,fUST,0.00019229,2,2,639.001,offer,2026-09-01T05:47:02.143717+00:00
6a7ba76e-c8e0-47a7-bb9f-3bbec544286f,fUST,0.00019436879845616438,2,1,185.848357,offer,2026-09-01T05:47:02.143717+00:00
6a7ba76e-c8e0-47a7-bb9f-3bbec544286f,fUST,0.000195,2,1,1000.0,offer,2026-09-01T05:47:02.143717+00:00
6a7ba76e-c8e0-47a7-bb9f-3bbec544286f,fUST,0.00019633,2,1,461.402,offer,2026-09-01T05:47:02.143717+00:00
6a7ba76e-c8e0-47a7-bb9f-3bbec544286f,fUST,0.00019998,2,11,130000.0,offer,2026-09-01T05:47:02.143717+00:00
6a7ba76e-c8e0-47a7-bb9f-3bbec544286f,fUST,0.00019999,2,5,932748.67314895,offer,2026-09-01T05:47:02.143717+00:00
6a7ba76e-c8e0-47a7-bb9f-3bbec544286f,fUST,0.0001999901,2,3,1728.48,offer,2026-09-01T05:47:02.143717+00:00
6a7ba76e-c8e0-47a7-bb9f-3bbec544286f,fUST,0.0002,2,13,11146.03272088,offer,2026-09-01T05:47:02.143717+00:00
6a7ba76e-c8e0-47a7-bb9f-3bbec544286f,fUST,0.0002,10,1,2884.31368505,offer,2026-09-01T05:47:02.143717+00:00
6a7ba76e-c8e0-47a7-bb9f-3bbec544286f,fUST,0.00020082049999999997,2,2,345.97373283,offer,2026-09-01T05:47:02.143717+00:00
6a7ba76e-c8e0-47a7-bb9f-3bbec544286f,fUST,0.000202,2,4,932.36189276,offer,2026-09-01T05:47:02.143717+00:00
6a7ba76e-c8e0-47a7-bb9f-3bbec544286f,fUST,0.0002021826384209327,2,7,1438.05118521,offer,2026-09-01T05:47:02.143717+00:00
6a7ba76e-c8e0-47a7-bb9f-3bbec544286f,fUST,0.00020397,2,1,600.0,offer,2026-09-01T05:47:02.143717+00:00
6a7ba76e-c8e0-47a7-bb9f-3bbec544286f,fUST,0.0002039898,4,2,600.31720984,offer,2026-09-01T05:47:02.143717+00:00
6a7ba76e-c8e0-47a7-bb9f-3bbec544286f,fUST,0.000204,2,3,737.50802178,offer,2026-09-01T05:47:02.143717+00:00
6a7ba76e-c8e0-47a7-bb9f-3bbec544286f,fUST,0.00020408523681232876,2,1,185.848357,offer,2026-09-01T05:47:02.143717+00:00
6a7ba76e-c8e0-47a7-bb9f-3bbec544286f,fUST,0.00020630049999999998,2,1,183.59301383,offer,2026-09-01T05:47:02.143717+00:00
6a7ba76e-c8e0-47a7-bb9f-3bbec544286f,fUST,0.000207,2,1,353.22698709,offer,2026-09-01T05:47:02.143717+00:00
6a7ba76e-c8e0-47a7-bb9f-3bbec544286f,fUST,0.000208069596,6,1,264.47541413,offer,2026-09-01T05:47:02.143717+00:00
6a7ba76e-c8e0-47a7-bb9f-3bbec544286f,fUST,0.000209,2,2,653.22698709,offer,2026-09-01T05:47:02.143717+00:00
4692d69a-dd4b-42d1-950e-b9b110c6c83d,fUST,0.0002671232876712329,120,1,-2915315.98789159,demand,2026-09-01T06:47:02.512097+00:00
4692d69a-dd4b-42d1-950e-b9b110c6c83d,fUST,0.000267123287,120,1,-243.95,demand,2026-09-01T06:47:02.512097+00:00
4692d69a-dd4b-42d1-950e-b9b110c6c83d,fUST,0.000249652054,120,1,-1000.0,demand,2026-09-01T06:47:02.512097+00:00
4692d69a-dd4b-42d1-950e-b9b110c6c83d,fUST,0.000249589041,120,1,-1000.0,demand,2026-09-01T06:47:02.512097+00:00
4692d69a-dd4b-42d1-950e-b9b110c6c83d,fUST,0.000247980821,120,1,-56568.59382046,demand,2026-09-01T06:47:02.512097+00:00
4692d69a-dd4b-42d1-950e-b9b110c6c83d,fUST,0.00023944383561643837,120,1,-3159475.98872387,demand,2026-09-01T06:47:02.512097+00:00
4692d69a-dd4b-42d1-950e-b9b110c6c83d,fUST,0.00019,2,1,-150.0,demand,2026-09-01T06:47:02.512097+00:00
4692d69a-dd4b-42d1-950e-b9b110c6c83d,fUST,0.00017,2,1,-150.0,demand,2026-09-01T06:47:02.512097+00:00
4692d69a-dd4b-42d1-950e-b9b110c6c83d,fUST,0.00016,120,1,-2000.0,demand,2026-09-01T06:47:02.512097+00:00
4692d69a-dd4b-42d1-950e-b9b110c6c83d,fUST,0.00016,60,18,-401887.3851215,demand,2026-09-01T06:47:02.512097+00:00
4692d69a-dd4b-42d1-950e-b9b110c6c83d,fUST,0.00015,90,1,-2000.0,demand,2026-09-01T06:47:02.512097+00:00
4692d69a-dd4b-42d1-950e-b9b110c6c83d,fUST,0.00015,120,1,-300000.0,demand,2026-09-01T06:47:02.512097+00:00
4692d69a-dd4b-42d1-950e-b9b110c6c83d,fUST,0.00015,45,3,-13845.272985,demand,2026-09-01T06:47:02.512097+00:00
4692d69a-dd4b-42d1-950e-b9b110c6c83d,fUST,0.00015,60,1,-28000.0,demand,2026-09-01T06:47:02.512097+00:00
4692d69a-dd4b-42d1-950e-b9b110c6c83d,fUST,0.00015,30,10,-28818.0,demand,2026-09-01T06:47:02.512097+00:00
4692d69a-dd4b-42d1-950e-b9b110c6c83d,fUST,0.00015,2,1,-15251.92265008,demand,2026-09-01T06:47:02.512097+00:00
4692d69a-dd4b-42d1-950e-b9b110c6c83d,fUST,0.000148,30,4,-20000.0,demand,2026-09-01T06:47:02.512097+00:00
4692d69a-dd4b-42d1-950e-b9b110c6c83d,fUST,0.0001421,45,9,-80000.0,demand,2026-09-01T06:47:02.512097+00:00
4692d69a-dd4b-42d1-950e-b9b110c6c83d,fUST,0.000142,45,2,-20000.0,demand,2026-09-01T06:47:02.512097+00:00
4692d69a-dd4b-42d1-950e-b9b110c6c83d,fUST,0.0001401,30,11,-147973.68632078,demand,2026-09-01T06:47:02.512097+00:00
4692d69a-dd4b-42d1-950e-b9b110c6c83d,fUST,0.00014000000000000001,30,1,-28000.0,demand,2026-09-01T06:47:02.512097+00:00
4692d69a-dd4b-42d1-950e-b9b110c6c83d,fUST,0.000138,20,6,-49626.52669917,demand,2026-09-01T06:47:02.512097+00:00
4692d69a-dd4b-42d1-950e-b9b110c6c83d,fUST,0.000136,30,3,-19544.22120933,demand,2026-09-01T06:47:02.512097+00:00
4692d69a-dd4b-42d1-950e-b9b110c6c83d,fUST,0.000128,30,3,-30000.0,demand,2026-09-01T06:47:02.512097+00:00
4692d69a-dd4b-42d1-950e-b9b110c6c83d,fUST,0.0001266,13,1,-49013.26228332,demand,2026-09-01T06:47:02.512097+00:00
4692d69a-dd4b-42d1-950e-b9b110c6c83d,fUST,0.00018,2,1,3923.0,offer,2026-09-01T06:47:02.512097+00:00
4692d69a-dd4b-42d1-950e-b9b110c6c83d,fUST,0.0001885935,2,3,1138.7361177,offer,2026-09-01T06:47:02.512097+00:00
4692d69a-dd4b-42d1-950e-b9b110c6c83d,fUST,0.0001886035,2,1,1346.88281942,offer,2026-09-01T06:47:02.512097+00:00
4692d69a-dd4b-42d1-950e-b9b110c6c83d,fUST,0.00018899,2,3,1500.95363951,offer,2026-09-01T06:47:02.512097+00:00
4692d69a-dd4b-42d1-950e-b9b110c6c83d,fUST,0.00018899,7,2,760.70611775,offer,2026-09-01T06:47:02.512097+00:00
4692d69a-dd4b-42d1-950e-b9b110c6c83d,fUST,0.000189,2,1,229.92,offer,2026-09-01T06:47:02.512097+00:00
4692d69a-dd4b-42d1-950e-b9b110c6c83d,fUST,0.00019,2,1,1735.88,offer,2026-09-01T06:47:02.512097+00:00
4692d69a-dd4b-42d1-950e-b9b110c6c83d,fUST,0.00019173,7,1,355.0,offer,2026-09-01T06:47:02.512097+00:00
4692d69a-dd4b-42d1-950e-b9b110c6c83d,fUST,0.0001927698,7,2,623.33252774,offer,2026-09-01T06:47:02.512097+00:00
4692d69a-dd4b-42d1-950e-b9b110c6c83d,fUST,0.000193,2,1,151.0,offer,2026-09-01T06:47:02.512097+00:00
4692d69a-dd4b-42d1-950e-b9b110c6c83d,fUST,0.000193343,2,2,639.0,offer,2026-09-01T06:47:02.512097+00:00
4692d69a-dd4b-42d1-950e-b9b110c6c83d,fUST,0.000194,2,1,151.0,offer,2026-09-01T06:47:02.512097+00:00
4692d69a-dd4b-42d1-950e-b9b110c6c83d,fUST,0.00019447,7,1,355.0,offer,2026-09-01T06:47:02.512097+00:00
4692d69a-dd4b-42d1-950e-b9b110c6c83d,fUST,0.000195,2,2,302.0,offer,2026-09-01T06:47:02.512097+00:00
4692d69a-dd4b-42d1-950e-b9b110c6c83d,fUST,0.00019579,2,46,214766.0969757,offer,2026-09-01T06:47:02.512097+00:00
4692d69a-dd4b-42d1-950e-b9b110c6c83d,fUST,0.00019598,2,1,569.40052265,offer,2026-09-01T06:47:02.512097+00:00
4692d69a-dd4b-42d1-950e-b9b110c6c83d,fUST,0.000196,2,1,151.0,offer,2026-09-01T06:47:02.512097+00:00
4692d69a-dd4b-42d1-950e-b9b110c6c83d,fUST,0.00019634,2,1,353.605,offer,2026-09-01T06:47:02.512097+00:00
4692d69a-dd4b-42d1-950e-b9b110c6c83d,fUST,0.000197,2,2,302.0,offer,2026-09-01T06:47:02.512097+00:00
4692d69a-dd4b-42d1-950e-b9b110c6c83d,fUST,0.000198,2,1,151.0,offer,2026-09-01T06:47:02.512097+00:00
4692d69a-dd4b-42d1-950e-b9b110c6c83d,fUST,0.0001984395,7,1,405.70611775,offer,2026-09-01T06:47:02.512097+00:00
4692d69a-dd4b-42d1-950e-b9b110c6c83d,fUST,0.00019853,2,3,9965.80424538,offer,2026-09-01T06:47:02.512097+00:00
4692d69a-dd4b-42d1-950e-b9b110c6c83d,fUST,0.000199,2,2,302.0,offer,2026-09-01T06:47:02.512097+00:00
4692d69a-dd4b-42d1-950e-b9b110c6c83d,fUST,0.00019956099999999998,2,1,490.89727319,offer,2026-09-01T06:47:02.512097+00:00
4692d69a-dd4b-42d1-950e-b9b110c6c83d,fUST,0.0001997,2,1,600.0,offer,2026-09-01T06:47:02.512097+00:00
44e3fc79-7504-489b-9826-3a781011092c,fUST,0.0002671232876712329,120,1,-2786471.98789159,demand,2026-09-01T07:47:01.861433+00:00
44e3fc79-7504-489b-9826-3a781011092c,fUST,0.000267123287,120,1,-243.95,demand,2026-09-01T07:47:01.861433+00:00
44e3fc79-7504-489b-9826-3a781011092c,fUST,0.000249652054,120,1,-1000.0,demand,2026-09-01T07:47:01.861433+00:00
44e3fc79-7504-489b-9826-3a781011092c,fUST,0.000249589041,120,1,-1000.0,demand,2026-09-01T07:47:01.861433+00:00
44e3fc79-7504-489b-9826-3a781011092c,fUST,0.000247980821,120,1,-56568.59382046,demand,2026-09-01T07:47:01.861433+00:00
44e3fc79-7504-489b-9826-3a781011092c,fUST,0.0002396109589041096,120,1,-3149437.76967713,demand,2026-09-01T07:47:01.861433+00:00
44e3fc79-7504-489b-9826-3a781011092c,fUST,0.00016,120,1,-2000.0,demand,2026-09-01T07:47:01.861433+00:00
44e3fc79-7504-489b-9826-3a781011092c,fUST,0.00016,60,18,-401887.3851215,demand,2026-09-01T07:47:01.861433+00:00
44e3fc79-7504-489b-9826-3a781011092c,fUST,0.00015945205479452054,2,1,-1154.35781207,demand,2026-09-01T07:47:01.861433+00:00
44e3fc79-7504-489b-9826-3a781011092c,fUST,0.00015,90,1,-2000.0,demand,2026-09-01T07:47:01.861433+00:00
44e3fc79-7504-489b-9826-3a781011092c,fUST,0.00015,120,1,-300000.0,demand,2026-09-01T07:47:01.861433+00:00
44e3fc79-7504-489b-9826-3a781011092c,fUST,0.00015,45,3,-13845.272985,demand,2026-09-01T07:47:01.861433+00:00
44e3fc79-7504-489b-9826-3a781011092c,fUST,0.00015,60,1,-28000.0,demand,2026-09-01T07:47:01.861433+00:00
44e3fc79-7504-489b-9826-3a781011092c,fUST,0.00015,30,10,-28818.0,demand,2026-09-01T07:47:01.861433+00:00
44e3fc79-7504-489b-9826-3a781011092c,fUST,0.000148,30,4,-20000.0,demand,2026-09-01T07:47:01.861433+00:00
44e3fc79-7504-489b-9826-3a781011092c,fUST,0.0001421,45,9,-80000.0,demand,2026-09-01T07:47:01.861433+00:00
44e3fc79-7504-489b-9826-3a781011092c,fUST,0.000142,45,2,-20000.0,demand,2026-09-01T07:47:01.861433+00:00
44e3fc79-7504-489b-9826-3a781011092c,fUST,0.0001401,30,11,-147973.68632078,demand,2026-09-01T07:47:01.861433+00:00
44e3fc79-7504-489b-9826-3a781011092c,fUST,0.00014000000000000001,30,1,-28000.0,demand,2026-09-01T07:47:01.861433+00:00
44e3fc79-7504-489b-9826-3a781011092c,fUST,0.000138,20,6,-49626.52669917,demand,2026-09-01T07:47:01.861433+00:00
44e3fc79-7504-489b-9826-3a781011092c,fUST,0.000136,30,3,-19544.22120933,demand,2026-09-01T07:47:01.861433+00:00
44e3fc79-7504-489b-9826-3a781011092c,fUST,0.000128,30,3,-30000.0,demand,2026-09-01T07:47:01.861433+00:00
44e3fc79-7504-489b-9826-3a781011092c,fUST,0.0001266,13,1,-49013.26228332,demand,2026-09-01T07:47:01.861433+00:00
44e3fc79-7504-489b-9826-3a781011092c,fUST,0.000126,15,5,-45000.0,demand,2026-09-01T07:47:01.861433+00:00
44e3fc79-7504-489b-9826-3a781011092c,fUST,0.000125,14,22,-87434.04490168,demand,2026-09-01T07:47:01.861433+00:00
44e3fc79-7504-489b-9826-3a781011092c,fUST,0.0001268257,2,1,2442.687324,offer,2026-09-01T07:47:01.861433+00:00
44e3fc79-7504-489b-9826-3a781011092c,fUST,0.000127100555,2,1,151.0,offer,2026-09-01T07:47:01.861433+00:00
44e3fc79-7504-489b-9826-3a781011092c,fUST,0.0001271773,2,1,7987.4893874,offer,2026-09-01T07:47:01.861433+00:00
44e3fc79-7504-489b-9826-3a781011092c,fUST,0.00012971,2,15,4500.0,offer,2026-09-01T07:47:01.861433+00:00
44e3fc79-7504-489b-9826-3a781011092c,fUST,0.0001310315,2,1,814.6381276,offer,2026-09-01T07:47:01.861433+00:00
44e3fc79-7504-489b-9826-3a781011092c,fUST,0.0001315752,2,1,556.2766559,offer,2026-09-01T07:47:01.861433+00:00
44e3fc79-7504-489b-9826-3a781011092c,fUST,0.00013395,2,1,200.0,offer,2026-09-01T07:47:01.861433+00:00
44e3fc79-7504-489b-9826-3a781011092c,fUST,0.000136986301369863,2,2,13179.6788104,offer,2026-09-01T07:47:01.861433+00:00
44e3fc79-7504-489b-9826-3a781011092c,fUST,0.000137100555,2,1,179.649741,offer,2026-09-01T07:47:01.861433+00:00
44e3fc79-7504-489b-9826-3a781011092c,fUST,0.00013972,2,1,600.0,offer,2026-09-01T07:47:01.861433+00:00
44e3fc79-7504-489b-9826-3a781011092c,fUST,0.00014067,2,3,453.0,offer,2026-09-01T07:47:01.861433+00:00
44e3fc79-7504-489b-9826-3a781011092c,fUST,0.00014067219178082193,2,157,359466.28053644,offer,2026-09-01T07:47:01.861433+00:00
44e3fc79-7504-489b-9826-3a781011092c,fUST,0.00014068,2,2,351.93998,offer,2026-09-01T07:47:01.861433+00:00
44e3fc79-7504-489b-9826-3a781011092c,fUST,0.00014068219178082193,2,1,50000.0,offer,2026-09-01T07:47:01.861433+00:00
44e3fc79-7504-489b-9826-3a781011092c,fUST,0.000140682688,2,4,38628.62961841,offer,2026-09-01T07:47:01.861433+00:00
44e3fc79-7504-489b-9826-3a781011092c,fUST,0.00014069315068493152,2,5,4577.87968183,offer,2026-09-01T07:47:01.861433+00:00
44e3fc79-7504-489b-9826-3a781011092c,fUST,0.000140702688,2,1,4078.970234,offer,2026-09-01T07:47:01.861433+00:00
44e3fc79-7504-489b-9826-3a781011092c,fUST,0.00014137,2,31,34636.819579,offer,2026-09-01T07:47:01.861433+00:00
44e3fc79-7504-489b-9826-3a781011092c,fUST,0.0001413839,2,1,8547.2290269,offer,2026-09-01T07:47:01.861433+00:00
44e3fc79-7504-489b-9826-3a781011092c,fUST,0.0001417764,2,1,1493.07628132,offer,2026-09-01T07:47:01.861433+00:00
44e3fc79-7504-489b-9826-3a781011092c,fUST,0.0001434856356164384,4,1,265.12809351,offer,2026-09-01T07:47:01.861433+00:00
44e3fc79-7504-489b-9826-3a781011092c,fUST,0.0001434856356164384,3,1,350.25612171,offer,2026-09-01T07:47:01.861433+00:00
44e3fc79-7504-489b-9826-3a781011092c,fUST,0.00014349634176,3,1,332.86528956,offer,2026-09-01T07:47:01.861433+00:00
44e3fc79-7504-489b-9826-3a781011092c,fUST,0.0001436828436,2,1,219.370996,offer,2026-09-01T07:47:01.861433+00:00
44e3fc79-7504-489b-9826-3a781011092c,fUST,0.00014635534832876715,5,1,350.25612171,offer,2026-09-01T07:47:01.861433+00:00
9c7e48a4-f2d3-4f98-a203-853153f587df,fUST,0.0002671232876712329,120,1,-2781549.87179414,demand,2026-09-01T08:47:01.889679+00:00
9c7e48a4-f2d3-4f98-a203-853153f587df,fUST,0.000267123287,120,1,-243.95,demand,2026-09-01T08:47:01.889679+00:00
9c7e48a4-f2d3-4f98-a203-853153f587df,fUST,0.000249652054,120,1,-1000.0,demand,2026-09-01T08:47:01.889679+00:00
9c7e48a4-f2d3-4f98-a203-853153f587df,fUST,0.000249589041,120,1,-1000.0,demand,2026-09-01T08:47:01.889679+00:00
9c7e48a4-f2d3-4f98-a203-853153f587df,fUST,0.000247980821,120,1,-56568.59382046,demand,2026-09-01T08:47:01.889679+00:00
9c7e48a4-f2d3-4f98-a203-853153f587df,fUST,0.00023972328767123287,120,1,-3148383.98392964,demand,2026-09-01T08:47:01.889679+00:00
9c7e48a4-f2d3-4f98-a203-853153f587df,fUST,0.00016,120,1,-2000.0,demand,2026-09-01T08:47:01.889679+00:00
9c7e48a4-f2d3-4f98-a203-853153f587df,fUST,0.00016,60,18,-401887.3851215,demand,2026-09-01T08:47:01.889679+00:00
9c7e48a4-f2d3-4f98-a203-853153f587df,fUST,0.00015,90,1,-2000.0,demand,2026-09-01T08:47:01.889679+00:00
9c7e48a4-f2d3-4f98-a203-853153f587df,fUST,0.00015,120,1,-300000.0,demand,2026-09-01T08:47:01.889679+00:00
9c7e48a4-f2d3-4f98-a203-853153f587df,fUST,0.00015,45,3,-13845.272985,demand,2026-09-01T08:47:01.889679+00:00
9c7e48a4-f2d3-4f98-a203-853153f587df,fUST,0.00015,60,1,-28000.0,demand,2026-09-01T08:47:01.889679+00:00
9c7e48a4-f2d3-4f98-a203-853153f587df,fUST,0.00015,30,10,-28818.0,demand,2026-09-01T08:47:01.889679+00:00
9c7e48a4-f2d3-4f98-a203-853153f587df,fUST,0.000148,30,4,-20000.0,demand,2026-09-01T08:47:01.889679+00:00
9c7e48a4-f2d3-4f98-a203-853153f587df,fUST,0.0001421,45,9,-80000.0,demand,2026-09-01T08:47:01.889679+00:00
9c7e48a4-f2d3-4f98-a203-853153f587df,fUST,0.000142,45,2,-20000.0,demand,2026-09-01T08:47:01.889679+00:00
9c7e48a4-f2d3-4f98-a203-853153f587df,fUST,0.0001403129,2,1,-500.0,demand,2026-09-01T08:47:01.889679+00:00
9c7e48a4-f2d3-4f98-a203-853153f587df,fUST,0.0001401,30,11,-147973.68632078,demand,2026-09-01T08:47:01.889679+00:00
9c7e48a4-f2d3-4f98-a203-853153f587df,fUST,0.00014000000000000001,30,1,-28000.0,demand,2026-09-01T08:47:01.889679+00:00
9c7e48a4-f2d3-4f98-a203-853153f587df,fUST,0.000138,20,6,-49626.52669917,demand,2026-09-01T08:47:01.889679+00:00
9c7e48a4-f2d3-4f98-a203-853153f587df,fUST,0.000136,30,3,-19544.22120933,demand,2026-09-01T08:47:01.889679+00:00
9c7e48a4-f2d3-4f98-a203-853153f587df,fUST,0.00012996895085059994,2,1,-397.75204252,demand,2026-09-01T08:47:01.889679+00:00
9c7e48a4-f2d3-4f98-a203-853153f587df,fUST,0.00012986913035937497,2,1,-500.0,demand,2026-09-01T08:47:01.889679+00:00
9c7e48a4-f2d3-4f98-a203-853153f587df,fUST,0.00012985913035937498,2,1,-500.0,demand,2026-09-01T08:47:01.889679+00:00
9c7e48a4-f2d3-4f98-a203-853153f587df,fUST,0.000128,30,3,-30000.0,demand,2026-09-01T08:47:01.889679+00:00
9c7e48a4-f2d3-4f98-a203-853153f587df,fUST,0.00012985913035937498,2,19,9016.59360643,offer,2026-09-01T08:47:01.889679+00:00
9c7e48a4-f2d3-4f98-a203-853153f587df,fUST,0.00012986913035937497,2,2,701.90967809,offer,2026-09-01T08:47:01.889679+00:00
9c7e48a4-f2d3-4f98-a203-853153f587df,fUST,0.00012987913035937497,2,2,5066.12533289,offer,2026-09-01T08:47:01.889679+00:00
9c7e48a4-f2d3-4f98-a203-853153f587df,fUST,0.00012994794520547945,2,4,37096.4268797,offer,2026-09-01T08:47:01.889679+00:00
9c7e48a4-f2d3-4f98-a203-853153f587df,fUST,0.00012995890410958904,2,1,11503.06170784,offer,2026-09-01T08:47:01.889679+00:00
9c7e48a4-f2d3-4f98-a203-853153f587df,fUST,0.00012996895085059994,2,18,240178.72191002,offer,2026-09-01T08:47:01.889679+00:00
9c7e48a4-f2d3-4f98-a203-853153f587df,fUST,0.0001313753424657534,2,1,500.0,offer,2026-09-01T08:47:01.889679+00:00
9c7e48a4-f2d3-4f98-a203-853153f587df,fUST,0.0001313757,2,1,573.733293,offer,2026-09-01T08:47:01.889679+00:00
9c7e48a4-f2d3-4f98-a203-853153f587df,fUST,0.00013254690410958905,3,3,1851.38737512,offer,2026-09-01T08:47:01.889679+00:00
9c7e48a4-f2d3-4f98-a203-853153f587df,fUST,0.00013255,2,16,5100.0,offer,2026-09-01T08:47:01.889679+00:00
9c7e48a4-f2d3-4f98-a203-853153f587df,fUST,0.000134003214,7,1,635.02124997,offer,2026-09-01T08:47:01.889679+00:00
9c7e48a4-f2d3-4f98-a203-853153f587df,fUST,0.00013411506849315068,2,1,500.0,offer,2026-09-01T08:47:01.889679+00:00
9c7e48a4-f2d3-4f98-a203-853153f587df,fUST,0.0001343647,2,1,189.2,offer,2026-09-01T08:47:01.889679+00:00
9c7e48a4-f2d3-4f98-a203-853153f587df,fUST,0.00013519784219178082,3,1,691.09570707,offer,2026-09-01T08:47:01.889679+00:00
9c7e48a4-f2d3-4f98-a203-853153f587df,fUST,0.00013685479452054796,2,1,509.5957615,offer,2026-09-01T08:47:01.889679+00:00
9c7e48a4-f2d3-4f98-a203-853153f587df,fUST,0.00013697,2,1,244.87,offer,2026-09-01T08:47:01.889679+00:00
9c7e48a4-f2d3-4f98-a203-853153f587df,fUST,0.00013698,2,3,1593.26347151,offer,2026-09-01T08:47:01.889679+00:00
9c7e48a4-f2d3-4f98-a203-853153f587df,fUST,0.000136986301369863,2,4,1788.361193,offer,2026-09-01T08:47:01.889679+00:00
9c7e48a4-f2d3-4f98-a203-853153f587df,fUST,0.0001369864,2,1,443.82233202,offer,2026-09-01T08:47:01.889679+00:00
9c7e48a4-f2d3-4f98-a203-853153f587df,fUST,0.00013790179903561643,4,1,691.09570707,offer,2026-09-01T08:47:01.889679+00:00
9c7e48a4-f2d3-4f98-a203-853153f587df,fUST,0.00013794448500000002,7,2,910.19446712,offer,2026-09-01T08:47:01.889679+00:00
9c7e48a4-f2d3-4f98-a203-853153f587df,fUST,0.0001403129,2,1,339.89685344,offer,2026-09-01T08:47:01.889679+00:00
9c7e48a4-f2d3-4f98-a203-853153f587df,fUST,0.00014063,2,6,906.0,offer,2026-09-01T08:47:01.889679+00:00
9c7e48a4-f2d3-4f98-a203-853153f587df,fUST,0.00014064,2,1,270.87457841,offer,2026-09-01T08:47:01.889679+00:00
9c7e48a4-f2d3-4f98-a203-853153f587df,fUST,0.00014065,2,1,151.0,offer,2026-09-01T08:47:01.889679+00:00
66a00703-4fb9-41a9-a4a2-78cf9712f408,fUST,0.0002671232876712329,120,1,-2781081.36179414,demand,2026-09-01T09:47:02.111910+00:00
66a00703-4fb9-41a9-a4a2-78cf9712f408,fUST,0.000267123287,120,1,-243.95,demand,2026-09-01T09:47:02.111910+00:00
66a00703-4fb9-41a9-a4a2-78cf9712f408,fUST,0.000249652054,120,1,-1000.0,demand,2026-09-01T09:47:02.111910+00:00
66a00703-4fb9-41a9-a4a2-78cf9712f408,fUST,0.000249589041,120,1,-1000.0,demand,2026-09-01T09:47:02.111910+00:00
66a00703-4fb9-41a9-a4a2-78cf9712f408,fUST,0.000247980821,120,1,-56568.59382046,demand,2026-09-01T09:47:02.111910+00:00
66a00703-4fb9-41a9-a4a2-78cf9712f408,fUST,0.00023937260273972603,120,1,-3085862.91758698,demand,2026-09-01T09:47:02.111910+00:00
66a00703-4fb9-41a9-a4a2-78cf9712f408,fUST,0.00016,120,1,-2000.0,demand,2026-09-01T09:47:02.111910+00:00
66a00703-4fb9-41a9-a4a2-78cf9712f408,fUST,0.00016,60,18,-401887.3851215,demand,2026-09-01T09:47:02.111910+00:00
66a00703-4fb9-41a9-a4a2-78cf9712f408,fUST,0.000152,60,1,-28000.0,demand,2026-09-01T09:47:02.111910+00:00
66a00703-4fb9-41a9-a4a2-78cf9712f408,fUST,0.00015010000000000002,30,1,-28000.0,demand,2026-09-01T09:47:02.111910+00:00
66a00703-4fb9-41a9-a4a2-78cf9712f408,fUST,0.00015,90,1,-2000.0,demand,2026-09-01T09:47:02.111910+00:00
66a00703-4fb9-41a9-a4a2-78cf9712f408,fUST,0.00015,120,1,-300000.0,demand,2026-09-01T09:47:02.111910+00:00
66a00703-4fb9-41a9-a4a2-78cf9712f408,fUST,0.00015,45,3,-13845.272985,demand,2026-09-01T09:47:02.111910+00:00
66a00703-4fb9-41a9-a4a2-78cf9712f408,fUST,0.00015,30,10,-28548.06914492,demand,2026-09-01T09:47:02.111910+00:00
66a00703-4fb9-41a9-a4a2-78cf9712f408,fUST,0.000148,30,4,-20000.0,demand,2026-09-01T09:47:02.111910+00:00
66a00703-4fb9-41a9-a4a2-78cf9712f408,fUST,0.0001421,45,9,-80000.0,demand,2026-09-01T09:47:02.111910+00:00
66a00703-4fb9-41a9-a4a2-78cf9712f408,fUST,0.000142,45,2,-20000.0,demand,2026-09-01T09:47:02.111910+00:00
66a00703-4fb9-41a9-a4a2-78cf9712f408,fUST,0.0001401,30,11,-147973.68632078,demand,2026-09-01T09:47:02.111910+00:00
66a00703-4fb9-41a9-a4a2-78cf9712f408,fUST,0.000138,20,6,-49626.52669917,demand,2026-09-01T09:47:02.111910+00:00
66a00703-4fb9-41a9-a4a2-78cf9712f408,fUST,0.000136,30,3,-19544.22120933,demand,2026-09-01T09:47:02.111910+00:00
66a00703-4fb9-41a9-a4a2-78cf9712f408,fUST,0.000128,30,3,-30000.0,demand,2026-09-01T09:47:02.111910+00:00
66a00703-4fb9-41a9-a4a2-78cf9712f408,fUST,0.0001266,13,1,-49013.26228332,demand,2026-09-01T09:47:02.111910+00:00
66a00703-4fb9-41a9-a4a2-78cf9712f408,fUST,0.000126,15,5,-45000.0,demand,2026-09-01T09:47:02.111910+00:00
66a00703-4fb9-41a9-a4a2-78cf9712f408,fUST,0.000125,14,22,-87434.04490168,demand,2026-09-01T09:47:02.111910+00:00
66a00703-4fb9-41a9-a4a2-78cf9712f408,fUST,0.0001225,59,1,-95000.0,demand,2026-09-01T09:47:02.111910+00:00
66a00703-4fb9-41a9-a4a2-78cf9712f408,fUST,0.00014849,2,1,892.24764556,offer,2026-09-01T09:47:02.111910+00:00
66a00703-4fb9-41a9-a4a2-78cf9712f408,fUST,0.00014999,2,2,892.24764556,offer,2026-09-01T09:47:02.111910+00:00
66a00703-4fb9-41a9-a4a2-78cf9712f408,fUST,0.00014999,7,1,315.41999787,offer,2026-09-01T09:47:02.111910+00:00
66a00703-4fb9-41a9-a4a2-78cf9712f408,fUST,0.00016326,2,20,9185.04973694,offer,2026-09-01T09:47:02.111910+00:00
66a00703-4fb9-41a9-a4a2-78cf9712f408,fUST,0.00016328,2,1,261.50867576,offer,2026-09-01T09:47:02.111910+00:00
66a00703-4fb9-41a9-a4a2-78cf9712f408,fUST,0.00016329,2,2,15000.0,offer,2026-09-01T09:47:02.111910+00:00
66a00703-4fb9-41a9-a4a2-78cf9712f408,fUST,0.0001663906,2,2,2073.7633008,offer,2026-09-01T09:47:02.111910+00:00
66a00703-4fb9-41a9-a4a2-78cf9712f408,fUST,0.00016661,2,1,161.22,offer,2026-09-01T09:47:02.111910+00:00
66a00703-4fb9-41a9-a4a2-78cf9712f408,fUST,0.00017,3,1,417.15472785,offer,2026-09-01T09:47:02.111910+00:00
66a00703-4fb9-41a9-a4a2-78cf9712f408,fUST,0.0001780606,2,1,163.200043,offer,2026-09-01T09:47:02.111910+00:00
66a00703-4fb9-41a9-a4a2-78cf9712f408,fUST,0.00018327,2,1,161.22,offer,2026-09-01T09:47:02.111910+00:00
66a00703-4fb9-41a9-a4a2-78cf9712f408,fUST,0.0001834067,2,2,15181.752108,offer,2026-09-01T09:47:02.111910+00:00
66a00703-4fb9-41a9-a4a2-78cf9712f408,fUST,0.00018454246575342465,2,1,183.0430175,offer,2026-09-01T09:47:02.111910+00:00
66a00703-4fb9-41a9-a4a2-78cf9712f408,fUST,0.00018456986301369863,2,1,160.63284573,offer,2026-09-01T09:47:02.111910+00:00
66a00703-4fb9-41a9-a4a2-78cf9712f408,fUST,0.00019,2,14,150635.77700832,offer,2026-09-01T09:47:02.111910+00:00
66a00703-4fb9-41a9-a4a2-78cf9712f408,fUST,0.00019123287671232877,3,1,255.0,offer,2026-09-01T09:47:02.111910+00:00
66a00703-4fb9-41a9-a4a2-78cf9712f408,fUST,0.000193993,2,2,639.0,offer,2026-09-01T09:47:02.111910+00:00
66a00703-4fb9-41a9-a4a2-78cf9712f408,fUST,0.00019544499999999998,60,1,255.3041514,offer,2026-09-01T09:47:02.111910+00:00
66a00703-4fb9-41a9-a4a2-78cf9712f408,fUST,0.00019593158764117104,2,1,220.89645736,offer,2026-09-01T09:47:02.111910+00:00
66a00703-4fb9-41a9-a4a2-78cf9712f408,fUST,0.00019598857680711273,2,2,577.15472785,offer,2026-09-01T09:47:02.111910+00:00
66a00703-4fb9-41a9-a4a2-78cf9712f408,fUST,0.00019626,2,1,314.459,offer,2026-09-01T09:47:02.111910+00:00
66a00703-4fb9-41a9-a4a2-78cf9712f408,fUST,0.00019812332393565057,2,1,313.61059079,offer,2026-09-01T09:47:02.111910+00:00
66a00703-4fb9-41a9-a4a2-78cf9712f408,fUST,0.00019846575343,2,2,643.9610417,offer,2026-09-01T09:47:02.111910+00:00
66a00703-4fb9-41a9-a4a2-78cf9712f408,fUST,0.00019847,3,1,300.0,offer,2026-09-01T09:47:02.111910+00:00
66a00703-4fb9-41a9-a4a2-78cf9712f408,fUST,0.00019993,2,1,161.22,offer,2026-09-01T09:47:02.111910+00:00
2c8c5bc9-f9df-40a2-b0b6-2e99493747ed,fUST,0.0002671232876712329,120,1,-2781081.36179414,demand,2026-09-01T10:47:01.959160+00:00
2c8c5bc9-f9df-40a2-b0b6-2e99493747ed,fUST,0.000267123287,120,1,-243.95,demand,2026-09-01T10:47:01.959160+00:00
2c8c5bc9-f9df-40a2-b0b6-2e99493747ed,fUST,0.000249652054,120,1,-1000.0,demand,2026-09-01T10:47:01.959160+00:00
2c8c5bc9-f9df-40a2-b0b6-2e99493747ed,fUST,0.000249589041,120,1,-1000.0,demand,2026-09-01T10:47:01.959160+00:00
2c8c5bc9-f9df-40a2-b0b6-2e99493747ed,fUST,0.000247980821,120,1,-56568.59382046,demand,2026-09-01T10:47:01.959160+00:00
2c8c5bc9-f9df-40a2-b0b6-2e99493747ed,fUST,0.0002395095890410959,120,1,-3043210.85058824,demand,2026-09-01T10:47:01.959160+00:00
2c8c5bc9-f9df-40a2-b0b6-2e99493747ed,fUST,0.00016,120,1,-2000.0,demand,2026-09-01T10:47:01.959160+00:00
2c8c5bc9-f9df-40a2-b0b6-2e99493747ed,fUST,0.00016,60,18,-401887.3851215,demand,2026-09-01T10:47:01.959160+00:00
2c8c5bc9-f9df-40a2-b0b6-2e99493747ed,fUST,0.000152,60,1,-28000.0,demand,2026-09-01T10:47:01.959160+00:00
2c8c5bc9-f9df-40a2-b0b6-2e99493747ed,fUST,0.00015010000000000002,30,1,-28000.0,demand,2026-09-01T10:47:01.959160+00:00
2c8c5bc9-f9df-40a2-b0b6-2e99493747ed,fUST,0.00015,90,1,-2000.0,demand,2026-09-01T10:47:01.959160+00:00
2c8c5bc9-f9df-40a2-b0b6-2e99493747ed,fUST,0.00015,120,1,-300000.0,demand,2026-09-01T10:47:01.959160+00:00
2c8c5bc9-f9df-40a2-b0b6-2e99493747ed,fUST,0.00015,45,3,-13845.272985,demand,2026-09-01T10:47:01.959160+00:00
2c8c5bc9-f9df-40a2-b0b6-2e99493747ed,fUST,0.00015,30,10,-28548.06914492,demand,2026-09-01T10:47:01.959160+00:00
2c8c5bc9-f9df-40a2-b0b6-2e99493747ed,fUST,0.000148,30,4,-20000.0,demand,2026-09-01T10:47:01.959160+00:00
2c8c5bc9-f9df-40a2-b0b6-2e99493747ed,fUST,0.0001421,45,9,-80000.0,demand,2026-09-01T10:47:01.959160+00:00
2c8c5bc9-f9df-40a2-b0b6-2e99493747ed,fUST,0.000142,45,2,-20000.0,demand,2026-09-01T10:47:01.959160+00:00
2c8c5bc9-f9df-40a2-b0b6-2e99493747ed,fUST,0.0001401,30,11,-147973.68632078,demand,2026-09-01T10:47:01.959160+00:00
2c8c5bc9-f9df-40a2-b0b6-2e99493747ed,fUST,0.000138,20,6,-49626.52669917,demand,2026-09-01T10:47:01.959160+00:00
2c8c5bc9-f9df-40a2-b0b6-2e99493747ed,fUST,0.000136,30,3,-19544.22120933,demand,2026-09-01T10:47:01.959160+00:00
2c8c5bc9-f9df-40a2-b0b6-2e99493747ed,fUST,0.000128,30,3,-30000.0,demand,2026-09-01T10:47:01.959160+00:00
2c8c5bc9-f9df-40a2-b0b6-2e99493747ed,fUST,0.0001266,13,1,-49013.26228332,demand,2026-09-01T10:47:01.959160+00:00
2c8c5bc9-f9df-40a2-b0b6-2e99493747ed,fUST,0.000126,15,5,-45000.0,demand,2026-09-01T10:47:01.959160+00:00
2c8c5bc9-f9df-40a2-b0b6-2e99493747ed,fUST,0.000125,14,22,-87434.04490168,demand,2026-09-01T10:47:01.959160+00:00
2c8c5bc9-f9df-40a2-b0b6-2e99493747ed,fUST,0.0001225,59,1,-95000.0,demand,2026-09-01T10:47:01.959160+00:00
2c8c5bc9-f9df-40a2-b0b6-2e99493747ed,fUST,0.00011933,2,1,303.74784,offer,2026-09-01T10:47:01.959160+00:00
2c8c5bc9-f9df-40a2-b0b6-2e99493747ed,fUST,0.0001217536,2,1,303.74784,offer,2026-09-01T10:47:01.959160+00:00
2c8c5bc9-f9df-40a2-b0b6-2e99493747ed,fUST,0.00012273,2,7,3021.68784089,offer,2026-09-01T10:47:01.959160+00:00
2c8c5bc9-f9df-40a2-b0b6-2e99493747ed,fUST,0.00012273972602739726,2,1,2028.94955867,offer,2026-09-01T10:47:01.959160+00:00
2c8c5bc9-f9df-40a2-b0b6-2e99493747ed,fUST,0.00012274,2,15,4500.0,offer,2026-09-01T10:47:01.959160+00:00
2c8c5bc9-f9df-40a2-b0b6-2e99493747ed,fUST,0.0001241083,2,1,198.110859,offer,2026-09-01T10:47:01.959160+00:00
2c8c5bc9-f9df-40a2-b0b6-2e99493747ed,fUST,0.0001247749,2,1,1224.7797873,offer,2026-09-01T10:47:01.959160+00:00
2c8c5bc9-f9df-40a2-b0b6-2e99493747ed,fUST,0.00012518,2,1,600.0,offer,2026-09-01T10:47:01.959160+00:00
2c8c5bc9-f9df-40a2-b0b6-2e99493747ed,fUST,0.00012744,7,1,315.78239787,offer,2026-09-01T10:47:01.959160+00:00
2c8c5bc9-f9df-40a2-b0b6-2e99493747ed,fUST,0.000130105,2,1,10431.3035253,offer,2026-09-01T10:47:01.959160+00:00
2c8c5bc9-f9df-40a2-b0b6-2e99493747ed,fUST,0.0001335090708,2,1,270.786294,offer,2026-09-01T10:47:01.959160+00:00
2c8c5bc9-f9df-40a2-b0b6-2e99493747ed,fUST,0.000136986301369863,2,3,4242.5665979,offer,2026-09-01T10:47:01.959160+00:00
2c8c5bc9-f9df-40a2-b0b6-2e99493747ed,fUST,0.0001377,2,1,720.0,offer,2026-09-01T10:47:01.959160+00:00
2c8c5bc9-f9df-40a2-b0b6-2e99493747ed,fUST,0.00013912934477260274,2,1,270.786294,offer,2026-09-01T10:47:01.959160+00:00
2c8c5bc9-f9df-40a2-b0b6-2e99493747ed,fUST,0.00014474961874520547,2,1,270.786294,offer,2026-09-01T10:47:01.959160+00:00
2c8c5bc9-f9df-40a2-b0b6-2e99493747ed,fUST,0.00014657534246575343,2,1,233.204408,offer,2026-09-01T10:47:01.959160+00:00
2c8c5bc9-f9df-40a2-b0b6-2e99493747ed,fUST,0.00014715,2,1,169.1269632,offer,2026-09-01T10:47:01.959160+00:00
2c8c5bc9-f9df-40a2-b0b6-2e99493747ed,fUST,0.00014998,2,11,156659.69313956,offer,2026-09-01T10:47:01.959160+00:00
2c8c5bc9-f9df-40a2-b0b6-2e99493747ed,fUST,0.00014999,2,3,1285.92437681,offer,2026-09-01T10:47:01.959160+00:00
2c8c5bc9-f9df-40a2-b0b6-2e99493747ed,fUST,0.00015013,7,1,355.0,offer,2026-09-01T10:47:01.959160+00:00
2c8c5bc9-f9df-40a2-b0b6-2e99493747ed,fUST,0.00015036989271780823,2,1,270.786294,offer,2026-09-01T10:47:01.959160+00:00
2c8c5bc9-f9df-40a2-b0b6-2e99493747ed,fUST,0.00015068493150684933,2,1,159.8538605,offer,2026-09-01T10:47:01.959160+00:00
2c8c5bc9-f9df-40a2-b0b6-2e99493747ed,fUST,0.00015147,2,1,864.0,offer,2026-09-01T10:47:01.959160+00:00
2c8c5bc9-f9df-40a2-b0b6-2e99493747ed,fUST,0.00015287,7,1,355.0,offer,2026-09-01T10:47:01.959160+00:00
2c8c5bc9-f9df-40a2-b0b6-2e99493747ed,fUST,0.00015514,2,30,365085.51355065,offer,2026-09-01T10:47:01.959160+00:00
ab7dbabc-8551-4571-af7c-a5e1e0440c81,fUST,0.0002671232876712329,120,1,-2781081.36179414,demand,2026-09-01T11:47:02.108960+00:00
ab7dbabc-8551-4571-af7c-a5e1e0440c81,fUST,0.000267123287,120,1,-243.95,demand,2026-09-01T11:47:02.108960+00:00
ab7dbabc-8551-4571-af7c-a5e1e0440c81,fUST,0.000249652054,120,1,-1000.0,demand,2026-09-01T11:47:02.108960+00:00
ab7dbabc-8551-4571-af7c-a5e1e0440c81,fUST,0.000249589041,120,1,-1000.0,demand,2026-09-01T11:47:02.108960+00:00
ab7dbabc-8551-4571-af7c-a5e1e0440c81,fUST,0.000247980821,120,1,-56568.59382046,demand,2026-09-01T11:47:02.108960+00:00
ab7dbabc-8551-4571-af7c-a5e1e0440c81,fUST,0.0002395780821917808,120,1,-3042388.91729574,demand,2026-09-01T11:47:02.108960+00:00
ab7dbabc-8551-4571-af7c-a5e1e0440c81,fUST,0.00016,120,1,-2000.0,demand,2026-09-01T11:47:02.108960+00:00
ab7dbabc-8551-4571-af7c-a5e1e0440c81,fUST,0.00016,60,18,-401887.3851215,demand,2026-09-01T11:47:02.108960+00:00
ab7dbabc-8551-4571-af7c-a5e1e0440c81,fUST,0.000152,60,1,-28000.0,demand,2026-09-01T11:47:02.108960+00:00
ab7dbabc-8551-4571-af7c-a5e1e0440c81,fUST,0.00015010000000000002,30,1,-28000.0,demand,2026-09-01T11:47:02.108960+00:00
ab7dbabc-8551-4571-af7c-a5e1e0440c81,fUST,0.00015,90,1,-2000.0,demand,2026-09-01T11:47:02.108960+00:00
ab7dbabc-8551-4571-af7c-a5e1e0440c81,fUST,0.00015,120,1,-300000.0,demand,2026-09-01T11:47:02.108960+00:00
ab7dbabc-8551-4571-af7c-a5e1e0440c81,fUST,0.00015,45,3,-13845.272985,demand,2026-09-01T11:47:02.108960+00:00
ab7dbabc-8551-4571-af7c-a5e1e0440c81,fUST,0.00015,30,10,-28548.06914492,demand,2026-09-01T11:47:02.108960+00:00
ab7dbabc-8551-4571-af7c-a5e1e0440c81,fUST,0.000148,30,4,-20000.0,demand,2026-09-01T11:47:02.108960+00:00
ab7dbabc-8551-4571-af7c-a5e1e0440c81,fUST,0.0001421,45,9,-80000.0,demand,2026-09-01T11:47:02.108960+00:00
ab7dbabc-8551-4571-af7c-a5e1e0440c81,fUST,0.000142,45,2,-20000.0,demand,2026-09-01T11:47:02.108960+00:00
ab7dbabc-8551-4571-af7c-a5e1e0440c81,fUST,0.0001406194520547945,2,10,-112874.06067215,demand,2026-09-01T11:47:02.108960+00:00
ab7dbabc-8551-4571-af7c-a5e1e0440c81,fUST,0.0001401,30,11,-147973.68632078,demand,2026-09-01T11:47:02.108960+00:00
ab7dbabc-8551-4571-af7c-a5e1e0440c81,fUST,0.000138,20,6,-49626.52669917,demand,2026-09-01T11:47:02.108960+00:00
ab7dbabc-8551-4571-af7c-a5e1e0440c81,fUST,0.000136,30,3,-19544.22120933,demand,2026-09-01T11:47:02.108960+00:00
ab7dbabc-8551-4571-af7c-a5e1e0440c81,fUST,0.000128,30,3,-30000.0,demand,2026-09-01T11:47:02.108960+00:00
ab7dbabc-8551-4571-af7c-a5e1e0440c81,fUST,0.000126599999,13,1,-149013.26228332,demand,2026-09-01T11:47:02.108960+00:00
ab7dbabc-8551-4571-af7c-a5e1e0440c81,fUST,0.000126,15,5,-45000.0,demand,2026-09-01T11:47:02.108960+00:00
ab7dbabc-8551-4571-af7c-a5e1e0440c81,fUST,0.000125,14,22,-87434.04490168,demand,2026-09-01T11:47:02.108960+00:00
ab7dbabc-8551-4571-af7c-a5e1e0440c81,fUST,0.0001177,7,1,161.43821426,offer,2026-09-01T11:47:02.108960+00:00
ab7dbabc-8551-4571-af7c-a5e1e0440c81,fUST,0.0001197195,2,7,3204.22132896,offer,2026-09-01T11:47:02.108960+00:00
ab7dbabc-8551-4571-af7c-a5e1e0440c81,fUST,0.0001197295,2,1,13340.1338374,offer,2026-09-01T11:47:02.108960+00:00
ab7dbabc-8551-4571-af7c-a5e1e0440c81,fUST,0.00012004,2,16,5100.0,offer,2026-09-01T11:47:02.108960+00:00
ab7dbabc-8551-4571-af7c-a5e1e0440c81,fUST,0.000120054,7,2,601.57703899,offer,2026-09-01T11:47:02.108960+00:00
ab7dbabc-8551-4571-af7c-a5e1e0440c81,fUST,0.0001205628,2,1,404.3464751,offer,2026-09-01T11:47:02.108960+00:00
ab7dbabc-8551-4571-af7c-a5e1e0440c81,fUST,0.0001214719,2,2,2179.981032,offer,2026-09-01T11:47:02.108960+00:00
ab7dbabc-8551-4571-af7c-a5e1e0440c81,fUST,0.000123585,7,2,601.57703899,offer,2026-09-01T11:47:02.108960+00:00
ab7dbabc-8551-4571-af7c-a5e1e0440c81,fUST,0.000127116,7,2,601.57703899,offer,2026-09-01T11:47:02.108960+00:00
ab7dbabc-8551-4571-af7c-a5e1e0440c81,fUST,0.0001311025635,2,1,995.494913,offer,2026-09-01T11:47:02.108960+00:00
ab7dbabc-8551-4571-af7c-a5e1e0440c81,fUST,0.000131824,7,2,601.57703904,offer,2026-09-01T11:47:02.108960+00:00
ab7dbabc-8551-4571-af7c-a5e1e0440c81,fUST,0.00013205,2,1,720.0,offer,2026-09-01T11:47:02.108960+00:00
ab7dbabc-8551-4571-af7c-a5e1e0440c81,fUST,0.00013365205479452054,14,1,318.10040508,offer,2026-09-01T11:47:02.108960+00:00
ab7dbabc-8551-4571-af7c-a5e1e0440c81,fUST,0.00013662146760958904,2,1,995.494913,offer,2026-09-01T11:47:02.108960+00:00
ab7dbabc-8551-4571-af7c-a5e1e0440c81,fUST,0.00013687,2,1,450.73481397,offer,2026-09-01T11:47:02.108960+00:00
ab7dbabc-8551-4571-af7c-a5e1e0440c81,fUST,0.00013696986301369864,2,1,500.0,offer,2026-09-01T11:47:02.108960+00:00
ab7dbabc-8551-4571-af7c-a5e1e0440c81,fUST,0.00013697,2,38,226647.98897853,offer,2026-09-01T11:47:02.108960+00:00
ab7dbabc-8551-4571-af7c-a5e1e0440c81,fUST,0.00013698,2,36,283421.81110575,offer,2026-09-01T11:47:02.108960+00:00
ab7dbabc-8551-4571-af7c-a5e1e0440c81,fUST,0.0001369801,2,3,1519.93,offer,2026-09-01T11:47:02.108960+00:00
ab7dbabc-8551-4571-af7c-a5e1e0440c81,fUST,0.000136986301369863,2,24,6065.7084584,offer,2026-09-01T11:47:02.108960+00:00
ab7dbabc-8551-4571-af7c-a5e1e0440c81,fUST,0.00013893264000000002,7,2,540.39826363,offer,2026-09-01T11:47:02.108960+00:00
ab7dbabc-8551-4571-af7c-a5e1e0440c81,fUST,0.00013970940000000001,3,1,700.65138604,offer,2026-09-01T11:47:02.108960+00:00
ab7dbabc-8551-4571-af7c-a5e1e0440c81,fUST,0.00014007366196168493,2,1,454.18381825,offer,2026-09-01T11:47:02.108960+00:00
ab7dbabc-8551-4571-af7c-a5e1e0440c81,fUST,0.0001406194520547945,2,2,10000.0,offer,2026-09-01T11:47:02.108960+00:00
ab7dbabc-8551-4571-af7c-a5e1e0440c81,fUST,0.00014198,2,1,195.12266256,offer,2026-09-01T11:47:02.108960+00:00
9ce1a486-a163-48ea-a5c8-d195fb2ef599,fUST,0.0002671232876712329,120,1,-2769789.05206748,demand,2026-09-01T12:47:02.235947+00:00
9ce1a486-a163-48ea-a5c8-d195fb2ef599,fUST,0.000267123287,120,1,-243.95,demand,2026-09-01T12:47:02.235947+00:00
9ce1a486-a163-48ea-a5c8-d195fb2ef599,fUST,0.000249652054,120,1,-1000.0,demand,2026-09-01T12:47:02.235947+00:00
9ce1a486-a163-48ea-a5c8-d195fb2ef599,fUST,0.000249589041,120,1,-1000.0,demand,2026-09-01T12:47:02.235947+00:00
9ce1a486-a163-48ea-a5c8-d195fb2ef599,fUST,0.000247980821,120,1,-56568.59382046,demand,2026-09-01T12:47:02.235947+00:00
9ce1a486-a163-48ea-a5c8-d195fb2ef599,fUST,0.00023953424657534246,120,1,-3040866.08816806,demand,2026-09-01T12:47:02.235947+00:00
9ce1a486-a163-48ea-a5c8-d195fb2ef599,fUST,0.00016,120,1,-2000.0,demand,2026-09-01T12:47:02.235947+00:00
9ce1a486-a163-48ea-a5c8-d195fb2ef599,fUST,0.00016,60,18,-401887.3851215,demand,2026-09-01T12:47:02.235947+00:00
9ce1a486-a163-48ea-a5c8-d195fb2ef599,fUST,0.000152,60,1,-28000.0,demand,2026-09-01T12:47:02.235947+00:00
9ce1a486-a163-48ea-a5c8-d195fb2ef599,fUST,0.00015010000000000002,30,1,-28000.0,demand,2026-09-01T12:47:02.235947+00:00
9ce1a486-a163-48ea-a5c8-d195fb2ef599,fUST,0.00015,90,1,-2000.0,demand,2026-09-01T12:47:02.235947+00:00
9ce1a486-a163-48ea-a5c8-d195fb2ef599,fUST,0.00015,120,1,-300000.0,demand,2026-09-01T12:47:02.235947+00:00
9ce1a486-a163-48ea-a5c8-d195fb2ef599,fUST,0.00015,45,3,-13845.272985,demand,2026-09-01T12:47:02.235947+00:00
9ce1a486-a163-48ea-a5c8-d195fb2ef599,fUST,0.00015,30,10,-28548.06914492,demand,2026-09-01T12:47:02.235947+00:00
9ce1a486-a163-48ea-a5c8-d195fb2ef599,fUST,0.000148,30,4,-20000.0,demand,2026-09-01T12:47:02.235947+00:00
9ce1a486-a163-48ea-a5c8-d195fb2ef599,fUST,0.0001421,45,9,-80000.0,demand,2026-09-01T12:47:02.235947+00:00
9ce1a486-a163-48ea-a5c8-d195fb2ef599,fUST,0.000142,45,2,-20000.0,demand,2026-09-01T12:47:02.235947+00:00
9ce1a486-a163-48ea-a5c8-d195fb2ef599,fUST,0.0001401,30,11,-147973.68632078,demand,2026-09-01T12:47:02.235947+00:00
9ce1a486-a163-48ea-a5c8-d195fb2ef599,fUST,0.000138,20,6,-49626.52669917,demand,2026-09-01T12:47:02.235947+00:00
9ce1a486-a163-48ea-a5c8-d195fb2ef599,fUST,0.000136,30,3,-19544.22120933,demand,2026-09-01T12:47:02.235947+00:00
9ce1a486-a163-48ea-a5c8-d195fb2ef599,fUST,0.000128,30,3,-30000.0,demand,2026-09-01T12:47:02.235947+00:00
9ce1a486-a163-48ea-a5c8-d195fb2ef599,fUST,0.000126599999,13,1,-113736.32424416,demand,2026-09-01T12:47:02.235947+00:00
9ce1a486-a163-48ea-a5c8-d195fb2ef599,fUST,0.000126,15,5,-45000.0,demand,2026-09-01T12:47:02.235947+00:00
9ce1a486-a163-48ea-a5c8-d195fb2ef599,fUST,0.000125,14,22,-87434.04490168,demand,2026-09-01T12:47:02.235947+00:00
9ce1a486-a163-48ea-a5c8-d195fb2ef599,fUST,0.0001225,59,1,-95000.0,demand,2026-09-01T12:47:02.235947+00:00
9ce1a486-a163-48ea-a5c8-d195fb2ef599,fUST,0.00012686241529105127,2,1,160.0,offer,2026-09-01T12:47:02.235947+00:00
9ce1a486-a163-48ea-a5c8-d195fb2ef599,fUST,0.00012687933970460474,2,7,3066.58202353,offer,2026-09-01T12:47:02.235947+00:00
9ce1a486-a163-48ea-a5c8-d195fb2ef599,fUST,0.0001294913698630137,2,1,164.07304481,offer,2026-09-01T12:47:02.235947+00:00
9ce1a486-a163-48ea-a5c8-d195fb2ef599,fUST,0.0001295,2,6,1800.0,offer,2026-09-01T12:47:02.235947+00:00
9ce1a486-a163-48ea-a5c8-d195fb2ef599,fUST,0.0001295013698630137,2,1,14115.60806427,offer,2026-09-01T12:47:02.235947+00:00
9ce1a486-a163-48ea-a5c8-d195fb2ef599,fUST,0.00013698,2,4,1694.19532428,offer,2026-09-01T12:47:02.235947+00:00
9ce1a486-a163-48ea-a5c8-d195fb2ef599,fUST,0.00013948,2,5,2296.87751013,offer,2026-09-01T12:47:02.235947+00:00
9ce1a486-a163-48ea-a5c8-d195fb2ef599,fUST,0.000140616,2,1,854.26755018,offer,2026-09-01T12:47:02.235947+00:00
9ce1a486-a163-48ea-a5c8-d195fb2ef599,fUST,0.000142386,2,1,193.95923954,offer,2026-09-01T12:47:02.235947+00:00
9ce1a486-a163-48ea-a5c8-d195fb2ef599,fUST,0.000147866,2,1,193.95923954,offer,2026-09-01T12:47:02.235947+00:00
9ce1a486-a163-48ea-a5c8-d195fb2ef599,fUST,0.00015068493150684933,2,1,167.405449,offer,2026-09-01T12:47:02.235947+00:00
9ce1a486-a163-48ea-a5c8-d195fb2ef599,fUST,0.0001520641,2,1,411.055834,offer,2026-09-01T12:47:02.235947+00:00
9ce1a486-a163-48ea-a5c8-d195fb2ef599,fUST,0.0001522708,2,1,366.82,offer,2026-09-01T12:47:02.235947+00:00
9ce1a486-a163-48ea-a5c8-d195fb2ef599,fUST,0.00015334599999999998,2,1,193.95923954,offer,2026-09-01T12:47:02.235947+00:00
9ce1a486-a163-48ea-a5c8-d195fb2ef599,fUST,0.0001536553,2,1,227.3932431,offer,2026-09-01T12:47:02.235947+00:00
9ce1a486-a163-48ea-a5c8-d195fb2ef599,fUST,0.00015397,2,1,500.0,offer,2026-09-01T12:47:02.235947+00:00
9ce1a486-a163-48ea-a5c8-d195fb2ef599,fUST,0.00015882600000000001,2,1,193.95923954,offer,2026-09-01T12:47:02.235947+00:00
9ce1a486-a163-48ea-a5c8-d195fb2ef599,fUST,0.0001604374128,2,1,1167.9637277,offer,2026-09-01T12:47:02.235947+00:00
9ce1a486-a163-48ea-a5c8-d195fb2ef599,fUST,0.000164306,2,1,193.95923954,offer,2026-09-01T12:47:02.235947+00:00
9ce1a486-a163-48ea-a5c8-d195fb2ef599,fUST,0.0001650905,2,1,275.6267508,offer,2026-09-01T12:47:02.235947+00:00
9ce1a486-a163-48ea-a5c8-d195fb2ef599,fUST,0.00016753805136986302,2,2,343.86797433,offer,2026-09-01T12:47:02.235947+00:00
9ce1a486-a163-48ea-a5c8-d195fb2ef599,fUST,0.00016761,2,1,453.84309523,offer,2026-09-01T12:47:02.235947+00:00
9ce1a486-a163-48ea-a5c8-d195fb2ef599,fUST,0.0001697232474,2,1,298.377582,offer,2026-09-01T12:47:02.235947+00:00
9ce1a486-a163-48ea-a5c8-d195fb2ef599,fUST,0.000169786,2,1,193.95923954,offer,2026-09-01T12:47:02.235947+00:00
9ce1a486-a163-48ea-a5c8-d195fb2ef599,fUST,0.00017526599999999999,2,1,193.95923954,offer,2026-09-01T12:47:02.235947+00:00
a6b358e9-1d59-406e-a8db-ae25a84d009d,fUST,0.000270996,2,1,-150.0,demand,2026-09-01T13:47:02.228075+00:00
a6b358e9-1d59-406e-a8db-ae25a84d009d,fUST,0.0002671232876712329,120,1,-2769100.29687084,demand,2026-09-01T13:47:02.228075+00:00
a6b358e9-1d59-406e-a8db-ae25a84d009d,fUST,0.000267123287,120,1,-243.95,demand,2026-09-01T13:47:02.228075+00:00
a6b358e9-1d59-406e-a8db-ae25a84d009d,fUST,0.000249652054,120,1,-1000.0,demand,2026-09-01T13:47:02.228075+00:00
a6b358e9-1d59-406e-a8db-ae25a84d009d,fUST,0.000249589041,120,1,-1000.0,demand,2026-09-01T13:47:02.228075+00:00
a6b358e9-1d59-406e-a8db-ae25a84d009d,fUST,0.000247980821,120,1,-56568.59382046,demand,2026-09-01T13:47:02.228075+00:00
a6b358e9-1d59-406e-a8db-ae25a84d009d,fUST,0.00023962465753424658,120,1,-3039719.44544452,demand,2026-09-01T13:47:02.228075+00:00
a6b358e9-1d59-406e-a8db-ae25a84d009d,fUST,0.0001828934,2,1,-1076.56846212,demand,2026-09-01T13:47:02.228075+00:00
a6b358e9-1d59-406e-a8db-ae25a84d009d,fUST,0.00016,120,1,-2000.0,demand,2026-09-01T13:47:02.228075+00:00
a6b358e9-1d59-406e-a8db-ae25a84d009d,fUST,0.00016,60,18,-401887.3851215,demand,2026-09-01T13:47:02.228075+00:00
a6b358e9-1d59-406e-a8db-ae25a84d009d,fUST,0.000152,60,1,-28000.0,demand,2026-09-01T13:47:02.228075+00:00
a6b358e9-1d59-406e-a8db-ae25a84d009d,fUST,0.00015010000000000002,30,1,-28000.0,demand,2026-09-01T13:47:02.228075+00:00
a6b358e9-1d59-406e-a8db-ae25a84d009d,fUST,0.00015,90,1,-2000.0,demand,2026-09-01T13:47:02.228075+00:00
a6b358e9-1d59-406e-a8db-ae25a84d009d,fUST,0.00015,120,1,-300000.0,demand,2026-09-01T13:47:02.228075+00:00
a6b358e9-1d59-406e-a8db-ae25a84d009d,fUST,0.00015,45,3,-13845.272985,demand,2026-09-01T13:47:02.228075+00:00
a6b358e9-1d59-406e-a8db-ae25a84d009d,fUST,0.00015,30,10,-28548.06914492,demand,2026-09-01T13:47:02.228075+00:00
a6b358e9-1d59-406e-a8db-ae25a84d009d,fUST,0.000148,30,4,-20000.0,demand,2026-09-01T13:47:02.228075+00:00
a6b358e9-1d59-406e-a8db-ae25a84d009d,fUST,0.0001421,45,9,-80000.0,demand,2026-09-01T13:47:02.228075+00:00
a6b358e9-1d59-406e-a8db-ae25a84d009d,fUST,0.000142,45,2,-20000.0,demand,2026-09-01T13:47:02.228075+00:00
a6b358e9-1d59-406e-a8db-ae25a84d009d,fUST,0.0001401,30,11,-147973.68632078,demand,2026-09-01T13:47:02.228075+00:00
a6b358e9-1d59-406e-a8db-ae25a84d009d,fUST,0.000138,20,6,-49626.52669917,demand,2026-09-01T13:47:02.228075+00:00
a6b358e9-1d59-406e-a8db-ae25a84d009d,fUST,0.000136,30,3,-19544.22120933,demand,2026-09-01T13:47:02.228075+00:00
a6b358e9-1d59-406e-a8db-ae25a84d009d,fUST,0.000128,30,3,-30000.0,demand,2026-09-01T13:47:02.228075+00:00
a6b358e9-1d59-406e-a8db-ae25a84d009d,fUST,0.000126599999,13,1,-112882.05669398,demand,2026-09-01T13:47:02.228075+00:00
a6b358e9-1d59-406e-a8db-ae25a84d009d,fUST,0.000126,15,5,-45000.0,demand,2026-09-01T13:47:02.228075+00:00
a6b358e9-1d59-406e-a8db-ae25a84d009d,fUST,0.0001832705,4,1,587.3060824,offer,2026-09-01T13:47:02.228075+00:00
a6b358e9-1d59-406e-a8db-ae25a84d009d,fUST,0.0001843912224,2,1,180.054766,offer,2026-09-01T13:47:02.228075+00:00
a6b358e9-1d59-406e-a8db-ae25a84d009d,fUST,0.00018482013698630138,2,3,1437.19486505,offer,2026-09-01T13:47:02.228075+00:00
a6b358e9-1d59-406e-a8db-ae25a84d009d,fUST,0.00018483013698630138,2,6,1520.22780772,offer,2026-09-01T13:47:02.228075+00:00
a6b358e9-1d59-406e-a8db-ae25a84d009d,fUST,0.00018615568664383562,7,1,243.64884605,offer,2026-09-01T13:47:02.228075+00:00
a6b358e9-1d59-406e-a8db-ae25a84d009d,fUST,0.00018778490892127196,2,1,235.35525058,offer,2026-09-01T13:47:02.228075+00:00
a6b358e9-1d59-406e-a8db-ae25a84d009d,fUST,0.00018793,2,1,202.5222449,offer,2026-09-01T13:47:02.228075+00:00
a6b358e9-1d59-406e-a8db-ae25a84d009d,fUST,0.000189771,2,2,644.474,offer,2026-09-01T13:47:02.228075+00:00
a6b358e9-1d59-406e-a8db-ae25a84d009d,fUST,0.00019034332513816356,2,1,160.0,offer,2026-09-01T13:47:02.228075+00:00
a6b358e9-1d59-406e-a8db-ae25a84d009d,fUST,0.00019034967848716386,2,1,160.0,offer,2026-09-01T13:47:02.228075+00:00
a6b358e9-1d59-406e-a8db-ae25a84d009d,fUST,0.00019041095890410961,3,1,248.0,offer,2026-09-01T13:47:02.228075+00:00
a6b358e9-1d59-406e-a8db-ae25a84d009d,fUST,0.00019072602739726027,2,2,690.2292968,offer,2026-09-01T13:47:02.228075+00:00
a6b358e9-1d59-406e-a8db-ae25a84d009d,fUST,0.000191,2,2,442.83764642,offer,2026-09-01T13:47:02.228075+00:00
a6b358e9-1d59-406e-a8db-ae25a84d009d,fUST,0.00019123387134502924,2,1,160.0,offer,2026-09-01T13:47:02.228075+00:00
a6b358e9-1d59-406e-a8db-ae25a84d009d,fUST,0.00019147442054794523,7,1,243.64884605,offer,2026-09-01T13:47:02.228075+00:00
a6b358e9-1d59-406e-a8db-ae25a84d009d,fUST,0.000193,2,1,207.09202503,offer,2026-09-01T13:47:02.228075+00:00
a6b358e9-1d59-406e-a8db-ae25a84d009d,fUST,0.000194,2,2,935.80143004,offer,2026-09-01T13:47:02.228075+00:00
a6b358e9-1d59-406e-a8db-ae25a84d009d,fUST,0.000195,2,1,207.09202503,offer,2026-09-01T13:47:02.228075+00:00
a6b358e9-1d59-406e-a8db-ae25a84d009d,fUST,0.00019542,2,1,467.90071501,offer,2026-09-01T13:47:02.228075+00:00
a6b358e9-1d59-406e-a8db-ae25a84d009d,fUST,0.00019599,2,1,285.71967118,offer,2026-09-01T13:47:02.228075+00:00
a6b358e9-1d59-406e-a8db-ae25a84d009d,fUST,0.000196,2,1,942.0,offer,2026-09-01T13:47:02.228075+00:00
a6b358e9-1d59-406e-a8db-ae25a84d009d,fUST,0.00019609,2,1,756.05,offer,2026-09-01T13:47:02.228075+00:00
a6b358e9-1d59-406e-a8db-ae25a84d009d,fUST,0.0001985660657534247,7,1,243.64884608,offer,2026-09-01T13:47:02.228075+00:00
a6b358e9-1d59-406e-a8db-ae25a84d009d,fUST,0.00019985,4,1,227.7869146,offer,2026-09-01T13:47:02.228075+00:00
a6b358e9-1d59-406e-a8db-ae25a84d009d,fUST,0.00019988,3,1,621.79,offer,2026-09-01T13:47:02.228075+00:00
005b86c1-44cd-44c4-a40a-944c4333db9a,fUST,0.0002671232876712329,120,1,-2768946.86687084,demand,2026-09-01T14:47:02.232162+00:00
005b86c1-44cd-44c4-a40a-944c4333db9a,fUST,0.000267123287,120,1,-243.95,demand,2026-09-01T14:47:02.232162+00:00
005b86c1-44cd-44c4-a40a-944c4333db9a,fUST,0.000249652054,120,1,-1000.0,demand,2026-09-01T14:47:02.232162+00:00
005b86c1-44cd-44c4-a40a-944c4333db9a,fUST,0.000249589041,120,1,-1000.0,demand,2026-09-01T14:47:02.232162+00:00
005b86c1-44cd-44c4-a40a-944c4333db9a,fUST,0.000247980821,120,1,-56568.59382046,demand,2026-09-01T14:47:02.232162+00:00
005b86c1-44cd-44c4-a40a-944c4333db9a,fUST,0.00024012328767123288,120,1,-2339719.44544452,demand,2026-09-01T14:47:02.232162+00:00
005b86c1-44cd-44c4-a40a-944c4333db9a,fUST,0.00016,120,1,-2000.0,demand,2026-09-01T14:47:02.232162+00:00
005b86c1-44cd-44c4-a40a-944c4333db9a,fUST,0.00016,60,18,-401887.3851215,demand,2026-09-01T14:47:02.232162+00:00
005b86c1-44cd-44c4-a40a-944c4333db9a,fUST,0.000152,60,1,-28000.0,demand,2026-09-01T14:47:02.232162+00:00
005b86c1-44cd-44c4-a40a-944c4333db9a,fUST,0.00015010000000000002,30,1,-28000.0,demand,2026-09-01T14:47:02.232162+00:00
005b86c1-44cd-44c4-a40a-944c4333db9a,fUST,0.00015,90,1,-2000.0,demand,2026-09-01T14:47:02.232162+00:00
005b86c1-44cd-44c4-a40a-944c4333db9a,fUST,0.00015,120,1,-300000.0,demand,2026-09-01T14:47:02.232162+00:00
005b86c1-44cd-44c4-a40a-944c4333db9a,fUST,0.00015,45,3,-13845.272985,demand,2026-09-01T14:47:02.232162+00:00
005b86c1-44cd-44c4-a40a-944c4333db9a,fUST,0.00015,30,10,-28548.06914492,demand,2026-09-01T14:47:02.232162+00:00
005b86c1-44cd-44c4-a40a-944c4333db9a,fUST,0.000148,30,4,-20000.0,demand,2026-09-01T14:47:02.232162+00:00
005b86c1-44cd-44c4-a40a-944c4333db9a,fUST,0.0001421,45,9,-80000.0,demand,2026-09-01T14:47:02.232162+00:00
005b86c1-44cd-44c4-a40a-944c4333db9a,fUST,0.000142,45,2,-20000.0,demand,2026-09-01T14:47:02.232162+00:00
005b86c1-44cd-44c4-a40a-944c4333db9a,fUST,0.0001401,30,11,-147973.68632078,demand,2026-09-01T14:47:02.232162+00:00
005b86c1-44cd-44c4-a40a-944c4333db9a,fUST,0.000138,20,6,-49368.52669917,demand,2026-09-01T14:47:02.232162+00:00
005b86c1-44cd-44c4-a40a-944c4333db9a,fUST,0.000136,30,3,-19544.22120933,demand,2026-09-01T14:47:02.232162+00:00
005b86c1-44cd-44c4-a40a-944c4333db9a,fUST,0.000128,30,3,-30000.0,demand,2026-09-01T14:47:02.232162+00:00
005b86c1-44cd-44c4-a40a-944c4333db9a,fUST,0.000126599999,13,1,-112882.05669398,demand,2026-09-01T14:47:02.232162+00:00
005b86c1-44cd-44c4-a40a-944c4333db9a,fUST,0.000126,15,5,-45000.0,demand,2026-09-01T14:47:02.232162+00:00
005b86c1-44cd-44c4-a40a-944c4333db9a,fUST,0.000125,14,22,-87434.04490168,demand,2026-09-01T14:47:02.232162+00:00
005b86c1-44cd-44c4-a40a-944c4333db9a,fUST,0.0001225,59,1,-95000.0,demand,2026-09-01T14:47:02.232162+00:00
005b86c1-44cd-44c4-a40a-944c4333db9a,fUST,0.0001152,2,1,50000.0,offer,2026-09-01T14:47:02.232162+00:00
005b86c1-44cd-44c4-a40a-944c4333db9a,fUST,0.00011520000000000001,2,109,53060.55077033,offer,2026-09-01T14:47:02.232162+00:00
005b86c1-44cd-44c4-a40a-944c4333db9a,fUST,0.00011521,2,1,51466.72383821,offer,2026-09-01T14:47:02.232162+00:00
005b86c1-44cd-44c4-a40a-944c4333db9a,fUST,0.00011637000000000001,2,12,172339.38897718,offer,2026-09-01T14:47:02.232162+00:00
005b86c1-44cd-44c4-a40a-944c4333db9a,fUST,0.00011638000000000001,2,1,9633.2608924,offer,2026-09-01T14:47:02.232162+00:00
005b86c1-44cd-44c4-a40a-944c4333db9a,fUST,0.00011638082191780822,2,1,577.42848234,offer,2026-09-01T14:47:02.232162+00:00
005b86c1-44cd-44c4-a40a-944c4333db9a,fUST,0.00011875890410958904,2,13,138034.67272787,offer,2026-09-01T14:47:02.232162+00:00
005b86c1-44cd-44c4-a40a-944c4333db9a,fUST,0.00011876000000000001,2,1,2627.50190982,offer,2026-09-01T14:47:02.232162+00:00
005b86c1-44cd-44c4-a40a-944c4333db9a,fUST,0.00011968,7,3,1132.69884187,offer,2026-09-01T14:47:02.232162+00:00
005b86c1-44cd-44c4-a40a-944c4333db9a,fUST,0.0001200278,2,3,453.0,offer,2026-09-01T14:47:02.232162+00:00
005b86c1-44cd-44c4-a40a-944c4333db9a,fUST,0.0001220736,7,4,1314.31571774,offer,2026-09-01T14:47:02.232162+00:00
005b86c1-44cd-44c4-a40a-944c4333db9a,fUST,0.0001232876712328767,2,4,1393.2,offer,2026-09-01T14:47:02.232162+00:00
005b86c1-44cd-44c4-a40a-944c4333db9a,fUST,0.00012523000000000002,2,1,172.46375136,offer,2026-09-01T14:47:02.232162+00:00
005b86c1-44cd-44c4-a40a-944c4333db9a,fUST,0.00012566400000000002,7,2,818.97219082,offer,2026-09-01T14:47:02.232162+00:00
005b86c1-44cd-44c4-a40a-944c4333db9a,fUST,0.00012747,2,16,5100.0,offer,2026-09-01T14:47:02.232162+00:00
005b86c1-44cd-44c4-a40a-944c4333db9a,fUST,0.0001285798,2,1,208.0600001,offer,2026-09-01T14:47:02.232162+00:00
005b86c1-44cd-44c4-a40a-944c4333db9a,fUST,0.0001292544,7,4,1561.98748124,offer,2026-09-01T14:47:02.232162+00:00
005b86c1-44cd-44c4-a40a-944c4333db9a,fUST,0.0001322579,2,1,392.6164969,offer,2026-09-01T14:47:02.232162+00:00
005b86c1-44cd-44c4-a40a-944c4333db9a,fUST,0.0001336392,2,1,151.0,offer,2026-09-01T14:47:02.232162+00:00
005b86c1-44cd-44c4-a40a-944c4333db9a,fUST,0.00013404160000000001,7,1,665.97219085,offer,2026-09-01T14:47:02.232162+00:00
005b86c1-44cd-44c4-a40a-944c4333db9a,fUST,0.00013463,2,1,1000.0,offer,2026-09-01T14:47:02.232162+00:00
005b86c1-44cd-44c4-a40a-944c4333db9a,fUST,0.00013474234355156247,2,1,343.74614519,offer,2026-09-01T14:47:02.232162+00:00
005b86c1-44cd-44c4-a40a-944c4333db9a,fUST,0.00013639000000000001,2,2,1522.32741152,offer,2026-09-01T14:47:02.232162+00:00
005b86c1-44cd-44c4-a40a-944c4333db9a,fUST,0.00013687,2,1,1000.0,offer,2026-09-01T14:47:02.232162+00:00
005b86c1-44cd-44c4-a40a-944c4333db9a,fUST,0.00013698,2,28,29564.52869512,offer,2026-09-01T14:47:02.232162+00:00
90f919e1-6f35-4963-bf99-ba3a74d2a23d,fUST,0.0002671232876712329,120,1,-2766248.89887084,demand,2026-09-01T15:47:01.917938+00:00
90f919e1-6f35-4963-bf99-ba3a74d2a23d,fUST,0.000267123287,120,1,-243.95,demand,2026-09-01T15:47:01.917938+00:00
90f919e1-6f35-4963-bf99-ba3a74d2a23d,fUST,0.000249652054,120,1,-1000.0,demand,2026-09-01T15:47:01.917938+00:00
90f919e1-6f35-4963-bf99-ba3a74d2a23d,fUST,0.000249589041,120,1,-1000.0,demand,2026-09-01T15:47:01.917938+00:00
90f919e1-6f35-4963-bf99-ba3a74d2a23d,fUST,0.000247980821,120,1,-56568.59382046,demand,2026-09-01T15:47:01.917938+00:00
90f919e1-6f35-4963-bf99-ba3a74d2a23d,fUST,0.00023876164383561643,120,1,-2333675.45033897,demand,2026-09-01T15:47:01.917938+00:00
90f919e1-6f35-4963-bf99-ba3a74d2a23d,fUST,0.00016,120,1,-2000.0,demand,2026-09-01T15:47:01.917938+00:00
90f919e1-6f35-4963-bf99-ba3a74d2a23d,fUST,0.00016,60,18,-401887.3851215,demand,2026-09-01T15:47:01.917938+00:00
90f919e1-6f35-4963-bf99-ba3a74d2a23d,fUST,0.000152,60,1,-28000.0,demand,2026-09-01T15:47:01.917938+00:00
90f919e1-6f35-4963-bf99-ba3a74d2a23d,fUST,0.00015010000000000002,30,1,-28000.0,demand,2026-09-01T15:47:01.917938+00:00
90f919e1-6f35-4963-bf99-ba3a74d2a23d,fUST,0.00015,90,1,-2000.0,demand,2026-09-01T15:47:01.917938+00:00
90f919e1-6f35-4963-bf99-ba3a74d2a23d,fUST,0.00015,120,1,-300000.0,demand,2026-09-01T15:47:01.917938+00:00
90f919e1-6f35-4963-bf99-ba3a74d2a23d,fUST,0.00015,45,3,-13845.272985,demand,2026-09-01T15:47:01.917938+00:00
90f919e1-6f35-4963-bf99-ba3a74d2a23d,fUST,0.00015,30,10,-28548.06914492,demand,2026-09-01T15:47:01.917938+00:00
90f919e1-6f35-4963-bf99-ba3a74d2a23d,fUST,0.000148,30,4,-20000.0,demand,2026-09-01T15:47:01.917938+00:00
90f919e1-6f35-4963-bf99-ba3a74d2a23d,fUST,0.0001421,45,9,-80000.0,demand,2026-09-01T15:47:01.917938+00:00
90f919e1-6f35-4963-bf99-ba3a74d2a23d,fUST,0.000142,45,2,-20000.0,demand,2026-09-01T15:47:01.917938+00:00
90f919e1-6f35-4963-bf99-ba3a74d2a23d,fUST,0.0001401,30,11,-147973.68632078,demand,2026-09-01T15:47:01.917938+00:00
90f919e1-6f35-4963-bf99-ba3a74d2a23d,fUST,0.000138,20,6,-49368.52669917,demand,2026-09-01T15:47:01.917938+00:00
90f919e1-6f35-4963-bf99-ba3a74d2a23d,fUST,0.000136,30,3,-19544.22120933,demand,2026-09-01T15:47:01.917938+00:00
90f919e1-6f35-4963-bf99-ba3a74d2a23d,fUST,0.000128,30,3,-30000.0,demand,2026-09-01T15:47:01.917938+00:00
90f919e1-6f35-4963-bf99-ba3a74d2a23d,fUST,0.000126599998,13,1,-180529.78601257,demand,2026-09-01T15:47:01.917938+00:00
90f919e1-6f35-4963-bf99-ba3a74d2a23d,fUST,0.000126,15,5,-45000.0,demand,2026-09-01T15:47:01.917938+00:00
90f919e1-6f35-4963-bf99-ba3a74d2a23d,fUST,0.000125,14,22,-87434.04490168,demand,2026-09-01T15:47:01.917938+00:00
90f919e1-6f35-4963-bf99-ba3a74d2a23d,fUST,0.0001225,59,1,-95000.0,demand,2026-09-01T15:47:01.917938+00:00
90f919e1-6f35-4963-bf99-ba3a74d2a23d,fUST,0.00011026,2,1,1615.68030391,offer,2026-09-01T15:47:01.917938+00:00
90f919e1-6f35-4963-bf99-ba3a74d2a23d,fUST,0.00011137,2,1,1901.28602576,offer,2026-09-01T15:47:01.917938+00:00
90f919e1-6f35-4963-bf99-ba3a74d2a23d,fUST,0.0001124949,2,1,2141.5841859,offer,2026-09-01T15:47:01.917938+00:00
90f919e1-6f35-4963-bf99-ba3a74d2a23d,fUST,0.00011265000000000001,2,3,1229.33221832,offer,2026-09-01T15:47:01.917938+00:00
90f919e1-6f35-4963-bf99-ba3a74d2a23d,fUST,0.00011267,2,1,282.4581101,offer,2026-09-01T15:47:01.917938+00:00
90f919e1-6f35-4963-bf99-ba3a74d2a23d,fUST,0.0001176,2,1,992.13263249,offer,2026-09-01T15:47:01.917938+00:00
90f919e1-6f35-4963-bf99-ba3a74d2a23d,fUST,0.00012035,2,16,5100.0,offer,2026-09-01T15:47:01.917938+00:00
90f919e1-6f35-4963-bf99-ba3a74d2a23d,fUST,0.00012035068493150685,2,1,597.19486505,offer,2026-09-01T15:47:01.917938+00:00
90f919e1-6f35-4963-bf99-ba3a74d2a23d,fUST,0.0001242145881,2,1,179.610568,offer,2026-09-01T15:47:01.917938+00:00
90f919e1-6f35-4963-bf99-ba3a74d2a23d,fUST,0.00012498,2,1,405.68163022,offer,2026-09-01T15:47:01.917938+00:00
90f919e1-6f35-4963-bf99-ba3a74d2a23d,fUST,0.00012499,2,1,491.911,offer,2026-09-01T15:47:01.917938+00:00
90f919e1-6f35-4963-bf99-ba3a74d2a23d,fUST,0.000125,2,30,208809.94889636,offer,2026-09-01T15:47:01.917938+00:00
90f919e1-6f35-4963-bf99-ba3a74d2a23d,fUST,0.0001275,3,1,553.73702395,offer,2026-09-01T15:47:01.917938+00:00
90f919e1-6f35-4963-bf99-ba3a74d2a23d,fUST,0.000130131,2,1,564.57580741,offer,2026-09-01T15:47:01.917938+00:00
90f919e1-6f35-4963-bf99-ba3a74d2a23d,fUST,0.00013238,2,1,720.0,offer,2026-09-01T15:47:01.917938+00:00
90f919e1-6f35-4963-bf99-ba3a74d2a23d,fUST,0.0001340463422810025,2,1,179.99052522,offer,2026-09-01T15:47:01.917938+00:00
90f919e1-6f35-4963-bf99-ba3a74d2a23d,fUST,0.00013698,2,3,1500.0,offer,2026-09-01T15:47:01.917938+00:00
90f919e1-6f35-4963-bf99-ba3a74d2a23d,fUST,0.000136986301369863,2,1,230.257088,offer,2026-09-01T15:47:01.917938+00:00
90f919e1-6f35-4963-bf99-ba3a74d2a23d,fUST,0.000138677675,2,4,737.66564069,offer,2026-09-01T15:47:01.917938+00:00
90f919e1-6f35-4963-bf99-ba3a74d2a23d,fUST,0.000141417675,2,1,158.03044259,offer,2026-09-01T15:47:01.917938+00:00
90f919e1-6f35-4963-bf99-ba3a74d2a23d,fUST,0.000144157675,2,2,417.2544791,offer,2026-09-01T15:47:01.917938+00:00
90f919e1-6f35-4963-bf99-ba3a74d2a23d,fUST,0.00014562,2,1,864.0,offer,2026-09-01T15:47:01.917938+00:00
90f919e1-6f35-4963-bf99-ba3a74d2a23d,fUST,0.00014948767125,2,12,3031.8877207,offer,2026-09-01T15:47:01.917938+00:00
90f919e1-6f35-4963-bf99-ba3a74d2a23d,fUST,0.00014949041098,2,1,332.7740739,offer,2026-09-01T15:47:01.917938+00:00
90f919e1-6f35-4963-bf99-ba3a74d2a23d,fUST,0.000149637675,2,2,417.25447912,offer,2026-09-01T15:47:01.917938+00:00
35e6301b-79d4-41ad-a7df-6f17711a193f,fUST,0.0002671232876712329,120,1,-2763101.49887084,demand,2026-09-01T16:47:02.093888+00:00
35e6301b-79d4-41ad-a7df-6f17711a193f,fUST,0.000267123287,120,1,-243.95,demand,2026-09-01T16:47:02.093888+00:00
35e6301b-79d4-41ad-a7df-6f17711a193f,fUST,0.000249652054,120,1,-1000.0,demand,2026-09-01T16:47:02.093888+00:00
35e6301b-79d4-41ad-a7df-6f17711a193f,fUST,0.000249589041,120,1,-1000.0,demand,2026-09-01T16:47:02.093888+00:00
35e6301b-79d4-41ad-a7df-6f17711a193f,fUST,0.000247980821,120,1,-56568.59382046,demand,2026-09-01T16:47:02.093888+00:00
35e6301b-79d4-41ad-a7df-6f17711a193f,fUST,0.00023851780821917807,120,1,-2333524.32457551,demand,2026-09-01T16:47:02.093888+00:00
35e6301b-79d4-41ad-a7df-6f17711a193f,fUST,0.00016,120,1,-2000.0,demand,2026-09-01T16:47:02.093888+00:00
35e6301b-79d4-41ad-a7df-6f17711a193f,fUST,0.00016,60,18,-401887.3851215,demand,2026-09-01T16:47:02.093888+00:00
35e6301b-79d4-41ad-a7df-6f17711a193f,fUST,0.000152,60,1,-28000.0,demand,2026-09-01T16:47:02.093888+00:00
35e6301b-79d4-41ad-a7df-6f17711a193f,fUST,0.00015010000000000002,30,1,-28000.0,demand,2026-09-01T16:47:02.093888+00:00
35e6301b-79d4-41ad-a7df-6f17711a193f,fUST,0.00015,90,1,-2000.0,demand,2026-09-01T16:47:02.093888+00:00
35e6301b-79d4-41ad-a7df-6f17711a193f,fUST,0.00015,120,1,-300000.0,demand,2026-09-01T16:47:02.093888+00:00
35e6301b-79d4-41ad-a7df-6f17711a193f,fUST,0.00015,45,3,-13845.272985,demand,2026-09-01T16:47:02.093888+00:00
35e6301b-79d4-41ad-a7df-6f17711a193f,fUST,0.00015,30,10,-28548.06914492,demand,2026-09-01T16:47:02.093888+00:00
35e6301b-79d4-41ad-a7df-6f17711a193f,fUST,0.000148,30,4,-20000.0,demand,2026-09-01T16:47:02.093888+00:00
35e6301b-79d4-41ad-a7df-6f17711a193f,fUST,0.0001421,45,9,-80000.0,demand,2026-09-01T16:47:02.093888+00:00
35e6301b-79d4-41ad-a7df-6f17711a193f,fUST,0.000142,45,2,-20000.0,demand,2026-09-01T16:47:02.093888+00:00
35e6301b-79d4-41ad-a7df-6f17711a193f,fUST,0.0001401,30,11,-147973.68632078,demand,2026-09-01T16:47:02.093888+00:00
35e6301b-79d4-41ad-a7df-6f17711a193f,fUST,0.000138,20,6,-49368.52669917,demand,2026-09-01T16:47:02.093888+00:00
35e6301b-79d4-41ad-a7df-6f17711a193f,fUST,0.000136,30,3,-19544.22120933,demand,2026-09-01T16:47:02.093888+00:00
35e6301b-79d4-41ad-a7df-6f17711a193f,fUST,0.000128,30,3,-30000.0,demand,2026-09-01T16:47:02.093888+00:00
35e6301b-79d4-41ad-a7df-6f17711a193f,fUST,0.000126599998,13,1,-180529.78601257,demand,2026-09-01T16:47:02.093888+00:00
35e6301b-79d4-41ad-a7df-6f17711a193f,fUST,0.000126,15,5,-45000.0,demand,2026-09-01T16:47:02.093888+00:00
35e6301b-79d4-41ad-a7df-6f17711a193f,fUST,0.000125,14,22,-87434.04490168,demand,2026-09-01T16:47:02.093888+00:00
35e6301b-79d4-41ad-a7df-6f17711a193f,fUST,0.0001225,59,1,-95000.0,demand,2026-09-01T16:47:02.093888+00:00
35e6301b-79d4-41ad-a7df-6f17711a193f,fUST,0.000138625,2,1,330.913517,offer,2026-09-01T16:47:02.093888+00:00
35e6301b-79d4-41ad-a7df-6f17711a193f,fUST,0.000140720328,2,1,1017.5014126,offer,2026-09-01T16:47:02.093888+00:00
35e6301b-79d4-41ad-a7df-6f17711a193f,fUST,0.00014097,2,1,4387.84943673,offer,2026-09-01T16:47:02.093888+00:00
35e6301b-79d4-41ad-a7df-6f17711a193f,fUST,0.0001425,2,1,500.0,offer,2026-09-01T16:47:02.093888+00:00
35e6301b-79d4-41ad-a7df-6f17711a193f,fUST,0.00014263,2,1,163.39869281,offer,2026-09-01T16:47:02.093888+00:00
35e6301b-79d4-41ad-a7df-6f17711a193f,fUST,0.0001485,2,1,951.75083795,offer,2026-09-01T16:47:02.093888+00:00
35e6301b-79d4-41ad-a7df-6f17711a193f,fUST,0.000149,2,1,1000.0,offer,2026-09-01T16:47:02.093888+00:00
35e6301b-79d4-41ad-a7df-6f17711a193f,fUST,0.00014972995,2,1,313.44580932,offer,2026-09-01T16:47:02.093888+00:00
35e6301b-79d4-41ad-a7df-6f17711a193f,fUST,0.00014973995,2,8,2161.84117717,offer,2026-09-01T16:47:02.093888+00:00
35e6301b-79d4-41ad-a7df-6f17711a193f,fUST,0.00014999,2,4,1752.78057382,offer,2026-09-01T16:47:02.093888+00:00
35e6301b-79d4-41ad-a7df-6f17711a193f,fUST,0.00015,15,1,276724.15348708,offer,2026-09-01T16:47:02.093888+00:00
35e6301b-79d4-41ad-a7df-6f17711a193f,fUST,0.00015,2,67,173026.58453779,offer,2026-09-01T16:47:02.093888+00:00
35e6301b-79d4-41ad-a7df-6f17711a193f,fUST,0.00015,6,1,300.04839146,offer,2026-09-01T16:47:02.093888+00:00
35e6301b-79d4-41ad-a7df-6f17711a193f,fUST,0.00015013,7,1,355.0,offer,2026-09-01T16:47:02.093888+00:00
35e6301b-79d4-41ad-a7df-6f17711a193f,fUST,0.00015068493150684933,2,1,357.165823,offer,2026-09-01T16:47:02.093888+00:00
35e6301b-79d4-41ad-a7df-6f17711a193f,fUST,0.00015247995000000001,2,1,162.78265966,offer,2026-09-01T16:47:02.093888+00:00
35e6301b-79d4-41ad-a7df-6f17711a193f,fUST,0.00015287,7,1,355.0,offer,2026-09-01T16:47:02.093888+00:00
35e6301b-79d4-41ad-a7df-6f17711a193f,fUST,0.00015299,2,2,820.65,offer,2026-09-01T16:47:02.093888+00:00
35e6301b-79d4-41ad-a7df-6f17711a193f,fUST,0.00015299999999999998,3,1,557.79835065,offer,2026-09-01T16:47:02.093888+00:00
35e6301b-79d4-41ad-a7df-6f17711a193f,fUST,0.00015521995,2,4,770.64032304,offer,2026-09-01T16:47:02.093888+00:00
35e6301b-79d4-41ad-a7df-6f17711a193f,fUST,0.00015561,7,1,355.0,offer,2026-09-01T16:47:02.093888+00:00
35e6301b-79d4-41ad-a7df-6f17711a193f,fUST,0.000156,2,1,2348.835337,offer,2026-09-01T16:47:02.093888+00:00
35e6301b-79d4-41ad-a7df-6f17711a193f,fUST,0.00015606,4,1,557.79835065,offer,2026-09-01T16:47:02.093888+00:00
35e6301b-79d4-41ad-a7df-6f17711a193f,fUST,0.0001563890410958904,2,1,207.30387035,offer,2026-09-01T16:47:02.093888+00:00
35e6301b-79d4-41ad-a7df-6f17711a193f,fUST,0.00015698,2,1,1503.00886957,offer,2026-09-01T16:47:02.093888+00:00
f9deb50d-f94f-4d71-843b-d1d8a66081dc,fUST,0.0002671232876712329,120,1,-2743687.87901565,demand,2026-09-01T17:47:02.197735+00:00
f9deb50d-f94f-4d71-843b-d1d8a66081dc,fUST,0.000267123287,120,1,-243.95,demand,2026-09-01T17:47:02.197735+00:00
f9deb50d-f94f-4d71-843b-d1d8a66081dc,fUST,0.000258384,2,1,-150.0,demand,2026-09-01T17:47:02.197735+00:00
f9deb50d-f94f-4d71-843b-d1d8a66081dc,fUST,0.000249652054,120,1,-1000.0,demand,2026-09-01T17:47:02.197735+00:00
f9deb50d-f94f-4d71-843b-d1d8a66081dc,fUST,0.000249589041,120,1,-1000.0,demand,2026-09-01T17:47:02.197735+00:00
f9deb50d-f94f-4d71-843b-d1d8a66081dc,fUST,0.000247980821,120,1,-56568.59382046,demand,2026-09-01T17:47:02.197735+00:00
f9deb50d-f94f-4d71-843b-d1d8a66081dc,fUST,0.000238384,2,1,-150.0,demand,2026-09-01T17:47:02.197735+00:00
f9deb50d-f94f-4d71-843b-d1d8a66081dc,fUST,0.00023832876712328766,120,1,-2333524.32457551,demand,2026-09-01T17:47:02.197735+00:00
f9deb50d-f94f-4d71-843b-d1d8a66081dc,fUST,0.00016,120,1,-2000.0,demand,2026-09-01T17:47:02.197735+00:00
f9deb50d-f94f-4d71-843b-d1d8a66081dc,fUST,0.00016,60,18,-401887.3851215,demand,2026-09-01T17:47:02.197735+00:00
f9deb50d-f94f-4d71-843b-d1d8a66081dc,fUST,0.000152,60,1,-28000.0,demand,2026-09-01T17:47:02.197735+00:00
f9deb50d-f94f-4d71-843b-d1d8a66081dc,fUST,0.00015010000000000002,30,1,-28000.0,demand,2026-09-01T17:47:02.197735+00:00
f9deb50d-f94f-4d71-843b-d1d8a66081dc,fUST,0.00015,90,1,-2000.0,demand,2026-09-01T17:47:02.197735+00:00
f9deb50d-f94f-4d71-843b-d1d8a66081dc,fUST,0.00015,120,1,-300000.0,demand,2026-09-01T17:47:02.197735+00:00
f9deb50d-f94f-4d71-843b-d1d8a66081dc,fUST,0.00015,45,3,-13845.272985,demand,2026-09-01T17:47:02.197735+00:00
f9deb50d-f94f-4d71-843b-d1d8a66081dc,fUST,0.00015,30,10,-28548.06914492,demand,2026-09-01T17:47:02.197735+00:00
f9deb50d-f94f-4d71-843b-d1d8a66081dc,fUST,0.000148,30,4,-20000.0,demand,2026-09-01T17:47:02.197735+00:00
f9deb50d-f94f-4d71-843b-d1d8a66081dc,fUST,0.0001421,45,9,-80000.0,demand,2026-09-01T17:47:02.197735+00:00
f9deb50d-f94f-4d71-843b-d1d8a66081dc,fUST,0.000142,45,2,-20000.0,demand,2026-09-01T17:47:02.197735+00:00
f9deb50d-f94f-4d71-843b-d1d8a66081dc,fUST,0.0001401,30,11,-147973.68632078,demand,2026-09-01T17:47:02.197735+00:00
f9deb50d-f94f-4d71-843b-d1d8a66081dc,fUST,0.000138,20,6,-49368.52669917,demand,2026-09-01T17:47:02.197735+00:00
f9deb50d-f94f-4d71-843b-d1d8a66081dc,fUST,0.000136,30,3,-19544.22120933,demand,2026-09-01T17:47:02.197735+00:00
f9deb50d-f94f-4d71-843b-d1d8a66081dc,fUST,0.000128,30,3,-30000.0,demand,2026-09-01T17:47:02.197735+00:00
f9deb50d-f94f-4d71-843b-d1d8a66081dc,fUST,0.000126599998,13,1,-180529.78601257,demand,2026-09-01T17:47:02.197735+00:00
f9deb50d-f94f-4d71-843b-d1d8a66081dc,fUST,0.000126,15,5,-45000.0,demand,2026-09-01T17:47:02.197735+00:00
f9deb50d-f94f-4d71-843b-d1d8a66081dc,fUST,0.0001362951,2,1,125.4724,offer,2026-09-01T17:47:02.197735+00:00
f9deb50d-f94f-4d71-843b-d1d8a66081dc,fUST,0.00013697,2,2,574.57771462,offer,2026-09-01T17:47:02.197735+00:00
f9deb50d-f94f-4d71-843b-d1d8a66081dc,fUST,0.00013698,2,6,2580.74783774,offer,2026-09-01T17:47:02.197735+00:00
f9deb50d-f94f-4d71-843b-d1d8a66081dc,fUST,0.00013753,2,2,688.48756452,offer,2026-09-01T17:47:02.197735+00:00
f9deb50d-f94f-4d71-843b-d1d8a66081dc,fUST,0.00014025,2,1,412.69142516,offer,2026-09-01T17:47:02.197735+00:00
f9deb50d-f94f-4d71-843b-d1d8a66081dc,fUST,0.00014026,2,15,4500.0,offer,2026-09-01T17:47:02.197735+00:00
f9deb50d-f94f-4d71-843b-d1d8a66081dc,fUST,0.0001533559,2,1,239.309916,offer,2026-09-01T17:47:02.197735+00:00
f9deb50d-f94f-4d71-843b-d1d8a66081dc,fUST,0.000156125,2,1,185.5642407,offer,2026-09-01T17:47:02.197735+00:00
f9deb50d-f94f-4d71-843b-d1d8a66081dc,fUST,0.000157174,2,1,5684.5527106,offer,2026-09-01T17:47:02.197735+00:00
f9deb50d-f94f-4d71-843b-d1d8a66081dc,fUST,0.0001574937,2,1,800.4525933,offer,2026-09-01T17:47:02.197735+00:00
f9deb50d-f94f-4d71-843b-d1d8a66081dc,fUST,0.00015838,2,1,597.0624018,offer,2026-09-01T17:47:02.197735+00:00
f9deb50d-f94f-4d71-843b-d1d8a66081dc,fUST,0.0001601705,2,1,165.43,offer,2026-09-01T17:47:02.197735+00:00
f9deb50d-f94f-4d71-843b-d1d8a66081dc,fUST,0.0001603521,2,1,307.099636,offer,2026-09-01T17:47:02.197735+00:00
f9deb50d-f94f-4d71-843b-d1d8a66081dc,fUST,0.0001615072,2,1,1122.2652052,offer,2026-09-01T17:47:02.197735+00:00
f9deb50d-f94f-4d71-843b-d1d8a66081dc,fUST,0.0001618562,2,1,1819.8731098,offer,2026-09-01T17:47:02.197735+00:00
f9deb50d-f94f-4d71-843b-d1d8a66081dc,fUST,0.0001643835616438356,2,1,1009.77,offer,2026-09-01T17:47:02.197735+00:00
f9deb50d-f94f-4d71-843b-d1d8a66081dc,fUST,0.000164711,2,2,639.0,offer,2026-09-01T17:47:02.197735+00:00
f9deb50d-f94f-4d71-843b-d1d8a66081dc,fUST,0.0001665685890410959,2,3,1579.93094149,offer,2026-09-01T17:47:02.197735+00:00
f9deb50d-f94f-4d71-843b-d1d8a66081dc,fUST,0.00016657113356164383,2,4,901.53846083,offer,2026-09-01T17:47:02.197735+00:00
f9deb50d-f94f-4d71-843b-d1d8a66081dc,fUST,0.00016749,2,1,418.14,offer,2026-09-01T17:47:02.197735+00:00
f9deb50d-f94f-4d71-843b-d1d8a66081dc,fUST,0.00016989,2,1,600.0,offer,2026-09-01T17:47:02.197735+00:00
f9deb50d-f94f-4d71-843b-d1d8a66081dc,fUST,0.0001708,2,1,262.45595675,offer,2026-09-01T17:47:02.197735+00:00
f9deb50d-f94f-4d71-843b-d1d8a66081dc,fUST,0.000171,2,1,973.0,offer,2026-09-01T17:47:02.197735+00:00
f9deb50d-f94f-4d71-843b-d1d8a66081dc,fUST,0.00017336408364599921,5,1,1000.0,offer,2026-09-01T17:47:02.197735+00:00
f9deb50d-f94f-4d71-843b-d1d8a66081dc,fUST,0.00017461273972602738,2,3,1777.07952465,offer,2026-09-01T17:47:02.197735+00:00
46eba75b-f396-4eba-947e-99d8a3558017,fUST,0.0002671232876712329,120,1,-2743687.87901565,demand,2026-09-01T18:47:02.250846+00:00
46eba75b-f396-4eba-947e-99d8a3558017,fUST,0.000267123287,120,1,-243.95,demand,2026-09-01T18:47:02.250846+00:00
46eba75b-f396-4eba-947e-99d8a3558017,fUST,0.000249652054,120,1,-1000.0,demand,2026-09-01T18:47:02.250846+00:00
46eba75b-f396-4eba-947e-99d8a3558017,fUST,0.000249589041,120,1,-1000.0,demand,2026-09-01T18:47:02.250846+00:00
46eba75b-f396-4eba-947e-99d8a3558017,fUST,0.000247980821,120,1,-56568.59382046,demand,2026-09-01T18:47:02.250846+00:00
46eba75b-f396-4eba-947e-99d8a3558017,fUST,0.00023832328767123287,120,1,-2328078.71362807,demand,2026-09-01T18:47:02.250846+00:00
46eba75b-f396-4eba-947e-99d8a3558017,fUST,0.00016,120,1,-2000.0,demand,2026-09-01T18:47:02.250846+00:00
46eba75b-f396-4eba-947e-99d8a3558017,fUST,0.00016,60,18,-401887.3851215,demand,2026-09-01T18:47:02.250846+00:00
46eba75b-f396-4eba-947e-99d8a3558017,fUST,0.000152,60,1,-28000.0,demand,2026-09-01T18:47:02.250846+00:00
46eba75b-f396-4eba-947e-99d8a3558017,fUST,0.00015010000000000002,30,1,-28000.0,demand,2026-09-01T18:47:02.250846+00:00
46eba75b-f396-4eba-947e-99d8a3558017,fUST,0.00015,90,1,-2000.0,demand,2026-09-01T18:47:02.250846+00:00
46eba75b-f396-4eba-947e-99d8a3558017,fUST,0.00015,120,1,-300000.0,demand,2026-09-01T18:47:02.250846+00:00
46eba75b-f396-4eba-947e-99d8a3558017,fUST,0.00015,45,3,-13845.272985,demand,2026-09-01T18:47:02.250846+00:00
46eba75b-f396-4eba-947e-99d8a3558017,fUST,0.00015,30,10,-28548.06914492,demand,2026-09-01T18:47:02.250846+00:00
46eba75b-f396-4eba-947e-99d8a3558017,fUST,0.000148,30,4,-20000.0,demand,2026-09-01T18:47:02.250846+00:00
46eba75b-f396-4eba-947e-99d8a3558017,fUST,0.00014751,2,1,-986.86338946,demand,2026-09-01T18:47:02.250846+00:00
46eba75b-f396-4eba-947e-99d8a3558017,fUST,0.0001421,45,9,-80000.0,demand,2026-09-01T18:47:02.250846+00:00
46eba75b-f396-4eba-947e-99d8a3558017,fUST,0.000142,45,2,-20000.0,demand,2026-09-01T18:47:02.250846+00:00
46eba75b-f396-4eba-947e-99d8a3558017,fUST,0.0001401,30,11,-147973.68632078,demand,2026-09-01T18:47:02.250846+00:00
46eba75b-f396-4eba-947e-99d8a3558017,fUST,0.000138,20,6,-49368.52669917,demand,2026-09-01T18:47:02.250846+00:00
46eba75b-f396-4eba-947e-99d8a3558017,fUST,0.000136,30,3,-19544.22120933,demand,2026-09-01T18:47:02.250846+00:00
46eba75b-f396-4eba-947e-99d8a3558017,fUST,0.00013559,2,1,-986.86338946,demand,2026-09-01T18:47:02.250846+00:00
46eba75b-f396-4eba-947e-99d8a3558017,fUST,0.000128,30,3,-30000.0,demand,2026-09-01T18:47:02.250846+00:00
46eba75b-f396-4eba-947e-99d8a3558017,fUST,0.000126599998,13,1,-175529.78601257,demand,2026-09-01T18:47:02.250846+00:00
46eba75b-f396-4eba-947e-99d8a3558017,fUST,0.000126,15,5,-45000.0,demand,2026-09-01T18:47:02.250846+00:00
46eba75b-f396-4eba-947e-99d8a3558017,fUST,0.00013691000000000004,2,5,2644.76523497,offer,2026-09-01T18:47:02.250846+00:00
46eba75b-f396-4eba-947e-99d8a3558017,fUST,0.00013698,2,5,2619.11431185,offer,2026-09-01T18:47:02.250846+00:00
46eba75b-f396-4eba-947e-99d8a3558017,fUST,0.0001406057184,2,1,1017.5014126,offer,2026-09-01T18:47:02.250846+00:00
46eba75b-f396-4eba-947e-99d8a3558017,fUST,0.00014372,2,1,251.98,offer,2026-09-01T18:47:02.250846+00:00
46eba75b-f396-4eba-947e-99d8a3558017,fUST,0.0001475,2,1,447.28429337,offer,2026-09-01T18:47:02.250846+00:00
46eba75b-f396-4eba-947e-99d8a3558017,fUST,0.00014751,2,1,5000.0,offer,2026-09-01T18:47:02.250846+00:00
46eba75b-f396-4eba-947e-99d8a3558017,fUST,0.0001511069,2,1,1274.0908255,offer,2026-09-01T18:47:02.250846+00:00
46eba75b-f396-4eba-947e-99d8a3558017,fUST,0.00015229416206663515,2,1,468.29983242,offer,2026-09-01T18:47:02.250846+00:00
46eba75b-f396-4eba-947e-99d8a3558017,fUST,0.0001523445,2,1,794.851783,offer,2026-09-01T18:47:02.250846+00:00
46eba75b-f396-4eba-947e-99d8a3558017,fUST,0.0001532035,2,1,165.138635,offer,2026-09-01T18:47:02.250846+00:00
46eba75b-f396-4eba-947e-99d8a3558017,fUST,0.0001544152086,2,1,371.870715,offer,2026-09-01T18:47:02.250846+00:00
46eba75b-f396-4eba-947e-99d8a3558017,fUST,0.00015998,2,3,1403.36277418,offer,2026-09-01T18:47:02.250846+00:00
46eba75b-f396-4eba-947e-99d8a3558017,fUST,0.00016057,2,1,500.0,offer,2026-09-01T18:47:02.250846+00:00
46eba75b-f396-4eba-947e-99d8a3558017,fUST,0.0001607059,2,1,7959.1579165,offer,2026-09-01T18:47:02.250846+00:00
46eba75b-f396-4eba-947e-99d8a3558017,fUST,0.00016091548257260273,2,1,371.870715,offer,2026-09-01T18:47:02.250846+00:00
46eba75b-f396-4eba-947e-99d8a3558017,fUST,0.000161869,2,2,639.001,offer,2026-09-01T18:47:02.250846+00:00
46eba75b-f396-4eba-947e-99d8a3558017,fUST,0.0001636359,2,1,287.1581699,offer,2026-09-01T18:47:02.250846+00:00
46eba75b-f396-4eba-947e-99d8a3558017,fUST,0.00016657622260273972,2,2,1030.03417139,offer,2026-09-01T18:47:02.250846+00:00
46eba75b-f396-4eba-947e-99d8a3558017,fUST,0.0001674157565452055,2,1,371.870715,offer,2026-09-01T18:47:02.250846+00:00
46eba75b-f396-4eba-947e-99d8a3558017,fUST,0.0001702912910958904,2,2,444.17649077,offer,2026-09-01T18:47:02.250846+00:00
46eba75b-f396-4eba-947e-99d8a3558017,fUST,0.00017244,2,13,5885.46055043,offer,2026-09-01T18:47:02.250846+00:00
46eba75b-f396-4eba-947e-99d8a3558017,fUST,0.00017244109589041097,2,1,500.0,offer,2026-09-01T18:47:02.250846+00:00
46eba75b-f396-4eba-947e-99d8a3558017,fUST,0.00017391,2,1,500.0,offer,2026-09-01T18:47:02.250846+00:00
46eba75b-f396-4eba-947e-99d8a3558017,fUST,0.00017391603051780823,2,1,371.870715,offer,2026-09-01T18:47:02.250846+00:00
46eba75b-f396-4eba-947e-99d8a3558017,fUST,0.0001746206506849315,2,2,1063.02871472,offer,2026-09-01T18:47:02.250846+00:00
408722a3-4a72-4a56-beca-7bb52a3833f6,fUST,0.0002671232876712329,120,1,-2743687.87901565,demand,2026-09-01T19:47:01.992734+00:00
408722a3-4a72-4a56-beca-7bb52a3833f6,fUST,0.000267123287,120,1,-243.95,demand,2026-09-01T19:47:01.992734+00:00
408722a3-4a72-4a56-beca-7bb52a3833f6,fUST,0.000249652054,120,1,-1000.0,demand,2026-09-01T19:47:01.992734+00:00
408722a3-4a72-4a56-beca-7bb52a3833f6,fUST,0.000249589041,120,1,-1000.0,demand,2026-09-01T19:47:01.992734+00:00
408722a3-4a72-4a56-beca-7bb52a3833f6,fUST,0.000247980821,120,1,-56568.59382046,demand,2026-09-01T19:47:01.992734+00:00
408722a3-4a72-4a56-beca-7bb52a3833f6,fUST,0.00023802739726027397,120,1,-2294928.5884247,demand,2026-09-01T19:47:01.992734+00:00
408722a3-4a72-4a56-beca-7bb52a3833f6,fUST,0.000164538,2,2,-5177.86889822,demand,2026-09-01T19:47:01.992734+00:00
408722a3-4a72-4a56-beca-7bb52a3833f6,fUST,0.00016,120,1,-2000.0,demand,2026-09-01T19:47:01.992734+00:00
408722a3-4a72-4a56-beca-7bb52a3833f6,fUST,0.00016,60,18,-401887.3851215,demand,2026-09-01T19:47:01.992734+00:00
408722a3-4a72-4a56-beca-7bb52a3833f6,fUST,0.000152,60,1,-28000.0,demand,2026-09-01T19:47:01.992734+00:00
408722a3-4a72-4a56-beca-7bb52a3833f6,fUST,0.00015010000000000002,30,1,-28000.0,demand,2026-09-01T19:47:01.992734+00:00
408722a3-4a72-4a56-beca-7bb52a3833f6,fUST,0.00015,90,1,-2000.0,demand,2026-09-01T19:47:01.992734+00:00
408722a3-4a72-4a56-beca-7bb52a3833f6,fUST,0.00015,120,1,-300000.0,demand,2026-09-01T19:47:01.992734+00:00
408722a3-4a72-4a56-beca-7bb52a3833f6,fUST,0.00015,45,3,-13845.272985,demand,2026-09-01T19:47:01.992734+00:00
408722a3-4a72-4a56-beca-7bb52a3833f6,fUST,0.00015,30,10,-28548.06914492,demand,2026-09-01T19:47:01.992734+00:00
408722a3-4a72-4a56-beca-7bb52a3833f6,fUST,0.000148,30,4,-20000.0,demand,2026-09-01T19:47:01.992734+00:00
408722a3-4a72-4a56-beca-7bb52a3833f6,fUST,0.00014742,2,1,-987.71169386,demand,2026-09-01T19:47:01.992734+00:00
408722a3-4a72-4a56-beca-7bb52a3833f6,fUST,0.0001421,45,9,-80000.0,demand,2026-09-01T19:47:01.992734+00:00
408722a3-4a72-4a56-beca-7bb52a3833f6,fUST,0.000142,45,2,-20000.0,demand,2026-09-01T19:47:01.992734+00:00
408722a3-4a72-4a56-beca-7bb52a3833f6,fUST,0.0001401,30,11,-147973.68632078,demand,2026-09-01T19:47:01.992734+00:00
408722a3-4a72-4a56-beca-7bb52a3833f6,fUST,0.000138,20,6,-49368.52669917,demand,2026-09-01T19:47:01.992734+00:00
408722a3-4a72-4a56-beca-7bb52a3833f6,fUST,0.000136,30,3,-19544.22120933,demand,2026-09-01T19:47:01.992734+00:00
408722a3-4a72-4a56-beca-7bb52a3833f6,fUST,0.000128,30,3,-30000.0,demand,2026-09-01T19:47:01.992734+00:00
408722a3-4a72-4a56-beca-7bb52a3833f6,fUST,0.000126599998,13,1,-171920.74368482,demand,2026-09-01T19:47:01.992734+00:00
408722a3-4a72-4a56-beca-7bb52a3833f6,fUST,0.000126,15,5,-45000.0,demand,2026-09-01T19:47:01.992734+00:00
408722a3-4a72-4a56-beca-7bb52a3833f6,fUST,0.000111467453,2,1,151.0,offer,2026-09-01T19:47:01.992734+00:00
408722a3-4a72-4a56-beca-7bb52a3833f6,fUST,0.0001149049,2,58,28823.82221857,offer,2026-09-01T19:47:01.992734+00:00
408722a3-4a72-4a56-beca-7bb52a3833f6,fUST,0.0001149107471045808,2,1,160.0,offer,2026-09-01T19:47:01.992734+00:00
408722a3-4a72-4a56-beca-7bb52a3833f6,fUST,0.00011491506849315068,2,1,500.0,offer,2026-09-01T19:47:01.992734+00:00
408722a3-4a72-4a56-beca-7bb52a3833f6,fUST,0.0001149249,2,1,5321.99637318,offer,2026-09-01T19:47:01.992734+00:00
408722a3-4a72-4a56-beca-7bb52a3833f6,fUST,0.00011765479452054795,2,1,500.0,offer,2026-09-01T19:47:01.992734+00:00
408722a3-4a72-4a56-beca-7bb52a3833f6,fUST,0.00011928,2,1,237.32318793,offer,2026-09-01T19:47:01.992734+00:00
408722a3-4a72-4a56-beca-7bb52a3833f6,fUST,0.00012028,2,15,4500.0,offer,2026-09-01T19:47:01.992734+00:00
408722a3-4a72-4a56-beca-7bb52a3833f6,fUST,0.00012039452054794522,2,1,362.43333828,offer,2026-09-01T19:47:01.992734+00:00
408722a3-4a72-4a56-beca-7bb52a3833f6,fUST,0.0001232876712328767,2,1,379.7,offer,2026-09-01T19:47:01.992734+00:00
408722a3-4a72-4a56-beca-7bb52a3833f6,fUST,0.00013698,2,26,180888.81413975,offer,2026-09-01T19:47:01.992734+00:00
408722a3-4a72-4a56-beca-7bb52a3833f6,fUST,0.000136986301369863,2,1,446.625139,offer,2026-09-01T19:47:01.992734+00:00
408722a3-4a72-4a56-beca-7bb52a3833f6,fUST,0.00014161901374154517,2,1,413.60314443,offer,2026-09-01T19:47:01.992734+00:00
408722a3-4a72-4a56-beca-7bb52a3833f6,fUST,0.0001492721176,2,1,250.0,offer,2026-09-01T19:47:01.992734+00:00
408722a3-4a72-4a56-beca-7bb52a3833f6,fUST,0.00015798,2,11,5175.25495176,offer,2026-09-01T19:47:01.992734+00:00
408722a3-4a72-4a56-beca-7bb52a3833f6,fUST,0.0001644,2,1,210.20559867,offer,2026-09-01T19:47:01.992734+00:00
408722a3-4a72-4a56-beca-7bb52a3833f6,fUST,0.00016453,2,1,500.0,offer,2026-09-01T19:47:01.992734+00:00
408722a3-4a72-4a56-beca-7bb52a3833f6,fUST,0.000164538,2,3,8161.12370318,offer,2026-09-01T19:47:01.992734+00:00
408722a3-4a72-4a56-beca-7bb52a3833f6,fUST,0.00016543,2,1,500.0,offer,2026-09-01T19:47:01.992734+00:00
408722a3-4a72-4a56-beca-7bb52a3833f6,fUST,0.00016566,2,1,500.0,offer,2026-09-01T19:47:01.992734+00:00
408722a3-4a72-4a56-beca-7bb52a3833f6,fUST,0.0001656627,2,1,858.229949,offer,2026-09-01T19:47:01.992734+00:00
408722a3-4a72-4a56-beca-7bb52a3833f6,fUST,0.00016625815753424657,2,2,330.40820047,offer,2026-09-01T19:47:01.992734+00:00
408722a3-4a72-4a56-beca-7bb52a3833f6,fUST,0.00016627342465753425,2,1,986.37844729,offer,2026-09-01T19:47:01.992734+00:00
408722a3-4a72-4a56-beca-7bb52a3833f6,fUST,0.00017317,2,2,639.002,offer,2026-09-01T19:47:01.992734+00:00
408722a3-4a72-4a56-beca-7bb52a3833f6,fUST,0.00017429102739726027,2,5,1193.94726771,offer,2026-09-01T19:47:01.992734+00:00
9a0be4f3-baf9-44b1-97db-c850c4a1dbc5,fUST,0.0002671232876712329,120,1,-2532657.21901565,demand,2026-09-01T20:47:02.667197+00:00
9a0be4f3-baf9-44b1-97db-c850c4a1dbc5,fUST,0.000267123287,120,1,-243.95,demand,2026-09-01T20:47:02.667197+00:00
9a0be4f3-baf9-44b1-97db-c850c4a1dbc5,fUST,0.000249652054,120,1,-1000.0,demand,2026-09-01T20:47:02.667197+00:00
9a0be4f3-baf9-44b1-97db-c850c4a1dbc5,fUST,0.000249589041,120,1,-1000.0,demand,2026-09-01T20:47:02.667197+00:00
9a0be4f3-baf9-44b1-97db-c850c4a1dbc5,fUST,0.000247980821,120,1,-56568.59382046,demand,2026-09-01T20:47:02.667197+00:00
9a0be4f3-baf9-44b1-97db-c850c4a1dbc5,fUST,0.00023800547945205478,120,1,-2294928.5884247,demand,2026-09-01T20:47:02.667197+00:00
9a0be4f3-baf9-44b1-97db-c850c4a1dbc5,fUST,0.00020742,2,1,-150.0,demand,2026-09-01T20:47:02.667197+00:00
9a0be4f3-baf9-44b1-97db-c850c4a1dbc5,fUST,0.00016,120,1,-2000.0,demand,2026-09-01T20:47:02.667197+00:00
9a0be4f3-baf9-44b1-97db-c850c4a1dbc5,fUST,0.00016,60,18,-401887.3851215,demand,2026-09-01T20:47:02.667197+00:00
9a0be4f3-baf9-44b1-97db-c850c4a1dbc5,fUST,0.000152,60,1,-28000.0,demand,2026-09-01T20:47:02.667197+00:00
9a0be4f3-baf9-44b1-97db-c850c4a1dbc5,fUST,0.00015010000000000002,30,1,-28000.0,demand,2026-09-01T20:47:02.667197+00:00
9a0be4f3-baf9-44b1-97db-c850c4a1dbc5,fUST,0.00015,90,1,-2000.0,demand,2026-09-01T20:47:02.667197+00:00
9a0be4f3-baf9-44b1-97db-c850c4a1dbc5,fUST,0.00015,120,1,-300000.0,demand,2026-09-01T20:47:02.667197+00:00
9a0be4f3-baf9-44b1-97db-c850c4a1dbc5,fUST,0.00015,45,3,-13845.272985,demand,2026-09-01T20:47:02.667197+00:00
9a0be4f3-baf9-44b1-97db-c850c4a1dbc5,fUST,0.00015,30,10,-28548.06914492,demand,2026-09-01T20:47:02.667197+00:00
9a0be4f3-baf9-44b1-97db-c850c4a1dbc5,fUST,0.000148,30,4,-20000.0,demand,2026-09-01T20:47:02.667197+00:00
9a0be4f3-baf9-44b1-97db-c850c4a1dbc5,fUST,0.0001421,45,9,-80000.0,demand,2026-09-01T20:47:02.667197+00:00
9a0be4f3-baf9-44b1-97db-c850c4a1dbc5,fUST,0.000142,45,2,-20000.0,demand,2026-09-01T20:47:02.667197+00:00
9a0be4f3-baf9-44b1-97db-c850c4a1dbc5,fUST,0.0001401,30,11,-147973.68632078,demand,2026-09-01T20:47:02.667197+00:00
9a0be4f3-baf9-44b1-97db-c850c4a1dbc5,fUST,0.000138,20,6,-49368.52669917,demand,2026-09-01T20:47:02.667197+00:00
9a0be4f3-baf9-44b1-97db-c850c4a1dbc5,fUST,0.000136,30,3,-19544.22120933,demand,2026-09-01T20:47:02.667197+00:00
9a0be4f3-baf9-44b1-97db-c850c4a1dbc5,fUST,0.000128,30,3,-30000.0,demand,2026-09-01T20:47:02.667197+00:00
9a0be4f3-baf9-44b1-97db-c850c4a1dbc5,fUST,0.000126599998,13,1,-171920.74368482,demand,2026-09-01T20:47:02.667197+00:00
9a0be4f3-baf9-44b1-97db-c850c4a1dbc5,fUST,0.000126,15,5,-45000.0,demand,2026-09-01T20:47:02.667197+00:00
9a0be4f3-baf9-44b1-97db-c850c4a1dbc5,fUST,0.000125,14,22,-87434.04490168,demand,2026-09-01T20:47:02.667197+00:00
9a0be4f3-baf9-44b1-97db-c850c4a1dbc5,fUST,0.000111186,2,1,269.4781002,offer,2026-09-01T20:47:02.667197+00:00
9a0be4f3-baf9-44b1-97db-c850c4a1dbc5,fUST,0.0001111882191780822,2,27,12357.15494551,offer,2026-09-01T20:47:02.667197+00:00
9a0be4f3-baf9-44b1-97db-c850c4a1dbc5,fUST,0.00011120821917808219,2,1,2177.25454538,offer,2026-09-01T20:47:02.667197+00:00
9a0be4f3-baf9-44b1-97db-c850c4a1dbc5,fUST,0.00011148,2,1,158.2214528,offer,2026-09-01T20:47:02.667197+00:00
9a0be4f3-baf9-44b1-97db-c850c4a1dbc5,fUST,0.00011446,2,1,151.0,offer,2026-09-01T20:47:02.667197+00:00
9a0be4f3-baf9-44b1-97db-c850c4a1dbc5,fUST,0.000117,2,1,612.0,offer,2026-09-01T20:47:02.667197+00:00
9a0be4f3-baf9-44b1-97db-c850c4a1dbc5,fUST,0.00012035,2,1,600.0,offer,2026-09-01T20:47:02.667197+00:00
9a0be4f3-baf9-44b1-97db-c850c4a1dbc5,fUST,0.0001211465376,2,1,161.259293,offer,2026-09-01T20:47:02.667197+00:00
9a0be4f3-baf9-44b1-97db-c850c4a1dbc5,fUST,0.0001232876712328767,2,2,954.03,offer,2026-09-01T20:47:02.667197+00:00
9a0be4f3-baf9-44b1-97db-c850c4a1dbc5,fUST,0.000125,2,1,2776.46777841,offer,2026-09-01T20:47:02.667197+00:00
9a0be4f3-baf9-44b1-97db-c850c4a1dbc5,fUST,0.00012691866901259896,2,1,354.55087291,offer,2026-09-01T20:47:02.667197+00:00
9a0be4f3-baf9-44b1-97db-c850c4a1dbc5,fUST,0.00012964626362739725,2,1,161.259293,offer,2026-09-01T20:47:02.667197+00:00
9a0be4f3-baf9-44b1-97db-c850c4a1dbc5,fUST,0.00013206671616438357,2,4,27509.90224643,offer,2026-09-01T20:47:02.667197+00:00
9a0be4f3-baf9-44b1-97db-c850c4a1dbc5,fUST,0.00013238,2,1,720.0,offer,2026-09-01T20:47:02.667197+00:00
9a0be4f3-baf9-44b1-97db-c850c4a1dbc5,fUST,0.00013698,2,5,2373.79565145,offer,2026-09-01T20:47:02.667197+00:00
9a0be4f3-baf9-44b1-97db-c850c4a1dbc5,fUST,0.000136986301369863,2,4,2722.849605,offer,2026-09-01T20:47:02.667197+00:00
9a0be4f3-baf9-44b1-97db-c850c4a1dbc5,fUST,0.00013814598965479453,2,1,161.259293,offer,2026-09-01T20:47:02.667197+00:00
9a0be4f3-baf9-44b1-97db-c850c4a1dbc5,fUST,0.00014562,2,1,864.0,offer,2026-09-01T20:47:02.667197+00:00
9a0be4f3-baf9-44b1-97db-c850c4a1dbc5,fUST,0.00014617890643034464,2,1,151.9788076,offer,2026-09-01T20:47:02.667197+00:00
9a0be4f3-baf9-44b1-97db-c850c4a1dbc5,fUST,0.00014664571568219178,2,1,161.259293,offer,2026-09-01T20:47:02.667197+00:00
9a0be4f3-baf9-44b1-97db-c850c4a1dbc5,fUST,0.000149,2,1,610.49952069,offer,2026-09-01T20:47:02.667197+00:00
9a0be4f3-baf9-44b1-97db-c850c4a1dbc5,fUST,0.00014999,2,1,500.0,offer,2026-09-01T20:47:02.667197+00:00
9a0be4f3-baf9-44b1-97db-c850c4a1dbc5,fUST,0.00015,2,2,6000.42066689,offer,2026-09-01T20:47:02.667197+00:00
9a0be4f3-baf9-44b1-97db-c850c4a1dbc5,fUST,0.00015068493150684933,2,1,171.308651,offer,2026-09-01T20:47:02.667197+00:00
9a0be4f3-baf9-44b1-97db-c850c4a1dbc5,fUST,0.00015199,3,1,318.01,offer,2026-09-01T20:47:02.667197+00:00
96294228-1716-44b4-9be2-fcd92e134f72,fUST,0.0002671232876712329,120,1,-2532657.21901565,demand,2026-09-01T21:47:02.341210+00:00
96294228-1716-44b4-9be2-fcd92e134f72,fUST,0.000267123287,120,1,-243.95,demand,2026-09-01T21:47:02.341210+00:00
96294228-1716-44b4-9be2-fcd92e134f72,fUST,0.000249652054,120,1,-1000.0,demand,2026-09-01T21:47:02.341210+00:00
96294228-1716-44b4-9be2-fcd92e134f72,fUST,0.000249589041,120,1,-1000.0,demand,2026-09-01T21:47:02.341210+00:00
96294228-1716-44b4-9be2-fcd92e134f72,fUST,0.000247980821,120,1,-56568.59382046,demand,2026-09-01T21:47:02.341210+00:00
96294228-1716-44b4-9be2-fcd92e134f72,fUST,0.00023804109589041096,120,1,-2294013.86611264,demand,2026-09-01T21:47:02.341210+00:00
96294228-1716-44b4-9be2-fcd92e134f72,fUST,0.00016,120,1,-2000.0,demand,2026-09-01T21:47:02.341210+00:00
96294228-1716-44b4-9be2-fcd92e134f72,fUST,0.00016,60,18,-401887.3851215,demand,2026-09-01T21:47:02.341210+00:00
96294228-1716-44b4-9be2-fcd92e134f72,fUST,0.000152,60,1,-28000.0,demand,2026-09-01T21:47:02.341210+00:00
96294228-1716-44b4-9be2-fcd92e134f72,fUST,0.00015010000000000002,30,1,-28000.0,demand,2026-09-01T21:47:02.341210+00:00
96294228-1716-44b4-9be2-fcd92e134f72,fUST,0.00015,90,1,-2000.0,demand,2026-09-01T21:47:02.341210+00:00
96294228-1716-44b4-9be2-fcd92e134f72,fUST,0.00015,120,1,-300000.0,demand,2026-09-01T21:47:02.341210+00:00
96294228-1716-44b4-9be2-fcd92e134f72,fUST,0.00015,45,3,-13845.272985,demand,2026-09-01T21:47:02.341210+00:00
96294228-1716-44b4-9be2-fcd92e134f72,fUST,0.00015,30,10,-28548.06914492,demand,2026-09-01T21:47:02.341210+00:00
96294228-1716-44b4-9be2-fcd92e134f72,fUST,0.000148,30,4,-20000.0,demand,2026-09-01T21:47:02.341210+00:00
96294228-1716-44b4-9be2-fcd92e134f72,fUST,0.0001421,45,9,-80000.0,demand,2026-09-01T21:47:02.341210+00:00
96294228-1716-44b4-9be2-fcd92e134f72,fUST,0.000142,45,2,-20000.0,demand,2026-09-01T21:47:02.341210+00:00
96294228-1716-44b4-9be2-fcd92e134f72,fUST,0.0001401,30,11,-147973.68632078,demand,2026-09-01T21:47:02.341210+00:00
96294228-1716-44b4-9be2-fcd92e134f72,fUST,0.000138,20,6,-49368.52669917,demand,2026-09-01T21:47:02.341210+00:00
96294228-1716-44b4-9be2-fcd92e134f72,fUST,0.000136,30,3,-19544.22120933,demand,2026-09-01T21:47:02.341210+00:00
96294228-1716-44b4-9be2-fcd92e134f72,fUST,0.000128,30,3,-30000.0,demand,2026-09-01T21:47:02.341210+00:00
96294228-1716-44b4-9be2-fcd92e134f72,fUST,0.000126599998,13,1,-171920.74368482,demand,2026-09-01T21:47:02.341210+00:00
96294228-1716-44b4-9be2-fcd92e134f72,fUST,0.000126,15,5,-45000.0,demand,2026-09-01T21:47:02.341210+00:00
96294228-1716-44b4-9be2-fcd92e134f72,fUST,0.000125,14,22,-87434.04490168,demand,2026-09-01T21:47:02.341210+00:00
96294228-1716-44b4-9be2-fcd92e134f72,fUST,0.0001225,59,1,-95000.0,demand,2026-09-01T21:47:02.341210+00:00
96294228-1716-44b4-9be2-fcd92e134f72,fUST,0.0001121,2,1,155.20689561,offer,2026-09-01T21:47:02.341210+00:00
96294228-1716-44b4-9be2-fcd92e134f72,fUST,0.00011321917808219178,2,1,2592.38175375,offer,2026-09-01T21:47:02.341210+00:00
96294228-1716-44b4-9be2-fcd92e134f72,fUST,0.00011322,2,45,21317.52574209,offer,2026-09-01T21:47:02.341210+00:00
96294228-1716-44b4-9be2-fcd92e134f72,fUST,0.00011323,2,1,7683.77809298,offer,2026-09-01T21:47:02.341210+00:00
96294228-1716-44b4-9be2-fcd92e134f72,fUST,0.00011439,2,1,175.88,offer,2026-09-01T21:47:02.341210+00:00
96294228-1716-44b4-9be2-fcd92e134f72,fUST,0.0001179528,7,1,253.17410946,offer,2026-09-01T21:47:02.341210+00:00
96294228-1716-44b4-9be2-fcd92e134f72,fUST,0.00012489041095890412,2,1,500.0,offer,2026-09-01T21:47:02.341210+00:00
96294228-1716-44b4-9be2-fcd92e134f72,fUST,0.0001248912,7,1,379.76116421,offer,2026-09-01T21:47:02.341210+00:00
96294228-1716-44b4-9be2-fcd92e134f72,fUST,0.0001301621,2,2,427.699553,offer,2026-09-01T21:47:02.341210+00:00
96294228-1716-44b4-9be2-fcd92e134f72,fUST,0.00013698,2,5,2285.03570957,offer,2026-09-01T21:47:02.341210+00:00
96294228-1716-44b4-9be2-fcd92e134f72,fUST,0.00013704144452486577,2,1,448.57365864,offer,2026-09-01T21:47:02.341210+00:00
96294228-1716-44b4-9be2-fcd92e134f72,fUST,0.0001440894447,2,1,161.259293,offer,2026-09-01T21:47:02.341210+00:00
96294228-1716-44b4-9be2-fcd92e134f72,fUST,0.0001490195,2,1,421.959175,offer,2026-09-01T21:47:02.341210+00:00
96294228-1716-44b4-9be2-fcd92e134f72,fUST,0.00014999,2,2,1000.0,offer,2026-09-01T21:47:02.341210+00:00
96294228-1716-44b4-9be2-fcd92e134f72,fUST,0.00015068493150684933,2,1,269.671654,offer,2026-09-01T21:47:02.341210+00:00
96294228-1716-44b4-9be2-fcd92e134f72,fUST,0.00015925328031643837,2,1,161.259293,offer,2026-09-01T21:47:02.341210+00:00
96294228-1716-44b4-9be2-fcd92e134f72,fUST,0.0001662556130136986,2,2,316.95830508,offer,2026-09-01T21:47:02.341210+00:00
96294228-1716-44b4-9be2-fcd92e134f72,fUST,0.00016628869178082192,2,3,1648.83548827,offer,2026-09-01T21:47:02.341210+00:00
96294228-1716-44b4-9be2-fcd92e134f72,fUST,0.00016726,2,3,500.0,offer,2026-09-01T21:47:02.341210+00:00
96294228-1716-44b4-9be2-fcd92e134f72,fUST,0.00016787,2,1,167.62,offer,2026-09-01T21:47:02.341210+00:00
96294228-1716-44b4-9be2-fcd92e134f72,fUST,0.00016829,2,2,866.55037986,offer,2026-09-01T21:47:02.341210+00:00
96294228-1716-44b4-9be2-fcd92e134f72,fUST,0.0001683,2,1,195.54,offer,2026-09-01T21:47:02.341210+00:00
96294228-1716-44b4-9be2-fcd92e134f72,fUST,0.00016999,2,2,800.0,offer,2026-09-01T21:47:02.341210+00:00
96294228-1716-44b4-9be2-fcd92e134f72,fUST,0.00017,2,1,1991.2390221,offer,2026-09-01T21:47:02.341210+00:00
96294228-1716-44b4-9be2-fcd92e134f72,fUST,0.00017413544520547946,2,1,165.9731789,offer,2026-09-01T21:47:02.341210+00:00
e9fcb74b-90b1-4f09-a8cc-1da12c5b9a8f,fUST,0.0002671232876712329,120,1,-2527619.20470527,demand,2026-09-01T22:47:02.345388+00:00
e9fcb74b-90b1-4f09-a8cc-1da12c5b9a8f,fUST,0.000267123287,120,1,-243.95,demand,2026-09-01T22:47:02.345388+00:00
e9fcb74b-90b1-4f09-a8cc-1da12c5b9a8f,fUST,0.000249652054,120,1,-1000.0,demand,2026-09-01T22:47:02.345388+00:00
e9fcb74b-90b1-4f09-a8cc-1da12c5b9a8f,fUST,0.000249589041,120,1,-1000.0,demand,2026-09-01T22:47:02.345388+00:00
e9fcb74b-90b1-4f09-a8cc-1da12c5b9a8f,fUST,0.000247980821,120,1,-56568.59382046,demand,2026-09-01T22:47:02.345388+00:00
e9fcb74b-90b1-4f09-a8cc-1da12c5b9a8f,fUST,0.00023826027397260273,120,1,-2269463.85640173,demand,2026-09-01T22:47:02.345388+00:00
e9fcb74b-90b1-4f09-a8cc-1da12c5b9a8f,fUST,0.00016,120,1,-2000.0,demand,2026-09-01T22:47:02.345388+00:00
e9fcb74b-90b1-4f09-a8cc-1da12c5b9a8f,fUST,0.00016,60,18,-401887.3851215,demand,2026-09-01T22:47:02.345388+00:00
e9fcb74b-90b1-4f09-a8cc-1da12c5b9a8f,fUST,0.000152,60,1,-28000.0,demand,2026-09-01T22:47:02.345388+00:00
e9fcb74b-90b1-4f09-a8cc-1da12c5b9a8f,fUST,0.00015010000000000002,30,1,-28000.0,demand,2026-09-01T22:47:02.345388+00:00
e9fcb74b-90b1-4f09-a8cc-1da12c5b9a8f,fUST,0.00015,90,1,-2000.0,demand,2026-09-01T22:47:02.345388+00:00
e9fcb74b-90b1-4f09-a8cc-1da12c5b9a8f,fUST,0.00015,120,1,-300000.0,demand,2026-09-01T22:47:02.345388+00:00
e9fcb74b-90b1-4f09-a8cc-1da12c5b9a8f,fUST,0.00015,45,3,-13845.272985,demand,2026-09-01T22:47:02.345388+00:00
e9fcb74b-90b1-4f09-a8cc-1da12c5b9a8f,fUST,0.00015,30,10,-28548.06914492,demand,2026-09-01T22:47:02.345388+00:00
e9fcb74b-90b1-4f09-a8cc-1da12c5b9a8f,fUST,0.000148,30,4,-20000.0,demand,2026-09-01T22:47:02.345388+00:00
e9fcb74b-90b1-4f09-a8cc-1da12c5b9a8f,fUST,0.0001421,45,9,-80000.0,demand,2026-09-01T22:47:02.345388+00:00
e9fcb74b-90b1-4f09-a8cc-1da12c5b9a8f,fUST,0.000142,45,2,-20000.0,demand,2026-09-01T22:47:02.345388+00:00
e9fcb74b-90b1-4f09-a8cc-1da12c5b9a8f,fUST,0.0001401,30,11,-147973.68632078,demand,2026-09-01T22:47:02.345388+00:00
e9fcb74b-90b1-4f09-a8cc-1da12c5b9a8f,fUST,0.000138,20,6,-49368.52669917,demand,2026-09-01T22:47:02.345388+00:00
e9fcb74b-90b1-4f09-a8cc-1da12c5b9a8f,fUST,0.000136,30,3,-19544.22120933,demand,2026-09-01T22:47:02.345388+00:00
e9fcb74b-90b1-4f09-a8cc-1da12c5b9a8f,fUST,0.000128,30,3,-30000.0,demand,2026-09-01T22:47:02.345388+00:00
e9fcb74b-90b1-4f09-a8cc-1da12c5b9a8f,fUST,0.000126599998,13,1,-125406.43362048,demand,2026-09-01T22:47:02.345388+00:00
e9fcb74b-90b1-4f09-a8cc-1da12c5b9a8f,fUST,0.000126,15,5,-45000.0,demand,2026-09-01T22:47:02.345388+00:00
e9fcb74b-90b1-4f09-a8cc-1da12c5b9a8f,fUST,0.000125,14,22,-87434.04490168,demand,2026-09-01T22:47:02.345388+00:00
e9fcb74b-90b1-4f09-a8cc-1da12c5b9a8f,fUST,0.0001225,59,1,-95000.0,demand,2026-09-01T22:47:02.345388+00:00
e9fcb74b-90b1-4f09-a8cc-1da12c5b9a8f,fUST,0.0001138877,2,1,26.8971,offer,2026-09-01T22:47:02.345388+00:00
e9fcb74b-90b1-4f09-a8cc-1da12c5b9a8f,fUST,0.00011550000000000006,2,23,10788.34998578,offer,2026-09-01T22:47:02.345388+00:00
e9fcb74b-90b1-4f09-a8cc-1da12c5b9a8f,fUST,0.00013147,2,1,200.0,offer,2026-09-01T22:47:02.345388+00:00
e9fcb74b-90b1-4f09-a8cc-1da12c5b9a8f,fUST,0.00013698,2,2,1003.268176,offer,2026-09-01T22:47:02.345388+00:00
e9fcb74b-90b1-4f09-a8cc-1da12c5b9a8f,fUST,0.00013699,2,1,199.85485975,offer,2026-09-01T22:47:02.345388+00:00
e9fcb74b-90b1-4f09-a8cc-1da12c5b9a8f,fUST,0.0001450872,2,1,163.0249549,offer,2026-09-01T22:47:02.345388+00:00
e9fcb74b-90b1-4f09-a8cc-1da12c5b9a8f,fUST,0.000147360528,2,1,4765.0067497,offer,2026-09-01T22:47:02.345388+00:00
e9fcb74b-90b1-4f09-a8cc-1da12c5b9a8f,fUST,0.00014801,2,2,736.00789104,offer,2026-09-01T22:47:02.345388+00:00
e9fcb74b-90b1-4f09-a8cc-1da12c5b9a8f,fUST,0.00014801666666666667,2,4,20000.0,offer,2026-09-01T22:47:02.345388+00:00
e9fcb74b-90b1-4f09-a8cc-1da12c5b9a8f,fUST,0.00015068493150684933,2,1,161.704967,offer,2026-09-01T22:47:02.345388+00:00
e9fcb74b-90b1-4f09-a8cc-1da12c5b9a8f,fUST,0.0001588134,2,1,293.487329,offer,2026-09-01T22:47:02.345388+00:00
e9fcb74b-90b1-4f09-a8cc-1da12c5b9a8f,fUST,0.0001633646394,2,1,465.338558,offer,2026-09-01T22:47:02.345388+00:00
e9fcb74b-90b1-4f09-a8cc-1da12c5b9a8f,fUST,0.00016399452057,2,1,151.0,offer,2026-09-01T22:47:02.345388+00:00
e9fcb74b-90b1-4f09-a8cc-1da12c5b9a8f,fUST,0.0001662937808219178,2,5,1791.93853309,offer,2026-09-01T22:47:02.345388+00:00
e9fcb74b-90b1-4f09-a8cc-1da12c5b9a8f,fUST,0.0001665,2,1,500.0,offer,2026-09-01T22:47:02.345388+00:00
e9fcb74b-90b1-4f09-a8cc-1da12c5b9a8f,fUST,0.00016650497602739727,2,2,357.09789846,offer,2026-09-01T22:47:02.345388+00:00
e9fcb74b-90b1-4f09-a8cc-1da12c5b9a8f,fUST,0.00016829,2,1,500.0,offer,2026-09-01T22:47:02.345388+00:00
e9fcb74b-90b1-4f09-a8cc-1da12c5b9a8f,fUST,0.00016999,2,1,944.352561,offer,2026-09-01T22:47:02.345388+00:00
e9fcb74b-90b1-4f09-a8cc-1da12c5b9a8f,fUST,0.00017,2,36,259430.24072197,offer,2026-09-01T22:47:02.345388+00:00
e9fcb74b-90b1-4f09-a8cc-1da12c5b9a8f,fUST,0.00017024162570136985,2,1,465.338558,offer,2026-09-01T22:47:02.345388+00:00
e9fcb74b-90b1-4f09-a8cc-1da12c5b9a8f,fUST,0.00017026917015316374,2,1,186.13215694,offer,2026-09-01T22:47:02.345388+00:00
e9fcb74b-90b1-4f09-a8cc-1da12c5b9a8f,fUST,0.00017066,2,4,50368.26979273,offer,2026-09-01T22:47:02.345388+00:00
e9fcb74b-90b1-4f09-a8cc-1da12c5b9a8f,fUST,0.00017432794520547945,2,9,3650.51745625,offer,2026-09-01T22:47:02.345388+00:00
e9fcb74b-90b1-4f09-a8cc-1da12c5b9a8f,fUST,0.00017454681506849315,2,2,714.19579691,offer,2026-09-01T22:47:02.345388+00:00
e9fcb74b-90b1-4f09-a8cc-1da12c5b9a8f,fUST,0.00017519076666666668,2,5,1099.59411691,offer,2026-09-01T22:47:02.345388+00:00
a463eeae-8274-4786-8210-bb3f2b01c30e,fUST,0.0002671232876712329,120,1,-2524096.77470527,demand,2026-09-01T23:47:01.982873+00:00
a463eeae-8274-4786-8210-bb3f2b01c30e,fUST,0.000267123287,120,1,-243.95,demand,2026-09-01T23:47:01.982873+00:00
a463eeae-8274-4786-8210-bb3f2b01c30e,fUST,0.000249652054,120,1,-1000.0,demand,2026-09-01T23:47:01.982873+00:00
a463eeae-8274-4786-8210-bb3f2b01c30e,fUST,0.000249589041,120,1,-1000.0,demand,2026-09-01T23:47:01.982873+00:00
a463eeae-8274-4786-8210-bb3f2b01c30e,fUST,0.000247980821,120,1,-56568.59382046,demand,2026-09-01T23:47:01.982873+00:00
a463eeae-8274-4786-8210-bb3f2b01c30e,fUST,0.0002378904109589041,120,1,-2269463.85640173,demand,2026-09-01T23:47:01.982873+00:00
a463eeae-8274-4786-8210-bb3f2b01c30e,fUST,0.00016,120,1,-2000.0,demand,2026-09-01T23:47:01.982873+00:00
a463eeae-8274-4786-8210-bb3f2b01c30e,fUST,0.00016,60,18,-401887.3851215,demand,2026-09-01T23:47:01.982873+00:00
a463eeae-8274-4786-8210-bb3f2b01c30e,fUST,0.000152,60,1,-28000.0,demand,2026-09-01T23:47:01.982873+00:00
a463eeae-8274-4786-8210-bb3f2b01c30e,fUST,0.00015010000000000002,30,1,-28000.0,demand,2026-09-01T23:47:01.982873+00:00
a463eeae-8274-4786-8210-bb3f2b01c30e,fUST,0.00015,90,1,-2000.0,demand,2026-09-01T23:47:01.982873+00:00
a463eeae-8274-4786-8210-bb3f2b01c30e,fUST,0.00015,120,1,-300000.0,demand,2026-09-01T23:47:01.982873+00:00
a463eeae-8274-4786-8210-bb3f2b01c30e,fUST,0.00015,45,3,-13845.272985,demand,2026-09-01T23:47:01.982873+00:00
a463eeae-8274-4786-8210-bb3f2b01c30e,fUST,0.00015,30,10,-28548.06914492,demand,2026-09-01T23:47:01.982873+00:00
a463eeae-8274-4786-8210-bb3f2b01c30e,fUST,0.000148,30,4,-20000.0,demand,2026-09-01T23:47:01.982873+00:00
a463eeae-8274-4786-8210-bb3f2b01c30e,fUST,0.0001421,45,9,-80000.0,demand,2026-09-01T23:47:01.982873+00:00
a463eeae-8274-4786-8210-bb3f2b01c30e,fUST,0.000142,45,2,-20000.0,demand,2026-09-01T23:47:01.982873+00:00
a463eeae-8274-4786-8210-bb3f2b01c30e,fUST,0.0001401,30,11,-147973.68632078,demand,2026-09-01T23:47:01.982873+00:00
a463eeae-8274-4786-8210-bb3f2b01c30e,fUST,0.000138,20,6,-49368.52669917,demand,2026-09-01T23:47:01.982873+00:00
a463eeae-8274-4786-8210-bb3f2b01c30e,fUST,0.000136,30,3,-19544.22120933,demand,2026-09-01T23:47:01.982873+00:00
a463eeae-8274-4786-8210-bb3f2b01c30e,fUST,0.000128,30,3,-30000.0,demand,2026-09-01T23:47:01.982873+00:00
a463eeae-8274-4786-8210-bb3f2b01c30e,fUST,0.000126599998,13,1,-123556.53213909,demand,2026-09-01T23:47:01.982873+00:00
a463eeae-8274-4786-8210-bb3f2b01c30e,fUST,0.000126,15,5,-45000.0,demand,2026-09-01T23:47:01.982873+00:00
a463eeae-8274-4786-8210-bb3f2b01c30e,fUST,0.000125,14,22,-87434.04490168,demand,2026-09-01T23:47:01.982873+00:00
a463eeae-8274-4786-8210-bb3f2b01c30e,fUST,0.0001225,59,1,-95000.0,demand,2026-09-01T23:47:01.982873+00:00
a463eeae-8274-4786-8210-bb3f2b01c30e,fUST,0.00011101,2,1,32.80863024,offer,2026-09-01T23:47:01.982873+00:00
a463eeae-8274-4786-8210-bb3f2b01c30e,fUST,0.00011213,2,1,378.82473631,offer,2026-09-01T23:47:01.982873+00:00
a463eeae-8274-4786-8210-bb3f2b01c30e,fUST,0.00011447000000000001,2,2,704.52044879,offer,2026-09-01T23:47:01.982873+00:00
a463eeae-8274-4786-8210-bb3f2b01c30e,fUST,0.00011448,7,1,1162.9593413,offer,2026-09-01T23:47:01.982873+00:00
a463eeae-8274-4786-8210-bb3f2b01c30e,fUST,0.00011676960000000001,7,1,1162.9593413,offer,2026-09-01T23:47:01.982873+00:00
a463eeae-8274-4786-8210-bb3f2b01c30e,fUST,0.000120204,7,1,1162.9593413,offer,2026-09-01T23:47:01.982873+00:00
a463eeae-8274-4786-8210-bb3f2b01c30e,fUST,0.0001236384,7,1,1162.9593413,offer,2026-09-01T23:47:01.982873+00:00
a463eeae-8274-4786-8210-bb3f2b01c30e,fUST,0.00012820760000000002,2,1,291.94726498,offer,2026-09-01T23:47:01.982873+00:00
a463eeae-8274-4786-8210-bb3f2b01c30e,fUST,0.0001282176,7,1,1162.95934133,offer,2026-09-01T23:47:01.982873+00:00
a463eeae-8274-4786-8210-bb3f2b01c30e,fUST,0.00015068493150684933,2,1,167.610364,offer,2026-09-01T23:47:01.982873+00:00
a463eeae-8274-4786-8210-bb3f2b01c30e,fUST,0.0001602,2,7,82532.05489226,offer,2026-09-01T23:47:01.982873+00:00
a463eeae-8274-4786-8210-bb3f2b01c30e,fUST,0.0001603,2,1,3000.0,offer,2026-09-01T23:47:01.982873+00:00
a463eeae-8274-4786-8210-bb3f2b01c30e,fUST,0.0001604,2,1,3000.0,offer,2026-09-01T23:47:01.982873+00:00
a463eeae-8274-4786-8210-bb3f2b01c30e,fUST,0.0001605,2,1,3000.0,offer,2026-09-01T23:47:01.982873+00:00
a463eeae-8274-4786-8210-bb3f2b01c30e,fUST,0.0001606,2,1,3000.0,offer,2026-09-01T23:47:01.982873+00:00
a463eeae-8274-4786-8210-bb3f2b01c30e,fUST,0.0001607,2,1,3000.0,offer,2026-09-01T23:47:01.982873+00:00
a463eeae-8274-4786-8210-bb3f2b01c30e,fUST,0.0001608,2,1,3848.464604,offer,2026-09-01T23:47:01.982873+00:00
a463eeae-8274-4786-8210-bb3f2b01c30e,fUST,0.00016143744066066112,2,1,20606.7753408,offer,2026-09-01T23:47:01.982873+00:00
a463eeae-8274-4786-8210-bb3f2b01c30e,fUST,0.0001638795,2,1,648.45469527,offer,2026-09-01T23:47:01.982873+00:00
a463eeae-8274-4786-8210-bb3f2b01c30e,fUST,0.0001644,2,1,292.0611381,offer,2026-09-01T23:47:01.982873+00:00
a463eeae-8274-4786-8210-bb3f2b01c30e,fUST,0.00016616146575342466,2,2,394.98416518,offer,2026-09-01T23:47:01.982873+00:00
a463eeae-8274-4786-8210-bb3f2b01c30e,fUST,0.0001686570929015918,2,1,3232.30621299,offer,2026-09-01T23:47:01.982873+00:00
a463eeae-8274-4786-8210-bb3f2b01c30e,fUST,0.00017,2,1,3680.35534415,offer,2026-09-01T23:47:01.982873+00:00
a463eeae-8274-4786-8210-bb3f2b01c30e,fUST,0.0001741908219178082,2,2,789.96833037,offer,2026-09-01T23:47:01.982873+00:00
a463eeae-8274-4786-8210-bb3f2b01c30e,fUST,0.0001745257191780822,2,1,232.42767069,offer,2026-09-01T23:47:01.982873+00:00
