run_id,market,rate,period,count,amount,side,fetched_at
993c6e0c-8aeb-4a22-ac0b-ca016597730e,fUSD,0.000273972602739726,120,1,-1790985.4035125,demand,2026-09-21T00:47:01.059215+00:00
993c6e0c-8aeb-4a22-ac0b-ca016597730e,fUSD,0.0001712,120,1,-20000.0,demand,2026-09-21T00:47:01.059215+00:00
993c6e0c-8aeb-4a22-ac0b-ca016597730e,fUSD,0.00017111,120,1,-2000000.0,demand,2026-09-21T00:47:01.059215+00:00
993c6e0c-8aeb-4a22-ac0b-ca016597730e,fUSD,0.000161,120,1,-100000.0,demand,2026-09-21T00:47:01.059215+00:00
993c6e0c-8aeb-4a22-ac0b-ca016597730e,fUSD,0.000161,60,1,-20000.0,demand,2026-09-21T00:47:01.059215+00:00
993c6e0c-8aeb-4a22-ac0b-ca016597730e,fUSD,0.0001603,120,1,-20000.0,demand,2026-09-21T00:47:01.059215+00:00
993c6e0c-8aeb-4a22-ac0b-ca016597730e,fUSD,0.0001601,30,1,-8812.66199579,demand,2026-09-21T00:47:01.059215+00:00
993c6e0c-8aeb-4a22-ac0b-ca016597730e,fUSD,0.00016,120,2,-10009162.66122322,demand,2026-09-21T00:47:01.059215+00:00
993c6e0c-8aeb-4a22-ac0b-ca016597730e,fUSD,0.00016,7,1,-310.0,demand,2026-09-21T00:47:01.059215+00:00
993c6e0c-8aeb-4a22-ac0b-ca016597730e,fUSD,0.0001503,90,1,-20000.0,demand,2026-09-21T00:47:01.059215+00:00
993c6e0c-8aeb-4a22-ac0b-ca016597730e,fUSD,0.00015,29,1,-150000.0,demand,2026-09-21T00:47:01.059215+00:00
993c6e0c-8aeb-4a22-ac0b-ca016597730e,fUSD,0.00015,7,1,-6116.52506009,demand,2026-09-21T00:47:01.059215+00:00
993c6e0c-8aeb-4a22-ac0b-ca016597730e,fUSD,0.00015,2,1,-561246.60625188,demand,2026-09-21T00:47:01.059215+00:00
993c6e0c-8aeb-4a22-ac0b-ca016597730e,fUSD,0.00014252,120,1,-10770.76644364,demand,2026-09-21T00:47:01.059215+00:00
993c6e0c-8aeb-4a22-ac0b-ca016597730e,fUSD,0.0001403,90,1,-20000.0,demand,2026-09-21T00:47:01.059215+00:00
993c6e0c-8aeb-4a22-ac0b-ca016597730e,fUSD,0.00014001,2,1,-119774.0143323,demand,2026-09-21T00:47:01.059215+00:00
993c6e0c-8aeb-4a22-ac0b-ca016597730e,fUSD,0.00013608512169813826,2,1,-4718.52507741,demand,2026-09-21T00:47:01.059215+00:00
993c6e0c-8aeb-4a22-ac0b-ca016597730e,fUSD,0.00013608452816507954,2,1,-4718.52507741,demand,2026-09-21T00:47:01.059215+00:00
993c6e0c-8aeb-4a22-ac0b-ca016597730e,fUSD,0.00013606067794775094,2,1,-4718.52507741,demand,2026-09-21T00:47:01.059215+00:00
993c6e0c-8aeb-4a22-ac0b-ca016597730e,fUSD,0.00013605888992708018,2,1,-4718.52507741,demand,2026-09-21T00:47:01.059215+00:00
993c6e0c-8aeb-4a22-ac0b-ca016597730e,fUSD,0.00013605803104953525,2,1,-4718.52507741,demand,2026-09-21T00:47:01.059215+00:00
993c6e0c-8aeb-4a22-ac0b-ca016597730e,fUSD,0.0001360044456692742,2,1,-4718.52507741,demand,2026-09-21T00:47:01.059215+00:00
993c6e0c-8aeb-4a22-ac0b-ca016597730e,fUSD,0.00013600402544270958,2,1,-4718.52507741,demand,2026-09-21T00:47:01.059215+00:00
993c6e0c-8aeb-4a22-ac0b-ca016597730e,fUSD,0.0001360016980060091,2,1,-4718.52507741,demand,2026-09-21T00:47:01.059215+00:00
993c6e0c-8aeb-4a22-ac0b-ca016597730e,fUSD,0.00013599603173869548,2,1,-4718.52507741,demand,2026-09-21T00:47:01.059215+00:00
993c6e0c-8aeb-4a22-ac0b-ca016597730e,fUSD,0.0002475566993425229,2,1,160.0,offer,2026-09-21T00:47:01.059215+00:00
993c6e0c-8aeb-4a22-ac0b-ca016597730e,fUSD,0.0002476262098682618,2,1,168.42571409,offer,2026-09-21T00:47:01.059215+00:00
993c6e0c-8aeb-4a22-ac0b-ca016597730e,fUSD,0.0002476267,2,1,2060.90806325,offer,2026-09-21T00:47:01.059215+00:00
993c6e0c-8aeb-4a22-ac0b-ca016597730e,fUSD,0.0002476362098682618,2,1,3530.0,offer,2026-09-21T00:47:01.059215+00:00
993c6e0c-8aeb-4a22-ac0b-ca016597730e,fUSD,0.0002476457785315388,2,1,210.0,offer,2026-09-21T00:47:01.059215+00:00
993c6e0c-8aeb-4a22-ac0b-ca016597730e,fUSD,0.00024764829590244463,2,1,206.0,offer,2026-09-21T00:47:01.059215+00:00
993c6e0c-8aeb-4a22-ac0b-ca016597730e,fUSD,0.00024765,2,2,11130.327816,offer,2026-09-21T00:47:01.059215+00:00
993c6e0c-8aeb-4a22-ac0b-ca016597730e,fUSD,0.00024765,8,2,2302.15,offer,2026-09-21T00:47:01.059215+00:00
993c6e0c-8aeb-4a22-ac0b-ca016597730e,fUSD,0.00024765000000000003,2,2,12660.63,offer,2026-09-21T00:47:01.059215+00:00
993c6e0c-8aeb-4a22-ac0b-ca016597730e,fUSD,0.00024766,2,1,12494.55560551,offer,2026-09-21T00:47:01.059215+00:00
993c6e0c-8aeb-4a22-ac0b-ca016597730e,fUSD,0.0002476738065,2,1,9999.99,offer,2026-09-21T00:47:01.059215+00:00
993c6e0c-8aeb-4a22-ac0b-ca016597730e,fUSD,0.0002477,10,1,984.0,offer,2026-09-21T00:47:01.059215+00:00
993c6e0c-8aeb-4a22-ac0b-ca016597730e,fUSD,0.0002477205479452055,2,1,151.0,offer,2026-09-21T00:47:01.059215+00:00
993c6e0c-8aeb-4a22-ac0b-ca016597730e,fUSD,0.0002477871610879423,2,2,7147.0,offer,2026-09-21T00:47:01.059215+00:00
993c6e0c-8aeb-4a22-ac0b-ca016597730e,fUSD,0.00024779123599999995,2,7,1458.30711907,offer,2026-09-21T00:47:01.059215+00:00
993c6e0c-8aeb-4a22-ac0b-ca016597730e,fUSD,0.0002477924427675035,3,1,156.95,offer,2026-09-21T00:47:01.059215+00:00
993c6e0c-8aeb-4a22-ac0b-ca016597730e,fUSD,0.00024779986666666665,2,2,302.0,offer,2026-09-21T00:47:01.059215+00:00
993c6e0c-8aeb-4a22-ac0b-ca016597730e,fUSD,0.0002478,2,1,1010.8006,offer,2026-09-21T00:47:01.059215+00:00
993c6e0c-8aeb-4a22-ac0b-ca016597730e,fUSD,0.0002478089,2,1,12494.55560549,offer,2026-09-21T00:47:01.059215+00:00
993c6e0c-8aeb-4a22-ac0b-ca016597730e,fUSD,0.00024781,2,4,2000.0,offer,2026-09-21T00:47:01.059215+00:00
993c6e0c-8aeb-4a22-ac0b-ca016597730e,fUSD,0.0002478181165138993,2,1,551.81432872,offer,2026-09-21T00:47:01.059215+00:00
993c6e0c-8aeb-4a22-ac0b-ca016597730e,fUSD,0.0002478556,2,1,2060.90806325,offer,2026-09-21T00:47:01.059215+00:00
993c6e0c-8aeb-4a22-ac0b-ca016597730e,fUSD,0.00024788,2,4,2000.0,offer,2026-09-21T00:47:01.059215+00:00
993c6e0c-8aeb-4a22-ac0b-ca016597730e,fUSD,0.0002478929714285714,2,1,152.0,offer,2026-09-21T00:47:01.059215+00:00
993c6e0c-8aeb-4a22-ac0b-ca016597730e,fUSD,0.0002479,4,1,1661.8539857,offer,2026-09-21T00:47:01.059215+00:00
0b9aa021-24ce-45e4-b0f2-8c2c839c5dd1,fUSD,0.000273972602739726,120,1,-1779028.71839774,demand,2026-09-21T01:47:00.993575+00:00
0b9aa021-24ce-45e4-b0f2-8c2c839c5dd1,fUSD,0.0002403601,2,1,-61.85,demand,2026-09-21T01:47:00.993575+00:00
0b9aa021-24ce-45e4-b0f2-8c2c839c5dd1,fUSD,0.0001712,120,1,-20000.0,demand,2026-09-21T01:47:00.993575+00:00
0b9aa021-24ce-45e4-b0f2-8c2c839c5dd1,fUSD,0.00017111,120,1,-2000000.0,demand,2026-09-21T01:47:00.993575+00:00
0b9aa021-24ce-45e4-b0f2-8c2c839c5dd1,fUSD,0.000161,120,1,-100000.0,demand,2026-09-21T01:47:00.993575+00:00
0b9aa021-24ce-45e4-b0f2-8c2c839c5dd1,fUSD,0.000161,60,1,-20000.0,demand,2026-09-21T01:47:00.993575+00:00
0b9aa021-24ce-45e4-b0f2-8c2c839c5dd1,fUSD,0.0001603,120,1,-20000.0,demand,2026-09-21T01:47:00.993575+00:00
0b9aa021-24ce-45e4-b0f2-8c2c839c5dd1,fUSD,0.00016,120,2,-10009162.66122322,demand,2026-09-21T01:47:00.993575+00:00
0b9aa021-24ce-45e4-b0f2-8c2c839c5dd1,fUSD,0.0001503,90,1,-20000.0,demand,2026-09-21T01:47:00.993575+00:00
0b9aa021-24ce-45e4-b0f2-8c2c839c5dd1,fUSD,0.00015,29,1,-149122.66199579,demand,2026-09-21T01:47:00.993575+00:00
0b9aa021-24ce-45e4-b0f2-8c2c839c5dd1,fUSD,0.00015,7,1,-6116.52506009,demand,2026-09-21T01:47:00.993575+00:00
0b9aa021-24ce-45e4-b0f2-8c2c839c5dd1,fUSD,0.00015,2,1,-545655.60273833,demand,2026-09-21T01:47:00.993575+00:00
0b9aa021-24ce-45e4-b0f2-8c2c839c5dd1,fUSD,0.00014252,120,1,-10770.76644364,demand,2026-09-21T01:47:00.993575+00:00
0b9aa021-24ce-45e4-b0f2-8c2c839c5dd1,fUSD,0.0001403,90,1,-20000.0,demand,2026-09-21T01:47:00.993575+00:00
0b9aa021-24ce-45e4-b0f2-8c2c839c5dd1,fUSD,0.00014001,2,1,-119774.0143323,demand,2026-09-21T01:47:00.993575+00:00
0b9aa021-24ce-45e4-b0f2-8c2c839c5dd1,fUSD,0.00013608512169813826,2,1,-4718.52507741,demand,2026-09-21T01:47:00.993575+00:00
0b9aa021-24ce-45e4-b0f2-8c2c839c5dd1,fUSD,0.00013608452816507954,2,1,-4718.52507741,demand,2026-09-21T01:47:00.993575+00:00
0b9aa021-24ce-45e4-b0f2-8c2c839c5dd1,fUSD,0.00013606067794775094,2,1,-4718.52507741,demand,2026-09-21T01:47:00.993575+00:00
0b9aa021-24ce-45e4-b0f2-8c2c839c5dd1,fUSD,0.00013605888992708018,2,1,-4718.52507741,demand,2026-09-21T01:47:00.993575+00:00
0b9aa021-24ce-45e4-b0f2-8c2c839c5dd1,fUSD,0.00013605803104953525,2,1,-4718.52507741,demand,2026-09-21T01:47:00.993575+00:00
0b9aa021-24ce-45e4-b0f2-8c2c839c5dd1,fUSD,0.0001360044456692742,2,1,-4718.52507741,demand,2026-09-21T01:47:00.993575+00:00
0b9aa021-24ce-45e4-b0f2-8c2c839c5dd1,fUSD,0.00013600402544270958,2,1,-4718.52507741,demand,2026-09-21T01:47:00.993575+00:00
0b9aa021-24ce-45e4-b0f2-8c2c839c5dd1,fUSD,0.0001360016980060091,2,1,-4718.52507741,demand,2026-09-21T01:47:00.993575+00:00
0b9aa021-24ce-45e4-b0f2-8c2c839c5dd1,fUSD,0.00013599603173869548,2,1,-4718.52507741,demand,2026-09-21T01:47:00.993575+00:00
0b9aa021-24ce-45e4-b0f2-8c2c839c5dd1,fUSD,0.00013599479817676577,2,1,-4718.52507741,demand,2026-09-21T01:47:00.993575+00:00
0b9aa021-24ce-45e4-b0f2-8c2c839c5dd1,fUSD,0.00024089,2,1,339.71,offer,2026-09-21T01:47:00.993575+00:00
0b9aa021-24ce-45e4-b0f2-8c2c839c5dd1,fUSD,0.00024091,2,1,180.0,offer,2026-09-21T01:47:00.993575+00:00
0b9aa021-24ce-45e4-b0f2-8c2c839c5dd1,fUSD,0.00024153,2,3,653.71935719,offer,2026-09-21T01:47:00.993575+00:00
0b9aa021-24ce-45e4-b0f2-8c2c839c5dd1,fUSD,0.00024154,2,1,339.71,offer,2026-09-21T01:47:00.993575+00:00
0b9aa021-24ce-45e4-b0f2-8c2c839c5dd1,fUSD,0.00024174053182917014,2,1,2516.76,offer,2026-09-21T01:47:00.993575+00:00
0b9aa021-24ce-45e4-b0f2-8c2c839c5dd1,fUSD,0.00024188489726027396,2,22,5728.89173364,offer,2026-09-21T01:47:00.993575+00:00
0b9aa021-24ce-45e4-b0f2-8c2c839c5dd1,fUSD,0.00024188753424657537,2,44,21888.2908084,offer,2026-09-21T01:47:00.993575+00:00
0b9aa021-24ce-45e4-b0f2-8c2c839c5dd1,fUSD,0.00024189280821917806,2,3,997.72838144,offer,2026-09-21T01:47:00.993575+00:00
0b9aa021-24ce-45e4-b0f2-8c2c839c5dd1,fUSD,0.000242,2,1,231.64518,offer,2026-09-21T01:47:00.993575+00:00
0b9aa021-24ce-45e4-b0f2-8c2c839c5dd1,fUSD,0.0002421,2,1,277.86,offer,2026-09-21T01:47:00.993575+00:00
0b9aa021-24ce-45e4-b0f2-8c2c839c5dd1,fUSD,0.00024219,2,1,339.71,offer,2026-09-21T01:47:00.993575+00:00
0b9aa021-24ce-45e4-b0f2-8c2c839c5dd1,fUSD,0.00024225340567999998,2,1,156.20941115,offer,2026-09-21T01:47:00.993575+00:00
0b9aa021-24ce-45e4-b0f2-8c2c839c5dd1,fUSD,0.00024281,2,1,421.63906798,offer,2026-09-21T01:47:00.993575+00:00
0b9aa021-24ce-45e4-b0f2-8c2c839c5dd1,fUSD,0.00024284,2,2,524.61,offer,2026-09-21T01:47:00.993575+00:00
0b9aa021-24ce-45e4-b0f2-8c2c839c5dd1,fUSD,0.000242910153,2,1,170.16,offer,2026-09-21T01:47:00.993575+00:00
0b9aa021-24ce-45e4-b0f2-8c2c839c5dd1,fUSD,0.00024309999999999997,2,1,1232.26,offer,2026-09-21T01:47:00.993575+00:00
0b9aa021-24ce-45e4-b0f2-8c2c839c5dd1,fUSD,0.000243288137,2,1,168.0,offer,2026-09-21T01:47:00.993575+00:00
0b9aa021-24ce-45e4-b0f2-8c2c839c5dd1,fUSD,0.00024349,2,1,339.71,offer,2026-09-21T01:47:00.993575+00:00
0b9aa021-24ce-45e4-b0f2-8c2c839c5dd1,fUSD,0.0002438464997260274,14,1,289.013448,offer,2026-09-21T01:47:00.993575+00:00
0b9aa021-24ce-45e4-b0f2-8c2c839c5dd1,fUSD,0.00024387,2,1,277.86,offer,2026-09-21T01:47:00.993575+00:00
0b9aa021-24ce-45e4-b0f2-8c2c839c5dd1,fUSD,0.000244,2,1,231.64518,offer,2026-09-21T01:47:00.993575+00:00
0b9aa021-24ce-45e4-b0f2-8c2c839c5dd1,fUSD,0.0002440024589041096,2,1,154.91,offer,2026-09-21T01:47:00.993575+00:00
0b9aa021-24ce-45e4-b0f2-8c2c839c5dd1,fUSD,0.00024414,2,1,339.71,offer,2026-09-21T01:47:00.993575+00:00
0b9aa021-24ce-45e4-b0f2-8c2c839c5dd1,fUSD,0.0002442012328767123,14,1,163.364232,offer,2026-09-21T01:47:00.993575+00:00
0b9aa021-24ce-45e4-b0f2-8c2c839c5dd1,fUSD,0.00024465,2,2,2424.75482152,offer,2026-09-21T01:47:00.993575+00:00
baa5fde9-5328-411a-ac42-ab4c495734cb,fUSD,0.000273972602739726,120,1,-1734202.30397167,demand,2026-09-21T02:47:01.057302+00:00
baa5fde9-5328-411a-ac42-ab4c495734cb,fUSD,0.0001712,120,1,-20000.0,demand,2026-09-21T02:47:01.057302+00:00
baa5fde9-5328-411a-ac42-ab4c495734cb,fUSD,0.00017111,120,1,-2000000.0,demand,2026-09-21T02:47:01.057302+00:00
baa5fde9-5328-411a-ac42-ab4c495734cb,fUSD,0.000161,120,1,-100000.0,demand,2026-09-21T02:47:01.057302+00:00
baa5fde9-5328-411a-ac42-ab4c495734cb,fUSD,0.000161,60,1,-20000.0,demand,2026-09-21T02:47:01.057302+00:00
baa5fde9-5328-411a-ac42-ab4c495734cb,fUSD,0.0001603,120,1,-20000.0,demand,2026-09-21T02:47:01.057302+00:00
baa5fde9-5328-411a-ac42-ab4c495734cb,fUSD,0.00016,120,2,-10009162.66122322,demand,2026-09-21T02:47:01.057302+00:00
baa5fde9-5328-411a-ac42-ab4c495734cb,fUSD,0.0001503,90,1,-20000.0,demand,2026-09-21T02:47:01.057302+00:00
baa5fde9-5328-411a-ac42-ab4c495734cb,fUSD,0.00015,29,1,-149122.66199579,demand,2026-09-21T02:47:01.057302+00:00
baa5fde9-5328-411a-ac42-ab4c495734cb,fUSD,0.00015,7,1,-6116.52506009,demand,2026-09-21T02:47:01.057302+00:00
baa5fde9-5328-411a-ac42-ab4c495734cb,fUSD,0.00015,2,1,-543858.17917008,demand,2026-09-21T02:47:01.057302+00:00
baa5fde9-5328-411a-ac42-ab4c495734cb,fUSD,0.00015,5,85,-570000.0,demand,2026-09-21T02:47:01.057302+00:00
baa5fde9-5328-411a-ac42-ab4c495734cb,fUSD,0.00014252,120,1,-10770.76644364,demand,2026-09-21T02:47:01.057302+00:00
baa5fde9-5328-411a-ac42-ab4c495734cb,fUSD,0.0001403,90,1,-20000.0,demand,2026-09-21T02:47:01.057302+00:00
baa5fde9-5328-411a-ac42-ab4c495734cb,fUSD,0.00014001,2,1,-119774.0143323,demand,2026-09-21T02:47:01.057302+00:00
baa5fde9-5328-411a-ac42-ab4c495734cb,fUSD,0.00013608732962739608,2,1,-4718.52507741,demand,2026-09-21T02:47:01.057302+00:00
baa5fde9-5328-411a-ac42-ab4c495734cb,fUSD,0.00013608343238990164,2,1,-4718.52507741,demand,2026-09-21T02:47:01.057302+00:00
baa5fde9-5328-411a-ac42-ab4c495734cb,fUSD,0.00013608052800241746,2,1,-4718.52507741,demand,2026-09-21T02:47:01.057302+00:00
baa5fde9-5328-411a-ac42-ab4c495734cb,fUSD,0.00013607689012832977,2,1,-4718.52507741,demand,2026-09-21T02:47:01.057302+00:00
baa5fde9-5328-411a-ac42-ab4c495734cb,fUSD,0.0001360658429292572,2,1,-4718.52507741,demand,2026-09-21T02:47:01.057302+00:00
baa5fde9-5328-411a-ac42-ab4c495734cb,fUSD,0.00013603811425125643,2,1,-4718.52507741,demand,2026-09-21T02:47:01.057302+00:00
baa5fde9-5328-411a-ac42-ab4c495734cb,fUSD,0.000136036446766909,2,1,-4718.52507741,demand,2026-09-21T02:47:01.057302+00:00
baa5fde9-5328-411a-ac42-ab4c495734cb,fUSD,0.0001360127889846541,2,1,-4718.52507741,demand,2026-09-21T02:47:01.057302+00:00
baa5fde9-5328-411a-ac42-ab4c495734cb,fUSD,0.0001360075356526355,2,1,-4718.52507741,demand,2026-09-21T02:47:01.057302+00:00
baa5fde9-5328-411a-ac42-ab4c495734cb,fUSD,0.00013599573523123841,2,1,-4718.52507741,demand,2026-09-21T02:47:01.057302+00:00
baa5fde9-5328-411a-ac42-ab4c495734cb,fUSD,0.00018937208235600002,2,1,230.42,offer,2026-09-21T02:47:01.057302+00:00
baa5fde9-5328-411a-ac42-ab4c495734cb,fUSD,0.000189561644,2,1,256.22,offer,2026-09-21T02:47:01.057302+00:00
baa5fde9-5328-411a-ac42-ab4c495734cb,fUSD,0.0001910278082191781,2,1,14.45992706,offer,2026-09-21T02:47:01.057302+00:00
baa5fde9-5328-411a-ac42-ab4c495734cb,fUSD,0.00019982013700000002,2,12,5102.71707757,offer,2026-09-21T02:47:01.057302+00:00
baa5fde9-5328-411a-ac42-ab4c495734cb,fUSD,0.000199830137,7,1,19400.39297445,offer,2026-09-21T02:47:01.057302+00:00
baa5fde9-5328-411a-ac42-ab4c495734cb,fUSD,0.0002,2,2,683.63660335,offer,2026-09-21T02:47:01.057302+00:00
baa5fde9-5328-411a-ac42-ab4c495734cb,fUSD,0.00020003203395,7,1,268.49706148,offer,2026-09-21T02:47:01.057302+00:00
baa5fde9-5328-411a-ac42-ab4c495734cb,fUSD,0.0002039044,2,1,164.93,offer,2026-09-21T02:47:01.057302+00:00
baa5fde9-5328-411a-ac42-ab4c495734cb,fUSD,0.000204255375,4,1,152.0,offer,2026-09-21T02:47:01.057302+00:00
baa5fde9-5328-411a-ac42-ab4c495734cb,fUSD,0.00020496897173594836,2,1,300.70441615,offer,2026-09-21T02:47:01.057302+00:00
baa5fde9-5328-411a-ac42-ab4c495734cb,fUSD,0.0002052,2,1,379.06,offer,2026-09-21T02:47:01.057302+00:00
baa5fde9-5328-411a-ac42-ab4c495734cb,fUSD,0.00020608,2,1,214.2,offer,2026-09-21T02:47:01.057302+00:00
baa5fde9-5328-411a-ac42-ab4c495734cb,fUSD,0.00020712,2,1,1106.7,offer,2026-09-21T02:47:01.057302+00:00
baa5fde9-5328-411a-ac42-ab4c495734cb,fUSD,0.0002075,2,1,898.33330812,offer,2026-09-21T02:47:01.057302+00:00
baa5fde9-5328-411a-ac42-ab4c495734cb,fUSD,0.00020851780840000004,2,1,250.0,offer,2026-09-21T02:47:01.057302+00:00
baa5fde9-5328-411a-ac42-ab4c495734cb,fUSD,0.00020938,2,1,214.2,offer,2026-09-21T02:47:01.057302+00:00
baa5fde9-5328-411a-ac42-ab4c495734cb,fUSD,0.00020955736890000004,2,2,443.74608085,offer,2026-09-21T02:47:01.057302+00:00
baa5fde9-5328-411a-ac42-ab4c495734cb,fUSD,0.0002100986301369863,2,1,631.601632,offer,2026-09-21T02:47:01.057302+00:00
baa5fde9-5328-411a-ac42-ab4c495734cb,fUSD,0.00021116,2,1,6136.0,offer,2026-09-21T02:47:01.057302+00:00
baa5fde9-5328-411a-ac42-ab4c495734cb,fUSD,0.00021158,2,1,17179.0,offer,2026-09-21T02:47:01.057302+00:00
baa5fde9-5328-411a-ac42-ab4c495734cb,fUSD,0.00021269,2,1,214.2,offer,2026-09-21T02:47:01.057302+00:00
baa5fde9-5328-411a-ac42-ab4c495734cb,fUSD,0.0002135044,2,1,367.72,offer,2026-09-21T02:47:01.057302+00:00
baa5fde9-5328-411a-ac42-ab4c495734cb,fUSD,0.00021488,2,5,100272.23606647,offer,2026-09-21T02:47:01.057302+00:00
baa5fde9-5328-411a-ac42-ab4c495734cb,fUSD,0.000215,2,1,54230.0,offer,2026-09-21T02:47:01.057302+00:00
baa5fde9-5328-411a-ac42-ab4c495734cb,fUSD,0.00021577,2,2,1152.0,offer,2026-09-21T02:47:01.057302+00:00
c4b4eb7a-b85f-423f-a2f7-41e647e1712e,fUSD,0.000273972602739726,120,1,-1718472.12470591,demand,2026-09-21T03:47:01.035894+00:00
c4b4eb7a-b85f-423f-a2f7-41e647e1712e,fUSD,0.0001712,120,1,-20000.0,demand,2026-09-21T03:47:01.035894+00:00
c4b4eb7a-b85f-423f-a2f7-41e647e1712e,fUSD,0.00017111,120,1,-2000000.0,demand,2026-09-21T03:47:01.035894+00:00
c4b4eb7a-b85f-423f-a2f7-41e647e1712e,fUSD,0.000161,120,1,-100000.0,demand,2026-09-21T03:47:01.035894+00:00
c4b4eb7a-b85f-423f-a2f7-41e647e1712e,fUSD,0.000161,60,1,-20000.0,demand,2026-09-21T03:47:01.035894+00:00
c4b4eb7a-b85f-423f-a2f7-41e647e1712e,fUSD,0.0001603,120,1,-20000.0,demand,2026-09-21T03:47:01.035894+00:00
c4b4eb7a-b85f-423f-a2f7-41e647e1712e,fUSD,0.00016,120,2,-10009162.66122322,demand,2026-09-21T03:47:01.035894+00:00
c4b4eb7a-b85f-423f-a2f7-41e647e1712e,fUSD,0.0001503,90,1,-20000.0,demand,2026-09-21T03:47:01.035894+00:00
c4b4eb7a-b85f-423f-a2f7-41e647e1712e,fUSD,0.00015,29,1,-149122.66199579,demand,2026-09-21T03:47:01.035894+00:00
c4b4eb7a-b85f-423f-a2f7-41e647e1712e,fUSD,0.00015,7,1,-5951.13645247,demand,2026-09-21T03:47:01.035894+00:00
c4b4eb7a-b85f-423f-a2f7-41e647e1712e,fUSD,0.00015,2,1,-539271.37065293,demand,2026-09-21T03:47:01.035894+00:00
c4b4eb7a-b85f-423f-a2f7-41e647e1712e,fUSD,0.00015,5,85,-570000.0,demand,2026-09-21T03:47:01.035894+00:00
c4b4eb7a-b85f-423f-a2f7-41e647e1712e,fUSD,0.00014252,120,1,-10770.76644364,demand,2026-09-21T03:47:01.035894+00:00
c4b4eb7a-b85f-423f-a2f7-41e647e1712e,fUSD,0.0001403,90,1,-20000.0,demand,2026-09-21T03:47:01.035894+00:00
c4b4eb7a-b85f-423f-a2f7-41e647e1712e,fUSD,0.00014001,2,1,-119774.0143323,demand,2026-09-21T03:47:01.035894+00:00
c4b4eb7a-b85f-423f-a2f7-41e647e1712e,fUSD,0.00013608732962739608,2,1,-4718.52507741,demand,2026-09-21T03:47:01.035894+00:00
c4b4eb7a-b85f-423f-a2f7-41e647e1712e,fUSD,0.00013608343238990164,2,1,-4718.52507741,demand,2026-09-21T03:47:01.035894+00:00
c4b4eb7a-b85f-423f-a2f7-41e647e1712e,fUSD,0.00013608052800241746,2,1,-4718.52507741,demand,2026-09-21T03:47:01.035894+00:00
c4b4eb7a-b85f-423f-a2f7-41e647e1712e,fUSD,0.00013607689012832977,2,1,-4718.52507741,demand,2026-09-21T03:47:01.035894+00:00
c4b4eb7a-b85f-423f-a2f7-41e647e1712e,fUSD,0.0001360658429292572,2,1,-4718.52507741,demand,2026-09-21T03:47:01.035894+00:00
c4b4eb7a-b85f-423f-a2f7-41e647e1712e,fUSD,0.00013603811425125643,2,1,-4718.52507741,demand,2026-09-21T03:47:01.035894+00:00
c4b4eb7a-b85f-423f-a2f7-41e647e1712e,fUSD,0.000136036446766909,2,1,-4718.52507741,demand,2026-09-21T03:47:01.035894+00:00
c4b4eb7a-b85f-423f-a2f7-41e647e1712e,fUSD,0.0001360127889846541,2,1,-4718.52507741,demand,2026-09-21T03:47:01.035894+00:00
c4b4eb7a-b85f-423f-a2f7-41e647e1712e,fUSD,0.0001360075356526355,2,1,-4718.52507741,demand,2026-09-21T03:47:01.035894+00:00
c4b4eb7a-b85f-423f-a2f7-41e647e1712e,fUSD,0.00013599573523123841,2,1,-4718.52507741,demand,2026-09-21T03:47:01.035894+00:00
c4b4eb7a-b85f-423f-a2f7-41e647e1712e,fUSD,0.00022487671232876712,4,1,150.0,offer,2026-09-21T03:47:01.035894+00:00
c4b4eb7a-b85f-423f-a2f7-41e647e1712e,fUSD,0.00023146404109589044,2,1,221.62613279,offer,2026-09-21T03:47:01.035894+00:00
c4b4eb7a-b85f-423f-a2f7-41e647e1712e,fUSD,0.000238075,2,1,166.75,offer,2026-09-21T03:47:01.035894+00:00
c4b4eb7a-b85f-423f-a2f7-41e647e1712e,fUSD,0.0002399775,2,1,150.0,offer,2026-09-21T03:47:01.035894+00:00
c4b4eb7a-b85f-423f-a2f7-41e647e1712e,fUSD,0.0002418664383561644,2,1,443.25226559,offer,2026-09-21T03:47:01.035894+00:00
c4b4eb7a-b85f-423f-a2f7-41e647e1712e,fUSD,0.00024188,2,2,1000.0,offer,2026-09-21T03:47:01.035894+00:00
c4b4eb7a-b85f-423f-a2f7-41e647e1712e,fUSD,0.00024201,2,1,298.58226971,offer,2026-09-21T03:47:01.035894+00:00
c4b4eb7a-b85f-423f-a2f7-41e647e1712e,fUSD,0.00024248767125,2,1,375.66,offer,2026-09-21T03:47:01.035894+00:00
c4b4eb7a-b85f-423f-a2f7-41e647e1712e,fUSD,0.00024595,2,1,4768.17320342,offer,2026-09-21T03:47:01.035894+00:00
c4b4eb7a-b85f-423f-a2f7-41e647e1712e,fUSD,0.00024599,3,2,341.0,offer,2026-09-21T03:47:01.035894+00:00
c4b4eb7a-b85f-423f-a2f7-41e647e1712e,fUSD,0.00024627,2,2,1000.0,offer,2026-09-21T03:47:01.035894+00:00
c4b4eb7a-b85f-423f-a2f7-41e647e1712e,fUSD,0.0002464,2,7,3389.33726602,offer,2026-09-21T03:47:01.035894+00:00
c4b4eb7a-b85f-423f-a2f7-41e647e1712e,fUSD,0.00024657,2,3,1500.0,offer,2026-09-21T03:47:01.035894+00:00
c4b4eb7a-b85f-423f-a2f7-41e647e1712e,fUSD,0.0002465753424657534,5,3,750.0,offer,2026-09-21T03:47:01.035894+00:00
c4b4eb7a-b85f-423f-a2f7-41e647e1712e,fUSD,0.00024695,2,1,1666.66666,offer,2026-09-21T03:47:01.035894+00:00
c4b4eb7a-b85f-423f-a2f7-41e647e1712e,fUSD,0.000246993,2,1,500.01,offer,2026-09-21T03:47:01.035894+00:00
c4b4eb7a-b85f-423f-a2f7-41e647e1712e,fUSD,0.000247,7,1,2039.76,offer,2026-09-21T03:47:01.035894+00:00
c4b4eb7a-b85f-423f-a2f7-41e647e1712e,fUSD,0.000247,2,4,3976.35777421,offer,2026-09-21T03:47:01.035894+00:00
c4b4eb7a-b85f-423f-a2f7-41e647e1712e,fUSD,0.00024706,2,1,824.11,offer,2026-09-21T03:47:01.035894+00:00
c4b4eb7a-b85f-423f-a2f7-41e647e1712e,fUSD,0.000247078,2,7,15576.597,offer,2026-09-21T03:47:01.035894+00:00
c4b4eb7a-b85f-423f-a2f7-41e647e1712e,fUSD,0.00024709,3,1,421.78,offer,2026-09-21T03:47:01.035894+00:00
c4b4eb7a-b85f-423f-a2f7-41e647e1712e,fUSD,0.0002470901385616438,2,1,163.88,offer,2026-09-21T03:47:01.035894+00:00
c4b4eb7a-b85f-423f-a2f7-41e647e1712e,fUSD,0.00024712,2,3,586.525925,offer,2026-09-21T03:47:01.035894+00:00
c4b4eb7a-b85f-423f-a2f7-41e647e1712e,fUSD,0.00024714,2,1,1000.0,offer,2026-09-21T03:47:01.035894+00:00
c4b4eb7a-b85f-423f-a2f7-41e647e1712e,fUSD,0.0002471875984,2,8,1607.40059034,offer,2026-09-21T03:47:01.035894+00:00
52158214-cd80-4a04-8c3a-f6cd66f20a5e,fUSD,0.000273972602739726,120,1,-1707033.02580297,demand,2026-09-21T04:47:01.031597+00:00
52158214-cd80-4a04-8c3a-f6cd66f20a5e,fUSD,0.0001712,120,1,-20000.0,demand,2026-09-21T04:47:01.031597+00:00
52158214-cd80-4a04-8c3a-f6cd66f20a5e,fUSD,0.00017111,120,1,-2000000.0,demand,2026-09-21T04:47:01.031597+00:00
52158214-cd80-4a04-8c3a-f6cd66f20a5e,fUSD,0.000161,120,1,-100000.0,demand,2026-09-21T04:47:01.031597+00:00
52158214-cd80-4a04-8c3a-f6cd66f20a5e,fUSD,0.000161,60,1,-19834.0,demand,2026-09-21T04:47:01.031597+00:00
52158214-cd80-4a04-8c3a-f6cd66f20a5e,fUSD,0.0001603,120,1,-20000.0,demand,2026-09-21T04:47:01.031597+00:00
52158214-cd80-4a04-8c3a-f6cd66f20a5e,fUSD,0.00016,120,2,-10009162.66122322,demand,2026-09-21T04:47:01.031597+00:00
52158214-cd80-4a04-8c3a-f6cd66f20a5e,fUSD,0.0001503,90,1,-20000.0,demand,2026-09-21T04:47:01.031597+00:00
52158214-cd80-4a04-8c3a-f6cd66f20a5e,fUSD,0.000150001,5,5,-100000.0,demand,2026-09-21T04:47:01.031597+00:00
52158214-cd80-4a04-8c3a-f6cd66f20a5e,fUSD,0.00015,29,1,-149122.66199579,demand,2026-09-21T04:47:01.031597+00:00
52158214-cd80-4a04-8c3a-f6cd66f20a5e,fUSD,0.00015,7,1,-5951.13645247,demand,2026-09-21T04:47:01.031597+00:00
52158214-cd80-4a04-8c3a-f6cd66f20a5e,fUSD,0.00015,2,1,-424909.95517981,demand,2026-09-21T04:47:01.031597+00:00
52158214-cd80-4a04-8c3a-f6cd66f20a5e,fUSD,0.00014252,120,1,-10770.76644364,demand,2026-09-21T04:47:01.031597+00:00
52158214-cd80-4a04-8c3a-f6cd66f20a5e,fUSD,0.0001403,90,1,-20000.0,demand,2026-09-21T04:47:01.031597+00:00
52158214-cd80-4a04-8c3a-f6cd66f20a5e,fUSD,0.00014001,2,1,-119774.0143323,demand,2026-09-21T04:47:01.031597+00:00
52158214-cd80-4a04-8c3a-f6cd66f20a5e,fUSD,0.00013609395365696175,2,1,-4718.52507741,demand,2026-09-21T04:47:01.031597+00:00
52158214-cd80-4a04-8c3a-f6cd66f20a5e,fUSD,0.00013607461094149,2,1,-4718.52507741,demand,2026-09-21T04:47:01.031597+00:00
52158214-cd80-4a04-8c3a-f6cd66f20a5e,fUSD,0.00013604877303785099,2,1,-4718.52507741,demand,2026-09-21T04:47:01.031597+00:00
52158214-cd80-4a04-8c3a-f6cd66f20a5e,fUSD,0.00013604233548416368,2,1,-4718.52507741,demand,2026-09-21T04:47:01.031597+00:00
52158214-cd80-4a04-8c3a-f6cd66f20a5e,fUSD,0.0001360387588115605,2,1,-4718.52507741,demand,2026-09-21T04:47:01.031597+00:00
52158214-cd80-4a04-8c3a-f6cd66f20a5e,fUSD,0.0001360304819081473,2,1,-4718.52507741,demand,2026-09-21T04:47:01.031597+00:00
52158214-cd80-4a04-8c3a-f6cd66f20a5e,fUSD,0.00013602912203434226,2,1,-4718.52507741,demand,2026-09-21T04:47:01.031597+00:00
52158214-cd80-4a04-8c3a-f6cd66f20a5e,fUSD,0.0001360139883547366,2,1,-4718.52507741,demand,2026-09-21T04:47:01.031597+00:00
52158214-cd80-4a04-8c3a-f6cd66f20a5e,fUSD,0.00013600575105974066,2,1,-4718.52507741,demand,2026-09-21T04:47:01.031597+00:00
52158214-cd80-4a04-8c3a-f6cd66f20a5e,fUSD,0.00013599681034399052,2,1,-4718.52507741,demand,2026-09-21T04:47:01.031597+00:00
52158214-cd80-4a04-8c3a-f6cd66f20a5e,fUSD,0.00024575743831641256,2,1,564.63974359,offer,2026-09-21T04:47:01.031597+00:00
52158214-cd80-4a04-8c3a-f6cd66f20a5e,fUSD,0.00024577300805999995,2,1,2424.48665281,offer,2026-09-21T04:47:01.031597+00:00
52158214-cd80-4a04-8c3a-f6cd66f20a5e,fUSD,0.0002458267,2,1,6395.00263882,offer,2026-09-21T04:47:01.031597+00:00
52158214-cd80-4a04-8c3a-f6cd66f20a5e,fUSD,0.00024583612499999997,2,1,404.8593276,offer,2026-09-21T04:47:01.031597+00:00
52158214-cd80-4a04-8c3a-f6cd66f20a5e,fUSD,0.00024595,2,1,408.19,offer,2026-09-21T04:47:01.031597+00:00
52158214-cd80-4a04-8c3a-f6cd66f20a5e,fUSD,0.00024619,7,2,3190.559,offer,2026-09-21T04:47:01.031597+00:00
52158214-cd80-4a04-8c3a-f6cd66f20a5e,fUSD,0.0002462,2,1,683.74,offer,2026-09-21T04:47:01.031597+00:00
52158214-cd80-4a04-8c3a-f6cd66f20a5e,fUSD,0.0002462233,2,1,6395.00263882,offer,2026-09-21T04:47:01.031597+00:00
52158214-cd80-4a04-8c3a-f6cd66f20a5e,fUSD,0.00024627,2,1,150.0,offer,2026-09-21T04:47:01.031597+00:00
52158214-cd80-4a04-8c3a-f6cd66f20a5e,fUSD,0.00024628,2,3,17168.74369909,offer,2026-09-21T04:47:01.031597+00:00
52158214-cd80-4a04-8c3a-f6cd66f20a5e,fUSD,0.00024638697008425665,2,1,3985.1351675,offer,2026-09-21T04:47:01.031597+00:00
52158214-cd80-4a04-8c3a-f6cd66f20a5e,fUSD,0.00024643,2,12,179018.6323561,offer,2026-09-21T04:47:01.031597+00:00
52158214-cd80-4a04-8c3a-f6cd66f20a5e,fUSD,0.00024645,2,1,573.87,offer,2026-09-21T04:47:01.031597+00:00
52158214-cd80-4a04-8c3a-f6cd66f20a5e,fUSD,0.00024646,2,1,510.07,offer,2026-09-21T04:47:01.031597+00:00
52158214-cd80-4a04-8c3a-f6cd66f20a5e,fUSD,0.00024653,2,2,650.0,offer,2026-09-21T04:47:01.031597+00:00
52158214-cd80-4a04-8c3a-f6cd66f20a5e,fUSD,0.00024654,2,1,10299.9920422,offer,2026-09-21T04:47:01.031597+00:00
52158214-cd80-4a04-8c3a-f6cd66f20a5e,fUSD,0.00024658,7,1,5000.0,offer,2026-09-21T04:47:01.031597+00:00
52158214-cd80-4a04-8c3a-f6cd66f20a5e,fUSD,0.00024658,2,1,883.76,offer,2026-09-21T04:47:01.031597+00:00
52158214-cd80-4a04-8c3a-f6cd66f20a5e,fUSD,0.00024661506849315065,2,1,226.69,offer,2026-09-21T04:47:01.031597+00:00
52158214-cd80-4a04-8c3a-f6cd66f20a5e,fUSD,0.00024662,2,1,6395.00263882,offer,2026-09-21T04:47:01.031597+00:00
52158214-cd80-4a04-8c3a-f6cd66f20a5e,fUSD,0.00024668,2,2,332.89,offer,2026-09-21T04:47:01.031597+00:00
52158214-cd80-4a04-8c3a-f6cd66f20a5e,fUSD,0.000246712,2,3,5869.627,offer,2026-09-21T04:47:01.031597+00:00
52158214-cd80-4a04-8c3a-f6cd66f20a5e,fUSD,0.00024672,2,1,722.833921,offer,2026-09-21T04:47:01.031597+00:00
52158214-cd80-4a04-8c3a-f6cd66f20a5e,fUSD,0.00024675,2,1,602.28112212,offer,2026-09-21T04:47:01.031597+00:00
52158214-cd80-4a04-8c3a-f6cd66f20a5e,fUSD,0.00024677,2,1,3288.53493219,offer,2026-09-21T04:47:01.031597+00:00
3073b116-9f74-4189-bf5a-5fc714360183,fUSD,0.000273972602739726,120,1,-1700822.41542476,demand,2026-09-21T05:47:01.038278+00:00
3073b116-9f74-4189-bf5a-5fc714360183,fUSD,0.00019,5,1,-9765.92,demand,2026-09-21T05:47:01.038278+00:00
3073b116-9f74-4189-bf5a-5fc714360183,fUSD,0.00018999999999999998,120,1,-11000.0,demand,2026-09-21T05:47:01.038278+00:00
3073b116-9f74-4189-bf5a-5fc714360183,fUSD,0.0001712,120,1,-20000.0,demand,2026-09-21T05:47:01.038278+00:00
3073b116-9f74-4189-bf5a-5fc714360183,fUSD,0.00017111,120,1,-2000000.0,demand,2026-09-21T05:47:01.038278+00:00
3073b116-9f74-4189-bf5a-5fc714360183,fUSD,0.000161,120,1,-100000.0,demand,2026-09-21T05:47:01.038278+00:00
3073b116-9f74-4189-bf5a-5fc714360183,fUSD,0.000161,60,1,-19834.0,demand,2026-09-21T05:47:01.038278+00:00
3073b116-9f74-4189-bf5a-5fc714360183,fUSD,0.0001603,120,1,-20000.0,demand,2026-09-21T05:47:01.038278+00:00
3073b116-9f74-4189-bf5a-5fc714360183,fUSD,0.00016,120,2,-10009162.66122322,demand,2026-09-21T05:47:01.038278+00:00
3073b116-9f74-4189-bf5a-5fc714360183,fUSD,0.0001503,90,1,-20000.0,demand,2026-09-21T05:47:01.038278+00:00
3073b116-9f74-4189-bf5a-5fc714360183,fUSD,0.000150001,5,5,-99727.15,demand,2026-09-21T05:47:01.038278+00:00
3073b116-9f74-4189-bf5a-5fc714360183,fUSD,0.00015,29,1,-149122.66199579,demand,2026-09-21T05:47:01.038278+00:00
3073b116-9f74-4189-bf5a-5fc714360183,fUSD,0.00015,7,1,-5951.13645247,demand,2026-09-21T05:47:01.038278+00:00
3073b116-9f74-4189-bf5a-5fc714360183,fUSD,0.00014252,120,1,-10770.76644364,demand,2026-09-21T05:47:01.038278+00:00
3073b116-9f74-4189-bf5a-5fc714360183,fUSD,0.0001403,90,1,-20000.0,demand,2026-09-21T05:47:01.038278+00:00
3073b116-9f74-4189-bf5a-5fc714360183,fUSD,0.0001400102,2,1,-600000.0,demand,2026-09-21T05:47:01.038278+00:00
3073b116-9f74-4189-bf5a-5fc714360183,fUSD,0.00014001,2,1,-119774.0143323,demand,2026-09-21T05:47:01.038278+00:00
3073b116-9f74-4189-bf5a-5fc714360183,fUSD,0.00013609395365696175,2,1,-4718.52507741,demand,2026-09-21T05:47:01.038278+00:00
3073b116-9f74-4189-bf5a-5fc714360183,fUSD,0.00013607461094149,2,1,-4718.52507741,demand,2026-09-21T05:47:01.038278+00:00
3073b116-9f74-4189-bf5a-5fc714360183,fUSD,0.00013604877303785099,2,1,-4718.52507741,demand,2026-09-21T05:47:01.038278+00:00
3073b116-9f74-4189-bf5a-5fc714360183,fUSD,0.00013604233548416368,2,1,-4718.52507741,demand,2026-09-21T05:47:01.038278+00:00
3073b116-9f74-4189-bf5a-5fc714360183,fUSD,0.0001360387588115605,2,1,-4718.52507741,demand,2026-09-21T05:47:01.038278+00:00
3073b116-9f74-4189-bf5a-5fc714360183,fUSD,0.0001360304819081473,2,1,-4718.52507741,demand,2026-09-21T05:47:01.038278+00:00
3073b116-9f74-4189-bf5a-5fc714360183,fUSD,0.00013602912203434226,2,1,-4718.52507741,demand,2026-09-21T05:47:01.038278+00:00
3073b116-9f74-4189-bf5a-5fc714360183,fUSD,0.0001360139883547366,2,1,-4718.52507741,demand,2026-09-21T05:47:01.038278+00:00
3073b116-9f74-4189-bf5a-5fc714360183,fUSD,0.0002351476,2,1,760.37,offer,2026-09-21T05:47:01.038278+00:00
3073b116-9f74-4189-bf5a-5fc714360183,fUSD,0.00023552876699999998,2,1,199.05972213,offer,2026-09-21T05:47:01.038278+00:00
3073b116-9f74-4189-bf5a-5fc714360183,fUSD,0.0002356613,2,1,150.0,offer,2026-09-21T05:47:01.038278+00:00
3073b116-9f74-4189-bf5a-5fc714360183,fUSD,0.0002357195,2,1,157.59,offer,2026-09-21T05:47:01.038278+00:00
3073b116-9f74-4189-bf5a-5fc714360183,fUSD,0.000235854,2,1,224.25,offer,2026-09-21T05:47:01.038278+00:00
3073b116-9f74-4189-bf5a-5fc714360183,fUSD,0.0002360396,2,1,619.11,offer,2026-09-21T05:47:01.038278+00:00
3073b116-9f74-4189-bf5a-5fc714360183,fUSD,0.000237,2,1,192.0,offer,2026-09-21T05:47:01.038278+00:00
3073b116-9f74-4189-bf5a-5fc714360183,fUSD,0.00023955,2,1,8036.0,offer,2026-09-21T05:47:01.038278+00:00
3073b116-9f74-4189-bf5a-5fc714360183,fUSD,0.00023999,2,2,792.89956548,offer,2026-09-21T05:47:01.038278+00:00
3073b116-9f74-4189-bf5a-5fc714360183,fUSD,0.00024,2,1,32176.20764896,offer,2026-09-21T05:47:01.038278+00:00
3073b116-9f74-4189-bf5a-5fc714360183,fUSD,0.00024003,2,1,14349.0,offer,2026-09-21T05:47:01.038278+00:00
3073b116-9f74-4189-bf5a-5fc714360183,fUSD,0.000240175,2,1,150.73874366,offer,2026-09-21T05:47:01.038278+00:00
3073b116-9f74-4189-bf5a-5fc714360183,fUSD,0.00024194069589041095,2,1,619.11,offer,2026-09-21T05:47:01.038278+00:00
3073b116-9f74-4189-bf5a-5fc714360183,fUSD,0.00024198,7,1,3334.47,offer,2026-09-21T05:47:01.038278+00:00
3073b116-9f74-4189-bf5a-5fc714360183,fUSD,0.00024281034787028142,2,1,160.0,offer,2026-09-21T05:47:01.038278+00:00
3073b116-9f74-4189-bf5a-5fc714360183,fUSD,0.000243,2,2,710.39727649,offer,2026-09-21T05:47:01.038278+00:00
3073b116-9f74-4189-bf5a-5fc714360183,fUSD,0.0002431,2,1,169.76,offer,2026-09-21T05:47:01.038278+00:00
3073b116-9f74-4189-bf5a-5fc714360183,fUSD,0.00024310000000000003,2,2,904.33988742,offer,2026-09-21T05:47:01.038278+00:00
3073b116-9f74-4189-bf5a-5fc714360183,fUSD,0.000243486335,2,1,168.8,offer,2026-09-21T05:47:01.038278+00:00
3073b116-9f74-4189-bf5a-5fc714360183,fUSD,0.00024397260273972604,2,2,1030.0,offer,2026-09-21T05:47:01.038278+00:00
3073b116-9f74-4189-bf5a-5fc714360183,fUSD,0.0002444039929456743,2,1,735.11816595,offer,2026-09-21T05:47:01.038278+00:00
3073b116-9f74-4189-bf5a-5fc714360183,fUSD,0.0002444147,2,1,306.1,offer,2026-09-21T05:47:01.038278+00:00
3073b116-9f74-4189-bf5a-5fc714360183,fUSD,0.00024457306805999996,2,1,437.87867519,offer,2026-09-21T05:47:01.038278+00:00
3073b116-9f74-4189-bf5a-5fc714360183,fUSD,0.00024471,2,1,500.0,offer,2026-09-21T05:47:01.038278+00:00
3073b116-9f74-4189-bf5a-5fc714360183,fUSD,0.00024488,2,1,500.0,offer,2026-09-21T05:47:01.038278+00:00
6174139d-bb55-480d-95da-f27c31dcf2f8,fUSD,0.000273972602739726,120,1,-1692201.99877663,demand,2026-09-21T06:47:01.216117+00:00
6174139d-bb55-480d-95da-f27c31dcf2f8,fUSD,0.00018999999999999998,120,1,-11000.0,demand,2026-09-21T06:47:01.216117+00:00
6174139d-bb55-480d-95da-f27c31dcf2f8,fUSD,0.0001712,120,1,-20000.0,demand,2026-09-21T06:47:01.216117+00:00
6174139d-bb55-480d-95da-f27c31dcf2f8,fUSD,0.00017111,120,1,-2000000.0,demand,2026-09-21T06:47:01.216117+00:00
6174139d-bb55-480d-95da-f27c31dcf2f8,fUSD,0.000161,120,1,-100000.0,demand,2026-09-21T06:47:01.216117+00:00
6174139d-bb55-480d-95da-f27c31dcf2f8,fUSD,0.000161,60,1,-19834.0,demand,2026-09-21T06:47:01.216117+00:00
6174139d-bb55-480d-95da-f27c31dcf2f8,fUSD,0.0001603,120,1,-20000.0,demand,2026-09-21T06:47:01.216117+00:00
6174139d-bb55-480d-95da-f27c31dcf2f8,fUSD,0.00016,120,2,-10009162.66122322,demand,2026-09-21T06:47:01.216117+00:00
6174139d-bb55-480d-95da-f27c31dcf2f8,fUSD,0.0001503,90,1,-20000.0,demand,2026-09-21T06:47:01.216117+00:00
6174139d-bb55-480d-95da-f27c31dcf2f8,fUSD,0.000150001,5,5,-99727.15,demand,2026-09-21T06:47:01.216117+00:00
6174139d-bb55-480d-95da-f27c31dcf2f8,fUSD,0.000150001,2,2,-7576541.58315903,demand,2026-09-21T06:47:01.216117+00:00
6174139d-bb55-480d-95da-f27c31dcf2f8,fUSD,0.00015,29,1,-149122.66199579,demand,2026-09-21T06:47:01.216117+00:00
6174139d-bb55-480d-95da-f27c31dcf2f8,fUSD,0.00015,7,1,-5951.13645247,demand,2026-09-21T06:47:01.216117+00:00
6174139d-bb55-480d-95da-f27c31dcf2f8,fUSD,0.00014252,120,1,-10770.76644364,demand,2026-09-21T06:47:01.216117+00:00
6174139d-bb55-480d-95da-f27c31dcf2f8,fUSD,0.0001403,90,1,-20000.0,demand,2026-09-21T06:47:01.216117+00:00
6174139d-bb55-480d-95da-f27c31dcf2f8,fUSD,0.00014002,2,26,-260000.0,demand,2026-09-21T06:47:01.216117+00:00
6174139d-bb55-480d-95da-f27c31dcf2f8,fUSD,0.00014001,2,1,-119774.0143323,demand,2026-09-21T06:47:01.216117+00:00
6174139d-bb55-480d-95da-f27c31dcf2f8,fUSD,0.00013609331837995678,2,1,-4718.52507741,demand,2026-09-21T06:47:01.216117+00:00
6174139d-bb55-480d-95da-f27c31dcf2f8,fUSD,0.0001360863558690526,2,1,-4718.52507741,demand,2026-09-21T06:47:01.216117+00:00
6174139d-bb55-480d-95da-f27c31dcf2f8,fUSD,0.00013607309647575537,2,1,-4718.52507741,demand,2026-09-21T06:47:01.216117+00:00
6174139d-bb55-480d-95da-f27c31dcf2f8,fUSD,0.00013605940990262007,2,1,-4718.52507741,demand,2026-09-21T06:47:01.216117+00:00
6174139d-bb55-480d-95da-f27c31dcf2f8,fUSD,0.00013605927711654066,2,1,-4718.52507741,demand,2026-09-21T06:47:01.216117+00:00
6174139d-bb55-480d-95da-f27c31dcf2f8,fUSD,0.00013605568932503558,2,1,-4718.52507741,demand,2026-09-21T06:47:01.216117+00:00
6174139d-bb55-480d-95da-f27c31dcf2f8,fUSD,0.0001360536763568874,2,1,-4718.52507741,demand,2026-09-21T06:47:01.216117+00:00
6174139d-bb55-480d-95da-f27c31dcf2f8,fUSD,0.00013604521062398066,2,1,-4718.52507741,demand,2026-09-21T06:47:01.216117+00:00
6174139d-bb55-480d-95da-f27c31dcf2f8,fUSD,0.00019413,3,1,2482.50547252,offer,2026-09-21T06:47:01.216117+00:00
6174139d-bb55-480d-95da-f27c31dcf2f8,fUSD,0.0001985,2,1,243.81086645,offer,2026-09-21T06:47:01.216117+00:00
6174139d-bb55-480d-95da-f27c31dcf2f8,fUSD,0.00019851,3,1,5128.45604116,offer,2026-09-21T06:47:01.216117+00:00
6174139d-bb55-480d-95da-f27c31dcf2f8,fUSD,0.00020337,3,1,5433.52006949,offer,2026-09-21T06:47:01.216117+00:00
6174139d-bb55-480d-95da-f27c31dcf2f8,fUSD,0.00020824,3,1,5544.04553112,offer,2026-09-21T06:47:01.216117+00:00
6174139d-bb55-480d-95da-f27c31dcf2f8,fUSD,0.00021311,3,1,5959.63502119,offer,2026-09-21T06:47:01.216117+00:00
6174139d-bb55-480d-95da-f27c31dcf2f8,fUSD,0.00021798,3,1,6375.22451126,offer,2026-09-21T06:47:01.216117+00:00
6174139d-bb55-480d-95da-f27c31dcf2f8,fUSD,0.00022285,3,1,6564.15447549,offer,2026-09-21T06:47:01.216117+00:00
6174139d-bb55-480d-95da-f27c31dcf2f8,fUSD,0.000223,30,1,252.29691475,offer,2026-09-21T06:47:01.216117+00:00
6174139d-bb55-480d-95da-f27c31dcf2f8,fUSD,0.00022772,3,1,6965.55936158,offer,2026-09-21T06:47:01.216117+00:00
6174139d-bb55-480d-95da-f27c31dcf2f8,fUSD,0.00023258,3,2,7888.16196107,offer,2026-09-21T06:47:01.216117+00:00
6174139d-bb55-480d-95da-f27c31dcf2f8,fUSD,0.00023745,3,1,8153.00639482,offer,2026-09-21T06:47:01.216117+00:00
6174139d-bb55-480d-95da-f27c31dcf2f8,fUSD,0.00023849,2,1,946.0,offer,2026-09-21T06:47:01.216117+00:00
6174139d-bb55-480d-95da-f27c31dcf2f8,fUSD,0.00023999,2,2,39440.973055,offer,2026-09-21T06:47:01.216117+00:00
6174139d-bb55-480d-95da-f27c31dcf2f8,fUSD,0.00024,4,1,140705.17067999,offer,2026-09-21T06:47:01.216117+00:00
6174139d-bb55-480d-95da-f27c31dcf2f8,fUSD,0.00024,2,16,205300.87813331,offer,2026-09-21T06:47:01.216117+00:00
6174139d-bb55-480d-95da-f27c31dcf2f8,fUSD,0.00024,3,2,315.0,offer,2026-09-21T06:47:01.216117+00:00
6174139d-bb55-480d-95da-f27c31dcf2f8,fUSD,0.00024,7,1,2891.8,offer,2026-09-21T06:47:01.216117+00:00
6174139d-bb55-480d-95da-f27c31dcf2f8,fUSD,0.000240065,2,1,155.0,offer,2026-09-21T06:47:01.216117+00:00
6174139d-bb55-480d-95da-f27c31dcf2f8,fUSD,0.0002401111,2,2,13554.17809047,offer,2026-09-21T06:47:01.216117+00:00
6174139d-bb55-480d-95da-f27c31dcf2f8,fUSD,0.00024022,2,1,547.84999914,offer,2026-09-21T06:47:01.216117+00:00
6174139d-bb55-480d-95da-f27c31dcf2f8,fUSD,0.00024034,2,1,510.07,offer,2026-09-21T06:47:01.216117+00:00
6174139d-bb55-480d-95da-f27c31dcf2f8,fUSD,0.00024054,2,1,151.06,offer,2026-09-21T06:47:01.216117+00:00
6174139d-bb55-480d-95da-f27c31dcf2f8,fUSD,0.00024070288493150684,2,1,185.92,offer,2026-09-21T06:47:01.216117+00:00
6174139d-bb55-480d-95da-f27c31dcf2f8,fUSD,0.0002412222,2,2,13554.17809047,offer,2026-09-21T06:47:01.216117+00:00
4ed604ed-861d-4a24-b665-a4092557e24b,fUSD,0.000273972602739726,120,1,-1688866.86878963,demand,2026-09-21T07:47:01.267642+00:00
4ed604ed-861d-4a24-b665-a4092557e24b,fUSD,0.00018999999999999998,120,1,-11000.0,demand,2026-09-21T07:47:01.267642+00:00
4ed604ed-861d-4a24-b665-a4092557e24b,fUSD,0.0001712,120,1,-20000.0,demand,2026-09-21T07:47:01.267642+00:00
4ed604ed-861d-4a24-b665-a4092557e24b,fUSD,0.00017111,120,1,-2000000.0,demand,2026-09-21T07:47:01.267642+00:00
4ed604ed-861d-4a24-b665-a4092557e24b,fUSD,0.000161,120,1,-100000.0,demand,2026-09-21T07:47:01.267642+00:00
4ed604ed-861d-4a24-b665-a4092557e24b,fUSD,0.000161,60,1,-19834.0,demand,2026-09-21T07:47:01.267642+00:00
4ed604ed-861d-4a24-b665-a4092557e24b,fUSD,0.0001603,120,1,-20000.0,demand,2026-09-21T07:47:01.267642+00:00
4ed604ed-861d-4a24-b665-a4092557e24b,fUSD,0.00016,120,2,-10009162.66122322,demand,2026-09-21T07:47:01.267642+00:00
4ed604ed-861d-4a24-b665-a4092557e24b,fUSD,0.0001503,90,1,-20000.0,demand,2026-09-21T07:47:01.267642+00:00
4ed604ed-861d-4a24-b665-a4092557e24b,fUSD,0.000150001,5,5,-100000.0,demand,2026-09-21T07:47:01.267642+00:00
4ed604ed-861d-4a24-b665-a4092557e24b,fUSD,0.000150001,2,1,-4887562.21876246,demand,2026-09-21T07:47:01.267642+00:00
4ed604ed-861d-4a24-b665-a4092557e24b,fUSD,0.00015,29,1,-149122.66199579,demand,2026-09-21T07:47:01.267642+00:00
4ed604ed-861d-4a24-b665-a4092557e24b,fUSD,0.00015,7,1,-5951.13645247,demand,2026-09-21T07:47:01.267642+00:00
4ed604ed-861d-4a24-b665-a4092557e24b,fUSD,0.00014252,120,1,-10770.76644364,demand,2026-09-21T07:47:01.267642+00:00
4ed604ed-861d-4a24-b665-a4092557e24b,fUSD,0.000141,2,1,-32000.0,demand,2026-09-21T07:47:01.267642+00:00
4ed604ed-861d-4a24-b665-a4092557e24b,fUSD,0.0001403,90,1,-20000.0,demand,2026-09-21T07:47:01.267642+00:00
4ed604ed-861d-4a24-b665-a4092557e24b,fUSD,0.00014002,2,26,-260000.0,demand,2026-09-21T07:47:01.267642+00:00
4ed604ed-861d-4a24-b665-a4092557e24b,fUSD,0.00014001,2,1,-119774.0143323,demand,2026-09-21T07:47:01.267642+00:00
4ed604ed-861d-4a24-b665-a4092557e24b,fUSD,0.00013609331837995678,2,1,-4718.52507741,demand,2026-09-21T07:47:01.267642+00:00
4ed604ed-861d-4a24-b665-a4092557e24b,fUSD,0.0001360863558690526,2,1,-4718.52507741,demand,2026-09-21T07:47:01.267642+00:00
4ed604ed-861d-4a24-b665-a4092557e24b,fUSD,0.00013607309647575537,2,1,-4718.52507741,demand,2026-09-21T07:47:01.267642+00:00
4ed604ed-861d-4a24-b665-a4092557e24b,fUSD,0.00013605940990262007,2,1,-4718.52507741,demand,2026-09-21T07:47:01.267642+00:00
4ed604ed-861d-4a24-b665-a4092557e24b,fUSD,0.00013605927711654066,2,1,-4718.52507741,demand,2026-09-21T07:47:01.267642+00:00
4ed604ed-861d-4a24-b665-a4092557e24b,fUSD,0.00013605568932503558,2,1,-4718.52507741,demand,2026-09-21T07:47:01.267642+00:00
4ed604ed-861d-4a24-b665-a4092557e24b,fUSD,0.0001360536763568874,2,1,-4718.52507741,demand,2026-09-21T07:47:01.267642+00:00
4ed604ed-861d-4a24-b665-a4092557e24b,fUSD,0.00024397260273972604,2,2,761.16076142,offer,2026-09-21T07:47:01.267642+00:00
4ed604ed-861d-4a24-b665-a4092557e24b,fUSD,0.000243972603,2,1,421.58,offer,2026-09-21T07:47:01.267642+00:00
4ed604ed-861d-4a24-b665-a4092557e24b,fUSD,0.000245986301369863,2,1,150.0,offer,2026-09-21T07:47:01.267642+00:00
4ed604ed-861d-4a24-b665-a4092557e24b,fUSD,0.000248,2,1,1132.304807,offer,2026-09-21T07:47:01.267642+00:00
4ed604ed-861d-4a24-b665-a4092557e24b,fUSD,0.000249,2,6,23427.14582482,offer,2026-09-21T07:47:01.267642+00:00
4ed604ed-861d-4a24-b665-a4092557e24b,fUSD,0.000249,4,1,196.75686039,offer,2026-09-21T07:47:01.267642+00:00
4ed604ed-861d-4a24-b665-a4092557e24b,fUSD,0.0002491,10,1,971.0,offer,2026-09-21T07:47:01.267642+00:00
4ed604ed-861d-4a24-b665-a4092557e24b,fUSD,0.0002492,2,1,892.04,offer,2026-09-21T07:47:01.267642+00:00
4ed604ed-861d-4a24-b665-a4092557e24b,fUSD,0.0002492389,2,1,1843.03865048,offer,2026-09-21T07:47:01.267642+00:00
4ed604ed-861d-4a24-b665-a4092557e24b,fUSD,0.00024931506849315067,6,3,750.0,offer,2026-09-21T07:47:01.267642+00:00
4ed604ed-861d-4a24-b665-a4092557e24b,fUSD,0.0002494133,2,9,117585.85694395,offer,2026-09-21T07:47:01.267642+00:00
4ed604ed-861d-4a24-b665-a4092557e24b,fUSD,0.0002496378,2,1,1843.03865048,offer,2026-09-21T07:47:01.267642+00:00
4ed604ed-861d-4a24-b665-a4092557e24b,fUSD,0.00024974109589041095,2,2,331.7,offer,2026-09-21T07:47:01.267642+00:00
4ed604ed-861d-4a24-b665-a4092557e24b,fUSD,0.00024975,2,1,283.85,offer,2026-09-21T07:47:01.267642+00:00
4ed604ed-861d-4a24-b665-a4092557e24b,fUSD,0.00024983,2,1,500.0,offer,2026-09-21T07:47:01.267642+00:00
4ed604ed-861d-4a24-b665-a4092557e24b,fUSD,0.00024984,2,14,276734.49419197,offer,2026-09-21T07:47:01.267642+00:00
4ed604ed-861d-4a24-b665-a4092557e24b,fUSD,0.00024985000000000003,2,3,819.58435703,offer,2026-09-21T07:47:01.267642+00:00
4ed604ed-861d-4a24-b665-a4092557e24b,fUSD,0.00024987,2,5,2576.28866196,offer,2026-09-21T07:47:01.267642+00:00
4ed604ed-861d-4a24-b665-a4092557e24b,fUSD,0.00024989,2,1,500.0,offer,2026-09-21T07:47:01.267642+00:00
4ed604ed-861d-4a24-b665-a4092557e24b,fUSD,0.0002498972602739726,2,2,331.7,offer,2026-09-21T07:47:01.267642+00:00
4ed604ed-861d-4a24-b665-a4092557e24b,fUSD,0.0002499,2,7,2819.2154191,offer,2026-09-21T07:47:01.267642+00:00
4ed604ed-861d-4a24-b665-a4092557e24b,fUSD,0.0002499867,2,1,2189.65040388,offer,2026-09-21T07:47:01.267642+00:00
4ed604ed-861d-4a24-b665-a4092557e24b,fUSD,0.00024999,3,1,150.0,offer,2026-09-21T07:47:01.267642+00:00
4ed604ed-861d-4a24-b665-a4092557e24b,fUSD,0.00024999,2,14,6394.47239656,offer,2026-09-21T07:47:01.267642+00:00
4ed604ed-861d-4a24-b665-a4092557e24b,fUSD,0.0002499972602739726,5,1,1084.0,offer,2026-09-21T07:47:01.267642+00:00
0aaf9b37-e03f-4c00-bede-93bbb2fddb12,fUSD,0.000273972602739726,120,1,-1675116.11753908,demand,2026-09-21T08:47:01.266830+00:00
0aaf9b37-e03f-4c00-bede-93bbb2fddb12,fUSD,0.00018999999999999998,120,1,-11000.0,demand,2026-09-21T08:47:01.266830+00:00
0aaf9b37-e03f-4c00-bede-93bbb2fddb12,fUSD,0.0001712,120,1,-20000.0,demand,2026-09-21T08:47:01.266830+00:00
0aaf9b37-e03f-4c00-bede-93bbb2fddb12,fUSD,0.00017111,120,1,-2000000.0,demand,2026-09-21T08:47:01.266830+00:00
0aaf9b37-e03f-4c00-bede-93bbb2fddb12,fUSD,0.000166,2,1,-4703.0,demand,2026-09-21T08:47:01.266830+00:00
0aaf9b37-e03f-4c00-bede-93bbb2fddb12,fUSD,0.000161,120,1,-100000.0,demand,2026-09-21T08:47:01.266830+00:00
0aaf9b37-e03f-4c00-bede-93bbb2fddb12,fUSD,0.000161,60,1,-19834.0,demand,2026-09-21T08:47:01.266830+00:00
0aaf9b37-e03f-4c00-bede-93bbb2fddb12,fUSD,0.0001603,120,1,-20000.0,demand,2026-09-21T08:47:01.266830+00:00
0aaf9b37-e03f-4c00-bede-93bbb2fddb12,fUSD,0.00016,120,2,-10009162.66122322,demand,2026-09-21T08:47:01.266830+00:00
0aaf9b37-e03f-4c00-bede-93bbb2fddb12,fUSD,0.0001503,90,1,-20000.0,demand,2026-09-21T08:47:01.266830+00:00
0aaf9b37-e03f-4c00-bede-93bbb2fddb12,fUSD,0.000150001,2,3,-14544002.3768433,demand,2026-09-21T08:47:01.266830+00:00
0aaf9b37-e03f-4c00-bede-93bbb2fddb12,fUSD,0.000150001,5,4,-80000.0,demand,2026-09-21T08:47:01.266830+00:00
0aaf9b37-e03f-4c00-bede-93bbb2fddb12,fUSD,0.00015,29,1,-149122.66199579,demand,2026-09-21T08:47:01.266830+00:00
0aaf9b37-e03f-4c00-bede-93bbb2fddb12,fUSD,0.00015,7,1,-5951.13645247,demand,2026-09-21T08:47:01.266830+00:00
0aaf9b37-e03f-4c00-bede-93bbb2fddb12,fUSD,0.00014252,120,1,-10770.76644364,demand,2026-09-21T08:47:01.266830+00:00
0aaf9b37-e03f-4c00-bede-93bbb2fddb12,fUSD,0.000141,2,1,-32000.0,demand,2026-09-21T08:47:01.266830+00:00
0aaf9b37-e03f-4c00-bede-93bbb2fddb12,fUSD,0.0001403,90,1,-20000.0,demand,2026-09-21T08:47:01.266830+00:00
0aaf9b37-e03f-4c00-bede-93bbb2fddb12,fUSD,0.00014001,2,1,-119774.0143323,demand,2026-09-21T08:47:01.266830+00:00
0aaf9b37-e03f-4c00-bede-93bbb2fddb12,fUSD,0.0001360901116167477,2,1,-4718.52507741,demand,2026-09-21T08:47:01.266830+00:00
0aaf9b37-e03f-4c00-bede-93bbb2fddb12,fUSD,0.0001360799462667167,2,1,-4718.52507741,demand,2026-09-21T08:47:01.266830+00:00
0aaf9b37-e03f-4c00-bede-93bbb2fddb12,fUSD,0.00013607508531529607,2,1,-4718.52507741,demand,2026-09-21T08:47:01.266830+00:00
0aaf9b37-e03f-4c00-bede-93bbb2fddb12,fUSD,0.0001360589801540848,2,1,-4718.52507741,demand,2026-09-21T08:47:01.266830+00:00
0aaf9b37-e03f-4c00-bede-93bbb2fddb12,fUSD,0.00013605307435382132,2,1,-4718.52507741,demand,2026-09-21T08:47:01.266830+00:00
0aaf9b37-e03f-4c00-bede-93bbb2fddb12,fUSD,0.00013603790681296376,2,1,-4718.52507741,demand,2026-09-21T08:47:01.266830+00:00
0aaf9b37-e03f-4c00-bede-93bbb2fddb12,fUSD,0.0001360373128098825,2,1,-4718.52507741,demand,2026-09-21T08:47:01.266830+00:00
0aaf9b37-e03f-4c00-bede-93bbb2fddb12,fUSD,0.0001744009090909091,3,1,21.88365585,offer,2026-09-21T08:47:01.266830+00:00
0aaf9b37-e03f-4c00-bede-93bbb2fddb12,fUSD,0.0001782536842105263,3,1,297.0,offer,2026-09-21T08:47:01.266830+00:00
0aaf9b37-e03f-4c00-bede-93bbb2fddb12,fUSD,0.00018642800000000004,2,1,250.0,offer,2026-09-21T08:47:01.266830+00:00
0aaf9b37-e03f-4c00-bede-93bbb2fddb12,fUSD,0.0001887,47,1,164.29168784,offer,2026-09-21T08:47:01.266830+00:00
0aaf9b37-e03f-4c00-bede-93bbb2fddb12,fUSD,0.00019238052631578945,3,1,297.0,offer,2026-09-21T08:47:01.266830+00:00
0aaf9b37-e03f-4c00-bede-93bbb2fddb12,fUSD,0.00019507,2,1,156.02,offer,2026-09-21T08:47:01.266830+00:00
0aaf9b37-e03f-4c00-bede-93bbb2fddb12,fUSD,0.000196,2,1,210.40402093,offer,2026-09-21T08:47:01.266830+00:00
0aaf9b37-e03f-4c00-bede-93bbb2fddb12,fUSD,0.00019880181818181816,3,1,157.0,offer,2026-09-21T08:47:01.266830+00:00
0aaf9b37-e03f-4c00-bede-93bbb2fddb12,fUSD,0.00020650736842105262,3,1,297.0,offer,2026-09-21T08:47:01.266830+00:00
0aaf9b37-e03f-4c00-bede-93bbb2fddb12,fUSD,0.00021404,2,1,319.90612126,offer,2026-09-21T08:47:01.266830+00:00
0aaf9b37-e03f-4c00-bede-93bbb2fddb12,fUSD,0.00021891,2,1,150.0,offer,2026-09-21T08:47:01.266830+00:00
0aaf9b37-e03f-4c00-bede-93bbb2fddb12,fUSD,0.00022063421052631577,3,1,297.0,offer,2026-09-21T08:47:01.266830+00:00
0aaf9b37-e03f-4c00-bede-93bbb2fddb12,fUSD,0.0002213637650716773,2,1,357.43319847,offer,2026-09-21T08:47:01.266830+00:00
0aaf9b37-e03f-4c00-bede-93bbb2fddb12,fUSD,0.00022320272727272727,3,1,157.0,offer,2026-09-21T08:47:01.266830+00:00
0aaf9b37-e03f-4c00-bede-93bbb2fddb12,fUSD,0.0002283307,2,1,218.21,offer,2026-09-21T08:47:01.266830+00:00
0aaf9b37-e03f-4c00-bede-93bbb2fddb12,fUSD,0.00022911597602739725,7,1,570.76665962,offer,2026-09-21T08:47:01.266830+00:00
0aaf9b37-e03f-4c00-bede-93bbb2fddb12,fUSD,0.0002297221,2,1,162.58,offer,2026-09-21T08:47:01.266830+00:00
0aaf9b37-e03f-4c00-bede-93bbb2fddb12,fUSD,0.00023188,47,1,164.29168784,offer,2026-09-21T08:47:01.266830+00:00
0aaf9b37-e03f-4c00-bede-93bbb2fddb12,fUSD,0.00023346079219235618,7,1,264.91,offer,2026-09-21T08:47:01.266830+00:00
0aaf9b37-e03f-4c00-bede-93bbb2fddb12,fUSD,0.00023388,2,1,194.71758344,offer,2026-09-21T08:47:01.266830+00:00
0aaf9b37-e03f-4c00-bede-93bbb2fddb12,fUSD,0.00023389,2,1,308.46,offer,2026-09-21T08:47:01.266830+00:00
0aaf9b37-e03f-4c00-bede-93bbb2fddb12,fUSD,0.0002346295,2,1,222.2,offer,2026-09-21T08:47:01.266830+00:00
0aaf9b37-e03f-4c00-bede-93bbb2fddb12,fUSD,0.00023476105263157894,3,1,297.0,offer,2026-09-21T08:47:01.266830+00:00
0aaf9b37-e03f-4c00-bede-93bbb2fddb12,fUSD,0.000239856,2,3,897.42121016,offer,2026-09-21T08:47:01.266830+00:00
0aaf9b37-e03f-4c00-bede-93bbb2fddb12,fUSD,0.00024,2,2,1560.41,offer,2026-09-21T08:47:01.266830+00:00
b2ddd78c-2010-46cb-9613-53251b5e3d79,fUSD,0.000273972602739726,120,1,-1669263.98758964,demand,2026-09-21T09:47:01.246148+00:00
b2ddd78c-2010-46cb-9613-53251b5e3d79,fUSD,0.00018999999999999998,120,1,-11000.0,demand,2026-09-21T09:47:01.246148+00:00
b2ddd78c-2010-46cb-9613-53251b5e3d79,fUSD,0.0001712,120,1,-20000.0,demand,2026-09-21T09:47:01.246148+00:00
b2ddd78c-2010-46cb-9613-53251b5e3d79,fUSD,0.00017111,120,1,-2000000.0,demand,2026-09-21T09:47:01.246148+00:00
b2ddd78c-2010-46cb-9613-53251b5e3d79,fUSD,0.000161,120,1,-100000.0,demand,2026-09-21T09:47:01.246148+00:00
b2ddd78c-2010-46cb-9613-53251b5e3d79,fUSD,0.000161,60,1,-19834.0,demand,2026-09-21T09:47:01.246148+00:00
b2ddd78c-2010-46cb-9613-53251b5e3d79,fUSD,0.0001603,120,1,-20000.0,demand,2026-09-21T09:47:01.246148+00:00
b2ddd78c-2010-46cb-9613-53251b5e3d79,fUSD,0.00016,120,2,-10009162.66122322,demand,2026-09-21T09:47:01.246148+00:00
b2ddd78c-2010-46cb-9613-53251b5e3d79,fUSD,0.0001503,90,1,-20000.0,demand,2026-09-21T09:47:01.246148+00:00
b2ddd78c-2010-46cb-9613-53251b5e3d79,fUSD,0.000150001,2,3,-13749780.39588951,demand,2026-09-21T09:47:01.246148+00:00
b2ddd78c-2010-46cb-9613-53251b5e3d79,fUSD,0.000150001,5,4,-80000.0,demand,2026-09-21T09:47:01.246148+00:00
b2ddd78c-2010-46cb-9613-53251b5e3d79,fUSD,0.00015,29,1,-149122.66199579,demand,2026-09-21T09:47:01.246148+00:00
b2ddd78c-2010-46cb-9613-53251b5e3d79,fUSD,0.00015,7,1,-5951.13645247,demand,2026-09-21T09:47:01.246148+00:00
b2ddd78c-2010-46cb-9613-53251b5e3d79,fUSD,0.00015,2,55,-275000.0,demand,2026-09-21T09:47:01.246148+00:00
b2ddd78c-2010-46cb-9613-53251b5e3d79,fUSD,0.00014252,120,1,-10770.76644364,demand,2026-09-21T09:47:01.246148+00:00
b2ddd78c-2010-46cb-9613-53251b5e3d79,fUSD,0.000141,2,1,-32000.0,demand,2026-09-21T09:47:01.246148+00:00
b2ddd78c-2010-46cb-9613-53251b5e3d79,fUSD,0.0001403,90,1,-20000.0,demand,2026-09-21T09:47:01.246148+00:00
b2ddd78c-2010-46cb-9613-53251b5e3d79,fUSD,0.00014001,2,1,-119774.0143323,demand,2026-09-21T09:47:01.246148+00:00
b2ddd78c-2010-46cb-9613-53251b5e3d79,fUSD,0.0001360901116167477,2,1,-4718.52507741,demand,2026-09-21T09:47:01.246148+00:00
b2ddd78c-2010-46cb-9613-53251b5e3d79,fUSD,0.0001360799462667167,2,1,-4718.52507741,demand,2026-09-21T09:47:01.246148+00:00
b2ddd78c-2010-46cb-9613-53251b5e3d79,fUSD,0.00013607508531529607,2,1,-4718.52507741,demand,2026-09-21T09:47:01.246148+00:00
b2ddd78c-2010-46cb-9613-53251b5e3d79,fUSD,0.0001360589801540848,2,1,-4718.52507741,demand,2026-09-21T09:47:01.246148+00:00
b2ddd78c-2010-46cb-9613-53251b5e3d79,fUSD,0.00013605307435382132,2,1,-4718.52507741,demand,2026-09-21T09:47:01.246148+00:00
b2ddd78c-2010-46cb-9613-53251b5e3d79,fUSD,0.00013603790681296376,2,1,-4718.52507741,demand,2026-09-21T09:47:01.246148+00:00
b2ddd78c-2010-46cb-9613-53251b5e3d79,fUSD,0.0001360373128098825,2,1,-4718.52507741,demand,2026-09-21T09:47:01.246148+00:00
b2ddd78c-2010-46cb-9613-53251b5e3d79,fUSD,0.0002170825,2,4,1391.8390762,offer,2026-09-21T09:47:01.246148+00:00
b2ddd78c-2010-46cb-9613-53251b5e3d79,fUSD,0.00021709249999999998,2,4,909.87345783,offer,2026-09-21T09:47:01.246148+00:00
b2ddd78c-2010-46cb-9613-53251b5e3d79,fUSD,0.00021710249999999998,3,1,154.0,offer,2026-09-21T09:47:01.246148+00:00
b2ddd78c-2010-46cb-9613-53251b5e3d79,fUSD,0.00021832,2,1,390.0,offer,2026-09-21T09:47:01.246148+00:00
b2ddd78c-2010-46cb-9613-53251b5e3d79,fUSD,0.00021838109549115204,7,1,189.38,offer,2026-09-21T09:47:01.246148+00:00
b2ddd78c-2010-46cb-9613-53251b5e3d79,fUSD,0.00021863,2,1,505.82484199,offer,2026-09-21T09:47:01.246148+00:00
b2ddd78c-2010-46cb-9613-53251b5e3d79,fUSD,0.00021889,2,1,6592.0,offer,2026-09-21T09:47:01.246148+00:00
b2ddd78c-2010-46cb-9613-53251b5e3d79,fUSD,0.00021943,2,1,1436.0,offer,2026-09-21T09:47:01.246148+00:00
b2ddd78c-2010-46cb-9613-53251b5e3d79,fUSD,0.00022,2,1,150.0,offer,2026-09-21T09:47:01.246148+00:00
b2ddd78c-2010-46cb-9613-53251b5e3d79,fUSD,0.00022407,2,1,150.0,offer,2026-09-21T09:47:01.246148+00:00
b2ddd78c-2010-46cb-9613-53251b5e3d79,fUSD,0.00022465753424657532,2,1,1188.96,offer,2026-09-21T09:47:01.246148+00:00
b2ddd78c-2010-46cb-9613-53251b5e3d79,fUSD,0.00022708,2,1,390.0,offer,2026-09-21T09:47:01.246148+00:00
b2ddd78c-2010-46cb-9613-53251b5e3d79,fUSD,0.0002290799,2,1,1000.0,offer,2026-09-21T09:47:01.246148+00:00
b2ddd78c-2010-46cb-9613-53251b5e3d79,fUSD,0.0002322098,2,1,5970.39,offer,2026-09-21T09:47:01.246148+00:00
b2ddd78c-2010-46cb-9613-53251b5e3d79,fUSD,0.0002328929,2,1,177.76,offer,2026-09-21T09:47:01.246148+00:00
b2ddd78c-2010-46cb-9613-53251b5e3d79,fUSD,0.00023347,2,2,900.0,offer,2026-09-21T09:47:01.246148+00:00
b2ddd78c-2010-46cb-9613-53251b5e3d79,fUSD,0.00023542126243999997,2,2,302.0,offer,2026-09-21T09:47:01.246148+00:00
b2ddd78c-2010-46cb-9613-53251b5e3d79,fUSD,0.0002355726,2,1,166.56,offer,2026-09-21T09:47:01.246148+00:00
b2ddd78c-2010-46cb-9613-53251b5e3d79,fUSD,0.0002375,2,2,1009.46,offer,2026-09-21T09:47:01.246148+00:00
b2ddd78c-2010-46cb-9613-53251b5e3d79,fUSD,0.00023864,2,1,159.46,offer,2026-09-21T09:47:01.246148+00:00
b2ddd78c-2010-46cb-9613-53251b5e3d79,fUSD,0.00023946999999999998,3,1,153.0,offer,2026-09-21T09:47:01.246148+00:00
b2ddd78c-2010-46cb-9613-53251b5e3d79,fUSD,0.00023977,2,1,159.46,offer,2026-09-21T09:47:01.246148+00:00
b2ddd78c-2010-46cb-9613-53251b5e3d79,fUSD,0.00024,2,2,1343.3,offer,2026-09-21T09:47:01.246148+00:00
b2ddd78c-2010-46cb-9613-53251b5e3d79,fUSD,0.00024091,2,1,159.46,offer,2026-09-21T09:47:01.246148+00:00
b2ddd78c-2010-46cb-9613-53251b5e3d79,fUSD,0.00024121879,2,1,169.22,offer,2026-09-21T09:47:01.246148+00:00
5e8af740-1771-41b3-bf46-02ad057018c9,fUSD,0.000273972602739726,120,1,-1653983.54438483,demand,2026-09-21T10:47:01.174601+00:00
5e8af740-1771-41b3-bf46-02ad057018c9,fUSD,0.00018999999999999998,120,1,-11000.0,demand,2026-09-21T10:47:01.174601+00:00
5e8af740-1771-41b3-bf46-02ad057018c9,fUSD,0.0001712,120,1,-20000.0,demand,2026-09-21T10:47:01.174601+00:00
5e8af740-1771-41b3-bf46-02ad057018c9,fUSD,0.00017111,120,1,-2000000.0,demand,2026-09-21T10:47:01.174601+00:00
5e8af740-1771-41b3-bf46-02ad057018c9,fUSD,0.000161,120,1,-100000.0,demand,2026-09-21T10:47:01.174601+00:00
5e8af740-1771-41b3-bf46-02ad057018c9,fUSD,0.000161,60,1,-19834.0,demand,2026-09-21T10:47:01.174601+00:00
5e8af740-1771-41b3-bf46-02ad057018c9,fUSD,0.0001603,120,1,-20000.0,demand,2026-09-21T10:47:01.174601+00:00
5e8af740-1771-41b3-bf46-02ad057018c9,fUSD,0.00016,120,2,-10009162.66122322,demand,2026-09-21T10:47:01.174601+00:00
5e8af740-1771-41b3-bf46-02ad057018c9,fUSD,0.000151,2,1,-19799.55624698,demand,2026-09-21T10:47:01.174601+00:00
5e8af740-1771-41b3-bf46-02ad057018c9,fUSD,0.0001503,90,1,-20000.0,demand,2026-09-21T10:47:01.174601+00:00
5e8af740-1771-41b3-bf46-02ad057018c9,fUSD,0.000150001,2,3,-13329496.75927143,demand,2026-09-21T10:47:01.174601+00:00
5e8af740-1771-41b3-bf46-02ad057018c9,fUSD,0.000150001,5,3,-60000.0,demand,2026-09-21T10:47:01.174601+00:00
5e8af740-1771-41b3-bf46-02ad057018c9,fUSD,0.00015,29,1,-149122.66199579,demand,2026-09-21T10:47:01.174601+00:00
5e8af740-1771-41b3-bf46-02ad057018c9,fUSD,0.00015,7,1,-5951.13645247,demand,2026-09-21T10:47:01.174601+00:00
5e8af740-1771-41b3-bf46-02ad057018c9,fUSD,0.00015,2,55,-275000.0,demand,2026-09-21T10:47:01.174601+00:00
5e8af740-1771-41b3-bf46-02ad057018c9,fUSD,0.00014252,120,1,-10770.76644364,demand,2026-09-21T10:47:01.174601+00:00
5e8af740-1771-41b3-bf46-02ad057018c9,fUSD,0.00014219594792351433,2,1,-4718.52507741,demand,2026-09-21T10:47:01.174601+00:00
5e8af740-1771-41b3-bf46-02ad057018c9,fUSD,0.00014218504651640753,2,1,-4718.52507741,demand,2026-09-21T10:47:01.174601+00:00
5e8af740-1771-41b3-bf46-02ad057018c9,fUSD,0.00014216759676635672,2,1,-4718.52507741,demand,2026-09-21T10:47:01.174601+00:00
5e8af740-1771-41b3-bf46-02ad057018c9,fUSD,0.00014216666045906468,2,1,-4718.52507741,demand,2026-09-21T10:47:01.174601+00:00
5e8af740-1771-41b3-bf46-02ad057018c9,fUSD,0.00014215338423354896,2,1,-4718.52507741,demand,2026-09-21T10:47:01.174601+00:00
5e8af740-1771-41b3-bf46-02ad057018c9,fUSD,0.0001421428127184629,2,1,-4718.52507741,demand,2026-09-21T10:47:01.174601+00:00
5e8af740-1771-41b3-bf46-02ad057018c9,fUSD,0.0001421361052038339,2,1,-4718.52507741,demand,2026-09-21T10:47:01.174601+00:00
5e8af740-1771-41b3-bf46-02ad057018c9,fUSD,0.0001421323655379515,2,1,-4718.52507741,demand,2026-09-21T10:47:01.174601+00:00
5e8af740-1771-41b3-bf46-02ad057018c9,fUSD,0.00014212780640966542,2,1,-4718.52507741,demand,2026-09-21T10:47:01.174601+00:00
5e8af740-1771-41b3-bf46-02ad057018c9,fUSD,0.00024397260273972604,2,1,514.0,offer,2026-09-21T10:47:01.174601+00:00
5e8af740-1771-41b3-bf46-02ad057018c9,fUSD,0.00024658,2,1,157.34,offer,2026-09-21T10:47:01.174601+00:00
5e8af740-1771-41b3-bf46-02ad057018c9,fUSD,0.0002484,7,1,157.34,offer,2026-09-21T10:47:01.174601+00:00
5e8af740-1771-41b3-bf46-02ad057018c9,fUSD,0.00025023,30,1,157.34,offer,2026-09-21T10:47:01.174601+00:00
5e8af740-1771-41b3-bf46-02ad057018c9,fUSD,0.00025205,2,1,157.34,offer,2026-09-21T10:47:01.174601+00:00
5e8af740-1771-41b3-bf46-02ad057018c9,fUSD,0.00025315,5,1,1728.5706642,offer,2026-09-21T10:47:01.174601+00:00
5e8af740-1771-41b3-bf46-02ad057018c9,fUSD,0.00025388,7,1,157.34,offer,2026-09-21T10:47:01.174601+00:00
5e8af740-1771-41b3-bf46-02ad057018c9,fUSD,0.00025571,30,1,157.34,offer,2026-09-21T10:47:01.174601+00:00
5e8af740-1771-41b3-bf46-02ad057018c9,fUSD,0.00025753,2,1,157.34,offer,2026-09-21T10:47:01.174601+00:00
5e8af740-1771-41b3-bf46-02ad057018c9,fUSD,0.00025936,7,1,157.34,offer,2026-09-21T10:47:01.174601+00:00
5e8af740-1771-41b3-bf46-02ad057018c9,fUSD,0.0002602739726027397,2,1,150.0,offer,2026-09-21T10:47:01.174601+00:00
5e8af740-1771-41b3-bf46-02ad057018c9,fUSD,0.00026035,2,1,152.57,offer,2026-09-21T10:47:01.174601+00:00
5e8af740-1771-41b3-bf46-02ad057018c9,fUSD,0.00026089,7,1,152.57,offer,2026-09-21T10:47:01.174601+00:00
5e8af740-1771-41b3-bf46-02ad057018c9,fUSD,0.00026118,30,1,157.34,offer,2026-09-21T10:47:01.174601+00:00
5e8af740-1771-41b3-bf46-02ad057018c9,fUSD,0.00026143,30,1,152.57,offer,2026-09-21T10:47:01.174601+00:00
5e8af740-1771-41b3-bf46-02ad057018c9,fUSD,0.00026197,2,1,152.57,offer,2026-09-21T10:47:01.174601+00:00
5e8af740-1771-41b3-bf46-02ad057018c9,fUSD,0.00026251,7,1,152.57,offer,2026-09-21T10:47:01.174601+00:00
5e8af740-1771-41b3-bf46-02ad057018c9,fUSD,0.00026301,2,1,157.34,offer,2026-09-21T10:47:01.174601+00:00
5e8af740-1771-41b3-bf46-02ad057018c9,fUSD,0.00026305,30,1,152.57,offer,2026-09-21T10:47:01.174601+00:00
5e8af740-1771-41b3-bf46-02ad057018c9,fUSD,0.00026359,2,1,152.57,offer,2026-09-21T10:47:01.174601+00:00
5e8af740-1771-41b3-bf46-02ad057018c9,fUSD,0.00026413,7,1,152.57,offer,2026-09-21T10:47:01.174601+00:00
5e8af740-1771-41b3-bf46-02ad057018c9,fUSD,0.00026467,30,1,152.57,offer,2026-09-21T10:47:01.174601+00:00
5e8af740-1771-41b3-bf46-02ad057018c9,fUSD,0.00026484,7,1,157.34,offer,2026-09-21T10:47:01.174601+00:00
5e8af740-1771-41b3-bf46-02ad057018c9,fUSD,0.00026521,2,1,152.57,offer,2026-09-21T10:47:01.174601+00:00
5e8af740-1771-41b3-bf46-02ad057018c9,fUSD,0.00026575,7,1,152.6,offer,2026-09-21T10:47:01.174601+00:00
ab3a2a16-bfb7-44b2-8bee-8184eecbc315,fUSD,0.000273972602739726,120,1,-1602299.60117715,demand,2026-09-21T11:47:01.520010+00:00
ab3a2a16-bfb7-44b2-8bee-8184eecbc315,fUSD,0.00018999999999999998,120,1,-11000.0,demand,2026-09-21T11:47:01.520010+00:00
ab3a2a16-bfb7-44b2-8bee-8184eecbc315,fUSD,0.0001712,120,1,-20000.0,demand,2026-09-21T11:47:01.520010+00:00
ab3a2a16-bfb7-44b2-8bee-8184eecbc315,fUSD,0.00017111,120,1,-2000000.0,demand,2026-09-21T11:47:01.520010+00:00
ab3a2a16-bfb7-44b2-8bee-8184eecbc315,fUSD,0.000161,120,1,-100000.0,demand,2026-09-21T11:47:01.520010+00:00
ab3a2a16-bfb7-44b2-8bee-8184eecbc315,fUSD,0.000161,60,1,-19834.0,demand,2026-09-21T11:47:01.520010+00:00
ab3a2a16-bfb7-44b2-8bee-8184eecbc315,fUSD,0.0001603,120,1,-20000.0,demand,2026-09-21T11:47:01.520010+00:00
ab3a2a16-bfb7-44b2-8bee-8184eecbc315,fUSD,0.00016,120,2,-10009162.66122322,demand,2026-09-21T11:47:01.520010+00:00
ab3a2a16-bfb7-44b2-8bee-8184eecbc315,fUSD,0.00016,30,30,-300000.0,demand,2026-09-21T11:47:01.520010+00:00
ab3a2a16-bfb7-44b2-8bee-8184eecbc315,fUSD,0.0001503,90,1,-20000.0,demand,2026-09-21T11:47:01.520010+00:00
ab3a2a16-bfb7-44b2-8bee-8184eecbc315,fUSD,0.000150001,2,3,-10725993.17533363,demand,2026-09-21T11:47:01.520010+00:00
ab3a2a16-bfb7-44b2-8bee-8184eecbc315,fUSD,0.000150001,5,3,-60000.0,demand,2026-09-21T11:47:01.520010+00:00
ab3a2a16-bfb7-44b2-8bee-8184eecbc315,fUSD,0.00015,29,1,-149122.66199579,demand,2026-09-21T11:47:01.520010+00:00
ab3a2a16-bfb7-44b2-8bee-8184eecbc315,fUSD,0.00015,7,1,-5951.13645247,demand,2026-09-21T11:47:01.520010+00:00
ab3a2a16-bfb7-44b2-8bee-8184eecbc315,fUSD,0.00015,2,55,-275000.0,demand,2026-09-21T11:47:01.520010+00:00
ab3a2a16-bfb7-44b2-8bee-8184eecbc315,fUSD,0.00014252,120,1,-10770.76644364,demand,2026-09-21T11:47:01.520010+00:00
ab3a2a16-bfb7-44b2-8bee-8184eecbc315,fUSD,0.00014219594792351433,2,1,-4718.52507741,demand,2026-09-21T11:47:01.520010+00:00
ab3a2a16-bfb7-44b2-8bee-8184eecbc315,fUSD,0.00014218504651640753,2,1,-4718.52507741,demand,2026-09-21T11:47:01.520010+00:00
ab3a2a16-bfb7-44b2-8bee-8184eecbc315,fUSD,0.00014216759676635672,2,1,-4718.52507741,demand,2026-09-21T11:47:01.520010+00:00
ab3a2a16-bfb7-44b2-8bee-8184eecbc315,fUSD,0.00014216666045906468,2,1,-4718.52507741,demand,2026-09-21T11:47:01.520010+00:00
ab3a2a16-bfb7-44b2-8bee-8184eecbc315,fUSD,0.00014215338423354896,2,1,-4718.52507741,demand,2026-09-21T11:47:01.520010+00:00
ab3a2a16-bfb7-44b2-8bee-8184eecbc315,fUSD,0.0001421428127184629,2,1,-4718.52507741,demand,2026-09-21T11:47:01.520010+00:00
ab3a2a16-bfb7-44b2-8bee-8184eecbc315,fUSD,0.0001421361052038339,2,1,-4718.52507741,demand,2026-09-21T11:47:01.520010+00:00
ab3a2a16-bfb7-44b2-8bee-8184eecbc315,fUSD,0.0001421323655379515,2,1,-4718.52507741,demand,2026-09-21T11:47:01.520010+00:00
ab3a2a16-bfb7-44b2-8bee-8184eecbc315,fUSD,0.00014212780640966542,2,1,-4718.52507741,demand,2026-09-21T11:47:01.520010+00:00
ab3a2a16-bfb7-44b2-8bee-8184eecbc315,fUSD,0.000216,5,1,5385.0,offer,2026-09-21T11:47:01.520010+00:00
ab3a2a16-bfb7-44b2-8bee-8184eecbc315,fUSD,0.00022,2,1,87.70319098,offer,2026-09-21T11:47:01.520010+00:00
ab3a2a16-bfb7-44b2-8bee-8184eecbc315,fUSD,0.0002425075834650194,7,2,481.29,offer,2026-09-21T11:47:01.520010+00:00
ab3a2a16-bfb7-44b2-8bee-8184eecbc315,fUSD,0.00024397260273972604,2,2,869.89075,offer,2026-09-21T11:47:01.520010+00:00
ab3a2a16-bfb7-44b2-8bee-8184eecbc315,fUSD,0.00024657,2,1,277.21582322,offer,2026-09-21T11:47:01.520010+00:00
ab3a2a16-bfb7-44b2-8bee-8184eecbc315,fUSD,0.0002465753424657534,2,1,190.89,offer,2026-09-21T11:47:01.520010+00:00
ab3a2a16-bfb7-44b2-8bee-8184eecbc315,fUSD,0.00024658,2,2,331.66,offer,2026-09-21T11:47:01.520010+00:00
ab3a2a16-bfb7-44b2-8bee-8184eecbc315,fUSD,0.000247239,2,1,155.57,offer,2026-09-21T11:47:01.520010+00:00
ab3a2a16-bfb7-44b2-8bee-8184eecbc315,fUSD,0.00024750758346501936,7,1,394.24,offer,2026-09-21T11:47:01.520010+00:00
ab3a2a16-bfb7-44b2-8bee-8184eecbc315,fUSD,0.00025,2,1,34714.21433285,offer,2026-09-21T11:47:01.520010+00:00
ab3a2a16-bfb7-44b2-8bee-8184eecbc315,fUSD,0.000252,3,1,161.93845554,offer,2026-09-21T11:47:01.520010+00:00
ab3a2a16-bfb7-44b2-8bee-8184eecbc315,fUSD,0.00025205,7,2,331.66,offer,2026-09-21T11:47:01.520010+00:00
ab3a2a16-bfb7-44b2-8bee-8184eecbc315,fUSD,0.00025238,9,1,708.736,offer,2026-09-21T11:47:01.520010+00:00
ab3a2a16-bfb7-44b2-8bee-8184eecbc315,fUSD,0.00025247056865021863,14,1,221.65,offer,2026-09-21T11:47:01.520010+00:00
ab3a2a16-bfb7-44b2-8bee-8184eecbc315,fUSD,0.00025288,5,1,271.43,offer,2026-09-21T11:47:01.520010+00:00
ab3a2a16-bfb7-44b2-8bee-8184eecbc315,fUSD,0.00025301917808219173,2,2,474.82749645,offer,2026-09-21T11:47:01.520010+00:00
ab3a2a16-bfb7-44b2-8bee-8184eecbc315,fUSD,0.00025315,5,1,2000.0,offer,2026-09-21T11:47:01.520010+00:00
ab3a2a16-bfb7-44b2-8bee-8184eecbc315,fUSD,0.00025416,2,2,500.0,offer,2026-09-21T11:47:01.520010+00:00
ab3a2a16-bfb7-44b2-8bee-8184eecbc315,fUSD,0.0002545238,2,1,502.52319795,offer,2026-09-21T11:47:01.520010+00:00
ab3a2a16-bfb7-44b2-8bee-8184eecbc315,fUSD,0.00025456,2,1,302.1999994,offer,2026-09-21T11:47:01.520010+00:00
ab3a2a16-bfb7-44b2-8bee-8184eecbc315,fUSD,0.000254706331,2,1,170.26,offer,2026-09-21T11:47:01.520010+00:00
ab3a2a16-bfb7-44b2-8bee-8184eecbc315,fUSD,0.000257,2,1,558.31,offer,2026-09-21T11:47:01.520010+00:00
ab3a2a16-bfb7-44b2-8bee-8184eecbc315,fUSD,0.00025824,7,1,273.05,offer,2026-09-21T11:47:01.520010+00:00
ab3a2a16-bfb7-44b2-8bee-8184eecbc315,fUSD,0.00025935,2,1,3807.18,offer,2026-09-21T11:47:01.520010+00:00
ab3a2a16-bfb7-44b2-8bee-8184eecbc315,fUSD,0.00025979,2,1,3698.54965289,offer,2026-09-21T11:47:01.520010+00:00
0093143a-8bc5-4f50-a94b-365e35feb9cd,fUSD,0.000273972602739726,120,1,-1596404.19226277,demand,2026-09-21T12:47:01.189903+00:00
0093143a-8bc5-4f50-a94b-365e35feb9cd,fUSD,0.0001712,120,1,-20000.0,demand,2026-09-21T12:47:01.189903+00:00
0093143a-8bc5-4f50-a94b-365e35feb9cd,fUSD,0.00017111,120,1,-2000000.0,demand,2026-09-21T12:47:01.189903+00:00
0093143a-8bc5-4f50-a94b-365e35feb9cd,fUSD,0.000161,120,1,-100000.0,demand,2026-09-21T12:47:01.189903+00:00
0093143a-8bc5-4f50-a94b-365e35feb9cd,fUSD,0.000161,60,1,-19834.0,demand,2026-09-21T12:47:01.189903+00:00
0093143a-8bc5-4f50-a94b-365e35feb9cd,fUSD,0.0001603,120,1,-20000.0,demand,2026-09-21T12:47:01.189903+00:00
0093143a-8bc5-4f50-a94b-365e35feb9cd,fUSD,0.00016,120,2,-10009162.66122322,demand,2026-09-21T12:47:01.189903+00:00
0093143a-8bc5-4f50-a94b-365e35feb9cd,fUSD,0.00016,30,30,-300000.0,demand,2026-09-21T12:47:01.189903+00:00
0093143a-8bc5-4f50-a94b-365e35feb9cd,fUSD,0.0001503,90,1,-20000.0,demand,2026-09-21T12:47:01.189903+00:00
0093143a-8bc5-4f50-a94b-365e35feb9cd,fUSD,0.000150001,5,3,-60000.0,demand,2026-09-21T12:47:01.189903+00:00
0093143a-8bc5-4f50-a94b-365e35feb9cd,fUSD,0.000150001,2,3,-13379432.34849037,demand,2026-09-21T12:47:01.189903+00:00
0093143a-8bc5-4f50-a94b-365e35feb9cd,fUSD,0.00015,29,1,-149122.66199579,demand,2026-09-21T12:47:01.189903+00:00
0093143a-8bc5-4f50-a94b-365e35feb9cd,fUSD,0.00015,7,1,-5951.13645247,demand,2026-09-21T12:47:01.189903+00:00
0093143a-8bc5-4f50-a94b-365e35feb9cd,fUSD,0.00015,2,55,-275000.0,demand,2026-09-21T12:47:01.189903+00:00
0093143a-8bc5-4f50-a94b-365e35feb9cd,fUSD,0.00014252,120,1,-10770.76644364,demand,2026-09-21T12:47:01.189903+00:00
0093143a-8bc5-4f50-a94b-365e35feb9cd,fUSD,0.00014219192286781635,2,1,-4718.52507741,demand,2026-09-21T12:47:01.189903+00:00
0093143a-8bc5-4f50-a94b-365e35feb9cd,fUSD,0.00014217946760220363,2,1,-4718.52507741,demand,2026-09-21T12:47:01.189903+00:00
0093143a-8bc5-4f50-a94b-365e35feb9cd,fUSD,0.000142163121233253,2,1,-4718.52507741,demand,2026-09-21T12:47:01.189903+00:00
0093143a-8bc5-4f50-a94b-365e35feb9cd,fUSD,0.00014216193088377447,2,1,-4718.52507741,demand,2026-09-21T12:47:01.189903+00:00
0093143a-8bc5-4f50-a94b-365e35feb9cd,fUSD,0.0001421532340405601,2,1,-4718.52507741,demand,2026-09-21T12:47:01.189903+00:00
0093143a-8bc5-4f50-a94b-365e35feb9cd,fUSD,0.00014215154294294226,2,1,-4718.52507741,demand,2026-09-21T12:47:01.189903+00:00
0093143a-8bc5-4f50-a94b-365e35feb9cd,fUSD,0.00014213900779703892,2,1,-4718.52507741,demand,2026-09-21T12:47:01.189903+00:00
0093143a-8bc5-4f50-a94b-365e35feb9cd,fUSD,0.00014213736500890987,2,1,-4718.52507741,demand,2026-09-21T12:47:01.189903+00:00
0093143a-8bc5-4f50-a94b-365e35feb9cd,fUSD,0.00014212716837398484,2,1,-4718.52507741,demand,2026-09-21T12:47:01.189903+00:00
0093143a-8bc5-4f50-a94b-365e35feb9cd,fUSD,0.00014211141307380562,2,1,-4718.52507741,demand,2026-09-21T12:47:01.189903+00:00
0093143a-8bc5-4f50-a94b-365e35feb9cd,fUSD,0.00022465753424657532,2,2,579.66904974,offer,2026-09-21T12:47:01.189903+00:00
0093143a-8bc5-4f50-a94b-365e35feb9cd,fUSD,0.000231,5,1,5528.0,offer,2026-09-21T12:47:01.189903+00:00
0093143a-8bc5-4f50-a94b-365e35feb9cd,fUSD,0.00023485,2,1,150.0,offer,2026-09-21T12:47:01.189903+00:00
0093143a-8bc5-4f50-a94b-365e35feb9cd,fUSD,0.000235725,3,1,152.0,offer,2026-09-21T12:47:01.189903+00:00
0093143a-8bc5-4f50-a94b-365e35feb9cd,fUSD,0.00023700600000000003,2,1,250.0,offer,2026-09-21T12:47:01.189903+00:00
0093143a-8bc5-4f50-a94b-365e35feb9cd,fUSD,0.00024397260273972604,2,1,513.0,offer,2026-09-21T12:47:01.189903+00:00
0093143a-8bc5-4f50-a94b-365e35feb9cd,fUSD,0.00024658,2,2,374.47,offer,2026-09-21T12:47:01.189903+00:00
0093143a-8bc5-4f50-a94b-365e35feb9cd,fUSD,0.0002481077,2,1,187.24,offer,2026-09-21T12:47:01.189903+00:00
0093143a-8bc5-4f50-a94b-365e35feb9cd,fUSD,0.00024842,2,1,382.08829977,offer,2026-09-21T12:47:01.189903+00:00
0093143a-8bc5-4f50-a94b-365e35feb9cd,fUSD,0.00025,7,1,500.0,offer,2026-09-21T12:47:01.189903+00:00
0093143a-8bc5-4f50-a94b-365e35feb9cd,fUSD,0.0002526935,2,1,180.35,offer,2026-09-21T12:47:01.189903+00:00
0093143a-8bc5-4f50-a94b-365e35feb9cd,fUSD,0.00025287945205479455,7,1,7627.23704053,offer,2026-09-21T12:47:01.189903+00:00
0093143a-8bc5-4f50-a94b-365e35feb9cd,fUSD,0.00025288,5,1,662.59910164,offer,2026-09-21T12:47:01.189903+00:00
0093143a-8bc5-4f50-a94b-365e35feb9cd,fUSD,0.0002556986301369863,7,1,150.0,offer,2026-09-21T12:47:01.189903+00:00
0093143a-8bc5-4f50-a94b-365e35feb9cd,fUSD,0.000257,2,1,235.53,offer,2026-09-21T12:47:01.189903+00:00
0093143a-8bc5-4f50-a94b-365e35feb9cd,fUSD,0.0002579,2,1,241.091525,offer,2026-09-21T12:47:01.189903+00:00
0093143a-8bc5-4f50-a94b-365e35feb9cd,fUSD,0.000258,2,1,574.91249137,offer,2026-09-21T12:47:01.189903+00:00
0093143a-8bc5-4f50-a94b-365e35feb9cd,fUSD,0.0002585602805329175,14,1,261.97,offer,2026-09-21T12:47:01.189903+00:00
0093143a-8bc5-4f50-a94b-365e35feb9cd,fUSD,0.00025871311522673174,14,1,229.7,offer,2026-09-21T12:47:01.189903+00:00
0093143a-8bc5-4f50-a94b-365e35feb9cd,fUSD,0.0002589,2,1,425.0,offer,2026-09-21T12:47:01.189903+00:00
0093143a-8bc5-4f50-a94b-365e35feb9cd,fUSD,0.0002589,11,1,362.873,offer,2026-09-21T12:47:01.189903+00:00
0093143a-8bc5-4f50-a94b-365e35feb9cd,fUSD,0.000259,2,3,39246.90269909,offer,2026-09-21T12:47:01.189903+00:00
0093143a-8bc5-4f50-a94b-365e35feb9cd,fUSD,0.00025999,2,1,500.0,offer,2026-09-21T12:47:01.189903+00:00
0093143a-8bc5-4f50-a94b-365e35feb9cd,fUSD,0.00026,4,1,192271.58926497,offer,2026-09-21T12:47:01.189903+00:00
0093143a-8bc5-4f50-a94b-365e35feb9cd,fUSD,0.00026,2,6,15130.6429972,offer,2026-09-21T12:47:01.189903+00:00
9e1446ae-73f9-4433-93ed-756423e7f5b8,fUSD,0.000273972602739726,120,1,-1591453.86359586,demand,2026-09-21T13:47:01.193773+00:00
9e1446ae-73f9-4433-93ed-756423e7f5b8,fUSD,0.0001712,120,1,-20000.0,demand,2026-09-21T13:47:01.193773+00:00
9e1446ae-73f9-4433-93ed-756423e7f5b8,fUSD,0.00017111,120,1,-2000000.0,demand,2026-09-21T13:47:01.193773+00:00
9e1446ae-73f9-4433-93ed-756423e7f5b8,fUSD,0.00017,60,55,-275000.0,demand,2026-09-21T13:47:01.193773+00:00
9e1446ae-73f9-4433-93ed-756423e7f5b8,fUSD,0.000161,120,1,-100000.0,demand,2026-09-21T13:47:01.193773+00:00
9e1446ae-73f9-4433-93ed-756423e7f5b8,fUSD,0.000161,60,1,-19834.0,demand,2026-09-21T13:47:01.193773+00:00
9e1446ae-73f9-4433-93ed-756423e7f5b8,fUSD,0.0001603,120,1,-20000.0,demand,2026-09-21T13:47:01.193773+00:00
9e1446ae-73f9-4433-93ed-756423e7f5b8,fUSD,0.00016,120,2,-10009162.66122322,demand,2026-09-21T13:47:01.193773+00:00
9e1446ae-73f9-4433-93ed-756423e7f5b8,fUSD,0.0001503,90,1,-20000.0,demand,2026-09-21T13:47:01.193773+00:00
9e1446ae-73f9-4433-93ed-756423e7f5b8,fUSD,0.00015001,5,4,-79600.0,demand,2026-09-21T13:47:01.193773+00:00
9e1446ae-73f9-4433-93ed-756423e7f5b8,fUSD,0.000150001,2,4,-15697981.77895744,demand,2026-09-21T13:47:01.193773+00:00
9e1446ae-73f9-4433-93ed-756423e7f5b8,fUSD,0.00015,29,1,-149122.66199579,demand,2026-09-21T13:47:01.193773+00:00
9e1446ae-73f9-4433-93ed-756423e7f5b8,fUSD,0.00015,7,1,-5951.13645247,demand,2026-09-21T13:47:01.193773+00:00
9e1446ae-73f9-4433-93ed-756423e7f5b8,fUSD,0.00014252,120,1,-10770.76644364,demand,2026-09-21T13:47:01.193773+00:00
9e1446ae-73f9-4433-93ed-756423e7f5b8,fUSD,0.00014219192286781635,2,1,-4718.52507741,demand,2026-09-21T13:47:01.193773+00:00
9e1446ae-73f9-4433-93ed-756423e7f5b8,fUSD,0.00014217946760220363,2,1,-4718.52507741,demand,2026-09-21T13:47:01.193773+00:00
9e1446ae-73f9-4433-93ed-756423e7f5b8,fUSD,0.000142163121233253,2,1,-4718.52507741,demand,2026-09-21T13:47:01.193773+00:00
9e1446ae-73f9-4433-93ed-756423e7f5b8,fUSD,0.00014216193088377447,2,1,-4718.52507741,demand,2026-09-21T13:47:01.193773+00:00
9e1446ae-73f9-4433-93ed-756423e7f5b8,fUSD,0.0001421532340405601,2,1,-4718.52507741,demand,2026-09-21T13:47:01.193773+00:00
9e1446ae-73f9-4433-93ed-756423e7f5b8,fUSD,0.00014215154294294226,2,1,-4718.52507741,demand,2026-09-21T13:47:01.193773+00:00
9e1446ae-73f9-4433-93ed-756423e7f5b8,fUSD,0.00014213900779703892,2,1,-4718.52507741,demand,2026-09-21T13:47:01.193773+00:00
9e1446ae-73f9-4433-93ed-756423e7f5b8,fUSD,0.00014213736500890987,2,1,-4718.52507741,demand,2026-09-21T13:47:01.193773+00:00
9e1446ae-73f9-4433-93ed-756423e7f5b8,fUSD,0.00014212716837398484,2,1,-4718.52507741,demand,2026-09-21T13:47:01.193773+00:00
9e1446ae-73f9-4433-93ed-756423e7f5b8,fUSD,0.00014211141307380562,2,1,-4718.52507741,demand,2026-09-21T13:47:01.193773+00:00
9e1446ae-73f9-4433-93ed-756423e7f5b8,fUSD,0.00014175,2,1,-303.645705,demand,2026-09-21T13:47:01.193773+00:00
9e1446ae-73f9-4433-93ed-756423e7f5b8,fUSD,0.00022,2,2,17306.15379035,offer,2026-09-21T13:47:01.193773+00:00
9e1446ae-73f9-4433-93ed-756423e7f5b8,fUSD,0.00022,7,1,7627.23704053,offer,2026-09-21T13:47:01.193773+00:00
9e1446ae-73f9-4433-93ed-756423e7f5b8,fUSD,0.00022407,2,1,150.0,offer,2026-09-21T13:47:01.193773+00:00
9e1446ae-73f9-4433-93ed-756423e7f5b8,fUSD,0.00022507564026613648,7,1,159.72,offer,2026-09-21T13:47:01.193773+00:00
9e1446ae-73f9-4433-93ed-756423e7f5b8,fUSD,0.00023,5,1,5528.0,offer,2026-09-21T13:47:01.193773+00:00
9e1446ae-73f9-4433-93ed-756423e7f5b8,fUSD,0.0002300756402661365,7,1,281.76,offer,2026-09-21T13:47:01.193773+00:00
9e1446ae-73f9-4433-93ed-756423e7f5b8,fUSD,0.0002326671,2,1,254.18134879,offer,2026-09-21T13:47:01.193773+00:00
9e1446ae-73f9-4433-93ed-756423e7f5b8,fUSD,0.0002328767,4,8,1217.68,offer,2026-09-21T13:47:01.193773+00:00
9e1446ae-73f9-4433-93ed-756423e7f5b8,fUSD,0.0002328767,7,4,608.84,offer,2026-09-21T13:47:01.193773+00:00
9e1446ae-73f9-4433-93ed-756423e7f5b8,fUSD,0.00023507564026613648,7,2,997.57,offer,2026-09-21T13:47:01.193773+00:00
9e1446ae-73f9-4433-93ed-756423e7f5b8,fUSD,0.00023699500000000002,2,1,250.0,offer,2026-09-21T13:47:01.193773+00:00
9e1446ae-73f9-4433-93ed-756423e7f5b8,fUSD,0.0002373035,2,1,501.52531605,offer,2026-09-21T13:47:01.193773+00:00
9e1446ae-73f9-4433-93ed-756423e7f5b8,fUSD,0.000240801,2,1,150.0,offer,2026-09-21T13:47:01.193773+00:00
9e1446ae-73f9-4433-93ed-756423e7f5b8,fUSD,0.0002416463,2,1,201.44,offer,2026-09-21T13:47:01.193773+00:00
9e1446ae-73f9-4433-93ed-756423e7f5b8,fUSD,0.00024219,2,1,2373.0,offer,2026-09-21T13:47:01.193773+00:00
9e1446ae-73f9-4433-93ed-756423e7f5b8,fUSD,0.00024236446575342464,2,2,1149.82498274,offer,2026-09-21T13:47:01.193773+00:00
9e1446ae-73f9-4433-93ed-756423e7f5b8,fUSD,0.00024397260273972604,2,1,508.0,offer,2026-09-21T13:47:01.193773+00:00
9e1446ae-73f9-4433-93ed-756423e7f5b8,fUSD,0.0002442035,2,1,214.18,offer,2026-09-21T13:47:01.193773+00:00
9e1446ae-73f9-4433-93ed-756423e7f5b8,fUSD,0.00024483,2,1,165.58,offer,2026-09-21T13:47:01.193773+00:00
9e1446ae-73f9-4433-93ed-756423e7f5b8,fUSD,0.0002448326,2,1,319.24,offer,2026-09-21T13:47:01.193773+00:00
9e1446ae-73f9-4433-93ed-756423e7f5b8,fUSD,0.00024621,7,1,5000.0,offer,2026-09-21T13:47:01.193773+00:00
9e1446ae-73f9-4433-93ed-756423e7f5b8,fUSD,0.0002465753,2,1,198.403931,offer,2026-09-21T13:47:01.193773+00:00
9e1446ae-73f9-4433-93ed-756423e7f5b8,fUSD,0.0002465753424657534,2,1,1000.0,offer,2026-09-21T13:47:01.193773+00:00
9e1446ae-73f9-4433-93ed-756423e7f5b8,fUSD,0.00024658,2,2,302.93,offer,2026-09-21T13:47:01.193773+00:00
9e1446ae-73f9-4433-93ed-756423e7f5b8,fUSD,0.0002482191780821918,2,1,500.0,offer,2026-09-21T13:47:01.193773+00:00
5a3f73b7-3a7e-437d-be84-4453fbc2e33d,fUSD,0.000273972602739726,120,1,-1586524.75359587,demand,2026-09-21T14:47:01.337576+00:00
5a3f73b7-3a7e-437d-be84-4453fbc2e33d,fUSD,0.0001712,120,1,-20000.0,demand,2026-09-21T14:47:01.337576+00:00
5a3f73b7-3a7e-437d-be84-4453fbc2e33d,fUSD,0.00017111,120,1,-2000000.0,demand,2026-09-21T14:47:01.337576+00:00
5a3f73b7-3a7e-437d-be84-4453fbc2e33d,fUSD,0.000161,120,1,-100000.0,demand,2026-09-21T14:47:01.337576+00:00
5a3f73b7-3a7e-437d-be84-4453fbc2e33d,fUSD,0.000161,60,1,-19834.0,demand,2026-09-21T14:47:01.337576+00:00
5a3f73b7-3a7e-437d-be84-4453fbc2e33d,fUSD,0.0001603,120,1,-20000.0,demand,2026-09-21T14:47:01.337576+00:00
5a3f73b7-3a7e-437d-be84-4453fbc2e33d,fUSD,0.00016,120,2,-10009162.66122322,demand,2026-09-21T14:47:01.337576+00:00
5a3f73b7-3a7e-437d-be84-4453fbc2e33d,fUSD,0.0001503,90,1,-20000.0,demand,2026-09-21T14:47:01.337576+00:00
5a3f73b7-3a7e-437d-be84-4453fbc2e33d,fUSD,0.000150001,2,3,-13908785.71070141,demand,2026-09-21T14:47:01.337576+00:00
5a3f73b7-3a7e-437d-be84-4453fbc2e33d,fUSD,0.00015,29,1,-149122.66199579,demand,2026-09-21T14:47:01.337576+00:00
5a3f73b7-3a7e-437d-be84-4453fbc2e33d,fUSD,0.00015,7,1,-5951.13645247,demand,2026-09-21T14:47:01.337576+00:00
5a3f73b7-3a7e-437d-be84-4453fbc2e33d,fUSD,0.00014252,120,1,-10770.76644364,demand,2026-09-21T14:47:01.337576+00:00
5a3f73b7-3a7e-437d-be84-4453fbc2e33d,fUSD,0.00014220746550848678,2,1,-4718.52507741,demand,2026-09-21T14:47:01.337576+00:00
5a3f73b7-3a7e-437d-be84-4453fbc2e33d,fUSD,0.00014220735677244933,2,1,-4718.52507741,demand,2026-09-21T14:47:01.337576+00:00
5a3f73b7-3a7e-437d-be84-4453fbc2e33d,fUSD,0.00014219892371170273,2,1,-4718.52507741,demand,2026-09-21T14:47:01.337576+00:00
5a3f73b7-3a7e-437d-be84-4453fbc2e33d,fUSD,0.00014216463968031072,2,1,-4718.52507741,demand,2026-09-21T14:47:01.337576+00:00
5a3f73b7-3a7e-437d-be84-4453fbc2e33d,fUSD,0.00014216229483708152,2,1,-4718.52507741,demand,2026-09-21T14:47:01.337576+00:00
5a3f73b7-3a7e-437d-be84-4453fbc2e33d,fUSD,0.00014216143874593,2,1,-4718.52507741,demand,2026-09-21T14:47:01.337576+00:00
5a3f73b7-3a7e-437d-be84-4453fbc2e33d,fUSD,0.00014215598623789445,2,1,-4718.52507741,demand,2026-09-21T14:47:01.337576+00:00
5a3f73b7-3a7e-437d-be84-4453fbc2e33d,fUSD,0.0001421537008107111,2,1,-4718.52507741,demand,2026-09-21T14:47:01.337576+00:00
5a3f73b7-3a7e-437d-be84-4453fbc2e33d,fUSD,0.00014215348337637287,2,1,-4718.52507741,demand,2026-09-21T14:47:01.337576+00:00
5a3f73b7-3a7e-437d-be84-4453fbc2e33d,fUSD,0.00014212040947577455,2,1,-4718.52507741,demand,2026-09-21T14:47:01.337576+00:00
5a3f73b7-3a7e-437d-be84-4453fbc2e33d,fUSD,0.00014175,2,1,-303.64736,demand,2026-09-21T14:47:01.337576+00:00
5a3f73b7-3a7e-437d-be84-4453fbc2e33d,fUSD,0.000141,2,1,-32000.0,demand,2026-09-21T14:47:01.337576+00:00
5a3f73b7-3a7e-437d-be84-4453fbc2e33d,fUSD,0.0001403,90,1,-20000.0,demand,2026-09-21T14:47:01.337576+00:00
5a3f73b7-3a7e-437d-be84-4453fbc2e33d,fUSD,0.00020624,2,1,63.55790801,offer,2026-09-21T14:47:01.337576+00:00
5a3f73b7-3a7e-437d-be84-4453fbc2e33d,fUSD,0.00020625,2,3,8519.03,offer,2026-09-21T14:47:01.337576+00:00
5a3f73b7-3a7e-437d-be84-4453fbc2e33d,fUSD,0.00021253,3,1,156.0,offer,2026-09-21T14:47:01.337576+00:00
5a3f73b7-3a7e-437d-be84-4453fbc2e33d,fUSD,0.000217,5,1,333.0,offer,2026-09-21T14:47:01.337576+00:00
5a3f73b7-3a7e-437d-be84-4453fbc2e33d,fUSD,0.00022127,2,1,299.71,offer,2026-09-21T14:47:01.337576+00:00
5a3f73b7-3a7e-437d-be84-4453fbc2e33d,fUSD,0.000222,7,1,588.36,offer,2026-09-21T14:47:01.337576+00:00
5a3f73b7-3a7e-437d-be84-4453fbc2e33d,fUSD,0.00022219,2,1,150.0,offer,2026-09-21T14:47:01.337576+00:00
5a3f73b7-3a7e-437d-be84-4453fbc2e33d,fUSD,0.0002360492,2,1,248.86,offer,2026-09-21T14:47:01.337576+00:00
5a3f73b7-3a7e-437d-be84-4453fbc2e33d,fUSD,0.00023684,10,1,1534.36569971,offer,2026-09-21T14:47:01.337576+00:00
5a3f73b7-3a7e-437d-be84-4453fbc2e33d,fUSD,0.0002368476,2,1,172.71,offer,2026-09-21T14:47:01.337576+00:00
5a3f73b7-3a7e-437d-be84-4453fbc2e33d,fUSD,0.0002371875,2,2,654.9,offer,2026-09-21T14:47:01.337576+00:00
5a3f73b7-3a7e-437d-be84-4453fbc2e33d,fUSD,0.00024,2,7,4562.9632,offer,2026-09-21T14:47:01.337576+00:00
5a3f73b7-3a7e-437d-be84-4453fbc2e33d,fUSD,0.00024004791216,30,1,176.84,offer,2026-09-21T14:47:01.337576+00:00
5a3f73b7-3a7e-437d-be84-4453fbc2e33d,fUSD,0.0002402899,2,1,351.67,offer,2026-09-21T14:47:01.337576+00:00
5a3f73b7-3a7e-437d-be84-4453fbc2e33d,fUSD,0.00024309999999999997,2,1,184.02,offer,2026-09-21T14:47:01.337576+00:00
5a3f73b7-3a7e-437d-be84-4453fbc2e33d,fUSD,0.00024397260273972604,2,1,508.0,offer,2026-09-21T14:47:01.337576+00:00
5a3f73b7-3a7e-437d-be84-4453fbc2e33d,fUSD,0.000244422793,7,1,153.6,offer,2026-09-21T14:47:01.337576+00:00
5a3f73b7-3a7e-437d-be84-4453fbc2e33d,fUSD,0.000244794054,7,1,153.6,offer,2026-09-21T14:47:01.337576+00:00
5a3f73b7-3a7e-437d-be84-4453fbc2e33d,fUSD,0.000245,2,3,3000.0,offer,2026-09-21T14:47:01.337576+00:00
5a3f73b7-3a7e-437d-be84-4453fbc2e33d,fUSD,0.000245165315,7,1,197.48,offer,2026-09-21T14:47:01.337576+00:00
5a3f73b7-3a7e-437d-be84-4453fbc2e33d,fUSD,0.0002452054794520548,2,1,505.0,offer,2026-09-21T14:47:01.337576+00:00
5a3f73b7-3a7e-437d-be84-4453fbc2e33d,fUSD,0.00024521,2,1,150.0,offer,2026-09-21T14:47:01.337576+00:00
5a3f73b7-3a7e-437d-be84-4453fbc2e33d,fUSD,0.00024543053312346333,7,1,357.01,offer,2026-09-21T14:47:01.337576+00:00
5a3f73b7-3a7e-437d-be84-4453fbc2e33d,fUSD,0.000245536576,7,1,153.6,offer,2026-09-21T14:47:01.337576+00:00
5a3f73b7-3a7e-437d-be84-4453fbc2e33d,fUSD,0.000245907837,7,1,153.6,offer,2026-09-21T14:47:01.337576+00:00
cadd05d8-eaa4-40d1-8620-7b2b65a66160,fUSD,0.000273972602739726,120,1,-1306681.86359587,demand,2026-09-21T15:47:01.148391+00:00
cadd05d8-eaa4-40d1-8620-7b2b65a66160,fUSD,0.0001712,120,1,-20000.0,demand,2026-09-21T15:47:01.148391+00:00
cadd05d8-eaa4-40d1-8620-7b2b65a66160,fUSD,0.00017111,120,1,-2000000.0,demand,2026-09-21T15:47:01.148391+00:00
cadd05d8-eaa4-40d1-8620-7b2b65a66160,fUSD,0.000161,120,1,-100000.0,demand,2026-09-21T15:47:01.148391+00:00
cadd05d8-eaa4-40d1-8620-7b2b65a66160,fUSD,0.000161,60,1,-19834.0,demand,2026-09-21T15:47:01.148391+00:00
cadd05d8-eaa4-40d1-8620-7b2b65a66160,fUSD,0.0001603,120,1,-20000.0,demand,2026-09-21T15:47:01.148391+00:00
cadd05d8-eaa4-40d1-8620-7b2b65a66160,fUSD,0.00016,120,2,-10009162.66122322,demand,2026-09-21T15:47:01.148391+00:00
cadd05d8-eaa4-40d1-8620-7b2b65a66160,fUSD,0.0001503,90,1,-20000.0,demand,2026-09-21T15:47:01.148391+00:00
cadd05d8-eaa4-40d1-8620-7b2b65a66160,fUSD,0.000150001,2,3,-13611470.91991074,demand,2026-09-21T15:47:01.148391+00:00
cadd05d8-eaa4-40d1-8620-7b2b65a66160,fUSD,0.00015,29,1,-149122.66199579,demand,2026-09-21T15:47:01.148391+00:00
cadd05d8-eaa4-40d1-8620-7b2b65a66160,fUSD,0.00015,7,1,-5951.13645247,demand,2026-09-21T15:47:01.148391+00:00
cadd05d8-eaa4-40d1-8620-7b2b65a66160,fUSD,0.0001463175,2,1,-150.0,demand,2026-09-21T15:47:01.148391+00:00
cadd05d8-eaa4-40d1-8620-7b2b65a66160,fUSD,0.00014252,120,1,-10770.76644364,demand,2026-09-21T15:47:01.148391+00:00
cadd05d8-eaa4-40d1-8620-7b2b65a66160,fUSD,0.00014220746550848678,2,1,-4718.52507741,demand,2026-09-21T15:47:01.148391+00:00
cadd05d8-eaa4-40d1-8620-7b2b65a66160,fUSD,0.00014220735677244933,2,1,-4718.52507741,demand,2026-09-21T15:47:01.148391+00:00
cadd05d8-eaa4-40d1-8620-7b2b65a66160,fUSD,0.00014219892371170273,2,1,-4718.52507741,demand,2026-09-21T15:47:01.148391+00:00
cadd05d8-eaa4-40d1-8620-7b2b65a66160,fUSD,0.00014216463968031072,2,1,-4718.52507741,demand,2026-09-21T15:47:01.148391+00:00
cadd05d8-eaa4-40d1-8620-7b2b65a66160,fUSD,0.00014216229483708152,2,1,-4718.52507741,demand,2026-09-21T15:47:01.148391+00:00
cadd05d8-eaa4-40d1-8620-7b2b65a66160,fUSD,0.00014216143874593,2,1,-4718.52507741,demand,2026-09-21T15:47:01.148391+00:00
cadd05d8-eaa4-40d1-8620-7b2b65a66160,fUSD,0.00014215598623789445,2,1,-4718.52507741,demand,2026-09-21T15:47:01.148391+00:00
cadd05d8-eaa4-40d1-8620-7b2b65a66160,fUSD,0.0001421537008107111,2,1,-4718.52507741,demand,2026-09-21T15:47:01.148391+00:00
cadd05d8-eaa4-40d1-8620-7b2b65a66160,fUSD,0.00014215348337637287,2,1,-4718.52507741,demand,2026-09-21T15:47:01.148391+00:00
cadd05d8-eaa4-40d1-8620-7b2b65a66160,fUSD,0.00014212040947577455,2,1,-4718.52507741,demand,2026-09-21T15:47:01.148391+00:00
cadd05d8-eaa4-40d1-8620-7b2b65a66160,fUSD,0.000141,2,1,-32000.0,demand,2026-09-21T15:47:01.148391+00:00
cadd05d8-eaa4-40d1-8620-7b2b65a66160,fUSD,0.0001403,90,1,-20000.0,demand,2026-09-21T15:47:01.148391+00:00
cadd05d8-eaa4-40d1-8620-7b2b65a66160,fUSD,0.00022862,2,1,264.94730505,offer,2026-09-21T15:47:01.148391+00:00
cadd05d8-eaa4-40d1-8620-7b2b65a66160,fUSD,0.0002373693595890411,7,1,570.76665962,offer,2026-09-21T15:47:01.148391+00:00
cadd05d8-eaa4-40d1-8620-7b2b65a66160,fUSD,0.00024397260273972604,2,1,514.0,offer,2026-09-21T15:47:01.148391+00:00
cadd05d8-eaa4-40d1-8620-7b2b65a66160,fUSD,0.0002443721,2,1,170.37,offer,2026-09-21T15:47:01.148391+00:00
cadd05d8-eaa4-40d1-8620-7b2b65a66160,fUSD,0.0002445307,2,1,162.44,offer,2026-09-21T15:47:01.148391+00:00
cadd05d8-eaa4-40d1-8620-7b2b65a66160,fUSD,0.0002465753424657534,2,1,166.69,offer,2026-09-21T15:47:01.148391+00:00
cadd05d8-eaa4-40d1-8620-7b2b65a66160,fUSD,0.00024658,2,3,482.4,offer,2026-09-21T15:47:01.148391+00:00
cadd05d8-eaa4-40d1-8620-7b2b65a66160,fUSD,0.0002467066,2,1,337.19,offer,2026-09-21T15:47:01.148391+00:00
cadd05d8-eaa4-40d1-8620-7b2b65a66160,fUSD,0.000247241511,2,3,1150.0,offer,2026-09-21T15:47:01.148391+00:00
cadd05d8-eaa4-40d1-8620-7b2b65a66160,fUSD,0.00024731,2,1,3709.0,offer,2026-09-21T15:47:01.148391+00:00
cadd05d8-eaa4-40d1-8620-7b2b65a66160,fUSD,0.00024746,2,10,10000.0,offer,2026-09-21T15:47:01.148391+00:00
cadd05d8-eaa4-40d1-8620-7b2b65a66160,fUSD,0.000248348,2,2,377.36515608,offer,2026-09-21T15:47:01.148391+00:00
cadd05d8-eaa4-40d1-8620-7b2b65a66160,fUSD,0.00024844245205479456,2,5,978.19203129,offer,2026-09-21T15:47:01.148391+00:00
cadd05d8-eaa4-40d1-8620-7b2b65a66160,fUSD,0.00024846673972602737,2,2,347.2744493,offer,2026-09-21T15:47:01.148391+00:00
cadd05d8-eaa4-40d1-8620-7b2b65a66160,fUSD,0.00024898,2,1,1288.0,offer,2026-09-21T15:47:01.148391+00:00
cadd05d8-eaa4-40d1-8620-7b2b65a66160,fUSD,0.00024925,7,1,287.29,offer,2026-09-21T15:47:01.148391+00:00
cadd05d8-eaa4-40d1-8620-7b2b65a66160,fUSD,0.0002493,2,1,3225.13871901,offer,2026-09-21T15:47:01.148391+00:00
cadd05d8-eaa4-40d1-8620-7b2b65a66160,fUSD,0.00024956,2,1,4910.0,offer,2026-09-21T15:47:01.148391+00:00
cadd05d8-eaa4-40d1-8620-7b2b65a66160,fUSD,0.00025048141506849313,2,1,170.37,offer,2026-09-21T15:47:01.148391+00:00
cadd05d8-eaa4-40d1-8620-7b2b65a66160,fUSD,0.0002514964,2,1,302.05,offer,2026-09-21T15:47:01.148391+00:00
cadd05d8-eaa4-40d1-8620-7b2b65a66160,fUSD,0.00025296,9,2,2553.8,offer,2026-09-21T15:47:01.148391+00:00
cadd05d8-eaa4-40d1-8620-7b2b65a66160,fUSD,0.00025296438356164387,2,37,9421.43969618,offer,2026-09-21T15:47:01.148391+00:00
cadd05d8-eaa4-40d1-8620-7b2b65a66160,fUSD,0.0002530602739726028,2,18,5309.84922241,offer,2026-09-21T15:47:01.148391+00:00
cadd05d8-eaa4-40d1-8620-7b2b65a66160,fUSD,0.0002530849315068493,2,12,3319.25039637,offer,2026-09-21T15:47:01.148391+00:00
cadd05d8-eaa4-40d1-8620-7b2b65a66160,fUSD,0.0002533068,2,1,302.05,offer,2026-09-21T15:47:01.148391+00:00
8ff91d7f-ee29-41a7-97af-d48e55abf4df,fUSD,0.000273972602739726,120,1,-1303685.48359587,demand,2026-09-21T16:47:01.329294+00:00
8ff91d7f-ee29-41a7-97af-d48e55abf4df,fUSD,0.0001712,120,1,-20000.0,demand,2026-09-21T16:47:01.329294+00:00
8ff91d7f-ee29-41a7-97af-d48e55abf4df,fUSD,0.00017111,120,1,-2000000.0,demand,2026-09-21T16:47:01.329294+00:00
8ff91d7f-ee29-41a7-97af-d48e55abf4df,fUSD,0.000161,120,1,-100000.0,demand,2026-09-21T16:47:01.329294+00:00
8ff91d7f-ee29-41a7-97af-d48e55abf4df,fUSD,0.000161,60,1,-19834.0,demand,2026-09-21T16:47:01.329294+00:00
8ff91d7f-ee29-41a7-97af-d48e55abf4df,fUSD,0.0001603,120,1,-20000.0,demand,2026-09-21T16:47:01.329294+00:00
8ff91d7f-ee29-41a7-97af-d48e55abf4df,fUSD,0.00016,120,2,-10009162.66122322,demand,2026-09-21T16:47:01.329294+00:00
8ff91d7f-ee29-41a7-97af-d48e55abf4df,fUSD,0.0001503,90,1,-20000.0,demand,2026-09-21T16:47:01.329294+00:00
8ff91d7f-ee29-41a7-97af-d48e55abf4df,fUSD,0.000150001,2,4,-11004365.19817758,demand,2026-09-21T16:47:01.329294+00:00
8ff91d7f-ee29-41a7-97af-d48e55abf4df,fUSD,0.00015,29,1,-149122.66199579,demand,2026-09-21T16:47:01.329294+00:00
8ff91d7f-ee29-41a7-97af-d48e55abf4df,fUSD,0.00015,7,1,-5951.13645247,demand,2026-09-21T16:47:01.329294+00:00
8ff91d7f-ee29-41a7-97af-d48e55abf4df,fUSD,0.0001463175,2,1,-150.0,demand,2026-09-21T16:47:01.329294+00:00
8ff91d7f-ee29-41a7-97af-d48e55abf4df,fUSD,0.00014252,120,1,-10770.76644364,demand,2026-09-21T16:47:01.329294+00:00
8ff91d7f-ee29-41a7-97af-d48e55abf4df,fUSD,0.00014220966929992732,2,1,-4718.52507741,demand,2026-09-21T16:47:01.329294+00:00
8ff91d7f-ee29-41a7-97af-d48e55abf4df,fUSD,0.00014219560569472782,2,1,-4718.52507741,demand,2026-09-21T16:47:01.329294+00:00
8ff91d7f-ee29-41a7-97af-d48e55abf4df,fUSD,0.0001421934097958291,2,1,-4718.52507741,demand,2026-09-21T16:47:01.329294+00:00
8ff91d7f-ee29-41a7-97af-d48e55abf4df,fUSD,0.00014218925007996428,2,1,-4718.52507741,demand,2026-09-21T16:47:01.329294+00:00
8ff91d7f-ee29-41a7-97af-d48e55abf4df,fUSD,0.00014215789218637015,2,1,-4718.52507741,demand,2026-09-21T16:47:01.329294+00:00
8ff91d7f-ee29-41a7-97af-d48e55abf4df,fUSD,0.0001421403478088228,2,1,-4718.52507741,demand,2026-09-21T16:47:01.329294+00:00
8ff91d7f-ee29-41a7-97af-d48e55abf4df,fUSD,0.00014214002575617754,2,1,-4718.52507741,demand,2026-09-21T16:47:01.329294+00:00
8ff91d7f-ee29-41a7-97af-d48e55abf4df,fUSD,0.00014213451684516246,2,1,-4718.52507741,demand,2026-09-21T16:47:01.329294+00:00
8ff91d7f-ee29-41a7-97af-d48e55abf4df,fUSD,0.00014211367198598433,2,1,-4718.52507741,demand,2026-09-21T16:47:01.329294+00:00
8ff91d7f-ee29-41a7-97af-d48e55abf4df,fUSD,0.0001421132084017814,2,1,-4718.52507741,demand,2026-09-21T16:47:01.329294+00:00
8ff91d7f-ee29-41a7-97af-d48e55abf4df,fUSD,0.000141,2,1,-32000.0,demand,2026-09-21T16:47:01.329294+00:00
8ff91d7f-ee29-41a7-97af-d48e55abf4df,fUSD,0.0001403,90,1,-20000.0,demand,2026-09-21T16:47:01.329294+00:00
8ff91d7f-ee29-41a7-97af-d48e55abf4df,fUSD,0.00023976,2,1,179.48,offer,2026-09-21T16:47:01.329294+00:00
8ff91d7f-ee29-41a7-97af-d48e55abf4df,fUSD,0.00023999,2,4,982.23434798,offer,2026-09-21T16:47:01.329294+00:00
8ff91d7f-ee29-41a7-97af-d48e55abf4df,fUSD,0.00024,2,4,7628.12062602,offer,2026-09-21T16:47:01.329294+00:00
8ff91d7f-ee29-41a7-97af-d48e55abf4df,fUSD,0.00024239,2,1,150.0,offer,2026-09-21T16:47:01.329294+00:00
8ff91d7f-ee29-41a7-97af-d48e55abf4df,fUSD,0.00024397260273972604,2,1,515.0,offer,2026-09-21T16:47:01.329294+00:00
8ff91d7f-ee29-41a7-97af-d48e55abf4df,fUSD,0.00024420999999999997,2,1,197.07658378,offer,2026-09-21T16:47:01.329294+00:00
8ff91d7f-ee29-41a7-97af-d48e55abf4df,fUSD,0.00024479,2,1,150.0,offer,2026-09-21T16:47:01.329294+00:00
8ff91d7f-ee29-41a7-97af-d48e55abf4df,fUSD,0.000245,2,1,1000.0,offer,2026-09-21T16:47:01.329294+00:00
8ff91d7f-ee29-41a7-97af-d48e55abf4df,fUSD,0.0002455023,2,1,346.26,offer,2026-09-21T16:47:01.329294+00:00
8ff91d7f-ee29-41a7-97af-d48e55abf4df,fUSD,0.0002465753424657534,2,1,1000.0,offer,2026-09-21T16:47:01.329294+00:00
8ff91d7f-ee29-41a7-97af-d48e55abf4df,fUSD,0.00024658,2,2,318.61,offer,2026-09-21T16:47:01.329294+00:00
8ff91d7f-ee29-41a7-97af-d48e55abf4df,fUSD,0.00024719,2,1,150.0,offer,2026-09-21T16:47:01.329294+00:00
8ff91d7f-ee29-41a7-97af-d48e55abf4df,fUSD,0.00024887,2,1,14043.0,offer,2026-09-21T16:47:01.329294+00:00
8ff91d7f-ee29-41a7-97af-d48e55abf4df,fUSD,0.00024959,2,1,150.0,offer,2026-09-21T16:47:01.329294+00:00
8ff91d7f-ee29-41a7-97af-d48e55abf4df,fUSD,0.00025,2,4,15410.60963137,offer,2026-09-21T16:47:01.329294+00:00
8ff91d7f-ee29-41a7-97af-d48e55abf4df,fUSD,0.0002503,2,1,200.0,offer,2026-09-21T16:47:01.329294+00:00
8ff91d7f-ee29-41a7-97af-d48e55abf4df,fUSD,0.0002503546932194345,2,1,15423.81959327,offer,2026-09-21T16:47:01.329294+00:00
8ff91d7f-ee29-41a7-97af-d48e55abf4df,fUSD,0.00025049,7,1,157.22,offer,2026-09-21T16:47:01.329294+00:00
8ff91d7f-ee29-41a7-97af-d48e55abf4df,fUSD,0.00025084,2,1,446.0,offer,2026-09-21T16:47:01.329294+00:00
8ff91d7f-ee29-41a7-97af-d48e55abf4df,fUSD,0.00025163983424657537,2,1,346.26,offer,2026-09-21T16:47:01.329294+00:00
8ff91d7f-ee29-41a7-97af-d48e55abf4df,fUSD,0.00025199,2,1,150.0,offer,2026-09-21T16:47:01.329294+00:00
8ff91d7f-ee29-41a7-97af-d48e55abf4df,fUSD,0.00025223,7,1,727.68,offer,2026-09-21T16:47:01.329294+00:00
8ff91d7f-ee29-41a7-97af-d48e55abf4df,fUSD,0.0002523,2,1,166.37,offer,2026-09-21T16:47:01.329294+00:00
8ff91d7f-ee29-41a7-97af-d48e55abf4df,fUSD,0.00025237,9,1,1710.225,offer,2026-09-21T16:47:01.329294+00:00
8ff91d7f-ee29-41a7-97af-d48e55abf4df,fUSD,0.00025237353424657533,9,3,1219.708,offer,2026-09-21T16:47:01.329294+00:00
f21c52c8-c38d-4154-b058-5d42ddec503d,fUSD,0.000273972602739726,120,1,-1297846.64100948,demand,2026-09-21T17:47:01.247599+00:00
f21c52c8-c38d-4154-b058-5d42ddec503d,fUSD,0.0002311745,2,1,-304.51,demand,2026-09-21T17:47:01.247599+00:00
f21c52c8-c38d-4154-b058-5d42ddec503d,fUSD,0.0001712,120,1,-20000.0,demand,2026-09-21T17:47:01.247599+00:00
f21c52c8-c38d-4154-b058-5d42ddec503d,fUSD,0.00017111,120,1,-2000000.0,demand,2026-09-21T17:47:01.247599+00:00
f21c52c8-c38d-4154-b058-5d42ddec503d,fUSD,0.000161,120,1,-100000.0,demand,2026-09-21T17:47:01.247599+00:00
f21c52c8-c38d-4154-b058-5d42ddec503d,fUSD,0.000161,60,1,-19634.0,demand,2026-09-21T17:47:01.247599+00:00
f21c52c8-c38d-4154-b058-5d42ddec503d,fUSD,0.0001603,120,1,-20000.0,demand,2026-09-21T17:47:01.247599+00:00
f21c52c8-c38d-4154-b058-5d42ddec503d,fUSD,0.00016,120,2,-10009162.66122322,demand,2026-09-21T17:47:01.247599+00:00
f21c52c8-c38d-4154-b058-5d42ddec503d,fUSD,0.0001503,90,1,-20000.0,demand,2026-09-21T17:47:01.247599+00:00
f21c52c8-c38d-4154-b058-5d42ddec503d,fUSD,0.000150001,2,3,-5607590.42582933,demand,2026-09-21T17:47:01.247599+00:00
f21c52c8-c38d-4154-b058-5d42ddec503d,fUSD,0.00015,29,1,-149122.66199579,demand,2026-09-21T17:47:01.247599+00:00
f21c52c8-c38d-4154-b058-5d42ddec503d,fUSD,0.00015,7,1,-5951.13645247,demand,2026-09-21T17:47:01.247599+00:00
f21c52c8-c38d-4154-b058-5d42ddec503d,fUSD,0.00014252,120,1,-10770.76644364,demand,2026-09-21T17:47:01.247599+00:00
f21c52c8-c38d-4154-b058-5d42ddec503d,fUSD,0.00014220966929992732,2,1,-4718.52507741,demand,2026-09-21T17:47:01.247599+00:00
f21c52c8-c38d-4154-b058-5d42ddec503d,fUSD,0.00014219560569472782,2,1,-4718.52507741,demand,2026-09-21T17:47:01.247599+00:00
f21c52c8-c38d-4154-b058-5d42ddec503d,fUSD,0.0001421934097958291,2,1,-4718.52507741,demand,2026-09-21T17:47:01.247599+00:00
f21c52c8-c38d-4154-b058-5d42ddec503d,fUSD,0.00014218925007996428,2,1,-4718.52507741,demand,2026-09-21T17:47:01.247599+00:00
f21c52c8-c38d-4154-b058-5d42ddec503d,fUSD,0.00014215789218637015,2,1,-4718.52507741,demand,2026-09-21T17:47:01.247599+00:00
f21c52c8-c38d-4154-b058-5d42ddec503d,fUSD,0.0001421403478088228,2,1,-4718.52507741,demand,2026-09-21T17:47:01.247599+00:00
f21c52c8-c38d-4154-b058-5d42ddec503d,fUSD,0.00014214002575617754,2,1,-4718.52507741,demand,2026-09-21T17:47:01.247599+00:00
f21c52c8-c38d-4154-b058-5d42ddec503d,fUSD,0.00014213451684516246,2,1,-4718.52507741,demand,2026-09-21T17:47:01.247599+00:00
f21c52c8-c38d-4154-b058-5d42ddec503d,fUSD,0.00014211367198598433,2,1,-4718.52507741,demand,2026-09-21T17:47:01.247599+00:00
f21c52c8-c38d-4154-b058-5d42ddec503d,fUSD,0.0001421132084017814,2,1,-4718.52507741,demand,2026-09-21T17:47:01.247599+00:00
f21c52c8-c38d-4154-b058-5d42ddec503d,fUSD,0.00014175,2,1,-473.89474,demand,2026-09-21T17:47:01.247599+00:00
f21c52c8-c38d-4154-b058-5d42ddec503d,fUSD,0.000141,2,1,-32000.0,demand,2026-09-21T17:47:01.247599+00:00
f21c52c8-c38d-4154-b058-5d42ddec503d,fUSD,0.0002320276,2,2,458.0,offer,2026-09-21T17:47:01.247599+00:00
f21c52c8-c38d-4154-b058-5d42ddec503d,fUSD,0.0002361506,2,1,304.51,offer,2026-09-21T17:47:01.247599+00:00
f21c52c8-c38d-4154-b058-5d42ddec503d,fUSD,0.00023739,9,1,305.0,offer,2026-09-21T17:47:01.247599+00:00
f21c52c8-c38d-4154-b058-5d42ddec503d,fUSD,0.0002389911,2,2,490.71179668,offer,2026-09-21T17:47:01.247599+00:00
f21c52c8-c38d-4154-b058-5d42ddec503d,fUSD,0.00024012972602739725,9,1,305.0,offer,2026-09-21T17:47:01.247599+00:00
f21c52c8-c38d-4154-b058-5d42ddec503d,fUSD,0.00024286945205479453,9,1,305.0,offer,2026-09-21T17:47:01.247599+00:00
f21c52c8-c38d-4154-b058-5d42ddec503d,fUSD,0.00024287671232876712,7,3,463.58494042,offer,2026-09-21T17:47:01.247599+00:00
f21c52c8-c38d-4154-b058-5d42ddec503d,fUSD,0.00024288,3,2,439.0,offer,2026-09-21T17:47:01.247599+00:00
f21c52c8-c38d-4154-b058-5d42ddec503d,fUSD,0.0002431056,2,1,7067.2976435,offer,2026-09-21T17:47:01.247599+00:00
f21c52c8-c38d-4154-b058-5d42ddec503d,fUSD,0.00024322,2,1,18855.0,offer,2026-09-21T17:47:01.247599+00:00
f21c52c8-c38d-4154-b058-5d42ddec503d,fUSD,0.00024342,2,1,381.0,offer,2026-09-21T17:47:01.247599+00:00
f21c52c8-c38d-4154-b058-5d42ddec503d,fUSD,0.0002437,2,2,21502.0,offer,2026-09-21T17:47:01.247599+00:00
f21c52c8-c38d-4154-b058-5d42ddec503d,fUSD,0.00024397260273972604,2,1,505.0,offer,2026-09-21T17:47:01.247599+00:00
f21c52c8-c38d-4154-b058-5d42ddec503d,fUSD,0.00024404,2,1,11629.55688556,offer,2026-09-21T17:47:01.247599+00:00
f21c52c8-c38d-4154-b058-5d42ddec503d,fUSD,0.00024419,2,1,153.87,offer,2026-09-21T17:47:01.247599+00:00
f21c52c8-c38d-4154-b058-5d42ddec503d,fUSD,0.00024527,2,1,822.0,offer,2026-09-21T17:47:01.247599+00:00
f21c52c8-c38d-4154-b058-5d42ddec503d,fUSD,0.0002456091780821918,9,1,412.0,offer,2026-09-21T17:47:01.247599+00:00
f21c52c8-c38d-4154-b058-5d42ddec503d,fUSD,0.000245905393,2,1,175.6,offer,2026-09-21T17:47:01.247599+00:00
f21c52c8-c38d-4154-b058-5d42ddec503d,fUSD,0.000246225,14,1,209.131704,offer,2026-09-21T17:47:01.247599+00:00
f21c52c8-c38d-4154-b058-5d42ddec503d,fUSD,0.0002465753424657534,2,1,246.3,offer,2026-09-21T17:47:01.247599+00:00
f21c52c8-c38d-4154-b058-5d42ddec503d,fUSD,0.00024727,2,3,981.40550951,offer,2026-09-21T17:47:01.247599+00:00
f21c52c8-c38d-4154-b058-5d42ddec503d,fUSD,0.00024736,2,1,153.85840776,offer,2026-09-21T17:47:01.247599+00:00
f21c52c8-c38d-4154-b058-5d42ddec503d,fUSD,0.0002474402,14,1,364.642989,offer,2026-09-21T17:47:01.247599+00:00
f21c52c8-c38d-4154-b058-5d42ddec503d,fUSD,0.00024744999999999997,14,1,197.51667,offer,2026-09-21T17:47:01.247599+00:00
f21c52c8-c38d-4154-b058-5d42ddec503d,fUSD,0.00024745,2,1,10351.99242318,offer,2026-09-21T17:47:01.247599+00:00
5cb12e09-f9c5-4c48-9282-23db2b3f1f28,fUSD,0.000273972602739726,120,1,-8945859.74709398,demand,2026-09-21T18:47:01.318686+00:00
5cb12e09-f9c5-4c48-9282-23db2b3f1f28,fUSD,0.0001712,120,1,-20000.0,demand,2026-09-21T18:47:01.318686+00:00
5cb12e09-f9c5-4c48-9282-23db2b3f1f28,fUSD,0.00017111,120,1,-2000000.0,demand,2026-09-21T18:47:01.318686+00:00
5cb12e09-f9c5-4c48-9282-23db2b3f1f28,fUSD,0.000161,120,1,-100000.0,demand,2026-09-21T18:47:01.318686+00:00
5cb12e09-f9c5-4c48-9282-23db2b3f1f28,fUSD,0.000161,60,1,-19634.0,demand,2026-09-21T18:47:01.318686+00:00
5cb12e09-f9c5-4c48-9282-23db2b3f1f28,fUSD,0.0001603,120,1,-20000.0,demand,2026-09-21T18:47:01.318686+00:00
5cb12e09-f9c5-4c48-9282-23db2b3f1f28,fUSD,0.00016,120,2,-10009162.66122322,demand,2026-09-21T18:47:01.318686+00:00
5cb12e09-f9c5-4c48-9282-23db2b3f1f28,fUSD,0.0001503,90,1,-20000.0,demand,2026-09-21T18:47:01.318686+00:00
5cb12e09-f9c5-4c48-9282-23db2b3f1f28,fUSD,0.00015002,2,1,-4546401.53496072,demand,2026-09-21T18:47:01.318686+00:00
5cb12e09-f9c5-4c48-9282-23db2b3f1f28,fUSD,0.00015001,2,1,-7452.03461162,demand,2026-09-21T18:47:01.318686+00:00
5cb12e09-f9c5-4c48-9282-23db2b3f1f28,fUSD,0.00015,29,1,-149122.66199579,demand,2026-09-21T18:47:01.318686+00:00
5cb12e09-f9c5-4c48-9282-23db2b3f1f28,fUSD,0.00015,7,1,-5951.13645247,demand,2026-09-21T18:47:01.318686+00:00
5cb12e09-f9c5-4c48-9282-23db2b3f1f28,fUSD,0.0001463175,2,1,-150.0,demand,2026-09-21T18:47:01.318686+00:00
5cb12e09-f9c5-4c48-9282-23db2b3f1f28,fUSD,0.000143,2,1,-32000.0,demand,2026-09-21T18:47:01.318686+00:00
5cb12e09-f9c5-4c48-9282-23db2b3f1f28,fUSD,0.00014252,120,1,-10770.76644364,demand,2026-09-21T18:47:01.318686+00:00
5cb12e09-f9c5-4c48-9282-23db2b3f1f28,fUSD,0.00014220765226439437,2,1,-4718.52507741,demand,2026-09-21T18:47:01.318686+00:00
5cb12e09-f9c5-4c48-9282-23db2b3f1f28,fUSD,0.00014217717683416055,2,1,-4718.52507741,demand,2026-09-21T18:47:01.318686+00:00
5cb12e09-f9c5-4c48-9282-23db2b3f1f28,fUSD,0.00014217323967187224,2,1,-4718.52507741,demand,2026-09-21T18:47:01.318686+00:00
5cb12e09-f9c5-4c48-9282-23db2b3f1f28,fUSD,0.00014217169884764167,2,1,-4718.52507741,demand,2026-09-21T18:47:01.318686+00:00
5cb12e09-f9c5-4c48-9282-23db2b3f1f28,fUSD,0.00014216444832941308,2,1,-4718.52507741,demand,2026-09-21T18:47:01.318686+00:00
5cb12e09-f9c5-4c48-9282-23db2b3f1f28,fUSD,0.0001421566899383409,2,1,-4718.52507741,demand,2026-09-21T18:47:01.318686+00:00
5cb12e09-f9c5-4c48-9282-23db2b3f1f28,fUSD,0.00014214855365661533,2,1,-4718.52507741,demand,2026-09-21T18:47:01.318686+00:00
5cb12e09-f9c5-4c48-9282-23db2b3f1f28,fUSD,0.00014213629045357152,2,1,-4718.52507741,demand,2026-09-21T18:47:01.318686+00:00
5cb12e09-f9c5-4c48-9282-23db2b3f1f28,fUSD,0.00014211734609254444,2,1,-4718.52507741,demand,2026-09-21T18:47:01.318686+00:00
5cb12e09-f9c5-4c48-9282-23db2b3f1f28,fUSD,0.00014211220720917537,2,1,-4718.52507741,demand,2026-09-21T18:47:01.318686+00:00
5cb12e09-f9c5-4c48-9282-23db2b3f1f28,fUSD,0.000239309644,2,1,216.0,offer,2026-09-21T18:47:01.318686+00:00
5cb12e09-f9c5-4c48-9282-23db2b3f1f28,fUSD,0.000244668685,2,1,324.0,offer,2026-09-21T18:47:01.318686+00:00
5cb12e09-f9c5-4c48-9282-23db2b3f1f28,fUSD,0.00024484931506849316,7,3,450.0,offer,2026-09-21T18:47:01.318686+00:00
5cb12e09-f9c5-4c48-9282-23db2b3f1f28,fUSD,0.00024658,3,2,385.0,offer,2026-09-21T18:47:01.318686+00:00
5cb12e09-f9c5-4c48-9282-23db2b3f1f28,fUSD,0.00024658,2,2,380.72,offer,2026-09-21T18:47:01.318686+00:00
5cb12e09-f9c5-4c48-9282-23db2b3f1f28,fUSD,0.0002468021,3,1,162.03454887,offer,2026-09-21T18:47:01.318686+00:00
5cb12e09-f9c5-4c48-9282-23db2b3f1f28,fUSD,0.00024699,2,2,385.45046068,offer,2026-09-21T18:47:01.318686+00:00
5cb12e09-f9c5-4c48-9282-23db2b3f1f28,fUSD,0.000247,2,2,10340.20583214,offer,2026-09-21T18:47:01.318686+00:00
5cb12e09-f9c5-4c48-9282-23db2b3f1f28,fUSD,0.00024712154999999997,2,1,151.0,offer,2026-09-21T18:47:01.318686+00:00
5cb12e09-f9c5-4c48-9282-23db2b3f1f28,fUSD,0.00024767154999999995,2,1,151.0,offer,2026-09-21T18:47:01.318686+00:00
5cb12e09-f9c5-4c48-9282-23db2b3f1f28,fUSD,0.0002479205479452055,2,3,494.0,offer,2026-09-21T18:47:01.318686+00:00
5cb12e09-f9c5-4c48-9282-23db2b3f1f28,fUSD,0.00024799999999999996,2,1,581.0,offer,2026-09-21T18:47:01.318686+00:00
5cb12e09-f9c5-4c48-9282-23db2b3f1f28,fUSD,0.000248,2,1,176.0,offer,2026-09-21T18:47:01.318686+00:00
5cb12e09-f9c5-4c48-9282-23db2b3f1f28,fUSD,0.00024802,7,2,380.72,offer,2026-09-21T18:47:01.318686+00:00
5cb12e09-f9c5-4c48-9282-23db2b3f1f28,fUSD,0.000248084301,5,1,184.0,offer,2026-09-21T18:47:01.318686+00:00
5cb12e09-f9c5-4c48-9282-23db2b3f1f28,fUSD,0.0002484748356164383,2,2,703.74109856,offer,2026-09-21T18:47:01.318686+00:00
5cb12e09-f9c5-4c48-9282-23db2b3f1f28,fUSD,0.0002485315068493151,2,1,150.6018544,offer,2026-09-21T18:47:01.318686+00:00
5cb12e09-f9c5-4c48-9282-23db2b3f1f28,fUSD,0.00024858547945205483,2,5,998.15232745,offer,2026-09-21T18:47:01.318686+00:00
5cb12e09-f9c5-4c48-9282-23db2b3f1f28,fUSD,0.0002486895473886987,2,1,156.0,offer,2026-09-21T18:47:01.318686+00:00
5cb12e09-f9c5-4c48-9282-23db2b3f1f28,fUSD,0.0002487145750856165,2,1,156.0,offer,2026-09-21T18:47:01.318686+00:00
5cb12e09-f9c5-4c48-9282-23db2b3f1f28,fUSD,0.00024871636277825346,2,1,200.0,offer,2026-09-21T18:47:01.318686+00:00
5cb12e09-f9c5-4c48-9282-23db2b3f1f28,fUSD,0.0002487449658604452,2,1,222.0,offer,2026-09-21T18:47:01.318686+00:00
5cb12e09-f9c5-4c48-9282-23db2b3f1f28,fUSD,0.000249,2,2,3807.99505371,offer,2026-09-21T18:47:01.318686+00:00
5cb12e09-f9c5-4c48-9282-23db2b3f1f28,fUSD,0.000249111,2,6,75327.17986973,offer,2026-09-21T18:47:01.318686+00:00
5cb12e09-f9c5-4c48-9282-23db2b3f1f28,fUSD,0.0002492,2,1,292.71,offer,2026-09-21T18:47:01.318686+00:00
afc2275b-1f9b-4757-8872-ee44c9639e4f,fUSD,0.000273972602739726,120,1,-8876706.61236382,demand,2026-09-21T19:47:01.237457+00:00
afc2275b-1f9b-4757-8872-ee44c9639e4f,fUSD,0.0001712,120,1,-20000.0,demand,2026-09-21T19:47:01.237457+00:00
afc2275b-1f9b-4757-8872-ee44c9639e4f,fUSD,0.00017111,120,1,-2000000.0,demand,2026-09-21T19:47:01.237457+00:00
afc2275b-1f9b-4757-8872-ee44c9639e4f,fUSD,0.000161,120,1,-100000.0,demand,2026-09-21T19:47:01.237457+00:00
afc2275b-1f9b-4757-8872-ee44c9639e4f,fUSD,0.000161,60,1,-19634.0,demand,2026-09-21T19:47:01.237457+00:00
afc2275b-1f9b-4757-8872-ee44c9639e4f,fUSD,0.0001603,120,1,-20000.0,demand,2026-09-21T19:47:01.237457+00:00
afc2275b-1f9b-4757-8872-ee44c9639e4f,fUSD,0.00016,120,2,-10009162.66122322,demand,2026-09-21T19:47:01.237457+00:00
afc2275b-1f9b-4757-8872-ee44c9639e4f,fUSD,0.0001503,90,1,-20000.0,demand,2026-09-21T19:47:01.237457+00:00
afc2275b-1f9b-4757-8872-ee44c9639e4f,fUSD,0.00015003,2,7,-65178.662319,demand,2026-09-21T19:47:01.237457+00:00
afc2275b-1f9b-4757-8872-ee44c9639e4f,fUSD,0.00015002,2,1,-4546401.53496072,demand,2026-09-21T19:47:01.237457+00:00
afc2275b-1f9b-4757-8872-ee44c9639e4f,fUSD,0.00015001,2,1,-7452.03461162,demand,2026-09-21T19:47:01.237457+00:00
afc2275b-1f9b-4757-8872-ee44c9639e4f,fUSD,0.00015,29,1,-149122.66199579,demand,2026-09-21T19:47:01.237457+00:00
afc2275b-1f9b-4757-8872-ee44c9639e4f,fUSD,0.00015,7,1,-5951.13645247,demand,2026-09-21T19:47:01.237457+00:00
afc2275b-1f9b-4757-8872-ee44c9639e4f,fUSD,0.000147,2,1,-150.0,demand,2026-09-21T19:47:01.237457+00:00
afc2275b-1f9b-4757-8872-ee44c9639e4f,fUSD,0.000143,2,1,-32000.0,demand,2026-09-21T19:47:01.237457+00:00
afc2275b-1f9b-4757-8872-ee44c9639e4f,fUSD,0.00014252,120,1,-10770.76644364,demand,2026-09-21T19:47:01.237457+00:00
afc2275b-1f9b-4757-8872-ee44c9639e4f,fUSD,0.00014220765226439437,2,1,-4718.52507741,demand,2026-09-21T19:47:01.237457+00:00
afc2275b-1f9b-4757-8872-ee44c9639e4f,fUSD,0.00014217717683416055,2,1,-4718.52507741,demand,2026-09-21T19:47:01.237457+00:00
afc2275b-1f9b-4757-8872-ee44c9639e4f,fUSD,0.00014217323967187224,2,1,-4718.52507741,demand,2026-09-21T19:47:01.237457+00:00
afc2275b-1f9b-4757-8872-ee44c9639e4f,fUSD,0.00014217169884764167,2,1,-4718.52507741,demand,2026-09-21T19:47:01.237457+00:00
afc2275b-1f9b-4757-8872-ee44c9639e4f,fUSD,0.00014216444832941308,2,1,-4718.52507741,demand,2026-09-21T19:47:01.237457+00:00
afc2275b-1f9b-4757-8872-ee44c9639e4f,fUSD,0.0001421566899383409,2,1,-4718.52507741,demand,2026-09-21T19:47:01.237457+00:00
afc2275b-1f9b-4757-8872-ee44c9639e4f,fUSD,0.00014214855365661533,2,1,-4718.52507741,demand,2026-09-21T19:47:01.237457+00:00
afc2275b-1f9b-4757-8872-ee44c9639e4f,fUSD,0.00014213629045357152,2,1,-4718.52507741,demand,2026-09-21T19:47:01.237457+00:00
afc2275b-1f9b-4757-8872-ee44c9639e4f,fUSD,0.00014211734609254444,2,1,-4718.52507741,demand,2026-09-21T19:47:01.237457+00:00
afc2275b-1f9b-4757-8872-ee44c9639e4f,fUSD,0.000241638192,2,1,166.0,offer,2026-09-21T19:47:01.237457+00:00
afc2275b-1f9b-4757-8872-ee44c9639e4f,fUSD,0.00024166,2,1,65.60801519,offer,2026-09-21T19:47:01.237457+00:00
afc2275b-1f9b-4757-8872-ee44c9639e4f,fUSD,0.00024174621926109925,2,1,192.0,offer,2026-09-21T19:47:01.237457+00:00
afc2275b-1f9b-4757-8872-ee44c9639e4f,fUSD,0.0002417844171670977,2,1,151.0,offer,2026-09-21T19:47:01.237457+00:00
afc2275b-1f9b-4757-8872-ee44c9639e4f,fUSD,0.00024183967714926107,2,1,151.0,offer,2026-09-21T19:47:01.237457+00:00
afc2275b-1f9b-4757-8872-ee44c9639e4f,fUSD,0.00024187,2,1,373.0,offer,2026-09-21T19:47:01.237457+00:00
afc2275b-1f9b-4757-8872-ee44c9639e4f,fUSD,0.00024219178084,2,2,302.0,offer,2026-09-21T19:47:01.237457+00:00
afc2275b-1f9b-4757-8872-ee44c9639e4f,fUSD,0.00024220547947,2,2,302.0,offer,2026-09-21T19:47:01.237457+00:00
afc2275b-1f9b-4757-8872-ee44c9639e4f,fUSD,0.00024309999999999997,2,1,238.47,offer,2026-09-21T19:47:01.237457+00:00
afc2275b-1f9b-4757-8872-ee44c9639e4f,fUSD,0.00024397260273972604,2,1,574.0,offer,2026-09-21T19:47:01.237457+00:00
afc2275b-1f9b-4757-8872-ee44c9639e4f,fUSD,0.0002442,2,1,150.0,offer,2026-09-21T19:47:01.237457+00:00
afc2275b-1f9b-4757-8872-ee44c9639e4f,fUSD,0.0002442832,2,1,169.09,offer,2026-09-21T19:47:01.237457+00:00
afc2275b-1f9b-4757-8872-ee44c9639e4f,fUSD,0.00024509554837999996,2,1,156.09500001,offer,2026-09-21T19:47:01.237457+00:00
afc2275b-1f9b-4757-8872-ee44c9639e4f,fUSD,0.00024510554837999996,2,6,11184.94665763,offer,2026-09-21T19:47:01.237457+00:00
afc2275b-1f9b-4757-8872-ee44c9639e4f,fUSD,0.0002454,2,9,18000.0,offer,2026-09-21T19:47:01.237457+00:00
afc2275b-1f9b-4757-8872-ee44c9639e4f,fUSD,0.00024565554837999994,2,1,3705.42524058,offer,2026-09-21T19:47:01.237457+00:00
afc2275b-1f9b-4757-8872-ee44c9639e4f,fUSD,0.000245866974,2,1,169.48,offer,2026-09-21T19:47:01.237457+00:00
afc2275b-1f9b-4757-8872-ee44c9639e4f,fUSD,0.000245885,2,1,200.0,offer,2026-09-21T19:47:01.237457+00:00
afc2275b-1f9b-4757-8872-ee44c9639e4f,fUSD,0.000245902,2,1,200.0,offer,2026-09-21T19:47:01.237457+00:00
afc2275b-1f9b-4757-8872-ee44c9639e4f,fUSD,0.000245914,2,1,200.0,offer,2026-09-21T19:47:01.237457+00:00
afc2275b-1f9b-4757-8872-ee44c9639e4f,fUSD,0.000245927,2,1,200.0,offer,2026-09-21T19:47:01.237457+00:00
afc2275b-1f9b-4757-8872-ee44c9639e4f,fUSD,0.0002462,2,1,238.47,offer,2026-09-21T19:47:01.237457+00:00
afc2275b-1f9b-4757-8872-ee44c9639e4f,fUSD,0.0002465753424657534,2,2,1185.55,offer,2026-09-21T19:47:01.237457+00:00
afc2275b-1f9b-4757-8872-ee44c9639e4f,fUSD,0.00024658,2,4,697.23,offer,2026-09-21T19:47:01.237457+00:00
afc2275b-1f9b-4757-8872-ee44c9639e4f,fUSD,0.0002466,2,1,506.82,offer,2026-09-21T19:47:01.237457+00:00
5f1ead2e-bedc-42a3-ac41-89afca1cf0a3,fUSD,0.000273972602739726,120,1,-8543867.48139549,demand,2026-09-21T20:47:01.338790+00:00
5f1ead2e-bedc-42a3-ac41-89afca1cf0a3,fUSD,0.0001712,120,1,-20000.0,demand,2026-09-21T20:47:01.338790+00:00
5f1ead2e-bedc-42a3-ac41-89afca1cf0a3,fUSD,0.00017111,120,1,-2000000.0,demand,2026-09-21T20:47:01.338790+00:00
5f1ead2e-bedc-42a3-ac41-89afca1cf0a3,fUSD,0.000161,120,1,-100000.0,demand,2026-09-21T20:47:01.338790+00:00
5f1ead2e-bedc-42a3-ac41-89afca1cf0a3,fUSD,0.000161,60,1,-19634.0,demand,2026-09-21T20:47:01.338790+00:00
5f1ead2e-bedc-42a3-ac41-89afca1cf0a3,fUSD,0.0001603,120,1,-20000.0,demand,2026-09-21T20:47:01.338790+00:00
5f1ead2e-bedc-42a3-ac41-89afca1cf0a3,fUSD,0.00016,120,2,-10009162.66122322,demand,2026-09-21T20:47:01.338790+00:00
5f1ead2e-bedc-42a3-ac41-89afca1cf0a3,fUSD,0.0001573425,2,1,-150.0,demand,2026-09-21T20:47:01.338790+00:00
5f1ead2e-bedc-42a3-ac41-89afca1cf0a3,fUSD,0.0001503,90,1,-20000.0,demand,2026-09-21T20:47:01.338790+00:00
5f1ead2e-bedc-42a3-ac41-89afca1cf0a3,fUSD,0.00015010000000000002,2,1,-20000.0,demand,2026-09-21T20:47:01.338790+00:00
5f1ead2e-bedc-42a3-ac41-89afca1cf0a3,fUSD,0.00015010000000000002,5,3,-60000.0,demand,2026-09-21T20:47:01.338790+00:00
5f1ead2e-bedc-42a3-ac41-89afca1cf0a3,fUSD,0.0001501,5,1,-20000.0,demand,2026-09-21T20:47:01.338790+00:00
5f1ead2e-bedc-42a3-ac41-89afca1cf0a3,fUSD,0.00015002,2,1,-4348619.06877519,demand,2026-09-21T20:47:01.338790+00:00
5f1ead2e-bedc-42a3-ac41-89afca1cf0a3,fUSD,0.00015,29,1,-149122.66199579,demand,2026-09-21T20:47:01.338790+00:00
5f1ead2e-bedc-42a3-ac41-89afca1cf0a3,fUSD,0.00015,7,1,-5951.13645247,demand,2026-09-21T20:47:01.338790+00:00
5f1ead2e-bedc-42a3-ac41-89afca1cf0a3,fUSD,0.000143,2,1,-32000.0,demand,2026-09-21T20:47:01.338790+00:00
5f1ead2e-bedc-42a3-ac41-89afca1cf0a3,fUSD,0.00014252,120,1,-10770.76644364,demand,2026-09-21T20:47:01.338790+00:00
5f1ead2e-bedc-42a3-ac41-89afca1cf0a3,fUSD,0.00014221027816833866,2,1,-4718.52507741,demand,2026-09-21T20:47:01.338790+00:00
5f1ead2e-bedc-42a3-ac41-89afca1cf0a3,fUSD,0.00014220756209133522,2,1,-4718.52507741,demand,2026-09-21T20:47:01.338790+00:00
5f1ead2e-bedc-42a3-ac41-89afca1cf0a3,fUSD,0.00014220065563233365,2,1,-4718.52507741,demand,2026-09-21T20:47:01.338790+00:00
5f1ead2e-bedc-42a3-ac41-89afca1cf0a3,fUSD,0.00014219744276643256,2,1,-4718.52507741,demand,2026-09-21T20:47:01.338790+00:00
5f1ead2e-bedc-42a3-ac41-89afca1cf0a3,fUSD,0.00014217773303635425,2,1,-4718.52507741,demand,2026-09-21T20:47:01.338790+00:00
5f1ead2e-bedc-42a3-ac41-89afca1cf0a3,fUSD,0.0001421746631790331,2,1,-4718.52507741,demand,2026-09-21T20:47:01.338790+00:00
5f1ead2e-bedc-42a3-ac41-89afca1cf0a3,fUSD,0.0001421567475293469,2,1,-4718.52507741,demand,2026-09-21T20:47:01.338790+00:00
5f1ead2e-bedc-42a3-ac41-89afca1cf0a3,fUSD,0.00014214552587126243,2,1,-4718.52507741,demand,2026-09-21T20:47:01.338790+00:00
5f1ead2e-bedc-42a3-ac41-89afca1cf0a3,fUSD,0.00024,2,2,426.0342,offer,2026-09-21T20:47:01.338790+00:00
5f1ead2e-bedc-42a3-ac41-89afca1cf0a3,fUSD,0.00024213698632,2,1,151.0,offer,2026-09-21T20:47:01.338790+00:00
5f1ead2e-bedc-42a3-ac41-89afca1cf0a3,fUSD,0.00024397260273972604,2,2,1246.0,offer,2026-09-21T20:47:01.338790+00:00
5f1ead2e-bedc-42a3-ac41-89afca1cf0a3,fUSD,0.000243972603,2,1,207.63,offer,2026-09-21T20:47:01.338790+00:00
5f1ead2e-bedc-42a3-ac41-89afca1cf0a3,fUSD,0.000245,2,1,869.92523656,offer,2026-09-21T20:47:01.338790+00:00
5f1ead2e-bedc-42a3-ac41-89afca1cf0a3,fUSD,0.00024583561643835616,7,2,300.0,offer,2026-09-21T20:47:01.338790+00:00
5f1ead2e-bedc-42a3-ac41-89afca1cf0a3,fUSD,0.000246167425,2,1,210.0,offer,2026-09-21T20:47:01.338790+00:00
5f1ead2e-bedc-42a3-ac41-89afca1cf0a3,fUSD,0.0002465753424657534,2,2,1472.45,offer,2026-09-21T20:47:01.338790+00:00
5f1ead2e-bedc-42a3-ac41-89afca1cf0a3,fUSD,0.000246998,2,3,605.9348034,offer,2026-09-21T20:47:01.338790+00:00
5f1ead2e-bedc-42a3-ac41-89afca1cf0a3,fUSD,0.000247008,2,1,200.0,offer,2026-09-21T20:47:01.338790+00:00
5f1ead2e-bedc-42a3-ac41-89afca1cf0a3,fUSD,0.00024712,2,1,176.0,offer,2026-09-21T20:47:01.338790+00:00
5f1ead2e-bedc-42a3-ac41-89afca1cf0a3,fUSD,0.00024726,2,15,7247.35870884,offer,2026-09-21T20:47:01.338790+00:00
5f1ead2e-bedc-42a3-ac41-89afca1cf0a3,fUSD,0.0002475,2,1,333.33333,offer,2026-09-21T20:47:01.338790+00:00
5f1ead2e-bedc-42a3-ac41-89afca1cf0a3,fUSD,0.00024765,3,2,432.0,offer,2026-09-21T20:47:01.338790+00:00
5f1ead2e-bedc-42a3-ac41-89afca1cf0a3,fUSD,0.00024799,3,1,331.93369013,offer,2026-09-21T20:47:01.338790+00:00
5f1ead2e-bedc-42a3-ac41-89afca1cf0a3,fUSD,0.00024799,2,1,500.0,offer,2026-09-21T20:47:01.338790+00:00
5f1ead2e-bedc-42a3-ac41-89afca1cf0a3,fUSD,0.000248,2,1,163.25054667,offer,2026-09-21T20:47:01.338790+00:00
5f1ead2e-bedc-42a3-ac41-89afca1cf0a3,fUSD,0.00024843705479452054,2,3,696.81882388,offer,2026-09-21T20:47:01.338790+00:00
5f1ead2e-bedc-42a3-ac41-89afca1cf0a3,fUSD,0.00024845594520547944,2,2,406.82976336,offer,2026-09-21T20:47:01.338790+00:00
5f1ead2e-bedc-42a3-ac41-89afca1cf0a3,fUSD,0.0002485,2,1,333.33333,offer,2026-09-21T20:47:01.338790+00:00
5f1ead2e-bedc-42a3-ac41-89afca1cf0a3,fUSD,0.0002488493150684931,2,1,574.91249137,offer,2026-09-21T20:47:01.338790+00:00
5f1ead2e-bedc-42a3-ac41-89afca1cf0a3,fUSD,0.00024899,2,1,2487.16052617,offer,2026-09-21T20:47:01.338790+00:00
5f1ead2e-bedc-42a3-ac41-89afca1cf0a3,fUSD,0.000249,2,2,8311.50957591,offer,2026-09-21T20:47:01.338790+00:00
5f1ead2e-bedc-42a3-ac41-89afca1cf0a3,fUSD,0.00024901,2,1,562.19333334,offer,2026-09-21T20:47:01.338790+00:00
5f1ead2e-bedc-42a3-ac41-89afca1cf0a3,fUSD,0.0002492,2,1,305.82,offer,2026-09-21T20:47:01.338790+00:00
22f3f34b-b540-4c63-bbf4-ab80251c9f14,fUSD,0.000273972602739726,120,1,-8530285.8177538,demand,2026-09-21T21:47:01.217248+00:00
22f3f34b-b540-4c63-bbf4-ab80251c9f14,fUSD,0.0001712,120,1,-20000.0,demand,2026-09-21T21:47:01.217248+00:00
22f3f34b-b540-4c63-bbf4-ab80251c9f14,fUSD,0.00017111,120,1,-2000000.0,demand,2026-09-21T21:47:01.217248+00:00
22f3f34b-b540-4c63-bbf4-ab80251c9f14,fUSD,0.000161,120,1,-100000.0,demand,2026-09-21T21:47:01.217248+00:00
22f3f34b-b540-4c63-bbf4-ab80251c9f14,fUSD,0.000161,60,1,-19634.0,demand,2026-09-21T21:47:01.217248+00:00
22f3f34b-b540-4c63-bbf4-ab80251c9f14,fUSD,0.0001603,120,1,-20000.0,demand,2026-09-21T21:47:01.217248+00:00
22f3f34b-b540-4c63-bbf4-ab80251c9f14,fUSD,0.00016,120,2,-10009162.66122322,demand,2026-09-21T21:47:01.217248+00:00
22f3f34b-b540-4c63-bbf4-ab80251c9f14,fUSD,0.0001503,90,1,-20000.0,demand,2026-09-21T21:47:01.217248+00:00
22f3f34b-b540-4c63-bbf4-ab80251c9f14,fUSD,0.00015002,2,1,-3611823.85667435,demand,2026-09-21T21:47:01.217248+00:00
22f3f34b-b540-4c63-bbf4-ab80251c9f14,fUSD,0.00015,29,1,-149122.66199579,demand,2026-09-21T21:47:01.217248+00:00
22f3f34b-b540-4c63-bbf4-ab80251c9f14,fUSD,0.00015,7,1,-5951.13645247,demand,2026-09-21T21:47:01.217248+00:00
22f3f34b-b540-4c63-bbf4-ab80251c9f14,fUSD,0.00014252,120,1,-10770.76644364,demand,2026-09-21T21:47:01.217248+00:00
22f3f34b-b540-4c63-bbf4-ab80251c9f14,fUSD,0.00014221027816833866,2,1,-4718.52507741,demand,2026-09-21T21:47:01.217248+00:00
22f3f34b-b540-4c63-bbf4-ab80251c9f14,fUSD,0.00014220756209133522,2,1,-4718.52507741,demand,2026-09-21T21:47:01.217248+00:00
22f3f34b-b540-4c63-bbf4-ab80251c9f14,fUSD,0.00014220065563233365,2,1,-4718.52507741,demand,2026-09-21T21:47:01.217248+00:00
22f3f34b-b540-4c63-bbf4-ab80251c9f14,fUSD,0.00014219744276643256,2,1,-4718.52507741,demand,2026-09-21T21:47:01.217248+00:00
22f3f34b-b540-4c63-bbf4-ab80251c9f14,fUSD,0.00014217773303635425,2,1,-4718.52507741,demand,2026-09-21T21:47:01.217248+00:00
22f3f34b-b540-4c63-bbf4-ab80251c9f14,fUSD,0.0001421746631790331,2,1,-4718.52507741,demand,2026-09-21T21:47:01.217248+00:00
22f3f34b-b540-4c63-bbf4-ab80251c9f14,fUSD,0.0001421567475293469,2,1,-4718.52507741,demand,2026-09-21T21:47:01.217248+00:00
22f3f34b-b540-4c63-bbf4-ab80251c9f14,fUSD,0.00014214552587126243,2,1,-4718.52507741,demand,2026-09-21T21:47:01.217248+00:00
22f3f34b-b540-4c63-bbf4-ab80251c9f14,fUSD,0.00014213864680560762,2,1,-4718.52507741,demand,2026-09-21T21:47:01.217248+00:00
22f3f34b-b540-4c63-bbf4-ab80251c9f14,fUSD,0.00014213565177904284,2,1,-4718.52507741,demand,2026-09-21T21:47:01.217248+00:00
22f3f34b-b540-4c63-bbf4-ab80251c9f14,fUSD,0.0001403,90,1,-20000.0,demand,2026-09-21T21:47:01.217248+00:00
22f3f34b-b540-4c63-bbf4-ab80251c9f14,fUSD,0.00014001,2,1,-119774.0143323,demand,2026-09-21T21:47:01.217248+00:00
22f3f34b-b540-4c63-bbf4-ab80251c9f14,fUSD,0.00013299999999999998,20,1,-4018.00283321,demand,2026-09-21T21:47:01.217248+00:00
22f3f34b-b540-4c63-bbf4-ab80251c9f14,fUSD,0.00018999,2,1,500.0,offer,2026-09-21T21:47:01.217248+00:00
22f3f34b-b540-4c63-bbf4-ab80251c9f14,fUSD,0.00023828828108442577,2,1,194.92649185,offer,2026-09-21T21:47:01.217248+00:00
22f3f34b-b540-4c63-bbf4-ab80251c9f14,fUSD,0.00023829828108442577,7,2,32457.92085638,offer,2026-09-21T21:47:01.217248+00:00
22f3f34b-b540-4c63-bbf4-ab80251c9f14,fUSD,0.0002383,3,2,350.0,offer,2026-09-21T21:47:01.217248+00:00
22f3f34b-b540-4c63-bbf4-ab80251c9f14,fUSD,0.0002384098,2,1,191.46,offer,2026-09-21T21:47:01.217248+00:00
22f3f34b-b540-4c63-bbf4-ab80251c9f14,fUSD,0.00024,2,4,3158.15,offer,2026-09-21T21:47:01.217248+00:00
22f3f34b-b540-4c63-bbf4-ab80251c9f14,fUSD,0.00024108,2,1,152.0,offer,2026-09-21T21:47:01.217248+00:00
22f3f34b-b540-4c63-bbf4-ab80251c9f14,fUSD,0.0002419962,2,1,308.49,offer,2026-09-21T21:47:01.217248+00:00
22f3f34b-b540-4c63-bbf4-ab80251c9f14,fUSD,0.00024309999999999997,2,1,158.15,offer,2026-09-21T21:47:01.217248+00:00
22f3f34b-b540-4c63-bbf4-ab80251c9f14,fUSD,0.00024329828108442576,7,1,53930.74,offer,2026-09-21T21:47:01.217248+00:00
22f3f34b-b540-4c63-bbf4-ab80251c9f14,fUSD,0.00024397260273972604,2,2,1255.6936,offer,2026-09-21T21:47:01.217248+00:00
22f3f34b-b540-4c63-bbf4-ab80251c9f14,fUSD,0.0002449333,2,1,419.83934734,offer,2026-09-21T21:47:01.217248+00:00
22f3f34b-b540-4c63-bbf4-ab80251c9f14,fUSD,0.000245,2,1,1055.25633814,offer,2026-09-21T21:47:01.217248+00:00
22f3f34b-b540-4c63-bbf4-ab80251c9f14,fUSD,0.0002462,2,1,158.15,offer,2026-09-21T21:47:01.217248+00:00
22f3f34b-b540-4c63-bbf4-ab80251c9f14,fUSD,0.00024629,7,1,3235.34690118,offer,2026-09-21T21:47:01.217248+00:00
22f3f34b-b540-4c63-bbf4-ab80251c9f14,fUSD,0.00024636,7,2,5250.0,offer,2026-09-21T21:47:01.217248+00:00
22f3f34b-b540-4c63-bbf4-ab80251c9f14,fUSD,0.0002465753,2,1,432.437419,offer,2026-09-21T21:47:01.217248+00:00
22f3f34b-b540-4c63-bbf4-ab80251c9f14,fUSD,0.0002465753424657534,2,4,2301.01,offer,2026-09-21T21:47:01.217248+00:00
22f3f34b-b540-4c63-bbf4-ab80251c9f14,fUSD,0.00024658,2,2,344.53,offer,2026-09-21T21:47:01.217248+00:00
22f3f34b-b540-4c63-bbf4-ab80251c9f14,fUSD,0.00024720694166666666,2,13,11914.06829619,offer,2026-09-21T21:47:01.217248+00:00
22f3f34b-b540-4c63-bbf4-ab80251c9f14,fUSD,0.00024775694166666664,2,2,8716.75555911,offer,2026-09-21T21:47:01.217248+00:00
22f3f34b-b540-4c63-bbf4-ab80251c9f14,fUSD,0.0002477794736842105,3,1,197.0,offer,2026-09-21T21:47:01.217248+00:00
22f3f34b-b540-4c63-bbf4-ab80251c9f14,fUSD,0.00024830694166666663,2,1,316.93295568,offer,2026-09-21T21:47:01.217248+00:00
22f3f34b-b540-4c63-bbf4-ab80251c9f14,fUSD,0.0002486712105263158,2,2,2695.0,offer,2026-09-21T21:47:01.217248+00:00
22f3f34b-b540-4c63-bbf4-ab80251c9f14,fUSD,0.000249,2,3,6258.05271937,offer,2026-09-21T21:47:01.217248+00:00
0cde0fcb-5b29-4935-b742-562852c34ba4,fUSD,0.000273972602739726,120,1,-8228208.28369012,demand,2026-09-21T22:47:01.205854+00:00
0cde0fcb-5b29-4935-b742-562852c34ba4,fUSD,0.0001712,120,1,-20000.0,demand,2026-09-21T22:47:01.205854+00:00
0cde0fcb-5b29-4935-b742-562852c34ba4,fUSD,0.00017111,120,1,-2000000.0,demand,2026-09-21T22:47:01.205854+00:00
0cde0fcb-5b29-4935-b742-562852c34ba4,fUSD,0.000161,120,1,-100000.0,demand,2026-09-21T22:47:01.205854+00:00
0cde0fcb-5b29-4935-b742-562852c34ba4,fUSD,0.000161,60,1,-19634.0,demand,2026-09-21T22:47:01.205854+00:00
0cde0fcb-5b29-4935-b742-562852c34ba4,fUSD,0.0001603,120,1,-20000.0,demand,2026-09-21T22:47:01.205854+00:00
0cde0fcb-5b29-4935-b742-562852c34ba4,fUSD,0.00016,120,2,-10009162.66122322,demand,2026-09-21T22:47:01.205854+00:00
0cde0fcb-5b29-4935-b742-562852c34ba4,fUSD,0.0001575,2,1,-150.0,demand,2026-09-21T22:47:01.205854+00:00
0cde0fcb-5b29-4935-b742-562852c34ba4,fUSD,0.0001503,90,1,-20000.0,demand,2026-09-21T22:47:01.205854+00:00
0cde0fcb-5b29-4935-b742-562852c34ba4,fUSD,0.00015002,2,1,-3611823.85667435,demand,2026-09-21T22:47:01.205854+00:00
0cde0fcb-5b29-4935-b742-562852c34ba4,fUSD,0.00015,29,1,-149122.66199579,demand,2026-09-21T22:47:01.205854+00:00
0cde0fcb-5b29-4935-b742-562852c34ba4,fUSD,0.00015,7,1,-5951.13645247,demand,2026-09-21T22:47:01.205854+00:00
0cde0fcb-5b29-4935-b742-562852c34ba4,fUSD,0.00014252,120,1,-10770.76644364,demand,2026-09-21T22:47:01.205854+00:00
0cde0fcb-5b29-4935-b742-562852c34ba4,fUSD,0.00014220746176015774,2,1,-4718.52507741,demand,2026-09-21T22:47:01.205854+00:00
0cde0fcb-5b29-4935-b742-562852c34ba4,fUSD,0.00014219240226673012,2,1,-4718.52507741,demand,2026-09-21T22:47:01.205854+00:00
0cde0fcb-5b29-4935-b742-562852c34ba4,fUSD,0.00014218196837388467,2,1,-4718.52507741,demand,2026-09-21T22:47:01.205854+00:00
0cde0fcb-5b29-4935-b742-562852c34ba4,fUSD,0.00014217210768585858,2,1,-4718.52507741,demand,2026-09-21T22:47:01.205854+00:00
0cde0fcb-5b29-4935-b742-562852c34ba4,fUSD,0.00014217103113030967,2,1,-4718.52507741,demand,2026-09-21T22:47:01.205854+00:00
0cde0fcb-5b29-4935-b742-562852c34ba4,fUSD,0.00014216985613997983,2,1,-4718.52507741,demand,2026-09-21T22:47:01.205854+00:00
0cde0fcb-5b29-4935-b742-562852c34ba4,fUSD,0.00014214086312597018,2,1,-4718.52507741,demand,2026-09-21T22:47:01.205854+00:00
0cde0fcb-5b29-4935-b742-562852c34ba4,fUSD,0.0001421365726836421,2,1,-4718.52507741,demand,2026-09-21T22:47:01.205854+00:00
0cde0fcb-5b29-4935-b742-562852c34ba4,fUSD,0.0001421260622763173,2,1,-4718.52507741,demand,2026-09-21T22:47:01.205854+00:00
0cde0fcb-5b29-4935-b742-562852c34ba4,fUSD,0.00014211710610359638,2,1,-4718.52507741,demand,2026-09-21T22:47:01.205854+00:00
0cde0fcb-5b29-4935-b742-562852c34ba4,fUSD,0.0001403,90,1,-20000.0,demand,2026-09-21T22:47:01.205854+00:00
0cde0fcb-5b29-4935-b742-562852c34ba4,fUSD,0.00014001,2,1,-119774.0143323,demand,2026-09-21T22:47:01.205854+00:00
0cde0fcb-5b29-4935-b742-562852c34ba4,fUSD,0.00019999000000000001,2,6,2373.70429204,offer,2026-09-21T22:47:01.205854+00:00
0cde0fcb-5b29-4935-b742-562852c34ba4,fUSD,0.0002,2,4,3865.45,offer,2026-09-21T22:47:01.205854+00:00
0cde0fcb-5b29-4935-b742-562852c34ba4,fUSD,0.0002086,2,1,150.0,offer,2026-09-21T22:47:01.205854+00:00
0cde0fcb-5b29-4935-b742-562852c34ba4,fUSD,0.00021080821917808222,7,1,3273.87761139,offer,2026-09-21T22:47:01.205854+00:00
0cde0fcb-5b29-4935-b742-562852c34ba4,fUSD,0.000216,5,1,447.0,offer,2026-09-21T22:47:01.205854+00:00
0cde0fcb-5b29-4935-b742-562852c34ba4,fUSD,0.00021719,2,4,1578.0502007,offer,2026-09-21T22:47:01.205854+00:00
0cde0fcb-5b29-4935-b742-562852c34ba4,fUSD,0.00021721,2,1,187.28876358,offer,2026-09-21T22:47:01.205854+00:00
0cde0fcb-5b29-4935-b742-562852c34ba4,fUSD,0.00021823492056671778,2,1,14139.19139272,offer,2026-09-21T22:47:01.205854+00:00
0cde0fcb-5b29-4935-b742-562852c34ba4,fUSD,0.00021899,2,1,755.0,offer,2026-09-21T22:47:01.205854+00:00
0cde0fcb-5b29-4935-b742-562852c34ba4,fUSD,0.000219,5,6,3000.0,offer,2026-09-21T22:47:01.205854+00:00
0cde0fcb-5b29-4935-b742-562852c34ba4,fUSD,0.00022000000000000003,2,1,250.0,offer,2026-09-21T22:47:01.205854+00:00
0cde0fcb-5b29-4935-b742-562852c34ba4,fUSD,0.00022017,2,1,150.0,offer,2026-09-21T22:47:01.205854+00:00
0cde0fcb-5b29-4935-b742-562852c34ba4,fUSD,0.0002204,2,1,326.32,offer,2026-09-21T22:47:01.205854+00:00
0cde0fcb-5b29-4935-b742-562852c34ba4,fUSD,0.00022235,2,1,150.0,offer,2026-09-21T22:47:01.205854+00:00
0cde0fcb-5b29-4935-b742-562852c34ba4,fUSD,0.0002271,2,1,14456.74707344,offer,2026-09-21T22:47:01.205854+00:00
0cde0fcb-5b29-4935-b742-562852c34ba4,fUSD,0.0002274665,2,1,161.71,offer,2026-09-21T22:47:01.205854+00:00
0cde0fcb-5b29-4935-b742-562852c34ba4,fUSD,0.0002282527,2,1,368.08,offer,2026-09-21T22:47:01.205854+00:00
0cde0fcb-5b29-4935-b742-562852c34ba4,fUSD,0.00023,2,3,966.180771,offer,2026-09-21T22:47:01.205854+00:00
0cde0fcb-5b29-4935-b742-562852c34ba4,fUSD,0.000231329,2,1,335.48,offer,2026-09-21T22:47:01.205854+00:00
0cde0fcb-5b29-4935-b742-562852c34ba4,fUSD,0.000232,2,1,21297.24697526,offer,2026-09-21T22:47:01.205854+00:00
0cde0fcb-5b29-4935-b742-562852c34ba4,fUSD,0.00023246,2,2,20381.00328988,offer,2026-09-21T22:47:01.205854+00:00
0cde0fcb-5b29-4935-b742-562852c34ba4,fUSD,0.00023293,2,1,3780.0,offer,2026-09-21T22:47:01.205854+00:00
0cde0fcb-5b29-4935-b742-562852c34ba4,fUSD,0.00023395900136986302,2,1,368.08,offer,2026-09-21T22:47:01.205854+00:00
0cde0fcb-5b29-4935-b742-562852c34ba4,fUSD,0.00023727,2,1,10207.0,offer,2026-09-21T22:47:01.205854+00:00
0cde0fcb-5b29-4935-b742-562852c34ba4,fUSD,0.00023775,2,2,9223.06879375,offer,2026-09-21T22:47:01.205854+00:00
be317cc5-b0fc-4e9e-9cbf-0bdd4be31da6,fUSD,0.000273972602739726,120,1,-8211068.77980011,demand,2026-09-21T23:47:01.207790+00:00
be317cc5-b0fc-4e9e-9cbf-0bdd4be31da6,fUSD,0.0001712,120,1,-20000.0,demand,2026-09-21T23:47:01.207790+00:00
be317cc5-b0fc-4e9e-9cbf-0bdd4be31da6,fUSD,0.00017111,120,1,-2000000.0,demand,2026-09-21T23:47:01.207790+00:00
be317cc5-b0fc-4e9e-9cbf-0bdd4be31da6,fUSD,0.000161,120,1,-100000.0,demand,2026-09-21T23:47:01.207790+00:00
be317cc5-b0fc-4e9e-9cbf-0bdd4be31da6,fUSD,0.000161,60,1,-19634.0,demand,2026-09-21T23:47:01.207790+00:00
be317cc5-b0fc-4e9e-9cbf-0bdd4be31da6,fUSD,0.0001603,120,1,-20000.0,demand,2026-09-21T23:47:01.207790+00:00
be317cc5-b0fc-4e9e-9cbf-0bdd4be31da6,fUSD,0.00016,120,2,-10009162.66122322,demand,2026-09-21T23:47:01.207790+00:00
be317cc5-b0fc-4e9e-9cbf-0bdd4be31da6,fUSD,0.0001503,90,1,-20000.0,demand,2026-09-21T23:47:01.207790+00:00
be317cc5-b0fc-4e9e-9cbf-0bdd4be31da6,fUSD,0.00015002,2,1,-3611823.85667435,demand,2026-09-21T23:47:01.207790+00:00
be317cc5-b0fc-4e9e-9cbf-0bdd4be31da6,fUSD,0.00015,29,1,-149122.66199579,demand,2026-09-21T23:47:01.207790+00:00
be317cc5-b0fc-4e9e-9cbf-0bdd4be31da6,fUSD,0.00015,7,1,-5951.13645247,demand,2026-09-21T23:47:01.207790+00:00
be317cc5-b0fc-4e9e-9cbf-0bdd4be31da6,fUSD,0.00014252,120,1,-10770.76644364,demand,2026-09-21T23:47:01.207790+00:00
be317cc5-b0fc-4e9e-9cbf-0bdd4be31da6,fUSD,0.00014220746176015774,2,1,-4718.52507741,demand,2026-09-21T23:47:01.207790+00:00
be317cc5-b0fc-4e9e-9cbf-0bdd4be31da6,fUSD,0.00014219240226673012,2,1,-4718.52507741,demand,2026-09-21T23:47:01.207790+00:00
be317cc5-b0fc-4e9e-9cbf-0bdd4be31da6,fUSD,0.00014218196837388467,2,1,-4718.52507741,demand,2026-09-21T23:47:01.207790+00:00
be317cc5-b0fc-4e9e-9cbf-0bdd4be31da6,fUSD,0.00014217210768585858,2,1,-4718.52507741,demand,2026-09-21T23:47:01.207790+00:00
be317cc5-b0fc-4e9e-9cbf-0bdd4be31da6,fUSD,0.00014217103113030967,2,1,-4718.52507741,demand,2026-09-21T23:47:01.207790+00:00
be317cc5-b0fc-4e9e-9cbf-0bdd4be31da6,fUSD,0.00014216985613997983,2,1,-4718.52507741,demand,2026-09-21T23:47:01.207790+00:00
be317cc5-b0fc-4e9e-9cbf-0bdd4be31da6,fUSD,0.00014214086312597018,2,1,-4718.52507741,demand,2026-09-21T23:47:01.207790+00:00
be317cc5-b0fc-4e9e-9cbf-0bdd4be31da6,fUSD,0.0001421365726836421,2,1,-4718.52507741,demand,2026-09-21T23:47:01.207790+00:00
be317cc5-b0fc-4e9e-9cbf-0bdd4be31da6,fUSD,0.0001421260622763173,2,1,-4718.52507741,demand,2026-09-21T23:47:01.207790+00:00
be317cc5-b0fc-4e9e-9cbf-0bdd4be31da6,fUSD,0.00014211710610359638,2,1,-4718.52507741,demand,2026-09-21T23:47:01.207790+00:00
be317cc5-b0fc-4e9e-9cbf-0bdd4be31da6,fUSD,0.0001403,90,1,-20000.0,demand,2026-09-21T23:47:01.207790+00:00
be317cc5-b0fc-4e9e-9cbf-0bdd4be31da6,fUSD,0.00014001,2,1,-119774.0143323,demand,2026-09-21T23:47:01.207790+00:00
be317cc5-b0fc-4e9e-9cbf-0bdd4be31da6,fUSD,0.00013299999999999998,20,1,-4018.00283321,demand,2026-09-21T23:47:01.207790+00:00
be317cc5-b0fc-4e9e-9cbf-0bdd4be31da6,fUSD,0.0002358326,2,1,227.0,offer,2026-09-21T23:47:01.207790+00:00
be317cc5-b0fc-4e9e-9cbf-0bdd4be31da6,fUSD,0.0002366298,7,1,190.9975179,offer,2026-09-21T23:47:01.207790+00:00
be317cc5-b0fc-4e9e-9cbf-0bdd4be31da6,fUSD,0.0002366863,2,1,151.44,offer,2026-09-21T23:47:01.207790+00:00
be317cc5-b0fc-4e9e-9cbf-0bdd4be31da6,fUSD,0.000238,2,1,163.25054667,offer,2026-09-21T23:47:01.207790+00:00
be317cc5-b0fc-4e9e-9cbf-0bdd4be31da6,fUSD,0.00023982839285714285,2,1,152.0,offer,2026-09-21T23:47:01.207790+00:00
be317cc5-b0fc-4e9e-9cbf-0bdd4be31da6,fUSD,0.00023998000000000002,2,3,1461.22084836,offer,2026-09-21T23:47:01.207790+00:00
be317cc5-b0fc-4e9e-9cbf-0bdd4be31da6,fUSD,0.00023999,2,2,482.70290725,offer,2026-09-21T23:47:01.207790+00:00
be317cc5-b0fc-4e9e-9cbf-0bdd4be31da6,fUSD,0.00024,2,3,12930.46119147,offer,2026-09-21T23:47:01.207790+00:00
be317cc5-b0fc-4e9e-9cbf-0bdd4be31da6,fUSD,0.0002401505,2,1,312.26,offer,2026-09-21T23:47:01.207790+00:00
be317cc5-b0fc-4e9e-9cbf-0bdd4be31da6,fUSD,0.0002408683,2,1,168.61,offer,2026-09-21T23:47:01.207790+00:00
be317cc5-b0fc-4e9e-9cbf-0bdd4be31da6,fUSD,0.000241447,2,1,191.44,offer,2026-09-21T23:47:01.207790+00:00
be317cc5-b0fc-4e9e-9cbf-0bdd4be31da6,fUSD,0.0002419342,2,1,312.26,offer,2026-09-21T23:47:01.207790+00:00
be317cc5-b0fc-4e9e-9cbf-0bdd4be31da6,fUSD,0.0002423608333333333,2,6,1598.15119698,offer,2026-09-21T23:47:01.207790+00:00
be317cc5-b0fc-4e9e-9cbf-0bdd4be31da6,fUSD,0.0002430280649713401,2,1,481.35154954,offer,2026-09-21T23:47:01.207790+00:00
be317cc5-b0fc-4e9e-9cbf-0bdd4be31da6,fUSD,0.00024309999999999997,2,1,296.58,offer,2026-09-21T23:47:01.207790+00:00
be317cc5-b0fc-4e9e-9cbf-0bdd4be31da6,fUSD,0.0002434277,2,1,312.26,offer,2026-09-21T23:47:01.207790+00:00
be317cc5-b0fc-4e9e-9cbf-0bdd4be31da6,fUSD,0.00024351,2,1,5286.0,offer,2026-09-21T23:47:01.207790+00:00
be317cc5-b0fc-4e9e-9cbf-0bdd4be31da6,fUSD,0.0002435895,7,1,363.18092917,offer,2026-09-21T23:47:01.207790+00:00
be317cc5-b0fc-4e9e-9cbf-0bdd4be31da6,fUSD,0.00024371,2,1,2261.0,offer,2026-09-21T23:47:01.207790+00:00
be317cc5-b0fc-4e9e-9cbf-0bdd4be31da6,fUSD,0.0002439079,2,1,179.28,offer,2026-09-21T23:47:01.207790+00:00
be317cc5-b0fc-4e9e-9cbf-0bdd4be31da6,fUSD,0.00024397260273972604,2,1,552.0,offer,2026-09-21T23:47:01.207790+00:00
be317cc5-b0fc-4e9e-9cbf-0bdd4be31da6,fUSD,0.00024400000000000002,7,1,368.7439456,offer,2026-09-21T23:47:01.207790+00:00
be317cc5-b0fc-4e9e-9cbf-0bdd4be31da6,fUSD,0.000244587096,2,1,173.15,offer,2026-09-21T23:47:01.207790+00:00
be317cc5-b0fc-4e9e-9cbf-0bdd4be31da6,fUSD,0.0002447245,2,1,312.26,offer,2026-09-21T23:47:01.207790+00:00
be317cc5-b0fc-4e9e-9cbf-0bdd4be31da6,fUSD,0.0002452,2,1,2927.73417105,offer,2026-09-21T23:47:01.207790+00:00
