run_id,market,rate,period,count,amount,side,fetched_at
05617b61-e382-4650-8077-987bd1a8e886,fUSD,0.000273972602739726,120,1,-3746661.07054382,demand,2026-09-25T00:47:00.849777+00:00
05617b61-e382-4650-8077-987bd1a8e886,fUSD,0.0001712,120,1,-20000.0,demand,2026-09-25T00:47:00.849777+00:00
05617b61-e382-4650-8077-987bd1a8e886,fUSD,0.00017111,120,1,-2000000.0,demand,2026-09-25T00:47:00.849777+00:00
05617b61-e382-4650-8077-987bd1a8e886,fUSD,0.000161,120,1,-100000.0,demand,2026-09-25T00:47:00.849777+00:00
05617b61-e382-4650-8077-987bd1a8e886,fUSD,0.000161,60,1,-19334.0,demand,2026-09-25T00:47:00.849777+00:00
05617b61-e382-4650-8077-987bd1a8e886,fUSD,0.0001603,120,1,-20000.0,demand,2026-09-25T00:47:00.849777+00:00
05617b61-e382-4650-8077-987bd1a8e886,fUSD,0.00016,120,2,-10009162.66122322,demand,2026-09-25T00:47:00.849777+00:00
05617b61-e382-4650-8077-987bd1a8e886,fUSD,0.00016,30,3,-3000.0,demand,2026-09-25T00:47:00.849777+00:00
05617b61-e382-4650-8077-987bd1a8e886,fUSD,0.000151,5,5,-91813.2784888,demand,2026-09-25T00:47:00.849777+00:00
05617b61-e382-4650-8077-987bd1a8e886,fUSD,0.0001503,90,1,-20000.0,demand,2026-09-25T00:47:00.849777+00:00
05617b61-e382-4650-8077-987bd1a8e886,fUSD,0.00015,29,1,-149122.66199579,demand,2026-09-25T00:47:00.849777+00:00
05617b61-e382-4650-8077-987bd1a8e886,fUSD,0.00015,7,1,-5741.16585247,demand,2026-09-25T00:47:00.849777+00:00
05617b61-e382-4650-8077-987bd1a8e886,fUSD,0.00014252,120,1,-10770.76644364,demand,2026-09-25T00:47:00.849777+00:00
05617b61-e382-4650-8077-987bd1a8e886,fUSD,0.0001403,90,1,-20000.0,demand,2026-09-25T00:47:00.849777+00:00
05617b61-e382-4650-8077-987bd1a8e886,fUSD,0.00013299999999999998,20,1,-4018.00283321,demand,2026-09-25T00:47:00.849777+00:00
05617b61-e382-4650-8077-987bd1a8e886,fUSD,0.000131,13,1,-7000.0,demand,2026-09-25T00:47:00.849777+00:00
05617b61-e382-4650-8077-987bd1a8e886,fUSD,0.00012757,120,1,-100000.0,demand,2026-09-25T00:47:00.849777+00:00
05617b61-e382-4650-8077-987bd1a8e886,fUSD,0.00012381579385876168,2,1,-1336.53520941,demand,2026-09-25T00:47:00.849777+00:00
05617b61-e382-4650-8077-987bd1a8e886,fUSD,0.0001238153224748771,2,1,-4718.52507741,demand,2026-09-25T00:47:00.849777+00:00
05617b61-e382-4650-8077-987bd1a8e886,fUSD,0.0001238142656751255,2,1,-4718.52507741,demand,2026-09-25T00:47:00.849777+00:00
05617b61-e382-4650-8077-987bd1a8e886,fUSD,0.000123811616324593,2,1,-4718.52507741,demand,2026-09-25T00:47:00.849777+00:00
05617b61-e382-4650-8077-987bd1a8e886,fUSD,0.00012381139184743556,2,1,-4718.52507741,demand,2026-09-25T00:47:00.849777+00:00
05617b61-e382-4650-8077-987bd1a8e886,fUSD,0.0001238057606053019,2,1,-4718.52507741,demand,2026-09-25T00:47:00.849777+00:00
05617b61-e382-4650-8077-987bd1a8e886,fUSD,0.0001238050771835987,2,1,-4718.52507741,demand,2026-09-25T00:47:00.849777+00:00
05617b61-e382-4650-8077-987bd1a8e886,fUSD,0.00012378112621218504,2,1,-4718.52507741,demand,2026-09-25T00:47:00.849777+00:00
05617b61-e382-4650-8077-987bd1a8e886,fUSD,0.00015,2,1,72171.68834643,offer,2026-09-25T00:47:00.849777+00:00
05617b61-e382-4650-8077-987bd1a8e886,fUSD,0.00015999000000000002,2,3,1500.0,offer,2026-09-25T00:47:00.849777+00:00
05617b61-e382-4650-8077-987bd1a8e886,fUSD,0.00016,2,1,18305.18462199,offer,2026-09-25T00:47:00.849777+00:00
05617b61-e382-4650-8077-987bd1a8e886,fUSD,0.0001603,2,2,3764.14,offer,2026-09-25T00:47:00.849777+00:00
05617b61-e382-4650-8077-987bd1a8e886,fUSD,0.0001603,7,1,2509.43,offer,2026-09-25T00:47:00.849777+00:00
05617b61-e382-4650-8077-987bd1a8e886,fUSD,0.00016039,2,1,200.74,offer,2026-09-25T00:47:00.849777+00:00
05617b61-e382-4650-8077-987bd1a8e886,fUSD,0.0001604535,2,1,302.8,offer,2026-09-25T00:47:00.849777+00:00
05617b61-e382-4650-8077-987bd1a8e886,fUSD,0.0001623416,2,1,302.8,offer,2026-09-25T00:47:00.849777+00:00
05617b61-e382-4650-8077-987bd1a8e886,fUSD,0.0001636424,2,1,302.8,offer,2026-09-25T00:47:00.849777+00:00
05617b61-e382-4650-8077-987bd1a8e886,fUSD,0.0001646662,2,1,302.8,offer,2026-09-25T00:47:00.849777+00:00
05617b61-e382-4650-8077-987bd1a8e886,fUSD,0.000165,2,1,250.0,offer,2026-09-25T00:47:00.849777+00:00
05617b61-e382-4650-8077-987bd1a8e886,fUSD,0.0001655234,2,1,302.8,offer,2026-09-25T00:47:00.849777+00:00
05617b61-e382-4650-8077-987bd1a8e886,fUSD,0.0001662676,2,1,302.8,offer,2026-09-25T00:47:00.849777+00:00
05617b61-e382-4650-8077-987bd1a8e886,fUSD,0.0001669294,2,1,302.8,offer,2026-09-25T00:47:00.849777+00:00
05617b61-e382-4650-8077-987bd1a8e886,fUSD,0.000167528,2,1,302.8,offer,2026-09-25T00:47:00.849777+00:00
05617b61-e382-4650-8077-987bd1a8e886,fUSD,0.0001680762,2,1,302.8,offer,2026-09-25T00:47:00.849777+00:00
05617b61-e382-4650-8077-987bd1a8e886,fUSD,0.0001685833,2,1,302.8,offer,2026-09-25T00:47:00.849777+00:00
05617b61-e382-4650-8077-987bd1a8e886,fUSD,0.0001690561,2,1,302.8,offer,2026-09-25T00:47:00.849777+00:00
05617b61-e382-4650-8077-987bd1a8e886,fUSD,0.0001694996,2,1,302.8,offer,2026-09-25T00:47:00.849777+00:00
05617b61-e382-4650-8077-987bd1a8e886,fUSD,0.000169918,2,1,302.8,offer,2026-09-25T00:47:00.849777+00:00
05617b61-e382-4650-8077-987bd1a8e886,fUSD,0.00018,2,1,604.96081665,offer,2026-09-25T00:47:00.849777+00:00
05617b61-e382-4650-8077-987bd1a8e886,fUSD,0.00019692,2,1,150.01,offer,2026-09-25T00:47:00.849777+00:00
05617b61-e382-4650-8077-987bd1a8e886,fUSD,0.00019693,2,2,491.59392404,offer,2026-09-25T00:47:00.849777+00:00
05617b61-e382-4650-8077-987bd1a8e886,fUSD,0.00019950000000000002,2,1,222.06791495,offer,2026-09-25T00:47:00.849777+00:00
05617b61-e382-4650-8077-987bd1a8e886,fUSD,0.00019999000000000001,2,6,1828.29307514,offer,2026-09-25T00:47:00.849777+00:00
11186a31-125f-48f1-8dcb-10851fe76580,fUSD,0.000273972602739726,120,1,-3732415.16116321,demand,2026-09-25T01:47:00.850283+00:00
11186a31-125f-48f1-8dcb-10851fe76580,fUSD,0.0001712,120,1,-20000.0,demand,2026-09-25T01:47:00.850283+00:00
11186a31-125f-48f1-8dcb-10851fe76580,fUSD,0.00017111,120,1,-2000000.0,demand,2026-09-25T01:47:00.850283+00:00
11186a31-125f-48f1-8dcb-10851fe76580,fUSD,0.000161,120,1,-100000.0,demand,2026-09-25T01:47:00.850283+00:00
11186a31-125f-48f1-8dcb-10851fe76580,fUSD,0.000161,60,1,-19334.0,demand,2026-09-25T01:47:00.850283+00:00
11186a31-125f-48f1-8dcb-10851fe76580,fUSD,0.0001603,120,1,-20000.0,demand,2026-09-25T01:47:00.850283+00:00
11186a31-125f-48f1-8dcb-10851fe76580,fUSD,0.00016,120,2,-10009162.66122322,demand,2026-09-25T01:47:00.850283+00:00
11186a31-125f-48f1-8dcb-10851fe76580,fUSD,0.00016,30,3,-3000.0,demand,2026-09-25T01:47:00.850283+00:00
11186a31-125f-48f1-8dcb-10851fe76580,fUSD,0.000151,5,5,-91813.2784888,demand,2026-09-25T01:47:00.850283+00:00
11186a31-125f-48f1-8dcb-10851fe76580,fUSD,0.0001503,90,1,-20000.0,demand,2026-09-25T01:47:00.850283+00:00
11186a31-125f-48f1-8dcb-10851fe76580,fUSD,0.00015,29,1,-149122.66199579,demand,2026-09-25T01:47:00.850283+00:00
11186a31-125f-48f1-8dcb-10851fe76580,fUSD,0.00015,7,1,-5741.16585247,demand,2026-09-25T01:47:00.850283+00:00
11186a31-125f-48f1-8dcb-10851fe76580,fUSD,0.00014252,120,1,-10770.76644364,demand,2026-09-25T01:47:00.850283+00:00
11186a31-125f-48f1-8dcb-10851fe76580,fUSD,0.0001403,90,1,-20000.0,demand,2026-09-25T01:47:00.850283+00:00
11186a31-125f-48f1-8dcb-10851fe76580,fUSD,0.00013299999999999998,20,1,-4018.00283321,demand,2026-09-25T01:47:00.850283+00:00
11186a31-125f-48f1-8dcb-10851fe76580,fUSD,0.000131,13,1,-7000.0,demand,2026-09-25T01:47:00.850283+00:00
11186a31-125f-48f1-8dcb-10851fe76580,fUSD,0.00012757,120,1,-100000.0,demand,2026-09-25T01:47:00.850283+00:00
11186a31-125f-48f1-8dcb-10851fe76580,fUSD,0.0001238142656751255,2,1,-1240.58536423,demand,2026-09-25T01:47:00.850283+00:00
11186a31-125f-48f1-8dcb-10851fe76580,fUSD,0.000123811616324593,2,1,-4718.52507741,demand,2026-09-25T01:47:00.850283+00:00
11186a31-125f-48f1-8dcb-10851fe76580,fUSD,0.00012381139184743556,2,1,-4718.52507741,demand,2026-09-25T01:47:00.850283+00:00
11186a31-125f-48f1-8dcb-10851fe76580,fUSD,0.0001238057606053019,2,1,-4718.52507741,demand,2026-09-25T01:47:00.850283+00:00
11186a31-125f-48f1-8dcb-10851fe76580,fUSD,0.0001238050771835987,2,1,-4718.52507741,demand,2026-09-25T01:47:00.850283+00:00
11186a31-125f-48f1-8dcb-10851fe76580,fUSD,0.00012378112621218504,2,1,-4718.52507741,demand,2026-09-25T01:47:00.850283+00:00
11186a31-125f-48f1-8dcb-10851fe76580,fUSD,0.00012377497591566414,2,1,-4718.52507741,demand,2026-09-25T01:47:00.850283+00:00
11186a31-125f-48f1-8dcb-10851fe76580,fUSD,0.00012371869132688757,2,1,-4718.52507741,demand,2026-09-25T01:47:00.850283+00:00
11186a31-125f-48f1-8dcb-10851fe76580,fUSD,0.000207,2,1,12.07070942,offer,2026-09-25T01:47:00.850283+00:00
11186a31-125f-48f1-8dcb-10851fe76580,fUSD,0.0002072,15,1,241.08663803,offer,2026-09-25T01:47:00.850283+00:00
11186a31-125f-48f1-8dcb-10851fe76580,fUSD,0.00021439999999999998,2,1,248.12343457,offer,2026-09-25T01:47:00.850283+00:00
11186a31-125f-48f1-8dcb-10851fe76580,fUSD,0.0002154,2,1,194.7316,offer,2026-09-25T01:47:00.850283+00:00
11186a31-125f-48f1-8dcb-10851fe76580,fUSD,0.00021541,2,1,150.0,offer,2026-09-25T01:47:00.850283+00:00
11186a31-125f-48f1-8dcb-10851fe76580,fUSD,0.0002169,2,1,2681.0065358,offer,2026-09-25T01:47:00.850283+00:00
11186a31-125f-48f1-8dcb-10851fe76580,fUSD,0.0002170366,2,1,257.92,offer,2026-09-25T01:47:00.850283+00:00
11186a31-125f-48f1-8dcb-10851fe76580,fUSD,0.00021875079107838214,2,1,3776.91162487,offer,2026-09-25T01:47:00.850283+00:00
11186a31-125f-48f1-8dcb-10851fe76580,fUSD,0.0002189839,2,1,202.68,offer,2026-09-25T01:47:00.850283+00:00
11186a31-125f-48f1-8dcb-10851fe76580,fUSD,0.00021917808219178083,2,1,5000.0,offer,2026-09-25T01:47:00.850283+00:00
11186a31-125f-48f1-8dcb-10851fe76580,fUSD,0.0002191837,2,1,200.0,offer,2026-09-25T01:47:00.850283+00:00
11186a31-125f-48f1-8dcb-10851fe76580,fUSD,0.00021972876712328767,2,1,627.50096592,offer,2026-09-25T01:47:00.850283+00:00
11186a31-125f-48f1-8dcb-10851fe76580,fUSD,0.00022000000000000003,2,2,349.74895642,offer,2026-09-25T01:47:00.850283+00:00
11186a31-125f-48f1-8dcb-10851fe76580,fUSD,0.00022075975516286448,2,1,3611.0,offer,2026-09-25T01:47:00.850283+00:00
11186a31-125f-48f1-8dcb-10851fe76580,fUSD,0.0002209683442845268,2,1,168.990163,offer,2026-09-25T01:47:00.850283+00:00
11186a31-125f-48f1-8dcb-10851fe76580,fUSD,0.00022246262739726027,2,1,257.92,offer,2026-09-25T01:47:00.850283+00:00
11186a31-125f-48f1-8dcb-10851fe76580,fUSD,0.00022400000000000002,2,1,176.50431869,offer,2026-09-25T01:47:00.850283+00:00
11186a31-125f-48f1-8dcb-10851fe76580,fUSD,0.00022402,2,1,153.0,offer,2026-09-25T01:47:00.850283+00:00
11186a31-125f-48f1-8dcb-10851fe76580,fUSD,0.0002242939,2,1,150.0,offer,2026-09-25T01:47:00.850283+00:00
11186a31-125f-48f1-8dcb-10851fe76580,fUSD,0.00022457,2,1,8515.0,offer,2026-09-25T01:47:00.850283+00:00
11186a31-125f-48f1-8dcb-10851fe76580,fUSD,0.00022465753424657532,2,1,153.88192887,offer,2026-09-25T01:47:00.850283+00:00
11186a31-125f-48f1-8dcb-10851fe76580,fUSD,0.0002249521,2,1,200.0,offer,2026-09-25T01:47:00.850283+00:00
11186a31-125f-48f1-8dcb-10851fe76580,fUSD,0.0002265000901639344,2,3,1048.02437484,offer,2026-09-25T01:47:00.850283+00:00
11186a31-125f-48f1-8dcb-10851fe76580,fUSD,0.0002269958,14,1,280.06789149,offer,2026-09-25T01:47:00.850283+00:00
11186a31-125f-48f1-8dcb-10851fe76580,fUSD,0.00022788865479452056,2,1,257.92,offer,2026-09-25T01:47:00.850283+00:00
b7e2c778-4258-4ddc-8a04-f571e50a5b70,fUSD,0.000273972602739726,120,1,-3704381.57401512,demand,2026-09-25T02:47:00.929292+00:00
b7e2c778-4258-4ddc-8a04-f571e50a5b70,fUSD,0.0001712,120,1,-20000.0,demand,2026-09-25T02:47:00.929292+00:00
b7e2c778-4258-4ddc-8a04-f571e50a5b70,fUSD,0.00017111,120,1,-2000000.0,demand,2026-09-25T02:47:00.929292+00:00
b7e2c778-4258-4ddc-8a04-f571e50a5b70,fUSD,0.000161,120,1,-100000.0,demand,2026-09-25T02:47:00.929292+00:00
b7e2c778-4258-4ddc-8a04-f571e50a5b70,fUSD,0.000161,60,1,-19334.0,demand,2026-09-25T02:47:00.929292+00:00
b7e2c778-4258-4ddc-8a04-f571e50a5b70,fUSD,0.0001603,120,1,-20000.0,demand,2026-09-25T02:47:00.929292+00:00
b7e2c778-4258-4ddc-8a04-f571e50a5b70,fUSD,0.00016,120,2,-10009162.66122322,demand,2026-09-25T02:47:00.929292+00:00
b7e2c778-4258-4ddc-8a04-f571e50a5b70,fUSD,0.00016,30,3,-3000.0,demand,2026-09-25T02:47:00.929292+00:00
b7e2c778-4258-4ddc-8a04-f571e50a5b70,fUSD,0.000151,5,5,-91813.2784888,demand,2026-09-25T02:47:00.929292+00:00
b7e2c778-4258-4ddc-8a04-f571e50a5b70,fUSD,0.0001503,90,1,-20000.0,demand,2026-09-25T02:47:00.929292+00:00
b7e2c778-4258-4ddc-8a04-f571e50a5b70,fUSD,0.00015,29,1,-149122.66199579,demand,2026-09-25T02:47:00.929292+00:00
b7e2c778-4258-4ddc-8a04-f571e50a5b70,fUSD,0.00015,7,1,-5741.16585247,demand,2026-09-25T02:47:00.929292+00:00
b7e2c778-4258-4ddc-8a04-f571e50a5b70,fUSD,0.00015,2,3,-14314154.67419075,demand,2026-09-25T02:47:00.929292+00:00
b7e2c778-4258-4ddc-8a04-f571e50a5b70,fUSD,0.00014252,120,1,-10770.76644364,demand,2026-09-25T02:47:00.929292+00:00
b7e2c778-4258-4ddc-8a04-f571e50a5b70,fUSD,0.0001403,90,1,-20000.0,demand,2026-09-25T02:47:00.929292+00:00
b7e2c778-4258-4ddc-8a04-f571e50a5b70,fUSD,0.00013299999999999998,20,1,-4018.00283321,demand,2026-09-25T02:47:00.929292+00:00
b7e2c778-4258-4ddc-8a04-f571e50a5b70,fUSD,0.000131,13,1,-7000.0,demand,2026-09-25T02:47:00.929292+00:00
b7e2c778-4258-4ddc-8a04-f571e50a5b70,fUSD,0.00012757,120,1,-100000.0,demand,2026-09-25T02:47:00.929292+00:00
b7e2c778-4258-4ddc-8a04-f571e50a5b70,fUSD,0.00012465843325057638,2,1,-3408.65251058,demand,2026-09-25T02:47:00.929292+00:00
b7e2c778-4258-4ddc-8a04-f571e50a5b70,fUSD,0.00012465197898208047,2,1,-3408.65251058,demand,2026-09-25T02:47:00.929292+00:00
b7e2c778-4258-4ddc-8a04-f571e50a5b70,fUSD,0.00012464828063247626,2,1,-3408.65251058,demand,2026-09-25T02:47:00.929292+00:00
b7e2c778-4258-4ddc-8a04-f571e50a5b70,fUSD,0.00012461728106312727,2,1,-3408.65251058,demand,2026-09-25T02:47:00.929292+00:00
b7e2c778-4258-4ddc-8a04-f571e50a5b70,fUSD,0.0001246139165205503,2,1,-3408.65251058,demand,2026-09-25T02:47:00.929292+00:00
b7e2c778-4258-4ddc-8a04-f571e50a5b70,fUSD,0.000124607695512609,2,1,-3408.65251058,demand,2026-09-25T02:47:00.929292+00:00
b7e2c778-4258-4ddc-8a04-f571e50a5b70,fUSD,0.00012459523353280545,2,1,-3408.65251058,demand,2026-09-25T02:47:00.929292+00:00
b7e2c778-4258-4ddc-8a04-f571e50a5b70,fUSD,0.0002,3,1,3468.46494828,offer,2026-09-25T02:47:00.929292+00:00
b7e2c778-4258-4ddc-8a04-f571e50a5b70,fUSD,0.000207,2,1,1.37110575,offer,2026-09-25T02:47:00.929292+00:00
b7e2c778-4258-4ddc-8a04-f571e50a5b70,fUSD,0.0002140176,2,1,303.41,offer,2026-09-25T02:47:00.929292+00:00
b7e2c778-4258-4ddc-8a04-f571e50a5b70,fUSD,0.00021407,2,1,194.25489036,offer,2026-09-25T02:47:00.929292+00:00
b7e2c778-4258-4ddc-8a04-f571e50a5b70,fUSD,0.00021427,2,1,12890.70788,offer,2026-09-25T02:47:00.929292+00:00
b7e2c778-4258-4ddc-8a04-f571e50a5b70,fUSD,0.000214278,2,2,9337.6,offer,2026-09-25T02:47:00.929292+00:00
b7e2c778-4258-4ddc-8a04-f571e50a5b70,fUSD,0.00021499,2,3,716.12269683,offer,2026-09-25T02:47:00.929292+00:00
b7e2c778-4258-4ddc-8a04-f571e50a5b70,fUSD,0.000215,2,1,25238.64469965,offer,2026-09-25T02:47:00.929292+00:00
b7e2c778-4258-4ddc-8a04-f571e50a5b70,fUSD,0.0002160309,2,1,150.0,offer,2026-09-25T02:47:00.929292+00:00
b7e2c778-4258-4ddc-8a04-f571e50a5b70,fUSD,0.0002165849,2,1,348.74,offer,2026-09-25T02:47:00.929292+00:00
b7e2c778-4258-4ddc-8a04-f571e50a5b70,fUSD,0.0002169,2,1,22444.23249188,offer,2026-09-25T02:47:00.929292+00:00
b7e2c778-4258-4ddc-8a04-f571e50a5b70,fUSD,0.00021756421800000003,2,2,431.11626831,offer,2026-09-25T02:47:00.929292+00:00
b7e2c778-4258-4ddc-8a04-f571e50a5b70,fUSD,0.00021756421800000003,7,1,163.18,offer,2026-09-25T02:47:00.929292+00:00
b7e2c778-4258-4ddc-8a04-f571e50a5b70,fUSD,0.00021778200000000002,2,2,1394.22,offer,2026-09-25T02:47:00.929292+00:00
b7e2c778-4258-4ddc-8a04-f571e50a5b70,fUSD,0.00021778200000000002,7,1,929.48,offer,2026-09-25T02:47:00.929292+00:00
b7e2c778-4258-4ddc-8a04-f571e50a5b70,fUSD,0.000217782001,2,1,279.87,offer,2026-09-25T02:47:00.929292+00:00
b7e2c778-4258-4ddc-8a04-f571e50a5b70,fUSD,0.000218,2,1,194.09589296,offer,2026-09-25T02:47:00.929292+00:00
b7e2c778-4258-4ddc-8a04-f571e50a5b70,fUSD,0.00021936801095890412,2,1,303.41,offer,2026-09-25T02:47:00.929292+00:00
b7e2c778-4258-4ddc-8a04-f571e50a5b70,fUSD,0.0002204561,2,1,200.0,offer,2026-09-25T02:47:00.929292+00:00
b7e2c778-4258-4ddc-8a04-f571e50a5b70,fUSD,0.0002226584,3,1,411.14471066,offer,2026-09-25T02:47:00.929292+00:00
b7e2c778-4258-4ddc-8a04-f571e50a5b70,fUSD,0.00022307,2,1,10149.22438252,offer,2026-09-25T02:47:00.929292+00:00
b7e2c778-4258-4ddc-8a04-f571e50a5b70,fUSD,0.00022341637869313053,2,1,3265.75997311,offer,2026-09-25T02:47:00.929292+00:00
b7e2c778-4258-4ddc-8a04-f571e50a5b70,fUSD,0.00022352264494007664,2,3,10939.0,offer,2026-09-25T02:47:00.929292+00:00
b7e2c778-4258-4ddc-8a04-f571e50a5b70,fUSD,0.00022364617186491922,2,3,10812.0,offer,2026-09-25T02:47:00.929292+00:00
b7e2c778-4258-4ddc-8a04-f571e50a5b70,fUSD,0.00022378766671258263,2,2,7198.0,offer,2026-09-25T02:47:00.929292+00:00
283a1ab0-b21f-413b-befd-f2e38d12bb66,fUSD,0.000273972602739726,120,1,-3674059.08687287,demand,2026-09-25T03:47:00.949114+00:00
283a1ab0-b21f-413b-befd-f2e38d12bb66,fUSD,0.0001712,120,1,-20000.0,demand,2026-09-25T03:47:00.949114+00:00
283a1ab0-b21f-413b-befd-f2e38d12bb66,fUSD,0.00017111,120,1,-2000000.0,demand,2026-09-25T03:47:00.949114+00:00
283a1ab0-b21f-413b-befd-f2e38d12bb66,fUSD,0.000161,120,1,-100000.0,demand,2026-09-25T03:47:00.949114+00:00
283a1ab0-b21f-413b-befd-f2e38d12bb66,fUSD,0.000161,60,1,-19334.0,demand,2026-09-25T03:47:00.949114+00:00
283a1ab0-b21f-413b-befd-f2e38d12bb66,fUSD,0.0001603,120,1,-20000.0,demand,2026-09-25T03:47:00.949114+00:00
283a1ab0-b21f-413b-befd-f2e38d12bb66,fUSD,0.00016,120,2,-10009162.66122322,demand,2026-09-25T03:47:00.949114+00:00
283a1ab0-b21f-413b-befd-f2e38d12bb66,fUSD,0.00016,30,3,-3000.0,demand,2026-09-25T03:47:00.949114+00:00
283a1ab0-b21f-413b-befd-f2e38d12bb66,fUSD,0.000151,5,5,-91813.2784888,demand,2026-09-25T03:47:00.949114+00:00
283a1ab0-b21f-413b-befd-f2e38d12bb66,fUSD,0.0001503,90,1,-20000.0,demand,2026-09-25T03:47:00.949114+00:00
283a1ab0-b21f-413b-befd-f2e38d12bb66,fUSD,0.00015,29,1,-149122.66199579,demand,2026-09-25T03:47:00.949114+00:00
283a1ab0-b21f-413b-befd-f2e38d12bb66,fUSD,0.00015,7,1,-5741.16585247,demand,2026-09-25T03:47:00.949114+00:00
283a1ab0-b21f-413b-befd-f2e38d12bb66,fUSD,0.00015,2,3,-14293893.61890667,demand,2026-09-25T03:47:00.949114+00:00
283a1ab0-b21f-413b-befd-f2e38d12bb66,fUSD,0.00014252,120,1,-10770.76644364,demand,2026-09-25T03:47:00.949114+00:00
283a1ab0-b21f-413b-befd-f2e38d12bb66,fUSD,0.0001403,90,1,-20000.0,demand,2026-09-25T03:47:00.949114+00:00
283a1ab0-b21f-413b-befd-f2e38d12bb66,fUSD,0.00013299999999999998,20,1,-4018.00283321,demand,2026-09-25T03:47:00.949114+00:00
283a1ab0-b21f-413b-befd-f2e38d12bb66,fUSD,0.000131,13,1,-7000.0,demand,2026-09-25T03:47:00.949114+00:00
283a1ab0-b21f-413b-befd-f2e38d12bb66,fUSD,0.00012757,120,1,-100000.0,demand,2026-09-25T03:47:00.949114+00:00
283a1ab0-b21f-413b-befd-f2e38d12bb66,fUSD,0.00012465843325057638,2,1,-3408.65251058,demand,2026-09-25T03:47:00.949114+00:00
283a1ab0-b21f-413b-befd-f2e38d12bb66,fUSD,0.00012465197898208047,2,1,-3408.65251058,demand,2026-09-25T03:47:00.949114+00:00
283a1ab0-b21f-413b-befd-f2e38d12bb66,fUSD,0.00012464828063247626,2,1,-3408.65251058,demand,2026-09-25T03:47:00.949114+00:00
283a1ab0-b21f-413b-befd-f2e38d12bb66,fUSD,0.00012461728106312727,2,1,-3408.65251058,demand,2026-09-25T03:47:00.949114+00:00
283a1ab0-b21f-413b-befd-f2e38d12bb66,fUSD,0.0001246139165205503,2,1,-3408.65251058,demand,2026-09-25T03:47:00.949114+00:00
283a1ab0-b21f-413b-befd-f2e38d12bb66,fUSD,0.000124607695512609,2,1,-3408.65251058,demand,2026-09-25T03:47:00.949114+00:00
283a1ab0-b21f-413b-befd-f2e38d12bb66,fUSD,0.00012459523353280545,2,1,-3408.65251058,demand,2026-09-25T03:47:00.949114+00:00
283a1ab0-b21f-413b-befd-f2e38d12bb66,fUSD,0.000199405,2,1,327.9,offer,2026-09-25T03:47:00.949114+00:00
283a1ab0-b21f-413b-befd-f2e38d12bb66,fUSD,0.00019945249999999998,2,1,280.87227089,offer,2026-09-25T03:47:00.949114+00:00
283a1ab0-b21f-413b-befd-f2e38d12bb66,fUSD,0.0001995,15,1,3299.42944554,offer,2026-09-25T03:47:00.949114+00:00
283a1ab0-b21f-413b-befd-f2e38d12bb66,fUSD,0.0002,7,1,800.0,offer,2026-09-25T03:47:00.949114+00:00
283a1ab0-b21f-413b-befd-f2e38d12bb66,fUSD,0.0002,3,1,1015.87224502,offer,2026-09-25T03:47:00.949114+00:00
283a1ab0-b21f-413b-befd-f2e38d12bb66,fUSD,0.000201500001,2,1,197.11,offer,2026-09-25T03:47:00.949114+00:00
283a1ab0-b21f-413b-befd-f2e38d12bb66,fUSD,0.00020615,2,1,325.62,offer,2026-09-25T03:47:00.949114+00:00
283a1ab0-b21f-413b-befd-f2e38d12bb66,fUSD,0.000207,2,1,289.00063544,offer,2026-09-25T03:47:00.949114+00:00
283a1ab0-b21f-413b-befd-f2e38d12bb66,fUSD,0.0002072925,3,1,302.69400157,offer,2026-09-25T03:47:00.949114+00:00
283a1ab0-b21f-413b-befd-f2e38d12bb66,fUSD,0.00020729250000000001,2,1,307.4,offer,2026-09-25T03:47:00.949114+00:00
283a1ab0-b21f-413b-befd-f2e38d12bb66,fUSD,0.00020968700000000001,2,2,1000.0,offer,2026-09-25T03:47:00.949114+00:00
283a1ab0-b21f-413b-befd-f2e38d12bb66,fUSD,0.000209697,2,1,1286.92,offer,2026-09-25T03:47:00.949114+00:00
283a1ab0-b21f-413b-befd-f2e38d12bb66,fUSD,0.0002099,2,1,8461.97499462,offer,2026-09-25T03:47:00.949114+00:00
283a1ab0-b21f-413b-befd-f2e38d12bb66,fUSD,0.0002107392,2,1,388.38,offer,2026-09-25T03:47:00.949114+00:00
283a1ab0-b21f-413b-befd-f2e38d12bb66,fUSD,0.0002117195,2,1,181.81,offer,2026-09-25T03:47:00.949114+00:00
283a1ab0-b21f-413b-befd-f2e38d12bb66,fUSD,0.0002169,2,1,1104.23437023,offer,2026-09-25T03:47:00.949114+00:00
283a1ab0-b21f-413b-befd-f2e38d12bb66,fUSD,0.000217,2,1,9133.49,offer,2026-09-25T03:47:00.949114+00:00
283a1ab0-b21f-413b-befd-f2e38d12bb66,fUSD,0.00021892,2,1,8247.60734626,offer,2026-09-25T03:47:00.949114+00:00
283a1ab0-b21f-413b-befd-f2e38d12bb66,fUSD,0.00021898,2,3,777.72938138,offer,2026-09-25T03:47:00.949114+00:00
283a1ab0-b21f-413b-befd-f2e38d12bb66,fUSD,0.00021899,2,1,4776.99042954,offer,2026-09-25T03:47:00.949114+00:00
283a1ab0-b21f-413b-befd-f2e38d12bb66,fUSD,0.000219,2,1,154.69729136,offer,2026-09-25T03:47:00.949114+00:00
283a1ab0-b21f-413b-befd-f2e38d12bb66,fUSD,0.00021917808219178083,2,1,5000.0,offer,2026-09-25T03:47:00.949114+00:00
283a1ab0-b21f-413b-befd-f2e38d12bb66,fUSD,0.00021925,2,1,253.51,offer,2026-09-25T03:47:00.949114+00:00
283a1ab0-b21f-413b-befd-f2e38d12bb66,fUSD,0.00021930134962917685,2,1,3531.0,offer,2026-09-25T03:47:00.949114+00:00
283a1ab0-b21f-413b-befd-f2e38d12bb66,fUSD,0.00021934794520547945,2,3,462.36127405,offer,2026-09-25T03:47:00.949114+00:00
fff3a4f6-d553-4e3e-b53d-44ac2e660ffd,fUSD,0.000273972602739726,120,1,-3543183.89573006,demand,2026-09-25T04:47:00.902476+00:00
fff3a4f6-d553-4e3e-b53d-44ac2e660ffd,fUSD,0.0001712,120,1,-20000.0,demand,2026-09-25T04:47:00.902476+00:00
fff3a4f6-d553-4e3e-b53d-44ac2e660ffd,fUSD,0.00017111,120,1,-2000000.0,demand,2026-09-25T04:47:00.902476+00:00
fff3a4f6-d553-4e3e-b53d-44ac2e660ffd,fUSD,0.000161,120,1,-100000.0,demand,2026-09-25T04:47:00.902476+00:00
fff3a4f6-d553-4e3e-b53d-44ac2e660ffd,fUSD,0.000161,60,1,-19334.0,demand,2026-09-25T04:47:00.902476+00:00
fff3a4f6-d553-4e3e-b53d-44ac2e660ffd,fUSD,0.0001603,120,1,-20000.0,demand,2026-09-25T04:47:00.902476+00:00
fff3a4f6-d553-4e3e-b53d-44ac2e660ffd,fUSD,0.00016,120,2,-10009162.66122322,demand,2026-09-25T04:47:00.902476+00:00
fff3a4f6-d553-4e3e-b53d-44ac2e660ffd,fUSD,0.00016,30,3,-3000.0,demand,2026-09-25T04:47:00.902476+00:00
fff3a4f6-d553-4e3e-b53d-44ac2e660ffd,fUSD,0.000151,5,5,-91813.2784888,demand,2026-09-25T04:47:00.902476+00:00
fff3a4f6-d553-4e3e-b53d-44ac2e660ffd,fUSD,0.000151,2,3,-618.120255,demand,2026-09-25T04:47:00.902476+00:00
fff3a4f6-d553-4e3e-b53d-44ac2e660ffd,fUSD,0.0001503,90,1,-20000.0,demand,2026-09-25T04:47:00.902476+00:00
fff3a4f6-d553-4e3e-b53d-44ac2e660ffd,fUSD,0.00015,29,1,-149122.66199579,demand,2026-09-25T04:47:00.902476+00:00
fff3a4f6-d553-4e3e-b53d-44ac2e660ffd,fUSD,0.00015,7,1,-5741.16585247,demand,2026-09-25T04:47:00.902476+00:00
fff3a4f6-d553-4e3e-b53d-44ac2e660ffd,fUSD,0.00015,2,3,-14216164.60045373,demand,2026-09-25T04:47:00.902476+00:00
fff3a4f6-d553-4e3e-b53d-44ac2e660ffd,fUSD,0.00014252,120,1,-10770.76644364,demand,2026-09-25T04:47:00.902476+00:00
fff3a4f6-d553-4e3e-b53d-44ac2e660ffd,fUSD,0.0001403,90,1,-20000.0,demand,2026-09-25T04:47:00.902476+00:00
fff3a4f6-d553-4e3e-b53d-44ac2e660ffd,fUSD,0.00013299999999999998,20,1,-4018.00283321,demand,2026-09-25T04:47:00.902476+00:00
fff3a4f6-d553-4e3e-b53d-44ac2e660ffd,fUSD,0.000131,13,1,-7000.0,demand,2026-09-25T04:47:00.902476+00:00
fff3a4f6-d553-4e3e-b53d-44ac2e660ffd,fUSD,0.00012757,120,1,-100000.0,demand,2026-09-25T04:47:00.902476+00:00
fff3a4f6-d553-4e3e-b53d-44ac2e660ffd,fUSD,0.00012465575802659675,2,1,-3408.65251058,demand,2026-09-25T04:47:00.902476+00:00
fff3a4f6-d553-4e3e-b53d-44ac2e660ffd,fUSD,0.00012464988897453014,2,1,-3408.65251058,demand,2026-09-25T04:47:00.902476+00:00
fff3a4f6-d553-4e3e-b53d-44ac2e660ffd,fUSD,0.0001246476711794137,2,1,-3408.65251058,demand,2026-09-25T04:47:00.902476+00:00
fff3a4f6-d553-4e3e-b53d-44ac2e660ffd,fUSD,0.00012464642521437406,2,1,-3408.65251058,demand,2026-09-25T04:47:00.902476+00:00
fff3a4f6-d553-4e3e-b53d-44ac2e660ffd,fUSD,0.00012463569087464469,2,1,-3408.65251058,demand,2026-09-25T04:47:00.902476+00:00
fff3a4f6-d553-4e3e-b53d-44ac2e660ffd,fUSD,0.00012458318905125693,2,1,-3408.65251058,demand,2026-09-25T04:47:00.902476+00:00
fff3a4f6-d553-4e3e-b53d-44ac2e660ffd,fUSD,0.000166896,2,1,268.81569668,offer,2026-09-25T04:47:00.902476+00:00
fff3a4f6-d553-4e3e-b53d-44ac2e660ffd,fUSD,0.00017088,2,1,200.89,offer,2026-09-25T04:47:00.902476+00:00
fff3a4f6-d553-4e3e-b53d-44ac2e660ffd,fUSD,0.0001717128,2,1,200.0,offer,2026-09-25T04:47:00.902476+00:00
fff3a4f6-d553-4e3e-b53d-44ac2e660ffd,fUSD,0.0001720974,2,1,150.0,offer,2026-09-25T04:47:00.902476+00:00
fff3a4f6-d553-4e3e-b53d-44ac2e660ffd,fUSD,0.00017744,2,2,3023.62689756,offer,2026-09-25T04:47:00.902476+00:00
fff3a4f6-d553-4e3e-b53d-44ac2e660ffd,fUSD,0.00018,2,1,1980.11514303,offer,2026-09-25T04:47:00.902476+00:00
fff3a4f6-d553-4e3e-b53d-44ac2e660ffd,fUSD,0.00018001,2,1,5633.57748691,offer,2026-09-25T04:47:00.902476+00:00
fff3a4f6-d553-4e3e-b53d-44ac2e660ffd,fUSD,0.00018012925755999998,2,12,1812.0,offer,2026-09-25T04:47:00.902476+00:00
fff3a4f6-d553-4e3e-b53d-44ac2e660ffd,fUSD,0.00018023,2,1,2340.44372244,offer,2026-09-25T04:47:00.902476+00:00
fff3a4f6-d553-4e3e-b53d-44ac2e660ffd,fUSD,0.00018023013698630137,2,1,500.0,offer,2026-09-25T04:47:00.902476+00:00
fff3a4f6-d553-4e3e-b53d-44ac2e660ffd,fUSD,0.0001802374,2,2,23349.02151308,offer,2026-09-25T04:47:00.902476+00:00
fff3a4f6-d553-4e3e-b53d-44ac2e660ffd,fUSD,0.00018027295,2,3,1014.87627651,offer,2026-09-25T04:47:00.902476+00:00
fff3a4f6-d553-4e3e-b53d-44ac2e660ffd,fUSD,0.000180365,2,1,1039.12,offer,2026-09-25T04:47:00.902476+00:00
fff3a4f6-d553-4e3e-b53d-44ac2e660ffd,fUSD,0.00018059,2,1,213.024121,offer,2026-09-25T04:47:00.902476+00:00
fff3a4f6-d553-4e3e-b53d-44ac2e660ffd,fUSD,0.00018067000000000002,2,11,5219.63006961,offer,2026-09-25T04:47:00.902476+00:00
fff3a4f6-d553-4e3e-b53d-44ac2e660ffd,fUSD,0.00018068,2,10,4935.0,offer,2026-09-25T04:47:00.902476+00:00
fff3a4f6-d553-4e3e-b53d-44ac2e660ffd,fUSD,0.00018078,2,1,5570.0,offer,2026-09-25T04:47:00.902476+00:00
fff3a4f6-d553-4e3e-b53d-44ac2e660ffd,fUSD,0.0001808431,2,1,1039.12,offer,2026-09-25T04:47:00.902476+00:00
fff3a4f6-d553-4e3e-b53d-44ac2e660ffd,fUSD,0.00018101,2,2,351.36,offer,2026-09-25T04:47:00.902476+00:00
fff3a4f6-d553-4e3e-b53d-44ac2e660ffd,fUSD,0.0001810109,2,11,139716.49785973,offer,2026-09-25T04:47:00.902476+00:00
fff3a4f6-d553-4e3e-b53d-44ac2e660ffd,fUSD,0.0001812779698630137,2,1,741.51,offer,2026-09-25T04:47:00.902476+00:00
fff3a4f6-d553-4e3e-b53d-44ac2e660ffd,fUSD,0.0001812916,2,1,1039.12,offer,2026-09-25T04:47:00.902476+00:00
fff3a4f6-d553-4e3e-b53d-44ac2e660ffd,fUSD,0.0001814701,2,1,990.72,offer,2026-09-25T04:47:00.902476+00:00
fff3a4f6-d553-4e3e-b53d-44ac2e660ffd,fUSD,0.0001816235,2,1,163.14,offer,2026-09-25T04:47:00.902476+00:00
fff3a4f6-d553-4e3e-b53d-44ac2e660ffd,fUSD,0.0001817146,2,1,1039.12,offer,2026-09-25T04:47:00.902476+00:00
50201ed3-243e-433e-a9be-4cf5a16f6d6a,fUSD,0.000273972602739726,120,1,-3534690.97573006,demand,2026-09-25T05:47:00.923070+00:00
50201ed3-243e-433e-a9be-4cf5a16f6d6a,fUSD,0.0001712,120,1,-20000.0,demand,2026-09-25T05:47:00.923070+00:00
50201ed3-243e-433e-a9be-4cf5a16f6d6a,fUSD,0.00017111,120,1,-2000000.0,demand,2026-09-25T05:47:00.923070+00:00
50201ed3-243e-433e-a9be-4cf5a16f6d6a,fUSD,0.000161,120,1,-100000.0,demand,2026-09-25T05:47:00.923070+00:00
50201ed3-243e-433e-a9be-4cf5a16f6d6a,fUSD,0.000161,60,1,-19334.0,demand,2026-09-25T05:47:00.923070+00:00
50201ed3-243e-433e-a9be-4cf5a16f6d6a,fUSD,0.0001603,120,1,-20000.0,demand,2026-09-25T05:47:00.923070+00:00
50201ed3-243e-433e-a9be-4cf5a16f6d6a,fUSD,0.00016,120,2,-10009162.66122322,demand,2026-09-25T05:47:00.923070+00:00
50201ed3-243e-433e-a9be-4cf5a16f6d6a,fUSD,0.00016,30,3,-3000.0,demand,2026-09-25T05:47:00.923070+00:00
50201ed3-243e-433e-a9be-4cf5a16f6d6a,fUSD,0.000151,5,5,-91813.2784888,demand,2026-09-25T05:47:00.923070+00:00
50201ed3-243e-433e-a9be-4cf5a16f6d6a,fUSD,0.0001503,90,1,-20000.0,demand,2026-09-25T05:47:00.923070+00:00
50201ed3-243e-433e-a9be-4cf5a16f6d6a,fUSD,0.00015,29,1,-149122.66199579,demand,2026-09-25T05:47:00.923070+00:00
50201ed3-243e-433e-a9be-4cf5a16f6d6a,fUSD,0.00015,7,1,-5741.16585247,demand,2026-09-25T05:47:00.923070+00:00
50201ed3-243e-433e-a9be-4cf5a16f6d6a,fUSD,0.00015,2,3,-14160547.75651238,demand,2026-09-25T05:47:00.923070+00:00
50201ed3-243e-433e-a9be-4cf5a16f6d6a,fUSD,0.00014252,120,1,-10770.76644364,demand,2026-09-25T05:47:00.923070+00:00
50201ed3-243e-433e-a9be-4cf5a16f6d6a,fUSD,0.000141,2,1,-98000.0,demand,2026-09-25T05:47:00.923070+00:00
50201ed3-243e-433e-a9be-4cf5a16f6d6a,fUSD,0.0001403,90,1,-20000.0,demand,2026-09-25T05:47:00.923070+00:00
50201ed3-243e-433e-a9be-4cf5a16f6d6a,fUSD,0.00013299999999999998,20,1,-4018.00283321,demand,2026-09-25T05:47:00.923070+00:00
50201ed3-243e-433e-a9be-4cf5a16f6d6a,fUSD,0.000131,13,1,-7000.0,demand,2026-09-25T05:47:00.923070+00:00
50201ed3-243e-433e-a9be-4cf5a16f6d6a,fUSD,0.00012757,120,1,-100000.0,demand,2026-09-25T05:47:00.923070+00:00
50201ed3-243e-433e-a9be-4cf5a16f6d6a,fUSD,0.00012465575802659675,2,1,-3408.65251058,demand,2026-09-25T05:47:00.923070+00:00
50201ed3-243e-433e-a9be-4cf5a16f6d6a,fUSD,0.00012464988897453014,2,1,-3408.65251058,demand,2026-09-25T05:47:00.923070+00:00
50201ed3-243e-433e-a9be-4cf5a16f6d6a,fUSD,0.0001246476711794137,2,1,-3408.65251058,demand,2026-09-25T05:47:00.923070+00:00
50201ed3-243e-433e-a9be-4cf5a16f6d6a,fUSD,0.00012464642521437406,2,1,-3408.65251058,demand,2026-09-25T05:47:00.923070+00:00
50201ed3-243e-433e-a9be-4cf5a16f6d6a,fUSD,0.00012463569087464469,2,1,-3408.65251058,demand,2026-09-25T05:47:00.923070+00:00
50201ed3-243e-433e-a9be-4cf5a16f6d6a,fUSD,0.00012458318905125693,2,1,-3408.65251058,demand,2026-09-25T05:47:00.923070+00:00
50201ed3-243e-433e-a9be-4cf5a16f6d6a,fUSD,0.00016356142874999997,2,1,109.54850118,offer,2026-09-25T05:47:00.923070+00:00
50201ed3-243e-433e-a9be-4cf5a16f6d6a,fUSD,0.0001644518934803082,2,1,617.30756348,offer,2026-09-25T05:47:00.923070+00:00
50201ed3-243e-433e-a9be-4cf5a16f6d6a,fUSD,0.0001653423582106164,2,1,250.0,offer,2026-09-25T05:47:00.923070+00:00
50201ed3-243e-433e-a9be-4cf5a16f6d6a,fUSD,0.00016712328767123287,2,1,172.97,offer,2026-09-25T05:47:00.923070+00:00
50201ed3-243e-433e-a9be-4cf5a16f6d6a,fUSD,0.000167123288,2,1,176.64,offer,2026-09-25T05:47:00.923070+00:00
50201ed3-243e-433e-a9be-4cf5a16f6d6a,fUSD,0.0001677114,2,1,200.0,offer,2026-09-25T05:47:00.923070+00:00
50201ed3-243e-433e-a9be-4cf5a16f6d6a,fUSD,0.000168282,2,4,649.84,offer,2026-09-25T05:47:00.923070+00:00
50201ed3-243e-433e-a9be-4cf5a16f6d6a,fUSD,0.00016967,2,1,150.0,offer,2026-09-25T05:47:00.923070+00:00
50201ed3-243e-433e-a9be-4cf5a16f6d6a,fUSD,0.00017074,2,1,186.60329237,offer,2026-09-25T05:47:00.923070+00:00
50201ed3-243e-433e-a9be-4cf5a16f6d6a,fUSD,0.00017135,2,1,150.0,offer,2026-09-25T05:47:00.923070+00:00
50201ed3-243e-433e-a9be-4cf5a16f6d6a,fUSD,0.00017173950018749997,7,1,248.01249675,offer,2026-09-25T05:47:00.923070+00:00
50201ed3-243e-433e-a9be-4cf5a16f6d6a,fUSD,0.0001719062,2,1,157.42,offer,2026-09-25T05:47:00.923070+00:00
50201ed3-243e-433e-a9be-4cf5a16f6d6a,fUSD,0.000172125669,2,1,169.03,offer,2026-09-25T05:47:00.923070+00:00
50201ed3-243e-433e-a9be-4cf5a16f6d6a,fUSD,0.0001721685,2,1,318.08,offer,2026-09-25T05:47:00.923070+00:00
50201ed3-243e-433e-a9be-4cf5a16f6d6a,fUSD,0.0001723428,2,1,1547.83,offer,2026-09-25T05:47:00.923070+00:00
50201ed3-243e-433e-a9be-4cf5a16f6d6a,fUSD,0.0001729396,2,1,164.14,offer,2026-09-25T05:47:00.923070+00:00
50201ed3-243e-433e-a9be-4cf5a16f6d6a,fUSD,0.00017303,2,1,150.0,offer,2026-09-25T05:47:00.923070+00:00
50201ed3-243e-433e-a9be-4cf5a16f6d6a,fUSD,0.00017313,7,2,794.96,offer,2026-09-25T05:47:00.923070+00:00
50201ed3-243e-433e-a9be-4cf5a16f6d6a,fUSD,0.00017378,2,1,166.10307227,offer,2026-09-25T05:47:00.923070+00:00
50201ed3-243e-433e-a9be-4cf5a16f6d6a,fUSD,0.00017471,2,1,150.0,offer,2026-09-25T05:47:00.923070+00:00
50201ed3-243e-433e-a9be-4cf5a16f6d6a,fUSD,0.0001747858,2,1,2577.95,offer,2026-09-25T05:47:00.923070+00:00
50201ed3-243e-433e-a9be-4cf5a16f6d6a,fUSD,0.00017488,2,1,668.0,offer,2026-09-25T05:47:00.923070+00:00
50201ed3-243e-433e-a9be-4cf5a16f6d6a,fUSD,0.00017507000000000002,2,14,6375.2664113,offer,2026-09-25T05:47:00.923070+00:00
50201ed3-243e-433e-a9be-4cf5a16f6d6a,fUSD,0.00017508,2,2,23788.866725,offer,2026-09-25T05:47:00.923070+00:00
50201ed3-243e-433e-a9be-4cf5a16f6d6a,fUSD,0.000175096656,2,1,2020.34,offer,2026-09-25T05:47:00.923070+00:00
22930c19-08c0-46de-8fa6-afb0718c5dbb,fUSD,0.000273972602739726,120,1,-3525177.53420556,demand,2026-09-25T06:47:00.918689+00:00
22930c19-08c0-46de-8fa6-afb0718c5dbb,fUSD,0.0001712,120,1,-20000.0,demand,2026-09-25T06:47:00.918689+00:00
22930c19-08c0-46de-8fa6-afb0718c5dbb,fUSD,0.00017111,120,1,-2000000.0,demand,2026-09-25T06:47:00.918689+00:00
22930c19-08c0-46de-8fa6-afb0718c5dbb,fUSD,0.000161,120,1,-100000.0,demand,2026-09-25T06:47:00.918689+00:00
22930c19-08c0-46de-8fa6-afb0718c5dbb,fUSD,0.000161,60,1,-19334.0,demand,2026-09-25T06:47:00.918689+00:00
22930c19-08c0-46de-8fa6-afb0718c5dbb,fUSD,0.0001603,120,1,-20000.0,demand,2026-09-25T06:47:00.918689+00:00
22930c19-08c0-46de-8fa6-afb0718c5dbb,fUSD,0.00016,120,2,-10009162.66122322,demand,2026-09-25T06:47:00.918689+00:00
22930c19-08c0-46de-8fa6-afb0718c5dbb,fUSD,0.00016,30,3,-3000.0,demand,2026-09-25T06:47:00.918689+00:00
22930c19-08c0-46de-8fa6-afb0718c5dbb,fUSD,0.00016,7,1,-3518.11652236,demand,2026-09-25T06:47:00.918689+00:00
22930c19-08c0-46de-8fa6-afb0718c5dbb,fUSD,0.000151,5,5,-91813.2784888,demand,2026-09-25T06:47:00.918689+00:00
22930c19-08c0-46de-8fa6-afb0718c5dbb,fUSD,0.0001503,90,1,-20000.0,demand,2026-09-25T06:47:00.918689+00:00
22930c19-08c0-46de-8fa6-afb0718c5dbb,fUSD,0.00015,29,1,-149122.66199579,demand,2026-09-25T06:47:00.918689+00:00
22930c19-08c0-46de-8fa6-afb0718c5dbb,fUSD,0.00015,7,1,-5741.16585247,demand,2026-09-25T06:47:00.918689+00:00
22930c19-08c0-46de-8fa6-afb0718c5dbb,fUSD,0.00015,2,3,-14150449.89158644,demand,2026-09-25T06:47:00.918689+00:00
22930c19-08c0-46de-8fa6-afb0718c5dbb,fUSD,0.00014252,120,1,-10770.76644364,demand,2026-09-25T06:47:00.918689+00:00
22930c19-08c0-46de-8fa6-afb0718c5dbb,fUSD,0.0001412,2,2,-400.0,demand,2026-09-25T06:47:00.918689+00:00
22930c19-08c0-46de-8fa6-afb0718c5dbb,fUSD,0.0001411,2,1,-218.126642,demand,2026-09-25T06:47:00.918689+00:00
22930c19-08c0-46de-8fa6-afb0718c5dbb,fUSD,0.000141,2,1,-98000.0,demand,2026-09-25T06:47:00.918689+00:00
22930c19-08c0-46de-8fa6-afb0718c5dbb,fUSD,0.0001403,90,1,-20000.0,demand,2026-09-25T06:47:00.918689+00:00
22930c19-08c0-46de-8fa6-afb0718c5dbb,fUSD,0.00013299999999999998,20,1,-4018.00283321,demand,2026-09-25T06:47:00.918689+00:00
22930c19-08c0-46de-8fa6-afb0718c5dbb,fUSD,0.000131,13,1,-7000.0,demand,2026-09-25T06:47:00.918689+00:00
22930c19-08c0-46de-8fa6-afb0718c5dbb,fUSD,0.00012757,120,1,-100000.0,demand,2026-09-25T06:47:00.918689+00:00
22930c19-08c0-46de-8fa6-afb0718c5dbb,fUSD,0.00012465060131286644,2,1,-3408.65251058,demand,2026-09-25T06:47:00.918689+00:00
22930c19-08c0-46de-8fa6-afb0718c5dbb,fUSD,0.00012463920027505572,2,1,-3408.65251058,demand,2026-09-25T06:47:00.918689+00:00
22930c19-08c0-46de-8fa6-afb0718c5dbb,fUSD,0.00012463335959303373,2,1,-3408.65251058,demand,2026-09-25T06:47:00.918689+00:00
22930c19-08c0-46de-8fa6-afb0718c5dbb,fUSD,0.0001575807,2,1,14683.15,offer,2026-09-25T06:47:00.918689+00:00
22930c19-08c0-46de-8fa6-afb0718c5dbb,fUSD,0.00016135070000000001,2,1,256.08752164,offer,2026-09-25T06:47:00.918689+00:00
22930c19-08c0-46de-8fa6-afb0718c5dbb,fUSD,0.0001615814,2,1,1729.01,offer,2026-09-25T06:47:00.918689+00:00
22930c19-08c0-46de-8fa6-afb0718c5dbb,fUSD,0.0001621232,2,1,232.54,offer,2026-09-25T06:47:00.918689+00:00
22930c19-08c0-46de-8fa6-afb0718c5dbb,fUSD,0.0001623966,2,1,447.19,offer,2026-09-25T06:47:00.918689+00:00
22930c19-08c0-46de-8fa6-afb0718c5dbb,fUSD,0.0001632194,2,1,173.87,offer,2026-09-25T06:47:00.918689+00:00
22930c19-08c0-46de-8fa6-afb0718c5dbb,fUSD,0.00016325333333333332,2,2,2278.26062987,offer,2026-09-25T06:47:00.918689+00:00
22930c19-08c0-46de-8fa6-afb0718c5dbb,fUSD,0.0001635859,2,1,154.58,offer,2026-09-25T06:47:00.918689+00:00
22930c19-08c0-46de-8fa6-afb0718c5dbb,fUSD,0.00016471,2,2,418.23,offer,2026-09-25T06:47:00.918689+00:00
22930c19-08c0-46de-8fa6-afb0718c5dbb,fUSD,0.00016471280000000002,2,16,7435.87650524,offer,2026-09-25T06:47:00.918689+00:00
22930c19-08c0-46de-8fa6-afb0718c5dbb,fUSD,0.0001647428,2,1,4485.27,offer,2026-09-25T06:47:00.918689+00:00
22930c19-08c0-46de-8fa6-afb0718c5dbb,fUSD,0.0001648828,2,1,1852.42,offer,2026-09-25T06:47:00.918689+00:00
22930c19-08c0-46de-8fa6-afb0718c5dbb,fUSD,0.000165,2,1,3637.2500277,offer,2026-09-25T06:47:00.918689+00:00
22930c19-08c0-46de-8fa6-afb0718c5dbb,fUSD,0.0001658349,2,1,200.0,offer,2026-09-25T06:47:00.918689+00:00
22930c19-08c0-46de-8fa6-afb0718c5dbb,fUSD,0.0001662502,2,1,168.96,offer,2026-09-25T06:47:00.918689+00:00
22930c19-08c0-46de-8fa6-afb0718c5dbb,fUSD,0.00016634,2,10,4020.77834173,offer,2026-09-25T06:47:00.918689+00:00
22930c19-08c0-46de-8fa6-afb0718c5dbb,fUSD,0.00016635,2,5,121727.15228351,offer,2026-09-25T06:47:00.918689+00:00
22930c19-08c0-46de-8fa6-afb0718c5dbb,fUSD,0.0001669,2,1,5037.945137,offer,2026-09-25T06:47:00.918689+00:00
22930c19-08c0-46de-8fa6-afb0718c5dbb,fUSD,0.00016691,2,1,11387.0,offer,2026-09-25T06:47:00.918689+00:00
22930c19-08c0-46de-8fa6-afb0718c5dbb,fUSD,0.00016704,2,2,5086.97991672,offer,2026-09-25T06:47:00.918689+00:00
22930c19-08c0-46de-8fa6-afb0718c5dbb,fUSD,0.00016709648630136985,2,1,375.9,offer,2026-09-25T06:47:00.918689+00:00
22930c19-08c0-46de-8fa6-afb0718c5dbb,fUSD,0.00016725,2,2,11440.60478188,offer,2026-09-25T06:47:00.918689+00:00
22930c19-08c0-46de-8fa6-afb0718c5dbb,fUSD,0.00016738,2,1,10782.0,offer,2026-09-25T06:47:00.918689+00:00
22930c19-08c0-46de-8fa6-afb0718c5dbb,fUSD,0.00016833,2,1,9113.13040614,offer,2026-09-25T06:47:00.918689+00:00
22930c19-08c0-46de-8fa6-afb0718c5dbb,fUSD,0.00016902,2,1,478.61720282,offer,2026-09-25T06:47:00.918689+00:00
f8b37e6c-45ef-407d-9dfe-5c5689bc41c5,fUSD,0.000273972602739726,120,1,-3513267.69745598,demand,2026-09-25T07:47:01.088442+00:00
f8b37e6c-45ef-407d-9dfe-5c5689bc41c5,fUSD,0.0001712,120,1,-20000.0,demand,2026-09-25T07:47:01.088442+00:00
f8b37e6c-45ef-407d-9dfe-5c5689bc41c5,fUSD,0.00017111,120,1,-2000000.0,demand,2026-09-25T07:47:01.088442+00:00
f8b37e6c-45ef-407d-9dfe-5c5689bc41c5,fUSD,0.000161,120,1,-100000.0,demand,2026-09-25T07:47:01.088442+00:00
f8b37e6c-45ef-407d-9dfe-5c5689bc41c5,fUSD,0.000161,60,1,-19334.0,demand,2026-09-25T07:47:01.088442+00:00
f8b37e6c-45ef-407d-9dfe-5c5689bc41c5,fUSD,0.0001603,120,1,-20000.0,demand,2026-09-25T07:47:01.088442+00:00
f8b37e6c-45ef-407d-9dfe-5c5689bc41c5,fUSD,0.00016,120,2,-10009162.66122322,demand,2026-09-25T07:47:01.088442+00:00
f8b37e6c-45ef-407d-9dfe-5c5689bc41c5,fUSD,0.00016,30,3,-3000.0,demand,2026-09-25T07:47:01.088442+00:00
f8b37e6c-45ef-407d-9dfe-5c5689bc41c5,fUSD,0.00016,7,1,-1964.81812464,demand,2026-09-25T07:47:01.088442+00:00
f8b37e6c-45ef-407d-9dfe-5c5689bc41c5,fUSD,0.000151,5,5,-91813.2784888,demand,2026-09-25T07:47:01.088442+00:00
f8b37e6c-45ef-407d-9dfe-5c5689bc41c5,fUSD,0.0001503,90,1,-20000.0,demand,2026-09-25T07:47:01.088442+00:00
f8b37e6c-45ef-407d-9dfe-5c5689bc41c5,fUSD,0.00015,29,1,-149122.66199579,demand,2026-09-25T07:47:01.088442+00:00
f8b37e6c-45ef-407d-9dfe-5c5689bc41c5,fUSD,0.00015,7,1,-5741.16585247,demand,2026-09-25T07:47:01.088442+00:00
f8b37e6c-45ef-407d-9dfe-5c5689bc41c5,fUSD,0.00015,2,3,-13848802.42409174,demand,2026-09-25T07:47:01.088442+00:00
f8b37e6c-45ef-407d-9dfe-5c5689bc41c5,fUSD,0.00014252,120,1,-10770.76644364,demand,2026-09-25T07:47:01.088442+00:00
f8b37e6c-45ef-407d-9dfe-5c5689bc41c5,fUSD,0.0001411,2,3,-618.126642,demand,2026-09-25T07:47:01.088442+00:00
f8b37e6c-45ef-407d-9dfe-5c5689bc41c5,fUSD,0.000141,2,1,-98000.0,demand,2026-09-25T07:47:01.088442+00:00
f8b37e6c-45ef-407d-9dfe-5c5689bc41c5,fUSD,0.0001403,90,1,-20000.0,demand,2026-09-25T07:47:01.088442+00:00
f8b37e6c-45ef-407d-9dfe-5c5689bc41c5,fUSD,0.00013299999999999998,20,1,-4018.00283321,demand,2026-09-25T07:47:01.088442+00:00
f8b37e6c-45ef-407d-9dfe-5c5689bc41c5,fUSD,0.000131,13,1,-7000.0,demand,2026-09-25T07:47:01.088442+00:00
f8b37e6c-45ef-407d-9dfe-5c5689bc41c5,fUSD,0.00012757,120,1,-100000.0,demand,2026-09-25T07:47:01.088442+00:00
f8b37e6c-45ef-407d-9dfe-5c5689bc41c5,fUSD,0.00012465060131286644,2,1,-3408.65251058,demand,2026-09-25T07:47:01.088442+00:00
f8b37e6c-45ef-407d-9dfe-5c5689bc41c5,fUSD,0.00012463920027505572,2,1,-3408.65251058,demand,2026-09-25T07:47:01.088442+00:00
f8b37e6c-45ef-407d-9dfe-5c5689bc41c5,fUSD,0.00012463335959303373,2,1,-3408.65251058,demand,2026-09-25T07:47:01.088442+00:00
f8b37e6c-45ef-407d-9dfe-5c5689bc41c5,fUSD,0.0001246291926605119,2,1,-3408.65251058,demand,2026-09-25T07:47:01.088442+00:00
f8b37e6c-45ef-407d-9dfe-5c5689bc41c5,fUSD,0.00018,2,1,66297.76544064,offer,2026-09-25T07:47:01.088442+00:00
f8b37e6c-45ef-407d-9dfe-5c5689bc41c5,fUSD,0.0001805,2,1,444.58710851,offer,2026-09-25T07:47:01.088442+00:00
f8b37e6c-45ef-407d-9dfe-5c5689bc41c5,fUSD,0.000181,2,1,1833.17583943,offer,2026-09-25T07:47:01.088442+00:00
f8b37e6c-45ef-407d-9dfe-5c5689bc41c5,fUSD,0.0001900475,2,1,307.29,offer,2026-09-25T07:47:01.088442+00:00
f8b37e6c-45ef-407d-9dfe-5c5689bc41c5,fUSD,0.00019007,2,2,351.47,offer,2026-09-25T07:47:01.088442+00:00
f8b37e6c-45ef-407d-9dfe-5c5689bc41c5,fUSD,0.00019079,2,1,165.86263761,offer,2026-09-25T07:47:01.088442+00:00
f8b37e6c-45ef-407d-9dfe-5c5689bc41c5,fUSD,0.00019179,3,2,342.0,offer,2026-09-25T07:47:01.088442+00:00
f8b37e6c-45ef-407d-9dfe-5c5689bc41c5,fUSD,0.0001919257,2,1,303.68,offer,2026-09-25T07:47:01.088442+00:00
f8b37e6c-45ef-407d-9dfe-5c5689bc41c5,fUSD,0.00019254,2,1,244.83349082,offer,2026-09-25T07:47:01.088442+00:00
f8b37e6c-45ef-407d-9dfe-5c5689bc41c5,fUSD,0.0001935410475653131,2,2,3604.0,offer,2026-09-25T07:47:01.088442+00:00
f8b37e6c-45ef-407d-9dfe-5c5689bc41c5,fUSD,0.00019437873431054655,2,2,482.82170998,offer,2026-09-25T07:47:01.088442+00:00
f8b37e6c-45ef-407d-9dfe-5c5689bc41c5,fUSD,0.00019438,2,1,165.7,offer,2026-09-25T07:47:01.088442+00:00
f8b37e6c-45ef-407d-9dfe-5c5689bc41c5,fUSD,0.0001944714,2,1,165.86263758,offer,2026-09-25T07:47:01.088442+00:00
f8b37e6c-45ef-407d-9dfe-5c5689bc41c5,fUSD,0.00019537131843663674,2,1,160.0,offer,2026-09-25T07:47:01.088442+00:00
f8b37e6c-45ef-407d-9dfe-5c5689bc41c5,fUSD,0.00019537132096549383,2,1,1267.53634288,offer,2026-09-25T07:47:01.088442+00:00
f8b37e6c-45ef-407d-9dfe-5c5689bc41c5,fUSD,0.000195376,2,1,309.15,offer,2026-09-25T07:47:01.088442+00:00
f8b37e6c-45ef-407d-9dfe-5c5689bc41c5,fUSD,0.0001959636,2,1,336.63,offer,2026-09-25T07:47:01.088442+00:00
f8b37e6c-45ef-407d-9dfe-5c5689bc41c5,fUSD,0.0001966439,2,1,528.03,offer,2026-09-25T07:47:01.088442+00:00
f8b37e6c-45ef-407d-9dfe-5c5689bc41c5,fUSD,0.0001977613,2,1,306.6,offer,2026-09-25T07:47:01.088442+00:00
f8b37e6c-45ef-407d-9dfe-5c5689bc41c5,fUSD,0.000197853,2,1,309.15,offer,2026-09-25T07:47:01.088442+00:00
f8b37e6c-45ef-407d-9dfe-5c5689bc41c5,fUSD,0.0001981529,2,1,165.86263758,offer,2026-09-25T07:47:01.088442+00:00
f8b37e6c-45ef-407d-9dfe-5c5689bc41c5,fUSD,0.00019846576666666664,2,2,526.77164074,offer,2026-09-25T07:47:01.088442+00:00
f8b37e6c-45ef-407d-9dfe-5c5689bc41c5,fUSD,0.00019944,2,1,235.0,offer,2026-09-25T07:47:01.088442+00:00
f8b37e6c-45ef-407d-9dfe-5c5689bc41c5,fUSD,0.0001995595,2,1,309.15,offer,2026-09-25T07:47:01.088442+00:00
f8b37e6c-45ef-407d-9dfe-5c5689bc41c5,fUSD,0.00019988,2,1,151.71389245,offer,2026-09-25T07:47:01.088442+00:00
6652bd11-a0a6-48b8-808e-fd1c7ae25d8a,fUSD,0.000273972602739726,120,1,-3508917.79178858,demand,2026-09-25T08:47:01.110139+00:00
6652bd11-a0a6-48b8-808e-fd1c7ae25d8a,fUSD,0.0001712,120,1,-20000.0,demand,2026-09-25T08:47:01.110139+00:00
6652bd11-a0a6-48b8-808e-fd1c7ae25d8a,fUSD,0.00017111,120,1,-2000000.0,demand,2026-09-25T08:47:01.110139+00:00
6652bd11-a0a6-48b8-808e-fd1c7ae25d8a,fUSD,0.000161,120,1,-100000.0,demand,2026-09-25T08:47:01.110139+00:00
6652bd11-a0a6-48b8-808e-fd1c7ae25d8a,fUSD,0.000161,60,1,-18157.0,demand,2026-09-25T08:47:01.110139+00:00
6652bd11-a0a6-48b8-808e-fd1c7ae25d8a,fUSD,0.0001603,120,1,-20000.0,demand,2026-09-25T08:47:01.110139+00:00
6652bd11-a0a6-48b8-808e-fd1c7ae25d8a,fUSD,0.00016,120,2,-10009162.66122322,demand,2026-09-25T08:47:01.110139+00:00
6652bd11-a0a6-48b8-808e-fd1c7ae25d8a,fUSD,0.00016,30,3,-3000.0,demand,2026-09-25T08:47:01.110139+00:00
6652bd11-a0a6-48b8-808e-fd1c7ae25d8a,fUSD,0.00016,7,1,-1556.54745507,demand,2026-09-25T08:47:01.110139+00:00
6652bd11-a0a6-48b8-808e-fd1c7ae25d8a,fUSD,0.000151,5,5,-100000.0,demand,2026-09-25T08:47:01.110139+00:00
6652bd11-a0a6-48b8-808e-fd1c7ae25d8a,fUSD,0.0001503,90,1,-20000.0,demand,2026-09-25T08:47:01.110139+00:00
6652bd11-a0a6-48b8-808e-fd1c7ae25d8a,fUSD,0.0001500001,2,1,-162577.38597379,demand,2026-09-25T08:47:01.110139+00:00
6652bd11-a0a6-48b8-808e-fd1c7ae25d8a,fUSD,0.00015,29,1,-149122.66199579,demand,2026-09-25T08:47:01.110139+00:00
6652bd11-a0a6-48b8-808e-fd1c7ae25d8a,fUSD,0.00015,7,1,-5741.16585247,demand,2026-09-25T08:47:01.110139+00:00
6652bd11-a0a6-48b8-808e-fd1c7ae25d8a,fUSD,0.00015,2,3,-12926808.09021559,demand,2026-09-25T08:47:01.110139+00:00
6652bd11-a0a6-48b8-808e-fd1c7ae25d8a,fUSD,0.00014252,120,1,-10770.76644364,demand,2026-09-25T08:47:01.110139+00:00
6652bd11-a0a6-48b8-808e-fd1c7ae25d8a,fUSD,0.000141,2,1,-98000.0,demand,2026-09-25T08:47:01.110139+00:00
6652bd11-a0a6-48b8-808e-fd1c7ae25d8a,fUSD,0.0001403,90,1,-20000.0,demand,2026-09-25T08:47:01.110139+00:00
6652bd11-a0a6-48b8-808e-fd1c7ae25d8a,fUSD,0.00013299999999999998,20,1,-4018.00283321,demand,2026-09-25T08:47:01.110139+00:00
6652bd11-a0a6-48b8-808e-fd1c7ae25d8a,fUSD,0.000131,13,1,-7000.0,demand,2026-09-25T08:47:01.110139+00:00
6652bd11-a0a6-48b8-808e-fd1c7ae25d8a,fUSD,0.00012757,120,1,-100000.0,demand,2026-09-25T08:47:01.110139+00:00
6652bd11-a0a6-48b8-808e-fd1c7ae25d8a,fUSD,0.00012465361705944007,2,1,-3408.65251058,demand,2026-09-25T08:47:01.110139+00:00
6652bd11-a0a6-48b8-808e-fd1c7ae25d8a,fUSD,0.00012465347088021935,2,1,-3408.65251058,demand,2026-09-25T08:47:01.110139+00:00
6652bd11-a0a6-48b8-808e-fd1c7ae25d8a,fUSD,0.00012464465667737026,2,1,-3408.65251058,demand,2026-09-25T08:47:01.110139+00:00
6652bd11-a0a6-48b8-808e-fd1c7ae25d8a,fUSD,0.0001246258075110342,2,1,-3408.65251058,demand,2026-09-25T08:47:01.110139+00:00
6652bd11-a0a6-48b8-808e-fd1c7ae25d8a,fUSD,0.0001553,2,1,63.33905665,offer,2026-09-25T08:47:01.110139+00:00
6652bd11-a0a6-48b8-808e-fd1c7ae25d8a,fUSD,0.0001553915,2,1,308.77,offer,2026-09-25T08:47:01.110139+00:00
6652bd11-a0a6-48b8-808e-fd1c7ae25d8a,fUSD,0.000155424375,2,1,653.19453628,offer,2026-09-25T08:47:01.110139+00:00
6652bd11-a0a6-48b8-808e-fd1c7ae25d8a,fUSD,0.00015554875000000002,2,1,250.0,offer,2026-09-25T08:47:01.110139+00:00
6652bd11-a0a6-48b8-808e-fd1c7ae25d8a,fUSD,0.00015697,2,1,150.0,offer,2026-09-25T08:47:01.110139+00:00
6652bd11-a0a6-48b8-808e-fd1c7ae25d8a,fUSD,0.0001579,2,1,195.07722143,offer,2026-09-25T08:47:01.110139+00:00
6652bd11-a0a6-48b8-808e-fd1c7ae25d8a,fUSD,0.00015852,2,1,150.0,offer,2026-09-25T08:47:01.110139+00:00
6652bd11-a0a6-48b8-808e-fd1c7ae25d8a,fUSD,0.0001595366,2,1,1000.0,offer,2026-09-25T08:47:01.110139+00:00
6652bd11-a0a6-48b8-808e-fd1c7ae25d8a,fUSD,0.00016,3,2,340.0,offer,2026-09-25T08:47:01.110139+00:00
6652bd11-a0a6-48b8-808e-fd1c7ae25d8a,fUSD,0.00016,2,1,5963.11069712,offer,2026-09-25T08:47:01.110139+00:00
6652bd11-a0a6-48b8-808e-fd1c7ae25d8a,fUSD,0.0001602745,2,1,309.65,offer,2026-09-25T08:47:01.110139+00:00
6652bd11-a0a6-48b8-808e-fd1c7ae25d8a,fUSD,0.00016029,2,1,300.0,offer,2026-09-25T08:47:01.110139+00:00
6652bd11-a0a6-48b8-808e-fd1c7ae25d8a,fUSD,0.0001603,2,7,6802.1,offer,2026-09-25T08:47:01.110139+00:00
6652bd11-a0a6-48b8-808e-fd1c7ae25d8a,fUSD,0.0001603,7,4,4882.39,offer,2026-09-25T08:47:01.110139+00:00
6652bd11-a0a6-48b8-808e-fd1c7ae25d8a,fUSD,0.00016163,2,1,357.0,offer,2026-09-25T08:47:01.110139+00:00
6652bd11-a0a6-48b8-808e-fd1c7ae25d8a,fUSD,0.00016196,2,1,1614.0,offer,2026-09-25T08:47:01.110139+00:00
6652bd11-a0a6-48b8-808e-fd1c7ae25d8a,fUSD,0.00016297,2,1,195.07722141,offer,2026-09-25T08:47:01.110139+00:00
6652bd11-a0a6-48b8-808e-fd1c7ae25d8a,fUSD,0.00016321,2,1,1153.0,offer,2026-09-25T08:47:01.110139+00:00
6652bd11-a0a6-48b8-808e-fd1c7ae25d8a,fUSD,0.00016353,2,1,387.0,offer,2026-09-25T08:47:01.110139+00:00
6652bd11-a0a6-48b8-808e-fd1c7ae25d8a,fUSD,0.00016356,2,1,534.0,offer,2026-09-25T08:47:01.110139+00:00
6652bd11-a0a6-48b8-808e-fd1c7ae25d8a,fUSD,0.00016357,2,11,5178.55974596,offer,2026-09-25T08:47:01.110139+00:00
6652bd11-a0a6-48b8-808e-fd1c7ae25d8a,fUSD,0.00016367,2,1,11314.05763669,offer,2026-09-25T08:47:01.110139+00:00
6652bd11-a0a6-48b8-808e-fd1c7ae25d8a,fUSD,0.00016386,2,1,955.0,offer,2026-09-25T08:47:01.110139+00:00
6652bd11-a0a6-48b8-808e-fd1c7ae25d8a,fUSD,0.00016418,2,1,1432.0,offer,2026-09-25T08:47:01.110139+00:00
6652bd11-a0a6-48b8-808e-fd1c7ae25d8a,fUSD,0.00016501,2,3,12287.83377987,offer,2026-09-25T08:47:01.110139+00:00
fcf56992-b15e-4eb8-9ef5-16bc758a746b,fUSD,0.0003077835616438356,60,1,-6927124.21981451,demand,2026-09-25T09:47:01.123448+00:00
fcf56992-b15e-4eb8-9ef5-16bc758a746b,fUSD,0.000273972602739726,120,1,-3502337.65620209,demand,2026-09-25T09:47:01.123448+00:00
fcf56992-b15e-4eb8-9ef5-16bc758a746b,fUSD,0.0001712,120,1,-20000.0,demand,2026-09-25T09:47:01.123448+00:00
fcf56992-b15e-4eb8-9ef5-16bc758a746b,fUSD,0.00017111,120,1,-2000000.0,demand,2026-09-25T09:47:01.123448+00:00
fcf56992-b15e-4eb8-9ef5-16bc758a746b,fUSD,0.000161,120,1,-100000.0,demand,2026-09-25T09:47:01.123448+00:00
fcf56992-b15e-4eb8-9ef5-16bc758a746b,fUSD,0.000161,60,1,-18157.0,demand,2026-09-25T09:47:01.123448+00:00
fcf56992-b15e-4eb8-9ef5-16bc758a746b,fUSD,0.0001603,120,1,-20000.0,demand,2026-09-25T09:47:01.123448+00:00
fcf56992-b15e-4eb8-9ef5-16bc758a746b,fUSD,0.00016,120,2,-10009162.66122322,demand,2026-09-25T09:47:01.123448+00:00
fcf56992-b15e-4eb8-9ef5-16bc758a746b,fUSD,0.00016,30,3,-2800.0,demand,2026-09-25T09:47:01.123448+00:00
fcf56992-b15e-4eb8-9ef5-16bc758a746b,fUSD,0.00016,7,1,-432.84372484,demand,2026-09-25T09:47:01.123448+00:00
fcf56992-b15e-4eb8-9ef5-16bc758a746b,fUSD,0.000151,5,5,-100000.0,demand,2026-09-25T09:47:01.123448+00:00
fcf56992-b15e-4eb8-9ef5-16bc758a746b,fUSD,0.0001503,90,1,-20000.0,demand,2026-09-25T09:47:01.123448+00:00
fcf56992-b15e-4eb8-9ef5-16bc758a746b,fUSD,0.00015,29,1,-149122.66199579,demand,2026-09-25T09:47:01.123448+00:00
fcf56992-b15e-4eb8-9ef5-16bc758a746b,fUSD,0.00015,7,1,-5741.16585247,demand,2026-09-25T09:47:01.123448+00:00
fcf56992-b15e-4eb8-9ef5-16bc758a746b,fUSD,0.00015,2,3,-10112739.26626317,demand,2026-09-25T09:47:01.123448+00:00
fcf56992-b15e-4eb8-9ef5-16bc758a746b,fUSD,0.00014252,120,1,-10770.76644364,demand,2026-09-25T09:47:01.123448+00:00
fcf56992-b15e-4eb8-9ef5-16bc758a746b,fUSD,0.000141,2,1,-98000.0,demand,2026-09-25T09:47:01.123448+00:00
fcf56992-b15e-4eb8-9ef5-16bc758a746b,fUSD,0.0001403,90,1,-20000.0,demand,2026-09-25T09:47:01.123448+00:00
fcf56992-b15e-4eb8-9ef5-16bc758a746b,fUSD,0.00013299999999999998,20,1,-4018.00283321,demand,2026-09-25T09:47:01.123448+00:00
fcf56992-b15e-4eb8-9ef5-16bc758a746b,fUSD,0.000131,13,1,-7000.0,demand,2026-09-25T09:47:01.123448+00:00
fcf56992-b15e-4eb8-9ef5-16bc758a746b,fUSD,0.00012757,120,1,-100000.0,demand,2026-09-25T09:47:01.123448+00:00
fcf56992-b15e-4eb8-9ef5-16bc758a746b,fUSD,0.00012465361705944007,2,1,-3408.65251058,demand,2026-09-25T09:47:01.123448+00:00
fcf56992-b15e-4eb8-9ef5-16bc758a746b,fUSD,0.00012465347088021935,2,1,-3408.65251058,demand,2026-09-25T09:47:01.123448+00:00
fcf56992-b15e-4eb8-9ef5-16bc758a746b,fUSD,0.00012464465667737026,2,1,-3408.65251058,demand,2026-09-25T09:47:01.123448+00:00
fcf56992-b15e-4eb8-9ef5-16bc758a746b,fUSD,0.0001246258075110342,2,1,-3408.65251058,demand,2026-09-25T09:47:01.123448+00:00
fcf56992-b15e-4eb8-9ef5-16bc758a746b,fUSD,0.00015984,2,2,547.82925782,offer,2026-09-25T09:47:01.123448+00:00
fcf56992-b15e-4eb8-9ef5-16bc758a746b,fUSD,0.000165,2,1,182.30564616,offer,2026-09-25T09:47:01.123448+00:00
fcf56992-b15e-4eb8-9ef5-16bc758a746b,fUSD,0.00017999000000000002,2,3,1181.99235562,offer,2026-09-25T09:47:01.123448+00:00
fcf56992-b15e-4eb8-9ef5-16bc758a746b,fUSD,0.00018,2,1,66297.76544064,offer,2026-09-25T09:47:01.123448+00:00
fcf56992-b15e-4eb8-9ef5-16bc758a746b,fUSD,0.000181,2,1,1833.17583943,offer,2026-09-25T09:47:01.123448+00:00
fcf56992-b15e-4eb8-9ef5-16bc758a746b,fUSD,0.0001845713,2,1,313.34,offer,2026-09-25T09:47:01.123448+00:00
fcf56992-b15e-4eb8-9ef5-16bc758a746b,fUSD,0.00019402321618,2,5,755.0,offer,2026-09-25T09:47:01.123448+00:00
fcf56992-b15e-4eb8-9ef5-16bc758a746b,fUSD,0.0001941397260273973,2,11,1745.0,offer,2026-09-25T09:47:01.123448+00:00
fcf56992-b15e-4eb8-9ef5-16bc758a746b,fUSD,0.000194139897260274,2,1,471.02862004,offer,2026-09-25T09:47:01.123448+00:00
fcf56992-b15e-4eb8-9ef5-16bc758a746b,fUSD,0.00019414041095890412,2,1,151.0,offer,2026-09-25T09:47:01.123448+00:00
fcf56992-b15e-4eb8-9ef5-16bc758a746b,fUSD,0.00019414179888727076,2,1,151.0,offer,2026-09-25T09:47:01.123448+00:00
fcf56992-b15e-4eb8-9ef5-16bc758a746b,fUSD,0.00019414865952348658,2,2,304.67867553,offer,2026-09-25T09:47:01.123448+00:00
fcf56992-b15e-4eb8-9ef5-16bc758a746b,fUSD,0.00019417609386083957,2,1,152.0,offer,2026-09-25T09:47:01.123448+00:00
fcf56992-b15e-4eb8-9ef5-16bc758a746b,fUSD,0.00019428561643835619,2,1,151.55394102,offer,2026-09-25T09:47:01.123448+00:00
fcf56992-b15e-4eb8-9ef5-16bc758a746b,fUSD,0.00019472407955217766,2,1,151.0,offer,2026-09-25T09:47:01.123448+00:00
fcf56992-b15e-4eb8-9ef5-16bc758a746b,fUSD,0.00019537,2,4,54808.0,offer,2026-09-25T09:47:01.123448+00:00
fcf56992-b15e-4eb8-9ef5-16bc758a746b,fUSD,0.00019607,2,1,150.0,offer,2026-09-25T09:47:01.123448+00:00
fcf56992-b15e-4eb8-9ef5-16bc758a746b,fUSD,0.00019648407633715513,2,1,150.0,offer,2026-09-25T09:47:01.123448+00:00
fcf56992-b15e-4eb8-9ef5-16bc758a746b,fUSD,0.00019801,2,1,150.0,offer,2026-09-25T09:47:01.123448+00:00
fcf56992-b15e-4eb8-9ef5-16bc758a746b,fUSD,0.00019949,2,7,2837.43372499,offer,2026-09-25T09:47:01.123448+00:00
fcf56992-b15e-4eb8-9ef5-16bc758a746b,fUSD,0.0001995,15,1,52384.11862799,offer,2026-09-25T09:47:01.123448+00:00
fcf56992-b15e-4eb8-9ef5-16bc758a746b,fUSD,0.0001995,2,2,30000.0,offer,2026-09-25T09:47:01.123448+00:00
fcf56992-b15e-4eb8-9ef5-16bc758a746b,fUSD,0.0001998,7,1,421.84382022,offer,2026-09-25T09:47:01.123448+00:00
fcf56992-b15e-4eb8-9ef5-16bc758a746b,fUSD,0.0001999422,2,1,313.34,offer,2026-09-25T09:47:01.123448+00:00
fcf56992-b15e-4eb8-9ef5-16bc758a746b,fUSD,0.00019996,2,1,150.0,offer,2026-09-25T09:47:01.123448+00:00
f7e9a6a3-9aa6-4ac5-bb35-2c5f225d1aba,fUSD,0.00030783013698630136,60,1,-6563844.62196877,demand,2026-09-25T10:47:00.959822+00:00
f7e9a6a3-9aa6-4ac5-bb35-2c5f225d1aba,fUSD,0.000273972602739726,120,1,-3496054.47521565,demand,2026-09-25T10:47:00.959822+00:00
f7e9a6a3-9aa6-4ac5-bb35-2c5f225d1aba,fUSD,0.0001712,120,1,-20000.0,demand,2026-09-25T10:47:00.959822+00:00
f7e9a6a3-9aa6-4ac5-bb35-2c5f225d1aba,fUSD,0.00017111,120,1,-2000000.0,demand,2026-09-25T10:47:00.959822+00:00
f7e9a6a3-9aa6-4ac5-bb35-2c5f225d1aba,fUSD,0.000161,120,1,-100000.0,demand,2026-09-25T10:47:00.959822+00:00
f7e9a6a3-9aa6-4ac5-bb35-2c5f225d1aba,fUSD,0.000161,60,1,-18157.0,demand,2026-09-25T10:47:00.959822+00:00
f7e9a6a3-9aa6-4ac5-bb35-2c5f225d1aba,fUSD,0.0001603,120,1,-20000.0,demand,2026-09-25T10:47:00.959822+00:00
f7e9a6a3-9aa6-4ac5-bb35-2c5f225d1aba,fUSD,0.00016,120,2,-10009162.66122322,demand,2026-09-25T10:47:00.959822+00:00
f7e9a6a3-9aa6-4ac5-bb35-2c5f225d1aba,fUSD,0.00016,30,3,-2800.0,demand,2026-09-25T10:47:00.959822+00:00
f7e9a6a3-9aa6-4ac5-bb35-2c5f225d1aba,fUSD,0.00016,7,1,-2750.0,demand,2026-09-25T10:47:00.959822+00:00
f7e9a6a3-9aa6-4ac5-bb35-2c5f225d1aba,fUSD,0.000151,5,5,-100000.0,demand,2026-09-25T10:47:00.959822+00:00
f7e9a6a3-9aa6-4ac5-bb35-2c5f225d1aba,fUSD,0.0001503,90,1,-20000.0,demand,2026-09-25T10:47:00.959822+00:00
f7e9a6a3-9aa6-4ac5-bb35-2c5f225d1aba,fUSD,0.00015,29,1,-149122.66199579,demand,2026-09-25T10:47:00.959822+00:00
f7e9a6a3-9aa6-4ac5-bb35-2c5f225d1aba,fUSD,0.00015,7,1,-5741.16585247,demand,2026-09-25T10:47:00.959822+00:00
f7e9a6a3-9aa6-4ac5-bb35-2c5f225d1aba,fUSD,0.00015,2,2,-7997983.40893605,demand,2026-09-25T10:47:00.959822+00:00
f7e9a6a3-9aa6-4ac5-bb35-2c5f225d1aba,fUSD,0.00014252,120,1,-10770.76644364,demand,2026-09-25T10:47:00.959822+00:00
f7e9a6a3-9aa6-4ac5-bb35-2c5f225d1aba,fUSD,0.000141,2,1,-98000.0,demand,2026-09-25T10:47:00.959822+00:00
f7e9a6a3-9aa6-4ac5-bb35-2c5f225d1aba,fUSD,0.0001403,90,1,-20000.0,demand,2026-09-25T10:47:00.959822+00:00
f7e9a6a3-9aa6-4ac5-bb35-2c5f225d1aba,fUSD,0.00013299999999999998,20,1,-4018.00283321,demand,2026-09-25T10:47:00.959822+00:00
f7e9a6a3-9aa6-4ac5-bb35-2c5f225d1aba,fUSD,0.000131,13,1,-7000.0,demand,2026-09-25T10:47:00.959822+00:00
f7e9a6a3-9aa6-4ac5-bb35-2c5f225d1aba,fUSD,0.0001300002,2,1,-650000.0,demand,2026-09-25T10:47:00.959822+00:00
f7e9a6a3-9aa6-4ac5-bb35-2c5f225d1aba,fUSD,0.00012757,120,1,-100000.0,demand,2026-09-25T10:47:00.959822+00:00
f7e9a6a3-9aa6-4ac5-bb35-2c5f225d1aba,fUSD,0.0001221,120,1,-12587.13,demand,2026-09-25T10:47:00.959822+00:00
f7e9a6a3-9aa6-4ac5-bb35-2c5f225d1aba,fUSD,0.000121,7,1,-6000.0,demand,2026-09-25T10:47:00.959822+00:00
f7e9a6a3-9aa6-4ac5-bb35-2c5f225d1aba,fUSD,0.00012,120,1,-200000.0,demand,2026-09-25T10:47:00.959822+00:00
f7e9a6a3-9aa6-4ac5-bb35-2c5f225d1aba,fUSD,0.000152,2,1,33.33171091,offer,2026-09-25T10:47:00.959822+00:00
f7e9a6a3-9aa6-4ac5-bb35-2c5f225d1aba,fUSD,0.00015884,2,1,769.87804457,offer,2026-09-25T10:47:00.959822+00:00
f7e9a6a3-9aa6-4ac5-bb35-2c5f225d1aba,fUSD,0.00015984,2,2,300.0,offer,2026-09-25T10:47:00.959822+00:00
f7e9a6a3-9aa6-4ac5-bb35-2c5f225d1aba,fUSD,0.00016,2,1,26958.12735825,offer,2026-09-25T10:47:00.959822+00:00
f7e9a6a3-9aa6-4ac5-bb35-2c5f225d1aba,fUSD,0.00016043,2,1,172.37417008,offer,2026-09-25T10:47:00.959822+00:00
f7e9a6a3-9aa6-4ac5-bb35-2c5f225d1aba,fUSD,0.0001614316,2,1,321.56,offer,2026-09-25T10:47:00.959822+00:00
f7e9a6a3-9aa6-4ac5-bb35-2c5f225d1aba,fUSD,0.0001636117,2,1,321.56,offer,2026-09-25T10:47:00.959822+00:00
f7e9a6a3-9aa6-4ac5-bb35-2c5f225d1aba,fUSD,0.00016412684210526316,3,1,177.0,offer,2026-09-25T10:47:00.959822+00:00
f7e9a6a3-9aa6-4ac5-bb35-2c5f225d1aba,fUSD,0.0001651136,2,1,321.56,offer,2026-09-25T10:47:00.959822+00:00
f7e9a6a3-9aa6-4ac5-bb35-2c5f225d1aba,fUSD,0.0001662956,2,1,321.56,offer,2026-09-25T10:47:00.959822+00:00
f7e9a6a3-9aa6-4ac5-bb35-2c5f225d1aba,fUSD,0.0001672854,2,1,321.56,offer,2026-09-25T10:47:00.959822+00:00
f7e9a6a3-9aa6-4ac5-bb35-2c5f225d1aba,fUSD,0.0001681447,2,1,321.56,offer,2026-09-25T10:47:00.959822+00:00
f7e9a6a3-9aa6-4ac5-bb35-2c5f225d1aba,fUSD,0.0001689089,2,1,321.56,offer,2026-09-25T10:47:00.959822+00:00
f7e9a6a3-9aa6-4ac5-bb35-2c5f225d1aba,fUSD,0.0001696,2,1,321.56,offer,2026-09-25T10:47:00.959822+00:00
f7e9a6a3-9aa6-4ac5-bb35-2c5f225d1aba,fUSD,0.000175824,2,5,1602.89974656,offer,2026-09-25T10:47:00.959822+00:00
f7e9a6a3-9aa6-4ac5-bb35-2c5f225d1aba,fUSD,0.0001782536842105263,3,1,177.0,offer,2026-09-25T10:47:00.959822+00:00
f7e9a6a3-9aa6-4ac5-bb35-2c5f225d1aba,fUSD,0.00019238052631578945,3,1,177.0,offer,2026-09-25T10:47:00.959822+00:00
f7e9a6a3-9aa6-4ac5-bb35-2c5f225d1aba,fUSD,0.000194735,3,1,155.0,offer,2026-09-25T10:47:00.959822+00:00
f7e9a6a3-9aa6-4ac5-bb35-2c5f225d1aba,fUSD,0.0002004493150684931,2,8,1550.00207037,offer,2026-09-25T10:47:00.959822+00:00
f7e9a6a3-9aa6-4ac5-bb35-2c5f225d1aba,fUSD,0.00020044931506849316,2,1,253.66043573,offer,2026-09-25T10:47:00.959822+00:00
f7e9a6a3-9aa6-4ac5-bb35-2c5f225d1aba,fUSD,0.0002004493150684932,2,4,642.0,offer,2026-09-25T10:47:00.959822+00:00
f7e9a6a3-9aa6-4ac5-bb35-2c5f225d1aba,fUSD,0.00020044976104607125,2,1,208.0,offer,2026-09-25T10:47:00.959822+00:00
f7e9a6a3-9aa6-4ac5-bb35-2c5f225d1aba,fUSD,0.000200504690291673,2,1,208.0,offer,2026-09-25T10:47:00.959822+00:00
f7e9a6a3-9aa6-4ac5-bb35-2c5f225d1aba,fUSD,0.00020156,2,1,5462.86048406,offer,2026-09-25T10:47:00.959822+00:00
f7e9a6a3-9aa6-4ac5-bb35-2c5f225d1aba,fUSD,0.0002038948,2,1,2000.0,offer,2026-09-25T10:47:00.959822+00:00
8ab655ba-846c-42e2-9e79-fa670f1637ca,fUSD,0.000273972602739726,120,1,-3490362.41521565,demand,2026-09-25T11:47:00.970575+00:00
8ab655ba-846c-42e2-9e79-fa670f1637ca,fUSD,0.0001712,120,1,-20000.0,demand,2026-09-25T11:47:00.970575+00:00
8ab655ba-846c-42e2-9e79-fa670f1637ca,fUSD,0.00017111,120,1,-2000000.0,demand,2026-09-25T11:47:00.970575+00:00
8ab655ba-846c-42e2-9e79-fa670f1637ca,fUSD,0.0001655,10,1,-300000.0,demand,2026-09-25T11:47:00.970575+00:00
8ab655ba-846c-42e2-9e79-fa670f1637ca,fUSD,0.000161,120,1,-100000.0,demand,2026-09-25T11:47:00.970575+00:00
8ab655ba-846c-42e2-9e79-fa670f1637ca,fUSD,0.000161,60,1,-18157.0,demand,2026-09-25T11:47:00.970575+00:00
8ab655ba-846c-42e2-9e79-fa670f1637ca,fUSD,0.0001603,120,1,-20000.0,demand,2026-09-25T11:47:00.970575+00:00
8ab655ba-846c-42e2-9e79-fa670f1637ca,fUSD,0.00016,120,2,-10009162.66122322,demand,2026-09-25T11:47:00.970575+00:00
8ab655ba-846c-42e2-9e79-fa670f1637ca,fUSD,0.00016,30,3,-2800.0,demand,2026-09-25T11:47:00.970575+00:00
8ab655ba-846c-42e2-9e79-fa670f1637ca,fUSD,0.00016,7,1,-2156.65247314,demand,2026-09-25T11:47:00.970575+00:00
8ab655ba-846c-42e2-9e79-fa670f1637ca,fUSD,0.000151,5,5,-100000.0,demand,2026-09-25T11:47:00.970575+00:00
8ab655ba-846c-42e2-9e79-fa670f1637ca,fUSD,0.0001503,90,1,-20000.0,demand,2026-09-25T11:47:00.970575+00:00
8ab655ba-846c-42e2-9e79-fa670f1637ca,fUSD,0.00015,29,1,-149122.66199579,demand,2026-09-25T11:47:00.970575+00:00
8ab655ba-846c-42e2-9e79-fa670f1637ca,fUSD,0.00015,7,1,-5741.16585247,demand,2026-09-25T11:47:00.970575+00:00
8ab655ba-846c-42e2-9e79-fa670f1637ca,fUSD,0.00015,2,3,-12453415.19012363,demand,2026-09-25T11:47:00.970575+00:00
8ab655ba-846c-42e2-9e79-fa670f1637ca,fUSD,0.00014252,120,1,-10770.76644364,demand,2026-09-25T11:47:00.970575+00:00
8ab655ba-846c-42e2-9e79-fa670f1637ca,fUSD,0.0001412,2,2,-400.001724,demand,2026-09-25T11:47:00.970575+00:00
8ab655ba-846c-42e2-9e79-fa670f1637ca,fUSD,0.000141,2,1,-98000.0,demand,2026-09-25T11:47:00.970575+00:00
8ab655ba-846c-42e2-9e79-fa670f1637ca,fUSD,0.0001403,90,1,-20000.0,demand,2026-09-25T11:47:00.970575+00:00
8ab655ba-846c-42e2-9e79-fa670f1637ca,fUSD,0.00013299999999999998,20,1,-4018.00283321,demand,2026-09-25T11:47:00.970575+00:00
8ab655ba-846c-42e2-9e79-fa670f1637ca,fUSD,0.000131,13,1,-7000.0,demand,2026-09-25T11:47:00.970575+00:00
8ab655ba-846c-42e2-9e79-fa670f1637ca,fUSD,0.0001300002,2,1,-650000.0,demand,2026-09-25T11:47:00.970575+00:00
8ab655ba-846c-42e2-9e79-fa670f1637ca,fUSD,0.00012757,120,1,-100000.0,demand,2026-09-25T11:47:00.970575+00:00
8ab655ba-846c-42e2-9e79-fa670f1637ca,fUSD,0.00012465378344237373,2,1,-3408.65251058,demand,2026-09-25T11:47:00.970575+00:00
8ab655ba-846c-42e2-9e79-fa670f1637ca,fUSD,0.0001246453090230663,2,1,-3408.65251058,demand,2026-09-25T11:47:00.970575+00:00
8ab655ba-846c-42e2-9e79-fa670f1637ca,fUSD,0.000154095,2,1,193.33086883,offer,2026-09-25T11:47:00.970575+00:00
8ab655ba-846c-42e2-9e79-fa670f1637ca,fUSD,0.00016,2,2,3496.18727205,offer,2026-09-25T11:47:00.970575+00:00
8ab655ba-846c-42e2-9e79-fa670f1637ca,fUSD,0.00016949900000000004,2,3,1150.0,offer,2026-09-25T11:47:00.970575+00:00
8ab655ba-846c-42e2-9e79-fa670f1637ca,fUSD,0.00016950450000000002,2,1,500.0,offer,2026-09-25T11:47:00.970575+00:00
8ab655ba-846c-42e2-9e79-fa670f1637ca,fUSD,0.00017225422910359525,3,1,159.16,offer,2026-09-25T11:47:00.970575+00:00
8ab655ba-846c-42e2-9e79-fa670f1637ca,fUSD,0.0001724,2,1,300.0,offer,2026-09-25T11:47:00.970575+00:00
8ab655ba-846c-42e2-9e79-fa670f1637ca,fUSD,0.00017241095890410958,2,1,400.74523084,offer,2026-09-25T11:47:00.970575+00:00
8ab655ba-846c-42e2-9e79-fa670f1637ca,fUSD,0.00017411,2,5,2500.0,offer,2026-09-25T11:47:00.970575+00:00
8ab655ba-846c-42e2-9e79-fa670f1637ca,fUSD,0.00017618767488,2,1,161.53,offer,2026-09-25T11:47:00.970575+00:00
8ab655ba-846c-42e2-9e79-fa670f1637ca,fUSD,0.00017624,2,1,208.38030697,offer,2026-09-25T11:47:00.970575+00:00
8ab655ba-846c-42e2-9e79-fa670f1637ca,fUSD,0.000177,2,1,806.49146305,offer,2026-09-25T11:47:00.970575+00:00
8ab655ba-846c-42e2-9e79-fa670f1637ca,fUSD,0.0001793,2,2,15309.08003319,offer,2026-09-25T11:47:00.970575+00:00
8ab655ba-846c-42e2-9e79-fa670f1637ca,fUSD,0.00018002,2,1,19873.942734,offer,2026-09-25T11:47:00.970575+00:00
8ab655ba-846c-42e2-9e79-fa670f1637ca,fUSD,0.000180027,2,1,1136.03,offer,2026-09-25T11:47:00.970575+00:00
8ab655ba-846c-42e2-9e79-fa670f1637ca,fUSD,0.00018108,2,1,2489.32600508,offer,2026-09-25T11:47:00.970575+00:00
8ab655ba-846c-42e2-9e79-fa670f1637ca,fUSD,0.000181986,2,1,1379.59,offer,2026-09-25T11:47:00.970575+00:00
8ab655ba-846c-42e2-9e79-fa670f1637ca,fUSD,0.0001835758723508496,2,1,919.80571971,offer,2026-09-25T11:47:00.970575+00:00
8ab655ba-846c-42e2-9e79-fa670f1637ca,fUSD,0.00018424,2,4,2002.45370976,offer,2026-09-25T11:47:00.970575+00:00
8ab655ba-846c-42e2-9e79-fa670f1637ca,fUSD,0.00018607,2,16,8478.8066863,offer,2026-09-25T11:47:00.970575+00:00
8ab655ba-846c-42e2-9e79-fa670f1637ca,fUSD,0.00018737392663089746,3,1,159.16,offer,2026-09-25T11:47:00.970575+00:00
8ab655ba-846c-42e2-9e79-fa670f1637ca,fUSD,0.00018753,2,2,6936.0,offer,2026-09-25T11:47:00.970575+00:00
8ab655ba-846c-42e2-9e79-fa670f1637ca,fUSD,0.0001875802,2,1,167.07,offer,2026-09-25T11:47:00.970575+00:00
8ab655ba-846c-42e2-9e79-fa670f1637ca,fUSD,0.000187781,2,1,150.0,offer,2026-09-25T11:47:00.970575+00:00
8ab655ba-846c-42e2-9e79-fa670f1637ca,fUSD,0.00018891,2,1,703.0,offer,2026-09-25T11:47:00.970575+00:00
8ab655ba-846c-42e2-9e79-fa670f1637ca,fUSD,0.00018954246575342466,2,1,673.7663322,offer,2026-09-25T11:47:00.970575+00:00
672f74cc-c6bb-4848-8274-65101fa48a0b,fUSD,0.000273972602739726,120,1,-3486725.8478068,demand,2026-09-25T12:47:00.955962+00:00
672f74cc-c6bb-4848-8274-65101fa48a0b,fUSD,0.0001712,120,1,-20000.0,demand,2026-09-25T12:47:00.955962+00:00
672f74cc-c6bb-4848-8274-65101fa48a0b,fUSD,0.00017111,120,1,-2000000.0,demand,2026-09-25T12:47:00.955962+00:00
672f74cc-c6bb-4848-8274-65101fa48a0b,fUSD,0.0001655,10,1,-299394.01,demand,2026-09-25T12:47:00.955962+00:00
672f74cc-c6bb-4848-8274-65101fa48a0b,fUSD,0.000161,120,1,-100000.0,demand,2026-09-25T12:47:00.955962+00:00
672f74cc-c6bb-4848-8274-65101fa48a0b,fUSD,0.000161,60,1,-18157.0,demand,2026-09-25T12:47:00.955962+00:00
672f74cc-c6bb-4848-8274-65101fa48a0b,fUSD,0.0001603,120,1,-20000.0,demand,2026-09-25T12:47:00.955962+00:00
672f74cc-c6bb-4848-8274-65101fa48a0b,fUSD,0.00016,120,2,-10009162.66122322,demand,2026-09-25T12:47:00.955962+00:00
672f74cc-c6bb-4848-8274-65101fa48a0b,fUSD,0.00016,30,3,-2800.0,demand,2026-09-25T12:47:00.955962+00:00
672f74cc-c6bb-4848-8274-65101fa48a0b,fUSD,0.00016,7,1,-3658.42,demand,2026-09-25T12:47:00.955962+00:00
672f74cc-c6bb-4848-8274-65101fa48a0b,fUSD,0.000151,5,5,-100000.0,demand,2026-09-25T12:47:00.955962+00:00
672f74cc-c6bb-4848-8274-65101fa48a0b,fUSD,0.0001503,90,1,-20000.0,demand,2026-09-25T12:47:00.955962+00:00
672f74cc-c6bb-4848-8274-65101fa48a0b,fUSD,0.00015,29,1,-149122.66199579,demand,2026-09-25T12:47:00.955962+00:00
672f74cc-c6bb-4848-8274-65101fa48a0b,fUSD,0.00015,7,1,-5741.16585247,demand,2026-09-25T12:47:00.955962+00:00
672f74cc-c6bb-4848-8274-65101fa48a0b,fUSD,0.00015,2,2,-7652415.41938656,demand,2026-09-25T12:47:00.955962+00:00
672f74cc-c6bb-4848-8274-65101fa48a0b,fUSD,0.00014252,120,1,-10770.76644364,demand,2026-09-25T12:47:00.955962+00:00
672f74cc-c6bb-4848-8274-65101fa48a0b,fUSD,0.0001413,2,3,-618.129008,demand,2026-09-25T12:47:00.955962+00:00
672f74cc-c6bb-4848-8274-65101fa48a0b,fUSD,0.000141,2,1,-98000.0,demand,2026-09-25T12:47:00.955962+00:00
672f74cc-c6bb-4848-8274-65101fa48a0b,fUSD,0.0001403,90,1,-20000.0,demand,2026-09-25T12:47:00.955962+00:00
672f74cc-c6bb-4848-8274-65101fa48a0b,fUSD,0.00013299999999999998,20,1,-4018.00283321,demand,2026-09-25T12:47:00.955962+00:00
672f74cc-c6bb-4848-8274-65101fa48a0b,fUSD,0.000131,13,1,-7000.0,demand,2026-09-25T12:47:00.955962+00:00
672f74cc-c6bb-4848-8274-65101fa48a0b,fUSD,0.0001300002,2,1,-650000.0,demand,2026-09-25T12:47:00.955962+00:00
672f74cc-c6bb-4848-8274-65101fa48a0b,fUSD,0.00012757,120,1,-100000.0,demand,2026-09-25T12:47:00.955962+00:00
672f74cc-c6bb-4848-8274-65101fa48a0b,fUSD,0.00012465378344237373,2,1,-3408.65251058,demand,2026-09-25T12:47:00.955962+00:00
672f74cc-c6bb-4848-8274-65101fa48a0b,fUSD,0.0001246453090230663,2,1,-3408.65251058,demand,2026-09-25T12:47:00.955962+00:00
672f74cc-c6bb-4848-8274-65101fa48a0b,fUSD,0.00015003,2,2,1232.40046249,offer,2026-09-25T12:47:00.955962+00:00
672f74cc-c6bb-4848-8274-65101fa48a0b,fUSD,0.00015008,2,1,563.07766055,offer,2026-09-25T12:47:00.955962+00:00
672f74cc-c6bb-4848-8274-65101fa48a0b,fUSD,0.000150135,2,1,250.0,offer,2026-09-25T12:47:00.955962+00:00
672f74cc-c6bb-4848-8274-65101fa48a0b,fUSD,0.00015024,2,1,209.4019886,offer,2026-09-25T12:47:00.955962+00:00
672f74cc-c6bb-4848-8274-65101fa48a0b,fUSD,0.000150798,2,1,2000.0,offer,2026-09-25T12:47:00.955962+00:00
672f74cc-c6bb-4848-8274-65101fa48a0b,fUSD,0.00015086930000000003,2,1,250.0,offer,2026-09-25T12:47:00.955962+00:00
672f74cc-c6bb-4848-8274-65101fa48a0b,fUSD,0.0001509667,2,1,158.25985326,offer,2026-09-25T12:47:00.955962+00:00
672f74cc-c6bb-4848-8274-65101fa48a0b,fUSD,0.0001512625,2,1,150.0,offer,2026-09-25T12:47:00.955962+00:00
672f74cc-c6bb-4848-8274-65101fa48a0b,fUSD,0.00015162,2,2,936.1,offer,2026-09-25T12:47:00.955962+00:00
672f74cc-c6bb-4848-8274-65101fa48a0b,fUSD,0.000151935,2,1,158.25985326,offer,2026-09-25T12:47:00.955962+00:00
672f74cc-c6bb-4848-8274-65101fa48a0b,fUSD,0.000152016,2,2,929.57,offer,2026-09-25T12:47:00.955962+00:00
672f74cc-c6bb-4848-8274-65101fa48a0b,fUSD,0.0001524073,2,1,3076.28,offer,2026-09-25T12:47:00.955962+00:00
672f74cc-c6bb-4848-8274-65101fa48a0b,fUSD,0.0001529033,2,1,158.25985326,offer,2026-09-25T12:47:00.955962+00:00
672f74cc-c6bb-4848-8274-65101fa48a0b,fUSD,0.00015312,2,1,150.0,offer,2026-09-25T12:47:00.955962+00:00
672f74cc-c6bb-4848-8274-65101fa48a0b,fUSD,0.0001536,2,1,786.1,offer,2026-09-25T12:47:00.955962+00:00
672f74cc-c6bb-4848-8274-65101fa48a0b,fUSD,0.0001549,2,1,13905.0,offer,2026-09-25T12:47:00.955962+00:00
672f74cc-c6bb-4848-8274-65101fa48a0b,fUSD,0.00015521,2,1,11917.0,offer,2026-09-25T12:47:00.955962+00:00
672f74cc-c6bb-4848-8274-65101fa48a0b,fUSD,0.00015552,2,1,5050.0,offer,2026-09-25T12:47:00.955962+00:00
672f74cc-c6bb-4848-8274-65101fa48a0b,fUSD,0.00015557,2,1,786.1,offer,2026-09-25T12:47:00.955962+00:00
672f74cc-c6bb-4848-8274-65101fa48a0b,fUSD,0.0001556,2,1,1453.0,offer,2026-09-25T12:47:00.955962+00:00
672f74cc-c6bb-4848-8274-65101fa48a0b,fUSD,0.0001557441,2,1,974.12569122,offer,2026-09-25T12:47:00.955962+00:00
672f74cc-c6bb-4848-8274-65101fa48a0b,fUSD,0.0001557447,2,1,312.36,offer,2026-09-25T12:47:00.955962+00:00
672f74cc-c6bb-4848-8274-65101fa48a0b,fUSD,0.00015583,2,1,18409.0,offer,2026-09-25T12:47:00.955962+00:00
672f74cc-c6bb-4848-8274-65101fa48a0b,fUSD,0.000155845,2,1,209.40198859,offer,2026-09-25T12:47:00.955962+00:00
672f74cc-c6bb-4848-8274-65101fa48a0b,fUSD,0.00015591,2,1,1131.0,offer,2026-09-25T12:47:00.955962+00:00
56da6d94-2d9b-484f-82ea-2170888cc40d,fUSD,0.000273972602739726,120,1,-3478029.3393828,demand,2026-09-25T13:47:01.182536+00:00
56da6d94-2d9b-484f-82ea-2170888cc40d,fUSD,0.0001712,120,1,-20000.0,demand,2026-09-25T13:47:01.182536+00:00
56da6d94-2d9b-484f-82ea-2170888cc40d,fUSD,0.00017111,120,1,-2000000.0,demand,2026-09-25T13:47:01.182536+00:00
56da6d94-2d9b-484f-82ea-2170888cc40d,fUSD,0.0001655,10,1,-299394.01,demand,2026-09-25T13:47:01.182536+00:00
56da6d94-2d9b-484f-82ea-2170888cc40d,fUSD,0.000161,120,1,-100000.0,demand,2026-09-25T13:47:01.182536+00:00
56da6d94-2d9b-484f-82ea-2170888cc40d,fUSD,0.000161,60,1,-18157.0,demand,2026-09-25T13:47:01.182536+00:00
56da6d94-2d9b-484f-82ea-2170888cc40d,fUSD,0.0001603,120,1,-20000.0,demand,2026-09-25T13:47:01.182536+00:00
56da6d94-2d9b-484f-82ea-2170888cc40d,fUSD,0.00016,120,2,-10009162.66122322,demand,2026-09-25T13:47:01.182536+00:00
56da6d94-2d9b-484f-82ea-2170888cc40d,fUSD,0.00016,30,3,-2800.0,demand,2026-09-25T13:47:01.182536+00:00
56da6d94-2d9b-484f-82ea-2170888cc40d,fUSD,0.00016,7,1,-3186.50589802,demand,2026-09-25T13:47:01.182536+00:00
56da6d94-2d9b-484f-82ea-2170888cc40d,fUSD,0.000151,5,5,-100000.0,demand,2026-09-25T13:47:01.182536+00:00
56da6d94-2d9b-484f-82ea-2170888cc40d,fUSD,0.0001503,90,1,-20000.0,demand,2026-09-25T13:47:01.182536+00:00
56da6d94-2d9b-484f-82ea-2170888cc40d,fUSD,0.00015,29,1,-149122.66199579,demand,2026-09-25T13:47:01.182536+00:00
56da6d94-2d9b-484f-82ea-2170888cc40d,fUSD,0.00015,7,1,-5741.16585247,demand,2026-09-25T13:47:01.182536+00:00
56da6d94-2d9b-484f-82ea-2170888cc40d,fUSD,0.00015,2,1,-3676442.98125537,demand,2026-09-25T13:47:01.182536+00:00
56da6d94-2d9b-484f-82ea-2170888cc40d,fUSD,0.00014252,120,1,-10770.76644364,demand,2026-09-25T13:47:01.182536+00:00
56da6d94-2d9b-484f-82ea-2170888cc40d,fUSD,0.0001413,2,3,-618.129008,demand,2026-09-25T13:47:01.182536+00:00
56da6d94-2d9b-484f-82ea-2170888cc40d,fUSD,0.000141,2,1,-98000.0,demand,2026-09-25T13:47:01.182536+00:00
56da6d94-2d9b-484f-82ea-2170888cc40d,fUSD,0.0001403,90,1,-20000.0,demand,2026-09-25T13:47:01.182536+00:00
56da6d94-2d9b-484f-82ea-2170888cc40d,fUSD,0.00013299999999999998,20,1,-4018.00283321,demand,2026-09-25T13:47:01.182536+00:00
56da6d94-2d9b-484f-82ea-2170888cc40d,fUSD,0.000131,13,1,-7000.0,demand,2026-09-25T13:47:01.182536+00:00
56da6d94-2d9b-484f-82ea-2170888cc40d,fUSD,0.0001300002,2,1,-650000.0,demand,2026-09-25T13:47:01.182536+00:00
56da6d94-2d9b-484f-82ea-2170888cc40d,fUSD,0.00012757,120,1,-100000.0,demand,2026-09-25T13:47:01.182536+00:00
56da6d94-2d9b-484f-82ea-2170888cc40d,fUSD,0.00012465297080302998,2,1,-3408.65251058,demand,2026-09-25T13:47:01.182536+00:00
56da6d94-2d9b-484f-82ea-2170888cc40d,fUSD,0.0001246462540655554,2,1,-3408.65251058,demand,2026-09-25T13:47:01.182536+00:00
56da6d94-2d9b-484f-82ea-2170888cc40d,fUSD,0.0001744009090909091,3,1,92.83348118,offer,2026-09-25T13:47:01.182536+00:00
56da6d94-2d9b-484f-82ea-2170888cc40d,fUSD,0.000176646177,2,1,206.67,offer,2026-09-25T13:47:01.182536+00:00
56da6d94-2d9b-484f-82ea-2170888cc40d,fUSD,0.000176823,2,1,214.18,offer,2026-09-25T13:47:01.182536+00:00
56da6d94-2d9b-484f-82ea-2170888cc40d,fUSD,0.000177,2,3,1568.16146305,offer,2026-09-25T13:47:01.182536+00:00
56da6d94-2d9b-484f-82ea-2170888cc40d,fUSD,0.0001782536842105263,3,1,212.0,offer,2026-09-25T13:47:01.182536+00:00
56da6d94-2d9b-484f-82ea-2170888cc40d,fUSD,0.00017866,2,1,285.0,offer,2026-09-25T13:47:01.182536+00:00
56da6d94-2d9b-484f-82ea-2170888cc40d,fUSD,0.00019238052631578945,3,1,212.0,offer,2026-09-25T13:47:01.182536+00:00
56da6d94-2d9b-484f-82ea-2170888cc40d,fUSD,0.00019470000000000002,2,1,217.29732833,offer,2026-09-25T13:47:01.182536+00:00
56da6d94-2d9b-484f-82ea-2170888cc40d,fUSD,0.00019808,2,1,7621.44634822,offer,2026-09-25T13:47:01.182536+00:00
56da6d94-2d9b-484f-82ea-2170888cc40d,fUSD,0.00019880181818181816,3,1,152.0,offer,2026-09-25T13:47:01.182536+00:00
56da6d94-2d9b-484f-82ea-2170888cc40d,fUSD,0.0001990657,2,1,334.62,offer,2026-09-25T13:47:01.182536+00:00
56da6d94-2d9b-484f-82ea-2170888cc40d,fUSD,0.000203482818,2,1,164.37,offer,2026-09-25T13:47:01.182536+00:00
56da6d94-2d9b-484f-82ea-2170888cc40d,fUSD,0.00020355,2,1,485.95,offer,2026-09-25T13:47:01.182536+00:00
56da6d94-2d9b-484f-82ea-2170888cc40d,fUSD,0.0002054295212958,2,1,524.6987769,offer,2026-09-25T13:47:01.182536+00:00
56da6d94-2d9b-484f-82ea-2170888cc40d,fUSD,0.00020650736842105262,3,1,212.0,offer,2026-09-25T13:47:01.182536+00:00
56da6d94-2d9b-484f-82ea-2170888cc40d,fUSD,0.00020755247436000002,2,1,150.0,offer,2026-09-25T13:47:01.182536+00:00
56da6d94-2d9b-484f-82ea-2170888cc40d,fUSD,0.00020779160000000002,2,1,215.28116334,offer,2026-09-25T13:47:01.182536+00:00
56da6d94-2d9b-484f-82ea-2170888cc40d,fUSD,0.00020779178082191781,2,1,150.0,offer,2026-09-25T13:47:01.182536+00:00
56da6d94-2d9b-484f-82ea-2170888cc40d,fUSD,0.0002078,2,8,4016.16307817,offer,2026-09-25T13:47:01.182536+00:00
56da6d94-2d9b-484f-82ea-2170888cc40d,fUSD,0.0002080959,2,1,150.0,offer,2026-09-25T13:47:01.182536+00:00
56da6d94-2d9b-484f-82ea-2170888cc40d,fUSD,0.0002082374,2,1,168.61,offer,2026-09-25T13:47:01.182536+00:00
56da6d94-2d9b-484f-82ea-2170888cc40d,fUSD,0.00020953,2,1,365.0,offer,2026-09-25T13:47:01.182536+00:00
56da6d94-2d9b-484f-82ea-2170888cc40d,fUSD,0.00020954282614084693,2,1,1729.94101748,offer,2026-09-25T13:47:01.182536+00:00
56da6d94-2d9b-484f-82ea-2170888cc40d,fUSD,0.00021078,2,1,2767.0,offer,2026-09-25T13:47:01.182536+00:00
56da6d94-2d9b-484f-82ea-2170888cc40d,fUSD,0.00021172428916000003,2,11,1661.0,offer,2026-09-25T13:47:01.182536+00:00
5c9c84e7-cd6b-46f9-9a2b-b80706a39256,fUSD,0.000273972602739726,120,1,-3458859.80167823,demand,2026-09-25T14:47:00.977483+00:00
5c9c84e7-cd6b-46f9-9a2b-b80706a39256,fUSD,0.0001712,120,1,-20000.0,demand,2026-09-25T14:47:00.977483+00:00
5c9c84e7-cd6b-46f9-9a2b-b80706a39256,fUSD,0.00017111,120,1,-2000000.0,demand,2026-09-25T14:47:00.977483+00:00
5c9c84e7-cd6b-46f9-9a2b-b80706a39256,fUSD,0.0001655,10,1,-299394.01,demand,2026-09-25T14:47:00.977483+00:00
5c9c84e7-cd6b-46f9-9a2b-b80706a39256,fUSD,0.000161,120,1,-100000.0,demand,2026-09-25T14:47:00.977483+00:00
5c9c84e7-cd6b-46f9-9a2b-b80706a39256,fUSD,0.000161,60,1,-18157.0,demand,2026-09-25T14:47:00.977483+00:00
5c9c84e7-cd6b-46f9-9a2b-b80706a39256,fUSD,0.0001603,120,1,-20000.0,demand,2026-09-25T14:47:00.977483+00:00
5c9c84e7-cd6b-46f9-9a2b-b80706a39256,fUSD,0.00016,120,2,-10009162.66122322,demand,2026-09-25T14:47:00.977483+00:00
5c9c84e7-cd6b-46f9-9a2b-b80706a39256,fUSD,0.00016,30,3,-2800.0,demand,2026-09-25T14:47:00.977483+00:00
5c9c84e7-cd6b-46f9-9a2b-b80706a39256,fUSD,0.00016,7,1,-2684.98921694,demand,2026-09-25T14:47:00.977483+00:00
5c9c84e7-cd6b-46f9-9a2b-b80706a39256,fUSD,0.000151,5,5,-100000.0,demand,2026-09-25T14:47:00.977483+00:00
5c9c84e7-cd6b-46f9-9a2b-b80706a39256,fUSD,0.0001503,90,1,-20000.0,demand,2026-09-25T14:47:00.977483+00:00
5c9c84e7-cd6b-46f9-9a2b-b80706a39256,fUSD,0.00015,29,1,-149122.66199579,demand,2026-09-25T14:47:00.977483+00:00
5c9c84e7-cd6b-46f9-9a2b-b80706a39256,fUSD,0.00015,7,1,-5741.16585247,demand,2026-09-25T14:47:00.977483+00:00
5c9c84e7-cd6b-46f9-9a2b-b80706a39256,fUSD,0.00015,2,1,-3676265.65125537,demand,2026-09-25T14:47:00.977483+00:00
5c9c84e7-cd6b-46f9-9a2b-b80706a39256,fUSD,0.00014252,120,1,-10770.76644364,demand,2026-09-25T14:47:00.977483+00:00
5c9c84e7-cd6b-46f9-9a2b-b80706a39256,fUSD,0.0001413,2,3,-618.129008,demand,2026-09-25T14:47:00.977483+00:00
5c9c84e7-cd6b-46f9-9a2b-b80706a39256,fUSD,0.000141,2,1,-98000.0,demand,2026-09-25T14:47:00.977483+00:00
5c9c84e7-cd6b-46f9-9a2b-b80706a39256,fUSD,0.0001403,90,1,-20000.0,demand,2026-09-25T14:47:00.977483+00:00
5c9c84e7-cd6b-46f9-9a2b-b80706a39256,fUSD,0.00013299999999999998,20,1,-4018.00283321,demand,2026-09-25T14:47:00.977483+00:00
5c9c84e7-cd6b-46f9-9a2b-b80706a39256,fUSD,0.000131,13,1,-7000.0,demand,2026-09-25T14:47:00.977483+00:00
5c9c84e7-cd6b-46f9-9a2b-b80706a39256,fUSD,0.0001300002,2,1,-650000.0,demand,2026-09-25T14:47:00.977483+00:00
5c9c84e7-cd6b-46f9-9a2b-b80706a39256,fUSD,0.00012757,120,1,-100000.0,demand,2026-09-25T14:47:00.977483+00:00
5c9c84e7-cd6b-46f9-9a2b-b80706a39256,fUSD,0.00012465297080302998,2,1,-3408.65251058,demand,2026-09-25T14:47:00.977483+00:00
5c9c84e7-cd6b-46f9-9a2b-b80706a39256,fUSD,0.0001246462540655554,2,1,-3408.65251058,demand,2026-09-25T14:47:00.977483+00:00
5c9c84e7-cd6b-46f9-9a2b-b80706a39256,fUSD,0.000153,2,1,437.42854152,offer,2026-09-25T14:47:00.977483+00:00
5c9c84e7-cd6b-46f9-9a2b-b80706a39256,fUSD,0.00016,2,1,51161.57650654,offer,2026-09-25T14:47:00.977483+00:00
5c9c84e7-cd6b-46f9-9a2b-b80706a39256,fUSD,0.00018,2,1,15339.64479397,offer,2026-09-25T14:47:00.977483+00:00
5c9c84e7-cd6b-46f9-9a2b-b80706a39256,fUSD,0.00018737392663089746,3,1,158.27,offer,2026-09-25T14:47:00.977483+00:00
5c9c84e7-cd6b-46f9-9a2b-b80706a39256,fUSD,0.00019343696331544874,2,1,347.7125173,offer,2026-09-25T14:47:00.977483+00:00
5c9c84e7-cd6b-46f9-9a2b-b80706a39256,fUSD,0.0001995,15,1,64447.33692659,offer,2026-09-25T14:47:00.977483+00:00
5c9c84e7-cd6b-46f9-9a2b-b80706a39256,fUSD,0.0002,2,1,1934.46379268,offer,2026-09-25T14:47:00.977483+00:00
5c9c84e7-cd6b-46f9-9a2b-b80706a39256,fUSD,0.00020249362415819967,3,1,158.27,offer,2026-09-25T14:47:00.977483+00:00
5c9c84e7-cd6b-46f9-9a2b-b80706a39256,fUSD,0.00021585,2,1,185.0,offer,2026-09-25T14:47:00.977483+00:00
5c9c84e7-cd6b-46f9-9a2b-b80706a39256,fUSD,0.00021761332168550188,3,1,158.27,offer,2026-09-25T14:47:00.977483+00:00
5c9c84e7-cd6b-46f9-9a2b-b80706a39256,fUSD,0.00022644,2,15,7496.87008699,offer,2026-09-25T14:47:00.977483+00:00
5c9c84e7-cd6b-46f9-9a2b-b80706a39256,fUSD,0.000228,2,1,308.26,offer,2026-09-25T14:47:00.977483+00:00
5c9c84e7-cd6b-46f9-9a2b-b80706a39256,fUSD,0.00022916970907983604,2,1,1037.73971386,offer,2026-09-25T14:47:00.977483+00:00
5c9c84e7-cd6b-46f9-9a2b-b80706a39256,fUSD,0.00023,2,4,916.653402,offer,2026-09-25T14:47:00.977483+00:00
5c9c84e7-cd6b-46f9-9a2b-b80706a39256,fUSD,0.0002311493,2,1,331.89,offer,2026-09-25T14:47:00.977483+00:00
5c9c84e7-cd6b-46f9-9a2b-b80706a39256,fUSD,0.0002312122,2,1,200.0,offer,2026-09-25T14:47:00.977483+00:00
5c9c84e7-cd6b-46f9-9a2b-b80706a39256,fUSD,0.00023157599999999997,2,1,184.96261951,offer,2026-09-25T14:47:00.977483+00:00
5c9c84e7-cd6b-46f9-9a2b-b80706a39256,fUSD,0.00023158,2,1,165.7,offer,2026-09-25T14:47:00.977483+00:00
5c9c84e7-cd6b-46f9-9a2b-b80706a39256,fUSD,0.0002322364,2,1,1305.9,offer,2026-09-25T14:47:00.977483+00:00
5c9c84e7-cd6b-46f9-9a2b-b80706a39256,fUSD,0.00023273301921280406,3,1,158.27,offer,2026-09-25T14:47:00.977483+00:00
5c9c84e7-cd6b-46f9-9a2b-b80706a39256,fUSD,0.00023365364042129966,2,4,1747.53634288,offer,2026-09-25T14:47:00.977483+00:00
5c9c84e7-cd6b-46f9-9a2b-b80706a39256,fUSD,0.0002361142,2,1,613.66,offer,2026-09-25T14:47:00.977483+00:00
5c9c84e7-cd6b-46f9-9a2b-b80706a39256,fUSD,0.0002362056,2,1,168.18,offer,2026-09-25T14:47:00.977483+00:00
5c9c84e7-cd6b-46f9-9a2b-b80706a39256,fUSD,0.0002369612,2,1,150.0,offer,2026-09-25T14:47:00.977483+00:00
5c9c84e7-cd6b-46f9-9a2b-b80706a39256,fUSD,0.0002375,2,2,1401.34547825,offer,2026-09-25T14:47:00.977483+00:00
f20d1255-3ee2-4e51-a333-1cd07ee80faa,fUSD,0.000273972602739726,120,1,-3452277.75887197,demand,2026-09-25T15:47:00.999998+00:00
f20d1255-3ee2-4e51-a333-1cd07ee80faa,fUSD,0.00018,7,1,-2000.0,demand,2026-09-25T15:47:00.999998+00:00
f20d1255-3ee2-4e51-a333-1cd07ee80faa,fUSD,0.0001712,120,1,-20000.0,demand,2026-09-25T15:47:00.999998+00:00
f20d1255-3ee2-4e51-a333-1cd07ee80faa,fUSD,0.00017111,120,1,-2000000.0,demand,2026-09-25T15:47:00.999998+00:00
f20d1255-3ee2-4e51-a333-1cd07ee80faa,fUSD,0.0001655,10,1,-299394.01,demand,2026-09-25T15:47:00.999998+00:00
f20d1255-3ee2-4e51-a333-1cd07ee80faa,fUSD,0.000161,120,1,-100000.0,demand,2026-09-25T15:47:00.999998+00:00
f20d1255-3ee2-4e51-a333-1cd07ee80faa,fUSD,0.000161,60,1,-18157.0,demand,2026-09-25T15:47:00.999998+00:00
f20d1255-3ee2-4e51-a333-1cd07ee80faa,fUSD,0.0001603,120,1,-20000.0,demand,2026-09-25T15:47:00.999998+00:00
f20d1255-3ee2-4e51-a333-1cd07ee80faa,fUSD,0.00016,120,2,-10009162.66122322,demand,2026-09-25T15:47:00.999998+00:00
f20d1255-3ee2-4e51-a333-1cd07ee80faa,fUSD,0.00016,30,3,-2800.0,demand,2026-09-25T15:47:00.999998+00:00
f20d1255-3ee2-4e51-a333-1cd07ee80faa,fUSD,0.00016,7,1,-2684.98921694,demand,2026-09-25T15:47:00.999998+00:00
f20d1255-3ee2-4e51-a333-1cd07ee80faa,fUSD,0.000151,5,5,-100000.0,demand,2026-09-25T15:47:00.999998+00:00
f20d1255-3ee2-4e51-a333-1cd07ee80faa,fUSD,0.0001503,90,1,-20000.0,demand,2026-09-25T15:47:00.999998+00:00
f20d1255-3ee2-4e51-a333-1cd07ee80faa,fUSD,0.00015001,2,34,-340000.0,demand,2026-09-25T15:47:00.999998+00:00
f20d1255-3ee2-4e51-a333-1cd07ee80faa,fUSD,0.00015,29,1,-149122.66199579,demand,2026-09-25T15:47:00.999998+00:00
f20d1255-3ee2-4e51-a333-1cd07ee80faa,fUSD,0.00015,7,1,-5741.16585247,demand,2026-09-25T15:47:00.999998+00:00
f20d1255-3ee2-4e51-a333-1cd07ee80faa,fUSD,0.00015,2,1,-3675083.07125537,demand,2026-09-25T15:47:00.999998+00:00
f20d1255-3ee2-4e51-a333-1cd07ee80faa,fUSD,0.00014252,120,1,-10770.76644364,demand,2026-09-25T15:47:00.999998+00:00
f20d1255-3ee2-4e51-a333-1cd07ee80faa,fUSD,0.0001413,2,3,-618.129008,demand,2026-09-25T15:47:00.999998+00:00
f20d1255-3ee2-4e51-a333-1cd07ee80faa,fUSD,0.000141,2,1,-98000.0,demand,2026-09-25T15:47:00.999998+00:00
f20d1255-3ee2-4e51-a333-1cd07ee80faa,fUSD,0.0001403,90,1,-20000.0,demand,2026-09-25T15:47:00.999998+00:00
f20d1255-3ee2-4e51-a333-1cd07ee80faa,fUSD,0.00013299999999999998,20,1,-4018.00283321,demand,2026-09-25T15:47:00.999998+00:00
f20d1255-3ee2-4e51-a333-1cd07ee80faa,fUSD,0.000131,13,1,-7000.0,demand,2026-09-25T15:47:00.999998+00:00
f20d1255-3ee2-4e51-a333-1cd07ee80faa,fUSD,0.0001300002,2,1,-650000.0,demand,2026-09-25T15:47:00.999998+00:00
f20d1255-3ee2-4e51-a333-1cd07ee80faa,fUSD,0.00012757,120,1,-100000.0,demand,2026-09-25T15:47:00.999998+00:00
f20d1255-3ee2-4e51-a333-1cd07ee80faa,fUSD,0.000153,2,1,267.49020567,offer,2026-09-25T15:47:00.999998+00:00
f20d1255-3ee2-4e51-a333-1cd07ee80faa,fUSD,0.0001862859,2,1,313.34,offer,2026-09-25T15:47:00.999998+00:00
f20d1255-3ee2-4e51-a333-1cd07ee80faa,fUSD,0.00019244,3,1,199.0,offer,2026-09-25T15:47:00.999998+00:00
f20d1255-3ee2-4e51-a333-1cd07ee80faa,fUSD,0.0001942652055,2,1,321.41903418,offer,2026-09-25T15:47:00.999998+00:00
f20d1255-3ee2-4e51-a333-1cd07ee80faa,fUSD,0.000196090411,7,1,10313.56320217,offer,2026-09-25T15:47:00.999998+00:00
f20d1255-3ee2-4e51-a333-1cd07ee80faa,fUSD,0.0001962888,7,1,258.19492008,offer,2026-09-25T15:47:00.999998+00:00
f20d1255-3ee2-4e51-a333-1cd07ee80faa,fUSD,0.0001983174,2,1,313.34,offer,2026-09-25T15:47:00.999998+00:00
f20d1255-3ee2-4e51-a333-1cd07ee80faa,fUSD,0.0002010984,2,1,313.34,offer,2026-09-25T15:47:00.999998+00:00
f20d1255-3ee2-4e51-a333-1cd07ee80faa,fUSD,0.0002030144,2,1,313.34,offer,2026-09-25T15:47:00.999998+00:00
f20d1255-3ee2-4e51-a333-1cd07ee80faa,fUSD,0.0002045222,2,1,313.34,offer,2026-09-25T15:47:00.999998+00:00
f20d1255-3ee2-4e51-a333-1cd07ee80faa,fUSD,0.0002057848,2,1,313.34,offer,2026-09-25T15:47:00.999998+00:00
f20d1255-3ee2-4e51-a333-1cd07ee80faa,fUSD,0.000206881,2,1,313.34,offer,2026-09-25T15:47:00.999998+00:00
f20d1255-3ee2-4e51-a333-1cd07ee80faa,fUSD,0.00020694,2,1,838.0,offer,2026-09-25T15:47:00.999998+00:00
f20d1255-3ee2-4e51-a333-1cd07ee80faa,fUSD,0.0002078352,7,1,172.12994672,offer,2026-09-25T15:47:00.999998+00:00
f20d1255-3ee2-4e51-a333-1cd07ee80faa,fUSD,0.0002078558,2,1,313.34,offer,2026-09-25T15:47:00.999998+00:00
f20d1255-3ee2-4e51-a333-1cd07ee80faa,fUSD,0.00021315,2,1,419.0,offer,2026-09-25T15:47:00.999998+00:00
f20d1255-3ee2-4e51-a333-1cd07ee80faa,fUSD,0.00021413,2,1,426.50625641,offer,2026-09-25T15:47:00.999998+00:00
f20d1255-3ee2-4e51-a333-1cd07ee80faa,fUSD,0.00021553280000000002,14,3,786.88324456,offer,2026-09-25T15:47:00.999998+00:00
f20d1255-3ee2-4e51-a333-1cd07ee80faa,fUSD,0.0002158,2,1,400.0,offer,2026-09-25T15:47:00.999998+00:00
f20d1255-3ee2-4e51-a333-1cd07ee80faa,fUSD,0.00021581,2,1,150.0,offer,2026-09-25T15:47:00.999998+00:00
f20d1255-3ee2-4e51-a333-1cd07ee80faa,fUSD,0.00022027,2,1,169.83,offer,2026-09-25T15:47:00.999998+00:00
f20d1255-3ee2-4e51-a333-1cd07ee80faa,fUSD,0.000221,5,1,5528.0,offer,2026-09-25T15:47:00.999998+00:00
f20d1255-3ee2-4e51-a333-1cd07ee80faa,fUSD,0.00022154,2,1,944.0,offer,2026-09-25T15:47:00.999998+00:00
f20d1255-3ee2-4e51-a333-1cd07ee80faa,fUSD,0.0002230262,2,1,306.25,offer,2026-09-25T15:47:00.999998+00:00
f20d1255-3ee2-4e51-a333-1cd07ee80faa,fUSD,0.0002231233,3,1,154.95,offer,2026-09-25T15:47:00.999998+00:00
de9f4d11-e28b-4487-bac6-61cc212cc207,fUSD,0.000273972602739726,120,1,-3417271.75573097,demand,2026-09-25T16:47:01.029046+00:00
de9f4d11-e28b-4487-bac6-61cc212cc207,fUSD,0.0001712,120,1,-20000.0,demand,2026-09-25T16:47:01.029046+00:00
de9f4d11-e28b-4487-bac6-61cc212cc207,fUSD,0.00017111,120,1,-2000000.0,demand,2026-09-25T16:47:01.029046+00:00
de9f4d11-e28b-4487-bac6-61cc212cc207,fUSD,0.0001655,10,1,-289261.81140341,demand,2026-09-25T16:47:01.029046+00:00
de9f4d11-e28b-4487-bac6-61cc212cc207,fUSD,0.000161,120,1,-100000.0,demand,2026-09-25T16:47:01.029046+00:00
de9f4d11-e28b-4487-bac6-61cc212cc207,fUSD,0.000161,60,1,-18157.0,demand,2026-09-25T16:47:01.029046+00:00
de9f4d11-e28b-4487-bac6-61cc212cc207,fUSD,0.0001603,120,1,-20000.0,demand,2026-09-25T16:47:01.029046+00:00
de9f4d11-e28b-4487-bac6-61cc212cc207,fUSD,0.00016,120,2,-10009162.66122322,demand,2026-09-25T16:47:01.029046+00:00
de9f4d11-e28b-4487-bac6-61cc212cc207,fUSD,0.00016,30,3,-2800.0,demand,2026-09-25T16:47:01.029046+00:00
de9f4d11-e28b-4487-bac6-61cc212cc207,fUSD,0.00016,7,1,-5000.0,demand,2026-09-25T16:47:01.029046+00:00
de9f4d11-e28b-4487-bac6-61cc212cc207,fUSD,0.000151,5,5,-98945.18162961,demand,2026-09-25T16:47:01.029046+00:00
de9f4d11-e28b-4487-bac6-61cc212cc207,fUSD,0.0001503,90,1,-20000.0,demand,2026-09-25T16:47:01.029046+00:00
de9f4d11-e28b-4487-bac6-61cc212cc207,fUSD,0.00015,29,1,-149122.66199579,demand,2026-09-25T16:47:01.029046+00:00
de9f4d11-e28b-4487-bac6-61cc212cc207,fUSD,0.00015,7,1,-5741.16585247,demand,2026-09-25T16:47:01.029046+00:00
de9f4d11-e28b-4487-bac6-61cc212cc207,fUSD,0.00014252,120,1,-10770.76644364,demand,2026-09-25T16:47:01.029046+00:00
de9f4d11-e28b-4487-bac6-61cc212cc207,fUSD,0.000141,2,1,-86869.47377426,demand,2026-09-25T16:47:01.029046+00:00
de9f4d11-e28b-4487-bac6-61cc212cc207,fUSD,0.0001403,90,1,-20000.0,demand,2026-09-25T16:47:01.029046+00:00
de9f4d11-e28b-4487-bac6-61cc212cc207,fUSD,0.00013299999999999998,20,1,-4018.00283321,demand,2026-09-25T16:47:01.029046+00:00
de9f4d11-e28b-4487-bac6-61cc212cc207,fUSD,0.000131,13,1,-7000.0,demand,2026-09-25T16:47:01.029046+00:00
de9f4d11-e28b-4487-bac6-61cc212cc207,fUSD,0.0001300002,2,1,-650000.0,demand,2026-09-25T16:47:01.029046+00:00
de9f4d11-e28b-4487-bac6-61cc212cc207,fUSD,0.00012757,120,1,-100000.0,demand,2026-09-25T16:47:01.029046+00:00
de9f4d11-e28b-4487-bac6-61cc212cc207,fUSD,0.00012464636440619384,2,1,-3408.65251058,demand,2026-09-25T16:47:01.029046+00:00
de9f4d11-e28b-4487-bac6-61cc212cc207,fUSD,0.00012464470905404793,2,1,-3408.65251058,demand,2026-09-25T16:47:01.029046+00:00
de9f4d11-e28b-4487-bac6-61cc212cc207,fUSD,0.00012464461856076354,2,1,-3408.65251058,demand,2026-09-25T16:47:01.029046+00:00
de9f4d11-e28b-4487-bac6-61cc212cc207,fUSD,0.0001246282966474513,2,1,-3408.65251058,demand,2026-09-25T16:47:01.029046+00:00
de9f4d11-e28b-4487-bac6-61cc212cc207,fUSD,0.00015,2,1,411892.96262151,offer,2026-09-25T16:47:01.029046+00:00
de9f4d11-e28b-4487-bac6-61cc212cc207,fUSD,0.0001517035,2,1,303.2,offer,2026-09-25T16:47:01.029046+00:00
de9f4d11-e28b-4487-bac6-61cc212cc207,fUSD,0.000153,2,1,264.51305778,offer,2026-09-25T16:47:01.029046+00:00
de9f4d11-e28b-4487-bac6-61cc212cc207,fUSD,0.0001538309,2,1,303.2,offer,2026-09-25T16:47:01.029046+00:00
de9f4d11-e28b-4487-bac6-61cc212cc207,fUSD,0.0001552965,2,1,303.2,offer,2026-09-25T16:47:01.029046+00:00
de9f4d11-e28b-4487-bac6-61cc212cc207,fUSD,0.0001564499,2,1,303.2,offer,2026-09-25T16:47:01.029046+00:00
de9f4d11-e28b-4487-bac6-61cc212cc207,fUSD,0.0001574158,2,1,303.2,offer,2026-09-25T16:47:01.029046+00:00
de9f4d11-e28b-4487-bac6-61cc212cc207,fUSD,0.0001582543,2,1,303.2,offer,2026-09-25T16:47:01.029046+00:00
de9f4d11-e28b-4487-bac6-61cc212cc207,fUSD,0.000159,2,1,303.2,offer,2026-09-25T16:47:01.029046+00:00
de9f4d11-e28b-4487-bac6-61cc212cc207,fUSD,0.000161,2,2,1519.3,offer,2026-09-25T16:47:01.029046+00:00
de9f4d11-e28b-4487-bac6-61cc212cc207,fUSD,0.000161,7,1,1012.87,offer,2026-09-25T16:47:01.029046+00:00
de9f4d11-e28b-4487-bac6-61cc212cc207,fUSD,0.00016124,2,1,255.0,offer,2026-09-25T16:47:01.029046+00:00
de9f4d11-e28b-4487-bac6-61cc212cc207,fUSD,0.0001626,2,1,187.0,offer,2026-09-25T16:47:01.029046+00:00
de9f4d11-e28b-4487-bac6-61cc212cc207,fUSD,0.0001634444,2,1,1228.47097847,offer,2026-09-25T16:47:01.029046+00:00
de9f4d11-e28b-4487-bac6-61cc212cc207,fUSD,0.00016421,2,1,187.0,offer,2026-09-25T16:47:01.029046+00:00
de9f4d11-e28b-4487-bac6-61cc212cc207,fUSD,0.00016499,2,1,4254.0,offer,2026-09-25T16:47:01.029046+00:00
de9f4d11-e28b-4487-bac6-61cc212cc207,fUSD,0.00016582,2,1,187.0,offer,2026-09-25T16:47:01.029046+00:00
de9f4d11-e28b-4487-bac6-61cc212cc207,fUSD,0.00016743,2,1,187.0,offer,2026-09-25T16:47:01.029046+00:00
de9f4d11-e28b-4487-bac6-61cc212cc207,fUSD,0.00016904,2,1,187.0,offer,2026-09-25T16:47:01.029046+00:00
de9f4d11-e28b-4487-bac6-61cc212cc207,fUSD,0.00017065,2,1,187.0,offer,2026-09-25T16:47:01.029046+00:00
de9f4d11-e28b-4487-bac6-61cc212cc207,fUSD,0.00017226,2,1,187.0,offer,2026-09-25T16:47:01.029046+00:00
de9f4d11-e28b-4487-bac6-61cc212cc207,fUSD,0.00017339,2,1,433.0,offer,2026-09-25T16:47:01.029046+00:00
de9f4d11-e28b-4487-bac6-61cc212cc207,fUSD,0.00017387,2,1,187.0,offer,2026-09-25T16:47:01.029046+00:00
de9f4d11-e28b-4487-bac6-61cc212cc207,fUSD,0.00017428,2,1,5710.0,offer,2026-09-25T16:47:01.029046+00:00
de9f4d11-e28b-4487-bac6-61cc212cc207,fUSD,0.00017548,2,1,187.0,offer,2026-09-25T16:47:01.029046+00:00
4accf0f3-96b8-4a7c-b9a8-ae32903b4c91,fUSD,0.000273972602739726,120,1,-3411498.81955375,demand,2026-09-25T17:47:00.944225+00:00
4accf0f3-96b8-4a7c-b9a8-ae32903b4c91,fUSD,0.0001712,120,1,-20000.0,demand,2026-09-25T17:47:00.944225+00:00
4accf0f3-96b8-4a7c-b9a8-ae32903b4c91,fUSD,0.00017111,120,1,-2000000.0,demand,2026-09-25T17:47:00.944225+00:00
4accf0f3-96b8-4a7c-b9a8-ae32903b4c91,fUSD,0.0001655,10,1,-289261.81140341,demand,2026-09-25T17:47:00.944225+00:00
4accf0f3-96b8-4a7c-b9a8-ae32903b4c91,fUSD,0.000161,120,1,-100000.0,demand,2026-09-25T17:47:00.944225+00:00
4accf0f3-96b8-4a7c-b9a8-ae32903b4c91,fUSD,0.000161,60,1,-18157.0,demand,2026-09-25T17:47:00.944225+00:00
4accf0f3-96b8-4a7c-b9a8-ae32903b4c91,fUSD,0.0001603,120,1,-20000.0,demand,2026-09-25T17:47:00.944225+00:00
4accf0f3-96b8-4a7c-b9a8-ae32903b4c91,fUSD,0.00016,120,2,-10009162.66122322,demand,2026-09-25T17:47:00.944225+00:00
4accf0f3-96b8-4a7c-b9a8-ae32903b4c91,fUSD,0.00016,30,3,-2800.0,demand,2026-09-25T17:47:00.944225+00:00
4accf0f3-96b8-4a7c-b9a8-ae32903b4c91,fUSD,0.00016,7,1,-2610.03467665,demand,2026-09-25T17:47:00.944225+00:00
4accf0f3-96b8-4a7c-b9a8-ae32903b4c91,fUSD,0.000151,5,5,-100000.0,demand,2026-09-25T17:47:00.944225+00:00
4accf0f3-96b8-4a7c-b9a8-ae32903b4c91,fUSD,0.0001503,90,1,-20000.0,demand,2026-09-25T17:47:00.944225+00:00
4accf0f3-96b8-4a7c-b9a8-ae32903b4c91,fUSD,0.00015,29,1,-149122.66199579,demand,2026-09-25T17:47:00.944225+00:00
4accf0f3-96b8-4a7c-b9a8-ae32903b4c91,fUSD,0.00015,7,1,-5741.16585247,demand,2026-09-25T17:47:00.944225+00:00
4accf0f3-96b8-4a7c-b9a8-ae32903b4c91,fUSD,0.00014252,120,1,-10770.76644364,demand,2026-09-25T17:47:00.944225+00:00
4accf0f3-96b8-4a7c-b9a8-ae32903b4c91,fUSD,0.000141,2,1,-83769.8889055,demand,2026-09-25T17:47:00.944225+00:00
4accf0f3-96b8-4a7c-b9a8-ae32903b4c91,fUSD,0.0001403,90,1,-20000.0,demand,2026-09-25T17:47:00.944225+00:00
4accf0f3-96b8-4a7c-b9a8-ae32903b4c91,fUSD,0.00013299999999999998,20,1,-4018.00283321,demand,2026-09-25T17:47:00.944225+00:00
4accf0f3-96b8-4a7c-b9a8-ae32903b4c91,fUSD,0.000131,13,1,-7000.0,demand,2026-09-25T17:47:00.944225+00:00
4accf0f3-96b8-4a7c-b9a8-ae32903b4c91,fUSD,0.0001300002,2,1,-650000.0,demand,2026-09-25T17:47:00.944225+00:00
4accf0f3-96b8-4a7c-b9a8-ae32903b4c91,fUSD,0.00012757,120,1,-100000.0,demand,2026-09-25T17:47:00.944225+00:00
4accf0f3-96b8-4a7c-b9a8-ae32903b4c91,fUSD,0.00012464334829784314,2,1,-3408.65251058,demand,2026-09-25T17:47:00.944225+00:00
4accf0f3-96b8-4a7c-b9a8-ae32903b4c91,fUSD,0.00012463845011798753,2,1,-3408.65251058,demand,2026-09-25T17:47:00.944225+00:00
4accf0f3-96b8-4a7c-b9a8-ae32903b4c91,fUSD,0.00012463368334092066,2,1,-3408.65251058,demand,2026-09-25T17:47:00.944225+00:00
4accf0f3-96b8-4a7c-b9a8-ae32903b4c91,fUSD,0.00012462113326093335,2,1,-3408.65251058,demand,2026-09-25T17:47:00.944225+00:00
4accf0f3-96b8-4a7c-b9a8-ae32903b4c91,fUSD,0.0001425,2,1,105.02075207,offer,2026-09-25T17:47:00.944225+00:00
4accf0f3-96b8-4a7c-b9a8-ae32903b4c91,fUSD,0.00014624499999999998,2,1,600.0,offer,2026-09-25T17:47:00.944225+00:00
4accf0f3-96b8-4a7c-b9a8-ae32903b4c91,fUSD,0.00014999,2,7,26951.00675728,offer,2026-09-25T17:47:00.944225+00:00
4accf0f3-96b8-4a7c-b9a8-ae32903b4c91,fUSD,0.00014999001,2,1,666.0,offer,2026-09-25T17:47:00.944225+00:00
4accf0f3-96b8-4a7c-b9a8-ae32903b4c91,fUSD,0.00015,2,2,4088341.15799903,offer,2026-09-25T17:47:00.944225+00:00
4accf0f3-96b8-4a7c-b9a8-ae32903b4c91,fUSD,0.00015,3,2,328.0,offer,2026-09-25T17:47:00.944225+00:00
4accf0f3-96b8-4a7c-b9a8-ae32903b4c91,fUSD,0.00015675000000000002,2,1,600.0,offer,2026-09-25T17:47:00.944225+00:00
4accf0f3-96b8-4a7c-b9a8-ae32903b4c91,fUSD,0.000159,2,1,365.17,offer,2026-09-25T17:47:00.944225+00:00
4accf0f3-96b8-4a7c-b9a8-ae32903b4c91,fUSD,0.00016039052400000002,2,1,170.866784,offer,2026-09-25T17:47:00.944225+00:00
4accf0f3-96b8-4a7c-b9a8-ae32903b4c91,fUSD,0.00016412684210526316,3,1,171.0,offer,2026-09-25T17:47:00.944225+00:00
4accf0f3-96b8-4a7c-b9a8-ae32903b4c91,fUSD,0.00017078104800000003,7,2,446.36296397,offer,2026-09-25T17:47:00.944225+00:00
4accf0f3-96b8-4a7c-b9a8-ae32903b4c91,fUSD,0.0001782536842105263,3,1,171.0,offer,2026-09-25T17:47:00.944225+00:00
4accf0f3-96b8-4a7c-b9a8-ae32903b4c91,fUSD,0.00018082699200000003,7,1,176.23011286,offer,2026-09-25T17:47:00.944225+00:00
4accf0f3-96b8-4a7c-b9a8-ae32903b4c91,fUSD,0.00018752428800000004,14,1,293.71685478,offer,2026-09-25T17:47:00.944225+00:00
4accf0f3-96b8-4a7c-b9a8-ae32903b4c91,fUSD,0.0001879711344,2,1,157.69,offer,2026-09-25T17:47:00.944225+00:00
4accf0f3-96b8-4a7c-b9a8-ae32903b4c91,fUSD,0.00019238052631578945,3,1,171.0,offer,2026-09-25T17:47:00.944225+00:00
4accf0f3-96b8-4a7c-b9a8-ae32903b4c91,fUSD,0.00019775342465753424,2,3,558.38966531,offer,2026-09-25T17:47:00.944225+00:00
4accf0f3-96b8-4a7c-b9a8-ae32903b4c91,fUSD,0.000198,2,2,10030.21,offer,2026-09-25T17:47:00.944225+00:00
4accf0f3-96b8-4a7c-b9a8-ae32903b4c91,fUSD,0.000198,7,2,7674.4,offer,2026-09-25T17:47:00.944225+00:00
4accf0f3-96b8-4a7c-b9a8-ae32903b4c91,fUSD,0.0002008428,2,1,1331.24,offer,2026-09-25T17:47:00.944225+00:00
4accf0f3-96b8-4a7c-b9a8-ae32903b4c91,fUSD,0.00020368199999999998,3,1,157.0,offer,2026-09-25T17:47:00.944225+00:00
4accf0f3-96b8-4a7c-b9a8-ae32903b4c91,fUSD,0.00020619883872761543,7,1,1714.28,offer,2026-09-25T17:47:00.944225+00:00
4accf0f3-96b8-4a7c-b9a8-ae32903b4c91,fUSD,0.00020650736842105262,3,1,171.0,offer,2026-09-25T17:47:00.944225+00:00
4accf0f3-96b8-4a7c-b9a8-ae32903b4c91,fUSD,0.00020873972602739724,2,1,150.0,offer,2026-09-25T17:47:00.944225+00:00
4accf0f3-96b8-4a7c-b9a8-ae32903b4c91,fUSD,0.0002093075,2,1,166.3,offer,2026-09-25T17:47:00.944225+00:00
1b6648a1-0239-40d6-8e53-982b23662fc8,fUSD,0.000273972602739726,120,1,-3410924.77955375,demand,2026-09-25T18:47:00.978525+00:00
1b6648a1-0239-40d6-8e53-982b23662fc8,fUSD,0.0001712,120,1,-20000.0,demand,2026-09-25T18:47:00.978525+00:00
1b6648a1-0239-40d6-8e53-982b23662fc8,fUSD,0.00017111,120,1,-2000000.0,demand,2026-09-25T18:47:00.978525+00:00
1b6648a1-0239-40d6-8e53-982b23662fc8,fUSD,0.0001655,10,1,-273362.51140341,demand,2026-09-25T18:47:00.978525+00:00
1b6648a1-0239-40d6-8e53-982b23662fc8,fUSD,0.000161,120,1,-100000.0,demand,2026-09-25T18:47:00.978525+00:00
1b6648a1-0239-40d6-8e53-982b23662fc8,fUSD,0.000161,60,1,-18157.0,demand,2026-09-25T18:47:00.978525+00:00
1b6648a1-0239-40d6-8e53-982b23662fc8,fUSD,0.0001603,120,1,-20000.0,demand,2026-09-25T18:47:00.978525+00:00
1b6648a1-0239-40d6-8e53-982b23662fc8,fUSD,0.00016,120,2,-10009162.66122322,demand,2026-09-25T18:47:00.978525+00:00
1b6648a1-0239-40d6-8e53-982b23662fc8,fUSD,0.00016,30,3,-2800.0,demand,2026-09-25T18:47:00.978525+00:00
1b6648a1-0239-40d6-8e53-982b23662fc8,fUSD,0.000151,5,5,-87031.3559346,demand,2026-09-25T18:47:00.978525+00:00
1b6648a1-0239-40d6-8e53-982b23662fc8,fUSD,0.0001503,90,1,-20000.0,demand,2026-09-25T18:47:00.978525+00:00
1b6648a1-0239-40d6-8e53-982b23662fc8,fUSD,0.00015,29,1,-149122.66199579,demand,2026-09-25T18:47:00.978525+00:00
1b6648a1-0239-40d6-8e53-982b23662fc8,fUSD,0.00015,7,1,-5741.16585247,demand,2026-09-25T18:47:00.978525+00:00
1b6648a1-0239-40d6-8e53-982b23662fc8,fUSD,0.00014252,120,1,-10770.76644364,demand,2026-09-25T18:47:00.978525+00:00
1b6648a1-0239-40d6-8e53-982b23662fc8,fUSD,0.000141,2,1,-39681.34358771,demand,2026-09-25T18:47:00.978525+00:00
1b6648a1-0239-40d6-8e53-982b23662fc8,fUSD,0.0001403,90,1,-20000.0,demand,2026-09-25T18:47:00.978525+00:00
1b6648a1-0239-40d6-8e53-982b23662fc8,fUSD,0.00013299999999999998,20,1,-4018.00283321,demand,2026-09-25T18:47:00.978525+00:00
1b6648a1-0239-40d6-8e53-982b23662fc8,fUSD,0.000131,13,1,-7000.0,demand,2026-09-25T18:47:00.978525+00:00
1b6648a1-0239-40d6-8e53-982b23662fc8,fUSD,0.00013,2,1,-98000.0,demand,2026-09-25T18:47:00.978525+00:00
1b6648a1-0239-40d6-8e53-982b23662fc8,fUSD,0.00012757,120,1,-100000.0,demand,2026-09-25T18:47:00.978525+00:00
1b6648a1-0239-40d6-8e53-982b23662fc8,fUSD,0.00012500020000000002,2,1,-650000.0,demand,2026-09-25T18:47:00.978525+00:00
1b6648a1-0239-40d6-8e53-982b23662fc8,fUSD,0.00012464334829784314,2,1,-3408.65251058,demand,2026-09-25T18:47:00.978525+00:00
1b6648a1-0239-40d6-8e53-982b23662fc8,fUSD,0.00012463845011798753,2,1,-3408.65251058,demand,2026-09-25T18:47:00.978525+00:00
1b6648a1-0239-40d6-8e53-982b23662fc8,fUSD,0.00012463368334092066,2,1,-3408.65251058,demand,2026-09-25T18:47:00.978525+00:00
1b6648a1-0239-40d6-8e53-982b23662fc8,fUSD,0.00012462113326093335,2,1,-3408.65251058,demand,2026-09-25T18:47:00.978525+00:00
1b6648a1-0239-40d6-8e53-982b23662fc8,fUSD,0.0001424905,2,1,324.05,offer,2026-09-25T18:47:00.978525+00:00
1b6648a1-0239-40d6-8e53-982b23662fc8,fUSD,0.00014574025,2,1,150.0,offer,2026-09-25T18:47:00.978525+00:00
1b6648a1-0239-40d6-8e53-982b23662fc8,fUSD,0.00014899,2,1,368.67695899,offer,2026-09-25T18:47:00.978525+00:00
1b6648a1-0239-40d6-8e53-982b23662fc8,fUSD,0.000149,2,3,1273.83268959,offer,2026-09-25T18:47:00.978525+00:00
1b6648a1-0239-40d6-8e53-982b23662fc8,fUSD,0.00014914794520547945,2,1,1363.20671,offer,2026-09-25T18:47:00.978525+00:00
1b6648a1-0239-40d6-8e53-982b23662fc8,fUSD,0.0001499,2,1,467.84559514,offer,2026-09-25T18:47:00.978525+00:00
1b6648a1-0239-40d6-8e53-982b23662fc8,fUSD,0.00014998,2,6,2214.98042793,offer,2026-09-25T18:47:00.978525+00:00
1b6648a1-0239-40d6-8e53-982b23662fc8,fUSD,0.00014999,2,9,94401.26054405,offer,2026-09-25T18:47:00.978525+00:00
1b6648a1-0239-40d6-8e53-982b23662fc8,fUSD,0.00015,2,10,3896852.80111427,offer,2026-09-25T18:47:00.978525+00:00
1b6648a1-0239-40d6-8e53-982b23662fc8,fUSD,0.00015,3,1,300.0,offer,2026-09-25T18:47:00.978525+00:00
1b6648a1-0239-40d6-8e53-982b23662fc8,fUSD,0.000151,3,1,500.0,offer,2026-09-25T18:47:00.978525+00:00
1b6648a1-0239-40d6-8e53-982b23662fc8,fUSD,0.0001510251,2,1,324.05,offer,2026-09-25T18:47:00.978525+00:00
1b6648a1-0239-40d6-8e53-982b23662fc8,fUSD,0.0001529978,2,1,324.05,offer,2026-09-25T18:47:00.978525+00:00
1b6648a1-0239-40d6-8e53-982b23662fc8,fUSD,0.00015299999999999998,4,2,903.1826238,offer,2026-09-25T18:47:00.978525+00:00
1b6648a1-0239-40d6-8e53-982b23662fc8,fUSD,0.0001543569,2,1,324.05,offer,2026-09-25T18:47:00.978525+00:00
1b6648a1-0239-40d6-8e53-982b23662fc8,fUSD,0.0001554265,2,1,324.05,offer,2026-09-25T18:47:00.978525+00:00
1b6648a1-0239-40d6-8e53-982b23662fc8,fUSD,0.00015606,5,1,427.84907208,offer,2026-09-25T18:47:00.978525+00:00
1b6648a1-0239-40d6-8e53-982b23662fc8,fUSD,0.0001563221,2,1,324.05,offer,2026-09-25T18:47:00.978525+00:00
1b6648a1-0239-40d6-8e53-982b23662fc8,fUSD,0.0001570997,2,1,324.05,offer,2026-09-25T18:47:00.978525+00:00
1b6648a1-0239-40d6-8e53-982b23662fc8,fUSD,0.0001577912,2,1,324.05,offer,2026-09-25T18:47:00.978525+00:00
1b6648a1-0239-40d6-8e53-982b23662fc8,fUSD,0.0001584166,2,1,324.05,offer,2026-09-25T18:47:00.978525+00:00
1b6648a1-0239-40d6-8e53-982b23662fc8,fUSD,0.0001589894,2,1,324.05,offer,2026-09-25T18:47:00.978525+00:00
1b6648a1-0239-40d6-8e53-982b23662fc8,fUSD,0.000161,2,3,1282.68,offer,2026-09-25T18:47:00.978525+00:00
1b6648a1-0239-40d6-8e53-982b23662fc8,fUSD,0.000161,7,1,693.47,offer,2026-09-25T18:47:00.978525+00:00
1b6648a1-0239-40d6-8e53-982b23662fc8,fUSD,0.00016123,2,1,255.0,offer,2026-09-25T18:47:00.978525+00:00
616d1fa0-5af4-4dbe-bfaa-ee461b77fea4,fUSD,0.000273972602739726,120,1,-3296945.44588207,demand,2026-09-25T19:47:01.022582+00:00
616d1fa0-5af4-4dbe-bfaa-ee461b77fea4,fUSD,0.0001712,120,1,-20000.0,demand,2026-09-25T19:47:01.022582+00:00
616d1fa0-5af4-4dbe-bfaa-ee461b77fea4,fUSD,0.00017111,120,1,-2000000.0,demand,2026-09-25T19:47:01.022582+00:00
616d1fa0-5af4-4dbe-bfaa-ee461b77fea4,fUSD,0.0001655,10,1,-271994.61697141,demand,2026-09-25T19:47:01.022582+00:00
616d1fa0-5af4-4dbe-bfaa-ee461b77fea4,fUSD,0.000161,120,1,-100000.0,demand,2026-09-25T19:47:01.022582+00:00
616d1fa0-5af4-4dbe-bfaa-ee461b77fea4,fUSD,0.000161,60,1,-18157.0,demand,2026-09-25T19:47:01.022582+00:00
616d1fa0-5af4-4dbe-bfaa-ee461b77fea4,fUSD,0.0001603,120,1,-20000.0,demand,2026-09-25T19:47:01.022582+00:00
616d1fa0-5af4-4dbe-bfaa-ee461b77fea4,fUSD,0.00016,120,2,-10009162.66122322,demand,2026-09-25T19:47:01.022582+00:00
616d1fa0-5af4-4dbe-bfaa-ee461b77fea4,fUSD,0.00016,30,3,-2800.0,demand,2026-09-25T19:47:01.022582+00:00
616d1fa0-5af4-4dbe-bfaa-ee461b77fea4,fUSD,0.000151,5,5,-100000.0,demand,2026-09-25T19:47:01.022582+00:00
616d1fa0-5af4-4dbe-bfaa-ee461b77fea4,fUSD,0.0001503,90,1,-20000.0,demand,2026-09-25T19:47:01.022582+00:00
616d1fa0-5af4-4dbe-bfaa-ee461b77fea4,fUSD,0.00015,29,1,-149122.66199579,demand,2026-09-25T19:47:01.022582+00:00
616d1fa0-5af4-4dbe-bfaa-ee461b77fea4,fUSD,0.00015,7,1,-5741.16585247,demand,2026-09-25T19:47:01.022582+00:00
616d1fa0-5af4-4dbe-bfaa-ee461b77fea4,fUSD,0.00015,2,2,-5964422.0662196,demand,2026-09-25T19:47:01.022582+00:00
616d1fa0-5af4-4dbe-bfaa-ee461b77fea4,fUSD,0.00014252,120,1,-10770.76644364,demand,2026-09-25T19:47:01.022582+00:00
616d1fa0-5af4-4dbe-bfaa-ee461b77fea4,fUSD,0.000141,2,1,-13292.7298903,demand,2026-09-25T19:47:01.022582+00:00
616d1fa0-5af4-4dbe-bfaa-ee461b77fea4,fUSD,0.0001403,90,1,-20000.0,demand,2026-09-25T19:47:01.022582+00:00
616d1fa0-5af4-4dbe-bfaa-ee461b77fea4,fUSD,0.00013299999999999998,20,1,-4018.00283321,demand,2026-09-25T19:47:01.022582+00:00
616d1fa0-5af4-4dbe-bfaa-ee461b77fea4,fUSD,0.000131,13,1,-7000.0,demand,2026-09-25T19:47:01.022582+00:00
616d1fa0-5af4-4dbe-bfaa-ee461b77fea4,fUSD,0.00013,2,1,-98000.0,demand,2026-09-25T19:47:01.022582+00:00
616d1fa0-5af4-4dbe-bfaa-ee461b77fea4,fUSD,0.00012757,120,1,-100000.0,demand,2026-09-25T19:47:01.022582+00:00
616d1fa0-5af4-4dbe-bfaa-ee461b77fea4,fUSD,0.00012500020000000002,2,1,-650000.0,demand,2026-09-25T19:47:01.022582+00:00
616d1fa0-5af4-4dbe-bfaa-ee461b77fea4,fUSD,0.00012466058833400718,2,1,-3408.65251058,demand,2026-09-25T19:47:01.022582+00:00
616d1fa0-5af4-4dbe-bfaa-ee461b77fea4,fUSD,0.00012460741585927336,2,1,-3408.65251058,demand,2026-09-25T19:47:01.022582+00:00
616d1fa0-5af4-4dbe-bfaa-ee461b77fea4,fUSD,0.00012459737077960504,2,1,-3408.65251058,demand,2026-09-25T19:47:01.022582+00:00
616d1fa0-5af4-4dbe-bfaa-ee461b77fea4,fUSD,0.00016247,2,1,1593.95,offer,2026-09-25T19:47:01.022582+00:00
616d1fa0-5af4-4dbe-bfaa-ee461b77fea4,fUSD,0.00016973375,2,1,213.98470271,offer,2026-09-25T19:47:01.022582+00:00
616d1fa0-5af4-4dbe-bfaa-ee461b77fea4,fUSD,0.00016981,2,1,158.25985326,offer,2026-09-25T19:47:01.022582+00:00
616d1fa0-5af4-4dbe-bfaa-ee461b77fea4,fUSD,0.00017023374999999998,2,1,272.52500222,offer,2026-09-25T19:47:01.022582+00:00
616d1fa0-5af4-4dbe-bfaa-ee461b77fea4,fUSD,0.00017023375,2,1,262.22,offer,2026-09-25T19:47:01.022582+00:00
616d1fa0-5af4-4dbe-bfaa-ee461b77fea4,fUSD,0.00017081,2,1,500.0,offer,2026-09-25T19:47:01.022582+00:00
616d1fa0-5af4-4dbe-bfaa-ee461b77fea4,fUSD,0.00017169,2,1,157.0,offer,2026-09-25T19:47:01.022582+00:00
616d1fa0-5af4-4dbe-bfaa-ee461b77fea4,fUSD,0.0001755403333333333,2,1,163.03947918,offer,2026-09-25T19:47:01.022582+00:00
616d1fa0-5af4-4dbe-bfaa-ee461b77fea4,fUSD,0.00017643092404652893,2,2,2520.83,offer,2026-09-25T19:47:01.022582+00:00
616d1fa0-5af4-4dbe-bfaa-ee461b77fea4,fUSD,0.00018095,2,3,1500.0,offer,2026-09-25T19:47:01.022582+00:00
616d1fa0-5af4-4dbe-bfaa-ee461b77fea4,fUSD,0.0001829631,2,1,215.45,offer,2026-09-25T19:47:01.022582+00:00
616d1fa0-5af4-4dbe-bfaa-ee461b77fea4,fUSD,0.00018317,2,1,1867.71218877,offer,2026-09-25T19:47:01.022582+00:00
616d1fa0-5af4-4dbe-bfaa-ee461b77fea4,fUSD,0.0001859211,2,1,549.55,offer,2026-09-25T19:47:01.022582+00:00
616d1fa0-5af4-4dbe-bfaa-ee461b77fea4,fUSD,0.00018598,2,1,1872.97277671,offer,2026-09-25T19:47:01.022582+00:00
616d1fa0-5af4-4dbe-bfaa-ee461b77fea4,fUSD,0.0001863978,2,1,150.0,offer,2026-09-25T19:47:01.022582+00:00
616d1fa0-5af4-4dbe-bfaa-ee461b77fea4,fUSD,0.00018643092404652895,2,1,3225.0,offer,2026-09-25T19:47:01.022582+00:00
616d1fa0-5af4-4dbe-bfaa-ee461b77fea4,fUSD,0.00018662325,2,4,1400.0,offer,2026-09-25T19:47:01.022582+00:00
616d1fa0-5af4-4dbe-bfaa-ee461b77fea4,fUSD,0.00018674358657999997,2,2,508.85426728,offer,2026-09-25T19:47:01.022582+00:00
616d1fa0-5af4-4dbe-bfaa-ee461b77fea4,fUSD,0.0001868557,2,1,2044.59,offer,2026-09-25T19:47:01.022582+00:00
616d1fa0-5af4-4dbe-bfaa-ee461b77fea4,fUSD,0.00018686,2,1,190.08,offer,2026-09-25T19:47:01.022582+00:00
616d1fa0-5af4-4dbe-bfaa-ee461b77fea4,fUSD,0.00018729358657999996,2,1,151.0,offer,2026-09-25T19:47:01.022582+00:00
616d1fa0-5af4-4dbe-bfaa-ee461b77fea4,fUSD,0.00018784358657999997,2,1,174.01587606,offer,2026-09-25T19:47:01.022582+00:00
616d1fa0-5af4-4dbe-bfaa-ee461b77fea4,fUSD,0.0001892517,2,1,954.95,offer,2026-09-25T19:47:01.022582+00:00
616d1fa0-5af4-4dbe-bfaa-ee461b77fea4,fUSD,0.00018967122894,2,1,157.51203492,offer,2026-09-25T19:47:01.022582+00:00
616d1fa0-5af4-4dbe-bfaa-ee461b77fea4,fUSD,0.0001897851,2,1,5558.27,offer,2026-09-25T19:47:01.022582+00:00
444061a3-6192-4ff7-be5b-1665efd32103,fUSD,0.000273972602739726,120,1,-3218845.34048567,demand,2026-09-25T20:47:01.173366+00:00
444061a3-6192-4ff7-be5b-1665efd32103,fUSD,0.0001712,120,1,-20000.0,demand,2026-09-25T20:47:01.173366+00:00
444061a3-6192-4ff7-be5b-1665efd32103,fUSD,0.00017111,120,1,-2000000.0,demand,2026-09-25T20:47:01.173366+00:00
444061a3-6192-4ff7-be5b-1665efd32103,fUSD,0.0001655,10,1,-271244.03556435,demand,2026-09-25T20:47:01.173366+00:00
444061a3-6192-4ff7-be5b-1665efd32103,fUSD,0.000161,120,1,-100000.0,demand,2026-09-25T20:47:01.173366+00:00
444061a3-6192-4ff7-be5b-1665efd32103,fUSD,0.000161,60,1,-18157.0,demand,2026-09-25T20:47:01.173366+00:00
444061a3-6192-4ff7-be5b-1665efd32103,fUSD,0.0001603,120,1,-20000.0,demand,2026-09-25T20:47:01.173366+00:00
444061a3-6192-4ff7-be5b-1665efd32103,fUSD,0.00016,120,2,-10009162.66122322,demand,2026-09-25T20:47:01.173366+00:00
444061a3-6192-4ff7-be5b-1665efd32103,fUSD,0.00016,30,3,-2800.0,demand,2026-09-25T20:47:01.173366+00:00
444061a3-6192-4ff7-be5b-1665efd32103,fUSD,0.000151,5,5,-99407.09599906,demand,2026-09-25T20:47:01.173366+00:00
444061a3-6192-4ff7-be5b-1665efd32103,fUSD,0.0001503,90,1,-20000.0,demand,2026-09-25T20:47:01.173366+00:00
444061a3-6192-4ff7-be5b-1665efd32103,fUSD,0.00015,29,1,-149122.66199579,demand,2026-09-25T20:47:01.173366+00:00
444061a3-6192-4ff7-be5b-1665efd32103,fUSD,0.00015,7,1,-8000.0,demand,2026-09-25T20:47:01.173366+00:00
444061a3-6192-4ff7-be5b-1665efd32103,fUSD,0.00014252,120,1,-10770.76644364,demand,2026-09-25T20:47:01.173366+00:00
444061a3-6192-4ff7-be5b-1665efd32103,fUSD,0.0001403,90,1,-20000.0,demand,2026-09-25T20:47:01.173366+00:00
444061a3-6192-4ff7-be5b-1665efd32103,fUSD,0.00013299999999999998,20,1,-4018.00283321,demand,2026-09-25T20:47:01.173366+00:00
444061a3-6192-4ff7-be5b-1665efd32103,fUSD,0.000131,13,1,-7000.0,demand,2026-09-25T20:47:01.173366+00:00
444061a3-6192-4ff7-be5b-1665efd32103,fUSD,0.00013,2,1,-50650.13069862,demand,2026-09-25T20:47:01.173366+00:00
444061a3-6192-4ff7-be5b-1665efd32103,fUSD,0.00012757,120,1,-100000.0,demand,2026-09-25T20:47:01.173366+00:00
444061a3-6192-4ff7-be5b-1665efd32103,fUSD,0.00012500020000000002,2,1,-650000.0,demand,2026-09-25T20:47:01.173366+00:00
444061a3-6192-4ff7-be5b-1665efd32103,fUSD,0.00012466058833400718,2,1,-3408.65251058,demand,2026-09-25T20:47:01.173366+00:00
444061a3-6192-4ff7-be5b-1665efd32103,fUSD,0.00012460741585927336,2,1,-3408.65251058,demand,2026-09-25T20:47:01.173366+00:00
444061a3-6192-4ff7-be5b-1665efd32103,fUSD,0.00012459737077960504,2,1,-3408.65251058,demand,2026-09-25T20:47:01.173366+00:00
444061a3-6192-4ff7-be5b-1665efd32103,fUSD,0.00012459531758514885,2,1,-3408.65251058,demand,2026-09-25T20:47:01.173366+00:00
444061a3-6192-4ff7-be5b-1665efd32103,fUSD,0.00012458995060089011,2,1,-3408.65251058,demand,2026-09-25T20:47:01.173366+00:00
444061a3-6192-4ff7-be5b-1665efd32103,fUSD,0.0001305,2,1,3567.76783525,offer,2026-09-25T20:47:01.173366+00:00
444061a3-6192-4ff7-be5b-1665efd32103,fUSD,0.00013385,2,1,184.33847949,offer,2026-09-25T20:47:01.173366+00:00
444061a3-6192-4ff7-be5b-1665efd32103,fUSD,0.000135315,2,1,170.34275989,offer,2026-09-25T20:47:01.173366+00:00
444061a3-6192-4ff7-be5b-1665efd32103,fUSD,0.00014013,2,1,500.0,offer,2026-09-25T20:47:01.173366+00:00
444061a3-6192-4ff7-be5b-1665efd32103,fUSD,0.00014249,3,2,468.0,offer,2026-09-25T20:47:01.173366+00:00
444061a3-6192-4ff7-be5b-1665efd32103,fUSD,0.0001451542,2,1,315.39,offer,2026-09-25T20:47:01.173366+00:00
444061a3-6192-4ff7-be5b-1665efd32103,fUSD,0.0001453516,2,1,211.45,offer,2026-09-25T20:47:01.173366+00:00
444061a3-6192-4ff7-be5b-1665efd32103,fUSD,0.0001475354,2,1,315.39,offer,2026-09-25T20:47:01.173366+00:00
444061a3-6192-4ff7-be5b-1665efd32103,fUSD,0.000148985298630137,2,1,211.45,offer,2026-09-25T20:47:01.173366+00:00
444061a3-6192-4ff7-be5b-1665efd32103,fUSD,0.000149,2,1,314.3662337,offer,2026-09-25T20:47:01.173366+00:00
444061a3-6192-4ff7-be5b-1665efd32103,fUSD,0.0001491759,2,1,315.39,offer,2026-09-25T20:47:01.173366+00:00
444061a3-6192-4ff7-be5b-1665efd32103,fUSD,0.00014998,2,5,104134.5084443,offer,2026-09-25T20:47:01.173366+00:00
444061a3-6192-4ff7-be5b-1665efd32103,fUSD,0.00014998904109589042,2,1,500.0,offer,2026-09-25T20:47:01.173366+00:00
444061a3-6192-4ff7-be5b-1665efd32103,fUSD,0.00014999,2,34,68141.60878525,offer,2026-09-25T20:47:01.173366+00:00
444061a3-6192-4ff7-be5b-1665efd32103,fUSD,0.00014999001,2,1,300.0,offer,2026-09-25T20:47:01.173366+00:00
444061a3-6192-4ff7-be5b-1665efd32103,fUSD,0.00015,2,8,4963521.48061708,offer,2026-09-25T20:47:01.173366+00:00
444061a3-6192-4ff7-be5b-1665efd32103,fUSD,0.000150467,2,1,315.39,offer,2026-09-25T20:47:01.173366+00:00
444061a3-6192-4ff7-be5b-1665efd32103,fUSD,0.000150849,2,2,300.0,offer,2026-09-25T20:47:01.173366+00:00
444061a3-6192-4ff7-be5b-1665efd32103,fUSD,0.00015126,2,2,7945.0,offer,2026-09-25T20:47:01.173366+00:00
444061a3-6192-4ff7-be5b-1665efd32103,fUSD,0.00015261899726027396,2,1,211.45,offer,2026-09-25T20:47:01.173366+00:00
444061a3-6192-4ff7-be5b-1665efd32103,fUSD,0.00015272876712328767,2,1,500.0,offer,2026-09-25T20:47:01.173366+00:00
444061a3-6192-4ff7-be5b-1665efd32103,fUSD,0.00015299999999999998,3,3,1352.94807354,offer,2026-09-25T20:47:01.173366+00:00
444061a3-6192-4ff7-be5b-1665efd32103,fUSD,0.00015314,2,1,6878.053674,offer,2026-09-25T20:47:01.173366+00:00
444061a3-6192-4ff7-be5b-1665efd32103,fUSD,0.000154143,2,1,250.0,offer,2026-09-25T20:47:01.173366+00:00
444061a3-6192-4ff7-be5b-1665efd32103,fUSD,0.00015555868421052635,2,1,150.0,offer,2026-09-25T20:47:01.173366+00:00
60667e1d-06ba-4761-975b-a0632a429880,fUSD,0.000273972602739726,120,1,-3207228.5632354,demand,2026-09-25T21:47:01.025724+00:00
60667e1d-06ba-4761-975b-a0632a429880,fUSD,0.0001712,120,1,-20000.0,demand,2026-09-25T21:47:01.025724+00:00
60667e1d-06ba-4761-975b-a0632a429880,fUSD,0.00017111,120,1,-2000000.0,demand,2026-09-25T21:47:01.025724+00:00
60667e1d-06ba-4761-975b-a0632a429880,fUSD,0.0001655,10,1,-271094.03556435,demand,2026-09-25T21:47:01.025724+00:00
60667e1d-06ba-4761-975b-a0632a429880,fUSD,0.000161,120,1,-100000.0,demand,2026-09-25T21:47:01.025724+00:00
60667e1d-06ba-4761-975b-a0632a429880,fUSD,0.000161,60,1,-18157.0,demand,2026-09-25T21:47:01.025724+00:00
60667e1d-06ba-4761-975b-a0632a429880,fUSD,0.0001603,120,1,-20000.0,demand,2026-09-25T21:47:01.025724+00:00
60667e1d-06ba-4761-975b-a0632a429880,fUSD,0.00016,120,2,-10009162.66122322,demand,2026-09-25T21:47:01.025724+00:00
60667e1d-06ba-4761-975b-a0632a429880,fUSD,0.00016,30,3,-2800.0,demand,2026-09-25T21:47:01.025724+00:00
60667e1d-06ba-4761-975b-a0632a429880,fUSD,0.000151,5,5,-98860.33228013,demand,2026-09-25T21:47:01.025724+00:00
60667e1d-06ba-4761-975b-a0632a429880,fUSD,0.0001503,90,1,-20000.0,demand,2026-09-25T21:47:01.025724+00:00
60667e1d-06ba-4761-975b-a0632a429880,fUSD,0.00015,29,1,-149122.66199579,demand,2026-09-25T21:47:01.025724+00:00
60667e1d-06ba-4761-975b-a0632a429880,fUSD,0.00015,7,1,-8000.0,demand,2026-09-25T21:47:01.025724+00:00
60667e1d-06ba-4761-975b-a0632a429880,fUSD,0.00014252,120,1,-10770.76644364,demand,2026-09-25T21:47:01.025724+00:00
60667e1d-06ba-4761-975b-a0632a429880,fUSD,0.0001403,90,1,-20000.0,demand,2026-09-25T21:47:01.025724+00:00
60667e1d-06ba-4761-975b-a0632a429880,fUSD,0.00013299999999999998,20,1,-4018.00283321,demand,2026-09-25T21:47:01.025724+00:00
60667e1d-06ba-4761-975b-a0632a429880,fUSD,0.000131,13,1,-7000.0,demand,2026-09-25T21:47:01.025724+00:00
60667e1d-06ba-4761-975b-a0632a429880,fUSD,0.00012757,120,1,-100000.0,demand,2026-09-25T21:47:01.025724+00:00
60667e1d-06ba-4761-975b-a0632a429880,fUSD,0.00012500020000000002,2,1,-625380.94549272,demand,2026-09-25T21:47:01.025724+00:00
60667e1d-06ba-4761-975b-a0632a429880,fUSD,0.00012464942258169507,2,1,-3408.65251058,demand,2026-09-25T21:47:01.025724+00:00
60667e1d-06ba-4761-975b-a0632a429880,fUSD,0.00012464128069827603,2,1,-3408.65251058,demand,2026-09-25T21:47:01.025724+00:00
60667e1d-06ba-4761-975b-a0632a429880,fUSD,0.00012463157093526173,2,1,-3408.65251058,demand,2026-09-25T21:47:01.025724+00:00
60667e1d-06ba-4761-975b-a0632a429880,fUSD,0.00012460489910663585,2,1,-3408.65251058,demand,2026-09-25T21:47:01.025724+00:00
60667e1d-06ba-4761-975b-a0632a429880,fUSD,0.00012460472452404756,2,1,-3408.65251058,demand,2026-09-25T21:47:01.025724+00:00
60667e1d-06ba-4761-975b-a0632a429880,fUSD,0.0001245952912212744,2,1,-3408.65251058,demand,2026-09-25T21:47:01.025724+00:00
60667e1d-06ba-4761-975b-a0632a429880,fUSD,0.00012816986301369864,2,1,385.279017,offer,2026-09-25T21:47:01.025724+00:00
60667e1d-06ba-4761-975b-a0632a429880,fUSD,0.00012882,2,1,5342.719272,offer,2026-09-25T21:47:01.025724+00:00
60667e1d-06ba-4761-975b-a0632a429880,fUSD,0.0001288279,2,1,2417.1,offer,2026-09-25T21:47:01.025724+00:00
60667e1d-06ba-4761-975b-a0632a429880,fUSD,0.000129,2,1,257.73220775,offer,2026-09-25T21:47:01.025724+00:00
60667e1d-06ba-4761-975b-a0632a429880,fUSD,0.00013,2,2,4029.08990133,offer,2026-09-25T21:47:01.025724+00:00
60667e1d-06ba-4761-975b-a0632a429880,fUSD,0.00013024599999999999,2,1,196.51441258,offer,2026-09-25T21:47:01.025724+00:00
60667e1d-06ba-4761-975b-a0632a429880,fUSD,0.000130492,2,1,350.39,offer,2026-09-25T21:47:01.025724+00:00
60667e1d-06ba-4761-975b-a0632a429880,fUSD,0.0001305,2,1,1507.60699381,offer,2026-09-25T21:47:01.025724+00:00
60667e1d-06ba-4761-975b-a0632a429880,fUSD,0.00013159,2,1,150.0,offer,2026-09-25T21:47:01.025724+00:00
60667e1d-06ba-4761-975b-a0632a429880,fUSD,0.0001323529,2,1,311.05,offer,2026-09-25T21:47:01.025724+00:00
60667e1d-06ba-4761-975b-a0632a429880,fUSD,0.0001329,2,1,150.0,offer,2026-09-25T21:47:01.025724+00:00
60667e1d-06ba-4761-975b-a0632a429880,fUSD,0.00013295792551150685,2,1,250.0,offer,2026-09-25T21:47:01.025724+00:00
60667e1d-06ba-4761-975b-a0632a429880,fUSD,0.0001336186,2,1,200.0,offer,2026-09-25T21:47:01.025724+00:00
60667e1d-06ba-4761-975b-a0632a429880,fUSD,0.00013362896232,2,1,158.61,offer,2026-09-25T21:47:01.025724+00:00
60667e1d-06ba-4761-975b-a0632a429880,fUSD,0.0001342,2,1,150.0,offer,2026-09-25T21:47:01.025724+00:00
60667e1d-06ba-4761-975b-a0632a429880,fUSD,0.00013422,2,1,868.0,offer,2026-09-25T21:47:01.025724+00:00
60667e1d-06ba-4761-975b-a0632a429880,fUSD,0.0001342912,2,1,311.05,offer,2026-09-25T21:47:01.025724+00:00
60667e1d-06ba-4761-975b-a0632a429880,fUSD,0.0001347257,2,1,165.24,offer,2026-09-25T21:47:01.025724+00:00
60667e1d-06ba-4761-975b-a0632a429880,fUSD,0.00013477,2,1,13113.0,offer,2026-09-25T21:47:01.025724+00:00
60667e1d-06ba-4761-975b-a0632a429880,fUSD,0.00013491,2,1,439.00782382,offer,2026-09-25T21:47:01.025724+00:00
60667e1d-06ba-4761-975b-a0632a429880,fUSD,0.000135,2,1,700.471157,offer,2026-09-25T21:47:01.025724+00:00
60667e1d-06ba-4761-975b-a0632a429880,fUSD,0.0001355,2,1,174.0,offer,2026-09-25T21:47:01.025724+00:00
60667e1d-06ba-4761-975b-a0632a429880,fUSD,0.0001356266,2,1,311.05,offer,2026-09-25T21:47:01.025724+00:00
60667e1d-06ba-4761-975b-a0632a429880,fUSD,0.00013635,2,2,4758.0,offer,2026-09-25T21:47:01.025724+00:00
60667e1d-06ba-4761-975b-a0632a429880,fUSD,0.00013662,2,1,1820.02141702,offer,2026-09-25T21:47:01.025724+00:00
40c8e680-4109-42ee-b342-37f3ac80b845,fUSD,0.000273972602739726,120,1,-3200886.02071459,demand,2026-09-25T22:47:01.078319+00:00
40c8e680-4109-42ee-b342-37f3ac80b845,fUSD,0.0001712,120,1,-20000.0,demand,2026-09-25T22:47:01.078319+00:00
40c8e680-4109-42ee-b342-37f3ac80b845,fUSD,0.00017111,120,1,-2000000.0,demand,2026-09-25T22:47:01.078319+00:00
40c8e680-4109-42ee-b342-37f3ac80b845,fUSD,0.0001655,10,1,-271094.03556435,demand,2026-09-25T22:47:01.078319+00:00
40c8e680-4109-42ee-b342-37f3ac80b845,fUSD,0.000161,120,1,-100000.0,demand,2026-09-25T22:47:01.078319+00:00
40c8e680-4109-42ee-b342-37f3ac80b845,fUSD,0.000161,60,1,-18157.0,demand,2026-09-25T22:47:01.078319+00:00
40c8e680-4109-42ee-b342-37f3ac80b845,fUSD,0.0001603,120,1,-20000.0,demand,2026-09-25T22:47:01.078319+00:00
40c8e680-4109-42ee-b342-37f3ac80b845,fUSD,0.00016,120,2,-10009162.66122322,demand,2026-09-25T22:47:01.078319+00:00
40c8e680-4109-42ee-b342-37f3ac80b845,fUSD,0.00016,30,3,-2800.0,demand,2026-09-25T22:47:01.078319+00:00
40c8e680-4109-42ee-b342-37f3ac80b845,fUSD,0.000151,5,5,-94893.87096403,demand,2026-09-25T22:47:01.078319+00:00
40c8e680-4109-42ee-b342-37f3ac80b845,fUSD,0.0001503,90,1,-20000.0,demand,2026-09-25T22:47:01.078319+00:00
40c8e680-4109-42ee-b342-37f3ac80b845,fUSD,0.00015,29,1,-149122.66199579,demand,2026-09-25T22:47:01.078319+00:00
40c8e680-4109-42ee-b342-37f3ac80b845,fUSD,0.00015,7,1,-8000.0,demand,2026-09-25T22:47:01.078319+00:00
40c8e680-4109-42ee-b342-37f3ac80b845,fUSD,0.00014252,120,1,-10770.76644364,demand,2026-09-25T22:47:01.078319+00:00
40c8e680-4109-42ee-b342-37f3ac80b845,fUSD,0.0001403,90,1,-20000.0,demand,2026-09-25T22:47:01.078319+00:00
40c8e680-4109-42ee-b342-37f3ac80b845,fUSD,0.00013299999999999998,20,1,-4018.00283321,demand,2026-09-25T22:47:01.078319+00:00
40c8e680-4109-42ee-b342-37f3ac80b845,fUSD,0.000131,13,1,-7000.0,demand,2026-09-25T22:47:01.078319+00:00
40c8e680-4109-42ee-b342-37f3ac80b845,fUSD,0.00012757,120,1,-100000.0,demand,2026-09-25T22:47:01.078319+00:00
40c8e680-4109-42ee-b342-37f3ac80b845,fUSD,0.00012500020000000002,2,1,-596714.52546068,demand,2026-09-25T22:47:01.078319+00:00
40c8e680-4109-42ee-b342-37f3ac80b845,fUSD,0.00012464942258169507,2,1,-3408.65251058,demand,2026-09-25T22:47:01.078319+00:00
40c8e680-4109-42ee-b342-37f3ac80b845,fUSD,0.00012464128069827603,2,1,-3408.65251058,demand,2026-09-25T22:47:01.078319+00:00
40c8e680-4109-42ee-b342-37f3ac80b845,fUSD,0.00012463157093526173,2,1,-3408.65251058,demand,2026-09-25T22:47:01.078319+00:00
40c8e680-4109-42ee-b342-37f3ac80b845,fUSD,0.00012460489910663585,2,1,-3408.65251058,demand,2026-09-25T22:47:01.078319+00:00
40c8e680-4109-42ee-b342-37f3ac80b845,fUSD,0.00012460472452404756,2,1,-3408.65251058,demand,2026-09-25T22:47:01.078319+00:00
40c8e680-4109-42ee-b342-37f3ac80b845,fUSD,0.0001245952912212744,2,1,-3408.65251058,demand,2026-09-25T22:47:01.078319+00:00
40c8e680-4109-42ee-b342-37f3ac80b845,fUSD,0.00013533424657534248,2,1,1593.504855,offer,2026-09-25T22:47:01.078319+00:00
40c8e680-4109-42ee-b342-37f3ac80b845,fUSD,0.00013602272328767126,2,1,294.46737892,offer,2026-09-25T22:47:01.078319+00:00
40c8e680-4109-42ee-b342-37f3ac80b845,fUSD,0.0001367112,2,1,151.25,offer,2026-09-25T22:47:01.078319+00:00
40c8e680-4109-42ee-b342-37f3ac80b845,fUSD,0.00013875,2,1,481.272773,offer,2026-09-25T22:47:01.078319+00:00
40c8e680-4109-42ee-b342-37f3ac80b845,fUSD,0.0001387513,2,1,205.76,offer,2026-09-25T22:47:01.078319+00:00
40c8e680-4109-42ee-b342-37f3ac80b845,fUSD,0.0001389095890410959,2,1,202.30526056,offer,2026-09-25T22:47:01.078319+00:00
40c8e680-4109-42ee-b342-37f3ac80b845,fUSD,0.0001389197,2,1,475.7,offer,2026-09-25T22:47:01.078319+00:00
40c8e680-4109-42ee-b342-37f3ac80b845,fUSD,0.00013892,2,4,1951.9567527,offer,2026-09-25T22:47:01.078319+00:00
40c8e680-4109-42ee-b342-37f3ac80b845,fUSD,0.00013894,2,3,1185.35,offer,2026-09-25T22:47:01.078319+00:00
40c8e680-4109-42ee-b342-37f3ac80b845,fUSD,0.0001389913333333333,2,1,164.45623261,offer,2026-09-25T22:47:01.078319+00:00
40c8e680-4109-42ee-b342-37f3ac80b845,fUSD,0.0001390567801205235,2,3,508.52571427,offer,2026-09-25T22:47:01.078319+00:00
40c8e680-4109-42ee-b342-37f3ac80b845,fUSD,0.0001392637,2,1,271.56,offer,2026-09-25T22:47:01.078319+00:00
40c8e680-4109-42ee-b342-37f3ac80b845,fUSD,0.0001411,2,1,566.29,offer,2026-09-25T22:47:01.078319+00:00
40c8e680-4109-42ee-b342-37f3ac80b845,fUSD,0.0001415405,2,1,407.75,offer,2026-09-25T22:47:01.078319+00:00
40c8e680-4109-42ee-b342-37f3ac80b845,fUSD,0.00014230396636,2,2,627.72388844,offer,2026-09-25T22:47:01.078319+00:00
40c8e680-4109-42ee-b342-37f3ac80b845,fUSD,0.0001423894,2,1,2107.7,offer,2026-09-25T22:47:01.078319+00:00
40c8e680-4109-42ee-b342-37f3ac80b845,fUSD,0.00014239,2,1,195.77,offer,2026-09-25T22:47:01.078319+00:00
40c8e680-4109-42ee-b342-37f3ac80b845,fUSD,0.00014255817031738616,2,1,410.09662884,offer,2026-09-25T22:47:01.078319+00:00
40c8e680-4109-42ee-b342-37f3ac80b845,fUSD,0.00014502,2,1,3441.15985933,offer,2026-09-25T22:47:01.078319+00:00
40c8e680-4109-42ee-b342-37f3ac80b845,fUSD,0.00014607210412,2,8,1212.54955646,offer,2026-09-25T22:47:01.078319+00:00
40c8e680-4109-42ee-b342-37f3ac80b845,fUSD,0.00014615981249999996,2,2,8165.68833193,offer,2026-09-25T22:47:01.078319+00:00
40c8e680-4109-42ee-b342-37f3ac80b845,fUSD,0.0001462269876712329,2,1,271.56,offer,2026-09-25T22:47:01.078319+00:00
40c8e680-4109-42ee-b342-37f3ac80b845,fUSD,0.00014675,2,1,150.0,offer,2026-09-25T22:47:01.078319+00:00
40c8e680-4109-42ee-b342-37f3ac80b845,fUSD,0.000147,2,1,202.52408289,offer,2026-09-25T22:47:01.078319+00:00
40c8e680-4109-42ee-b342-37f3ac80b845,fUSD,0.00014778396636000001,2,1,476.72388844,offer,2026-09-25T22:47:01.078319+00:00
686d4a7c-faf7-4f7c-954a-715876fc2410,fUSD,0.000273972602739726,120,1,-3183714.19298153,demand,2026-09-25T23:47:01.030971+00:00
686d4a7c-faf7-4f7c-954a-715876fc2410,fUSD,0.0001712,120,1,-20000.0,demand,2026-09-25T23:47:01.030971+00:00
686d4a7c-faf7-4f7c-954a-715876fc2410,fUSD,0.00017111,120,1,-2000000.0,demand,2026-09-25T23:47:01.030971+00:00
686d4a7c-faf7-4f7c-954a-715876fc2410,fUSD,0.0001655,10,1,-268783.31556435,demand,2026-09-25T23:47:01.030971+00:00
686d4a7c-faf7-4f7c-954a-715876fc2410,fUSD,0.000161,120,1,-100000.0,demand,2026-09-25T23:47:01.030971+00:00
686d4a7c-faf7-4f7c-954a-715876fc2410,fUSD,0.000161,60,1,-18157.0,demand,2026-09-25T23:47:01.030971+00:00
686d4a7c-faf7-4f7c-954a-715876fc2410,fUSD,0.0001603,120,1,-20000.0,demand,2026-09-25T23:47:01.030971+00:00
686d4a7c-faf7-4f7c-954a-715876fc2410,fUSD,0.00016,120,2,-10009162.66122322,demand,2026-09-25T23:47:01.030971+00:00
686d4a7c-faf7-4f7c-954a-715876fc2410,fUSD,0.00016,30,3,-2800.0,demand,2026-09-25T23:47:01.030971+00:00
686d4a7c-faf7-4f7c-954a-715876fc2410,fUSD,0.000151,5,5,-93764.73297169,demand,2026-09-25T23:47:01.030971+00:00
686d4a7c-faf7-4f7c-954a-715876fc2410,fUSD,0.0001503,90,1,-20000.0,demand,2026-09-25T23:47:01.030971+00:00
686d4a7c-faf7-4f7c-954a-715876fc2410,fUSD,0.00015,29,1,-149122.66199579,demand,2026-09-25T23:47:01.030971+00:00
686d4a7c-faf7-4f7c-954a-715876fc2410,fUSD,0.00015,7,1,-8000.0,demand,2026-09-25T23:47:01.030971+00:00
686d4a7c-faf7-4f7c-954a-715876fc2410,fUSD,0.00014252,120,1,-10770.76644364,demand,2026-09-25T23:47:01.030971+00:00
686d4a7c-faf7-4f7c-954a-715876fc2410,fUSD,0.0001403,90,1,-20000.0,demand,2026-09-25T23:47:01.030971+00:00
686d4a7c-faf7-4f7c-954a-715876fc2410,fUSD,0.00013299999999999998,20,1,-4018.00283321,demand,2026-09-25T23:47:01.030971+00:00
686d4a7c-faf7-4f7c-954a-715876fc2410,fUSD,0.000131,13,1,-7000.0,demand,2026-09-25T23:47:01.030971+00:00
686d4a7c-faf7-4f7c-954a-715876fc2410,fUSD,0.00012757,120,1,-100000.0,demand,2026-09-25T23:47:01.030971+00:00
686d4a7c-faf7-4f7c-954a-715876fc2410,fUSD,0.00012623,3,5,-725.339282,demand,2026-09-25T23:47:01.030971+00:00
686d4a7c-faf7-4f7c-954a-715876fc2410,fUSD,0.00012500020000000002,2,1,-571522.99783772,demand,2026-09-25T23:47:01.030971+00:00
686d4a7c-faf7-4f7c-954a-715876fc2410,fUSD,0.00012465970954751645,2,1,-3408.65251058,demand,2026-09-25T23:47:01.030971+00:00
686d4a7c-faf7-4f7c-954a-715876fc2410,fUSD,0.00012464985476692099,2,1,-3408.65251058,demand,2026-09-25T23:47:01.030971+00:00
686d4a7c-faf7-4f7c-954a-715876fc2410,fUSD,0.00012464052086158108,2,1,-3408.65251058,demand,2026-09-25T23:47:01.030971+00:00
686d4a7c-faf7-4f7c-954a-715876fc2410,fUSD,0.0001246231962917123,2,1,-3408.65251058,demand,2026-09-25T23:47:01.030971+00:00
686d4a7c-faf7-4f7c-954a-715876fc2410,fUSD,0.00012462272367885123,2,1,-3408.65251058,demand,2026-09-25T23:47:01.030971+00:00
686d4a7c-faf7-4f7c-954a-715876fc2410,fUSD,0.0001416078947368421,3,1,216.0,offer,2026-09-25T23:47:01.030971+00:00
686d4a7c-faf7-4f7c-954a-715876fc2410,fUSD,0.000142481,2,1,358.85,offer,2026-09-25T23:47:01.030971+00:00
686d4a7c-faf7-4f7c-954a-715876fc2410,fUSD,0.0001439,2,1,150.0,offer,2026-09-25T23:47:01.030971+00:00
686d4a7c-faf7-4f7c-954a-715876fc2410,fUSD,0.00014532,2,1,160.0,offer,2026-09-25T23:47:01.030971+00:00
686d4a7c-faf7-4f7c-954a-715876fc2410,fUSD,0.00014545236842105263,2,1,241.44075295,offer,2026-09-25T23:47:01.030971+00:00
686d4a7c-faf7-4f7c-954a-715876fc2410,fUSD,0.00014978,2,1,3794.69737379,offer,2026-09-25T23:47:01.030971+00:00
686d4a7c-faf7-4f7c-954a-715876fc2410,fUSD,0.00014997,2,1,150.0,offer,2026-09-25T23:47:01.030971+00:00
686d4a7c-faf7-4f7c-954a-715876fc2410,fUSD,0.00014998,2,90,46093.298255,offer,2026-09-25T23:47:01.030971+00:00
686d4a7c-faf7-4f7c-954a-715876fc2410,fUSD,0.00014999,2,18,153158.88442259,offer,2026-09-25T23:47:01.030971+00:00
686d4a7c-faf7-4f7c-954a-715876fc2410,fUSD,0.00015,2,2,1147463.6978397,offer,2026-09-25T23:47:01.030971+00:00
686d4a7c-faf7-4f7c-954a-715876fc2410,fUSD,0.0001533655,2,1,358.85,offer,2026-09-25T23:47:01.030971+00:00
686d4a7c-faf7-4f7c-954a-715876fc2410,fUSD,0.0001537396,2,1,447.65,offer,2026-09-25T23:47:01.030971+00:00
686d4a7c-faf7-4f7c-954a-715876fc2410,fUSD,0.0001538935,2,1,308.04,offer,2026-09-25T23:47:01.030971+00:00
686d4a7c-faf7-4f7c-954a-715876fc2410,fUSD,0.00015563091167646473,2,1,591.65,offer,2026-09-25T23:47:01.030971+00:00
686d4a7c-faf7-4f7c-954a-715876fc2410,fUSD,0.00015576868421052632,2,1,250.0,offer,2026-09-25T23:47:01.030971+00:00
686d4a7c-faf7-4f7c-954a-715876fc2410,fUSD,0.0001558814,2,1,358.85,offer,2026-09-25T23:47:01.030971+00:00
686d4a7c-faf7-4f7c-954a-715876fc2410,fUSD,0.00015637,2,1,6660.40267838,offer,2026-09-25T23:47:01.030971+00:00
686d4a7c-faf7-4f7c-954a-715876fc2410,fUSD,0.0001569857894736842,3,1,216.0,offer,2026-09-25T23:47:01.030971+00:00
686d4a7c-faf7-4f7c-954a-715876fc2410,fUSD,0.0001574711,2,1,3794.69737371,offer,2026-09-25T23:47:01.030971+00:00
686d4a7c-faf7-4f7c-954a-715876fc2410,fUSD,0.0001576147,2,1,358.85,offer,2026-09-25T23:47:01.030971+00:00
686d4a7c-faf7-4f7c-954a-715876fc2410,fUSD,0.0001582109,2,1,150.0,offer,2026-09-25T23:47:01.030971+00:00
686d4a7c-faf7-4f7c-954a-715876fc2410,fUSD,0.0001584689,2,1,495.48,offer,2026-09-25T23:47:01.030971+00:00
686d4a7c-faf7-4f7c-954a-715876fc2410,fUSD,0.0001589788,2,1,358.85,offer,2026-09-25T23:47:01.030971+00:00
686d4a7c-faf7-4f7c-954a-715876fc2410,fUSD,0.00016122,2,1,150.0,offer,2026-09-25T23:47:01.030971+00:00
686d4a7c-faf7-4f7c-954a-715876fc2410,fUSD,0.00016139989999999999,2,2,736.28374277,offer,2026-09-25T23:47:01.030971+00:00
