run_id,market,rate,period,count,amount,side,fetched_at
c91fb511-0232-4215-9418-bc3cdfbc5f87,fUSD,0.00022,30,1,-30100.0,demand,2026-09-08T00:47:01.491283+00:00
c91fb511-0232-4215-9418-bc3cdfbc5f87,fUSD,0.00021,30,1,-30000.0,demand,2026-09-08T00:47:01.491283+00:00
c91fb511-0232-4215-9418-bc3cdfbc5f87,fUSD,0.000209,30,1,-6289.12258117,demand,2026-09-08T00:47:01.491283+00:00
c91fb511-0232-4215-9418-bc3cdfbc5f87,fUSD,0.0002,7,1,-150.0,demand,2026-09-08T00:47:01.491283+00:00
c91fb511-0232-4215-9418-bc3cdfbc5f87,fUSD,0.00018010999999999998,120,1,-131565.73391109,demand,2026-09-08T00:47:01.491283+00:00
c91fb511-0232-4215-9418-bc3cdfbc5f87,fUSD,0.0001777,120,1,-23123.30278361,demand,2026-09-08T00:47:01.491283+00:00
c91fb511-0232-4215-9418-bc3cdfbc5f87,fUSD,0.000174,120,1,-12350.0,demand,2026-09-08T00:47:01.491283+00:00
c91fb511-0232-4215-9418-bc3cdfbc5f87,fUSD,0.0001713,120,1,-20000.0,demand,2026-09-08T00:47:01.491283+00:00
c91fb511-0232-4215-9418-bc3cdfbc5f87,fUSD,0.0001712,120,1,-20000.0,demand,2026-09-08T00:47:01.491283+00:00
c91fb511-0232-4215-9418-bc3cdfbc5f87,fUSD,0.00017111,120,1,-2000000.0,demand,2026-09-08T00:47:01.491283+00:00
c91fb511-0232-4215-9418-bc3cdfbc5f87,fUSD,0.00017,120,1,-150.0,demand,2026-09-08T00:47:01.491283+00:00
c91fb511-0232-4215-9418-bc3cdfbc5f87,fUSD,0.000161,120,1,-100000.0,demand,2026-09-08T00:47:01.491283+00:00
c91fb511-0232-4215-9418-bc3cdfbc5f87,fUSD,0.0001603,60,1,-18000.0,demand,2026-09-08T00:47:01.491283+00:00
c91fb511-0232-4215-9418-bc3cdfbc5f87,fUSD,0.00016,120,2,-10009162.66122322,demand,2026-09-08T00:47:01.491283+00:00
c91fb511-0232-4215-9418-bc3cdfbc5f87,fUSD,0.000152,45,2,-3000.0,demand,2026-09-08T00:47:01.491283+00:00
c91fb511-0232-4215-9418-bc3cdfbc5f87,fUSD,0.00015,120,1,-500.0,demand,2026-09-08T00:47:01.491283+00:00
c91fb511-0232-4215-9418-bc3cdfbc5f87,fUSD,0.00015,2,1,-10000.0,demand,2026-09-08T00:47:01.491283+00:00
c91fb511-0232-4215-9418-bc3cdfbc5f87,fUSD,0.000145,7,1,-190.0,demand,2026-09-08T00:47:01.491283+00:00
c91fb511-0232-4215-9418-bc3cdfbc5f87,fUSD,0.00014252,120,1,-10770.76644364,demand,2026-09-08T00:47:01.491283+00:00
c91fb511-0232-4215-9418-bc3cdfbc5f87,fUSD,0.0001342002,2,1,-483365.43883353,demand,2026-09-08T00:47:01.491283+00:00
c91fb511-0232-4215-9418-bc3cdfbc5f87,fUSD,0.0001342,2,1,-656190.47465241,demand,2026-09-08T00:47:01.491283+00:00
c91fb511-0232-4215-9418-bc3cdfbc5f87,fUSD,0.000132,7,1,-10000.0,demand,2026-09-08T00:47:01.491283+00:00
c91fb511-0232-4215-9418-bc3cdfbc5f87,fUSD,0.000131,13,1,-7000.0,demand,2026-09-08T00:47:01.491283+00:00
c91fb511-0232-4215-9418-bc3cdfbc5f87,fUSD,0.00013,2,1,-2000000.0,demand,2026-09-08T00:47:01.491283+00:00
c91fb511-0232-4215-9418-bc3cdfbc5f87,fUSD,0.00012757,120,1,-100000.0,demand,2026-09-08T00:47:01.491283+00:00
c91fb511-0232-4215-9418-bc3cdfbc5f87,fUSD,0.00014483,2,1,175.6,offer,2026-09-08T00:47:01.491283+00:00
c91fb511-0232-4215-9418-bc3cdfbc5f87,fUSD,0.00014490684936,2,3,1199.94,offer,2026-09-08T00:47:01.491283+00:00
c91fb511-0232-4215-9418-bc3cdfbc5f87,fUSD,0.00014493150689,2,3,454.23,offer,2026-09-08T00:47:01.491283+00:00
c91fb511-0232-4215-9418-bc3cdfbc5f87,fUSD,0.00014493424662,2,1,151.0,offer,2026-09-08T00:47:01.491283+00:00
c91fb511-0232-4215-9418-bc3cdfbc5f87,fUSD,0.00014501917812,2,1,463.64,offer,2026-09-08T00:47:01.491283+00:00
c91fb511-0232-4215-9418-bc3cdfbc5f87,fUSD,0.00014656534246575343,7,1,167.62229853,offer,2026-09-08T00:47:01.491283+00:00
c91fb511-0232-4215-9418-bc3cdfbc5f87,fUSD,0.00014671,2,2,2985.3273988,offer,2026-09-08T00:47:01.491283+00:00
c91fb511-0232-4215-9418-bc3cdfbc5f87,fUSD,0.0001470401,2,1,208.88,offer,2026-09-08T00:47:01.491283+00:00
c91fb511-0232-4215-9418-bc3cdfbc5f87,fUSD,0.0001475019375,2,2,4684.77765629,offer,2026-09-08T00:47:01.491283+00:00
c91fb511-0232-4215-9418-bc3cdfbc5f87,fUSD,0.00014756890000000003,2,2,309.27476817,offer,2026-09-08T00:47:01.491283+00:00
c91fb511-0232-4215-9418-bc3cdfbc5f87,fUSD,0.000148,2,1,2118.31540549,offer,2026-09-08T00:47:01.491283+00:00
c91fb511-0232-4215-9418-bc3cdfbc5f87,fUSD,0.0001485,2,2,593.48757,offer,2026-09-08T00:47:01.491283+00:00
c91fb511-0232-4215-9418-bc3cdfbc5f87,fUSD,0.00014859320950814903,2,1,190.42,offer,2026-09-08T00:47:01.491283+00:00
c91fb511-0232-4215-9418-bc3cdfbc5f87,fUSD,0.0001486,2,1,296.74379,offer,2026-09-08T00:47:01.491283+00:00
c91fb511-0232-4215-9418-bc3cdfbc5f87,fUSD,0.00014897,2,1,151.0,offer,2026-09-08T00:47:01.491283+00:00
c91fb511-0232-4215-9418-bc3cdfbc5f87,fUSD,0.00014899,2,7,2096.20725411,offer,2026-09-08T00:47:01.491283+00:00
c91fb511-0232-4215-9418-bc3cdfbc5f87,fUSD,0.000149,2,29,266365.95505015,offer,2026-09-08T00:47:01.491283+00:00
c91fb511-0232-4215-9418-bc3cdfbc5f87,fUSD,0.00014977049999999998,2,1,151.0,offer,2026-09-08T00:47:01.491283+00:00
c91fb511-0232-4215-9418-bc3cdfbc5f87,fUSD,0.00014986301369863012,2,1,245.60697719,offer,2026-09-08T00:47:01.491283+00:00
c91fb511-0232-4215-9418-bc3cdfbc5f87,fUSD,0.00014986301369863015,2,1,25880.0,offer,2026-09-08T00:47:01.491283+00:00
c91fb511-0232-4215-9418-bc3cdfbc5f87,fUSD,0.0001498776,2,2,302.0,offer,2026-09-08T00:47:01.491283+00:00
c91fb511-0232-4215-9418-bc3cdfbc5f87,fUSD,0.00014989289999999998,2,1,151.0,offer,2026-09-08T00:47:01.491283+00:00
c91fb511-0232-4215-9418-bc3cdfbc5f87,fUSD,0.0001499,2,1,187.25807721,offer,2026-09-08T00:47:01.491283+00:00
c91fb511-0232-4215-9418-bc3cdfbc5f87,fUSD,0.00014994254545454543,2,1,151.0,offer,2026-09-08T00:47:01.491283+00:00
c91fb511-0232-4215-9418-bc3cdfbc5f87,fUSD,0.00014998,2,4,2044.05820663,offer,2026-09-08T00:47:01.491283+00:00
f13d9bbe-dbd0-4442-90f6-d7dbf825d3aa,fUSD,0.00022,30,1,-30100.0,demand,2026-09-08T01:47:01.427351+00:00
f13d9bbe-dbd0-4442-90f6-d7dbf825d3aa,fUSD,0.00021,30,1,-30000.0,demand,2026-09-08T01:47:01.427351+00:00
f13d9bbe-dbd0-4442-90f6-d7dbf825d3aa,fUSD,0.000209,30,1,-6289.12258117,demand,2026-09-08T01:47:01.427351+00:00
f13d9bbe-dbd0-4442-90f6-d7dbf825d3aa,fUSD,0.0002,7,1,-150.0,demand,2026-09-08T01:47:01.427351+00:00
f13d9bbe-dbd0-4442-90f6-d7dbf825d3aa,fUSD,0.0001777,120,1,-14059.86557972,demand,2026-09-08T01:47:01.427351+00:00
f13d9bbe-dbd0-4442-90f6-d7dbf825d3aa,fUSD,0.000174,120,1,-12350.0,demand,2026-09-08T01:47:01.427351+00:00
f13d9bbe-dbd0-4442-90f6-d7dbf825d3aa,fUSD,0.0001713,120,1,-20000.0,demand,2026-09-08T01:47:01.427351+00:00
f13d9bbe-dbd0-4442-90f6-d7dbf825d3aa,fUSD,0.0001712,120,1,-20000.0,demand,2026-09-08T01:47:01.427351+00:00
f13d9bbe-dbd0-4442-90f6-d7dbf825d3aa,fUSD,0.00017111,120,1,-2000000.0,demand,2026-09-08T01:47:01.427351+00:00
f13d9bbe-dbd0-4442-90f6-d7dbf825d3aa,fUSD,0.00017,120,1,-150.0,demand,2026-09-08T01:47:01.427351+00:00
f13d9bbe-dbd0-4442-90f6-d7dbf825d3aa,fUSD,0.000161,120,1,-100000.0,demand,2026-09-08T01:47:01.427351+00:00
f13d9bbe-dbd0-4442-90f6-d7dbf825d3aa,fUSD,0.0001603,60,1,-18000.0,demand,2026-09-08T01:47:01.427351+00:00
f13d9bbe-dbd0-4442-90f6-d7dbf825d3aa,fUSD,0.00016,120,2,-10009162.66122322,demand,2026-09-08T01:47:01.427351+00:00
f13d9bbe-dbd0-4442-90f6-d7dbf825d3aa,fUSD,0.000152,45,2,-3000.0,demand,2026-09-08T01:47:01.427351+00:00
f13d9bbe-dbd0-4442-90f6-d7dbf825d3aa,fUSD,0.00015,120,1,-500.0,demand,2026-09-08T01:47:01.427351+00:00
f13d9bbe-dbd0-4442-90f6-d7dbf825d3aa,fUSD,0.00015,2,1,-10000.0,demand,2026-09-08T01:47:01.427351+00:00
f13d9bbe-dbd0-4442-90f6-d7dbf825d3aa,fUSD,0.000145,7,1,-190.0,demand,2026-09-08T01:47:01.427351+00:00
f13d9bbe-dbd0-4442-90f6-d7dbf825d3aa,fUSD,0.00014252,120,1,-10770.76644364,demand,2026-09-08T01:47:01.427351+00:00
f13d9bbe-dbd0-4442-90f6-d7dbf825d3aa,fUSD,0.00014,7,1,-3204.0974442,demand,2026-09-08T01:47:01.427351+00:00
f13d9bbe-dbd0-4442-90f6-d7dbf825d3aa,fUSD,0.0001342002,2,1,-477165.43883353,demand,2026-09-08T01:47:01.427351+00:00
f13d9bbe-dbd0-4442-90f6-d7dbf825d3aa,fUSD,0.0001342,2,1,-656190.47465241,demand,2026-09-08T01:47:01.427351+00:00
f13d9bbe-dbd0-4442-90f6-d7dbf825d3aa,fUSD,0.00013367,2,1,-602.409799,demand,2026-09-08T01:47:01.427351+00:00
f13d9bbe-dbd0-4442-90f6-d7dbf825d3aa,fUSD,0.000132,7,1,-10000.0,demand,2026-09-08T01:47:01.427351+00:00
f13d9bbe-dbd0-4442-90f6-d7dbf825d3aa,fUSD,0.000131,13,1,-7000.0,demand,2026-09-08T01:47:01.427351+00:00
f13d9bbe-dbd0-4442-90f6-d7dbf825d3aa,fUSD,0.00013,2,1,-2000000.0,demand,2026-09-08T01:47:01.427351+00:00
f13d9bbe-dbd0-4442-90f6-d7dbf825d3aa,fUSD,0.00013487671232876713,2,2,300.0,offer,2026-09-08T01:47:01.427351+00:00
f13d9bbe-dbd0-4442-90f6-d7dbf825d3aa,fUSD,0.00013654185692541857,2,1,150.0,offer,2026-09-08T01:47:01.427351+00:00
f13d9bbe-dbd0-4442-90f6-d7dbf825d3aa,fUSD,0.0001380584,2,1,151.16,offer,2026-09-08T01:47:01.427351+00:00
f13d9bbe-dbd0-4442-90f6-d7dbf825d3aa,fUSD,0.00013820700152207,2,1,150.0,offer,2026-09-08T01:47:01.427351+00:00
f13d9bbe-dbd0-4442-90f6-d7dbf825d3aa,fUSD,0.0001387002,2,1,167.05,offer,2026-09-08T01:47:01.427351+00:00
f13d9bbe-dbd0-4442-90f6-d7dbf825d3aa,fUSD,0.00013878805,2,1,197.01473523,offer,2026-09-08T01:47:01.427351+00:00
f13d9bbe-dbd0-4442-90f6-d7dbf825d3aa,fUSD,0.0001388759,2,1,169.48,offer,2026-09-08T01:47:01.427351+00:00
f13d9bbe-dbd0-4442-90f6-d7dbf825d3aa,fUSD,0.00013987214611872146,2,2,300.0,offer,2026-09-08T01:47:01.427351+00:00
f13d9bbe-dbd0-4442-90f6-d7dbf825d3aa,fUSD,0.00014063013698630136,2,1,277.664136,offer,2026-09-08T01:47:01.427351+00:00
f13d9bbe-dbd0-4442-90f6-d7dbf825d3aa,fUSD,0.00014063013698630136,30,1,216.97,offer,2026-09-08T01:47:01.427351+00:00
f13d9bbe-dbd0-4442-90f6-d7dbf825d3aa,fUSD,0.0001413394,2,1,806.95,offer,2026-09-08T01:47:01.427351+00:00
f13d9bbe-dbd0-4442-90f6-d7dbf825d3aa,fUSD,0.00014153729071537293,2,1,150.0,offer,2026-09-08T01:47:01.427351+00:00
f13d9bbe-dbd0-4442-90f6-d7dbf825d3aa,fUSD,0.00014320243531202434,2,1,150.0,offer,2026-09-08T01:47:01.427351+00:00
f13d9bbe-dbd0-4442-90f6-d7dbf825d3aa,fUSD,0.00014402,2,1,299.76927573,offer,2026-09-08T01:47:01.427351+00:00
f13d9bbe-dbd0-4442-90f6-d7dbf825d3aa,fUSD,0.00014482465758,2,1,151.0,offer,2026-09-08T01:47:01.427351+00:00
f13d9bbe-dbd0-4442-90f6-d7dbf825d3aa,fUSD,0.0001448675799086758,2,2,300.0,offer,2026-09-08T01:47:01.427351+00:00
f13d9bbe-dbd0-4442-90f6-d7dbf825d3aa,fUSD,0.00014501095895,2,1,463.26,offer,2026-09-08T01:47:01.427351+00:00
f13d9bbe-dbd0-4442-90f6-d7dbf825d3aa,fUSD,0.00014530505,2,3,1477.3411104,offer,2026-09-08T01:47:01.427351+00:00
f13d9bbe-dbd0-4442-90f6-d7dbf825d3aa,fUSD,0.00014531505,2,12,3549.09834149,offer,2026-09-08T01:47:01.427351+00:00
f13d9bbe-dbd0-4442-90f6-d7dbf825d3aa,fUSD,0.00014653272450532723,2,1,150.0,offer,2026-09-08T01:47:01.427351+00:00
f13d9bbe-dbd0-4442-90f6-d7dbf825d3aa,fUSD,0.000146772,7,2,639.40776737,offer,2026-09-08T01:47:01.427351+00:00
f13d9bbe-dbd0-4442-90f6-d7dbf825d3aa,fUSD,0.000147,2,3,537.79962948,offer,2026-09-08T01:47:01.427351+00:00
f13d9bbe-dbd0-4442-90f6-d7dbf825d3aa,fUSD,0.00014701,2,1,157.0,offer,2026-09-08T01:47:01.427351+00:00
f13d9bbe-dbd0-4442-90f6-d7dbf825d3aa,fUSD,0.0001477627223014468,2,1,552.94924056,offer,2026-09-08T01:47:01.427351+00:00
f13d9bbe-dbd0-4442-90f6-d7dbf825d3aa,fUSD,0.00014779,2,1,707.36,offer,2026-09-08T01:47:01.427351+00:00
0e522454-7299-4a15-924b-c6aecf5a25a7,fUSD,0.00022,30,1,-30100.0,demand,2026-09-08T02:47:01.376308+00:00
0e522454-7299-4a15-924b-c6aecf5a25a7,fUSD,0.00021,30,1,-30000.0,demand,2026-09-08T02:47:01.376308+00:00
0e522454-7299-4a15-924b-c6aecf5a25a7,fUSD,0.000209,30,1,-6289.12258117,demand,2026-09-08T02:47:01.376308+00:00
0e522454-7299-4a15-924b-c6aecf5a25a7,fUSD,0.0002,7,1,-150.0,demand,2026-09-08T02:47:01.376308+00:00
0e522454-7299-4a15-924b-c6aecf5a25a7,fUSD,0.0001712,120,1,-20000.0,demand,2026-09-08T02:47:01.376308+00:00
0e522454-7299-4a15-924b-c6aecf5a25a7,fUSD,0.00017111,120,1,-2000000.0,demand,2026-09-08T02:47:01.376308+00:00
0e522454-7299-4a15-924b-c6aecf5a25a7,fUSD,0.00017,120,1,-150.0,demand,2026-09-08T02:47:01.376308+00:00
0e522454-7299-4a15-924b-c6aecf5a25a7,fUSD,0.000161,120,1,-100000.0,demand,2026-09-08T02:47:01.376308+00:00
0e522454-7299-4a15-924b-c6aecf5a25a7,fUSD,0.0001603,60,1,-18000.0,demand,2026-09-08T02:47:01.376308+00:00
0e522454-7299-4a15-924b-c6aecf5a25a7,fUSD,0.00016,120,2,-10009162.66122322,demand,2026-09-08T02:47:01.376308+00:00
0e522454-7299-4a15-924b-c6aecf5a25a7,fUSD,0.000152,45,2,-3000.0,demand,2026-09-08T02:47:01.376308+00:00
0e522454-7299-4a15-924b-c6aecf5a25a7,fUSD,0.00015,120,1,-500.0,demand,2026-09-08T02:47:01.376308+00:00
0e522454-7299-4a15-924b-c6aecf5a25a7,fUSD,0.00015,2,1,-10000.0,demand,2026-09-08T02:47:01.376308+00:00
0e522454-7299-4a15-924b-c6aecf5a25a7,fUSD,0.000145,7,1,-190.0,demand,2026-09-08T02:47:01.376308+00:00
0e522454-7299-4a15-924b-c6aecf5a25a7,fUSD,0.00014252,120,1,-10770.76644364,demand,2026-09-08T02:47:01.376308+00:00
0e522454-7299-4a15-924b-c6aecf5a25a7,fUSD,0.00014,7,1,-2987.1274442,demand,2026-09-08T02:47:01.376308+00:00
0e522454-7299-4a15-924b-c6aecf5a25a7,fUSD,0.0001342002,2,1,-459591.40351253,demand,2026-09-08T02:47:01.376308+00:00
0e522454-7299-4a15-924b-c6aecf5a25a7,fUSD,0.0001342,2,1,-656190.47465241,demand,2026-09-08T02:47:01.376308+00:00
0e522454-7299-4a15-924b-c6aecf5a25a7,fUSD,0.00013367,2,1,-281.630967,demand,2026-09-08T02:47:01.376308+00:00
0e522454-7299-4a15-924b-c6aecf5a25a7,fUSD,0.000132,7,1,-10000.0,demand,2026-09-08T02:47:01.376308+00:00
0e522454-7299-4a15-924b-c6aecf5a25a7,fUSD,0.000131,13,1,-7000.0,demand,2026-09-08T02:47:01.376308+00:00
0e522454-7299-4a15-924b-c6aecf5a25a7,fUSD,0.00013,2,1,-2000000.0,demand,2026-09-08T02:47:01.376308+00:00
0e522454-7299-4a15-924b-c6aecf5a25a7,fUSD,0.00012757,120,1,-100000.0,demand,2026-09-08T02:47:01.376308+00:00
0e522454-7299-4a15-924b-c6aecf5a25a7,fUSD,0.0001221,120,1,-12587.13,demand,2026-09-08T02:47:01.376308+00:00
0e522454-7299-4a15-924b-c6aecf5a25a7,fUSD,0.000121,7,1,-6000.0,demand,2026-09-08T02:47:01.376308+00:00
0e522454-7299-4a15-924b-c6aecf5a25a7,fUSD,0.00013487671232876713,2,1,150.0,offer,2026-09-08T02:47:01.376308+00:00
0e522454-7299-4a15-924b-c6aecf5a25a7,fUSD,0.0001390318,2,1,222.06,offer,2026-09-08T02:47:01.376308+00:00
0e522454-7299-4a15-924b-c6aecf5a25a7,fUSD,0.0001392513,2,1,204.05,offer,2026-09-08T02:47:01.376308+00:00
0e522454-7299-4a15-924b-c6aecf5a25a7,fUSD,0.0001396053,2,1,200.0,offer,2026-09-08T02:47:01.376308+00:00
0e522454-7299-4a15-924b-c6aecf5a25a7,fUSD,0.0001399895,2,1,167.62,offer,2026-09-08T02:47:01.376308+00:00
0e522454-7299-4a15-924b-c6aecf5a25a7,fUSD,0.00014,2,1,252.79111833,offer,2026-09-08T02:47:01.376308+00:00
0e522454-7299-4a15-924b-c6aecf5a25a7,fUSD,0.00014044094999999998,2,1,193.63891938,offer,2026-09-08T02:47:01.376308+00:00
0e522454-7299-4a15-924b-c6aecf5a25a7,fUSD,0.0001404964512,2,1,345.13,offer,2026-09-08T02:47:01.376308+00:00
0e522454-7299-4a15-924b-c6aecf5a25a7,fUSD,0.0001408819,2,1,648.61,offer,2026-09-08T02:47:01.376308+00:00
0e522454-7299-4a15-924b-c6aecf5a25a7,fUSD,0.00014122931506849317,2,1,568.34012512,offer,2026-09-08T02:47:01.376308+00:00
0e522454-7299-4a15-924b-c6aecf5a25a7,fUSD,0.00014123000000000003,2,2,1237.5329221,offer,2026-09-08T02:47:01.376308+00:00
0e522454-7299-4a15-924b-c6aecf5a25a7,fUSD,0.00014124931506849316,2,1,507.0,offer,2026-09-08T02:47:01.376308+00:00
0e522454-7299-4a15-924b-c6aecf5a25a7,fUSD,0.0001448273973,2,1,463.73,offer,2026-09-08T02:47:01.376308+00:00
0e522454-7299-4a15-924b-c6aecf5a25a7,fUSD,0.00014484931511,2,1,463.79,offer,2026-09-08T02:47:01.376308+00:00
0e522454-7299-4a15-924b-c6aecf5a25a7,fUSD,0.0001454409,2,7,1934.22075576,offer,2026-09-08T02:47:01.376308+00:00
0e522454-7299-4a15-924b-c6aecf5a25a7,fUSD,0.0001469068,2,1,843.22,offer,2026-09-08T02:47:01.376308+00:00
0e522454-7299-4a15-924b-c6aecf5a25a7,fUSD,0.000147,2,1,3689.72339597,offer,2026-09-08T02:47:01.376308+00:00
0e522454-7299-4a15-924b-c6aecf5a25a7,fUSD,0.0001488,2,1,200.0,offer,2026-09-08T02:47:01.376308+00:00
0e522454-7299-4a15-924b-c6aecf5a25a7,fUSD,0.00014898,2,1,240.79065331,offer,2026-09-08T02:47:01.376308+00:00
0e522454-7299-4a15-924b-c6aecf5a25a7,fUSD,0.0001489890410958904,2,1,942.9842395,offer,2026-09-08T02:47:01.376308+00:00
0e522454-7299-4a15-924b-c6aecf5a25a7,fUSD,0.00014899,2,1,150.0,offer,2026-09-08T02:47:01.376308+00:00
0e522454-7299-4a15-924b-c6aecf5a25a7,fUSD,0.000149,2,7,16030.18140726,offer,2026-09-08T02:47:01.376308+00:00
0e522454-7299-4a15-924b-c6aecf5a25a7,fUSD,0.00014944,2,1,233.67,offer,2026-09-08T02:47:01.376308+00:00
0e522454-7299-4a15-924b-c6aecf5a25a7,fUSD,0.00014945,2,2,390.2,offer,2026-09-08T02:47:01.376308+00:00
0e522454-7299-4a15-924b-c6aecf5a25a7,fUSD,0.00014984999999999998,2,1,373.36618517,offer,2026-09-08T02:47:01.376308+00:00
e424cf33-d931-4907-8caa-8863a8594643,fUSD,0.00022,30,1,-30100.0,demand,2026-09-08T03:47:01.240145+00:00
e424cf33-d931-4907-8caa-8863a8594643,fUSD,0.00021,30,1,-30000.0,demand,2026-09-08T03:47:01.240145+00:00
e424cf33-d931-4907-8caa-8863a8594643,fUSD,0.000209,30,1,-6289.12258117,demand,2026-09-08T03:47:01.240145+00:00
e424cf33-d931-4907-8caa-8863a8594643,fUSD,0.0002,7,1,-150.0,demand,2026-09-08T03:47:01.240145+00:00
e424cf33-d931-4907-8caa-8863a8594643,fUSD,0.0001712,120,1,-20000.0,demand,2026-09-08T03:47:01.240145+00:00
e424cf33-d931-4907-8caa-8863a8594643,fUSD,0.00017111,120,1,-2000000.0,demand,2026-09-08T03:47:01.240145+00:00
e424cf33-d931-4907-8caa-8863a8594643,fUSD,0.00017,120,1,-150.0,demand,2026-09-08T03:47:01.240145+00:00
e424cf33-d931-4907-8caa-8863a8594643,fUSD,0.000161,120,1,-100000.0,demand,2026-09-08T03:47:01.240145+00:00
e424cf33-d931-4907-8caa-8863a8594643,fUSD,0.0001603,60,1,-18000.0,demand,2026-09-08T03:47:01.240145+00:00
e424cf33-d931-4907-8caa-8863a8594643,fUSD,0.00016,120,2,-10009162.66122322,demand,2026-09-08T03:47:01.240145+00:00
e424cf33-d931-4907-8caa-8863a8594643,fUSD,0.000152,45,2,-3000.0,demand,2026-09-08T03:47:01.240145+00:00
e424cf33-d931-4907-8caa-8863a8594643,fUSD,0.00015,120,1,-500.0,demand,2026-09-08T03:47:01.240145+00:00
e424cf33-d931-4907-8caa-8863a8594643,fUSD,0.00015,2,1,-10000.0,demand,2026-09-08T03:47:01.240145+00:00
e424cf33-d931-4907-8caa-8863a8594643,fUSD,0.000145,7,1,-190.0,demand,2026-09-08T03:47:01.240145+00:00
e424cf33-d931-4907-8caa-8863a8594643,fUSD,0.00014252,120,1,-10770.76644364,demand,2026-09-08T03:47:01.240145+00:00
e424cf33-d931-4907-8caa-8863a8594643,fUSD,0.00014,7,1,-2348.8964718,demand,2026-09-08T03:47:01.240145+00:00
e424cf33-d931-4907-8caa-8863a8594643,fUSD,0.0001342002,2,1,-450008.37947953,demand,2026-09-08T03:47:01.240145+00:00
e424cf33-d931-4907-8caa-8863a8594643,fUSD,0.0001342,2,1,-656190.47465241,demand,2026-09-08T03:47:01.240145+00:00
e424cf33-d931-4907-8caa-8863a8594643,fUSD,0.000132,7,1,-10000.0,demand,2026-09-08T03:47:01.240145+00:00
e424cf33-d931-4907-8caa-8863a8594643,fUSD,0.000131,13,1,-7000.0,demand,2026-09-08T03:47:01.240145+00:00
e424cf33-d931-4907-8caa-8863a8594643,fUSD,0.00013,2,1,-2000000.0,demand,2026-09-08T03:47:01.240145+00:00
e424cf33-d931-4907-8caa-8863a8594643,fUSD,0.00012757,120,1,-100000.0,demand,2026-09-08T03:47:01.240145+00:00
e424cf33-d931-4907-8caa-8863a8594643,fUSD,0.0001221,120,1,-12587.13,demand,2026-09-08T03:47:01.240145+00:00
e424cf33-d931-4907-8caa-8863a8594643,fUSD,0.000121,7,1,-6000.0,demand,2026-09-08T03:47:01.240145+00:00
e424cf33-d931-4907-8caa-8863a8594643,fUSD,0.00012,120,1,-200000.0,demand,2026-09-08T03:47:01.240145+00:00
e424cf33-d931-4907-8caa-8863a8594643,fUSD,0.00013428,2,3,7633.16716364,offer,2026-09-08T03:47:01.240145+00:00
e424cf33-d931-4907-8caa-8863a8594643,fUSD,0.00013428180414000001,2,1,150.0,offer,2026-09-08T03:47:01.240145+00:00
e424cf33-d931-4907-8caa-8863a8594643,fUSD,0.00013428721656,2,1,180.16,offer,2026-09-08T03:47:01.240145+00:00
e424cf33-d931-4907-8caa-8863a8594643,fUSD,0.00013487671232876713,2,2,300.0,offer,2026-09-08T03:47:01.240145+00:00
e424cf33-d931-4907-8caa-8863a8594643,fUSD,0.0001399426,2,1,152.9,offer,2026-09-08T03:47:01.240145+00:00
e424cf33-d931-4907-8caa-8863a8594643,fUSD,0.000140994,7,1,319.1154862,offer,2026-09-08T03:47:01.240145+00:00
e424cf33-d931-4907-8caa-8863a8594643,fUSD,0.00014124931506849316,2,1,507.0,offer,2026-09-08T03:47:01.240145+00:00
e424cf33-d931-4907-8caa-8863a8594643,fUSD,0.00014236986301369864,2,1,150.0,offer,2026-09-08T03:47:01.240145+00:00
e424cf33-d931-4907-8caa-8863a8594643,fUSD,0.00014247466666666666,2,6,1769.04423394,offer,2026-09-08T03:47:01.240145+00:00
e424cf33-d931-4907-8caa-8863a8594643,fUSD,0.0001425,2,1,1245.39093791,offer,2026-09-08T03:47:01.240145+00:00
e424cf33-d931-4907-8caa-8863a8594643,fUSD,0.00014299,2,1,163.5624878,offer,2026-09-08T03:47:01.240145+00:00
e424cf33-d931-4907-8caa-8863a8594643,fUSD,0.00014474794525,2,2,799.45,offer,2026-09-08T03:47:01.240145+00:00
e424cf33-d931-4907-8caa-8863a8594643,fUSD,0.00014484931511,2,2,971.92,offer,2026-09-08T03:47:01.240145+00:00
e424cf33-d931-4907-8caa-8863a8594643,fUSD,0.00014487123292,2,1,151.0,offer,2026-09-08T03:47:01.240145+00:00
e424cf33-d931-4907-8caa-8863a8594643,fUSD,0.00014488219182,2,1,250.49,offer,2026-09-08T03:47:01.240145+00:00
e424cf33-d931-4907-8caa-8863a8594643,fUSD,0.0001450224,7,1,319.1154862,offer,2026-09-08T03:47:01.240145+00:00
e424cf33-d931-4907-8caa-8863a8594643,fUSD,0.0001469398602739726,2,1,152.9,offer,2026-09-08T03:47:01.240145+00:00
e424cf33-d931-4907-8caa-8863a8594643,fUSD,0.00014741517198924026,2,1,230.94145291,offer,2026-09-08T03:47:01.240145+00:00
e424cf33-d931-4907-8caa-8863a8594643,fUSD,0.0001477,2,1,150.0,offer,2026-09-08T03:47:01.240145+00:00
e424cf33-d931-4907-8caa-8863a8594643,fUSD,0.000147708,2,6,4249.78369086,offer,2026-09-08T03:47:01.240145+00:00
e424cf33-d931-4907-8caa-8863a8594643,fUSD,0.00014795466666666667,2,6,1769.04423394,offer,2026-09-08T03:47:01.240145+00:00
e424cf33-d931-4907-8caa-8863a8594643,fUSD,0.00014842283299835616,2,1,180.16,offer,2026-09-08T03:47:01.240145+00:00
e424cf33-d931-4907-8caa-8863a8594643,fUSD,0.0001486068804303928,2,1,435.58,offer,2026-09-08T03:47:01.240145+00:00
e424cf33-d931-4907-8caa-8863a8594643,fUSD,0.0001488,2,1,200.0,offer,2026-09-08T03:47:01.240145+00:00
e424cf33-d931-4907-8caa-8863a8594643,fUSD,0.00014898904109589042,2,1,1006.45873229,offer,2026-09-08T03:47:01.240145+00:00
cef255e8-3d1b-4653-a5b8-1b52d1fbd91e,fUSD,0.00022,30,1,-30100.0,demand,2026-09-08T04:47:01.270097+00:00
cef255e8-3d1b-4653-a5b8-1b52d1fbd91e,fUSD,0.00021,30,1,-30000.0,demand,2026-09-08T04:47:01.270097+00:00
cef255e8-3d1b-4653-a5b8-1b52d1fbd91e,fUSD,0.000209,30,1,-6289.12258117,demand,2026-09-08T04:47:01.270097+00:00
cef255e8-3d1b-4653-a5b8-1b52d1fbd91e,fUSD,0.0002,7,1,-150.0,demand,2026-09-08T04:47:01.270097+00:00
cef255e8-3d1b-4653-a5b8-1b52d1fbd91e,fUSD,0.0001712,120,1,-20000.0,demand,2026-09-08T04:47:01.270097+00:00
cef255e8-3d1b-4653-a5b8-1b52d1fbd91e,fUSD,0.00017111,120,1,-2000000.0,demand,2026-09-08T04:47:01.270097+00:00
cef255e8-3d1b-4653-a5b8-1b52d1fbd91e,fUSD,0.000161,120,1,-100000.0,demand,2026-09-08T04:47:01.270097+00:00
cef255e8-3d1b-4653-a5b8-1b52d1fbd91e,fUSD,0.0001603,60,1,-18000.0,demand,2026-09-08T04:47:01.270097+00:00
cef255e8-3d1b-4653-a5b8-1b52d1fbd91e,fUSD,0.00016,120,2,-10009162.66122322,demand,2026-09-08T04:47:01.270097+00:00
cef255e8-3d1b-4653-a5b8-1b52d1fbd91e,fUSD,0.000152,45,2,-3000.0,demand,2026-09-08T04:47:01.270097+00:00
cef255e8-3d1b-4653-a5b8-1b52d1fbd91e,fUSD,0.00015,120,1,-500.0,demand,2026-09-08T04:47:01.270097+00:00
cef255e8-3d1b-4653-a5b8-1b52d1fbd91e,fUSD,0.00015,2,1,-10000.0,demand,2026-09-08T04:47:01.270097+00:00
cef255e8-3d1b-4653-a5b8-1b52d1fbd91e,fUSD,0.000145,7,1,-190.0,demand,2026-09-08T04:47:01.270097+00:00
cef255e8-3d1b-4653-a5b8-1b52d1fbd91e,fUSD,0.00014252,120,1,-10770.76644364,demand,2026-09-08T04:47:01.270097+00:00
cef255e8-3d1b-4653-a5b8-1b52d1fbd91e,fUSD,0.00014,7,1,-1915.5264718,demand,2026-09-08T04:47:01.270097+00:00
cef255e8-3d1b-4653-a5b8-1b52d1fbd91e,fUSD,0.0001342002,2,1,-432236.27895839,demand,2026-09-08T04:47:01.270097+00:00
cef255e8-3d1b-4653-a5b8-1b52d1fbd91e,fUSD,0.0001342,2,1,-656190.47465241,demand,2026-09-08T04:47:01.270097+00:00
cef255e8-3d1b-4653-a5b8-1b52d1fbd91e,fUSD,0.00013367,2,1,-320.843072,demand,2026-09-08T04:47:01.270097+00:00
cef255e8-3d1b-4653-a5b8-1b52d1fbd91e,fUSD,0.000132,7,1,-10000.0,demand,2026-09-08T04:47:01.270097+00:00
cef255e8-3d1b-4653-a5b8-1b52d1fbd91e,fUSD,0.000131,13,1,-7000.0,demand,2026-09-08T04:47:01.270097+00:00
cef255e8-3d1b-4653-a5b8-1b52d1fbd91e,fUSD,0.00013,2,1,-2000000.0,demand,2026-09-08T04:47:01.270097+00:00
cef255e8-3d1b-4653-a5b8-1b52d1fbd91e,fUSD,0.00012757,120,1,-100000.0,demand,2026-09-08T04:47:01.270097+00:00
cef255e8-3d1b-4653-a5b8-1b52d1fbd91e,fUSD,0.0001221,120,1,-12587.13,demand,2026-09-08T04:47:01.270097+00:00
cef255e8-3d1b-4653-a5b8-1b52d1fbd91e,fUSD,0.000121,7,1,-6000.0,demand,2026-09-08T04:47:01.270097+00:00
cef255e8-3d1b-4653-a5b8-1b52d1fbd91e,fUSD,0.00012,120,1,-200000.0,demand,2026-09-08T04:47:01.270097+00:00
cef255e8-3d1b-4653-a5b8-1b52d1fbd91e,fUSD,0.00013487671232876713,2,2,300.0,offer,2026-09-08T04:47:01.270097+00:00
cef255e8-3d1b-4653-a5b8-1b52d1fbd91e,fUSD,0.0001361067,2,1,1000.0,offer,2026-09-08T04:47:01.270097+00:00
cef255e8-3d1b-4653-a5b8-1b52d1fbd91e,fUSD,0.0001372818,2,1,200.0,offer,2026-09-08T04:47:01.270097+00:00
cef255e8-3d1b-4653-a5b8-1b52d1fbd91e,fUSD,0.0001385172,2,1,165.41,offer,2026-09-08T04:47:01.270097+00:00
cef255e8-3d1b-4653-a5b8-1b52d1fbd91e,fUSD,0.00013934175,2,1,191.4856581,offer,2026-09-08T04:47:01.270097+00:00
cef255e8-3d1b-4653-a5b8-1b52d1fbd91e,fUSD,0.00013987214611872146,2,1,150.0,offer,2026-09-08T04:47:01.270097+00:00
cef255e8-3d1b-4653-a5b8-1b52d1fbd91e,fUSD,0.0001399,2,1,298.38336486,offer,2026-09-08T04:47:01.270097+00:00
cef255e8-3d1b-4653-a5b8-1b52d1fbd91e,fUSD,0.00014,2,1,246.71692276,offer,2026-09-08T04:47:01.270097+00:00
cef255e8-3d1b-4653-a5b8-1b52d1fbd91e,fUSD,0.0001401663,2,1,371.09,offer,2026-09-08T04:47:01.270097+00:00
cef255e8-3d1b-4653-a5b8-1b52d1fbd91e,fUSD,0.0001405013,2,1,183.08,offer,2026-09-08T04:47:01.270097+00:00
cef255e8-3d1b-4653-a5b8-1b52d1fbd91e,fUSD,0.0001405013,7,1,241.46022405,offer,2026-09-08T04:47:01.270097+00:00
cef255e8-3d1b-4653-a5b8-1b52d1fbd91e,fUSD,0.00014053,2,18,8953.28336077,offer,2026-09-08T04:47:01.270097+00:00
cef255e8-3d1b-4653-a5b8-1b52d1fbd91e,fUSD,0.00014054,2,1,200.0,offer,2026-09-08T04:47:01.270097+00:00
cef255e8-3d1b-4653-a5b8-1b52d1fbd91e,fUSD,0.00014054,7,1,200.0,offer,2026-09-08T04:47:01.270097+00:00
cef255e8-3d1b-4653-a5b8-1b52d1fbd91e,fUSD,0.0001411227,2,1,976.64,offer,2026-09-08T04:47:01.270097+00:00
cef255e8-3d1b-4653-a5b8-1b52d1fbd91e,fUSD,0.00014123,2,1,150.0,offer,2026-09-08T04:47:01.270097+00:00
cef255e8-3d1b-4653-a5b8-1b52d1fbd91e,fUSD,0.00014124931506849316,7,2,391.46022405,offer,2026-09-08T04:47:01.270097+00:00
cef255e8-3d1b-4653-a5b8-1b52d1fbd91e,fUSD,0.00014124931506849316,2,2,1012.0,offer,2026-09-08T04:47:01.270097+00:00
cef255e8-3d1b-4653-a5b8-1b52d1fbd91e,fUSD,0.0001414045,7,1,241.46022404,offer,2026-09-08T04:47:01.270097+00:00
cef255e8-3d1b-4653-a5b8-1b52d1fbd91e,fUSD,0.000142730808,2,1,179.58,offer,2026-09-08T04:47:01.270097+00:00
cef255e8-3d1b-4653-a5b8-1b52d1fbd91e,fUSD,0.0001436704095890411,2,1,371.09,offer,2026-09-08T04:47:01.270097+00:00
cef255e8-3d1b-4653-a5b8-1b52d1fbd91e,fUSD,0.00014398176470588233,2,1,209.72831081,offer,2026-09-08T04:47:01.270097+00:00
cef255e8-3d1b-4653-a5b8-1b52d1fbd91e,fUSD,0.00014398176470588233,7,1,241.46022404,offer,2026-09-08T04:47:01.270097+00:00
cef255e8-3d1b-4653-a5b8-1b52d1fbd91e,fUSD,0.0001448675799086758,2,1,150.0,offer,2026-09-08T04:47:01.270097+00:00
cef255e8-3d1b-4653-a5b8-1b52d1fbd91e,fUSD,0.00014560116666666666,2,2,302.0,offer,2026-09-08T04:47:01.270097+00:00
cb245bb5-dd32-41d3-8ff9-3377a9d4ee03,fUSD,0.00022,30,1,-30100.0,demand,2026-09-08T05:47:01.241645+00:00
cb245bb5-dd32-41d3-8ff9-3377a9d4ee03,fUSD,0.00021,30,1,-30000.0,demand,2026-09-08T05:47:01.241645+00:00
cb245bb5-dd32-41d3-8ff9-3377a9d4ee03,fUSD,0.000209,30,1,-6289.12258117,demand,2026-09-08T05:47:01.241645+00:00
cb245bb5-dd32-41d3-8ff9-3377a9d4ee03,fUSD,0.0002,7,1,-150.0,demand,2026-09-08T05:47:01.241645+00:00
cb245bb5-dd32-41d3-8ff9-3377a9d4ee03,fUSD,0.0001712,120,1,-20000.0,demand,2026-09-08T05:47:01.241645+00:00
cb245bb5-dd32-41d3-8ff9-3377a9d4ee03,fUSD,0.00017111,120,1,-2000000.0,demand,2026-09-08T05:47:01.241645+00:00
cb245bb5-dd32-41d3-8ff9-3377a9d4ee03,fUSD,0.000161,120,1,-100000.0,demand,2026-09-08T05:47:01.241645+00:00
cb245bb5-dd32-41d3-8ff9-3377a9d4ee03,fUSD,0.00016,120,2,-10009162.66122322,demand,2026-09-08T05:47:01.241645+00:00
cb245bb5-dd32-41d3-8ff9-3377a9d4ee03,fUSD,0.000152,45,2,-3000.0,demand,2026-09-08T05:47:01.241645+00:00
cb245bb5-dd32-41d3-8ff9-3377a9d4ee03,fUSD,0.0001503,90,1,-20000.0,demand,2026-09-08T05:47:01.241645+00:00
cb245bb5-dd32-41d3-8ff9-3377a9d4ee03,fUSD,0.00015,120,1,-500.0,demand,2026-09-08T05:47:01.241645+00:00
cb245bb5-dd32-41d3-8ff9-3377a9d4ee03,fUSD,0.00015,2,1,-10000.0,demand,2026-09-08T05:47:01.241645+00:00
cb245bb5-dd32-41d3-8ff9-3377a9d4ee03,fUSD,0.000145,7,1,-190.0,demand,2026-09-08T05:47:01.241645+00:00
cb245bb5-dd32-41d3-8ff9-3377a9d4ee03,fUSD,0.00014252,120,1,-10770.76644364,demand,2026-09-08T05:47:01.241645+00:00
cb245bb5-dd32-41d3-8ff9-3377a9d4ee03,fUSD,0.0001403,90,1,-20000.0,demand,2026-09-08T05:47:01.241645+00:00
cb245bb5-dd32-41d3-8ff9-3377a9d4ee03,fUSD,0.00014,7,1,-1915.5264718,demand,2026-09-08T05:47:01.241645+00:00
cb245bb5-dd32-41d3-8ff9-3377a9d4ee03,fUSD,0.0001342002,2,1,-387459.63995839,demand,2026-09-08T05:47:01.241645+00:00
cb245bb5-dd32-41d3-8ff9-3377a9d4ee03,fUSD,0.0001342,2,1,-656190.47465241,demand,2026-09-08T05:47:01.241645+00:00
cb245bb5-dd32-41d3-8ff9-3377a9d4ee03,fUSD,0.000132,7,1,-10000.0,demand,2026-09-08T05:47:01.241645+00:00
cb245bb5-dd32-41d3-8ff9-3377a9d4ee03,fUSD,0.000131,13,1,-7000.0,demand,2026-09-08T05:47:01.241645+00:00
cb245bb5-dd32-41d3-8ff9-3377a9d4ee03,fUSD,0.00013,2,1,-2000000.0,demand,2026-09-08T05:47:01.241645+00:00
cb245bb5-dd32-41d3-8ff9-3377a9d4ee03,fUSD,0.00012757,120,1,-100000.0,demand,2026-09-08T05:47:01.241645+00:00
cb245bb5-dd32-41d3-8ff9-3377a9d4ee03,fUSD,0.0001221,120,1,-12587.13,demand,2026-09-08T05:47:01.241645+00:00
cb245bb5-dd32-41d3-8ff9-3377a9d4ee03,fUSD,0.000121,7,1,-6000.0,demand,2026-09-08T05:47:01.241645+00:00
cb245bb5-dd32-41d3-8ff9-3377a9d4ee03,fUSD,0.00012,120,1,-200000.0,demand,2026-09-08T05:47:01.241645+00:00
cb245bb5-dd32-41d3-8ff9-3377a9d4ee03,fUSD,0.0001488,2,3,600.0,offer,2026-09-08T05:47:01.241645+00:00
cb245bb5-dd32-41d3-8ff9-3377a9d4ee03,fUSD,0.0001488347296729095,2,1,327.79,offer,2026-09-08T05:47:01.241645+00:00
cb245bb5-dd32-41d3-8ff9-3377a9d4ee03,fUSD,0.0001489,2,1,10323.63595737,offer,2026-09-08T05:47:01.241645+00:00
cb245bb5-dd32-41d3-8ff9-3377a9d4ee03,fUSD,0.00014899,2,2,12661.63916614,offer,2026-09-08T05:47:01.241645+00:00
cb245bb5-dd32-41d3-8ff9-3377a9d4ee03,fUSD,0.000149,2,4,2685.46579473,offer,2026-09-08T05:47:01.241645+00:00
cb245bb5-dd32-41d3-8ff9-3377a9d4ee03,fUSD,0.00014908,2,1,294.85213282,offer,2026-09-08T05:47:01.241645+00:00
cb245bb5-dd32-41d3-8ff9-3377a9d4ee03,fUSD,0.00014956,2,1,179.76256175,offer,2026-09-08T05:47:01.241645+00:00
cb245bb5-dd32-41d3-8ff9-3377a9d4ee03,fUSD,0.0001499,2,21,312834.69226015,offer,2026-09-08T05:47:01.241645+00:00
cb245bb5-dd32-41d3-8ff9-3377a9d4ee03,fUSD,0.00014994,2,1,31084.2097391,offer,2026-09-08T05:47:01.241645+00:00
cb245bb5-dd32-41d3-8ff9-3377a9d4ee03,fUSD,0.0001499590410958904,2,1,151.0,offer,2026-09-08T05:47:01.241645+00:00
cb245bb5-dd32-41d3-8ff9-3377a9d4ee03,fUSD,0.00014998,2,1,500.0,offer,2026-09-08T05:47:01.241645+00:00
cb245bb5-dd32-41d3-8ff9-3377a9d4ee03,fUSD,0.00014999,2,19,9960.05378332,offer,2026-09-08T05:47:01.241645+00:00
cb245bb5-dd32-41d3-8ff9-3377a9d4ee03,fUSD,0.00014999001,2,1,671.1471374,offer,2026-09-08T05:47:01.241645+00:00
cb245bb5-dd32-41d3-8ff9-3377a9d4ee03,fUSD,0.0001499972602739726,5,2,4729.0,offer,2026-09-08T05:47:01.241645+00:00
cb245bb5-dd32-41d3-8ff9-3377a9d4ee03,fUSD,0.00015,2,33,1592498.48047813,offer,2026-09-08T05:47:01.241645+00:00
cb245bb5-dd32-41d3-8ff9-3377a9d4ee03,fUSD,0.00015,5,1,276703.17244357,offer,2026-09-08T05:47:01.241645+00:00
cb245bb5-dd32-41d3-8ff9-3377a9d4ee03,fUSD,0.00015005,2,1,1067.59795708,offer,2026-09-08T05:47:01.241645+00:00
cb245bb5-dd32-41d3-8ff9-3377a9d4ee03,fUSD,0.00015011956817267968,2,1,22637.46505262,offer,2026-09-08T05:47:01.241645+00:00
cb245bb5-dd32-41d3-8ff9-3377a9d4ee03,fUSD,0.00015013698630136985,2,1,500.0,offer,2026-09-08T05:47:01.241645+00:00
cb245bb5-dd32-41d3-8ff9-3377a9d4ee03,fUSD,0.00015019314166666664,2,2,310.1750063,offer,2026-09-08T05:47:01.241645+00:00
cb245bb5-dd32-41d3-8ff9-3377a9d4ee03,fUSD,0.000151256052,7,2,410.20069204,offer,2026-09-08T05:47:01.241645+00:00
cb245bb5-dd32-41d3-8ff9-3377a9d4ee03,fUSD,0.00015135752403060187,2,2,302.0900185,offer,2026-09-08T05:47:01.241645+00:00
cb245bb5-dd32-41d3-8ff9-3377a9d4ee03,fUSD,0.0001516,2,12,20654.71,offer,2026-09-08T05:47:01.241645+00:00
cb245bb5-dd32-41d3-8ff9-3377a9d4ee03,fUSD,0.00015163949567021694,2,1,621.43532138,offer,2026-09-08T05:47:01.241645+00:00
cb245bb5-dd32-41d3-8ff9-3377a9d4ee03,fUSD,0.00015167982702848424,2,1,511.23116033,offer,2026-09-08T05:47:01.241645+00:00
cf40b357-347f-4597-908f-96bbbf47bb96,fUSD,0.00022,30,1,-30100.0,demand,2026-09-08T06:47:01.378202+00:00
cf40b357-347f-4597-908f-96bbbf47bb96,fUSD,0.00021,30,1,-30000.0,demand,2026-09-08T06:47:01.378202+00:00
cf40b357-347f-4597-908f-96bbbf47bb96,fUSD,0.000209,30,1,-6289.12258117,demand,2026-09-08T06:47:01.378202+00:00
cf40b357-347f-4597-908f-96bbbf47bb96,fUSD,0.0002,7,1,-150.0,demand,2026-09-08T06:47:01.378202+00:00
cf40b357-347f-4597-908f-96bbbf47bb96,fUSD,0.0001712,120,1,-20000.0,demand,2026-09-08T06:47:01.378202+00:00
cf40b357-347f-4597-908f-96bbbf47bb96,fUSD,0.00017111,120,1,-2000000.0,demand,2026-09-08T06:47:01.378202+00:00
cf40b357-347f-4597-908f-96bbbf47bb96,fUSD,0.000161,120,1,-100000.0,demand,2026-09-08T06:47:01.378202+00:00
cf40b357-347f-4597-908f-96bbbf47bb96,fUSD,0.00016,120,2,-10009162.66122322,demand,2026-09-08T06:47:01.378202+00:00
cf40b357-347f-4597-908f-96bbbf47bb96,fUSD,0.000152,45,2,-3000.0,demand,2026-09-08T06:47:01.378202+00:00
cf40b357-347f-4597-908f-96bbbf47bb96,fUSD,0.0001503,90,1,-20000.0,demand,2026-09-08T06:47:01.378202+00:00
cf40b357-347f-4597-908f-96bbbf47bb96,fUSD,0.00015,120,1,-500.0,demand,2026-09-08T06:47:01.378202+00:00
cf40b357-347f-4597-908f-96bbbf47bb96,fUSD,0.00015,2,1,-10000.0,demand,2026-09-08T06:47:01.378202+00:00
cf40b357-347f-4597-908f-96bbbf47bb96,fUSD,0.000145,7,1,-190.0,demand,2026-09-08T06:47:01.378202+00:00
cf40b357-347f-4597-908f-96bbbf47bb96,fUSD,0.00014252,120,1,-10770.76644364,demand,2026-09-08T06:47:01.378202+00:00
cf40b357-347f-4597-908f-96bbbf47bb96,fUSD,0.0001403,90,1,-20000.0,demand,2026-09-08T06:47:01.378202+00:00
cf40b357-347f-4597-908f-96bbbf47bb96,fUSD,0.00014,7,1,-1720.72844017,demand,2026-09-08T06:47:01.378202+00:00
cf40b357-347f-4597-908f-96bbbf47bb96,fUSD,0.00013356,2,1,-602.473585,demand,2026-09-08T06:47:01.378202+00:00
cf40b357-347f-4597-908f-96bbbf47bb96,fUSD,0.000132,7,1,-10000.0,demand,2026-09-08T06:47:01.378202+00:00
cf40b357-347f-4597-908f-96bbbf47bb96,fUSD,0.000131,13,1,-7000.0,demand,2026-09-08T06:47:01.378202+00:00
cf40b357-347f-4597-908f-96bbbf47bb96,fUSD,0.000131,7,1,-5000.0,demand,2026-09-08T06:47:01.378202+00:00
cf40b357-347f-4597-908f-96bbbf47bb96,fUSD,0.00013,2,1,-1833334.48051863,demand,2026-09-08T06:47:01.378202+00:00
cf40b357-347f-4597-908f-96bbbf47bb96,fUSD,0.00012757,120,1,-100000.0,demand,2026-09-08T06:47:01.378202+00:00
cf40b357-347f-4597-908f-96bbbf47bb96,fUSD,0.0001221,120,1,-12587.13,demand,2026-09-08T06:47:01.378202+00:00
cf40b357-347f-4597-908f-96bbbf47bb96,fUSD,0.000121,7,1,-6000.0,demand,2026-09-08T06:47:01.378202+00:00
cf40b357-347f-4597-908f-96bbbf47bb96,fUSD,0.00012,120,1,-200000.0,demand,2026-09-08T06:47:01.378202+00:00
cf40b357-347f-4597-908f-96bbbf47bb96,fUSD,0.00013711481784,2,1,157.56,offer,2026-09-08T06:47:01.378202+00:00
cf40b357-347f-4597-908f-96bbbf47bb96,fUSD,0.00013850740892,2,1,150.0,offer,2026-09-08T06:47:01.378202+00:00
cf40b357-347f-4597-908f-96bbbf47bb96,fUSD,0.0001399,2,1,500.0,offer,2026-09-08T06:47:01.378202+00:00
cf40b357-347f-4597-908f-96bbbf47bb96,fUSD,0.0001404219,2,1,177.04,offer,2026-09-08T06:47:01.378202+00:00
cf40b357-347f-4597-908f-96bbbf47bb96,fUSD,0.00014133243913315847,2,1,193.8969,offer,2026-09-08T06:47:01.378202+00:00
cf40b357-347f-4597-908f-96bbbf47bb96,fUSD,0.0001427600395284429,3,1,471.81,offer,2026-09-08T06:47:01.378202+00:00
cf40b357-347f-4597-908f-96bbbf47bb96,fUSD,0.0001428,2,1,163.0,offer,2026-09-08T06:47:01.378202+00:00
cf40b357-347f-4597-908f-96bbbf47bb96,fUSD,0.0001431859,2,2,778.83,offer,2026-09-08T06:47:01.378202+00:00
cf40b357-347f-4597-908f-96bbbf47bb96,fUSD,0.00014473424662,2,2,559.5,offer,2026-09-08T06:47:01.378202+00:00
cf40b357-347f-4597-908f-96bbbf47bb96,fUSD,0.0001447424658,2,1,152.07,offer,2026-09-08T06:47:01.378202+00:00
cf40b357-347f-4597-908f-96bbbf47bb96,fUSD,0.00014562465,2,7,2457.43997804,offer,2026-09-08T06:47:01.378202+00:00
cf40b357-347f-4597-908f-96bbbf47bb96,fUSD,0.000146,2,1,164.0,offer,2026-09-08T06:47:01.378202+00:00
cf40b357-347f-4597-908f-96bbbf47bb96,fUSD,0.00014836464999999998,2,1,151.0,offer,2026-09-08T06:47:01.378202+00:00
cf40b357-347f-4597-908f-96bbbf47bb96,fUSD,0.0001488,2,2,2200.0,offer,2026-09-08T06:47:01.378202+00:00
cf40b357-347f-4597-908f-96bbbf47bb96,fUSD,0.00014899,2,2,307.25404964,offer,2026-09-08T06:47:01.378202+00:00
cf40b357-347f-4597-908f-96bbbf47bb96,fUSD,0.000149,2,2,7692.45721944,offer,2026-09-08T06:47:01.378202+00:00
cf40b357-347f-4597-908f-96bbbf47bb96,fUSD,0.00014916509523070845,2,1,576.83591487,offer,2026-09-08T06:47:01.378202+00:00
cf40b357-347f-4597-908f-96bbbf47bb96,fUSD,0.0001492,2,1,2000.0,offer,2026-09-08T06:47:01.378202+00:00
cf40b357-347f-4597-908f-96bbbf47bb96,fUSD,0.0001497,2,1,2000.0,offer,2026-09-08T06:47:01.378202+00:00
cf40b357-347f-4597-908f-96bbbf47bb96,fUSD,0.00014987,2,1,448.28809244,offer,2026-09-08T06:47:01.378202+00:00
cf40b357-347f-4597-908f-96bbbf47bb96,fUSD,0.0001499,2,1,273.77932115,offer,2026-09-08T06:47:01.378202+00:00
cf40b357-347f-4597-908f-96bbbf47bb96,fUSD,0.00014998,2,2,2714.59,offer,2026-09-08T06:47:01.378202+00:00
cf40b357-347f-4597-908f-96bbbf47bb96,fUSD,0.00014999,2,72,40028.97885209,offer,2026-09-08T06:47:01.378202+00:00
cf40b357-347f-4597-908f-96bbbf47bb96,fUSD,0.00014999,5,1,1281.501821,offer,2026-09-08T06:47:01.378202+00:00
cf40b357-347f-4597-908f-96bbbf47bb96,fUSD,0.0001499972602739726,5,2,2263.0,offer,2026-09-08T06:47:01.378202+00:00
815f27df-c114-425d-9269-1153be2e11c2,fUSD,0.00022,30,1,-30100.0,demand,2026-09-08T07:47:01.292650+00:00
815f27df-c114-425d-9269-1153be2e11c2,fUSD,0.00021,30,1,-30000.0,demand,2026-09-08T07:47:01.292650+00:00
815f27df-c114-425d-9269-1153be2e11c2,fUSD,0.000209,30,1,-6289.12258117,demand,2026-09-08T07:47:01.292650+00:00
815f27df-c114-425d-9269-1153be2e11c2,fUSD,0.0002,7,1,-150.0,demand,2026-09-08T07:47:01.292650+00:00
815f27df-c114-425d-9269-1153be2e11c2,fUSD,0.0001712,120,1,-20000.0,demand,2026-09-08T07:47:01.292650+00:00
815f27df-c114-425d-9269-1153be2e11c2,fUSD,0.00017111,120,1,-2000000.0,demand,2026-09-08T07:47:01.292650+00:00
815f27df-c114-425d-9269-1153be2e11c2,fUSD,0.000161,120,1,-100000.0,demand,2026-09-08T07:47:01.292650+00:00
815f27df-c114-425d-9269-1153be2e11c2,fUSD,0.00016,120,2,-10009162.66122322,demand,2026-09-08T07:47:01.292650+00:00
815f27df-c114-425d-9269-1153be2e11c2,fUSD,0.000152,45,2,-3000.0,demand,2026-09-08T07:47:01.292650+00:00
815f27df-c114-425d-9269-1153be2e11c2,fUSD,0.0001503,90,1,-20000.0,demand,2026-09-08T07:47:01.292650+00:00
815f27df-c114-425d-9269-1153be2e11c2,fUSD,0.00015,120,1,-500.0,demand,2026-09-08T07:47:01.292650+00:00
815f27df-c114-425d-9269-1153be2e11c2,fUSD,0.00015,2,1,-10000.0,demand,2026-09-08T07:47:01.292650+00:00
815f27df-c114-425d-9269-1153be2e11c2,fUSD,0.000145,7,1,-190.0,demand,2026-09-08T07:47:01.292650+00:00
815f27df-c114-425d-9269-1153be2e11c2,fUSD,0.00014252,120,1,-10770.76644364,demand,2026-09-08T07:47:01.292650+00:00
815f27df-c114-425d-9269-1153be2e11c2,fUSD,0.0001403,90,1,-20000.0,demand,2026-09-08T07:47:01.292650+00:00
815f27df-c114-425d-9269-1153be2e11c2,fUSD,0.00014,7,1,-1414.33414111,demand,2026-09-08T07:47:01.292650+00:00
815f27df-c114-425d-9269-1153be2e11c2,fUSD,0.000132,7,1,-10000.0,demand,2026-09-08T07:47:01.292650+00:00
815f27df-c114-425d-9269-1153be2e11c2,fUSD,0.000131,13,1,-7000.0,demand,2026-09-08T07:47:01.292650+00:00
815f27df-c114-425d-9269-1153be2e11c2,fUSD,0.000131,7,1,-5000.0,demand,2026-09-08T07:47:01.292650+00:00
815f27df-c114-425d-9269-1153be2e11c2,fUSD,0.00013,2,1,-1833299.98310363,demand,2026-09-08T07:47:01.292650+00:00
815f27df-c114-425d-9269-1153be2e11c2,fUSD,0.00012757,120,1,-100000.0,demand,2026-09-08T07:47:01.292650+00:00
815f27df-c114-425d-9269-1153be2e11c2,fUSD,0.0001221,120,1,-12587.13,demand,2026-09-08T07:47:01.292650+00:00
815f27df-c114-425d-9269-1153be2e11c2,fUSD,0.000121,7,1,-6000.0,demand,2026-09-08T07:47:01.292650+00:00
815f27df-c114-425d-9269-1153be2e11c2,fUSD,0.00012,120,1,-200000.0,demand,2026-09-08T07:47:01.292650+00:00
815f27df-c114-425d-9269-1153be2e11c2,fUSD,0.0001194,120,1,-191.96825606,demand,2026-09-08T07:47:01.292650+00:00
815f27df-c114-425d-9269-1153be2e11c2,fUSD,0.00013487671232876713,2,1,150.0,offer,2026-09-08T07:47:01.292650+00:00
815f27df-c114-425d-9269-1153be2e11c2,fUSD,0.00013712860588438355,2,1,151.45336101,offer,2026-09-08T07:47:01.292650+00:00
815f27df-c114-425d-9269-1153be2e11c2,fUSD,0.00013938049944,2,1,156.39,offer,2026-09-08T07:47:01.292650+00:00
815f27df-c114-425d-9269-1153be2e11c2,fUSD,0.00014124931506849316,2,1,511.0,offer,2026-09-08T07:47:01.292650+00:00
815f27df-c114-425d-9269-1153be2e11c2,fUSD,0.00014267784774762095,3,1,306.36,offer,2026-09-08T07:47:01.292650+00:00
815f27df-c114-425d-9269-1153be2e11c2,fUSD,0.0001434479,2,1,1038.99,offer,2026-09-08T07:47:01.292650+00:00
815f27df-c114-425d-9269-1153be2e11c2,fUSD,0.0001446698,2,1,208.37,offer,2026-09-08T07:47:01.292650+00:00
815f27df-c114-425d-9269-1153be2e11c2,fUSD,0.0001455519,2,1,200.0,offer,2026-09-08T07:47:01.292650+00:00
815f27df-c114-425d-9269-1153be2e11c2,fUSD,0.00014899,2,2,7332.62677862,offer,2026-09-08T07:47:01.292650+00:00
815f27df-c114-425d-9269-1153be2e11c2,fUSD,0.000149,2,3,7499.65177536,offer,2026-09-08T07:47:01.292650+00:00
815f27df-c114-425d-9269-1153be2e11c2,fUSD,0.00014952873302448788,2,1,205.85,offer,2026-09-08T07:47:01.292650+00:00
815f27df-c114-425d-9269-1153be2e11c2,fUSD,0.00014986301369863012,2,1,150.0,offer,2026-09-08T07:47:01.292650+00:00
815f27df-c114-425d-9269-1153be2e11c2,fUSD,0.00014989000000000002,2,3,613.43026915,offer,2026-09-08T07:47:01.292650+00:00
815f27df-c114-425d-9269-1153be2e11c2,fUSD,0.0001499,2,1,303.62972974,offer,2026-09-08T07:47:01.292650+00:00
815f27df-c114-425d-9269-1153be2e11c2,fUSD,0.0001499590410958904,2,1,151.0,offer,2026-09-08T07:47:01.292650+00:00
815f27df-c114-425d-9269-1153be2e11c2,fUSD,0.00014997,2,1,151.0,offer,2026-09-08T07:47:01.292650+00:00
815f27df-c114-425d-9269-1153be2e11c2,fUSD,0.00014998,2,2,449.99,offer,2026-09-08T07:47:01.292650+00:00
815f27df-c114-425d-9269-1153be2e11c2,fUSD,0.00014998904109589042,2,3,11786.99,offer,2026-09-08T07:47:01.292650+00:00
815f27df-c114-425d-9269-1153be2e11c2,fUSD,0.00014999,2,36,201407.49580632,offer,2026-09-08T07:47:01.292650+00:00
815f27df-c114-425d-9269-1153be2e11c2,fUSD,0.00014999,5,2,2413.7370786,offer,2026-09-08T07:47:01.292650+00:00
815f27df-c114-425d-9269-1153be2e11c2,fUSD,0.00014999001,2,1,671.1471374,offer,2026-09-08T07:47:01.292650+00:00
815f27df-c114-425d-9269-1153be2e11c2,fUSD,0.00015,2,26,571856.01197346,offer,2026-09-08T07:47:01.292650+00:00
815f27df-c114-425d-9269-1153be2e11c2,fUSD,0.00015,5,1,1211636.82787187,offer,2026-09-08T07:47:01.292650+00:00
815f27df-c114-425d-9269-1153be2e11c2,fUSD,0.000152,2,2,5345.4561641,offer,2026-09-08T07:47:01.292650+00:00
815f27df-c114-425d-9269-1153be2e11c2,fUSD,0.00015249620059664163,2,6,1057.76310027,offer,2026-09-08T07:47:01.292650+00:00
fcfc2b3a-441c-4c6f-9d56-7084089889e0,fUSD,0.00022,30,1,-30100.0,demand,2026-09-08T08:47:01.371286+00:00
fcfc2b3a-441c-4c6f-9d56-7084089889e0,fUSD,0.00021,30,1,-30000.0,demand,2026-09-08T08:47:01.371286+00:00
fcfc2b3a-441c-4c6f-9d56-7084089889e0,fUSD,0.000209,30,1,-6289.12258117,demand,2026-09-08T08:47:01.371286+00:00
fcfc2b3a-441c-4c6f-9d56-7084089889e0,fUSD,0.0002,7,1,-150.0,demand,2026-09-08T08:47:01.371286+00:00
fcfc2b3a-441c-4c6f-9d56-7084089889e0,fUSD,0.0001712,120,1,-20000.0,demand,2026-09-08T08:47:01.371286+00:00
fcfc2b3a-441c-4c6f-9d56-7084089889e0,fUSD,0.00017111,120,1,-2000000.0,demand,2026-09-08T08:47:01.371286+00:00
fcfc2b3a-441c-4c6f-9d56-7084089889e0,fUSD,0.000161,120,1,-100000.0,demand,2026-09-08T08:47:01.371286+00:00
fcfc2b3a-441c-4c6f-9d56-7084089889e0,fUSD,0.00016,120,2,-10009162.66122322,demand,2026-09-08T08:47:01.371286+00:00
fcfc2b3a-441c-4c6f-9d56-7084089889e0,fUSD,0.000152,45,2,-3000.0,demand,2026-09-08T08:47:01.371286+00:00
fcfc2b3a-441c-4c6f-9d56-7084089889e0,fUSD,0.0001503,90,1,-20000.0,demand,2026-09-08T08:47:01.371286+00:00
fcfc2b3a-441c-4c6f-9d56-7084089889e0,fUSD,0.00015,120,1,-500.0,demand,2026-09-08T08:47:01.371286+00:00
fcfc2b3a-441c-4c6f-9d56-7084089889e0,fUSD,0.00015,2,1,-10000.0,demand,2026-09-08T08:47:01.371286+00:00
fcfc2b3a-441c-4c6f-9d56-7084089889e0,fUSD,0.000145,7,1,-190.0,demand,2026-09-08T08:47:01.371286+00:00
fcfc2b3a-441c-4c6f-9d56-7084089889e0,fUSD,0.00014252,120,1,-10770.76644364,demand,2026-09-08T08:47:01.371286+00:00
fcfc2b3a-441c-4c6f-9d56-7084089889e0,fUSD,0.0001403,90,1,-20000.0,demand,2026-09-08T08:47:01.371286+00:00
fcfc2b3a-441c-4c6f-9d56-7084089889e0,fUSD,0.00014,7,1,-1221.40459402,demand,2026-09-08T08:47:01.371286+00:00
fcfc2b3a-441c-4c6f-9d56-7084089889e0,fUSD,0.000132,7,1,-10000.0,demand,2026-09-08T08:47:01.371286+00:00
fcfc2b3a-441c-4c6f-9d56-7084089889e0,fUSD,0.000131,13,1,-7000.0,demand,2026-09-08T08:47:01.371286+00:00
fcfc2b3a-441c-4c6f-9d56-7084089889e0,fUSD,0.000131,7,1,-5000.0,demand,2026-09-08T08:47:01.371286+00:00
fcfc2b3a-441c-4c6f-9d56-7084089889e0,fUSD,0.00013,2,1,-1808560.94837763,demand,2026-09-08T08:47:01.371286+00:00
fcfc2b3a-441c-4c6f-9d56-7084089889e0,fUSD,0.00012757,120,1,-100000.0,demand,2026-09-08T08:47:01.371286+00:00
fcfc2b3a-441c-4c6f-9d56-7084089889e0,fUSD,0.0001221,120,1,-12587.13,demand,2026-09-08T08:47:01.371286+00:00
fcfc2b3a-441c-4c6f-9d56-7084089889e0,fUSD,0.000121,7,1,-6000.0,demand,2026-09-08T08:47:01.371286+00:00
fcfc2b3a-441c-4c6f-9d56-7084089889e0,fUSD,0.00012,120,1,-200000.0,demand,2026-09-08T08:47:01.371286+00:00
fcfc2b3a-441c-4c6f-9d56-7084089889e0,fUSD,0.0001194,120,1,-191.96825606,demand,2026-09-08T08:47:01.371286+00:00
fcfc2b3a-441c-4c6f-9d56-7084089889e0,fUSD,0.00014124931506849316,2,1,511.0,offer,2026-09-08T08:47:01.371286+00:00
fcfc2b3a-441c-4c6f-9d56-7084089889e0,fUSD,0.00015,2,5,1164016.32177992,offer,2026-09-08T08:47:01.371286+00:00
fcfc2b3a-441c-4c6f-9d56-7084089889e0,fUSD,0.00015,5,1,155594.8766139,offer,2026-09-08T08:47:01.371286+00:00
fcfc2b3a-441c-4c6f-9d56-7084089889e0,fUSD,0.00015067,2,1,64624.2692623,offer,2026-09-08T08:47:01.371286+00:00
fcfc2b3a-441c-4c6f-9d56-7084089889e0,fUSD,0.000150780052,2,1,170.04,offer,2026-09-08T08:47:01.371286+00:00
fcfc2b3a-441c-4c6f-9d56-7084089889e0,fUSD,0.0001509194008793472,2,5,897.76310027,offer,2026-09-08T08:47:01.371286+00:00
fcfc2b3a-441c-4c6f-9d56-7084089889e0,fUSD,0.00015099,2,1,500.0,offer,2026-09-08T08:47:01.371286+00:00
fcfc2b3a-441c-4c6f-9d56-7084089889e0,fUSD,0.000151,2,5,2866.73649005,offer,2026-09-08T08:47:01.371286+00:00
fcfc2b3a-441c-4c6f-9d56-7084089889e0,fUSD,0.00015100000000000004,2,3,2668.0,offer,2026-09-08T08:47:01.371286+00:00
fcfc2b3a-441c-4c6f-9d56-7084089889e0,fUSD,0.00015118638063531392,2,1,160.0,offer,2026-09-08T08:47:01.371286+00:00
fcfc2b3a-441c-4c6f-9d56-7084089889e0,fUSD,0.000153,2,3,2361.96418688,offer,2026-09-08T08:47:01.371286+00:00
fcfc2b3a-441c-4c6f-9d56-7084089889e0,fUSD,0.000154,2,3,2361.96418688,offer,2026-09-08T08:47:01.371286+00:00
fcfc2b3a-441c-4c6f-9d56-7084089889e0,fUSD,0.00015499,2,3,1296.33359243,offer,2026-09-08T08:47:01.371286+00:00
fcfc2b3a-441c-4c6f-9d56-7084089889e0,fUSD,0.000156,2,3,2361.96418688,offer,2026-09-08T08:47:01.371286+00:00
fcfc2b3a-441c-4c6f-9d56-7084089889e0,fUSD,0.0001567778,2,1,6767.09785517,offer,2026-09-08T08:47:01.371286+00:00
fcfc2b3a-441c-4c6f-9d56-7084089889e0,fUSD,0.000157,2,3,2361.96418688,offer,2026-09-08T08:47:01.371286+00:00
fcfc2b3a-441c-4c6f-9d56-7084089889e0,fUSD,0.00015780302472697793,3,1,343.82,offer,2026-09-08T08:47:01.371286+00:00
fcfc2b3a-441c-4c6f-9d56-7084089889e0,fUSD,0.00015809541803278688,2,5,1492.12382111,offer,2026-09-08T08:47:01.371286+00:00
fcfc2b3a-441c-4c6f-9d56-7084089889e0,fUSD,0.00015899,2,1,500.0,offer,2026-09-08T08:47:01.371286+00:00
fcfc2b3a-441c-4c6f-9d56-7084089889e0,fUSD,0.000159,2,1,1418.23030651,offer,2026-09-08T08:47:01.371286+00:00
fcfc2b3a-441c-4c6f-9d56-7084089889e0,fUSD,0.000159,3,1,3042.33015896,offer,2026-09-08T08:47:01.371286+00:00
fcfc2b3a-441c-4c6f-9d56-7084089889e0,fUSD,0.00016,2,1,1418.23030651,offer,2026-09-08T08:47:01.371286+00:00
fcfc2b3a-441c-4c6f-9d56-7084089889e0,fUSD,0.00016,30,1,405.73,offer,2026-09-08T08:47:01.371286+00:00
fcfc2b3a-441c-4c6f-9d56-7084089889e0,fUSD,0.000162,2,1,1418.23030651,offer,2026-09-08T08:47:01.371286+00:00
fcfc2b3a-441c-4c6f-9d56-7084089889e0,fUSD,0.00016320767123287672,3,1,511.0,offer,2026-09-08T08:47:01.371286+00:00
9fac3388-42ff-405f-b5c2-ffeeead73c98,fUSD,0.00022,30,1,-30100.0,demand,2026-09-08T09:47:01.383731+00:00
9fac3388-42ff-405f-b5c2-ffeeead73c98,fUSD,0.00021,30,1,-30000.0,demand,2026-09-08T09:47:01.383731+00:00
9fac3388-42ff-405f-b5c2-ffeeead73c98,fUSD,0.000209,30,1,-6289.12258117,demand,2026-09-08T09:47:01.383731+00:00
9fac3388-42ff-405f-b5c2-ffeeead73c98,fUSD,0.0002,7,1,-150.0,demand,2026-09-08T09:47:01.383731+00:00
9fac3388-42ff-405f-b5c2-ffeeead73c98,fUSD,0.0001712,120,1,-20000.0,demand,2026-09-08T09:47:01.383731+00:00
9fac3388-42ff-405f-b5c2-ffeeead73c98,fUSD,0.00017111,120,1,-2000000.0,demand,2026-09-08T09:47:01.383731+00:00
9fac3388-42ff-405f-b5c2-ffeeead73c98,fUSD,0.000161,120,1,-100000.0,demand,2026-09-08T09:47:01.383731+00:00
9fac3388-42ff-405f-b5c2-ffeeead73c98,fUSD,0.00016,120,2,-10009162.66122322,demand,2026-09-08T09:47:01.383731+00:00
9fac3388-42ff-405f-b5c2-ffeeead73c98,fUSD,0.000152,45,2,-3000.0,demand,2026-09-08T09:47:01.383731+00:00
9fac3388-42ff-405f-b5c2-ffeeead73c98,fUSD,0.0001503,90,1,-20000.0,demand,2026-09-08T09:47:01.383731+00:00
9fac3388-42ff-405f-b5c2-ffeeead73c98,fUSD,0.00015,120,1,-500.0,demand,2026-09-08T09:47:01.383731+00:00
9fac3388-42ff-405f-b5c2-ffeeead73c98,fUSD,0.00015,2,1,-10000.0,demand,2026-09-08T09:47:01.383731+00:00
9fac3388-42ff-405f-b5c2-ffeeead73c98,fUSD,0.000145,7,1,-190.0,demand,2026-09-08T09:47:01.383731+00:00
9fac3388-42ff-405f-b5c2-ffeeead73c98,fUSD,0.00014252,120,1,-10770.76644364,demand,2026-09-08T09:47:01.383731+00:00
9fac3388-42ff-405f-b5c2-ffeeead73c98,fUSD,0.0001403,90,1,-20000.0,demand,2026-09-08T09:47:01.383731+00:00
9fac3388-42ff-405f-b5c2-ffeeead73c98,fUSD,0.00014,7,1,-903.792501,demand,2026-09-08T09:47:01.383731+00:00
9fac3388-42ff-405f-b5c2-ffeeead73c98,fUSD,0.000135,2,1,-38690.876,demand,2026-09-08T09:47:01.383731+00:00
9fac3388-42ff-405f-b5c2-ffeeead73c98,fUSD,0.000132,7,1,-10000.0,demand,2026-09-08T09:47:01.383731+00:00
9fac3388-42ff-405f-b5c2-ffeeead73c98,fUSD,0.000131,13,1,-7000.0,demand,2026-09-08T09:47:01.383731+00:00
9fac3388-42ff-405f-b5c2-ffeeead73c98,fUSD,0.000131,7,1,-5000.0,demand,2026-09-08T09:47:01.383731+00:00
9fac3388-42ff-405f-b5c2-ffeeead73c98,fUSD,0.00013,2,1,-1799107.70183645,demand,2026-09-08T09:47:01.383731+00:00
9fac3388-42ff-405f-b5c2-ffeeead73c98,fUSD,0.00012757,120,1,-100000.0,demand,2026-09-08T09:47:01.383731+00:00
9fac3388-42ff-405f-b5c2-ffeeead73c98,fUSD,0.0001221,120,1,-12587.13,demand,2026-09-08T09:47:01.383731+00:00
9fac3388-42ff-405f-b5c2-ffeeead73c98,fUSD,0.000121,7,1,-6000.0,demand,2026-09-08T09:47:01.383731+00:00
9fac3388-42ff-405f-b5c2-ffeeead73c98,fUSD,0.00012,120,1,-200000.0,demand,2026-09-08T09:47:01.383731+00:00
9fac3388-42ff-405f-b5c2-ffeeead73c98,fUSD,0.0001390932,2,1,297.9,offer,2026-09-08T09:47:01.383731+00:00
9fac3388-42ff-405f-b5c2-ffeeead73c98,fUSD,0.0001399,2,1,610.44814184,offer,2026-09-08T09:47:01.383731+00:00
9fac3388-42ff-405f-b5c2-ffeeead73c98,fUSD,0.00013991250000000002,2,1,1000.0,offer,2026-09-08T09:47:01.383731+00:00
9fac3388-42ff-405f-b5c2-ffeeead73c98,fUSD,0.00014,2,1,150.80217118,offer,2026-09-08T09:47:01.383731+00:00
9fac3388-42ff-405f-b5c2-ffeeead73c98,fUSD,0.0001400527,2,1,5979.07,offer,2026-09-08T09:47:01.383731+00:00
9fac3388-42ff-405f-b5c2-ffeeead73c98,fUSD,0.0001404803,2,1,167.09,offer,2026-09-08T09:47:01.383731+00:00
9fac3388-42ff-405f-b5c2-ffeeead73c98,fUSD,0.0001405419,2,1,680.03,offer,2026-09-08T09:47:01.383731+00:00
9fac3388-42ff-405f-b5c2-ffeeead73c98,fUSD,0.0001409136,2,1,200.28,offer,2026-09-08T09:47:01.383731+00:00
9fac3388-42ff-405f-b5c2-ffeeead73c98,fUSD,0.00014124931506849316,2,1,510.0,offer,2026-09-08T09:47:01.383731+00:00
9fac3388-42ff-405f-b5c2-ffeeead73c98,fUSD,0.0001425,2,1,326.73,offer,2026-09-08T09:47:01.383731+00:00
9fac3388-42ff-405f-b5c2-ffeeead73c98,fUSD,0.00014265045048734702,3,1,341.74,offer,2026-09-08T09:47:01.383731+00:00
9fac3388-42ff-405f-b5c2-ffeeead73c98,fUSD,0.000143229,2,1,7403.78,offer,2026-09-08T09:47:01.383731+00:00
9fac3388-42ff-405f-b5c2-ffeeead73c98,fUSD,0.00014621,2,5,755.0,offer,2026-09-08T09:47:01.383731+00:00
9fac3388-42ff-405f-b5c2-ffeeead73c98,fUSD,0.0001482231481965135,2,1,1907.20699347,offer,2026-09-08T09:47:01.383731+00:00
9fac3388-42ff-405f-b5c2-ffeeead73c98,fUSD,0.00014823133333333332,2,2,302.0,offer,2026-09-08T09:47:01.383731+00:00
9fac3388-42ff-405f-b5c2-ffeeead73c98,fUSD,0.00014899,2,1,150.0,offer,2026-09-08T09:47:01.383731+00:00
9fac3388-42ff-405f-b5c2-ffeeead73c98,fUSD,0.000149,2,5,24949.20714658,offer,2026-09-08T09:47:01.383731+00:00
9fac3388-42ff-405f-b5c2-ffeeead73c98,fUSD,0.0001499586,2,1,150.0,offer,2026-09-08T09:47:01.383731+00:00
9fac3388-42ff-405f-b5c2-ffeeead73c98,fUSD,0.00014998904109589042,2,1,1002.44342175,offer,2026-09-08T09:47:01.383731+00:00
9fac3388-42ff-405f-b5c2-ffeeead73c98,fUSD,0.00014999,2,12,116266.08554793,offer,2026-09-08T09:47:01.383731+00:00
9fac3388-42ff-405f-b5c2-ffeeead73c98,fUSD,0.00015,2,44,477888.94540921,offer,2026-09-08T09:47:01.383731+00:00
9fac3388-42ff-405f-b5c2-ffeeead73c98,fUSD,0.00015,5,1,616226.3763951,offer,2026-09-08T09:47:01.383731+00:00
9fac3388-42ff-405f-b5c2-ffeeead73c98,fUSD,0.00015015,2,1,500.0,offer,2026-09-08T09:47:01.383731+00:00
9fac3388-42ff-405f-b5c2-ffeeead73c98,fUSD,0.00015027526315789473,3,2,870.0,offer,2026-09-08T09:47:01.383731+00:00
9fac3388-42ff-405f-b5c2-ffeeead73c98,fUSD,0.000150780052,2,1,170.04,offer,2026-09-08T09:47:01.383731+00:00
685e177c-9cdb-489c-a8f2-f889c69ef4e1,fUSD,0.00022,30,1,-30100.0,demand,2026-09-08T10:47:01.356413+00:00
685e177c-9cdb-489c-a8f2-f889c69ef4e1,fUSD,0.00021,30,1,-30000.0,demand,2026-09-08T10:47:01.356413+00:00
685e177c-9cdb-489c-a8f2-f889c69ef4e1,fUSD,0.000209,30,1,-6289.12258117,demand,2026-09-08T10:47:01.356413+00:00
685e177c-9cdb-489c-a8f2-f889c69ef4e1,fUSD,0.0002,7,1,-150.0,demand,2026-09-08T10:47:01.356413+00:00
685e177c-9cdb-489c-a8f2-f889c69ef4e1,fUSD,0.00018,7,1,-2708.24359546,demand,2026-09-08T10:47:01.356413+00:00
685e177c-9cdb-489c-a8f2-f889c69ef4e1,fUSD,0.0001712,120,1,-20000.0,demand,2026-09-08T10:47:01.356413+00:00
685e177c-9cdb-489c-a8f2-f889c69ef4e1,fUSD,0.00017111,120,1,-2000000.0,demand,2026-09-08T10:47:01.356413+00:00
685e177c-9cdb-489c-a8f2-f889c69ef4e1,fUSD,0.000161,120,1,-100000.0,demand,2026-09-08T10:47:01.356413+00:00
685e177c-9cdb-489c-a8f2-f889c69ef4e1,fUSD,0.00016,120,2,-10009162.66122322,demand,2026-09-08T10:47:01.356413+00:00
685e177c-9cdb-489c-a8f2-f889c69ef4e1,fUSD,0.000152,45,2,-3000.0,demand,2026-09-08T10:47:01.356413+00:00
685e177c-9cdb-489c-a8f2-f889c69ef4e1,fUSD,0.0001503,90,1,-20000.0,demand,2026-09-08T10:47:01.356413+00:00
685e177c-9cdb-489c-a8f2-f889c69ef4e1,fUSD,0.00015,120,1,-500.0,demand,2026-09-08T10:47:01.356413+00:00
685e177c-9cdb-489c-a8f2-f889c69ef4e1,fUSD,0.00015,2,1,-10000.0,demand,2026-09-08T10:47:01.356413+00:00
685e177c-9cdb-489c-a8f2-f889c69ef4e1,fUSD,0.000145,7,1,-190.0,demand,2026-09-08T10:47:01.356413+00:00
685e177c-9cdb-489c-a8f2-f889c69ef4e1,fUSD,0.00014252,120,1,-10770.76644364,demand,2026-09-08T10:47:01.356413+00:00
685e177c-9cdb-489c-a8f2-f889c69ef4e1,fUSD,0.0001403,90,1,-20000.0,demand,2026-09-08T10:47:01.356413+00:00
685e177c-9cdb-489c-a8f2-f889c69ef4e1,fUSD,0.000135,2,1,-23885.91056971,demand,2026-09-08T10:47:01.356413+00:00
685e177c-9cdb-489c-a8f2-f889c69ef4e1,fUSD,0.000132,7,1,-10000.0,demand,2026-09-08T10:47:01.356413+00:00
685e177c-9cdb-489c-a8f2-f889c69ef4e1,fUSD,0.000131,13,1,-7000.0,demand,2026-09-08T10:47:01.356413+00:00
685e177c-9cdb-489c-a8f2-f889c69ef4e1,fUSD,0.000131,7,1,-5000.0,demand,2026-09-08T10:47:01.356413+00:00
685e177c-9cdb-489c-a8f2-f889c69ef4e1,fUSD,0.00013,2,1,-1799107.70183645,demand,2026-09-08T10:47:01.356413+00:00
685e177c-9cdb-489c-a8f2-f889c69ef4e1,fUSD,0.00012757,120,1,-100000.0,demand,2026-09-08T10:47:01.356413+00:00
685e177c-9cdb-489c-a8f2-f889c69ef4e1,fUSD,0.0001221,120,1,-12587.13,demand,2026-09-08T10:47:01.356413+00:00
685e177c-9cdb-489c-a8f2-f889c69ef4e1,fUSD,0.000121,7,1,-6000.0,demand,2026-09-08T10:47:01.356413+00:00
685e177c-9cdb-489c-a8f2-f889c69ef4e1,fUSD,0.00012,120,1,-200000.0,demand,2026-09-08T10:47:01.356413+00:00
685e177c-9cdb-489c-a8f2-f889c69ef4e1,fUSD,0.00014270250528186757,3,1,236.63,offer,2026-09-08T10:47:01.356413+00:00
685e177c-9cdb-489c-a8f2-f889c69ef4e1,fUSD,0.00014361469212163412,2,1,162.7676919,offer,2026-09-08T10:47:01.356413+00:00
685e177c-9cdb-489c-a8f2-f889c69ef4e1,fUSD,0.00014513,2,1,150.0,offer,2026-09-08T10:47:01.356413+00:00
685e177c-9cdb-489c-a8f2-f889c69ef4e1,fUSD,0.0001466353,2,1,156.81,offer,2026-09-08T10:47:01.356413+00:00
685e177c-9cdb-489c-a8f2-f889c69ef4e1,fUSD,0.00014726340000000002,2,7,1076.56067265,offer,2026-09-08T10:47:01.356413+00:00
685e177c-9cdb-489c-a8f2-f889c69ef4e1,fUSD,0.00014899,2,3,6193.25076469,offer,2026-09-08T10:47:01.356413+00:00
685e177c-9cdb-489c-a8f2-f889c69ef4e1,fUSD,0.000149,2,4,1468.53283005,offer,2026-09-08T10:47:01.356413+00:00
685e177c-9cdb-489c-a8f2-f889c69ef4e1,fUSD,0.00014986301369863012,2,1,150.0,offer,2026-09-08T10:47:01.356413+00:00
685e177c-9cdb-489c-a8f2-f889c69ef4e1,fUSD,0.00014987,2,1,231.77,offer,2026-09-08T10:47:01.356413+00:00
685e177c-9cdb-489c-a8f2-f889c69ef4e1,fUSD,0.0001498890410958904,2,1,3183.88522382,offer,2026-09-08T10:47:01.356413+00:00
685e177c-9cdb-489c-a8f2-f889c69ef4e1,fUSD,0.0001499,2,1,417.79520909,offer,2026-09-08T10:47:01.356413+00:00
685e177c-9cdb-489c-a8f2-f889c69ef4e1,fUSD,0.00014998,2,5,1273.51663625,offer,2026-09-08T10:47:01.356413+00:00
685e177c-9cdb-489c-a8f2-f889c69ef4e1,fUSD,0.00014999,2,33,356014.3233572,offer,2026-09-08T10:47:01.356413+00:00
685e177c-9cdb-489c-a8f2-f889c69ef4e1,fUSD,0.00015,2,8,763715.98840841,offer,2026-09-08T10:47:01.356413+00:00
685e177c-9cdb-489c-a8f2-f889c69ef4e1,fUSD,0.00015,5,1,2002865.66835584,offer,2026-09-08T10:47:01.356413+00:00
685e177c-9cdb-489c-a8f2-f889c69ef4e1,fUSD,0.00015,4,1,438.64541995,offer,2026-09-08T10:47:01.356413+00:00
685e177c-9cdb-489c-a8f2-f889c69ef4e1,fUSD,0.00015141157894736843,3,1,466.0,offer,2026-09-08T10:47:01.356413+00:00
685e177c-9cdb-489c-a8f2-f889c69ef4e1,fUSD,0.00015174863797747627,2,2,320.0,offer,2026-09-08T10:47:01.356413+00:00
685e177c-9cdb-489c-a8f2-f889c69ef4e1,fUSD,0.0001520710143555139,2,4,737.76310027,offer,2026-09-08T10:47:01.356413+00:00
685e177c-9cdb-489c-a8f2-f889c69ef4e1,fUSD,0.00015315666666666666,3,1,155.0,offer,2026-09-08T10:47:01.356413+00:00
685e177c-9cdb-489c-a8f2-f889c69ef4e1,fUSD,0.00015428,2,1,717.0,offer,2026-09-08T10:47:01.356413+00:00
685e177c-9cdb-489c-a8f2-f889c69ef4e1,fUSD,0.00015443,2,1,175.51620639,offer,2026-09-08T10:47:01.356413+00:00
685e177c-9cdb-489c-a8f2-f889c69ef4e1,fUSD,0.00015462604254234957,2,1,386.55103589,offer,2026-09-08T10:47:01.356413+00:00
685e177c-9cdb-489c-a8f2-f889c69ef4e1,fUSD,0.00015593,2,1,976.0,offer,2026-09-08T10:47:01.356413+00:00
685e177c-9cdb-489c-a8f2-f889c69ef4e1,fUSD,0.00015697275581005434,2,1,253.60123766,offer,2026-09-08T10:47:01.356413+00:00
5a931c34-74a4-4355-a46b-aeb530731f41,fUSD,0.00022,30,1,-30100.0,demand,2026-09-08T11:47:01.420311+00:00
5a931c34-74a4-4355-a46b-aeb530731f41,fUSD,0.00021,30,1,-30000.0,demand,2026-09-08T11:47:01.420311+00:00
5a931c34-74a4-4355-a46b-aeb530731f41,fUSD,0.000209,30,1,-6289.12258117,demand,2026-09-08T11:47:01.420311+00:00
5a931c34-74a4-4355-a46b-aeb530731f41,fUSD,0.0002,7,1,-150.0,demand,2026-09-08T11:47:01.420311+00:00
5a931c34-74a4-4355-a46b-aeb530731f41,fUSD,0.0001712,120,1,-20000.0,demand,2026-09-08T11:47:01.420311+00:00
5a931c34-74a4-4355-a46b-aeb530731f41,fUSD,0.00017111,120,1,-2000000.0,demand,2026-09-08T11:47:01.420311+00:00
5a931c34-74a4-4355-a46b-aeb530731f41,fUSD,0.000161,120,1,-100000.0,demand,2026-09-08T11:47:01.420311+00:00
5a931c34-74a4-4355-a46b-aeb530731f41,fUSD,0.00016,120,2,-10009162.66122322,demand,2026-09-08T11:47:01.420311+00:00
5a931c34-74a4-4355-a46b-aeb530731f41,fUSD,0.00016,7,1,-5000.0,demand,2026-09-08T11:47:01.420311+00:00
5a931c34-74a4-4355-a46b-aeb530731f41,fUSD,0.000152,45,2,-3000.0,demand,2026-09-08T11:47:01.420311+00:00
5a931c34-74a4-4355-a46b-aeb530731f41,fUSD,0.0001503,90,1,-20000.0,demand,2026-09-08T11:47:01.420311+00:00
5a931c34-74a4-4355-a46b-aeb530731f41,fUSD,0.00015,120,1,-500.0,demand,2026-09-08T11:47:01.420311+00:00
5a931c34-74a4-4355-a46b-aeb530731f41,fUSD,0.00015,2,1,-10000.0,demand,2026-09-08T11:47:01.420311+00:00
5a931c34-74a4-4355-a46b-aeb530731f41,fUSD,0.000145,7,1,-190.0,demand,2026-09-08T11:47:01.420311+00:00
5a931c34-74a4-4355-a46b-aeb530731f41,fUSD,0.00014252,120,1,-10770.76644364,demand,2026-09-08T11:47:01.420311+00:00
5a931c34-74a4-4355-a46b-aeb530731f41,fUSD,0.0001403,90,1,-20000.0,demand,2026-09-08T11:47:01.420311+00:00
5a931c34-74a4-4355-a46b-aeb530731f41,fUSD,0.000135,2,1,-22496.16373839,demand,2026-09-08T11:47:01.420311+00:00
5a931c34-74a4-4355-a46b-aeb530731f41,fUSD,0.000132,7,1,-10000.0,demand,2026-09-08T11:47:01.420311+00:00
5a931c34-74a4-4355-a46b-aeb530731f41,fUSD,0.000131,13,1,-7000.0,demand,2026-09-08T11:47:01.420311+00:00
5a931c34-74a4-4355-a46b-aeb530731f41,fUSD,0.000131,7,1,-5000.0,demand,2026-09-08T11:47:01.420311+00:00
5a931c34-74a4-4355-a46b-aeb530731f41,fUSD,0.00013,2,1,-1799107.70183645,demand,2026-09-08T11:47:01.420311+00:00
5a931c34-74a4-4355-a46b-aeb530731f41,fUSD,0.00012757,120,1,-100000.0,demand,2026-09-08T11:47:01.420311+00:00
5a931c34-74a4-4355-a46b-aeb530731f41,fUSD,0.0001221,120,1,-12587.13,demand,2026-09-08T11:47:01.420311+00:00
5a931c34-74a4-4355-a46b-aeb530731f41,fUSD,0.000121,7,1,-6000.0,demand,2026-09-08T11:47:01.420311+00:00
5a931c34-74a4-4355-a46b-aeb530731f41,fUSD,0.00012,120,1,-200000.0,demand,2026-09-08T11:47:01.420311+00:00
5a931c34-74a4-4355-a46b-aeb530731f41,fUSD,0.00013983682191780824,2,1,258.1785,offer,2026-09-08T11:47:01.420311+00:00
5a931c34-74a4-4355-a46b-aeb530731f41,fUSD,0.00014001338356164385,2,1,169.61227456,offer,2026-09-08T11:47:01.420311+00:00
5a931c34-74a4-4355-a46b-aeb530731f41,fUSD,0.0001405430684931507,2,1,154.9071,offer,2026-09-08T11:47:01.420311+00:00
5a931c34-74a4-4355-a46b-aeb530731f41,fUSD,0.00014124931506849316,2,1,509.0,offer,2026-09-08T11:47:01.420311+00:00
5a931c34-74a4-4355-a46b-aeb530731f41,fUSD,0.0001414737,2,1,174.2,offer,2026-09-08T11:47:01.420311+00:00
5a931c34-74a4-4355-a46b-aeb530731f41,fUSD,0.0001418493,2,1,155.15,offer,2026-09-08T11:47:01.420311+00:00
5a931c34-74a4-4355-a46b-aeb530731f41,fUSD,0.0001489,2,1,7278.665781,offer,2026-09-08T11:47:01.420311+00:00
5a931c34-74a4-4355-a46b-aeb530731f41,fUSD,0.00014892,2,1,187.45559979,offer,2026-09-08T11:47:01.420311+00:00
5a931c34-74a4-4355-a46b-aeb530731f41,fUSD,0.00014893,2,1,9459.99751157,offer,2026-09-08T11:47:01.420311+00:00
5a931c34-74a4-4355-a46b-aeb530731f41,fUSD,0.000149,2,2,1739.02094346,offer,2026-09-08T11:47:01.420311+00:00
5a931c34-74a4-4355-a46b-aeb530731f41,fUSD,0.0001499,2,11,180822.23484191,offer,2026-09-08T11:47:01.420311+00:00
5a931c34-74a4-4355-a46b-aeb530731f41,fUSD,0.00014993,2,4,245658.27062647,offer,2026-09-08T11:47:01.420311+00:00
5a931c34-74a4-4355-a46b-aeb530731f41,fUSD,0.00014998,5,1,7622.07465051,offer,2026-09-08T11:47:01.420311+00:00
5a931c34-74a4-4355-a46b-aeb530731f41,fUSD,0.00014998,2,2,474.77715574,offer,2026-09-08T11:47:01.420311+00:00
5a931c34-74a4-4355-a46b-aeb530731f41,fUSD,0.00014999,2,15,7447.73021956,offer,2026-09-08T11:47:01.420311+00:00
5a931c34-74a4-4355-a46b-aeb530731f41,fUSD,0.00014999001,2,4,20822.1171374,offer,2026-09-08T11:47:01.420311+00:00
5a931c34-74a4-4355-a46b-aeb530731f41,fUSD,0.00015,2,15,1112766.08944193,offer,2026-09-08T11:47:01.420311+00:00
5a931c34-74a4-4355-a46b-aeb530731f41,fUSD,0.00015,3,3,48783.4345128,offer,2026-09-08T11:47:01.420311+00:00
5a931c34-74a4-4355-a46b-aeb530731f41,fUSD,0.0001500101075525173,2,3,2696.0,offer,2026-09-08T11:47:01.420311+00:00
5a931c34-74a4-4355-a46b-aeb530731f41,fUSD,0.00015004742867795362,2,3,2675.0,offer,2026-09-08T11:47:01.420311+00:00
5a931c34-74a4-4355-a46b-aeb530731f41,fUSD,0.00015013762310663896,2,3,2694.0,offer,2026-09-08T11:47:01.420311+00:00
5a931c34-74a4-4355-a46b-aeb530731f41,fUSD,0.00015035533848427963,2,3,2700.0,offer,2026-09-08T11:47:01.420311+00:00
5a931c34-74a4-4355-a46b-aeb530731f41,fUSD,0.0001507462,2,2,365.7,offer,2026-09-08T11:47:01.420311+00:00
5a931c34-74a4-4355-a46b-aeb530731f41,fUSD,0.00015087960448946389,2,3,2690.0,offer,2026-09-08T11:47:01.420311+00:00
5a931c34-74a4-4355-a46b-aeb530731f41,fUSD,0.0001515794,2,1,452.71,offer,2026-09-08T11:47:01.420311+00:00
63d92636-2368-42e4-931f-3c42392e9c9c,fUSD,0.00022,30,1,-30100.0,demand,2026-09-08T12:47:01.479290+00:00
63d92636-2368-42e4-931f-3c42392e9c9c,fUSD,0.00021,30,1,-30000.0,demand,2026-09-08T12:47:01.479290+00:00
63d92636-2368-42e4-931f-3c42392e9c9c,fUSD,0.000209,30,1,-6289.12258117,demand,2026-09-08T12:47:01.479290+00:00
63d92636-2368-42e4-931f-3c42392e9c9c,fUSD,0.0002,7,1,-150.0,demand,2026-09-08T12:47:01.479290+00:00
63d92636-2368-42e4-931f-3c42392e9c9c,fUSD,0.0001712,120,1,-20000.0,demand,2026-09-08T12:47:01.479290+00:00
63d92636-2368-42e4-931f-3c42392e9c9c,fUSD,0.00017111,120,1,-2000000.0,demand,2026-09-08T12:47:01.479290+00:00
63d92636-2368-42e4-931f-3c42392e9c9c,fUSD,0.000161,120,1,-100000.0,demand,2026-09-08T12:47:01.479290+00:00
63d92636-2368-42e4-931f-3c42392e9c9c,fUSD,0.00016,120,2,-10009162.66122322,demand,2026-09-08T12:47:01.479290+00:00
63d92636-2368-42e4-931f-3c42392e9c9c,fUSD,0.00016,7,1,-3539.27426199,demand,2026-09-08T12:47:01.479290+00:00
63d92636-2368-42e4-931f-3c42392e9c9c,fUSD,0.000152,45,2,-3000.0,demand,2026-09-08T12:47:01.479290+00:00
63d92636-2368-42e4-931f-3c42392e9c9c,fUSD,0.0001503,90,1,-20000.0,demand,2026-09-08T12:47:01.479290+00:00
63d92636-2368-42e4-931f-3c42392e9c9c,fUSD,0.00015,120,1,-500.0,demand,2026-09-08T12:47:01.479290+00:00
63d92636-2368-42e4-931f-3c42392e9c9c,fUSD,0.00015,2,1,-10000.0,demand,2026-09-08T12:47:01.479290+00:00
63d92636-2368-42e4-931f-3c42392e9c9c,fUSD,0.000145,7,1,-190.0,demand,2026-09-08T12:47:01.479290+00:00
63d92636-2368-42e4-931f-3c42392e9c9c,fUSD,0.00014252,120,1,-10770.76644364,demand,2026-09-08T12:47:01.479290+00:00
63d92636-2368-42e4-931f-3c42392e9c9c,fUSD,0.0001403,90,1,-20000.0,demand,2026-09-08T12:47:01.479290+00:00
63d92636-2368-42e4-931f-3c42392e9c9c,fUSD,0.000132,7,1,-10000.0,demand,2026-09-08T12:47:01.479290+00:00
63d92636-2368-42e4-931f-3c42392e9c9c,fUSD,0.000131,13,1,-7000.0,demand,2026-09-08T12:47:01.479290+00:00
63d92636-2368-42e4-931f-3c42392e9c9c,fUSD,0.000131,7,1,-5000.0,demand,2026-09-08T12:47:01.479290+00:00
63d92636-2368-42e4-931f-3c42392e9c9c,fUSD,0.00013,2,1,-1792672.29019084,demand,2026-09-08T12:47:01.479290+00:00
63d92636-2368-42e4-931f-3c42392e9c9c,fUSD,0.00012757,120,1,-100000.0,demand,2026-09-08T12:47:01.479290+00:00
63d92636-2368-42e4-931f-3c42392e9c9c,fUSD,0.0001221,120,1,-12587.13,demand,2026-09-08T12:47:01.479290+00:00
63d92636-2368-42e4-931f-3c42392e9c9c,fUSD,0.000121,7,1,-6000.0,demand,2026-09-08T12:47:01.479290+00:00
63d92636-2368-42e4-931f-3c42392e9c9c,fUSD,0.00012,120,1,-200000.0,demand,2026-09-08T12:47:01.479290+00:00
63d92636-2368-42e4-931f-3c42392e9c9c,fUSD,0.0001194,120,1,-191.96825606,demand,2026-09-08T12:47:01.479290+00:00
63d92636-2368-42e4-931f-3c42392e9c9c,fUSD,0.0001403354,2,1,356.92,offer,2026-09-08T12:47:01.479290+00:00
63d92636-2368-42e4-931f-3c42392e9c9c,fUSD,0.00014124931506849316,2,1,509.0,offer,2026-09-08T12:47:01.479290+00:00
63d92636-2368-42e4-931f-3c42392e9c9c,fUSD,0.0001416787671286815,2,1,150.0,offer,2026-09-08T12:47:01.479290+00:00
63d92636-2368-42e4-931f-3c42392e9c9c,fUSD,0.00014467397264,2,1,151.0,offer,2026-09-08T12:47:01.479290+00:00
63d92636-2368-42e4-931f-3c42392e9c9c,fUSD,0.00014468493155,2,1,151.0,offer,2026-09-08T12:47:01.479290+00:00
63d92636-2368-42e4-931f-3c42392e9c9c,fUSD,0.00014648355,2,7,2391.5843112,offer,2026-09-08T12:47:01.479290+00:00
63d92636-2368-42e4-931f-3c42392e9c9c,fUSD,0.00014773,2,1,180.86,offer,2026-09-08T12:47:01.479290+00:00
63d92636-2368-42e4-931f-3c42392e9c9c,fUSD,0.0001477341,2,1,2466.56,offer,2026-09-08T12:47:01.479290+00:00
63d92636-2368-42e4-931f-3c42392e9c9c,fUSD,0.00014822911022316365,2,1,2178.84469399,offer,2026-09-08T12:47:01.479290+00:00
63d92636-2368-42e4-931f-3c42392e9c9c,fUSD,0.00014899,2,4,1436.78902862,offer,2026-09-08T12:47:01.479290+00:00
63d92636-2368-42e4-931f-3c42392e9c9c,fUSD,0.000149,2,1,13612.31918669,offer,2026-09-08T12:47:01.479290+00:00
63d92636-2368-42e4-931f-3c42392e9c9c,fUSD,0.00014937,2,1,220.58559856,offer,2026-09-08T12:47:01.479290+00:00
63d92636-2368-42e4-931f-3c42392e9c9c,fUSD,0.0001498672,2,1,266.3,offer,2026-09-08T12:47:01.479290+00:00
63d92636-2368-42e4-931f-3c42392e9c9c,fUSD,0.00014999,2,6,16409.21298219,offer,2026-09-08T12:47:01.479290+00:00
63d92636-2368-42e4-931f-3c42392e9c9c,fUSD,0.00015,2,25,645102.96424372,offer,2026-09-08T12:47:01.479290+00:00
63d92636-2368-42e4-931f-3c42392e9c9c,fUSD,0.00015,5,1,268939.40883864,offer,2026-09-08T12:47:01.479290+00:00
63d92636-2368-42e4-931f-3c42392e9c9c,fUSD,0.00015001,2,1,500.0,offer,2026-09-08T12:47:01.479290+00:00
63d92636-2368-42e4-931f-3c42392e9c9c,fUSD,0.0001500101075525173,2,3,2696.0,offer,2026-09-08T12:47:01.479290+00:00
63d92636-2368-42e4-931f-3c42392e9c9c,fUSD,0.00015001643835616438,5,1,1383.0,offer,2026-09-08T12:47:01.479290+00:00
63d92636-2368-42e4-931f-3c42392e9c9c,fUSD,0.00015002,2,1,41623.939416,offer,2026-09-08T12:47:01.479290+00:00
63d92636-2368-42e4-931f-3c42392e9c9c,fUSD,0.00015003333333333337,5,1,1748.0,offer,2026-09-08T12:47:01.479290+00:00
63d92636-2368-42e4-931f-3c42392e9c9c,fUSD,0.00015004742867795362,2,3,2675.0,offer,2026-09-08T12:47:01.479290+00:00
63d92636-2368-42e4-931f-3c42392e9c9c,fUSD,0.00015013698630136985,2,1,500.0,offer,2026-09-08T12:47:01.479290+00:00
63d92636-2368-42e4-931f-3c42392e9c9c,fUSD,0.00015013762310663896,2,3,2694.0,offer,2026-09-08T12:47:01.479290+00:00
63d92636-2368-42e4-931f-3c42392e9c9c,fUSD,0.00015027526315789473,3,2,697.0,offer,2026-09-08T12:47:01.479290+00:00
39de2946-dcfb-4980-8b9a-6ad031f3bee0,fUSD,0.00022,30,1,-30100.0,demand,2026-09-08T13:47:01.328333+00:00
39de2946-dcfb-4980-8b9a-6ad031f3bee0,fUSD,0.00021,30,1,-30000.0,demand,2026-09-08T13:47:01.328333+00:00
39de2946-dcfb-4980-8b9a-6ad031f3bee0,fUSD,0.000209,30,1,-6289.12258117,demand,2026-09-08T13:47:01.328333+00:00
39de2946-dcfb-4980-8b9a-6ad031f3bee0,fUSD,0.0002,7,1,-150.0,demand,2026-09-08T13:47:01.328333+00:00
39de2946-dcfb-4980-8b9a-6ad031f3bee0,fUSD,0.0001712,120,1,-20000.0,demand,2026-09-08T13:47:01.328333+00:00
39de2946-dcfb-4980-8b9a-6ad031f3bee0,fUSD,0.00017111,120,1,-2000000.0,demand,2026-09-08T13:47:01.328333+00:00
39de2946-dcfb-4980-8b9a-6ad031f3bee0,fUSD,0.000161,120,1,-100000.0,demand,2026-09-08T13:47:01.328333+00:00
39de2946-dcfb-4980-8b9a-6ad031f3bee0,fUSD,0.00016,120,2,-10009162.66122322,demand,2026-09-08T13:47:01.328333+00:00
39de2946-dcfb-4980-8b9a-6ad031f3bee0,fUSD,0.00016,7,1,-1763.09554976,demand,2026-09-08T13:47:01.328333+00:00
39de2946-dcfb-4980-8b9a-6ad031f3bee0,fUSD,0.000152,45,2,-3000.0,demand,2026-09-08T13:47:01.328333+00:00
39de2946-dcfb-4980-8b9a-6ad031f3bee0,fUSD,0.0001503,90,1,-20000.0,demand,2026-09-08T13:47:01.328333+00:00
39de2946-dcfb-4980-8b9a-6ad031f3bee0,fUSD,0.00015,120,1,-500.0,demand,2026-09-08T13:47:01.328333+00:00
39de2946-dcfb-4980-8b9a-6ad031f3bee0,fUSD,0.00015,2,1,-10000.0,demand,2026-09-08T13:47:01.328333+00:00
39de2946-dcfb-4980-8b9a-6ad031f3bee0,fUSD,0.000145,7,1,-190.0,demand,2026-09-08T13:47:01.328333+00:00
39de2946-dcfb-4980-8b9a-6ad031f3bee0,fUSD,0.00014252,120,1,-10770.76644364,demand,2026-09-08T13:47:01.328333+00:00
39de2946-dcfb-4980-8b9a-6ad031f3bee0,fUSD,0.0001403,90,1,-20000.0,demand,2026-09-08T13:47:01.328333+00:00
39de2946-dcfb-4980-8b9a-6ad031f3bee0,fUSD,0.000132,7,1,-10000.0,demand,2026-09-08T13:47:01.328333+00:00
39de2946-dcfb-4980-8b9a-6ad031f3bee0,fUSD,0.000131,13,1,-7000.0,demand,2026-09-08T13:47:01.328333+00:00
39de2946-dcfb-4980-8b9a-6ad031f3bee0,fUSD,0.000131,7,1,-5000.0,demand,2026-09-08T13:47:01.328333+00:00
39de2946-dcfb-4980-8b9a-6ad031f3bee0,fUSD,0.00013,2,1,-1788358.37019084,demand,2026-09-08T13:47:01.328333+00:00
39de2946-dcfb-4980-8b9a-6ad031f3bee0,fUSD,0.00012757,120,1,-100000.0,demand,2026-09-08T13:47:01.328333+00:00
39de2946-dcfb-4980-8b9a-6ad031f3bee0,fUSD,0.0001221,120,1,-12587.13,demand,2026-09-08T13:47:01.328333+00:00
39de2946-dcfb-4980-8b9a-6ad031f3bee0,fUSD,0.000121,7,1,-6000.0,demand,2026-09-08T13:47:01.328333+00:00
39de2946-dcfb-4980-8b9a-6ad031f3bee0,fUSD,0.00012,120,1,-200000.0,demand,2026-09-08T13:47:01.328333+00:00
39de2946-dcfb-4980-8b9a-6ad031f3bee0,fUSD,0.0001194,120,1,-191.96825606,demand,2026-09-08T13:47:01.328333+00:00
39de2946-dcfb-4980-8b9a-6ad031f3bee0,fUSD,0.00013487671232876713,2,1,150.0,offer,2026-09-08T13:47:01.328333+00:00
39de2946-dcfb-4980-8b9a-6ad031f3bee0,fUSD,0.00014124931506849316,2,1,510.0,offer,2026-09-08T13:47:01.328333+00:00
39de2946-dcfb-4980-8b9a-6ad031f3bee0,fUSD,0.00014243335616438355,2,1,150.0,offer,2026-09-08T13:47:01.328333+00:00
39de2946-dcfb-4980-8b9a-6ad031f3bee0,fUSD,0.000149,2,1,3690.39140177,offer,2026-09-08T13:47:01.328333+00:00
39de2946-dcfb-4980-8b9a-6ad031f3bee0,fUSD,0.000149553,2,1,152.58,offer,2026-09-08T13:47:01.328333+00:00
39de2946-dcfb-4980-8b9a-6ad031f3bee0,fUSD,0.00014999,2,10,19198.35572673,offer,2026-09-08T13:47:01.328333+00:00
39de2946-dcfb-4980-8b9a-6ad031f3bee0,fUSD,0.00015,2,22,1561372.96376441,offer,2026-09-08T13:47:01.328333+00:00
39de2946-dcfb-4980-8b9a-6ad031f3bee0,fUSD,0.00015,5,1,1094463.93753447,offer,2026-09-08T13:47:01.328333+00:00
39de2946-dcfb-4980-8b9a-6ad031f3bee0,fUSD,0.00015,3,2,460.0,offer,2026-09-08T13:47:01.328333+00:00
39de2946-dcfb-4980-8b9a-6ad031f3bee0,fUSD,0.00015014,2,1,11420.6273681,offer,2026-09-08T13:47:01.328333+00:00
39de2946-dcfb-4980-8b9a-6ad031f3bee0,fUSD,0.00015025,2,1,313.2448268,offer,2026-09-08T13:47:01.328333+00:00
39de2946-dcfb-4980-8b9a-6ad031f3bee0,fUSD,0.00015036,2,1,6196.2736378,offer,2026-09-08T13:47:01.328333+00:00
39de2946-dcfb-4980-8b9a-6ad031f3bee0,fUSD,0.00015095,2,1,4531.3171515,offer,2026-09-08T13:47:01.328333+00:00
39de2946-dcfb-4980-8b9a-6ad031f3bee0,fUSD,0.00015106,2,1,20790.5844667,offer,2026-09-08T13:47:01.328333+00:00
39de2946-dcfb-4980-8b9a-6ad031f3bee0,fUSD,0.00015117606345468407,2,2,4719.67,offer,2026-09-08T13:47:01.328333+00:00
39de2946-dcfb-4980-8b9a-6ad031f3bee0,fUSD,0.00015147,2,1,145632.6360602,offer,2026-09-08T13:47:01.328333+00:00
39de2946-dcfb-4980-8b9a-6ad031f3bee0,fUSD,0.00015148,2,1,269.8975446,offer,2026-09-08T13:47:01.328333+00:00
39de2946-dcfb-4980-8b9a-6ad031f3bee0,fUSD,0.00015299999999999998,2,1,150.0,offer,2026-09-08T13:47:01.328333+00:00
39de2946-dcfb-4980-8b9a-6ad031f3bee0,fUSD,0.00015299999999999998,3,1,427.26881017,offer,2026-09-08T13:47:01.328333+00:00
39de2946-dcfb-4980-8b9a-6ad031f3bee0,fUSD,0.000153,2,1,689.20676252,offer,2026-09-08T13:47:01.328333+00:00
39de2946-dcfb-4980-8b9a-6ad031f3bee0,fUSD,0.000155,3,5,20880.1208075,offer,2026-09-08T13:47:01.328333+00:00
39de2946-dcfb-4980-8b9a-6ad031f3bee0,fUSD,0.00015545187274252858,2,1,160.0,offer,2026-09-08T13:47:01.328333+00:00
39de2946-dcfb-4980-8b9a-6ad031f3bee0,fUSD,0.00015606,4,1,427.26881017,offer,2026-09-08T13:47:01.328333+00:00
39de2946-dcfb-4980-8b9a-6ad031f3bee0,fUSD,0.0001560978,2,1,4658.17184817,offer,2026-09-08T13:47:01.328333+00:00
39de2946-dcfb-4980-8b9a-6ad031f3bee0,fUSD,0.0001576687781516355,3,1,156.96,offer,2026-09-08T13:47:01.328333+00:00
9326f080-31b1-4fcf-8c2e-acf90b9bc491,fUSD,0.00022,30,1,-30100.0,demand,2026-09-08T14:47:01.390966+00:00
9326f080-31b1-4fcf-8c2e-acf90b9bc491,fUSD,0.00021,30,1,-30000.0,demand,2026-09-08T14:47:01.390966+00:00
9326f080-31b1-4fcf-8c2e-acf90b9bc491,fUSD,0.000209,30,1,-6289.12258117,demand,2026-09-08T14:47:01.390966+00:00
9326f080-31b1-4fcf-8c2e-acf90b9bc491,fUSD,0.0002,7,1,-150.0,demand,2026-09-08T14:47:01.390966+00:00
9326f080-31b1-4fcf-8c2e-acf90b9bc491,fUSD,0.0001712,120,1,-20000.0,demand,2026-09-08T14:47:01.390966+00:00
9326f080-31b1-4fcf-8c2e-acf90b9bc491,fUSD,0.00017111,120,1,-2000000.0,demand,2026-09-08T14:47:01.390966+00:00
9326f080-31b1-4fcf-8c2e-acf90b9bc491,fUSD,0.000161,120,1,-100000.0,demand,2026-09-08T14:47:01.390966+00:00
9326f080-31b1-4fcf-8c2e-acf90b9bc491,fUSD,0.00016,120,2,-10009162.66122322,demand,2026-09-08T14:47:01.390966+00:00
9326f080-31b1-4fcf-8c2e-acf90b9bc491,fUSD,0.00016,7,1,-1352.16639853,demand,2026-09-08T14:47:01.390966+00:00
9326f080-31b1-4fcf-8c2e-acf90b9bc491,fUSD,0.000152,45,2,-3000.0,demand,2026-09-08T14:47:01.390966+00:00
9326f080-31b1-4fcf-8c2e-acf90b9bc491,fUSD,0.0001503,90,1,-20000.0,demand,2026-09-08T14:47:01.390966+00:00
9326f080-31b1-4fcf-8c2e-acf90b9bc491,fUSD,0.00015,120,1,-500.0,demand,2026-09-08T14:47:01.390966+00:00
9326f080-31b1-4fcf-8c2e-acf90b9bc491,fUSD,0.00015,2,1,-10000.0,demand,2026-09-08T14:47:01.390966+00:00
9326f080-31b1-4fcf-8c2e-acf90b9bc491,fUSD,0.000145,7,1,-190.0,demand,2026-09-08T14:47:01.390966+00:00
9326f080-31b1-4fcf-8c2e-acf90b9bc491,fUSD,0.00014252,120,1,-10770.76644364,demand,2026-09-08T14:47:01.390966+00:00
9326f080-31b1-4fcf-8c2e-acf90b9bc491,fUSD,0.0001403,90,1,-20000.0,demand,2026-09-08T14:47:01.390966+00:00
9326f080-31b1-4fcf-8c2e-acf90b9bc491,fUSD,0.000135,2,1,-26844.16118905,demand,2026-09-08T14:47:01.390966+00:00
9326f080-31b1-4fcf-8c2e-acf90b9bc491,fUSD,0.000132,7,1,-10000.0,demand,2026-09-08T14:47:01.390966+00:00
9326f080-31b1-4fcf-8c2e-acf90b9bc491,fUSD,0.000131,13,1,-7000.0,demand,2026-09-08T14:47:01.390966+00:00
9326f080-31b1-4fcf-8c2e-acf90b9bc491,fUSD,0.000131,7,1,-5000.0,demand,2026-09-08T14:47:01.390966+00:00
9326f080-31b1-4fcf-8c2e-acf90b9bc491,fUSD,0.00013,2,1,-1788358.37019084,demand,2026-09-08T14:47:01.390966+00:00
9326f080-31b1-4fcf-8c2e-acf90b9bc491,fUSD,0.00012757,120,1,-100000.0,demand,2026-09-08T14:47:01.390966+00:00
9326f080-31b1-4fcf-8c2e-acf90b9bc491,fUSD,0.0001221,120,1,-12587.13,demand,2026-09-08T14:47:01.390966+00:00
9326f080-31b1-4fcf-8c2e-acf90b9bc491,fUSD,0.000121,7,1,-6000.0,demand,2026-09-08T14:47:01.390966+00:00
9326f080-31b1-4fcf-8c2e-acf90b9bc491,fUSD,0.00012,120,1,-200000.0,demand,2026-09-08T14:47:01.390966+00:00
9326f080-31b1-4fcf-8c2e-acf90b9bc491,fUSD,0.000136986301369863,2,1,80.68023306,offer,2026-09-08T14:47:01.390966+00:00
9326f080-31b1-4fcf-8c2e-acf90b9bc491,fUSD,0.00014124931506849316,2,1,536.0,offer,2026-09-08T14:47:01.390966+00:00
9326f080-31b1-4fcf-8c2e-acf90b9bc491,fUSD,0.00014626027397260274,2,1,490.255428,offer,2026-09-08T14:47:01.390966+00:00
9326f080-31b1-4fcf-8c2e-acf90b9bc491,fUSD,0.000147,2,1,579.069,offer,2026-09-08T14:47:01.390966+00:00
9326f080-31b1-4fcf-8c2e-acf90b9bc491,fUSD,0.000148,2,1,298.70930293,offer,2026-09-08T14:47:01.390966+00:00
9326f080-31b1-4fcf-8c2e-acf90b9bc491,fUSD,0.0001485,2,1,298.70930292,offer,2026-09-08T14:47:01.390966+00:00
9326f080-31b1-4fcf-8c2e-acf90b9bc491,fUSD,0.00014899,2,2,885.55184298,offer,2026-09-08T14:47:01.390966+00:00
9326f080-31b1-4fcf-8c2e-acf90b9bc491,fUSD,0.000149,2,6,13749.05613858,offer,2026-09-08T14:47:01.390966+00:00
9326f080-31b1-4fcf-8c2e-acf90b9bc491,fUSD,0.00014999,5,1,1078.36548131,offer,2026-09-08T14:47:01.390966+00:00
9326f080-31b1-4fcf-8c2e-acf90b9bc491,fUSD,0.00014999,2,11,200487.27,offer,2026-09-08T14:47:01.390966+00:00
9326f080-31b1-4fcf-8c2e-acf90b9bc491,fUSD,0.00015,2,1,1245625.40137096,offer,2026-09-08T14:47:01.390966+00:00
9326f080-31b1-4fcf-8c2e-acf90b9bc491,fUSD,0.00015,5,1,458517.71581676,offer,2026-09-08T14:47:01.390966+00:00
9326f080-31b1-4fcf-8c2e-acf90b9bc491,fUSD,0.00015581,2,1,677.425419,offer,2026-09-08T14:47:01.390966+00:00
9326f080-31b1-4fcf-8c2e-acf90b9bc491,fUSD,0.00015794,2,1,315.48,offer,2026-09-08T14:47:01.390966+00:00
9326f080-31b1-4fcf-8c2e-acf90b9bc491,fUSD,0.0001666078,2,1,646.07251482,offer,2026-09-08T14:47:01.390966+00:00
9326f080-31b1-4fcf-8c2e-acf90b9bc491,fUSD,0.0001666167,2,1,697.11592742,offer,2026-09-08T14:47:01.390966+00:00
9326f080-31b1-4fcf-8c2e-acf90b9bc491,fUSD,0.0001842256,2,1,646.07251482,offer,2026-09-08T14:47:01.390966+00:00
9326f080-31b1-4fcf-8c2e-acf90b9bc491,fUSD,0.0001842333,2,1,697.11592742,offer,2026-09-08T14:47:01.390966+00:00
9326f080-31b1-4fcf-8c2e-acf90b9bc491,fUSD,0.00018752514144678865,2,6,2160.53379548,offer,2026-09-08T14:47:01.390966+00:00
9326f080-31b1-4fcf-8c2e-acf90b9bc491,fUSD,0.00019178,2,4,2000.0,offer,2026-09-08T14:47:01.390966+00:00
9326f080-31b1-4fcf-8c2e-acf90b9bc491,fUSD,0.00019359999999999996,2,2,360.0,offer,2026-09-08T14:47:01.390966+00:00
9326f080-31b1-4fcf-8c2e-acf90b9bc491,fUSD,0.0001936,2,1,1327.0,offer,2026-09-08T14:47:01.390966+00:00
9326f080-31b1-4fcf-8c2e-acf90b9bc491,fUSD,0.00019578,2,1,188.59774503,offer,2026-09-08T14:47:01.390966+00:00
9326f080-31b1-4fcf-8c2e-acf90b9bc491,fUSD,0.0001992207966101695,2,3,509.73524934,offer,2026-09-08T14:47:01.390966+00:00
9326f080-31b1-4fcf-8c2e-acf90b9bc491,fUSD,0.0001996,7,1,150.0,offer,2026-09-08T14:47:01.390966+00:00
f71bb453-b040-464c-af1b-d167099e871b,fUSD,0.00022,30,1,-30100.0,demand,2026-09-08T15:47:01.253843+00:00
f71bb453-b040-464c-af1b-d167099e871b,fUSD,0.00021,30,1,-30000.0,demand,2026-09-08T15:47:01.253843+00:00
f71bb453-b040-464c-af1b-d167099e871b,fUSD,0.000209,30,1,-6289.12258117,demand,2026-09-08T15:47:01.253843+00:00
f71bb453-b040-464c-af1b-d167099e871b,fUSD,0.0002,7,1,-150.0,demand,2026-09-08T15:47:01.253843+00:00
f71bb453-b040-464c-af1b-d167099e871b,fUSD,0.0001712,120,1,-20000.0,demand,2026-09-08T15:47:01.253843+00:00
f71bb453-b040-464c-af1b-d167099e871b,fUSD,0.00017111,120,1,-2000000.0,demand,2026-09-08T15:47:01.253843+00:00
f71bb453-b040-464c-af1b-d167099e871b,fUSD,0.000161,120,1,-100000.0,demand,2026-09-08T15:47:01.253843+00:00
f71bb453-b040-464c-af1b-d167099e871b,fUSD,0.00016,120,2,-10009162.66122322,demand,2026-09-08T15:47:01.253843+00:00
f71bb453-b040-464c-af1b-d167099e871b,fUSD,0.000152,45,2,-3000.0,demand,2026-09-08T15:47:01.253843+00:00
f71bb453-b040-464c-af1b-d167099e871b,fUSD,0.0001503,90,1,-20000.0,demand,2026-09-08T15:47:01.253843+00:00
f71bb453-b040-464c-af1b-d167099e871b,fUSD,0.00015,120,1,-500.0,demand,2026-09-08T15:47:01.253843+00:00
f71bb453-b040-464c-af1b-d167099e871b,fUSD,0.00015,2,1,-10000.0,demand,2026-09-08T15:47:01.253843+00:00
f71bb453-b040-464c-af1b-d167099e871b,fUSD,0.00015,7,1,-5000.0,demand,2026-09-08T15:47:01.253843+00:00
f71bb453-b040-464c-af1b-d167099e871b,fUSD,0.000145,7,1,-190.0,demand,2026-09-08T15:47:01.253843+00:00
f71bb453-b040-464c-af1b-d167099e871b,fUSD,0.00014252,120,1,-10770.76644364,demand,2026-09-08T15:47:01.253843+00:00
f71bb453-b040-464c-af1b-d167099e871b,fUSD,0.0001403,90,1,-20000.0,demand,2026-09-08T15:47:01.253843+00:00
f71bb453-b040-464c-af1b-d167099e871b,fUSD,0.0001370548,2,1,-729.677287,demand,2026-09-08T15:47:01.253843+00:00
f71bb453-b040-464c-af1b-d167099e871b,fUSD,0.000132,7,1,-10000.0,demand,2026-09-08T15:47:01.253843+00:00
f71bb453-b040-464c-af1b-d167099e871b,fUSD,0.000131,13,1,-7000.0,demand,2026-09-08T15:47:01.253843+00:00
f71bb453-b040-464c-af1b-d167099e871b,fUSD,0.000131,7,1,-5000.0,demand,2026-09-08T15:47:01.253843+00:00
f71bb453-b040-464c-af1b-d167099e871b,fUSD,0.00013,2,1,-1764099.1218471,demand,2026-09-08T15:47:01.253843+00:00
f71bb453-b040-464c-af1b-d167099e871b,fUSD,0.00012757,120,1,-100000.0,demand,2026-09-08T15:47:01.253843+00:00
f71bb453-b040-464c-af1b-d167099e871b,fUSD,0.0001221,120,1,-12587.13,demand,2026-09-08T15:47:01.253843+00:00
f71bb453-b040-464c-af1b-d167099e871b,fUSD,0.000121,7,1,-6000.0,demand,2026-09-08T15:47:01.253843+00:00
f71bb453-b040-464c-af1b-d167099e871b,fUSD,0.00012,120,1,-200000.0,demand,2026-09-08T15:47:01.253843+00:00
f71bb453-b040-464c-af1b-d167099e871b,fUSD,0.0001399,2,1,11597.13997301,offer,2026-09-08T15:47:01.253843+00:00
f71bb453-b040-464c-af1b-d167099e871b,fUSD,0.00014124931506849316,2,1,542.0,offer,2026-09-08T15:47:01.253843+00:00
f71bb453-b040-464c-af1b-d167099e871b,fUSD,0.00014537464315068493,2,1,150.0,offer,2026-09-08T15:47:01.253843+00:00
f71bb453-b040-464c-af1b-d167099e871b,fUSD,0.00014656,2,1,194.823804,offer,2026-09-08T15:47:01.253843+00:00
f71bb453-b040-464c-af1b-d167099e871b,fUSD,0.00014756229999999997,2,6,1619.3126355,offer,2026-09-08T15:47:01.253843+00:00
f71bb453-b040-464c-af1b-d167099e871b,fUSD,0.0001489152,2,1,245.57298813,offer,2026-09-08T15:47:01.253843+00:00
f71bb453-b040-464c-af1b-d167099e871b,fUSD,0.0001489252,2,1,1355.9,offer,2026-09-08T15:47:01.253843+00:00
f71bb453-b040-464c-af1b-d167099e871b,fUSD,0.00014899,2,3,807.08911259,offer,2026-09-08T15:47:01.253843+00:00
f71bb453-b040-464c-af1b-d167099e871b,fUSD,0.000149,2,2,7744.01990555,offer,2026-09-08T15:47:01.253843+00:00
f71bb453-b040-464c-af1b-d167099e871b,fUSD,0.00014999,2,22,148509.8683835,offer,2026-09-08T15:47:01.253843+00:00
f71bb453-b040-464c-af1b-d167099e871b,fUSD,0.00015,2,31,274319.62224053,offer,2026-09-08T15:47:01.253843+00:00
f71bb453-b040-464c-af1b-d167099e871b,fUSD,0.00015,5,1,310716.64685406,offer,2026-09-08T15:47:01.253843+00:00
f71bb453-b040-464c-af1b-d167099e871b,fUSD,0.00015,3,2,393.0,offer,2026-09-08T15:47:01.253843+00:00
f71bb453-b040-464c-af1b-d167099e871b,fUSD,0.00015008,2,1,500.0,offer,2026-09-08T15:47:01.253843+00:00
f71bb453-b040-464c-af1b-d167099e871b,fUSD,0.00015009,2,1,500.0,offer,2026-09-08T15:47:01.253843+00:00
f71bb453-b040-464c-af1b-d167099e871b,fUSD,0.00015030229999999997,2,1,156.6972603,offer,2026-09-08T15:47:01.253843+00:00
f71bb453-b040-464c-af1b-d167099e871b,fUSD,0.0001508227,2,1,150.0,offer,2026-09-08T15:47:01.253843+00:00
f71bb453-b040-464c-af1b-d167099e871b,fUSD,0.00015299999999999998,3,1,319.28789833,offer,2026-09-08T15:47:01.253843+00:00
f71bb453-b040-464c-af1b-d167099e871b,fUSD,0.00015304229999999996,2,5,1479.60678341,offer,2026-09-08T15:47:01.253843+00:00
f71bb453-b040-464c-af1b-d167099e871b,fUSD,0.00015537424657534248,2,1,396.84521448,offer,2026-09-08T15:47:01.253843+00:00
f71bb453-b040-464c-af1b-d167099e871b,fUSD,0.00015606,4,1,319.28789833,offer,2026-09-08T15:47:01.253843+00:00
f71bb453-b040-464c-af1b-d167099e871b,fUSD,0.00015792,2,1,1578.83192351,offer,2026-09-08T15:47:01.253843+00:00
f71bb453-b040-464c-af1b-d167099e871b,fUSD,0.0001585223,2,3,804.06059031,offer,2026-09-08T15:47:01.253843+00:00
f71bb453-b040-464c-af1b-d167099e871b,fUSD,0.00015853,3,1,1581.35216992,offer,2026-09-08T15:47:01.253843+00:00
f71bb453-b040-464c-af1b-d167099e871b,fUSD,0.000159,2,1,315.34,offer,2026-09-08T15:47:01.253843+00:00
aad66227-b661-4059-929b-148156e1d0fa,fUSD,0.00022,30,1,-30100.0,demand,2026-09-08T16:47:01.374859+00:00
aad66227-b661-4059-929b-148156e1d0fa,fUSD,0.00021,30,1,-30000.0,demand,2026-09-08T16:47:01.374859+00:00
aad66227-b661-4059-929b-148156e1d0fa,fUSD,0.000209,30,1,-6289.12258117,demand,2026-09-08T16:47:01.374859+00:00
aad66227-b661-4059-929b-148156e1d0fa,fUSD,0.0002,7,1,-150.0,demand,2026-09-08T16:47:01.374859+00:00
aad66227-b661-4059-929b-148156e1d0fa,fUSD,0.0001712,120,1,-20000.0,demand,2026-09-08T16:47:01.374859+00:00
aad66227-b661-4059-929b-148156e1d0fa,fUSD,0.00017111,120,1,-2000000.0,demand,2026-09-08T16:47:01.374859+00:00
aad66227-b661-4059-929b-148156e1d0fa,fUSD,0.000161,120,1,-100000.0,demand,2026-09-08T16:47:01.374859+00:00
aad66227-b661-4059-929b-148156e1d0fa,fUSD,0.00016,120,2,-10009162.66122322,demand,2026-09-08T16:47:01.374859+00:00
aad66227-b661-4059-929b-148156e1d0fa,fUSD,0.000152,45,2,-3000.0,demand,2026-09-08T16:47:01.374859+00:00
aad66227-b661-4059-929b-148156e1d0fa,fUSD,0.0001511,120,1,-20000.0,demand,2026-09-08T16:47:01.374859+00:00
aad66227-b661-4059-929b-148156e1d0fa,fUSD,0.0001503,90,1,-20000.0,demand,2026-09-08T16:47:01.374859+00:00
aad66227-b661-4059-929b-148156e1d0fa,fUSD,0.00015,120,1,-500.0,demand,2026-09-08T16:47:01.374859+00:00
aad66227-b661-4059-929b-148156e1d0fa,fUSD,0.00015,2,1,-10000.0,demand,2026-09-08T16:47:01.374859+00:00
aad66227-b661-4059-929b-148156e1d0fa,fUSD,0.00015,7,1,-3623.22854784,demand,2026-09-08T16:47:01.374859+00:00
aad66227-b661-4059-929b-148156e1d0fa,fUSD,0.000145,7,1,-190.0,demand,2026-09-08T16:47:01.374859+00:00
aad66227-b661-4059-929b-148156e1d0fa,fUSD,0.00014252,120,1,-10770.76644364,demand,2026-09-08T16:47:01.374859+00:00
aad66227-b661-4059-929b-148156e1d0fa,fUSD,0.0001403,90,1,-20000.0,demand,2026-09-08T16:47:01.374859+00:00
aad66227-b661-4059-929b-148156e1d0fa,fUSD,0.000132,7,1,-10000.0,demand,2026-09-08T16:47:01.374859+00:00
aad66227-b661-4059-929b-148156e1d0fa,fUSD,0.000131,13,1,-7000.0,demand,2026-09-08T16:47:01.374859+00:00
aad66227-b661-4059-929b-148156e1d0fa,fUSD,0.000131,7,1,-5000.0,demand,2026-09-08T16:47:01.374859+00:00
aad66227-b661-4059-929b-148156e1d0fa,fUSD,0.00013,2,1,-1761949.1218471,demand,2026-09-08T16:47:01.374859+00:00
aad66227-b661-4059-929b-148156e1d0fa,fUSD,0.00012757,120,1,-100000.0,demand,2026-09-08T16:47:01.374859+00:00
aad66227-b661-4059-929b-148156e1d0fa,fUSD,0.0001221,120,1,-12587.13,demand,2026-09-08T16:47:01.374859+00:00
aad66227-b661-4059-929b-148156e1d0fa,fUSD,0.000121,7,1,-6000.0,demand,2026-09-08T16:47:01.374859+00:00
aad66227-b661-4059-929b-148156e1d0fa,fUSD,0.00012,120,1,-200000.0,demand,2026-09-08T16:47:01.374859+00:00
aad66227-b661-4059-929b-148156e1d0fa,fUSD,0.0001399447,2,2,736.72,offer,2026-09-08T16:47:01.374859+00:00
aad66227-b661-4059-929b-148156e1d0fa,fUSD,0.00014124931506849316,2,1,512.0,offer,2026-09-08T16:47:01.374859+00:00
aad66227-b661-4059-929b-148156e1d0fa,fUSD,0.00014598,2,1,169.71,offer,2026-09-08T16:47:01.374859+00:00
aad66227-b661-4059-929b-148156e1d0fa,fUSD,0.0001469419602739726,2,1,562.75,offer,2026-09-08T16:47:01.374859+00:00
aad66227-b661-4059-929b-148156e1d0fa,fUSD,0.00014725,2,16,7156.03585089,offer,2026-09-08T16:47:01.374859+00:00
aad66227-b661-4059-929b-148156e1d0fa,fUSD,0.0001477975,2,1,308.22,offer,2026-09-08T16:47:01.374859+00:00
aad66227-b661-4059-929b-148156e1d0fa,fUSD,0.00014799,2,1,10668.29603311,offer,2026-09-08T16:47:01.374859+00:00
aad66227-b661-4059-929b-148156e1d0fa,fUSD,0.00014864731698630137,2,1,166.66,offer,2026-09-08T16:47:01.374859+00:00
aad66227-b661-4059-929b-148156e1d0fa,fUSD,0.0001487032,2,1,308.22,offer,2026-09-08T16:47:01.374859+00:00
aad66227-b661-4059-929b-148156e1d0fa,fUSD,0.00014897,2,7,2734.49834255,offer,2026-09-08T16:47:01.374859+00:00
aad66227-b661-4059-929b-148156e1d0fa,fUSD,0.00014899,2,22,277682.26300087,offer,2026-09-08T16:47:01.374859+00:00
aad66227-b661-4059-929b-148156e1d0fa,fUSD,0.000149,2,8,4013.76,offer,2026-09-08T16:47:01.374859+00:00
aad66227-b661-4059-929b-148156e1d0fa,fUSD,0.0001494615,2,1,308.22,offer,2026-09-08T16:47:01.374859+00:00
aad66227-b661-4059-929b-148156e1d0fa,fUSD,0.00014956,2,5,755.0,offer,2026-09-08T16:47:01.374859+00:00
aad66227-b661-4059-929b-148156e1d0fa,fUSD,0.0001496,2,1,150.0,offer,2026-09-08T16:47:01.374859+00:00
aad66227-b661-4059-929b-148156e1d0fa,fUSD,0.00014984,2,2,891.85775765,offer,2026-09-08T16:47:01.374859+00:00
aad66227-b661-4059-929b-148156e1d0fa,fUSD,0.0001498499,2,1,150.01,offer,2026-09-08T16:47:01.374859+00:00
aad66227-b661-4059-929b-148156e1d0fa,fUSD,0.0001499590410958904,2,1,151.0,offer,2026-09-08T16:47:01.374859+00:00
aad66227-b661-4059-929b-148156e1d0fa,fUSD,0.00014998,2,9,2634.70084785,offer,2026-09-08T16:47:01.374859+00:00
aad66227-b661-4059-929b-148156e1d0fa,fUSD,0.00014998082191780822,2,3,1833.93031263,offer,2026-09-08T16:47:01.374859+00:00
aad66227-b661-4059-929b-148156e1d0fa,fUSD,0.00014998904109589042,2,3,2305.0,offer,2026-09-08T16:47:01.374859+00:00
aad66227-b661-4059-929b-148156e1d0fa,fUSD,0.00014998904109589045,2,3,2686.0,offer,2026-09-08T16:47:01.374859+00:00
aad66227-b661-4059-929b-148156e1d0fa,fUSD,0.00014999,2,4,1333.70021029,offer,2026-09-08T16:47:01.374859+00:00
aad66227-b661-4059-929b-148156e1d0fa,fUSD,0.00014999012793932495,2,1,906.0,offer,2026-09-08T16:47:01.374859+00:00
aad66227-b661-4059-929b-148156e1d0fa,fUSD,0.00015,2,31,223774.67086205,offer,2026-09-08T16:47:01.374859+00:00
aca55948-3c43-4f92-aa3d-599bd6756034,fUSD,0.00022,30,1,-30100.0,demand,2026-09-08T17:47:01.312602+00:00
aca55948-3c43-4f92-aa3d-599bd6756034,fUSD,0.00021,30,1,-30000.0,demand,2026-09-08T17:47:01.312602+00:00
aca55948-3c43-4f92-aa3d-599bd6756034,fUSD,0.000209,30,1,-6289.12258117,demand,2026-09-08T17:47:01.312602+00:00
aca55948-3c43-4f92-aa3d-599bd6756034,fUSD,0.0002,7,1,-150.0,demand,2026-09-08T17:47:01.312602+00:00
aca55948-3c43-4f92-aa3d-599bd6756034,fUSD,0.0001712,120,1,-20000.0,demand,2026-09-08T17:47:01.312602+00:00
aca55948-3c43-4f92-aa3d-599bd6756034,fUSD,0.00017111,120,1,-2000000.0,demand,2026-09-08T17:47:01.312602+00:00
aca55948-3c43-4f92-aa3d-599bd6756034,fUSD,0.000161,120,1,-100000.0,demand,2026-09-08T17:47:01.312602+00:00
aca55948-3c43-4f92-aa3d-599bd6756034,fUSD,0.00016,120,2,-10009162.66122322,demand,2026-09-08T17:47:01.312602+00:00
aca55948-3c43-4f92-aa3d-599bd6756034,fUSD,0.000152,45,2,-3000.0,demand,2026-09-08T17:47:01.312602+00:00
aca55948-3c43-4f92-aa3d-599bd6756034,fUSD,0.0001511,120,1,-20000.0,demand,2026-09-08T17:47:01.312602+00:00
aca55948-3c43-4f92-aa3d-599bd6756034,fUSD,0.0001503,90,1,-20000.0,demand,2026-09-08T17:47:01.312602+00:00
aca55948-3c43-4f92-aa3d-599bd6756034,fUSD,0.00015,120,1,-500.0,demand,2026-09-08T17:47:01.312602+00:00
aca55948-3c43-4f92-aa3d-599bd6756034,fUSD,0.00015,2,1,-10000.0,demand,2026-09-08T17:47:01.312602+00:00
aca55948-3c43-4f92-aa3d-599bd6756034,fUSD,0.000145,7,1,-190.0,demand,2026-09-08T17:47:01.312602+00:00
aca55948-3c43-4f92-aa3d-599bd6756034,fUSD,0.00014252,120,1,-10770.76644364,demand,2026-09-08T17:47:01.312602+00:00
aca55948-3c43-4f92-aa3d-599bd6756034,fUSD,0.0001403,90,1,-20000.0,demand,2026-09-08T17:47:01.312602+00:00
aca55948-3c43-4f92-aa3d-599bd6756034,fUSD,0.000132,7,1,-10000.0,demand,2026-09-08T17:47:01.312602+00:00
aca55948-3c43-4f92-aa3d-599bd6756034,fUSD,0.0001312465755382002,2,1,-4718.52507741,demand,2026-09-08T17:47:01.312602+00:00
aca55948-3c43-4f92-aa3d-599bd6756034,fUSD,0.00013123304176689693,2,1,-4718.52507741,demand,2026-09-08T17:47:01.312602+00:00
aca55948-3c43-4f92-aa3d-599bd6756034,fUSD,0.00013122931032166424,2,1,-4718.52507741,demand,2026-09-08T17:47:01.312602+00:00
aca55948-3c43-4f92-aa3d-599bd6756034,fUSD,0.0001312232089107002,2,1,-4718.52507741,demand,2026-09-08T17:47:01.312602+00:00
aca55948-3c43-4f92-aa3d-599bd6756034,fUSD,0.00013120986142759356,2,1,-4718.52507741,demand,2026-09-08T17:47:01.312602+00:00
aca55948-3c43-4f92-aa3d-599bd6756034,fUSD,0.0001312017380553202,2,1,-4718.52507741,demand,2026-09-08T17:47:01.312602+00:00
aca55948-3c43-4f92-aa3d-599bd6756034,fUSD,0.00013118853929679168,2,1,-4718.52507741,demand,2026-09-08T17:47:01.312602+00:00
aca55948-3c43-4f92-aa3d-599bd6756034,fUSD,0.00013117766921872238,2,1,-4718.52507741,demand,2026-09-08T17:47:01.312602+00:00
aca55948-3c43-4f92-aa3d-599bd6756034,fUSD,0.00014124931506849316,2,1,209.00000001,offer,2026-09-08T17:47:01.312602+00:00
aca55948-3c43-4f92-aa3d-599bd6756034,fUSD,0.00014236986301369864,2,2,300.0,offer,2026-09-08T17:47:01.312602+00:00
aca55948-3c43-4f92-aa3d-599bd6756034,fUSD,0.0001429296575342466,2,1,278.37172069,offer,2026-09-08T17:47:01.312602+00:00
aca55948-3c43-4f92-aa3d-599bd6756034,fUSD,0.0001442431506849315,2,1,150.0,offer,2026-09-08T17:47:01.312602+00:00
aca55948-3c43-4f92-aa3d-599bd6756034,fUSD,0.00014461000000000004,2,14,6345.32312883,offer,2026-09-08T17:47:01.312602+00:00
aca55948-3c43-4f92-aa3d-599bd6756034,fUSD,0.00014462,2,1,223.07840245,offer,2026-09-08T17:47:01.312602+00:00
aca55948-3c43-4f92-aa3d-599bd6756034,fUSD,0.00014462000000000003,2,1,9558.81622217,offer,2026-09-08T17:47:01.312602+00:00
aca55948-3c43-4f92-aa3d-599bd6756034,fUSD,0.00014561,2,1,150.0,offer,2026-09-08T17:47:01.312602+00:00
aca55948-3c43-4f92-aa3d-599bd6756034,fUSD,0.00014562465,2,16,2544.66974078,offer,2026-09-08T17:47:01.312602+00:00
aca55948-3c43-4f92-aa3d-599bd6756034,fUSD,0.00014611643835616436,2,1,150.0,offer,2026-09-08T17:47:01.312602+00:00
aca55948-3c43-4f92-aa3d-599bd6756034,fUSD,0.00014798972602739726,2,1,150.0,offer,2026-09-08T17:47:01.312602+00:00
aca55948-3c43-4f92-aa3d-599bd6756034,fUSD,0.000148,2,1,181.63,offer,2026-09-08T17:47:01.312602+00:00
aca55948-3c43-4f92-aa3d-599bd6756034,fUSD,0.00014866,2,1,181.63,offer,2026-09-08T17:47:01.312602+00:00
aca55948-3c43-4f92-aa3d-599bd6756034,fUSD,0.00014898,2,6,1667.68909229,offer,2026-09-08T17:47:01.312602+00:00
aca55948-3c43-4f92-aa3d-599bd6756034,fUSD,0.00014899,2,1,7667.65083591,offer,2026-09-08T17:47:01.312602+00:00
aca55948-3c43-4f92-aa3d-599bd6756034,fUSD,0.000149,2,21,16724.2334258,offer,2026-09-08T17:47:01.312602+00:00
aca55948-3c43-4f92-aa3d-599bd6756034,fUSD,0.00014933,2,2,403.63,offer,2026-09-08T17:47:01.312602+00:00
aca55948-3c43-4f92-aa3d-599bd6756034,fUSD,0.00014949,2,2,2059.61,offer,2026-09-08T17:47:01.312602+00:00
aca55948-3c43-4f92-aa3d-599bd6756034,fUSD,0.00014986301369863012,2,3,450.0,offer,2026-09-08T17:47:01.312602+00:00
aca55948-3c43-4f92-aa3d-599bd6756034,fUSD,0.0001499,2,2,1658.22104755,offer,2026-09-08T17:47:01.312602+00:00
aca55948-3c43-4f92-aa3d-599bd6756034,fUSD,0.00014999,2,21,229804.65265735,offer,2026-09-08T17:47:01.312602+00:00
aca55948-3c43-4f92-aa3d-599bd6756034,fUSD,0.00014999001,2,4,1571.1471374,offer,2026-09-08T17:47:01.312602+00:00
aca55948-3c43-4f92-aa3d-599bd6756034,fUSD,0.00015,2,9,1822280.07389924,offer,2026-09-08T17:47:01.312602+00:00
aca55948-3c43-4f92-aa3d-599bd6756034,fUSD,0.00015,5,1,23263.66732233,offer,2026-09-08T17:47:01.312602+00:00
aca55948-3c43-4f92-aa3d-599bd6756034,fUSD,0.00015,3,2,368.0,offer,2026-09-08T17:47:01.312602+00:00
63b7e1a8-4e12-43be-aecd-8cee936083e4,fUSD,0.00022,30,1,-30100.0,demand,2026-09-08T18:47:01.399299+00:00
63b7e1a8-4e12-43be-aecd-8cee936083e4,fUSD,0.00021,30,1,-30000.0,demand,2026-09-08T18:47:01.399299+00:00
63b7e1a8-4e12-43be-aecd-8cee936083e4,fUSD,0.000209,30,1,-6289.12258117,demand,2026-09-08T18:47:01.399299+00:00
63b7e1a8-4e12-43be-aecd-8cee936083e4,fUSD,0.0002,7,1,-150.0,demand,2026-09-08T18:47:01.399299+00:00
63b7e1a8-4e12-43be-aecd-8cee936083e4,fUSD,0.0001712,120,1,-20000.0,demand,2026-09-08T18:47:01.399299+00:00
63b7e1a8-4e12-43be-aecd-8cee936083e4,fUSD,0.00017111,120,1,-2000000.0,demand,2026-09-08T18:47:01.399299+00:00
63b7e1a8-4e12-43be-aecd-8cee936083e4,fUSD,0.000161,120,1,-100000.0,demand,2026-09-08T18:47:01.399299+00:00
63b7e1a8-4e12-43be-aecd-8cee936083e4,fUSD,0.00016,120,2,-10009162.66122322,demand,2026-09-08T18:47:01.399299+00:00
63b7e1a8-4e12-43be-aecd-8cee936083e4,fUSD,0.000152,45,2,-3000.0,demand,2026-09-08T18:47:01.399299+00:00
63b7e1a8-4e12-43be-aecd-8cee936083e4,fUSD,0.0001511,120,1,-20000.0,demand,2026-09-08T18:47:01.399299+00:00
63b7e1a8-4e12-43be-aecd-8cee936083e4,fUSD,0.0001503,90,1,-20000.0,demand,2026-09-08T18:47:01.399299+00:00
63b7e1a8-4e12-43be-aecd-8cee936083e4,fUSD,0.00015,120,1,-500.0,demand,2026-09-08T18:47:01.399299+00:00
63b7e1a8-4e12-43be-aecd-8cee936083e4,fUSD,0.00015,2,1,-10000.0,demand,2026-09-08T18:47:01.399299+00:00
63b7e1a8-4e12-43be-aecd-8cee936083e4,fUSD,0.000145,7,1,-190.0,demand,2026-09-08T18:47:01.399299+00:00
63b7e1a8-4e12-43be-aecd-8cee936083e4,fUSD,0.00014252,120,1,-10770.76644364,demand,2026-09-08T18:47:01.399299+00:00
63b7e1a8-4e12-43be-aecd-8cee936083e4,fUSD,0.0001403,90,1,-20000.0,demand,2026-09-08T18:47:01.399299+00:00
63b7e1a8-4e12-43be-aecd-8cee936083e4,fUSD,0.00014000000000000001,7,1,-5700.0,demand,2026-09-08T18:47:01.399299+00:00
63b7e1a8-4e12-43be-aecd-8cee936083e4,fUSD,0.000132,7,1,-10000.0,demand,2026-09-08T18:47:01.399299+00:00
63b7e1a8-4e12-43be-aecd-8cee936083e4,fUSD,0.00013123304176689693,2,1,-2193.47715482,demand,2026-09-08T18:47:01.399299+00:00
63b7e1a8-4e12-43be-aecd-8cee936083e4,fUSD,0.00013122931032166424,2,1,-4718.52507741,demand,2026-09-08T18:47:01.399299+00:00
63b7e1a8-4e12-43be-aecd-8cee936083e4,fUSD,0.0001312232089107002,2,1,-4718.52507741,demand,2026-09-08T18:47:01.399299+00:00
63b7e1a8-4e12-43be-aecd-8cee936083e4,fUSD,0.00013120986142759356,2,1,-4718.52507741,demand,2026-09-08T18:47:01.399299+00:00
63b7e1a8-4e12-43be-aecd-8cee936083e4,fUSD,0.0001312017380553202,2,1,-4718.52507741,demand,2026-09-08T18:47:01.399299+00:00
63b7e1a8-4e12-43be-aecd-8cee936083e4,fUSD,0.00013118853929679168,2,1,-4718.52507741,demand,2026-09-08T18:47:01.399299+00:00
63b7e1a8-4e12-43be-aecd-8cee936083e4,fUSD,0.00013117766921872238,2,1,-4718.52507741,demand,2026-09-08T18:47:01.399299+00:00
63b7e1a8-4e12-43be-aecd-8cee936083e4,fUSD,0.00014026035,2,1,150.0,offer,2026-09-08T18:47:01.399299+00:00
63b7e1a8-4e12-43be-aecd-8cee936083e4,fUSD,0.0001402942,2,1,178.24,offer,2026-09-08T18:47:01.399299+00:00
63b7e1a8-4e12-43be-aecd-8cee936083e4,fUSD,0.00014803287332926395,7,1,275.35429043,offer,2026-09-08T18:47:01.399299+00:00
63b7e1a8-4e12-43be-aecd-8cee936083e4,fUSD,0.0001485,2,6,12000.0,offer,2026-09-08T18:47:01.399299+00:00
63b7e1a8-4e12-43be-aecd-8cee936083e4,fUSD,0.000149,2,1,153.19,offer,2026-09-08T18:47:01.399299+00:00
63b7e1a8-4e12-43be-aecd-8cee936083e4,fUSD,0.00014915024325405575,2,2,622.98867783,offer,2026-09-08T18:47:01.399299+00:00
63b7e1a8-4e12-43be-aecd-8cee936083e4,fUSD,0.00014916024325405575,2,4,3591.0,offer,2026-09-08T18:47:01.399299+00:00
63b7e1a8-4e12-43be-aecd-8cee936083e4,fUSD,0.0001495008275534943,2,2,1806.0,offer,2026-09-08T18:47:01.399299+00:00
63b7e1a8-4e12-43be-aecd-8cee936083e4,fUSD,0.0001495518896337316,2,2,1785.0,offer,2026-09-08T18:47:01.399299+00:00
63b7e1a8-4e12-43be-aecd-8cee936083e4,fUSD,0.00014968,2,1,500.0,offer,2026-09-08T18:47:01.399299+00:00
63b7e1a8-4e12-43be-aecd-8cee936083e4,fUSD,0.00014982010000000003,2,4,8715.16143118,offer,2026-09-08T18:47:01.399299+00:00
63b7e1a8-4e12-43be-aecd-8cee936083e4,fUSD,0.0001499,2,1,150.22751175,offer,2026-09-08T18:47:01.399299+00:00
63b7e1a8-4e12-43be-aecd-8cee936083e4,fUSD,0.00014994,2,13,205521.7203699,offer,2026-09-08T18:47:01.399299+00:00
63b7e1a8-4e12-43be-aecd-8cee936083e4,fUSD,0.00014995,2,2,139886.6829777,offer,2026-09-08T18:47:01.399299+00:00
63b7e1a8-4e12-43be-aecd-8cee936083e4,fUSD,0.00014998,2,6,3022.14151049,offer,2026-09-08T18:47:01.399299+00:00
63b7e1a8-4e12-43be-aecd-8cee936083e4,fUSD,0.00014999,2,21,11957.98761815,offer,2026-09-08T18:47:01.399299+00:00
63b7e1a8-4e12-43be-aecd-8cee936083e4,fUSD,0.00014999001,2,3,1270.34141636,offer,2026-09-08T18:47:01.399299+00:00
63b7e1a8-4e12-43be-aecd-8cee936083e4,fUSD,0.00014999265753424658,2,1,2176.93,offer,2026-09-08T18:47:01.399299+00:00
63b7e1a8-4e12-43be-aecd-8cee936083e4,fUSD,0.0001499972602739726,5,2,2768.0,offer,2026-09-08T18:47:01.399299+00:00
63b7e1a8-4e12-43be-aecd-8cee936083e4,fUSD,0.0001499983078818322,2,2,1833.0,offer,2026-09-08T18:47:01.399299+00:00
63b7e1a8-4e12-43be-aecd-8cee936083e4,fUSD,0.00015,2,14,1261254.08549182,offer,2026-09-08T18:47:01.399299+00:00
63b7e1a8-4e12-43be-aecd-8cee936083e4,fUSD,0.00015,10,1,10000.0,offer,2026-09-08T18:47:01.399299+00:00
63b7e1a8-4e12-43be-aecd-8cee936083e4,fUSD,0.0001500529,2,1,354.52,offer,2026-09-08T18:47:01.399299+00:00
63b7e1a8-4e12-43be-aecd-8cee936083e4,fUSD,0.0001500602974695564,2,1,3525.35853588,offer,2026-09-08T18:47:01.399299+00:00
63b7e1a8-4e12-43be-aecd-8cee936083e4,fUSD,0.0001500741,2,1,300.97,offer,2026-09-08T18:47:01.399299+00:00
cedd5579-cfb6-432f-9840-e790afe9944b,fUSD,0.000273972602739726,120,1,-8847481.78529129,demand,2026-09-08T19:47:00.274352+00:00
cedd5579-cfb6-432f-9840-e790afe9944b,fUSD,0.00022,30,1,-30100.0,demand,2026-09-08T19:47:00.274352+00:00
cedd5579-cfb6-432f-9840-e790afe9944b,fUSD,0.00021,30,1,-30000.0,demand,2026-09-08T19:47:00.274352+00:00
cedd5579-cfb6-432f-9840-e790afe9944b,fUSD,0.000209,30,1,-6289.12258117,demand,2026-09-08T19:47:00.274352+00:00
cedd5579-cfb6-432f-9840-e790afe9944b,fUSD,0.0002,7,1,-150.0,demand,2026-09-08T19:47:00.274352+00:00
cedd5579-cfb6-432f-9840-e790afe9944b,fUSD,0.0001712,120,1,-20000.0,demand,2026-09-08T19:47:00.274352+00:00
cedd5579-cfb6-432f-9840-e790afe9944b,fUSD,0.00017111,120,1,-2000000.0,demand,2026-09-08T19:47:00.274352+00:00
cedd5579-cfb6-432f-9840-e790afe9944b,fUSD,0.000161,120,1,-100000.0,demand,2026-09-08T19:47:00.274352+00:00
cedd5579-cfb6-432f-9840-e790afe9944b,fUSD,0.00016,120,2,-10009162.66122322,demand,2026-09-08T19:47:00.274352+00:00
cedd5579-cfb6-432f-9840-e790afe9944b,fUSD,0.000152,45,2,-3000.0,demand,2026-09-08T19:47:00.274352+00:00
cedd5579-cfb6-432f-9840-e790afe9944b,fUSD,0.0001511,120,1,-20000.0,demand,2026-09-08T19:47:00.274352+00:00
cedd5579-cfb6-432f-9840-e790afe9944b,fUSD,0.0001503,90,1,-20000.0,demand,2026-09-08T19:47:00.274352+00:00
cedd5579-cfb6-432f-9840-e790afe9944b,fUSD,0.00015,120,1,-500.0,demand,2026-09-08T19:47:00.274352+00:00
cedd5579-cfb6-432f-9840-e790afe9944b,fUSD,0.00015,2,1,-10000.0,demand,2026-09-08T19:47:00.274352+00:00
cedd5579-cfb6-432f-9840-e790afe9944b,fUSD,0.000145,7,1,-190.0,demand,2026-09-08T19:47:00.274352+00:00
cedd5579-cfb6-432f-9840-e790afe9944b,fUSD,0.00014252,120,1,-10770.76644364,demand,2026-09-08T19:47:00.274352+00:00
cedd5579-cfb6-432f-9840-e790afe9944b,fUSD,0.0001403,90,1,-20000.0,demand,2026-09-08T19:47:00.274352+00:00
cedd5579-cfb6-432f-9840-e790afe9944b,fUSD,0.00014000000000000001,7,1,-5700.0,demand,2026-09-08T19:47:00.274352+00:00
cedd5579-cfb6-432f-9840-e790afe9944b,fUSD,0.000135686221889319,2,1,-3994.11402865,demand,2026-09-08T19:47:00.274352+00:00
cedd5579-cfb6-432f-9840-e790afe9944b,fUSD,0.0001356820013254604,2,1,-3994.11402865,demand,2026-09-08T19:47:00.274352+00:00
cedd5579-cfb6-432f-9840-e790afe9944b,fUSD,0.000135663659547074,2,1,-3994.11402865,demand,2026-09-08T19:47:00.274352+00:00
cedd5579-cfb6-432f-9840-e790afe9944b,fUSD,0.0001356606193386666,2,1,-3994.11402865,demand,2026-09-08T19:47:00.274352+00:00
cedd5579-cfb6-432f-9840-e790afe9944b,fUSD,0.0001356547747142453,2,1,-3994.11402865,demand,2026-09-08T19:47:00.274352+00:00
cedd5579-cfb6-432f-9840-e790afe9944b,fUSD,0.00013564227512274173,2,1,-3994.11402865,demand,2026-09-08T19:47:00.274352+00:00
cedd5579-cfb6-432f-9840-e790afe9944b,fUSD,0.00013563932715941586,2,1,-3994.11402865,demand,2026-09-08T19:47:00.274352+00:00
cedd5579-cfb6-432f-9840-e790afe9944b,fUSD,0.0001412665,2,1,200.0,offer,2026-09-08T19:47:00.274352+00:00
cedd5579-cfb6-432f-9840-e790afe9944b,fUSD,0.0001421604,2,1,591.16,offer,2026-09-08T19:47:00.274352+00:00
cedd5579-cfb6-432f-9840-e790afe9944b,fUSD,0.00014393738630136987,2,1,305.93163269,offer,2026-09-08T19:47:00.274352+00:00
cedd5579-cfb6-432f-9840-e790afe9944b,fUSD,0.00014571437260273973,2,1,591.16,offer,2026-09-08T19:47:00.274352+00:00
cedd5579-cfb6-432f-9840-e790afe9944b,fUSD,0.0001457552,2,2,415.8467162,offer,2026-09-08T19:47:00.274352+00:00
cedd5579-cfb6-432f-9840-e790afe9944b,fUSD,0.0001457602,2,1,600.0,offer,2026-09-08T19:47:00.274352+00:00
cedd5579-cfb6-432f-9840-e790afe9944b,fUSD,0.0001457652,2,1,33937.26676505,offer,2026-09-08T19:47:00.274352+00:00
cedd5579-cfb6-432f-9840-e790afe9944b,fUSD,0.0001473776,2,2,750.0,offer,2026-09-08T19:47:00.274352+00:00
cedd5579-cfb6-432f-9840-e790afe9944b,fUSD,0.00014741931799999998,2,1,600.0,offer,2026-09-08T19:47:00.274352+00:00
cedd5579-cfb6-432f-9840-e790afe9944b,fUSD,0.00014898,2,1,150.0,offer,2026-09-08T19:47:00.274352+00:00
cedd5579-cfb6-432f-9840-e790afe9944b,fUSD,0.00014899,2,1,10568.39773385,offer,2026-09-08T19:47:00.274352+00:00
cedd5579-cfb6-432f-9840-e790afe9944b,fUSD,0.00014926834520547944,2,1,591.16,offer,2026-09-08T19:47:00.274352+00:00
cedd5579-cfb6-432f-9840-e790afe9944b,fUSD,0.0001498,2,2,400.0,offer,2026-09-08T19:47:00.274352+00:00
cedd5579-cfb6-432f-9840-e790afe9944b,fUSD,0.0001498,7,2,432.51,offer,2026-09-08T19:47:00.274352+00:00
cedd5579-cfb6-432f-9840-e790afe9944b,fUSD,0.00014997808219178083,2,1,504.19996031,offer,2026-09-08T19:47:00.274352+00:00
cedd5579-cfb6-432f-9840-e790afe9944b,fUSD,0.00014998,2,1,509.04155417,offer,2026-09-08T19:47:00.274352+00:00
cedd5579-cfb6-432f-9840-e790afe9944b,fUSD,0.00014999,2,15,204037.62913874,offer,2026-09-08T19:47:00.274352+00:00
cedd5579-cfb6-432f-9840-e790afe9944b,fUSD,0.00015,2,8,209709.71869538,offer,2026-09-08T19:47:00.274352+00:00
cedd5579-cfb6-432f-9840-e790afe9944b,fUSD,0.00015,5,1,266083.13460146,offer,2026-09-08T19:47:00.274352+00:00
cedd5579-cfb6-432f-9840-e790afe9944b,fUSD,0.00015004,2,1,220.58559856,offer,2026-09-08T19:47:00.274352+00:00
cedd5579-cfb6-432f-9840-e790afe9944b,fUSD,0.00015006777499999998,2,1,289.82700755,offer,2026-09-08T19:47:00.274352+00:00
cedd5579-cfb6-432f-9840-e790afe9944b,fUSD,0.0001502711,2,1,327.36,offer,2026-09-08T19:47:00.274352+00:00
cedd5579-cfb6-432f-9840-e790afe9944b,fUSD,0.0001508098,2,1,327.36,offer,2026-09-08T19:47:00.274352+00:00
cedd5579-cfb6-432f-9840-e790afe9944b,fUSD,0.0001512775,2,1,327.36,offer,2026-09-08T19:47:00.274352+00:00
cedd5579-cfb6-432f-9840-e790afe9944b,fUSD,0.0001516934,2,1,327.36,offer,2026-09-08T19:47:00.274352+00:00
59a000a5-4b16-4873-897c-5010a0632d36,fUSD,0.000273972602739726,120,1,-8751423.5427984,demand,2026-09-08T20:47:00.409057+00:00
59a000a5-4b16-4873-897c-5010a0632d36,fUSD,0.00022,30,1,-30100.0,demand,2026-09-08T20:47:00.409057+00:00
59a000a5-4b16-4873-897c-5010a0632d36,fUSD,0.00021,30,1,-30000.0,demand,2026-09-08T20:47:00.409057+00:00
59a000a5-4b16-4873-897c-5010a0632d36,fUSD,0.000209,30,1,-6289.12258117,demand,2026-09-08T20:47:00.409057+00:00
59a000a5-4b16-4873-897c-5010a0632d36,fUSD,0.0002,7,1,-150.0,demand,2026-09-08T20:47:00.409057+00:00
59a000a5-4b16-4873-897c-5010a0632d36,fUSD,0.0001712,120,1,-20000.0,demand,2026-09-08T20:47:00.409057+00:00
59a000a5-4b16-4873-897c-5010a0632d36,fUSD,0.00017111,120,1,-2000000.0,demand,2026-09-08T20:47:00.409057+00:00
59a000a5-4b16-4873-897c-5010a0632d36,fUSD,0.000161,120,1,-100000.0,demand,2026-09-08T20:47:00.409057+00:00
59a000a5-4b16-4873-897c-5010a0632d36,fUSD,0.00016,120,2,-10009162.66122322,demand,2026-09-08T20:47:00.409057+00:00
59a000a5-4b16-4873-897c-5010a0632d36,fUSD,0.000152,45,2,-3000.0,demand,2026-09-08T20:47:00.409057+00:00
59a000a5-4b16-4873-897c-5010a0632d36,fUSD,0.0001511,120,1,-20000.0,demand,2026-09-08T20:47:00.409057+00:00
59a000a5-4b16-4873-897c-5010a0632d36,fUSD,0.0001503,90,1,-20000.0,demand,2026-09-08T20:47:00.409057+00:00
59a000a5-4b16-4873-897c-5010a0632d36,fUSD,0.00015,120,1,-500.0,demand,2026-09-08T20:47:00.409057+00:00
59a000a5-4b16-4873-897c-5010a0632d36,fUSD,0.00015,2,1,-10000.0,demand,2026-09-08T20:47:00.409057+00:00
59a000a5-4b16-4873-897c-5010a0632d36,fUSD,0.000145,7,1,-190.0,demand,2026-09-08T20:47:00.409057+00:00
59a000a5-4b16-4873-897c-5010a0632d36,fUSD,0.00014252,120,1,-10770.76644364,demand,2026-09-08T20:47:00.409057+00:00
59a000a5-4b16-4873-897c-5010a0632d36,fUSD,0.0001403,90,1,-20000.0,demand,2026-09-08T20:47:00.409057+00:00
59a000a5-4b16-4873-897c-5010a0632d36,fUSD,0.00014000000000000001,7,1,-4327.91457709,demand,2026-09-08T20:47:00.409057+00:00
59a000a5-4b16-4873-897c-5010a0632d36,fUSD,0.000135686221889319,2,1,-1352.90402865,demand,2026-09-08T20:47:00.409057+00:00
59a000a5-4b16-4873-897c-5010a0632d36,fUSD,0.0001356820013254604,2,1,-3994.11402865,demand,2026-09-08T20:47:00.409057+00:00
59a000a5-4b16-4873-897c-5010a0632d36,fUSD,0.000135663659547074,2,1,-3994.11402865,demand,2026-09-08T20:47:00.409057+00:00
59a000a5-4b16-4873-897c-5010a0632d36,fUSD,0.0001356606193386666,2,1,-3994.11402865,demand,2026-09-08T20:47:00.409057+00:00
59a000a5-4b16-4873-897c-5010a0632d36,fUSD,0.0001356547747142453,2,1,-3994.11402865,demand,2026-09-08T20:47:00.409057+00:00
59a000a5-4b16-4873-897c-5010a0632d36,fUSD,0.00013564227512274173,2,1,-3994.11402865,demand,2026-09-08T20:47:00.409057+00:00
59a000a5-4b16-4873-897c-5010a0632d36,fUSD,0.00013563932715941586,2,1,-3994.11402865,demand,2026-09-08T20:47:00.409057+00:00
59a000a5-4b16-4873-897c-5010a0632d36,fUSD,0.000140995,2,1,293.65755076,offer,2026-09-08T20:47:00.409057+00:00
59a000a5-4b16-4873-897c-5010a0632d36,fUSD,0.0001414925,2,1,150.0,offer,2026-09-08T20:47:00.409057+00:00
59a000a5-4b16-4873-897c-5010a0632d36,fUSD,0.00014199,2,2,631.55923042,offer,2026-09-08T20:47:00.409057+00:00
59a000a5-4b16-4873-897c-5010a0632d36,fUSD,0.00014199,20,2,412.36694425,offer,2026-09-08T20:47:00.409057+00:00
59a000a5-4b16-4873-897c-5010a0632d36,fUSD,0.00014898,2,2,717.24837396,offer,2026-09-08T20:47:00.409057+00:00
59a000a5-4b16-4873-897c-5010a0632d36,fUSD,0.00014899,2,1,3719.97713582,offer,2026-09-08T20:47:00.409057+00:00
59a000a5-4b16-4873-897c-5010a0632d36,fUSD,0.000148995,2,3,2100.0,offer,2026-09-08T20:47:00.409057+00:00
59a000a5-4b16-4873-897c-5010a0632d36,fUSD,0.000149,2,2,2222.51995841,offer,2026-09-08T20:47:00.409057+00:00
59a000a5-4b16-4873-897c-5010a0632d36,fUSD,0.000149408,2,1,282.08,offer,2026-09-08T20:47:00.409057+00:00
59a000a5-4b16-4873-897c-5010a0632d36,fUSD,0.00014956980821917806,2,1,500.0,offer,2026-09-08T20:47:00.409057+00:00
59a000a5-4b16-4873-897c-5010a0632d36,fUSD,0.0001498499,2,2,946.78,offer,2026-09-08T20:47:00.409057+00:00
59a000a5-4b16-4873-897c-5010a0632d36,fUSD,0.0001498890410958904,2,1,330.59116792,offer,2026-09-08T20:47:00.409057+00:00
59a000a5-4b16-4873-897c-5010a0632d36,fUSD,0.00014998,2,4,1195.1989796,offer,2026-09-08T20:47:00.409057+00:00
59a000a5-4b16-4873-897c-5010a0632d36,fUSD,0.00014999,2,27,241651.17787982,offer,2026-09-08T20:47:00.409057+00:00
59a000a5-4b16-4873-897c-5010a0632d36,fUSD,0.00014999999535735405,2,2,1793.0,offer,2026-09-08T20:47:00.409057+00:00
59a000a5-4b16-4873-897c-5010a0632d36,fUSD,0.00015,2,1,722139.15722255,offer,2026-09-08T20:47:00.409057+00:00
59a000a5-4b16-4873-897c-5010a0632d36,fUSD,0.00015,5,1,93898.5723094,offer,2026-09-08T20:47:00.409057+00:00
59a000a5-4b16-4873-897c-5010a0632d36,fUSD,0.0001529898,3,1,544.3238737,offer,2026-09-08T20:47:00.409057+00:00
59a000a5-4b16-4873-897c-5010a0632d36,fUSD,0.0001529999,2,1,249.79,offer,2026-09-08T20:47:00.409057+00:00
59a000a5-4b16-4873-897c-5010a0632d36,fUSD,0.0001550945,2,3,6443.80139358,offer,2026-09-08T20:47:00.409057+00:00
59a000a5-4b16-4873-897c-5010a0632d36,fUSD,0.00015604959599999999,3,1,544.3238737,offer,2026-09-08T20:47:00.409057+00:00
59a000a5-4b16-4873-897c-5010a0632d36,fUSD,0.0001566716,2,1,189.7,offer,2026-09-08T20:47:00.409057+00:00
59a000a5-4b16-4873-897c-5010a0632d36,fUSD,0.00015917058792,4,1,544.3238737,offer,2026-09-08T20:47:00.409057+00:00
59a000a5-4b16-4873-897c-5010a0632d36,fUSD,0.00016058831232876713,2,1,189.7,offer,2026-09-08T20:47:00.409057+00:00
59a000a5-4b16-4873-897c-5010a0632d36,fUSD,0.0001623539996784,5,1,544.3238737,offer,2026-09-08T20:47:00.409057+00:00
c90b7823-653f-4e8b-8467-8801c273aba0,fUSD,0.000273972602739726,120,1,-8650994.31223727,demand,2026-09-08T21:47:00.538276+00:00
c90b7823-653f-4e8b-8467-8801c273aba0,fUSD,0.00022,30,1,-30100.0,demand,2026-09-08T21:47:00.538276+00:00
c90b7823-653f-4e8b-8467-8801c273aba0,fUSD,0.00021,30,1,-30000.0,demand,2026-09-08T21:47:00.538276+00:00
c90b7823-653f-4e8b-8467-8801c273aba0,fUSD,0.000209,30,1,-6289.12258117,demand,2026-09-08T21:47:00.538276+00:00
c90b7823-653f-4e8b-8467-8801c273aba0,fUSD,0.0002,7,1,-150.0,demand,2026-09-08T21:47:00.538276+00:00
c90b7823-653f-4e8b-8467-8801c273aba0,fUSD,0.0001712,120,1,-20000.0,demand,2026-09-08T21:47:00.538276+00:00
c90b7823-653f-4e8b-8467-8801c273aba0,fUSD,0.00017111,120,1,-2000000.0,demand,2026-09-08T21:47:00.538276+00:00
c90b7823-653f-4e8b-8467-8801c273aba0,fUSD,0.000161,120,1,-100000.0,demand,2026-09-08T21:47:00.538276+00:00
c90b7823-653f-4e8b-8467-8801c273aba0,fUSD,0.00016,120,2,-10009162.66122322,demand,2026-09-08T21:47:00.538276+00:00
c90b7823-653f-4e8b-8467-8801c273aba0,fUSD,0.000152,45,2,-3000.0,demand,2026-09-08T21:47:00.538276+00:00
c90b7823-653f-4e8b-8467-8801c273aba0,fUSD,0.0001511,120,1,-20000.0,demand,2026-09-08T21:47:00.538276+00:00
c90b7823-653f-4e8b-8467-8801c273aba0,fUSD,0.0001503,90,1,-20000.0,demand,2026-09-08T21:47:00.538276+00:00
c90b7823-653f-4e8b-8467-8801c273aba0,fUSD,0.00015,120,1,-500.0,demand,2026-09-08T21:47:00.538276+00:00
c90b7823-653f-4e8b-8467-8801c273aba0,fUSD,0.00015,2,1,-10000.0,demand,2026-09-08T21:47:00.538276+00:00
c90b7823-653f-4e8b-8467-8801c273aba0,fUSD,0.000145,7,1,-190.0,demand,2026-09-08T21:47:00.538276+00:00
c90b7823-653f-4e8b-8467-8801c273aba0,fUSD,0.00014252,120,1,-10770.76644364,demand,2026-09-08T21:47:00.538276+00:00
c90b7823-653f-4e8b-8467-8801c273aba0,fUSD,0.0001403,90,1,-20000.0,demand,2026-09-08T21:47:00.538276+00:00
c90b7823-653f-4e8b-8467-8801c273aba0,fUSD,0.00014000000000000001,7,1,-4327.91457709,demand,2026-09-08T21:47:00.538276+00:00
c90b7823-653f-4e8b-8467-8801c273aba0,fUSD,0.000132,7,1,-10000.0,demand,2026-09-08T21:47:00.538276+00:00
c90b7823-653f-4e8b-8467-8801c273aba0,fUSD,0.000131,13,1,-7000.0,demand,2026-09-08T21:47:00.538276+00:00
c90b7823-653f-4e8b-8467-8801c273aba0,fUSD,0.000131,7,1,-5000.0,demand,2026-09-08T21:47:00.538276+00:00
c90b7823-653f-4e8b-8467-8801c273aba0,fUSD,0.00013,2,1,-1753173.0978471,demand,2026-09-08T21:47:00.538276+00:00
c90b7823-653f-4e8b-8467-8801c273aba0,fUSD,0.00012757,120,1,-100000.0,demand,2026-09-08T21:47:00.538276+00:00
c90b7823-653f-4e8b-8467-8801c273aba0,fUSD,0.00012565853241886245,2,1,-4701.52337741,demand,2026-09-08T21:47:00.538276+00:00
c90b7823-653f-4e8b-8467-8801c273aba0,fUSD,0.00012565219782049376,2,1,-4701.52337741,demand,2026-09-08T21:47:00.538276+00:00
c90b7823-653f-4e8b-8467-8801c273aba0,fUSD,0.00014075,2,1,3126.02309327,offer,2026-09-08T21:47:00.538276+00:00
c90b7823-653f-4e8b-8467-8801c273aba0,fUSD,0.000141754384,2,5,2284.81186274,offer,2026-09-08T21:47:00.538276+00:00
c90b7823-653f-4e8b-8467-8801c273aba0,fUSD,0.00014176,2,1,260.845453,offer,2026-09-08T21:47:00.538276+00:00
c90b7823-653f-4e8b-8467-8801c273aba0,fUSD,0.00014176438356164385,2,1,3219.586373,offer,2026-09-08T21:47:00.538276+00:00
c90b7823-653f-4e8b-8467-8801c273aba0,fUSD,0.00014176438361643837,2,1,600.0,offer,2026-09-08T21:47:00.538276+00:00
c90b7823-653f-4e8b-8467-8801c273aba0,fUSD,0.00014176438367123287,2,1,150.0,offer,2026-09-08T21:47:00.538276+00:00
c90b7823-653f-4e8b-8467-8801c273aba0,fUSD,0.000141764384,2,1,264.31,offer,2026-09-08T21:47:00.538276+00:00
c90b7823-653f-4e8b-8467-8801c273aba0,fUSD,0.000142481,2,1,321.09,offer,2026-09-08T21:47:00.538276+00:00
c90b7823-653f-4e8b-8467-8801c273aba0,fUSD,0.00014262613574657536,2,1,600.0,offer,2026-09-08T21:47:00.538276+00:00
c90b7823-653f-4e8b-8467-8801c273aba0,fUSD,0.00014588215,2,12,1812.0,offer,2026-09-08T21:47:00.538276+00:00
c90b7823-653f-4e8b-8467-8801c273aba0,fUSD,0.00014899,2,1,2251.56172187,offer,2026-09-08T21:47:00.538276+00:00
c90b7823-653f-4e8b-8467-8801c273aba0,fUSD,0.000149,2,1,4367.42130799,offer,2026-09-08T21:47:00.538276+00:00
c90b7823-653f-4e8b-8467-8801c273aba0,fUSD,0.00014998,7,2,1611.3547079,offer,2026-09-08T21:47:00.538276+00:00
c90b7823-653f-4e8b-8467-8801c273aba0,fUSD,0.00014998,2,2,758.596118,offer,2026-09-08T21:47:00.538276+00:00
c90b7823-653f-4e8b-8467-8801c273aba0,fUSD,0.00014998904109589042,2,1,150.0,offer,2026-09-08T21:47:00.538276+00:00
c90b7823-653f-4e8b-8467-8801c273aba0,fUSD,0.00014999,2,46,218133.55010035,offer,2026-09-08T21:47:00.538276+00:00
c90b7823-653f-4e8b-8467-8801c273aba0,fUSD,0.00015,2,11,219257.31920505,offer,2026-09-08T21:47:00.538276+00:00
c90b7823-653f-4e8b-8467-8801c273aba0,fUSD,0.00015,5,1,118979.4503429,offer,2026-09-08T21:47:00.538276+00:00
c90b7823-653f-4e8b-8467-8801c273aba0,fUSD,0.0001529796,7,2,1611.3547079,offer,2026-09-08T21:47:00.538276+00:00
c90b7823-653f-4e8b-8467-8801c273aba0,fUSD,0.00015299999999999998,4,1,322.25560514,offer,2026-09-08T21:47:00.538276+00:00
c90b7823-653f-4e8b-8467-8801c273aba0,fUSD,0.0001531078,2,1,169.24,offer,2026-09-08T21:47:00.538276+00:00
c90b7823-653f-4e8b-8467-8801c273aba0,fUSD,0.0001542323,2,2,1170.86,offer,2026-09-08T21:47:00.538276+00:00
c90b7823-653f-4e8b-8467-8801c273aba0,fUSD,0.00015594082191780826,2,1,600.0,offer,2026-09-08T21:47:00.538276+00:00
c90b7823-653f-4e8b-8467-8801c273aba0,fUSD,0.000157479,7,2,1611.3547079,offer,2026-09-08T21:47:00.538276+00:00
c90b7823-653f-4e8b-8467-8801c273aba0,fUSD,0.00015794,2,1,314.24,offer,2026-09-08T21:47:00.538276+00:00
fb7624a6-97d7-4ab6-a164-22fd8e8e9298,fUSD,0.000273972602739726,120,1,-8548625.07281846,demand,2026-09-08T22:47:00.629740+00:00
fb7624a6-97d7-4ab6-a164-22fd8e8e9298,fUSD,0.00022,30,1,-30100.0,demand,2026-09-08T22:47:00.629740+00:00
fb7624a6-97d7-4ab6-a164-22fd8e8e9298,fUSD,0.00021,30,1,-30000.0,demand,2026-09-08T22:47:00.629740+00:00
fb7624a6-97d7-4ab6-a164-22fd8e8e9298,fUSD,0.000209,30,1,-6289.12258117,demand,2026-09-08T22:47:00.629740+00:00
fb7624a6-97d7-4ab6-a164-22fd8e8e9298,fUSD,0.0002,7,1,-150.0,demand,2026-09-08T22:47:00.629740+00:00
fb7624a6-97d7-4ab6-a164-22fd8e8e9298,fUSD,0.0001712,120,1,-20000.0,demand,2026-09-08T22:47:00.629740+00:00
fb7624a6-97d7-4ab6-a164-22fd8e8e9298,fUSD,0.00017111,120,1,-2000000.0,demand,2026-09-08T22:47:00.629740+00:00
fb7624a6-97d7-4ab6-a164-22fd8e8e9298,fUSD,0.000161,120,1,-100000.0,demand,2026-09-08T22:47:00.629740+00:00
fb7624a6-97d7-4ab6-a164-22fd8e8e9298,fUSD,0.00016,120,2,-10009162.66122322,demand,2026-09-08T22:47:00.629740+00:00
fb7624a6-97d7-4ab6-a164-22fd8e8e9298,fUSD,0.000152,45,2,-3000.0,demand,2026-09-08T22:47:00.629740+00:00
fb7624a6-97d7-4ab6-a164-22fd8e8e9298,fUSD,0.0001511,120,1,-20000.0,demand,2026-09-08T22:47:00.629740+00:00
fb7624a6-97d7-4ab6-a164-22fd8e8e9298,fUSD,0.0001503,90,1,-20000.0,demand,2026-09-08T22:47:00.629740+00:00
fb7624a6-97d7-4ab6-a164-22fd8e8e9298,fUSD,0.00015,120,1,-500.0,demand,2026-09-08T22:47:00.629740+00:00
fb7624a6-97d7-4ab6-a164-22fd8e8e9298,fUSD,0.00015,2,1,-10000.0,demand,2026-09-08T22:47:00.629740+00:00
fb7624a6-97d7-4ab6-a164-22fd8e8e9298,fUSD,0.000145,7,1,-190.0,demand,2026-09-08T22:47:00.629740+00:00
fb7624a6-97d7-4ab6-a164-22fd8e8e9298,fUSD,0.00014252,120,1,-10770.76644364,demand,2026-09-08T22:47:00.629740+00:00
fb7624a6-97d7-4ab6-a164-22fd8e8e9298,fUSD,0.0001403,90,1,-20000.0,demand,2026-09-08T22:47:00.629740+00:00
fb7624a6-97d7-4ab6-a164-22fd8e8e9298,fUSD,0.00014000000000000001,7,1,-4327.91457709,demand,2026-09-08T22:47:00.629740+00:00
fb7624a6-97d7-4ab6-a164-22fd8e8e9298,fUSD,0.000132,7,1,-10000.0,demand,2026-09-08T22:47:00.629740+00:00
fb7624a6-97d7-4ab6-a164-22fd8e8e9298,fUSD,0.000131,13,1,-7000.0,demand,2026-09-08T22:47:00.629740+00:00
fb7624a6-97d7-4ab6-a164-22fd8e8e9298,fUSD,0.000131,7,1,-5000.0,demand,2026-09-08T22:47:00.629740+00:00
fb7624a6-97d7-4ab6-a164-22fd8e8e9298,fUSD,0.00013,2,1,-1749978.1168471,demand,2026-09-08T22:47:00.629740+00:00
fb7624a6-97d7-4ab6-a164-22fd8e8e9298,fUSD,0.00012757,120,1,-100000.0,demand,2026-09-08T22:47:00.629740+00:00
fb7624a6-97d7-4ab6-a164-22fd8e8e9298,fUSD,0.00012565853241886245,2,1,-4701.52337741,demand,2026-09-08T22:47:00.629740+00:00
fb7624a6-97d7-4ab6-a164-22fd8e8e9298,fUSD,0.00012565219782049376,2,1,-4701.52337741,demand,2026-09-08T22:47:00.629740+00:00
fb7624a6-97d7-4ab6-a164-22fd8e8e9298,fUSD,0.0001424905,2,1,316.55,offer,2026-09-08T22:47:00.629740+00:00
fb7624a6-97d7-4ab6-a164-22fd8e8e9298,fUSD,0.00014283287500000002,2,1,150.0,offer,2026-09-08T22:47:00.629740+00:00
fb7624a6-97d7-4ab6-a164-22fd8e8e9298,fUSD,0.0001438100000000001,2,9,4434.9162169,offer,2026-09-08T22:47:00.629740+00:00
fb7624a6-97d7-4ab6-a164-22fd8e8e9298,fUSD,0.00014389000000000006,7,1,874.03909996,offer,2026-09-08T22:47:00.629740+00:00
fb7624a6-97d7-4ab6-a164-22fd8e8e9298,fUSD,0.00014676780000000007,7,2,1059.5865495,offer,2026-09-08T22:47:00.629740+00:00
fb7624a6-97d7-4ab6-a164-22fd8e8e9298,fUSD,0.0001484986,2,1,200.0,offer,2026-09-08T22:47:00.629740+00:00
fb7624a6-97d7-4ab6-a164-22fd8e8e9298,fUSD,0.00014899,2,2,333.19843168,offer,2026-09-08T22:47:00.629740+00:00
fb7624a6-97d7-4ab6-a164-22fd8e8e9298,fUSD,0.000149,2,1,6453.24208051,offer,2026-09-08T22:47:00.629740+00:00
fb7624a6-97d7-4ab6-a164-22fd8e8e9298,fUSD,0.00014988904109589042,2,1,170.32,offer,2026-09-08T22:47:00.629740+00:00
fb7624a6-97d7-4ab6-a164-22fd8e8e9298,fUSD,0.0001499,2,1,150.0,offer,2026-09-08T22:47:00.629740+00:00
fb7624a6-97d7-4ab6-a164-22fd8e8e9298,fUSD,0.00014999,2,38,394344.64151924,offer,2026-09-08T22:47:00.629740+00:00
fb7624a6-97d7-4ab6-a164-22fd8e8e9298,fUSD,0.00015,2,7,328300.01343614,offer,2026-09-08T22:47:00.629740+00:00
fb7624a6-97d7-4ab6-a164-22fd8e8e9298,fUSD,0.00015,5,1,90603.81236967,offer,2026-09-08T22:47:00.629740+00:00
fb7624a6-97d7-4ab6-a164-22fd8e8e9298,fUSD,0.000150814,2,1,170.87,offer,2026-09-08T22:47:00.629740+00:00
fb7624a6-97d7-4ab6-a164-22fd8e8e9298,fUSD,0.00015108450000000007,7,1,874.03909996,offer,2026-09-08T22:47:00.629740+00:00
fb7624a6-97d7-4ab6-a164-22fd8e8e9298,fUSD,0.0001529898,4,1,269.8953542,offer,2026-09-08T22:47:00.629740+00:00
fb7624a6-97d7-4ab6-a164-22fd8e8e9298,fUSD,0.0001543569,2,1,316.55,offer,2026-09-08T22:47:00.629740+00:00
fb7624a6-97d7-4ab6-a164-22fd8e8e9298,fUSD,0.00015540120000000007,7,2,1152.36027431,offer,2026-09-08T22:47:00.629740+00:00
fb7624a6-97d7-4ab6-a164-22fd8e8e9298,fUSD,0.00015604959599999999,5,1,269.8953542,offer,2026-09-08T22:47:00.629740+00:00
fb7624a6-97d7-4ab6-a164-22fd8e8e9298,fUSD,0.00015673955000000003,2,1,600.0,offer,2026-09-08T22:47:00.629740+00:00
fb7624a6-97d7-4ab6-a164-22fd8e8e9298,fUSD,0.0001570997,2,1,316.55,offer,2026-09-08T22:47:00.629740+00:00
fb7624a6-97d7-4ab6-a164-22fd8e8e9298,fUSD,0.0001589894,2,1,316.55,offer,2026-09-08T22:47:00.629740+00:00
fb7624a6-97d7-4ab6-a164-22fd8e8e9298,fUSD,0.00015917058792,7,1,269.8953542,offer,2026-09-08T22:47:00.629740+00:00
fb7624a6-97d7-4ab6-a164-22fd8e8e9298,fUSD,0.00016,2,6,24081.48384033,offer,2026-09-08T22:47:00.629740+00:00
fb7624a6-97d7-4ab6-a164-22fd8e8e9298,fUSD,0.00016000000000000004,2,3,2672.0,offer,2026-09-08T22:47:00.629740+00:00
7e1a28cf-5cf2-4bf7-b660-4869714953c8,fUSD,0.000273972602739726,120,1,-8492871.3944778,demand,2026-09-08T23:47:00.431958+00:00
7e1a28cf-5cf2-4bf7-b660-4869714953c8,fUSD,0.00022,30,1,-30100.0,demand,2026-09-08T23:47:00.431958+00:00
7e1a28cf-5cf2-4bf7-b660-4869714953c8,fUSD,0.00021,30,1,-30000.0,demand,2026-09-08T23:47:00.431958+00:00
7e1a28cf-5cf2-4bf7-b660-4869714953c8,fUSD,0.000209,30,1,-6289.12258117,demand,2026-09-08T23:47:00.431958+00:00
7e1a28cf-5cf2-4bf7-b660-4869714953c8,fUSD,0.0002,7,1,-150.0,demand,2026-09-08T23:47:00.431958+00:00
7e1a28cf-5cf2-4bf7-b660-4869714953c8,fUSD,0.0001712,120,1,-20000.0,demand,2026-09-08T23:47:00.431958+00:00
7e1a28cf-5cf2-4bf7-b660-4869714953c8,fUSD,0.00017111,120,1,-2000000.0,demand,2026-09-08T23:47:00.431958+00:00
7e1a28cf-5cf2-4bf7-b660-4869714953c8,fUSD,0.000161,120,1,-100000.0,demand,2026-09-08T23:47:00.431958+00:00
7e1a28cf-5cf2-4bf7-b660-4869714953c8,fUSD,0.00016,120,2,-10009162.66122322,demand,2026-09-08T23:47:00.431958+00:00
7e1a28cf-5cf2-4bf7-b660-4869714953c8,fUSD,0.000152,45,2,-3000.0,demand,2026-09-08T23:47:00.431958+00:00
7e1a28cf-5cf2-4bf7-b660-4869714953c8,fUSD,0.0001511,120,1,-20000.0,demand,2026-09-08T23:47:00.431958+00:00
7e1a28cf-5cf2-4bf7-b660-4869714953c8,fUSD,0.0001503,90,1,-20000.0,demand,2026-09-08T23:47:00.431958+00:00
7e1a28cf-5cf2-4bf7-b660-4869714953c8,fUSD,0.00015,120,1,-500.0,demand,2026-09-08T23:47:00.431958+00:00
7e1a28cf-5cf2-4bf7-b660-4869714953c8,fUSD,0.00015,2,1,-10000.0,demand,2026-09-08T23:47:00.431958+00:00
7e1a28cf-5cf2-4bf7-b660-4869714953c8,fUSD,0.000145,7,1,-190.0,demand,2026-09-08T23:47:00.431958+00:00
7e1a28cf-5cf2-4bf7-b660-4869714953c8,fUSD,0.00014252,120,1,-10770.76644364,demand,2026-09-08T23:47:00.431958+00:00
7e1a28cf-5cf2-4bf7-b660-4869714953c8,fUSD,0.0001403,90,1,-20000.0,demand,2026-09-08T23:47:00.431958+00:00
7e1a28cf-5cf2-4bf7-b660-4869714953c8,fUSD,0.00014000000000000001,7,1,-3628.68329713,demand,2026-09-08T23:47:00.431958+00:00
7e1a28cf-5cf2-4bf7-b660-4869714953c8,fUSD,0.000132,7,1,-10000.0,demand,2026-09-08T23:47:00.431958+00:00
7e1a28cf-5cf2-4bf7-b660-4869714953c8,fUSD,0.000131,13,1,-7000.0,demand,2026-09-08T23:47:00.431958+00:00
7e1a28cf-5cf2-4bf7-b660-4869714953c8,fUSD,0.000131,7,1,-5000.0,demand,2026-09-08T23:47:00.431958+00:00
7e1a28cf-5cf2-4bf7-b660-4869714953c8,fUSD,0.00013,2,1,-1749827.99207973,demand,2026-09-08T23:47:00.431958+00:00
7e1a28cf-5cf2-4bf7-b660-4869714953c8,fUSD,0.0001299976386903436,2,1,-4718.52507741,demand,2026-09-08T23:47:00.431958+00:00
7e1a28cf-5cf2-4bf7-b660-4869714953c8,fUSD,0.0001299857266535729,2,1,-4718.52507741,demand,2026-09-08T23:47:00.431958+00:00
7e1a28cf-5cf2-4bf7-b660-4869714953c8,fUSD,0.00012998398354291735,2,1,-4718.52507741,demand,2026-09-08T23:47:00.431958+00:00
7e1a28cf-5cf2-4bf7-b660-4869714953c8,fUSD,0.00014083315,2,1,150.0,offer,2026-09-08T23:47:00.431958+00:00
7e1a28cf-5cf2-4bf7-b660-4869714953c8,fUSD,0.0001409663,2,2,1175.64,offer,2026-09-08T23:47:00.431958+00:00
7e1a28cf-5cf2-4bf7-b660-4869714953c8,fUSD,0.0001410067,2,1,271.78,offer,2026-09-08T23:47:00.431958+00:00
7e1a28cf-5cf2-4bf7-b660-4869714953c8,fUSD,0.0001416537,2,1,161.69,offer,2026-09-08T23:47:00.431958+00:00
7e1a28cf-5cf2-4bf7-b660-4869714953c8,fUSD,0.00014165479452054794,2,1,921.16743138,offer,2026-09-08T23:47:00.431958+00:00
7e1a28cf-5cf2-4bf7-b660-4869714953c8,fUSD,0.0001418,2,1,224.70510174,offer,2026-09-08T23:47:00.431958+00:00
7e1a28cf-5cf2-4bf7-b660-4869714953c8,fUSD,0.0001428,7,2,772.45614281,offer,2026-09-08T23:47:00.431958+00:00
7e1a28cf-5cf2-4bf7-b660-4869714953c8,fUSD,0.00014280000000000003,7,1,174.80781999,offer,2026-09-08T23:47:00.431958+00:00
7e1a28cf-5cf2-4bf7-b660-4869714953c8,fUSD,0.0001431408,2,1,172.64,offer,2026-09-08T23:47:00.431958+00:00
7e1a28cf-5cf2-4bf7-b660-4869714953c8,fUSD,0.0001437441,2,1,200.0,offer,2026-09-08T23:47:00.431958+00:00
7e1a28cf-5cf2-4bf7-b660-4869714953c8,fUSD,0.000147,7,1,524.42345997,offer,2026-09-08T23:47:00.431958+00:00
7e1a28cf-5cf2-4bf7-b660-4869714953c8,fUSD,0.00014700000000000002,7,1,174.80781999,offer,2026-09-08T23:47:00.431958+00:00
7e1a28cf-5cf2-4bf7-b660-4869714953c8,fUSD,0.00014795000000000002,2,4,2084.55449872,offer,2026-09-08T23:47:00.431958+00:00
7e1a28cf-5cf2-4bf7-b660-4869714953c8,fUSD,0.00014796,2,1,300.0,offer,2026-09-08T23:47:00.431958+00:00
7e1a28cf-5cf2-4bf7-b660-4869714953c8,fUSD,0.00014797,2,1,193.73,offer,2026-09-08T23:47:00.431958+00:00
7e1a28cf-5cf2-4bf7-b660-4869714953c8,fUSD,0.000148,2,1,3487.50156189,offer,2026-09-08T23:47:00.431958+00:00
7e1a28cf-5cf2-4bf7-b660-4869714953c8,fUSD,0.0001485,2,2,1333.33333,offer,2026-09-08T23:47:00.431958+00:00
7e1a28cf-5cf2-4bf7-b660-4869714953c8,fUSD,0.0001486,2,1,666.66667,offer,2026-09-08T23:47:00.431958+00:00
7e1a28cf-5cf2-4bf7-b660-4869714953c8,fUSD,0.00014864,2,1,193.73,offer,2026-09-08T23:47:00.431958+00:00
7e1a28cf-5cf2-4bf7-b660-4869714953c8,fUSD,0.0001487667505525658,2,1,356.58,offer,2026-09-08T23:47:00.431958+00:00
7e1a28cf-5cf2-4bf7-b660-4869714953c8,fUSD,0.00014898,2,4,1658.64030912,offer,2026-09-08T23:47:00.431958+00:00
7e1a28cf-5cf2-4bf7-b660-4869714953c8,fUSD,0.000149,2,1,198.66072692,offer,2026-09-08T23:47:00.431958+00:00
7e1a28cf-5cf2-4bf7-b660-4869714953c8,fUSD,0.00014932,2,1,193.73,offer,2026-09-08T23:47:00.431958+00:00
7e1a28cf-5cf2-4bf7-b660-4869714953c8,fUSD,0.0001499,2,1,886.12874395,offer,2026-09-08T23:47:00.431958+00:00
7e1a28cf-5cf2-4bf7-b660-4869714953c8,fUSD,0.00014996,2,1,150.0,offer,2026-09-08T23:47:00.431958+00:00
