run_id,market,rate,period,count,amount,side,fetched_at
e86e7573-9208-483f-87a8-2b4fe378dfa2,fUSD,0.000273972602739726,120,1,-6787527.96771578,demand,2026-09-23T00:47:00.462350+00:00
e86e7573-9208-483f-87a8-2b4fe378dfa2,fUSD,0.0001712,120,1,-20000.0,demand,2026-09-23T00:47:00.462350+00:00
e86e7573-9208-483f-87a8-2b4fe378dfa2,fUSD,0.00017111,120,1,-2000000.0,demand,2026-09-23T00:47:00.462350+00:00
e86e7573-9208-483f-87a8-2b4fe378dfa2,fUSD,0.00017,5,4,-80000.0,demand,2026-09-23T00:47:00.462350+00:00
e86e7573-9208-483f-87a8-2b4fe378dfa2,fUSD,0.00016532,2,1,-324378.27848105,demand,2026-09-23T00:47:00.462350+00:00
e86e7573-9208-483f-87a8-2b4fe378dfa2,fUSD,0.000161,120,1,-100000.0,demand,2026-09-23T00:47:00.462350+00:00
e86e7573-9208-483f-87a8-2b4fe378dfa2,fUSD,0.000161,60,1,-19334.0,demand,2026-09-23T00:47:00.462350+00:00
e86e7573-9208-483f-87a8-2b4fe378dfa2,fUSD,0.0001603,120,1,-20000.0,demand,2026-09-23T00:47:00.462350+00:00
e86e7573-9208-483f-87a8-2b4fe378dfa2,fUSD,0.00016,120,2,-10009162.66122322,demand,2026-09-23T00:47:00.462350+00:00
e86e7573-9208-483f-87a8-2b4fe378dfa2,fUSD,0.0001503,90,1,-20000.0,demand,2026-09-23T00:47:00.462350+00:00
e86e7573-9208-483f-87a8-2b4fe378dfa2,fUSD,0.00015,29,1,-149122.66199579,demand,2026-09-23T00:47:00.462350+00:00
e86e7573-9208-483f-87a8-2b4fe378dfa2,fUSD,0.00015,7,1,-5741.16585247,demand,2026-09-23T00:47:00.462350+00:00
e86e7573-9208-483f-87a8-2b4fe378dfa2,fUSD,0.00014252,120,1,-10770.76644364,demand,2026-09-23T00:47:00.462350+00:00
e86e7573-9208-483f-87a8-2b4fe378dfa2,fUSD,0.000142,4,1,-7000.0,demand,2026-09-23T00:47:00.462350+00:00
e86e7573-9208-483f-87a8-2b4fe378dfa2,fUSD,0.0001403,90,1,-20000.0,demand,2026-09-23T00:47:00.462350+00:00
e86e7573-9208-483f-87a8-2b4fe378dfa2,fUSD,0.0001400102,2,1,-524152.89548785,demand,2026-09-23T00:47:00.462350+00:00
e86e7573-9208-483f-87a8-2b4fe378dfa2,fUSD,0.00014001,2,1,-119774.0143323,demand,2026-09-23T00:47:00.462350+00:00
e86e7573-9208-483f-87a8-2b4fe378dfa2,fUSD,0.00013299999999999998,20,1,-4018.00283321,demand,2026-09-23T00:47:00.462350+00:00
e86e7573-9208-483f-87a8-2b4fe378dfa2,fUSD,0.000131,13,1,-7000.0,demand,2026-09-23T00:47:00.462350+00:00
e86e7573-9208-483f-87a8-2b4fe378dfa2,fUSD,0.00012757,120,1,-100000.0,demand,2026-09-23T00:47:00.462350+00:00
e86e7573-9208-483f-87a8-2b4fe378dfa2,fUSD,0.0001221,120,1,-12587.13,demand,2026-09-23T00:47:00.462350+00:00
e86e7573-9208-483f-87a8-2b4fe378dfa2,fUSD,0.000121,7,1,-6000.0,demand,2026-09-23T00:47:00.462350+00:00
e86e7573-9208-483f-87a8-2b4fe378dfa2,fUSD,0.00012,120,1,-200000.0,demand,2026-09-23T00:47:00.462350+00:00
e86e7573-9208-483f-87a8-2b4fe378dfa2,fUSD,0.0001194,120,1,-191.96825606,demand,2026-09-23T00:47:00.462350+00:00
e86e7573-9208-483f-87a8-2b4fe378dfa2,fUSD,0.00011875,120,1,-33016.18587742,demand,2026-09-23T00:47:00.462350+00:00
e86e7573-9208-483f-87a8-2b4fe378dfa2,fUSD,0.0002833833,2,1,137.08926914,offer,2026-09-23T00:47:00.462350+00:00
e86e7573-9208-483f-87a8-2b4fe378dfa2,fUSD,0.0002848444,2,1,1267.59795806,offer,2026-09-23T00:47:00.462350+00:00
e86e7573-9208-483f-87a8-2b4fe378dfa2,fUSD,0.000285,120,1,174.52,offer,2026-09-23T00:47:00.462350+00:00
e86e7573-9208-483f-87a8-2b4fe378dfa2,fUSD,0.000285,30,2,1000.0,offer,2026-09-23T00:47:00.462350+00:00
e86e7573-9208-483f-87a8-2b4fe378dfa2,fUSD,0.00028558,2,1,167.14,offer,2026-09-23T00:47:00.462350+00:00
e86e7573-9208-483f-87a8-2b4fe378dfa2,fUSD,0.0002857779301369863,2,1,203.72,offer,2026-09-23T00:47:00.462350+00:00
e86e7573-9208-483f-87a8-2b4fe378dfa2,fUSD,0.00028629999999999997,2,1,348.3,offer,2026-09-23T00:47:00.462350+00:00
e86e7573-9208-483f-87a8-2b4fe378dfa2,fUSD,0.0002863056,2,1,1267.59795806,offer,2026-09-23T00:47:00.462350+00:00
e86e7573-9208-483f-87a8-2b4fe378dfa2,fUSD,0.0002865753424657534,2,1,500.0,offer,2026-09-23T00:47:00.462350+00:00
e86e7573-9208-483f-87a8-2b4fe378dfa2,fUSD,0.000287287,120,1,1072.690512,offer,2026-09-23T00:47:00.462350+00:00
e86e7573-9208-483f-87a8-2b4fe378dfa2,fUSD,0.000287287,21,3,780.138553,offer,2026-09-23T00:47:00.462350+00:00
e86e7573-9208-483f-87a8-2b4fe378dfa2,fUSD,0.0002873262,21,1,163.653019,offer,2026-09-23T00:47:00.462350+00:00
e86e7573-9208-483f-87a8-2b4fe378dfa2,fUSD,0.0002876542154472,120,1,163.653018,offer,2026-09-23T00:47:00.462350+00:00
e86e7573-9208-483f-87a8-2b4fe378dfa2,fUSD,0.00028774,2,1,6804.799698,offer,2026-09-23T00:47:00.462350+00:00
e86e7573-9208-483f-87a8-2b4fe378dfa2,fUSD,0.0002877667,2,1,1267.59795806,offer,2026-09-23T00:47:00.462350+00:00
e86e7573-9208-483f-87a8-2b4fe378dfa2,fUSD,0.00028802,2,1,156.9,offer,2026-09-23T00:47:00.462350+00:00
e86e7573-9208-483f-87a8-2b4fe378dfa2,fUSD,0.0002881,2,1,685.83282366,offer,2026-09-23T00:47:00.462350+00:00
e86e7573-9208-483f-87a8-2b4fe378dfa2,fUSD,0.000288412598630137,2,1,421.06,offer,2026-09-23T00:47:00.462350+00:00
e86e7573-9208-483f-87a8-2b4fe378dfa2,fUSD,0.000288509699,15,1,168.0,offer,2026-09-23T00:47:00.462350+00:00
e86e7573-9208-483f-87a8-2b4fe378dfa2,fUSD,0.00028855,2,1,685.8328236,offer,2026-09-23T00:47:00.462350+00:00
e86e7573-9208-483f-87a8-2b4fe378dfa2,fUSD,0.00028872638333333334,2,1,362.91073086,offer,2026-09-23T00:47:00.462350+00:00
e86e7573-9208-483f-87a8-2b4fe378dfa2,fUSD,0.00028892,2,2,1500.0,offer,2026-09-23T00:47:00.462350+00:00
e86e7573-9208-483f-87a8-2b4fe378dfa2,fUSD,0.00028892,12,1,500.0,offer,2026-09-23T00:47:00.462350+00:00
e86e7573-9208-483f-87a8-2b4fe378dfa2,fUSD,0.000289,2,1,685.8328236,offer,2026-09-23T00:47:00.462350+00:00
e86e7573-9208-483f-87a8-2b4fe378dfa2,fUSD,0.00028909,15,1,1459.68076684,offer,2026-09-23T00:47:00.462350+00:00
32a46dfa-76a7-400b-884b-c67cdccb429e,fUSD,0.000273972602739726,120,1,-6782529.87971835,demand,2026-09-23T01:47:00.564759+00:00
32a46dfa-76a7-400b-884b-c67cdccb429e,fUSD,0.0002539872,2,1,-329.22823077,demand,2026-09-23T01:47:00.564759+00:00
32a46dfa-76a7-400b-884b-c67cdccb429e,fUSD,0.0001712,120,1,-20000.0,demand,2026-09-23T01:47:00.564759+00:00
32a46dfa-76a7-400b-884b-c67cdccb429e,fUSD,0.00017111,120,1,-2000000.0,demand,2026-09-23T01:47:00.564759+00:00
32a46dfa-76a7-400b-884b-c67cdccb429e,fUSD,0.00017,5,4,-80000.0,demand,2026-09-23T01:47:00.564759+00:00
32a46dfa-76a7-400b-884b-c67cdccb429e,fUSD,0.00016532,2,1,-323551.57848105,demand,2026-09-23T01:47:00.564759+00:00
32a46dfa-76a7-400b-884b-c67cdccb429e,fUSD,0.000161,120,1,-100000.0,demand,2026-09-23T01:47:00.564759+00:00
32a46dfa-76a7-400b-884b-c67cdccb429e,fUSD,0.000161,60,1,-19334.0,demand,2026-09-23T01:47:00.564759+00:00
32a46dfa-76a7-400b-884b-c67cdccb429e,fUSD,0.0001603,120,1,-20000.0,demand,2026-09-23T01:47:00.564759+00:00
32a46dfa-76a7-400b-884b-c67cdccb429e,fUSD,0.00016,120,2,-10009162.66122322,demand,2026-09-23T01:47:00.564759+00:00
32a46dfa-76a7-400b-884b-c67cdccb429e,fUSD,0.0001503,90,1,-20000.0,demand,2026-09-23T01:47:00.564759+00:00
32a46dfa-76a7-400b-884b-c67cdccb429e,fUSD,0.00015,29,1,-149122.66199579,demand,2026-09-23T01:47:00.564759+00:00
32a46dfa-76a7-400b-884b-c67cdccb429e,fUSD,0.00015,7,1,-5741.16585247,demand,2026-09-23T01:47:00.564759+00:00
32a46dfa-76a7-400b-884b-c67cdccb429e,fUSD,0.00014252,120,1,-10770.76644364,demand,2026-09-23T01:47:00.564759+00:00
32a46dfa-76a7-400b-884b-c67cdccb429e,fUSD,0.000142,4,1,-7000.0,demand,2026-09-23T01:47:00.564759+00:00
32a46dfa-76a7-400b-884b-c67cdccb429e,fUSD,0.0001403,90,1,-20000.0,demand,2026-09-23T01:47:00.564759+00:00
32a46dfa-76a7-400b-884b-c67cdccb429e,fUSD,0.0001400102,2,1,-524152.89548785,demand,2026-09-23T01:47:00.564759+00:00
32a46dfa-76a7-400b-884b-c67cdccb429e,fUSD,0.00014001,2,1,-119774.0143323,demand,2026-09-23T01:47:00.564759+00:00
32a46dfa-76a7-400b-884b-c67cdccb429e,fUSD,0.00013299999999999998,20,1,-4018.00283321,demand,2026-09-23T01:47:00.564759+00:00
32a46dfa-76a7-400b-884b-c67cdccb429e,fUSD,0.000131,13,1,-7000.0,demand,2026-09-23T01:47:00.564759+00:00
32a46dfa-76a7-400b-884b-c67cdccb429e,fUSD,0.00012757,120,1,-100000.0,demand,2026-09-23T01:47:00.564759+00:00
32a46dfa-76a7-400b-884b-c67cdccb429e,fUSD,0.0001221,120,1,-12587.13,demand,2026-09-23T01:47:00.564759+00:00
32a46dfa-76a7-400b-884b-c67cdccb429e,fUSD,0.000121,7,1,-6000.0,demand,2026-09-23T01:47:00.564759+00:00
32a46dfa-76a7-400b-884b-c67cdccb429e,fUSD,0.00012,120,1,-200000.0,demand,2026-09-23T01:47:00.564759+00:00
32a46dfa-76a7-400b-884b-c67cdccb429e,fUSD,0.0001194,120,1,-191.96825606,demand,2026-09-23T01:47:00.564759+00:00
32a46dfa-76a7-400b-884b-c67cdccb429e,fUSD,0.00027637,2,1,466.78,offer,2026-09-23T01:47:00.564759+00:00
32a46dfa-76a7-400b-884b-c67cdccb429e,fUSD,0.00027856,2,1,369.0,offer,2026-09-23T01:47:00.564759+00:00
32a46dfa-76a7-400b-884b-c67cdccb429e,fUSD,0.0002824774,2,1,1287.57,offer,2026-09-23T01:47:00.564759+00:00
32a46dfa-76a7-400b-884b-c67cdccb429e,fUSD,0.0002887,2,1,683.482108,offer,2026-09-23T01:47:00.564759+00:00
32a46dfa-76a7-400b-884b-c67cdccb429e,fUSD,0.0002897,2,1,492.0,offer,2026-09-23T01:47:00.564759+00:00
32a46dfa-76a7-400b-884b-c67cdccb429e,fUSD,0.00029014196,2,1,682.93,offer,2026-09-23T01:47:00.564759+00:00
32a46dfa-76a7-400b-884b-c67cdccb429e,fUSD,0.0002902,2,1,241.11465,offer,2026-09-23T01:47:00.564759+00:00
32a46dfa-76a7-400b-884b-c67cdccb429e,fUSD,0.0002907,2,1,241.11466,offer,2026-09-23T01:47:00.564759+00:00
32a46dfa-76a7-400b-884b-c67cdccb429e,fUSD,0.00029102,2,1,153.21,offer,2026-09-23T01:47:00.564759+00:00
32a46dfa-76a7-400b-884b-c67cdccb429e,fUSD,0.0002912,2,1,241.11465,offer,2026-09-23T01:47:00.564759+00:00
32a46dfa-76a7-400b-884b-c67cdccb429e,fUSD,0.0002914,14,1,151.0,offer,2026-09-23T01:47:00.564759+00:00
32a46dfa-76a7-400b-884b-c67cdccb429e,fUSD,0.0002914945,2,1,158.19401956,offer,2026-09-23T01:47:00.564759+00:00
32a46dfa-76a7-400b-884b-c67cdccb429e,fUSD,0.0002915045,60,1,749.9,offer,2026-09-23T01:47:00.564759+00:00
32a46dfa-76a7-400b-884b-c67cdccb429e,fUSD,0.00029176,30,1,150.0,offer,2026-09-23T01:47:00.564759+00:00
32a46dfa-76a7-400b-884b-c67cdccb429e,fUSD,0.00029196,2,1,1883.42802678,offer,2026-09-23T01:47:00.564759+00:00
32a46dfa-76a7-400b-884b-c67cdccb429e,fUSD,0.00029197471,2,5,9608.62285841,offer,2026-09-23T01:47:00.564759+00:00
32a46dfa-76a7-400b-884b-c67cdccb429e,fUSD,0.0002919811,2,1,1883.42802671,offer,2026-09-23T01:47:00.564759+00:00
32a46dfa-76a7-400b-884b-c67cdccb429e,fUSD,0.00029199,2,1,153.21,offer,2026-09-23T01:47:00.564759+00:00
32a46dfa-76a7-400b-884b-c67cdccb429e,fUSD,0.00029199,3,2,338.0,offer,2026-09-23T01:47:00.564759+00:00
32a46dfa-76a7-400b-884b-c67cdccb429e,fUSD,0.000292,2,2,4305.0,offer,2026-09-23T01:47:00.564759+00:00
32a46dfa-76a7-400b-884b-c67cdccb429e,fUSD,0.0002920022,2,1,1883.42802671,offer,2026-09-23T01:47:00.564759+00:00
32a46dfa-76a7-400b-884b-c67cdccb429e,fUSD,0.0002920233,2,1,1883.42802671,offer,2026-09-23T01:47:00.564759+00:00
32a46dfa-76a7-400b-884b-c67cdccb429e,fUSD,0.0002920444,2,1,1883.42802671,offer,2026-09-23T01:47:00.564759+00:00
32a46dfa-76a7-400b-884b-c67cdccb429e,fUSD,0.0002920656,2,1,1883.42802671,offer,2026-09-23T01:47:00.564759+00:00
32a46dfa-76a7-400b-884b-c67cdccb429e,fUSD,0.0002920867,2,1,1883.42802671,offer,2026-09-23T01:47:00.564759+00:00
be7498ce-d0fd-4b3e-ac73-3317c6acdaca,fUSD,0.000273972602739726,120,1,-6782126.29958284,demand,2026-09-23T02:47:00.449806+00:00
be7498ce-d0fd-4b3e-ac73-3317c6acdaca,fUSD,0.000238,2,1,-89008.57468333,demand,2026-09-23T02:47:00.449806+00:00
be7498ce-d0fd-4b3e-ac73-3317c6acdaca,fUSD,0.000225,2,1,-92716.53237743,demand,2026-09-23T02:47:00.449806+00:00
be7498ce-d0fd-4b3e-ac73-3317c6acdaca,fUSD,0.00019,15,49,-245000.0,demand,2026-09-23T02:47:00.449806+00:00
be7498ce-d0fd-4b3e-ac73-3317c6acdaca,fUSD,0.0001712,120,1,-20000.0,demand,2026-09-23T02:47:00.449806+00:00
be7498ce-d0fd-4b3e-ac73-3317c6acdaca,fUSD,0.00017111,120,1,-2000000.0,demand,2026-09-23T02:47:00.449806+00:00
be7498ce-d0fd-4b3e-ac73-3317c6acdaca,fUSD,0.00017,5,4,-80000.0,demand,2026-09-23T02:47:00.449806+00:00
be7498ce-d0fd-4b3e-ac73-3317c6acdaca,fUSD,0.00016532,2,1,-323551.57848105,demand,2026-09-23T02:47:00.449806+00:00
be7498ce-d0fd-4b3e-ac73-3317c6acdaca,fUSD,0.000161,120,1,-100000.0,demand,2026-09-23T02:47:00.449806+00:00
be7498ce-d0fd-4b3e-ac73-3317c6acdaca,fUSD,0.000161,60,1,-19334.0,demand,2026-09-23T02:47:00.449806+00:00
be7498ce-d0fd-4b3e-ac73-3317c6acdaca,fUSD,0.0001603,120,1,-20000.0,demand,2026-09-23T02:47:00.449806+00:00
be7498ce-d0fd-4b3e-ac73-3317c6acdaca,fUSD,0.00016,120,2,-10009162.66122322,demand,2026-09-23T02:47:00.449806+00:00
be7498ce-d0fd-4b3e-ac73-3317c6acdaca,fUSD,0.0001503,90,1,-20000.0,demand,2026-09-23T02:47:00.449806+00:00
be7498ce-d0fd-4b3e-ac73-3317c6acdaca,fUSD,0.00015,29,1,-149122.66199579,demand,2026-09-23T02:47:00.449806+00:00
be7498ce-d0fd-4b3e-ac73-3317c6acdaca,fUSD,0.00015,7,1,-5741.16585247,demand,2026-09-23T02:47:00.449806+00:00
be7498ce-d0fd-4b3e-ac73-3317c6acdaca,fUSD,0.00014252,120,1,-10770.76644364,demand,2026-09-23T02:47:00.449806+00:00
be7498ce-d0fd-4b3e-ac73-3317c6acdaca,fUSD,0.000142,4,1,-7000.0,demand,2026-09-23T02:47:00.449806+00:00
be7498ce-d0fd-4b3e-ac73-3317c6acdaca,fUSD,0.0001403,90,1,-20000.0,demand,2026-09-23T02:47:00.449806+00:00
be7498ce-d0fd-4b3e-ac73-3317c6acdaca,fUSD,0.0001400102,2,1,-524152.89548785,demand,2026-09-23T02:47:00.449806+00:00
be7498ce-d0fd-4b3e-ac73-3317c6acdaca,fUSD,0.00014001,2,1,-119774.0143323,demand,2026-09-23T02:47:00.449806+00:00
be7498ce-d0fd-4b3e-ac73-3317c6acdaca,fUSD,0.00013299999999999998,20,1,-4018.00283321,demand,2026-09-23T02:47:00.449806+00:00
be7498ce-d0fd-4b3e-ac73-3317c6acdaca,fUSD,0.000131,13,1,-7000.0,demand,2026-09-23T02:47:00.449806+00:00
be7498ce-d0fd-4b3e-ac73-3317c6acdaca,fUSD,0.00012757,120,1,-100000.0,demand,2026-09-23T02:47:00.449806+00:00
be7498ce-d0fd-4b3e-ac73-3317c6acdaca,fUSD,0.0001221,120,1,-12587.13,demand,2026-09-23T02:47:00.449806+00:00
be7498ce-d0fd-4b3e-ac73-3317c6acdaca,fUSD,0.000121,7,1,-6000.0,demand,2026-09-23T02:47:00.449806+00:00
be7498ce-d0fd-4b3e-ac73-3317c6acdaca,fUSD,0.00028404687661899916,7,1,2317.48622213,offer,2026-09-23T02:47:00.449806+00:00
be7498ce-d0fd-4b3e-ac73-3317c6acdaca,fUSD,0.00028467651873645373,7,1,2317.48622213,offer,2026-09-23T02:47:00.449806+00:00
be7498ce-d0fd-4b3e-ac73-3317c6acdaca,fUSD,0.000284991339795181,14,1,221.20111655,offer,2026-09-23T02:47:00.449806+00:00
be7498ce-d0fd-4b3e-ac73-3317c6acdaca,fUSD,0.0002853061608539083,7,1,2317.48622213,offer,2026-09-23T02:47:00.449806+00:00
be7498ce-d0fd-4b3e-ac73-3317c6acdaca,fUSD,0.00028545821093056554,2,1,681.62787935,offer,2026-09-23T02:47:00.449806+00:00
be7498ce-d0fd-4b3e-ac73-3317c6acdaca,fUSD,0.0002856293333333333,31,1,500.0,offer,2026-09-23T02:47:00.449806+00:00
be7498ce-d0fd-4b3e-ac73-3317c6acdaca,fUSD,0.00028593580297136287,14,1,2317.48622213,offer,2026-09-23T02:47:00.449806+00:00
be7498ce-d0fd-4b3e-ac73-3317c6acdaca,fUSD,0.00028656544508881744,14,1,2317.48622213,offer,2026-09-23T02:47:00.449806+00:00
be7498ce-d0fd-4b3e-ac73-3317c6acdaca,fUSD,0.0002866,2,1,169.87690018,offer,2026-09-23T02:47:00.449806+00:00
be7498ce-d0fd-4b3e-ac73-3317c6acdaca,fUSD,0.0002869991963470319,31,1,504.89544064,offer,2026-09-23T02:47:00.449806+00:00
be7498ce-d0fd-4b3e-ac73-3317c6acdaca,fUSD,0.000287195087206272,14,2,2538.68733868,offer,2026-09-23T02:47:00.449806+00:00
be7498ce-d0fd-4b3e-ac73-3317c6acdaca,fUSD,0.000287783279207375,2,1,681.62787935,offer,2026-09-23T02:47:00.449806+00:00
be7498ce-d0fd-4b3e-ac73-3317c6acdaca,fUSD,0.0002878247293237266,14,1,2317.48622213,offer,2026-09-23T02:47:00.449806+00:00
be7498ce-d0fd-4b3e-ac73-3317c6acdaca,fUSD,0.00028824,2,6,1699.0,offer,2026-09-23T02:47:00.449806+00:00
be7498ce-d0fd-4b3e-ac73-3317c6acdaca,fUSD,0.00028825350835322196,7,1,287.85556855,offer,2026-09-23T02:47:00.449806+00:00
be7498ce-d0fd-4b3e-ac73-3317c6acdaca,fUSD,0.00028845437144118114,14,1,2317.48622213,offer,2026-09-23T02:47:00.449806+00:00
be7498ce-d0fd-4b3e-ac73-3317c6acdaca,fUSD,0.00028854565168275883,30,1,825.14,offer,2026-09-23T02:47:00.449806+00:00
be7498ce-d0fd-4b3e-ac73-3317c6acdaca,fUSD,0.0002890840135586357,14,1,2317.48622213,offer,2026-09-23T02:47:00.449806+00:00
be7498ce-d0fd-4b3e-ac73-3317c6acdaca,fUSD,0.000289398834617363,14,1,221.20111655,offer,2026-09-23T02:47:00.449806+00:00
be7498ce-d0fd-4b3e-ac73-3317c6acdaca,fUSD,0.0002894,12,2,1008.36785221,offer,2026-09-23T02:47:00.449806+00:00
be7498ce-d0fd-4b3e-ac73-3317c6acdaca,fUSD,0.0002894581067256337,2,1,160.0,offer,2026-09-23T02:47:00.449806+00:00
be7498ce-d0fd-4b3e-ac73-3317c6acdaca,fUSD,0.00028949,2,1,155.43289,offer,2026-09-23T02:47:00.449806+00:00
be7498ce-d0fd-4b3e-ac73-3317c6acdaca,fUSD,0.0002894904109589041,2,1,156.30324144,offer,2026-09-23T02:47:00.449806+00:00
be7498ce-d0fd-4b3e-ac73-3317c6acdaca,fUSD,0.0002895,2,1,162.5,offer,2026-09-23T02:47:00.449806+00:00
be7498ce-d0fd-4b3e-ac73-3317c6acdaca,fUSD,0.000289631457721707,2,2,689.83340205,offer,2026-09-23T02:47:00.449806+00:00
a5ec07c8-56e9-4052-af38-3620c4b24f51,fUSD,0.000273972602739726,120,1,-6776419.16958284,demand,2026-09-23T03:47:00.467807+00:00
a5ec07c8-56e9-4052-af38-3620c4b24f51,fUSD,0.0001712,120,1,-20000.0,demand,2026-09-23T03:47:00.467807+00:00
a5ec07c8-56e9-4052-af38-3620c4b24f51,fUSD,0.00017111,120,1,-2000000.0,demand,2026-09-23T03:47:00.467807+00:00
a5ec07c8-56e9-4052-af38-3620c4b24f51,fUSD,0.00017,5,4,-80000.0,demand,2026-09-23T03:47:00.467807+00:00
a5ec07c8-56e9-4052-af38-3620c4b24f51,fUSD,0.00016532,2,1,-323551.57848105,demand,2026-09-23T03:47:00.467807+00:00
a5ec07c8-56e9-4052-af38-3620c4b24f51,fUSD,0.000161,120,1,-100000.0,demand,2026-09-23T03:47:00.467807+00:00
a5ec07c8-56e9-4052-af38-3620c4b24f51,fUSD,0.000161,60,1,-19334.0,demand,2026-09-23T03:47:00.467807+00:00
a5ec07c8-56e9-4052-af38-3620c4b24f51,fUSD,0.0001603,120,1,-20000.0,demand,2026-09-23T03:47:00.467807+00:00
a5ec07c8-56e9-4052-af38-3620c4b24f51,fUSD,0.00016,120,2,-10009162.66122322,demand,2026-09-23T03:47:00.467807+00:00
a5ec07c8-56e9-4052-af38-3620c4b24f51,fUSD,0.0001503,90,1,-20000.0,demand,2026-09-23T03:47:00.467807+00:00
a5ec07c8-56e9-4052-af38-3620c4b24f51,fUSD,0.00015,29,1,-149122.66199579,demand,2026-09-23T03:47:00.467807+00:00
a5ec07c8-56e9-4052-af38-3620c4b24f51,fUSD,0.00015,7,1,-5741.16585247,demand,2026-09-23T03:47:00.467807+00:00
a5ec07c8-56e9-4052-af38-3620c4b24f51,fUSD,0.00014252,120,1,-10770.76644364,demand,2026-09-23T03:47:00.467807+00:00
a5ec07c8-56e9-4052-af38-3620c4b24f51,fUSD,0.000142,4,1,-7000.0,demand,2026-09-23T03:47:00.467807+00:00
a5ec07c8-56e9-4052-af38-3620c4b24f51,fUSD,0.0001403,90,1,-20000.0,demand,2026-09-23T03:47:00.467807+00:00
a5ec07c8-56e9-4052-af38-3620c4b24f51,fUSD,0.0001400102,2,1,-524152.89548785,demand,2026-09-23T03:47:00.467807+00:00
a5ec07c8-56e9-4052-af38-3620c4b24f51,fUSD,0.00014001,2,1,-119774.0143323,demand,2026-09-23T03:47:00.467807+00:00
a5ec07c8-56e9-4052-af38-3620c4b24f51,fUSD,0.00013299999999999998,20,1,-4018.00283321,demand,2026-09-23T03:47:00.467807+00:00
a5ec07c8-56e9-4052-af38-3620c4b24f51,fUSD,0.000131,13,1,-7000.0,demand,2026-09-23T03:47:00.467807+00:00
a5ec07c8-56e9-4052-af38-3620c4b24f51,fUSD,0.00012757,120,1,-100000.0,demand,2026-09-23T03:47:00.467807+00:00
a5ec07c8-56e9-4052-af38-3620c4b24f51,fUSD,0.0001221,120,1,-12587.13,demand,2026-09-23T03:47:00.467807+00:00
a5ec07c8-56e9-4052-af38-3620c4b24f51,fUSD,0.000121,7,1,-6000.0,demand,2026-09-23T03:47:00.467807+00:00
a5ec07c8-56e9-4052-af38-3620c4b24f51,fUSD,0.00012,120,1,-200000.0,demand,2026-09-23T03:47:00.467807+00:00
a5ec07c8-56e9-4052-af38-3620c4b24f51,fUSD,0.0001194,120,1,-191.96825606,demand,2026-09-23T03:47:00.467807+00:00
a5ec07c8-56e9-4052-af38-3620c4b24f51,fUSD,0.00011875,120,1,-33016.18587742,demand,2026-09-23T03:47:00.467807+00:00
a5ec07c8-56e9-4052-af38-3620c4b24f51,fUSD,0.00027873106835896015,2,1,426.57,offer,2026-09-23T03:47:00.467807+00:00
a5ec07c8-56e9-4052-af38-3620c4b24f51,fUSD,0.00027948,2,1,8661.0,offer,2026-09-23T03:47:00.467807+00:00
a5ec07c8-56e9-4052-af38-3620c4b24f51,fUSD,0.00028,2,3,542.77928394,offer,2026-09-23T03:47:00.467807+00:00
a5ec07c8-56e9-4052-af38-3620c4b24f51,fUSD,0.00028000000000000003,2,1,48921.67118613,offer,2026-09-23T03:47:00.467807+00:00
a5ec07c8-56e9-4052-af38-3620c4b24f51,fUSD,0.0002811616438356164,7,1,150.0,offer,2026-09-23T03:47:00.467807+00:00
a5ec07c8-56e9-4052-af38-3620c4b24f51,fUSD,0.00028189,2,1,4807.601272,offer,2026-09-23T03:47:00.467807+00:00
a5ec07c8-56e9-4052-af38-3620c4b24f51,fUSD,0.00028239,2,1,161.46,offer,2026-09-23T03:47:00.467807+00:00
a5ec07c8-56e9-4052-af38-3620c4b24f51,fUSD,0.0002836,15,1,432.98,offer,2026-09-23T03:47:00.467807+00:00
a5ec07c8-56e9-4052-af38-3620c4b24f51,fUSD,0.0002837,2,1,1564.51501102,offer,2026-09-23T03:47:00.467807+00:00
a5ec07c8-56e9-4052-af38-3620c4b24f51,fUSD,0.000283824827,7,1,154.15,offer,2026-09-23T03:47:00.467807+00:00
a5ec07c8-56e9-4052-af38-3620c4b24f51,fUSD,0.0002839978549618732,2,1,160.0,offer,2026-09-23T03:47:00.467807+00:00
a5ec07c8-56e9-4052-af38-3620c4b24f51,fUSD,0.00028403339999999997,21,1,197.817305,offer,2026-09-23T03:47:00.467807+00:00
a5ec07c8-56e9-4052-af38-3620c4b24f51,fUSD,0.00028403339999999997,30,1,150.0,offer,2026-09-23T03:47:00.467807+00:00
a5ec07c8-56e9-4052-af38-3620c4b24f51,fUSD,0.0002840904109589041,30,1,150.0,offer,2026-09-23T03:47:00.467807+00:00
a5ec07c8-56e9-4052-af38-3620c4b24f51,fUSD,0.00028496,2,2,302.0,offer,2026-09-23T03:47:00.467807+00:00
a5ec07c8-56e9-4052-af38-3620c4b24f51,fUSD,0.00028496,30,1,268.0,offer,2026-09-23T03:47:00.467807+00:00
a5ec07c8-56e9-4052-af38-3620c4b24f51,fUSD,0.00028501,2,1,11775.12451915,offer,2026-09-23T03:47:00.467807+00:00
a5ec07c8-56e9-4052-af38-3620c4b24f51,fUSD,0.00028508,2,3,930.45240375,offer,2026-09-23T03:47:00.467807+00:00
a5ec07c8-56e9-4052-af38-3620c4b24f51,fUSD,0.000285667101,2,1,169.16,offer,2026-09-23T03:47:00.467807+00:00
a5ec07c8-56e9-4052-af38-3620c4b24f51,fUSD,0.0002858033,2,1,11775.1245191,offer,2026-09-23T03:47:00.467807+00:00
a5ec07c8-56e9-4052-af38-3620c4b24f51,fUSD,0.00028589,2,1,170.0,offer,2026-09-23T03:47:00.467807+00:00
a5ec07c8-56e9-4052-af38-3620c4b24f51,fUSD,0.0002859,10,2,1503.47,offer,2026-09-23T03:47:00.467807+00:00
a5ec07c8-56e9-4052-af38-3620c4b24f51,fUSD,0.00028592,2,1,1714.72,offer,2026-09-23T03:47:00.467807+00:00
a5ec07c8-56e9-4052-af38-3620c4b24f51,fUSD,0.000286,2,5,22412.08,offer,2026-09-23T03:47:00.467807+00:00
a5ec07c8-56e9-4052-af38-3620c4b24f51,fUSD,0.000286,20,2,1433.296,offer,2026-09-23T03:47:00.467807+00:00
bc1c0362-8c7e-4c30-8ae9-b2acec7e5151,fUSD,0.000273972602739726,120,1,-6766080.44361952,demand,2026-09-23T04:47:00.530494+00:00
bc1c0362-8c7e-4c30-8ae9-b2acec7e5151,fUSD,0.0001712,120,1,-20000.0,demand,2026-09-23T04:47:00.530494+00:00
bc1c0362-8c7e-4c30-8ae9-b2acec7e5151,fUSD,0.00017111,120,1,-2000000.0,demand,2026-09-23T04:47:00.530494+00:00
bc1c0362-8c7e-4c30-8ae9-b2acec7e5151,fUSD,0.00017,5,4,-80000.0,demand,2026-09-23T04:47:00.530494+00:00
bc1c0362-8c7e-4c30-8ae9-b2acec7e5151,fUSD,0.00016532,2,1,-316011.39103946,demand,2026-09-23T04:47:00.530494+00:00
bc1c0362-8c7e-4c30-8ae9-b2acec7e5151,fUSD,0.000161,120,1,-100000.0,demand,2026-09-23T04:47:00.530494+00:00
bc1c0362-8c7e-4c30-8ae9-b2acec7e5151,fUSD,0.000161,60,1,-19334.0,demand,2026-09-23T04:47:00.530494+00:00
bc1c0362-8c7e-4c30-8ae9-b2acec7e5151,fUSD,0.0001603,120,1,-20000.0,demand,2026-09-23T04:47:00.530494+00:00
bc1c0362-8c7e-4c30-8ae9-b2acec7e5151,fUSD,0.00016,120,2,-10009162.66122322,demand,2026-09-23T04:47:00.530494+00:00
bc1c0362-8c7e-4c30-8ae9-b2acec7e5151,fUSD,0.0001503,90,1,-20000.0,demand,2026-09-23T04:47:00.530494+00:00
bc1c0362-8c7e-4c30-8ae9-b2acec7e5151,fUSD,0.00015,29,1,-149122.66199579,demand,2026-09-23T04:47:00.530494+00:00
bc1c0362-8c7e-4c30-8ae9-b2acec7e5151,fUSD,0.00015,7,1,-5741.16585247,demand,2026-09-23T04:47:00.530494+00:00
bc1c0362-8c7e-4c30-8ae9-b2acec7e5151,fUSD,0.00015,2,1,-5000000.0,demand,2026-09-23T04:47:00.530494+00:00
bc1c0362-8c7e-4c30-8ae9-b2acec7e5151,fUSD,0.00014252,120,1,-10770.76644364,demand,2026-09-23T04:47:00.530494+00:00
bc1c0362-8c7e-4c30-8ae9-b2acec7e5151,fUSD,0.000142,4,1,-7000.0,demand,2026-09-23T04:47:00.530494+00:00
bc1c0362-8c7e-4c30-8ae9-b2acec7e5151,fUSD,0.0001403,90,1,-20000.0,demand,2026-09-23T04:47:00.530494+00:00
bc1c0362-8c7e-4c30-8ae9-b2acec7e5151,fUSD,0.0001400102,2,1,-524152.89548785,demand,2026-09-23T04:47:00.530494+00:00
bc1c0362-8c7e-4c30-8ae9-b2acec7e5151,fUSD,0.00014001,2,1,-119774.0143323,demand,2026-09-23T04:47:00.530494+00:00
bc1c0362-8c7e-4c30-8ae9-b2acec7e5151,fUSD,0.00013299999999999998,20,1,-4018.00283321,demand,2026-09-23T04:47:00.530494+00:00
bc1c0362-8c7e-4c30-8ae9-b2acec7e5151,fUSD,0.000131,13,1,-7000.0,demand,2026-09-23T04:47:00.530494+00:00
bc1c0362-8c7e-4c30-8ae9-b2acec7e5151,fUSD,0.00012757,120,1,-100000.0,demand,2026-09-23T04:47:00.530494+00:00
bc1c0362-8c7e-4c30-8ae9-b2acec7e5151,fUSD,0.0001221,120,1,-12587.13,demand,2026-09-23T04:47:00.530494+00:00
bc1c0362-8c7e-4c30-8ae9-b2acec7e5151,fUSD,0.000121,7,1,-6000.0,demand,2026-09-23T04:47:00.530494+00:00
bc1c0362-8c7e-4c30-8ae9-b2acec7e5151,fUSD,0.00012,120,1,-200000.0,demand,2026-09-23T04:47:00.530494+00:00
bc1c0362-8c7e-4c30-8ae9-b2acec7e5151,fUSD,0.0001194,120,1,-191.96825606,demand,2026-09-23T04:47:00.530494+00:00
bc1c0362-8c7e-4c30-8ae9-b2acec7e5151,fUSD,0.000249,2,1,233.68497176,offer,2026-09-23T04:47:00.530494+00:00
bc1c0362-8c7e-4c30-8ae9-b2acec7e5151,fUSD,0.000252,2,1,233.68497176,offer,2026-09-23T04:47:00.530494+00:00
bc1c0362-8c7e-4c30-8ae9-b2acec7e5151,fUSD,0.000254,2,1,233.68497176,offer,2026-09-23T04:47:00.530494+00:00
bc1c0362-8c7e-4c30-8ae9-b2acec7e5151,fUSD,0.000257,2,1,233.68497176,offer,2026-09-23T04:47:00.530494+00:00
bc1c0362-8c7e-4c30-8ae9-b2acec7e5151,fUSD,0.0002715,2,1,162.64437171,offer,2026-09-23T04:47:00.530494+00:00
bc1c0362-8c7e-4c30-8ae9-b2acec7e5151,fUSD,0.0002762466,2,1,500.0,offer,2026-09-23T04:47:00.530494+00:00
bc1c0362-8c7e-4c30-8ae9-b2acec7e5151,fUSD,0.00027801,14,1,1428.53683428,offer,2026-09-23T04:47:00.530494+00:00
bc1c0362-8c7e-4c30-8ae9-b2acec7e5151,fUSD,0.00027816,15,1,7157.02,offer,2026-09-23T04:47:00.530494+00:00
bc1c0362-8c7e-4c30-8ae9-b2acec7e5151,fUSD,0.0002784,14,1,2835.0656921,offer,2026-09-23T04:47:00.530494+00:00
bc1c0362-8c7e-4c30-8ae9-b2acec7e5151,fUSD,0.00027862,2,2,1381.0,offer,2026-09-23T04:47:00.530494+00:00
bc1c0362-8c7e-4c30-8ae9-b2acec7e5151,fUSD,0.0002787342465753425,2,1,250.0,offer,2026-09-23T04:47:00.530494+00:00
bc1c0362-8c7e-4c30-8ae9-b2acec7e5151,fUSD,0.00027878,2,1,2454.0,offer,2026-09-23T04:47:00.530494+00:00
bc1c0362-8c7e-4c30-8ae9-b2acec7e5151,fUSD,0.00027879581205999995,2,2,1247.75005437,offer,2026-09-23T04:47:00.530494+00:00
bc1c0362-8c7e-4c30-8ae9-b2acec7e5151,fUSD,0.000279234,2,1,624.73475662,offer,2026-09-23T04:47:00.530494+00:00
bc1c0362-8c7e-4c30-8ae9-b2acec7e5151,fUSD,0.000279553812,2,2,340.72841944,offer,2026-09-23T04:47:00.530494+00:00
bc1c0362-8c7e-4c30-8ae9-b2acec7e5151,fUSD,0.00027979,2,2,1000.0,offer,2026-09-23T04:47:00.530494+00:00
bc1c0362-8c7e-4c30-8ae9-b2acec7e5151,fUSD,0.00027979,12,2,975.95965829,offer,2026-09-23T04:47:00.530494+00:00
bc1c0362-8c7e-4c30-8ae9-b2acec7e5151,fUSD,0.0002799,2,1,4787.17439417,offer,2026-09-23T04:47:00.530494+00:00
bc1c0362-8c7e-4c30-8ae9-b2acec7e5151,fUSD,0.00027998,30,1,1578.37,offer,2026-09-23T04:47:00.530494+00:00
bc1c0362-8c7e-4c30-8ae9-b2acec7e5151,fUSD,0.00028,120,2,347.79567067,offer,2026-09-23T04:47:00.530494+00:00
bc1c0362-8c7e-4c30-8ae9-b2acec7e5151,fUSD,0.00028,2,5,1312.68605973,offer,2026-09-23T04:47:00.530494+00:00
bc1c0362-8c7e-4c30-8ae9-b2acec7e5151,fUSD,0.00028,7,1,500.41366142,offer,2026-09-23T04:47:00.530494+00:00
bc1c0362-8c7e-4c30-8ae9-b2acec7e5151,fUSD,0.00028043,2,1,7793.652871,offer,2026-09-23T04:47:00.530494+00:00
bc1c0362-8c7e-4c30-8ae9-b2acec7e5151,fUSD,0.000280597315,15,1,175.0,offer,2026-09-23T04:47:00.530494+00:00
bc1c0362-8c7e-4c30-8ae9-b2acec7e5151,fUSD,0.000281,2,1,250.70878309,offer,2026-09-23T04:47:00.530494+00:00
e7bfecf3-efcc-4570-b8b4-49ffa60d475c,fUSD,0.000273972602739726,120,1,-6762892.04637412,demand,2026-09-23T05:47:00.478818+00:00
e7bfecf3-efcc-4570-b8b4-49ffa60d475c,fUSD,0.00025,90,1,-1018.73,demand,2026-09-23T05:47:00.478818+00:00
e7bfecf3-efcc-4570-b8b4-49ffa60d475c,fUSD,0.0002,90,1,-1200.0,demand,2026-09-23T05:47:00.478818+00:00
e7bfecf3-efcc-4570-b8b4-49ffa60d475c,fUSD,0.0001712,120,1,-20000.0,demand,2026-09-23T05:47:00.478818+00:00
e7bfecf3-efcc-4570-b8b4-49ffa60d475c,fUSD,0.00017111,120,1,-2000000.0,demand,2026-09-23T05:47:00.478818+00:00
e7bfecf3-efcc-4570-b8b4-49ffa60d475c,fUSD,0.00017,5,4,-80000.0,demand,2026-09-23T05:47:00.478818+00:00
e7bfecf3-efcc-4570-b8b4-49ffa60d475c,fUSD,0.00016532,2,1,-215116.12801262,demand,2026-09-23T05:47:00.478818+00:00
e7bfecf3-efcc-4570-b8b4-49ffa60d475c,fUSD,0.000161,120,1,-100000.0,demand,2026-09-23T05:47:00.478818+00:00
e7bfecf3-efcc-4570-b8b4-49ffa60d475c,fUSD,0.000161,60,1,-19334.0,demand,2026-09-23T05:47:00.478818+00:00
e7bfecf3-efcc-4570-b8b4-49ffa60d475c,fUSD,0.0001603,120,1,-20000.0,demand,2026-09-23T05:47:00.478818+00:00
e7bfecf3-efcc-4570-b8b4-49ffa60d475c,fUSD,0.00016,120,2,-10009162.66122322,demand,2026-09-23T05:47:00.478818+00:00
e7bfecf3-efcc-4570-b8b4-49ffa60d475c,fUSD,0.0001503,90,1,-20000.0,demand,2026-09-23T05:47:00.478818+00:00
e7bfecf3-efcc-4570-b8b4-49ffa60d475c,fUSD,0.00015011,2,1,-751000.0,demand,2026-09-23T05:47:00.478818+00:00
e7bfecf3-efcc-4570-b8b4-49ffa60d475c,fUSD,0.00015,29,1,-149122.66199579,demand,2026-09-23T05:47:00.478818+00:00
e7bfecf3-efcc-4570-b8b4-49ffa60d475c,fUSD,0.00015,7,1,-5741.16585247,demand,2026-09-23T05:47:00.478818+00:00
e7bfecf3-efcc-4570-b8b4-49ffa60d475c,fUSD,0.00015,2,1,-5000000.0,demand,2026-09-23T05:47:00.478818+00:00
e7bfecf3-efcc-4570-b8b4-49ffa60d475c,fUSD,0.00014252,120,1,-10770.76644364,demand,2026-09-23T05:47:00.478818+00:00
e7bfecf3-efcc-4570-b8b4-49ffa60d475c,fUSD,0.000142,4,1,-7000.0,demand,2026-09-23T05:47:00.478818+00:00
e7bfecf3-efcc-4570-b8b4-49ffa60d475c,fUSD,0.0001403,90,1,-20000.0,demand,2026-09-23T05:47:00.478818+00:00
e7bfecf3-efcc-4570-b8b4-49ffa60d475c,fUSD,0.0001400102,2,1,-524152.89548785,demand,2026-09-23T05:47:00.478818+00:00
e7bfecf3-efcc-4570-b8b4-49ffa60d475c,fUSD,0.00014001,2,1,-119774.0143323,demand,2026-09-23T05:47:00.478818+00:00
e7bfecf3-efcc-4570-b8b4-49ffa60d475c,fUSD,0.00013299999999999998,20,1,-4018.00283321,demand,2026-09-23T05:47:00.478818+00:00
e7bfecf3-efcc-4570-b8b4-49ffa60d475c,fUSD,0.000131,13,1,-7000.0,demand,2026-09-23T05:47:00.478818+00:00
e7bfecf3-efcc-4570-b8b4-49ffa60d475c,fUSD,0.00012757,120,1,-100000.0,demand,2026-09-23T05:47:00.478818+00:00
e7bfecf3-efcc-4570-b8b4-49ffa60d475c,fUSD,0.0001221,120,1,-12587.13,demand,2026-09-23T05:47:00.478818+00:00
e7bfecf3-efcc-4570-b8b4-49ffa60d475c,fUSD,0.000281,2,1,152.0,offer,2026-09-23T05:47:00.478818+00:00
e7bfecf3-efcc-4570-b8b4-49ffa60d475c,fUSD,0.000282766,15,1,161.0,offer,2026-09-23T05:47:00.478818+00:00
e7bfecf3-efcc-4570-b8b4-49ffa60d475c,fUSD,0.000283,2,1,283.34129648,offer,2026-09-23T05:47:00.478818+00:00
e7bfecf3-efcc-4570-b8b4-49ffa60d475c,fUSD,0.00028334,2,1,298.249219,offer,2026-09-23T05:47:00.478818+00:00
e7bfecf3-efcc-4570-b8b4-49ffa60d475c,fUSD,0.00028454200595973145,2,1,298.62408418,offer,2026-09-23T05:47:00.478818+00:00
e7bfecf3-efcc-4570-b8b4-49ffa60d475c,fUSD,0.00028504,7,1,1000.0,offer,2026-09-23T05:47:00.478818+00:00
e7bfecf3-efcc-4570-b8b4-49ffa60d475c,fUSD,0.00028533,7,1,1000.0,offer,2026-09-23T05:47:00.478818+00:00
e7bfecf3-efcc-4570-b8b4-49ffa60d475c,fUSD,0.00028560155299661716,2,1,623.4021136,offer,2026-09-23T05:47:00.478818+00:00
e7bfecf3-efcc-4570-b8b4-49ffa60d475c,fUSD,0.00028579,7,1,1000.0,offer,2026-09-23T05:47:00.478818+00:00
e7bfecf3-efcc-4570-b8b4-49ffa60d475c,fUSD,0.00028599,2,2,6090.94196964,offer,2026-09-23T05:47:00.478818+00:00
e7bfecf3-efcc-4570-b8b4-49ffa60d475c,fUSD,0.00028599999999999996,5,1,250.0,offer,2026-09-23T05:47:00.478818+00:00
e7bfecf3-efcc-4570-b8b4-49ffa60d475c,fUSD,0.000286,7,1,2155.6,offer,2026-09-23T05:47:00.478818+00:00
e7bfecf3-efcc-4570-b8b4-49ffa60d475c,fUSD,0.000286,2,1,283.34129648,offer,2026-09-23T05:47:00.478818+00:00
e7bfecf3-efcc-4570-b8b4-49ffa60d475c,fUSD,0.00028602,2,1,200.0,offer,2026-09-23T05:47:00.478818+00:00
e7bfecf3-efcc-4570-b8b4-49ffa60d475c,fUSD,0.00028616,2,1,336.84558756,offer,2026-09-23T05:47:00.478818+00:00
e7bfecf3-efcc-4570-b8b4-49ffa60d475c,fUSD,0.0002861959,2,1,306.23,offer,2026-09-23T05:47:00.478818+00:00
e7bfecf3-efcc-4570-b8b4-49ffa60d475c,fUSD,0.0002861959,20,1,179.33,offer,2026-09-23T05:47:00.478818+00:00
e7bfecf3-efcc-4570-b8b4-49ffa60d475c,fUSD,0.0002862,20,1,590.233,offer,2026-09-23T05:47:00.478818+00:00
e7bfecf3-efcc-4570-b8b4-49ffa60d475c,fUSD,0.00028622256335999996,2,3,3085.58584799,offer,2026-09-23T05:47:00.478818+00:00
e7bfecf3-efcc-4570-b8b4-49ffa60d475c,fUSD,0.0002862787499656738,2,1,6467.91633836,offer,2026-09-23T05:47:00.478818+00:00
e7bfecf3-efcc-4570-b8b4-49ffa60d475c,fUSD,0.0002862822,2,1,14071.97907947,offer,2026-09-23T05:47:00.478818+00:00
e7bfecf3-efcc-4570-b8b4-49ffa60d475c,fUSD,0.00028629999999999997,2,1,252.52,offer,2026-09-23T05:47:00.478818+00:00
e7bfecf3-efcc-4570-b8b4-49ffa60d475c,fUSD,0.0002863133,2,2,15828.07207691,offer,2026-09-23T05:47:00.478818+00:00
e7bfecf3-efcc-4570-b8b4-49ffa60d475c,fUSD,0.0002865,7,2,1284.8,offer,2026-09-23T05:47:00.478818+00:00
e7bfecf3-efcc-4570-b8b4-49ffa60d475c,fUSD,0.0002865744,2,7,87181.81410649,offer,2026-09-23T05:47:00.478818+00:00
5c60e432-a2f1-4c6c-bf0c-eaaa3421244b,fUSD,0.0003088356164383562,120,1,-3566749.15906064,demand,2026-09-23T06:47:00.791284+00:00
5c60e432-a2f1-4c6c-bf0c-eaaa3421244b,fUSD,0.000273972602739726,120,1,-6716838.24266262,demand,2026-09-23T06:47:00.791284+00:00
5c60e432-a2f1-4c6c-bf0c-eaaa3421244b,fUSD,0.0002,90,1,-1200.0,demand,2026-09-23T06:47:00.791284+00:00
5c60e432-a2f1-4c6c-bf0c-eaaa3421244b,fUSD,0.0001712,120,1,-20000.0,demand,2026-09-23T06:47:00.791284+00:00
5c60e432-a2f1-4c6c-bf0c-eaaa3421244b,fUSD,0.00017111,120,1,-2000000.0,demand,2026-09-23T06:47:00.791284+00:00
5c60e432-a2f1-4c6c-bf0c-eaaa3421244b,fUSD,0.00017,5,4,-80000.0,demand,2026-09-23T06:47:00.791284+00:00
5c60e432-a2f1-4c6c-bf0c-eaaa3421244b,fUSD,0.00016534,2,27,-260913.5208935,demand,2026-09-23T06:47:00.791284+00:00
5c60e432-a2f1-4c6c-bf0c-eaaa3421244b,fUSD,0.00016532,2,1,-208594.28292156,demand,2026-09-23T06:47:00.791284+00:00
5c60e432-a2f1-4c6c-bf0c-eaaa3421244b,fUSD,0.000161,120,1,-100000.0,demand,2026-09-23T06:47:00.791284+00:00
5c60e432-a2f1-4c6c-bf0c-eaaa3421244b,fUSD,0.000161,60,1,-19334.0,demand,2026-09-23T06:47:00.791284+00:00
5c60e432-a2f1-4c6c-bf0c-eaaa3421244b,fUSD,0.0001603,120,1,-20000.0,demand,2026-09-23T06:47:00.791284+00:00
5c60e432-a2f1-4c6c-bf0c-eaaa3421244b,fUSD,0.00016,120,2,-10009162.66122322,demand,2026-09-23T06:47:00.791284+00:00
5c60e432-a2f1-4c6c-bf0c-eaaa3421244b,fUSD,0.0001503,90,1,-20000.0,demand,2026-09-23T06:47:00.791284+00:00
5c60e432-a2f1-4c6c-bf0c-eaaa3421244b,fUSD,0.00015011,2,1,-751000.0,demand,2026-09-23T06:47:00.791284+00:00
5c60e432-a2f1-4c6c-bf0c-eaaa3421244b,fUSD,0.00015,29,1,-149122.66199579,demand,2026-09-23T06:47:00.791284+00:00
5c60e432-a2f1-4c6c-bf0c-eaaa3421244b,fUSD,0.00015,7,1,-5741.16585247,demand,2026-09-23T06:47:00.791284+00:00
5c60e432-a2f1-4c6c-bf0c-eaaa3421244b,fUSD,0.00015,2,1,-5000000.0,demand,2026-09-23T06:47:00.791284+00:00
5c60e432-a2f1-4c6c-bf0c-eaaa3421244b,fUSD,0.00014252,120,1,-10770.76644364,demand,2026-09-23T06:47:00.791284+00:00
5c60e432-a2f1-4c6c-bf0c-eaaa3421244b,fUSD,0.000142,4,1,-7000.0,demand,2026-09-23T06:47:00.791284+00:00
5c60e432-a2f1-4c6c-bf0c-eaaa3421244b,fUSD,0.000141,2,1,-98100.0,demand,2026-09-23T06:47:00.791284+00:00
5c60e432-a2f1-4c6c-bf0c-eaaa3421244b,fUSD,0.0001403,90,1,-20000.0,demand,2026-09-23T06:47:00.791284+00:00
5c60e432-a2f1-4c6c-bf0c-eaaa3421244b,fUSD,0.00014001,2,1,-119774.0143323,demand,2026-09-23T06:47:00.791284+00:00
5c60e432-a2f1-4c6c-bf0c-eaaa3421244b,fUSD,0.00013299999999999998,20,1,-4018.00283321,demand,2026-09-23T06:47:00.791284+00:00
5c60e432-a2f1-4c6c-bf0c-eaaa3421244b,fUSD,0.000131,13,1,-7000.0,demand,2026-09-23T06:47:00.791284+00:00
5c60e432-a2f1-4c6c-bf0c-eaaa3421244b,fUSD,0.00012757,120,1,-100000.0,demand,2026-09-23T06:47:00.791284+00:00
5c60e432-a2f1-4c6c-bf0c-eaaa3421244b,fUSD,0.00019874,2,1,5369.52170765,offer,2026-09-23T06:47:00.791284+00:00
5c60e432-a2f1-4c6c-bf0c-eaaa3421244b,fUSD,0.0002012,2,1,283.829515,offer,2026-09-23T06:47:00.791284+00:00
5c60e432-a2f1-4c6c-bf0c-eaaa3421244b,fUSD,0.000208989,2,1,600.0,offer,2026-09-23T06:47:00.791284+00:00
5c60e432-a2f1-4c6c-bf0c-eaaa3421244b,fUSD,0.00022003,2,1,5590.85198982,offer,2026-09-23T06:47:00.791284+00:00
5c60e432-a2f1-4c6c-bf0c-eaaa3421244b,fUSD,0.0002423494,2,2,1359.57,offer,2026-09-23T06:47:00.791284+00:00
5c60e432-a2f1-4c6c-bf0c-eaaa3421244b,fUSD,0.00024438,2,1,6030.09140496,offer,2026-09-23T06:47:00.791284+00:00
5c60e432-a2f1-4c6c-bf0c-eaaa3421244b,fUSD,0.00024943,2,1,921.0,offer,2026-09-23T06:47:00.791284+00:00
5c60e432-a2f1-4c6c-bf0c-eaaa3421244b,fUSD,0.00024993,2,1,854.0,offer,2026-09-23T06:47:00.791284+00:00
5c60e432-a2f1-4c6c-bf0c-eaaa3421244b,fUSD,0.00024998,2,6,120000.0,offer,2026-09-23T06:47:00.791284+00:00
5c60e432-a2f1-4c6c-bf0c-eaaa3421244b,fUSD,0.0002499999,2,5,780671.22050814,offer,2026-09-23T06:47:00.791284+00:00
5c60e432-a2f1-4c6c-bf0c-eaaa3421244b,fUSD,0.00025,2,1,1197.21099684,offer,2026-09-23T06:47:00.791284+00:00
5c60e432-a2f1-4c6c-bf0c-eaaa3421244b,fUSD,0.00025,30,2,31245.13807558,offer,2026-09-23T06:47:00.791284+00:00
5c60e432-a2f1-4c6c-bf0c-eaaa3421244b,fUSD,0.00025,7,1,2630.4,offer,2026-09-23T06:47:00.791284+00:00
5c60e432-a2f1-4c6c-bf0c-eaaa3421244b,fUSD,0.00025042,2,1,996.0,offer,2026-09-23T06:47:00.791284+00:00
5c60e432-a2f1-4c6c-bf0c-eaaa3421244b,fUSD,0.00025092,2,1,1050.0,offer,2026-09-23T06:47:00.791284+00:00
5c60e432-a2f1-4c6c-bf0c-eaaa3421244b,fUSD,0.00025142,2,1,984.0,offer,2026-09-23T06:47:00.791284+00:00
5c60e432-a2f1-4c6c-bf0c-eaaa3421244b,fUSD,0.00025192,2,1,1280.0,offer,2026-09-23T06:47:00.791284+00:00
5c60e432-a2f1-4c6c-bf0c-eaaa3421244b,fUSD,0.00025242,2,1,1236.0,offer,2026-09-23T06:47:00.791284+00:00
5c60e432-a2f1-4c6c-bf0c-eaaa3421244b,fUSD,0.00025291,2,1,793.0,offer,2026-09-23T06:47:00.791284+00:00
5c60e432-a2f1-4c6c-bf0c-eaaa3421244b,fUSD,0.0002530425,2,1,150.0,offer,2026-09-23T06:47:00.791284+00:00
5c60e432-a2f1-4c6c-bf0c-eaaa3421244b,fUSD,0.0002531856,2,1,6279.34763403,offer,2026-09-23T06:47:00.791284+00:00
5c60e432-a2f1-4c6c-bf0c-eaaa3421244b,fUSD,0.00025324,9,1,662.477,offer,2026-09-23T06:47:00.791284+00:00
5c60e432-a2f1-4c6c-bf0c-eaaa3421244b,fUSD,0.00025341,2,1,779.0,offer,2026-09-23T06:47:00.791284+00:00
5c60e432-a2f1-4c6c-bf0c-eaaa3421244b,fUSD,0.00025391,2,1,1352.0,offer,2026-09-23T06:47:00.791284+00:00
5c60e432-a2f1-4c6c-bf0c-eaaa3421244b,fUSD,0.00025393,2,1,529.2141199,offer,2026-09-23T06:47:00.791284+00:00
edd992ba-a870-4b49-bf3a-22b9b25483d6,fUSD,0.000273972602739726,120,1,-6657194.57498725,demand,2026-09-23T07:47:00.522006+00:00
edd992ba-a870-4b49-bf3a-22b9b25483d6,fUSD,0.0002,90,1,-1200.0,demand,2026-09-23T07:47:00.522006+00:00
edd992ba-a870-4b49-bf3a-22b9b25483d6,fUSD,0.0001712,120,1,-20000.0,demand,2026-09-23T07:47:00.522006+00:00
edd992ba-a870-4b49-bf3a-22b9b25483d6,fUSD,0.00017111,120,1,-2000000.0,demand,2026-09-23T07:47:00.522006+00:00
edd992ba-a870-4b49-bf3a-22b9b25483d6,fUSD,0.00017,5,4,-80000.0,demand,2026-09-23T07:47:00.522006+00:00
edd992ba-a870-4b49-bf3a-22b9b25483d6,fUSD,0.0001653202,2,1,-421321.91453551,demand,2026-09-23T07:47:00.522006+00:00
edd992ba-a870-4b49-bf3a-22b9b25483d6,fUSD,0.00016532,2,1,-208594.28292156,demand,2026-09-23T07:47:00.522006+00:00
edd992ba-a870-4b49-bf3a-22b9b25483d6,fUSD,0.000161,120,1,-100000.0,demand,2026-09-23T07:47:00.522006+00:00
edd992ba-a870-4b49-bf3a-22b9b25483d6,fUSD,0.000161,60,1,-19334.0,demand,2026-09-23T07:47:00.522006+00:00
edd992ba-a870-4b49-bf3a-22b9b25483d6,fUSD,0.0001603,120,1,-20000.0,demand,2026-09-23T07:47:00.522006+00:00
edd992ba-a870-4b49-bf3a-22b9b25483d6,fUSD,0.00016,120,2,-10009162.66122322,demand,2026-09-23T07:47:00.522006+00:00
edd992ba-a870-4b49-bf3a-22b9b25483d6,fUSD,0.0001503,90,1,-20000.0,demand,2026-09-23T07:47:00.522006+00:00
edd992ba-a870-4b49-bf3a-22b9b25483d6,fUSD,0.00015011,2,1,-751000.0,demand,2026-09-23T07:47:00.522006+00:00
edd992ba-a870-4b49-bf3a-22b9b25483d6,fUSD,0.00015,29,1,-149122.66199579,demand,2026-09-23T07:47:00.522006+00:00
edd992ba-a870-4b49-bf3a-22b9b25483d6,fUSD,0.00015,7,1,-5741.16585247,demand,2026-09-23T07:47:00.522006+00:00
edd992ba-a870-4b49-bf3a-22b9b25483d6,fUSD,0.00014252,120,1,-10770.76644364,demand,2026-09-23T07:47:00.522006+00:00
edd992ba-a870-4b49-bf3a-22b9b25483d6,fUSD,0.000142,4,1,-7000.0,demand,2026-09-23T07:47:00.522006+00:00
edd992ba-a870-4b49-bf3a-22b9b25483d6,fUSD,0.000141,2,1,-98100.0,demand,2026-09-23T07:47:00.522006+00:00
edd992ba-a870-4b49-bf3a-22b9b25483d6,fUSD,0.0001403,90,1,-20000.0,demand,2026-09-23T07:47:00.522006+00:00
edd992ba-a870-4b49-bf3a-22b9b25483d6,fUSD,0.00014001,2,1,-119774.0143323,demand,2026-09-23T07:47:00.522006+00:00
edd992ba-a870-4b49-bf3a-22b9b25483d6,fUSD,0.00013299999999999998,20,1,-4018.00283321,demand,2026-09-23T07:47:00.522006+00:00
edd992ba-a870-4b49-bf3a-22b9b25483d6,fUSD,0.000131,13,1,-7000.0,demand,2026-09-23T07:47:00.522006+00:00
edd992ba-a870-4b49-bf3a-22b9b25483d6,fUSD,0.00012757,120,1,-100000.0,demand,2026-09-23T07:47:00.522006+00:00
edd992ba-a870-4b49-bf3a-22b9b25483d6,fUSD,0.0001221,120,1,-12587.13,demand,2026-09-23T07:47:00.522006+00:00
edd992ba-a870-4b49-bf3a-22b9b25483d6,fUSD,0.000121,7,1,-6000.0,demand,2026-09-23T07:47:00.522006+00:00
edd992ba-a870-4b49-bf3a-22b9b25483d6,fUSD,0.0002200105,2,1,9.0,offer,2026-09-23T07:47:00.522006+00:00
edd992ba-a870-4b49-bf3a-22b9b25483d6,fUSD,0.0002245201095890411,2,1,418.94,offer,2026-09-23T07:47:00.522006+00:00
edd992ba-a870-4b49-bf3a-22b9b25483d6,fUSD,0.00022505,2,2,424.66931147,offer,2026-09-23T07:47:00.522006+00:00
edd992ba-a870-4b49-bf3a-22b9b25483d6,fUSD,0.00022506,3,1,3226.35198013,offer,2026-09-23T07:47:00.522006+00:00
edd992ba-a870-4b49-bf3a-22b9b25483d6,fUSD,0.00022603900000000004,2,1,600.0,offer,2026-09-23T07:47:00.522006+00:00
edd992ba-a870-4b49-bf3a-22b9b25483d6,fUSD,0.00022831,2,7,1075.85,offer,2026-09-23T07:47:00.522006+00:00
edd992ba-a870-4b49-bf3a-22b9b25483d6,fUSD,0.0002297414794520548,2,1,418.94,offer,2026-09-23T07:47:00.522006+00:00
edd992ba-a870-4b49-bf3a-22b9b25483d6,fUSD,0.00023,2,1,1041.03327309,offer,2026-09-23T07:47:00.522006+00:00
edd992ba-a870-4b49-bf3a-22b9b25483d6,fUSD,0.00023159,3,1,3267.77325269,offer,2026-09-23T07:47:00.522006+00:00
edd992ba-a870-4b49-bf3a-22b9b25483d6,fUSD,0.0002324333,2,1,352.71,offer,2026-09-23T07:47:00.522006+00:00
edd992ba-a870-4b49-bf3a-22b9b25483d6,fUSD,0.00023254,2,1,4185.0,offer,2026-09-23T07:47:00.522006+00:00
edd992ba-a870-4b49-bf3a-22b9b25483d6,fUSD,0.00023523,2,1,11380.0,offer,2026-09-23T07:47:00.522006+00:00
edd992ba-a870-4b49-bf3a-22b9b25483d6,fUSD,0.00023811,3,1,3345.53324867,offer,2026-09-23T07:47:00.522006+00:00
edd992ba-a870-4b49-bf3a-22b9b25483d6,fUSD,0.00023823,3,1,153.0,offer,2026-09-23T07:47:00.522006+00:00
edd992ba-a870-4b49-bf3a-22b9b25483d6,fUSD,0.00023956441992,30,1,163.53,offer,2026-09-23T07:47:00.522006+00:00
edd992ba-a870-4b49-bf3a-22b9b25483d6,fUSD,0.0002407025,2,1,393.92,offer,2026-09-23T07:47:00.522006+00:00
edd992ba-a870-4b49-bf3a-22b9b25483d6,fUSD,0.0002433831,2,1,178.94,offer,2026-09-23T07:47:00.522006+00:00
edd992ba-a870-4b49-bf3a-22b9b25483d6,fUSD,0.0002434981,2,1,2000.0,offer,2026-09-23T07:47:00.522006+00:00
edd992ba-a870-4b49-bf3a-22b9b25483d6,fUSD,0.00024397260273972604,2,2,1011.00003,offer,2026-09-23T07:47:00.522006+00:00
edd992ba-a870-4b49-bf3a-22b9b25483d6,fUSD,0.00024463,3,1,3452.3440892,offer,2026-09-23T07:47:00.522006+00:00
edd992ba-a870-4b49-bf3a-22b9b25483d6,fUSD,0.00024523,2,1,2581.45,offer,2026-09-23T07:47:00.522006+00:00
edd992ba-a870-4b49-bf3a-22b9b25483d6,fUSD,0.0002454854,2,1,393.92,offer,2026-09-23T07:47:00.522006+00:00
edd992ba-a870-4b49-bf3a-22b9b25483d6,fUSD,0.00024589,2,1,517.13,offer,2026-09-23T07:47:00.522006+00:00
edd992ba-a870-4b49-bf3a-22b9b25483d6,fUSD,0.0002465753424657534,2,1,159.36,offer,2026-09-23T07:47:00.522006+00:00
edd992ba-a870-4b49-bf3a-22b9b25483d6,fUSD,0.00024658,2,2,347.77,offer,2026-09-23T07:47:00.522006+00:00
8079cda3-8dbc-4ad6-a7a0-eecd41725522,fUSD,0.000273972602739726,120,1,-6624815.89264878,demand,2026-09-23T08:47:00.591376+00:00
8079cda3-8dbc-4ad6-a7a0-eecd41725522,fUSD,0.0002,90,1,-1200.0,demand,2026-09-23T08:47:00.591376+00:00
8079cda3-8dbc-4ad6-a7a0-eecd41725522,fUSD,0.0002,7,1,-1025.0,demand,2026-09-23T08:47:00.591376+00:00
8079cda3-8dbc-4ad6-a7a0-eecd41725522,fUSD,0.0001712,120,1,-20000.0,demand,2026-09-23T08:47:00.591376+00:00
8079cda3-8dbc-4ad6-a7a0-eecd41725522,fUSD,0.00017111,120,1,-2000000.0,demand,2026-09-23T08:47:00.591376+00:00
8079cda3-8dbc-4ad6-a7a0-eecd41725522,fUSD,0.00017,5,7,-139054.54764386,demand,2026-09-23T08:47:00.591376+00:00
8079cda3-8dbc-4ad6-a7a0-eecd41725522,fUSD,0.000161,120,1,-100000.0,demand,2026-09-23T08:47:00.591376+00:00
8079cda3-8dbc-4ad6-a7a0-eecd41725522,fUSD,0.000161,60,1,-19334.0,demand,2026-09-23T08:47:00.591376+00:00
8079cda3-8dbc-4ad6-a7a0-eecd41725522,fUSD,0.0001603,120,1,-20000.0,demand,2026-09-23T08:47:00.591376+00:00
8079cda3-8dbc-4ad6-a7a0-eecd41725522,fUSD,0.00016,120,2,-10009162.66122322,demand,2026-09-23T08:47:00.591376+00:00
8079cda3-8dbc-4ad6-a7a0-eecd41725522,fUSD,0.0001503,90,1,-20000.0,demand,2026-09-23T08:47:00.591376+00:00
8079cda3-8dbc-4ad6-a7a0-eecd41725522,fUSD,0.00015,29,1,-149122.66199579,demand,2026-09-23T08:47:00.591376+00:00
8079cda3-8dbc-4ad6-a7a0-eecd41725522,fUSD,0.00015,7,1,-5741.16585247,demand,2026-09-23T08:47:00.591376+00:00
8079cda3-8dbc-4ad6-a7a0-eecd41725522,fUSD,0.00014252,120,1,-10770.76644364,demand,2026-09-23T08:47:00.591376+00:00
8079cda3-8dbc-4ad6-a7a0-eecd41725522,fUSD,0.000142,4,1,-7000.0,demand,2026-09-23T08:47:00.591376+00:00
8079cda3-8dbc-4ad6-a7a0-eecd41725522,fUSD,0.000141,2,1,-94905.76989888,demand,2026-09-23T08:47:00.591376+00:00
8079cda3-8dbc-4ad6-a7a0-eecd41725522,fUSD,0.0001403,90,1,-20000.0,demand,2026-09-23T08:47:00.591376+00:00
8079cda3-8dbc-4ad6-a7a0-eecd41725522,fUSD,0.0001400102,2,1,-600000.0,demand,2026-09-23T08:47:00.591376+00:00
8079cda3-8dbc-4ad6-a7a0-eecd41725522,fUSD,0.00014001,2,1,-119774.0143323,demand,2026-09-23T08:47:00.591376+00:00
8079cda3-8dbc-4ad6-a7a0-eecd41725522,fUSD,0.00013299999999999998,20,1,-4018.00283321,demand,2026-09-23T08:47:00.591376+00:00
8079cda3-8dbc-4ad6-a7a0-eecd41725522,fUSD,0.000131,13,1,-7000.0,demand,2026-09-23T08:47:00.591376+00:00
8079cda3-8dbc-4ad6-a7a0-eecd41725522,fUSD,0.00012757,120,1,-100000.0,demand,2026-09-23T08:47:00.591376+00:00
8079cda3-8dbc-4ad6-a7a0-eecd41725522,fUSD,0.0001221,120,1,-12587.13,demand,2026-09-23T08:47:00.591376+00:00
8079cda3-8dbc-4ad6-a7a0-eecd41725522,fUSD,0.000121,7,1,-6000.0,demand,2026-09-23T08:47:00.591376+00:00
8079cda3-8dbc-4ad6-a7a0-eecd41725522,fUSD,0.00012,120,1,-200000.0,demand,2026-09-23T08:47:00.591376+00:00
8079cda3-8dbc-4ad6-a7a0-eecd41725522,fUSD,0.00018562,2,1,1587.9180342,offer,2026-09-23T08:47:00.591376+00:00
8079cda3-8dbc-4ad6-a7a0-eecd41725522,fUSD,0.0001857492,2,1,1200.16,offer,2026-09-23T08:47:00.591376+00:00
8079cda3-8dbc-4ad6-a7a0-eecd41725522,fUSD,0.00018599,2,1,1544.0,offer,2026-09-23T08:47:00.591376+00:00
8079cda3-8dbc-4ad6-a7a0-eecd41725522,fUSD,0.000186312271,2,1,169.19,offer,2026-09-23T08:47:00.591376+00:00
8079cda3-8dbc-4ad6-a7a0-eecd41725522,fUSD,0.00018636,2,1,1733.0,offer,2026-09-23T08:47:00.591376+00:00
8079cda3-8dbc-4ad6-a7a0-eecd41725522,fUSD,0.00018655,2,1,2368.0,offer,2026-09-23T08:47:00.591376+00:00
8079cda3-8dbc-4ad6-a7a0-eecd41725522,fUSD,0.00018673,2,1,946.0,offer,2026-09-23T08:47:00.591376+00:00
8079cda3-8dbc-4ad6-a7a0-eecd41725522,fUSD,0.0001871,2,1,986.0,offer,2026-09-23T08:47:00.591376+00:00
8079cda3-8dbc-4ad6-a7a0-eecd41725522,fUSD,0.0001873501123287671,2,1,230.85145468,offer,2026-09-23T08:47:00.591376+00:00
8079cda3-8dbc-4ad6-a7a0-eecd41725522,fUSD,0.00018747,2,1,1085.0,offer,2026-09-23T08:47:00.591376+00:00
8079cda3-8dbc-4ad6-a7a0-eecd41725522,fUSD,0.00018784,2,1,1957.0,offer,2026-09-23T08:47:00.591376+00:00
8079cda3-8dbc-4ad6-a7a0-eecd41725522,fUSD,0.000187891,2,1,213.01234696,offer,2026-09-23T08:47:00.591376+00:00
8079cda3-8dbc-4ad6-a7a0-eecd41725522,fUSD,0.00018793,2,1,6205.0,offer,2026-09-23T08:47:00.591376+00:00
8079cda3-8dbc-4ad6-a7a0-eecd41725522,fUSD,0.00018821,2,1,1953.0,offer,2026-09-23T08:47:00.591376+00:00
8079cda3-8dbc-4ad6-a7a0-eecd41725522,fUSD,0.00018858,2,1,998.0,offer,2026-09-23T08:47:00.591376+00:00
8079cda3-8dbc-4ad6-a7a0-eecd41725522,fUSD,0.0001888942,2,1,323.79,offer,2026-09-23T08:47:00.591376+00:00
8079cda3-8dbc-4ad6-a7a0-eecd41725522,fUSD,0.00018895,2,1,1126.0,offer,2026-09-23T08:47:00.591376+00:00
8079cda3-8dbc-4ad6-a7a0-eecd41725522,fUSD,0.000189,2,4,15455.41390096,offer,2026-09-23T08:47:00.591376+00:00
8079cda3-8dbc-4ad6-a7a0-eecd41725522,fUSD,0.00018932,2,1,637.0,offer,2026-09-23T08:47:00.591376+00:00
8079cda3-8dbc-4ad6-a7a0-eecd41725522,fUSD,0.00018933306849315068,2,1,397.79,offer,2026-09-23T08:47:00.591376+00:00
8079cda3-8dbc-4ad6-a7a0-eecd41725522,fUSD,0.0001895229,2,1,500.0,offer,2026-09-23T08:47:00.591376+00:00
8079cda3-8dbc-4ad6-a7a0-eecd41725522,fUSD,0.0001899,2,5,4205.8,offer,2026-09-23T08:47:00.591376+00:00
8079cda3-8dbc-4ad6-a7a0-eecd41725522,fUSD,0.00018997,2,4,2497.88148229,offer,2026-09-23T08:47:00.591376+00:00
8079cda3-8dbc-4ad6-a7a0-eecd41725522,fUSD,0.00018999,2,11,132541.60695383,offer,2026-09-23T08:47:00.591376+00:00
8079cda3-8dbc-4ad6-a7a0-eecd41725522,fUSD,0.00019,5,1,749655.69444853,offer,2026-09-23T08:47:00.591376+00:00
665b0891-760d-45d9-bcb3-26c3aaa15421,fUSD,0.000273972602739726,120,1,-6615017.52085562,demand,2026-09-23T09:47:00.569334+00:00
665b0891-760d-45d9-bcb3-26c3aaa15421,fUSD,0.0002,90,1,-1200.0,demand,2026-09-23T09:47:00.569334+00:00
665b0891-760d-45d9-bcb3-26c3aaa15421,fUSD,0.0001712,120,1,-20000.0,demand,2026-09-23T09:47:00.569334+00:00
665b0891-760d-45d9-bcb3-26c3aaa15421,fUSD,0.00017111,120,1,-2000000.0,demand,2026-09-23T09:47:00.569334+00:00
665b0891-760d-45d9-bcb3-26c3aaa15421,fUSD,0.00017,5,6,-112810.61888345,demand,2026-09-23T09:47:00.569334+00:00
665b0891-760d-45d9-bcb3-26c3aaa15421,fUSD,0.000161,120,1,-100000.0,demand,2026-09-23T09:47:00.569334+00:00
665b0891-760d-45d9-bcb3-26c3aaa15421,fUSD,0.000161,60,1,-19334.0,demand,2026-09-23T09:47:00.569334+00:00
665b0891-760d-45d9-bcb3-26c3aaa15421,fUSD,0.0001603,120,1,-20000.0,demand,2026-09-23T09:47:00.569334+00:00
665b0891-760d-45d9-bcb3-26c3aaa15421,fUSD,0.00016,120,2,-10009162.66122322,demand,2026-09-23T09:47:00.569334+00:00
665b0891-760d-45d9-bcb3-26c3aaa15421,fUSD,0.0001503,90,1,-20000.0,demand,2026-09-23T09:47:00.569334+00:00
665b0891-760d-45d9-bcb3-26c3aaa15421,fUSD,0.00015,29,1,-149122.66199579,demand,2026-09-23T09:47:00.569334+00:00
665b0891-760d-45d9-bcb3-26c3aaa15421,fUSD,0.00015,7,1,-5741.16585247,demand,2026-09-23T09:47:00.569334+00:00
665b0891-760d-45d9-bcb3-26c3aaa15421,fUSD,0.00015,4,1,-17782.41844047,demand,2026-09-23T09:47:00.569334+00:00
665b0891-760d-45d9-bcb3-26c3aaa15421,fUSD,0.00014252,120,1,-10770.76644364,demand,2026-09-23T09:47:00.569334+00:00
665b0891-760d-45d9-bcb3-26c3aaa15421,fUSD,0.000142,4,1,-7000.0,demand,2026-09-23T09:47:00.569334+00:00
665b0891-760d-45d9-bcb3-26c3aaa15421,fUSD,0.000141,2,1,-78562.73130495,demand,2026-09-23T09:47:00.569334+00:00
665b0891-760d-45d9-bcb3-26c3aaa15421,fUSD,0.0001403,90,1,-20000.0,demand,2026-09-23T09:47:00.569334+00:00
665b0891-760d-45d9-bcb3-26c3aaa15421,fUSD,0.0001400102,2,1,-600000.0,demand,2026-09-23T09:47:00.569334+00:00
665b0891-760d-45d9-bcb3-26c3aaa15421,fUSD,0.00014001,2,1,-119774.0143323,demand,2026-09-23T09:47:00.569334+00:00
665b0891-760d-45d9-bcb3-26c3aaa15421,fUSD,0.00013299999999999998,20,1,-4018.00283321,demand,2026-09-23T09:47:00.569334+00:00
665b0891-760d-45d9-bcb3-26c3aaa15421,fUSD,0.000131,13,1,-7000.0,demand,2026-09-23T09:47:00.569334+00:00
665b0891-760d-45d9-bcb3-26c3aaa15421,fUSD,0.00012757,120,1,-100000.0,demand,2026-09-23T09:47:00.569334+00:00
665b0891-760d-45d9-bcb3-26c3aaa15421,fUSD,0.0001221,120,1,-12587.13,demand,2026-09-23T09:47:00.569334+00:00
665b0891-760d-45d9-bcb3-26c3aaa15421,fUSD,0.000121,7,1,-6000.0,demand,2026-09-23T09:47:00.569334+00:00
665b0891-760d-45d9-bcb3-26c3aaa15421,fUSD,0.00012,120,1,-200000.0,demand,2026-09-23T09:47:00.569334+00:00
665b0891-760d-45d9-bcb3-26c3aaa15421,fUSD,0.00014199,2,1,287.06073782,offer,2026-09-23T09:47:00.569334+00:00
665b0891-760d-45d9-bcb3-26c3aaa15421,fUSD,0.00014224025,2,1,237.32869061,offer,2026-09-23T09:47:00.569334+00:00
665b0891-760d-45d9-bcb3-26c3aaa15421,fUSD,0.0001424905,2,1,309.78,offer,2026-09-23T09:47:00.569334+00:00
665b0891-760d-45d9-bcb3-26c3aaa15421,fUSD,0.00014391,2,1,150.0,offer,2026-09-23T09:47:00.569334+00:00
665b0891-760d-45d9-bcb3-26c3aaa15421,fUSD,0.00014533,2,1,150.0,offer,2026-09-23T09:47:00.569334+00:00
665b0891-760d-45d9-bcb3-26c3aaa15421,fUSD,0.00014675,2,1,266.0,offer,2026-09-23T09:47:00.569334+00:00
665b0891-760d-45d9-bcb3-26c3aaa15421,fUSD,0.000149,2,1,8449.7229061,offer,2026-09-23T09:47:00.569334+00:00
665b0891-760d-45d9-bcb3-26c3aaa15421,fUSD,0.00014997,2,1,284.56600241,offer,2026-09-23T09:47:00.569334+00:00
665b0891-760d-45d9-bcb3-26c3aaa15421,fUSD,0.00014998,2,2,24785.415506,offer,2026-09-23T09:47:00.569334+00:00
665b0891-760d-45d9-bcb3-26c3aaa15421,fUSD,0.000149985,2,1,386.21208079,offer,2026-09-23T09:47:00.569334+00:00
665b0891-760d-45d9-bcb3-26c3aaa15421,fUSD,0.00014999,2,18,180375.89101978,offer,2026-09-23T09:47:00.569334+00:00
665b0891-760d-45d9-bcb3-26c3aaa15421,fUSD,0.00015,2,4,1838008.976908,offer,2026-09-23T09:47:00.569334+00:00
665b0891-760d-45d9-bcb3-26c3aaa15421,fUSD,0.00015,3,2,360.0,offer,2026-09-23T09:47:00.569334+00:00
665b0891-760d-45d9-bcb3-26c3aaa15421,fUSD,0.0001516934,2,1,309.78,offer,2026-09-23T09:47:00.569334+00:00
665b0891-760d-45d9-bcb3-26c3aaa15421,fUSD,0.00015299999999999998,4,1,371.60884843,offer,2026-09-23T09:47:00.569334+00:00
665b0891-760d-45d9-bcb3-26c3aaa15421,fUSD,0.0001538206,2,1,309.78,offer,2026-09-23T09:47:00.569334+00:00
665b0891-760d-45d9-bcb3-26c3aaa15421,fUSD,0.0001552861,2,1,309.78,offer,2026-09-23T09:47:00.569334+00:00
665b0891-760d-45d9-bcb3-26c3aaa15421,fUSD,0.000156189,2,1,229.43409214,offer,2026-09-23T09:47:00.569334+00:00
665b0891-760d-45d9-bcb3-26c3aaa15421,fUSD,0.0001564395,2,1,309.78,offer,2026-09-23T09:47:00.569334+00:00
665b0891-760d-45d9-bcb3-26c3aaa15421,fUSD,0.00015653,2,1,6546.09549447,offer,2026-09-23T09:47:00.569334+00:00
665b0891-760d-45d9-bcb3-26c3aaa15421,fUSD,0.0001574053,2,1,309.78,offer,2026-09-23T09:47:00.569334+00:00
665b0891-760d-45d9-bcb3-26c3aaa15421,fUSD,0.0001582438,2,1,309.78,offer,2026-09-23T09:47:00.569334+00:00
665b0891-760d-45d9-bcb3-26c3aaa15421,fUSD,0.0001589894,2,1,309.78,offer,2026-09-23T09:47:00.569334+00:00
665b0891-760d-45d9-bcb3-26c3aaa15421,fUSD,0.00016123,2,1,245.0,offer,2026-09-23T09:47:00.569334+00:00
665b0891-760d-45d9-bcb3-26c3aaa15421,fUSD,0.0001632022,2,1,8449.72290604,offer,2026-09-23T09:47:00.569334+00:00
9b9b9f1a-c401-4f05-ac47-6c3a497a27a3,fUSD,0.000273972602739726,120,1,-6591421.72379277,demand,2026-09-23T10:47:02.159800+00:00
9b9b9f1a-c401-4f05-ac47-6c3a497a27a3,fUSD,0.0002,90,1,-1200.0,demand,2026-09-23T10:47:02.159800+00:00
9b9b9f1a-c401-4f05-ac47-6c3a497a27a3,fUSD,0.000172,30,1,-18090.0,demand,2026-09-23T10:47:02.159800+00:00
9b9b9f1a-c401-4f05-ac47-6c3a497a27a3,fUSD,0.0001712,120,1,-20000.0,demand,2026-09-23T10:47:02.159800+00:00
9b9b9f1a-c401-4f05-ac47-6c3a497a27a3,fUSD,0.00017111,120,1,-2000000.0,demand,2026-09-23T10:47:02.159800+00:00
9b9b9f1a-c401-4f05-ac47-6c3a497a27a3,fUSD,0.00017,5,5,-84590.45526143,demand,2026-09-23T10:47:02.159800+00:00
9b9b9f1a-c401-4f05-ac47-6c3a497a27a3,fUSD,0.000161,120,1,-100000.0,demand,2026-09-23T10:47:02.159800+00:00
9b9b9f1a-c401-4f05-ac47-6c3a497a27a3,fUSD,0.000161,60,1,-19334.0,demand,2026-09-23T10:47:02.159800+00:00
9b9b9f1a-c401-4f05-ac47-6c3a497a27a3,fUSD,0.0001603,120,1,-20000.0,demand,2026-09-23T10:47:02.159800+00:00
9b9b9f1a-c401-4f05-ac47-6c3a497a27a3,fUSD,0.00016,120,2,-10009162.66122322,demand,2026-09-23T10:47:02.159800+00:00
9b9b9f1a-c401-4f05-ac47-6c3a497a27a3,fUSD,0.0001503,90,1,-20000.0,demand,2026-09-23T10:47:02.159800+00:00
9b9b9f1a-c401-4f05-ac47-6c3a497a27a3,fUSD,0.00015,29,1,-149122.66199579,demand,2026-09-23T10:47:02.159800+00:00
9b9b9f1a-c401-4f05-ac47-6c3a497a27a3,fUSD,0.00015,7,1,-5741.16585247,demand,2026-09-23T10:47:02.159800+00:00
9b9b9f1a-c401-4f05-ac47-6c3a497a27a3,fUSD,0.00014252,120,1,-10770.76644364,demand,2026-09-23T10:47:02.159800+00:00
9b9b9f1a-c401-4f05-ac47-6c3a497a27a3,fUSD,0.000142,4,1,-7000.0,demand,2026-09-23T10:47:02.159800+00:00
9b9b9f1a-c401-4f05-ac47-6c3a497a27a3,fUSD,0.000141,2,1,-62232.14806695,demand,2026-09-23T10:47:02.159800+00:00
9b9b9f1a-c401-4f05-ac47-6c3a497a27a3,fUSD,0.0001403,90,1,-20000.0,demand,2026-09-23T10:47:02.159800+00:00
9b9b9f1a-c401-4f05-ac47-6c3a497a27a3,fUSD,0.0001400102,2,1,-600000.0,demand,2026-09-23T10:47:02.159800+00:00
9b9b9f1a-c401-4f05-ac47-6c3a497a27a3,fUSD,0.00014001,2,1,-119774.0143323,demand,2026-09-23T10:47:02.159800+00:00
9b9b9f1a-c401-4f05-ac47-6c3a497a27a3,fUSD,0.00013299999999999998,20,1,-4018.00283321,demand,2026-09-23T10:47:02.159800+00:00
9b9b9f1a-c401-4f05-ac47-6c3a497a27a3,fUSD,0.000131,13,1,-7000.0,demand,2026-09-23T10:47:02.159800+00:00
9b9b9f1a-c401-4f05-ac47-6c3a497a27a3,fUSD,0.00012757,120,1,-100000.0,demand,2026-09-23T10:47:02.159800+00:00
9b9b9f1a-c401-4f05-ac47-6c3a497a27a3,fUSD,0.0001221,120,1,-12587.13,demand,2026-09-23T10:47:02.159800+00:00
9b9b9f1a-c401-4f05-ac47-6c3a497a27a3,fUSD,0.000121,7,1,-6000.0,demand,2026-09-23T10:47:02.159800+00:00
9b9b9f1a-c401-4f05-ac47-6c3a497a27a3,fUSD,0.00012,120,1,-200000.0,demand,2026-09-23T10:47:02.159800+00:00
9b9b9f1a-c401-4f05-ac47-6c3a497a27a3,fUSD,0.00014999,2,3,1498.99528478,offer,2026-09-23T10:47:02.159800+00:00
9b9b9f1a-c401-4f05-ac47-6c3a497a27a3,fUSD,0.00015,2,21,682167.02450821,offer,2026-09-23T10:47:02.159800+00:00
9b9b9f1a-c401-4f05-ac47-6c3a497a27a3,fUSD,0.00015299999999999998,4,1,375.62168358,offer,2026-09-23T10:47:02.159800+00:00
9b9b9f1a-c401-4f05-ac47-6c3a497a27a3,fUSD,0.000153,2,1,704.91874719,offer,2026-09-23T10:47:02.159800+00:00
9b9b9f1a-c401-4f05-ac47-6c3a497a27a3,fUSD,0.0001533859,2,1,303.17,offer,2026-09-23T10:47:02.159800+00:00
9b9b9f1a-c401-4f05-ac47-6c3a497a27a3,fUSD,0.0001559022,2,1,303.17,offer,2026-09-23T10:47:02.159800+00:00
9b9b9f1a-c401-4f05-ac47-6c3a497a27a3,fUSD,0.0001576357,2,1,303.17,offer,2026-09-23T10:47:02.159800+00:00
9b9b9f1a-c401-4f05-ac47-6c3a497a27a3,fUSD,0.000159,2,1,303.17,offer,2026-09-23T10:47:02.159800+00:00
9b9b9f1a-c401-4f05-ac47-6c3a497a27a3,fUSD,0.00016,2,1,51161.57650654,offer,2026-09-23T10:47:02.159800+00:00
9b9b9f1a-c401-4f05-ac47-6c3a497a27a3,fUSD,0.00016125,2,1,294.37998208,offer,2026-09-23T10:47:02.159800+00:00
9b9b9f1a-c401-4f05-ac47-6c3a497a27a3,fUSD,0.000165,2,1,430.16740249,offer,2026-09-23T10:47:02.159800+00:00
9b9b9f1a-c401-4f05-ac47-6c3a497a27a3,fUSD,0.00017,2,2,11494.96,offer,2026-09-23T10:47:02.159800+00:00
9b9b9f1a-c401-4f05-ac47-6c3a497a27a3,fUSD,0.00017,3,2,354.0,offer,2026-09-23T10:47:02.159800+00:00
9b9b9f1a-c401-4f05-ac47-6c3a497a27a3,fUSD,0.00017169,2,1,150.0,offer,2026-09-23T10:47:02.159800+00:00
9b9b9f1a-c401-4f05-ac47-6c3a497a27a3,fUSD,0.0001725,2,1,219.56,offer,2026-09-23T10:47:02.159800+00:00
9b9b9f1a-c401-4f05-ac47-6c3a497a27a3,fUSD,0.00018173,2,1,653.0,offer,2026-09-23T10:47:02.159800+00:00
9b9b9f1a-c401-4f05-ac47-6c3a497a27a3,fUSD,0.0001830742105263158,3,1,195.0,offer,2026-09-23T10:47:02.159800+00:00
9b9b9f1a-c401-4f05-ac47-6c3a497a27a3,fUSD,0.00019614842105263158,3,1,195.0,offer,2026-09-23T10:47:02.159800+00:00
9b9b9f1a-c401-4f05-ac47-6c3a497a27a3,fUSD,0.0001995,15,1,76505.08055117,offer,2026-09-23T10:47:02.159800+00:00
9b9b9f1a-c401-4f05-ac47-6c3a497a27a3,fUSD,0.0002,5,1,1521.54717367,offer,2026-09-23T10:47:02.159800+00:00
9b9b9f1a-c401-4f05-ac47-6c3a497a27a3,fUSD,0.00020105125,3,1,159.0,offer,2026-09-23T10:47:02.159800+00:00
9b9b9f1a-c401-4f05-ac47-6c3a497a27a3,fUSD,0.0002033047,2,1,10840.25,offer,2026-09-23T10:47:02.159800+00:00
9b9b9f1a-c401-4f05-ac47-6c3a497a27a3,fUSD,0.00020922263157894738,3,1,195.0,offer,2026-09-23T10:47:02.159800+00:00
9b9b9f1a-c401-4f05-ac47-6c3a497a27a3,fUSD,0.00020993,2,1,9867.66745137,offer,2026-09-23T10:47:02.159800+00:00
9b9b9f1a-c401-4f05-ac47-6c3a497a27a3,fUSD,0.00021025,2,1,717.66043407,offer,2026-09-23T10:47:02.159800+00:00
1f083969-a7b8-43ec-8b70-328b5b1a0b8a,fUSD,0.000273972602739726,120,1,-6538638.12154381,demand,2026-09-23T11:47:00.539473+00:00
1f083969-a7b8-43ec-8b70-328b5b1a0b8a,fUSD,0.0002,90,1,-1200.0,demand,2026-09-23T11:47:00.539473+00:00
1f083969-a7b8-43ec-8b70-328b5b1a0b8a,fUSD,0.000172,30,1,-18090.0,demand,2026-09-23T11:47:00.539473+00:00
1f083969-a7b8-43ec-8b70-328b5b1a0b8a,fUSD,0.0001712,120,1,-20000.0,demand,2026-09-23T11:47:00.539473+00:00
1f083969-a7b8-43ec-8b70-328b5b1a0b8a,fUSD,0.00017111,120,1,-2000000.0,demand,2026-09-23T11:47:00.539473+00:00
1f083969-a7b8-43ec-8b70-328b5b1a0b8a,fUSD,0.00017,5,5,-80942.17731537,demand,2026-09-23T11:47:00.539473+00:00
1f083969-a7b8-43ec-8b70-328b5b1a0b8a,fUSD,0.000161,120,1,-100000.0,demand,2026-09-23T11:47:00.539473+00:00
1f083969-a7b8-43ec-8b70-328b5b1a0b8a,fUSD,0.000161,60,1,-19334.0,demand,2026-09-23T11:47:00.539473+00:00
1f083969-a7b8-43ec-8b70-328b5b1a0b8a,fUSD,0.0001603,120,1,-20000.0,demand,2026-09-23T11:47:00.539473+00:00
1f083969-a7b8-43ec-8b70-328b5b1a0b8a,fUSD,0.00016,120,2,-10009162.66122322,demand,2026-09-23T11:47:00.539473+00:00
1f083969-a7b8-43ec-8b70-328b5b1a0b8a,fUSD,0.00016,7,1,-1200.0,demand,2026-09-23T11:47:00.539473+00:00
1f083969-a7b8-43ec-8b70-328b5b1a0b8a,fUSD,0.0001503,90,1,-20000.0,demand,2026-09-23T11:47:00.539473+00:00
1f083969-a7b8-43ec-8b70-328b5b1a0b8a,fUSD,0.00015,29,1,-149122.66199579,demand,2026-09-23T11:47:00.539473+00:00
1f083969-a7b8-43ec-8b70-328b5b1a0b8a,fUSD,0.00015,7,1,-5741.16585247,demand,2026-09-23T11:47:00.539473+00:00
1f083969-a7b8-43ec-8b70-328b5b1a0b8a,fUSD,0.00014252,120,1,-10770.76644364,demand,2026-09-23T11:47:00.539473+00:00
1f083969-a7b8-43ec-8b70-328b5b1a0b8a,fUSD,0.000142,4,1,-7000.0,demand,2026-09-23T11:47:00.539473+00:00
1f083969-a7b8-43ec-8b70-328b5b1a0b8a,fUSD,0.000141,2,1,-54843.14806695,demand,2026-09-23T11:47:00.539473+00:00
1f083969-a7b8-43ec-8b70-328b5b1a0b8a,fUSD,0.0001403,90,1,-20000.0,demand,2026-09-23T11:47:00.539473+00:00
1f083969-a7b8-43ec-8b70-328b5b1a0b8a,fUSD,0.0001400102,2,1,-600000.0,demand,2026-09-23T11:47:00.539473+00:00
1f083969-a7b8-43ec-8b70-328b5b1a0b8a,fUSD,0.00014001,2,1,-119774.0143323,demand,2026-09-23T11:47:00.539473+00:00
1f083969-a7b8-43ec-8b70-328b5b1a0b8a,fUSD,0.00013299999999999998,20,1,-4018.00283321,demand,2026-09-23T11:47:00.539473+00:00
1f083969-a7b8-43ec-8b70-328b5b1a0b8a,fUSD,0.000131,13,1,-7000.0,demand,2026-09-23T11:47:00.539473+00:00
1f083969-a7b8-43ec-8b70-328b5b1a0b8a,fUSD,0.00012757,120,1,-100000.0,demand,2026-09-23T11:47:00.539473+00:00
1f083969-a7b8-43ec-8b70-328b5b1a0b8a,fUSD,0.0001221,120,1,-12587.13,demand,2026-09-23T11:47:00.539473+00:00
1f083969-a7b8-43ec-8b70-328b5b1a0b8a,fUSD,0.000121,7,1,-6000.0,demand,2026-09-23T11:47:00.539473+00:00
1f083969-a7b8-43ec-8b70-328b5b1a0b8a,fUSD,0.00014624499999999998,2,1,211.09879646,offer,2026-09-23T11:47:00.539473+00:00
1f083969-a7b8-43ec-8b70-328b5b1a0b8a,fUSD,0.00014999,2,3,36195.93225555,offer,2026-09-23T11:47:00.539473+00:00
1f083969-a7b8-43ec-8b70-328b5b1a0b8a,fUSD,0.00015,2,2,786270.40058317,offer,2026-09-23T11:47:00.539473+00:00
1f083969-a7b8-43ec-8b70-328b5b1a0b8a,fUSD,0.0001543672,2,1,308.33,offer,2026-09-23T11:47:00.539473+00:00
1f083969-a7b8-43ec-8b70-328b5b1a0b8a,fUSD,0.0001571102,2,1,308.33,offer,2026-09-23T11:47:00.539473+00:00
1f083969-a7b8-43ec-8b70-328b5b1a0b8a,fUSD,0.000159,2,1,308.33,offer,2026-09-23T11:47:00.539473+00:00
1f083969-a7b8-43ec-8b70-328b5b1a0b8a,fUSD,0.00019624499999999998,2,1,280.76139929,offer,2026-09-23T11:47:00.539473+00:00
1f083969-a7b8-43ec-8b70-328b5b1a0b8a,fUSD,0.0002169,2,1,3292.46461991,offer,2026-09-23T11:47:00.539473+00:00
1f083969-a7b8-43ec-8b70-328b5b1a0b8a,fUSD,0.00024122399999999998,2,3,541.47428573,offer,2026-09-23T11:47:00.539473+00:00
1f083969-a7b8-43ec-8b70-328b5b1a0b8a,fUSD,0.00024397260273972604,2,1,513.0,offer,2026-09-23T11:47:00.539473+00:00
1f083969-a7b8-43ec-8b70-328b5b1a0b8a,fUSD,0.00024533,2,1,379.45349578,offer,2026-09-23T11:47:00.539473+00:00
1f083969-a7b8-43ec-8b70-328b5b1a0b8a,fUSD,0.00024533198126266195,2,1,1266.95625388,offer,2026-09-23T11:47:00.539473+00:00
1f083969-a7b8-43ec-8b70-328b5b1a0b8a,fUSD,0.00024624499999999997,2,1,350.42400212,offer,2026-09-23T11:47:00.539473+00:00
1f083969-a7b8-43ec-8b70-328b5b1a0b8a,fUSD,0.00024632876712328767,7,1,150.0,offer,2026-09-23T11:47:00.539473+00:00
1f083969-a7b8-43ec-8b70-328b5b1a0b8a,fUSD,0.0002558905,2,1,281.52,offer,2026-09-23T11:47:00.539473+00:00
1f083969-a7b8-43ec-8b70-328b5b1a0b8a,fUSD,0.00025713,2,1,379.45349578,offer,2026-09-23T11:47:00.539473+00:00
1f083969-a7b8-43ec-8b70-328b5b1a0b8a,fUSD,0.000259083534,5,1,168.0,offer,2026-09-23T11:47:00.539473+00:00
1f083969-a7b8-43ec-8b70-328b5b1a0b8a,fUSD,0.000260013698630137,7,1,150.0,offer,2026-09-23T11:47:00.539473+00:00
1f083969-a7b8-43ec-8b70-328b5b1a0b8a,fUSD,0.00026027,3,2,387.0,offer,2026-09-23T11:47:00.539473+00:00
1f083969-a7b8-43ec-8b70-328b5b1a0b8a,fUSD,0.00026027,30,2,329.61,offer,2026-09-23T11:47:00.539473+00:00
1f083969-a7b8-43ec-8b70-328b5b1a0b8a,fUSD,0.00026106,2,1,961.60655267,offer,2026-09-23T11:47:00.539473+00:00
1f083969-a7b8-43ec-8b70-328b5b1a0b8a,fUSD,0.00026192269443256906,5,1,150.0,offer,2026-09-23T11:47:00.539473+00:00
1f083969-a7b8-43ec-8b70-328b5b1a0b8a,fUSD,0.0002622877602739726,2,1,281.52,offer,2026-09-23T11:47:00.539473+00:00
1f083969-a7b8-43ec-8b70-328b5b1a0b8a,fUSD,0.000262868685,7,1,224.0,offer,2026-09-23T11:47:00.539473+00:00
1f083969-a7b8-43ec-8b70-328b5b1a0b8a,fUSD,0.0002636,2,1,500.0,offer,2026-09-23T11:47:00.539473+00:00
c5ef176a-ad4c-43f8-82c3-63ef7bc99fc0,fUSD,0.000273972602739726,120,1,-6526813.75828817,demand,2026-09-23T12:47:00.540746+00:00
c5ef176a-ad4c-43f8-82c3-63ef7bc99fc0,fUSD,0.0002,90,1,-1200.0,demand,2026-09-23T12:47:00.540746+00:00
c5ef176a-ad4c-43f8-82c3-63ef7bc99fc0,fUSD,0.000172,30,1,-14798.112,demand,2026-09-23T12:47:00.540746+00:00
c5ef176a-ad4c-43f8-82c3-63ef7bc99fc0,fUSD,0.0001712,120,1,-20000.0,demand,2026-09-23T12:47:00.540746+00:00
c5ef176a-ad4c-43f8-82c3-63ef7bc99fc0,fUSD,0.00017111,120,1,-2000000.0,demand,2026-09-23T12:47:00.540746+00:00
c5ef176a-ad4c-43f8-82c3-63ef7bc99fc0,fUSD,0.00017,5,4,-79816.0818144,demand,2026-09-23T12:47:00.540746+00:00
c5ef176a-ad4c-43f8-82c3-63ef7bc99fc0,fUSD,0.000161,120,1,-100000.0,demand,2026-09-23T12:47:00.540746+00:00
c5ef176a-ad4c-43f8-82c3-63ef7bc99fc0,fUSD,0.000161,60,1,-19334.0,demand,2026-09-23T12:47:00.540746+00:00
c5ef176a-ad4c-43f8-82c3-63ef7bc99fc0,fUSD,0.0001603,120,1,-20000.0,demand,2026-09-23T12:47:00.540746+00:00
c5ef176a-ad4c-43f8-82c3-63ef7bc99fc0,fUSD,0.00016,120,2,-10009162.66122322,demand,2026-09-23T12:47:00.540746+00:00
c5ef176a-ad4c-43f8-82c3-63ef7bc99fc0,fUSD,0.00016,7,1,-1200.0,demand,2026-09-23T12:47:00.540746+00:00
c5ef176a-ad4c-43f8-82c3-63ef7bc99fc0,fUSD,0.0001503,90,1,-20000.0,demand,2026-09-23T12:47:00.540746+00:00
c5ef176a-ad4c-43f8-82c3-63ef7bc99fc0,fUSD,0.00015,29,1,-149122.66199579,demand,2026-09-23T12:47:00.540746+00:00
c5ef176a-ad4c-43f8-82c3-63ef7bc99fc0,fUSD,0.00015,7,1,-5741.16585247,demand,2026-09-23T12:47:00.540746+00:00
c5ef176a-ad4c-43f8-82c3-63ef7bc99fc0,fUSD,0.00015,2,1,-4518126.25977804,demand,2026-09-23T12:47:00.540746+00:00
c5ef176a-ad4c-43f8-82c3-63ef7bc99fc0,fUSD,0.0001459525683477062,2,1,-4718.52507741,demand,2026-09-23T12:47:00.540746+00:00
c5ef176a-ad4c-43f8-82c3-63ef7bc99fc0,fUSD,0.0001459351571093107,2,1,-4718.52507741,demand,2026-09-23T12:47:00.540746+00:00
c5ef176a-ad4c-43f8-82c3-63ef7bc99fc0,fUSD,0.0001459307140544764,2,1,-4718.52507741,demand,2026-09-23T12:47:00.540746+00:00
c5ef176a-ad4c-43f8-82c3-63ef7bc99fc0,fUSD,0.00014592885617607866,2,1,-4718.52507741,demand,2026-09-23T12:47:00.540746+00:00
c5ef176a-ad4c-43f8-82c3-63ef7bc99fc0,fUSD,0.00014592877071203312,2,1,-4718.52507741,demand,2026-09-23T12:47:00.540746+00:00
c5ef176a-ad4c-43f8-82c3-63ef7bc99fc0,fUSD,0.00014592403994929574,2,1,-4718.52507741,demand,2026-09-23T12:47:00.540746+00:00
c5ef176a-ad4c-43f8-82c3-63ef7bc99fc0,fUSD,0.00014591826051829767,2,1,-4718.52507741,demand,2026-09-23T12:47:00.540746+00:00
c5ef176a-ad4c-43f8-82c3-63ef7bc99fc0,fUSD,0.00014591303678595862,2,1,-4718.52507741,demand,2026-09-23T12:47:00.540746+00:00
c5ef176a-ad4c-43f8-82c3-63ef7bc99fc0,fUSD,0.000145901918909216,2,1,-4718.52507741,demand,2026-09-23T12:47:00.540746+00:00
c5ef176a-ad4c-43f8-82c3-63ef7bc99fc0,fUSD,0.00014589049966988766,2,1,-4718.52507741,demand,2026-09-23T12:47:00.540746+00:00
c5ef176a-ad4c-43f8-82c3-63ef7bc99fc0,fUSD,0.0002472011,2,1,557.32560641,offer,2026-09-23T12:47:00.540746+00:00
c5ef176a-ad4c-43f8-82c3-63ef7bc99fc0,fUSD,0.00026506752383561645,2,1,2643.51,offer,2026-09-23T12:47:00.540746+00:00
c5ef176a-ad4c-43f8-82c3-63ef7bc99fc0,fUSD,0.00026512,2,4,4361.53627678,offer,2026-09-23T12:47:00.540746+00:00
c5ef176a-ad4c-43f8-82c3-63ef7bc99fc0,fUSD,0.00026513480736,2,1,150.0,offer,2026-09-23T12:47:00.540746+00:00
c5ef176a-ad4c-43f8-82c3-63ef7bc99fc0,fUSD,0.00026514961472,2,3,7645.14643482,offer,2026-09-23T12:47:00.540746+00:00
c5ef176a-ad4c-43f8-82c3-63ef7bc99fc0,fUSD,0.00026515972365139824,2,1,1343.1193075,offer,2026-09-23T12:47:00.540746+00:00
c5ef176a-ad4c-43f8-82c3-63ef7bc99fc0,fUSD,0.0002651694506036857,2,1,3575.0,offer,2026-09-23T12:47:00.540746+00:00
c5ef176a-ad4c-43f8-82c3-63ef7bc99fc0,fUSD,0.0002651708900842742,2,2,7203.0,offer,2026-09-23T12:47:00.540746+00:00
c5ef176a-ad4c-43f8-82c3-63ef7bc99fc0,fUSD,0.0002651914274361705,2,1,3611.0,offer,2026-09-23T12:47:00.540746+00:00
c5ef176a-ad4c-43f8-82c3-63ef7bc99fc0,fUSD,0.0002652,2,1,418.0,offer,2026-09-23T12:47:00.540746+00:00
c5ef176a-ad4c-43f8-82c3-63ef7bc99fc0,fUSD,0.00026525,2,1,1594.17,offer,2026-09-23T12:47:00.540746+00:00
c5ef176a-ad4c-43f8-82c3-63ef7bc99fc0,fUSD,0.0002653,2,1,1493.82,offer,2026-09-23T12:47:00.540746+00:00
c5ef176a-ad4c-43f8-82c3-63ef7bc99fc0,fUSD,0.0002653088191393108,2,2,14785.82353284,offer,2026-09-23T12:47:00.540746+00:00
c5ef176a-ad4c-43f8-82c3-63ef7bc99fc0,fUSD,0.000265342,2,11,21332.915,offer,2026-09-23T12:47:00.540746+00:00
c5ef176a-ad4c-43f8-82c3-63ef7bc99fc0,fUSD,0.0002653980344564834,2,1,531.48613043,offer,2026-09-23T12:47:00.540746+00:00
c5ef176a-ad4c-43f8-82c3-63ef7bc99fc0,fUSD,0.00026544,2,2,6988.76,offer,2026-09-23T12:47:00.540746+00:00
c5ef176a-ad4c-43f8-82c3-63ef7bc99fc0,fUSD,0.0002654520547945206,5,2,301.0,offer,2026-09-23T12:47:00.540746+00:00
c5ef176a-ad4c-43f8-82c3-63ef7bc99fc0,fUSD,0.00026547945205479453,30,1,410.80319807,offer,2026-09-23T12:47:00.540746+00:00
c5ef176a-ad4c-43f8-82c3-63ef7bc99fc0,fUSD,0.00026555057399999996,2,15,2719.43499479,offer,2026-09-23T12:47:00.540746+00:00
c5ef176a-ad4c-43f8-82c3-63ef7bc99fc0,fUSD,0.00026571,2,2,15317.68751727,offer,2026-09-23T12:47:00.540746+00:00
c5ef176a-ad4c-43f8-82c3-63ef7bc99fc0,fUSD,0.0002657260273972603,2,1,418.43253318,offer,2026-09-23T12:47:00.540746+00:00
c5ef176a-ad4c-43f8-82c3-63ef7bc99fc0,fUSD,0.00026575342465753426,10,1,1507.4976,offer,2026-09-23T12:47:00.540746+00:00
c5ef176a-ad4c-43f8-82c3-63ef7bc99fc0,fUSD,0.0002658992500478712,2,1,150.0,offer,2026-09-23T12:47:00.540746+00:00
c5ef176a-ad4c-43f8-82c3-63ef7bc99fc0,fUSD,0.0002659092500478712,2,1,531.48613043,offer,2026-09-23T12:47:00.540746+00:00
c5ef176a-ad4c-43f8-82c3-63ef7bc99fc0,fUSD,0.000266,2,5,2738.0,offer,2026-09-23T12:47:00.540746+00:00
eafaf471-bf58-4333-a8fa-9afabb4e1921,fUSD,0.000273972602739726,120,1,-5044680.91396075,demand,2026-09-23T13:47:00.761709+00:00
eafaf471-bf58-4333-a8fa-9afabb4e1921,fUSD,0.0002,90,1,-1200.0,demand,2026-09-23T13:47:00.761709+00:00
eafaf471-bf58-4333-a8fa-9afabb4e1921,fUSD,0.000172,30,1,-14798.112,demand,2026-09-23T13:47:00.761709+00:00
eafaf471-bf58-4333-a8fa-9afabb4e1921,fUSD,0.0001712,120,1,-20000.0,demand,2026-09-23T13:47:00.761709+00:00
eafaf471-bf58-4333-a8fa-9afabb4e1921,fUSD,0.00017111,120,1,-2000000.0,demand,2026-09-23T13:47:00.761709+00:00
eafaf471-bf58-4333-a8fa-9afabb4e1921,fUSD,0.00017,5,5,-100000.0,demand,2026-09-23T13:47:00.761709+00:00
eafaf471-bf58-4333-a8fa-9afabb4e1921,fUSD,0.000161,120,1,-100000.0,demand,2026-09-23T13:47:00.761709+00:00
eafaf471-bf58-4333-a8fa-9afabb4e1921,fUSD,0.000161,60,1,-19334.0,demand,2026-09-23T13:47:00.761709+00:00
eafaf471-bf58-4333-a8fa-9afabb4e1921,fUSD,0.0001603,120,1,-20000.0,demand,2026-09-23T13:47:00.761709+00:00
eafaf471-bf58-4333-a8fa-9afabb4e1921,fUSD,0.00016,120,2,-10009162.66122322,demand,2026-09-23T13:47:00.761709+00:00
eafaf471-bf58-4333-a8fa-9afabb4e1921,fUSD,0.00016,7,1,-1200.0,demand,2026-09-23T13:47:00.761709+00:00
eafaf471-bf58-4333-a8fa-9afabb4e1921,fUSD,0.0001503,90,1,-20000.0,demand,2026-09-23T13:47:00.761709+00:00
eafaf471-bf58-4333-a8fa-9afabb4e1921,fUSD,0.00015,29,1,-149122.66199579,demand,2026-09-23T13:47:00.761709+00:00
eafaf471-bf58-4333-a8fa-9afabb4e1921,fUSD,0.00015,7,1,-5741.16585247,demand,2026-09-23T13:47:00.761709+00:00
eafaf471-bf58-4333-a8fa-9afabb4e1921,fUSD,0.00015,2,1,-1830402.74261146,demand,2026-09-23T13:47:00.761709+00:00
eafaf471-bf58-4333-a8fa-9afabb4e1921,fUSD,0.0001459525683477062,2,1,-4718.52507741,demand,2026-09-23T13:47:00.761709+00:00
eafaf471-bf58-4333-a8fa-9afabb4e1921,fUSD,0.0001459351571093107,2,1,-4718.52507741,demand,2026-09-23T13:47:00.761709+00:00
eafaf471-bf58-4333-a8fa-9afabb4e1921,fUSD,0.0001459307140544764,2,1,-4718.52507741,demand,2026-09-23T13:47:00.761709+00:00
eafaf471-bf58-4333-a8fa-9afabb4e1921,fUSD,0.00014592885617607866,2,1,-4718.52507741,demand,2026-09-23T13:47:00.761709+00:00
eafaf471-bf58-4333-a8fa-9afabb4e1921,fUSD,0.00014592877071203312,2,1,-4718.52507741,demand,2026-09-23T13:47:00.761709+00:00
eafaf471-bf58-4333-a8fa-9afabb4e1921,fUSD,0.00014592403994929574,2,1,-4718.52507741,demand,2026-09-23T13:47:00.761709+00:00
eafaf471-bf58-4333-a8fa-9afabb4e1921,fUSD,0.00014591826051829767,2,1,-4718.52507741,demand,2026-09-23T13:47:00.761709+00:00
eafaf471-bf58-4333-a8fa-9afabb4e1921,fUSD,0.00014591303678595862,2,1,-4718.52507741,demand,2026-09-23T13:47:00.761709+00:00
eafaf471-bf58-4333-a8fa-9afabb4e1921,fUSD,0.000145901918909216,2,1,-4718.52507741,demand,2026-09-23T13:47:00.761709+00:00
eafaf471-bf58-4333-a8fa-9afabb4e1921,fUSD,0.00014589049966988766,2,1,-4718.52507741,demand,2026-09-23T13:47:00.761709+00:00
eafaf471-bf58-4333-a8fa-9afabb4e1921,fUSD,0.000259,2,1,460.41850527,offer,2026-09-23T13:47:00.761709+00:00
eafaf471-bf58-4333-a8fa-9afabb4e1921,fUSD,0.00026,4,1,19682.63118164,offer,2026-09-23T13:47:00.761709+00:00
eafaf471-bf58-4333-a8fa-9afabb4e1921,fUSD,0.00026,2,1,850.57,offer,2026-09-23T13:47:00.761709+00:00
eafaf471-bf58-4333-a8fa-9afabb4e1921,fUSD,0.00026202,2,1,1003.55365178,offer,2026-09-23T13:47:00.761709+00:00
eafaf471-bf58-4333-a8fa-9afabb4e1921,fUSD,0.00026255,2,1,13209.79573981,offer,2026-09-23T13:47:00.761709+00:00
eafaf471-bf58-4333-a8fa-9afabb4e1921,fUSD,0.00026377,2,1,2032.52358676,offer,2026-09-23T13:47:00.761709+00:00
eafaf471-bf58-4333-a8fa-9afabb4e1921,fUSD,0.00026382,2,1,358.47,offer,2026-09-23T13:47:00.761709+00:00
eafaf471-bf58-4333-a8fa-9afabb4e1921,fUSD,0.00026452,2,1,200.0,offer,2026-09-23T13:47:00.761709+00:00
eafaf471-bf58-4333-a8fa-9afabb4e1921,fUSD,0.00026452,7,1,500.0,offer,2026-09-23T13:47:00.761709+00:00
eafaf471-bf58-4333-a8fa-9afabb4e1921,fUSD,0.000264594,2,1,250.0,offer,2026-09-23T13:47:00.761709+00:00
eafaf471-bf58-4333-a8fa-9afabb4e1921,fUSD,0.0002646,2,1,594.67995038,offer,2026-09-23T13:47:00.761709+00:00
eafaf471-bf58-4333-a8fa-9afabb4e1921,fUSD,0.00026460754016,2,1,783.89238244,offer,2026-09-23T13:47:00.761709+00:00
eafaf471-bf58-4333-a8fa-9afabb4e1921,fUSD,0.00026468377008,2,1,150.0,offer,2026-09-23T13:47:00.761709+00:00
eafaf471-bf58-4333-a8fa-9afabb4e1921,fUSD,0.0002647,2,1,1155.0,offer,2026-09-23T13:47:00.761709+00:00
eafaf471-bf58-4333-a8fa-9afabb4e1921,fUSD,0.00026472602739726025,2,2,511.62876223,offer,2026-09-23T13:47:00.761709+00:00
eafaf471-bf58-4333-a8fa-9afabb4e1921,fUSD,0.00026476,2,1,47301.791157,offer,2026-09-23T13:47:00.761709+00:00
eafaf471-bf58-4333-a8fa-9afabb4e1921,fUSD,0.0002647664657534247,14,3,8380.001203,offer,2026-09-23T13:47:00.761709+00:00
eafaf471-bf58-4333-a8fa-9afabb4e1921,fUSD,0.0002647664657534247,2,23,349546.81537727,offer,2026-09-23T13:47:00.761709+00:00
eafaf471-bf58-4333-a8fa-9afabb4e1921,fUSD,0.000264884,2,1,200.0,offer,2026-09-23T13:47:00.761709+00:00
eafaf471-bf58-4333-a8fa-9afabb4e1921,fUSD,0.00026497092199999995,2,11,2140.44978658,offer,2026-09-23T13:47:00.761709+00:00
eafaf471-bf58-4333-a8fa-9afabb4e1921,fUSD,0.000265,2,2,926.04,offer,2026-09-23T13:47:00.761709+00:00
eafaf471-bf58-4333-a8fa-9afabb4e1921,fUSD,0.0002652739726027397,2,5,1880.92292597,offer,2026-09-23T13:47:00.761709+00:00
eafaf471-bf58-4333-a8fa-9afabb4e1921,fUSD,0.0002653,2,1,1200.08,offer,2026-09-23T13:47:00.761709+00:00
eafaf471-bf58-4333-a8fa-9afabb4e1921,fUSD,0.00026556,2,4,679.93481594,offer,2026-09-23T13:47:00.761709+00:00
eafaf471-bf58-4333-a8fa-9afabb4e1921,fUSD,0.000266,2,3,670.0,offer,2026-09-23T13:47:00.761709+00:00
98e2c87f-94df-4459-aae7-5f0bfd969a0f,fUSD,0.000273972602739726,120,1,-4734383.1487562,demand,2026-09-23T14:47:00.557781+00:00
98e2c87f-94df-4459-aae7-5f0bfd969a0f,fUSD,0.0002,90,1,-1200.0,demand,2026-09-23T14:47:00.557781+00:00
98e2c87f-94df-4459-aae7-5f0bfd969a0f,fUSD,0.000172,30,1,-14798.112,demand,2026-09-23T14:47:00.557781+00:00
98e2c87f-94df-4459-aae7-5f0bfd969a0f,fUSD,0.0001712,120,1,-20000.0,demand,2026-09-23T14:47:00.557781+00:00
98e2c87f-94df-4459-aae7-5f0bfd969a0f,fUSD,0.00017111,120,1,-2000000.0,demand,2026-09-23T14:47:00.557781+00:00
98e2c87f-94df-4459-aae7-5f0bfd969a0f,fUSD,0.00017,5,5,-98689.42,demand,2026-09-23T14:47:00.557781+00:00
98e2c87f-94df-4459-aae7-5f0bfd969a0f,fUSD,0.000161,120,1,-100000.0,demand,2026-09-23T14:47:00.557781+00:00
98e2c87f-94df-4459-aae7-5f0bfd969a0f,fUSD,0.000161,60,1,-19334.0,demand,2026-09-23T14:47:00.557781+00:00
98e2c87f-94df-4459-aae7-5f0bfd969a0f,fUSD,0.0001603,120,1,-20000.0,demand,2026-09-23T14:47:00.557781+00:00
98e2c87f-94df-4459-aae7-5f0bfd969a0f,fUSD,0.00016,120,2,-10009162.66122322,demand,2026-09-23T14:47:00.557781+00:00
98e2c87f-94df-4459-aae7-5f0bfd969a0f,fUSD,0.00016,7,1,-1200.0,demand,2026-09-23T14:47:00.557781+00:00
98e2c87f-94df-4459-aae7-5f0bfd969a0f,fUSD,0.0001503,90,1,-20000.0,demand,2026-09-23T14:47:00.557781+00:00
98e2c87f-94df-4459-aae7-5f0bfd969a0f,fUSD,0.00015,29,1,-149122.66199579,demand,2026-09-23T14:47:00.557781+00:00
98e2c87f-94df-4459-aae7-5f0bfd969a0f,fUSD,0.00015,7,1,-5741.16585247,demand,2026-09-23T14:47:00.557781+00:00
98e2c87f-94df-4459-aae7-5f0bfd969a0f,fUSD,0.00015,2,2,-5841122.60580278,demand,2026-09-23T14:47:00.557781+00:00
98e2c87f-94df-4459-aae7-5f0bfd969a0f,fUSD,0.0001459597605441633,2,1,-4718.52507741,demand,2026-09-23T14:47:00.557781+00:00
98e2c87f-94df-4459-aae7-5f0bfd969a0f,fUSD,0.00014595758203034314,2,1,-4718.52507741,demand,2026-09-23T14:47:00.557781+00:00
98e2c87f-94df-4459-aae7-5f0bfd969a0f,fUSD,0.00014595249273945362,2,1,-4718.52507741,demand,2026-09-23T14:47:00.557781+00:00
98e2c87f-94df-4459-aae7-5f0bfd969a0f,fUSD,0.0001459412897618874,2,1,-4718.52507741,demand,2026-09-23T14:47:00.557781+00:00
98e2c87f-94df-4459-aae7-5f0bfd969a0f,fUSD,0.00014594096476612615,2,1,-4718.52507741,demand,2026-09-23T14:47:00.557781+00:00
98e2c87f-94df-4459-aae7-5f0bfd969a0f,fUSD,0.00014591980299326893,2,1,-4718.52507741,demand,2026-09-23T14:47:00.557781+00:00
98e2c87f-94df-4459-aae7-5f0bfd969a0f,fUSD,0.00014589699241961934,2,1,-4718.52507741,demand,2026-09-23T14:47:00.557781+00:00
98e2c87f-94df-4459-aae7-5f0bfd969a0f,fUSD,0.00014588847783746436,2,1,-4718.52507741,demand,2026-09-23T14:47:00.557781+00:00
98e2c87f-94df-4459-aae7-5f0bfd969a0f,fUSD,0.00014587609281812723,2,1,-4718.52507741,demand,2026-09-23T14:47:00.557781+00:00
98e2c87f-94df-4459-aae7-5f0bfd969a0f,fUSD,0.0001458659125828273,2,1,-4718.52507741,demand,2026-09-23T14:47:00.557781+00:00
98e2c87f-94df-4459-aae7-5f0bfd969a0f,fUSD,0.0001631,2,1,158.97164439,offer,2026-09-23T14:47:00.557781+00:00
98e2c87f-94df-4459-aae7-5f0bfd969a0f,fUSD,0.000163105,2,1,150.0,offer,2026-09-23T14:47:00.557781+00:00
98e2c87f-94df-4459-aae7-5f0bfd969a0f,fUSD,0.00016311,2,1,194.29867648,offer,2026-09-23T14:47:00.557781+00:00
98e2c87f-94df-4459-aae7-5f0bfd969a0f,fUSD,0.00016999000000000002,2,2,629.37022975,offer,2026-09-23T14:47:00.557781+00:00
98e2c87f-94df-4459-aae7-5f0bfd969a0f,fUSD,0.00017,2,3,1886.45,offer,2026-09-23T14:47:00.557781+00:00
98e2c87f-94df-4459-aae7-5f0bfd969a0f,fUSD,0.00017010000000000001,2,1,250.23200967,offer,2026-09-23T14:47:00.557781+00:00
98e2c87f-94df-4459-aae7-5f0bfd969a0f,fUSD,0.00017011,2,1,2080.66807692,offer,2026-09-23T14:47:00.557781+00:00
98e2c87f-94df-4459-aae7-5f0bfd969a0f,fUSD,0.00017093889,2,2,928.61,offer,2026-09-23T14:47:00.557781+00:00
98e2c87f-94df-4459-aae7-5f0bfd969a0f,fUSD,0.00017093889,7,6,1705.49414264,offer,2026-09-23T14:47:00.557781+00:00
98e2c87f-94df-4459-aae7-5f0bfd969a0f,fUSD,0.00017109,2,1,550.0,offer,2026-09-23T14:47:00.557781+00:00
98e2c87f-94df-4459-aae7-5f0bfd969a0f,fUSD,0.0001710986301369863,2,1,1000.0,offer,2026-09-23T14:47:00.557781+00:00
98e2c87f-94df-4459-aae7-5f0bfd969a0f,fUSD,0.0001711,2,2,24072.61691729,offer,2026-09-23T14:47:00.557781+00:00
98e2c87f-94df-4459-aae7-5f0bfd969a0f,fUSD,0.00017111,2,18,247854.58927796,offer,2026-09-23T14:47:00.557781+00:00
98e2c87f-94df-4459-aae7-5f0bfd969a0f,fUSD,0.00017111,7,1,25361.01,offer,2026-09-23T14:47:00.557781+00:00
98e2c87f-94df-4459-aae7-5f0bfd969a0f,fUSD,0.0001724988081824863,2,1,537.03094018,offer,2026-09-23T14:47:00.557781+00:00
98e2c87f-94df-4459-aae7-5f0bfd969a0f,fUSD,0.00017435766780000002,7,2,745.46196398,offer,2026-09-23T14:47:00.557781+00:00
98e2c87f-94df-4459-aae7-5f0bfd969a0f,fUSD,0.00017453220000000002,4,1,1476.09834748,offer,2026-09-23T14:47:00.557781+00:00
98e2c87f-94df-4459-aae7-5f0bfd969a0f,fUSD,0.00017802284400000003,6,1,1476.09834748,offer,2026-09-23T14:47:00.557781+00:00
98e2c87f-94df-4459-aae7-5f0bfd969a0f,fUSD,0.00017808219178082192,2,1,211.9,offer,2026-09-23T14:47:00.557781+00:00
98e2c87f-94df-4459-aae7-5f0bfd969a0f,fUSD,0.00017941000000000002,2,1,430.16740249,offer,2026-09-23T14:47:00.557781+00:00
98e2c87f-94df-4459-aae7-5f0bfd969a0f,fUSD,0.0001794858345,7,2,886.8554483,offer,2026-09-23T14:47:00.557781+00:00
98e2c87f-94df-4459-aae7-5f0bfd969a0f,fUSD,0.00018,2,1,16113.81159225,offer,2026-09-23T14:47:00.557781+00:00
98e2c87f-94df-4459-aae7-5f0bfd969a0f,fUSD,0.000181366,2,3,1005.06,offer,2026-09-23T14:47:00.557781+00:00
98e2c87f-94df-4459-aae7-5f0bfd969a0f,fUSD,0.00018151780821917807,2,1,500.0,offer,2026-09-23T14:47:00.557781+00:00
98e2c87f-94df-4459-aae7-5f0bfd969a0f,fUSD,0.0001815311,2,1,2080.66807688,offer,2026-09-23T14:47:00.557781+00:00
63952b44-3f18-4ea2-a8d4-7638463adf99,fUSD,0.000273972602739726,120,1,-4711536.53385411,demand,2026-09-23T15:47:00.854436+00:00
63952b44-3f18-4ea2-a8d4-7638463adf99,fUSD,0.0002,90,1,-1200.0,demand,2026-09-23T15:47:00.854436+00:00
63952b44-3f18-4ea2-a8d4-7638463adf99,fUSD,0.000172,30,1,-14157.802,demand,2026-09-23T15:47:00.854436+00:00
63952b44-3f18-4ea2-a8d4-7638463adf99,fUSD,0.0001712,120,1,-20000.0,demand,2026-09-23T15:47:00.854436+00:00
63952b44-3f18-4ea2-a8d4-7638463adf99,fUSD,0.00017111,120,1,-2000000.0,demand,2026-09-23T15:47:00.854436+00:00
63952b44-3f18-4ea2-a8d4-7638463adf99,fUSD,0.00017,5,4,-66098.42855826,demand,2026-09-23T15:47:00.854436+00:00
63952b44-3f18-4ea2-a8d4-7638463adf99,fUSD,0.000161,120,1,-100000.0,demand,2026-09-23T15:47:00.854436+00:00
63952b44-3f18-4ea2-a8d4-7638463adf99,fUSD,0.000161,60,1,-19334.0,demand,2026-09-23T15:47:00.854436+00:00
63952b44-3f18-4ea2-a8d4-7638463adf99,fUSD,0.0001603,120,1,-20000.0,demand,2026-09-23T15:47:00.854436+00:00
63952b44-3f18-4ea2-a8d4-7638463adf99,fUSD,0.00016,120,2,-10009162.66122322,demand,2026-09-23T15:47:00.854436+00:00
63952b44-3f18-4ea2-a8d4-7638463adf99,fUSD,0.00016,7,1,-1200.0,demand,2026-09-23T15:47:00.854436+00:00
63952b44-3f18-4ea2-a8d4-7638463adf99,fUSD,0.0001503,90,1,-20000.0,demand,2026-09-23T15:47:00.854436+00:00
63952b44-3f18-4ea2-a8d4-7638463adf99,fUSD,0.00015,29,1,-149122.66199579,demand,2026-09-23T15:47:00.854436+00:00
63952b44-3f18-4ea2-a8d4-7638463adf99,fUSD,0.00015,7,1,-5741.16585247,demand,2026-09-23T15:47:00.854436+00:00
63952b44-3f18-4ea2-a8d4-7638463adf99,fUSD,0.00015,2,1,-4594092.4710999,demand,2026-09-23T15:47:00.854436+00:00
63952b44-3f18-4ea2-a8d4-7638463adf99,fUSD,0.0001459597605441633,2,1,-4718.52507741,demand,2026-09-23T15:47:00.854436+00:00
63952b44-3f18-4ea2-a8d4-7638463adf99,fUSD,0.00014595758203034314,2,1,-4718.52507741,demand,2026-09-23T15:47:00.854436+00:00
63952b44-3f18-4ea2-a8d4-7638463adf99,fUSD,0.00014595249273945362,2,1,-4718.52507741,demand,2026-09-23T15:47:00.854436+00:00
63952b44-3f18-4ea2-a8d4-7638463adf99,fUSD,0.0001459412897618874,2,1,-4718.52507741,demand,2026-09-23T15:47:00.854436+00:00
63952b44-3f18-4ea2-a8d4-7638463adf99,fUSD,0.00014594096476612615,2,1,-4718.52507741,demand,2026-09-23T15:47:00.854436+00:00
63952b44-3f18-4ea2-a8d4-7638463adf99,fUSD,0.00014591980299326893,2,1,-4718.52507741,demand,2026-09-23T15:47:00.854436+00:00
63952b44-3f18-4ea2-a8d4-7638463adf99,fUSD,0.00014589699241961934,2,1,-4718.52507741,demand,2026-09-23T15:47:00.854436+00:00
63952b44-3f18-4ea2-a8d4-7638463adf99,fUSD,0.00014588847783746436,2,1,-4718.52507741,demand,2026-09-23T15:47:00.854436+00:00
63952b44-3f18-4ea2-a8d4-7638463adf99,fUSD,0.00014587609281812723,2,1,-4718.52507741,demand,2026-09-23T15:47:00.854436+00:00
63952b44-3f18-4ea2-a8d4-7638463adf99,fUSD,0.0001458659125828273,2,1,-4718.52507741,demand,2026-09-23T15:47:00.854436+00:00
63952b44-3f18-4ea2-a8d4-7638463adf99,fUSD,0.000157,2,1,31.62375302,offer,2026-09-23T15:47:00.854436+00:00
63952b44-3f18-4ea2-a8d4-7638463adf99,fUSD,0.0001595308219178082,2,1,150.0,offer,2026-09-23T15:47:00.854436+00:00
63952b44-3f18-4ea2-a8d4-7638463adf99,fUSD,0.00016712328767123287,2,1,168.82,offer,2026-09-23T15:47:00.854436+00:00
63952b44-3f18-4ea2-a8d4-7638463adf99,fUSD,0.0001727,2,2,437.5,offer,2026-09-23T15:47:00.854436+00:00
63952b44-3f18-4ea2-a8d4-7638463adf99,fUSD,0.000198605,2,1,187.49,offer,2026-09-23T15:47:00.854436+00:00
63952b44-3f18-4ea2-a8d4-7638463adf99,fUSD,0.0001987894,2,1,303.41,offer,2026-09-23T15:47:00.854436+00:00
63952b44-3f18-4ea2-a8d4-7638463adf99,fUSD,0.0001995,15,1,809.38336825,offer,2026-09-23T15:47:00.854436+00:00
63952b44-3f18-4ea2-a8d4-7638463adf99,fUSD,0.00020657249044730985,2,1,232.64380014,offer,2026-09-23T15:47:00.854436+00:00
63952b44-3f18-4ea2-a8d4-7638463adf99,fUSD,0.0002073243,2,1,300.49,offer,2026-09-23T15:47:00.854436+00:00
63952b44-3f18-4ea2-a8d4-7638463adf99,fUSD,0.00020809,2,1,2571.0,offer,2026-09-23T15:47:00.854436+00:00
63952b44-3f18-4ea2-a8d4-7638463adf99,fUSD,0.00020923,2,1,195.02,offer,2026-09-23T15:47:00.854436+00:00
63952b44-3f18-4ea2-a8d4-7638463adf99,fUSD,0.00020923200000000003,2,23,11284.5104224,offer,2026-09-23T15:47:00.854436+00:00
63952b44-3f18-4ea2-a8d4-7638463adf99,fUSD,0.00020925200000000002,2,1,1000.0,offer,2026-09-23T15:47:00.854436+00:00
63952b44-3f18-4ea2-a8d4-7638463adf99,fUSD,0.0002095308219178082,2,1,199.5,offer,2026-09-23T15:47:00.854436+00:00
63952b44-3f18-4ea2-a8d4-7638463adf99,fUSD,0.00021823609322033896,2,12,13331.66761094,offer,2026-09-23T15:47:00.854436+00:00
63952b44-3f18-4ea2-a8d4-7638463adf99,fUSD,0.00021878609322033898,2,2,9033.6885148,offer,2026-09-23T15:47:00.854436+00:00
63952b44-3f18-4ea2-a8d4-7638463adf99,fUSD,0.00021933609322033896,2,2,9362.34798984,offer,2026-09-23T15:47:00.854436+00:00
63952b44-3f18-4ea2-a8d4-7638463adf99,fUSD,0.00021933698630136986,2,2,651.36578129,offer,2026-09-23T15:47:00.854436+00:00
63952b44-3f18-4ea2-a8d4-7638463adf99,fUSD,0.00021945,2,1,303.41,offer,2026-09-23T15:47:00.854436+00:00
63952b44-3f18-4ea2-a8d4-7638463adf99,fUSD,0.0002196038692163782,2,1,1008.66907594,offer,2026-09-23T15:47:00.854436+00:00
63952b44-3f18-4ea2-a8d4-7638463adf99,fUSD,0.0002198734967,2,26,8641.23811183,offer,2026-09-23T15:47:00.854436+00:00
63952b44-3f18-4ea2-a8d4-7638463adf99,fUSD,0.00021988609322033895,2,1,5335.08738171,offer,2026-09-23T15:47:00.854436+00:00
63952b44-3f18-4ea2-a8d4-7638463adf99,fUSD,0.0002200055,2,16,26836.9075234,offer,2026-09-23T15:47:00.854436+00:00
63952b44-3f18-4ea2-a8d4-7638463adf99,fUSD,0.0002201888,2,1,300.49,offer,2026-09-23T15:47:00.854436+00:00
63952b44-3f18-4ea2-a8d4-7638463adf99,fUSD,0.00022097609322033898,2,1,158.44404125,offer,2026-09-23T15:47:00.854436+00:00
0d70c858-0587-437a-8406-134eccbd6c44,fUSD,0.000273972602739726,120,1,-4674654.71226253,demand,2026-09-23T16:47:00.679833+00:00
0d70c858-0587-437a-8406-134eccbd6c44,fUSD,0.0002,90,1,-1200.0,demand,2026-09-23T16:47:00.679833+00:00
0d70c858-0587-437a-8406-134eccbd6c44,fUSD,0.000172,30,1,-14157.802,demand,2026-09-23T16:47:00.679833+00:00
0d70c858-0587-437a-8406-134eccbd6c44,fUSD,0.0001712,120,1,-20000.0,demand,2026-09-23T16:47:00.679833+00:00
0d70c858-0587-437a-8406-134eccbd6c44,fUSD,0.00017111,120,1,-2000000.0,demand,2026-09-23T16:47:00.679833+00:00
0d70c858-0587-437a-8406-134eccbd6c44,fUSD,0.00017,5,3,-58155.58232303,demand,2026-09-23T16:47:00.679833+00:00
0d70c858-0587-437a-8406-134eccbd6c44,fUSD,0.000161,120,1,-100000.0,demand,2026-09-23T16:47:00.679833+00:00
0d70c858-0587-437a-8406-134eccbd6c44,fUSD,0.000161,60,1,-19334.0,demand,2026-09-23T16:47:00.679833+00:00
0d70c858-0587-437a-8406-134eccbd6c44,fUSD,0.0001603,120,1,-20000.0,demand,2026-09-23T16:47:00.679833+00:00
0d70c858-0587-437a-8406-134eccbd6c44,fUSD,0.00016,120,2,-10009162.66122322,demand,2026-09-23T16:47:00.679833+00:00
0d70c858-0587-437a-8406-134eccbd6c44,fUSD,0.00016,7,1,-1200.0,demand,2026-09-23T16:47:00.679833+00:00
0d70c858-0587-437a-8406-134eccbd6c44,fUSD,0.0001503,90,1,-20000.0,demand,2026-09-23T16:47:00.679833+00:00
0d70c858-0587-437a-8406-134eccbd6c44,fUSD,0.00015,29,1,-149122.66199579,demand,2026-09-23T16:47:00.679833+00:00
0d70c858-0587-437a-8406-134eccbd6c44,fUSD,0.00015,7,1,-5741.16585247,demand,2026-09-23T16:47:00.679833+00:00
0d70c858-0587-437a-8406-134eccbd6c44,fUSD,0.00014595441578891874,2,1,-4398.90507741,demand,2026-09-23T16:47:00.679833+00:00
0d70c858-0587-437a-8406-134eccbd6c44,fUSD,0.00014594616948944094,2,1,-4718.52507741,demand,2026-09-23T16:47:00.679833+00:00
0d70c858-0587-437a-8406-134eccbd6c44,fUSD,0.00014592478256930408,2,1,-4718.52507741,demand,2026-09-23T16:47:00.679833+00:00
0d70c858-0587-437a-8406-134eccbd6c44,fUSD,0.00014591988706840527,2,1,-4718.52507741,demand,2026-09-23T16:47:00.679833+00:00
0d70c858-0587-437a-8406-134eccbd6c44,fUSD,0.00014591882142293651,2,1,-4718.52507741,demand,2026-09-23T16:47:00.679833+00:00
0d70c858-0587-437a-8406-134eccbd6c44,fUSD,0.00014591808624102705,2,1,-4718.52507741,demand,2026-09-23T16:47:00.679833+00:00
0d70c858-0587-437a-8406-134eccbd6c44,fUSD,0.00014591032196561502,2,1,-4718.52507741,demand,2026-09-23T16:47:00.679833+00:00
0d70c858-0587-437a-8406-134eccbd6c44,fUSD,0.00014589028146737323,2,1,-4718.52507741,demand,2026-09-23T16:47:00.679833+00:00
0d70c858-0587-437a-8406-134eccbd6c44,fUSD,0.0001458616740468584,2,1,-4718.52507741,demand,2026-09-23T16:47:00.679833+00:00
0d70c858-0587-437a-8406-134eccbd6c44,fUSD,0.0001458607946328881,2,1,-4718.52507741,demand,2026-09-23T16:47:00.679833+00:00
0d70c858-0587-437a-8406-134eccbd6c44,fUSD,0.00014252,120,1,-10770.76644364,demand,2026-09-23T16:47:00.679833+00:00
0d70c858-0587-437a-8406-134eccbd6c44,fUSD,0.0001484958904109589,2,1,631.601632,offer,2026-09-23T16:47:00.679833+00:00
0d70c858-0587-437a-8406-134eccbd6c44,fUSD,0.000149246576,2,1,375.0,offer,2026-09-23T16:47:00.679833+00:00
0d70c858-0587-437a-8406-134eccbd6c44,fUSD,0.00014999,2,12,150560.2183876,offer,2026-09-23T16:47:00.679833+00:00
0d70c858-0587-437a-8406-134eccbd6c44,fUSD,0.00015,2,6,787518.54232837,offer,2026-09-23T16:47:00.679833+00:00
0d70c858-0587-437a-8406-134eccbd6c44,fUSD,0.00015299999999999998,4,3,1774.8984096,offer,2026-09-23T16:47:00.679833+00:00
0d70c858-0587-437a-8406-134eccbd6c44,fUSD,0.0001533757,2,1,319.62,offer,2026-09-23T16:47:00.679833+00:00
0d70c858-0587-437a-8406-134eccbd6c44,fUSD,0.0001558918,2,1,319.62,offer,2026-09-23T16:47:00.679833+00:00
0d70c858-0587-437a-8406-134eccbd6c44,fUSD,0.0001576252,2,1,319.62,offer,2026-09-23T16:47:00.679833+00:00
0d70c858-0587-437a-8406-134eccbd6c44,fUSD,0.0001589894,2,1,319.62,offer,2026-09-23T16:47:00.679833+00:00
0d70c858-0587-437a-8406-134eccbd6c44,fUSD,0.00016412684210526316,3,1,274.0,offer,2026-09-23T16:47:00.679833+00:00
0d70c858-0587-437a-8406-134eccbd6c44,fUSD,0.00016412723684210525,2,1,250.0,offer,2026-09-23T16:47:00.679833+00:00
0d70c858-0587-437a-8406-134eccbd6c44,fUSD,0.00016412763157894737,2,2,900.0,offer,2026-09-23T16:47:00.679833+00:00
0d70c858-0587-437a-8406-134eccbd6c44,fUSD,0.00016412842105263157,2,1,150.0,offer,2026-09-23T16:47:00.679833+00:00
0d70c858-0587-437a-8406-134eccbd6c44,fUSD,0.00016413,2,1,166.3,offer,2026-09-23T16:47:00.679833+00:00
0d70c858-0587-437a-8406-134eccbd6c44,fUSD,0.0001641712328767123,2,2,300.0,offer,2026-09-23T16:47:00.679833+00:00
0d70c858-0587-437a-8406-134eccbd6c44,fUSD,0.0001641712336,2,1,600.0,offer,2026-09-23T16:47:00.679833+00:00
0d70c858-0587-437a-8406-134eccbd6c44,fUSD,0.00016468036795732054,2,1,250.0,offer,2026-09-23T16:47:00.679833+00:00
0d70c858-0587-437a-8406-134eccbd6c44,fUSD,0.00016688894504976074,2,2,900.0,offer,2026-09-23T16:47:00.679833+00:00
0d70c858-0587-437a-8406-134eccbd6c44,fUSD,0.00016876188967374084,2,1,17723.72927118,offer,2026-09-23T16:47:00.679833+00:00
0d70c858-0587-437a-8406-134eccbd6c44,fUSD,0.0001744009090909091,3,1,155.0,offer,2026-09-23T16:47:00.679833+00:00
0d70c858-0587-437a-8406-134eccbd6c44,fUSD,0.0001782536842105263,3,1,274.0,offer,2026-09-23T16:47:00.679833+00:00
0d70c858-0587-437a-8406-134eccbd6c44,fUSD,0.0001805395263157895,2,4,1650.0,offer,2026-09-23T16:47:00.679833+00:00
0d70c858-0587-437a-8406-134eccbd6c44,fUSD,0.00018691,2,1,4998.90716873,offer,2026-09-23T16:47:00.679833+00:00
0d70c858-0587-437a-8406-134eccbd6c44,fUSD,0.00019002,2,1,178.5,offer,2026-09-23T16:47:00.679833+00:00
0d70c858-0587-437a-8406-134eccbd6c44,fUSD,0.00019159874526686327,2,1,429.67168402,offer,2026-09-23T16:47:00.679833+00:00
bb7889a0-4e7a-4b53-af58-59e259d06b3e,fUSD,0.000273972602739726,120,1,-4664389.61940727,demand,2026-09-23T17:47:00.579630+00:00
bb7889a0-4e7a-4b53-af58-59e259d06b3e,fUSD,0.0002,90,1,-1200.0,demand,2026-09-23T17:47:00.579630+00:00
bb7889a0-4e7a-4b53-af58-59e259d06b3e,fUSD,0.000172,30,1,-14157.802,demand,2026-09-23T17:47:00.579630+00:00
bb7889a0-4e7a-4b53-af58-59e259d06b3e,fUSD,0.0001712,120,1,-20000.0,demand,2026-09-23T17:47:00.579630+00:00
bb7889a0-4e7a-4b53-af58-59e259d06b3e,fUSD,0.00017111,120,1,-2000000.0,demand,2026-09-23T17:47:00.579630+00:00
bb7889a0-4e7a-4b53-af58-59e259d06b3e,fUSD,0.000161,120,1,-100000.0,demand,2026-09-23T17:47:00.579630+00:00
bb7889a0-4e7a-4b53-af58-59e259d06b3e,fUSD,0.000161,60,1,-19334.0,demand,2026-09-23T17:47:00.579630+00:00
bb7889a0-4e7a-4b53-af58-59e259d06b3e,fUSD,0.0001603,120,1,-20000.0,demand,2026-09-23T17:47:00.579630+00:00
bb7889a0-4e7a-4b53-af58-59e259d06b3e,fUSD,0.00016001,5,1,-80000.0,demand,2026-09-23T17:47:00.579630+00:00
bb7889a0-4e7a-4b53-af58-59e259d06b3e,fUSD,0.00016,120,2,-10009162.66122322,demand,2026-09-23T17:47:00.579630+00:00
bb7889a0-4e7a-4b53-af58-59e259d06b3e,fUSD,0.00016,7,1,-643.65388041,demand,2026-09-23T17:47:00.579630+00:00
bb7889a0-4e7a-4b53-af58-59e259d06b3e,fUSD,0.0001503,90,1,-20000.0,demand,2026-09-23T17:47:00.579630+00:00
bb7889a0-4e7a-4b53-af58-59e259d06b3e,fUSD,0.00015,29,1,-149122.66199579,demand,2026-09-23T17:47:00.579630+00:00
bb7889a0-4e7a-4b53-af58-59e259d06b3e,fUSD,0.00015,7,1,-5741.16585247,demand,2026-09-23T17:47:00.579630+00:00
bb7889a0-4e7a-4b53-af58-59e259d06b3e,fUSD,0.00015,2,4,-19740744.31111794,demand,2026-09-23T17:47:00.579630+00:00
bb7889a0-4e7a-4b53-af58-59e259d06b3e,fUSD,0.00014595441578891874,2,1,-3016.81836441,demand,2026-09-23T17:47:00.579630+00:00
bb7889a0-4e7a-4b53-af58-59e259d06b3e,fUSD,0.00014594616948944094,2,1,-4718.52507741,demand,2026-09-23T17:47:00.579630+00:00
bb7889a0-4e7a-4b53-af58-59e259d06b3e,fUSD,0.00014592478256930408,2,1,-4718.52507741,demand,2026-09-23T17:47:00.579630+00:00
bb7889a0-4e7a-4b53-af58-59e259d06b3e,fUSD,0.00014591988706840527,2,1,-4718.52507741,demand,2026-09-23T17:47:00.579630+00:00
bb7889a0-4e7a-4b53-af58-59e259d06b3e,fUSD,0.00014591882142293651,2,1,-4718.52507741,demand,2026-09-23T17:47:00.579630+00:00
bb7889a0-4e7a-4b53-af58-59e259d06b3e,fUSD,0.00014591808624102705,2,1,-4718.52507741,demand,2026-09-23T17:47:00.579630+00:00
bb7889a0-4e7a-4b53-af58-59e259d06b3e,fUSD,0.00014591032196561502,2,1,-4718.52507741,demand,2026-09-23T17:47:00.579630+00:00
bb7889a0-4e7a-4b53-af58-59e259d06b3e,fUSD,0.00014589028146737323,2,1,-4718.52507741,demand,2026-09-23T17:47:00.579630+00:00
bb7889a0-4e7a-4b53-af58-59e259d06b3e,fUSD,0.0001458616740468584,2,1,-4718.52507741,demand,2026-09-23T17:47:00.579630+00:00
bb7889a0-4e7a-4b53-af58-59e259d06b3e,fUSD,0.0001458607946328881,2,1,-4718.52507741,demand,2026-09-23T17:47:00.579630+00:00
bb7889a0-4e7a-4b53-af58-59e259d06b3e,fUSD,0.00015001,2,2,395.0,offer,2026-09-23T17:47:00.579630+00:00
bb7889a0-4e7a-4b53-af58-59e259d06b3e,fUSD,0.00015999000000000002,2,7,2887.41063827,offer,2026-09-23T17:47:00.579630+00:00
bb7889a0-4e7a-4b53-af58-59e259d06b3e,fUSD,0.00016,2,6,199790.86035184,offer,2026-09-23T17:47:00.579630+00:00
bb7889a0-4e7a-4b53-af58-59e259d06b3e,fUSD,0.0001634,2,1,200.0,offer,2026-09-23T17:47:00.579630+00:00
bb7889a0-4e7a-4b53-af58-59e259d06b3e,fUSD,0.00016412684210526316,3,1,237.0,offer,2026-09-23T17:47:00.579630+00:00
bb7889a0-4e7a-4b53-af58-59e259d06b3e,fUSD,0.00016712328767123287,2,1,128.170008,offer,2026-09-23T17:47:00.579630+00:00
bb7889a0-4e7a-4b53-af58-59e259d06b3e,fUSD,0.00016712328767123287,7,1,190.05835751,offer,2026-09-23T17:47:00.579630+00:00
bb7889a0-4e7a-4b53-af58-59e259d06b3e,fUSD,0.0001744009090909091,3,1,158.0,offer,2026-09-23T17:47:00.579630+00:00
bb7889a0-4e7a-4b53-af58-59e259d06b3e,fUSD,0.0001782536842105263,3,1,237.0,offer,2026-09-23T17:47:00.579630+00:00
bb7889a0-4e7a-4b53-af58-59e259d06b3e,fUSD,0.00018,2,1,2294.91815724,offer,2026-09-23T17:47:00.579630+00:00
bb7889a0-4e7a-4b53-af58-59e259d06b3e,fUSD,0.00018049315068493151,7,1,206.9007641,offer,2026-09-23T17:47:00.579630+00:00
bb7889a0-4e7a-4b53-af58-59e259d06b3e,fUSD,0.0001805,2,1,303.41,offer,2026-09-23T17:47:00.579630+00:00
bb7889a0-4e7a-4b53-af58-59e259d06b3e,fUSD,0.00018601,2,1,412.0,offer,2026-09-23T17:47:00.579630+00:00
bb7889a0-4e7a-4b53-af58-59e259d06b3e,fUSD,0.00019,2,10,120236.48078238,offer,2026-09-23T17:47:00.579630+00:00
bb7889a0-4e7a-4b53-af58-59e259d06b3e,fUSD,0.0001904173,2,1,303.41,offer,2026-09-23T17:47:00.579630+00:00
bb7889a0-4e7a-4b53-af58-59e259d06b3e,fUSD,0.00019238052631578945,3,1,237.0,offer,2026-09-23T17:47:00.579630+00:00
bb7889a0-4e7a-4b53-af58-59e259d06b3e,fUSD,0.0001927096,2,1,303.41,offer,2026-09-23T17:47:00.579630+00:00
bb7889a0-4e7a-4b53-af58-59e259d06b3e,fUSD,0.0001942889,2,1,303.41,offer,2026-09-23T17:47:00.579630+00:00
bb7889a0-4e7a-4b53-af58-59e259d06b3e,fUSD,0.00019507,2,1,313.43,offer,2026-09-23T17:47:00.579630+00:00
bb7889a0-4e7a-4b53-af58-59e259d06b3e,fUSD,0.0001955318,2,1,303.41,offer,2026-09-23T17:47:00.579630+00:00
bb7889a0-4e7a-4b53-af58-59e259d06b3e,fUSD,0.0001965725,2,1,303.41,offer,2026-09-23T17:47:00.579630+00:00
bb7889a0-4e7a-4b53-af58-59e259d06b3e,fUSD,0.0001974761,2,1,303.41,offer,2026-09-23T17:47:00.579630+00:00
bb7889a0-4e7a-4b53-af58-59e259d06b3e,fUSD,0.0001982796,2,1,303.41,offer,2026-09-23T17:47:00.579630+00:00
bb7889a0-4e7a-4b53-af58-59e259d06b3e,fUSD,0.0001985,2,1,4856.80339292,offer,2026-09-23T17:47:00.579630+00:00
bb7889a0-4e7a-4b53-af58-59e259d06b3e,fUSD,0.00019880181818181816,3,1,158.0,offer,2026-09-23T17:47:00.579630+00:00
f6a4324b-96f9-4a27-b51d-91fe5d6cbc9b,fUSD,0.000273972602739726,120,1,-4657749.7131892,demand,2026-09-23T18:47:00.577666+00:00
f6a4324b-96f9-4a27-b51d-91fe5d6cbc9b,fUSD,0.0002,90,1,-1200.0,demand,2026-09-23T18:47:00.577666+00:00
f6a4324b-96f9-4a27-b51d-91fe5d6cbc9b,fUSD,0.000172,30,1,-14157.802,demand,2026-09-23T18:47:00.577666+00:00
f6a4324b-96f9-4a27-b51d-91fe5d6cbc9b,fUSD,0.0001712,120,1,-20000.0,demand,2026-09-23T18:47:00.577666+00:00
f6a4324b-96f9-4a27-b51d-91fe5d6cbc9b,fUSD,0.00017111,120,1,-2000000.0,demand,2026-09-23T18:47:00.577666+00:00
f6a4324b-96f9-4a27-b51d-91fe5d6cbc9b,fUSD,0.000161,120,1,-100000.0,demand,2026-09-23T18:47:00.577666+00:00
f6a4324b-96f9-4a27-b51d-91fe5d6cbc9b,fUSD,0.000161,60,1,-19334.0,demand,2026-09-23T18:47:00.577666+00:00
f6a4324b-96f9-4a27-b51d-91fe5d6cbc9b,fUSD,0.0001603,120,1,-20000.0,demand,2026-09-23T18:47:00.577666+00:00
f6a4324b-96f9-4a27-b51d-91fe5d6cbc9b,fUSD,0.00016001,5,1,-80000.0,demand,2026-09-23T18:47:00.577666+00:00
f6a4324b-96f9-4a27-b51d-91fe5d6cbc9b,fUSD,0.00016,120,2,-10009162.66122322,demand,2026-09-23T18:47:00.577666+00:00
f6a4324b-96f9-4a27-b51d-91fe5d6cbc9b,fUSD,0.00016,7,1,-643.65388041,demand,2026-09-23T18:47:00.577666+00:00
f6a4324b-96f9-4a27-b51d-91fe5d6cbc9b,fUSD,0.0001503,90,1,-20000.0,demand,2026-09-23T18:47:00.577666+00:00
f6a4324b-96f9-4a27-b51d-91fe5d6cbc9b,fUSD,0.00015,29,1,-149122.66199579,demand,2026-09-23T18:47:00.577666+00:00
f6a4324b-96f9-4a27-b51d-91fe5d6cbc9b,fUSD,0.00015,7,1,-5741.16585247,demand,2026-09-23T18:47:00.577666+00:00
f6a4324b-96f9-4a27-b51d-91fe5d6cbc9b,fUSD,0.00015,2,4,-19283120.76604375,demand,2026-09-23T18:47:00.577666+00:00
f6a4324b-96f9-4a27-b51d-91fe5d6cbc9b,fUSD,0.000146,2,1,-7300.0,demand,2026-09-23T18:47:00.577666+00:00
f6a4324b-96f9-4a27-b51d-91fe5d6cbc9b,fUSD,0.00014252,120,1,-10770.76644364,demand,2026-09-23T18:47:00.577666+00:00
f6a4324b-96f9-4a27-b51d-91fe5d6cbc9b,fUSD,0.000142,4,1,-7000.0,demand,2026-09-23T18:47:00.577666+00:00
f6a4324b-96f9-4a27-b51d-91fe5d6cbc9b,fUSD,0.000141,2,1,-54843.14806695,demand,2026-09-23T18:47:00.577666+00:00
f6a4324b-96f9-4a27-b51d-91fe5d6cbc9b,fUSD,0.0001403,90,1,-20000.0,demand,2026-09-23T18:47:00.577666+00:00
f6a4324b-96f9-4a27-b51d-91fe5d6cbc9b,fUSD,0.0001400102,2,1,-600000.0,demand,2026-09-23T18:47:00.577666+00:00
f6a4324b-96f9-4a27-b51d-91fe5d6cbc9b,fUSD,0.00014001,2,1,-119774.0143323,demand,2026-09-23T18:47:00.577666+00:00
f6a4324b-96f9-4a27-b51d-91fe5d6cbc9b,fUSD,0.00013845141869624585,2,1,-4718.52507741,demand,2026-09-23T18:47:00.577666+00:00
f6a4324b-96f9-4a27-b51d-91fe5d6cbc9b,fUSD,0.00013844644885451448,2,1,-4718.52507741,demand,2026-09-23T18:47:00.577666+00:00
f6a4324b-96f9-4a27-b51d-91fe5d6cbc9b,fUSD,0.00013843878235902392,2,1,-4718.52507741,demand,2026-09-23T18:47:00.577666+00:00
f6a4324b-96f9-4a27-b51d-91fe5d6cbc9b,fUSD,0.00018981,2,1,297.95,offer,2026-09-23T18:47:00.577666+00:00
f6a4324b-96f9-4a27-b51d-91fe5d6cbc9b,fUSD,0.00019,2,2,1167.24092214,offer,2026-09-23T18:47:00.577666+00:00
f6a4324b-96f9-4a27-b51d-91fe5d6cbc9b,fUSD,0.00019189,2,1,150.0,offer,2026-09-23T18:47:00.577666+00:00
f6a4324b-96f9-4a27-b51d-91fe5d6cbc9b,fUSD,0.00019379,2,1,150.0,offer,2026-09-23T18:47:00.577666+00:00
f6a4324b-96f9-4a27-b51d-91fe5d6cbc9b,fUSD,0.00019899,2,1,200.19439043,offer,2026-09-23T18:47:00.577666+00:00
f6a4324b-96f9-4a27-b51d-91fe5d6cbc9b,fUSD,0.00019998000000000002,2,9,3686.40237083,offer,2026-09-23T18:47:00.577666+00:00
f6a4324b-96f9-4a27-b51d-91fe5d6cbc9b,fUSD,0.0002,2,3,34728.35990985,offer,2026-09-23T18:47:00.577666+00:00
f6a4324b-96f9-4a27-b51d-91fe5d6cbc9b,fUSD,0.00020879100000000003,2,2,457.16779717,offer,2026-09-23T18:47:00.577666+00:00
f6a4324b-96f9-4a27-b51d-91fe5d6cbc9b,fUSD,0.000212,2,1,306.18,offer,2026-09-23T18:47:00.577666+00:00
f6a4324b-96f9-4a27-b51d-91fe5d6cbc9b,fUSD,0.0002127878,2,1,1750.39,offer,2026-09-23T18:47:00.577666+00:00
f6a4324b-96f9-4a27-b51d-91fe5d6cbc9b,fUSD,0.00021443624960060248,2,1,1625.21007691,offer,2026-09-23T18:47:00.577666+00:00
f6a4324b-96f9-4a27-b51d-91fe5d6cbc9b,fUSD,0.00021453525,2,1,150.0,offer,2026-09-23T18:47:00.577666+00:00
f6a4324b-96f9-4a27-b51d-91fe5d6cbc9b,fUSD,0.000214537625,2,1,150.0,offer,2026-09-23T18:47:00.577666+00:00
f6a4324b-96f9-4a27-b51d-91fe5d6cbc9b,fUSD,0.00021454,2,1,151.83,offer,2026-09-23T18:47:00.577666+00:00
f6a4324b-96f9-4a27-b51d-91fe5d6cbc9b,fUSD,0.00021575403,2,2,1273.08,offer,2026-09-23T18:47:00.577666+00:00
f6a4324b-96f9-4a27-b51d-91fe5d6cbc9b,fUSD,0.00021575403,7,1,848.72,offer,2026-09-23T18:47:00.577666+00:00
f6a4324b-96f9-4a27-b51d-91fe5d6cbc9b,fUSD,0.00021597,2,1,150.0,offer,2026-09-23T18:47:00.577666+00:00
f6a4324b-96f9-4a27-b51d-91fe5d6cbc9b,fUSD,0.000216,2,1,400.0,offer,2026-09-23T18:47:00.577666+00:00
f6a4324b-96f9-4a27-b51d-91fe5d6cbc9b,fUSD,0.0002169,2,1,2802.21127701,offer,2026-09-23T18:47:00.577666+00:00
f6a4324b-96f9-4a27-b51d-91fe5d6cbc9b,fUSD,0.00021718,2,1,869.0,offer,2026-09-23T18:47:00.577666+00:00
f6a4324b-96f9-4a27-b51d-91fe5d6cbc9b,fUSD,0.0002173654,2,1,166.31,offer,2026-09-23T18:47:00.577666+00:00
f6a4324b-96f9-4a27-b51d-91fe5d6cbc9b,fUSD,0.0002183887,2,1,201.11,offer,2026-09-23T18:47:00.577666+00:00
f6a4324b-96f9-4a27-b51d-91fe5d6cbc9b,fUSD,0.0002185,2,1,243.2,offer,2026-09-23T18:47:00.577666+00:00
f6a4324b-96f9-4a27-b51d-91fe5d6cbc9b,fUSD,0.00021911,2,1,6575.0,offer,2026-09-23T18:47:00.577666+00:00
f6a4324b-96f9-4a27-b51d-91fe5d6cbc9b,fUSD,0.00021917808219178083,2,1,386.88003932,offer,2026-09-23T18:47:00.577666+00:00
0e2f3f99-1a34-4773-8d48-52f2c7e8f22c,fUSD,0.000273972602739726,120,1,-4649473.0831892,demand,2026-09-23T19:47:00.784325+00:00
0e2f3f99-1a34-4773-8d48-52f2c7e8f22c,fUSD,0.0002,90,1,-1200.0,demand,2026-09-23T19:47:00.784325+00:00
0e2f3f99-1a34-4773-8d48-52f2c7e8f22c,fUSD,0.0002,7,1,-1570.31,demand,2026-09-23T19:47:00.784325+00:00
0e2f3f99-1a34-4773-8d48-52f2c7e8f22c,fUSD,0.00017999999999999998,7,1,-643.65388041,demand,2026-09-23T19:47:00.784325+00:00
0e2f3f99-1a34-4773-8d48-52f2c7e8f22c,fUSD,0.000172,30,1,-14157.802,demand,2026-09-23T19:47:00.784325+00:00
0e2f3f99-1a34-4773-8d48-52f2c7e8f22c,fUSD,0.0001712,120,1,-20000.0,demand,2026-09-23T19:47:00.784325+00:00
0e2f3f99-1a34-4773-8d48-52f2c7e8f22c,fUSD,0.00017111,120,1,-2000000.0,demand,2026-09-23T19:47:00.784325+00:00
0e2f3f99-1a34-4773-8d48-52f2c7e8f22c,fUSD,0.000161,120,1,-100000.0,demand,2026-09-23T19:47:00.784325+00:00
0e2f3f99-1a34-4773-8d48-52f2c7e8f22c,fUSD,0.000161,60,1,-19334.0,demand,2026-09-23T19:47:00.784325+00:00
0e2f3f99-1a34-4773-8d48-52f2c7e8f22c,fUSD,0.0001603,120,1,-20000.0,demand,2026-09-23T19:47:00.784325+00:00
0e2f3f99-1a34-4773-8d48-52f2c7e8f22c,fUSD,0.00016001,5,1,-80000.0,demand,2026-09-23T19:47:00.784325+00:00
0e2f3f99-1a34-4773-8d48-52f2c7e8f22c,fUSD,0.00016,120,2,-10009162.66122322,demand,2026-09-23T19:47:00.784325+00:00
0e2f3f99-1a34-4773-8d48-52f2c7e8f22c,fUSD,0.0001503,90,1,-20000.0,demand,2026-09-23T19:47:00.784325+00:00
0e2f3f99-1a34-4773-8d48-52f2c7e8f22c,fUSD,0.00015001,2,2,-4000000.0,demand,2026-09-23T19:47:00.784325+00:00
0e2f3f99-1a34-4773-8d48-52f2c7e8f22c,fUSD,0.00015,29,1,-149122.66199579,demand,2026-09-23T19:47:00.784325+00:00
0e2f3f99-1a34-4773-8d48-52f2c7e8f22c,fUSD,0.00015,7,1,-5741.16585247,demand,2026-09-23T19:47:00.784325+00:00
0e2f3f99-1a34-4773-8d48-52f2c7e8f22c,fUSD,0.00015,2,4,-19282653.59972857,demand,2026-09-23T19:47:00.784325+00:00
0e2f3f99-1a34-4773-8d48-52f2c7e8f22c,fUSD,0.000146,2,1,-7300.0,demand,2026-09-23T19:47:00.784325+00:00
0e2f3f99-1a34-4773-8d48-52f2c7e8f22c,fUSD,0.00014252,120,1,-10770.76644364,demand,2026-09-23T19:47:00.784325+00:00
0e2f3f99-1a34-4773-8d48-52f2c7e8f22c,fUSD,0.000142,4,1,-7000.0,demand,2026-09-23T19:47:00.784325+00:00
0e2f3f99-1a34-4773-8d48-52f2c7e8f22c,fUSD,0.000141,2,1,-54843.14806695,demand,2026-09-23T19:47:00.784325+00:00
0e2f3f99-1a34-4773-8d48-52f2c7e8f22c,fUSD,0.0001403,90,1,-20000.0,demand,2026-09-23T19:47:00.784325+00:00
0e2f3f99-1a34-4773-8d48-52f2c7e8f22c,fUSD,0.0001400102,2,1,-600000.0,demand,2026-09-23T19:47:00.784325+00:00
0e2f3f99-1a34-4773-8d48-52f2c7e8f22c,fUSD,0.00014001,2,1,-119774.0143323,demand,2026-09-23T19:47:00.784325+00:00
0e2f3f99-1a34-4773-8d48-52f2c7e8f22c,fUSD,0.00013845141869624585,2,1,-4718.52507741,demand,2026-09-23T19:47:00.784325+00:00
0e2f3f99-1a34-4773-8d48-52f2c7e8f22c,fUSD,0.00017999000000000002,2,1,301.53942753,offer,2026-09-23T19:47:00.784325+00:00
0e2f3f99-1a34-4773-8d48-52f2c7e8f22c,fUSD,0.00017999999999999998,2,1,400.0,offer,2026-09-23T19:47:00.784325+00:00
0e2f3f99-1a34-4773-8d48-52f2c7e8f22c,fUSD,0.00018,2,1,2294.91815724,offer,2026-09-23T19:47:00.784325+00:00
0e2f3f99-1a34-4773-8d48-52f2c7e8f22c,fUSD,0.0001805,2,1,310.88,offer,2026-09-23T19:47:00.784325+00:00
0e2f3f99-1a34-4773-8d48-52f2c7e8f22c,fUSD,0.00018999000000000002,2,2,370.17029889,offer,2026-09-23T19:47:00.784325+00:00
0e2f3f99-1a34-4773-8d48-52f2c7e8f22c,fUSD,0.00019,2,2,9985.33304104,offer,2026-09-23T19:47:00.784325+00:00
0e2f3f99-1a34-4773-8d48-52f2c7e8f22c,fUSD,0.0001974761,2,1,310.88,offer,2026-09-23T19:47:00.784325+00:00
0e2f3f99-1a34-4773-8d48-52f2c7e8f22c,fUSD,0.000199790057,2,1,158.62240845,offer,2026-09-23T19:47:00.784325+00:00
0e2f3f99-1a34-4773-8d48-52f2c7e8f22c,fUSD,0.0002014,2,1,310.88,offer,2026-09-23T19:47:00.784325+00:00
0e2f3f99-1a34-4773-8d48-52f2c7e8f22c,fUSD,0.000209580114,7,2,364.00731516,offer,2026-09-23T19:47:00.784325+00:00
0e2f3f99-1a34-4773-8d48-52f2c7e8f22c,fUSD,0.000211,2,1,267.23710788,offer,2026-09-23T19:47:00.784325+00:00
0e2f3f99-1a34-4773-8d48-52f2c7e8f22c,fUSD,0.00021107,2,1,2030.15765998,offer,2026-09-23T19:47:00.784325+00:00
0e2f3f99-1a34-4773-8d48-52f2c7e8f22c,fUSD,0.000215744235,7,1,207.00307335,offer,2026-09-23T19:47:00.784325+00:00
0e2f3f99-1a34-4773-8d48-52f2c7e8f22c,fUSD,0.00021591,2,1,160.63107959,offer,2026-09-23T19:47:00.784325+00:00
0e2f3f99-1a34-4773-8d48-52f2c7e8f22c,fUSD,0.00021600339812721803,2,1,839.25892932,offer,2026-09-23T19:47:00.784325+00:00
0e2f3f99-1a34-4773-8d48-52f2c7e8f22c,fUSD,0.000216622045,7,1,166.02,offer,2026-09-23T19:47:00.784325+00:00
0e2f3f99-1a34-4773-8d48-52f2c7e8f22c,fUSD,0.0002169015,2,1,161.55,offer,2026-09-23T19:47:00.784325+00:00
0e2f3f99-1a34-4773-8d48-52f2c7e8f22c,fUSD,0.000216907859,7,1,175.67,offer,2026-09-23T19:47:00.784325+00:00
0e2f3f99-1a34-4773-8d48-52f2c7e8f22c,fUSD,0.000217296276,7,1,188.32,offer,2026-09-23T19:47:00.784325+00:00
0e2f3f99-1a34-4773-8d48-52f2c7e8f22c,fUSD,0.000217441986,7,1,166.02,offer,2026-09-23T19:47:00.784325+00:00
0e2f3f99-1a34-4773-8d48-52f2c7e8f22c,fUSD,0.000217728276,7,1,175.67,offer,2026-09-23T19:47:00.784325+00:00
0e2f3f99-1a34-4773-8d48-52f2c7e8f22c,fUSD,0.000218261927,7,1,212.46,offer,2026-09-23T19:47:00.784325+00:00
0e2f3f99-1a34-4773-8d48-52f2c7e8f22c,fUSD,0.000218296276,7,1,266.14,offer,2026-09-23T19:47:00.784325+00:00
0e2f3f99-1a34-4773-8d48-52f2c7e8f22c,fUSD,0.000218548693,7,1,224.86,offer,2026-09-23T19:47:00.784325+00:00
0e2f3f99-1a34-4773-8d48-52f2c7e8f22c,fUSD,0.000219081868,7,1,166.03,offer,2026-09-23T19:47:00.784325+00:00
cf903ec1-4006-41e5-a606-c5654c564c12,fUSD,0.000273972602739726,120,1,-4645553.19318921,demand,2026-09-23T20:47:00.634935+00:00
cf903ec1-4006-41e5-a606-c5654c564c12,fUSD,0.0002,90,1,-1200.0,demand,2026-09-23T20:47:00.634935+00:00
cf903ec1-4006-41e5-a606-c5654c564c12,fUSD,0.00017999999999999998,7,1,-643.65388041,demand,2026-09-23T20:47:00.634935+00:00
cf903ec1-4006-41e5-a606-c5654c564c12,fUSD,0.000172,30,1,-14157.802,demand,2026-09-23T20:47:00.634935+00:00
cf903ec1-4006-41e5-a606-c5654c564c12,fUSD,0.0001712,120,1,-20000.0,demand,2026-09-23T20:47:00.634935+00:00
cf903ec1-4006-41e5-a606-c5654c564c12,fUSD,0.00017111,120,1,-2000000.0,demand,2026-09-23T20:47:00.634935+00:00
cf903ec1-4006-41e5-a606-c5654c564c12,fUSD,0.000161,120,1,-100000.0,demand,2026-09-23T20:47:00.634935+00:00
cf903ec1-4006-41e5-a606-c5654c564c12,fUSD,0.000161,60,1,-19334.0,demand,2026-09-23T20:47:00.634935+00:00
cf903ec1-4006-41e5-a606-c5654c564c12,fUSD,0.0001603,120,1,-20000.0,demand,2026-09-23T20:47:00.634935+00:00
cf903ec1-4006-41e5-a606-c5654c564c12,fUSD,0.00016,120,2,-10009162.66122322,demand,2026-09-23T20:47:00.634935+00:00
cf903ec1-4006-41e5-a606-c5654c564c12,fUSD,0.0001503,90,1,-20000.0,demand,2026-09-23T20:47:00.634935+00:00
cf903ec1-4006-41e5-a606-c5654c564c12,fUSD,0.00015001,2,2,-3734527.160104,demand,2026-09-23T20:47:00.634935+00:00
cf903ec1-4006-41e5-a606-c5654c564c12,fUSD,0.00015,29,1,-149122.66199579,demand,2026-09-23T20:47:00.634935+00:00
cf903ec1-4006-41e5-a606-c5654c564c12,fUSD,0.00015,7,1,-5741.16585247,demand,2026-09-23T20:47:00.634935+00:00
cf903ec1-4006-41e5-a606-c5654c564c12,fUSD,0.00015,2,4,-19282653.59972857,demand,2026-09-23T20:47:00.634935+00:00
cf903ec1-4006-41e5-a606-c5654c564c12,fUSD,0.000146,2,1,-7300.0,demand,2026-09-23T20:47:00.634935+00:00
cf903ec1-4006-41e5-a606-c5654c564c12,fUSD,0.00014252,120,1,-10770.76644364,demand,2026-09-23T20:47:00.634935+00:00
cf903ec1-4006-41e5-a606-c5654c564c12,fUSD,0.000142,4,1,-7000.0,demand,2026-09-23T20:47:00.634935+00:00
cf903ec1-4006-41e5-a606-c5654c564c12,fUSD,0.000141,2,1,-54843.14806695,demand,2026-09-23T20:47:00.634935+00:00
cf903ec1-4006-41e5-a606-c5654c564c12,fUSD,0.0001403,90,1,-20000.0,demand,2026-09-23T20:47:00.634935+00:00
cf903ec1-4006-41e5-a606-c5654c564c12,fUSD,0.0001400102,2,1,-600000.0,demand,2026-09-23T20:47:00.634935+00:00
cf903ec1-4006-41e5-a606-c5654c564c12,fUSD,0.00014001,2,1,-119774.0143323,demand,2026-09-23T20:47:00.634935+00:00
cf903ec1-4006-41e5-a606-c5654c564c12,fUSD,0.00013845234907144748,2,1,-4718.52507741,demand,2026-09-23T20:47:00.634935+00:00
cf903ec1-4006-41e5-a606-c5654c564c12,fUSD,0.000138448863331017,2,1,-4718.52507741,demand,2026-09-23T20:47:00.634935+00:00
cf903ec1-4006-41e5-a606-c5654c564c12,fUSD,0.00013843608351411105,2,1,-4718.52507741,demand,2026-09-23T20:47:00.634935+00:00
cf903ec1-4006-41e5-a606-c5654c564c12,fUSD,0.00019949,2,5,1358.04447766,offer,2026-09-23T20:47:00.634935+00:00
cf903ec1-4006-41e5-a606-c5654c564c12,fUSD,0.000199495,2,1,250.0,offer,2026-09-23T20:47:00.634935+00:00
cf903ec1-4006-41e5-a606-c5654c564c12,fUSD,0.0001995,15,1,60786.89791987,offer,2026-09-23T20:47:00.634935+00:00
cf903ec1-4006-41e5-a606-c5654c564c12,fUSD,0.00020036499999999998,2,1,204.90851228,offer,2026-09-23T20:47:00.634935+00:00
cf903ec1-4006-41e5-a606-c5654c564c12,fUSD,0.00020207,2,11,5206.48254966,offer,2026-09-23T20:47:00.634935+00:00
cf903ec1-4006-41e5-a606-c5654c564c12,fUSD,0.00020207,7,2,322.53940728,offer,2026-09-23T20:47:00.634935+00:00
cf903ec1-4006-41e5-a606-c5654c564c12,fUSD,0.00020239,2,1,150.0,offer,2026-09-23T20:47:00.634935+00:00
cf903ec1-4006-41e5-a606-c5654c564c12,fUSD,0.0002053408,2,1,313.96,offer,2026-09-23T20:47:00.634935+00:00
cf903ec1-4006-41e5-a606-c5654c564c12,fUSD,0.0002059390140297676,2,1,739.39133331,offer,2026-09-23T20:47:00.634935+00:00
cf903ec1-4006-41e5-a606-c5654c564c12,fUSD,0.00020896,2,1,4719.35654004,offer,2026-09-23T20:47:00.634935+00:00
cf903ec1-4006-41e5-a606-c5654c564c12,fUSD,0.000209,30,1,3420.86839256,offer,2026-09-23T20:47:00.634935+00:00
cf903ec1-4006-41e5-a606-c5654c564c12,fUSD,0.0002121735,7,1,269.68582377,offer,2026-09-23T20:47:00.634935+00:00
cf903ec1-4006-41e5-a606-c5654c564c12,fUSD,0.0002121735,2,1,15000.0,offer,2026-09-23T20:47:00.634935+00:00
cf903ec1-4006-41e5-a606-c5654c564c12,fUSD,0.0002141942,2,1,305.64,offer,2026-09-23T20:47:00.634935+00:00
cf903ec1-4006-41e5-a606-c5654c564c12,fUSD,0.000216,2,1,400.0,offer,2026-09-23T20:47:00.634935+00:00
cf903ec1-4006-41e5-a606-c5654c564c12,fUSD,0.00021601,2,1,150.0,offer,2026-09-23T20:47:00.634935+00:00
cf903ec1-4006-41e5-a606-c5654c564c12,fUSD,0.00021614,2,7,3577.87416535,offer,2026-09-23T20:47:00.634935+00:00
cf903ec1-4006-41e5-a606-c5654c564c12,fUSD,0.00021614794520547945,7,1,500.0,offer,2026-09-23T20:47:00.634935+00:00
cf903ec1-4006-41e5-a606-c5654c564c12,fUSD,0.0002161482,3,1,215.0219951,offer,2026-09-23T20:47:00.634935+00:00
cf903ec1-4006-41e5-a606-c5654c564c12,fUSD,0.00021614821917808225,7,15,48708.96978626,offer,2026-09-23T20:47:00.634935+00:00
cf903ec1-4006-41e5-a606-c5654c564c12,fUSD,0.00021657,2,1,6899.0,offer,2026-09-23T20:47:00.634935+00:00
cf903ec1-4006-41e5-a606-c5654c564c12,fUSD,0.0002169,2,1,50424.75390839,offer,2026-09-23T20:47:00.634935+00:00
cf903ec1-4006-41e5-a606-c5654c564c12,fUSD,0.00021785,2,2,10203.97631823,offer,2026-09-23T20:47:00.634935+00:00
cf903ec1-4006-41e5-a606-c5654c564c12,fUSD,0.00021917,2,4,2000.0,offer,2026-09-23T20:47:00.634935+00:00
cf903ec1-4006-41e5-a606-c5654c564c12,fUSD,0.0002191781,2,9,1361.52,offer,2026-09-23T20:47:00.634935+00:00
cc132808-0c65-4373-8c5a-ec746a300d8e,fUSD,0.000273972602739726,120,1,-4642351.59701657,demand,2026-09-23T21:47:00.606967+00:00
cc132808-0c65-4373-8c5a-ec746a300d8e,fUSD,0.0002,90,1,-1200.0,demand,2026-09-23T21:47:00.606967+00:00
cc132808-0c65-4373-8c5a-ec746a300d8e,fUSD,0.00017999999999999998,7,1,-643.65388041,demand,2026-09-23T21:47:00.606967+00:00
cc132808-0c65-4373-8c5a-ec746a300d8e,fUSD,0.000172,30,1,-14157.802,demand,2026-09-23T21:47:00.606967+00:00
cc132808-0c65-4373-8c5a-ec746a300d8e,fUSD,0.0001712,120,1,-20000.0,demand,2026-09-23T21:47:00.606967+00:00
cc132808-0c65-4373-8c5a-ec746a300d8e,fUSD,0.00017111,120,1,-2000000.0,demand,2026-09-23T21:47:00.606967+00:00
cc132808-0c65-4373-8c5a-ec746a300d8e,fUSD,0.00017,5,3,-60000.0,demand,2026-09-23T21:47:00.606967+00:00
cc132808-0c65-4373-8c5a-ec746a300d8e,fUSD,0.000161,120,1,-100000.0,demand,2026-09-23T21:47:00.606967+00:00
cc132808-0c65-4373-8c5a-ec746a300d8e,fUSD,0.000161,60,1,-19334.0,demand,2026-09-23T21:47:00.606967+00:00
cc132808-0c65-4373-8c5a-ec746a300d8e,fUSD,0.0001603,120,1,-20000.0,demand,2026-09-23T21:47:00.606967+00:00
cc132808-0c65-4373-8c5a-ec746a300d8e,fUSD,0.0001601,2,1,-32000.0,demand,2026-09-23T21:47:00.606967+00:00
cc132808-0c65-4373-8c5a-ec746a300d8e,fUSD,0.00016,120,2,-10009162.66122322,demand,2026-09-23T21:47:00.606967+00:00
cc132808-0c65-4373-8c5a-ec746a300d8e,fUSD,0.0001503,90,1,-20000.0,demand,2026-09-23T21:47:00.606967+00:00
cc132808-0c65-4373-8c5a-ec746a300d8e,fUSD,0.00015001,2,2,-3734527.160104,demand,2026-09-23T21:47:00.606967+00:00
cc132808-0c65-4373-8c5a-ec746a300d8e,fUSD,0.00015,29,1,-149122.66199579,demand,2026-09-23T21:47:00.606967+00:00
cc132808-0c65-4373-8c5a-ec746a300d8e,fUSD,0.00015,7,1,-5741.16585247,demand,2026-09-23T21:47:00.606967+00:00
cc132808-0c65-4373-8c5a-ec746a300d8e,fUSD,0.00015,2,4,-19282653.59972857,demand,2026-09-23T21:47:00.606967+00:00
cc132808-0c65-4373-8c5a-ec746a300d8e,fUSD,0.00014252,120,1,-10770.76644364,demand,2026-09-23T21:47:00.606967+00:00
cc132808-0c65-4373-8c5a-ec746a300d8e,fUSD,0.000142,4,1,-7000.0,demand,2026-09-23T21:47:00.606967+00:00
cc132808-0c65-4373-8c5a-ec746a300d8e,fUSD,0.0001403,90,1,-20000.0,demand,2026-09-23T21:47:00.606967+00:00
cc132808-0c65-4373-8c5a-ec746a300d8e,fUSD,0.0001400102,2,1,-600000.0,demand,2026-09-23T21:47:00.606967+00:00
cc132808-0c65-4373-8c5a-ec746a300d8e,fUSD,0.00014001,2,1,-119774.0143323,demand,2026-09-23T21:47:00.606967+00:00
cc132808-0c65-4373-8c5a-ec746a300d8e,fUSD,0.00013845234907144748,2,1,-4718.52507741,demand,2026-09-23T21:47:00.606967+00:00
cc132808-0c65-4373-8c5a-ec746a300d8e,fUSD,0.000138448863331017,2,1,-4718.52507741,demand,2026-09-23T21:47:00.606967+00:00
cc132808-0c65-4373-8c5a-ec746a300d8e,fUSD,0.00013843608351411105,2,1,-4718.52507741,demand,2026-09-23T21:47:00.606967+00:00
cc132808-0c65-4373-8c5a-ec746a300d8e,fUSD,0.00018,2,1,752.11280942,offer,2026-09-23T21:47:00.606967+00:00
cc132808-0c65-4373-8c5a-ec746a300d8e,fUSD,0.00019780200000000001,2,1,208.11475782,offer,2026-09-23T21:47:00.606967+00:00
cc132808-0c65-4373-8c5a-ec746a300d8e,fUSD,0.0002,2,1,294.77105,offer,2026-09-23T21:47:00.606967+00:00
cc132808-0c65-4373-8c5a-ec746a300d8e,fUSD,0.000203796,7,2,379.01312429,offer,2026-09-23T21:47:00.606967+00:00
cc132808-0c65-4373-8c5a-ec746a300d8e,fUSD,0.000215784,7,1,331.68409909,offer,2026-09-23T21:47:00.606967+00:00
cc132808-0c65-4373-8c5a-ec746a300d8e,fUSD,0.000216,5,1,5528.0,offer,2026-09-23T21:47:00.606967+00:00
cc132808-0c65-4373-8c5a-ec746a300d8e,fUSD,0.000216244696,7,1,163.84,offer,2026-09-23T21:47:00.606967+00:00
cc132808-0c65-4373-8c5a-ec746a300d8e,fUSD,0.00021649049,7,1,187.25,offer,2026-09-23T21:47:00.606967+00:00
cc132808-0c65-4373-8c5a-ec746a300d8e,fUSD,0.000216736283,7,1,163.84,offer,2026-09-23T21:47:00.606967+00:00
cc132808-0c65-4373-8c5a-ec746a300d8e,fUSD,0.000216982077,7,1,163.84,offer,2026-09-23T21:47:00.606967+00:00
cc132808-0c65-4373-8c5a-ec746a300d8e,fUSD,0.00021722787,7,1,163.84,offer,2026-09-23T21:47:00.606967+00:00
cc132808-0c65-4373-8c5a-ec746a300d8e,fUSD,0.000217473664,7,1,187.25,offer,2026-09-23T21:47:00.606967+00:00
cc132808-0c65-4373-8c5a-ec746a300d8e,fUSD,0.000217719457,7,1,163.84,offer,2026-09-23T21:47:00.606967+00:00
cc132808-0c65-4373-8c5a-ec746a300d8e,fUSD,0.0002177785815999922,2,1,337.12721302,offer,2026-09-23T21:47:00.606967+00:00
cc132808-0c65-4373-8c5a-ec746a300d8e,fUSD,0.000217965251,7,1,163.84,offer,2026-09-23T21:47:00.606967+00:00
cc132808-0c65-4373-8c5a-ec746a300d8e,fUSD,0.000218211045,7,1,163.84,offer,2026-09-23T21:47:00.606967+00:00
cc132808-0c65-4373-8c5a-ec746a300d8e,fUSD,0.000218456838,7,1,186.27,offer,2026-09-23T21:47:00.606967+00:00
cc132808-0c65-4373-8c5a-ec746a300d8e,fUSD,0.000218702632,7,7,2779.46,offer,2026-09-23T21:47:00.606967+00:00
cc132808-0c65-4373-8c5a-ec746a300d8e,fUSD,0.000220088,10,1,202.0,offer,2026-09-23T21:47:00.606967+00:00
cc132808-0c65-4373-8c5a-ec746a300d8e,fUSD,0.00022052,2,1,1782.76336785,offer,2026-09-23T21:47:00.606967+00:00
cc132808-0c65-4373-8c5a-ec746a300d8e,fUSD,0.0002209785,2,1,219.13,offer,2026-09-23T21:47:00.606967+00:00
cc132808-0c65-4373-8c5a-ec746a300d8e,fUSD,0.0002214806,2,1,726.21,offer,2026-09-23T21:47:00.606967+00:00
cc132808-0c65-4373-8c5a-ec746a300d8e,fUSD,0.0002217089,2,1,690.73,offer,2026-09-23T21:47:00.606967+00:00
cc132808-0c65-4373-8c5a-ec746a300d8e,fUSD,0.00022417560000000003,2,1,300.0,offer,2026-09-23T21:47:00.606967+00:00
cc132808-0c65-4373-8c5a-ec746a300d8e,fUSD,0.000225,2,1,8669.18850527,offer,2026-09-23T21:47:00.606967+00:00
30d36b68-0b29-4f54-ac19-37db74c3b67a,fUSD,0.000273972602739726,120,1,-4637153.49895386,demand,2026-09-23T22:47:00.624634+00:00
30d36b68-0b29-4f54-ac19-37db74c3b67a,fUSD,0.0002,90,1,-1200.0,demand,2026-09-23T22:47:00.624634+00:00
30d36b68-0b29-4f54-ac19-37db74c3b67a,fUSD,0.000172,30,1,-14157.802,demand,2026-09-23T22:47:00.624634+00:00
30d36b68-0b29-4f54-ac19-37db74c3b67a,fUSD,0.0001712,120,1,-20000.0,demand,2026-09-23T22:47:00.624634+00:00
30d36b68-0b29-4f54-ac19-37db74c3b67a,fUSD,0.00017111,120,1,-2000000.0,demand,2026-09-23T22:47:00.624634+00:00
30d36b68-0b29-4f54-ac19-37db74c3b67a,fUSD,0.00017,5,3,-60000.0,demand,2026-09-23T22:47:00.624634+00:00
30d36b68-0b29-4f54-ac19-37db74c3b67a,fUSD,0.000161,120,1,-100000.0,demand,2026-09-23T22:47:00.624634+00:00
30d36b68-0b29-4f54-ac19-37db74c3b67a,fUSD,0.000161,60,1,-19334.0,demand,2026-09-23T22:47:00.624634+00:00
30d36b68-0b29-4f54-ac19-37db74c3b67a,fUSD,0.0001603,120,1,-20000.0,demand,2026-09-23T22:47:00.624634+00:00
30d36b68-0b29-4f54-ac19-37db74c3b67a,fUSD,0.00016,120,2,-10009162.66122322,demand,2026-09-23T22:47:00.624634+00:00
30d36b68-0b29-4f54-ac19-37db74c3b67a,fUSD,0.0001503,90,1,-20000.0,demand,2026-09-23T22:47:00.624634+00:00
30d36b68-0b29-4f54-ac19-37db74c3b67a,fUSD,0.00015001,2,2,-3030024.29827803,demand,2026-09-23T22:47:00.624634+00:00
30d36b68-0b29-4f54-ac19-37db74c3b67a,fUSD,0.00015,29,1,-149122.66199579,demand,2026-09-23T22:47:00.624634+00:00
30d36b68-0b29-4f54-ac19-37db74c3b67a,fUSD,0.00015,7,1,-5741.16585247,demand,2026-09-23T22:47:00.624634+00:00
30d36b68-0b29-4f54-ac19-37db74c3b67a,fUSD,0.00015,2,4,-19282653.59972857,demand,2026-09-23T22:47:00.624634+00:00
30d36b68-0b29-4f54-ac19-37db74c3b67a,fUSD,0.00014252,120,1,-10770.76644364,demand,2026-09-23T22:47:00.624634+00:00
30d36b68-0b29-4f54-ac19-37db74c3b67a,fUSD,0.000142,4,1,-7000.0,demand,2026-09-23T22:47:00.624634+00:00
30d36b68-0b29-4f54-ac19-37db74c3b67a,fUSD,0.0001403,90,1,-20000.0,demand,2026-09-23T22:47:00.624634+00:00
30d36b68-0b29-4f54-ac19-37db74c3b67a,fUSD,0.0001400102,2,1,-600000.0,demand,2026-09-23T22:47:00.624634+00:00
30d36b68-0b29-4f54-ac19-37db74c3b67a,fUSD,0.00014001,2,1,-119774.0143323,demand,2026-09-23T22:47:00.624634+00:00
30d36b68-0b29-4f54-ac19-37db74c3b67a,fUSD,0.00013844412798300456,2,1,-4718.52507741,demand,2026-09-23T22:47:00.624634+00:00
30d36b68-0b29-4f54-ac19-37db74c3b67a,fUSD,0.00013843938797126996,2,1,-4718.52507741,demand,2026-09-23T22:47:00.624634+00:00
30d36b68-0b29-4f54-ac19-37db74c3b67a,fUSD,0.00013842400460303936,2,1,-4718.52507741,demand,2026-09-23T22:47:00.624634+00:00
30d36b68-0b29-4f54-ac19-37db74c3b67a,fUSD,0.00013841631741461685,2,1,-4718.52507741,demand,2026-09-23T22:47:00.624634+00:00
30d36b68-0b29-4f54-ac19-37db74c3b67a,fUSD,0.0001383885241679167,2,1,-4718.52507741,demand,2026-09-23T22:47:00.624634+00:00
30d36b68-0b29-4f54-ac19-37db74c3b67a,fUSD,0.00018,2,1,752.11280942,offer,2026-09-23T22:47:00.624634+00:00
30d36b68-0b29-4f54-ac19-37db74c3b67a,fUSD,0.000186813,2,1,144.57405169,offer,2026-09-23T22:47:00.624634+00:00
30d36b68-0b29-4f54-ac19-37db74c3b67a,fUSD,0.00018891,2,1,150.33798107,offer,2026-09-23T22:47:00.624634+00:00
30d36b68-0b29-4f54-ac19-37db74c3b67a,fUSD,0.000189525,2,1,320.97,offer,2026-09-23T22:47:00.624634+00:00
30d36b68-0b29-4f54-ac19-37db74c3b67a,fUSD,0.0001899123120300752,2,4,1350.02792029,offer,2026-09-23T22:47:00.624634+00:00
30d36b68-0b29-4f54-ac19-37db74c3b67a,fUSD,0.00019,2,1,682.26000001,offer,2026-09-23T22:47:00.624634+00:00
30d36b68-0b29-4f54-ac19-37db74c3b67a,fUSD,0.0001902096,14,1,284.27888936,offer,2026-09-23T22:47:00.624634+00:00
30d36b68-0b29-4f54-ac19-37db74c3b67a,fUSD,0.0001904885507518797,2,1,300.0,offer,2026-09-23T22:47:00.624634+00:00
30d36b68-0b29-4f54-ac19-37db74c3b67a,fUSD,0.00019363696692553667,2,1,6342.72847317,offer,2026-09-23T22:47:00.624634+00:00
30d36b68-0b29-4f54-ac19-37db74c3b67a,fUSD,0.0001995,15,1,17979.83775825,offer,2026-09-23T22:47:00.624634+00:00
30d36b68-0b29-4f54-ac19-37db74c3b67a,fUSD,0.0002073499,2,1,320.97,offer,2026-09-23T22:47:00.624634+00:00
30d36b68-0b29-4f54-ac19-37db74c3b67a,fUSD,0.00021147,2,1,320.97,offer,2026-09-23T22:47:00.624634+00:00
30d36b68-0b29-4f54-ac19-37db74c3b67a,fUSD,0.00021605,2,1,162.0,offer,2026-09-23T22:47:00.624634+00:00
30d36b68-0b29-4f54-ac19-37db74c3b67a,fUSD,0.000222,2,1,163.37149091,offer,2026-09-23T22:47:00.624634+00:00
30d36b68-0b29-4f54-ac19-37db74c3b67a,fUSD,0.00022317140977443607,2,1,199.5,offer,2026-09-23T22:47:00.624634+00:00
30d36b68-0b29-4f54-ac19-37db74c3b67a,fUSD,0.000225,2,1,7318.89399535,offer,2026-09-23T22:47:00.624634+00:00
30d36b68-0b29-4f54-ac19-37db74c3b67a,fUSD,0.0002256245,7,1,150.0,offer,2026-09-23T22:47:00.624634+00:00
30d36b68-0b29-4f54-ac19-37db74c3b67a,fUSD,0.00023,5,1,5528.0,offer,2026-09-23T22:47:00.624634+00:00
30d36b68-0b29-4f54-ac19-37db74c3b67a,fUSD,0.0002337284,2,1,151.45,offer,2026-09-23T22:47:00.624634+00:00
30d36b68-0b29-4f54-ac19-37db74c3b67a,fUSD,0.0002360492,2,1,218.51,offer,2026-09-23T22:47:00.624634+00:00
30d36b68-0b29-4f54-ac19-37db74c3b67a,fUSD,0.00023628241515116777,2,1,445.58466991,offer,2026-09-23T22:47:00.624634+00:00
30d36b68-0b29-4f54-ac19-37db74c3b67a,fUSD,0.0002378889,2,1,1310.19,offer,2026-09-23T22:47:00.624634+00:00
30d36b68-0b29-4f54-ac19-37db74c3b67a,fUSD,0.00024026052902370587,2,1,698.41979412,offer,2026-09-23T22:47:00.624634+00:00
30d36b68-0b29-4f54-ac19-37db74c3b67a,fUSD,0.00024096165408,30,1,162.12,offer,2026-09-23T22:47:00.624634+00:00
30d36b68-0b29-4f54-ac19-37db74c3b67a,fUSD,0.00024097256190884681,2,1,206.0,offer,2026-09-23T22:47:00.624634+00:00
55129bb6-5a4d-4112-aace-f80141ea67af,fUSD,0.000273972602739726,120,1,-4632549.06145387,demand,2026-09-23T23:47:00.619627+00:00
55129bb6-5a4d-4112-aace-f80141ea67af,fUSD,0.0002,90,1,-1200.0,demand,2026-09-23T23:47:00.619627+00:00
55129bb6-5a4d-4112-aace-f80141ea67af,fUSD,0.000172,30,1,-14157.802,demand,2026-09-23T23:47:00.619627+00:00
55129bb6-5a4d-4112-aace-f80141ea67af,fUSD,0.0001712,120,1,-20000.0,demand,2026-09-23T23:47:00.619627+00:00
55129bb6-5a4d-4112-aace-f80141ea67af,fUSD,0.00017111,120,1,-2000000.0,demand,2026-09-23T23:47:00.619627+00:00
55129bb6-5a4d-4112-aace-f80141ea67af,fUSD,0.000161,120,1,-100000.0,demand,2026-09-23T23:47:00.619627+00:00
55129bb6-5a4d-4112-aace-f80141ea67af,fUSD,0.000161,60,1,-19334.0,demand,2026-09-23T23:47:00.619627+00:00
55129bb6-5a4d-4112-aace-f80141ea67af,fUSD,0.0001603,120,1,-20000.0,demand,2026-09-23T23:47:00.619627+00:00
55129bb6-5a4d-4112-aace-f80141ea67af,fUSD,0.00016,120,2,-10009162.66122322,demand,2026-09-23T23:47:00.619627+00:00
55129bb6-5a4d-4112-aace-f80141ea67af,fUSD,0.000151,5,1,-100000.0,demand,2026-09-23T23:47:00.619627+00:00
55129bb6-5a4d-4112-aace-f80141ea67af,fUSD,0.0001503,90,1,-20000.0,demand,2026-09-23T23:47:00.619627+00:00
55129bb6-5a4d-4112-aace-f80141ea67af,fUSD,0.00015001,2,2,-3030024.29827803,demand,2026-09-23T23:47:00.619627+00:00
55129bb6-5a4d-4112-aace-f80141ea67af,fUSD,0.00015,29,1,-149122.66199579,demand,2026-09-23T23:47:00.619627+00:00
55129bb6-5a4d-4112-aace-f80141ea67af,fUSD,0.00015,7,1,-5741.16585247,demand,2026-09-23T23:47:00.619627+00:00
55129bb6-5a4d-4112-aace-f80141ea67af,fUSD,0.00015,2,4,-19282653.59972857,demand,2026-09-23T23:47:00.619627+00:00
55129bb6-5a4d-4112-aace-f80141ea67af,fUSD,0.00014252,120,1,-10770.76644364,demand,2026-09-23T23:47:00.619627+00:00
55129bb6-5a4d-4112-aace-f80141ea67af,fUSD,0.000142,4,1,-7000.0,demand,2026-09-23T23:47:00.619627+00:00
55129bb6-5a4d-4112-aace-f80141ea67af,fUSD,0.0001403,90,1,-20000.0,demand,2026-09-23T23:47:00.619627+00:00
55129bb6-5a4d-4112-aace-f80141ea67af,fUSD,0.0001400102,2,1,-600000.0,demand,2026-09-23T23:47:00.619627+00:00
55129bb6-5a4d-4112-aace-f80141ea67af,fUSD,0.00014001,2,1,-119774.0143323,demand,2026-09-23T23:47:00.619627+00:00
55129bb6-5a4d-4112-aace-f80141ea67af,fUSD,0.00013844412798300456,2,1,-4718.52507741,demand,2026-09-23T23:47:00.619627+00:00
55129bb6-5a4d-4112-aace-f80141ea67af,fUSD,0.00013843938797126996,2,1,-4718.52507741,demand,2026-09-23T23:47:00.619627+00:00
55129bb6-5a4d-4112-aace-f80141ea67af,fUSD,0.00013842400460303936,2,1,-4718.52507741,demand,2026-09-23T23:47:00.619627+00:00
55129bb6-5a4d-4112-aace-f80141ea67af,fUSD,0.00013841631741461685,2,1,-4718.52507741,demand,2026-09-23T23:47:00.619627+00:00
55129bb6-5a4d-4112-aace-f80141ea67af,fUSD,0.0001383885241679167,2,1,-4718.52507741,demand,2026-09-23T23:47:00.619627+00:00
55129bb6-5a4d-4112-aace-f80141ea67af,fUSD,0.000153,2,1,812.72125281,offer,2026-09-23T23:47:00.619627+00:00
55129bb6-5a4d-4112-aace-f80141ea67af,fUSD,0.00018,2,1,752.11280942,offer,2026-09-23T23:47:00.619627+00:00
55129bb6-5a4d-4112-aace-f80141ea67af,fUSD,0.00019,2,1,388.08114555,offer,2026-09-23T23:47:00.619627+00:00
55129bb6-5a4d-4112-aace-f80141ea67af,fUSD,0.00019950000000000002,2,1,150.0,offer,2026-09-23T23:47:00.619627+00:00
55129bb6-5a4d-4112-aace-f80141ea67af,fUSD,0.00020899000000000002,2,50,23171.18970758,offer,2026-09-23T23:47:00.619627+00:00
55129bb6-5a4d-4112-aace-f80141ea67af,fUSD,0.000209,30,1,2159.88892519,offer,2026-09-23T23:47:00.619627+00:00
55129bb6-5a4d-4112-aace-f80141ea67af,fUSD,0.00020900000000000004,2,2,700.85589113,offer,2026-09-23T23:47:00.619627+00:00
55129bb6-5a4d-4112-aace-f80141ea67af,fUSD,0.00021309052000000002,2,4,1237.26379795,offer,2026-09-23T23:47:00.619627+00:00
55129bb6-5a4d-4112-aace-f80141ea67af,fUSD,0.00021310052,2,1,299.73897711,offer,2026-09-23T23:47:00.619627+00:00
55129bb6-5a4d-4112-aace-f80141ea67af,fUSD,0.0002169,2,1,1545.06022074,offer,2026-09-23T23:47:00.619627+00:00
55129bb6-5a4d-4112-aace-f80141ea67af,fUSD,0.0002256245,2,1,150.0,offer,2026-09-23T23:47:00.619627+00:00
55129bb6-5a4d-4112-aace-f80141ea67af,fUSD,0.0002316025,2,1,312.26,offer,2026-09-23T23:47:00.619627+00:00
55129bb6-5a4d-4112-aace-f80141ea67af,fUSD,0.000231631,2,1,316.93,offer,2026-09-23T23:47:00.619627+00:00
55129bb6-5a4d-4112-aace-f80141ea67af,fUSD,0.00023367556296,30,1,172.48,offer,2026-09-23T23:47:00.619627+00:00
55129bb6-5a4d-4112-aace-f80141ea67af,fUSD,0.00023372324607073836,2,1,274.54706211,offer,2026-09-23T23:47:00.619627+00:00
55129bb6-5a4d-4112-aace-f80141ea67af,fUSD,0.00024,2,1,1282.77666373,offer,2026-09-23T23:47:00.619627+00:00
55129bb6-5a4d-4112-aace-f80141ea67af,fUSD,0.00024074954070107957,2,1,8482.59684777,offer,2026-09-23T23:47:00.619627+00:00
55129bb6-5a4d-4112-aace-f80141ea67af,fUSD,0.00024176,2,1,756.0,offer,2026-09-23T23:47:00.619627+00:00
55129bb6-5a4d-4112-aace-f80141ea67af,fUSD,0.00024287671232876712,4,1,150.0,offer,2026-09-23T23:47:00.619627+00:00
55129bb6-5a4d-4112-aace-f80141ea67af,fUSD,0.0002429982,2,1,782.93,offer,2026-09-23T23:47:00.619627+00:00
55129bb6-5a4d-4112-aace-f80141ea67af,fUSD,0.0002431081,2,1,274.52,offer,2026-09-23T23:47:00.619627+00:00
55129bb6-5a4d-4112-aace-f80141ea67af,fUSD,0.0002431333,2,1,269.02,offer,2026-09-23T23:47:00.619627+00:00
55129bb6-5a4d-4112-aace-f80141ea67af,fUSD,0.00024321255,7,1,284.27888936,offer,2026-09-23T23:47:00.619627+00:00
55129bb6-5a4d-4112-aace-f80141ea67af,fUSD,0.0002432532,2,1,320.83,offer,2026-09-23T23:47:00.619627+00:00
55129bb6-5a4d-4112-aace-f80141ea67af,fUSD,0.00024397260273972604,2,1,503.0,offer,2026-09-23T23:47:00.619627+00:00
