run_id,market,rate,period,count,amount,side,fetched_at
2dc3f9af-5411-4bcb-9ca2-35aa0a8601c9,fUSD,0.000273972602739726,120,1,-7779807.37486086,demand,2026-08-25T00:47:00.934073+00:00
2dc3f9af-5411-4bcb-9ca2-35aa0a8601c9,fUSD,0.00022,30,1,-30100.0,demand,2026-08-25T00:47:00.934073+00:00
2dc3f9af-5411-4bcb-9ca2-35aa0a8601c9,fUSD,0.00021,30,1,-30000.0,demand,2026-08-25T00:47:00.934073+00:00
2dc3f9af-5411-4bcb-9ca2-35aa0a8601c9,fUSD,0.000209,30,1,-6289.12258117,demand,2026-08-25T00:47:00.934073+00:00
2dc3f9af-5411-4bcb-9ca2-35aa0a8601c9,fUSD,0.00018010999999999998,120,1,-133240.73391109,demand,2026-08-25T00:47:00.934073+00:00
2dc3f9af-5411-4bcb-9ca2-35aa0a8601c9,fUSD,0.0001777,120,1,-23123.30278361,demand,2026-08-25T00:47:00.934073+00:00
2dc3f9af-5411-4bcb-9ca2-35aa0a8601c9,fUSD,0.000174,120,1,-12350.0,demand,2026-08-25T00:47:00.934073+00:00
2dc3f9af-5411-4bcb-9ca2-35aa0a8601c9,fUSD,0.0001713,120,1,-14000.0,demand,2026-08-25T00:47:00.934073+00:00
2dc3f9af-5411-4bcb-9ca2-35aa0a8601c9,fUSD,0.0001712,120,1,-20000.0,demand,2026-08-25T00:47:00.934073+00:00
2dc3f9af-5411-4bcb-9ca2-35aa0a8601c9,fUSD,0.00017111,120,1,-2000000.0,demand,2026-08-25T00:47:00.934073+00:00
2dc3f9af-5411-4bcb-9ca2-35aa0a8601c9,fUSD,0.00016,120,2,-10009162.66122322,demand,2026-08-25T00:47:00.934073+00:00
2dc3f9af-5411-4bcb-9ca2-35aa0a8601c9,fUSD,0.000151,120,1,-10000.0,demand,2026-08-25T00:47:00.934073+00:00
2dc3f9af-5411-4bcb-9ca2-35aa0a8601c9,fUSD,0.00015,90,1,-19550.75,demand,2026-08-25T00:47:00.934073+00:00
2dc3f9af-5411-4bcb-9ca2-35aa0a8601c9,fUSD,0.00015,29,1,-136338.80737502,demand,2026-08-25T00:47:00.934073+00:00
2dc3f9af-5411-4bcb-9ca2-35aa0a8601c9,fUSD,0.00015,120,1,-500.0,demand,2026-08-25T00:47:00.934073+00:00
2dc3f9af-5411-4bcb-9ca2-35aa0a8601c9,fUSD,0.00015,2,2,-4857250.71361418,demand,2026-08-25T00:47:00.934073+00:00
2dc3f9af-5411-4bcb-9ca2-35aa0a8601c9,fUSD,0.000145,7,1,-190.0,demand,2026-08-25T00:47:00.934073+00:00
2dc3f9af-5411-4bcb-9ca2-35aa0a8601c9,fUSD,0.00014252,120,1,-10770.76644364,demand,2026-08-25T00:47:00.934073+00:00
2dc3f9af-5411-4bcb-9ca2-35aa0a8601c9,fUSD,0.00014120000000000002,30,1,-13500.0,demand,2026-08-25T00:47:00.934073+00:00
2dc3f9af-5411-4bcb-9ca2-35aa0a8601c9,fUSD,0.0001342,2,1,-1152968.70543652,demand,2026-08-25T00:47:00.934073+00:00
2dc3f9af-5411-4bcb-9ca2-35aa0a8601c9,fUSD,0.0001340002,2,1,-600000.0,demand,2026-08-25T00:47:00.934073+00:00
2dc3f9af-5411-4bcb-9ca2-35aa0a8601c9,fUSD,0.000134,2,1,-2000000.0,demand,2026-08-25T00:47:00.934073+00:00
2dc3f9af-5411-4bcb-9ca2-35aa0a8601c9,fUSD,0.000131,13,1,-7000.0,demand,2026-08-25T00:47:00.934073+00:00
2dc3f9af-5411-4bcb-9ca2-35aa0a8601c9,fUSD,0.00013,2,1,-2000000.0,demand,2026-08-25T00:47:00.934073+00:00
2dc3f9af-5411-4bcb-9ca2-35aa0a8601c9,fUSD,0.00013,7,1,-5700.0,demand,2026-08-25T00:47:00.934073+00:00
2dc3f9af-5411-4bcb-9ca2-35aa0a8601c9,fUSD,0.00028199999999999997,2,10,140859.09006369,offer,2026-08-25T00:47:00.934073+00:00
2dc3f9af-5411-4bcb-9ca2-35aa0a8601c9,fUSD,0.0002821018,2,1,163.69,offer,2026-08-25T00:47:00.934073+00:00
2dc3f9af-5411-4bcb-9ca2-35aa0a8601c9,fUSD,0.0002821918,12,1,3000.0,offer,2026-08-25T00:47:00.934073+00:00
2dc3f9af-5411-4bcb-9ca2-35aa0a8601c9,fUSD,0.00028341293095244255,2,1,670.3943325,offer,2026-08-25T00:47:00.934073+00:00
2dc3f9af-5411-4bcb-9ca2-35aa0a8601c9,fUSD,0.00028383561643835617,30,1,150.0,offer,2026-08-25T00:47:00.934073+00:00
2dc3f9af-5411-4bcb-9ca2-35aa0a8601c9,fUSD,0.00028386184911362495,2,1,783.68174146,offer,2026-08-25T00:47:00.934073+00:00
2dc3f9af-5411-4bcb-9ca2-35aa0a8601c9,fUSD,0.0002838959722222222,2,1,173.02456098,offer,2026-08-25T00:47:00.934073+00:00
2dc3f9af-5411-4bcb-9ca2-35aa0a8601c9,fUSD,0.0002841756,2,1,2840.82940009,offer,2026-08-25T00:47:00.934073+00:00
2dc3f9af-5411-4bcb-9ca2-35aa0a8601c9,fUSD,0.000285,2,2,1128.39337423,offer,2026-08-25T00:47:00.934073+00:00
2dc3f9af-5411-4bcb-9ca2-35aa0a8601c9,fUSD,0.00028573939726027396,5,1,224.33,offer,2026-08-25T00:47:00.934073+00:00
2dc3f9af-5411-4bcb-9ca2-35aa0a8601c9,fUSD,0.000285753897260274,2,1,230.79,offer,2026-08-25T00:47:00.934073+00:00
2dc3f9af-5411-4bcb-9ca2-35aa0a8601c9,fUSD,0.0002862,2,1,338.86,offer,2026-08-25T00:47:00.934073+00:00
2dc3f9af-5411-4bcb-9ca2-35aa0a8601c9,fUSD,0.0002864671454585436,2,1,670.3943325,offer,2026-08-25T00:47:00.934073+00:00
2dc3f9af-5411-4bcb-9ca2-35aa0a8601c9,fUSD,0.0002869520547945205,2,1,150.0,offer,2026-08-25T00:47:00.934073+00:00
2dc3f9af-5411-4bcb-9ca2-35aa0a8601c9,fUSD,0.00028731070006,2,4,692.07761011,offer,2026-08-25T00:47:00.934073+00:00
2dc3f9af-5411-4bcb-9ca2-35aa0a8601c9,fUSD,0.00028734,2,1,562.92,offer,2026-08-25T00:47:00.934073+00:00
2dc3f9af-5411-4bcb-9ca2-35aa0a8601c9,fUSD,0.0002873511,2,1,2840.82940009,offer,2026-08-25T00:47:00.934073+00:00
2dc3f9af-5411-4bcb-9ca2-35aa0a8601c9,fUSD,0.00028767,30,1,150.0,offer,2026-08-25T00:47:00.934073+00:00
2dc3f9af-5411-4bcb-9ca2-35aa0a8601c9,fUSD,0.00028796456164383564,2,1,391.24,offer,2026-08-25T00:47:00.934073+00:00
2dc3f9af-5411-4bcb-9ca2-35aa0a8601c9,fUSD,0.00028848,10,1,526.0,offer,2026-08-25T00:47:00.934073+00:00
2dc3f9af-5411-4bcb-9ca2-35aa0a8601c9,fUSD,0.0002889,2,1,375.67,offer,2026-08-25T00:47:00.934073+00:00
2dc3f9af-5411-4bcb-9ca2-35aa0a8601c9,fUSD,0.00028937597222222224,2,1,173.02456098,offer,2026-08-25T00:47:00.934073+00:00
2dc3f9af-5411-4bcb-9ca2-35aa0a8601c9,fUSD,0.00029,2,1,800.0,offer,2026-08-25T00:47:00.934073+00:00
2dc3f9af-5411-4bcb-9ca2-35aa0a8601c9,fUSD,0.00029041,30,1,150.0,offer,2026-08-25T00:47:00.934073+00:00
2dc3f9af-5411-4bcb-9ca2-35aa0a8601c9,fUSD,0.0002905267,2,1,2840.82940009,offer,2026-08-25T00:47:00.934073+00:00
91f4fd12-e45b-47d4-aad3-51b1a6258193,fUSD,0.000273972602739726,120,1,-7770002.41346355,demand,2026-08-25T01:47:00.690303+00:00
91f4fd12-e45b-47d4-aad3-51b1a6258193,fUSD,0.00022,30,1,-30100.0,demand,2026-08-25T01:47:00.690303+00:00
91f4fd12-e45b-47d4-aad3-51b1a6258193,fUSD,0.00021,30,1,-30000.0,demand,2026-08-25T01:47:00.690303+00:00
91f4fd12-e45b-47d4-aad3-51b1a6258193,fUSD,0.000209,30,1,-6289.12258117,demand,2026-08-25T01:47:00.690303+00:00
91f4fd12-e45b-47d4-aad3-51b1a6258193,fUSD,0.00018010999999999998,120,1,-133240.73391109,demand,2026-08-25T01:47:00.690303+00:00
91f4fd12-e45b-47d4-aad3-51b1a6258193,fUSD,0.0001777,120,1,-23123.30278361,demand,2026-08-25T01:47:00.690303+00:00
91f4fd12-e45b-47d4-aad3-51b1a6258193,fUSD,0.000174,120,1,-12350.0,demand,2026-08-25T01:47:00.690303+00:00
91f4fd12-e45b-47d4-aad3-51b1a6258193,fUSD,0.0001713,120,1,-14000.0,demand,2026-08-25T01:47:00.690303+00:00
91f4fd12-e45b-47d4-aad3-51b1a6258193,fUSD,0.0001712,120,1,-20000.0,demand,2026-08-25T01:47:00.690303+00:00
91f4fd12-e45b-47d4-aad3-51b1a6258193,fUSD,0.00017111,120,1,-2000000.0,demand,2026-08-25T01:47:00.690303+00:00
91f4fd12-e45b-47d4-aad3-51b1a6258193,fUSD,0.00016,120,2,-10009162.66122322,demand,2026-08-25T01:47:00.690303+00:00
91f4fd12-e45b-47d4-aad3-51b1a6258193,fUSD,0.000151,120,1,-10000.0,demand,2026-08-25T01:47:00.690303+00:00
91f4fd12-e45b-47d4-aad3-51b1a6258193,fUSD,0.00015,90,1,-19550.75,demand,2026-08-25T01:47:00.690303+00:00
91f4fd12-e45b-47d4-aad3-51b1a6258193,fUSD,0.00015,29,1,-136338.80737502,demand,2026-08-25T01:47:00.690303+00:00
91f4fd12-e45b-47d4-aad3-51b1a6258193,fUSD,0.00015,120,1,-500.0,demand,2026-08-25T01:47:00.690303+00:00
91f4fd12-e45b-47d4-aad3-51b1a6258193,fUSD,0.00015,2,1,-10000.0,demand,2026-08-25T01:47:00.690303+00:00
91f4fd12-e45b-47d4-aad3-51b1a6258193,fUSD,0.000145,7,1,-190.0,demand,2026-08-25T01:47:00.690303+00:00
91f4fd12-e45b-47d4-aad3-51b1a6258193,fUSD,0.00014252,120,1,-10770.76644364,demand,2026-08-25T01:47:00.690303+00:00
91f4fd12-e45b-47d4-aad3-51b1a6258193,fUSD,0.00014120000000000002,30,1,-13500.0,demand,2026-08-25T01:47:00.690303+00:00
91f4fd12-e45b-47d4-aad3-51b1a6258193,fUSD,0.0001342,2,1,-1152968.70543652,demand,2026-08-25T01:47:00.690303+00:00
91f4fd12-e45b-47d4-aad3-51b1a6258193,fUSD,0.0001340002,2,1,-600000.0,demand,2026-08-25T01:47:00.690303+00:00
91f4fd12-e45b-47d4-aad3-51b1a6258193,fUSD,0.000134,2,1,-2000000.0,demand,2026-08-25T01:47:00.690303+00:00
91f4fd12-e45b-47d4-aad3-51b1a6258193,fUSD,0.000131,13,1,-7000.0,demand,2026-08-25T01:47:00.690303+00:00
91f4fd12-e45b-47d4-aad3-51b1a6258193,fUSD,0.00013,2,1,-2000000.0,demand,2026-08-25T01:47:00.690303+00:00
91f4fd12-e45b-47d4-aad3-51b1a6258193,fUSD,0.00013,7,1,-5700.0,demand,2026-08-25T01:47:00.690303+00:00
91f4fd12-e45b-47d4-aad3-51b1a6258193,fUSD,0.00026161,2,1,293.38710878,offer,2026-08-25T01:47:00.690303+00:00
91f4fd12-e45b-47d4-aad3-51b1a6258193,fUSD,0.0002625068493150685,3,1,509.0,offer,2026-08-25T01:47:00.690303+00:00
91f4fd12-e45b-47d4-aad3-51b1a6258193,fUSD,0.00026298,7,1,948.28,offer,2026-08-25T01:47:00.690303+00:00
91f4fd12-e45b-47d4-aad3-51b1a6258193,fUSD,0.000263,2,2,393.84661632,offer,2026-08-25T01:47:00.690303+00:00
91f4fd12-e45b-47d4-aad3-51b1a6258193,fUSD,0.00026435,2,1,948.28,offer,2026-08-25T01:47:00.690303+00:00
91f4fd12-e45b-47d4-aad3-51b1a6258193,fUSD,0.00026444,2,1,1196.07,offer,2026-08-25T01:47:00.690303+00:00
91f4fd12-e45b-47d4-aad3-51b1a6258193,fUSD,0.00026476,2,1,150.6,offer,2026-08-25T01:47:00.690303+00:00
91f4fd12-e45b-47d4-aad3-51b1a6258193,fUSD,0.00026497,2,3,540.46412254,offer,2026-08-25T01:47:00.690303+00:00
91f4fd12-e45b-47d4-aad3-51b1a6258193,fUSD,0.0002650017986968755,2,1,1258.20997376,offer,2026-08-25T01:47:00.690303+00:00
91f4fd12-e45b-47d4-aad3-51b1a6258193,fUSD,0.00026512,2,1,159.75,offer,2026-08-25T01:47:00.690303+00:00
91f4fd12-e45b-47d4-aad3-51b1a6258193,fUSD,0.00026516965888057965,2,1,177.68437695,offer,2026-08-25T01:47:00.690303+00:00
91f4fd12-e45b-47d4-aad3-51b1a6258193,fUSD,0.00026533871563727145,2,83,40984.81952617,offer,2026-08-25T01:47:00.690303+00:00
91f4fd12-e45b-47d4-aad3-51b1a6258193,fUSD,0.00026535871563727144,5,1,158.26,offer,2026-08-25T01:47:00.690303+00:00
91f4fd12-e45b-47d4-aad3-51b1a6258193,fUSD,0.00026548051606,2,11,3102.04355698,offer,2026-08-25T01:47:00.690303+00:00
91f4fd12-e45b-47d4-aad3-51b1a6258193,fUSD,0.00026553,2,1,31.70496983,offer,2026-08-25T01:47:00.690303+00:00
91f4fd12-e45b-47d4-aad3-51b1a6258193,fUSD,0.0002656047,2,1,500.0,offer,2026-08-25T01:47:00.690303+00:00
91f4fd12-e45b-47d4-aad3-51b1a6258193,fUSD,0.00026562,2,1,230.14,offer,2026-08-25T01:47:00.690303+00:00
91f4fd12-e45b-47d4-aad3-51b1a6258193,fUSD,0.00026565,7,1,230.14,offer,2026-08-25T01:47:00.690303+00:00
91f4fd12-e45b-47d4-aad3-51b1a6258193,fUSD,0.00026569,13,2,2567.48030045,offer,2026-08-25T01:47:00.690303+00:00
91f4fd12-e45b-47d4-aad3-51b1a6258193,fUSD,0.00026572,2,1,230.14,offer,2026-08-25T01:47:00.690303+00:00
91f4fd12-e45b-47d4-aad3-51b1a6258193,fUSD,0.00026573,7,1,948.28,offer,2026-08-25T01:47:00.690303+00:00
91f4fd12-e45b-47d4-aad3-51b1a6258193,fUSD,0.00026575,7,1,230.19,offer,2026-08-25T01:47:00.690303+00:00
91f4fd12-e45b-47d4-aad3-51b1a6258193,fUSD,0.0002658,7,1,1196.07,offer,2026-08-25T01:47:00.690303+00:00
91f4fd12-e45b-47d4-aad3-51b1a6258193,fUSD,0.0002659205479452055,2,1,463.8864921,offer,2026-08-25T01:47:00.690303+00:00
91f4fd12-e45b-47d4-aad3-51b1a6258193,fUSD,0.0002660195694716243,7,1,150.0,offer,2026-08-25T01:47:00.690303+00:00
49fc6950-9749-4b84-8a40-82fd674ef47d,fUSD,0.000273972602739726,120,1,-7650739.18213542,demand,2026-08-25T02:47:00.791137+00:00
49fc6950-9749-4b84-8a40-82fd674ef47d,fUSD,0.00022,30,1,-30100.0,demand,2026-08-25T02:47:00.791137+00:00
49fc6950-9749-4b84-8a40-82fd674ef47d,fUSD,0.00021,30,1,-30000.0,demand,2026-08-25T02:47:00.791137+00:00
49fc6950-9749-4b84-8a40-82fd674ef47d,fUSD,0.000209,30,1,-6289.12258117,demand,2026-08-25T02:47:00.791137+00:00
49fc6950-9749-4b84-8a40-82fd674ef47d,fUSD,0.00018010999999999998,120,1,-133240.73391109,demand,2026-08-25T02:47:00.791137+00:00
49fc6950-9749-4b84-8a40-82fd674ef47d,fUSD,0.0001777,120,1,-23123.30278361,demand,2026-08-25T02:47:00.791137+00:00
49fc6950-9749-4b84-8a40-82fd674ef47d,fUSD,0.000174,120,1,-12350.0,demand,2026-08-25T02:47:00.791137+00:00
49fc6950-9749-4b84-8a40-82fd674ef47d,fUSD,0.0001713,120,1,-14000.0,demand,2026-08-25T02:47:00.791137+00:00
49fc6950-9749-4b84-8a40-82fd674ef47d,fUSD,0.0001712,120,1,-20000.0,demand,2026-08-25T02:47:00.791137+00:00
49fc6950-9749-4b84-8a40-82fd674ef47d,fUSD,0.00017111,120,1,-2000000.0,demand,2026-08-25T02:47:00.791137+00:00
49fc6950-9749-4b84-8a40-82fd674ef47d,fUSD,0.00016,120,2,-10009162.66122322,demand,2026-08-25T02:47:00.791137+00:00
49fc6950-9749-4b84-8a40-82fd674ef47d,fUSD,0.000151,120,1,-10000.0,demand,2026-08-25T02:47:00.791137+00:00
49fc6950-9749-4b84-8a40-82fd674ef47d,fUSD,0.00015,90,1,-19550.75,demand,2026-08-25T02:47:00.791137+00:00
49fc6950-9749-4b84-8a40-82fd674ef47d,fUSD,0.00015,29,1,-136338.80737502,demand,2026-08-25T02:47:00.791137+00:00
49fc6950-9749-4b84-8a40-82fd674ef47d,fUSD,0.00015,120,1,-500.0,demand,2026-08-25T02:47:00.791137+00:00
49fc6950-9749-4b84-8a40-82fd674ef47d,fUSD,0.00015,2,1,-10000.0,demand,2026-08-25T02:47:00.791137+00:00
49fc6950-9749-4b84-8a40-82fd674ef47d,fUSD,0.000145,7,1,-190.0,demand,2026-08-25T02:47:00.791137+00:00
49fc6950-9749-4b84-8a40-82fd674ef47d,fUSD,0.00014252,120,1,-10770.76644364,demand,2026-08-25T02:47:00.791137+00:00
49fc6950-9749-4b84-8a40-82fd674ef47d,fUSD,0.00014120000000000002,30,1,-13500.0,demand,2026-08-25T02:47:00.791137+00:00
49fc6950-9749-4b84-8a40-82fd674ef47d,fUSD,0.0001342,2,1,-1152968.70543652,demand,2026-08-25T02:47:00.791137+00:00
49fc6950-9749-4b84-8a40-82fd674ef47d,fUSD,0.0001340002,2,1,-600000.0,demand,2026-08-25T02:47:00.791137+00:00
49fc6950-9749-4b84-8a40-82fd674ef47d,fUSD,0.000134,2,1,-2000000.0,demand,2026-08-25T02:47:00.791137+00:00
49fc6950-9749-4b84-8a40-82fd674ef47d,fUSD,0.000131,13,1,-7000.0,demand,2026-08-25T02:47:00.791137+00:00
49fc6950-9749-4b84-8a40-82fd674ef47d,fUSD,0.00013,2,1,-2000000.0,demand,2026-08-25T02:47:00.791137+00:00
49fc6950-9749-4b84-8a40-82fd674ef47d,fUSD,0.00013,7,1,-5700.0,demand,2026-08-25T02:47:00.791137+00:00
49fc6950-9749-4b84-8a40-82fd674ef47d,fUSD,0.00027396,2,6,12744.77514505,offer,2026-08-25T02:47:00.791137+00:00
49fc6950-9749-4b84-8a40-82fd674ef47d,fUSD,0.00027397,2,2,762.31388686,offer,2026-08-25T02:47:00.791137+00:00
49fc6950-9749-4b84-8a40-82fd674ef47d,fUSD,0.000273972602739726,30,1,150.0,offer,2026-08-25T02:47:00.791137+00:00
49fc6950-9749-4b84-8a40-82fd674ef47d,fUSD,0.000273972602739726,2,18,218093.08976538,offer,2026-08-25T02:47:00.791137+00:00
49fc6950-9749-4b84-8a40-82fd674ef47d,fUSD,0.000273972602739726,10,4,98577.2,offer,2026-08-25T02:47:00.791137+00:00
49fc6950-9749-4b84-8a40-82fd674ef47d,fUSD,0.00027397260273972606,5,12,5721.61,offer,2026-08-25T02:47:00.791137+00:00
49fc6950-9749-4b84-8a40-82fd674ef47d,fUSD,0.00027397260273972606,2,4,2142.62919681,offer,2026-08-25T02:47:00.791137+00:00
49fc6950-9749-4b84-8a40-82fd674ef47d,fUSD,0.00027397260273972606,30,1,209.82908819,offer,2026-08-25T02:47:00.791137+00:00
49fc6950-9749-4b84-8a40-82fd674ef47d,fUSD,0.0002739726027397261,2,8,87198.07,offer,2026-08-25T02:47:00.791137+00:00
49fc6950-9749-4b84-8a40-82fd674ef47d,fUSD,0.0002739726027397261,10,1,712.11,offer,2026-08-25T02:47:00.791137+00:00
49fc6950-9749-4b84-8a40-82fd674ef47d,fUSD,0.0002739726027397261,20,1,3445.46,offer,2026-08-25T02:47:00.791137+00:00
49fc6950-9749-4b84-8a40-82fd674ef47d,fUSD,0.0002739726027397261,5,1,4201.89,offer,2026-08-25T02:47:00.791137+00:00
49fc6950-9749-4b84-8a40-82fd674ef47d,fUSD,0.000274,2,1,500.0,offer,2026-08-25T02:47:00.791137+00:00
49fc6950-9749-4b84-8a40-82fd674ef47d,fUSD,0.0002744004760869424,2,1,328.79916863,offer,2026-08-25T02:47:00.791137+00:00
49fc6950-9749-4b84-8a40-82fd674ef47d,fUSD,0.0002747464714180081,2,1,4460.73808307,offer,2026-08-25T02:47:00.791137+00:00
49fc6950-9749-4b84-8a40-82fd674ef47d,fUSD,0.00027488,7,1,157.02,offer,2026-08-25T02:47:00.791137+00:00
49fc6950-9749-4b84-8a40-82fd674ef47d,fUSD,0.000276197796,2,1,167.73,offer,2026-08-25T02:47:00.791137+00:00
49fc6950-9749-4b84-8a40-82fd674ef47d,fUSD,0.0002765989,2,1,395.72260269,offer,2026-08-25T02:47:00.791137+00:00
49fc6950-9749-4b84-8a40-82fd674ef47d,fUSD,0.00027706,30,1,157.02,offer,2026-08-25T02:47:00.791137+00:00
49fc6950-9749-4b84-8a40-82fd674ef47d,fUSD,0.0002770789,2,1,6152.01808383,offer,2026-08-25T02:47:00.791137+00:00
49fc6950-9749-4b84-8a40-82fd674ef47d,fUSD,0.00027765372602739727,7,3,573.19,offer,2026-08-25T02:47:00.791137+00:00
49fc6950-9749-4b84-8a40-82fd674ef47d,fUSD,0.00027765972602739725,7,1,244.56,offer,2026-08-25T02:47:00.791137+00:00
49fc6950-9749-4b84-8a40-82fd674ef47d,fUSD,0.0002778,2,1,500.0,offer,2026-08-25T02:47:00.791137+00:00
49fc6950-9749-4b84-8a40-82fd674ef47d,fUSD,0.0002778575342465753,2,1,1002.24257162,offer,2026-08-25T02:47:00.791137+00:00
49fc6950-9749-4b84-8a40-82fd674ef47d,fUSD,0.0002780053561643836,2,1,554.14,offer,2026-08-25T02:47:00.791137+00:00
e008e951-56de-48fc-ba25-3d2744edd4be,fUSD,0.000273972602739726,120,1,-7640334.22319485,demand,2026-08-25T03:47:00.949837+00:00
e008e951-56de-48fc-ba25-3d2744edd4be,fUSD,0.00022,30,1,-30100.0,demand,2026-08-25T03:47:00.949837+00:00
e008e951-56de-48fc-ba25-3d2744edd4be,fUSD,0.00021,30,1,-30000.0,demand,2026-08-25T03:47:00.949837+00:00
e008e951-56de-48fc-ba25-3d2744edd4be,fUSD,0.000209,30,1,-6289.12258117,demand,2026-08-25T03:47:00.949837+00:00
e008e951-56de-48fc-ba25-3d2744edd4be,fUSD,0.00018010999999999998,120,1,-133240.73391109,demand,2026-08-25T03:47:00.949837+00:00
e008e951-56de-48fc-ba25-3d2744edd4be,fUSD,0.0001777,120,1,-23123.30278361,demand,2026-08-25T03:47:00.949837+00:00
e008e951-56de-48fc-ba25-3d2744edd4be,fUSD,0.000174,120,1,-12350.0,demand,2026-08-25T03:47:00.949837+00:00
e008e951-56de-48fc-ba25-3d2744edd4be,fUSD,0.0001713,120,1,-14000.0,demand,2026-08-25T03:47:00.949837+00:00
e008e951-56de-48fc-ba25-3d2744edd4be,fUSD,0.0001712,120,1,-20000.0,demand,2026-08-25T03:47:00.949837+00:00
e008e951-56de-48fc-ba25-3d2744edd4be,fUSD,0.00017111,120,1,-2000000.0,demand,2026-08-25T03:47:00.949837+00:00
e008e951-56de-48fc-ba25-3d2744edd4be,fUSD,0.00016,120,2,-10009162.66122322,demand,2026-08-25T03:47:00.949837+00:00
e008e951-56de-48fc-ba25-3d2744edd4be,fUSD,0.000151,120,1,-10000.0,demand,2026-08-25T03:47:00.949837+00:00
e008e951-56de-48fc-ba25-3d2744edd4be,fUSD,0.00015,90,1,-19550.75,demand,2026-08-25T03:47:00.949837+00:00
e008e951-56de-48fc-ba25-3d2744edd4be,fUSD,0.00015,29,1,-136338.80737502,demand,2026-08-25T03:47:00.949837+00:00
e008e951-56de-48fc-ba25-3d2744edd4be,fUSD,0.00015,120,1,-500.0,demand,2026-08-25T03:47:00.949837+00:00
e008e951-56de-48fc-ba25-3d2744edd4be,fUSD,0.00015,2,1,-10000.0,demand,2026-08-25T03:47:00.949837+00:00
e008e951-56de-48fc-ba25-3d2744edd4be,fUSD,0.000145,7,1,-190.0,demand,2026-08-25T03:47:00.949837+00:00
e008e951-56de-48fc-ba25-3d2744edd4be,fUSD,0.00014252,120,1,-10770.76644364,demand,2026-08-25T03:47:00.949837+00:00
e008e951-56de-48fc-ba25-3d2744edd4be,fUSD,0.00014120000000000002,30,1,-13500.0,demand,2026-08-25T03:47:00.949837+00:00
e008e951-56de-48fc-ba25-3d2744edd4be,fUSD,0.0001342,2,1,-1147981.84545576,demand,2026-08-25T03:47:00.949837+00:00
e008e951-56de-48fc-ba25-3d2744edd4be,fUSD,0.0001340002,2,1,-600000.0,demand,2026-08-25T03:47:00.949837+00:00
e008e951-56de-48fc-ba25-3d2744edd4be,fUSD,0.000134,2,1,-2000000.0,demand,2026-08-25T03:47:00.949837+00:00
e008e951-56de-48fc-ba25-3d2744edd4be,fUSD,0.000131,13,1,-7000.0,demand,2026-08-25T03:47:00.949837+00:00
e008e951-56de-48fc-ba25-3d2744edd4be,fUSD,0.00013,2,1,-2000000.0,demand,2026-08-25T03:47:00.949837+00:00
e008e951-56de-48fc-ba25-3d2744edd4be,fUSD,0.00013,7,1,-5700.0,demand,2026-08-25T03:47:00.949837+00:00
e008e951-56de-48fc-ba25-3d2744edd4be,fUSD,0.000185095,2,1,185.02,offer,2026-08-25T03:47:00.949837+00:00
e008e951-56de-48fc-ba25-3d2744edd4be,fUSD,0.00021622,2,2,314.98,offer,2026-08-25T03:47:00.949837+00:00
e008e951-56de-48fc-ba25-3d2744edd4be,fUSD,0.00021883,7,1,1597.13,offer,2026-08-25T03:47:00.949837+00:00
e008e951-56de-48fc-ba25-3d2744edd4be,fUSD,0.00021884931506849318,4,2,500.0,offer,2026-08-25T03:47:00.949837+00:00
e008e951-56de-48fc-ba25-3d2744edd4be,fUSD,0.00021918,5,1,750.0,offer,2026-08-25T03:47:00.949837+00:00
e008e951-56de-48fc-ba25-3d2744edd4be,fUSD,0.00021995,2,1,245.79248743,offer,2026-08-25T03:47:00.949837+00:00
e008e951-56de-48fc-ba25-3d2744edd4be,fUSD,0.00021999999999999998,2,1,150.0,offer,2026-08-25T03:47:00.949837+00:00
e008e951-56de-48fc-ba25-3d2744edd4be,fUSD,0.00022,2,6,50386.87590324,offer,2026-08-25T03:47:00.949837+00:00
e008e951-56de-48fc-ba25-3d2744edd4be,fUSD,0.0002202,2,1,206.43,offer,2026-08-25T03:47:00.949837+00:00
e008e951-56de-48fc-ba25-3d2744edd4be,fUSD,0.00022123913571428568,7,1,230.6558258,offer,2026-08-25T03:47:00.949837+00:00
e008e951-56de-48fc-ba25-3d2744edd4be,fUSD,0.0002228016,2,1,150.0,offer,2026-08-25T03:47:00.949837+00:00
e008e951-56de-48fc-ba25-3d2744edd4be,fUSD,0.0002229136,2,1,188.7,offer,2026-08-25T03:47:00.949837+00:00
e008e951-56de-48fc-ba25-3d2744edd4be,fUSD,0.000223,5,1,5295.0,offer,2026-08-25T03:47:00.949837+00:00
e008e951-56de-48fc-ba25-3d2744edd4be,fUSD,0.000223,2,1,181.3797388,offer,2026-08-25T03:47:00.949837+00:00
e008e951-56de-48fc-ba25-3d2744edd4be,fUSD,0.0002234548,2,1,172.02,offer,2026-08-25T03:47:00.949837+00:00
e008e951-56de-48fc-ba25-3d2744edd4be,fUSD,0.00022366,7,1,222.14323523,offer,2026-08-25T03:47:00.949837+00:00
e008e951-56de-48fc-ba25-3d2744edd4be,fUSD,0.0002238690214285714,7,1,230.6558258,offer,2026-08-25T03:47:00.949837+00:00
e008e951-56de-48fc-ba25-3d2744edd4be,fUSD,0.00022399,2,1,165.03,offer,2026-08-25T03:47:00.949837+00:00
e008e951-56de-48fc-ba25-3d2744edd4be,fUSD,0.00022399479452054792,2,1,171.92488164,offer,2026-08-25T03:47:00.949837+00:00
e008e951-56de-48fc-ba25-3d2744edd4be,fUSD,0.0002242052876712329,2,2,732.54931273,offer,2026-08-25T03:47:00.949837+00:00
e008e951-56de-48fc-ba25-3d2744edd4be,fUSD,0.000224388075,2,1,167.51,offer,2026-08-25T03:47:00.949837+00:00
e008e951-56de-48fc-ba25-3d2744edd4be,fUSD,0.0002244,4,4,1096.91452644,offer,2026-08-25T03:47:00.949837+00:00
e008e951-56de-48fc-ba25-3d2744edd4be,fUSD,0.0002261725,2,1,186.31,offer,2026-08-25T03:47:00.949837+00:00
e008e951-56de-48fc-ba25-3d2744edd4be,fUSD,0.00022617260273972604,2,1,469.15205383,offer,2026-08-25T03:47:00.949837+00:00
e008e951-56de-48fc-ba25-3d2744edd4be,fUSD,0.0002264052,2,1,314.98,offer,2026-08-25T03:47:00.949837+00:00
ba278a18-fc80-48cc-b07f-94226e153b03,fUSD,0.000273972602739726,120,1,-7639734.22319485,demand,2026-08-25T04:47:00.929495+00:00
ba278a18-fc80-48cc-b07f-94226e153b03,fUSD,0.00022,30,1,-30100.0,demand,2026-08-25T04:47:00.929495+00:00
ba278a18-fc80-48cc-b07f-94226e153b03,fUSD,0.00021,30,1,-30000.0,demand,2026-08-25T04:47:00.929495+00:00
ba278a18-fc80-48cc-b07f-94226e153b03,fUSD,0.000209,30,1,-6289.12258117,demand,2026-08-25T04:47:00.929495+00:00
ba278a18-fc80-48cc-b07f-94226e153b03,fUSD,0.00019,2,1,-150.0,demand,2026-08-25T04:47:00.929495+00:00
ba278a18-fc80-48cc-b07f-94226e153b03,fUSD,0.00018010999999999998,120,1,-133240.73391109,demand,2026-08-25T04:47:00.929495+00:00
ba278a18-fc80-48cc-b07f-94226e153b03,fUSD,0.0001777,120,1,-23123.30278361,demand,2026-08-25T04:47:00.929495+00:00
ba278a18-fc80-48cc-b07f-94226e153b03,fUSD,0.000174,120,1,-12350.0,demand,2026-08-25T04:47:00.929495+00:00
ba278a18-fc80-48cc-b07f-94226e153b03,fUSD,0.0001713,120,1,-14000.0,demand,2026-08-25T04:47:00.929495+00:00
ba278a18-fc80-48cc-b07f-94226e153b03,fUSD,0.0001712,120,1,-20000.0,demand,2026-08-25T04:47:00.929495+00:00
ba278a18-fc80-48cc-b07f-94226e153b03,fUSD,0.00017111,120,1,-2000000.0,demand,2026-08-25T04:47:00.929495+00:00
ba278a18-fc80-48cc-b07f-94226e153b03,fUSD,0.00016,120,2,-10009162.66122322,demand,2026-08-25T04:47:00.929495+00:00
ba278a18-fc80-48cc-b07f-94226e153b03,fUSD,0.000151,120,1,-10000.0,demand,2026-08-25T04:47:00.929495+00:00
ba278a18-fc80-48cc-b07f-94226e153b03,fUSD,0.00015,90,1,-19550.75,demand,2026-08-25T04:47:00.929495+00:00
ba278a18-fc80-48cc-b07f-94226e153b03,fUSD,0.00015,29,1,-136338.80737502,demand,2026-08-25T04:47:00.929495+00:00
ba278a18-fc80-48cc-b07f-94226e153b03,fUSD,0.00015,120,1,-500.0,demand,2026-08-25T04:47:00.929495+00:00
ba278a18-fc80-48cc-b07f-94226e153b03,fUSD,0.00015,2,1,-10000.0,demand,2026-08-25T04:47:00.929495+00:00
ba278a18-fc80-48cc-b07f-94226e153b03,fUSD,0.000145,7,1,-190.0,demand,2026-08-25T04:47:00.929495+00:00
ba278a18-fc80-48cc-b07f-94226e153b03,fUSD,0.00014252,120,1,-10770.76644364,demand,2026-08-25T04:47:00.929495+00:00
ba278a18-fc80-48cc-b07f-94226e153b03,fUSD,0.00014120000000000002,30,1,-13500.0,demand,2026-08-25T04:47:00.929495+00:00
ba278a18-fc80-48cc-b07f-94226e153b03,fUSD,0.0001342,2,1,-1147470.43373076,demand,2026-08-25T04:47:00.929495+00:00
ba278a18-fc80-48cc-b07f-94226e153b03,fUSD,0.0001340002,2,1,-600000.0,demand,2026-08-25T04:47:00.929495+00:00
ba278a18-fc80-48cc-b07f-94226e153b03,fUSD,0.000134,2,1,-2000000.0,demand,2026-08-25T04:47:00.929495+00:00
ba278a18-fc80-48cc-b07f-94226e153b03,fUSD,0.000131,13,1,-7000.0,demand,2026-08-25T04:47:00.929495+00:00
ba278a18-fc80-48cc-b07f-94226e153b03,fUSD,0.00013,2,1,-2000000.0,demand,2026-08-25T04:47:00.929495+00:00
ba278a18-fc80-48cc-b07f-94226e153b03,fUSD,0.00026609,30,1,184.66,offer,2026-08-25T04:47:00.929495+00:00
ba278a18-fc80-48cc-b07f-94226e153b03,fUSD,0.00028696726080000004,20,1,45896.05769701,offer,2026-08-25T04:47:00.929495+00:00
ba278a18-fc80-48cc-b07f-94226e153b03,fUSD,0.00028696726080000004,2,4,72288.16729551,offer,2026-08-25T04:47:00.929495+00:00
ba278a18-fc80-48cc-b07f-94226e153b03,fUSD,0.0002870921,2,1,215.25,offer,2026-08-25T04:47:00.929495+00:00
ba278a18-fc80-48cc-b07f-94226e153b03,fUSD,0.0002873835616438356,30,1,150.0,offer,2026-08-25T04:47:00.929495+00:00
ba278a18-fc80-48cc-b07f-94226e153b03,fUSD,0.0002876712328767123,120,1,430.0,offer,2026-08-25T04:47:00.929495+00:00
ba278a18-fc80-48cc-b07f-94226e153b03,fUSD,0.0002883311,2,1,1000.0,offer,2026-08-25T04:47:00.929495+00:00
ba278a18-fc80-48cc-b07f-94226e153b03,fUSD,0.0002889,2,1,315.07,offer,2026-08-25T04:47:00.929495+00:00
ba278a18-fc80-48cc-b07f-94226e153b03,fUSD,0.0002890663,2,1,5000.0,offer,2026-08-25T04:47:00.929495+00:00
ba278a18-fc80-48cc-b07f-94226e153b03,fUSD,0.000289419404109589,2,1,764.15,offer,2026-08-25T04:47:00.929495+00:00
ba278a18-fc80-48cc-b07f-94226e153b03,fUSD,0.00028968991046000376,2,1,544.66139543,offer,2026-08-25T04:47:00.929495+00:00
ba278a18-fc80-48cc-b07f-94226e153b03,fUSD,0.00029021077384332,2,1,544.66139543,offer,2026-08-25T04:47:00.929495+00:00
ba278a18-fc80-48cc-b07f-94226e153b03,fUSD,0.00029156031754958906,30,1,151.94,offer,2026-08-25T04:47:00.929495+00:00
ba278a18-fc80-48cc-b07f-94226e153b03,fUSD,0.0002922750196799999,2,1,154.32226626,offer,2026-08-25T04:47:00.929495+00:00
ba278a18-fc80-48cc-b07f-94226e153b03,fUSD,0.00029305,2,1,500.0,offer,2026-08-25T04:47:00.929495+00:00
ba278a18-fc80-48cc-b07f-94226e153b03,fUSD,0.00029305,120,3,1576.27303154,offer,2026-08-25T04:47:00.929495+00:00
ba278a18-fc80-48cc-b07f-94226e153b03,fUSD,0.00029307,120,1,504.91645015,offer,2026-08-25T04:47:00.929495+00:00
ba278a18-fc80-48cc-b07f-94226e153b03,fUSD,0.00029308,120,1,563.31,offer,2026-08-25T04:47:00.929495+00:00
ba278a18-fc80-48cc-b07f-94226e153b03,fUSD,0.000293445,2,1,353.55,offer,2026-08-25T04:47:00.929495+00:00
ba278a18-fc80-48cc-b07f-94226e153b03,fUSD,0.00029371575739280787,2,1,544.66139543,offer,2026-08-25T04:47:00.929495+00:00
ba278a18-fc80-48cc-b07f-94226e153b03,fUSD,0.000294,30,1,178.85082121,offer,2026-08-25T04:47:00.929495+00:00
ba278a18-fc80-48cc-b07f-94226e153b03,fUSD,0.00029449,2,1,396.746356,offer,2026-08-25T04:47:00.929495+00:00
ba278a18-fc80-48cc-b07f-94226e153b03,fUSD,0.00029452,60,2,1000.0,offer,2026-08-25T04:47:00.929495+00:00
ba278a18-fc80-48cc-b07f-94226e153b03,fUSD,0.00029457,2,1,602.82,offer,2026-08-25T04:47:00.929495+00:00
ba278a18-fc80-48cc-b07f-94226e153b03,fUSD,0.00029457,30,1,500.0,offer,2026-08-25T04:47:00.929495+00:00
0ced49f7-d466-4536-a17b-ec94e868cc5f,fUSD,0.000273972602739726,120,1,-7637860.51655264,demand,2026-08-25T05:47:00.780320+00:00
0ced49f7-d466-4536-a17b-ec94e868cc5f,fUSD,0.00022,30,1,-30100.0,demand,2026-08-25T05:47:00.780320+00:00
0ced49f7-d466-4536-a17b-ec94e868cc5f,fUSD,0.00021,30,1,-30000.0,demand,2026-08-25T05:47:00.780320+00:00
0ced49f7-d466-4536-a17b-ec94e868cc5f,fUSD,0.000209,30,1,-6289.12258117,demand,2026-08-25T05:47:00.780320+00:00
0ced49f7-d466-4536-a17b-ec94e868cc5f,fUSD,0.00018010999999999998,120,1,-133240.73391109,demand,2026-08-25T05:47:00.780320+00:00
0ced49f7-d466-4536-a17b-ec94e868cc5f,fUSD,0.0001777,120,1,-23123.30278361,demand,2026-08-25T05:47:00.780320+00:00
0ced49f7-d466-4536-a17b-ec94e868cc5f,fUSD,0.000174,120,1,-12350.0,demand,2026-08-25T05:47:00.780320+00:00
0ced49f7-d466-4536-a17b-ec94e868cc5f,fUSD,0.0001713,120,1,-14000.0,demand,2026-08-25T05:47:00.780320+00:00
0ced49f7-d466-4536-a17b-ec94e868cc5f,fUSD,0.0001712,120,1,-20000.0,demand,2026-08-25T05:47:00.780320+00:00
0ced49f7-d466-4536-a17b-ec94e868cc5f,fUSD,0.00017111,120,1,-2000000.0,demand,2026-08-25T05:47:00.780320+00:00
0ced49f7-d466-4536-a17b-ec94e868cc5f,fUSD,0.00016,120,2,-10009162.66122322,demand,2026-08-25T05:47:00.780320+00:00
0ced49f7-d466-4536-a17b-ec94e868cc5f,fUSD,0.00016,7,1,-43.1419865,demand,2026-08-25T05:47:00.780320+00:00
0ced49f7-d466-4536-a17b-ec94e868cc5f,fUSD,0.000151,120,1,-10000.0,demand,2026-08-25T05:47:00.780320+00:00
0ced49f7-d466-4536-a17b-ec94e868cc5f,fUSD,0.00015,90,1,-19550.75,demand,2026-08-25T05:47:00.780320+00:00
0ced49f7-d466-4536-a17b-ec94e868cc5f,fUSD,0.00015,29,1,-136338.80737502,demand,2026-08-25T05:47:00.780320+00:00
0ced49f7-d466-4536-a17b-ec94e868cc5f,fUSD,0.00015,120,1,-500.0,demand,2026-08-25T05:47:00.780320+00:00
0ced49f7-d466-4536-a17b-ec94e868cc5f,fUSD,0.00015,2,1,-10000.0,demand,2026-08-25T05:47:00.780320+00:00
0ced49f7-d466-4536-a17b-ec94e868cc5f,fUSD,0.000145,7,1,-190.0,demand,2026-08-25T05:47:00.780320+00:00
0ced49f7-d466-4536-a17b-ec94e868cc5f,fUSD,0.00014252,120,1,-10770.76644364,demand,2026-08-25T05:47:00.780320+00:00
0ced49f7-d466-4536-a17b-ec94e868cc5f,fUSD,0.00014120000000000002,30,1,-13500.0,demand,2026-08-25T05:47:00.780320+00:00
0ced49f7-d466-4536-a17b-ec94e868cc5f,fUSD,0.00014,2,1,-80152.22673906,demand,2026-08-25T05:47:00.780320+00:00
0ced49f7-d466-4536-a17b-ec94e868cc5f,fUSD,0.0001342,2,1,-1147470.43373076,demand,2026-08-25T05:47:00.780320+00:00
0ced49f7-d466-4536-a17b-ec94e868cc5f,fUSD,0.0001340002,2,1,-600000.0,demand,2026-08-25T05:47:00.780320+00:00
0ced49f7-d466-4536-a17b-ec94e868cc5f,fUSD,0.000134,2,1,-2000000.0,demand,2026-08-25T05:47:00.780320+00:00
0ced49f7-d466-4536-a17b-ec94e868cc5f,fUSD,0.000131,13,1,-7000.0,demand,2026-08-25T05:47:00.780320+00:00
0ced49f7-d466-4536-a17b-ec94e868cc5f,fUSD,0.000143,2,1,603.54,offer,2026-08-25T05:47:00.780320+00:00
0ced49f7-d466-4536-a17b-ec94e868cc5f,fUSD,0.00014997,2,92,59045.6036475,offer,2026-08-25T05:47:00.780320+00:00
0ced49f7-d466-4536-a17b-ec94e868cc5f,fUSD,0.00014998,2,1,160.13,offer,2026-08-25T05:47:00.780320+00:00
0ced49f7-d466-4536-a17b-ec94e868cc5f,fUSD,0.00014998082191780822,2,1,347.8722599,offer,2026-08-25T05:47:00.780320+00:00
0ced49f7-d466-4536-a17b-ec94e868cc5f,fUSD,0.00014999,2,24,18508.86110132,offer,2026-08-25T05:47:00.780320+00:00
0ced49f7-d466-4536-a17b-ec94e868cc5f,fUSD,0.00015239,2,1,1143.65564199,offer,2026-08-25T05:47:00.780320+00:00
0ced49f7-d466-4536-a17b-ec94e868cc5f,fUSD,0.00015240999999999999,2,1,425.48325901,offer,2026-08-25T05:47:00.780320+00:00
0ced49f7-d466-4536-a17b-ec94e868cc5f,fUSD,0.00015499,2,2,2558.3,offer,2026-08-25T05:47:00.780320+00:00
0ced49f7-d466-4536-a17b-ec94e868cc5f,fUSD,0.000156189,2,3,745.66263916,offer,2026-08-25T05:47:00.780320+00:00
0ced49f7-d466-4536-a17b-ec94e868cc5f,fUSD,0.0001589788,2,1,314.08,offer,2026-08-25T05:47:00.780320+00:00
0ced49f7-d466-4536-a17b-ec94e868cc5f,fUSD,0.00016041,3,1,19460.78704027,offer,2026-08-25T05:47:00.780320+00:00
0ced49f7-d466-4536-a17b-ec94e868cc5f,fUSD,0.00016041,2,1,172.71,offer,2026-08-25T05:47:00.780320+00:00
0ced49f7-d466-4536-a17b-ec94e868cc5f,fUSD,0.00016041,5,1,497.70960809,offer,2026-08-25T05:47:00.780320+00:00
0ced49f7-d466-4536-a17b-ec94e868cc5f,fUSD,0.00016122,2,1,255.0,offer,2026-08-25T05:47:00.780320+00:00
0ced49f7-d466-4536-a17b-ec94e868cc5f,fUSD,0.000162,7,1,151.4590688,offer,2026-08-25T05:47:00.780320+00:00
0ced49f7-d466-4536-a17b-ec94e868cc5f,fUSD,0.0001626676,2,1,300.89,offer,2026-08-25T05:47:00.780320+00:00
0ced49f7-d466-4536-a17b-ec94e868cc5f,fUSD,0.000162789,2,1,150.0,offer,2026-08-25T05:47:00.780320+00:00
0ced49f7-d466-4536-a17b-ec94e868cc5f,fUSD,0.00016313999999999999,2,3,2295.42403197,offer,2026-08-25T05:47:00.780320+00:00
0ced49f7-d466-4536-a17b-ec94e868cc5f,fUSD,0.00016361,2,1,1066.37755321,offer,2026-08-25T05:47:00.780320+00:00
0ced49f7-d466-4536-a17b-ec94e868cc5f,fUSD,0.000164797128369863,2,1,169.05,offer,2026-08-25T05:47:00.780320+00:00
0ced49f7-d466-4536-a17b-ec94e868cc5f,fUSD,0.000164879,2,1,600.0,offer,2026-08-25T05:47:00.780320+00:00
0ced49f7-d466-4536-a17b-ec94e868cc5f,fUSD,0.00016498900000000002,2,1,303.3971266,offer,2026-08-25T05:47:00.780320+00:00
0ced49f7-d466-4536-a17b-ec94e868cc5f,fUSD,0.0001675015,2,1,150.0,offer,2026-08-25T05:47:00.780320+00:00
0ced49f7-d466-4536-a17b-ec94e868cc5f,fUSD,0.000168,7,1,151.4590688,offer,2026-08-25T05:47:00.780320+00:00
0ced49f7-d466-4536-a17b-ec94e868cc5f,fUSD,0.0001689692,2,1,169.81,offer,2026-08-25T05:47:00.780320+00:00
fe5e72fe-6d8b-4a75-85d3-14e6d5019fff,fUSD,0.000273972602739726,120,1,-7629115.64039899,demand,2026-08-25T06:47:00.967466+00:00
fe5e72fe-6d8b-4a75-85d3-14e6d5019fff,fUSD,0.00022,30,1,-30100.0,demand,2026-08-25T06:47:00.967466+00:00
fe5e72fe-6d8b-4a75-85d3-14e6d5019fff,fUSD,0.00021,30,1,-30000.0,demand,2026-08-25T06:47:00.967466+00:00
fe5e72fe-6d8b-4a75-85d3-14e6d5019fff,fUSD,0.000209,30,1,-6289.12258117,demand,2026-08-25T06:47:00.967466+00:00
fe5e72fe-6d8b-4a75-85d3-14e6d5019fff,fUSD,0.00018010999999999998,120,1,-133240.73391109,demand,2026-08-25T06:47:00.967466+00:00
fe5e72fe-6d8b-4a75-85d3-14e6d5019fff,fUSD,0.0001777,120,1,-23123.30278361,demand,2026-08-25T06:47:00.967466+00:00
fe5e72fe-6d8b-4a75-85d3-14e6d5019fff,fUSD,0.000174,120,1,-12350.0,demand,2026-08-25T06:47:00.967466+00:00
fe5e72fe-6d8b-4a75-85d3-14e6d5019fff,fUSD,0.0001713,120,1,-14000.0,demand,2026-08-25T06:47:00.967466+00:00
fe5e72fe-6d8b-4a75-85d3-14e6d5019fff,fUSD,0.0001712,120,1,-20000.0,demand,2026-08-25T06:47:00.967466+00:00
fe5e72fe-6d8b-4a75-85d3-14e6d5019fff,fUSD,0.00017111,120,1,-2000000.0,demand,2026-08-25T06:47:00.967466+00:00
fe5e72fe-6d8b-4a75-85d3-14e6d5019fff,fUSD,0.00016,120,2,-10009162.66122322,demand,2026-08-25T06:47:00.967466+00:00
fe5e72fe-6d8b-4a75-85d3-14e6d5019fff,fUSD,0.000151,120,1,-10000.0,demand,2026-08-25T06:47:00.967466+00:00
fe5e72fe-6d8b-4a75-85d3-14e6d5019fff,fUSD,0.00015,90,1,-19550.75,demand,2026-08-25T06:47:00.967466+00:00
fe5e72fe-6d8b-4a75-85d3-14e6d5019fff,fUSD,0.00015,29,1,-136338.80737502,demand,2026-08-25T06:47:00.967466+00:00
fe5e72fe-6d8b-4a75-85d3-14e6d5019fff,fUSD,0.00015,120,1,-500.0,demand,2026-08-25T06:47:00.967466+00:00
fe5e72fe-6d8b-4a75-85d3-14e6d5019fff,fUSD,0.00015,2,1,-10000.0,demand,2026-08-25T06:47:00.967466+00:00
fe5e72fe-6d8b-4a75-85d3-14e6d5019fff,fUSD,0.000145,7,1,-190.0,demand,2026-08-25T06:47:00.967466+00:00
fe5e72fe-6d8b-4a75-85d3-14e6d5019fff,fUSD,0.00014252,120,1,-10770.76644364,demand,2026-08-25T06:47:00.967466+00:00
fe5e72fe-6d8b-4a75-85d3-14e6d5019fff,fUSD,0.00014120000000000002,30,1,-13500.0,demand,2026-08-25T06:47:00.967466+00:00
fe5e72fe-6d8b-4a75-85d3-14e6d5019fff,fUSD,0.00014,2,1,-80152.22673906,demand,2026-08-25T06:47:00.967466+00:00
fe5e72fe-6d8b-4a75-85d3-14e6d5019fff,fUSD,0.0001342,2,1,-1147470.43373076,demand,2026-08-25T06:47:00.967466+00:00
fe5e72fe-6d8b-4a75-85d3-14e6d5019fff,fUSD,0.0001340002,2,1,-600000.0,demand,2026-08-25T06:47:00.967466+00:00
fe5e72fe-6d8b-4a75-85d3-14e6d5019fff,fUSD,0.000134,2,1,-2000000.0,demand,2026-08-25T06:47:00.967466+00:00
fe5e72fe-6d8b-4a75-85d3-14e6d5019fff,fUSD,0.000131,13,1,-7000.0,demand,2026-08-25T06:47:00.967466+00:00
fe5e72fe-6d8b-4a75-85d3-14e6d5019fff,fUSD,0.00013,2,1,-2000000.0,demand,2026-08-25T06:47:00.967466+00:00
fe5e72fe-6d8b-4a75-85d3-14e6d5019fff,fUSD,0.00015568,2,1,150.0,offer,2026-08-25T06:47:00.967466+00:00
fe5e72fe-6d8b-4a75-85d3-14e6d5019fff,fUSD,0.00015717,2,1,150.0,offer,2026-08-25T06:47:00.967466+00:00
fe5e72fe-6d8b-4a75-85d3-14e6d5019fff,fUSD,0.0001574895,2,1,250.0,offer,2026-08-25T06:47:00.967466+00:00
fe5e72fe-6d8b-4a75-85d3-14e6d5019fff,fUSD,0.00015867,2,1,292.0,offer,2026-08-25T06:47:00.967466+00:00
fe5e72fe-6d8b-4a75-85d3-14e6d5019fff,fUSD,0.0001589788,2,1,327.42,offer,2026-08-25T06:47:00.967466+00:00
fe5e72fe-6d8b-4a75-85d3-14e6d5019fff,fUSD,0.0001619892,7,1,318.78936909,offer,2026-08-25T06:47:00.967466+00:00
fe5e72fe-6d8b-4a75-85d3-14e6d5019fff,fUSD,0.0001620644,2,1,306.63,offer,2026-08-25T06:47:00.967466+00:00
fe5e72fe-6d8b-4a75-85d3-14e6d5019fff,fUSD,0.00016388900000000002,2,4,1003.27522262,offer,2026-08-25T06:47:00.967466+00:00
fe5e72fe-6d8b-4a75-85d3-14e6d5019fff,fUSD,0.0001649443,2,1,306.63,offer,2026-08-25T06:47:00.967466+00:00
fe5e72fe-6d8b-4a75-85d3-14e6d5019fff,fUSD,0.00016498900000000002,2,3,1012.87462984,offer,2026-08-25T06:47:00.967466+00:00
fe5e72fe-6d8b-4a75-85d3-14e6d5019fff,fUSD,0.0001669283,2,1,306.63,offer,2026-08-25T06:47:00.967466+00:00
fe5e72fe-6d8b-4a75-85d3-14e6d5019fff,fUSD,0.00016798,2,5,2153.22598205,offer,2026-08-25T06:47:00.967466+00:00
fe5e72fe-6d8b-4a75-85d3-14e6d5019fff,fUSD,0.00016873,2,1,1854.85612996,offer,2026-08-25T06:47:00.967466+00:00
fe5e72fe-6d8b-4a75-85d3-14e6d5019fff,fUSD,0.00017024,2,1,392.0,offer,2026-08-25T06:47:00.967466+00:00
fe5e72fe-6d8b-4a75-85d3-14e6d5019fff,fUSD,0.00017639,2,1,817.0,offer,2026-08-25T06:47:00.967466+00:00
fe5e72fe-6d8b-4a75-85d3-14e6d5019fff,fUSD,0.000184995,2,1,209.11600828,offer,2026-08-25T06:47:00.967466+00:00
fe5e72fe-6d8b-4a75-85d3-14e6d5019fff,fUSD,0.0001868975,2,1,1852.42,offer,2026-08-25T06:47:00.967466+00:00
fe5e72fe-6d8b-4a75-85d3-14e6d5019fff,fUSD,0.0001880001,2,1,6151.48,offer,2026-08-25T06:47:00.967466+00:00
fe5e72fe-6d8b-4a75-85d3-14e6d5019fff,fUSD,0.0001891664,2,1,2194.97,offer,2026-08-25T06:47:00.967466+00:00
fe5e72fe-6d8b-4a75-85d3-14e6d5019fff,fUSD,0.0001897243,2,1,924.3,offer,2026-08-25T06:47:00.967466+00:00
fe5e72fe-6d8b-4a75-85d3-14e6d5019fff,fUSD,0.0001897633,2,1,651.08,offer,2026-08-25T06:47:00.967466+00:00
fe5e72fe-6d8b-4a75-85d3-14e6d5019fff,fUSD,0.0001900336,2,1,200.0,offer,2026-08-25T06:47:00.967466+00:00
fe5e72fe-6d8b-4a75-85d3-14e6d5019fff,fUSD,0.0001910162016,2,1,5463.64,offer,2026-08-25T06:47:00.967466+00:00
fe5e72fe-6d8b-4a75-85d3-14e6d5019fff,fUSD,0.0001914757,3,1,253.56,offer,2026-08-25T06:47:00.967466+00:00
fe5e72fe-6d8b-4a75-85d3-14e6d5019fff,fUSD,0.00019147671232876712,3,1,500.0,offer,2026-08-25T06:47:00.967466+00:00
57e55454-57a8-46b5-beba-eb04ca6e76a7,fUSD,0.000273972602739726,120,1,-7611430.33407856,demand,2026-08-25T07:47:01.090141+00:00
57e55454-57a8-46b5-beba-eb04ca6e76a7,fUSD,0.00022,30,1,-30100.0,demand,2026-08-25T07:47:01.090141+00:00
57e55454-57a8-46b5-beba-eb04ca6e76a7,fUSD,0.00021,30,1,-30000.0,demand,2026-08-25T07:47:01.090141+00:00
57e55454-57a8-46b5-beba-eb04ca6e76a7,fUSD,0.000209,30,1,-6289.12258117,demand,2026-08-25T07:47:01.090141+00:00
57e55454-57a8-46b5-beba-eb04ca6e76a7,fUSD,0.00018010999999999998,120,1,-133240.73391109,demand,2026-08-25T07:47:01.090141+00:00
57e55454-57a8-46b5-beba-eb04ca6e76a7,fUSD,0.0001777,120,1,-23123.30278361,demand,2026-08-25T07:47:01.090141+00:00
57e55454-57a8-46b5-beba-eb04ca6e76a7,fUSD,0.000174,120,1,-12350.0,demand,2026-08-25T07:47:01.090141+00:00
57e55454-57a8-46b5-beba-eb04ca6e76a7,fUSD,0.0001713,120,1,-14000.0,demand,2026-08-25T07:47:01.090141+00:00
57e55454-57a8-46b5-beba-eb04ca6e76a7,fUSD,0.0001712,120,1,-20000.0,demand,2026-08-25T07:47:01.090141+00:00
57e55454-57a8-46b5-beba-eb04ca6e76a7,fUSD,0.00017111,120,1,-2000000.0,demand,2026-08-25T07:47:01.090141+00:00
57e55454-57a8-46b5-beba-eb04ca6e76a7,fUSD,0.00016,120,2,-10009162.66122322,demand,2026-08-25T07:47:01.090141+00:00
57e55454-57a8-46b5-beba-eb04ca6e76a7,fUSD,0.000151,120,1,-10000.0,demand,2026-08-25T07:47:01.090141+00:00
57e55454-57a8-46b5-beba-eb04ca6e76a7,fUSD,0.00015,90,1,-19550.75,demand,2026-08-25T07:47:01.090141+00:00
57e55454-57a8-46b5-beba-eb04ca6e76a7,fUSD,0.00015,29,1,-136338.80737502,demand,2026-08-25T07:47:01.090141+00:00
57e55454-57a8-46b5-beba-eb04ca6e76a7,fUSD,0.00015,120,1,-500.0,demand,2026-08-25T07:47:01.090141+00:00
57e55454-57a8-46b5-beba-eb04ca6e76a7,fUSD,0.00015,2,1,-10000.0,demand,2026-08-25T07:47:01.090141+00:00
57e55454-57a8-46b5-beba-eb04ca6e76a7,fUSD,0.00014899,2,6,-2092.43564941,demand,2026-08-25T07:47:01.090141+00:00
57e55454-57a8-46b5-beba-eb04ca6e76a7,fUSD,0.000145,7,1,-190.0,demand,2026-08-25T07:47:01.090141+00:00
57e55454-57a8-46b5-beba-eb04ca6e76a7,fUSD,0.00014252,120,1,-10770.76644364,demand,2026-08-25T07:47:01.090141+00:00
57e55454-57a8-46b5-beba-eb04ca6e76a7,fUSD,0.00014120000000000002,30,1,-13500.0,demand,2026-08-25T07:47:01.090141+00:00
57e55454-57a8-46b5-beba-eb04ca6e76a7,fUSD,0.00014,2,1,-38723.52442006,demand,2026-08-25T07:47:01.090141+00:00
57e55454-57a8-46b5-beba-eb04ca6e76a7,fUSD,0.0001342,2,1,-1147470.43373076,demand,2026-08-25T07:47:01.090141+00:00
57e55454-57a8-46b5-beba-eb04ca6e76a7,fUSD,0.0001340002,2,1,-600000.0,demand,2026-08-25T07:47:01.090141+00:00
57e55454-57a8-46b5-beba-eb04ca6e76a7,fUSD,0.000134,2,1,-2000000.0,demand,2026-08-25T07:47:01.090141+00:00
57e55454-57a8-46b5-beba-eb04ca6e76a7,fUSD,0.000131,13,1,-7000.0,demand,2026-08-25T07:47:01.090141+00:00
57e55454-57a8-46b5-beba-eb04ca6e76a7,fUSD,0.000178,30,1,19978.03394829,offer,2026-08-25T07:47:01.090141+00:00
57e55454-57a8-46b5-beba-eb04ca6e76a7,fUSD,0.0002590013,2,1,237.36,offer,2026-08-25T07:47:01.090141+00:00
57e55454-57a8-46b5-beba-eb04ca6e76a7,fUSD,0.0002602739726027397,2,1,150.0,offer,2026-08-25T07:47:01.090141+00:00
57e55454-57a8-46b5-beba-eb04ca6e76a7,fUSD,0.00026081,2,1,156.59,offer,2026-08-25T07:47:01.090141+00:00
57e55454-57a8-46b5-beba-eb04ca6e76a7,fUSD,0.00026094,2,1,158.21,offer,2026-08-25T07:47:01.090141+00:00
57e55454-57a8-46b5-beba-eb04ca6e76a7,fUSD,0.000262,7,1,1200.0,offer,2026-08-25T07:47:01.090141+00:00
57e55454-57a8-46b5-beba-eb04ca6e76a7,fUSD,0.000263,2,1,152.0,offer,2026-08-25T07:47:01.090141+00:00
57e55454-57a8-46b5-beba-eb04ca6e76a7,fUSD,0.00026476,2,1,161.04,offer,2026-08-25T07:47:01.090141+00:00
57e55454-57a8-46b5-beba-eb04ca6e76a7,fUSD,0.00026535827397260273,4,1,500.0,offer,2026-08-25T07:47:01.090141+00:00
57e55454-57a8-46b5-beba-eb04ca6e76a7,fUSD,0.0002666,7,1,161.04,offer,2026-08-25T07:47:01.090141+00:00
57e55454-57a8-46b5-beba-eb04ca6e76a7,fUSD,0.000267019686,2,5,1964.62036697,offer,2026-08-25T07:47:01.090141+00:00
57e55454-57a8-46b5-beba-eb04ca6e76a7,fUSD,0.000267029686,2,33,9979.0526561,offer,2026-08-25T07:47:01.090141+00:00
57e55454-57a8-46b5-beba-eb04ca6e76a7,fUSD,0.00026718,2,2,1000.0,offer,2026-08-25T07:47:01.090141+00:00
57e55454-57a8-46b5-beba-eb04ca6e76a7,fUSD,0.00026719,4,7,18499.38158384,offer,2026-08-25T07:47:01.090141+00:00
57e55454-57a8-46b5-beba-eb04ca6e76a7,fUSD,0.00026719,2,10,121748.67138349,offer,2026-08-25T07:47:01.090141+00:00
57e55454-57a8-46b5-beba-eb04ca6e76a7,fUSD,0.0002672465,2,1,197.12,offer,2026-08-25T07:47:01.090141+00:00
57e55454-57a8-46b5-beba-eb04ca6e76a7,fUSD,0.00026732054794520547,2,1,500.0,offer,2026-08-25T07:47:01.090141+00:00
57e55454-57a8-46b5-beba-eb04ca6e76a7,fUSD,0.00026748,2,1,251.2783443,offer,2026-08-25T07:47:01.090141+00:00
57e55454-57a8-46b5-beba-eb04ca6e76a7,fUSD,0.0002676042,2,1,500.0,offer,2026-08-25T07:47:01.090141+00:00
57e55454-57a8-46b5-beba-eb04ca6e76a7,fUSD,0.000267828125,3,1,152.0,offer,2026-08-25T07:47:01.090141+00:00
57e55454-57a8-46b5-beba-eb04ca6e76a7,fUSD,0.000268,7,1,500.0,offer,2026-08-25T07:47:01.090141+00:00
57e55454-57a8-46b5-beba-eb04ca6e76a7,fUSD,0.00026844,7,1,161.04,offer,2026-08-25T07:47:01.090141+00:00
57e55454-57a8-46b5-beba-eb04ca6e76a7,fUSD,0.0002692,2,1,462.87,offer,2026-08-25T07:47:01.090141+00:00
57e55454-57a8-46b5-beba-eb04ca6e76a7,fUSD,0.00026920941675382515,5,2,14586.61661764,offer,2026-08-25T07:47:01.090141+00:00
57e55454-57a8-46b5-beba-eb04ca6e76a7,fUSD,0.00026923787809965687,5,2,17963.0,offer,2026-08-25T07:47:01.090141+00:00
f729aef3-cb5e-4464-b620-6c56eac18109,fUSD,0.000273972602739726,120,1,-7566430.42786193,demand,2026-08-25T08:47:00.910742+00:00
f729aef3-cb5e-4464-b620-6c56eac18109,fUSD,0.00022,30,1,-30100.0,demand,2026-08-25T08:47:00.910742+00:00
f729aef3-cb5e-4464-b620-6c56eac18109,fUSD,0.00021,30,1,-30000.0,demand,2026-08-25T08:47:00.910742+00:00
f729aef3-cb5e-4464-b620-6c56eac18109,fUSD,0.000209,30,1,-6289.12258117,demand,2026-08-25T08:47:00.910742+00:00
f729aef3-cb5e-4464-b620-6c56eac18109,fUSD,0.00018010999999999998,120,1,-133240.73391109,demand,2026-08-25T08:47:00.910742+00:00
f729aef3-cb5e-4464-b620-6c56eac18109,fUSD,0.0001777,120,1,-23123.30278361,demand,2026-08-25T08:47:00.910742+00:00
f729aef3-cb5e-4464-b620-6c56eac18109,fUSD,0.00017625,2,4,-1009.58031779,demand,2026-08-25T08:47:00.910742+00:00
f729aef3-cb5e-4464-b620-6c56eac18109,fUSD,0.000174,120,1,-12350.0,demand,2026-08-25T08:47:00.910742+00:00
f729aef3-cb5e-4464-b620-6c56eac18109,fUSD,0.0001713,120,1,-14000.0,demand,2026-08-25T08:47:00.910742+00:00
f729aef3-cb5e-4464-b620-6c56eac18109,fUSD,0.0001712,120,1,-20000.0,demand,2026-08-25T08:47:00.910742+00:00
f729aef3-cb5e-4464-b620-6c56eac18109,fUSD,0.00017111,120,1,-2000000.0,demand,2026-08-25T08:47:00.910742+00:00
f729aef3-cb5e-4464-b620-6c56eac18109,fUSD,0.00016,120,2,-10009162.66122322,demand,2026-08-25T08:47:00.910742+00:00
f729aef3-cb5e-4464-b620-6c56eac18109,fUSD,0.000151,120,1,-10000.0,demand,2026-08-25T08:47:00.910742+00:00
f729aef3-cb5e-4464-b620-6c56eac18109,fUSD,0.00015,90,1,-19550.75,demand,2026-08-25T08:47:00.910742+00:00
f729aef3-cb5e-4464-b620-6c56eac18109,fUSD,0.00015,29,1,-136338.80737502,demand,2026-08-25T08:47:00.910742+00:00
f729aef3-cb5e-4464-b620-6c56eac18109,fUSD,0.00015,120,1,-500.0,demand,2026-08-25T08:47:00.910742+00:00
f729aef3-cb5e-4464-b620-6c56eac18109,fUSD,0.00015,2,2,-3905497.11952311,demand,2026-08-25T08:47:00.910742+00:00
f729aef3-cb5e-4464-b620-6c56eac18109,fUSD,0.00014899,2,1,-381.70333162,demand,2026-08-25T08:47:00.910742+00:00
f729aef3-cb5e-4464-b620-6c56eac18109,fUSD,0.000145,7,1,-190.0,demand,2026-08-25T08:47:00.910742+00:00
f729aef3-cb5e-4464-b620-6c56eac18109,fUSD,0.00014252,120,1,-10770.76644364,demand,2026-08-25T08:47:00.910742+00:00
f729aef3-cb5e-4464-b620-6c56eac18109,fUSD,0.00014120000000000002,30,1,-13500.0,demand,2026-08-25T08:47:00.910742+00:00
f729aef3-cb5e-4464-b620-6c56eac18109,fUSD,0.00014,2,1,-38723.52442006,demand,2026-08-25T08:47:00.910742+00:00
f729aef3-cb5e-4464-b620-6c56eac18109,fUSD,0.0001342,2,1,-1147470.43373076,demand,2026-08-25T08:47:00.910742+00:00
f729aef3-cb5e-4464-b620-6c56eac18109,fUSD,0.0001340002,2,1,-600000.0,demand,2026-08-25T08:47:00.910742+00:00
f729aef3-cb5e-4464-b620-6c56eac18109,fUSD,0.000134,2,1,-2000000.0,demand,2026-08-25T08:47:00.910742+00:00
f729aef3-cb5e-4464-b620-6c56eac18109,fUSD,0.000196355,2,1,183.15545683,offer,2026-08-25T08:47:00.910742+00:00
f729aef3-cb5e-4464-b620-6c56eac18109,fUSD,0.0001973,2,1,150.0,offer,2026-08-25T08:47:00.910742+00:00
f729aef3-cb5e-4464-b620-6c56eac18109,fUSD,0.00019889,2,4,17607.47061998,offer,2026-08-25T08:47:00.910742+00:00
f729aef3-cb5e-4464-b620-6c56eac18109,fUSD,0.00019891,2,2,632.07884943,offer,2026-08-25T08:47:00.910742+00:00
f729aef3-cb5e-4464-b620-6c56eac18109,fUSD,0.00019926,2,1,150.0,offer,2026-08-25T08:47:00.910742+00:00
f729aef3-cb5e-4464-b620-6c56eac18109,fUSD,0.00019983003,2,5,755.0,offer,2026-08-25T08:47:00.910742+00:00
f729aef3-cb5e-4464-b620-6c56eac18109,fUSD,0.00019994,2,1,150.0,offer,2026-08-25T08:47:00.910742+00:00
f729aef3-cb5e-4464-b620-6c56eac18109,fUSD,0.00019997,2,1,173.15,offer,2026-08-25T08:47:00.910742+00:00
f729aef3-cb5e-4464-b620-6c56eac18109,fUSD,0.00019998082191780822,2,1,214.50664675,offer,2026-08-25T08:47:00.910742+00:00
f729aef3-cb5e-4464-b620-6c56eac18109,fUSD,0.00019999000000000001,7,1,182.87648558,offer,2026-08-25T08:47:00.910742+00:00
f729aef3-cb5e-4464-b620-6c56eac18109,fUSD,0.0002,2,6,32210.43413786,offer,2026-08-25T08:47:00.910742+00:00
f729aef3-cb5e-4464-b620-6c56eac18109,fUSD,0.0002000802,2,1,150.0,offer,2026-08-25T08:47:00.910742+00:00
f729aef3-cb5e-4464-b620-6c56eac18109,fUSD,0.00020009339999999998,7,1,186.98826218,offer,2026-08-25T08:47:00.910742+00:00
f729aef3-cb5e-4464-b620-6c56eac18109,fUSD,0.00020121,2,1,150.0,offer,2026-08-25T08:47:00.910742+00:00
f729aef3-cb5e-4464-b620-6c56eac18109,fUSD,0.000203,2,1,175.90688826,offer,2026-08-25T08:47:00.910742+00:00
f729aef3-cb5e-4464-b620-6c56eac18109,fUSD,0.00020316,2,1,150.0,offer,2026-08-25T08:47:00.910742+00:00
f729aef3-cb5e-4464-b620-6c56eac18109,fUSD,0.00020357,2,3,1500.0,offer,2026-08-25T08:47:00.910742+00:00
f729aef3-cb5e-4464-b620-6c56eac18109,fUSD,0.000205,2,6,7719.71073923,offer,2026-08-25T08:47:00.910742+00:00
f729aef3-cb5e-4464-b620-6c56eac18109,fUSD,0.0002050388296376517,3,1,158.91,offer,2026-08-25T08:47:00.910742+00:00
f729aef3-cb5e-4464-b620-6c56eac18109,fUSD,0.00020508,2,1,3139.0,offer,2026-08-25T08:47:00.910742+00:00
f729aef3-cb5e-4464-b620-6c56eac18109,fUSD,0.00020511122466225856,2,4,1756.23347234,offer,2026-08-25T08:47:00.910742+00:00
f729aef3-cb5e-4464-b620-6c56eac18109,fUSD,0.00020512,2,1,150.0,offer,2026-08-25T08:47:00.910742+00:00
f729aef3-cb5e-4464-b620-6c56eac18109,fUSD,0.00020548,2,1,249.82694561,offer,2026-08-25T08:47:00.910742+00:00
f729aef3-cb5e-4464-b620-6c56eac18109,fUSD,0.00020625,2,1,12500.0,offer,2026-08-25T08:47:00.910742+00:00
f729aef3-cb5e-4464-b620-6c56eac18109,fUSD,0.00020625,4,1,248.42413786,offer,2026-08-25T08:47:00.910742+00:00
1403fcc1-58ed-47ea-8175-7b6f0abefb35,fUSD,0.000273972602739726,120,1,-7558257.37006515,demand,2026-08-25T09:47:01.066022+00:00
1403fcc1-58ed-47ea-8175-7b6f0abefb35,fUSD,0.0002247699,2,1,-866.66,demand,2026-08-25T09:47:01.066022+00:00
1403fcc1-58ed-47ea-8175-7b6f0abefb35,fUSD,0.00022,30,1,-30100.0,demand,2026-08-25T09:47:01.066022+00:00
1403fcc1-58ed-47ea-8175-7b6f0abefb35,fUSD,0.00021,30,1,-30000.0,demand,2026-08-25T09:47:01.066022+00:00
1403fcc1-58ed-47ea-8175-7b6f0abefb35,fUSD,0.000209,30,1,-6289.12258117,demand,2026-08-25T09:47:01.066022+00:00
1403fcc1-58ed-47ea-8175-7b6f0abefb35,fUSD,0.00018010999999999998,120,1,-133240.73391109,demand,2026-08-25T09:47:01.066022+00:00
1403fcc1-58ed-47ea-8175-7b6f0abefb35,fUSD,0.0001777,120,1,-23123.30278361,demand,2026-08-25T09:47:01.066022+00:00
1403fcc1-58ed-47ea-8175-7b6f0abefb35,fUSD,0.000174,120,1,-12350.0,demand,2026-08-25T09:47:01.066022+00:00
1403fcc1-58ed-47ea-8175-7b6f0abefb35,fUSD,0.0001713,120,1,-14000.0,demand,2026-08-25T09:47:01.066022+00:00
1403fcc1-58ed-47ea-8175-7b6f0abefb35,fUSD,0.0001712,120,1,-20000.0,demand,2026-08-25T09:47:01.066022+00:00
1403fcc1-58ed-47ea-8175-7b6f0abefb35,fUSD,0.00017111,120,1,-2000000.0,demand,2026-08-25T09:47:01.066022+00:00
1403fcc1-58ed-47ea-8175-7b6f0abefb35,fUSD,0.00016,120,2,-10009162.66122322,demand,2026-08-25T09:47:01.066022+00:00
1403fcc1-58ed-47ea-8175-7b6f0abefb35,fUSD,0.000151,120,1,-10000.0,demand,2026-08-25T09:47:01.066022+00:00
1403fcc1-58ed-47ea-8175-7b6f0abefb35,fUSD,0.00015,90,1,-19550.75,demand,2026-08-25T09:47:01.066022+00:00
1403fcc1-58ed-47ea-8175-7b6f0abefb35,fUSD,0.00015,29,1,-136338.80737502,demand,2026-08-25T09:47:01.066022+00:00
1403fcc1-58ed-47ea-8175-7b6f0abefb35,fUSD,0.00015,120,1,-500.0,demand,2026-08-25T09:47:01.066022+00:00
1403fcc1-58ed-47ea-8175-7b6f0abefb35,fUSD,0.00015,2,2,-3832796.96482002,demand,2026-08-25T09:47:01.066022+00:00
1403fcc1-58ed-47ea-8175-7b6f0abefb35,fUSD,0.000145,7,1,-190.0,demand,2026-08-25T09:47:01.066022+00:00
1403fcc1-58ed-47ea-8175-7b6f0abefb35,fUSD,0.00014252,120,1,-10770.76644364,demand,2026-08-25T09:47:01.066022+00:00
1403fcc1-58ed-47ea-8175-7b6f0abefb35,fUSD,0.00014120000000000002,30,1,-13500.0,demand,2026-08-25T09:47:01.066022+00:00
1403fcc1-58ed-47ea-8175-7b6f0abefb35,fUSD,0.00014,2,1,-38723.52442006,demand,2026-08-25T09:47:01.066022+00:00
1403fcc1-58ed-47ea-8175-7b6f0abefb35,fUSD,0.0001342,2,1,-1147470.43373076,demand,2026-08-25T09:47:01.066022+00:00
1403fcc1-58ed-47ea-8175-7b6f0abefb35,fUSD,0.0001340002,2,1,-600000.0,demand,2026-08-25T09:47:01.066022+00:00
1403fcc1-58ed-47ea-8175-7b6f0abefb35,fUSD,0.000134,2,1,-2000000.0,demand,2026-08-25T09:47:01.066022+00:00
1403fcc1-58ed-47ea-8175-7b6f0abefb35,fUSD,0.000131,13,1,-7000.0,demand,2026-08-25T09:47:01.066022+00:00
1403fcc1-58ed-47ea-8175-7b6f0abefb35,fUSD,0.000225,2,1,2434.41903177,offer,2026-08-25T09:47:01.066022+00:00
1403fcc1-58ed-47ea-8175-7b6f0abefb35,fUSD,0.000227,2,1,2434.41903177,offer,2026-08-25T09:47:01.066022+00:00
1403fcc1-58ed-47ea-8175-7b6f0abefb35,fUSD,0.000227915,2,1,87.75848111,offer,2026-08-25T09:47:01.066022+00:00
1403fcc1-58ed-47ea-8175-7b6f0abefb35,fUSD,0.000228,2,1,1817.89000194,offer,2026-08-25T09:47:01.066022+00:00
1403fcc1-58ed-47ea-8175-7b6f0abefb35,fUSD,0.0002283694,2,1,304.86,offer,2026-08-25T09:47:01.066022+00:00
1403fcc1-58ed-47ea-8175-7b6f0abefb35,fUSD,0.00022837,7,1,324.23401837,offer,2026-08-25T09:47:01.066022+00:00
1403fcc1-58ed-47ea-8175-7b6f0abefb35,fUSD,0.00022875,2,1,500.0,offer,2026-08-25T09:47:01.066022+00:00
1403fcc1-58ed-47ea-8175-7b6f0abefb35,fUSD,0.0002287616438356164,2,3,756.64991677,offer,2026-08-25T09:47:01.066022+00:00
1403fcc1-58ed-47ea-8175-7b6f0abefb35,fUSD,0.00022891698630136986,2,4,1455.04191702,offer,2026-08-25T09:47:01.066022+00:00
1403fcc1-58ed-47ea-8175-7b6f0abefb35,fUSD,0.00022893,2,4,2058.06661593,offer,2026-08-25T09:47:01.066022+00:00
1403fcc1-58ed-47ea-8175-7b6f0abefb35,fUSD,0.00022893698630136985,2,6,1659.69551362,offer,2026-08-25T09:47:01.066022+00:00
1403fcc1-58ed-47ea-8175-7b6f0abefb35,fUSD,0.00022896,2,1,150.0,offer,2026-08-25T09:47:01.066022+00:00
1403fcc1-58ed-47ea-8175-7b6f0abefb35,fUSD,0.00022896438356164383,2,5,1589.99788339,offer,2026-08-25T09:47:01.066022+00:00
1403fcc1-58ed-47ea-8175-7b6f0abefb35,fUSD,0.00022896986301369863,2,6,2469.68774136,offer,2026-08-25T09:47:01.066022+00:00
1403fcc1-58ed-47ea-8175-7b6f0abefb35,fUSD,0.00022901369863013695,2,3,889.13548608,offer,2026-08-25T09:47:01.066022+00:00
1403fcc1-58ed-47ea-8175-7b6f0abefb35,fUSD,0.00022911506849315072,2,1,646.76,offer,2026-08-25T09:47:01.066022+00:00
1403fcc1-58ed-47ea-8175-7b6f0abefb35,fUSD,0.00022998841992,30,1,187.01,offer,2026-08-25T09:47:01.066022+00:00
1403fcc1-58ed-47ea-8175-7b6f0abefb35,fUSD,0.00023,2,3,9252.30903371,offer,2026-08-25T09:47:01.066022+00:00
1403fcc1-58ed-47ea-8175-7b6f0abefb35,fUSD,0.00023041206164383561,2,1,836.36,offer,2026-08-25T09:47:01.066022+00:00
1403fcc1-58ed-47ea-8175-7b6f0abefb35,fUSD,0.00023061,2,2,883.00577037,offer,2026-08-25T09:47:01.066022+00:00
1403fcc1-58ed-47ea-8175-7b6f0abefb35,fUSD,0.00023287,2,2,1000.0,offer,2026-08-25T09:47:01.066022+00:00
1403fcc1-58ed-47ea-8175-7b6f0abefb35,fUSD,0.0002352208,2,1,205.23,offer,2026-08-25T09:47:01.066022+00:00
1403fcc1-58ed-47ea-8175-7b6f0abefb35,fUSD,0.00023617,7,1,844.6,offer,2026-08-25T09:47:01.066022+00:00
1403fcc1-58ed-47ea-8175-7b6f0abefb35,fUSD,0.00023805828293369864,30,1,187.01,offer,2026-08-25T09:47:01.066022+00:00
1403fcc1-58ed-47ea-8175-7b6f0abefb35,fUSD,0.0002381191,2,1,164.97,offer,2026-08-25T09:47:01.066022+00:00
37d0bd24-80b6-4d36-ab00-e7a9e7dcb571,fUSD,0.000273972602739726,120,1,-7542464.27749542,demand,2026-08-25T10:47:00.991590+00:00
37d0bd24-80b6-4d36-ab00-e7a9e7dcb571,fUSD,0.00022,30,1,-30100.0,demand,2026-08-25T10:47:00.991590+00:00
37d0bd24-80b6-4d36-ab00-e7a9e7dcb571,fUSD,0.00021,30,1,-30000.0,demand,2026-08-25T10:47:00.991590+00:00
37d0bd24-80b6-4d36-ab00-e7a9e7dcb571,fUSD,0.000209,30,1,-6289.12258117,demand,2026-08-25T10:47:00.991590+00:00
37d0bd24-80b6-4d36-ab00-e7a9e7dcb571,fUSD,0.00018010999999999998,120,1,-133240.73391109,demand,2026-08-25T10:47:00.991590+00:00
37d0bd24-80b6-4d36-ab00-e7a9e7dcb571,fUSD,0.0001777,120,1,-23123.30278361,demand,2026-08-25T10:47:00.991590+00:00
37d0bd24-80b6-4d36-ab00-e7a9e7dcb571,fUSD,0.000174,120,1,-12350.0,demand,2026-08-25T10:47:00.991590+00:00
37d0bd24-80b6-4d36-ab00-e7a9e7dcb571,fUSD,0.0001713,120,1,-14000.0,demand,2026-08-25T10:47:00.991590+00:00
37d0bd24-80b6-4d36-ab00-e7a9e7dcb571,fUSD,0.0001712,120,1,-20000.0,demand,2026-08-25T10:47:00.991590+00:00
37d0bd24-80b6-4d36-ab00-e7a9e7dcb571,fUSD,0.00017111,120,1,-2000000.0,demand,2026-08-25T10:47:00.991590+00:00
37d0bd24-80b6-4d36-ab00-e7a9e7dcb571,fUSD,0.00016,120,2,-10009162.66122322,demand,2026-08-25T10:47:00.991590+00:00
37d0bd24-80b6-4d36-ab00-e7a9e7dcb571,fUSD,0.000152,30,3,-3350.0,demand,2026-08-25T10:47:00.991590+00:00
37d0bd24-80b6-4d36-ab00-e7a9e7dcb571,fUSD,0.000151,120,1,-10000.0,demand,2026-08-25T10:47:00.991590+00:00
37d0bd24-80b6-4d36-ab00-e7a9e7dcb571,fUSD,0.00015,90,1,-19550.75,demand,2026-08-25T10:47:00.991590+00:00
37d0bd24-80b6-4d36-ab00-e7a9e7dcb571,fUSD,0.00015,29,1,-136338.80737502,demand,2026-08-25T10:47:00.991590+00:00
37d0bd24-80b6-4d36-ab00-e7a9e7dcb571,fUSD,0.00015,120,1,-500.0,demand,2026-08-25T10:47:00.991590+00:00
37d0bd24-80b6-4d36-ab00-e7a9e7dcb571,fUSD,0.00015,2,2,-1204574.91677803,demand,2026-08-25T10:47:00.991590+00:00
37d0bd24-80b6-4d36-ab00-e7a9e7dcb571,fUSD,0.000145,7,1,-190.0,demand,2026-08-25T10:47:00.991590+00:00
37d0bd24-80b6-4d36-ab00-e7a9e7dcb571,fUSD,0.00014252,120,1,-10770.76644364,demand,2026-08-25T10:47:00.991590+00:00
37d0bd24-80b6-4d36-ab00-e7a9e7dcb571,fUSD,0.00014120000000000002,30,1,-13500.0,demand,2026-08-25T10:47:00.991590+00:00
37d0bd24-80b6-4d36-ab00-e7a9e7dcb571,fUSD,0.00014,2,1,-38723.52442006,demand,2026-08-25T10:47:00.991590+00:00
37d0bd24-80b6-4d36-ab00-e7a9e7dcb571,fUSD,0.0001342,2,1,-1147470.43373076,demand,2026-08-25T10:47:00.991590+00:00
37d0bd24-80b6-4d36-ab00-e7a9e7dcb571,fUSD,0.0001340002,2,1,-600000.0,demand,2026-08-25T10:47:00.991590+00:00
37d0bd24-80b6-4d36-ab00-e7a9e7dcb571,fUSD,0.000134,2,1,-2000000.0,demand,2026-08-25T10:47:00.991590+00:00
37d0bd24-80b6-4d36-ab00-e7a9e7dcb571,fUSD,0.000131,13,1,-7000.0,demand,2026-08-25T10:47:00.991590+00:00
37d0bd24-80b6-4d36-ab00-e7a9e7dcb571,fUSD,0.00024370000000000001,2,2,859.26579496,offer,2026-08-25T10:47:00.991590+00:00
37d0bd24-80b6-4d36-ab00-e7a9e7dcb571,fUSD,0.00024371,2,9,497440.74157817,offer,2026-08-25T10:47:00.991590+00:00
37d0bd24-80b6-4d36-ab00-e7a9e7dcb571,fUSD,0.00024379,2,7,7000.0,offer,2026-08-25T10:47:00.991590+00:00
37d0bd24-80b6-4d36-ab00-e7a9e7dcb571,fUSD,0.00024397260273972604,2,2,1000.0,offer,2026-08-25T10:47:00.991590+00:00
37d0bd24-80b6-4d36-ab00-e7a9e7dcb571,fUSD,0.00024451643835616437,2,1,151.2590467,offer,2026-08-25T10:47:00.991590+00:00
37d0bd24-80b6-4d36-ab00-e7a9e7dcb571,fUSD,0.0002460722,2,1,6676.77666298,offer,2026-08-25T10:47:00.991590+00:00
37d0bd24-80b6-4d36-ab00-e7a9e7dcb571,fUSD,0.0002463033,2,1,869.44675183,offer,2026-08-25T10:47:00.991590+00:00
37d0bd24-80b6-4d36-ab00-e7a9e7dcb571,fUSD,0.0002465082,2,2,368.43,offer,2026-08-25T10:47:00.991590+00:00
37d0bd24-80b6-4d36-ab00-e7a9e7dcb571,fUSD,0.0002465753424657534,2,3,619.36,offer,2026-08-25T10:47:00.991590+00:00
37d0bd24-80b6-4d36-ab00-e7a9e7dcb571,fUSD,0.00024658,2,2,413.06,offer,2026-08-25T10:47:00.991590+00:00
37d0bd24-80b6-4d36-ab00-e7a9e7dcb571,fUSD,0.0002467013,2,1,150.0,offer,2026-08-25T10:47:00.991590+00:00
37d0bd24-80b6-4d36-ab00-e7a9e7dcb571,fUSD,0.0002470148,2,1,771.28,offer,2026-08-25T10:47:00.991590+00:00
37d0bd24-80b6-4d36-ab00-e7a9e7dcb571,fUSD,0.0002471029,2,1,805.5,offer,2026-08-25T10:47:00.991590+00:00
37d0bd24-80b6-4d36-ab00-e7a9e7dcb571,fUSD,0.0002472193,2,1,200.0,offer,2026-08-25T10:47:00.991590+00:00
37d0bd24-80b6-4d36-ab00-e7a9e7dcb571,fUSD,0.0002473711,2,1,1000.0,offer,2026-08-25T10:47:00.991590+00:00
37d0bd24-80b6-4d36-ab00-e7a9e7dcb571,fUSD,0.00024802,7,2,413.06,offer,2026-08-25T10:47:00.991590+00:00
37d0bd24-80b6-4d36-ab00-e7a9e7dcb571,fUSD,0.0002480611,2,1,4070.04,offer,2026-08-25T10:47:00.991590+00:00
37d0bd24-80b6-4d36-ab00-e7a9e7dcb571,fUSD,0.00024850383333333334,2,5,988.74767961,offer,2026-08-25T10:47:00.991590+00:00
37d0bd24-80b6-4d36-ab00-e7a9e7dcb571,fUSD,0.0002485842,5,1,498.46179768,offer,2026-08-25T10:47:00.991590+00:00
37d0bd24-80b6-4d36-ab00-e7a9e7dcb571,fUSD,0.000248987668,2,1,167.51,offer,2026-08-25T10:47:00.991590+00:00
37d0bd24-80b6-4d36-ab00-e7a9e7dcb571,fUSD,0.000249134,2,1,5161.53,offer,2026-08-25T10:47:00.991590+00:00
37d0bd24-80b6-4d36-ab00-e7a9e7dcb571,fUSD,0.0002494344,2,1,6676.77666298,offer,2026-08-25T10:47:00.991590+00:00
37d0bd24-80b6-4d36-ab00-e7a9e7dcb571,fUSD,0.00024946,30,1,221.12,offer,2026-08-25T10:47:00.991590+00:00
37d0bd24-80b6-4d36-ab00-e7a9e7dcb571,fUSD,0.0002496181,2,1,234.93,offer,2026-08-25T10:47:00.991590+00:00
37d0bd24-80b6-4d36-ab00-e7a9e7dcb571,fUSD,0.0002496367,2,1,869.44675183,offer,2026-08-25T10:47:00.991590+00:00
a06206a2-0f7e-47dd-9aee-65aee5abceda,fUSD,0.000273972602739726,120,1,-7537572.61064608,demand,2026-08-25T11:47:00.978853+00:00
a06206a2-0f7e-47dd-9aee-65aee5abceda,fUSD,0.00022,30,1,-30100.0,demand,2026-08-25T11:47:00.978853+00:00
a06206a2-0f7e-47dd-9aee-65aee5abceda,fUSD,0.00021,30,1,-30000.0,demand,2026-08-25T11:47:00.978853+00:00
a06206a2-0f7e-47dd-9aee-65aee5abceda,fUSD,0.000209,30,1,-6289.12258117,demand,2026-08-25T11:47:00.978853+00:00
a06206a2-0f7e-47dd-9aee-65aee5abceda,fUSD,0.00018010999999999998,120,1,-133240.73391109,demand,2026-08-25T11:47:00.978853+00:00
a06206a2-0f7e-47dd-9aee-65aee5abceda,fUSD,0.0001777,120,1,-23123.30278361,demand,2026-08-25T11:47:00.978853+00:00
a06206a2-0f7e-47dd-9aee-65aee5abceda,fUSD,0.000174,120,1,-12350.0,demand,2026-08-25T11:47:00.978853+00:00
a06206a2-0f7e-47dd-9aee-65aee5abceda,fUSD,0.0001713,120,1,-14000.0,demand,2026-08-25T11:47:00.978853+00:00
a06206a2-0f7e-47dd-9aee-65aee5abceda,fUSD,0.0001712,120,1,-20000.0,demand,2026-08-25T11:47:00.978853+00:00
a06206a2-0f7e-47dd-9aee-65aee5abceda,fUSD,0.00017111,120,1,-2000000.0,demand,2026-08-25T11:47:00.978853+00:00
a06206a2-0f7e-47dd-9aee-65aee5abceda,fUSD,0.00016,120,2,-10009162.66122322,demand,2026-08-25T11:47:00.978853+00:00
a06206a2-0f7e-47dd-9aee-65aee5abceda,fUSD,0.000152,30,3,-3350.0,demand,2026-08-25T11:47:00.978853+00:00
a06206a2-0f7e-47dd-9aee-65aee5abceda,fUSD,0.000151,120,1,-10000.0,demand,2026-08-25T11:47:00.978853+00:00
a06206a2-0f7e-47dd-9aee-65aee5abceda,fUSD,0.00015,90,1,-19550.75,demand,2026-08-25T11:47:00.978853+00:00
a06206a2-0f7e-47dd-9aee-65aee5abceda,fUSD,0.00015,29,1,-136338.80737502,demand,2026-08-25T11:47:00.978853+00:00
a06206a2-0f7e-47dd-9aee-65aee5abceda,fUSD,0.00015,120,1,-500.0,demand,2026-08-25T11:47:00.978853+00:00
a06206a2-0f7e-47dd-9aee-65aee5abceda,fUSD,0.00015,2,2,-333603.62040965,demand,2026-08-25T11:47:00.978853+00:00
a06206a2-0f7e-47dd-9aee-65aee5abceda,fUSD,0.000145,7,1,-190.0,demand,2026-08-25T11:47:00.978853+00:00
a06206a2-0f7e-47dd-9aee-65aee5abceda,fUSD,0.00014252,120,1,-10770.76644364,demand,2026-08-25T11:47:00.978853+00:00
a06206a2-0f7e-47dd-9aee-65aee5abceda,fUSD,0.00014120000000000002,30,1,-13500.0,demand,2026-08-25T11:47:00.978853+00:00
a06206a2-0f7e-47dd-9aee-65aee5abceda,fUSD,0.0001342,2,1,-1147470.43373076,demand,2026-08-25T11:47:00.978853+00:00
a06206a2-0f7e-47dd-9aee-65aee5abceda,fUSD,0.0001340002,2,1,-600000.0,demand,2026-08-25T11:47:00.978853+00:00
a06206a2-0f7e-47dd-9aee-65aee5abceda,fUSD,0.000134,2,1,-2000000.0,demand,2026-08-25T11:47:00.978853+00:00
a06206a2-0f7e-47dd-9aee-65aee5abceda,fUSD,0.000131,13,1,-7000.0,demand,2026-08-25T11:47:00.978853+00:00
a06206a2-0f7e-47dd-9aee-65aee5abceda,fUSD,0.00013,2,1,-2000000.0,demand,2026-08-25T11:47:00.978853+00:00
a06206a2-0f7e-47dd-9aee-65aee5abceda,fUSD,0.0002,2,1,13860.72153906,offer,2026-08-25T11:47:00.978853+00:00
a06206a2-0f7e-47dd-9aee-65aee5abceda,fUSD,0.00020600000000000002,2,1,150.0,offer,2026-08-25T11:47:00.978853+00:00
a06206a2-0f7e-47dd-9aee-65aee5abceda,fUSD,0.000212,2,1,411.52,offer,2026-08-25T11:47:00.978853+00:00
a06206a2-0f7e-47dd-9aee-65aee5abceda,fUSD,0.00021999999999999998,2,1,150.0,offer,2026-08-25T11:47:00.978853+00:00
a06206a2-0f7e-47dd-9aee-65aee5abceda,fUSD,0.0002298,2,1,150.0,offer,2026-08-25T11:47:00.978853+00:00
a06206a2-0f7e-47dd-9aee-65aee5abceda,fUSD,0.0002346610281695099,2,1,160.0,offer,2026-08-25T11:47:00.978853+00:00
a06206a2-0f7e-47dd-9aee-65aee5abceda,fUSD,0.00023970000000000003,2,1,502.14,offer,2026-08-25T11:47:00.978853+00:00
a06206a2-0f7e-47dd-9aee-65aee5abceda,fUSD,0.0002465753424657534,7,1,1000.0,offer,2026-08-25T11:47:00.978853+00:00
a06206a2-0f7e-47dd-9aee-65aee5abceda,fUSD,0.00024658,2,2,343.36,offer,2026-08-25T11:47:00.978853+00:00
a06206a2-0f7e-47dd-9aee-65aee5abceda,fUSD,0.0002495,2,1,502.14,offer,2026-08-25T11:47:00.978853+00:00
a06206a2-0f7e-47dd-9aee-65aee5abceda,fUSD,0.00024999,2,11,4996.00829717,offer,2026-08-25T11:47:00.978853+00:00
a06206a2-0f7e-47dd-9aee-65aee5abceda,fUSD,0.00025216,2,2,1144.74049703,offer,2026-08-25T11:47:00.978853+00:00
a06206a2-0f7e-47dd-9aee-65aee5abceda,fUSD,0.000253118349306,2,1,199.77224549,offer,2026-08-25T11:47:00.978853+00:00
a06206a2-0f7e-47dd-9aee-65aee5abceda,fUSD,0.0002541076,2,1,150.35,offer,2026-08-25T11:47:00.978853+00:00
a06206a2-0f7e-47dd-9aee-65aee5abceda,fUSD,0.00025600000000000004,2,1,199.5,offer,2026-08-25T11:47:00.978853+00:00
a06206a2-0f7e-47dd-9aee-65aee5abceda,fUSD,0.00025645626198,2,1,199.77224549,offer,2026-08-25T11:47:00.978853+00:00
a06206a2-0f7e-47dd-9aee-65aee5abceda,fUSD,0.0002594,2,1,502.14,offer,2026-08-25T11:47:00.978853+00:00
a06206a2-0f7e-47dd-9aee-65aee5abceda,fUSD,0.000259794174653,2,1,199.77224549,offer,2026-08-25T11:47:00.978853+00:00
a06206a2-0f7e-47dd-9aee-65aee5abceda,fUSD,0.00026027,2,7,4603.27,offer,2026-08-25T11:47:00.978853+00:00
a06206a2-0f7e-47dd-9aee-65aee5abceda,fUSD,0.0002602739726027397,2,1,150.0,offer,2026-08-25T11:47:00.978853+00:00
a06206a2-0f7e-47dd-9aee-65aee5abceda,fUSD,0.00026179,7,5,4259.91,offer,2026-08-25T11:47:00.978853+00:00
a06206a2-0f7e-47dd-9aee-65aee5abceda,fUSD,0.0002618,2,1,200.0,offer,2026-08-25T11:47:00.978853+00:00
a06206a2-0f7e-47dd-9aee-65aee5abceda,fUSD,0.00026183835618,2,2,948.52,offer,2026-08-25T11:47:00.978853+00:00
a06206a2-0f7e-47dd-9aee-65aee5abceda,fUSD,0.00026191780823,2,1,648.12,offer,2026-08-25T11:47:00.978853+00:00
a06206a2-0f7e-47dd-9aee-65aee5abceda,fUSD,0.000263132087327,2,1,199.77224549,offer,2026-08-25T11:47:00.978853+00:00
db1a555b-4f22-4b69-948a-9262800f7639,fUSD,0.000273972602739726,120,1,-7518225.40541548,demand,2026-08-25T12:47:00.785086+00:00
db1a555b-4f22-4b69-948a-9262800f7639,fUSD,0.00022,30,1,-30100.0,demand,2026-08-25T12:47:00.785086+00:00
db1a555b-4f22-4b69-948a-9262800f7639,fUSD,0.00021,30,1,-30000.0,demand,2026-08-25T12:47:00.785086+00:00
db1a555b-4f22-4b69-948a-9262800f7639,fUSD,0.000209,30,1,-6289.12258117,demand,2026-08-25T12:47:00.785086+00:00
db1a555b-4f22-4b69-948a-9262800f7639,fUSD,0.0002,7,1,-150.0,demand,2026-08-25T12:47:00.785086+00:00
db1a555b-4f22-4b69-948a-9262800f7639,fUSD,0.00018010999999999998,120,1,-133240.73391109,demand,2026-08-25T12:47:00.785086+00:00
db1a555b-4f22-4b69-948a-9262800f7639,fUSD,0.0001777,120,1,-23123.30278361,demand,2026-08-25T12:47:00.785086+00:00
db1a555b-4f22-4b69-948a-9262800f7639,fUSD,0.000174,120,1,-12350.0,demand,2026-08-25T12:47:00.785086+00:00
db1a555b-4f22-4b69-948a-9262800f7639,fUSD,0.0001713,120,1,-14000.0,demand,2026-08-25T12:47:00.785086+00:00
db1a555b-4f22-4b69-948a-9262800f7639,fUSD,0.0001712,120,1,-20000.0,demand,2026-08-25T12:47:00.785086+00:00
db1a555b-4f22-4b69-948a-9262800f7639,fUSD,0.00017111,120,1,-2000000.0,demand,2026-08-25T12:47:00.785086+00:00
db1a555b-4f22-4b69-948a-9262800f7639,fUSD,0.00016,120,2,-10009162.66122322,demand,2026-08-25T12:47:00.785086+00:00
db1a555b-4f22-4b69-948a-9262800f7639,fUSD,0.000152,30,3,-3350.0,demand,2026-08-25T12:47:00.785086+00:00
db1a555b-4f22-4b69-948a-9262800f7639,fUSD,0.000151,120,1,-10000.0,demand,2026-08-25T12:47:00.785086+00:00
db1a555b-4f22-4b69-948a-9262800f7639,fUSD,0.00015,90,1,-19550.75,demand,2026-08-25T12:47:00.785086+00:00
db1a555b-4f22-4b69-948a-9262800f7639,fUSD,0.00015,29,1,-136338.80737502,demand,2026-08-25T12:47:00.785086+00:00
db1a555b-4f22-4b69-948a-9262800f7639,fUSD,0.00015,120,1,-500.0,demand,2026-08-25T12:47:00.785086+00:00
db1a555b-4f22-4b69-948a-9262800f7639,fUSD,0.00015,2,2,-989973.07423698,demand,2026-08-25T12:47:00.785086+00:00
db1a555b-4f22-4b69-948a-9262800f7639,fUSD,0.000145,7,1,-190.0,demand,2026-08-25T12:47:00.785086+00:00
db1a555b-4f22-4b69-948a-9262800f7639,fUSD,0.00014252,120,1,-10770.76644364,demand,2026-08-25T12:47:00.785086+00:00
db1a555b-4f22-4b69-948a-9262800f7639,fUSD,0.00014120000000000002,30,1,-13500.0,demand,2026-08-25T12:47:00.785086+00:00
db1a555b-4f22-4b69-948a-9262800f7639,fUSD,0.0001342,2,1,-1147470.43373076,demand,2026-08-25T12:47:00.785086+00:00
db1a555b-4f22-4b69-948a-9262800f7639,fUSD,0.0001340002,2,1,-600000.0,demand,2026-08-25T12:47:00.785086+00:00
db1a555b-4f22-4b69-948a-9262800f7639,fUSD,0.000134,2,1,-2000000.0,demand,2026-08-25T12:47:00.785086+00:00
db1a555b-4f22-4b69-948a-9262800f7639,fUSD,0.000131,13,1,-7000.0,demand,2026-08-25T12:47:00.785086+00:00
db1a555b-4f22-4b69-948a-9262800f7639,fUSD,0.0002,7,2,1870.30562932,offer,2026-08-25T12:47:00.785086+00:00
db1a555b-4f22-4b69-948a-9262800f7639,fUSD,0.00021995068493150686,2,2,400.95,offer,2026-08-25T12:47:00.785086+00:00
db1a555b-4f22-4b69-948a-9262800f7639,fUSD,0.00021999999999999998,2,1,150.0,offer,2026-08-25T12:47:00.785086+00:00
db1a555b-4f22-4b69-948a-9262800f7639,fUSD,0.00022175068493150685,2,1,627.74,offer,2026-08-25T12:47:00.785086+00:00
db1a555b-4f22-4b69-948a-9262800f7639,fUSD,0.0002222876712328767,2,1,418.49,offer,2026-08-25T12:47:00.785086+00:00
db1a555b-4f22-4b69-948a-9262800f7639,fUSD,0.00022418099999999997,2,1,250.72216426,offer,2026-08-25T12:47:00.785086+00:00
db1a555b-4f22-4b69-948a-9262800f7639,fUSD,0.00022699,2,1,332.43286119,offer,2026-08-25T12:47:00.785086+00:00
db1a555b-4f22-4b69-948a-9262800f7639,fUSD,0.000227,5,1,5513.0,offer,2026-08-25T12:47:00.785086+00:00
db1a555b-4f22-4b69-948a-9262800f7639,fUSD,0.00022884657534246572,2,3,851.38407438,offer,2026-08-25T12:47:00.785086+00:00
db1a555b-4f22-4b69-948a-9262800f7639,fUSD,0.00022884931506849315,2,2,360.35758782,offer,2026-08-25T12:47:00.785086+00:00
db1a555b-4f22-4b69-948a-9262800f7639,fUSD,0.00022927397260273975,2,1,245.21043619,offer,2026-08-25T12:47:00.785086+00:00
db1a555b-4f22-4b69-948a-9262800f7639,fUSD,0.0002298,2,1,150.0,offer,2026-08-25T12:47:00.785086+00:00
db1a555b-4f22-4b69-948a-9262800f7639,fUSD,0.00023837,2,1,773.05297212,offer,2026-08-25T12:47:00.785086+00:00
db1a555b-4f22-4b69-948a-9262800f7639,fUSD,0.00023970000000000003,2,1,505.33,offer,2026-08-25T12:47:00.785086+00:00
db1a555b-4f22-4b69-948a-9262800f7639,fUSD,0.00024,2,1,371.11453619,offer,2026-08-25T12:47:00.785086+00:00
db1a555b-4f22-4b69-948a-9262800f7639,fUSD,0.00024115068493150684,7,1,150.0,offer,2026-08-25T12:47:00.785086+00:00
db1a555b-4f22-4b69-948a-9262800f7639,fUSD,0.0002412,2,3,1165.440173,offer,2026-08-25T12:47:00.785086+00:00
db1a555b-4f22-4b69-948a-9262800f7639,fUSD,0.0002418477,2,1,1393.24,offer,2026-08-25T12:47:00.785086+00:00
db1a555b-4f22-4b69-948a-9262800f7639,fUSD,0.0002420263,2,1,338.04,offer,2026-08-25T12:47:00.785086+00:00
db1a555b-4f22-4b69-948a-9262800f7639,fUSD,0.0002426797,2,1,5000.0,offer,2026-08-25T12:47:00.785086+00:00
db1a555b-4f22-4b69-948a-9262800f7639,fUSD,0.00024326,7,1,251.36209319,offer,2026-08-25T12:47:00.785086+00:00
db1a555b-4f22-4b69-948a-9262800f7639,fUSD,0.0002438,2,9,2819.88,offer,2026-08-25T12:47:00.785086+00:00
db1a555b-4f22-4b69-948a-9262800f7639,fUSD,0.00024397260273972604,2,1,503.0,offer,2026-08-25T12:47:00.785086+00:00
db1a555b-4f22-4b69-948a-9262800f7639,fUSD,0.0002452073,2,1,161.04,offer,2026-08-25T12:47:00.785086+00:00
db1a555b-4f22-4b69-948a-9262800f7639,fUSD,0.00024602,2,1,420.243185,offer,2026-08-25T12:47:00.785086+00:00
d65b33b6-d111-423b-8e25-326fc18b4353,fUSD,0.000273972602739726,120,1,-7516116.99461172,demand,2026-08-25T13:47:01.012775+00:00
d65b33b6-d111-423b-8e25-326fc18b4353,fUSD,0.00022,30,1,-30100.0,demand,2026-08-25T13:47:01.012775+00:00
d65b33b6-d111-423b-8e25-326fc18b4353,fUSD,0.00021,30,1,-30000.0,demand,2026-08-25T13:47:01.012775+00:00
d65b33b6-d111-423b-8e25-326fc18b4353,fUSD,0.000209,30,1,-6289.12258117,demand,2026-08-25T13:47:01.012775+00:00
d65b33b6-d111-423b-8e25-326fc18b4353,fUSD,0.0002,7,1,-150.0,demand,2026-08-25T13:47:01.012775+00:00
d65b33b6-d111-423b-8e25-326fc18b4353,fUSD,0.00018010999999999998,120,1,-133240.73391109,demand,2026-08-25T13:47:01.012775+00:00
d65b33b6-d111-423b-8e25-326fc18b4353,fUSD,0.0001777,120,1,-23123.30278361,demand,2026-08-25T13:47:01.012775+00:00
d65b33b6-d111-423b-8e25-326fc18b4353,fUSD,0.000174,120,1,-12350.0,demand,2026-08-25T13:47:01.012775+00:00
d65b33b6-d111-423b-8e25-326fc18b4353,fUSD,0.0001713,120,1,-14000.0,demand,2026-08-25T13:47:01.012775+00:00
d65b33b6-d111-423b-8e25-326fc18b4353,fUSD,0.0001712,120,1,-20000.0,demand,2026-08-25T13:47:01.012775+00:00
d65b33b6-d111-423b-8e25-326fc18b4353,fUSD,0.00017111,120,1,-2000000.0,demand,2026-08-25T13:47:01.012775+00:00
d65b33b6-d111-423b-8e25-326fc18b4353,fUSD,0.00016,120,2,-10009162.66122322,demand,2026-08-25T13:47:01.012775+00:00
d65b33b6-d111-423b-8e25-326fc18b4353,fUSD,0.000151,120,1,-10000.0,demand,2026-08-25T13:47:01.012775+00:00
d65b33b6-d111-423b-8e25-326fc18b4353,fUSD,0.00015,90,1,-19550.75,demand,2026-08-25T13:47:01.012775+00:00
d65b33b6-d111-423b-8e25-326fc18b4353,fUSD,0.00015,29,1,-91744.31113844,demand,2026-08-25T13:47:01.012775+00:00
d65b33b6-d111-423b-8e25-326fc18b4353,fUSD,0.00015,120,1,-500.0,demand,2026-08-25T13:47:01.012775+00:00
d65b33b6-d111-423b-8e25-326fc18b4353,fUSD,0.00015,2,2,-727037.20196316,demand,2026-08-25T13:47:01.012775+00:00
d65b33b6-d111-423b-8e25-326fc18b4353,fUSD,0.000145,7,1,-190.0,demand,2026-08-25T13:47:01.012775+00:00
d65b33b6-d111-423b-8e25-326fc18b4353,fUSD,0.00014252,120,1,-10770.76644364,demand,2026-08-25T13:47:01.012775+00:00
d65b33b6-d111-423b-8e25-326fc18b4353,fUSD,0.00014120000000000002,30,1,-13500.0,demand,2026-08-25T13:47:01.012775+00:00
d65b33b6-d111-423b-8e25-326fc18b4353,fUSD,0.0001342,2,1,-1147470.43373076,demand,2026-08-25T13:47:01.012775+00:00
d65b33b6-d111-423b-8e25-326fc18b4353,fUSD,0.0001340002,2,1,-600000.0,demand,2026-08-25T13:47:01.012775+00:00
d65b33b6-d111-423b-8e25-326fc18b4353,fUSD,0.000134,2,1,-2000000.0,demand,2026-08-25T13:47:01.012775+00:00
d65b33b6-d111-423b-8e25-326fc18b4353,fUSD,0.000131,13,1,-7000.0,demand,2026-08-25T13:47:01.012775+00:00
d65b33b6-d111-423b-8e25-326fc18b4353,fUSD,0.00013,2,1,-2000000.0,demand,2026-08-25T13:47:01.012775+00:00
d65b33b6-d111-423b-8e25-326fc18b4353,fUSD,0.00026175616439,2,3,948.22,offer,2026-08-25T13:47:01.012775+00:00
d65b33b6-d111-423b-8e25-326fc18b4353,fUSD,0.00026179,7,6,4151.04,offer,2026-08-25T13:47:01.012775+00:00
d65b33b6-d111-423b-8e25-326fc18b4353,fUSD,0.00026222,2,2,1788.3,offer,2026-08-25T13:47:01.012775+00:00
d65b33b6-d111-423b-8e25-326fc18b4353,fUSD,0.0002623897068894049,5,1,571.37927701,offer,2026-08-25T13:47:01.012775+00:00
d65b33b6-d111-423b-8e25-326fc18b4353,fUSD,0.00026244,2,3,3024.69959999,offer,2026-08-25T13:47:01.012775+00:00
d65b33b6-d111-423b-8e25-326fc18b4353,fUSD,0.00026255,2,1,5936.97481623,offer,2026-08-25T13:47:01.012775+00:00
d65b33b6-d111-423b-8e25-326fc18b4353,fUSD,0.00026263,2,4,2000.0,offer,2026-08-25T13:47:01.012775+00:00
d65b33b6-d111-423b-8e25-326fc18b4353,fUSD,0.00026264,2,3,82748.62289312,offer,2026-08-25T13:47:01.012775+00:00
d65b33b6-d111-423b-8e25-326fc18b4353,fUSD,0.00026273613839291335,5,1,5895.0,offer,2026-08-25T13:47:01.012775+00:00
d65b33b6-d111-423b-8e25-326fc18b4353,fUSD,0.000263,2,1,2690.97171232,offer,2026-08-25T13:47:01.012775+00:00
d65b33b6-d111-423b-8e25-326fc18b4353,fUSD,0.000263102,2,1,200.0,offer,2026-08-25T13:47:01.012775+00:00
d65b33b6-d111-423b-8e25-326fc18b4353,fUSD,0.000263169617900453,5,1,9094.0,offer,2026-08-25T13:47:01.012775+00:00
d65b33b6-d111-423b-8e25-326fc18b4353,fUSD,0.00026331,2,6,4151.04,offer,2026-08-25T13:47:01.012775+00:00
d65b33b6-d111-423b-8e25-326fc18b4353,fUSD,0.00026353,2,1,892.0,offer,2026-08-25T13:47:01.012775+00:00
d65b33b6-d111-423b-8e25-326fc18b4353,fUSD,0.00026354444999999993,2,8,2507.43937856,offer,2026-08-25T13:47:01.012775+00:00
d65b33b6-d111-423b-8e25-326fc18b4353,fUSD,0.00026365,2,2,1788.3,offer,2026-08-25T13:47:01.012775+00:00
d65b33b6-d111-423b-8e25-326fc18b4353,fUSD,0.00026368,2,1,500.0,offer,2026-08-25T13:47:01.012775+00:00
d65b33b6-d111-423b-8e25-326fc18b4353,fUSD,0.00026398,2,1,65990.11216347,offer,2026-08-25T13:47:01.012775+00:00
d65b33b6-d111-423b-8e25-326fc18b4353,fUSD,0.000264,2,4,8618.87465833,offer,2026-08-25T13:47:01.012775+00:00
d65b33b6-d111-423b-8e25-326fc18b4353,fUSD,0.0002643778,2,1,5936.97481615,offer,2026-08-25T13:47:01.012775+00:00
d65b33b6-d111-423b-8e25-326fc18b4353,fUSD,0.00026444,2,1,239.45,offer,2026-08-25T13:47:01.012775+00:00
d65b33b6-d111-423b-8e25-326fc18b4353,fUSD,0.0002646157142857143,3,1,163.50381269,offer,2026-08-25T13:47:01.012775+00:00
d65b33b6-d111-423b-8e25-326fc18b4353,fUSD,0.00026471,2,2,15106.63630816,offer,2026-08-25T13:47:01.012775+00:00
d65b33b6-d111-423b-8e25-326fc18b4353,fUSD,0.00026482,2,1,500.0,offer,2026-08-25T13:47:01.012775+00:00
d65b33b6-d111-423b-8e25-326fc18b4353,fUSD,0.00026483,7,6,4151.04,offer,2026-08-25T13:47:01.012775+00:00
9af0e5d3-dfd8-4d18-b77d-56c8fc3d3c28,fUSD,0.000273972602739726,120,1,-7510242.74461172,demand,2026-08-25T14:47:00.853155+00:00
9af0e5d3-dfd8-4d18-b77d-56c8fc3d3c28,fUSD,0.00022,30,1,-30100.0,demand,2026-08-25T14:47:00.853155+00:00
9af0e5d3-dfd8-4d18-b77d-56c8fc3d3c28,fUSD,0.00021,30,1,-30000.0,demand,2026-08-25T14:47:00.853155+00:00
9af0e5d3-dfd8-4d18-b77d-56c8fc3d3c28,fUSD,0.000209,30,1,-6289.12258117,demand,2026-08-25T14:47:00.853155+00:00
9af0e5d3-dfd8-4d18-b77d-56c8fc3d3c28,fUSD,0.0002,7,1,-150.0,demand,2026-08-25T14:47:00.853155+00:00
9af0e5d3-dfd8-4d18-b77d-56c8fc3d3c28,fUSD,0.00018010999999999998,120,1,-133240.73391109,demand,2026-08-25T14:47:00.853155+00:00
9af0e5d3-dfd8-4d18-b77d-56c8fc3d3c28,fUSD,0.0001777,120,1,-23123.30278361,demand,2026-08-25T14:47:00.853155+00:00
9af0e5d3-dfd8-4d18-b77d-56c8fc3d3c28,fUSD,0.000174,120,1,-12350.0,demand,2026-08-25T14:47:00.853155+00:00
9af0e5d3-dfd8-4d18-b77d-56c8fc3d3c28,fUSD,0.0001713,120,1,-14000.0,demand,2026-08-25T14:47:00.853155+00:00
9af0e5d3-dfd8-4d18-b77d-56c8fc3d3c28,fUSD,0.0001712,120,1,-20000.0,demand,2026-08-25T14:47:00.853155+00:00
9af0e5d3-dfd8-4d18-b77d-56c8fc3d3c28,fUSD,0.00017111,120,1,-2000000.0,demand,2026-08-25T14:47:00.853155+00:00
9af0e5d3-dfd8-4d18-b77d-56c8fc3d3c28,fUSD,0.00016,120,2,-10009162.66122322,demand,2026-08-25T14:47:00.853155+00:00
9af0e5d3-dfd8-4d18-b77d-56c8fc3d3c28,fUSD,0.000151,120,1,-10000.0,demand,2026-08-25T14:47:00.853155+00:00
9af0e5d3-dfd8-4d18-b77d-56c8fc3d3c28,fUSD,0.00015,90,1,-19550.75,demand,2026-08-25T14:47:00.853155+00:00
9af0e5d3-dfd8-4d18-b77d-56c8fc3d3c28,fUSD,0.00015,29,1,-91744.31113844,demand,2026-08-25T14:47:00.853155+00:00
9af0e5d3-dfd8-4d18-b77d-56c8fc3d3c28,fUSD,0.00015,120,1,-500.0,demand,2026-08-25T14:47:00.853155+00:00
9af0e5d3-dfd8-4d18-b77d-56c8fc3d3c28,fUSD,0.00015,2,1,-10000.0,demand,2026-08-25T14:47:00.853155+00:00
9af0e5d3-dfd8-4d18-b77d-56c8fc3d3c28,fUSD,0.000145,7,1,-190.0,demand,2026-08-25T14:47:00.853155+00:00
9af0e5d3-dfd8-4d18-b77d-56c8fc3d3c28,fUSD,0.00014252,120,1,-10770.76644364,demand,2026-08-25T14:47:00.853155+00:00
9af0e5d3-dfd8-4d18-b77d-56c8fc3d3c28,fUSD,0.00014120000000000002,30,1,-13500.0,demand,2026-08-25T14:47:00.853155+00:00
9af0e5d3-dfd8-4d18-b77d-56c8fc3d3c28,fUSD,0.0001342,2,1,-1145470.43373076,demand,2026-08-25T14:47:00.853155+00:00
9af0e5d3-dfd8-4d18-b77d-56c8fc3d3c28,fUSD,0.0001340002,2,1,-600000.0,demand,2026-08-25T14:47:00.853155+00:00
9af0e5d3-dfd8-4d18-b77d-56c8fc3d3c28,fUSD,0.000134,2,1,-2000000.0,demand,2026-08-25T14:47:00.853155+00:00
9af0e5d3-dfd8-4d18-b77d-56c8fc3d3c28,fUSD,0.000131,13,1,-7000.0,demand,2026-08-25T14:47:00.853155+00:00
9af0e5d3-dfd8-4d18-b77d-56c8fc3d3c28,fUSD,0.00013,2,1,-2000000.0,demand,2026-08-25T14:47:00.853155+00:00
9af0e5d3-dfd8-4d18-b77d-56c8fc3d3c28,fUSD,0.00026073,2,1,820.45,offer,2026-08-25T14:47:00.853155+00:00
9af0e5d3-dfd8-4d18-b77d-56c8fc3d3c28,fUSD,0.00026075,2,1,593.02,offer,2026-08-25T14:47:00.853155+00:00
9af0e5d3-dfd8-4d18-b77d-56c8fc3d3c28,fUSD,0.0002608,2,1,618.45,offer,2026-08-25T14:47:00.853155+00:00
9af0e5d3-dfd8-4d18-b77d-56c8fc3d3c28,fUSD,0.0002610776255707763,7,1,150.0,offer,2026-08-25T14:47:00.853155+00:00
9af0e5d3-dfd8-4d18-b77d-56c8fc3d3c28,fUSD,0.00026127397260273974,2,2,349.93974586,offer,2026-08-25T14:47:00.853155+00:00
9af0e5d3-dfd8-4d18-b77d-56c8fc3d3c28,fUSD,0.000261822395,2,1,16.52,offer,2026-08-25T14:47:00.853155+00:00
9af0e5d3-dfd8-4d18-b77d-56c8fc3d3c28,fUSD,0.00026210221641572015,2,1,177.7156517,offer,2026-08-25T14:47:00.853155+00:00
9af0e5d3-dfd8-4d18-b77d-56c8fc3d3c28,fUSD,0.00026214,3,1,1363.0,offer,2026-08-25T14:47:00.853155+00:00
9af0e5d3-dfd8-4d18-b77d-56c8fc3d3c28,fUSD,0.0002621657359487353,5,1,8839.0,offer,2026-08-25T14:47:00.853155+00:00
9af0e5d3-dfd8-4d18-b77d-56c8fc3d3c28,fUSD,0.0002622,7,1,820.45,offer,2026-08-25T14:47:00.853155+00:00
9af0e5d3-dfd8-4d18-b77d-56c8fc3d3c28,fUSD,0.00026220427064488724,5,1,4812.0,offer,2026-08-25T14:47:00.853155+00:00
9af0e5d3-dfd8-4d18-b77d-56c8fc3d3c28,fUSD,0.0002622067515569388,5,1,1024.0,offer,2026-08-25T14:47:00.853155+00:00
9af0e5d3-dfd8-4d18-b77d-56c8fc3d3c28,fUSD,0.00026221,7,1,593.02,offer,2026-08-25T14:47:00.853155+00:00
9af0e5d3-dfd8-4d18-b77d-56c8fc3d3c28,fUSD,0.00026222191780821916,2,1,1002.24257162,offer,2026-08-25T14:47:00.853155+00:00
9af0e5d3-dfd8-4d18-b77d-56c8fc3d3c28,fUSD,0.00026223,2,1,150.0,offer,2026-08-25T14:47:00.853155+00:00
9af0e5d3-dfd8-4d18-b77d-56c8fc3d3c28,fUSD,0.00026223,7,1,875.1,offer,2026-08-25T14:47:00.853155+00:00
9af0e5d3-dfd8-4d18-b77d-56c8fc3d3c28,fUSD,0.000262231602507524,5,2,17758.0,offer,2026-08-25T14:47:00.853155+00:00
9af0e5d3-dfd8-4d18-b77d-56c8fc3d3c28,fUSD,0.0002622407408780012,5,2,17930.0,offer,2026-08-25T14:47:00.853155+00:00
9af0e5d3-dfd8-4d18-b77d-56c8fc3d3c28,fUSD,0.00026224315068493155,7,1,150.0,offer,2026-08-25T14:47:00.853155+00:00
9af0e5d3-dfd8-4d18-b77d-56c8fc3d3c28,fUSD,0.00026226,7,1,618.45,offer,2026-08-25T14:47:00.853155+00:00
9af0e5d3-dfd8-4d18-b77d-56c8fc3d3c28,fUSD,0.00026230482262,2,1,594.0746615,offer,2026-08-25T14:47:00.853155+00:00
9af0e5d3-dfd8-4d18-b77d-56c8fc3d3c28,fUSD,0.00026238,2,1,152.14,offer,2026-08-25T14:47:00.853155+00:00
9af0e5d3-dfd8-4d18-b77d-56c8fc3d3c28,fUSD,0.00026243,30,1,205.39,offer,2026-08-25T14:47:00.853155+00:00
9af0e5d3-dfd8-4d18-b77d-56c8fc3d3c28,fUSD,0.0002624630136986301,2,1,543.86179848,offer,2026-08-25T14:47:00.853155+00:00
9af0e5d3-dfd8-4d18-b77d-56c8fc3d3c28,fUSD,0.00026262,7,1,152.14,offer,2026-08-25T14:47:00.853155+00:00
ac050194-a6de-4fe4-a9bf-b68481388625,fUSD,0.000273972602739726,120,1,-7417706.01205757,demand,2026-08-25T15:47:00.826861+00:00
ac050194-a6de-4fe4-a9bf-b68481388625,fUSD,0.00022,30,1,-30100.0,demand,2026-08-25T15:47:00.826861+00:00
ac050194-a6de-4fe4-a9bf-b68481388625,fUSD,0.00021,30,1,-30000.0,demand,2026-08-25T15:47:00.826861+00:00
ac050194-a6de-4fe4-a9bf-b68481388625,fUSD,0.000209,30,1,-6289.12258117,demand,2026-08-25T15:47:00.826861+00:00
ac050194-a6de-4fe4-a9bf-b68481388625,fUSD,0.0002,7,1,-150.0,demand,2026-08-25T15:47:00.826861+00:00
ac050194-a6de-4fe4-a9bf-b68481388625,fUSD,0.00018010999999999998,120,1,-133240.73391109,demand,2026-08-25T15:47:00.826861+00:00
ac050194-a6de-4fe4-a9bf-b68481388625,fUSD,0.0001777,120,1,-23123.30278361,demand,2026-08-25T15:47:00.826861+00:00
ac050194-a6de-4fe4-a9bf-b68481388625,fUSD,0.000174,120,1,-12350.0,demand,2026-08-25T15:47:00.826861+00:00
ac050194-a6de-4fe4-a9bf-b68481388625,fUSD,0.0001713,120,1,-14000.0,demand,2026-08-25T15:47:00.826861+00:00
ac050194-a6de-4fe4-a9bf-b68481388625,fUSD,0.0001712,120,1,-20000.0,demand,2026-08-25T15:47:00.826861+00:00
ac050194-a6de-4fe4-a9bf-b68481388625,fUSD,0.00017111,120,1,-2000000.0,demand,2026-08-25T15:47:00.826861+00:00
ac050194-a6de-4fe4-a9bf-b68481388625,fUSD,0.00016,120,2,-10009162.66122322,demand,2026-08-25T15:47:00.826861+00:00
ac050194-a6de-4fe4-a9bf-b68481388625,fUSD,0.000151,120,1,-10000.0,demand,2026-08-25T15:47:00.826861+00:00
ac050194-a6de-4fe4-a9bf-b68481388625,fUSD,0.00015,90,1,-19550.75,demand,2026-08-25T15:47:00.826861+00:00
ac050194-a6de-4fe4-a9bf-b68481388625,fUSD,0.00015,29,1,-91744.31113844,demand,2026-08-25T15:47:00.826861+00:00
ac050194-a6de-4fe4-a9bf-b68481388625,fUSD,0.00015,120,1,-500.0,demand,2026-08-25T15:47:00.826861+00:00
ac050194-a6de-4fe4-a9bf-b68481388625,fUSD,0.00015,2,1,-10000.0,demand,2026-08-25T15:47:00.826861+00:00
ac050194-a6de-4fe4-a9bf-b68481388625,fUSD,0.000145,7,1,-190.0,demand,2026-08-25T15:47:00.826861+00:00
ac050194-a6de-4fe4-a9bf-b68481388625,fUSD,0.00014252,120,1,-10770.76644364,demand,2026-08-25T15:47:00.826861+00:00
ac050194-a6de-4fe4-a9bf-b68481388625,fUSD,0.00014120000000000002,30,1,-13500.0,demand,2026-08-25T15:47:00.826861+00:00
ac050194-a6de-4fe4-a9bf-b68481388625,fUSD,0.00014,7,1,-320.0,demand,2026-08-25T15:47:00.826861+00:00
ac050194-a6de-4fe4-a9bf-b68481388625,fUSD,0.0001342,2,1,-1143149.16673076,demand,2026-08-25T15:47:00.826861+00:00
ac050194-a6de-4fe4-a9bf-b68481388625,fUSD,0.0001340002,2,1,-600000.0,demand,2026-08-25T15:47:00.826861+00:00
ac050194-a6de-4fe4-a9bf-b68481388625,fUSD,0.000134,2,1,-2000000.0,demand,2026-08-25T15:47:00.826861+00:00
ac050194-a6de-4fe4-a9bf-b68481388625,fUSD,0.000131,13,1,-7000.0,demand,2026-08-25T15:47:00.826861+00:00
ac050194-a6de-4fe4-a9bf-b68481388625,fUSD,0.00014104754230459307,2,1,9.60194184,offer,2026-08-25T15:47:00.826861+00:00
ac050194-a6de-4fe4-a9bf-b68481388625,fUSD,0.00014192908944399678,2,1,150.0,offer,2026-08-25T15:47:00.826861+00:00
ac050194-a6de-4fe4-a9bf-b68481388625,fUSD,0.00014236986301369864,2,1,150.0,offer,2026-08-25T15:47:00.826861+00:00
ac050194-a6de-4fe4-a9bf-b68481388625,fUSD,0.0001424698,2,1,279.39,offer,2026-08-25T15:47:00.826861+00:00
ac050194-a6de-4fe4-a9bf-b68481388625,fUSD,0.0001428106365834005,2,1,150.0,offer,2026-08-25T15:47:00.826861+00:00
ac050194-a6de-4fe4-a9bf-b68481388625,fUSD,0.00014325652,2,1,165.53,offer,2026-08-25T15:47:00.826861+00:00
ac050194-a6de-4fe4-a9bf-b68481388625,fUSD,0.00014369218372280417,2,1,150.0,offer,2026-08-25T15:47:00.826861+00:00
ac050194-a6de-4fe4-a9bf-b68481388625,fUSD,0.00014383561643835615,2,1,428.71,offer,2026-08-25T15:47:00.826861+00:00
ac050194-a6de-4fe4-a9bf-b68481388625,fUSD,0.0001445737308622079,2,1,150.0,offer,2026-08-25T15:47:00.826861+00:00
ac050194-a6de-4fe4-a9bf-b68481388625,fUSD,0.0001448675799086758,2,2,300.0,offer,2026-08-25T15:47:00.826861+00:00
ac050194-a6de-4fe4-a9bf-b68481388625,fUSD,0.0001454552780016116,2,1,150.0,offer,2026-08-25T15:47:00.826861+00:00
ac050194-a6de-4fe4-a9bf-b68481388625,fUSD,0.0001463368251410153,2,1,150.0,offer,2026-08-25T15:47:00.826861+00:00
ac050194-a6de-4fe4-a9bf-b68481388625,fUSD,0.000147218372280419,2,1,150.0,offer,2026-08-25T15:47:00.826861+00:00
ac050194-a6de-4fe4-a9bf-b68481388625,fUSD,0.00014809991941982273,2,1,150.0,offer,2026-08-25T15:47:00.826861+00:00
ac050194-a6de-4fe4-a9bf-b68481388625,fUSD,0.00014836438356164385,2,1,250.0,offer,2026-08-25T15:47:00.826861+00:00
ac050194-a6de-4fe4-a9bf-b68481388625,fUSD,0.00014886,2,3,1064.61665096,offer,2026-08-25T15:47:00.826861+00:00
ac050194-a6de-4fe4-a9bf-b68481388625,fUSD,0.00014887,2,26,16845.9982918,offer,2026-08-25T15:47:00.826861+00:00
ac050194-a6de-4fe4-a9bf-b68481388625,fUSD,0.00014888,5,1,1725540.50578993,offer,2026-08-25T15:47:00.826861+00:00
ac050194-a6de-4fe4-a9bf-b68481388625,fUSD,0.00014888,2,7,3499.02500685,offer,2026-08-25T15:47:00.826861+00:00
ac050194-a6de-4fe4-a9bf-b68481388625,fUSD,0.0001489814665592264,2,1,150.0,offer,2026-08-25T15:47:00.826861+00:00
ac050194-a6de-4fe4-a9bf-b68481388625,fUSD,0.000149,5,4,2000.0,offer,2026-08-25T15:47:00.826861+00:00
ac050194-a6de-4fe4-a9bf-b68481388625,fUSD,0.0001493753424657534,2,1,500.0,offer,2026-08-25T15:47:00.826861+00:00
ac050194-a6de-4fe4-a9bf-b68481388625,fUSD,0.00014937555,2,37,5589.68222365,offer,2026-08-25T15:47:00.826861+00:00
ac050194-a6de-4fe4-a9bf-b68481388625,fUSD,0.0001498499,2,2,529.85,offer,2026-08-25T15:47:00.826861+00:00
ac050194-a6de-4fe4-a9bf-b68481388625,fUSD,0.00014986,2,1,183.06564888,offer,2026-08-25T15:47:00.826861+00:00
af33eee4-8caf-437f-9f3b-224b62a28ca9,fUSD,0.000273972602739726,120,1,-7241210.5582822,demand,2026-08-25T16:47:00.937199+00:00
af33eee4-8caf-437f-9f3b-224b62a28ca9,fUSD,0.00022,30,1,-30100.0,demand,2026-08-25T16:47:00.937199+00:00
af33eee4-8caf-437f-9f3b-224b62a28ca9,fUSD,0.00021,30,1,-30000.0,demand,2026-08-25T16:47:00.937199+00:00
af33eee4-8caf-437f-9f3b-224b62a28ca9,fUSD,0.000209,30,1,-6289.12258117,demand,2026-08-25T16:47:00.937199+00:00
af33eee4-8caf-437f-9f3b-224b62a28ca9,fUSD,0.0002,7,1,-150.0,demand,2026-08-25T16:47:00.937199+00:00
af33eee4-8caf-437f-9f3b-224b62a28ca9,fUSD,0.00018010999999999998,120,1,-133240.73391109,demand,2026-08-25T16:47:00.937199+00:00
af33eee4-8caf-437f-9f3b-224b62a28ca9,fUSD,0.0001777,120,1,-23123.30278361,demand,2026-08-25T16:47:00.937199+00:00
af33eee4-8caf-437f-9f3b-224b62a28ca9,fUSD,0.000174,120,1,-12350.0,demand,2026-08-25T16:47:00.937199+00:00
af33eee4-8caf-437f-9f3b-224b62a28ca9,fUSD,0.0001713,120,1,-14000.0,demand,2026-08-25T16:47:00.937199+00:00
af33eee4-8caf-437f-9f3b-224b62a28ca9,fUSD,0.0001712,120,1,-20000.0,demand,2026-08-25T16:47:00.937199+00:00
af33eee4-8caf-437f-9f3b-224b62a28ca9,fUSD,0.00017111,120,1,-2000000.0,demand,2026-08-25T16:47:00.937199+00:00
af33eee4-8caf-437f-9f3b-224b62a28ca9,fUSD,0.00016,120,2,-10009162.66122322,demand,2026-08-25T16:47:00.937199+00:00
af33eee4-8caf-437f-9f3b-224b62a28ca9,fUSD,0.000151,120,1,-10000.0,demand,2026-08-25T16:47:00.937199+00:00
af33eee4-8caf-437f-9f3b-224b62a28ca9,fUSD,0.00015,90,1,-19550.75,demand,2026-08-25T16:47:00.937199+00:00
af33eee4-8caf-437f-9f3b-224b62a28ca9,fUSD,0.00015,29,1,-91744.31113844,demand,2026-08-25T16:47:00.937199+00:00
af33eee4-8caf-437f-9f3b-224b62a28ca9,fUSD,0.00015,120,1,-500.0,demand,2026-08-25T16:47:00.937199+00:00
af33eee4-8caf-437f-9f3b-224b62a28ca9,fUSD,0.00015,2,1,-10000.0,demand,2026-08-25T16:47:00.937199+00:00
af33eee4-8caf-437f-9f3b-224b62a28ca9,fUSD,0.000145,7,1,-190.0,demand,2026-08-25T16:47:00.937199+00:00
af33eee4-8caf-437f-9f3b-224b62a28ca9,fUSD,0.00014252,120,1,-10770.76644364,demand,2026-08-25T16:47:00.937199+00:00
af33eee4-8caf-437f-9f3b-224b62a28ca9,fUSD,0.00014120000000000002,30,1,-13500.0,demand,2026-08-25T16:47:00.937199+00:00
af33eee4-8caf-437f-9f3b-224b62a28ca9,fUSD,0.00014,7,1,-320.0,demand,2026-08-25T16:47:00.937199+00:00
af33eee4-8caf-437f-9f3b-224b62a28ca9,fUSD,0.0001342,2,1,-1112575.20973076,demand,2026-08-25T16:47:00.937199+00:00
af33eee4-8caf-437f-9f3b-224b62a28ca9,fUSD,0.0001340002,2,1,-600000.0,demand,2026-08-25T16:47:00.937199+00:00
af33eee4-8caf-437f-9f3b-224b62a28ca9,fUSD,0.000134,2,1,-2000000.0,demand,2026-08-25T16:47:00.937199+00:00
af33eee4-8caf-437f-9f3b-224b62a28ca9,fUSD,0.000131,13,1,-7000.0,demand,2026-08-25T16:47:00.937199+00:00
af33eee4-8caf-437f-9f3b-224b62a28ca9,fUSD,0.00020055,2,1,151.0,offer,2026-08-25T16:47:00.937199+00:00
af33eee4-8caf-437f-9f3b-224b62a28ca9,fUSD,0.00020067,2,1,1100.0,offer,2026-08-25T16:47:00.937199+00:00
af33eee4-8caf-437f-9f3b-224b62a28ca9,fUSD,0.0002006715188,2,3,1047.98241648,offer,2026-08-25T16:47:00.937199+00:00
af33eee4-8caf-437f-9f3b-224b62a28ca9,fUSD,0.0002006815188,2,15,15158.40237983,offer,2026-08-25T16:47:00.937199+00:00
af33eee4-8caf-437f-9f3b-224b62a28ca9,fUSD,0.00020076770397041096,2,1,277.08,offer,2026-08-25T16:47:00.937199+00:00
af33eee4-8caf-437f-9f3b-224b62a28ca9,fUSD,0.00020080207717732002,2,3,26085.13646969,offer,2026-08-25T16:47:00.937199+00:00
af33eee4-8caf-437f-9f3b-224b62a28ca9,fUSD,0.0002010012,2,1,188.61,offer,2026-08-25T16:47:00.937199+00:00
af33eee4-8caf-437f-9f3b-224b62a28ca9,fUSD,0.00020115,2,2,1138.89,offer,2026-08-25T16:47:00.937199+00:00
af33eee4-8caf-437f-9f3b-224b62a28ca9,fUSD,0.0002012315188,2,2,311.26070355,offer,2026-08-25T16:47:00.937199+00:00
af33eee4-8caf-437f-9f3b-224b62a28ca9,fUSD,0.00020178151879999997,2,1,151.0,offer,2026-08-25T16:47:00.937199+00:00
af33eee4-8caf-437f-9f3b-224b62a28ca9,fUSD,0.0002023315188,2,1,151.0,offer,2026-08-25T16:47:00.937199+00:00
af33eee4-8caf-437f-9f3b-224b62a28ca9,fUSD,0.0002024,2,1,400.0,offer,2026-08-25T16:47:00.937199+00:00
af33eee4-8caf-437f-9f3b-224b62a28ca9,fUSD,0.0002028815188,2,1,151.0,offer,2026-08-25T16:47:00.937199+00:00
af33eee4-8caf-437f-9f3b-224b62a28ca9,fUSD,0.00020308879986082192,2,1,277.08,offer,2026-08-25T16:47:00.937199+00:00
af33eee4-8caf-437f-9f3b-224b62a28ca9,fUSD,0.00020343151880000001,2,1,151.0,offer,2026-08-25T16:47:00.937199+00:00
af33eee4-8caf-437f-9f3b-224b62a28ca9,fUSD,0.0002039815188,2,1,151.0,offer,2026-08-25T16:47:00.937199+00:00
af33eee4-8caf-437f-9f3b-224b62a28ca9,fUSD,0.0002044835003573997,2,2,15654.34579899,offer,2026-08-25T16:47:00.937199+00:00
af33eee4-8caf-437f-9f3b-224b62a28ca9,fUSD,0.0002045315188,2,1,214.25333287,offer,2026-08-25T16:47:00.937199+00:00
af33eee4-8caf-437f-9f3b-224b62a28ca9,fUSD,0.00020540989575123288,2,1,277.08,offer,2026-08-25T16:47:00.937199+00:00
af33eee4-8caf-437f-9f3b-224b62a28ca9,fUSD,0.0002054794520547945,2,1,350.0,offer,2026-08-25T16:47:00.937199+00:00
af33eee4-8caf-437f-9f3b-224b62a28ca9,fUSD,0.00020550652206,2,23,55665.62421068,offer,2026-08-25T16:47:00.937199+00:00
af33eee4-8caf-437f-9f3b-224b62a28ca9,fUSD,0.0002055068493150685,2,1,500.0,offer,2026-08-25T16:47:00.937199+00:00
af33eee4-8caf-437f-9f3b-224b62a28ca9,fUSD,0.0002055501,2,1,3240.1,offer,2026-08-25T16:47:00.937199+00:00
af33eee4-8caf-437f-9f3b-224b62a28ca9,fUSD,0.00020563,2,4,15939.83308409,offer,2026-08-25T16:47:00.937199+00:00
af33eee4-8caf-437f-9f3b-224b62a28ca9,fUSD,0.00020564109589041096,2,8,1516.28775039,offer,2026-08-25T16:47:00.937199+00:00
55222593-738b-401c-9324-08e5de5c34f4,fUSD,0.000273972602739726,120,1,-7201565.65844686,demand,2026-08-25T17:47:00.934914+00:00
55222593-738b-401c-9324-08e5de5c34f4,fUSD,0.00022,30,1,-30100.0,demand,2026-08-25T17:47:00.934914+00:00
55222593-738b-401c-9324-08e5de5c34f4,fUSD,0.00021,30,1,-30000.0,demand,2026-08-25T17:47:00.934914+00:00
55222593-738b-401c-9324-08e5de5c34f4,fUSD,0.000209,30,1,-6289.12258117,demand,2026-08-25T17:47:00.934914+00:00
55222593-738b-401c-9324-08e5de5c34f4,fUSD,0.0002,7,1,-150.0,demand,2026-08-25T17:47:00.934914+00:00
55222593-738b-401c-9324-08e5de5c34f4,fUSD,0.00018010999999999998,120,1,-133240.73391109,demand,2026-08-25T17:47:00.934914+00:00
55222593-738b-401c-9324-08e5de5c34f4,fUSD,0.0001777,120,1,-23123.30278361,demand,2026-08-25T17:47:00.934914+00:00
55222593-738b-401c-9324-08e5de5c34f4,fUSD,0.000174,120,1,-12350.0,demand,2026-08-25T17:47:00.934914+00:00
55222593-738b-401c-9324-08e5de5c34f4,fUSD,0.0001713,120,1,-14000.0,demand,2026-08-25T17:47:00.934914+00:00
55222593-738b-401c-9324-08e5de5c34f4,fUSD,0.0001712,120,1,-20000.0,demand,2026-08-25T17:47:00.934914+00:00
55222593-738b-401c-9324-08e5de5c34f4,fUSD,0.00017111,120,1,-2000000.0,demand,2026-08-25T17:47:00.934914+00:00
55222593-738b-401c-9324-08e5de5c34f4,fUSD,0.00016,120,2,-10009162.66122322,demand,2026-08-25T17:47:00.934914+00:00
55222593-738b-401c-9324-08e5de5c34f4,fUSD,0.000151,120,1,-10000.0,demand,2026-08-25T17:47:00.934914+00:00
55222593-738b-401c-9324-08e5de5c34f4,fUSD,0.00015,90,1,-19550.75,demand,2026-08-25T17:47:00.934914+00:00
55222593-738b-401c-9324-08e5de5c34f4,fUSD,0.00015,29,1,-91744.31113844,demand,2026-08-25T17:47:00.934914+00:00
55222593-738b-401c-9324-08e5de5c34f4,fUSD,0.00015,120,1,-500.0,demand,2026-08-25T17:47:00.934914+00:00
55222593-738b-401c-9324-08e5de5c34f4,fUSD,0.00015,2,1,-10000.0,demand,2026-08-25T17:47:00.934914+00:00
55222593-738b-401c-9324-08e5de5c34f4,fUSD,0.000145,7,1,-190.0,demand,2026-08-25T17:47:00.934914+00:00
55222593-738b-401c-9324-08e5de5c34f4,fUSD,0.00014252,120,1,-10770.76644364,demand,2026-08-25T17:47:00.934914+00:00
55222593-738b-401c-9324-08e5de5c34f4,fUSD,0.00014120000000000002,30,1,-13500.0,demand,2026-08-25T17:47:00.934914+00:00
55222593-738b-401c-9324-08e5de5c34f4,fUSD,0.00014,7,1,-320.0,demand,2026-08-25T17:47:00.934914+00:00
55222593-738b-401c-9324-08e5de5c34f4,fUSD,0.0001342,2,1,-1097825.63192754,demand,2026-08-25T17:47:00.934914+00:00
55222593-738b-401c-9324-08e5de5c34f4,fUSD,0.0001340002,2,1,-600000.0,demand,2026-08-25T17:47:00.934914+00:00
55222593-738b-401c-9324-08e5de5c34f4,fUSD,0.000134,2,1,-2000000.0,demand,2026-08-25T17:47:00.934914+00:00
55222593-738b-401c-9324-08e5de5c34f4,fUSD,0.000131,13,1,-7000.0,demand,2026-08-25T17:47:00.934914+00:00
55222593-738b-401c-9324-08e5de5c34f4,fUSD,0.0002159865407872868,2,1,177.7156517,offer,2026-08-25T17:47:00.934914+00:00
55222593-738b-401c-9324-08e5de5c34f4,fUSD,0.00021599,2,6,3551.23349532,offer,2026-08-25T17:47:00.934914+00:00
55222593-738b-401c-9324-08e5de5c34f4,fUSD,0.000216,2,20,208329.11463157,offer,2026-08-25T17:47:00.934914+00:00
55222593-738b-401c-9324-08e5de5c34f4,fUSD,0.0002171046,2,1,998.46,offer,2026-08-25T17:47:00.934914+00:00
55222593-738b-401c-9324-08e5de5c34f4,fUSD,0.0002174191780821918,2,1,500.0,offer,2026-08-25T17:47:00.934914+00:00
55222593-738b-401c-9324-08e5de5c34f4,fUSD,0.00021741996575342463,2,5,1580.93385418,offer,2026-08-25T17:47:00.934914+00:00
55222593-738b-401c-9324-08e5de5c34f4,fUSD,0.0002179,2,1,150.0,offer,2026-08-25T17:47:00.934914+00:00
55222593-738b-401c-9324-08e5de5c34f4,fUSD,0.000218,2,3,13121.62211431,offer,2026-08-25T17:47:00.934914+00:00
55222593-738b-401c-9324-08e5de5c34f4,fUSD,0.00021863,2,1,482.49020063,offer,2026-08-25T17:47:00.934914+00:00
55222593-738b-401c-9324-08e5de5c34f4,fUSD,0.00021886859999999998,2,24,8132.18229761,offer,2026-08-25T17:47:00.934914+00:00
55222593-738b-401c-9324-08e5de5c34f4,fUSD,0.00021899,2,14,7150.48,offer,2026-08-25T17:47:00.934914+00:00
55222593-738b-401c-9324-08e5de5c34f4,fUSD,0.000219,2,1,339.77469001,offer,2026-08-25T17:47:00.934914+00:00
55222593-738b-401c-9324-08e5de5c34f4,fUSD,0.00021917,2,5,2666.62801379,offer,2026-08-25T17:47:00.934914+00:00
55222593-738b-401c-9324-08e5de5c34f4,fUSD,0.00021917808219178083,2,1,5000.0,offer,2026-08-25T17:47:00.934914+00:00
55222593-738b-401c-9324-08e5de5c34f4,fUSD,0.00021918,2,25,12071.06489651,offer,2026-08-25T17:47:00.934914+00:00
55222593-738b-401c-9324-08e5de5c34f4,fUSD,0.00021967671232876713,2,1,273.46,offer,2026-08-25T17:47:00.934914+00:00
55222593-738b-401c-9324-08e5de5c34f4,fUSD,0.00021972041369863014,2,1,270.52,offer,2026-08-25T17:47:00.934914+00:00
55222593-738b-401c-9324-08e5de5c34f4,fUSD,0.00021999,2,1,5861.69,offer,2026-08-25T17:47:00.934914+00:00
55222593-738b-401c-9324-08e5de5c34f4,fUSD,0.00021999999999999998,2,1,150.0,offer,2026-08-25T17:47:00.934914+00:00
55222593-738b-401c-9324-08e5de5c34f4,fUSD,0.00022,2,1,2122.17685174,offer,2026-08-25T17:47:00.934914+00:00
55222593-738b-401c-9324-08e5de5c34f4,fUSD,0.00022015890410958904,2,1,500.0,offer,2026-08-25T17:47:00.934914+00:00
55222593-738b-401c-9324-08e5de5c34f4,fUSD,0.00022032,4,1,406.5846312,offer,2026-08-25T17:47:00.934914+00:00
55222593-738b-401c-9324-08e5de5c34f4,fUSD,0.00022110692380821918,2,1,174.59,offer,2026-08-25T17:47:00.934914+00:00
55222593-738b-401c-9324-08e5de5c34f4,fUSD,0.00022175068493150685,2,1,3637.47,offer,2026-08-25T17:47:00.934914+00:00
55222593-738b-401c-9324-08e5de5c34f4,fUSD,0.000222,2,1,2122.17685174,offer,2026-08-25T17:47:00.934914+00:00
836c2d77-1eea-4b56-9eba-c61390792963,fUSD,0.000273972602739726,120,1,-7195423.78956155,demand,2026-08-25T18:47:00.972704+00:00
836c2d77-1eea-4b56-9eba-c61390792963,fUSD,0.00022,30,1,-30100.0,demand,2026-08-25T18:47:00.972704+00:00
836c2d77-1eea-4b56-9eba-c61390792963,fUSD,0.00021,30,1,-30000.0,demand,2026-08-25T18:47:00.972704+00:00
836c2d77-1eea-4b56-9eba-c61390792963,fUSD,0.000209,30,1,-6289.12258117,demand,2026-08-25T18:47:00.972704+00:00
836c2d77-1eea-4b56-9eba-c61390792963,fUSD,0.0002,7,1,-150.0,demand,2026-08-25T18:47:00.972704+00:00
836c2d77-1eea-4b56-9eba-c61390792963,fUSD,0.0001947038,2,1,-762.87462984,demand,2026-08-25T18:47:00.972704+00:00
836c2d77-1eea-4b56-9eba-c61390792963,fUSD,0.00018010999999999998,120,1,-133240.73391109,demand,2026-08-25T18:47:00.972704+00:00
836c2d77-1eea-4b56-9eba-c61390792963,fUSD,0.0001777,120,1,-23123.30278361,demand,2026-08-25T18:47:00.972704+00:00
836c2d77-1eea-4b56-9eba-c61390792963,fUSD,0.000174,120,1,-12350.0,demand,2026-08-25T18:47:00.972704+00:00
836c2d77-1eea-4b56-9eba-c61390792963,fUSD,0.0001713,120,1,-14000.0,demand,2026-08-25T18:47:00.972704+00:00
836c2d77-1eea-4b56-9eba-c61390792963,fUSD,0.0001712,120,1,-20000.0,demand,2026-08-25T18:47:00.972704+00:00
836c2d77-1eea-4b56-9eba-c61390792963,fUSD,0.00017111,120,1,-2000000.0,demand,2026-08-25T18:47:00.972704+00:00
836c2d77-1eea-4b56-9eba-c61390792963,fUSD,0.00016,120,2,-10009162.66122322,demand,2026-08-25T18:47:00.972704+00:00
836c2d77-1eea-4b56-9eba-c61390792963,fUSD,0.000151,120,1,-10000.0,demand,2026-08-25T18:47:00.972704+00:00
836c2d77-1eea-4b56-9eba-c61390792963,fUSD,0.00015,90,1,-19550.75,demand,2026-08-25T18:47:00.972704+00:00
836c2d77-1eea-4b56-9eba-c61390792963,fUSD,0.00015,29,1,-91744.31113844,demand,2026-08-25T18:47:00.972704+00:00
836c2d77-1eea-4b56-9eba-c61390792963,fUSD,0.00015,120,1,-500.0,demand,2026-08-25T18:47:00.972704+00:00
836c2d77-1eea-4b56-9eba-c61390792963,fUSD,0.00015,2,1,-10000.0,demand,2026-08-25T18:47:00.972704+00:00
836c2d77-1eea-4b56-9eba-c61390792963,fUSD,0.000145,7,1,-190.0,demand,2026-08-25T18:47:00.972704+00:00
836c2d77-1eea-4b56-9eba-c61390792963,fUSD,0.00014252,120,1,-10770.76644364,demand,2026-08-25T18:47:00.972704+00:00
836c2d77-1eea-4b56-9eba-c61390792963,fUSD,0.00014120000000000002,30,1,-13500.0,demand,2026-08-25T18:47:00.972704+00:00
836c2d77-1eea-4b56-9eba-c61390792963,fUSD,0.00014,7,1,-320.0,demand,2026-08-25T18:47:00.972704+00:00
836c2d77-1eea-4b56-9eba-c61390792963,fUSD,0.0001342,2,1,-1093351.57892754,demand,2026-08-25T18:47:00.972704+00:00
836c2d77-1eea-4b56-9eba-c61390792963,fUSD,0.0001340002,2,1,-600000.0,demand,2026-08-25T18:47:00.972704+00:00
836c2d77-1eea-4b56-9eba-c61390792963,fUSD,0.000134,2,1,-2000000.0,demand,2026-08-25T18:47:00.972704+00:00
836c2d77-1eea-4b56-9eba-c61390792963,fUSD,0.0001961157,2,1,205.73,offer,2026-08-25T18:47:00.972704+00:00
836c2d77-1eea-4b56-9eba-c61390792963,fUSD,0.00019632405000000002,2,1,269.55759471,offer,2026-08-25T18:47:00.972704+00:00
836c2d77-1eea-4b56-9eba-c61390792963,fUSD,0.0001965324,2,1,1852.42,offer,2026-08-25T18:47:00.972704+00:00
836c2d77-1eea-4b56-9eba-c61390792963,fUSD,0.00019873513032514414,2,15,7156.50708102,offer,2026-08-25T18:47:00.972704+00:00
836c2d77-1eea-4b56-9eba-c61390792963,fUSD,0.00019874513032514413,2,1,579.21,offer,2026-08-25T18:47:00.972704+00:00
836c2d77-1eea-4b56-9eba-c61390792963,fUSD,0.0001994,7,1,2696.03066593,offer,2026-08-25T18:47:00.972704+00:00
836c2d77-1eea-4b56-9eba-c61390792963,fUSD,0.0001996,7,1,150.0,offer,2026-08-25T18:47:00.972704+00:00
836c2d77-1eea-4b56-9eba-c61390792963,fUSD,0.00019999999999999998,2,2,575.40362236,offer,2026-08-25T18:47:00.972704+00:00
836c2d77-1eea-4b56-9eba-c61390792963,fUSD,0.00019999999999999998,20,1,239.70745431,offer,2026-08-25T18:47:00.972704+00:00
836c2d77-1eea-4b56-9eba-c61390792963,fUSD,0.0002001104,2,1,150.0,offer,2026-08-25T18:47:00.972704+00:00
836c2d77-1eea-4b56-9eba-c61390792963,fUSD,0.00020374513032514412,7,1,1528.55,offer,2026-08-25T18:47:00.972704+00:00
836c2d77-1eea-4b56-9eba-c61390792963,fUSD,0.00020381000000000002,2,4,1503.23805205,offer,2026-08-25T18:47:00.972704+00:00
836c2d77-1eea-4b56-9eba-c61390792963,fUSD,0.00020384,2,2,5160.174,offer,2026-08-25T18:47:00.972704+00:00
836c2d77-1eea-4b56-9eba-c61390792963,fUSD,0.0002048202,2,1,164.15,offer,2026-08-25T18:47:00.972704+00:00
836c2d77-1eea-4b56-9eba-c61390792963,fUSD,0.0002054794520547945,2,1,386.15398302,offer,2026-08-25T18:47:00.972704+00:00
836c2d77-1eea-4b56-9eba-c61390792963,fUSD,0.0002067792397260274,2,1,186.35987575,offer,2026-08-25T18:47:00.972704+00:00
836c2d77-1eea-4b56-9eba-c61390792963,fUSD,0.0002067817842465753,2,5,1281.21713811,offer,2026-08-25T18:47:00.972704+00:00
836c2d77-1eea-4b56-9eba-c61390792963,fUSD,0.000207,3,4,848.3648942,offer,2026-08-25T18:47:00.972704+00:00
836c2d77-1eea-4b56-9eba-c61390792963,fUSD,0.000207,2,2,8218.11645717,offer,2026-08-25T18:47:00.972704+00:00
836c2d77-1eea-4b56-9eba-c61390792963,fUSD,0.00020788,2,1,1434.81438159,offer,2026-08-25T18:47:00.972704+00:00
836c2d77-1eea-4b56-9eba-c61390792963,fUSD,0.00020799,2,11,92771.63135965,offer,2026-08-25T18:47:00.972704+00:00
836c2d77-1eea-4b56-9eba-c61390792963,fUSD,0.000208,2,1,462342.97359513,offer,2026-08-25T18:47:00.972704+00:00
836c2d77-1eea-4b56-9eba-c61390792963,fUSD,0.000208,12,3,1063.47026477,offer,2026-08-25T18:47:00.972704+00:00
836c2d77-1eea-4b56-9eba-c61390792963,fUSD,0.00020839719018739725,2,1,155.11,offer,2026-08-25T18:47:00.972704+00:00
836c2d77-1eea-4b56-9eba-c61390792963,fUSD,0.0002085241,2,1,731.75,offer,2026-08-25T18:47:00.972704+00:00
1a466f5f-3baa-4872-b493-c69d7a82f5ef,fUSD,0.000273972602739726,120,1,-7188887.78162249,demand,2026-08-25T19:47:01.002221+00:00
1a466f5f-3baa-4872-b493-c69d7a82f5ef,fUSD,0.00022,30,1,-30100.0,demand,2026-08-25T19:47:01.002221+00:00
1a466f5f-3baa-4872-b493-c69d7a82f5ef,fUSD,0.00021,30,1,-30000.0,demand,2026-08-25T19:47:01.002221+00:00
1a466f5f-3baa-4872-b493-c69d7a82f5ef,fUSD,0.000209,30,1,-6289.12258117,demand,2026-08-25T19:47:01.002221+00:00
1a466f5f-3baa-4872-b493-c69d7a82f5ef,fUSD,0.0002,7,1,-150.0,demand,2026-08-25T19:47:01.002221+00:00
1a466f5f-3baa-4872-b493-c69d7a82f5ef,fUSD,0.00018010999999999998,120,1,-133240.73391109,demand,2026-08-25T19:47:01.002221+00:00
1a466f5f-3baa-4872-b493-c69d7a82f5ef,fUSD,0.0001777,120,1,-23123.30278361,demand,2026-08-25T19:47:01.002221+00:00
1a466f5f-3baa-4872-b493-c69d7a82f5ef,fUSD,0.000174,120,1,-12350.0,demand,2026-08-25T19:47:01.002221+00:00
1a466f5f-3baa-4872-b493-c69d7a82f5ef,fUSD,0.0001713,120,1,-14000.0,demand,2026-08-25T19:47:01.002221+00:00
1a466f5f-3baa-4872-b493-c69d7a82f5ef,fUSD,0.0001712,120,1,-20000.0,demand,2026-08-25T19:47:01.002221+00:00
1a466f5f-3baa-4872-b493-c69d7a82f5ef,fUSD,0.00017111,120,1,-2000000.0,demand,2026-08-25T19:47:01.002221+00:00
1a466f5f-3baa-4872-b493-c69d7a82f5ef,fUSD,0.00016,120,2,-10009162.66122322,demand,2026-08-25T19:47:01.002221+00:00
1a466f5f-3baa-4872-b493-c69d7a82f5ef,fUSD,0.000151,120,1,-10000.0,demand,2026-08-25T19:47:01.002221+00:00
1a466f5f-3baa-4872-b493-c69d7a82f5ef,fUSD,0.00015,90,1,-19550.75,demand,2026-08-25T19:47:01.002221+00:00
1a466f5f-3baa-4872-b493-c69d7a82f5ef,fUSD,0.00015,29,1,-91744.31113844,demand,2026-08-25T19:47:01.002221+00:00
1a466f5f-3baa-4872-b493-c69d7a82f5ef,fUSD,0.00015,120,1,-500.0,demand,2026-08-25T19:47:01.002221+00:00
1a466f5f-3baa-4872-b493-c69d7a82f5ef,fUSD,0.00015,2,1,-10000.0,demand,2026-08-25T19:47:01.002221+00:00
1a466f5f-3baa-4872-b493-c69d7a82f5ef,fUSD,0.000145,7,1,-190.0,demand,2026-08-25T19:47:01.002221+00:00
1a466f5f-3baa-4872-b493-c69d7a82f5ef,fUSD,0.00014252,120,1,-10770.76644364,demand,2026-08-25T19:47:01.002221+00:00
1a466f5f-3baa-4872-b493-c69d7a82f5ef,fUSD,0.00014120000000000002,30,1,-13500.0,demand,2026-08-25T19:47:01.002221+00:00
1a466f5f-3baa-4872-b493-c69d7a82f5ef,fUSD,0.00014,7,1,-320.0,demand,2026-08-25T19:47:01.002221+00:00
1a466f5f-3baa-4872-b493-c69d7a82f5ef,fUSD,0.0001342,2,1,-1091663.63006565,demand,2026-08-25T19:47:01.002221+00:00
1a466f5f-3baa-4872-b493-c69d7a82f5ef,fUSD,0.0001340002,2,1,-600000.0,demand,2026-08-25T19:47:01.002221+00:00
1a466f5f-3baa-4872-b493-c69d7a82f5ef,fUSD,0.000134,2,1,-2000000.0,demand,2026-08-25T19:47:01.002221+00:00
1a466f5f-3baa-4872-b493-c69d7a82f5ef,fUSD,0.000131,13,1,-7000.0,demand,2026-08-25T19:47:01.002221+00:00
1a466f5f-3baa-4872-b493-c69d7a82f5ef,fUSD,0.00014999,2,31,14746.93531642,offer,2026-08-25T19:47:01.002221+00:00
1a466f5f-3baa-4872-b493-c69d7a82f5ef,fUSD,0.00015,2,17,599260.17032026,offer,2026-08-25T19:47:01.002221+00:00
1a466f5f-3baa-4872-b493-c69d7a82f5ef,fUSD,0.00015,7,1,157.46774833,offer,2026-08-25T19:47:01.002221+00:00
1a466f5f-3baa-4872-b493-c69d7a82f5ef,fUSD,0.00015014,2,1,294.0,offer,2026-08-25T19:47:01.002221+00:00
1a466f5f-3baa-4872-b493-c69d7a82f5ef,fUSD,0.00015067824246575343,2,1,1137.78,offer,2026-08-25T19:47:01.002221+00:00
1a466f5f-3baa-4872-b493-c69d7a82f5ef,fUSD,0.0001508,2,1,172.58339,offer,2026-08-25T19:47:01.002221+00:00
1a466f5f-3baa-4872-b493-c69d7a82f5ef,fUSD,0.0001509,2,4,690.33352,offer,2026-08-25T19:47:01.002221+00:00
1a466f5f-3baa-4872-b493-c69d7a82f5ef,fUSD,0.000152,2,1,162.0,offer,2026-08-25T19:47:01.002221+00:00
1a466f5f-3baa-4872-b493-c69d7a82f5ef,fUSD,0.00015299999999999998,3,1,546.36307865,offer,2026-08-25T19:47:01.002221+00:00
1a466f5f-3baa-4872-b493-c69d7a82f5ef,fUSD,0.00015342884144937572,7,1,150.0,offer,2026-08-25T19:47:01.002221+00:00
1a466f5f-3baa-4872-b493-c69d7a82f5ef,fUSD,0.000154255,2,1,193.38,offer,2026-08-25T19:47:01.002221+00:00
1a466f5f-3baa-4872-b493-c69d7a82f5ef,fUSD,0.00015426591369863013,2,1,1137.78,offer,2026-08-25T19:47:01.002221+00:00
1a466f5f-3baa-4872-b493-c69d7a82f5ef,fUSD,0.00015432,2,1,3139.0,offer,2026-08-25T19:47:01.002221+00:00
1a466f5f-3baa-4872-b493-c69d7a82f5ef,fUSD,0.00015435,7,2,494.28553468,offer,2026-08-25T19:47:01.002221+00:00
1a466f5f-3baa-4872-b493-c69d7a82f5ef,fUSD,0.000154632,2,1,89070.29,offer,2026-08-25T19:47:01.002221+00:00
1a466f5f-3baa-4872-b493-c69d7a82f5ef,fUSD,0.00015515,2,1,249.82694561,offer,2026-08-25T19:47:01.002221+00:00
1a466f5f-3baa-4872-b493-c69d7a82f5ef,fUSD,0.00015547495,2,1,151.0,offer,2026-08-25T19:47:01.002221+00:00
1a466f5f-3baa-4872-b493-c69d7a82f5ef,fUSD,0.0001560326544,2,1,591.03,offer,2026-08-25T19:47:01.002221+00:00
1a466f5f-3baa-4872-b493-c69d7a82f5ef,fUSD,0.00015606,4,1,546.36307865,offer,2026-08-25T19:47:01.002221+00:00
1a466f5f-3baa-4872-b493-c69d7a82f5ef,fUSD,0.000157095,2,50,16913.5,offer,2026-08-25T19:47:01.002221+00:00
1a466f5f-3baa-4872-b493-c69d7a82f5ef,fUSD,0.000157479,7,1,182.22155617,offer,2026-08-25T19:47:01.002221+00:00
1a466f5f-3baa-4872-b493-c69d7a82f5ef,fUSD,0.00015785358493150686,2,1,1137.78,offer,2026-08-25T19:47:01.002221+00:00
1a466f5f-3baa-4872-b493-c69d7a82f5ef,fUSD,0.00015854,2,1,255.0,offer,2026-08-25T19:47:01.002221+00:00
1a466f5f-3baa-4872-b493-c69d7a82f5ef,fUSD,0.00015876,7,2,431.5765658,offer,2026-08-25T19:47:01.002221+00:00
1a466f5f-3baa-4872-b493-c69d7a82f5ef,fUSD,0.0001591812,5,1,546.36307865,offer,2026-08-25T19:47:01.002221+00:00
48c63be2-6790-40d7-879c-32e1777e9c0a,fUSD,0.000273972602739726,120,1,-7186785.18360829,demand,2026-08-25T20:47:00.989865+00:00
48c63be2-6790-40d7-879c-32e1777e9c0a,fUSD,0.00022,30,1,-30100.0,demand,2026-08-25T20:47:00.989865+00:00
48c63be2-6790-40d7-879c-32e1777e9c0a,fUSD,0.00021,30,1,-30000.0,demand,2026-08-25T20:47:00.989865+00:00
48c63be2-6790-40d7-879c-32e1777e9c0a,fUSD,0.000209,30,1,-6289.12258117,demand,2026-08-25T20:47:00.989865+00:00
48c63be2-6790-40d7-879c-32e1777e9c0a,fUSD,0.0002,7,1,-150.0,demand,2026-08-25T20:47:00.989865+00:00
48c63be2-6790-40d7-879c-32e1777e9c0a,fUSD,0.00018010999999999998,120,1,-133240.73391109,demand,2026-08-25T20:47:00.989865+00:00
48c63be2-6790-40d7-879c-32e1777e9c0a,fUSD,0.0001777,120,1,-23123.30278361,demand,2026-08-25T20:47:00.989865+00:00
48c63be2-6790-40d7-879c-32e1777e9c0a,fUSD,0.000174,120,1,-12350.0,demand,2026-08-25T20:47:00.989865+00:00
48c63be2-6790-40d7-879c-32e1777e9c0a,fUSD,0.0001713,120,1,-14000.0,demand,2026-08-25T20:47:00.989865+00:00
48c63be2-6790-40d7-879c-32e1777e9c0a,fUSD,0.0001712,120,1,-20000.0,demand,2026-08-25T20:47:00.989865+00:00
48c63be2-6790-40d7-879c-32e1777e9c0a,fUSD,0.00017111,120,1,-2000000.0,demand,2026-08-25T20:47:00.989865+00:00
48c63be2-6790-40d7-879c-32e1777e9c0a,fUSD,0.00016,120,2,-10009162.66122322,demand,2026-08-25T20:47:00.989865+00:00
48c63be2-6790-40d7-879c-32e1777e9c0a,fUSD,0.000151,120,1,-10000.0,demand,2026-08-25T20:47:00.989865+00:00
48c63be2-6790-40d7-879c-32e1777e9c0a,fUSD,0.00015,90,1,-19550.75,demand,2026-08-25T20:47:00.989865+00:00
48c63be2-6790-40d7-879c-32e1777e9c0a,fUSD,0.00015,29,1,-91744.31113844,demand,2026-08-25T20:47:00.989865+00:00
48c63be2-6790-40d7-879c-32e1777e9c0a,fUSD,0.00015,120,1,-500.0,demand,2026-08-25T20:47:00.989865+00:00
48c63be2-6790-40d7-879c-32e1777e9c0a,fUSD,0.00015,2,1,-10000.0,demand,2026-08-25T20:47:00.989865+00:00
48c63be2-6790-40d7-879c-32e1777e9c0a,fUSD,0.000145,7,1,-190.0,demand,2026-08-25T20:47:00.989865+00:00
48c63be2-6790-40d7-879c-32e1777e9c0a,fUSD,0.00014252,120,1,-10770.76644364,demand,2026-08-25T20:47:00.989865+00:00
48c63be2-6790-40d7-879c-32e1777e9c0a,fUSD,0.00014120000000000002,30,1,-13500.0,demand,2026-08-25T20:47:00.989865+00:00
48c63be2-6790-40d7-879c-32e1777e9c0a,fUSD,0.00014,7,1,-162.53225167,demand,2026-08-25T20:47:00.989865+00:00
48c63be2-6790-40d7-879c-32e1777e9c0a,fUSD,0.0001342,2,1,-1051877.26279622,demand,2026-08-25T20:47:00.989865+00:00
48c63be2-6790-40d7-879c-32e1777e9c0a,fUSD,0.0001340002,2,1,-600000.0,demand,2026-08-25T20:47:00.989865+00:00
48c63be2-6790-40d7-879c-32e1777e9c0a,fUSD,0.000134,2,1,-2000000.0,demand,2026-08-25T20:47:00.989865+00:00
48c63be2-6790-40d7-879c-32e1777e9c0a,fUSD,0.000131,13,1,-7000.0,demand,2026-08-25T20:47:00.989865+00:00
48c63be2-6790-40d7-879c-32e1777e9c0a,fUSD,0.0001382315,2,2,30388.11021043,offer,2026-08-25T20:47:00.989865+00:00
48c63be2-6790-40d7-879c-32e1777e9c0a,fUSD,0.0001401471,3,1,500.0,offer,2026-08-25T20:47:00.989865+00:00
48c63be2-6790-40d7-879c-32e1777e9c0a,fUSD,0.00014035,2,1,300.0,offer,2026-08-25T20:47:00.989865+00:00
48c63be2-6790-40d7-879c-32e1777e9c0a,fUSD,0.0001403693,2,1,1118.2032063,offer,2026-08-25T20:47:00.989865+00:00
48c63be2-6790-40d7-879c-32e1777e9c0a,fUSD,0.00014044389374999998,2,1,250.0,offer,2026-08-25T20:47:00.989865+00:00
48c63be2-6790-40d7-879c-32e1777e9c0a,fUSD,0.00014051848749999996,2,1,425.68113761,offer,2026-08-25T20:47:00.989865+00:00
48c63be2-6790-40d7-879c-32e1777e9c0a,fUSD,0.00014066767499999996,2,1,158.62701353,offer,2026-08-25T20:47:00.989865+00:00
48c63be2-6790-40d7-879c-32e1777e9c0a,fUSD,0.000140734,2,2,354.76,offer,2026-08-25T20:47:00.989865+00:00
48c63be2-6790-40d7-879c-32e1777e9c0a,fUSD,0.00014267,2,1,175.59,offer,2026-08-25T20:47:00.989865+00:00
48c63be2-6790-40d7-879c-32e1777e9c0a,fUSD,0.0001427048,2,1,1852.42,offer,2026-08-25T20:47:00.989865+00:00
48c63be2-6790-40d7-879c-32e1777e9c0a,fUSD,0.00014405,2,1,370.12969823,offer,2026-08-25T20:47:00.989865+00:00
48c63be2-6790-40d7-879c-32e1777e9c0a,fUSD,0.00014475,2,1,383.0,offer,2026-08-25T20:47:00.989865+00:00
48c63be2-6790-40d7-879c-32e1777e9c0a,fUSD,0.00014539,2,1,279.07673997,offer,2026-08-25T20:47:00.989865+00:00
48c63be2-6790-40d7-879c-32e1777e9c0a,fUSD,0.00014626,2,1,2342.0,offer,2026-08-25T20:47:00.989865+00:00
48c63be2-6790-40d7-879c-32e1777e9c0a,fUSD,0.00014649,2,1,786.0,offer,2026-08-25T20:47:00.989865+00:00
48c63be2-6790-40d7-879c-32e1777e9c0a,fUSD,0.00014684,2,1,177.0,offer,2026-08-25T20:47:00.989865+00:00
48c63be2-6790-40d7-879c-32e1777e9c0a,fUSD,0.00014726,2,1,197.96,offer,2026-08-25T20:47:00.989865+00:00
48c63be2-6790-40d7-879c-32e1777e9c0a,fUSD,0.0001472605287671233,2,1,180.21,offer,2026-08-25T20:47:00.989865+00:00
48c63be2-6790-40d7-879c-32e1777e9c0a,fUSD,0.0001472684,2,1,2194.97,offer,2026-08-25T20:47:00.989865+00:00
48c63be2-6790-40d7-879c-32e1777e9c0a,fUSD,0.0001474621,2,1,292.84,offer,2026-08-25T20:47:00.989865+00:00
48c63be2-6790-40d7-879c-32e1777e9c0a,fUSD,0.00014848019999999997,2,2,1316.64434488,offer,2026-08-25T20:47:00.989865+00:00
48c63be2-6790-40d7-879c-32e1777e9c0a,fUSD,0.00014886,2,1,197.96,offer,2026-08-25T20:47:00.989865+00:00
48c63be2-6790-40d7-879c-32e1777e9c0a,fUSD,0.0001491212,2,1,1038.16,offer,2026-08-25T20:47:00.989865+00:00
48c63be2-6790-40d7-879c-32e1777e9c0a,fUSD,0.00014923009999999999,2,1,496.1292,offer,2026-08-25T20:47:00.989865+00:00
48c63be2-6790-40d7-879c-32e1777e9c0a,fUSD,0.00014998,2,1,500.0,offer,2026-08-25T20:47:00.989865+00:00
8e286b60-52dc-41c1-b638-795f98bcf094,fUSD,0.000273972602739726,120,1,-7185028.37434516,demand,2026-08-25T21:47:00.930329+00:00
8e286b60-52dc-41c1-b638-795f98bcf094,fUSD,0.00022,30,1,-30100.0,demand,2026-08-25T21:47:00.930329+00:00
8e286b60-52dc-41c1-b638-795f98bcf094,fUSD,0.00021,30,1,-30000.0,demand,2026-08-25T21:47:00.930329+00:00
8e286b60-52dc-41c1-b638-795f98bcf094,fUSD,0.000209,30,1,-6289.12258117,demand,2026-08-25T21:47:00.930329+00:00
8e286b60-52dc-41c1-b638-795f98bcf094,fUSD,0.0002,7,1,-150.0,demand,2026-08-25T21:47:00.930329+00:00
8e286b60-52dc-41c1-b638-795f98bcf094,fUSD,0.00018010999999999998,120,1,-133240.73391109,demand,2026-08-25T21:47:00.930329+00:00
8e286b60-52dc-41c1-b638-795f98bcf094,fUSD,0.0001777,120,1,-23123.30278361,demand,2026-08-25T21:47:00.930329+00:00
8e286b60-52dc-41c1-b638-795f98bcf094,fUSD,0.000174,120,1,-12350.0,demand,2026-08-25T21:47:00.930329+00:00
8e286b60-52dc-41c1-b638-795f98bcf094,fUSD,0.0001713,120,1,-14000.0,demand,2026-08-25T21:47:00.930329+00:00
8e286b60-52dc-41c1-b638-795f98bcf094,fUSD,0.0001712,120,1,-20000.0,demand,2026-08-25T21:47:00.930329+00:00
8e286b60-52dc-41c1-b638-795f98bcf094,fUSD,0.00017111,120,1,-2000000.0,demand,2026-08-25T21:47:00.930329+00:00
8e286b60-52dc-41c1-b638-795f98bcf094,fUSD,0.00016,120,2,-10009162.66122322,demand,2026-08-25T21:47:00.930329+00:00
8e286b60-52dc-41c1-b638-795f98bcf094,fUSD,0.000151,120,1,-10000.0,demand,2026-08-25T21:47:00.930329+00:00
8e286b60-52dc-41c1-b638-795f98bcf094,fUSD,0.00015,90,1,-19550.75,demand,2026-08-25T21:47:00.930329+00:00
8e286b60-52dc-41c1-b638-795f98bcf094,fUSD,0.00015,29,1,-91744.31113844,demand,2026-08-25T21:47:00.930329+00:00
8e286b60-52dc-41c1-b638-795f98bcf094,fUSD,0.00015,120,1,-500.0,demand,2026-08-25T21:47:00.930329+00:00
8e286b60-52dc-41c1-b638-795f98bcf094,fUSD,0.00015,2,1,-10000.0,demand,2026-08-25T21:47:00.930329+00:00
8e286b60-52dc-41c1-b638-795f98bcf094,fUSD,0.000145,7,1,-190.0,demand,2026-08-25T21:47:00.930329+00:00
8e286b60-52dc-41c1-b638-795f98bcf094,fUSD,0.00014252,120,1,-10770.76644364,demand,2026-08-25T21:47:00.930329+00:00
8e286b60-52dc-41c1-b638-795f98bcf094,fUSD,0.00014120000000000002,30,1,-13500.0,demand,2026-08-25T21:47:00.930329+00:00
8e286b60-52dc-41c1-b638-795f98bcf094,fUSD,0.0001342,2,1,-1050334.57779622,demand,2026-08-25T21:47:00.930329+00:00
8e286b60-52dc-41c1-b638-795f98bcf094,fUSD,0.0001340002,2,1,-600000.0,demand,2026-08-25T21:47:00.930329+00:00
8e286b60-52dc-41c1-b638-795f98bcf094,fUSD,0.000134,2,1,-2000000.0,demand,2026-08-25T21:47:00.930329+00:00
8e286b60-52dc-41c1-b638-795f98bcf094,fUSD,0.000131,13,1,-7000.0,demand,2026-08-25T21:47:00.930329+00:00
8e286b60-52dc-41c1-b638-795f98bcf094,fUSD,0.00013,2,1,-2000000.0,demand,2026-08-25T21:47:00.930329+00:00
8e286b60-52dc-41c1-b638-795f98bcf094,fUSD,0.00013989000000000002,2,2,584.37832204,offer,2026-08-25T21:47:00.930329+00:00
8e286b60-52dc-41c1-b638-795f98bcf094,fUSD,0.0001399,2,2,6254.44659216,offer,2026-08-25T21:47:00.930329+00:00
8e286b60-52dc-41c1-b638-795f98bcf094,fUSD,0.0001411914,2,1,451.45,offer,2026-08-25T21:47:00.930329+00:00
8e286b60-52dc-41c1-b638-795f98bcf094,fUSD,0.00014199999999999998,2,1,160.49248237,offer,2026-08-25T21:47:00.930329+00:00
8e286b60-52dc-41c1-b638-795f98bcf094,fUSD,0.0001431982,2,1,1167.59,offer,2026-08-25T21:47:00.930329+00:00
8e286b60-52dc-41c1-b638-795f98bcf094,fUSD,0.0001444987,2,1,311.34244034,offer,2026-08-25T21:47:00.930329+00:00
8e286b60-52dc-41c1-b638-795f98bcf094,fUSD,0.0001445187,2,1,5930.98,offer,2026-08-25T21:47:00.930329+00:00
8e286b60-52dc-41c1-b638-795f98bcf094,fUSD,0.0001452472,2,1,200.0,offer,2026-08-25T21:47:00.930329+00:00
8e286b60-52dc-41c1-b638-795f98bcf094,fUSD,0.00014540795,2,1,274.41,offer,2026-08-25T21:47:00.930329+00:00
8e286b60-52dc-41c1-b638-795f98bcf094,fUSD,0.0001455687,2,1,200.0,offer,2026-08-25T21:47:00.930329+00:00
8e286b60-52dc-41c1-b638-795f98bcf094,fUSD,0.0001463112370359294,2,1,175.13,offer,2026-08-25T21:47:00.930329+00:00
8e286b60-52dc-41c1-b638-795f98bcf094,fUSD,0.00014741122032,2,1,174.73,offer,2026-08-25T21:47:00.930329+00:00
8e286b60-52dc-41c1-b638-795f98bcf094,fUSD,0.00014825085205479453,2,1,451.45,offer,2026-08-25T21:47:00.930329+00:00
8e286b60-52dc-41c1-b638-795f98bcf094,fUSD,0.000149,2,4,10890.29830605,offer,2026-08-25T21:47:00.930329+00:00
8e286b60-52dc-41c1-b638-795f98bcf094,fUSD,0.0001491353299090411,2,1,174.73,offer,2026-08-25T21:47:00.930329+00:00
8e286b60-52dc-41c1-b638-795f98bcf094,fUSD,0.00014978,2,1,150.0,offer,2026-08-25T21:47:00.930329+00:00
8e286b60-52dc-41c1-b638-795f98bcf094,fUSD,0.00014979,2,1,13284.3910264,offer,2026-08-25T21:47:00.930329+00:00
8e286b60-52dc-41c1-b638-795f98bcf094,fUSD,0.0001499,2,1,212.57899979,offer,2026-08-25T21:47:00.930329+00:00
8e286b60-52dc-41c1-b638-795f98bcf094,fUSD,0.00014998,2,2,2525.237,offer,2026-08-25T21:47:00.930329+00:00
8e286b60-52dc-41c1-b638-795f98bcf094,fUSD,0.00014999,2,11,20648.48989757,offer,2026-08-25T21:47:00.930329+00:00
8e286b60-52dc-41c1-b638-795f98bcf094,fUSD,0.00015,2,12,1572846.39403906,offer,2026-08-25T21:47:00.930329+00:00
8e286b60-52dc-41c1-b638-795f98bcf094,fUSD,0.0001508594394980822,2,1,174.73,offer,2026-08-25T21:47:00.930329+00:00
8e286b60-52dc-41c1-b638-795f98bcf094,fUSD,0.000151855,2,2,1008.74005206,offer,2026-08-25T21:47:00.930329+00:00
8e286b60-52dc-41c1-b638-795f98bcf094,fUSD,0.00015198,7,1,188.22868721,offer,2026-08-25T21:47:00.930329+00:00
8e286b60-52dc-41c1-b638-795f98bcf094,fUSD,0.0001525835490871233,2,1,174.73,offer,2026-08-25T21:47:00.930329+00:00
dd599db9-4a2b-4405-abd8-7e0cea9c5f8e,fUSD,0.000273972602739726,120,1,-7182603.96429478,demand,2026-08-25T22:47:00.902023+00:00
dd599db9-4a2b-4405-abd8-7e0cea9c5f8e,fUSD,0.00022,30,1,-30100.0,demand,2026-08-25T22:47:00.902023+00:00
dd599db9-4a2b-4405-abd8-7e0cea9c5f8e,fUSD,0.00021,30,1,-30000.0,demand,2026-08-25T22:47:00.902023+00:00
dd599db9-4a2b-4405-abd8-7e0cea9c5f8e,fUSD,0.000209,30,1,-6289.12258117,demand,2026-08-25T22:47:00.902023+00:00
dd599db9-4a2b-4405-abd8-7e0cea9c5f8e,fUSD,0.0002,7,1,-150.0,demand,2026-08-25T22:47:00.902023+00:00
dd599db9-4a2b-4405-abd8-7e0cea9c5f8e,fUSD,0.00018010999999999998,120,1,-133240.73391109,demand,2026-08-25T22:47:00.902023+00:00
dd599db9-4a2b-4405-abd8-7e0cea9c5f8e,fUSD,0.0001777,120,1,-23123.30278361,demand,2026-08-25T22:47:00.902023+00:00
dd599db9-4a2b-4405-abd8-7e0cea9c5f8e,fUSD,0.000174,120,1,-12350.0,demand,2026-08-25T22:47:00.902023+00:00
dd599db9-4a2b-4405-abd8-7e0cea9c5f8e,fUSD,0.0001713,120,1,-14000.0,demand,2026-08-25T22:47:00.902023+00:00
dd599db9-4a2b-4405-abd8-7e0cea9c5f8e,fUSD,0.0001712,120,1,-20000.0,demand,2026-08-25T22:47:00.902023+00:00
dd599db9-4a2b-4405-abd8-7e0cea9c5f8e,fUSD,0.00017111,120,1,-2000000.0,demand,2026-08-25T22:47:00.902023+00:00
dd599db9-4a2b-4405-abd8-7e0cea9c5f8e,fUSD,0.00016,120,2,-10009162.66122322,demand,2026-08-25T22:47:00.902023+00:00
dd599db9-4a2b-4405-abd8-7e0cea9c5f8e,fUSD,0.000151,120,1,-10000.0,demand,2026-08-25T22:47:00.902023+00:00
dd599db9-4a2b-4405-abd8-7e0cea9c5f8e,fUSD,0.00015,90,1,-19550.75,demand,2026-08-25T22:47:00.902023+00:00
dd599db9-4a2b-4405-abd8-7e0cea9c5f8e,fUSD,0.00015,29,1,-91744.31113844,demand,2026-08-25T22:47:00.902023+00:00
dd599db9-4a2b-4405-abd8-7e0cea9c5f8e,fUSD,0.00015,120,1,-500.0,demand,2026-08-25T22:47:00.902023+00:00
dd599db9-4a2b-4405-abd8-7e0cea9c5f8e,fUSD,0.00015,2,1,-10000.0,demand,2026-08-25T22:47:00.902023+00:00
dd599db9-4a2b-4405-abd8-7e0cea9c5f8e,fUSD,0.000145,7,1,-190.0,demand,2026-08-25T22:47:00.902023+00:00
dd599db9-4a2b-4405-abd8-7e0cea9c5f8e,fUSD,0.00014252,120,1,-10770.76644364,demand,2026-08-25T22:47:00.902023+00:00
dd599db9-4a2b-4405-abd8-7e0cea9c5f8e,fUSD,0.00014120000000000002,30,1,-13500.0,demand,2026-08-25T22:47:00.902023+00:00
dd599db9-4a2b-4405-abd8-7e0cea9c5f8e,fUSD,0.0001342,2,1,-1049350.81879622,demand,2026-08-25T22:47:00.902023+00:00
dd599db9-4a2b-4405-abd8-7e0cea9c5f8e,fUSD,0.0001340002,2,1,-600000.0,demand,2026-08-25T22:47:00.902023+00:00
dd599db9-4a2b-4405-abd8-7e0cea9c5f8e,fUSD,0.000134,2,1,-2000000.0,demand,2026-08-25T22:47:00.902023+00:00
dd599db9-4a2b-4405-abd8-7e0cea9c5f8e,fUSD,0.000131,13,1,-7000.0,demand,2026-08-25T22:47:00.902023+00:00
dd599db9-4a2b-4405-abd8-7e0cea9c5f8e,fUSD,0.00013,2,1,-2000000.0,demand,2026-08-25T22:47:00.902023+00:00
dd599db9-4a2b-4405-abd8-7e0cea9c5f8e,fUSD,0.0001361512,2,1,1735.85131742,offer,2026-08-25T22:47:00.902023+00:00
dd599db9-4a2b-4405-abd8-7e0cea9c5f8e,fUSD,0.00013648724825,2,1,158.48565513,offer,2026-08-25T22:47:00.902023+00:00
dd599db9-4a2b-4405-abd8-7e0cea9c5f8e,fUSD,0.00013682329649999998,2,1,165.3764,offer,2026-08-25T22:47:00.902023+00:00
dd599db9-4a2b-4405-abd8-7e0cea9c5f8e,fUSD,0.00013693199825,2,1,250.0,offer,2026-08-25T22:47:00.902023+00:00
dd599db9-4a2b-4405-abd8-7e0cea9c5f8e,fUSD,0.0001370407,2,1,200.0,offer,2026-08-25T22:47:00.902023+00:00
dd599db9-4a2b-4405-abd8-7e0cea9c5f8e,fUSD,0.00013741542592499997,2,1,250.0,offer,2026-08-25T22:47:00.902023+00:00
dd599db9-4a2b-4405-abd8-7e0cea9c5f8e,fUSD,0.0001375,2,1,150.0,offer,2026-08-25T22:47:00.902023+00:00
dd599db9-4a2b-4405-abd8-7e0cea9c5f8e,fUSD,0.0001387268,2,1,150.0,offer,2026-08-25T22:47:00.902023+00:00
dd599db9-4a2b-4405-abd8-7e0cea9c5f8e,fUSD,0.00013886,2,1,150.0,offer,2026-08-25T22:47:00.902023+00:00
dd599db9-4a2b-4405-abd8-7e0cea9c5f8e,fUSD,0.000138874224,7,1,205.01144194,offer,2026-08-25T22:47:00.902023+00:00
dd599db9-4a2b-4405-abd8-7e0cea9c5f8e,fUSD,0.000139753378,2,58,27767.60476369,offer,2026-08-25T22:47:00.902023+00:00
dd599db9-4a2b-4405-abd8-7e0cea9c5f8e,fUSD,0.000139763378,2,1,178.29,offer,2026-08-25T22:47:00.902023+00:00
dd599db9-4a2b-4405-abd8-7e0cea9c5f8e,fUSD,0.00013983000000000005,2,3,687.99040994,offer,2026-08-25T22:47:00.902023+00:00
dd599db9-4a2b-4405-abd8-7e0cea9c5f8e,fUSD,0.0001399,2,3,3203.24641079,offer,2026-08-25T22:47:00.902023+00:00
dd599db9-4a2b-4405-abd8-7e0cea9c5f8e,fUSD,0.00014,2,1,150.02,offer,2026-08-25T22:47:00.902023+00:00
dd599db9-4a2b-4405-abd8-7e0cea9c5f8e,fUSD,0.00014023,2,1,150.0,offer,2026-08-25T22:47:00.902023+00:00
dd599db9-4a2b-4405-abd8-7e0cea9c5f8e,fUSD,0.0001403472,2,1,200.0,offer,2026-08-25T22:47:00.902023+00:00
dd599db9-4a2b-4405-abd8-7e0cea9c5f8e,fUSD,0.000140969457,7,3,1171.00268924,offer,2026-08-25T22:47:00.902023+00:00
dd599db9-4a2b-4405-abd8-7e0cea9c5f8e,fUSD,0.0001410741,2,1,687.9,offer,2026-08-25T22:47:00.902023+00:00
dd599db9-4a2b-4405-abd8-7e0cea9c5f8e,fUSD,0.00014107774968,2,1,175.96,offer,2026-08-25T22:47:00.902023+00:00
dd599db9-4a2b-4405-abd8-7e0cea9c5f8e,fUSD,0.00014172,2,2,1828.06165091,offer,2026-08-25T22:47:00.902023+00:00
dd599db9-4a2b-4405-abd8-7e0cea9c5f8e,fUSD,0.0001417408,2,1,281.19,offer,2026-08-25T22:47:00.902023+00:00
dd599db9-4a2b-4405-abd8-7e0cea9c5f8e,fUSD,0.0001434116,2,1,151.0,offer,2026-08-25T22:47:00.902023+00:00
dd599db9-4a2b-4405-abd8-7e0cea9c5f8e,fUSD,0.000144325,2,1,474.86,offer,2026-08-25T22:47:00.902023+00:00
dd599db9-4a2b-4405-abd8-7e0cea9c5f8e,fUSD,0.00014684,2,1,171.6,offer,2026-08-25T22:47:00.902023+00:00
d27fb9a7-8c38-4acb-a453-733be773e880,fUSD,0.000273972602739726,120,1,-6524989.11454038,demand,2026-08-25T23:47:00.843260+00:00
d27fb9a7-8c38-4acb-a453-733be773e880,fUSD,0.00022,30,1,-30100.0,demand,2026-08-25T23:47:00.843260+00:00
d27fb9a7-8c38-4acb-a453-733be773e880,fUSD,0.00021,30,1,-30000.0,demand,2026-08-25T23:47:00.843260+00:00
d27fb9a7-8c38-4acb-a453-733be773e880,fUSD,0.000209,30,1,-6289.12258117,demand,2026-08-25T23:47:00.843260+00:00
d27fb9a7-8c38-4acb-a453-733be773e880,fUSD,0.0002,7,1,-150.0,demand,2026-08-25T23:47:00.843260+00:00
d27fb9a7-8c38-4acb-a453-733be773e880,fUSD,0.00018010999999999998,120,1,-133240.73391109,demand,2026-08-25T23:47:00.843260+00:00
d27fb9a7-8c38-4acb-a453-733be773e880,fUSD,0.0001777,120,1,-23123.30278361,demand,2026-08-25T23:47:00.843260+00:00
d27fb9a7-8c38-4acb-a453-733be773e880,fUSD,0.000174,120,1,-12350.0,demand,2026-08-25T23:47:00.843260+00:00
d27fb9a7-8c38-4acb-a453-733be773e880,fUSD,0.0001713,120,1,-14000.0,demand,2026-08-25T23:47:00.843260+00:00
d27fb9a7-8c38-4acb-a453-733be773e880,fUSD,0.0001712,120,1,-20000.0,demand,2026-08-25T23:47:00.843260+00:00
d27fb9a7-8c38-4acb-a453-733be773e880,fUSD,0.00017111,120,1,-2000000.0,demand,2026-08-25T23:47:00.843260+00:00
d27fb9a7-8c38-4acb-a453-733be773e880,fUSD,0.00016,120,2,-10009162.66122322,demand,2026-08-25T23:47:00.843260+00:00
d27fb9a7-8c38-4acb-a453-733be773e880,fUSD,0.000151,120,1,-10000.0,demand,2026-08-25T23:47:00.843260+00:00
d27fb9a7-8c38-4acb-a453-733be773e880,fUSD,0.00015,90,1,-19550.75,demand,2026-08-25T23:47:00.843260+00:00
d27fb9a7-8c38-4acb-a453-733be773e880,fUSD,0.00015,29,1,-91744.31113844,demand,2026-08-25T23:47:00.843260+00:00
d27fb9a7-8c38-4acb-a453-733be773e880,fUSD,0.00015,120,1,-500.0,demand,2026-08-25T23:47:00.843260+00:00
d27fb9a7-8c38-4acb-a453-733be773e880,fUSD,0.00015,2,1,-10000.0,demand,2026-08-25T23:47:00.843260+00:00
d27fb9a7-8c38-4acb-a453-733be773e880,fUSD,0.000145,7,1,-190.0,demand,2026-08-25T23:47:00.843260+00:00
d27fb9a7-8c38-4acb-a453-733be773e880,fUSD,0.00014252,120,1,-10770.76644364,demand,2026-08-25T23:47:00.843260+00:00
d27fb9a7-8c38-4acb-a453-733be773e880,fUSD,0.00014120000000000002,30,1,-13500.0,demand,2026-08-25T23:47:00.843260+00:00
d27fb9a7-8c38-4acb-a453-733be773e880,fUSD,0.0001342,2,1,-1041135.20634128,demand,2026-08-25T23:47:00.843260+00:00
d27fb9a7-8c38-4acb-a453-733be773e880,fUSD,0.0001340002,2,1,-600000.0,demand,2026-08-25T23:47:00.843260+00:00
d27fb9a7-8c38-4acb-a453-733be773e880,fUSD,0.000134,2,1,-2000000.0,demand,2026-08-25T23:47:00.843260+00:00
d27fb9a7-8c38-4acb-a453-733be773e880,fUSD,0.000131,13,1,-7000.0,demand,2026-08-25T23:47:00.843260+00:00
d27fb9a7-8c38-4acb-a453-733be773e880,fUSD,0.00013,2,1,-2000000.0,demand,2026-08-25T23:47:00.843260+00:00
d27fb9a7-8c38-4acb-a453-733be773e880,fUSD,0.00013443216158027396,2,1,11.53015744,offer,2026-08-25T23:47:00.843260+00:00
d27fb9a7-8c38-4acb-a453-733be773e880,fUSD,0.00013526585,2,1,298.28051064,offer,2026-08-25T23:47:00.843260+00:00
d27fb9a7-8c38-4acb-a453-733be773e880,fUSD,0.00013591764103232877,2,1,254.0,offer,2026-08-25T23:47:00.843260+00:00
d27fb9a7-8c38-4acb-a453-733be773e880,fUSD,0.0001363217,2,1,683.9,offer,2026-08-25T23:47:00.843260+00:00
d27fb9a7-8c38-4acb-a453-733be773e880,fUSD,0.00013664,2,1,150.0,offer,2026-08-25T23:47:00.843260+00:00
d27fb9a7-8c38-4acb-a453-733be773e880,fUSD,0.000136986301369863,2,1,200.0,offer,2026-08-25T23:47:00.843260+00:00
d27fb9a7-8c38-4acb-a453-733be773e880,fUSD,0.00013740312048438356,2,1,254.0,offer,2026-08-25T23:47:00.843260+00:00
d27fb9a7-8c38-4acb-a453-733be773e880,fUSD,0.0001378664,2,1,693.85,offer,2026-08-25T23:47:00.843260+00:00
d27fb9a7-8c38-4acb-a453-733be773e880,fUSD,0.000138,2,1,150.0,offer,2026-08-25T23:47:00.843260+00:00
d27fb9a7-8c38-4acb-a453-733be773e880,fUSD,0.00013848733799999997,2,1,330.7528,offer,2026-08-25T23:47:00.843260+00:00
d27fb9a7-8c38-4acb-a453-733be773e880,fUSD,0.00013848733799999997,7,1,217.46076732,offer,2026-08-25T23:47:00.843260+00:00
d27fb9a7-8c38-4acb-a453-733be773e880,fUSD,0.0001384992,2,1,200.0,offer,2026-08-25T23:47:00.843260+00:00
d27fb9a7-8c38-4acb-a453-733be773e880,fUSD,0.00013888859993643835,2,1,254.0,offer,2026-08-25T23:47:00.843260+00:00
d27fb9a7-8c38-4acb-a453-733be773e880,fUSD,0.00013918676899999998,2,1,198.4517,offer,2026-08-25T23:47:00.843260+00:00
d27fb9a7-8c38-4acb-a453-733be773e880,fUSD,0.0001392723,2,1,464.74,offer,2026-08-25T23:47:00.843260+00:00
d27fb9a7-8c38-4acb-a453-733be773e880,fUSD,0.00013935,2,1,223.0,offer,2026-08-25T23:47:00.843260+00:00
d27fb9a7-8c38-4acb-a453-733be773e880,fUSD,0.00013972964520547946,2,1,683.9,offer,2026-08-25T23:47:00.843260+00:00
d27fb9a7-8c38-4acb-a453-733be773e880,fUSD,0.0001398862,7,1,153.65529874,offer,2026-08-25T23:47:00.843260+00:00
d27fb9a7-8c38-4acb-a453-733be773e880,fUSD,0.0001399,2,2,622.58022861,offer,2026-08-25T23:47:00.843260+00:00
d27fb9a7-8c38-4acb-a453-733be773e880,fUSD,0.00014037407938849314,2,1,254.0,offer,2026-08-25T23:47:00.843260+00:00
d27fb9a7-8c38-4acb-a453-733be773e880,fUSD,0.0001412314,2,1,801.91,offer,2026-08-25T23:47:00.843260+00:00
d27fb9a7-8c38-4acb-a453-733be773e880,fUSD,0.00014199999999999998,2,1,270.14179087,offer,2026-08-25T23:47:00.843260+00:00
d27fb9a7-8c38-4acb-a453-733be773e880,fUSD,0.00014199999999999998,20,1,221.02510162,offer,2026-08-25T23:47:00.843260+00:00
d27fb9a7-8c38-4acb-a453-733be773e880,fUSD,0.000142683924,7,1,164.38673348,offer,2026-08-25T23:47:00.843260+00:00
d27fb9a7-8c38-4acb-a453-733be773e880,fUSD,0.0001431375904109589,2,1,683.9,offer,2026-08-25T23:47:00.843260+00:00
