run_id,market,rate,period,count,amount,side,fetched_at
b06e92bf-03c7-460e-8857-17a7307cef17,fUST,0.0002671232876712329,120,1,-3948184.68306665,demand,2026-08-27T00:47:01.960301+00:00
b06e92bf-03c7-460e-8857-17a7307cef17,fUST,0.000247980821,120,1,-63393.34527943,demand,2026-08-27T00:47:01.960301+00:00
b06e92bf-03c7-460e-8857-17a7307cef17,fUST,0.0002310191780821918,120,1,-3972423.83674557,demand,2026-08-27T00:47:01.960301+00:00
b06e92bf-03c7-460e-8857-17a7307cef17,fUST,0.00016,120,1,-2000.0,demand,2026-08-27T00:47:01.960301+00:00
b06e92bf-03c7-460e-8857-17a7307cef17,fUST,0.00016,60,18,-403090.8297215,demand,2026-08-27T00:47:01.960301+00:00
b06e92bf-03c7-460e-8857-17a7307cef17,fUST,0.00015,90,1,-2000.0,demand,2026-08-27T00:47:01.960301+00:00
b06e92bf-03c7-460e-8857-17a7307cef17,fUST,0.00015,120,1,-300000.0,demand,2026-08-27T00:47:01.960301+00:00
b06e92bf-03c7-460e-8857-17a7307cef17,fUST,0.00015,45,3,-13845.272985,demand,2026-08-27T00:47:01.960301+00:00
b06e92bf-03c7-460e-8857-17a7307cef17,fUST,0.00015,60,1,-28000.0,demand,2026-08-27T00:47:01.960301+00:00
b06e92bf-03c7-460e-8857-17a7307cef17,fUST,0.0001421,45,9,-80000.0,demand,2026-08-27T00:47:01.960301+00:00
b06e92bf-03c7-460e-8857-17a7307cef17,fUST,0.000142,45,2,-20000.0,demand,2026-08-27T00:47:01.960301+00:00
b06e92bf-03c7-460e-8857-17a7307cef17,fUST,0.0001401,30,11,-152176.01032078,demand,2026-08-27T00:47:01.960301+00:00
b06e92bf-03c7-460e-8857-17a7307cef17,fUST,0.00014000000000000001,30,1,-28000.0,demand,2026-08-27T00:47:01.960301+00:00
b06e92bf-03c7-460e-8857-17a7307cef17,fUST,0.000138,20,6,-50000.0,demand,2026-08-27T00:47:01.960301+00:00
b06e92bf-03c7-460e-8857-17a7307cef17,fUST,0.000136,30,3,-19544.22120933,demand,2026-08-27T00:47:01.960301+00:00
b06e92bf-03c7-460e-8857-17a7307cef17,fUST,0.000128,30,3,-30000.0,demand,2026-08-27T00:47:01.960301+00:00
b06e92bf-03c7-460e-8857-17a7307cef17,fUST,0.000125,14,11,-140828.87098497,demand,2026-08-27T00:47:01.960301+00:00
b06e92bf-03c7-460e-8857-17a7307cef17,fUST,0.0001225,59,1,-95000.0,demand,2026-08-27T00:47:01.960301+00:00
b06e92bf-03c7-460e-8857-17a7307cef17,fUST,0.0001222,29,1,-194504.86890568,demand,2026-08-27T00:47:01.960301+00:00
b06e92bf-03c7-460e-8857-17a7307cef17,fUST,0.0001202,19,1,-184532.71737778,demand,2026-08-27T00:47:01.960301+00:00
b06e92bf-03c7-460e-8857-17a7307cef17,fUST,0.00012,120,1,-30000.0,demand,2026-08-27T00:47:01.960301+00:00
b06e92bf-03c7-460e-8857-17a7307cef17,fUST,0.0001101,2,1,-675469.18770285,demand,2026-08-27T00:47:01.960301+00:00
b06e92bf-03c7-460e-8857-17a7307cef17,fUST,0.000101,120,1,-293300.0,demand,2026-08-27T00:47:01.960301+00:00
b06e92bf-03c7-460e-8857-17a7307cef17,fUST,8.1e-05,13,1,-220298.60067989,demand,2026-08-27T00:47:01.960301+00:00
b06e92bf-03c7-460e-8857-17a7307cef17,fUST,8e-05,2,1,-10000.0,demand,2026-08-27T00:47:01.960301+00:00
b06e92bf-03c7-460e-8857-17a7307cef17,fUST,0.0001549959,2,1,3186.8513423,offer,2026-08-27T00:47:01.960301+00:00
b06e92bf-03c7-460e-8857-17a7307cef17,fUST,0.0001549972602739726,2,1,287.03461658,offer,2026-08-27T00:47:01.960301+00:00
b06e92bf-03c7-460e-8857-17a7307cef17,fUST,0.00015652,2,2,5211.31,offer,2026-08-27T00:47:01.960301+00:00
b06e92bf-03c7-460e-8857-17a7307cef17,fUST,0.0001581,7,1,167.1920647,offer,2026-08-27T00:47:01.960301+00:00
b06e92bf-03c7-460e-8857-17a7307cef17,fUST,0.00015969329452054795,2,1,165.69132772,offer,2026-08-27T00:47:01.960301+00:00
b06e92bf-03c7-460e-8857-17a7307cef17,fUST,0.0001598,2,1,209.96189605,offer,2026-08-27T00:47:01.960301+00:00
b06e92bf-03c7-460e-8857-17a7307cef17,fUST,0.000159806,2,1,304.15892281,offer,2026-08-27T00:47:01.960301+00:00
b06e92bf-03c7-460e-8857-17a7307cef17,fUST,0.00016,2,1,158.0,offer,2026-08-27T00:47:01.960301+00:00
b06e92bf-03c7-460e-8857-17a7307cef17,fUST,0.000162108,2,1,712.82977363,offer,2026-08-27T00:47:01.960301+00:00
b06e92bf-03c7-460e-8857-17a7307cef17,fUST,0.00016249,2,5,2500.0,offer,2026-08-27T00:47:01.960301+00:00
b06e92bf-03c7-460e-8857-17a7307cef17,fUST,0.0001624904109589041,2,1,957.54969025,offer,2026-08-27T00:47:01.960301+00:00
b06e92bf-03c7-460e-8857-17a7307cef17,fUST,0.00016530799999999983,2,1,173.80509875,offer,2026-08-27T00:47:01.960301+00:00
b06e92bf-03c7-460e-8857-17a7307cef17,fUST,0.00016540221136849631,2,1,220.68487598,offer,2026-08-27T00:47:01.960301+00:00
b06e92bf-03c7-460e-8857-17a7307cef17,fUST,0.0001659166375055124,2,1,160.0,offer,2026-08-27T00:47:01.960301+00:00
b06e92bf-03c7-460e-8857-17a7307cef17,fUST,0.0001659330500050884,2,1,417.15472785,offer,2026-08-27T00:47:01.960301+00:00
b06e92bf-03c7-460e-8857-17a7307cef17,fUST,0.000166,2,1,158.0,offer,2026-08-27T00:47:01.960301+00:00
b06e92bf-03c7-460e-8857-17a7307cef17,fUST,0.00016739,2,37,18329.15453409,offer,2026-08-27T00:47:01.960301+00:00
b06e92bf-03c7-460e-8857-17a7307cef17,fUST,0.0001674,2,1,17170.6502494,offer,2026-08-27T00:47:01.960301+00:00
b06e92bf-03c7-460e-8857-17a7307cef17,fUST,0.00016748760273972604,2,2,567.32011769,offer,2026-08-27T00:47:01.960301+00:00
b06e92bf-03c7-460e-8857-17a7307cef17,fUST,0.00016749,5,1,355.0,offer,2026-08-27T00:47:01.960301+00:00
b06e92bf-03c7-460e-8857-17a7307cef17,fUST,0.00016770531639999999,2,2,372.17703847,offer,2026-08-27T00:47:01.960301+00:00
b06e92bf-03c7-460e-8857-17a7307cef17,fUST,0.00016771000000000003,3,1,494.84,offer,2026-08-27T00:47:01.960301+00:00
b06e92bf-03c7-460e-8857-17a7307cef17,fUST,0.00016779,2,1,500.0,offer,2026-08-27T00:47:01.960301+00:00
b06e92bf-03c7-460e-8857-17a7307cef17,fUST,0.000167796,2,2,410.36748692,offer,2026-08-27T00:47:01.960301+00:00
b06e92bf-03c7-460e-8857-17a7307cef17,fUST,0.0001678,2,2,1146.96077123,offer,2026-08-27T00:47:01.960301+00:00
352e5ad8-8bca-4783-901c-db6e1e1c8b99,fUST,0.0002671232876712329,120,1,-3467219.74852355,demand,2026-08-27T01:47:02.164264+00:00
352e5ad8-8bca-4783-901c-db6e1e1c8b99,fUST,0.000247980821,120,1,-63393.34527943,demand,2026-08-27T01:47:02.164264+00:00
352e5ad8-8bca-4783-901c-db6e1e1c8b99,fUST,0.00023097808219178082,120,1,-3961469.86187681,demand,2026-08-27T01:47:02.164264+00:00
352e5ad8-8bca-4783-901c-db6e1e1c8b99,fUST,0.00016,120,1,-2000.0,demand,2026-08-27T01:47:02.164264+00:00
352e5ad8-8bca-4783-901c-db6e1e1c8b99,fUST,0.00016,60,18,-403090.8297215,demand,2026-08-27T01:47:02.164264+00:00
352e5ad8-8bca-4783-901c-db6e1e1c8b99,fUST,0.00015,90,1,-2000.0,demand,2026-08-27T01:47:02.164264+00:00
352e5ad8-8bca-4783-901c-db6e1e1c8b99,fUST,0.00015,120,1,-300000.0,demand,2026-08-27T01:47:02.164264+00:00
352e5ad8-8bca-4783-901c-db6e1e1c8b99,fUST,0.00015,45,3,-13845.272985,demand,2026-08-27T01:47:02.164264+00:00
352e5ad8-8bca-4783-901c-db6e1e1c8b99,fUST,0.00015,60,1,-28000.0,demand,2026-08-27T01:47:02.164264+00:00
352e5ad8-8bca-4783-901c-db6e1e1c8b99,fUST,0.0001421,45,9,-80000.0,demand,2026-08-27T01:47:02.164264+00:00
352e5ad8-8bca-4783-901c-db6e1e1c8b99,fUST,0.000142,45,2,-20000.0,demand,2026-08-27T01:47:02.164264+00:00
352e5ad8-8bca-4783-901c-db6e1e1c8b99,fUST,0.0001401,30,11,-152176.01032078,demand,2026-08-27T01:47:02.164264+00:00
352e5ad8-8bca-4783-901c-db6e1e1c8b99,fUST,0.00014000000000000001,30,1,-28000.0,demand,2026-08-27T01:47:02.164264+00:00
352e5ad8-8bca-4783-901c-db6e1e1c8b99,fUST,0.000138,20,6,-50000.0,demand,2026-08-27T01:47:02.164264+00:00
352e5ad8-8bca-4783-901c-db6e1e1c8b99,fUST,0.000136,30,3,-19544.22120933,demand,2026-08-27T01:47:02.164264+00:00
352e5ad8-8bca-4783-901c-db6e1e1c8b99,fUST,0.000128,30,3,-30000.0,demand,2026-08-27T01:47:02.164264+00:00
352e5ad8-8bca-4783-901c-db6e1e1c8b99,fUST,0.000125,14,10,-137031.77538023,demand,2026-08-27T01:47:02.164264+00:00
352e5ad8-8bca-4783-901c-db6e1e1c8b99,fUST,0.0001225,59,1,-95000.0,demand,2026-08-27T01:47:02.164264+00:00
352e5ad8-8bca-4783-901c-db6e1e1c8b99,fUST,0.0001222,29,1,-194504.86890568,demand,2026-08-27T01:47:02.164264+00:00
352e5ad8-8bca-4783-901c-db6e1e1c8b99,fUST,0.0001202,19,1,-184532.71737778,demand,2026-08-27T01:47:02.164264+00:00
352e5ad8-8bca-4783-901c-db6e1e1c8b99,fUST,0.00012,120,1,-30000.0,demand,2026-08-27T01:47:02.164264+00:00
352e5ad8-8bca-4783-901c-db6e1e1c8b99,fUST,0.0001101,2,1,-674915.58770285,demand,2026-08-27T01:47:02.164264+00:00
352e5ad8-8bca-4783-901c-db6e1e1c8b99,fUST,0.000101,120,1,-293300.0,demand,2026-08-27T01:47:02.164264+00:00
352e5ad8-8bca-4783-901c-db6e1e1c8b99,fUST,8.1e-05,13,1,-220298.60067989,demand,2026-08-27T01:47:02.164264+00:00
352e5ad8-8bca-4783-901c-db6e1e1c8b99,fUST,8e-05,2,1,-10000.0,demand,2026-08-27T01:47:02.164264+00:00
352e5ad8-8bca-4783-901c-db6e1e1c8b99,fUST,0.00013653894071249996,2,1,4947.03277006,offer,2026-08-27T01:47:02.164264+00:00
352e5ad8-8bca-4783-901c-db6e1e1c8b99,fUST,0.000152855,2,4,12991.18959101,offer,2026-08-27T01:47:02.164264+00:00
352e5ad8-8bca-4783-901c-db6e1e1c8b99,fUST,0.00015693424659,2,1,151.0,offer,2026-08-27T01:47:02.164264+00:00
352e5ad8-8bca-4783-901c-db6e1e1c8b99,fUST,0.00015695068495,2,1,151.0,offer,2026-08-27T01:47:02.164264+00:00
352e5ad8-8bca-4783-901c-db6e1e1c8b99,fUST,0.000158,2,1,1000.0,offer,2026-08-27T01:47:02.164264+00:00
352e5ad8-8bca-4783-901c-db6e1e1c8b99,fUST,0.00015924,5,1,355.0,offer,2026-08-27T01:47:02.164264+00:00
352e5ad8-8bca-4783-901c-db6e1e1c8b99,fUST,0.00015968820547945206,2,1,202.18435643,offer,2026-08-27T01:47:02.164264+00:00
352e5ad8-8bca-4783-901c-db6e1e1c8b99,fUST,0.00015998,2,1,17180.3385186,offer,2026-08-27T01:47:02.164264+00:00
352e5ad8-8bca-4783-901c-db6e1e1c8b99,fUST,0.00015998000000000002,2,1,592.9194192,offer,2026-08-27T01:47:02.164264+00:00
352e5ad8-8bca-4783-901c-db6e1e1c8b99,fUST,0.00015999000000000002,2,1,239.99007503,offer,2026-08-27T01:47:02.164264+00:00
352e5ad8-8bca-4783-901c-db6e1e1c8b99,fUST,0.00016,2,27,350003.21481135,offer,2026-08-27T01:47:02.164264+00:00
352e5ad8-8bca-4783-901c-db6e1e1c8b99,fUST,0.0001608,3,1,689.63,offer,2026-08-27T01:47:02.164264+00:00
352e5ad8-8bca-4783-901c-db6e1e1c8b99,fUST,0.00016080345999999998,2,2,377.08401998,offer,2026-08-27T01:47:02.164264+00:00
352e5ad8-8bca-4783-901c-db6e1e1c8b99,fUST,0.0001609,7,1,257.5840431,offer,2026-08-27T01:47:02.164264+00:00
352e5ad8-8bca-4783-901c-db6e1e1c8b99,fUST,0.000161,2,1,3000.0,offer,2026-08-27T01:47:02.164264+00:00
352e5ad8-8bca-4783-901c-db6e1e1c8b99,fUST,0.0001611,2,1,3000.0,offer,2026-08-27T01:47:02.164264+00:00
352e5ad8-8bca-4783-901c-db6e1e1c8b99,fUST,0.0001612,2,1,3000.0,offer,2026-08-27T01:47:02.164264+00:00
352e5ad8-8bca-4783-901c-db6e1e1c8b99,fUST,0.00016198,5,1,355.0,offer,2026-08-27T01:47:02.164264+00:00
352e5ad8-8bca-4783-901c-db6e1e1c8b99,fUST,0.0001632,3,1,889.50640173,offer,2026-08-27T01:47:02.164264+00:00
352e5ad8-8bca-4783-901c-db6e1e1c8b99,fUST,0.00016409596926018915,2,1,220.68487598,offer,2026-08-27T01:47:02.164264+00:00
352e5ad8-8bca-4783-901c-db6e1e1c8b99,fUST,0.00016438,2,10,5007.82460587,offer,2026-08-27T01:47:02.164264+00:00
352e5ad8-8bca-4783-901c-db6e1e1c8b99,fUST,0.00016438082191780822,2,1,506.54787148,offer,2026-08-27T01:47:02.164264+00:00
352e5ad8-8bca-4783-901c-db6e1e1c8b99,fUST,0.00016472,5,1,360.03855284,offer,2026-08-27T01:47:02.164264+00:00
352e5ad8-8bca-4783-901c-db6e1e1c8b99,fUST,0.00016515342467,2,3,768.1080917,offer,2026-08-27T01:47:02.164264+00:00
352e5ad8-8bca-4783-901c-db6e1e1c8b99,fUST,0.00016517534248,2,3,453.0,offer,2026-08-27T01:47:02.164264+00:00
5efce5dc-4967-4e9c-943f-8ad97ade379d,fUST,0.0002671232876712329,120,1,-3464519.82657089,demand,2026-08-27T02:47:02.497598+00:00
5efce5dc-4967-4e9c-943f-8ad97ade379d,fUST,0.000247980821,120,1,-63393.34527943,demand,2026-08-27T02:47:02.497598+00:00
5efce5dc-4967-4e9c-943f-8ad97ade379d,fUST,0.0002310082191780822,120,1,-3958413.79467057,demand,2026-08-27T02:47:02.497598+00:00
5efce5dc-4967-4e9c-943f-8ad97ade379d,fUST,0.00016,120,1,-2000.0,demand,2026-08-27T02:47:02.497598+00:00
5efce5dc-4967-4e9c-943f-8ad97ade379d,fUST,0.00016,60,18,-403090.8297215,demand,2026-08-27T02:47:02.497598+00:00
5efce5dc-4967-4e9c-943f-8ad97ade379d,fUST,0.00015,90,1,-2000.0,demand,2026-08-27T02:47:02.497598+00:00
5efce5dc-4967-4e9c-943f-8ad97ade379d,fUST,0.00015,120,1,-300000.0,demand,2026-08-27T02:47:02.497598+00:00
5efce5dc-4967-4e9c-943f-8ad97ade379d,fUST,0.00015,45,3,-13845.272985,demand,2026-08-27T02:47:02.497598+00:00
5efce5dc-4967-4e9c-943f-8ad97ade379d,fUST,0.00015,60,1,-28000.0,demand,2026-08-27T02:47:02.497598+00:00
5efce5dc-4967-4e9c-943f-8ad97ade379d,fUST,0.0001421,45,9,-80000.0,demand,2026-08-27T02:47:02.497598+00:00
5efce5dc-4967-4e9c-943f-8ad97ade379d,fUST,0.000142,45,2,-20000.0,demand,2026-08-27T02:47:02.497598+00:00
5efce5dc-4967-4e9c-943f-8ad97ade379d,fUST,0.0001401,30,11,-152176.01032078,demand,2026-08-27T02:47:02.497598+00:00
5efce5dc-4967-4e9c-943f-8ad97ade379d,fUST,0.00014000000000000001,30,1,-28000.0,demand,2026-08-27T02:47:02.497598+00:00
5efce5dc-4967-4e9c-943f-8ad97ade379d,fUST,0.000138,20,6,-50000.0,demand,2026-08-27T02:47:02.497598+00:00
5efce5dc-4967-4e9c-943f-8ad97ade379d,fUST,0.000136,30,3,-19544.22120933,demand,2026-08-27T02:47:02.497598+00:00
5efce5dc-4967-4e9c-943f-8ad97ade379d,fUST,0.000128,30,3,-30000.0,demand,2026-08-27T02:47:02.497598+00:00
5efce5dc-4967-4e9c-943f-8ad97ade379d,fUST,0.000125,14,10,-137031.77538023,demand,2026-08-27T02:47:02.497598+00:00
5efce5dc-4967-4e9c-943f-8ad97ade379d,fUST,0.0001225,59,1,-95000.0,demand,2026-08-27T02:47:02.497598+00:00
5efce5dc-4967-4e9c-943f-8ad97ade379d,fUST,0.0001222,29,1,-194504.86890568,demand,2026-08-27T02:47:02.497598+00:00
5efce5dc-4967-4e9c-943f-8ad97ade379d,fUST,0.0001202,19,1,-184532.71737778,demand,2026-08-27T02:47:02.497598+00:00
5efce5dc-4967-4e9c-943f-8ad97ade379d,fUST,0.00012,120,1,-30000.0,demand,2026-08-27T02:47:02.497598+00:00
5efce5dc-4967-4e9c-943f-8ad97ade379d,fUST,0.0001101,2,1,-674915.58770285,demand,2026-08-27T02:47:02.497598+00:00
5efce5dc-4967-4e9c-943f-8ad97ade379d,fUST,0.000101,120,1,-293300.0,demand,2026-08-27T02:47:02.497598+00:00
5efce5dc-4967-4e9c-943f-8ad97ade379d,fUST,8.1e-05,13,1,-220298.60067989,demand,2026-08-27T02:47:02.497598+00:00
5efce5dc-4967-4e9c-943f-8ad97ade379d,fUST,8e-05,2,1,-10000.0,demand,2026-08-27T02:47:02.497598+00:00
5efce5dc-4967-4e9c-943f-8ad97ade379d,fUST,0.00014112,14,1,353.08248318,offer,2026-08-27T02:47:02.497598+00:00
5efce5dc-4967-4e9c-943f-8ad97ade379d,fUST,0.00014255,14,1,5000.0,offer,2026-08-27T02:47:02.497598+00:00
5efce5dc-4967-4e9c-943f-8ad97ade379d,fUST,0.0001490374,2,1,296.9270057,offer,2026-08-27T02:47:02.497598+00:00
5efce5dc-4967-4e9c-943f-8ad97ade379d,fUST,0.000149336,2,1,330.62420077,offer,2026-08-27T02:47:02.497598+00:00
5efce5dc-4967-4e9c-943f-8ad97ade379d,fUST,0.0001498909,2,1,229.753918,offer,2026-08-27T02:47:02.497598+00:00
5efce5dc-4967-4e9c-943f-8ad97ade379d,fUST,0.00015697808221,2,1,332.5404014,offer,2026-08-27T02:47:02.497598+00:00
5efce5dc-4967-4e9c-943f-8ad97ade379d,fUST,0.00015725,2,10,4281.20629279,offer,2026-08-27T02:47:02.497598+00:00
5efce5dc-4967-4e9c-943f-8ad97ade379d,fUST,0.00015726,2,40,61206.06594482,offer,2026-08-27T02:47:02.497598+00:00
5efce5dc-4967-4e9c-943f-8ad97ade379d,fUST,0.00015726027397260274,2,1,500.0,offer,2026-08-27T02:47:02.497598+00:00
5efce5dc-4967-4e9c-943f-8ad97ade379d,fUST,0.00015971,2,14,122795.95388554,offer,2026-08-27T02:47:02.497598+00:00
5efce5dc-4967-4e9c-943f-8ad97ade379d,fUST,0.00015972,2,18,172213.71150439,offer,2026-08-27T02:47:02.497598+00:00
5efce5dc-4967-4e9c-943f-8ad97ade379d,fUST,0.0001597416404109589,2,1,186.0569025,offer,2026-08-27T02:47:02.497598+00:00
5efce5dc-4967-4e9c-943f-8ad97ade379d,fUST,0.000159904,2,4,720.40970512,offer,2026-08-27T02:47:02.497598+00:00
5efce5dc-4967-4e9c-943f-8ad97ade379d,fUST,0.00015999,5,1,360.03855284,offer,2026-08-27T02:47:02.497598+00:00
5efce5dc-4967-4e9c-943f-8ad97ade379d,fUST,0.00016,2,2,4575.7109211,offer,2026-08-27T02:47:02.497598+00:00
5efce5dc-4967-4e9c-943f-8ad97ade379d,fUST,0.0001601,2,1,3000.0,offer,2026-08-27T02:47:02.497598+00:00
5efce5dc-4967-4e9c-943f-8ad97ade379d,fUST,0.0001602,2,1,3085.633823,offer,2026-08-27T02:47:02.497598+00:00
5efce5dc-4967-4e9c-943f-8ad97ade379d,fUST,0.0001609,7,1,257.5840431,offer,2026-08-27T02:47:02.497598+00:00
5efce5dc-4967-4e9c-943f-8ad97ade379d,fUST,0.000160923666333858,2,1,220.68487598,offer,2026-08-27T02:47:02.497598+00:00
5efce5dc-4967-4e9c-943f-8ad97ade379d,fUST,0.0001629042,3,1,948.44946732,offer,2026-08-27T02:47:02.497598+00:00
5efce5dc-4967-4e9c-943f-8ad97ade379d,fUST,0.00016331,7,2,1876.7688911,offer,2026-08-27T02:47:02.497598+00:00
5efce5dc-4967-4e9c-943f-8ad97ade379d,fUST,0.00016366,2,1,2330.33766082,offer,2026-08-27T02:47:02.497598+00:00
5efce5dc-4967-4e9c-943f-8ad97ade379d,fUST,0.00016384,2,3,148219.052,offer,2026-08-27T02:47:02.497598+00:00
5efce5dc-4967-4e9c-943f-8ad97ade379d,fUST,0.0001638401,2,1,320.65,offer,2026-08-27T02:47:02.497598+00:00
5efce5dc-4967-4e9c-943f-8ad97ade379d,fUST,0.000164,2,1,1000.0,offer,2026-08-27T02:47:02.497598+00:00
dbe404b4-edf0-4d48-b0b3-014e00d30f66,fUST,0.0002671232876712329,120,1,-3461785.31209197,demand,2026-08-27T03:47:02.668947+00:00
dbe404b4-edf0-4d48-b0b3-014e00d30f66,fUST,0.000247980821,120,1,-63393.34527943,demand,2026-08-27T03:47:02.668947+00:00
dbe404b4-edf0-4d48-b0b3-014e00d30f66,fUST,0.000231,120,1,-3957791.97395229,demand,2026-08-27T03:47:02.668947+00:00
dbe404b4-edf0-4d48-b0b3-014e00d30f66,fUST,0.00016,120,1,-2000.0,demand,2026-08-27T03:47:02.668947+00:00
dbe404b4-edf0-4d48-b0b3-014e00d30f66,fUST,0.00016,60,18,-403090.8297215,demand,2026-08-27T03:47:02.668947+00:00
dbe404b4-edf0-4d48-b0b3-014e00d30f66,fUST,0.00015,90,1,-2000.0,demand,2026-08-27T03:47:02.668947+00:00
dbe404b4-edf0-4d48-b0b3-014e00d30f66,fUST,0.00015,120,1,-300000.0,demand,2026-08-27T03:47:02.668947+00:00
dbe404b4-edf0-4d48-b0b3-014e00d30f66,fUST,0.00015,45,3,-13845.272985,demand,2026-08-27T03:47:02.668947+00:00
dbe404b4-edf0-4d48-b0b3-014e00d30f66,fUST,0.00015,60,1,-28000.0,demand,2026-08-27T03:47:02.668947+00:00
dbe404b4-edf0-4d48-b0b3-014e00d30f66,fUST,0.0001421,45,9,-80000.0,demand,2026-08-27T03:47:02.668947+00:00
dbe404b4-edf0-4d48-b0b3-014e00d30f66,fUST,0.000142,45,2,-20000.0,demand,2026-08-27T03:47:02.668947+00:00
dbe404b4-edf0-4d48-b0b3-014e00d30f66,fUST,0.0001401,30,11,-152176.01032078,demand,2026-08-27T03:47:02.668947+00:00
dbe404b4-edf0-4d48-b0b3-014e00d30f66,fUST,0.00014000000000000001,30,1,-28000.0,demand,2026-08-27T03:47:02.668947+00:00
dbe404b4-edf0-4d48-b0b3-014e00d30f66,fUST,0.000138,20,6,-50000.0,demand,2026-08-27T03:47:02.668947+00:00
dbe404b4-edf0-4d48-b0b3-014e00d30f66,fUST,0.000136,30,3,-19544.22120933,demand,2026-08-27T03:47:02.668947+00:00
dbe404b4-edf0-4d48-b0b3-014e00d30f66,fUST,0.000128,30,3,-30000.0,demand,2026-08-27T03:47:02.668947+00:00
dbe404b4-edf0-4d48-b0b3-014e00d30f66,fUST,0.000125,14,10,-137031.77538023,demand,2026-08-27T03:47:02.668947+00:00
dbe404b4-edf0-4d48-b0b3-014e00d30f66,fUST,0.0001225,59,1,-95000.0,demand,2026-08-27T03:47:02.668947+00:00
dbe404b4-edf0-4d48-b0b3-014e00d30f66,fUST,0.0001222,29,1,-194504.86890568,demand,2026-08-27T03:47:02.668947+00:00
dbe404b4-edf0-4d48-b0b3-014e00d30f66,fUST,0.0001202,19,1,-184532.71737778,demand,2026-08-27T03:47:02.668947+00:00
dbe404b4-edf0-4d48-b0b3-014e00d30f66,fUST,0.00012,120,1,-30000.0,demand,2026-08-27T03:47:02.668947+00:00
dbe404b4-edf0-4d48-b0b3-014e00d30f66,fUST,0.0001101,2,1,-671064.73894278,demand,2026-08-27T03:47:02.668947+00:00
dbe404b4-edf0-4d48-b0b3-014e00d30f66,fUST,0.000101,120,1,-293300.0,demand,2026-08-27T03:47:02.668947+00:00
dbe404b4-edf0-4d48-b0b3-014e00d30f66,fUST,8.1e-05,13,1,-220298.60067989,demand,2026-08-27T03:47:02.668947+00:00
dbe404b4-edf0-4d48-b0b3-014e00d30f66,fUST,8e-05,2,1,-10000.0,demand,2026-08-27T03:47:02.668947+00:00
dbe404b4-edf0-4d48-b0b3-014e00d30f66,fUST,0.00014306,2,1,5000.0,offer,2026-08-27T03:47:02.668947+00:00
dbe404b4-edf0-4d48-b0b3-014e00d30f66,fUST,0.0001459656,2,1,151.0,offer,2026-08-27T03:47:02.668947+00:00
dbe404b4-edf0-4d48-b0b3-014e00d30f66,fUST,0.0001482082,2,1,4108.5479167,offer,2026-08-27T03:47:02.668947+00:00
dbe404b4-edf0-4d48-b0b3-014e00d30f66,fUST,0.0001488747,2,1,405.34929,offer,2026-08-27T03:47:02.668947+00:00
dbe404b4-edf0-4d48-b0b3-014e00d30f66,fUST,0.00015693972604,2,1,334.3705917,offer,2026-08-27T03:47:02.668947+00:00
dbe404b4-edf0-4d48-b0b3-014e00d30f66,fUST,0.00015811,2,1,2191.47593021,offer,2026-08-27T03:47:02.668947+00:00
dbe404b4-edf0-4d48-b0b3-014e00d30f66,fUST,0.0001592643612748052,2,1,220.70913267,offer,2026-08-27T03:47:02.668947+00:00
dbe404b4-edf0-4d48-b0b3-014e00d30f66,fUST,0.00015956,2,1,374.79955082,offer,2026-08-27T03:47:02.668947+00:00
dbe404b4-edf0-4d48-b0b3-014e00d30f66,fUST,0.00015961,3,1,547.7,offer,2026-08-27T03:47:02.668947+00:00
dbe404b4-edf0-4d48-b0b3-014e00d30f66,fUST,0.00015961417399999996,2,1,211.85970603,offer,2026-08-27T03:47:02.668947+00:00
dbe404b4-edf0-4d48-b0b3-014e00d30f66,fUST,0.0001597,5,1,355.0,offer,2026-08-27T03:47:02.668947+00:00
dbe404b4-edf0-4d48-b0b3-014e00d30f66,fUST,0.00015971,2,27,287927.28617471,offer,2026-08-27T03:47:02.668947+00:00
dbe404b4-edf0-4d48-b0b3-014e00d30f66,fUST,0.0001597416404109589,2,1,186.0569025,offer,2026-08-27T03:47:02.668947+00:00
dbe404b4-edf0-4d48-b0b3-014e00d30f66,fUST,0.00016,2,2,4000.0,offer,2026-08-27T03:47:02.668947+00:00
dbe404b4-edf0-4d48-b0b3-014e00d30f66,fUST,0.0001601,2,1,3085.633823,offer,2026-08-27T03:47:02.668947+00:00
dbe404b4-edf0-4d48-b0b3-014e00d30f66,fUST,0.0001609,7,1,257.5840431,offer,2026-08-27T03:47:02.668947+00:00
dbe404b4-edf0-4d48-b0b3-014e00d30f66,fUST,0.00016244,5,1,355.0,offer,2026-08-27T03:47:02.668947+00:00
dbe404b4-edf0-4d48-b0b3-014e00d30f66,fUST,0.0001629042,3,1,818.2299366,offer,2026-08-27T03:47:02.668947+00:00
dbe404b4-edf0-4d48-b0b3-014e00d30f66,fUST,0.00016331,7,2,1876.7688911,offer,2026-08-27T03:47:02.668947+00:00
dbe404b4-edf0-4d48-b0b3-014e00d30f66,fUST,0.0001635154128,2,1,298.675395,offer,2026-08-27T03:47:02.668947+00:00
dbe404b4-edf0-4d48-b0b3-014e00d30f66,fUST,0.0001641323549380048,2,1,160.0,offer,2026-08-27T03:47:02.668947+00:00
dbe404b4-edf0-4d48-b0b3-014e00d30f66,fUST,0.00016415966664614368,2,1,417.15472785,offer,2026-08-27T03:47:02.668947+00:00
dbe404b4-edf0-4d48-b0b3-014e00d30f66,fUST,0.00016428,2,3,148219.052,offer,2026-08-27T03:47:02.668947+00:00
dbe404b4-edf0-4d48-b0b3-014e00d30f66,fUST,0.00016438,2,10,5007.82460587,offer,2026-08-27T03:47:02.668947+00:00
dbe404b4-edf0-4d48-b0b3-014e00d30f66,fUST,0.00016438082191780822,2,1,500.0,offer,2026-08-27T03:47:02.668947+00:00
24b5e827-44a6-410e-b9bf-f4ac4b3df414,fUST,0.0002671232876712329,120,1,-3353740.12623901,demand,2026-08-27T04:47:02.223107+00:00
24b5e827-44a6-410e-b9bf-f4ac4b3df414,fUST,0.000247980821,120,1,-63393.34527943,demand,2026-08-27T04:47:02.223107+00:00
24b5e827-44a6-410e-b9bf-f4ac4b3df414,fUST,0.0002309972602739726,120,1,-3956311.97947842,demand,2026-08-27T04:47:02.223107+00:00
24b5e827-44a6-410e-b9bf-f4ac4b3df414,fUST,0.00016,120,1,-2000.0,demand,2026-08-27T04:47:02.223107+00:00
24b5e827-44a6-410e-b9bf-f4ac4b3df414,fUST,0.00016,60,18,-402490.8297215,demand,2026-08-27T04:47:02.223107+00:00
24b5e827-44a6-410e-b9bf-f4ac4b3df414,fUST,0.00015,90,1,-2000.0,demand,2026-08-27T04:47:02.223107+00:00
24b5e827-44a6-410e-b9bf-f4ac4b3df414,fUST,0.00015,120,1,-300000.0,demand,2026-08-27T04:47:02.223107+00:00
24b5e827-44a6-410e-b9bf-f4ac4b3df414,fUST,0.00015,45,3,-13845.272985,demand,2026-08-27T04:47:02.223107+00:00
24b5e827-44a6-410e-b9bf-f4ac4b3df414,fUST,0.00015,60,1,-28000.0,demand,2026-08-27T04:47:02.223107+00:00
24b5e827-44a6-410e-b9bf-f4ac4b3df414,fUST,0.0001421,45,9,-80000.0,demand,2026-08-27T04:47:02.223107+00:00
24b5e827-44a6-410e-b9bf-f4ac4b3df414,fUST,0.000142,45,2,-20000.0,demand,2026-08-27T04:47:02.223107+00:00
24b5e827-44a6-410e-b9bf-f4ac4b3df414,fUST,0.0001401,30,11,-152176.01032078,demand,2026-08-27T04:47:02.223107+00:00
24b5e827-44a6-410e-b9bf-f4ac4b3df414,fUST,0.00014000000000000001,30,1,-28000.0,demand,2026-08-27T04:47:02.223107+00:00
24b5e827-44a6-410e-b9bf-f4ac4b3df414,fUST,0.000138,20,6,-50000.0,demand,2026-08-27T04:47:02.223107+00:00
24b5e827-44a6-410e-b9bf-f4ac4b3df414,fUST,0.000136,30,3,-19544.22120933,demand,2026-08-27T04:47:02.223107+00:00
24b5e827-44a6-410e-b9bf-f4ac4b3df414,fUST,0.000128,30,3,-30000.0,demand,2026-08-27T04:47:02.223107+00:00
24b5e827-44a6-410e-b9bf-f4ac4b3df414,fUST,0.000125,14,10,-137031.77538023,demand,2026-08-27T04:47:02.223107+00:00
24b5e827-44a6-410e-b9bf-f4ac4b3df414,fUST,0.0001225,59,1,-95000.0,demand,2026-08-27T04:47:02.223107+00:00
24b5e827-44a6-410e-b9bf-f4ac4b3df414,fUST,0.0001222,29,1,-194504.86890568,demand,2026-08-27T04:47:02.223107+00:00
24b5e827-44a6-410e-b9bf-f4ac4b3df414,fUST,0.0001202,19,1,-184532.71737778,demand,2026-08-27T04:47:02.223107+00:00
24b5e827-44a6-410e-b9bf-f4ac4b3df414,fUST,0.00012,120,1,-30000.0,demand,2026-08-27T04:47:02.223107+00:00
24b5e827-44a6-410e-b9bf-f4ac4b3df414,fUST,0.0001101,2,1,-671064.73894278,demand,2026-08-27T04:47:02.223107+00:00
24b5e827-44a6-410e-b9bf-f4ac4b3df414,fUST,0.000101,120,1,-293300.0,demand,2026-08-27T04:47:02.223107+00:00
24b5e827-44a6-410e-b9bf-f4ac4b3df414,fUST,8.1e-05,13,1,-220298.60067989,demand,2026-08-27T04:47:02.223107+00:00
24b5e827-44a6-410e-b9bf-f4ac4b3df414,fUST,8e-05,2,1,-10000.0,demand,2026-08-27T04:47:02.223107+00:00
24b5e827-44a6-410e-b9bf-f4ac4b3df414,fUST,0.00013582,14,1,5000.0,offer,2026-08-27T04:47:02.223107+00:00
24b5e827-44a6-410e-b9bf-f4ac4b3df414,fUST,0.00013858,7,2,421.50515402,offer,2026-08-27T04:47:02.223107+00:00
24b5e827-44a6-410e-b9bf-f4ac4b3df414,fUST,0.00013993380000000002,7,1,193.09811558,offer,2026-08-27T04:47:02.223107+00:00
24b5e827-44a6-410e-b9bf-f4ac4b3df414,fUST,0.0001413516,7,1,255.70188242,offer,2026-08-27T04:47:02.223107+00:00
24b5e827-44a6-410e-b9bf-f4ac4b3df414,fUST,0.000145509,7,1,255.70188242,offer,2026-08-27T04:47:02.223107+00:00
24b5e827-44a6-410e-b9bf-f4ac4b3df414,fUST,0.000147677,2,1,220.684873,offer,2026-08-27T04:47:02.223107+00:00
24b5e827-44a6-410e-b9bf-f4ac4b3df414,fUST,0.0001496664,7,1,255.70188242,offer,2026-08-27T04:47:02.223107+00:00
24b5e827-44a6-410e-b9bf-f4ac4b3df414,fUST,0.0001552096,7,1,255.70188246,offer,2026-08-27T04:47:02.223107+00:00
24b5e827-44a6-410e-b9bf-f4ac4b3df414,fUST,0.00015652,2,1,1753.18074417,offer,2026-08-27T04:47:02.223107+00:00
24b5e827-44a6-410e-b9bf-f4ac4b3df414,fUST,0.00015961417399999996,2,1,201.26672073,offer,2026-08-27T04:47:02.223107+00:00
24b5e827-44a6-410e-b9bf-f4ac4b3df414,fUST,0.00015964801050791412,2,1,220.70913267,offer,2026-08-27T04:47:02.223107+00:00
24b5e827-44a6-410e-b9bf-f4ac4b3df414,fUST,0.0001597,5,1,355.0,offer,2026-08-27T04:47:02.223107+00:00
24b5e827-44a6-410e-b9bf-f4ac4b3df414,fUST,0.0001597,2,1,576.13487153,offer,2026-08-27T04:47:02.223107+00:00
24b5e827-44a6-410e-b9bf-f4ac4b3df414,fUST,0.00015971,2,31,213248.51652623,offer,2026-08-27T04:47:02.223107+00:00
24b5e827-44a6-410e-b9bf-f4ac4b3df414,fUST,0.0001597416404109589,2,1,186.0569025,offer,2026-08-27T04:47:02.223107+00:00
24b5e827-44a6-410e-b9bf-f4ac4b3df414,fUST,0.00016,2,3,5001.63757934,offer,2026-08-27T04:47:02.223107+00:00
24b5e827-44a6-410e-b9bf-f4ac4b3df414,fUST,0.0001601,2,1,3000.0,offer,2026-08-27T04:47:02.223107+00:00
24b5e827-44a6-410e-b9bf-f4ac4b3df414,fUST,0.0001602,2,1,3085.633823,offer,2026-08-27T04:47:02.223107+00:00
24b5e827-44a6-410e-b9bf-f4ac4b3df414,fUST,0.0001607754771,2,1,298.675395,offer,2026-08-27T04:47:02.223107+00:00
24b5e827-44a6-410e-b9bf-f4ac4b3df414,fUST,0.00016102933013273761,2,1,554.5174112,offer,2026-08-27T04:47:02.223107+00:00
24b5e827-44a6-410e-b9bf-f4ac4b3df414,fUST,0.00016103013698630137,2,1,500.0,offer,2026-08-27T04:47:02.223107+00:00
24b5e827-44a6-410e-b9bf-f4ac4b3df414,fUST,0.000161626,2,3,148219.052,offer,2026-08-27T04:47:02.223107+00:00
24b5e827-44a6-410e-b9bf-f4ac4b3df414,fUST,0.00016244,5,1,355.0,offer,2026-08-27T04:47:02.223107+00:00
24b5e827-44a6-410e-b9bf-f4ac4b3df414,fUST,0.00016288,2,15,4500.0,offer,2026-08-27T04:47:02.223107+00:00
24b5e827-44a6-410e-b9bf-f4ac4b3df414,fUST,0.00016289,2,1,600.0,offer,2026-08-27T04:47:02.223107+00:00
2227b77f-d47d-4b82-b118-7865aec1cd4b,fUST,0.0002671232876712329,120,1,-3269478.99519428,demand,2026-08-27T05:47:02.554956+00:00
2227b77f-d47d-4b82-b118-7865aec1cd4b,fUST,0.000247980821,120,1,-63393.34527943,demand,2026-08-27T05:47:02.554956+00:00
2227b77f-d47d-4b82-b118-7865aec1cd4b,fUST,0.00023104657534246575,120,1,-3956311.97947842,demand,2026-08-27T05:47:02.554956+00:00
2227b77f-d47d-4b82-b118-7865aec1cd4b,fUST,0.00016,120,1,-2000.0,demand,2026-08-27T05:47:02.554956+00:00
2227b77f-d47d-4b82-b118-7865aec1cd4b,fUST,0.00016,60,18,-402490.8297215,demand,2026-08-27T05:47:02.554956+00:00
2227b77f-d47d-4b82-b118-7865aec1cd4b,fUST,0.00015,90,1,-2000.0,demand,2026-08-27T05:47:02.554956+00:00
2227b77f-d47d-4b82-b118-7865aec1cd4b,fUST,0.00015,120,1,-300000.0,demand,2026-08-27T05:47:02.554956+00:00
2227b77f-d47d-4b82-b118-7865aec1cd4b,fUST,0.00015,45,3,-13845.272985,demand,2026-08-27T05:47:02.554956+00:00
2227b77f-d47d-4b82-b118-7865aec1cd4b,fUST,0.00015,60,1,-28000.0,demand,2026-08-27T05:47:02.554956+00:00
2227b77f-d47d-4b82-b118-7865aec1cd4b,fUST,0.0001421,45,9,-80000.0,demand,2026-08-27T05:47:02.554956+00:00
2227b77f-d47d-4b82-b118-7865aec1cd4b,fUST,0.000142,45,2,-20000.0,demand,2026-08-27T05:47:02.554956+00:00
2227b77f-d47d-4b82-b118-7865aec1cd4b,fUST,0.0001401,30,11,-152176.01032078,demand,2026-08-27T05:47:02.554956+00:00
2227b77f-d47d-4b82-b118-7865aec1cd4b,fUST,0.00014000000000000001,30,1,-28000.0,demand,2026-08-27T05:47:02.554956+00:00
2227b77f-d47d-4b82-b118-7865aec1cd4b,fUST,0.000138,20,6,-50000.0,demand,2026-08-27T05:47:02.554956+00:00
2227b77f-d47d-4b82-b118-7865aec1cd4b,fUST,0.000136,30,3,-19544.22120933,demand,2026-08-27T05:47:02.554956+00:00
2227b77f-d47d-4b82-b118-7865aec1cd4b,fUST,0.000128,30,3,-30000.0,demand,2026-08-27T05:47:02.554956+00:00
2227b77f-d47d-4b82-b118-7865aec1cd4b,fUST,0.000125,14,9,-127031.77538023,demand,2026-08-27T05:47:02.554956+00:00
2227b77f-d47d-4b82-b118-7865aec1cd4b,fUST,0.0001225,59,1,-95000.0,demand,2026-08-27T05:47:02.554956+00:00
2227b77f-d47d-4b82-b118-7865aec1cd4b,fUST,0.0001222,29,1,-194504.86890568,demand,2026-08-27T05:47:02.554956+00:00
2227b77f-d47d-4b82-b118-7865aec1cd4b,fUST,0.0001202,19,1,-184532.71737778,demand,2026-08-27T05:47:02.554956+00:00
2227b77f-d47d-4b82-b118-7865aec1cd4b,fUST,0.00012,120,1,-30000.0,demand,2026-08-27T05:47:02.554956+00:00
2227b77f-d47d-4b82-b118-7865aec1cd4b,fUST,0.0001101,2,1,-664304.93949622,demand,2026-08-27T05:47:02.554956+00:00
2227b77f-d47d-4b82-b118-7865aec1cd4b,fUST,0.000101,120,1,-293300.0,demand,2026-08-27T05:47:02.554956+00:00
2227b77f-d47d-4b82-b118-7865aec1cd4b,fUST,8.1e-05,13,1,-220298.60067989,demand,2026-08-27T05:47:02.554956+00:00
2227b77f-d47d-4b82-b118-7865aec1cd4b,fUST,8e-05,2,1,-10000.0,demand,2026-08-27T05:47:02.554956+00:00
2227b77f-d47d-4b82-b118-7865aec1cd4b,fUST,0.00011366,2,1,5000.0,offer,2026-08-27T05:47:02.554956+00:00
2227b77f-d47d-4b82-b118-7865aec1cd4b,fUST,0.00011480999614591478,2,1,151.0,offer,2026-08-27T05:47:02.554956+00:00
2227b77f-d47d-4b82-b118-7865aec1cd4b,fUST,0.00011836082076898431,2,1,500.0,offer,2026-08-27T05:47:02.554956+00:00
2227b77f-d47d-4b82-b118-7865aec1cd4b,fUST,0.00012753847244232125,2,1,250.0,offer,2026-08-27T05:47:02.554956+00:00
2227b77f-d47d-4b82-b118-7865aec1cd4b,fUST,0.0001285877,2,1,590.9889123,offer,2026-08-27T05:47:02.554956+00:00
2227b77f-d47d-4b82-b118-7865aec1cd4b,fUST,0.0001319696,2,1,2408.7860835,offer,2026-08-27T05:47:02.554956+00:00
2227b77f-d47d-4b82-b118-7865aec1cd4b,fUST,0.0001479,2,1,268.49,offer,2026-08-27T05:47:02.554956+00:00
2227b77f-d47d-4b82-b118-7865aec1cd4b,fUST,0.00015099999999999998,2,1,210.04196411,offer,2026-08-27T05:47:02.554956+00:00
2227b77f-d47d-4b82-b118-7865aec1cd4b,fUST,0.00015172449999999998,2,1,1817.11468895,offer,2026-08-27T05:47:02.554956+00:00
2227b77f-d47d-4b82-b118-7865aec1cd4b,fUST,0.00015799,2,4,1762.40244221,offer,2026-08-27T05:47:02.554956+00:00
2227b77f-d47d-4b82-b118-7865aec1cd4b,fUST,0.000158,2,40,321505.74180903,offer,2026-08-27T05:47:02.554956+00:00
2227b77f-d47d-4b82-b118-7865aec1cd4b,fUST,0.0001589,3,3,1453.47,offer,2026-08-27T05:47:02.554956+00:00
2227b77f-d47d-4b82-b118-7865aec1cd4b,fUST,0.0001589,2,11,7634.04248487,offer,2026-08-27T05:47:02.554956+00:00
2227b77f-d47d-4b82-b118-7865aec1cd4b,fUST,0.00015890450006,2,2,354.09153088,offer,2026-08-27T05:47:02.554956+00:00
2227b77f-d47d-4b82-b118-7865aec1cd4b,fUST,0.000159,2,9,44856.80610866,offer,2026-08-27T05:47:02.554956+00:00
2227b77f-d47d-4b82-b118-7865aec1cd4b,fUST,0.0001596414992094389,2,1,220.70913267,offer,2026-08-27T05:47:02.554956+00:00
2227b77f-d47d-4b82-b118-7865aec1cd4b,fUST,0.0001597,5,1,355.0,offer,2026-08-27T05:47:02.554956+00:00
2227b77f-d47d-4b82-b118-7865aec1cd4b,fUST,0.0001597,2,1,500.0,offer,2026-08-27T05:47:02.554956+00:00
2227b77f-d47d-4b82-b118-7865aec1cd4b,fUST,0.0001597095890410959,2,1,500.0,offer,2026-08-27T05:47:02.554956+00:00
2227b77f-d47d-4b82-b118-7865aec1cd4b,fUST,0.00015971,2,21,11726.51435843,offer,2026-08-27T05:47:02.554956+00:00
2227b77f-d47d-4b82-b118-7865aec1cd4b,fUST,0.000159714978475199,2,1,1941.92056327,offer,2026-08-27T05:47:02.554956+00:00
2227b77f-d47d-4b82-b118-7865aec1cd4b,fUST,0.00015973564245901807,2,1,509.11248019,offer,2026-08-27T05:47:02.554956+00:00
2227b77f-d47d-4b82-b118-7865aec1cd4b,fUST,0.0001597416404109589,2,1,186.0569025,offer,2026-08-27T05:47:02.554956+00:00
2227b77f-d47d-4b82-b118-7865aec1cd4b,fUST,0.000159935,2,3,148219.052,offer,2026-08-27T05:47:02.554956+00:00
2227b77f-d47d-4b82-b118-7865aec1cd4b,fUST,0.0001599351,2,1,320.65,offer,2026-08-27T05:47:02.554956+00:00
c55bae67-80fe-454c-bc36-d356afeb5356,fUST,0.0002671232876712329,120,1,-3239859.04519428,demand,2026-08-27T06:47:02.011763+00:00
c55bae67-80fe-454c-bc36-d356afeb5356,fUST,0.000247980821,120,1,-63393.34527943,demand,2026-08-27T06:47:02.011763+00:00
c55bae67-80fe-454c-bc36-d356afeb5356,fUST,0.00023114246575342467,120,1,-3944861.26407523,demand,2026-08-27T06:47:02.011763+00:00
c55bae67-80fe-454c-bc36-d356afeb5356,fUST,0.00016,120,1,-2000.0,demand,2026-08-27T06:47:02.011763+00:00
c55bae67-80fe-454c-bc36-d356afeb5356,fUST,0.00016,60,18,-402490.8297215,demand,2026-08-27T06:47:02.011763+00:00
c55bae67-80fe-454c-bc36-d356afeb5356,fUST,0.00015,90,1,-2000.0,demand,2026-08-27T06:47:02.011763+00:00
c55bae67-80fe-454c-bc36-d356afeb5356,fUST,0.00015,120,1,-300000.0,demand,2026-08-27T06:47:02.011763+00:00
c55bae67-80fe-454c-bc36-d356afeb5356,fUST,0.00015,45,3,-13845.272985,demand,2026-08-27T06:47:02.011763+00:00
c55bae67-80fe-454c-bc36-d356afeb5356,fUST,0.00015,60,1,-28000.0,demand,2026-08-27T06:47:02.011763+00:00
c55bae67-80fe-454c-bc36-d356afeb5356,fUST,0.0001421,45,9,-80000.0,demand,2026-08-27T06:47:02.011763+00:00
c55bae67-80fe-454c-bc36-d356afeb5356,fUST,0.000142,45,2,-20000.0,demand,2026-08-27T06:47:02.011763+00:00
c55bae67-80fe-454c-bc36-d356afeb5356,fUST,0.0001401,30,11,-147973.68632078,demand,2026-08-27T06:47:02.011763+00:00
c55bae67-80fe-454c-bc36-d356afeb5356,fUST,0.00014000000000000001,30,1,-28000.0,demand,2026-08-27T06:47:02.011763+00:00
c55bae67-80fe-454c-bc36-d356afeb5356,fUST,0.000138,20,6,-50000.0,demand,2026-08-27T06:47:02.011763+00:00
c55bae67-80fe-454c-bc36-d356afeb5356,fUST,0.000136,30,3,-19544.22120933,demand,2026-08-27T06:47:02.011763+00:00
c55bae67-80fe-454c-bc36-d356afeb5356,fUST,0.000128,30,3,-30000.0,demand,2026-08-27T06:47:02.011763+00:00
c55bae67-80fe-454c-bc36-d356afeb5356,fUST,0.000125,14,9,-122031.77538023,demand,2026-08-27T06:47:02.011763+00:00
c55bae67-80fe-454c-bc36-d356afeb5356,fUST,0.0001225,59,1,-95000.0,demand,2026-08-27T06:47:02.011763+00:00
c55bae67-80fe-454c-bc36-d356afeb5356,fUST,0.0001222,29,1,-194504.86890568,demand,2026-08-27T06:47:02.011763+00:00
c55bae67-80fe-454c-bc36-d356afeb5356,fUST,0.0001202,19,1,-184532.71737778,demand,2026-08-27T06:47:02.011763+00:00
c55bae67-80fe-454c-bc36-d356afeb5356,fUST,0.00012,120,1,-30000.0,demand,2026-08-27T06:47:02.011763+00:00
c55bae67-80fe-454c-bc36-d356afeb5356,fUST,0.0001101,2,1,-664304.93949622,demand,2026-08-27T06:47:02.011763+00:00
c55bae67-80fe-454c-bc36-d356afeb5356,fUST,0.000101,120,1,-293300.0,demand,2026-08-27T06:47:02.011763+00:00
c55bae67-80fe-454c-bc36-d356afeb5356,fUST,8.1e-05,13,1,-220298.60067989,demand,2026-08-27T06:47:02.011763+00:00
c55bae67-80fe-454c-bc36-d356afeb5356,fUST,8e-05,2,1,-10000.0,demand,2026-08-27T06:47:02.011763+00:00
c55bae67-80fe-454c-bc36-d356afeb5356,fUST,0.00013855,2,1,5000.0,offer,2026-08-27T06:47:02.011763+00:00
c55bae67-80fe-454c-bc36-d356afeb5356,fUST,0.0001399531,2,1,3634.9467165,offer,2026-08-27T06:47:02.011763+00:00
c55bae67-80fe-454c-bc36-d356afeb5356,fUST,0.00015013,5,1,355.0,offer,2026-08-27T06:47:02.011763+00:00
c55bae67-80fe-454c-bc36-d356afeb5356,fUST,0.00015287,5,1,355.0,offer,2026-08-27T06:47:02.011763+00:00
c55bae67-80fe-454c-bc36-d356afeb5356,fUST,0.00015525,2,10,4398.8377502,offer,2026-08-27T06:47:02.011763+00:00
c55bae67-80fe-454c-bc36-d356afeb5356,fUST,0.00015561,5,1,355.0,offer,2026-08-27T06:47:02.011763+00:00
c55bae67-80fe-454c-bc36-d356afeb5356,fUST,0.00015726,2,14,4777.62096401,offer,2026-08-27T06:47:02.011763+00:00
c55bae67-80fe-454c-bc36-d356afeb5356,fUST,0.00015790000000000004,3,5,2201.06,offer,2026-08-27T06:47:02.011763+00:00
c55bae67-80fe-454c-bc36-d356afeb5356,fUST,0.00015790510005999999,2,1,209.84175349,offer,2026-08-27T06:47:02.011763+00:00
c55bae67-80fe-454c-bc36-d356afeb5356,fUST,0.00015796,2,39,19149.68531536,offer,2026-08-27T06:47:02.011763+00:00
c55bae67-80fe-454c-bc36-d356afeb5356,fUST,0.00015799,2,1,516.7497472,offer,2026-08-27T06:47:02.011763+00:00
c55bae67-80fe-454c-bc36-d356afeb5356,fUST,0.000158,2,27,241522.19647315,offer,2026-08-27T06:47:02.011763+00:00
c55bae67-80fe-454c-bc36-d356afeb5356,fUST,0.0001581444,2,1,317.34,offer,2026-08-27T06:47:02.011763+00:00
c55bae67-80fe-454c-bc36-d356afeb5356,fUST,0.00015821535714285713,2,18,10556.0,offer,2026-08-27T06:47:02.011763+00:00
c55bae67-80fe-454c-bc36-d356afeb5356,fUST,0.00015835,5,1,355.0,offer,2026-08-27T06:47:02.011763+00:00
c55bae67-80fe-454c-bc36-d356afeb5356,fUST,0.00015855992857142855,2,9,5278.0,offer,2026-08-27T06:47:02.011763+00:00
c55bae67-80fe-454c-bc36-d356afeb5356,fUST,0.00015868914285714283,2,8,3399.99029026,offer,2026-08-27T06:47:02.011763+00:00
c55bae67-80fe-454c-bc36-d356afeb5356,fUST,0.00015886142857142856,2,8,4765.99694408,offer,2026-08-27T06:47:02.011763+00:00
c55bae67-80fe-454c-bc36-d356afeb5356,fUST,0.000159,2,1,41308.0,offer,2026-08-27T06:47:02.011763+00:00
c55bae67-80fe-454c-bc36-d356afeb5356,fUST,0.00015916666848336382,2,1,557.2854701,offer,2026-08-27T06:47:02.011763+00:00
c55bae67-80fe-454c-bc36-d356afeb5356,fUST,0.00015927420918912226,2,1,557.2854701,offer,2026-08-27T06:47:02.011763+00:00
c55bae67-80fe-454c-bc36-d356afeb5356,fUST,0.000159355,2,3,148219.052,offer,2026-08-27T06:47:02.011763+00:00
c55bae67-80fe-454c-bc36-d356afeb5356,fUST,0.00015951734152654692,2,1,220.70913267,offer,2026-08-27T06:47:02.011763+00:00
c55bae67-80fe-454c-bc36-d356afeb5356,fUST,0.00015971,2,1,1115.01976543,offer,2026-08-27T06:47:02.011763+00:00
c55bae67-80fe-454c-bc36-d356afeb5356,fUST,0.0001598535993150685,2,1,186.0569025,offer,2026-08-27T06:47:02.011763+00:00
4ecba599-cd93-4f08-a576-868cf8464b98,fUST,0.0002671232876712329,120,1,-2995016.42429125,demand,2026-08-27T07:47:02.524488+00:00
4ecba599-cd93-4f08-a576-868cf8464b98,fUST,0.000247980821,120,1,-63393.34527943,demand,2026-08-27T07:47:02.524488+00:00
4ecba599-cd93-4f08-a576-868cf8464b98,fUST,0.00023144383561643836,120,1,-3944861.26407523,demand,2026-08-27T07:47:02.524488+00:00
4ecba599-cd93-4f08-a576-868cf8464b98,fUST,0.00016,120,1,-2000.0,demand,2026-08-27T07:47:02.524488+00:00
4ecba599-cd93-4f08-a576-868cf8464b98,fUST,0.00016,60,18,-402490.8297215,demand,2026-08-27T07:47:02.524488+00:00
4ecba599-cd93-4f08-a576-868cf8464b98,fUST,0.00015,90,1,-2000.0,demand,2026-08-27T07:47:02.524488+00:00
4ecba599-cd93-4f08-a576-868cf8464b98,fUST,0.00015,120,1,-300000.0,demand,2026-08-27T07:47:02.524488+00:00
4ecba599-cd93-4f08-a576-868cf8464b98,fUST,0.00015,45,3,-13845.272985,demand,2026-08-27T07:47:02.524488+00:00
4ecba599-cd93-4f08-a576-868cf8464b98,fUST,0.00015,60,1,-28000.0,demand,2026-08-27T07:47:02.524488+00:00
4ecba599-cd93-4f08-a576-868cf8464b98,fUST,0.0001421,45,9,-80000.0,demand,2026-08-27T07:47:02.524488+00:00
4ecba599-cd93-4f08-a576-868cf8464b98,fUST,0.000142,45,2,-20000.0,demand,2026-08-27T07:47:02.524488+00:00
4ecba599-cd93-4f08-a576-868cf8464b98,fUST,0.0001401,30,11,-147973.68632078,demand,2026-08-27T07:47:02.524488+00:00
4ecba599-cd93-4f08-a576-868cf8464b98,fUST,0.00014000000000000001,30,1,-28000.0,demand,2026-08-27T07:47:02.524488+00:00
4ecba599-cd93-4f08-a576-868cf8464b98,fUST,0.000138,20,6,-50000.0,demand,2026-08-27T07:47:02.524488+00:00
4ecba599-cd93-4f08-a576-868cf8464b98,fUST,0.000136,30,3,-19544.22120933,demand,2026-08-27T07:47:02.524488+00:00
4ecba599-cd93-4f08-a576-868cf8464b98,fUST,0.000128,30,3,-30000.0,demand,2026-08-27T07:47:02.524488+00:00
4ecba599-cd93-4f08-a576-868cf8464b98,fUST,0.000125,14,9,-122031.77538023,demand,2026-08-27T07:47:02.524488+00:00
4ecba599-cd93-4f08-a576-868cf8464b98,fUST,0.0001225,59,1,-95000.0,demand,2026-08-27T07:47:02.524488+00:00
4ecba599-cd93-4f08-a576-868cf8464b98,fUST,0.0001222,29,1,-194504.86890568,demand,2026-08-27T07:47:02.524488+00:00
4ecba599-cd93-4f08-a576-868cf8464b98,fUST,0.0001202,19,1,-184532.71737778,demand,2026-08-27T07:47:02.524488+00:00
4ecba599-cd93-4f08-a576-868cf8464b98,fUST,0.00012,120,1,-30000.0,demand,2026-08-27T07:47:02.524488+00:00
4ecba599-cd93-4f08-a576-868cf8464b98,fUST,0.0001101,2,1,-661137.73949622,demand,2026-08-27T07:47:02.524488+00:00
4ecba599-cd93-4f08-a576-868cf8464b98,fUST,0.000101,120,1,-293300.0,demand,2026-08-27T07:47:02.524488+00:00
4ecba599-cd93-4f08-a576-868cf8464b98,fUST,8.1e-05,13,1,-220298.60067989,demand,2026-08-27T07:47:02.524488+00:00
4ecba599-cd93-4f08-a576-868cf8464b98,fUST,8e-05,2,1,-10000.0,demand,2026-08-27T07:47:02.524488+00:00
4ecba599-cd93-4f08-a576-868cf8464b98,fUST,0.00012286,2,1,5000.0,offer,2026-08-27T07:47:02.524488+00:00
4ecba599-cd93-4f08-a576-868cf8464b98,fUST,0.0001241,2,1,5000.0,offer,2026-08-27T07:47:02.524488+00:00
4ecba599-cd93-4f08-a576-868cf8464b98,fUST,0.00012535,2,1,1128.843973,offer,2026-08-27T07:47:02.524488+00:00
4ecba599-cd93-4f08-a576-868cf8464b98,fUST,0.00013584,2,1,304.4,offer,2026-08-27T07:47:02.524488+00:00
4ecba599-cd93-4f08-a576-868cf8464b98,fUST,0.00013776967294123715,2,1,181.64706384,offer,2026-08-27T07:47:02.524488+00:00
4ecba599-cd93-4f08-a576-868cf8464b98,fUST,0.00014,2,1,432.99999901,offer,2026-08-27T07:47:02.524488+00:00
4ecba599-cd93-4f08-a576-868cf8464b98,fUST,0.00014135,2,1,582.0966731,offer,2026-08-27T07:47:02.524488+00:00
4ecba599-cd93-4f08-a576-868cf8464b98,fUST,0.00014135890410958905,2,1,3745.28884138,offer,2026-08-27T07:47:02.524488+00:00
4ecba599-cd93-4f08-a576-868cf8464b98,fUST,0.00014136,2,15,4500.0,offer,2026-08-27T07:47:02.524488+00:00
4ecba599-cd93-4f08-a576-868cf8464b98,fUST,0.0001413632,2,1,317.38,offer,2026-08-27T07:47:02.524488+00:00
4ecba599-cd93-4f08-a576-868cf8464b98,fUST,0.0001441933,2,1,304.4,offer,2026-08-27T07:47:02.524488+00:00
4ecba599-cd93-4f08-a576-868cf8464b98,fUST,0.00014612,2,1,502.07808764,offer,2026-08-27T07:47:02.524488+00:00
4ecba599-cd93-4f08-a576-868cf8464b98,fUST,0.0001461241,2,1,304.4,offer,2026-08-27T07:47:02.524488+00:00
4ecba599-cd93-4f08-a576-868cf8464b98,fUST,0.0001474544,2,1,304.4,offer,2026-08-27T07:47:02.524488+00:00
4ecba599-cd93-4f08-a576-868cf8464b98,fUST,0.0001480936,2,1,191.9854259,offer,2026-08-27T07:47:02.524488+00:00
4ecba599-cd93-4f08-a576-868cf8464b98,fUST,0.0001485013,2,1,304.4,offer,2026-08-27T07:47:02.524488+00:00
4ecba599-cd93-4f08-a576-868cf8464b98,fUST,0.0001493778,2,1,304.4,offer,2026-08-27T07:47:02.524488+00:00
4ecba599-cd93-4f08-a576-868cf8464b98,fUST,0.0001501389,2,1,304.4,offer,2026-08-27T07:47:02.524488+00:00
4ecba599-cd93-4f08-a576-868cf8464b98,fUST,0.000152729469,2,1,289.009161,offer,2026-08-27T07:47:02.524488+00:00
4ecba599-cd93-4f08-a576-868cf8464b98,fUST,0.00015452,2,43,40318.03886875,offer,2026-08-27T07:47:02.524488+00:00
4ecba599-cd93-4f08-a576-868cf8464b98,fUST,0.00015534663606,2,1,211.77127502,offer,2026-08-27T07:47:02.524488+00:00
4ecba599-cd93-4f08-a576-868cf8464b98,fUST,0.00015542,2,7,3070.93311156,offer,2026-08-27T07:47:02.524488+00:00
4ecba599-cd93-4f08-a576-868cf8464b98,fUST,0.00015542999999999997,2,1,200.66202914,offer,2026-08-27T07:47:02.524488+00:00
4ecba599-cd93-4f08-a576-868cf8464b98,fUST,0.00015544,2,2,302.0,offer,2026-08-27T07:47:02.524488+00:00
4ecba599-cd93-4f08-a576-868cf8464b98,fUST,0.00015544109589041096,2,1,500.0,offer,2026-08-27T07:47:02.524488+00:00
53aaa7af-3d31-40eb-b2f5-fa1273064377,fUST,0.0002671232876712329,120,1,-2994679.52058102,demand,2026-08-27T08:47:02.173183+00:00
53aaa7af-3d31-40eb-b2f5-fa1273064377,fUST,0.000247980821,120,1,-63393.34527943,demand,2026-08-27T08:47:02.173183+00:00
53aaa7af-3d31-40eb-b2f5-fa1273064377,fUST,0.00023144931506849316,120,1,-3944861.26407523,demand,2026-08-27T08:47:02.173183+00:00
53aaa7af-3d31-40eb-b2f5-fa1273064377,fUST,0.00016,120,1,-2000.0,demand,2026-08-27T08:47:02.173183+00:00
53aaa7af-3d31-40eb-b2f5-fa1273064377,fUST,0.00016,60,18,-402490.8297215,demand,2026-08-27T08:47:02.173183+00:00
53aaa7af-3d31-40eb-b2f5-fa1273064377,fUST,0.00015,90,1,-2000.0,demand,2026-08-27T08:47:02.173183+00:00
53aaa7af-3d31-40eb-b2f5-fa1273064377,fUST,0.00015,120,1,-300000.0,demand,2026-08-27T08:47:02.173183+00:00
53aaa7af-3d31-40eb-b2f5-fa1273064377,fUST,0.00015,45,3,-13845.272985,demand,2026-08-27T08:47:02.173183+00:00
53aaa7af-3d31-40eb-b2f5-fa1273064377,fUST,0.00015,60,1,-28000.0,demand,2026-08-27T08:47:02.173183+00:00
53aaa7af-3d31-40eb-b2f5-fa1273064377,fUST,0.0001421,45,9,-80000.0,demand,2026-08-27T08:47:02.173183+00:00
53aaa7af-3d31-40eb-b2f5-fa1273064377,fUST,0.000142,45,2,-20000.0,demand,2026-08-27T08:47:02.173183+00:00
53aaa7af-3d31-40eb-b2f5-fa1273064377,fUST,0.0001401,30,11,-147973.68632078,demand,2026-08-27T08:47:02.173183+00:00
53aaa7af-3d31-40eb-b2f5-fa1273064377,fUST,0.00014000000000000001,30,1,-28000.0,demand,2026-08-27T08:47:02.173183+00:00
53aaa7af-3d31-40eb-b2f5-fa1273064377,fUST,0.000138,20,6,-50000.0,demand,2026-08-27T08:47:02.173183+00:00
53aaa7af-3d31-40eb-b2f5-fa1273064377,fUST,0.000136,30,3,-19544.22120933,demand,2026-08-27T08:47:02.173183+00:00
53aaa7af-3d31-40eb-b2f5-fa1273064377,fUST,0.000128,30,3,-30000.0,demand,2026-08-27T08:47:02.173183+00:00
53aaa7af-3d31-40eb-b2f5-fa1273064377,fUST,0.000125,14,9,-122031.77538023,demand,2026-08-27T08:47:02.173183+00:00
53aaa7af-3d31-40eb-b2f5-fa1273064377,fUST,0.0001225,59,1,-95000.0,demand,2026-08-27T08:47:02.173183+00:00
53aaa7af-3d31-40eb-b2f5-fa1273064377,fUST,0.0001222,29,1,-194504.86890568,demand,2026-08-27T08:47:02.173183+00:00
53aaa7af-3d31-40eb-b2f5-fa1273064377,fUST,0.0001202,19,1,-184532.71737778,demand,2026-08-27T08:47:02.173183+00:00
53aaa7af-3d31-40eb-b2f5-fa1273064377,fUST,0.00012,120,1,-30000.0,demand,2026-08-27T08:47:02.173183+00:00
53aaa7af-3d31-40eb-b2f5-fa1273064377,fUST,0.0001101,2,1,-660718.23949622,demand,2026-08-27T08:47:02.173183+00:00
53aaa7af-3d31-40eb-b2f5-fa1273064377,fUST,0.000101,120,1,-293300.0,demand,2026-08-27T08:47:02.173183+00:00
53aaa7af-3d31-40eb-b2f5-fa1273064377,fUST,8.1e-05,13,1,-220298.60067989,demand,2026-08-27T08:47:02.173183+00:00
53aaa7af-3d31-40eb-b2f5-fa1273064377,fUST,8e-05,2,1,-10000.0,demand,2026-08-27T08:47:02.173183+00:00
53aaa7af-3d31-40eb-b2f5-fa1273064377,fUST,0.00012206,2,1,3131.62702865,offer,2026-08-27T08:47:02.173183+00:00
53aaa7af-3d31-40eb-b2f5-fa1273064377,fUST,0.00012329,2,1,5000.0,offer,2026-08-27T08:47:02.173183+00:00
53aaa7af-3d31-40eb-b2f5-fa1273064377,fUST,0.00013376336062499998,2,1,500.0,offer,2026-08-27T08:47:02.173183+00:00
53aaa7af-3d31-40eb-b2f5-fa1273064377,fUST,0.00013698,2,3,1502.24838635,offer,2026-08-27T08:47:02.173183+00:00
53aaa7af-3d31-40eb-b2f5-fa1273064377,fUST,0.00013831,2,15,4500.0,offer,2026-08-27T08:47:02.173183+00:00
53aaa7af-3d31-40eb-b2f5-fa1273064377,fUST,0.00014012937,2,1,187.22827977,offer,2026-08-27T08:47:02.173183+00:00
53aaa7af-3d31-40eb-b2f5-fa1273064377,fUST,0.00015,2,1,522.84466754,offer,2026-08-27T08:47:02.173183+00:00
53aaa7af-3d31-40eb-b2f5-fa1273064377,fUST,0.00015013,5,1,355.0,offer,2026-08-27T08:47:02.173183+00:00
53aaa7af-3d31-40eb-b2f5-fa1273064377,fUST,0.00015139049736367927,2,1,1736.6046781,offer,2026-08-27T08:47:02.173183+00:00
53aaa7af-3d31-40eb-b2f5-fa1273064377,fUST,0.00015287,5,1,355.0,offer,2026-08-27T08:47:02.173183+00:00
53aaa7af-3d31-40eb-b2f5-fa1273064377,fUST,0.00015289,2,1,511.00138194,offer,2026-08-27T08:47:02.173183+00:00
53aaa7af-3d31-40eb-b2f5-fa1273064377,fUST,0.00015561,5,1,355.0,offer,2026-08-27T08:47:02.173183+00:00
53aaa7af-3d31-40eb-b2f5-fa1273064377,fUST,0.00015594,2,1,600.0,offer,2026-08-27T08:47:02.173183+00:00
53aaa7af-3d31-40eb-b2f5-fa1273064377,fUST,0.00015835,5,1,355.0,offer,2026-08-27T08:47:02.173183+00:00
53aaa7af-3d31-40eb-b2f5-fa1273064377,fUST,0.0001595536,2,1,266.780997,offer,2026-08-27T08:47:02.173183+00:00
53aaa7af-3d31-40eb-b2f5-fa1273064377,fUST,0.00016109,5,1,269.13924453,offer,2026-08-27T08:47:02.173183+00:00
53aaa7af-3d31-40eb-b2f5-fa1273064377,fUST,0.00016315789586995784,2,1,250.0,offer,2026-08-27T08:47:02.173183+00:00
53aaa7af-3d31-40eb-b2f5-fa1273064377,fUST,0.0001634207,2,1,216.7411529,offer,2026-08-27T08:47:02.173183+00:00
53aaa7af-3d31-40eb-b2f5-fa1273064377,fUST,0.0001644851151808188,2,2,380.70913267,offer,2026-08-27T08:47:02.173183+00:00
53aaa7af-3d31-40eb-b2f5-fa1273064377,fUST,0.00016448697052561317,2,1,417.15472785,offer,2026-08-27T08:47:02.173183+00:00
53aaa7af-3d31-40eb-b2f5-fa1273064377,fUST,0.00016649066666666663,2,2,313.51512764,offer,2026-08-27T08:47:02.173183+00:00
53aaa7af-3d31-40eb-b2f5-fa1273064377,fUST,0.00016968,2,2,1000.0,offer,2026-08-27T08:47:02.173183+00:00
53aaa7af-3d31-40eb-b2f5-fa1273064377,fUST,0.000169687,2,2,647.254,offer,2026-08-27T08:47:02.173183+00:00
53aaa7af-3d31-40eb-b2f5-fa1273064377,fUST,0.00017153,2,1,720.0,offer,2026-08-27T08:47:02.173183+00:00
53aaa7af-3d31-40eb-b2f5-fa1273064377,fUST,0.00017159,2,2,1000.0,offer,2026-08-27T08:47:02.173183+00:00
f9d02f13-a7f8-4236-b9e6-95601da1c331,fUST,0.0002671232876712329,120,1,-2992799.72058102,demand,2026-08-27T09:47:02.522542+00:00
f9d02f13-a7f8-4236-b9e6-95601da1c331,fUST,0.000247980821,120,1,-63393.34527943,demand,2026-08-27T09:47:02.522542+00:00
f9d02f13-a7f8-4236-b9e6-95601da1c331,fUST,0.0002314849315068493,120,1,-3944708.37615098,demand,2026-08-27T09:47:02.522542+00:00
f9d02f13-a7f8-4236-b9e6-95601da1c331,fUST,0.00016,120,1,-2000.0,demand,2026-08-27T09:47:02.522542+00:00
f9d02f13-a7f8-4236-b9e6-95601da1c331,fUST,0.00016,60,18,-402490.8297215,demand,2026-08-27T09:47:02.522542+00:00
f9d02f13-a7f8-4236-b9e6-95601da1c331,fUST,0.00015,90,1,-2000.0,demand,2026-08-27T09:47:02.522542+00:00
f9d02f13-a7f8-4236-b9e6-95601da1c331,fUST,0.00015,120,1,-300000.0,demand,2026-08-27T09:47:02.522542+00:00
f9d02f13-a7f8-4236-b9e6-95601da1c331,fUST,0.00015,45,3,-13845.272985,demand,2026-08-27T09:47:02.522542+00:00
f9d02f13-a7f8-4236-b9e6-95601da1c331,fUST,0.00015,60,1,-28000.0,demand,2026-08-27T09:47:02.522542+00:00
f9d02f13-a7f8-4236-b9e6-95601da1c331,fUST,0.0001421,45,9,-80000.0,demand,2026-08-27T09:47:02.522542+00:00
f9d02f13-a7f8-4236-b9e6-95601da1c331,fUST,0.000142,45,2,-20000.0,demand,2026-08-27T09:47:02.522542+00:00
f9d02f13-a7f8-4236-b9e6-95601da1c331,fUST,0.0001401,30,11,-147973.68632078,demand,2026-08-27T09:47:02.522542+00:00
f9d02f13-a7f8-4236-b9e6-95601da1c331,fUST,0.00014000000000000001,30,1,-28000.0,demand,2026-08-27T09:47:02.522542+00:00
f9d02f13-a7f8-4236-b9e6-95601da1c331,fUST,0.000138,20,6,-50000.0,demand,2026-08-27T09:47:02.522542+00:00
f9d02f13-a7f8-4236-b9e6-95601da1c331,fUST,0.000136,30,3,-19544.22120933,demand,2026-08-27T09:47:02.522542+00:00
f9d02f13-a7f8-4236-b9e6-95601da1c331,fUST,0.000128,30,3,-30000.0,demand,2026-08-27T09:47:02.522542+00:00
f9d02f13-a7f8-4236-b9e6-95601da1c331,fUST,0.000125,14,8,-117279.74193612,demand,2026-08-27T09:47:02.522542+00:00
f9d02f13-a7f8-4236-b9e6-95601da1c331,fUST,0.0001225,59,1,-95000.0,demand,2026-08-27T09:47:02.522542+00:00
f9d02f13-a7f8-4236-b9e6-95601da1c331,fUST,0.0001222,29,1,-194504.86890568,demand,2026-08-27T09:47:02.522542+00:00
f9d02f13-a7f8-4236-b9e6-95601da1c331,fUST,0.0001202,19,1,-184532.71737778,demand,2026-08-27T09:47:02.522542+00:00
f9d02f13-a7f8-4236-b9e6-95601da1c331,fUST,0.00012,120,1,-30000.0,demand,2026-08-27T09:47:02.522542+00:00
f9d02f13-a7f8-4236-b9e6-95601da1c331,fUST,0.0001101,2,1,-660181.13260226,demand,2026-08-27T09:47:02.522542+00:00
f9d02f13-a7f8-4236-b9e6-95601da1c331,fUST,0.000101,120,1,-293300.0,demand,2026-08-27T09:47:02.522542+00:00
f9d02f13-a7f8-4236-b9e6-95601da1c331,fUST,8.1e-05,13,1,-220298.60067989,demand,2026-08-27T09:47:02.522542+00:00
f9d02f13-a7f8-4236-b9e6-95601da1c331,fUST,8e-05,2,1,-10000.0,demand,2026-08-27T09:47:02.522542+00:00
f9d02f13-a7f8-4236-b9e6-95601da1c331,fUST,0.00016438,2,1,199.11,offer,2026-08-27T09:47:02.522542+00:00
f9d02f13-a7f8-4236-b9e6-95601da1c331,fUST,0.00017704,2,1,5000.0,offer,2026-08-27T09:47:02.522542+00:00
f9d02f13-a7f8-4236-b9e6-95601da1c331,fUST,0.000180632,2,2,638.0,offer,2026-08-27T09:47:02.522542+00:00
f9d02f13-a7f8-4236-b9e6-95601da1c331,fUST,0.0001910655,2,1,2207.2527509,offer,2026-08-27T09:47:02.522542+00:00
f9d02f13-a7f8-4236-b9e6-95601da1c331,fUST,0.00019372,2,1,517.28719077,offer,2026-08-27T09:47:02.522542+00:00
f9d02f13-a7f8-4236-b9e6-95601da1c331,fUST,0.00019970570140384207,2,1,220.70913267,offer,2026-08-27T09:47:02.522542+00:00
f9d02f13-a7f8-4236-b9e6-95601da1c331,fUST,0.00019999,2,1,500.0,offer,2026-08-27T09:47:02.522542+00:00
f9d02f13-a7f8-4236-b9e6-95601da1c331,fUST,0.00019999000000000001,2,24,11478.12696741,offer,2026-08-27T09:47:02.522542+00:00
f9d02f13-a7f8-4236-b9e6-95601da1c331,fUST,0.0002,2,17,133435.28208649,offer,2026-08-27T09:47:02.522542+00:00
f9d02f13-a7f8-4236-b9e6-95601da1c331,fUST,0.00020399,2,16,5100.0,offer,2026-08-27T09:47:02.522542+00:00
f9d02f13-a7f8-4236-b9e6-95601da1c331,fUST,0.0002066138033589046,2,1,417.15472785,offer,2026-08-27T09:47:02.522542+00:00
f9d02f13-a7f8-4236-b9e6-95601da1c331,fUST,0.00020681643836,2,2,1031.9441524,offer,2026-08-27T09:47:02.522542+00:00
f9d02f13-a7f8-4236-b9e6-95601da1c331,fUST,0.00020918,4,1,300.0,offer,2026-08-27T09:47:02.522542+00:00
f9d02f13-a7f8-4236-b9e6-95601da1c331,fUST,0.0002091816,7,2,375.17669459,offer,2026-08-27T09:47:02.522542+00:00
f9d02f13-a7f8-4236-b9e6-95601da1c331,fUST,0.00021,2,1,200.0,offer,2026-08-27T09:47:02.522542+00:00
f9d02f13-a7f8-4236-b9e6-95601da1c331,fUST,0.000210632,2,2,638.0,offer,2026-08-27T09:47:02.522542+00:00
f9d02f13-a7f8-4236-b9e6-95601da1c331,fUST,0.00021174,2,6,3112.52853776,offer,2026-08-27T09:47:02.522542+00:00
f9d02f13-a7f8-4236-b9e6-95601da1c331,fUST,0.00021427,2,1,5135.2842046,offer,2026-08-27T09:47:02.522542+00:00
f9d02f13-a7f8-4236-b9e6-95601da1c331,fUST,0.0002143,3,3,1496.34,offer,2026-08-27T09:47:02.522542+00:00
f9d02f13-a7f8-4236-b9e6-95601da1c331,fUST,0.00021435071235999996,2,1,172.69240078,offer,2026-08-27T09:47:02.522542+00:00
f9d02f13-a7f8-4236-b9e6-95601da1c331,fUST,0.00021438,2,1,248.406,offer,2026-08-27T09:47:02.522542+00:00
f9d02f13-a7f8-4236-b9e6-95601da1c331,fUST,0.00021446,2,8,102396.01838213,offer,2026-08-27T09:47:02.522542+00:00
f9d02f13-a7f8-4236-b9e6-95601da1c331,fUST,0.00021448,2,7,1206.0,offer,2026-08-27T09:47:02.522542+00:00
f9d02f13-a7f8-4236-b9e6-95601da1c331,fUST,0.0002144849315068493,2,4,1561045.62438949,offer,2026-08-27T09:47:02.522542+00:00
f9d02f13-a7f8-4236-b9e6-95601da1c331,fUST,0.000214485032,2,1,305.09,offer,2026-08-27T09:47:02.522542+00:00
5afe33f1-1d98-464f-9c50-5815aeea059b,fUST,0.0002671232876712329,120,1,-2990737.24125824,demand,2026-08-27T10:47:02.363049+00:00
5afe33f1-1d98-464f-9c50-5815aeea059b,fUST,0.000247980821,120,1,-63393.34527943,demand,2026-08-27T10:47:02.363049+00:00
5afe33f1-1d98-464f-9c50-5815aeea059b,fUST,0.00023186027397260274,120,1,-3933120.67225914,demand,2026-08-27T10:47:02.363049+00:00
5afe33f1-1d98-464f-9c50-5815aeea059b,fUST,0.00016,120,1,-2000.0,demand,2026-08-27T10:47:02.363049+00:00
5afe33f1-1d98-464f-9c50-5815aeea059b,fUST,0.00016,60,18,-402490.8297215,demand,2026-08-27T10:47:02.363049+00:00
5afe33f1-1d98-464f-9c50-5815aeea059b,fUST,0.00015,90,1,-2000.0,demand,2026-08-27T10:47:02.363049+00:00
5afe33f1-1d98-464f-9c50-5815aeea059b,fUST,0.00015,120,1,-300000.0,demand,2026-08-27T10:47:02.363049+00:00
5afe33f1-1d98-464f-9c50-5815aeea059b,fUST,0.00015,45,3,-13845.272985,demand,2026-08-27T10:47:02.363049+00:00
5afe33f1-1d98-464f-9c50-5815aeea059b,fUST,0.00015,60,1,-28000.0,demand,2026-08-27T10:47:02.363049+00:00
5afe33f1-1d98-464f-9c50-5815aeea059b,fUST,0.0001421,45,9,-80000.0,demand,2026-08-27T10:47:02.363049+00:00
5afe33f1-1d98-464f-9c50-5815aeea059b,fUST,0.000142,45,2,-20000.0,demand,2026-08-27T10:47:02.363049+00:00
5afe33f1-1d98-464f-9c50-5815aeea059b,fUST,0.0001401,30,11,-147973.68632078,demand,2026-08-27T10:47:02.363049+00:00
5afe33f1-1d98-464f-9c50-5815aeea059b,fUST,0.00014000000000000001,30,1,-28000.0,demand,2026-08-27T10:47:02.363049+00:00
5afe33f1-1d98-464f-9c50-5815aeea059b,fUST,0.000138,20,6,-50000.0,demand,2026-08-27T10:47:02.363049+00:00
5afe33f1-1d98-464f-9c50-5815aeea059b,fUST,0.000136,30,3,-19544.22120933,demand,2026-08-27T10:47:02.363049+00:00
5afe33f1-1d98-464f-9c50-5815aeea059b,fUST,0.000128,30,3,-30000.0,demand,2026-08-27T10:47:02.363049+00:00
5afe33f1-1d98-464f-9c50-5815aeea059b,fUST,0.000125,14,5,-102279.74193612,demand,2026-08-27T10:47:02.363049+00:00
5afe33f1-1d98-464f-9c50-5815aeea059b,fUST,0.0001225,59,1,-95000.0,demand,2026-08-27T10:47:02.363049+00:00
5afe33f1-1d98-464f-9c50-5815aeea059b,fUST,0.0001222,29,1,-194504.86890568,demand,2026-08-27T10:47:02.363049+00:00
5afe33f1-1d98-464f-9c50-5815aeea059b,fUST,0.0001202,19,1,-184532.71737778,demand,2026-08-27T10:47:02.363049+00:00
5afe33f1-1d98-464f-9c50-5815aeea059b,fUST,0.00012,120,1,-30000.0,demand,2026-08-27T10:47:02.363049+00:00
5afe33f1-1d98-464f-9c50-5815aeea059b,fUST,0.0001101,2,1,-621350.80686482,demand,2026-08-27T10:47:02.363049+00:00
5afe33f1-1d98-464f-9c50-5815aeea059b,fUST,0.000101,120,1,-293300.0,demand,2026-08-27T10:47:02.363049+00:00
5afe33f1-1d98-464f-9c50-5815aeea059b,fUST,8.1e-05,13,1,-220298.60067989,demand,2026-08-27T10:47:02.363049+00:00
5afe33f1-1d98-464f-9c50-5815aeea059b,fUST,8e-05,2,1,-10000.0,demand,2026-08-27T10:47:02.363049+00:00
5afe33f1-1d98-464f-9c50-5815aeea059b,fUST,0.0001188,2,1,5000.0,offer,2026-08-27T10:47:02.363049+00:00
5afe33f1-1d98-464f-9c50-5815aeea059b,fUST,0.00012,2,1,1025.96435047,offer,2026-08-27T10:47:02.363049+00:00
5afe33f1-1d98-464f-9c50-5815aeea059b,fUST,0.0001490963,2,1,1068.9533718,offer,2026-08-27T10:47:02.363049+00:00
5afe33f1-1d98-464f-9c50-5815aeea059b,fUST,0.00014999,2,3,1500.0,offer,2026-08-27T10:47:02.363049+00:00
5afe33f1-1d98-464f-9c50-5815aeea059b,fUST,0.0001524119,2,1,222.858799,offer,2026-08-27T10:47:02.363049+00:00
5afe33f1-1d98-464f-9c50-5815aeea059b,fUST,0.0001530785,2,1,178.945513,offer,2026-08-27T10:47:02.363049+00:00
5afe33f1-1d98-464f-9c50-5815aeea059b,fUST,0.00015495,2,1,5174.48,offer,2026-08-27T10:47:02.363049+00:00
5afe33f1-1d98-464f-9c50-5815aeea059b,fUST,0.000154950821,2,1,756.27095937,offer,2026-08-27T10:47:02.363049+00:00
5afe33f1-1d98-464f-9c50-5815aeea059b,fUST,0.00015496,2,4,2005.81846587,offer,2026-08-27T10:47:02.363049+00:00
5afe33f1-1d98-464f-9c50-5815aeea059b,fUST,0.00015499,2,5,2200.3366676,offer,2026-08-27T10:47:02.363049+00:00
5afe33f1-1d98-464f-9c50-5815aeea059b,fUST,0.000156986301369863,3,1,161.0,offer,2026-08-27T10:47:02.363049+00:00
5afe33f1-1d98-464f-9c50-5815aeea059b,fUST,0.00015803,2,1,500.0,offer,2026-08-27T10:47:02.363049+00:00
5afe33f1-1d98-464f-9c50-5815aeea059b,fUST,0.00015804,2,15,4500.0,offer,2026-08-27T10:47:02.363049+00:00
5afe33f1-1d98-464f-9c50-5815aeea059b,fUST,0.00016317,2,1,500.0,offer,2026-08-27T10:47:02.363049+00:00
5afe33f1-1d98-464f-9c50-5815aeea059b,fUST,0.000163237,2,20,9728.8201974,offer,2026-08-27T10:47:02.363049+00:00
5afe33f1-1d98-464f-9c50-5815aeea059b,fUST,0.00016323835616438356,2,1,500.0,offer,2026-08-27T10:47:02.363049+00:00
5afe33f1-1d98-464f-9c50-5815aeea059b,fUST,0.00016324,2,1,500.0,offer,2026-08-27T10:47:02.363049+00:00
5afe33f1-1d98-464f-9c50-5815aeea059b,fUST,0.000163247,2,1,8375.0135663,offer,2026-08-27T10:47:02.363049+00:00
5afe33f1-1d98-464f-9c50-5815aeea059b,fUST,0.0001633004334,2,1,187.438638,offer,2026-08-27T10:47:02.363049+00:00
5afe33f1-1d98-464f-9c50-5815aeea059b,fUST,0.00016947,2,4,1597.360225,offer,2026-08-27T10:47:02.363049+00:00
5afe33f1-1d98-464f-9c50-5815aeea059b,fUST,0.00016999,2,5,2245.44186242,offer,2026-08-27T10:47:02.363049+00:00
5afe33f1-1d98-464f-9c50-5815aeea059b,fUST,0.00017,21,1,211.07,offer,2026-08-27T10:47:02.363049+00:00
5afe33f1-1d98-464f-9c50-5815aeea059b,fUST,0.00017017467997534246,2,1,187.438638,offer,2026-08-27T10:47:02.363049+00:00
5afe33f1-1d98-464f-9c50-5815aeea059b,fUST,0.0001713826,2,1,3984.6771075,offer,2026-08-27T10:47:02.363049+00:00
5afe33f1-1d98-464f-9c50-5815aeea059b,fUST,0.00017250962836445213,2,2,637.86386052,offer,2026-08-27T10:47:02.363049+00:00
edc4d713-5a29-4dae-a289-68444d339234,fUST,0.0002671232876712329,120,1,-2990737.24125824,demand,2026-08-27T11:47:02.401306+00:00
edc4d713-5a29-4dae-a289-68444d339234,fUST,0.000247980821,120,1,-63393.34527943,demand,2026-08-27T11:47:02.401306+00:00
edc4d713-5a29-4dae-a289-68444d339234,fUST,0.0002319972602739726,120,1,-3933120.67225914,demand,2026-08-27T11:47:02.401306+00:00
edc4d713-5a29-4dae-a289-68444d339234,fUST,0.00016,120,1,-2000.0,demand,2026-08-27T11:47:02.401306+00:00
edc4d713-5a29-4dae-a289-68444d339234,fUST,0.00016,60,18,-402490.8297215,demand,2026-08-27T11:47:02.401306+00:00
edc4d713-5a29-4dae-a289-68444d339234,fUST,0.00015,90,1,-2000.0,demand,2026-08-27T11:47:02.401306+00:00
edc4d713-5a29-4dae-a289-68444d339234,fUST,0.00015,120,1,-300000.0,demand,2026-08-27T11:47:02.401306+00:00
edc4d713-5a29-4dae-a289-68444d339234,fUST,0.00015,45,3,-13845.272985,demand,2026-08-27T11:47:02.401306+00:00
edc4d713-5a29-4dae-a289-68444d339234,fUST,0.00015,60,1,-28000.0,demand,2026-08-27T11:47:02.401306+00:00
edc4d713-5a29-4dae-a289-68444d339234,fUST,0.0001421,45,9,-80000.0,demand,2026-08-27T11:47:02.401306+00:00
edc4d713-5a29-4dae-a289-68444d339234,fUST,0.000142,45,2,-20000.0,demand,2026-08-27T11:47:02.401306+00:00
edc4d713-5a29-4dae-a289-68444d339234,fUST,0.0001401,30,11,-147973.68632078,demand,2026-08-27T11:47:02.401306+00:00
edc4d713-5a29-4dae-a289-68444d339234,fUST,0.00014000000000000001,30,1,-28000.0,demand,2026-08-27T11:47:02.401306+00:00
edc4d713-5a29-4dae-a289-68444d339234,fUST,0.000138,20,6,-50000.0,demand,2026-08-27T11:47:02.401306+00:00
edc4d713-5a29-4dae-a289-68444d339234,fUST,0.000136,30,3,-19544.22120933,demand,2026-08-27T11:47:02.401306+00:00
edc4d713-5a29-4dae-a289-68444d339234,fUST,0.000128,30,3,-30000.0,demand,2026-08-27T11:47:02.401306+00:00
edc4d713-5a29-4dae-a289-68444d339234,fUST,0.000125,14,5,-102279.74193612,demand,2026-08-27T11:47:02.401306+00:00
edc4d713-5a29-4dae-a289-68444d339234,fUST,0.0001225,59,1,-95000.0,demand,2026-08-27T11:47:02.401306+00:00
edc4d713-5a29-4dae-a289-68444d339234,fUST,0.0001222,29,1,-194504.86890568,demand,2026-08-27T11:47:02.401306+00:00
edc4d713-5a29-4dae-a289-68444d339234,fUST,0.0001202,19,1,-184532.71737778,demand,2026-08-27T11:47:02.401306+00:00
edc4d713-5a29-4dae-a289-68444d339234,fUST,0.00012,120,1,-30000.0,demand,2026-08-27T11:47:02.401306+00:00
edc4d713-5a29-4dae-a289-68444d339234,fUST,0.0001101,2,1,-573313.81949508,demand,2026-08-27T11:47:02.401306+00:00
edc4d713-5a29-4dae-a289-68444d339234,fUST,0.000101,120,1,-293300.0,demand,2026-08-27T11:47:02.401306+00:00
edc4d713-5a29-4dae-a289-68444d339234,fUST,8.1e-05,13,1,-220298.60067989,demand,2026-08-27T11:47:02.401306+00:00
edc4d713-5a29-4dae-a289-68444d339234,fUST,8e-05,2,1,-10000.0,demand,2026-08-27T11:47:02.401306+00:00
edc4d713-5a29-4dae-a289-68444d339234,fUST,0.00011271,2,1,5000.0,offer,2026-08-27T11:47:02.401306+00:00
edc4d713-5a29-4dae-a289-68444d339234,fUST,0.00011385,2,1,175.87,offer,2026-08-27T11:47:02.401306+00:00
edc4d713-5a29-4dae-a289-68444d339234,fUST,0.00011612,2,15,4500.0,offer,2026-08-27T11:47:02.401306+00:00
edc4d713-5a29-4dae-a289-68444d339234,fUST,0.00011612054794520548,2,1,719.3756804,offer,2026-08-27T11:47:02.401306+00:00
edc4d713-5a29-4dae-a289-68444d339234,fUST,0.00011843,2,1,600.0,offer,2026-08-27T11:47:02.401306+00:00
edc4d713-5a29-4dae-a289-68444d339234,fUST,0.00012271,2,1,209.97592989,offer,2026-08-27T11:47:02.401306+00:00
edc4d713-5a29-4dae-a289-68444d339234,fUST,0.0001283438,2,1,325.8,offer,2026-08-27T11:47:02.401306+00:00
edc4d713-5a29-4dae-a289-68444d339234,fUST,0.00013028,2,1,720.0,offer,2026-08-27T11:47:02.401306+00:00
edc4d713-5a29-4dae-a289-68444d339234,fUST,0.0001433,2,1,864.0,offer,2026-08-27T11:47:02.401306+00:00
edc4d713-5a29-4dae-a289-68444d339234,fUST,0.0001444699,2,1,267.3914369,offer,2026-08-27T11:47:02.401306+00:00
edc4d713-5a29-4dae-a289-68444d339234,fUST,0.00015068493150684933,2,1,5156.0,offer,2026-08-27T11:47:02.401306+00:00
edc4d713-5a29-4dae-a289-68444d339234,fUST,0.0001521834048,2,1,876.2113213,offer,2026-08-27T11:47:02.401306+00:00
edc4d713-5a29-4dae-a289-68444d339234,fUST,0.00015649,2,1,500.0,offer,2026-08-27T11:47:02.401306+00:00
edc4d713-5a29-4dae-a289-68444d339234,fUST,0.0001564935,2,2,8638.435231,offer,2026-08-27T11:47:02.401306+00:00
edc4d713-5a29-4dae-a289-68444d339234,fUST,0.00015763,2,1,1000.0,offer,2026-08-27T11:47:02.401306+00:00
edc4d713-5a29-4dae-a289-68444d339234,fUST,0.0001643189,2,2,422.92595463,offer,2026-08-27T11:47:02.401306+00:00
edc4d713-5a29-4dae-a289-68444d339234,fUST,0.0001643289,2,1,1950.181673,offer,2026-08-27T11:47:02.401306+00:00
edc4d713-5a29-4dae-a289-68444d339234,fUST,0.0001734,2,2,1244.0,offer,2026-08-27T11:47:02.401306+00:00
edc4d713-5a29-4dae-a289-68444d339234,fUST,0.00017465139,2,1,1244.445269,offer,2026-08-27T11:47:02.401306+00:00
edc4d713-5a29-4dae-a289-68444d339234,fUST,0.00018111,2,2,1087.79989522,offer,2026-08-27T11:47:02.401306+00:00
edc4d713-5a29-4dae-a289-68444d339234,fUST,0.00018180133898305085,2,2,397.79140536,offer,2026-08-27T11:47:02.401306+00:00
edc4d713-5a29-4dae-a289-68444d339234,fUST,0.00018199,2,1,2180.75691687,offer,2026-08-27T11:47:02.401306+00:00
edc4d713-5a29-4dae-a289-68444d339234,fUST,0.00018200344479452055,2,1,1244.445269,offer,2026-08-27T11:47:02.401306+00:00
edc4d713-5a29-4dae-a289-68444d339234,fUST,0.00018277,2,1,539.89282221,offer,2026-08-27T11:47:02.401306+00:00
edc4d713-5a29-4dae-a289-68444d339234,fUST,0.0001827752,2,1,4451.0,offer,2026-08-27T11:47:02.401306+00:00
1de2fc54-7b65-478a-a27e-e060952b9066,fUST,0.0002671232876712329,120,1,-2987436.54730739,demand,2026-08-27T12:47:02.686274+00:00
1de2fc54-7b65-478a-a27e-e060952b9066,fUST,0.000247980821,120,1,-63393.34527943,demand,2026-08-27T12:47:02.686274+00:00
1de2fc54-7b65-478a-a27e-e060952b9066,fUST,0.0002322054794520548,120,1,-3933120.67225914,demand,2026-08-27T12:47:02.686274+00:00
1de2fc54-7b65-478a-a27e-e060952b9066,fUST,0.00016,120,1,-2000.0,demand,2026-08-27T12:47:02.686274+00:00
1de2fc54-7b65-478a-a27e-e060952b9066,fUST,0.00016,60,18,-402490.8297215,demand,2026-08-27T12:47:02.686274+00:00
1de2fc54-7b65-478a-a27e-e060952b9066,fUST,0.00015,90,1,-2000.0,demand,2026-08-27T12:47:02.686274+00:00
1de2fc54-7b65-478a-a27e-e060952b9066,fUST,0.00015,120,1,-300000.0,demand,2026-08-27T12:47:02.686274+00:00
1de2fc54-7b65-478a-a27e-e060952b9066,fUST,0.00015,45,3,-13845.272985,demand,2026-08-27T12:47:02.686274+00:00
1de2fc54-7b65-478a-a27e-e060952b9066,fUST,0.00015,60,1,-28000.0,demand,2026-08-27T12:47:02.686274+00:00
1de2fc54-7b65-478a-a27e-e060952b9066,fUST,0.0001421,45,9,-80000.0,demand,2026-08-27T12:47:02.686274+00:00
1de2fc54-7b65-478a-a27e-e060952b9066,fUST,0.000142,45,2,-20000.0,demand,2026-08-27T12:47:02.686274+00:00
1de2fc54-7b65-478a-a27e-e060952b9066,fUST,0.0001401,30,11,-147973.68632078,demand,2026-08-27T12:47:02.686274+00:00
1de2fc54-7b65-478a-a27e-e060952b9066,fUST,0.00014000000000000001,30,1,-28000.0,demand,2026-08-27T12:47:02.686274+00:00
1de2fc54-7b65-478a-a27e-e060952b9066,fUST,0.000138,20,6,-50000.0,demand,2026-08-27T12:47:02.686274+00:00
1de2fc54-7b65-478a-a27e-e060952b9066,fUST,0.000136,30,3,-19544.22120933,demand,2026-08-27T12:47:02.686274+00:00
1de2fc54-7b65-478a-a27e-e060952b9066,fUST,0.000128,30,3,-30000.0,demand,2026-08-27T12:47:02.686274+00:00
1de2fc54-7b65-478a-a27e-e060952b9066,fUST,0.000125,14,4,-97491.42044918,demand,2026-08-27T12:47:02.686274+00:00
1de2fc54-7b65-478a-a27e-e060952b9066,fUST,0.0001225,59,1,-95000.0,demand,2026-08-27T12:47:02.686274+00:00
1de2fc54-7b65-478a-a27e-e060952b9066,fUST,0.0001222,29,1,-194504.86890568,demand,2026-08-27T12:47:02.686274+00:00
1de2fc54-7b65-478a-a27e-e060952b9066,fUST,0.0001202,19,1,-184532.71737778,demand,2026-08-27T12:47:02.686274+00:00
1de2fc54-7b65-478a-a27e-e060952b9066,fUST,0.00012,120,1,-30000.0,demand,2026-08-27T12:47:02.686274+00:00
1de2fc54-7b65-478a-a27e-e060952b9066,fUST,0.0001101,2,1,-420379.44527928,demand,2026-08-27T12:47:02.686274+00:00
1de2fc54-7b65-478a-a27e-e060952b9066,fUST,0.000101,120,1,-293300.0,demand,2026-08-27T12:47:02.686274+00:00
1de2fc54-7b65-478a-a27e-e060952b9066,fUST,8.1e-05,13,1,-220298.60067989,demand,2026-08-27T12:47:02.686274+00:00
1de2fc54-7b65-478a-a27e-e060952b9066,fUST,8e-05,2,1,-10000.0,demand,2026-08-27T12:47:02.686274+00:00
1de2fc54-7b65-478a-a27e-e060952b9066,fUST,0.00012,2,1,2057.36515408,offer,2026-08-27T12:47:02.686274+00:00
1de2fc54-7b65-478a-a27e-e060952b9066,fUST,0.00013317991693749997,2,1,500.0,offer,2026-08-27T12:47:02.686274+00:00
1de2fc54-7b65-478a-a27e-e060952b9066,fUST,0.00013318,2,1,239.05,offer,2026-08-27T12:47:02.686274+00:00
1de2fc54-7b65-478a-a27e-e060952b9066,fUST,0.000136986301369863,2,1,1236.2042487,offer,2026-08-27T12:47:02.686274+00:00
1de2fc54-7b65-478a-a27e-e060952b9066,fUST,0.00017234266666666664,2,2,323.2508292,offer,2026-08-27T12:47:02.686274+00:00
1de2fc54-7b65-478a-a27e-e060952b9066,fUST,0.0001725810912,2,1,11885.533143,offer,2026-08-27T12:47:02.686274+00:00
1de2fc54-7b65-478a-a27e-e060952b9066,fUST,0.00017508266666666666,2,1,161.43238142,offer,2026-08-27T12:47:02.686274+00:00
1de2fc54-7b65-478a-a27e-e060952b9066,fUST,0.00017602,2,15,4500.0,offer,2026-08-27T12:47:02.686274+00:00
1de2fc54-7b65-478a-a27e-e060952b9066,fUST,0.0001767587,2,1,475.414862,offer,2026-08-27T12:47:02.686274+00:00
1de2fc54-7b65-478a-a27e-e060952b9066,fUST,0.00017782266666666665,2,2,323.2508292,offer,2026-08-27T12:47:02.686274+00:00
1de2fc54-7b65-478a-a27e-e060952b9066,fUST,0.00017953,2,1,600.0,offer,2026-08-27T12:47:02.686274+00:00
1de2fc54-7b65-478a-a27e-e060952b9066,fUST,0.0001819,2,1,172.72803323,offer,2026-08-27T12:47:02.686274+00:00
1de2fc54-7b65-478a-a27e-e060952b9066,fUST,0.00018197,2,1,183.50651434,offer,2026-08-27T12:47:02.686274+00:00
1de2fc54-7b65-478a-a27e-e060952b9066,fUST,0.00018198,2,1,321.13640009,offer,2026-08-27T12:47:02.686274+00:00
1de2fc54-7b65-478a-a27e-e060952b9066,fUST,0.00018330266666666663,2,1,161.81844778,offer,2026-08-27T12:47:02.686274+00:00
1de2fc54-7b65-478a-a27e-e060952b9066,fUST,0.0001866407549423335,2,1,220.70913267,offer,2026-08-27T12:47:02.686274+00:00
1de2fc54-7b65-478a-a27e-e060952b9066,fUST,0.00018724,2,5,866.48892079,offer,2026-08-27T12:47:02.686274+00:00
1de2fc54-7b65-478a-a27e-e060952b9066,fUST,0.00018893,2,1,1387.15689084,offer,2026-08-27T12:47:02.686274+00:00
1de2fc54-7b65-478a-a27e-e060952b9066,fUST,0.00018987,2,18,8593.85277935,offer,2026-08-27T12:47:02.686274+00:00
1de2fc54-7b65-478a-a27e-e060952b9066,fUST,0.00018988,2,4,17271.88833519,offer,2026-08-27T12:47:02.686274+00:00
1de2fc54-7b65-478a-a27e-e060952b9066,fUST,0.00018988,3,8,3246.09,offer,2026-08-27T12:47:02.686274+00:00
1de2fc54-7b65-478a-a27e-e060952b9066,fUST,0.00018988599999999998,2,4,1155.64305745,offer,2026-08-27T12:47:02.686274+00:00
1de2fc54-7b65-478a-a27e-e060952b9066,fUST,0.00018993,2,1,992.0875402,offer,2026-08-27T12:47:02.686274+00:00
1de2fc54-7b65-478a-a27e-e060952b9066,fUST,0.00018996,2,1,358.651,offer,2026-08-27T12:47:02.686274+00:00
1de2fc54-7b65-478a-a27e-e060952b9066,fUST,0.00018997,2,1,310.77820863,offer,2026-08-27T12:47:02.686274+00:00
76fd0b2c-1ad3-452c-b756-d5a4b630c824,fUST,0.0002671232876712329,120,1,-2986550.04974824,demand,2026-08-27T13:47:02.682593+00:00
76fd0b2c-1ad3-452c-b756-d5a4b630c824,fUST,0.000247980821,120,1,-63393.34527943,demand,2026-08-27T13:47:02.682593+00:00
76fd0b2c-1ad3-452c-b756-d5a4b630c824,fUST,0.00023204109589041095,120,1,-3933120.67225914,demand,2026-08-27T13:47:02.682593+00:00
76fd0b2c-1ad3-452c-b756-d5a4b630c824,fUST,0.00016,120,1,-2000.0,demand,2026-08-27T13:47:02.682593+00:00
76fd0b2c-1ad3-452c-b756-d5a4b630c824,fUST,0.00016,60,18,-402490.8297215,demand,2026-08-27T13:47:02.682593+00:00
76fd0b2c-1ad3-452c-b756-d5a4b630c824,fUST,0.00015,90,1,-2000.0,demand,2026-08-27T13:47:02.682593+00:00
76fd0b2c-1ad3-452c-b756-d5a4b630c824,fUST,0.00015,120,1,-300000.0,demand,2026-08-27T13:47:02.682593+00:00
76fd0b2c-1ad3-452c-b756-d5a4b630c824,fUST,0.00015,45,3,-13845.272985,demand,2026-08-27T13:47:02.682593+00:00
76fd0b2c-1ad3-452c-b756-d5a4b630c824,fUST,0.00015,60,1,-28000.0,demand,2026-08-27T13:47:02.682593+00:00
76fd0b2c-1ad3-452c-b756-d5a4b630c824,fUST,0.0001421,45,9,-80000.0,demand,2026-08-27T13:47:02.682593+00:00
76fd0b2c-1ad3-452c-b756-d5a4b630c824,fUST,0.000142,45,2,-20000.0,demand,2026-08-27T13:47:02.682593+00:00
76fd0b2c-1ad3-452c-b756-d5a4b630c824,fUST,0.0001401,30,11,-147973.68632078,demand,2026-08-27T13:47:02.682593+00:00
76fd0b2c-1ad3-452c-b756-d5a4b630c824,fUST,0.00014000000000000001,30,1,-28000.0,demand,2026-08-27T13:47:02.682593+00:00
76fd0b2c-1ad3-452c-b756-d5a4b630c824,fUST,0.000138,20,6,-50000.0,demand,2026-08-27T13:47:02.682593+00:00
76fd0b2c-1ad3-452c-b756-d5a4b630c824,fUST,0.000136,30,3,-19544.22120933,demand,2026-08-27T13:47:02.682593+00:00
76fd0b2c-1ad3-452c-b756-d5a4b630c824,fUST,0.000128,30,3,-30000.0,demand,2026-08-27T13:47:02.682593+00:00
76fd0b2c-1ad3-452c-b756-d5a4b630c824,fUST,0.000125,14,4,-97491.42044918,demand,2026-08-27T13:47:02.682593+00:00
76fd0b2c-1ad3-452c-b756-d5a4b630c824,fUST,0.0001225,59,1,-95000.0,demand,2026-08-27T13:47:02.682593+00:00
76fd0b2c-1ad3-452c-b756-d5a4b630c824,fUST,0.0001222,29,1,-194504.86890568,demand,2026-08-27T13:47:02.682593+00:00
76fd0b2c-1ad3-452c-b756-d5a4b630c824,fUST,0.0001202,19,1,-184532.71737778,demand,2026-08-27T13:47:02.682593+00:00
76fd0b2c-1ad3-452c-b756-d5a4b630c824,fUST,0.00012,120,1,-30000.0,demand,2026-08-27T13:47:02.682593+00:00
76fd0b2c-1ad3-452c-b756-d5a4b630c824,fUST,0.0001101,2,1,-388369.06835247,demand,2026-08-27T13:47:02.682593+00:00
76fd0b2c-1ad3-452c-b756-d5a4b630c824,fUST,0.000101,120,1,-293300.0,demand,2026-08-27T13:47:02.682593+00:00
76fd0b2c-1ad3-452c-b756-d5a4b630c824,fUST,8.1e-05,13,1,-220298.60067989,demand,2026-08-27T13:47:02.682593+00:00
76fd0b2c-1ad3-452c-b756-d5a4b630c824,fUST,8e-05,2,1,-10000.0,demand,2026-08-27T13:47:02.682593+00:00
76fd0b2c-1ad3-452c-b756-d5a4b630c824,fUST,0.00011137,2,1,5000.0,offer,2026-08-27T13:47:02.682593+00:00
76fd0b2c-1ad3-452c-b756-d5a4b630c824,fUST,0.0001124909,2,1,151.0,offer,2026-08-27T13:47:02.682593+00:00
76fd0b2c-1ad3-452c-b756-d5a4b630c824,fUST,0.00011301,2,1,200.0,offer,2026-08-27T13:47:02.682593+00:00
76fd0b2c-1ad3-452c-b756-d5a4b630c824,fUST,0.00011951816976,2,1,151.0,offer,2026-08-27T13:47:02.682593+00:00
76fd0b2c-1ad3-452c-b756-d5a4b630c824,fUST,0.00012,2,1,12710.0,offer,2026-08-27T13:47:02.682593+00:00
76fd0b2c-1ad3-452c-b756-d5a4b630c824,fUST,0.00012239,2,15,4500.0,offer,2026-08-27T13:47:02.682593+00:00
76fd0b2c-1ad3-452c-b756-d5a4b630c824,fUST,0.000123214608,2,1,299.796,offer,2026-08-27T13:47:02.682593+00:00
76fd0b2c-1ad3-452c-b756-d5a4b630c824,fUST,0.000123836904,2,1,179.8776,offer,2026-08-27T13:47:02.682593+00:00
76fd0b2c-1ad3-452c-b756-d5a4b630c824,fUST,0.0001244592,7,2,1204.09372041,offer,2026-08-27T13:47:02.682593+00:00
76fd0b2c-1ad3-452c-b756-d5a4b630c824,fUST,0.00012694,2,1,600.0,offer,2026-08-27T13:47:02.682593+00:00
76fd0b2c-1ad3-452c-b756-d5a4b630c824,fUST,0.000126948384,7,2,1204.09372041,offer,2026-08-27T13:47:02.682593+00:00
76fd0b2c-1ad3-452c-b756-d5a4b630c824,fUST,0.0001293753384,7,1,377.79370688,offer,2026-08-27T13:47:02.682593+00:00
76fd0b2c-1ad3-452c-b756-d5a4b630c824,fUST,0.00013068216,7,2,1204.09372041,offer,2026-08-27T13:47:02.682593+00:00
76fd0b2c-1ad3-452c-b756-d5a4b630c824,fUST,0.0001332861,2,1,1609.4181543,offer,2026-08-27T13:47:02.682593+00:00
76fd0b2c-1ad3-452c-b756-d5a4b630c824,fUST,0.000134415936,7,2,1204.09372041,offer,2026-08-27T13:47:02.682593+00:00
76fd0b2c-1ad3-452c-b756-d5a4b630c824,fUST,0.000136986301369863,2,1,434.42445,offer,2026-08-27T13:47:02.682593+00:00
76fd0b2c-1ad3-452c-b756-d5a4b630c824,fUST,0.00013938430400000002,2,4,1800.0,offer,2026-08-27T13:47:02.682593+00:00
76fd0b2c-1ad3-452c-b756-d5a4b630c824,fUST,0.00013939430400000002,7,2,1204.09372044,offer,2026-08-27T13:47:02.682593+00:00
76fd0b2c-1ad3-452c-b756-d5a4b630c824,fUST,0.00013963,2,1,720.0,offer,2026-08-27T13:47:02.682593+00:00
76fd0b2c-1ad3-452c-b756-d5a4b630c824,fUST,0.0001418871789,2,1,255.689685,offer,2026-08-27T13:47:02.682593+00:00
76fd0b2c-1ad3-452c-b756-d5a4b630c824,fUST,0.00014786005561232877,2,1,255.689685,offer,2026-08-27T13:47:02.682593+00:00
76fd0b2c-1ad3-452c-b756-d5a4b630c824,fUST,0.00015359,2,4,1819.41049943,offer,2026-08-27T13:47:02.682593+00:00
76fd0b2c-1ad3-452c-b756-d5a4b630c824,fUST,0.0001536,2,1,864.0,offer,2026-08-27T13:47:02.682593+00:00
76fd0b2c-1ad3-452c-b756-d5a4b630c824,fUST,0.00015383293232465754,2,1,255.689685,offer,2026-08-27T13:47:02.682593+00:00
76fd0b2c-1ad3-452c-b756-d5a4b630c824,fUST,0.0001567123287671233,3,1,162.0,offer,2026-08-27T13:47:02.682593+00:00
9f6fae4c-4730-4ce1-b4fa-8e6e454f607a,fUST,0.0002671232876712329,120,1,-2971545.79643067,demand,2026-08-27T14:47:02.233887+00:00
9f6fae4c-4730-4ce1-b4fa-8e6e454f607a,fUST,0.000247980821,120,1,-63393.34527943,demand,2026-08-27T14:47:02.233887+00:00
9f6fae4c-4730-4ce1-b4fa-8e6e454f607a,fUST,0.00023255068493150684,120,1,-3932637.67225914,demand,2026-08-27T14:47:02.233887+00:00
9f6fae4c-4730-4ce1-b4fa-8e6e454f607a,fUST,0.00016,120,1,-2000.0,demand,2026-08-27T14:47:02.233887+00:00
9f6fae4c-4730-4ce1-b4fa-8e6e454f607a,fUST,0.00016,60,18,-402490.8297215,demand,2026-08-27T14:47:02.233887+00:00
9f6fae4c-4730-4ce1-b4fa-8e6e454f607a,fUST,0.00015,90,1,-2000.0,demand,2026-08-27T14:47:02.233887+00:00
9f6fae4c-4730-4ce1-b4fa-8e6e454f607a,fUST,0.00015,120,1,-300000.0,demand,2026-08-27T14:47:02.233887+00:00
9f6fae4c-4730-4ce1-b4fa-8e6e454f607a,fUST,0.00015,45,3,-13845.272985,demand,2026-08-27T14:47:02.233887+00:00
9f6fae4c-4730-4ce1-b4fa-8e6e454f607a,fUST,0.00015,60,1,-28000.0,demand,2026-08-27T14:47:02.233887+00:00
9f6fae4c-4730-4ce1-b4fa-8e6e454f607a,fUST,0.0001421,45,9,-80000.0,demand,2026-08-27T14:47:02.233887+00:00
9f6fae4c-4730-4ce1-b4fa-8e6e454f607a,fUST,0.000142,45,2,-20000.0,demand,2026-08-27T14:47:02.233887+00:00
9f6fae4c-4730-4ce1-b4fa-8e6e454f607a,fUST,0.0001401,30,11,-147973.68632078,demand,2026-08-27T14:47:02.233887+00:00
9f6fae4c-4730-4ce1-b4fa-8e6e454f607a,fUST,0.00014000000000000001,30,1,-28000.0,demand,2026-08-27T14:47:02.233887+00:00
9f6fae4c-4730-4ce1-b4fa-8e6e454f607a,fUST,0.000138,20,6,-50000.0,demand,2026-08-27T14:47:02.233887+00:00
9f6fae4c-4730-4ce1-b4fa-8e6e454f607a,fUST,0.000136,30,3,-19544.22120933,demand,2026-08-27T14:47:02.233887+00:00
9f6fae4c-4730-4ce1-b4fa-8e6e454f607a,fUST,0.000128,30,3,-30000.0,demand,2026-08-27T14:47:02.233887+00:00
9f6fae4c-4730-4ce1-b4fa-8e6e454f607a,fUST,0.000125,14,4,-92167.05049853,demand,2026-08-27T14:47:02.233887+00:00
9f6fae4c-4730-4ce1-b4fa-8e6e454f607a,fUST,0.0001225,59,1,-95000.0,demand,2026-08-27T14:47:02.233887+00:00
9f6fae4c-4730-4ce1-b4fa-8e6e454f607a,fUST,0.0001222,29,1,-194504.86890568,demand,2026-08-27T14:47:02.233887+00:00
9f6fae4c-4730-4ce1-b4fa-8e6e454f607a,fUST,0.0001202,19,1,-184532.71737778,demand,2026-08-27T14:47:02.233887+00:00
9f6fae4c-4730-4ce1-b4fa-8e6e454f607a,fUST,0.00012,120,1,-30000.0,demand,2026-08-27T14:47:02.233887+00:00
9f6fae4c-4730-4ce1-b4fa-8e6e454f607a,fUST,0.0001101,2,1,-366829.49373192,demand,2026-08-27T14:47:02.233887+00:00
9f6fae4c-4730-4ce1-b4fa-8e6e454f607a,fUST,0.000101,120,1,-293300.0,demand,2026-08-27T14:47:02.233887+00:00
9f6fae4c-4730-4ce1-b4fa-8e6e454f607a,fUST,8.1e-05,13,1,-220298.60067989,demand,2026-08-27T14:47:02.233887+00:00
9f6fae4c-4730-4ce1-b4fa-8e6e454f607a,fUST,8e-05,2,1,-10000.0,demand,2026-08-27T14:47:02.233887+00:00
9f6fae4c-4730-4ce1-b4fa-8e6e454f607a,fUST,0.00012,2,3,13554.75425687,offer,2026-08-27T14:47:02.233887+00:00
9f6fae4c-4730-4ce1-b4fa-8e6e454f607a,fUST,0.00012222,2,1,151.0,offer,2026-08-27T14:47:02.233887+00:00
9f6fae4c-4730-4ce1-b4fa-8e6e454f607a,fUST,0.00013222,2,1,199.20001912,offer,2026-08-27T14:47:02.233887+00:00
9f6fae4c-4730-4ce1-b4fa-8e6e454f607a,fUST,0.00013697,2,13,6423.56401401,offer,2026-08-27T14:47:02.233887+00:00
9f6fae4c-4730-4ce1-b4fa-8e6e454f607a,fUST,0.00013698,2,43,20880.04361977,offer,2026-08-27T14:47:02.233887+00:00
9f6fae4c-4730-4ce1-b4fa-8e6e454f607a,fUST,0.0001369808219178082,2,1,500.0,offer,2026-08-27T14:47:02.233887+00:00
9f6fae4c-4730-4ce1-b4fa-8e6e454f607a,fUST,0.00013972054794520548,2,1,500.0,offer,2026-08-27T14:47:02.233887+00:00
9f6fae4c-4730-4ce1-b4fa-8e6e454f607a,fUST,0.00014246027397260273,2,1,500.0,offer,2026-08-27T14:47:02.233887+00:00
9f6fae4c-4730-4ce1-b4fa-8e6e454f607a,fUST,0.0001452,2,1,500.0,offer,2026-08-27T14:47:02.233887+00:00
9f6fae4c-4730-4ce1-b4fa-8e6e454f607a,fUST,0.00014793972602739725,2,1,500.0,offer,2026-08-27T14:47:02.233887+00:00
9f6fae4c-4730-4ce1-b4fa-8e6e454f607a,fUST,0.00015067945205479453,2,1,500.0,offer,2026-08-27T14:47:02.233887+00:00
9f6fae4c-4730-4ce1-b4fa-8e6e454f607a,fUST,0.0001513989,2,1,325.81,offer,2026-08-27T14:47:02.233887+00:00
9f6fae4c-4730-4ce1-b4fa-8e6e454f607a,fUST,0.00015341917808219178,2,1,500.0,offer,2026-08-27T14:47:02.233887+00:00
9f6fae4c-4730-4ce1-b4fa-8e6e454f607a,fUST,0.00015615890410958905,2,1,500.0,offer,2026-08-27T14:47:02.233887+00:00
9f6fae4c-4730-4ce1-b4fa-8e6e454f607a,fUST,0.0001577513,2,1,282.4234361,offer,2026-08-27T14:47:02.233887+00:00
9f6fae4c-4730-4ce1-b4fa-8e6e454f607a,fUST,0.0001604042889103305,2,1,250.0,offer,2026-08-27T14:47:02.233887+00:00
9f6fae4c-4730-4ce1-b4fa-8e6e454f607a,fUST,0.0001666154,2,1,535.6806441,offer,2026-08-27T14:47:02.233887+00:00
9f6fae4c-4730-4ce1-b4fa-8e6e454f607a,fUST,0.0001678442,2,1,167.196885,offer,2026-08-27T14:47:02.233887+00:00
9f6fae4c-4730-4ce1-b4fa-8e6e454f607a,fUST,0.00017197,2,1,500.0,offer,2026-08-27T14:47:02.233887+00:00
9f6fae4c-4730-4ce1-b4fa-8e6e454f607a,fUST,0.0001740587,2,1,159.416187,offer,2026-08-27T14:47:02.233887+00:00
9f6fae4c-4730-4ce1-b4fa-8e6e454f607a,fUST,0.00017606,2,1,500.0,offer,2026-08-27T14:47:02.233887+00:00
9f6fae4c-4730-4ce1-b4fa-8e6e454f607a,fUST,0.00017724,2,2,657.46670349,offer,2026-08-27T14:47:02.233887+00:00
9f6fae4c-4730-4ce1-b4fa-8e6e454f607a,fUST,0.0001772449,2,1,2181.9991419,offer,2026-08-27T14:47:02.233887+00:00
9f6fae4c-4730-4ce1-b4fa-8e6e454f607a,fUST,0.000179,2,4,932.82328504,offer,2026-08-27T14:47:02.233887+00:00
9f6fae4c-4730-4ce1-b4fa-8e6e454f607a,fUST,0.0001790197687253705,2,4,897.15472785,offer,2026-08-27T14:47:02.233887+00:00
77c78d47-3101-4096-954d-0595c9ee0463,fUST,0.0002671232876712329,120,1,-2969589.68911567,demand,2026-08-27T15:47:02.084613+00:00
77c78d47-3101-4096-954d-0595c9ee0463,fUST,0.000247980821,120,1,-63393.34527943,demand,2026-08-27T15:47:02.084613+00:00
77c78d47-3101-4096-954d-0595c9ee0463,fUST,0.0002344082191780822,120,1,-3921121.40193389,demand,2026-08-27T15:47:02.084613+00:00
77c78d47-3101-4096-954d-0595c9ee0463,fUST,0.00016,120,1,-2000.0,demand,2026-08-27T15:47:02.084613+00:00
77c78d47-3101-4096-954d-0595c9ee0463,fUST,0.00016,60,18,-402490.8297215,demand,2026-08-27T15:47:02.084613+00:00
77c78d47-3101-4096-954d-0595c9ee0463,fUST,0.00015,90,1,-2000.0,demand,2026-08-27T15:47:02.084613+00:00
77c78d47-3101-4096-954d-0595c9ee0463,fUST,0.00015,120,1,-300000.0,demand,2026-08-27T15:47:02.084613+00:00
77c78d47-3101-4096-954d-0595c9ee0463,fUST,0.00015,45,3,-13845.272985,demand,2026-08-27T15:47:02.084613+00:00
77c78d47-3101-4096-954d-0595c9ee0463,fUST,0.00015,60,1,-28000.0,demand,2026-08-27T15:47:02.084613+00:00
77c78d47-3101-4096-954d-0595c9ee0463,fUST,0.0001421,45,9,-80000.0,demand,2026-08-27T15:47:02.084613+00:00
77c78d47-3101-4096-954d-0595c9ee0463,fUST,0.000142,45,2,-20000.0,demand,2026-08-27T15:47:02.084613+00:00
77c78d47-3101-4096-954d-0595c9ee0463,fUST,0.0001401,30,11,-147973.68632078,demand,2026-08-27T15:47:02.084613+00:00
77c78d47-3101-4096-954d-0595c9ee0463,fUST,0.00014000000000000001,30,1,-28000.0,demand,2026-08-27T15:47:02.084613+00:00
77c78d47-3101-4096-954d-0595c9ee0463,fUST,0.000138,20,6,-50000.0,demand,2026-08-27T15:47:02.084613+00:00
77c78d47-3101-4096-954d-0595c9ee0463,fUST,0.000136,30,3,-19544.22120933,demand,2026-08-27T15:47:02.084613+00:00
77c78d47-3101-4096-954d-0595c9ee0463,fUST,0.000128,30,3,-30000.0,demand,2026-08-27T15:47:02.084613+00:00
77c78d47-3101-4096-954d-0595c9ee0463,fUST,0.000125,14,3,-77619.82366474,demand,2026-08-27T15:47:02.084613+00:00
77c78d47-3101-4096-954d-0595c9ee0463,fUST,0.0001225,59,1,-95000.0,demand,2026-08-27T15:47:02.084613+00:00
77c78d47-3101-4096-954d-0595c9ee0463,fUST,0.0001222,29,1,-194504.86890568,demand,2026-08-27T15:47:02.084613+00:00
77c78d47-3101-4096-954d-0595c9ee0463,fUST,0.0001202,19,1,-184532.71737778,demand,2026-08-27T15:47:02.084613+00:00
77c78d47-3101-4096-954d-0595c9ee0463,fUST,0.00012,120,1,-30000.0,demand,2026-08-27T15:47:02.084613+00:00
77c78d47-3101-4096-954d-0595c9ee0463,fUST,0.00011011,2,1,-2000000.0,demand,2026-08-27T15:47:02.084613+00:00
77c78d47-3101-4096-954d-0595c9ee0463,fUST,0.0001101,2,3,-4366829.49373192,demand,2026-08-27T15:47:02.084613+00:00
77c78d47-3101-4096-954d-0595c9ee0463,fUST,0.000101,120,1,-293300.0,demand,2026-08-27T15:47:02.084613+00:00
77c78d47-3101-4096-954d-0595c9ee0463,fUST,8.1e-05,13,1,-220298.60067989,demand,2026-08-27T15:47:02.084613+00:00
77c78d47-3101-4096-954d-0595c9ee0463,fUST,0.00015356,2,1,163.39869281,offer,2026-08-27T15:47:02.084613+00:00
77c78d47-3101-4096-954d-0595c9ee0463,fUST,0.0001545624864,2,1,4078.970234,offer,2026-08-27T15:47:02.084613+00:00
77c78d47-3101-4096-954d-0595c9ee0463,fUST,0.00016117,5,1,355.0,offer,2026-08-27T15:47:02.084613+00:00
77c78d47-3101-4096-954d-0595c9ee0463,fUST,0.00016118,2,2,542.47318281,offer,2026-08-27T15:47:02.084613+00:00
77c78d47-3101-4096-954d-0595c9ee0463,fUST,0.00016165,2,1,174.78628377,offer,2026-08-27T15:47:02.084613+00:00
77c78d47-3101-4096-954d-0595c9ee0463,fUST,0.00016279506506849316,2,3,561.23442165,offer,2026-08-27T15:47:02.084613+00:00
77c78d47-3101-4096-954d-0595c9ee0463,fUST,0.00016282305479452055,2,1,441.19938184,offer,2026-08-27T15:47:02.084613+00:00
77c78d47-3101-4096-954d-0595c9ee0463,fUST,0.0001628485,2,9,4912.56813525,offer,2026-08-27T15:47:02.084613+00:00
77c78d47-3101-4096-954d-0595c9ee0463,fUST,0.00016291211301369863,2,2,306.04241807,offer,2026-08-27T15:47:02.084613+00:00
77c78d47-3101-4096-954d-0595c9ee0463,fUST,0.00016391,5,1,355.0,offer,2026-08-27T15:47:02.084613+00:00
77c78d47-3101-4096-954d-0595c9ee0463,fUST,0.00016416,3,4,1746.44,offer,2026-08-27T15:47:02.084613+00:00
77c78d47-3101-4096-954d-0595c9ee0463,fUST,0.00016423,2,1,500.0,offer,2026-08-27T15:47:02.084613+00:00
77c78d47-3101-4096-954d-0595c9ee0463,fUST,0.00016424,2,36,17143.88064608,offer,2026-08-27T15:47:02.084613+00:00
77c78d47-3101-4096-954d-0595c9ee0463,fUST,0.00016425,2,2,7268.28946286,offer,2026-08-27T15:47:02.084613+00:00
77c78d47-3101-4096-954d-0595c9ee0463,fUST,0.00016426,2,28,486000.66475386,offer,2026-08-27T15:47:02.084613+00:00
77c78d47-3101-4096-954d-0595c9ee0463,fUST,0.00016428,2,1,586.69,offer,2026-08-27T15:47:02.084613+00:00
77c78d47-3101-4096-954d-0595c9ee0463,fUST,0.00016437,2,4,2000.0,offer,2026-08-27T15:47:02.084613+00:00
77c78d47-3101-4096-954d-0595c9ee0463,fUST,0.00016438,2,16,7895.71988875,offer,2026-08-27T15:47:02.084613+00:00
77c78d47-3101-4096-954d-0595c9ee0463,fUST,0.00016438082191780822,2,1,500.0,offer,2026-08-27T15:47:02.084613+00:00
77c78d47-3101-4096-954d-0595c9ee0463,fUST,0.00016439,2,7,14321.72520843,offer,2026-08-27T15:47:02.084613+00:00
77c78d47-3101-4096-954d-0595c9ee0463,fUST,0.0001643901,2,1,1111.87,offer,2026-08-27T15:47:02.084613+00:00
77c78d47-3101-4096-954d-0595c9ee0463,fUST,0.0001644,2,1,222.49331887,offer,2026-08-27T15:47:02.084613+00:00
77c78d47-3101-4096-954d-0595c9ee0463,fUST,0.0001661,2,1,300.0,offer,2026-08-27T15:47:02.084613+00:00
77c78d47-3101-4096-954d-0595c9ee0463,fUST,0.00016665,5,1,355.0,offer,2026-08-27T15:47:02.084613+00:00
77c78d47-3101-4096-954d-0595c9ee0463,fUST,0.000167,2,1,151.0,offer,2026-08-27T15:47:02.084613+00:00
94d91b36-feea-405a-abc4-a026c23bb563,fUST,0.0002671232876712329,120,1,-2969589.68911567,demand,2026-08-27T16:47:02.232810+00:00
94d91b36-feea-405a-abc4-a026c23bb563,fUST,0.000247980821,120,1,-63393.34527943,demand,2026-08-27T16:47:02.232810+00:00
94d91b36-feea-405a-abc4-a026c23bb563,fUST,0.00023403013698630138,120,1,-3915627.67368272,demand,2026-08-27T16:47:02.232810+00:00
94d91b36-feea-405a-abc4-a026c23bb563,fUST,0.00016,120,1,-2000.0,demand,2026-08-27T16:47:02.232810+00:00
94d91b36-feea-405a-abc4-a026c23bb563,fUST,0.00016,60,18,-402490.8297215,demand,2026-08-27T16:47:02.232810+00:00
94d91b36-feea-405a-abc4-a026c23bb563,fUST,0.00015,90,1,-2000.0,demand,2026-08-27T16:47:02.232810+00:00
94d91b36-feea-405a-abc4-a026c23bb563,fUST,0.00015,120,1,-300000.0,demand,2026-08-27T16:47:02.232810+00:00
94d91b36-feea-405a-abc4-a026c23bb563,fUST,0.00015,45,3,-13845.272985,demand,2026-08-27T16:47:02.232810+00:00
94d91b36-feea-405a-abc4-a026c23bb563,fUST,0.00015,60,1,-28000.0,demand,2026-08-27T16:47:02.232810+00:00
94d91b36-feea-405a-abc4-a026c23bb563,fUST,0.0001421,45,9,-80000.0,demand,2026-08-27T16:47:02.232810+00:00
94d91b36-feea-405a-abc4-a026c23bb563,fUST,0.000142,45,2,-20000.0,demand,2026-08-27T16:47:02.232810+00:00
94d91b36-feea-405a-abc4-a026c23bb563,fUST,0.0001401,30,11,-147973.68632078,demand,2026-08-27T16:47:02.232810+00:00
94d91b36-feea-405a-abc4-a026c23bb563,fUST,0.00014000000000000001,30,1,-28000.0,demand,2026-08-27T16:47:02.232810+00:00
94d91b36-feea-405a-abc4-a026c23bb563,fUST,0.000138,20,6,-50000.0,demand,2026-08-27T16:47:02.232810+00:00
94d91b36-feea-405a-abc4-a026c23bb563,fUST,0.000136,30,3,-19544.22120933,demand,2026-08-27T16:47:02.232810+00:00
94d91b36-feea-405a-abc4-a026c23bb563,fUST,0.000128,30,3,-30000.0,demand,2026-08-27T16:47:02.232810+00:00
94d91b36-feea-405a-abc4-a026c23bb563,fUST,0.000125,14,3,-77619.82366474,demand,2026-08-27T16:47:02.232810+00:00
94d91b36-feea-405a-abc4-a026c23bb563,fUST,0.0001225,59,1,-95000.0,demand,2026-08-27T16:47:02.232810+00:00
94d91b36-feea-405a-abc4-a026c23bb563,fUST,0.0001222,29,1,-194504.86890568,demand,2026-08-27T16:47:02.232810+00:00
94d91b36-feea-405a-abc4-a026c23bb563,fUST,0.0001202,19,1,-184532.71737778,demand,2026-08-27T16:47:02.232810+00:00
94d91b36-feea-405a-abc4-a026c23bb563,fUST,0.00012,120,1,-30000.0,demand,2026-08-27T16:47:02.232810+00:00
94d91b36-feea-405a-abc4-a026c23bb563,fUST,0.00011011,2,1,-1966721.7959893,demand,2026-08-27T16:47:02.232810+00:00
94d91b36-feea-405a-abc4-a026c23bb563,fUST,0.0001101,2,3,-4366829.49373192,demand,2026-08-27T16:47:02.232810+00:00
94d91b36-feea-405a-abc4-a026c23bb563,fUST,0.000101,120,1,-293300.0,demand,2026-08-27T16:47:02.232810+00:00
94d91b36-feea-405a-abc4-a026c23bb563,fUST,8.1e-05,13,1,-220298.60067989,demand,2026-08-27T16:47:02.232810+00:00
94d91b36-feea-405a-abc4-a026c23bb563,fUST,0.00015619,2,1,1606.22992596,offer,2026-08-27T16:47:02.232810+00:00
94d91b36-feea-405a-abc4-a026c23bb563,fUST,0.000156986301369863,3,1,159.0,offer,2026-08-27T16:47:02.232810+00:00
94d91b36-feea-405a-abc4-a026c23bb563,fUST,0.0001626,7,1,469.56786978,offer,2026-08-27T16:47:02.232810+00:00
94d91b36-feea-405a-abc4-a026c23bb563,fUST,0.00016282814383561644,2,2,359.28610632,offer,2026-08-27T16:47:02.232810+00:00
94d91b36-feea-405a-abc4-a026c23bb563,fUST,0.00016583,2,15,4500.0,offer,2026-08-27T16:47:02.232810+00:00
94d91b36-feea-405a-abc4-a026c23bb563,fUST,0.00016584,2,1,600.0,offer,2026-08-27T16:47:02.232810+00:00
94d91b36-feea-405a-abc4-a026c23bb563,fUST,0.000165852,7,1,469.56786978,offer,2026-08-27T16:47:02.232810+00:00
94d91b36-feea-405a-abc4-a026c23bb563,fUST,0.00017073000000000001,7,1,469.56786978,offer,2026-08-27T16:47:02.232810+00:00
94d91b36-feea-405a-abc4-a026c23bb563,fUST,0.0001707363698630137,2,2,718.57221264,offer,2026-08-27T16:47:02.232810+00:00
94d91b36-feea-405a-abc4-a026c23bb563,fUST,0.0001750229,2,1,162.95977,offer,2026-08-27T16:47:02.232810+00:00
94d91b36-feea-405a-abc4-a026c23bb563,fUST,0.000175608,7,1,469.56786978,offer,2026-08-27T16:47:02.232810+00:00
94d91b36-feea-405a-abc4-a026c23bb563,fUST,0.000175966,2,1,209.3470373,offer,2026-08-27T16:47:02.232810+00:00
94d91b36-feea-405a-abc4-a026c23bb563,fUST,0.0001760085205479452,2,3,1281.08412505,offer,2026-08-27T16:47:02.232810+00:00
94d91b36-feea-405a-abc4-a026c23bb563,fUST,0.00017952328767123287,2,4,2025.9523777,offer,2026-08-27T16:47:02.232810+00:00
94d91b36-feea-405a-abc4-a026c23bb563,fUST,0.0001816355399665073,2,2,577.15472785,offer,2026-08-27T16:47:02.232810+00:00
94d91b36-feea-405a-abc4-a026c23bb563,fUST,0.000182112,7,1,469.56786978,offer,2026-08-27T16:47:02.232810+00:00
94d91b36-feea-405a-abc4-a026c23bb563,fUST,0.00018243,2,1,720.0,offer,2026-08-27T16:47:02.232810+00:00
94d91b36-feea-405a-abc4-a026c23bb563,fUST,0.00018303805479452054,2,2,1796.43053162,offer,2026-08-27T16:47:02.232810+00:00
94d91b36-feea-405a-abc4-a026c23bb563,fUST,0.000188243,2,3,1389.607,offer,2026-08-27T16:47:02.232810+00:00
94d91b36-feea-405a-abc4-a026c23bb563,fUST,0.00018831020547945205,2,2,2155.71663794,offer,2026-08-27T16:47:02.232810+00:00
94d91b36-feea-405a-abc4-a026c23bb563,fUST,0.00019557,2,1,1000.0,offer,2026-08-27T16:47:02.232810+00:00
94d91b36-feea-405a-abc4-a026c23bb563,fUST,0.0001962184315068493,2,2,2515.00274426,offer,2026-08-27T16:47:02.232810+00:00
94d91b36-feea-405a-abc4-a026c23bb563,fUST,0.0001976986301369863,4,2,500.0,offer,2026-08-27T16:47:02.232810+00:00
94d91b36-feea-405a-abc4-a026c23bb563,fUST,0.000197705138,3,1,160.0,offer,2026-08-27T16:47:02.232810+00:00
94d91b36-feea-405a-abc4-a026c23bb563,fUST,0.00019791,2,1,1000.0,offer,2026-08-27T16:47:02.232810+00:00
b3842016-2725-437b-b441-ce41ad92ccda,fUST,0.0002671232876712329,120,1,-2967781.14583562,demand,2026-08-27T17:47:02.409279+00:00
b3842016-2725-437b-b441-ce41ad92ccda,fUST,0.000247980821,120,1,-63393.34527943,demand,2026-08-27T17:47:02.409279+00:00
b3842016-2725-437b-b441-ce41ad92ccda,fUST,0.0002351835616438356,120,1,-3915627.67368272,demand,2026-08-27T17:47:02.409279+00:00
b3842016-2725-437b-b441-ce41ad92ccda,fUST,0.00016,120,1,-2000.0,demand,2026-08-27T17:47:02.409279+00:00
b3842016-2725-437b-b441-ce41ad92ccda,fUST,0.00016,60,18,-402490.8297215,demand,2026-08-27T17:47:02.409279+00:00
b3842016-2725-437b-b441-ce41ad92ccda,fUST,0.00015,90,1,-2000.0,demand,2026-08-27T17:47:02.409279+00:00
b3842016-2725-437b-b441-ce41ad92ccda,fUST,0.00015,120,1,-300000.0,demand,2026-08-27T17:47:02.409279+00:00
b3842016-2725-437b-b441-ce41ad92ccda,fUST,0.00015,45,3,-13845.272985,demand,2026-08-27T17:47:02.409279+00:00
b3842016-2725-437b-b441-ce41ad92ccda,fUST,0.00015,60,1,-28000.0,demand,2026-08-27T17:47:02.409279+00:00
b3842016-2725-437b-b441-ce41ad92ccda,fUST,0.0001421,45,9,-80000.0,demand,2026-08-27T17:47:02.409279+00:00
b3842016-2725-437b-b441-ce41ad92ccda,fUST,0.000142,45,2,-20000.0,demand,2026-08-27T17:47:02.409279+00:00
b3842016-2725-437b-b441-ce41ad92ccda,fUST,0.0001401,30,11,-147973.68632078,demand,2026-08-27T17:47:02.409279+00:00
b3842016-2725-437b-b441-ce41ad92ccda,fUST,0.00014000000000000001,30,1,-28000.0,demand,2026-08-27T17:47:02.409279+00:00
b3842016-2725-437b-b441-ce41ad92ccda,fUST,0.000138,20,6,-50000.0,demand,2026-08-27T17:47:02.409279+00:00
b3842016-2725-437b-b441-ce41ad92ccda,fUST,0.000136,30,3,-19544.22120933,demand,2026-08-27T17:47:02.409279+00:00
b3842016-2725-437b-b441-ce41ad92ccda,fUST,0.000128,30,3,-30000.0,demand,2026-08-27T17:47:02.409279+00:00
b3842016-2725-437b-b441-ce41ad92ccda,fUST,0.000125,14,3,-77619.82366474,demand,2026-08-27T17:47:02.409279+00:00
b3842016-2725-437b-b441-ce41ad92ccda,fUST,0.0001225,59,1,-95000.0,demand,2026-08-27T17:47:02.409279+00:00
b3842016-2725-437b-b441-ce41ad92ccda,fUST,0.0001222,29,1,-194504.86890568,demand,2026-08-27T17:47:02.409279+00:00
b3842016-2725-437b-b441-ce41ad92ccda,fUST,0.0001202,19,1,-184532.71737778,demand,2026-08-27T17:47:02.409279+00:00
b3842016-2725-437b-b441-ce41ad92ccda,fUST,0.00012,120,1,-30000.0,demand,2026-08-27T17:47:02.409279+00:00
b3842016-2725-437b-b441-ce41ad92ccda,fUST,0.00011011,2,1,-1964013.59106883,demand,2026-08-27T17:47:02.409279+00:00
b3842016-2725-437b-b441-ce41ad92ccda,fUST,0.0001101,2,3,-4366829.49373192,demand,2026-08-27T17:47:02.409279+00:00
b3842016-2725-437b-b441-ce41ad92ccda,fUST,0.000101,120,1,-293300.0,demand,2026-08-27T17:47:02.409279+00:00
b3842016-2725-437b-b441-ce41ad92ccda,fUST,8.1e-05,13,1,-220298.60067989,demand,2026-08-27T17:47:02.409279+00:00
b3842016-2725-437b-b441-ce41ad92ccda,fUST,0.00011699,2,43,20588.86655501,offer,2026-08-27T17:47:02.409279+00:00
b3842016-2725-437b-b441-ce41ad92ccda,fUST,0.000117,2,30,332886.54379847,offer,2026-08-27T17:47:02.409279+00:00
b3842016-2725-437b-b441-ce41ad92ccda,fUST,0.00011933,2,16,6008.0667955,offer,2026-08-27T17:47:02.409279+00:00
b3842016-2725-437b-b441-ce41ad92ccda,fUST,0.00012171,2,1,600.0,offer,2026-08-27T17:47:02.409279+00:00
b3842016-2725-437b-b441-ce41ad92ccda,fUST,0.0001232876712328767,2,9,3778.36,offer,2026-08-27T17:47:02.409279+00:00
b3842016-2725-437b-b441-ce41ad92ccda,fUST,0.0001323287671232877,14,1,309.11984456,offer,2026-08-27T17:47:02.409279+00:00
b3842016-2725-437b-b441-ce41ad92ccda,fUST,0.00013388,2,1,720.0,offer,2026-08-27T17:47:02.409279+00:00
b3842016-2725-437b-b441-ce41ad92ccda,fUST,0.00013698,2,1,248.72809739,offer,2026-08-27T17:47:02.409279+00:00
b3842016-2725-437b-b441-ce41ad92ccda,fUST,0.000136986301369863,2,8,1819.410596,offer,2026-08-27T17:47:02.409279+00:00
b3842016-2725-437b-b441-ce41ad92ccda,fUST,0.00013994014175666702,2,1,619.06193596,offer,2026-08-27T17:47:02.409279+00:00
b3842016-2725-437b-b441-ce41ad92ccda,fUST,0.00014191,2,6,1470.313976,offer,2026-08-27T17:47:02.409279+00:00
b3842016-2725-437b-b441-ce41ad92ccda,fUST,0.0001419130944,2,1,3000.0,offer,2026-08-27T17:47:02.409279+00:00
b3842016-2725-437b-b441-ce41ad92ccda,fUST,0.00014726,2,1,864.0,offer,2026-08-27T17:47:02.409279+00:00
b3842016-2725-437b-b441-ce41ad92ccda,fUST,0.00014955,7,2,1240.3984528,offer,2026-08-27T17:47:02.409279+00:00
b3842016-2725-437b-b441-ce41ad92ccda,fUST,0.00015068493150684933,2,1,182.253666,offer,2026-08-27T17:47:02.409279+00:00
b3842016-2725-437b-b441-ce41ad92ccda,fUST,0.00015106,7,1,154.0,offer,2026-08-27T17:47:02.409279+00:00
b3842016-2725-437b-b441-ce41ad92ccda,fUST,0.00015254100000000002,7,1,1079.448931,offer,2026-08-27T17:47:02.409279+00:00
b3842016-2725-437b-b441-ce41ad92ccda,fUST,0.00015408120000000002,7,1,154.0,offer,2026-08-27T17:47:02.409279+00:00
b3842016-2725-437b-b441-ce41ad92ccda,fUST,0.0001553778558,2,1,419.079382,offer,2026-08-27T17:47:02.409279+00:00
b3842016-2725-437b-b441-ce41ad92ccda,fUST,0.00015702750000000002,7,1,1079.448931,offer,2026-08-27T17:47:02.409279+00:00
b3842016-2725-437b-b441-ce41ad92ccda,fUST,0.00015861300000000002,7,1,154.0,offer,2026-08-27T17:47:02.409279+00:00
b3842016-2725-437b-b441-ce41ad92ccda,fUST,0.00016151400000000003,7,1,1079.448931,offer,2026-08-27T17:47:02.409279+00:00
b3842016-2725-437b-b441-ce41ad92ccda,fUST,0.00016191867771780821,2,1,419.079382,offer,2026-08-27T17:47:02.409279+00:00
b3842016-2725-437b-b441-ce41ad92ccda,fUST,0.00016199,2,1,1000.0,offer,2026-08-27T17:47:02.409279+00:00
b3842016-2725-437b-b441-ce41ad92ccda,fUST,0.00016314480000000002,7,1,154.0,offer,2026-08-27T17:47:02.409279+00:00
53c094c1-e087-47f3-a6a9-512d977c404e,fUST,0.0002671232876712329,120,1,-2967781.14583562,demand,2026-08-27T18:47:02.461175+00:00
53c094c1-e087-47f3-a6a9-512d977c404e,fUST,0.000247980821,120,1,-63393.34527943,demand,2026-08-27T18:47:02.461175+00:00
53c094c1-e087-47f3-a6a9-512d977c404e,fUST,0.00023479178082191782,120,1,-3915627.67368272,demand,2026-08-27T18:47:02.461175+00:00
53c094c1-e087-47f3-a6a9-512d977c404e,fUST,0.00016,120,1,-2000.0,demand,2026-08-27T18:47:02.461175+00:00
53c094c1-e087-47f3-a6a9-512d977c404e,fUST,0.00016,60,18,-402490.8297215,demand,2026-08-27T18:47:02.461175+00:00
53c094c1-e087-47f3-a6a9-512d977c404e,fUST,0.00015,90,1,-2000.0,demand,2026-08-27T18:47:02.461175+00:00
53c094c1-e087-47f3-a6a9-512d977c404e,fUST,0.00015,120,1,-300000.0,demand,2026-08-27T18:47:02.461175+00:00
53c094c1-e087-47f3-a6a9-512d977c404e,fUST,0.00015,45,3,-13845.272985,demand,2026-08-27T18:47:02.461175+00:00
53c094c1-e087-47f3-a6a9-512d977c404e,fUST,0.00015,60,1,-28000.0,demand,2026-08-27T18:47:02.461175+00:00
53c094c1-e087-47f3-a6a9-512d977c404e,fUST,0.0001421,45,9,-80000.0,demand,2026-08-27T18:47:02.461175+00:00
53c094c1-e087-47f3-a6a9-512d977c404e,fUST,0.000142,45,2,-20000.0,demand,2026-08-27T18:47:02.461175+00:00
53c094c1-e087-47f3-a6a9-512d977c404e,fUST,0.0001401,30,11,-147973.68632078,demand,2026-08-27T18:47:02.461175+00:00
53c094c1-e087-47f3-a6a9-512d977c404e,fUST,0.00014000000000000001,30,1,-28000.0,demand,2026-08-27T18:47:02.461175+00:00
53c094c1-e087-47f3-a6a9-512d977c404e,fUST,0.000138,20,6,-50000.0,demand,2026-08-27T18:47:02.461175+00:00
53c094c1-e087-47f3-a6a9-512d977c404e,fUST,0.000136,30,3,-19544.22120933,demand,2026-08-27T18:47:02.461175+00:00
53c094c1-e087-47f3-a6a9-512d977c404e,fUST,0.000128,30,3,-30000.0,demand,2026-08-27T18:47:02.461175+00:00
53c094c1-e087-47f3-a6a9-512d977c404e,fUST,0.000125,14,3,-77619.82366474,demand,2026-08-27T18:47:02.461175+00:00
53c094c1-e087-47f3-a6a9-512d977c404e,fUST,0.0001225,59,1,-95000.0,demand,2026-08-27T18:47:02.461175+00:00
53c094c1-e087-47f3-a6a9-512d977c404e,fUST,0.0001222,29,1,-194504.86890568,demand,2026-08-27T18:47:02.461175+00:00
53c094c1-e087-47f3-a6a9-512d977c404e,fUST,0.0001202,19,1,-184532.71737778,demand,2026-08-27T18:47:02.461175+00:00
53c094c1-e087-47f3-a6a9-512d977c404e,fUST,0.00012,120,1,-30000.0,demand,2026-08-27T18:47:02.461175+00:00
53c094c1-e087-47f3-a6a9-512d977c404e,fUST,0.00011011,2,1,-1961719.20502483,demand,2026-08-27T18:47:02.461175+00:00
53c094c1-e087-47f3-a6a9-512d977c404e,fUST,0.0001101,2,3,-4366829.49373192,demand,2026-08-27T18:47:02.461175+00:00
53c094c1-e087-47f3-a6a9-512d977c404e,fUST,0.000101,120,1,-293300.0,demand,2026-08-27T18:47:02.461175+00:00
53c094c1-e087-47f3-a6a9-512d977c404e,fUST,8.1e-05,13,1,-220298.60067989,demand,2026-08-27T18:47:02.461175+00:00
53c094c1-e087-47f3-a6a9-512d977c404e,fUST,0.00013022,2,1,204.77665892,offer,2026-08-27T18:47:02.461175+00:00
53c094c1-e087-47f3-a6a9-512d977c404e,fUST,0.0001328706,2,1,151.0,offer,2026-08-27T18:47:02.461175+00:00
53c094c1-e087-47f3-a6a9-512d977c404e,fUST,0.00013698,2,1,500.0,offer,2026-08-27T18:47:02.461175+00:00
53c094c1-e087-47f3-a6a9-512d977c404e,fUST,0.00014022,2,1,190.18055518,offer,2026-08-27T18:47:02.461175+00:00
53c094c1-e087-47f3-a6a9-512d977c404e,fUST,0.0001420632,2,1,151.0,offer,2026-08-27T18:47:02.461175+00:00
53c094c1-e087-47f3-a6a9-512d977c404e,fUST,0.00015013,5,1,355.0,offer,2026-08-27T18:47:02.461175+00:00
53c094c1-e087-47f3-a6a9-512d977c404e,fUST,0.00015287,5,1,355.0,offer,2026-08-27T18:47:02.461175+00:00
53c094c1-e087-47f3-a6a9-512d977c404e,fUST,0.00015561,5,1,355.0,offer,2026-08-27T18:47:02.461175+00:00
53c094c1-e087-47f3-a6a9-512d977c404e,fUST,0.000156986301369863,3,1,166.0,offer,2026-08-27T18:47:02.461175+00:00
53c094c1-e087-47f3-a6a9-512d977c404e,fUST,0.00015835,5,1,355.0,offer,2026-08-27T18:47:02.461175+00:00
53c094c1-e087-47f3-a6a9-512d977c404e,fUST,0.0001652467,2,1,185.249418,offer,2026-08-27T18:47:02.461175+00:00
53c094c1-e087-47f3-a6a9-512d977c404e,fUST,0.0001662467,2,2,9464.8675358,offer,2026-08-27T18:47:02.461175+00:00
53c094c1-e087-47f3-a6a9-512d977c404e,fUST,0.0001668479,2,1,414.538368,offer,2026-08-27T18:47:02.461175+00:00
53c094c1-e087-47f3-a6a9-512d977c404e,fUST,0.0001714,2,1,324.76,offer,2026-08-27T18:47:02.461175+00:00
53c094c1-e087-47f3-a6a9-512d977c404e,fUST,0.0001824568,2,1,223.1794164,offer,2026-08-27T18:47:02.461175+00:00
53c094c1-e087-47f3-a6a9-512d977c404e,fUST,0.00018245753424657533,2,1,8262.84781961,offer,2026-08-27T18:47:02.461175+00:00
53c094c1-e087-47f3-a6a9-512d977c404e,fUST,0.0001837464,2,1,348.73,offer,2026-08-27T18:47:02.461175+00:00
53c094c1-e087-47f3-a6a9-512d977c404e,fUST,0.0001845693,2,1,684.6338161,offer,2026-08-27T18:47:02.461175+00:00
53c094c1-e087-47f3-a6a9-512d977c404e,fUST,0.00018944,2,1,158.31,offer,2026-08-27T18:47:02.461175+00:00
53c094c1-e087-47f3-a6a9-512d977c404e,fUST,0.0001928842,2,1,249.69901834,offer,2026-08-27T18:47:02.461175+00:00
53c094c1-e087-47f3-a6a9-512d977c404e,fUST,0.00019289,3,1,452.72,offer,2026-08-27T18:47:02.461175+00:00
53c094c1-e087-47f3-a6a9-512d977c404e,fUST,0.00019298,2,12,5548.54007018,offer,2026-08-27T18:47:02.461175+00:00
53c094c1-e087-47f3-a6a9-512d977c404e,fUST,0.0001929890410958904,2,1,500.0,offer,2026-08-27T18:47:02.461175+00:00
53c094c1-e087-47f3-a6a9-512d977c404e,fUST,0.00019299,2,23,334269.45370673,offer,2026-08-27T18:47:02.461175+00:00
53c094c1-e087-47f3-a6a9-512d977c404e,fUST,0.000193,2,10,872191.02334833,offer,2026-08-27T18:47:02.461175+00:00
93c93b83-9ef5-4ce7-adac-3824a7122749,fUST,0.0002671232876712329,120,1,-2967781.14583562,demand,2026-08-27T19:47:02.161982+00:00
93c93b83-9ef5-4ce7-adac-3824a7122749,fUST,0.000247980821,120,1,-63393.34527943,demand,2026-08-27T19:47:02.161982+00:00
93c93b83-9ef5-4ce7-adac-3824a7122749,fUST,0.0002348027397260274,120,1,-3915627.67368272,demand,2026-08-27T19:47:02.161982+00:00
93c93b83-9ef5-4ce7-adac-3824a7122749,fUST,0.00016,120,1,-2000.0,demand,2026-08-27T19:47:02.161982+00:00
93c93b83-9ef5-4ce7-adac-3824a7122749,fUST,0.00016,60,18,-402490.8297215,demand,2026-08-27T19:47:02.161982+00:00
93c93b83-9ef5-4ce7-adac-3824a7122749,fUST,0.00015,90,1,-2000.0,demand,2026-08-27T19:47:02.161982+00:00
93c93b83-9ef5-4ce7-adac-3824a7122749,fUST,0.00015,120,1,-300000.0,demand,2026-08-27T19:47:02.161982+00:00
93c93b83-9ef5-4ce7-adac-3824a7122749,fUST,0.00015,45,3,-13845.272985,demand,2026-08-27T19:47:02.161982+00:00
93c93b83-9ef5-4ce7-adac-3824a7122749,fUST,0.00015,60,1,-28000.0,demand,2026-08-27T19:47:02.161982+00:00
93c93b83-9ef5-4ce7-adac-3824a7122749,fUST,0.0001421,45,9,-80000.0,demand,2026-08-27T19:47:02.161982+00:00
93c93b83-9ef5-4ce7-adac-3824a7122749,fUST,0.000142,45,2,-20000.0,demand,2026-08-27T19:47:02.161982+00:00
93c93b83-9ef5-4ce7-adac-3824a7122749,fUST,0.0001401,30,11,-147973.68632078,demand,2026-08-27T19:47:02.161982+00:00
93c93b83-9ef5-4ce7-adac-3824a7122749,fUST,0.00014000000000000001,30,1,-28000.0,demand,2026-08-27T19:47:02.161982+00:00
93c93b83-9ef5-4ce7-adac-3824a7122749,fUST,0.000138,20,6,-50000.0,demand,2026-08-27T19:47:02.161982+00:00
93c93b83-9ef5-4ce7-adac-3824a7122749,fUST,0.000136,30,3,-19544.22120933,demand,2026-08-27T19:47:02.161982+00:00
93c93b83-9ef5-4ce7-adac-3824a7122749,fUST,0.000128,30,3,-30000.0,demand,2026-08-27T19:47:02.161982+00:00
93c93b83-9ef5-4ce7-adac-3824a7122749,fUST,0.000125,14,3,-77619.82366474,demand,2026-08-27T19:47:02.161982+00:00
93c93b83-9ef5-4ce7-adac-3824a7122749,fUST,0.0001225,59,1,-95000.0,demand,2026-08-27T19:47:02.161982+00:00
93c93b83-9ef5-4ce7-adac-3824a7122749,fUST,0.0001222,29,1,-194504.86890568,demand,2026-08-27T19:47:02.161982+00:00
93c93b83-9ef5-4ce7-adac-3824a7122749,fUST,0.0001202,19,1,-184532.71737778,demand,2026-08-27T19:47:02.161982+00:00
93c93b83-9ef5-4ce7-adac-3824a7122749,fUST,0.00012,120,1,-30000.0,demand,2026-08-27T19:47:02.161982+00:00
93c93b83-9ef5-4ce7-adac-3824a7122749,fUST,0.00011011,2,1,-1961719.20502483,demand,2026-08-27T19:47:02.161982+00:00
93c93b83-9ef5-4ce7-adac-3824a7122749,fUST,0.0001101,2,3,-4366829.49373192,demand,2026-08-27T19:47:02.161982+00:00
93c93b83-9ef5-4ce7-adac-3824a7122749,fUST,0.000101,120,1,-293300.0,demand,2026-08-27T19:47:02.161982+00:00
93c93b83-9ef5-4ce7-adac-3824a7122749,fUST,8.1e-05,13,1,-220298.60067989,demand,2026-08-27T19:47:02.161982+00:00
93c93b83-9ef5-4ce7-adac-3824a7122749,fUST,0.0001275,7,1,299.3994762,offer,2026-08-27T19:47:02.161982+00:00
93c93b83-9ef5-4ce7-adac-3824a7122749,fUST,0.000135,7,1,449.09921431,offer,2026-08-27T19:47:02.161982+00:00
93c93b83-9ef5-4ce7-adac-3824a7122749,fUST,0.000150485,2,1,298.490887,offer,2026-08-27T19:47:02.161982+00:00
93c93b83-9ef5-4ce7-adac-3824a7122749,fUST,0.00016039,3,1,474.8,offer,2026-08-27T19:47:02.161982+00:00
93c93b83-9ef5-4ce7-adac-3824a7122749,fUST,0.00016047,2,3,2552.47,offer,2026-08-27T19:47:02.161982+00:00
93c93b83-9ef5-4ce7-adac-3824a7122749,fUST,0.00016047000000000001,2,5,2490.51031546,offer,2026-08-27T19:47:02.161982+00:00
93c93b83-9ef5-4ce7-adac-3824a7122749,fUST,0.00016048,2,34,39240.59,offer,2026-08-27T19:47:02.161982+00:00
93c93b83-9ef5-4ce7-adac-3824a7122749,fUST,0.00016049,2,67,346501.4985529,offer,2026-08-27T19:47:02.161982+00:00
93c93b83-9ef5-4ce7-adac-3824a7122749,fUST,0.0001605,2,1,3000.0,offer,2026-08-27T19:47:02.161982+00:00
93c93b83-9ef5-4ce7-adac-3824a7122749,fUST,0.0001606,2,1,3000.0,offer,2026-08-27T19:47:02.161982+00:00
93c93b83-9ef5-4ce7-adac-3824a7122749,fUST,0.0001607,2,1,3000.0,offer,2026-08-27T19:47:02.161982+00:00
93c93b83-9ef5-4ce7-adac-3824a7122749,fUST,0.0001608,2,1,3000.0,offer,2026-08-27T19:47:02.161982+00:00
93c93b83-9ef5-4ce7-adac-3824a7122749,fUST,0.00016085267338001387,2,1,250.0,offer,2026-08-27T19:47:02.161982+00:00
93c93b83-9ef5-4ce7-adac-3824a7122749,fUST,0.00016087,2,12,13849.95245039,offer,2026-08-27T19:47:02.161982+00:00
93c93b83-9ef5-4ce7-adac-3824a7122749,fUST,0.0001609,2,1,3000.0,offer,2026-08-27T19:47:02.161982+00:00
93c93b83-9ef5-4ce7-adac-3824a7122749,fUST,0.00016098082191780822,2,1,500.0,offer,2026-08-27T19:47:02.161982+00:00
93c93b83-9ef5-4ce7-adac-3824a7122749,fUST,0.000161,2,1,5841.659071,offer,2026-08-27T19:47:02.161982+00:00
93c93b83-9ef5-4ce7-adac-3824a7122749,fUST,0.00016369,2,1,600.0,offer,2026-08-27T19:47:02.161982+00:00
93c93b83-9ef5-4ce7-adac-3824a7122749,fUST,0.0001636998,4,1,2048.29737416,offer,2026-08-27T19:47:02.161982+00:00
93c93b83-9ef5-4ce7-adac-3824a7122749,fUST,0.00016372054794520547,2,1,500.0,offer,2026-08-27T19:47:02.161982+00:00
93c93b83-9ef5-4ce7-adac-3824a7122749,fUST,0.000164,2,1,151.0,offer,2026-08-27T19:47:02.161982+00:00
93c93b83-9ef5-4ce7-adac-3824a7122749,fUST,0.00016646027397260274,2,1,398.08749747,offer,2026-08-27T19:47:02.161982+00:00
93c93b83-9ef5-4ce7-adac-3824a7122749,fUST,0.00016668099,2,1,972.498603,offer,2026-08-27T19:47:02.161982+00:00
93c93b83-9ef5-4ce7-adac-3824a7122749,fUST,0.000167,2,1,151.0,offer,2026-08-27T19:47:02.161982+00:00
93c93b83-9ef5-4ce7-adac-3824a7122749,fUST,0.000169,2,1,12999.855935,offer,2026-08-27T19:47:02.161982+00:00
ba66bfe9-3ecc-4bad-810c-b67501367227,fUST,0.0002671232876712329,120,1,-2965216.65583562,demand,2026-08-27T20:47:02.412961+00:00
ba66bfe9-3ecc-4bad-810c-b67501367227,fUST,0.000247980821,120,1,-63393.34527943,demand,2026-08-27T20:47:02.412961+00:00
ba66bfe9-3ecc-4bad-810c-b67501367227,fUST,0.0002349068493150685,120,1,-3914452.47753514,demand,2026-08-27T20:47:02.412961+00:00
ba66bfe9-3ecc-4bad-810c-b67501367227,fUST,0.00016,120,1,-2000.0,demand,2026-08-27T20:47:02.412961+00:00
ba66bfe9-3ecc-4bad-810c-b67501367227,fUST,0.00016,60,18,-402490.8297215,demand,2026-08-27T20:47:02.412961+00:00
ba66bfe9-3ecc-4bad-810c-b67501367227,fUST,0.00015,90,1,-2000.0,demand,2026-08-27T20:47:02.412961+00:00
ba66bfe9-3ecc-4bad-810c-b67501367227,fUST,0.00015,120,1,-300000.0,demand,2026-08-27T20:47:02.412961+00:00
ba66bfe9-3ecc-4bad-810c-b67501367227,fUST,0.00015,45,3,-13845.272985,demand,2026-08-27T20:47:02.412961+00:00
ba66bfe9-3ecc-4bad-810c-b67501367227,fUST,0.00015,60,1,-28000.0,demand,2026-08-27T20:47:02.412961+00:00
ba66bfe9-3ecc-4bad-810c-b67501367227,fUST,0.0001421,45,9,-80000.0,demand,2026-08-27T20:47:02.412961+00:00
ba66bfe9-3ecc-4bad-810c-b67501367227,fUST,0.000142,45,2,-20000.0,demand,2026-08-27T20:47:02.412961+00:00
ba66bfe9-3ecc-4bad-810c-b67501367227,fUST,0.0001401,30,11,-147973.68632078,demand,2026-08-27T20:47:02.412961+00:00
ba66bfe9-3ecc-4bad-810c-b67501367227,fUST,0.00014000000000000001,30,1,-28000.0,demand,2026-08-27T20:47:02.412961+00:00
ba66bfe9-3ecc-4bad-810c-b67501367227,fUST,0.000138,20,6,-50000.0,demand,2026-08-27T20:47:02.412961+00:00
ba66bfe9-3ecc-4bad-810c-b67501367227,fUST,0.000136,30,3,-19544.22120933,demand,2026-08-27T20:47:02.412961+00:00
ba66bfe9-3ecc-4bad-810c-b67501367227,fUST,0.000128,30,3,-30000.0,demand,2026-08-27T20:47:02.412961+00:00
ba66bfe9-3ecc-4bad-810c-b67501367227,fUST,0.000125,14,3,-77619.82366474,demand,2026-08-27T20:47:02.412961+00:00
ba66bfe9-3ecc-4bad-810c-b67501367227,fUST,0.0001225,59,1,-95000.0,demand,2026-08-27T20:47:02.412961+00:00
ba66bfe9-3ecc-4bad-810c-b67501367227,fUST,0.0001222,29,1,-194504.86890568,demand,2026-08-27T20:47:02.412961+00:00
ba66bfe9-3ecc-4bad-810c-b67501367227,fUST,0.0001202,19,1,-184532.71737778,demand,2026-08-27T20:47:02.412961+00:00
ba66bfe9-3ecc-4bad-810c-b67501367227,fUST,0.00012,120,1,-30000.0,demand,2026-08-27T20:47:02.412961+00:00
ba66bfe9-3ecc-4bad-810c-b67501367227,fUST,0.0001103,2,1,-49052.21919113,demand,2026-08-27T20:47:02.412961+00:00
ba66bfe9-3ecc-4bad-810c-b67501367227,fUST,0.00011011,2,1,-1961719.20502483,demand,2026-08-27T20:47:02.412961+00:00
ba66bfe9-3ecc-4bad-810c-b67501367227,fUST,0.0001101,2,3,-4366829.49373192,demand,2026-08-27T20:47:02.412961+00:00
ba66bfe9-3ecc-4bad-810c-b67501367227,fUST,0.000101,120,1,-293300.0,demand,2026-08-27T20:47:02.412961+00:00
ba66bfe9-3ecc-4bad-810c-b67501367227,fUST,0.00012418410265937495,2,1,5892.02739658,offer,2026-08-27T20:47:02.412961+00:00
ba66bfe9-3ecc-4bad-810c-b67501367227,fUST,0.00014484222499999998,7,2,2699.76951024,offer,2026-08-27T20:47:02.412961+00:00
ba66bfe9-3ecc-4bad-810c-b67501367227,fUST,0.0001472572,2,1,219.145162,offer,2026-08-27T20:47:02.412961+00:00
ba66bfe9-3ecc-4bad-810c-b67501367227,fUST,0.0001474443936,2,1,826.6498665,offer,2026-08-27T20:47:02.412961+00:00
ba66bfe9-3ecc-4bad-810c-b67501367227,fUST,0.00014773906949999997,7,2,2787.914465,offer,2026-08-27T20:47:02.412961+00:00
ba66bfe9-3ecc-4bad-810c-b67501367227,fUST,0.00015208433625,7,1,2534.79235356,offer,2026-08-27T20:47:02.412961+00:00
ba66bfe9-3ecc-4bad-810c-b67501367227,fUST,0.00015295342468,2,1,333.3669513,offer,2026-08-27T20:47:02.412961+00:00
ba66bfe9-3ecc-4bad-810c-b67501367227,fUST,0.0001529705833333333,2,1,197.15607829,offer,2026-08-27T20:47:02.412961+00:00
ba66bfe9-3ecc-4bad-810c-b67501367227,fUST,0.00015334794523,2,1,151.0,offer,2026-08-27T20:47:02.412961+00:00
ba66bfe9-3ecc-4bad-810c-b67501367227,fUST,0.00015642960299999998,7,2,2914.47552076,offer,2026-08-27T20:47:02.412961+00:00
ba66bfe9-3ecc-4bad-810c-b67501367227,fUST,0.00015643,2,2,302.0,offer,2026-08-27T20:47:02.412961+00:00
ba66bfe9-3ecc-4bad-810c-b67501367227,fUST,0.000157645356,2,4,1321.36294931,offer,2026-08-27T20:47:02.412961+00:00
ba66bfe9-3ecc-4bad-810c-b67501367227,fUST,0.00015774,2,15,6284.0022815,offer,2026-08-27T20:47:02.412961+00:00
ba66bfe9-3ecc-4bad-810c-b67501367227,fUST,0.00016038535600000002,2,1,157.98383027,offer,2026-08-27T20:47:02.412961+00:00
ba66bfe9-3ecc-4bad-810c-b67501367227,fUST,0.00016039,2,1,252.33025958,offer,2026-08-27T20:47:02.412961+00:00
ba66bfe9-3ecc-4bad-810c-b67501367227,fUST,0.00016039,3,1,641.76,offer,2026-08-27T20:47:02.412961+00:00
ba66bfe9-3ecc-4bad-810c-b67501367227,fUST,0.000160393706,2,12,2473.58413144,offer,2026-08-27T20:47:02.412961+00:00
ba66bfe9-3ecc-4bad-810c-b67501367227,fUST,0.00016048,2,11,5176.711134,offer,2026-08-27T20:47:02.412961+00:00
ba66bfe9-3ecc-4bad-810c-b67501367227,fUST,0.00016049,7,1,303.74228301,offer,2026-08-27T20:47:02.412961+00:00
ba66bfe9-3ecc-4bad-810c-b67501367227,fUST,0.00016049,2,26,337754.0904292,offer,2026-08-27T20:47:02.412961+00:00
ba66bfe9-3ecc-4bad-810c-b67501367227,fUST,0.0001605,2,1,5841.659071,offer,2026-08-27T20:47:02.412961+00:00
ba66bfe9-3ecc-4bad-810c-b67501367227,fUST,0.00016069041095890412,2,1,500.0,offer,2026-08-27T20:47:02.412961+00:00
ba66bfe9-3ecc-4bad-810c-b67501367227,fUST,0.0001617749874,2,1,972.498603,offer,2026-08-27T20:47:02.412961+00:00
ba66bfe9-3ecc-4bad-810c-b67501367227,fUST,0.000162223292,7,1,2534.79235358,offer,2026-08-27T20:47:02.412961+00:00
ba66bfe9-3ecc-4bad-810c-b67501367227,fUST,0.000163125356,2,2,322.29641632,offer,2026-08-27T20:47:02.412961+00:00
64398dac-35bf-432c-acf8-8dd94aef5223,fUST,0.0002671232876712329,120,1,-2965216.65583562,demand,2026-08-27T21:47:02.071744+00:00
64398dac-35bf-432c-acf8-8dd94aef5223,fUST,0.000247980821,120,1,-63393.34527943,demand,2026-08-27T21:47:02.071744+00:00
64398dac-35bf-432c-acf8-8dd94aef5223,fUST,0.0002346849315068493,120,1,-3914086.46571632,demand,2026-08-27T21:47:02.071744+00:00
64398dac-35bf-432c-acf8-8dd94aef5223,fUST,0.00016,120,1,-2000.0,demand,2026-08-27T21:47:02.071744+00:00
64398dac-35bf-432c-acf8-8dd94aef5223,fUST,0.00016,60,18,-402490.8297215,demand,2026-08-27T21:47:02.071744+00:00
64398dac-35bf-432c-acf8-8dd94aef5223,fUST,0.00015,90,1,-2000.0,demand,2026-08-27T21:47:02.071744+00:00
64398dac-35bf-432c-acf8-8dd94aef5223,fUST,0.00015,120,1,-300000.0,demand,2026-08-27T21:47:02.071744+00:00
64398dac-35bf-432c-acf8-8dd94aef5223,fUST,0.00015,45,3,-13845.272985,demand,2026-08-27T21:47:02.071744+00:00
64398dac-35bf-432c-acf8-8dd94aef5223,fUST,0.00015,60,1,-28000.0,demand,2026-08-27T21:47:02.071744+00:00
64398dac-35bf-432c-acf8-8dd94aef5223,fUST,0.0001421,45,9,-80000.0,demand,2026-08-27T21:47:02.071744+00:00
64398dac-35bf-432c-acf8-8dd94aef5223,fUST,0.000142,45,2,-20000.0,demand,2026-08-27T21:47:02.071744+00:00
64398dac-35bf-432c-acf8-8dd94aef5223,fUST,0.0001401,30,11,-147973.68632078,demand,2026-08-27T21:47:02.071744+00:00
64398dac-35bf-432c-acf8-8dd94aef5223,fUST,0.00014000000000000001,30,1,-28000.0,demand,2026-08-27T21:47:02.071744+00:00
64398dac-35bf-432c-acf8-8dd94aef5223,fUST,0.000138,20,6,-50000.0,demand,2026-08-27T21:47:02.071744+00:00
64398dac-35bf-432c-acf8-8dd94aef5223,fUST,0.000136,30,3,-19544.22120933,demand,2026-08-27T21:47:02.071744+00:00
64398dac-35bf-432c-acf8-8dd94aef5223,fUST,0.000128,30,3,-30000.0,demand,2026-08-27T21:47:02.071744+00:00
64398dac-35bf-432c-acf8-8dd94aef5223,fUST,0.000125,14,3,-77619.82366474,demand,2026-08-27T21:47:02.071744+00:00
64398dac-35bf-432c-acf8-8dd94aef5223,fUST,0.0001225,59,1,-95000.0,demand,2026-08-27T21:47:02.071744+00:00
64398dac-35bf-432c-acf8-8dd94aef5223,fUST,0.0001222,29,1,-194504.86890568,demand,2026-08-27T21:47:02.071744+00:00
64398dac-35bf-432c-acf8-8dd94aef5223,fUST,0.0001202,19,1,-184532.71737778,demand,2026-08-27T21:47:02.071744+00:00
64398dac-35bf-432c-acf8-8dd94aef5223,fUST,0.00012,120,1,-30000.0,demand,2026-08-27T21:47:02.071744+00:00
64398dac-35bf-432c-acf8-8dd94aef5223,fUST,0.0001103,2,1,-49052.21919113,demand,2026-08-27T21:47:02.071744+00:00
64398dac-35bf-432c-acf8-8dd94aef5223,fUST,0.00011011,2,1,-1961719.20502483,demand,2026-08-27T21:47:02.071744+00:00
64398dac-35bf-432c-acf8-8dd94aef5223,fUST,0.0001101,2,3,-4366829.49373192,demand,2026-08-27T21:47:02.071744+00:00
64398dac-35bf-432c-acf8-8dd94aef5223,fUST,0.000101,120,1,-293300.0,demand,2026-08-27T21:47:02.071744+00:00
64398dac-35bf-432c-acf8-8dd94aef5223,fUST,0.00017646,7,1,154.0,offer,2026-08-27T21:47:02.071744+00:00
64398dac-35bf-432c-acf8-8dd94aef5223,fUST,0.000181,7,1,1139.0970472,offer,2026-08-27T21:47:02.071744+00:00
64398dac-35bf-432c-acf8-8dd94aef5223,fUST,0.000181,2,1,1000.0,offer,2026-08-27T21:47:02.071744+00:00
64398dac-35bf-432c-acf8-8dd94aef5223,fUST,0.000181716,2,2,638.0,offer,2026-08-27T21:47:02.071744+00:00
64398dac-35bf-432c-acf8-8dd94aef5223,fUST,0.00018462,7,2,1351.91475058,offer,2026-08-27T21:47:02.071744+00:00
64398dac-35bf-432c-acf8-8dd94aef5223,fUST,0.00018559726028,2,1,524.7308545,offer,2026-08-27T21:47:02.071744+00:00
64398dac-35bf-432c-acf8-8dd94aef5223,fUST,0.000185707425,2,1,2874.0,offer,2026-08-27T21:47:02.071744+00:00
64398dac-35bf-432c-acf8-8dd94aef5223,fUST,0.00018684000000000002,7,3,541.53116902,offer,2026-08-27T21:47:02.071744+00:00
64398dac-35bf-432c-acf8-8dd94aef5223,fUST,0.00019005,7,1,1139.0970472,offer,2026-08-27T21:47:02.071744+00:00
64398dac-35bf-432c-acf8-8dd94aef5223,fUST,0.00019245,2,1,336.984,offer,2026-08-27T21:47:02.071744+00:00
64398dac-35bf-432c-acf8-8dd94aef5223,fUST,0.00019290000000000003,3,3,1203.54,offer,2026-08-27T21:47:02.071744+00:00
64398dac-35bf-432c-acf8-8dd94aef5223,fUST,0.00019299,2,3,17726.94159138,offer,2026-08-27T21:47:02.071744+00:00
64398dac-35bf-432c-acf8-8dd94aef5223,fUST,0.000193,2,8,644511.08648541,offer,2026-08-27T21:47:02.071744+00:00
64398dac-35bf-432c-acf8-8dd94aef5223,fUST,0.0001930001,2,1,1931.64,offer,2026-08-27T21:47:02.071744+00:00
64398dac-35bf-432c-acf8-8dd94aef5223,fUST,0.00019379726028,2,4,1100.586053,offer,2026-08-27T21:47:02.071744+00:00
64398dac-35bf-432c-acf8-8dd94aef5223,fUST,0.00019381095891,2,1,465.8423142,offer,2026-08-27T21:47:02.071744+00:00
64398dac-35bf-432c-acf8-8dd94aef5223,fUST,0.000195,2,1,831924.57627636,offer,2026-08-27T21:47:02.071744+00:00
64398dac-35bf-432c-acf8-8dd94aef5223,fUST,0.00019517,2,1,970.3690117,offer,2026-08-27T21:47:02.071744+00:00
64398dac-35bf-432c-acf8-8dd94aef5223,fUST,0.00019531,2,1,210.9823667,offer,2026-08-27T21:47:02.071744+00:00
64398dac-35bf-432c-acf8-8dd94aef5223,fUST,0.00019536582336290376,2,1,160.0,offer,2026-08-27T21:47:02.071744+00:00
64398dac-35bf-432c-acf8-8dd94aef5223,fUST,0.0001953762808446271,2,1,417.15472785,offer,2026-08-27T21:47:02.071744+00:00
64398dac-35bf-432c-acf8-8dd94aef5223,fUST,0.00019548000000000002,7,2,1458.3236023,offer,2026-08-27T21:47:02.071744+00:00
64398dac-35bf-432c-acf8-8dd94aef5223,fUST,0.000195707425,2,1,2874.0,offer,2026-08-27T21:47:02.071744+00:00
64398dac-35bf-432c-acf8-8dd94aef5223,fUST,0.00019684,2,1,600.0,offer,2026-08-27T21:47:02.071744+00:00
64398dac-35bf-432c-acf8-8dd94aef5223,fUST,0.00019686,4,1,2010.42245841,offer,2026-08-27T21:47:02.071744+00:00
5981f1ca-8301-46f8-a831-b352a1bada99,fUST,0.0002671232876712329,120,1,-2965216.65583562,demand,2026-08-27T22:47:02.121853+00:00
5981f1ca-8301-46f8-a831-b352a1bada99,fUST,0.000247980821,120,1,-63393.34527943,demand,2026-08-27T22:47:02.121853+00:00
5981f1ca-8301-46f8-a831-b352a1bada99,fUST,0.00023493150684931506,120,1,-3913844.3694491,demand,2026-08-27T22:47:02.121853+00:00
5981f1ca-8301-46f8-a831-b352a1bada99,fUST,0.00016,120,1,-2000.0,demand,2026-08-27T22:47:02.121853+00:00
5981f1ca-8301-46f8-a831-b352a1bada99,fUST,0.00016,60,18,-402490.8297215,demand,2026-08-27T22:47:02.121853+00:00
5981f1ca-8301-46f8-a831-b352a1bada99,fUST,0.00015,90,1,-2000.0,demand,2026-08-27T22:47:02.121853+00:00
5981f1ca-8301-46f8-a831-b352a1bada99,fUST,0.00015,120,1,-300000.0,demand,2026-08-27T22:47:02.121853+00:00
5981f1ca-8301-46f8-a831-b352a1bada99,fUST,0.00015,45,3,-13845.272985,demand,2026-08-27T22:47:02.121853+00:00
5981f1ca-8301-46f8-a831-b352a1bada99,fUST,0.00015,60,1,-28000.0,demand,2026-08-27T22:47:02.121853+00:00
5981f1ca-8301-46f8-a831-b352a1bada99,fUST,0.0001421,45,9,-80000.0,demand,2026-08-27T22:47:02.121853+00:00
5981f1ca-8301-46f8-a831-b352a1bada99,fUST,0.000142,45,2,-20000.0,demand,2026-08-27T22:47:02.121853+00:00
5981f1ca-8301-46f8-a831-b352a1bada99,fUST,0.0001401,30,11,-147973.68632078,demand,2026-08-27T22:47:02.121853+00:00
5981f1ca-8301-46f8-a831-b352a1bada99,fUST,0.00014000000000000001,30,1,-28000.0,demand,2026-08-27T22:47:02.121853+00:00
5981f1ca-8301-46f8-a831-b352a1bada99,fUST,0.000138,20,6,-50000.0,demand,2026-08-27T22:47:02.121853+00:00
5981f1ca-8301-46f8-a831-b352a1bada99,fUST,0.000136,30,3,-19544.22120933,demand,2026-08-27T22:47:02.121853+00:00
5981f1ca-8301-46f8-a831-b352a1bada99,fUST,0.000128,30,3,-30000.0,demand,2026-08-27T22:47:02.121853+00:00
5981f1ca-8301-46f8-a831-b352a1bada99,fUST,0.000125,14,3,-77619.82366474,demand,2026-08-27T22:47:02.121853+00:00
5981f1ca-8301-46f8-a831-b352a1bada99,fUST,0.0001225,59,1,-95000.0,demand,2026-08-27T22:47:02.121853+00:00
5981f1ca-8301-46f8-a831-b352a1bada99,fUST,0.0001222,29,1,-194504.86890568,demand,2026-08-27T22:47:02.121853+00:00
5981f1ca-8301-46f8-a831-b352a1bada99,fUST,0.0001202,19,1,-184532.71737778,demand,2026-08-27T22:47:02.121853+00:00
5981f1ca-8301-46f8-a831-b352a1bada99,fUST,0.00012,120,1,-30000.0,demand,2026-08-27T22:47:02.121853+00:00
5981f1ca-8301-46f8-a831-b352a1bada99,fUST,0.0001103,2,1,-35706.93919113,demand,2026-08-27T22:47:02.121853+00:00
5981f1ca-8301-46f8-a831-b352a1bada99,fUST,0.00011011,2,1,-1961719.20502483,demand,2026-08-27T22:47:02.121853+00:00
5981f1ca-8301-46f8-a831-b352a1bada99,fUST,0.0001101,2,3,-4366829.49373192,demand,2026-08-27T22:47:02.121853+00:00
5981f1ca-8301-46f8-a831-b352a1bada99,fUST,0.000101,120,1,-293300.0,demand,2026-08-27T22:47:02.121853+00:00
5981f1ca-8301-46f8-a831-b352a1bada99,fUST,0.000123675,2,1,151.0,offer,2026-08-27T22:47:02.121853+00:00
5981f1ca-8301-46f8-a831-b352a1bada99,fUST,0.0001275,7,3,963.94750159,offer,2026-08-27T22:47:02.121853+00:00
5981f1ca-8301-46f8-a831-b352a1bada99,fUST,0.00013005000000000002,7,2,809.94750158,offer,2026-08-27T22:47:02.121853+00:00
5981f1ca-8301-46f8-a831-b352a1bada99,fUST,0.00013387500000000002,7,2,809.94750158,offer,2026-08-27T22:47:02.121853+00:00
5981f1ca-8301-46f8-a831-b352a1bada99,fUST,0.000135,7,3,540.53116902,offer,2026-08-27T22:47:02.121853+00:00
5981f1ca-8301-46f8-a831-b352a1bada99,fUST,0.0001377,7,2,809.94750158,offer,2026-08-27T22:47:02.121853+00:00
5981f1ca-8301-46f8-a831-b352a1bada99,fUST,0.00014280000000000003,7,2,809.94750163,offer,2026-08-27T22:47:02.121853+00:00
5981f1ca-8301-46f8-a831-b352a1bada99,fUST,0.0001491258,2,1,191.411954,offer,2026-08-27T22:47:02.121853+00:00
5981f1ca-8301-46f8-a831-b352a1bada99,fUST,0.0001493476,2,1,3356.1555579,offer,2026-08-27T22:47:02.121853+00:00
5981f1ca-8301-46f8-a831-b352a1bada99,fUST,0.0001498199,2,1,158.074031,offer,2026-08-27T22:47:02.121853+00:00
5981f1ca-8301-46f8-a831-b352a1bada99,fUST,0.0001511782,2,1,472.4148873,offer,2026-08-27T22:47:02.121853+00:00
5981f1ca-8301-46f8-a831-b352a1bada99,fUST,0.0001635927921,2,1,324.166201,offer,2026-08-27T22:47:02.121853+00:00
5981f1ca-8301-46f8-a831-b352a1bada99,fUST,0.0001653166702582094,2,1,334.85045648,offer,2026-08-27T22:47:02.121853+00:00
5981f1ca-8301-46f8-a831-b352a1bada99,fUST,0.00017047936744246574,2,1,324.166201,offer,2026-08-27T22:47:02.121853+00:00
5981f1ca-8301-46f8-a831-b352a1bada99,fUST,0.00017199999999999998,2,1,269.399193,offer,2026-08-27T22:47:02.121853+00:00
5981f1ca-8301-46f8-a831-b352a1bada99,fUST,0.0001773659427849315,2,1,324.166201,offer,2026-08-27T22:47:02.121853+00:00
5981f1ca-8301-46f8-a831-b352a1bada99,fUST,0.00017988,3,3,1154.74,offer,2026-08-27T22:47:02.121853+00:00
5981f1ca-8301-46f8-a831-b352a1bada99,fUST,0.00017996,2,26,12348.34273514,offer,2026-08-27T22:47:02.121853+00:00
5981f1ca-8301-46f8-a831-b352a1bada99,fUST,0.00017997,2,20,9554.61719192,offer,2026-08-27T22:47:02.121853+00:00
5981f1ca-8301-46f8-a831-b352a1bada99,fUST,0.00017998,2,39,255757.06781945,offer,2026-08-27T22:47:02.121853+00:00
5981f1ca-8301-46f8-a831-b352a1bada99,fUST,0.00017999,2,17,8039.92439534,offer,2026-08-27T22:47:02.121853+00:00
5981f1ca-8301-46f8-a831-b352a1bada99,fUST,0.00017999999999999998,2,5,455621.18514787,offer,2026-08-27T22:47:02.121853+00:00
5981f1ca-8301-46f8-a831-b352a1bada99,fUST,0.00018,2,2,401.4,offer,2026-08-27T22:47:02.121853+00:00
5981f1ca-8301-46f8-a831-b352a1bada99,fUST,0.0001800001,2,1,1931.64,offer,2026-08-27T22:47:02.121853+00:00
5981f1ca-8301-46f8-a831-b352a1bada99,fUST,0.000180094,2,2,638.0,offer,2026-08-27T22:47:02.121853+00:00
af48be8f-811f-4ea5-b55e-3035cb1bdef4,fUST,0.0002671232876712329,120,1,-2961416.65583562,demand,2026-08-27T23:47:02.838107+00:00
af48be8f-811f-4ea5-b55e-3035cb1bdef4,fUST,0.000247980821,120,1,-63393.34527943,demand,2026-08-27T23:47:02.838107+00:00
af48be8f-811f-4ea5-b55e-3035cb1bdef4,fUST,0.0002350986301369863,120,1,-3913844.3694491,demand,2026-08-27T23:47:02.838107+00:00
af48be8f-811f-4ea5-b55e-3035cb1bdef4,fUST,0.00016,120,1,-2000.0,demand,2026-08-27T23:47:02.838107+00:00
af48be8f-811f-4ea5-b55e-3035cb1bdef4,fUST,0.00016,60,18,-402490.8297215,demand,2026-08-27T23:47:02.838107+00:00
af48be8f-811f-4ea5-b55e-3035cb1bdef4,fUST,0.00015,90,1,-2000.0,demand,2026-08-27T23:47:02.838107+00:00
af48be8f-811f-4ea5-b55e-3035cb1bdef4,fUST,0.00015,120,1,-300000.0,demand,2026-08-27T23:47:02.838107+00:00
af48be8f-811f-4ea5-b55e-3035cb1bdef4,fUST,0.00015,45,3,-13845.272985,demand,2026-08-27T23:47:02.838107+00:00
af48be8f-811f-4ea5-b55e-3035cb1bdef4,fUST,0.00015,60,1,-28000.0,demand,2026-08-27T23:47:02.838107+00:00
af48be8f-811f-4ea5-b55e-3035cb1bdef4,fUST,0.0001421,45,9,-80000.0,demand,2026-08-27T23:47:02.838107+00:00
af48be8f-811f-4ea5-b55e-3035cb1bdef4,fUST,0.000142,45,2,-20000.0,demand,2026-08-27T23:47:02.838107+00:00
af48be8f-811f-4ea5-b55e-3035cb1bdef4,fUST,0.0001401,30,11,-147973.68632078,demand,2026-08-27T23:47:02.838107+00:00
af48be8f-811f-4ea5-b55e-3035cb1bdef4,fUST,0.00014000000000000001,30,1,-28000.0,demand,2026-08-27T23:47:02.838107+00:00
af48be8f-811f-4ea5-b55e-3035cb1bdef4,fUST,0.000138,20,6,-50000.0,demand,2026-08-27T23:47:02.838107+00:00
af48be8f-811f-4ea5-b55e-3035cb1bdef4,fUST,0.000136,30,3,-19544.22120933,demand,2026-08-27T23:47:02.838107+00:00
af48be8f-811f-4ea5-b55e-3035cb1bdef4,fUST,0.000128,30,3,-30000.0,demand,2026-08-27T23:47:02.838107+00:00
af48be8f-811f-4ea5-b55e-3035cb1bdef4,fUST,0.000126,15,5,-45000.0,demand,2026-08-27T23:47:02.838107+00:00
af48be8f-811f-4ea5-b55e-3035cb1bdef4,fUST,0.000125,14,3,-77619.82366474,demand,2026-08-27T23:47:02.838107+00:00
af48be8f-811f-4ea5-b55e-3035cb1bdef4,fUST,0.0001225,59,1,-95000.0,demand,2026-08-27T23:47:02.838107+00:00
af48be8f-811f-4ea5-b55e-3035cb1bdef4,fUST,0.0001222,29,1,-194504.86890568,demand,2026-08-27T23:47:02.838107+00:00
af48be8f-811f-4ea5-b55e-3035cb1bdef4,fUST,0.0001202,19,1,-184532.71737778,demand,2026-08-27T23:47:02.838107+00:00
af48be8f-811f-4ea5-b55e-3035cb1bdef4,fUST,0.00012,120,1,-30000.0,demand,2026-08-27T23:47:02.838107+00:00
af48be8f-811f-4ea5-b55e-3035cb1bdef4,fUST,0.0001103,2,1,-35706.93919113,demand,2026-08-27T23:47:02.838107+00:00
af48be8f-811f-4ea5-b55e-3035cb1bdef4,fUST,0.00011011,2,1,-1961719.20502483,demand,2026-08-27T23:47:02.838107+00:00
af48be8f-811f-4ea5-b55e-3035cb1bdef4,fUST,0.0001101,2,3,-4366829.49373192,demand,2026-08-27T23:47:02.838107+00:00
af48be8f-811f-4ea5-b55e-3035cb1bdef4,fUST,0.00015,7,1,345.23814748,offer,2026-08-27T23:47:02.838107+00:00
af48be8f-811f-4ea5-b55e-3035cb1bdef4,fUST,0.00015299999999999998,7,1,496.23814748,offer,2026-08-27T23:47:02.838107+00:00
af48be8f-811f-4ea5-b55e-3035cb1bdef4,fUST,0.00015749999999999998,7,1,496.23814748,offer,2026-08-27T23:47:02.838107+00:00
af48be8f-811f-4ea5-b55e-3035cb1bdef4,fUST,0.000162,7,1,496.23814748,offer,2026-08-27T23:47:02.838107+00:00
af48be8f-811f-4ea5-b55e-3035cb1bdef4,fUST,0.0001645487,2,1,185.223948,offer,2026-08-27T23:47:02.838107+00:00
af48be8f-811f-4ea5-b55e-3035cb1bdef4,fUST,0.0001657132,2,1,858.048889,offer,2026-08-27T23:47:02.838107+00:00
af48be8f-811f-4ea5-b55e-3035cb1bdef4,fUST,0.000168,7,1,496.23814748,offer,2026-08-27T23:47:02.838107+00:00
af48be8f-811f-4ea5-b55e-3035cb1bdef4,fUST,0.00017097,5,1,355.0,offer,2026-08-27T23:47:02.838107+00:00
af48be8f-811f-4ea5-b55e-3035cb1bdef4,fUST,0.00017371,5,1,355.0,offer,2026-08-27T23:47:02.838107+00:00
af48be8f-811f-4ea5-b55e-3035cb1bdef4,fUST,0.000176094,2,2,638.0,offer,2026-08-27T23:47:02.838107+00:00
af48be8f-811f-4ea5-b55e-3035cb1bdef4,fUST,0.00017645,5,1,355.0,offer,2026-08-27T23:47:02.838107+00:00
af48be8f-811f-4ea5-b55e-3035cb1bdef4,fUST,0.0001776462079114971,2,1,2318.11900109,offer,2026-08-27T23:47:02.838107+00:00
af48be8f-811f-4ea5-b55e-3035cb1bdef4,fUST,0.00017919,5,1,355.0,offer,2026-08-27T23:47:02.838107+00:00
af48be8f-811f-4ea5-b55e-3035cb1bdef4,fUST,0.00017988,3,2,665.04,offer,2026-08-27T23:47:02.838107+00:00
af48be8f-811f-4ea5-b55e-3035cb1bdef4,fUST,0.00017989,2,2,1874.89408374,offer,2026-08-27T23:47:02.838107+00:00
af48be8f-811f-4ea5-b55e-3035cb1bdef4,fUST,0.00017989199999999996,2,1,221.92827784,offer,2026-08-27T23:47:02.838107+00:00
af48be8f-811f-4ea5-b55e-3035cb1bdef4,fUST,0.00017996,2,1,500.0,offer,2026-08-27T23:47:02.838107+00:00
af48be8f-811f-4ea5-b55e-3035cb1bdef4,fUST,0.00017997,2,31,17073.75215311,offer,2026-08-27T23:47:02.838107+00:00
af48be8f-811f-4ea5-b55e-3035cb1bdef4,fUST,0.00017998,2,17,239984.46519161,offer,2026-08-27T23:47:02.838107+00:00
af48be8f-811f-4ea5-b55e-3035cb1bdef4,fUST,0.00017999,2,5,2500.0,offer,2026-08-27T23:47:02.838107+00:00
af48be8f-811f-4ea5-b55e-3035cb1bdef4,fUST,0.00017999999999999998,2,6,324455.10473984,offer,2026-08-27T23:47:02.838107+00:00
af48be8f-811f-4ea5-b55e-3035cb1bdef4,fUST,0.00018,2,3,901.4,offer,2026-08-27T23:47:02.838107+00:00
af48be8f-811f-4ea5-b55e-3035cb1bdef4,fUST,0.0001800001,2,1,1931.64,offer,2026-08-27T23:47:02.838107+00:00
af48be8f-811f-4ea5-b55e-3035cb1bdef4,fUST,0.000181,2,1,151.0,offer,2026-08-27T23:47:02.838107+00:00
af48be8f-811f-4ea5-b55e-3035cb1bdef4,fUST,0.0001812328371,2,1,396.22857,offer,2026-08-27T23:47:02.838107+00:00
