run_id,market,rate,period,count,amount,side,fetched_at
500250be-cc32-4c2b-9010-22990021ee4c,fUST,0.00032999,2,1,-150.0,demand,2026-09-07T00:47:02.041788+00:00
500250be-cc32-4c2b-9010-22990021ee4c,fUST,0.00024464109589041093,120,1,-2639813.90166913,demand,2026-09-07T00:47:02.041788+00:00
500250be-cc32-4c2b-9010-22990021ee4c,fUST,0.00016,60,17,-350330.3840775,demand,2026-09-07T00:47:02.041788+00:00
500250be-cc32-4c2b-9010-22990021ee4c,fUST,0.000157,30,7,-77878.99331588,demand,2026-09-07T00:47:02.041788+00:00
500250be-cc32-4c2b-9010-22990021ee4c,fUST,0.000152,60,1,-28000.0,demand,2026-09-07T00:47:02.041788+00:00
500250be-cc32-4c2b-9010-22990021ee4c,fUST,0.00015,120,1,-300000.0,demand,2026-09-07T00:47:02.041788+00:00
500250be-cc32-4c2b-9010-22990021ee4c,fUST,0.00015,45,3,-13845.272985,demand,2026-09-07T00:47:02.041788+00:00
500250be-cc32-4c2b-9010-22990021ee4c,fUST,0.00015,30,29,-206715.65087501,demand,2026-09-07T00:47:02.041788+00:00
500250be-cc32-4c2b-9010-22990021ee4c,fUST,0.000148,30,4,-20000.0,demand,2026-09-07T00:47:02.041788+00:00
500250be-cc32-4c2b-9010-22990021ee4c,fUST,0.0001421,45,1,-10000.0,demand,2026-09-07T00:47:02.041788+00:00
500250be-cc32-4c2b-9010-22990021ee4c,fUST,0.000142,45,2,-20000.0,demand,2026-09-07T00:47:02.041788+00:00
500250be-cc32-4c2b-9010-22990021ee4c,fUST,0.000142,30,1,-28000.0,demand,2026-09-07T00:47:02.041788+00:00
500250be-cc32-4c2b-9010-22990021ee4c,fUST,0.0001401,30,5,-75000.0,demand,2026-09-07T00:47:02.041788+00:00
500250be-cc32-4c2b-9010-22990021ee4c,fUST,0.000138,20,6,-49368.52669917,demand,2026-09-07T00:47:02.041788+00:00
500250be-cc32-4c2b-9010-22990021ee4c,fUST,0.000136,30,3,-19544.22120933,demand,2026-09-07T00:47:02.041788+00:00
500250be-cc32-4c2b-9010-22990021ee4c,fUST,0.000135,15,5,-45000.0,demand,2026-09-07T00:47:02.041788+00:00
500250be-cc32-4c2b-9010-22990021ee4c,fUST,0.000133,14,1,-21995.9011587,demand,2026-09-07T00:47:02.041788+00:00
500250be-cc32-4c2b-9010-22990021ee4c,fUST,0.00013299999999999998,14,5,-20742.61839244,demand,2026-09-07T00:47:02.041788+00:00
500250be-cc32-4c2b-9010-22990021ee4c,fUST,0.000128,30,3,-30000.0,demand,2026-09-07T00:47:02.041788+00:00
500250be-cc32-4c2b-9010-22990021ee4c,fUST,0.000126599998,13,1,-97780.35811529,demand,2026-09-07T00:47:02.041788+00:00
500250be-cc32-4c2b-9010-22990021ee4c,fUST,0.000125,14,10,-78434.04490168,demand,2026-09-07T00:47:02.041788+00:00
500250be-cc32-4c2b-9010-22990021ee4c,fUST,0.0001225,59,1,-95000.0,demand,2026-09-07T00:47:02.041788+00:00
500250be-cc32-4c2b-9010-22990021ee4c,fUST,0.0001222,29,1,-194504.86890568,demand,2026-09-07T00:47:02.041788+00:00
500250be-cc32-4c2b-9010-22990021ee4c,fUST,0.0001202,19,1,-184532.71737778,demand,2026-09-07T00:47:02.041788+00:00
500250be-cc32-4c2b-9010-22990021ee4c,fUST,0.00012,120,1,-30000.0,demand,2026-09-07T00:47:02.041788+00:00
500250be-cc32-4c2b-9010-22990021ee4c,fUST,0.00013697,2,3,1320.0,offer,2026-09-07T00:47:02.041788+00:00
500250be-cc32-4c2b-9010-22990021ee4c,fUST,0.00013698,2,19,9500.0,offer,2026-09-07T00:47:02.041788+00:00
500250be-cc32-4c2b-9010-22990021ee4c,fUST,0.00013848,2,16,5100.0,offer,2026-09-07T00:47:02.041788+00:00
500250be-cc32-4c2b-9010-22990021ee4c,fUST,0.0001423536,2,1,398.468297,offer,2026-09-07T00:47:02.041788+00:00
500250be-cc32-4c2b-9010-22990021ee4c,fUST,0.0001435288,2,1,3206.1555579,offer,2026-09-07T00:47:02.041788+00:00
500250be-cc32-4c2b-9010-22990021ee4c,fUST,0.00014792,2,1,500.0,offer,2026-09-07T00:47:02.041788+00:00
500250be-cc32-4c2b-9010-22990021ee4c,fUST,0.000148846,2,1,163.16945269,offer,2026-09-07T00:47:02.041788+00:00
500250be-cc32-4c2b-9010-22990021ee4c,fUST,0.00015013,7,1,355.0,offer,2026-09-07T00:47:02.041788+00:00
500250be-cc32-4c2b-9010-22990021ee4c,fUST,0.00015231,2,1,211.91423859,offer,2026-09-07T00:47:02.041788+00:00
500250be-cc32-4c2b-9010-22990021ee4c,fUST,0.00015232,2,1,720.0,offer,2026-09-07T00:47:02.041788+00:00
500250be-cc32-4c2b-9010-22990021ee4c,fUST,0.000154326,2,1,163.16945269,offer,2026-09-07T00:47:02.041788+00:00
500250be-cc32-4c2b-9010-22990021ee4c,fUST,0.00015980600000000002,2,1,163.16945269,offer,2026-09-07T00:47:02.041788+00:00
500250be-cc32-4c2b-9010-22990021ee4c,fUST,0.00016009,2,1,500.0,offer,2026-09-07T00:47:02.041788+00:00
500250be-cc32-4c2b-9010-22990021ee4c,fUST,0.00016481,2,2,453.37,offer,2026-09-07T00:47:02.041788+00:00
500250be-cc32-4c2b-9010-22990021ee4c,fUST,0.00016755,2,1,864.0,offer,2026-09-07T00:47:02.041788+00:00
500250be-cc32-4c2b-9010-22990021ee4c,fUST,0.00017,2,1,16232.1624372,offer,2026-09-07T00:47:02.041788+00:00
500250be-cc32-4c2b-9010-22990021ee4c,fUST,0.00018431,2,2,1382.77595887,offer,2026-09-07T00:47:02.041788+00:00
500250be-cc32-4c2b-9010-22990021ee4c,fUST,0.000185,2,1,150.0,offer,2026-09-07T00:47:02.041788+00:00
500250be-cc32-4c2b-9010-22990021ee4c,fUST,0.000186891,2,2,639.0,offer,2026-09-07T00:47:02.041788+00:00
500250be-cc32-4c2b-9010-22990021ee4c,fUST,0.0001898175411,2,4,1229.52077959,offer,2026-09-07T00:47:02.041788+00:00
500250be-cc32-4c2b-9010-22990021ee4c,fUST,0.00018991506849315066,2,2,601.35091952,offer,2026-09-07T00:47:02.041788+00:00
500250be-cc32-4c2b-9010-22990021ee4c,fUST,0.00018992151,2,1,200.0,offer,2026-09-07T00:47:02.041788+00:00
500250be-cc32-4c2b-9010-22990021ee4c,fUST,0.00018993,2,3,453.0,offer,2026-09-07T00:47:02.041788+00:00
500250be-cc32-4c2b-9010-22990021ee4c,fUST,0.00018993150684931505,2,21,244779.05339284,offer,2026-09-07T00:47:02.041788+00:00
500250be-cc32-4c2b-9010-22990021ee4c,fUST,0.00018999,2,1,70932.42215306,offer,2026-09-07T00:47:02.041788+00:00
2631ccf9-7999-4475-9516-431e034a1ce3,fUST,0.00032999,2,1,-150.0,demand,2026-09-07T01:47:02.491723+00:00
2631ccf9-7999-4475-9516-431e034a1ce3,fUST,0.0002445178082191781,120,1,-2329829.92829362,demand,2026-09-07T01:47:02.491723+00:00
2631ccf9-7999-4475-9516-431e034a1ce3,fUST,0.00016,60,17,-350330.3840775,demand,2026-09-07T01:47:02.491723+00:00
2631ccf9-7999-4475-9516-431e034a1ce3,fUST,0.000157,30,7,-77878.99331588,demand,2026-09-07T01:47:02.491723+00:00
2631ccf9-7999-4475-9516-431e034a1ce3,fUST,0.000152,60,1,-28000.0,demand,2026-09-07T01:47:02.491723+00:00
2631ccf9-7999-4475-9516-431e034a1ce3,fUST,0.00015,120,1,-300000.0,demand,2026-09-07T01:47:02.491723+00:00
2631ccf9-7999-4475-9516-431e034a1ce3,fUST,0.00015,45,3,-13845.272985,demand,2026-09-07T01:47:02.491723+00:00
2631ccf9-7999-4475-9516-431e034a1ce3,fUST,0.00015,30,29,-206715.65087501,demand,2026-09-07T01:47:02.491723+00:00
2631ccf9-7999-4475-9516-431e034a1ce3,fUST,0.000148,30,4,-20000.0,demand,2026-09-07T01:47:02.491723+00:00
2631ccf9-7999-4475-9516-431e034a1ce3,fUST,0.0001421,45,1,-10000.0,demand,2026-09-07T01:47:02.491723+00:00
2631ccf9-7999-4475-9516-431e034a1ce3,fUST,0.000142,45,2,-20000.0,demand,2026-09-07T01:47:02.491723+00:00
2631ccf9-7999-4475-9516-431e034a1ce3,fUST,0.000142,30,1,-28000.0,demand,2026-09-07T01:47:02.491723+00:00
2631ccf9-7999-4475-9516-431e034a1ce3,fUST,0.0001401,30,5,-75000.0,demand,2026-09-07T01:47:02.491723+00:00
2631ccf9-7999-4475-9516-431e034a1ce3,fUST,0.000138,20,6,-49368.52669917,demand,2026-09-07T01:47:02.491723+00:00
2631ccf9-7999-4475-9516-431e034a1ce3,fUST,0.000136,30,3,-19544.22120933,demand,2026-09-07T01:47:02.491723+00:00
2631ccf9-7999-4475-9516-431e034a1ce3,fUST,0.000135,15,5,-45000.0,demand,2026-09-07T01:47:02.491723+00:00
2631ccf9-7999-4475-9516-431e034a1ce3,fUST,0.000133,14,1,-21995.9011587,demand,2026-09-07T01:47:02.491723+00:00
2631ccf9-7999-4475-9516-431e034a1ce3,fUST,0.00013299999999999998,14,5,-20742.61839244,demand,2026-09-07T01:47:02.491723+00:00
2631ccf9-7999-4475-9516-431e034a1ce3,fUST,0.000128,30,3,-30000.0,demand,2026-09-07T01:47:02.491723+00:00
2631ccf9-7999-4475-9516-431e034a1ce3,fUST,0.000126599998,13,1,-97780.35811529,demand,2026-09-07T01:47:02.491723+00:00
2631ccf9-7999-4475-9516-431e034a1ce3,fUST,0.000125,14,10,-78434.04490168,demand,2026-09-07T01:47:02.491723+00:00
2631ccf9-7999-4475-9516-431e034a1ce3,fUST,0.0001225,59,1,-95000.0,demand,2026-09-07T01:47:02.491723+00:00
2631ccf9-7999-4475-9516-431e034a1ce3,fUST,0.0001222,29,1,-194504.86890568,demand,2026-09-07T01:47:02.491723+00:00
2631ccf9-7999-4475-9516-431e034a1ce3,fUST,0.0001202,19,1,-184532.71737778,demand,2026-09-07T01:47:02.491723+00:00
2631ccf9-7999-4475-9516-431e034a1ce3,fUST,0.00012,120,1,-30000.0,demand,2026-09-07T01:47:02.491723+00:00
2631ccf9-7999-4475-9516-431e034a1ce3,fUST,0.000118,5,1,252.80760067,offer,2026-09-07T01:47:02.491723+00:00
2631ccf9-7999-4475-9516-431e034a1ce3,fUST,0.000128,2,1,200.14228153,offer,2026-09-07T01:47:02.491723+00:00
2631ccf9-7999-4475-9516-431e034a1ce3,fUST,0.00014685000000000002,7,1,155.58760991,offer,2026-09-07T01:47:02.491723+00:00
2631ccf9-7999-4475-9516-431e034a1ce3,fUST,0.00017,2,2,2437.10153753,offer,2026-09-07T01:47:02.491723+00:00
2631ccf9-7999-4475-9516-431e034a1ce3,fUST,0.000186989,2,2,641.682,offer,2026-09-07T01:47:02.491723+00:00
2631ccf9-7999-4475-9516-431e034a1ce3,fUST,0.00018998014147545556,5,1,634.38817839,offer,2026-09-07T01:47:02.491723+00:00
2631ccf9-7999-4475-9516-431e034a1ce3,fUST,0.00019,2,1,160.7435701,offer,2026-09-07T01:47:02.491723+00:00
2631ccf9-7999-4475-9516-431e034a1ce3,fUST,0.00019799,2,5,1658.01840262,offer,2026-09-07T01:47:02.491723+00:00
2631ccf9-7999-4475-9516-431e034a1ce3,fUST,0.000198,2,2,41936.13272693,offer,2026-09-07T01:47:02.491723+00:00
2631ccf9-7999-4475-9516-431e034a1ce3,fUST,0.0001981483506,2,1,193.884907,offer,2026-09-07T01:47:02.491723+00:00
2631ccf9-7999-4475-9516-431e034a1ce3,fUST,0.00019899,2,2,1000.0,offer,2026-09-07T01:47:02.491723+00:00
2631ccf9-7999-4475-9516-431e034a1ce3,fUST,0.00019984,2,1,182.33691978,offer,2026-09-07T01:47:02.491723+00:00
2631ccf9-7999-4475-9516-431e034a1ce3,fUST,0.000199870006,2,2,514.31028374,offer,2026-09-07T01:47:02.491723+00:00
2631ccf9-7999-4475-9516-431e034a1ce3,fUST,0.00019989475291154078,2,1,160.0,offer,2026-09-07T01:47:02.491723+00:00
2631ccf9-7999-4475-9516-431e034a1ce3,fUST,0.00019996137305807336,2,1,221.06991048,offer,2026-09-07T01:47:02.491723+00:00
2631ccf9-7999-4475-9516-431e034a1ce3,fUST,0.00019996335000000006,2,1,206.14994727,offer,2026-09-07T01:47:02.491723+00:00
2631ccf9-7999-4475-9516-431e034a1ce3,fUST,0.00019996536454562906,2,14,213869.09518558,offer,2026-09-07T01:47:02.491723+00:00
2631ccf9-7999-4475-9516-431e034a1ce3,fUST,0.00019997,2,17,119617.31326141,offer,2026-09-07T01:47:02.491723+00:00
2631ccf9-7999-4475-9516-431e034a1ce3,fUST,0.00019998,2,2,1561.89932353,offer,2026-09-07T01:47:02.491723+00:00
2631ccf9-7999-4475-9516-431e034a1ce3,fUST,0.00019999,2,47,3024542.55730608,offer,2026-09-07T01:47:02.491723+00:00
2631ccf9-7999-4475-9516-431e034a1ce3,fUST,0.0001999901,2,3,1809.48,offer,2026-09-07T01:47:02.491723+00:00
2631ccf9-7999-4475-9516-431e034a1ce3,fUST,0.0002,2,16,165770.58034091,offer,2026-09-07T01:47:02.491723+00:00
2631ccf9-7999-4475-9516-431e034a1ce3,fUST,0.0002,30,1,450.0,offer,2026-09-07T01:47:02.491723+00:00
2631ccf9-7999-4475-9516-431e034a1ce3,fUST,0.0002,5,1,1007.224083,offer,2026-09-07T01:47:02.491723+00:00
2631ccf9-7999-4475-9516-431e034a1ce3,fUST,0.00020002,2,1,537.93,offer,2026-09-07T01:47:02.491723+00:00
cc0fe609-a372-4569-9b4e-2d1617cccf45,fUST,0.00024437260273972605,120,1,-2325682.05764452,demand,2026-09-07T02:47:02.349656+00:00
cc0fe609-a372-4569-9b4e-2d1617cccf45,fUST,0.00017902645890410958,2,1,-1075.7167746,demand,2026-09-07T02:47:02.349656+00:00
cc0fe609-a372-4569-9b4e-2d1617cccf45,fUST,0.000179001,2,1,-1000.0,demand,2026-09-07T02:47:02.349656+00:00
cc0fe609-a372-4569-9b4e-2d1617cccf45,fUST,0.00016,60,17,-350330.3840775,demand,2026-09-07T02:47:02.349656+00:00
cc0fe609-a372-4569-9b4e-2d1617cccf45,fUST,0.000157,30,7,-77878.99331588,demand,2026-09-07T02:47:02.349656+00:00
cc0fe609-a372-4569-9b4e-2d1617cccf45,fUST,0.000152,60,1,-28000.0,demand,2026-09-07T02:47:02.349656+00:00
cc0fe609-a372-4569-9b4e-2d1617cccf45,fUST,0.00015,120,1,-300000.0,demand,2026-09-07T02:47:02.349656+00:00
cc0fe609-a372-4569-9b4e-2d1617cccf45,fUST,0.00015,45,3,-13845.272985,demand,2026-09-07T02:47:02.349656+00:00
cc0fe609-a372-4569-9b4e-2d1617cccf45,fUST,0.00015,30,29,-206715.65087501,demand,2026-09-07T02:47:02.349656+00:00
cc0fe609-a372-4569-9b4e-2d1617cccf45,fUST,0.000148,30,4,-20000.0,demand,2026-09-07T02:47:02.349656+00:00
cc0fe609-a372-4569-9b4e-2d1617cccf45,fUST,0.0001421,45,1,-10000.0,demand,2026-09-07T02:47:02.349656+00:00
cc0fe609-a372-4569-9b4e-2d1617cccf45,fUST,0.000142,45,2,-20000.0,demand,2026-09-07T02:47:02.349656+00:00
cc0fe609-a372-4569-9b4e-2d1617cccf45,fUST,0.000142,30,1,-28000.0,demand,2026-09-07T02:47:02.349656+00:00
cc0fe609-a372-4569-9b4e-2d1617cccf45,fUST,0.0001401,30,5,-75000.0,demand,2026-09-07T02:47:02.349656+00:00
cc0fe609-a372-4569-9b4e-2d1617cccf45,fUST,0.000138,20,6,-49368.52669917,demand,2026-09-07T02:47:02.349656+00:00
cc0fe609-a372-4569-9b4e-2d1617cccf45,fUST,0.000136,30,3,-19544.22120933,demand,2026-09-07T02:47:02.349656+00:00
cc0fe609-a372-4569-9b4e-2d1617cccf45,fUST,0.000135,15,5,-45000.0,demand,2026-09-07T02:47:02.349656+00:00
cc0fe609-a372-4569-9b4e-2d1617cccf45,fUST,0.000133,14,1,-21995.9011587,demand,2026-09-07T02:47:02.349656+00:00
cc0fe609-a372-4569-9b4e-2d1617cccf45,fUST,0.00013299999999999998,14,5,-20742.61839244,demand,2026-09-07T02:47:02.349656+00:00
cc0fe609-a372-4569-9b4e-2d1617cccf45,fUST,0.000128,30,3,-30000.0,demand,2026-09-07T02:47:02.349656+00:00
cc0fe609-a372-4569-9b4e-2d1617cccf45,fUST,0.000126599998,13,1,-97780.35811529,demand,2026-09-07T02:47:02.349656+00:00
cc0fe609-a372-4569-9b4e-2d1617cccf45,fUST,0.000125,14,10,-78434.04490168,demand,2026-09-07T02:47:02.349656+00:00
cc0fe609-a372-4569-9b4e-2d1617cccf45,fUST,0.0001225,59,1,-95000.0,demand,2026-09-07T02:47:02.349656+00:00
cc0fe609-a372-4569-9b4e-2d1617cccf45,fUST,0.0001222,29,1,-194504.86890568,demand,2026-09-07T02:47:02.349656+00:00
cc0fe609-a372-4569-9b4e-2d1617cccf45,fUST,0.0001202,19,1,-184532.71737778,demand,2026-09-07T02:47:02.349656+00:00
cc0fe609-a372-4569-9b4e-2d1617cccf45,fUST,0.0001788289,2,1,1905.6768775,offer,2026-09-07T02:47:02.349656+00:00
cc0fe609-a372-4569-9b4e-2d1617cccf45,fUST,0.00017901643835616435,2,1,168.7740377,offer,2026-09-07T02:47:02.349656+00:00
cc0fe609-a372-4569-9b4e-2d1617cccf45,fUST,0.00017901645890410959,2,8,3812.09225269,offer,2026-09-07T02:47:02.349656+00:00
cc0fe609-a372-4569-9b4e-2d1617cccf45,fUST,0.00017902,2,1,222.32173802,offer,2026-09-07T02:47:02.349656+00:00
cc0fe609-a372-4569-9b4e-2d1617cccf45,fUST,0.00017902645890410958,2,3,15000.0,offer,2026-09-07T02:47:02.349656+00:00
cc0fe609-a372-4569-9b4e-2d1617cccf45,fUST,0.00017903,2,1,185.23,offer,2026-09-07T02:47:02.349656+00:00
cc0fe609-a372-4569-9b4e-2d1617cccf45,fUST,0.0001794962,2,1,273.684199,offer,2026-09-07T02:47:02.349656+00:00
cc0fe609-a372-4569-9b4e-2d1617cccf45,fUST,0.00018058287671232875,2,1,196.58842706,offer,2026-09-07T02:47:02.349656+00:00
cc0fe609-a372-4569-9b4e-2d1617cccf45,fUST,0.00018259,2,1,289.09804129,offer,2026-09-07T02:47:02.349656+00:00
cc0fe609-a372-4569-9b4e-2d1617cccf45,fUST,0.0001826,2,1,600.0,offer,2026-09-07T02:47:02.349656+00:00
cc0fe609-a372-4569-9b4e-2d1617cccf45,fUST,0.0001839006288,2,1,1510.3857596,offer,2026-09-07T02:47:02.349656+00:00
cc0fe609-a372-4569-9b4e-2d1617cccf45,fUST,0.00018459,2,1,625.94540198,offer,2026-09-07T02:47:02.349656+00:00
cc0fe609-a372-4569-9b4e-2d1617cccf45,fUST,0.000184596,2,2,639.0,offer,2026-09-07T02:47:02.349656+00:00
cc0fe609-a372-4569-9b4e-2d1617cccf45,fUST,0.00018608520547945203,2,1,393.17685413,offer,2026-09-07T02:47:02.349656+00:00
cc0fe609-a372-4569-9b4e-2d1617cccf45,fUST,0.00018901643835616435,2,1,205.88820726,offer,2026-09-07T02:47:02.349656+00:00
cc0fe609-a372-4569-9b4e-2d1617cccf45,fUST,0.00018975342465753423,2,2,910.14734767,offer,2026-09-07T02:47:02.349656+00:00
cc0fe609-a372-4569-9b4e-2d1617cccf45,fUST,0.00018992804918032785,2,2,483.68783895,offer,2026-09-07T02:47:02.349656+00:00
cc0fe609-a372-4569-9b4e-2d1617cccf45,fUST,0.00019540804918032783,2,2,483.68783897,offer,2026-09-07T02:47:02.349656+00:00
cc0fe609-a372-4569-9b4e-2d1617cccf45,fUST,0.00019589,2,1,241.725,offer,2026-09-07T02:47:02.349656+00:00
cc0fe609-a372-4569-9b4e-2d1617cccf45,fUST,0.00019679999999999999,2,1,776.95237241,offer,2026-09-07T02:47:02.349656+00:00
cc0fe609-a372-4569-9b4e-2d1617cccf45,fUST,0.00019693,2,1,185.23,offer,2026-09-07T02:47:02.349656+00:00
cc0fe609-a372-4569-9b4e-2d1617cccf45,fUST,0.00019701,2,24,331575.60119119,offer,2026-09-07T02:47:02.349656+00:00
cc0fe609-a372-4569-9b4e-2d1617cccf45,fUST,0.00019824427470164577,2,1,417.15472785,offer,2026-09-07T02:47:02.349656+00:00
cc0fe609-a372-4569-9b4e-2d1617cccf45,fUST,0.00019827837803614517,2,1,221.1112219,offer,2026-09-07T02:47:02.349656+00:00
cc0fe609-a372-4569-9b4e-2d1617cccf45,fUST,0.00019866,2,1,166.95,offer,2026-09-07T02:47:02.349656+00:00
943e0675-8fd7-4b39-ae29-e5fb9c76ad96,fUST,0.0002444794520547945,120,1,-2324688.3974543,demand,2026-09-07T03:47:02.215337+00:00
943e0675-8fd7-4b39-ae29-e5fb9c76ad96,fUST,0.00019902645890410958,2,1,-150.0,demand,2026-09-07T03:47:02.215337+00:00
943e0675-8fd7-4b39-ae29-e5fb9c76ad96,fUST,0.0001788289,2,1,-1000.0,demand,2026-09-07T03:47:02.215337+00:00
943e0675-8fd7-4b39-ae29-e5fb9c76ad96,fUST,0.00016,60,17,-350330.3840775,demand,2026-09-07T03:47:02.215337+00:00
943e0675-8fd7-4b39-ae29-e5fb9c76ad96,fUST,0.000157,30,7,-77364.34461588,demand,2026-09-07T03:47:02.215337+00:00
943e0675-8fd7-4b39-ae29-e5fb9c76ad96,fUST,0.000152,60,1,-28000.0,demand,2026-09-07T03:47:02.215337+00:00
943e0675-8fd7-4b39-ae29-e5fb9c76ad96,fUST,0.00015,120,1,-300000.0,demand,2026-09-07T03:47:02.215337+00:00
943e0675-8fd7-4b39-ae29-e5fb9c76ad96,fUST,0.00015,45,3,-13845.272985,demand,2026-09-07T03:47:02.215337+00:00
943e0675-8fd7-4b39-ae29-e5fb9c76ad96,fUST,0.00015,30,29,-206715.65087501,demand,2026-09-07T03:47:02.215337+00:00
943e0675-8fd7-4b39-ae29-e5fb9c76ad96,fUST,0.000148,30,4,-20000.0,demand,2026-09-07T03:47:02.215337+00:00
943e0675-8fd7-4b39-ae29-e5fb9c76ad96,fUST,0.0001421,45,1,-10000.0,demand,2026-09-07T03:47:02.215337+00:00
943e0675-8fd7-4b39-ae29-e5fb9c76ad96,fUST,0.000142,45,2,-20000.0,demand,2026-09-07T03:47:02.215337+00:00
943e0675-8fd7-4b39-ae29-e5fb9c76ad96,fUST,0.000142,30,1,-28000.0,demand,2026-09-07T03:47:02.215337+00:00
943e0675-8fd7-4b39-ae29-e5fb9c76ad96,fUST,0.0001401,30,5,-75000.0,demand,2026-09-07T03:47:02.215337+00:00
943e0675-8fd7-4b39-ae29-e5fb9c76ad96,fUST,0.000138,20,6,-49368.52669917,demand,2026-09-07T03:47:02.215337+00:00
943e0675-8fd7-4b39-ae29-e5fb9c76ad96,fUST,0.000136,30,3,-19544.22120933,demand,2026-09-07T03:47:02.215337+00:00
943e0675-8fd7-4b39-ae29-e5fb9c76ad96,fUST,0.000135,15,5,-45000.0,demand,2026-09-07T03:47:02.215337+00:00
943e0675-8fd7-4b39-ae29-e5fb9c76ad96,fUST,0.000133,14,1,-21995.9011587,demand,2026-09-07T03:47:02.215337+00:00
943e0675-8fd7-4b39-ae29-e5fb9c76ad96,fUST,0.00013299999999999998,14,5,-20742.61839244,demand,2026-09-07T03:47:02.215337+00:00
943e0675-8fd7-4b39-ae29-e5fb9c76ad96,fUST,0.000128,30,3,-30000.0,demand,2026-09-07T03:47:02.215337+00:00
943e0675-8fd7-4b39-ae29-e5fb9c76ad96,fUST,0.000126599998,13,1,-97780.35811529,demand,2026-09-07T03:47:02.215337+00:00
943e0675-8fd7-4b39-ae29-e5fb9c76ad96,fUST,0.000125,14,10,-78434.04490168,demand,2026-09-07T03:47:02.215337+00:00
943e0675-8fd7-4b39-ae29-e5fb9c76ad96,fUST,0.0001225,59,1,-95000.0,demand,2026-09-07T03:47:02.215337+00:00
943e0675-8fd7-4b39-ae29-e5fb9c76ad96,fUST,0.0001222,29,1,-194504.86890568,demand,2026-09-07T03:47:02.215337+00:00
943e0675-8fd7-4b39-ae29-e5fb9c76ad96,fUST,0.0001202,19,1,-184532.71737778,demand,2026-09-07T03:47:02.215337+00:00
943e0675-8fd7-4b39-ae29-e5fb9c76ad96,fUST,0.000184009,2,2,639.0,offer,2026-09-07T03:47:02.215337+00:00
943e0675-8fd7-4b39-ae29-e5fb9c76ad96,fUST,0.00018401,2,1,182.89,offer,2026-09-07T03:47:02.215337+00:00
943e0675-8fd7-4b39-ae29-e5fb9c76ad96,fUST,0.00018603123287671235,2,1,189.3374532,offer,2026-09-07T03:47:02.215337+00:00
943e0675-8fd7-4b39-ae29-e5fb9c76ad96,fUST,0.0001864087,2,1,2591.5454445,offer,2026-09-07T03:47:02.215337+00:00
943e0675-8fd7-4b39-ae29-e5fb9c76ad96,fUST,0.0001874399,2,1,305.3194425,offer,2026-09-07T03:47:02.215337+00:00
943e0675-8fd7-4b39-ae29-e5fb9c76ad96,fUST,0.0001896849315068493,2,1,329.89045788,offer,2026-09-07T03:47:02.215337+00:00
943e0675-8fd7-4b39-ae29-e5fb9c76ad96,fUST,0.00019151769999999998,2,6,1477.41009476,offer,2026-09-07T03:47:02.215337+00:00
943e0675-8fd7-4b39-ae29-e5fb9c76ad96,fUST,0.0001945,2,1,272.12394683,offer,2026-09-07T03:47:02.215337+00:00
943e0675-8fd7-4b39-ae29-e5fb9c76ad96,fUST,0.00019451,2,9,3487.26239786,offer,2026-09-07T03:47:02.215337+00:00
943e0675-8fd7-4b39-ae29-e5fb9c76ad96,fUST,0.000195,2,1,630.849932,offer,2026-09-07T03:47:02.215337+00:00
943e0675-8fd7-4b39-ae29-e5fb9c76ad96,fUST,0.0001963,7,18,7538.87866983,offer,2026-09-07T03:47:02.215337+00:00
943e0675-8fd7-4b39-ae29-e5fb9c76ad96,fUST,0.00019698,2,1,219.50031819,offer,2026-09-07T03:47:02.215337+00:00
943e0675-8fd7-4b39-ae29-e5fb9c76ad96,fUST,0.00019699,2,21,10102.55425922,offer,2026-09-07T03:47:02.215337+00:00
943e0675-8fd7-4b39-ae29-e5fb9c76ad96,fUST,0.0001969977,2,1,259.32298575,offer,2026-09-07T03:47:02.215337+00:00
943e0675-8fd7-4b39-ae29-e5fb9c76ad96,fUST,0.000197,2,1,16997.48,offer,2026-09-07T03:47:02.215337+00:00
943e0675-8fd7-4b39-ae29-e5fb9c76ad96,fUST,0.00019701,7,2,597.79108493,offer,2026-09-07T03:47:02.215337+00:00
943e0675-8fd7-4b39-ae29-e5fb9c76ad96,fUST,0.00019701,2,2,908.85272805,offer,2026-09-07T03:47:02.215337+00:00
943e0675-8fd7-4b39-ae29-e5fb9c76ad96,fUST,0.00019725,2,4,1739.09390524,offer,2026-09-07T03:47:02.215337+00:00
943e0675-8fd7-4b39-ae29-e5fb9c76ad96,fUST,0.000198,2,1,1000.0,offer,2026-09-07T03:47:02.215337+00:00
943e0675-8fd7-4b39-ae29-e5fb9c76ad96,fUST,0.00019809304219034263,2,1,160.0,offer,2026-09-07T03:47:02.215337+00:00
943e0675-8fd7-4b39-ae29-e5fb9c76ad96,fUST,0.0001983625378246127,2,1,221.1112219,offer,2026-09-07T03:47:02.215337+00:00
943e0675-8fd7-4b39-ae29-e5fb9c76ad96,fUST,0.0001983786409524823,2,1,417.15472785,offer,2026-09-07T03:47:02.215337+00:00
943e0675-8fd7-4b39-ae29-e5fb9c76ad96,fUST,0.00019840281996729207,2,1,738.96327356,offer,2026-09-07T03:47:02.215337+00:00
943e0675-8fd7-4b39-ae29-e5fb9c76ad96,fUST,0.00019866,2,1,166.95,offer,2026-09-07T03:47:02.215337+00:00
943e0675-8fd7-4b39-ae29-e5fb9c76ad96,fUST,0.000199,2,21,211637.61242773,offer,2026-09-07T03:47:02.215337+00:00
3733afa2-e036-4b65-9c79-5f5e1ba1a641,fUST,0.0002444356164383562,120,1,-2324006.77844618,demand,2026-09-07T04:47:02.238750+00:00
3733afa2-e036-4b65-9c79-5f5e1ba1a641,fUST,0.00023902645890410958,2,1,-150.0,demand,2026-09-07T04:47:02.238750+00:00
3733afa2-e036-4b65-9c79-5f5e1ba1a641,fUST,0.00016,60,17,-350330.3840775,demand,2026-09-07T04:47:02.238750+00:00
3733afa2-e036-4b65-9c79-5f5e1ba1a641,fUST,0.000157,30,7,-77364.34461588,demand,2026-09-07T04:47:02.238750+00:00
3733afa2-e036-4b65-9c79-5f5e1ba1a641,fUST,0.000152,60,1,-28000.0,demand,2026-09-07T04:47:02.238750+00:00
3733afa2-e036-4b65-9c79-5f5e1ba1a641,fUST,0.00015,120,1,-300000.0,demand,2026-09-07T04:47:02.238750+00:00
3733afa2-e036-4b65-9c79-5f5e1ba1a641,fUST,0.00015,45,3,-13845.272985,demand,2026-09-07T04:47:02.238750+00:00
3733afa2-e036-4b65-9c79-5f5e1ba1a641,fUST,0.00015,30,29,-206715.65087501,demand,2026-09-07T04:47:02.238750+00:00
3733afa2-e036-4b65-9c79-5f5e1ba1a641,fUST,0.000148,30,4,-20000.0,demand,2026-09-07T04:47:02.238750+00:00
3733afa2-e036-4b65-9c79-5f5e1ba1a641,fUST,0.0001421,45,1,-10000.0,demand,2026-09-07T04:47:02.238750+00:00
3733afa2-e036-4b65-9c79-5f5e1ba1a641,fUST,0.000142,45,2,-20000.0,demand,2026-09-07T04:47:02.238750+00:00
3733afa2-e036-4b65-9c79-5f5e1ba1a641,fUST,0.000142,30,1,-28000.0,demand,2026-09-07T04:47:02.238750+00:00
3733afa2-e036-4b65-9c79-5f5e1ba1a641,fUST,0.0001401,30,5,-75000.0,demand,2026-09-07T04:47:02.238750+00:00
3733afa2-e036-4b65-9c79-5f5e1ba1a641,fUST,0.000138,20,6,-49368.52669917,demand,2026-09-07T04:47:02.238750+00:00
3733afa2-e036-4b65-9c79-5f5e1ba1a641,fUST,0.000136,30,3,-19544.22120933,demand,2026-09-07T04:47:02.238750+00:00
3733afa2-e036-4b65-9c79-5f5e1ba1a641,fUST,0.000135,15,5,-45000.0,demand,2026-09-07T04:47:02.238750+00:00
3733afa2-e036-4b65-9c79-5f5e1ba1a641,fUST,0.000133,14,1,-21995.9011587,demand,2026-09-07T04:47:02.238750+00:00
3733afa2-e036-4b65-9c79-5f5e1ba1a641,fUST,0.00013299999999999998,14,5,-20742.61839244,demand,2026-09-07T04:47:02.238750+00:00
3733afa2-e036-4b65-9c79-5f5e1ba1a641,fUST,0.000128,30,3,-30000.0,demand,2026-09-07T04:47:02.238750+00:00
3733afa2-e036-4b65-9c79-5f5e1ba1a641,fUST,0.000126599998,13,1,-97780.35811529,demand,2026-09-07T04:47:02.238750+00:00
3733afa2-e036-4b65-9c79-5f5e1ba1a641,fUST,0.000125,14,10,-78434.04490168,demand,2026-09-07T04:47:02.238750+00:00
3733afa2-e036-4b65-9c79-5f5e1ba1a641,fUST,0.000124,7,2,-5643.0,demand,2026-09-07T04:47:02.238750+00:00
3733afa2-e036-4b65-9c79-5f5e1ba1a641,fUST,0.0001225,59,1,-95000.0,demand,2026-09-07T04:47:02.238750+00:00
3733afa2-e036-4b65-9c79-5f5e1ba1a641,fUST,0.0001222,29,1,-194504.86890568,demand,2026-09-07T04:47:02.238750+00:00
3733afa2-e036-4b65-9c79-5f5e1ba1a641,fUST,0.0001202,19,1,-184532.71737778,demand,2026-09-07T04:47:02.238750+00:00
3733afa2-e036-4b65-9c79-5f5e1ba1a641,fUST,0.000186,2,1,179.57,offer,2026-09-07T04:47:02.238750+00:00
3733afa2-e036-4b65-9c79-5f5e1ba1a641,fUST,0.00018600154794520547,2,1,162.37154067,offer,2026-09-07T04:47:02.238750+00:00
3733afa2-e036-4b65-9c79-5f5e1ba1a641,fUST,0.0001862687,2,1,7742.6251616,offer,2026-09-07T04:47:02.238750+00:00
3733afa2-e036-4b65-9c79-5f5e1ba1a641,fUST,0.0001884377,2,1,228.3104374,offer,2026-09-07T04:47:02.238750+00:00
3733afa2-e036-4b65-9c79-5f5e1ba1a641,fUST,0.0001896684931506849,2,1,324.74308134,offer,2026-09-07T04:47:02.238750+00:00
3733afa2-e036-4b65-9c79-5f5e1ba1a641,fUST,0.000190214,2,2,639.0,offer,2026-09-07T04:47:02.238750+00:00
3733afa2-e036-4b65-9c79-5f5e1ba1a641,fUST,0.000196,2,1,7957.57422295,offer,2026-09-07T04:47:02.238750+00:00
3733afa2-e036-4b65-9c79-5f5e1ba1a641,fUST,0.00019678,2,1,156.573,offer,2026-09-07T04:47:02.238750+00:00
3733afa2-e036-4b65-9c79-5f5e1ba1a641,fUST,0.00019788110006,2,1,166.82632838,offer,2026-09-07T04:47:02.238750+00:00
3733afa2-e036-4b65-9c79-5f5e1ba1a641,fUST,0.00019790000000000004,3,5,4005.29,offer,2026-09-07T04:47:02.238750+00:00
3733afa2-e036-4b65-9c79-5f5e1ba1a641,fUST,0.00019799,2,2,3233.29,offer,2026-09-07T04:47:02.238750+00:00
3733afa2-e036-4b65-9c79-5f5e1ba1a641,fUST,0.000198,2,13,175712.8488803,offer,2026-09-07T04:47:02.238750+00:00
3733afa2-e036-4b65-9c79-5f5e1ba1a641,fUST,0.000198,3,1,300.0,offer,2026-09-07T04:47:02.238750+00:00
3733afa2-e036-4b65-9c79-5f5e1ba1a641,fUST,0.00019898,2,1,514.75203628,offer,2026-09-07T04:47:02.238750+00:00
3733afa2-e036-4b65-9c79-5f5e1ba1a641,fUST,0.00019899,2,1,674.29647889,offer,2026-09-07T04:47:02.238750+00:00
3733afa2-e036-4b65-9c79-5f5e1ba1a641,fUST,0.000199,2,9,47004.79169763,offer,2026-09-07T04:47:02.238750+00:00
3733afa2-e036-4b65-9c79-5f5e1ba1a641,fUST,0.000199026458,2,1,5011.2,offer,2026-09-07T04:47:02.238750+00:00
3733afa2-e036-4b65-9c79-5f5e1ba1a641,fUST,0.00019904400000000003,7,1,321.58911478,offer,2026-09-07T04:47:02.238750+00:00
3733afa2-e036-4b65-9c79-5f5e1ba1a641,fUST,0.00019907367218225132,2,3,798.26594975,offer,2026-09-07T04:47:02.238750+00:00
3733afa2-e036-4b65-9c79-5f5e1ba1a641,fUST,0.00019923216490558138,2,1,636.95276621,offer,2026-09-07T04:47:02.238750+00:00
3733afa2-e036-4b65-9c79-5f5e1ba1a641,fUST,0.00019979682557608335,2,1,676.46146676,offer,2026-09-07T04:47:02.238750+00:00
3733afa2-e036-4b65-9c79-5f5e1ba1a641,fUST,0.00019984,2,1,182.33691978,offer,2026-09-07T04:47:02.238750+00:00
3733afa2-e036-4b65-9c79-5f5e1ba1a641,fUST,0.000199870006,2,2,370.45865632,offer,2026-09-07T04:47:02.238750+00:00
3733afa2-e036-4b65-9c79-5f5e1ba1a641,fUST,0.00019988,2,1,161.3,offer,2026-09-07T04:47:02.238750+00:00
3733afa2-e036-4b65-9c79-5f5e1ba1a641,fUST,0.00019998,2,1,155.64,offer,2026-09-07T04:47:02.238750+00:00
c1ef6682-3e02-4522-960d-494f040e370d,fUST,0.0002790264589041096,2,1,-150.0,demand,2026-09-07T05:47:02.530415+00:00
c1ef6682-3e02-4522-960d-494f040e370d,fUST,0.00024426301369863016,120,1,-1979291.14138568,demand,2026-09-07T05:47:02.530415+00:00
c1ef6682-3e02-4522-960d-494f040e370d,fUST,0.00016,60,27,-242651.89567646,demand,2026-09-07T05:47:02.530415+00:00
c1ef6682-3e02-4522-960d-494f040e370d,fUST,0.000157,30,7,-77364.34461588,demand,2026-09-07T05:47:02.530415+00:00
c1ef6682-3e02-4522-960d-494f040e370d,fUST,0.000152,60,1,-28000.0,demand,2026-09-07T05:47:02.530415+00:00
c1ef6682-3e02-4522-960d-494f040e370d,fUST,0.00015,120,1,-300000.0,demand,2026-09-07T05:47:02.530415+00:00
c1ef6682-3e02-4522-960d-494f040e370d,fUST,0.00015,45,3,-13845.272985,demand,2026-09-07T05:47:02.530415+00:00
c1ef6682-3e02-4522-960d-494f040e370d,fUST,0.00015,30,29,-206715.65087501,demand,2026-09-07T05:47:02.530415+00:00
c1ef6682-3e02-4522-960d-494f040e370d,fUST,0.000148,30,4,-20000.0,demand,2026-09-07T05:47:02.530415+00:00
c1ef6682-3e02-4522-960d-494f040e370d,fUST,0.0001421,45,1,-10000.0,demand,2026-09-07T05:47:02.530415+00:00
c1ef6682-3e02-4522-960d-494f040e370d,fUST,0.000142,45,2,-20000.0,demand,2026-09-07T05:47:02.530415+00:00
c1ef6682-3e02-4522-960d-494f040e370d,fUST,0.000142,30,1,-28000.0,demand,2026-09-07T05:47:02.530415+00:00
c1ef6682-3e02-4522-960d-494f040e370d,fUST,0.0001401,30,5,-75000.0,demand,2026-09-07T05:47:02.530415+00:00
c1ef6682-3e02-4522-960d-494f040e370d,fUST,0.000138,20,6,-49368.52669917,demand,2026-09-07T05:47:02.530415+00:00
c1ef6682-3e02-4522-960d-494f040e370d,fUST,0.000136,30,3,-19544.22120933,demand,2026-09-07T05:47:02.530415+00:00
c1ef6682-3e02-4522-960d-494f040e370d,fUST,0.000135,15,5,-45000.0,demand,2026-09-07T05:47:02.530415+00:00
c1ef6682-3e02-4522-960d-494f040e370d,fUST,0.000133,14,1,-21995.9011587,demand,2026-09-07T05:47:02.530415+00:00
c1ef6682-3e02-4522-960d-494f040e370d,fUST,0.00013299999999999998,14,5,-20742.61839244,demand,2026-09-07T05:47:02.530415+00:00
c1ef6682-3e02-4522-960d-494f040e370d,fUST,0.000128,30,3,-30000.0,demand,2026-09-07T05:47:02.530415+00:00
c1ef6682-3e02-4522-960d-494f040e370d,fUST,0.000126599998,13,1,-97780.35811529,demand,2026-09-07T05:47:02.530415+00:00
c1ef6682-3e02-4522-960d-494f040e370d,fUST,0.000125,14,10,-78434.04490168,demand,2026-09-07T05:47:02.530415+00:00
c1ef6682-3e02-4522-960d-494f040e370d,fUST,0.000124,7,2,-5443.0,demand,2026-09-07T05:47:02.530415+00:00
c1ef6682-3e02-4522-960d-494f040e370d,fUST,0.0001225,59,1,-95000.0,demand,2026-09-07T05:47:02.530415+00:00
c1ef6682-3e02-4522-960d-494f040e370d,fUST,0.0001222,29,1,-194504.86890568,demand,2026-09-07T05:47:02.530415+00:00
c1ef6682-3e02-4522-960d-494f040e370d,fUST,0.0001202,19,1,-184532.71737778,demand,2026-09-07T05:47:02.530415+00:00
c1ef6682-3e02-4522-960d-494f040e370d,fUST,0.0001643264,2,1,180.30379603,offer,2026-09-07T05:47:02.530415+00:00
c1ef6682-3e02-4522-960d-494f040e370d,fUST,0.0001739,5,1,2072.28647282,offer,2026-09-07T05:47:02.530415+00:00
c1ef6682-3e02-4522-960d-494f040e370d,fUST,0.0001739,2,1,171.7593,offer,2026-09-07T05:47:02.530415+00:00
c1ef6682-3e02-4522-960d-494f040e370d,fUST,0.0001796809,2,1,347.6112712,offer,2026-09-07T05:47:02.530415+00:00
c1ef6682-3e02-4522-960d-494f040e370d,fUST,0.0001798478,2,1,457.2025417,offer,2026-09-07T05:47:02.530415+00:00
c1ef6682-3e02-4522-960d-494f040e370d,fUST,0.0001803033561643836,2,1,186.05925299,offer,2026-09-07T05:47:02.530415+00:00
c1ef6682-3e02-4522-960d-494f040e370d,fUST,0.0001815818,2,1,172.490229,offer,2026-09-07T05:47:02.530415+00:00
c1ef6682-3e02-4522-960d-494f040e370d,fUST,0.00018189120168493145,7,2,477.1537875,offer,2026-09-07T05:47:02.530415+00:00
c1ef6682-3e02-4522-960d-494f040e370d,fUST,0.0001834654,2,1,178.831709,offer,2026-09-07T05:47:02.530415+00:00
c1ef6682-3e02-4522-960d-494f040e370d,fUST,0.0001857964520547945,2,1,194.20354118,offer,2026-09-07T05:47:02.530415+00:00
c1ef6682-3e02-4522-960d-494f040e370d,fUST,0.00018579915068493152,2,2,703.59501612,offer,2026-09-07T05:47:02.530415+00:00
c1ef6682-3e02-4522-960d-494f040e370d,fUST,0.00018690000000000002,2,4,2115.13668729,offer,2026-09-07T05:47:02.530415+00:00
c1ef6682-3e02-4522-960d-494f040e370d,fUST,0.00018692,2,1,4288.56423413,offer,2026-09-07T05:47:02.530415+00:00
c1ef6682-3e02-4522-960d-494f040e370d,fUST,0.00018692602741,2,1,151.1880634,offer,2026-09-07T05:47:02.530415+00:00
c1ef6682-3e02-4522-960d-494f040e370d,fUST,0.00018694794522,2,1,286.615911,offer,2026-09-07T05:47:02.530415+00:00
c1ef6682-3e02-4522-960d-494f040e370d,fUST,0.00018934932219999998,2,1,164.9730556,offer,2026-09-07T05:47:02.530415+00:00
c1ef6682-3e02-4522-960d-494f040e370d,fUST,0.00018946027397260273,2,6,1440.36182182,offer,2026-09-07T05:47:02.530415+00:00
c1ef6682-3e02-4522-960d-494f040e370d,fUST,0.00018946301369863016,2,16,3848.61745027,offer,2026-09-07T05:47:02.530415+00:00
c1ef6682-3e02-4522-960d-494f040e370d,fUST,0.00018946849315068496,2,4,795.82496911,offer,2026-09-07T05:47:02.530415+00:00
c1ef6682-3e02-4522-960d-494f040e370d,fUST,0.00019259,2,1,176.36,offer,2026-09-07T05:47:02.530415+00:00
c1ef6682-3e02-4522-960d-494f040e370d,fUST,0.00019259068413698626,7,2,715.73068128,offer,2026-09-07T05:47:02.530415+00:00
c1ef6682-3e02-4522-960d-494f040e370d,fUST,0.00019372,2,2,646.17490267,offer,2026-09-07T05:47:02.530415+00:00
c1ef6682-3e02-4522-960d-494f040e370d,fUST,0.00019373,2,15,4446.21186789,offer,2026-09-07T05:47:02.530415+00:00
c1ef6682-3e02-4522-960d-494f040e370d,fUST,0.000195,2,1,1451.47930106,offer,2026-09-07T05:47:02.530415+00:00
c1ef6682-3e02-4522-960d-494f040e370d,fUST,0.0001955849815068493,7,3,647.0603383,offer,2026-09-07T05:47:02.530415+00:00
fb0bc068-dfd7-48ec-ad1a-9de74dee8be1,fUST,0.0003190264589041096,2,1,-150.0,demand,2026-09-07T06:47:02.250467+00:00
fb0bc068-dfd7-48ec-ad1a-9de74dee8be1,fUST,0.0002442465753424658,120,1,-1978925.73076378,demand,2026-09-07T06:47:02.250467+00:00
fb0bc068-dfd7-48ec-ad1a-9de74dee8be1,fUST,0.00016,60,27,-242651.89567646,demand,2026-09-07T06:47:02.250467+00:00
fb0bc068-dfd7-48ec-ad1a-9de74dee8be1,fUST,0.000157,30,7,-77364.34461588,demand,2026-09-07T06:47:02.250467+00:00
fb0bc068-dfd7-48ec-ad1a-9de74dee8be1,fUST,0.000152,60,1,-28000.0,demand,2026-09-07T06:47:02.250467+00:00
fb0bc068-dfd7-48ec-ad1a-9de74dee8be1,fUST,0.00015,120,1,-300000.0,demand,2026-09-07T06:47:02.250467+00:00
fb0bc068-dfd7-48ec-ad1a-9de74dee8be1,fUST,0.00015,45,3,-13845.272985,demand,2026-09-07T06:47:02.250467+00:00
fb0bc068-dfd7-48ec-ad1a-9de74dee8be1,fUST,0.00015,30,29,-206715.65087501,demand,2026-09-07T06:47:02.250467+00:00
fb0bc068-dfd7-48ec-ad1a-9de74dee8be1,fUST,0.000148,30,4,-20000.0,demand,2026-09-07T06:47:02.250467+00:00
fb0bc068-dfd7-48ec-ad1a-9de74dee8be1,fUST,0.0001421,45,1,-10000.0,demand,2026-09-07T06:47:02.250467+00:00
fb0bc068-dfd7-48ec-ad1a-9de74dee8be1,fUST,0.000142,45,2,-20000.0,demand,2026-09-07T06:47:02.250467+00:00
fb0bc068-dfd7-48ec-ad1a-9de74dee8be1,fUST,0.000142,30,1,-28000.0,demand,2026-09-07T06:47:02.250467+00:00
fb0bc068-dfd7-48ec-ad1a-9de74dee8be1,fUST,0.0001401,30,5,-75000.0,demand,2026-09-07T06:47:02.250467+00:00
fb0bc068-dfd7-48ec-ad1a-9de74dee8be1,fUST,0.000138,20,6,-49368.52669917,demand,2026-09-07T06:47:02.250467+00:00
fb0bc068-dfd7-48ec-ad1a-9de74dee8be1,fUST,0.000136,30,3,-19544.22120933,demand,2026-09-07T06:47:02.250467+00:00
fb0bc068-dfd7-48ec-ad1a-9de74dee8be1,fUST,0.000135,15,5,-45000.0,demand,2026-09-07T06:47:02.250467+00:00
fb0bc068-dfd7-48ec-ad1a-9de74dee8be1,fUST,0.000133,14,1,-21995.9011587,demand,2026-09-07T06:47:02.250467+00:00
fb0bc068-dfd7-48ec-ad1a-9de74dee8be1,fUST,0.00013299999999999998,14,5,-20742.61839244,demand,2026-09-07T06:47:02.250467+00:00
fb0bc068-dfd7-48ec-ad1a-9de74dee8be1,fUST,0.000128,30,3,-30000.0,demand,2026-09-07T06:47:02.250467+00:00
fb0bc068-dfd7-48ec-ad1a-9de74dee8be1,fUST,0.000126599998,13,1,-97780.35811529,demand,2026-09-07T06:47:02.250467+00:00
fb0bc068-dfd7-48ec-ad1a-9de74dee8be1,fUST,0.000125,14,10,-78434.04490168,demand,2026-09-07T06:47:02.250467+00:00
fb0bc068-dfd7-48ec-ad1a-9de74dee8be1,fUST,0.000124,7,2,-5443.0,demand,2026-09-07T06:47:02.250467+00:00
fb0bc068-dfd7-48ec-ad1a-9de74dee8be1,fUST,0.0001225,59,1,-95000.0,demand,2026-09-07T06:47:02.250467+00:00
fb0bc068-dfd7-48ec-ad1a-9de74dee8be1,fUST,0.0001222,29,1,-194504.86890568,demand,2026-09-07T06:47:02.250467+00:00
fb0bc068-dfd7-48ec-ad1a-9de74dee8be1,fUST,0.0001202,19,1,-184532.71737778,demand,2026-09-07T06:47:02.250467+00:00
fb0bc068-dfd7-48ec-ad1a-9de74dee8be1,fUST,0.0001802823,2,1,21.7593,offer,2026-09-07T06:47:02.250467+00:00
fb0bc068-dfd7-48ec-ad1a-9de74dee8be1,fUST,0.0001857802602739726,2,2,597.31064248,offer,2026-09-07T06:47:02.250467+00:00
fb0bc068-dfd7-48ec-ad1a-9de74dee8be1,fUST,0.00018944383561643834,2,2,544.73836679,offer,2026-09-07T06:47:02.250467+00:00
fb0bc068-dfd7-48ec-ad1a-9de74dee8be1,fUST,0.00018945205479452057,2,1,326.53874212,offer,2026-09-07T06:47:02.250467+00:00
fb0bc068-dfd7-48ec-ad1a-9de74dee8be1,fUST,0.00019499,2,1,271.94,offer,2026-09-07T06:47:02.250467+00:00
fb0bc068-dfd7-48ec-ad1a-9de74dee8be1,fUST,0.000195,2,1,4950.11371172,offer,2026-09-07T06:47:02.250467+00:00
fb0bc068-dfd7-48ec-ad1a-9de74dee8be1,fUST,0.000196798,2,1,188.0,offer,2026-09-07T06:47:02.250467+00:00
fb0bc068-dfd7-48ec-ad1a-9de74dee8be1,fUST,0.00019701,2,1,157.969,offer,2026-09-07T06:47:02.250467+00:00
fb0bc068-dfd7-48ec-ad1a-9de74dee8be1,fUST,0.00019733972602739726,2,1,283.45811007,offer,2026-09-07T06:47:02.250467+00:00
fb0bc068-dfd7-48ec-ad1a-9de74dee8be1,fUST,0.00019734,2,1,279.33845439,offer,2026-09-07T06:47:02.250467+00:00
fb0bc068-dfd7-48ec-ad1a-9de74dee8be1,fUST,0.000199,2,2,2216.08914977,offer,2026-09-07T06:47:02.250467+00:00
fb0bc068-dfd7-48ec-ad1a-9de74dee8be1,fUST,0.000199738,2,1,4648.4879606,offer,2026-09-07T06:47:02.250467+00:00
fb0bc068-dfd7-48ec-ad1a-9de74dee8be1,fUST,0.000199870006,2,4,1186.95888658,offer,2026-09-07T06:47:02.250467+00:00
fb0bc068-dfd7-48ec-ad1a-9de74dee8be1,fUST,0.00019989,3,1,332.14,offer,2026-09-07T06:47:02.250467+00:00
fb0bc068-dfd7-48ec-ad1a-9de74dee8be1,fUST,0.00019998,3,1,300.0,offer,2026-09-07T06:47:02.250467+00:00
fb0bc068-dfd7-48ec-ad1a-9de74dee8be1,fUST,0.00019998,2,13,132735.70987412,offer,2026-09-07T06:47:02.250467+00:00
fb0bc068-dfd7-48ec-ad1a-9de74dee8be1,fUST,0.00019999,2,42,2699227.90659267,offer,2026-09-07T06:47:02.250467+00:00
fb0bc068-dfd7-48ec-ad1a-9de74dee8be1,fUST,0.0001999901,2,4,2135.7,offer,2026-09-07T06:47:02.250467+00:00
fb0bc068-dfd7-48ec-ad1a-9de74dee8be1,fUST,0.00019999191838884197,2,3,798.26594975,offer,2026-09-07T06:47:02.250467+00:00
fb0bc068-dfd7-48ec-ad1a-9de74dee8be1,fUST,0.000199992,2,3,1043.72955498,offer,2026-09-07T06:47:02.250467+00:00
fb0bc068-dfd7-48ec-ad1a-9de74dee8be1,fUST,0.0002,2,17,155709.85442597,offer,2026-09-07T06:47:02.250467+00:00
fb0bc068-dfd7-48ec-ad1a-9de74dee8be1,fUST,0.0002,30,1,450.0,offer,2026-09-07T06:47:02.250467+00:00
fb0bc068-dfd7-48ec-ad1a-9de74dee8be1,fUST,0.0002,3,1,2738.0,offer,2026-09-07T06:47:02.250467+00:00
fb0bc068-dfd7-48ec-ad1a-9de74dee8be1,fUST,0.0002,5,1,1007.224083,offer,2026-09-07T06:47:02.250467+00:00
fb0bc068-dfd7-48ec-ad1a-9de74dee8be1,fUST,0.00020002,2,1,537.93,offer,2026-09-07T06:47:02.250467+00:00
f361cb37-b325-4a3f-a590-76407d67fcc4,fUST,0.0003390264589041096,2,1,-150.0,demand,2026-09-07T07:47:02.550410+00:00
f361cb37-b325-4a3f-a590-76407d67fcc4,fUST,0.00024404931506849314,120,1,-1978925.73076378,demand,2026-09-07T07:47:02.550410+00:00
f361cb37-b325-4a3f-a590-76407d67fcc4,fUST,0.00016,60,27,-242651.89567646,demand,2026-09-07T07:47:02.550410+00:00
f361cb37-b325-4a3f-a590-76407d67fcc4,fUST,0.000157,30,7,-76614.98451588,demand,2026-09-07T07:47:02.550410+00:00
f361cb37-b325-4a3f-a590-76407d67fcc4,fUST,0.000152,60,1,-28000.0,demand,2026-09-07T07:47:02.550410+00:00
f361cb37-b325-4a3f-a590-76407d67fcc4,fUST,0.00015,120,1,-300000.0,demand,2026-09-07T07:47:02.550410+00:00
f361cb37-b325-4a3f-a590-76407d67fcc4,fUST,0.00015,45,3,-13845.272985,demand,2026-09-07T07:47:02.550410+00:00
f361cb37-b325-4a3f-a590-76407d67fcc4,fUST,0.00015,30,29,-206715.65087501,demand,2026-09-07T07:47:02.550410+00:00
f361cb37-b325-4a3f-a590-76407d67fcc4,fUST,0.000148,30,4,-20000.0,demand,2026-09-07T07:47:02.550410+00:00
f361cb37-b325-4a3f-a590-76407d67fcc4,fUST,0.0001421,45,1,-10000.0,demand,2026-09-07T07:47:02.550410+00:00
f361cb37-b325-4a3f-a590-76407d67fcc4,fUST,0.000142,45,2,-20000.0,demand,2026-09-07T07:47:02.550410+00:00
f361cb37-b325-4a3f-a590-76407d67fcc4,fUST,0.000142,30,1,-28000.0,demand,2026-09-07T07:47:02.550410+00:00
f361cb37-b325-4a3f-a590-76407d67fcc4,fUST,0.0001401,30,5,-75000.0,demand,2026-09-07T07:47:02.550410+00:00
f361cb37-b325-4a3f-a590-76407d67fcc4,fUST,0.000138,20,6,-49368.52669917,demand,2026-09-07T07:47:02.550410+00:00
f361cb37-b325-4a3f-a590-76407d67fcc4,fUST,0.000136,30,3,-19544.22120933,demand,2026-09-07T07:47:02.550410+00:00
f361cb37-b325-4a3f-a590-76407d67fcc4,fUST,0.000135,15,5,-45000.0,demand,2026-09-07T07:47:02.550410+00:00
f361cb37-b325-4a3f-a590-76407d67fcc4,fUST,0.000133,14,1,-21995.9011587,demand,2026-09-07T07:47:02.550410+00:00
f361cb37-b325-4a3f-a590-76407d67fcc4,fUST,0.00013299999999999998,14,5,-20742.61839244,demand,2026-09-07T07:47:02.550410+00:00
f361cb37-b325-4a3f-a590-76407d67fcc4,fUST,0.000128,30,3,-30000.0,demand,2026-09-07T07:47:02.550410+00:00
f361cb37-b325-4a3f-a590-76407d67fcc4,fUST,0.000126599998,13,1,-97780.35811529,demand,2026-09-07T07:47:02.550410+00:00
f361cb37-b325-4a3f-a590-76407d67fcc4,fUST,0.000125,14,10,-78434.04490168,demand,2026-09-07T07:47:02.550410+00:00
f361cb37-b325-4a3f-a590-76407d67fcc4,fUST,0.000124,7,2,-5443.0,demand,2026-09-07T07:47:02.550410+00:00
f361cb37-b325-4a3f-a590-76407d67fcc4,fUST,0.0001225,59,1,-95000.0,demand,2026-09-07T07:47:02.550410+00:00
f361cb37-b325-4a3f-a590-76407d67fcc4,fUST,0.0001222,29,1,-194504.86890568,demand,2026-09-07T07:47:02.550410+00:00
f361cb37-b325-4a3f-a590-76407d67fcc4,fUST,0.0001202,19,1,-184532.71737778,demand,2026-09-07T07:47:02.550410+00:00
f361cb37-b325-4a3f-a590-76407d67fcc4,fUST,0.00018055845890410958,2,1,476.36180087,offer,2026-09-07T07:47:02.550410+00:00
f361cb37-b325-4a3f-a590-76407d67fcc4,fUST,0.00018056,2,1,195.43,offer,2026-09-07T07:47:02.550410+00:00
f361cb37-b325-4a3f-a590-76407d67fcc4,fUST,0.0001852262,2,1,220.2266131,offer,2026-09-07T07:47:02.550410+00:00
f361cb37-b325-4a3f-a590-76407d67fcc4,fUST,0.000186059,2,1,317.57453391,offer,2026-09-07T07:47:02.550410+00:00
f361cb37-b325-4a3f-a590-76407d67fcc4,fUST,0.00018972602739726027,2,1,158.78726696,offer,2026-09-07T07:47:02.550410+00:00
f361cb37-b325-4a3f-a590-76407d67fcc4,fUST,0.00018999,2,2,1956.37279284,offer,2026-09-07T07:47:02.550410+00:00
f361cb37-b325-4a3f-a590-76407d67fcc4,fUST,0.000189995,2,1,181.5208891,offer,2026-09-07T07:47:02.550410+00:00
f361cb37-b325-4a3f-a590-76407d67fcc4,fUST,0.00019,2,1,1790.27986837,offer,2026-09-07T07:47:02.550410+00:00
f361cb37-b325-4a3f-a590-76407d67fcc4,fUST,0.000195,2,1,3674.19226542,offer,2026-09-07T07:47:02.550410+00:00
f361cb37-b325-4a3f-a590-76407d67fcc4,fUST,0.00019861,2,1,195.43,offer,2026-09-07T07:47:02.550410+00:00
f361cb37-b325-4a3f-a590-76407d67fcc4,fUST,0.000199121,2,1,188.0,offer,2026-09-07T07:47:02.550410+00:00
f361cb37-b325-4a3f-a590-76407d67fcc4,fUST,0.000199870006,2,1,220.95264012,offer,2026-09-07T07:47:02.550410+00:00
f361cb37-b325-4a3f-a590-76407d67fcc4,fUST,0.00019997,2,5,1231.99303837,offer,2026-09-07T07:47:02.550410+00:00
f361cb37-b325-4a3f-a590-76407d67fcc4,fUST,0.00019998,2,12,132147.62604155,offer,2026-09-07T07:47:02.550410+00:00
f361cb37-b325-4a3f-a590-76407d67fcc4,fUST,0.00019999,2,25,892185.7009604,offer,2026-09-07T07:47:02.550410+00:00
f361cb37-b325-4a3f-a590-76407d67fcc4,fUST,0.0001999901,2,6,3044.43,offer,2026-09-07T07:47:02.550410+00:00
f361cb37-b325-4a3f-a590-76407d67fcc4,fUST,0.0002,2,18,156209.85442597,offer,2026-09-07T07:47:02.550410+00:00
f361cb37-b325-4a3f-a590-76407d67fcc4,fUST,0.0002,3,1,2738.0,offer,2026-09-07T07:47:02.550410+00:00
f361cb37-b325-4a3f-a590-76407d67fcc4,fUST,0.0002,5,1,1007.224083,offer,2026-09-07T07:47:02.550410+00:00
f361cb37-b325-4a3f-a590-76407d67fcc4,fUST,0.00020002,2,1,537.93,offer,2026-09-07T07:47:02.550410+00:00
f361cb37-b325-4a3f-a590-76407d67fcc4,fUST,0.00020004,2,1,537.93,offer,2026-09-07T07:47:02.550410+00:00
f361cb37-b325-4a3f-a590-76407d67fcc4,fUST,0.00020006,2,1,537.93,offer,2026-09-07T07:47:02.550410+00:00
f361cb37-b325-4a3f-a590-76407d67fcc4,fUST,0.00020008,2,1,537.93,offer,2026-09-07T07:47:02.550410+00:00
f361cb37-b325-4a3f-a590-76407d67fcc4,fUST,0.0002001,2,1,537.93,offer,2026-09-07T07:47:02.550410+00:00
f361cb37-b325-4a3f-a590-76407d67fcc4,fUST,0.00020012,2,1,537.93,offer,2026-09-07T07:47:02.550410+00:00
6a07685c-d733-481d-98d4-e2b54e333bac,fUST,0.0003590264589041096,2,1,-150.0,demand,2026-09-07T08:47:02.347890+00:00
6a07685c-d733-481d-98d4-e2b54e333bac,fUST,0.00024403287671232878,120,1,-1978925.73076378,demand,2026-09-07T08:47:02.347890+00:00
6a07685c-d733-481d-98d4-e2b54e333bac,fUST,0.00016,60,26,-75079.88687646,demand,2026-09-07T08:47:02.347890+00:00
6a07685c-d733-481d-98d4-e2b54e333bac,fUST,0.000152,60,1,-28000.0,demand,2026-09-07T08:47:02.347890+00:00
6a07685c-d733-481d-98d4-e2b54e333bac,fUST,0.00015,120,1,-300000.0,demand,2026-09-07T08:47:02.347890+00:00
6a07685c-d733-481d-98d4-e2b54e333bac,fUST,0.00015,45,23,-138845.272985,demand,2026-09-07T08:47:02.347890+00:00
6a07685c-d733-481d-98d4-e2b54e333bac,fUST,0.000148,30,3,-14253.00753987,demand,2026-09-07T08:47:02.347890+00:00
6a07685c-d733-481d-98d4-e2b54e333bac,fUST,0.0001421,45,1,-10000.0,demand,2026-09-07T08:47:02.347890+00:00
6a07685c-d733-481d-98d4-e2b54e333bac,fUST,0.000142,45,2,-20000.0,demand,2026-09-07T08:47:02.347890+00:00
6a07685c-d733-481d-98d4-e2b54e333bac,fUST,0.000142,30,1,-28000.0,demand,2026-09-07T08:47:02.347890+00:00
6a07685c-d733-481d-98d4-e2b54e333bac,fUST,0.0001401,30,4,-55000.0,demand,2026-09-07T08:47:02.347890+00:00
6a07685c-d733-481d-98d4-e2b54e333bac,fUST,0.000136,30,3,-19544.22120933,demand,2026-09-07T08:47:02.347890+00:00
6a07685c-d733-481d-98d4-e2b54e333bac,fUST,0.000128,30,3,-30000.0,demand,2026-09-07T08:47:02.347890+00:00
6a07685c-d733-481d-98d4-e2b54e333bac,fUST,0.000126599998,13,1,-97780.35811529,demand,2026-09-07T08:47:02.347890+00:00
6a07685c-d733-481d-98d4-e2b54e333bac,fUST,0.0001225,59,1,-95000.0,demand,2026-09-07T08:47:02.347890+00:00
6a07685c-d733-481d-98d4-e2b54e333bac,fUST,0.0001222,29,1,-194504.86890568,demand,2026-09-07T08:47:02.347890+00:00
6a07685c-d733-481d-98d4-e2b54e333bac,fUST,0.0001202,19,1,-184532.71737778,demand,2026-09-07T08:47:02.347890+00:00
6a07685c-d733-481d-98d4-e2b54e333bac,fUST,0.00012,120,1,-30000.0,demand,2026-09-07T08:47:02.347890+00:00
6a07685c-d733-481d-98d4-e2b54e333bac,fUST,0.000119,2,1,-375990.16029034,demand,2026-09-07T08:47:02.347890+00:00
6a07685c-d733-481d-98d4-e2b54e333bac,fUST,0.0001181,7,1,-85031.83877516,demand,2026-09-07T08:47:02.347890+00:00
6a07685c-d733-481d-98d4-e2b54e333bac,fUST,0.00011701,2,1,-682976.95817625,demand,2026-09-07T08:47:02.347890+00:00
6a07685c-d733-481d-98d4-e2b54e333bac,fUST,0.00011011,2,1,-1488853.9528906,demand,2026-09-07T08:47:02.347890+00:00
6a07685c-d733-481d-98d4-e2b54e333bac,fUST,0.0001101,2,3,-4366829.49373192,demand,2026-09-07T08:47:02.347890+00:00
6a07685c-d733-481d-98d4-e2b54e333bac,fUST,0.000101,120,1,-293300.0,demand,2026-09-07T08:47:02.347890+00:00
6a07685c-d733-481d-98d4-e2b54e333bac,fUST,8.1e-05,13,1,-220298.60067989,demand,2026-09-07T08:47:02.347890+00:00
6a07685c-d733-481d-98d4-e2b54e333bac,fUST,0.0001434442,2,1,11365.8290864,offer,2026-09-07T08:47:02.347890+00:00
6a07685c-d733-481d-98d4-e2b54e333bac,fUST,0.000147,2,1,160.558,offer,2026-09-07T08:47:02.347890+00:00
6a07685c-d733-481d-98d4-e2b54e333bac,fUST,0.00014999,2,9,94505.42233327,offer,2026-09-07T08:47:02.347890+00:00
6a07685c-d733-481d-98d4-e2b54e333bac,fUST,0.00015,30,3,1798986.06732705,offer,2026-09-07T08:47:02.347890+00:00
6a07685c-d733-481d-98d4-e2b54e333bac,fUST,0.00015,2,6,2013.34632954,offer,2026-09-07T08:47:02.347890+00:00
6a07685c-d733-481d-98d4-e2b54e333bac,fUST,0.0001500001,2,6,3044.43,offer,2026-09-07T08:47:02.347890+00:00
6a07685c-d733-481d-98d4-e2b54e333bac,fUST,0.00015068493150684933,2,1,222.1941071,offer,2026-09-07T08:47:02.347890+00:00
6a07685c-d733-481d-98d4-e2b54e333bac,fUST,0.00015298,2,1,600.0,offer,2026-09-07T08:47:02.347890+00:00
6a07685c-d733-481d-98d4-e2b54e333bac,fUST,0.00015299999999999998,3,1,338.03157027,offer,2026-09-07T08:47:02.347890+00:00
6a07685c-d733-481d-98d4-e2b54e333bac,fUST,0.0001551696291,2,1,981.909316,offer,2026-09-07T08:47:02.347890+00:00
6a07685c-d733-481d-98d4-e2b54e333bac,fUST,0.000157,30,1,1889340.28834961,offer,2026-09-07T08:47:02.347890+00:00
6a07685c-d733-481d-98d4-e2b54e333bac,fUST,0.000157,5,1,338.03157027,offer,2026-09-07T08:47:02.347890+00:00
6a07685c-d733-481d-98d4-e2b54e333bac,fUST,0.00016,15,1,2000000.0,offer,2026-09-07T08:47:02.347890+00:00
6a07685c-d733-481d-98d4-e2b54e333bac,fUST,0.00016,2,1,150.0,offer,2026-09-07T08:47:02.347890+00:00
6a07685c-d733-481d-98d4-e2b54e333bac,fUST,0.00016014,6,1,338.03157027,offer,2026-09-07T08:47:02.347890+00:00
6a07685c-d733-481d-98d4-e2b54e333bac,fUST,0.00016170168389452054,2,1,981.909316,offer,2026-09-07T08:47:02.347890+00:00
6a07685c-d733-481d-98d4-e2b54e333bac,fUST,0.0001633428,7,1,338.03157027,offer,2026-09-07T08:47:02.347890+00:00
6a07685c-d733-481d-98d4-e2b54e333bac,fUST,0.0001643836,2,2,347.212,offer,2026-09-07T08:47:02.347890+00:00
6a07685c-d733-481d-98d4-e2b54e333bac,fUST,0.0001653836,2,1,175.4527,offer,2026-09-07T08:47:02.347890+00:00
6a07685c-d733-481d-98d4-e2b54e333bac,fUST,0.0001682337386890411,2,1,981.909316,offer,2026-09-07T08:47:02.347890+00:00
6a07685c-d733-481d-98d4-e2b54e333bac,fUST,0.00016828,2,1,720.0,offer,2026-09-07T08:47:02.347890+00:00
6a07685c-d733-481d-98d4-e2b54e333bac,fUST,0.00016871295300261384,2,2,4787.59404367,offer,2026-09-07T08:47:02.347890+00:00
6a07685c-d733-481d-98d4-e2b54e333bac,fUST,0.00017476579348356164,2,1,981.909316,offer,2026-09-07T08:47:02.347890+00:00
6a07685c-d733-481d-98d4-e2b54e333bac,fUST,0.0001784931507,2,2,617.1140025,offer,2026-09-07T08:47:02.347890+00:00
6a07685c-d733-481d-98d4-e2b54e333bac,fUST,0.00017997636986301368,2,1,206.84868599,offer,2026-09-07T08:47:02.347890+00:00
9239a5ec-a1a1-4c0f-a415-ac00e64b6150,fUST,0.0002442082191780822,120,1,-1956810.12583136,demand,2026-09-07T09:47:02.472722+00:00
9239a5ec-a1a1-4c0f-a415-ac00e64b6150,fUST,0.00016,60,27,-95380.54152551,demand,2026-09-07T09:47:02.472722+00:00
9239a5ec-a1a1-4c0f-a415-ac00e64b6150,fUST,0.000152,60,1,-28000.0,demand,2026-09-07T09:47:02.472722+00:00
9239a5ec-a1a1-4c0f-a415-ac00e64b6150,fUST,0.00015,120,1,-300000.0,demand,2026-09-07T09:47:02.472722+00:00
9239a5ec-a1a1-4c0f-a415-ac00e64b6150,fUST,0.00015,45,23,-138845.272985,demand,2026-09-07T09:47:02.472722+00:00
9239a5ec-a1a1-4c0f-a415-ac00e64b6150,fUST,0.000148,30,3,-13226.91776452,demand,2026-09-07T09:47:02.472722+00:00
9239a5ec-a1a1-4c0f-a415-ac00e64b6150,fUST,0.0001434442,2,4,-7544.23316774,demand,2026-09-07T09:47:02.472722+00:00
9239a5ec-a1a1-4c0f-a415-ac00e64b6150,fUST,0.0001421,45,1,-10000.0,demand,2026-09-07T09:47:02.472722+00:00
9239a5ec-a1a1-4c0f-a415-ac00e64b6150,fUST,0.000142,45,2,-20000.0,demand,2026-09-07T09:47:02.472722+00:00
9239a5ec-a1a1-4c0f-a415-ac00e64b6150,fUST,0.000142,30,1,-28000.0,demand,2026-09-07T09:47:02.472722+00:00
9239a5ec-a1a1-4c0f-a415-ac00e64b6150,fUST,0.0001401,30,4,-55000.0,demand,2026-09-07T09:47:02.472722+00:00
9239a5ec-a1a1-4c0f-a415-ac00e64b6150,fUST,0.000136,30,3,-19544.22120933,demand,2026-09-07T09:47:02.472722+00:00
9239a5ec-a1a1-4c0f-a415-ac00e64b6150,fUST,0.000128,30,3,-30000.0,demand,2026-09-07T09:47:02.472722+00:00
9239a5ec-a1a1-4c0f-a415-ac00e64b6150,fUST,0.000126599998,13,1,-97780.35811529,demand,2026-09-07T09:47:02.472722+00:00
9239a5ec-a1a1-4c0f-a415-ac00e64b6150,fUST,0.0001225,59,1,-95000.0,demand,2026-09-07T09:47:02.472722+00:00
9239a5ec-a1a1-4c0f-a415-ac00e64b6150,fUST,0.0001222,29,1,-194504.86890568,demand,2026-09-07T09:47:02.472722+00:00
9239a5ec-a1a1-4c0f-a415-ac00e64b6150,fUST,0.0001202,19,1,-184532.71737778,demand,2026-09-07T09:47:02.472722+00:00
9239a5ec-a1a1-4c0f-a415-ac00e64b6150,fUST,0.00012,120,1,-30000.0,demand,2026-09-07T09:47:02.472722+00:00
9239a5ec-a1a1-4c0f-a415-ac00e64b6150,fUST,0.000119,2,1,-348925.81780058,demand,2026-09-07T09:47:02.472722+00:00
9239a5ec-a1a1-4c0f-a415-ac00e64b6150,fUST,0.0001181,7,1,-85031.83877516,demand,2026-09-07T09:47:02.472722+00:00
9239a5ec-a1a1-4c0f-a415-ac00e64b6150,fUST,0.00011701,2,1,-682976.95817625,demand,2026-09-07T09:47:02.472722+00:00
9239a5ec-a1a1-4c0f-a415-ac00e64b6150,fUST,0.00011011,2,1,-1488853.9528906,demand,2026-09-07T09:47:02.472722+00:00
9239a5ec-a1a1-4c0f-a415-ac00e64b6150,fUST,0.0001101,2,3,-4366829.49373192,demand,2026-09-07T09:47:02.472722+00:00
9239a5ec-a1a1-4c0f-a415-ac00e64b6150,fUST,0.000101,120,1,-293300.0,demand,2026-09-07T09:47:02.472722+00:00
9239a5ec-a1a1-4c0f-a415-ac00e64b6150,fUST,8.1e-05,13,1,-220298.60067989,demand,2026-09-07T09:47:02.472722+00:00
9239a5ec-a1a1-4c0f-a415-ac00e64b6150,fUST,0.000136986301369863,2,1,619.3294477,offer,2026-09-07T09:47:02.472722+00:00
9239a5ec-a1a1-4c0f-a415-ac00e64b6150,fUST,0.0001424658,2,1,445.47653425,offer,2026-09-07T09:47:02.472722+00:00
9239a5ec-a1a1-4c0f-a415-ac00e64b6150,fUST,0.00014248099999999997,2,4,1202.38666263,offer,2026-09-07T09:47:02.472722+00:00
9239a5ec-a1a1-4c0f-a415-ac00e64b6150,fUST,0.000143,2,3,659.264,offer,2026-09-07T09:47:02.472722+00:00
9239a5ec-a1a1-4c0f-a415-ac00e64b6150,fUST,0.0001432813698630137,2,23,10883.81577878,offer,2026-09-07T09:47:02.472722+00:00
9239a5ec-a1a1-4c0f-a415-ac00e64b6150,fUST,0.0001433013698630137,2,9,166082.39971105,offer,2026-09-07T09:47:02.472722+00:00
9239a5ec-a1a1-4c0f-a415-ac00e64b6150,fUST,0.0001433023287671233,2,6,78000.0,offer,2026-09-07T09:47:02.472722+00:00
9239a5ec-a1a1-4c0f-a415-ac00e64b6150,fUST,0.0001433123287671233,2,5,58172.81284525,offer,2026-09-07T09:47:02.472722+00:00
9239a5ec-a1a1-4c0f-a415-ac00e64b6150,fUST,0.00014333,2,1,366.36171011,offer,2026-09-07T09:47:02.472722+00:00
9239a5ec-a1a1-4c0f-a415-ac00e64b6150,fUST,0.00014334,2,44,49356.5572998,offer,2026-09-07T09:47:02.472722+00:00
9239a5ec-a1a1-4c0f-a415-ac00e64b6150,fUST,0.0001433434,2,1,332.97,offer,2026-09-07T09:47:02.472722+00:00
9239a5ec-a1a1-4c0f-a415-ac00e64b6150,fUST,0.00014339822499999998,2,1,500.0,offer,2026-09-07T09:47:02.472722+00:00
9239a5ec-a1a1-4c0f-a415-ac00e64b6150,fUST,0.00014343,2,6,3014.19939732,offer,2026-09-07T09:47:02.472722+00:00
9239a5ec-a1a1-4c0f-a415-ac00e64b6150,fUST,0.00014344,2,5,6115.84,offer,2026-09-07T09:47:02.472722+00:00
9239a5ec-a1a1-4c0f-a415-ac00e64b6150,fUST,0.00014344383561643836,2,1,500.0,offer,2026-09-07T09:47:02.472722+00:00
9239a5ec-a1a1-4c0f-a415-ac00e64b6150,fUST,0.0001434442,2,3,15000.0,offer,2026-09-07T09:47:02.472722+00:00
9239a5ec-a1a1-4c0f-a415-ac00e64b6150,fUST,0.000145,7,1,500.0,offer,2026-09-07T09:47:02.472722+00:00
9239a5ec-a1a1-4c0f-a415-ac00e64b6150,fUST,0.00014522099999999996,2,1,160.06773307,offer,2026-09-07T09:47:02.472722+00:00
9239a5ec-a1a1-4c0f-a415-ac00e64b6150,fUST,0.00014561643838,2,1,151.0,offer,2026-09-07T09:47:02.472722+00:00
9239a5ec-a1a1-4c0f-a415-ac00e64b6150,fUST,0.0001461835616438356,2,1,500.0,offer,2026-09-07T09:47:02.472722+00:00
9239a5ec-a1a1-4c0f-a415-ac00e64b6150,fUST,0.00014725,2,16,7844.77551336,offer,2026-09-07T09:47:02.472722+00:00
9239a5ec-a1a1-4c0f-a415-ac00e64b6150,fUST,0.0001474952409,2,1,2197.901552,offer,2026-09-07T09:47:02.472722+00:00
9239a5ec-a1a1-4c0f-a415-ac00e64b6150,fUST,0.00014796099999999995,2,3,570.02284988,offer,2026-09-07T09:47:02.472722+00:00
9239a5ec-a1a1-4c0f-a415-ac00e64b6150,fUST,0.0001489232876712329,2,1,509.5957615,offer,2026-09-07T09:47:02.472722+00:00
9239a5ec-a1a1-4c0f-a415-ac00e64b6150,fUST,0.00014998,2,21,10334.68354412,offer,2026-09-07T09:47:02.472722+00:00
e4102418-1c3f-4344-85e0-b693b3591df4,fUST,0.00024328493150684933,120,1,-1646762.2602139,demand,2026-09-07T10:47:02.295953+00:00
e4102418-1c3f-4344-85e0-b693b3591df4,fUST,0.0001634442,2,1,-150.0,demand,2026-09-07T10:47:02.295953+00:00
e4102418-1c3f-4344-85e0-b693b3591df4,fUST,0.00016,60,27,-95380.54152551,demand,2026-09-07T10:47:02.295953+00:00
e4102418-1c3f-4344-85e0-b693b3591df4,fUST,0.000152,60,1,-28000.0,demand,2026-09-07T10:47:02.295953+00:00
e4102418-1c3f-4344-85e0-b693b3591df4,fUST,0.00015,120,1,-300000.0,demand,2026-09-07T10:47:02.295953+00:00
e4102418-1c3f-4344-85e0-b693b3591df4,fUST,0.00015,45,23,-138845.272985,demand,2026-09-07T10:47:02.295953+00:00
e4102418-1c3f-4344-85e0-b693b3591df4,fUST,0.000148,30,2,-5382.14225116,demand,2026-09-07T10:47:02.295953+00:00
e4102418-1c3f-4344-85e0-b693b3591df4,fUST,0.0001421,45,1,-10000.0,demand,2026-09-07T10:47:02.295953+00:00
e4102418-1c3f-4344-85e0-b693b3591df4,fUST,0.000142,45,2,-20000.0,demand,2026-09-07T10:47:02.295953+00:00
e4102418-1c3f-4344-85e0-b693b3591df4,fUST,0.000142,30,1,-28000.0,demand,2026-09-07T10:47:02.295953+00:00
e4102418-1c3f-4344-85e0-b693b3591df4,fUST,0.0001401,30,4,-55000.0,demand,2026-09-07T10:47:02.295953+00:00
e4102418-1c3f-4344-85e0-b693b3591df4,fUST,0.000136,30,3,-19544.22120933,demand,2026-09-07T10:47:02.295953+00:00
e4102418-1c3f-4344-85e0-b693b3591df4,fUST,0.000128,30,3,-30000.0,demand,2026-09-07T10:47:02.295953+00:00
e4102418-1c3f-4344-85e0-b693b3591df4,fUST,0.000126599998,13,1,-97780.35811529,demand,2026-09-07T10:47:02.295953+00:00
e4102418-1c3f-4344-85e0-b693b3591df4,fUST,0.0001225,59,1,-95000.0,demand,2026-09-07T10:47:02.295953+00:00
e4102418-1c3f-4344-85e0-b693b3591df4,fUST,0.0001222,29,1,-194504.86890568,demand,2026-09-07T10:47:02.295953+00:00
e4102418-1c3f-4344-85e0-b693b3591df4,fUST,0.0001202,19,1,-184532.71737778,demand,2026-09-07T10:47:02.295953+00:00
e4102418-1c3f-4344-85e0-b693b3591df4,fUST,0.00012,120,1,-30000.0,demand,2026-09-07T10:47:02.295953+00:00
e4102418-1c3f-4344-85e0-b693b3591df4,fUST,0.000119,2,1,-348925.81780058,demand,2026-09-07T10:47:02.295953+00:00
e4102418-1c3f-4344-85e0-b693b3591df4,fUST,0.0001181,7,1,-85031.83877516,demand,2026-09-07T10:47:02.295953+00:00
e4102418-1c3f-4344-85e0-b693b3591df4,fUST,0.00011701,2,1,-682976.95817625,demand,2026-09-07T10:47:02.295953+00:00
e4102418-1c3f-4344-85e0-b693b3591df4,fUST,0.00011011,2,1,-1488853.9528906,demand,2026-09-07T10:47:02.295953+00:00
e4102418-1c3f-4344-85e0-b693b3591df4,fUST,0.0001101,2,3,-4366829.49373192,demand,2026-09-07T10:47:02.295953+00:00
e4102418-1c3f-4344-85e0-b693b3591df4,fUST,0.000101,120,1,-293300.0,demand,2026-09-07T10:47:02.295953+00:00
e4102418-1c3f-4344-85e0-b693b3591df4,fUST,8.1e-05,13,1,-220298.60067989,demand,2026-09-07T10:47:02.295953+00:00
e4102418-1c3f-4344-85e0-b693b3591df4,fUST,0.000126168385,2,1,151.0,offer,2026-09-07T10:47:02.295953+00:00
e4102418-1c3f-4344-85e0-b693b3591df4,fUST,0.0001291373,2,1,164.90756693,offer,2026-09-07T10:47:02.295953+00:00
e4102418-1c3f-4344-85e0-b693b3591df4,fUST,0.0001291473,2,1,9378.4253679,offer,2026-09-07T10:47:02.295953+00:00
e4102418-1c3f-4344-85e0-b693b3591df4,fUST,0.00013,2,3,5459.27986837,offer,2026-09-07T10:47:02.295953+00:00
e4102418-1c3f-4344-85e0-b693b3591df4,fUST,0.0001300705,2,1,2500.893075,offer,2026-09-07T10:47:02.295953+00:00
e4102418-1c3f-4344-85e0-b693b3591df4,fUST,0.000136986301369863,2,1,233.905981,offer,2026-09-07T10:47:02.295953+00:00
e4102418-1c3f-4344-85e0-b693b3591df4,fUST,0.0001374945,2,1,682.3670663,offer,2026-09-07T10:47:02.295953+00:00
e4102418-1c3f-4344-85e0-b693b3591df4,fUST,0.00013999,2,3,1210.17416293,offer,2026-09-07T10:47:02.295953+00:00
e4102418-1c3f-4344-85e0-b693b3591df4,fUST,0.0001399971,2,1,3758.0815239,offer,2026-09-07T10:47:02.295953+00:00
e4102418-1c3f-4344-85e0-b693b3591df4,fUST,0.00014,2,17,224657.98637226,offer,2026-09-07T10:47:02.295953+00:00
e4102418-1c3f-4344-85e0-b693b3591df4,fUST,0.0001400705,2,1,159.78079341,offer,2026-09-07T10:47:02.295953+00:00
e4102418-1c3f-4344-85e0-b693b3591df4,fUST,0.0001402851,2,1,189.84,offer,2026-09-07T10:47:02.295953+00:00
e4102418-1c3f-4344-85e0-b693b3591df4,fUST,0.0001425,2,1,500.0,offer,2026-09-07T10:47:02.295953+00:00
e4102418-1c3f-4344-85e0-b693b3591df4,fUST,0.00014583835619,2,1,166.9442718,offer,2026-09-07T10:47:02.295953+00:00
e4102418-1c3f-4344-85e0-b693b3591df4,fUST,0.00014999,2,4,1946.83323148,offer,2026-09-07T10:47:02.295953+00:00
e4102418-1c3f-4344-85e0-b693b3591df4,fUST,0.000149999,2,1,1036.73001558,offer,2026-09-07T10:47:02.295953+00:00
e4102418-1c3f-4344-85e0-b693b3591df4,fUST,0.00014999966666666664,2,1,533.65033287,offer,2026-09-07T10:47:02.295953+00:00
e4102418-1c3f-4344-85e0-b693b3591df4,fUST,0.00015,30,1,99194.18348642,offer,2026-09-07T10:47:02.295953+00:00
e4102418-1c3f-4344-85e0-b693b3591df4,fUST,0.00015,2,5,16028.87554143,offer,2026-09-07T10:47:02.295953+00:00
e4102418-1c3f-4344-85e0-b693b3591df4,fUST,0.00015,5,1,2500.0,offer,2026-09-07T10:47:02.295953+00:00
e4102418-1c3f-4344-85e0-b693b3591df4,fUST,0.00015046934999999998,2,3,562.09292985,offer,2026-09-07T10:47:02.295953+00:00
e4102418-1c3f-4344-85e0-b693b3591df4,fUST,0.00015066978884816334,2,1,4470.19472183,offer,2026-09-07T10:47:02.295953+00:00
e4102418-1c3f-4344-85e0-b693b3591df4,fUST,0.00015068493150684933,2,1,207.776627,offer,2026-09-07T10:47:02.295953+00:00
e4102418-1c3f-4344-85e0-b693b3591df4,fUST,0.000151,2,1,1000.0,offer,2026-09-07T10:47:02.295953+00:00
e4102418-1c3f-4344-85e0-b693b3591df4,fUST,0.00015100398887770984,2,1,926.15383816,offer,2026-09-07T10:47:02.295953+00:00
458d86ed-d4cc-4b19-9d4b-89ca857e5d8b,fUST,0.000242786301369863,120,1,-1632463.20506502,demand,2026-09-07T11:47:02.726329+00:00
458d86ed-d4cc-4b19-9d4b-89ca857e5d8b,fUST,0.0001834442,2,1,-150.0,demand,2026-09-07T11:47:02.726329+00:00
458d86ed-d4cc-4b19-9d4b-89ca857e5d8b,fUST,0.00016,60,27,-95380.54152551,demand,2026-09-07T11:47:02.726329+00:00
458d86ed-d4cc-4b19-9d4b-89ca857e5d8b,fUST,0.000152,60,1,-28000.0,demand,2026-09-07T11:47:02.726329+00:00
458d86ed-d4cc-4b19-9d4b-89ca857e5d8b,fUST,0.00015,120,1,-300000.0,demand,2026-09-07T11:47:02.726329+00:00
458d86ed-d4cc-4b19-9d4b-89ca857e5d8b,fUST,0.00015,45,23,-138845.272985,demand,2026-09-07T11:47:02.726329+00:00
458d86ed-d4cc-4b19-9d4b-89ca857e5d8b,fUST,0.000148,30,2,-5382.14225116,demand,2026-09-07T11:47:02.726329+00:00
458d86ed-d4cc-4b19-9d4b-89ca857e5d8b,fUST,0.0001421,45,1,-10000.0,demand,2026-09-07T11:47:02.726329+00:00
458d86ed-d4cc-4b19-9d4b-89ca857e5d8b,fUST,0.000142,45,2,-20000.0,demand,2026-09-07T11:47:02.726329+00:00
458d86ed-d4cc-4b19-9d4b-89ca857e5d8b,fUST,0.000142,30,1,-28000.0,demand,2026-09-07T11:47:02.726329+00:00
458d86ed-d4cc-4b19-9d4b-89ca857e5d8b,fUST,0.0001401,30,4,-55000.0,demand,2026-09-07T11:47:02.726329+00:00
458d86ed-d4cc-4b19-9d4b-89ca857e5d8b,fUST,0.000136,30,3,-19544.22120933,demand,2026-09-07T11:47:02.726329+00:00
458d86ed-d4cc-4b19-9d4b-89ca857e5d8b,fUST,0.000128,30,3,-30000.0,demand,2026-09-07T11:47:02.726329+00:00
458d86ed-d4cc-4b19-9d4b-89ca857e5d8b,fUST,0.000126599998,13,1,-97780.35811529,demand,2026-09-07T11:47:02.726329+00:00
458d86ed-d4cc-4b19-9d4b-89ca857e5d8b,fUST,0.0001225,59,1,-95000.0,demand,2026-09-07T11:47:02.726329+00:00
458d86ed-d4cc-4b19-9d4b-89ca857e5d8b,fUST,0.0001222,29,1,-194504.86890568,demand,2026-09-07T11:47:02.726329+00:00
458d86ed-d4cc-4b19-9d4b-89ca857e5d8b,fUST,0.0001202,19,1,-184532.71737778,demand,2026-09-07T11:47:02.726329+00:00
458d86ed-d4cc-4b19-9d4b-89ca857e5d8b,fUST,0.00012,120,1,-30000.0,demand,2026-09-07T11:47:02.726329+00:00
458d86ed-d4cc-4b19-9d4b-89ca857e5d8b,fUST,0.000119,2,1,-348442.80300455,demand,2026-09-07T11:47:02.726329+00:00
458d86ed-d4cc-4b19-9d4b-89ca857e5d8b,fUST,0.0001181,7,1,-85031.83877516,demand,2026-09-07T11:47:02.726329+00:00
458d86ed-d4cc-4b19-9d4b-89ca857e5d8b,fUST,0.00011701,2,1,-682976.95817625,demand,2026-09-07T11:47:02.726329+00:00
458d86ed-d4cc-4b19-9d4b-89ca857e5d8b,fUST,0.00011011,2,1,-1488853.9528906,demand,2026-09-07T11:47:02.726329+00:00
458d86ed-d4cc-4b19-9d4b-89ca857e5d8b,fUST,0.0001101,2,3,-4366829.49373192,demand,2026-09-07T11:47:02.726329+00:00
458d86ed-d4cc-4b19-9d4b-89ca857e5d8b,fUST,0.000101,120,1,-293300.0,demand,2026-09-07T11:47:02.726329+00:00
458d86ed-d4cc-4b19-9d4b-89ca857e5d8b,fUST,8.1e-05,13,1,-220298.60067989,demand,2026-09-07T11:47:02.726329+00:00
458d86ed-d4cc-4b19-9d4b-89ca857e5d8b,fUST,0.00014339822499999998,2,1,500.0,offer,2026-09-07T11:47:02.726329+00:00
458d86ed-d4cc-4b19-9d4b-89ca857e5d8b,fUST,0.000144107,2,1,158.9288121,offer,2026-09-07T11:47:02.726329+00:00
458d86ed-d4cc-4b19-9d4b-89ca857e5d8b,fUST,0.0001449893660172833,2,1,247.44196641,offer,2026-09-07T11:47:02.726329+00:00
458d86ed-d4cc-4b19-9d4b-89ca857e5d8b,fUST,0.00014913,2,3,1469.41396709,offer,2026-09-07T11:47:02.726329+00:00
458d86ed-d4cc-4b19-9d4b-89ca857e5d8b,fUST,0.00014914,2,1,15588.01382074,offer,2026-09-07T11:47:02.726329+00:00
458d86ed-d4cc-4b19-9d4b-89ca857e5d8b,fUST,0.00015,2,1,201.65835235,offer,2026-09-07T11:47:02.726329+00:00
458d86ed-d4cc-4b19-9d4b-89ca857e5d8b,fUST,0.00015068493150684933,2,1,199.197897,offer,2026-09-07T11:47:02.726329+00:00
458d86ed-d4cc-4b19-9d4b-89ca857e5d8b,fUST,0.00015311359999999996,2,1,179.99987422,offer,2026-09-07T11:47:02.726329+00:00
458d86ed-d4cc-4b19-9d4b-89ca857e5d8b,fUST,0.00015339822499999998,2,1,165.39377596,offer,2026-09-07T11:47:02.726329+00:00
458d86ed-d4cc-4b19-9d4b-89ca857e5d8b,fUST,0.000154,2,1,1000.0,offer,2026-09-07T11:47:02.726329+00:00
458d86ed-d4cc-4b19-9d4b-89ca857e5d8b,fUST,0.000156,2,2,333.464,offer,2026-09-07T11:47:02.726329+00:00
458d86ed-d4cc-4b19-9d4b-89ca857e5d8b,fUST,0.00015699,2,14,143380.45452976,offer,2026-09-07T11:47:02.726329+00:00
458d86ed-d4cc-4b19-9d4b-89ca857e5d8b,fUST,0.000157,30,2,824785.24418953,offer,2026-09-07T11:47:02.726329+00:00
458d86ed-d4cc-4b19-9d4b-89ca857e5d8b,fUST,0.000157,2,3,11443.30069656,offer,2026-09-07T11:47:02.726329+00:00
458d86ed-d4cc-4b19-9d4b-89ca857e5d8b,fUST,0.0001570001,2,10,5052.05,offer,2026-09-07T11:47:02.726329+00:00
458d86ed-d4cc-4b19-9d4b-89ca857e5d8b,fUST,0.0001575,2,2,483.7,offer,2026-09-07T11:47:02.726329+00:00
458d86ed-d4cc-4b19-9d4b-89ca857e5d8b,fUST,0.0001588,2,1,9476.47,offer,2026-09-07T11:47:02.726329+00:00
458d86ed-d4cc-4b19-9d4b-89ca857e5d8b,fUST,0.00015943671726847963,2,1,258.53962292,offer,2026-09-07T11:47:02.726329+00:00
458d86ed-d4cc-4b19-9d4b-89ca857e5d8b,fUST,0.00015998,2,4,2996.3292049,offer,2026-09-07T11:47:02.726329+00:00
458d86ed-d4cc-4b19-9d4b-89ca857e5d8b,fUST,0.00015998082191780822,2,1,500.0,offer,2026-09-07T11:47:02.726329+00:00
458d86ed-d4cc-4b19-9d4b-89ca857e5d8b,fUST,0.00016,15,1,2000000.0,offer,2026-09-07T11:47:02.726329+00:00
458d86ed-d4cc-4b19-9d4b-89ca857e5d8b,fUST,0.00016,2,1,3000.0,offer,2026-09-07T11:47:02.726329+00:00
458d86ed-d4cc-4b19-9d4b-89ca857e5d8b,fUST,0.0001601,2,1,3000.0,offer,2026-09-07T11:47:02.726329+00:00
458d86ed-d4cc-4b19-9d4b-89ca857e5d8b,fUST,0.0001601298,3,1,531.09376501,offer,2026-09-07T11:47:02.726329+00:00
458d86ed-d4cc-4b19-9d4b-89ca857e5d8b,fUST,0.00016013,2,1,600.0,offer,2026-09-07T11:47:02.726329+00:00
95b16f0a-21a1-4dbb-ad59-26a8f5458a86,fUST,0.0002427917808219178,120,1,-1631962.00506502,demand,2026-09-07T12:47:02.160085+00:00
95b16f0a-21a1-4dbb-ad59-26a8f5458a86,fUST,0.0002034442,2,1,-150.0,demand,2026-09-07T12:47:02.160085+00:00
95b16f0a-21a1-4dbb-ad59-26a8f5458a86,fUST,0.00016,60,27,-95380.54152551,demand,2026-09-07T12:47:02.160085+00:00
95b16f0a-21a1-4dbb-ad59-26a8f5458a86,fUST,0.000152,60,1,-28000.0,demand,2026-09-07T12:47:02.160085+00:00
95b16f0a-21a1-4dbb-ad59-26a8f5458a86,fUST,0.00015,120,1,-300000.0,demand,2026-09-07T12:47:02.160085+00:00
95b16f0a-21a1-4dbb-ad59-26a8f5458a86,fUST,0.00015,45,23,-138845.272985,demand,2026-09-07T12:47:02.160085+00:00
95b16f0a-21a1-4dbb-ad59-26a8f5458a86,fUST,0.000148,30,2,-5231.18648634,demand,2026-09-07T12:47:02.160085+00:00
95b16f0a-21a1-4dbb-ad59-26a8f5458a86,fUST,0.0001421,45,1,-10000.0,demand,2026-09-07T12:47:02.160085+00:00
95b16f0a-21a1-4dbb-ad59-26a8f5458a86,fUST,0.000142,45,2,-20000.0,demand,2026-09-07T12:47:02.160085+00:00
95b16f0a-21a1-4dbb-ad59-26a8f5458a86,fUST,0.000142,30,1,-28000.0,demand,2026-09-07T12:47:02.160085+00:00
95b16f0a-21a1-4dbb-ad59-26a8f5458a86,fUST,0.0001401,30,4,-55000.0,demand,2026-09-07T12:47:02.160085+00:00
95b16f0a-21a1-4dbb-ad59-26a8f5458a86,fUST,0.000136,30,3,-19544.22120933,demand,2026-09-07T12:47:02.160085+00:00
95b16f0a-21a1-4dbb-ad59-26a8f5458a86,fUST,0.000128,30,3,-30000.0,demand,2026-09-07T12:47:02.160085+00:00
95b16f0a-21a1-4dbb-ad59-26a8f5458a86,fUST,0.000126599998,13,1,-97780.35811529,demand,2026-09-07T12:47:02.160085+00:00
95b16f0a-21a1-4dbb-ad59-26a8f5458a86,fUST,0.0001225,59,1,-95000.0,demand,2026-09-07T12:47:02.160085+00:00
95b16f0a-21a1-4dbb-ad59-26a8f5458a86,fUST,0.0001222,29,1,-194504.86890568,demand,2026-09-07T12:47:02.160085+00:00
95b16f0a-21a1-4dbb-ad59-26a8f5458a86,fUST,0.0001202,19,1,-184532.71737778,demand,2026-09-07T12:47:02.160085+00:00
95b16f0a-21a1-4dbb-ad59-26a8f5458a86,fUST,0.00012,120,1,-30000.0,demand,2026-09-07T12:47:02.160085+00:00
95b16f0a-21a1-4dbb-ad59-26a8f5458a86,fUST,0.0001191,2,1,-9291.96819472,demand,2026-09-07T12:47:02.160085+00:00
95b16f0a-21a1-4dbb-ad59-26a8f5458a86,fUST,0.000119,2,1,-348292.80300455,demand,2026-09-07T12:47:02.160085+00:00
95b16f0a-21a1-4dbb-ad59-26a8f5458a86,fUST,0.0001181,7,1,-85031.83877516,demand,2026-09-07T12:47:02.160085+00:00
95b16f0a-21a1-4dbb-ad59-26a8f5458a86,fUST,0.000118,2,1,-10976.523,demand,2026-09-07T12:47:02.160085+00:00
95b16f0a-21a1-4dbb-ad59-26a8f5458a86,fUST,0.00011701,2,1,-682976.95817625,demand,2026-09-07T12:47:02.160085+00:00
95b16f0a-21a1-4dbb-ad59-26a8f5458a86,fUST,0.00011011,2,1,-1488853.9528906,demand,2026-09-07T12:47:02.160085+00:00
95b16f0a-21a1-4dbb-ad59-26a8f5458a86,fUST,0.0001101,2,3,-4366829.49373192,demand,2026-09-07T12:47:02.160085+00:00
95b16f0a-21a1-4dbb-ad59-26a8f5458a86,fUST,0.0001450558,2,1,1495.3472159,offer,2026-09-07T12:47:02.160085+00:00
95b16f0a-21a1-4dbb-ad59-26a8f5458a86,fUST,0.0001455737,2,1,267.80074297,offer,2026-09-07T12:47:02.160085+00:00
95b16f0a-21a1-4dbb-ad59-26a8f5458a86,fUST,0.0001455837,2,1,13340.1338374,offer,2026-09-07T12:47:02.160085+00:00
95b16f0a-21a1-4dbb-ad59-26a8f5458a86,fUST,0.0001469675,2,1,1376.1915975,offer,2026-09-07T12:47:02.160085+00:00
95b16f0a-21a1-4dbb-ad59-26a8f5458a86,fUST,0.000147023,2,1,166.771764,offer,2026-09-07T12:47:02.160085+00:00
95b16f0a-21a1-4dbb-ad59-26a8f5458a86,fUST,0.0001481405184,2,1,3751.1007159,offer,2026-09-07T12:47:02.160085+00:00
95b16f0a-21a1-4dbb-ad59-26a8f5458a86,fUST,0.000152792,2,2,639.0,offer,2026-09-07T12:47:02.160085+00:00
95b16f0a-21a1-4dbb-ad59-26a8f5458a86,fUST,0.00015386,2,1,154.68,offer,2026-09-07T12:47:02.160085+00:00
95b16f0a-21a1-4dbb-ad59-26a8f5458a86,fUST,0.00015689,3,1,360.88,offer,2026-09-07T12:47:02.160085+00:00
95b16f0a-21a1-4dbb-ad59-26a8f5458a86,fUST,0.0001569,2,1,450.73481397,offer,2026-09-07T12:47:02.160085+00:00
95b16f0a-21a1-4dbb-ad59-26a8f5458a86,fUST,0.00015696000000000002,2,1,206.49949763,offer,2026-09-07T12:47:02.160085+00:00
95b16f0a-21a1-4dbb-ad59-26a8f5458a86,fUST,0.00015697,2,2,5640.088,offer,2026-09-07T12:47:02.160085+00:00
95b16f0a-21a1-4dbb-ad59-26a8f5458a86,fUST,0.00015698,2,57,347528.99531214,offer,2026-09-07T12:47:02.160085+00:00
95b16f0a-21a1-4dbb-ad59-26a8f5458a86,fUST,0.0001569890410958904,2,1,500.0,offer,2026-09-07T12:47:02.160085+00:00
95b16f0a-21a1-4dbb-ad59-26a8f5458a86,fUST,0.00015699,2,2,703.00768333,offer,2026-09-07T12:47:02.160085+00:00
95b16f0a-21a1-4dbb-ad59-26a8f5458a86,fUST,0.000157,30,2,616909.08668103,offer,2026-09-07T12:47:02.160085+00:00
95b16f0a-21a1-4dbb-ad59-26a8f5458a86,fUST,0.000157,2,3,11151.0,offer,2026-09-07T12:47:02.160085+00:00
95b16f0a-21a1-4dbb-ad59-26a8f5458a86,fUST,0.0001570001,2,10,5052.05,offer,2026-09-07T12:47:02.160085+00:00
95b16f0a-21a1-4dbb-ad59-26a8f5458a86,fUST,0.00015731450684931507,2,1,166.771764,offer,2026-09-07T12:47:02.160085+00:00
95b16f0a-21a1-4dbb-ad59-26a8f5458a86,fUST,0.0001575,2,2,483.7,offer,2026-09-07T12:47:02.160085+00:00
95b16f0a-21a1-4dbb-ad59-26a8f5458a86,fUST,0.0001588,2,1,9476.47,offer,2026-09-07T12:47:02.160085+00:00
95b16f0a-21a1-4dbb-ad59-26a8f5458a86,fUST,0.00015942857655024898,2,1,1244.26549187,offer,2026-09-07T12:47:02.160085+00:00
95b16f0a-21a1-4dbb-ad59-26a8f5458a86,fUST,0.00015972876712328768,2,1,500.0,offer,2026-09-07T12:47:02.160085+00:00
95b16f0a-21a1-4dbb-ad59-26a8f5458a86,fUST,0.00015976717834886855,2,1,243.96896949,offer,2026-09-07T12:47:02.160085+00:00
95b16f0a-21a1-4dbb-ad59-26a8f5458a86,fUST,0.00015984895818394357,2,1,767.83534686,offer,2026-09-07T12:47:02.160085+00:00
9b35191b-fa46-44b1-87c2-0a3e2c587eef,fUST,0.00024267397260273972,120,1,-1630693.27756762,demand,2026-09-07T13:47:02.736864+00:00
9b35191b-fa46-44b1-87c2-0a3e2c587eef,fUST,0.0002234442,2,1,-150.0,demand,2026-09-07T13:47:02.736864+00:00
9b35191b-fa46-44b1-87c2-0a3e2c587eef,fUST,0.00016,60,27,-95380.54152551,demand,2026-09-07T13:47:02.736864+00:00
9b35191b-fa46-44b1-87c2-0a3e2c587eef,fUST,0.000152,60,1,-28000.0,demand,2026-09-07T13:47:02.736864+00:00
9b35191b-fa46-44b1-87c2-0a3e2c587eef,fUST,0.00015,120,1,-300000.0,demand,2026-09-07T13:47:02.736864+00:00
9b35191b-fa46-44b1-87c2-0a3e2c587eef,fUST,0.00015,45,23,-138845.272985,demand,2026-09-07T13:47:02.736864+00:00
9b35191b-fa46-44b1-87c2-0a3e2c587eef,fUST,0.000148,30,2,-5231.18648634,demand,2026-09-07T13:47:02.736864+00:00
9b35191b-fa46-44b1-87c2-0a3e2c587eef,fUST,0.0001421,45,1,-10000.0,demand,2026-09-07T13:47:02.736864+00:00
9b35191b-fa46-44b1-87c2-0a3e2c587eef,fUST,0.000142,45,2,-20000.0,demand,2026-09-07T13:47:02.736864+00:00
9b35191b-fa46-44b1-87c2-0a3e2c587eef,fUST,0.000142,30,1,-28000.0,demand,2026-09-07T13:47:02.736864+00:00
9b35191b-fa46-44b1-87c2-0a3e2c587eef,fUST,0.0001401,30,4,-55000.0,demand,2026-09-07T13:47:02.736864+00:00
9b35191b-fa46-44b1-87c2-0a3e2c587eef,fUST,0.000136,30,3,-19544.22120933,demand,2026-09-07T13:47:02.736864+00:00
9b35191b-fa46-44b1-87c2-0a3e2c587eef,fUST,0.000128,30,3,-30000.0,demand,2026-09-07T13:47:02.736864+00:00
9b35191b-fa46-44b1-87c2-0a3e2c587eef,fUST,0.000126599998,13,1,-97780.35811529,demand,2026-09-07T13:47:02.736864+00:00
9b35191b-fa46-44b1-87c2-0a3e2c587eef,fUST,0.0001225,59,1,-95000.0,demand,2026-09-07T13:47:02.736864+00:00
9b35191b-fa46-44b1-87c2-0a3e2c587eef,fUST,0.0001222,29,1,-194504.86890568,demand,2026-09-07T13:47:02.736864+00:00
9b35191b-fa46-44b1-87c2-0a3e2c587eef,fUST,0.0001202,19,1,-184532.71737778,demand,2026-09-07T13:47:02.736864+00:00
9b35191b-fa46-44b1-87c2-0a3e2c587eef,fUST,0.00012,120,1,-30000.0,demand,2026-09-07T13:47:02.736864+00:00
9b35191b-fa46-44b1-87c2-0a3e2c587eef,fUST,0.0001191,2,1,-6886.59889501,demand,2026-09-07T13:47:02.736864+00:00
9b35191b-fa46-44b1-87c2-0a3e2c587eef,fUST,0.000119,2,1,-348292.80300455,demand,2026-09-07T13:47:02.736864+00:00
9b35191b-fa46-44b1-87c2-0a3e2c587eef,fUST,0.0001181,7,1,-85031.83877516,demand,2026-09-07T13:47:02.736864+00:00
9b35191b-fa46-44b1-87c2-0a3e2c587eef,fUST,0.000118,2,1,-10976.523,demand,2026-09-07T13:47:02.736864+00:00
9b35191b-fa46-44b1-87c2-0a3e2c587eef,fUST,0.00011701,2,1,-682976.95817625,demand,2026-09-07T13:47:02.736864+00:00
9b35191b-fa46-44b1-87c2-0a3e2c587eef,fUST,0.00011011,2,1,-1488853.9528906,demand,2026-09-07T13:47:02.736864+00:00
9b35191b-fa46-44b1-87c2-0a3e2c587eef,fUST,0.0001101,2,3,-4366829.49373192,demand,2026-09-07T13:47:02.736864+00:00
9b35191b-fa46-44b1-87c2-0a3e2c587eef,fUST,0.00013,3,1,200.0,offer,2026-09-07T13:47:02.736864+00:00
9b35191b-fa46-44b1-87c2-0a3e2c587eef,fUST,0.0001405495,2,1,457.2025417,offer,2026-09-07T13:47:02.736864+00:00
9b35191b-fa46-44b1-87c2-0a3e2c587eef,fUST,0.0001443107,2,1,274.446397,offer,2026-09-07T13:47:02.736864+00:00
9b35191b-fa46-44b1-87c2-0a3e2c587eef,fUST,0.0001452221,2,1,499.30812,offer,2026-09-07T13:47:02.736864+00:00
9b35191b-fa46-44b1-87c2-0a3e2c587eef,fUST,0.0001471358448,2,1,177.5914298,offer,2026-09-07T13:47:02.736864+00:00
9b35191b-fa46-44b1-87c2-0a3e2c587eef,fUST,0.0001475049,2,2,755.6515824,offer,2026-09-07T13:47:02.736864+00:00
9b35191b-fa46-44b1-87c2-0a3e2c587eef,fUST,0.00015,7,1,824.74540423,offer,2026-09-07T13:47:02.736864+00:00
9b35191b-fa46-44b1-87c2-0a3e2c587eef,fUST,0.00015,2,1,500.1442343,offer,2026-09-07T13:47:02.736864+00:00
9b35191b-fa46-44b1-87c2-0a3e2c587eef,fUST,0.00015064,2,4,1877.19759078,offer,2026-09-07T13:47:02.736864+00:00
9b35191b-fa46-44b1-87c2-0a3e2c587eef,fUST,0.00015068493150684933,2,1,174.008621,offer,2026-09-07T13:47:02.736864+00:00
9b35191b-fa46-44b1-87c2-0a3e2c587eef,fUST,0.00015283561646,2,1,332.6406941,offer,2026-09-07T13:47:02.736864+00:00
9b35191b-fa46-44b1-87c2-0a3e2c587eef,fUST,0.000154194,2,3,967.168,offer,2026-09-07T13:47:02.736864+00:00
9b35191b-fa46-44b1-87c2-0a3e2c587eef,fUST,0.00015552,2,4,1630.92796808,offer,2026-09-07T13:47:02.736864+00:00
9b35191b-fa46-44b1-87c2-0a3e2c587eef,fUST,0.00015553,2,19,264154.59130611,offer,2026-09-07T13:47:02.736864+00:00
9b35191b-fa46-44b1-87c2-0a3e2c587eef,fUST,0.00015554,2,5,2203.41660268,offer,2026-09-07T13:47:02.736864+00:00
9b35191b-fa46-44b1-87c2-0a3e2c587eef,fUST,0.00015554999999999999,2,2,834988.46758144,offer,2026-09-07T13:47:02.736864+00:00
9b35191b-fa46-44b1-87c2-0a3e2c587eef,fUST,0.0001555501,2,11,5759.09,offer,2026-09-07T13:47:02.736864+00:00
9b35191b-fa46-44b1-87c2-0a3e2c587eef,fUST,0.00015555068493150684,2,1,500.0,offer,2026-09-07T13:47:02.736864+00:00
9b35191b-fa46-44b1-87c2-0a3e2c587eef,fUST,0.00015630666666666666,2,1,200.0,offer,2026-09-07T13:47:02.736864+00:00
9b35191b-fa46-44b1-87c2-0a3e2c587eef,fUST,0.0001569,3,4,1717.74,offer,2026-09-07T13:47:02.736864+00:00
9b35191b-fa46-44b1-87c2-0a3e2c587eef,fUST,0.00015695,7,1,222.0965356,offer,2026-09-07T13:47:02.736864+00:00
9b35191b-fa46-44b1-87c2-0a3e2c587eef,fUST,0.00015695,2,2,953.84309523,offer,2026-09-07T13:47:02.736864+00:00
9b35191b-fa46-44b1-87c2-0a3e2c587eef,fUST,0.00015697,2,1,643.45093872,offer,2026-09-07T13:47:02.736864+00:00
9b35191b-fa46-44b1-87c2-0a3e2c587eef,fUST,0.00015698,2,5,14317.08783461,offer,2026-09-07T13:47:02.736864+00:00
9b35191b-fa46-44b1-87c2-0a3e2c587eef,fUST,0.00015699,2,13,6243.35762332,offer,2026-09-07T13:47:02.736864+00:00
e9931aa9-fcb7-49b1-b21b-a3c516dc1c24,fUST,0.0002434442,2,1,-150.0,demand,2026-09-07T14:47:02.025707+00:00
e9931aa9-fcb7-49b1-b21b-a3c516dc1c24,fUST,0.00024275342465753425,120,1,-1627693.27756683,demand,2026-09-07T14:47:02.025707+00:00
e9931aa9-fcb7-49b1-b21b-a3c516dc1c24,fUST,0.00016,60,14,-75775.08491964,demand,2026-09-07T14:47:02.025707+00:00
e9931aa9-fcb7-49b1-b21b-a3c516dc1c24,fUST,0.000152,60,1,-28000.0,demand,2026-09-07T14:47:02.025707+00:00
e9931aa9-fcb7-49b1-b21b-a3c516dc1c24,fUST,0.00015,120,1,-300000.0,demand,2026-09-07T14:47:02.025707+00:00
e9931aa9-fcb7-49b1-b21b-a3c516dc1c24,fUST,0.00015,45,23,-138845.272985,demand,2026-09-07T14:47:02.025707+00:00
e9931aa9-fcb7-49b1-b21b-a3c516dc1c24,fUST,0.000148,30,2,-5231.18648634,demand,2026-09-07T14:47:02.025707+00:00
e9931aa9-fcb7-49b1-b21b-a3c516dc1c24,fUST,0.0001421,45,1,-10000.0,demand,2026-09-07T14:47:02.025707+00:00
e9931aa9-fcb7-49b1-b21b-a3c516dc1c24,fUST,0.000142,45,2,-20000.0,demand,2026-09-07T14:47:02.025707+00:00
e9931aa9-fcb7-49b1-b21b-a3c516dc1c24,fUST,0.000142,30,1,-28000.0,demand,2026-09-07T14:47:02.025707+00:00
e9931aa9-fcb7-49b1-b21b-a3c516dc1c24,fUST,0.0001401,30,4,-55000.0,demand,2026-09-07T14:47:02.025707+00:00
e9931aa9-fcb7-49b1-b21b-a3c516dc1c24,fUST,0.000136,30,3,-19544.22120933,demand,2026-09-07T14:47:02.025707+00:00
e9931aa9-fcb7-49b1-b21b-a3c516dc1c24,fUST,0.000128,30,3,-30000.0,demand,2026-09-07T14:47:02.025707+00:00
e9931aa9-fcb7-49b1-b21b-a3c516dc1c24,fUST,0.000126599998,13,1,-97780.35811529,demand,2026-09-07T14:47:02.025707+00:00
e9931aa9-fcb7-49b1-b21b-a3c516dc1c24,fUST,0.0001225,59,1,-95000.0,demand,2026-09-07T14:47:02.025707+00:00
e9931aa9-fcb7-49b1-b21b-a3c516dc1c24,fUST,0.0001222,29,1,-194504.86890568,demand,2026-09-07T14:47:02.025707+00:00
e9931aa9-fcb7-49b1-b21b-a3c516dc1c24,fUST,0.0001202,19,1,-184532.71737778,demand,2026-09-07T14:47:02.025707+00:00
e9931aa9-fcb7-49b1-b21b-a3c516dc1c24,fUST,0.00012,120,1,-30000.0,demand,2026-09-07T14:47:02.025707+00:00
e9931aa9-fcb7-49b1-b21b-a3c516dc1c24,fUST,0.00011915,2,1,-1750.0,demand,2026-09-07T14:47:02.025707+00:00
e9931aa9-fcb7-49b1-b21b-a3c516dc1c24,fUST,0.000119,2,1,-347780.51262935,demand,2026-09-07T14:47:02.025707+00:00
e9931aa9-fcb7-49b1-b21b-a3c516dc1c24,fUST,0.0001181,7,1,-85031.83877516,demand,2026-09-07T14:47:02.025707+00:00
e9931aa9-fcb7-49b1-b21b-a3c516dc1c24,fUST,0.000118,2,1,-10826.523,demand,2026-09-07T14:47:02.025707+00:00
e9931aa9-fcb7-49b1-b21b-a3c516dc1c24,fUST,0.00011701,2,1,-682976.95817625,demand,2026-09-07T14:47:02.025707+00:00
e9931aa9-fcb7-49b1-b21b-a3c516dc1c24,fUST,0.00011011,2,1,-1488853.9528906,demand,2026-09-07T14:47:02.025707+00:00
e9931aa9-fcb7-49b1-b21b-a3c516dc1c24,fUST,0.0001101,2,3,-4366829.49373192,demand,2026-09-07T14:47:02.025707+00:00
e9931aa9-fcb7-49b1-b21b-a3c516dc1c24,fUST,0.0001446367,2,1,151.0,offer,2026-09-07T14:47:02.025707+00:00
e9931aa9-fcb7-49b1-b21b-a3c516dc1c24,fUST,0.0001461461,2,1,797.5499573,offer,2026-09-07T14:47:02.025707+00:00
e9931aa9-fcb7-49b1-b21b-a3c516dc1c24,fUST,0.0001491099,2,1,165.44617374,offer,2026-09-07T14:47:02.025707+00:00
e9931aa9-fcb7-49b1-b21b-a3c516dc1c24,fUST,0.00014911,2,4,1741.92,offer,2026-09-07T14:47:02.025707+00:00
e9931aa9-fcb7-49b1-b21b-a3c516dc1c24,fUST,0.00014911,7,1,895.7966766,offer,2026-09-07T14:47:02.025707+00:00
e9931aa9-fcb7-49b1-b21b-a3c516dc1c24,fUST,0.00015,2,2,1844.32923771,offer,2026-09-07T14:47:02.025707+00:00
e9931aa9-fcb7-49b1-b21b-a3c516dc1c24,fUST,0.00015068493150684933,2,1,160.898964,offer,2026-09-07T14:47:02.025707+00:00
e9931aa9-fcb7-49b1-b21b-a3c516dc1c24,fUST,0.00015209219999999998,7,1,895.7966766,offer,2026-09-07T14:47:02.025707+00:00
e9931aa9-fcb7-49b1-b21b-a3c516dc1c24,fUST,0.00015501,2,3,1500.0,offer,2026-09-07T14:47:02.025707+00:00
e9931aa9-fcb7-49b1-b21b-a3c516dc1c24,fUST,0.00015516,2,1,500.0,offer,2026-09-07T14:47:02.025707+00:00
e9931aa9-fcb7-49b1-b21b-a3c516dc1c24,fUST,0.00015541669399999998,2,3,823.24280654,offer,2026-09-07T14:47:02.025707+00:00
e9931aa9-fcb7-49b1-b21b-a3c516dc1c24,fUST,0.00015549000000000002,2,10,4569.70848874,offer,2026-09-07T14:47:02.025707+00:00
e9931aa9-fcb7-49b1-b21b-a3c516dc1c24,fUST,0.0001555,2,2,1000.0,offer,2026-09-07T14:47:02.025707+00:00
e9931aa9-fcb7-49b1-b21b-a3c516dc1c24,fUST,0.00015551,2,18,9001.34250567,offer,2026-09-07T14:47:02.025707+00:00
e9931aa9-fcb7-49b1-b21b-a3c516dc1c24,fUST,0.00015552,2,6,3000.0,offer,2026-09-07T14:47:02.025707+00:00
e9931aa9-fcb7-49b1-b21b-a3c516dc1c24,fUST,0.00015553,2,2,1000.0,offer,2026-09-07T14:47:02.025707+00:00
e9931aa9-fcb7-49b1-b21b-a3c516dc1c24,fUST,0.00015554,2,7,2692.26337642,offer,2026-09-07T14:47:02.025707+00:00
e9931aa9-fcb7-49b1-b21b-a3c516dc1c24,fUST,0.00015555,2,1,1949.44795043,offer,2026-09-07T14:47:02.025707+00:00
e9931aa9-fcb7-49b1-b21b-a3c516dc1c24,fUST,0.00015568219178082191,2,1,500.0,offer,2026-09-07T14:47:02.025707+00:00
e9931aa9-fcb7-49b1-b21b-a3c516dc1c24,fUST,0.000155683,2,2,639.0,offer,2026-09-07T14:47:02.025707+00:00
e9931aa9-fcb7-49b1-b21b-a3c516dc1c24,fUST,0.00015656549999999998,7,1,895.7966766,offer,2026-09-07T14:47:02.025707+00:00
e9931aa9-fcb7-49b1-b21b-a3c516dc1c24,fUST,0.00015716,2,6,996.24,offer,2026-09-07T14:47:02.025707+00:00
e9931aa9-fcb7-49b1-b21b-a3c516dc1c24,fUST,0.000158146694,2,1,315.96851145,offer,2026-09-07T14:47:02.025707+00:00
e9931aa9-fcb7-49b1-b21b-a3c516dc1c24,fUST,0.000158156694,2,1,158.71876677,offer,2026-09-07T14:47:02.025707+00:00
e9931aa9-fcb7-49b1-b21b-a3c516dc1c24,fUST,0.00015835616438356163,2,1,282.45,offer,2026-09-07T14:47:02.025707+00:00
2892f0fb-2a5b-4641-bf7a-16f63d2cb07e,fUST,0.00024267123287671232,120,1,-1627693.27756683,demand,2026-09-07T15:47:02.354714+00:00
2892f0fb-2a5b-4641-bf7a-16f63d2cb07e,fUST,0.00016,60,14,-75775.08491964,demand,2026-09-07T15:47:02.354714+00:00
2892f0fb-2a5b-4641-bf7a-16f63d2cb07e,fUST,0.000152,60,1,-28000.0,demand,2026-09-07T15:47:02.354714+00:00
2892f0fb-2a5b-4641-bf7a-16f63d2cb07e,fUST,0.00015,120,1,-300000.0,demand,2026-09-07T15:47:02.354714+00:00
2892f0fb-2a5b-4641-bf7a-16f63d2cb07e,fUST,0.00015,45,23,-138845.272985,demand,2026-09-07T15:47:02.354714+00:00
2892f0fb-2a5b-4641-bf7a-16f63d2cb07e,fUST,0.000148,30,2,-5231.18648634,demand,2026-09-07T15:47:02.354714+00:00
2892f0fb-2a5b-4641-bf7a-16f63d2cb07e,fUST,0.0001421,45,1,-10000.0,demand,2026-09-07T15:47:02.354714+00:00
2892f0fb-2a5b-4641-bf7a-16f63d2cb07e,fUST,0.000142,45,2,-20000.0,demand,2026-09-07T15:47:02.354714+00:00
2892f0fb-2a5b-4641-bf7a-16f63d2cb07e,fUST,0.000142,30,1,-28000.0,demand,2026-09-07T15:47:02.354714+00:00
2892f0fb-2a5b-4641-bf7a-16f63d2cb07e,fUST,0.0001401,30,3,-30000.0,demand,2026-09-07T15:47:02.354714+00:00
2892f0fb-2a5b-4641-bf7a-16f63d2cb07e,fUST,0.000136,30,3,-19544.22120933,demand,2026-09-07T15:47:02.354714+00:00
2892f0fb-2a5b-4641-bf7a-16f63d2cb07e,fUST,0.000128,30,3,-30000.0,demand,2026-09-07T15:47:02.354714+00:00
2892f0fb-2a5b-4641-bf7a-16f63d2cb07e,fUST,0.000126599998,13,1,-97780.35811529,demand,2026-09-07T15:47:02.354714+00:00
2892f0fb-2a5b-4641-bf7a-16f63d2cb07e,fUST,0.00012501,2,4,-1523.2437142,demand,2026-09-07T15:47:02.354714+00:00
2892f0fb-2a5b-4641-bf7a-16f63d2cb07e,fUST,0.0001225,59,1,-95000.0,demand,2026-09-07T15:47:02.354714+00:00
2892f0fb-2a5b-4641-bf7a-16f63d2cb07e,fUST,0.0001222,29,1,-194504.86890568,demand,2026-09-07T15:47:02.354714+00:00
2892f0fb-2a5b-4641-bf7a-16f63d2cb07e,fUST,0.0001202,19,1,-184532.71737778,demand,2026-09-07T15:47:02.354714+00:00
2892f0fb-2a5b-4641-bf7a-16f63d2cb07e,fUST,0.00012,120,1,-30000.0,demand,2026-09-07T15:47:02.354714+00:00
2892f0fb-2a5b-4641-bf7a-16f63d2cb07e,fUST,0.00011915,2,1,-1234.32551235,demand,2026-09-07T15:47:02.354714+00:00
2892f0fb-2a5b-4641-bf7a-16f63d2cb07e,fUST,0.000119,2,1,-347780.51262935,demand,2026-09-07T15:47:02.354714+00:00
2892f0fb-2a5b-4641-bf7a-16f63d2cb07e,fUST,0.0001181,7,1,-85031.83877516,demand,2026-09-07T15:47:02.354714+00:00
2892f0fb-2a5b-4641-bf7a-16f63d2cb07e,fUST,0.000118,2,1,-10826.523,demand,2026-09-07T15:47:02.354714+00:00
2892f0fb-2a5b-4641-bf7a-16f63d2cb07e,fUST,0.00011701,2,1,-682976.95817625,demand,2026-09-07T15:47:02.354714+00:00
2892f0fb-2a5b-4641-bf7a-16f63d2cb07e,fUST,0.00011011,2,1,-1488853.9528906,demand,2026-09-07T15:47:02.354714+00:00
2892f0fb-2a5b-4641-bf7a-16f63d2cb07e,fUST,0.0001101,2,3,-4366829.49373192,demand,2026-09-07T15:47:02.354714+00:00
2892f0fb-2a5b-4641-bf7a-16f63d2cb07e,fUST,0.00012501,2,1,5000.0,offer,2026-09-07T15:47:02.354714+00:00
2892f0fb-2a5b-4641-bf7a-16f63d2cb07e,fUST,0.0001250427,2,1,151.0,offer,2026-09-07T15:47:02.354714+00:00
2892f0fb-2a5b-4641-bf7a-16f63d2cb07e,fUST,0.00012891,2,1,151.0,offer,2026-09-07T15:47:02.354714+00:00
2892f0fb-2a5b-4641-bf7a-16f63d2cb07e,fUST,0.00012999,2,1,15222.9644884,offer,2026-09-07T15:47:02.354714+00:00
2892f0fb-2a5b-4641-bf7a-16f63d2cb07e,fUST,0.00013,8,1,172.48519608,offer,2026-09-07T15:47:02.354714+00:00
2892f0fb-2a5b-4641-bf7a-16f63d2cb07e,fUST,0.00013021,2,1,5000.0,offer,2026-09-07T15:47:02.354714+00:00
2892f0fb-2a5b-4641-bf7a-16f63d2cb07e,fUST,0.00013153,2,1,340.35,offer,2026-09-07T15:47:02.354714+00:00
2892f0fb-2a5b-4641-bf7a-16f63d2cb07e,fUST,0.0001375054,2,1,1143.3476313,offer,2026-09-07T15:47:02.354714+00:00
2892f0fb-2a5b-4641-bf7a-16f63d2cb07e,fUST,0.00014259,2,1,198.78523189,offer,2026-09-07T15:47:02.354714+00:00
2892f0fb-2a5b-4641-bf7a-16f63d2cb07e,fUST,0.0001449440625,2,1,415.12510295,offer,2026-09-07T15:47:02.354714+00:00
2892f0fb-2a5b-4641-bf7a-16f63d2cb07e,fUST,0.0001449640625,2,1,500.0,offer,2026-09-07T15:47:02.354714+00:00
2892f0fb-2a5b-4641-bf7a-16f63d2cb07e,fUST,0.00014547,2,2,1000.0,offer,2026-09-07T15:47:02.354714+00:00
2892f0fb-2a5b-4641-bf7a-16f63d2cb07e,fUST,0.00014548,7,2,12664.37735323,offer,2026-09-07T15:47:02.354714+00:00
2892f0fb-2a5b-4641-bf7a-16f63d2cb07e,fUST,0.00014548,2,2,1000.0,offer,2026-09-07T15:47:02.354714+00:00
2892f0fb-2a5b-4641-bf7a-16f63d2cb07e,fUST,0.0001483796,2,1,201.27318691,offer,2026-09-07T15:47:02.354714+00:00
2892f0fb-2a5b-4641-bf7a-16f63d2cb07e,fUST,0.0001483896,7,3,12946.12131825,offer,2026-09-07T15:47:02.354714+00:00
2892f0fb-2a5b-4641-bf7a-16f63d2cb07e,fUST,0.00015,2,1,206.93281381,offer,2026-09-07T15:47:02.354714+00:00
2892f0fb-2a5b-4641-bf7a-16f63d2cb07e,fUST,0.00015068493150684933,2,1,159.955538,offer,2026-09-07T15:47:02.354714+00:00
2892f0fb-2a5b-4641-bf7a-16f63d2cb07e,fUST,0.0001522821918,2,1,466.4561921,offer,2026-09-07T15:47:02.354714+00:00
2892f0fb-2a5b-4641-bf7a-16f63d2cb07e,fUST,0.00015275,2,2,961.76792745,offer,2026-09-07T15:47:02.354714+00:00
2892f0fb-2a5b-4641-bf7a-16f63d2cb07e,fUST,0.000152754,7,2,12664.37735323,offer,2026-09-07T15:47:02.354714+00:00
2892f0fb-2a5b-4641-bf7a-16f63d2cb07e,fUST,0.000152754,2,22,330000.0,offer,2026-09-07T15:47:02.354714+00:00
2892f0fb-2a5b-4641-bf7a-16f63d2cb07e,fUST,0.0001546562,2,1,340.35,offer,2026-09-07T15:47:02.354714+00:00
2892f0fb-2a5b-4641-bf7a-16f63d2cb07e,fUST,0.00015697,2,1,351.65,offer,2026-09-07T15:47:02.354714+00:00
2892f0fb-2a5b-4641-bf7a-16f63d2cb07e,fUST,0.00015711780821917807,7,1,500.0,offer,2026-09-07T15:47:02.354714+00:00
102fbcf8-0f5f-4410-b7e0-35f0aa892873,fUST,0.00016,60,20,-120487.01491964,demand,2026-09-07T16:47:02.253011+00:00
102fbcf8-0f5f-4410-b7e0-35f0aa892873,fUST,0.000152,60,1,-28000.0,demand,2026-09-07T16:47:02.253011+00:00
102fbcf8-0f5f-4410-b7e0-35f0aa892873,fUST,0.00015,120,1,-300000.0,demand,2026-09-07T16:47:02.253011+00:00
102fbcf8-0f5f-4410-b7e0-35f0aa892873,fUST,0.00015,45,23,-138845.272985,demand,2026-09-07T16:47:02.253011+00:00
102fbcf8-0f5f-4410-b7e0-35f0aa892873,fUST,0.000148,30,2,-5231.18648634,demand,2026-09-07T16:47:02.253011+00:00
102fbcf8-0f5f-4410-b7e0-35f0aa892873,fUST,0.0001421,45,1,-10000.0,demand,2026-09-07T16:47:02.253011+00:00
102fbcf8-0f5f-4410-b7e0-35f0aa892873,fUST,0.000142,45,2,-20000.0,demand,2026-09-07T16:47:02.253011+00:00
102fbcf8-0f5f-4410-b7e0-35f0aa892873,fUST,0.000142,30,1,-28000.0,demand,2026-09-07T16:47:02.253011+00:00
102fbcf8-0f5f-4410-b7e0-35f0aa892873,fUST,0.0001361,30,14,-50000.0,demand,2026-09-07T16:47:02.253011+00:00
102fbcf8-0f5f-4410-b7e0-35f0aa892873,fUST,0.000136,30,3,-19544.22120933,demand,2026-09-07T16:47:02.253011+00:00
102fbcf8-0f5f-4410-b7e0-35f0aa892873,fUST,0.000128,30,3,-30000.0,demand,2026-09-07T16:47:02.253011+00:00
102fbcf8-0f5f-4410-b7e0-35f0aa892873,fUST,0.000126599998,13,1,-97780.35811529,demand,2026-09-07T16:47:02.253011+00:00
102fbcf8-0f5f-4410-b7e0-35f0aa892873,fUST,0.0001225,59,1,-95000.0,demand,2026-09-07T16:47:02.253011+00:00
102fbcf8-0f5f-4410-b7e0-35f0aa892873,fUST,0.0001222,29,1,-194504.86890568,demand,2026-09-07T16:47:02.253011+00:00
102fbcf8-0f5f-4410-b7e0-35f0aa892873,fUST,0.0001202,19,1,-184532.71737778,demand,2026-09-07T16:47:02.253011+00:00
102fbcf8-0f5f-4410-b7e0-35f0aa892873,fUST,0.00012,120,1,-30000.0,demand,2026-09-07T16:47:02.253011+00:00
102fbcf8-0f5f-4410-b7e0-35f0aa892873,fUST,0.000119,2,1,-193800.38128319,demand,2026-09-07T16:47:02.253011+00:00
102fbcf8-0f5f-4410-b7e0-35f0aa892873,fUST,0.0001181,7,1,-85031.83877516,demand,2026-09-07T16:47:02.253011+00:00
102fbcf8-0f5f-4410-b7e0-35f0aa892873,fUST,0.00011701,2,1,-682976.95817625,demand,2026-09-07T16:47:02.253011+00:00
102fbcf8-0f5f-4410-b7e0-35f0aa892873,fUST,0.00011011,2,1,-1488853.9528906,demand,2026-09-07T16:47:02.253011+00:00
102fbcf8-0f5f-4410-b7e0-35f0aa892873,fUST,0.0001101,2,3,-4366829.49373192,demand,2026-09-07T16:47:02.253011+00:00
102fbcf8-0f5f-4410-b7e0-35f0aa892873,fUST,0.000101,120,1,-293300.0,demand,2026-09-07T16:47:02.253011+00:00
102fbcf8-0f5f-4410-b7e0-35f0aa892873,fUST,8.1e-05,13,1,-220298.60067989,demand,2026-09-07T16:47:02.253011+00:00
102fbcf8-0f5f-4410-b7e0-35f0aa892873,fUST,7.5e-05,120,1,-200000.0,demand,2026-09-07T16:47:02.253011+00:00
102fbcf8-0f5f-4410-b7e0-35f0aa892873,fUST,6.1e-05,9,1,-100000.0,demand,2026-09-07T16:47:02.253011+00:00
102fbcf8-0f5f-4410-b7e0-35f0aa892873,fUST,0.00012068,2,1,453.0,offer,2026-09-07T16:47:02.253011+00:00
102fbcf8-0f5f-4410-b7e0-35f0aa892873,fUST,0.0001219,2,1,4928.477,offer,2026-09-07T16:47:02.253011+00:00
102fbcf8-0f5f-4410-b7e0-35f0aa892873,fUST,0.0001230366,2,1,6114.7168809,offer,2026-09-07T16:47:02.253011+00:00
102fbcf8-0f5f-4410-b7e0-35f0aa892873,fUST,0.00012327767123287671,2,52,25774.5014377,offer,2026-09-07T16:47:02.253011+00:00
102fbcf8-0f5f-4410-b7e0-35f0aa892873,fUST,0.0001232876712328767,2,8,2829.37,offer,2026-09-07T16:47:02.253011+00:00
102fbcf8-0f5f-4410-b7e0-35f0aa892873,fUST,0.0001240208928,2,1,1009.4473819,offer,2026-09-07T16:47:02.253011+00:00
102fbcf8-0f5f-4410-b7e0-35f0aa892873,fUST,0.00012739000000000007,2,1,220.01261818,offer,2026-09-07T16:47:02.253011+00:00
102fbcf8-0f5f-4410-b7e0-35f0aa892873,fUST,0.00012740000000000006,2,5,1490.7785069,offer,2026-09-07T16:47:02.253011+00:00
102fbcf8-0f5f-4410-b7e0-35f0aa892873,fUST,0.00012741000000000006,2,1,291.74704395,offer,2026-09-07T16:47:02.253011+00:00
102fbcf8-0f5f-4410-b7e0-35f0aa892873,fUST,0.00012744109589041096,2,1,500.0,offer,2026-09-07T16:47:02.253011+00:00
102fbcf8-0f5f-4410-b7e0-35f0aa892873,fUST,0.0001290349089,2,1,922.961252,offer,2026-09-07T16:47:02.253011+00:00
102fbcf8-0f5f-4410-b7e0-35f0aa892873,fUST,0.00012999,2,42,169179.73724199,offer,2026-09-07T16:47:02.253011+00:00
102fbcf8-0f5f-4410-b7e0-35f0aa892873,fUST,0.00012999,3,1,299.93869859,offer,2026-09-07T16:47:02.253011+00:00
102fbcf8-0f5f-4410-b7e0-35f0aa892873,fUST,0.0001325898,4,1,299.93869859,offer,2026-09-07T16:47:02.253011+00:00
102fbcf8-0f5f-4410-b7e0-35f0aa892873,fUST,0.0001344666897219178,2,7,108032.17988342,offer,2026-09-07T16:47:02.253011+00:00
102fbcf8-0f5f-4410-b7e0-35f0aa892873,fUST,0.00013524159599999998,5,1,299.93869859,offer,2026-09-07T16:47:02.253011+00:00
102fbcf8-0f5f-4410-b7e0-35f0aa892873,fUST,0.00013989847054383562,2,1,922.961252,offer,2026-09-07T16:47:02.253011+00:00
102fbcf8-0f5f-4410-b7e0-35f0aa892873,fUST,0.00014000000000000001,2,1,611.0890609,offer,2026-09-07T16:47:02.253011+00:00
102fbcf8-0f5f-4410-b7e0-35f0aa892873,fUST,0.000141612,2,1,8486.0851909,offer,2026-09-07T16:47:02.253011+00:00
102fbcf8-0f5f-4410-b7e0-35f0aa892873,fUST,0.00014299,2,5,72230.82299206,offer,2026-09-07T16:47:02.253011+00:00
102fbcf8-0f5f-4410-b7e0-35f0aa892873,fUST,0.00014299,5,1,299.93869859,offer,2026-09-07T16:47:02.253011+00:00
102fbcf8-0f5f-4410-b7e0-35f0aa892873,fUST,0.00014533025136575343,2,1,922.961252,offer,2026-09-07T16:47:02.253011+00:00
102fbcf8-0f5f-4410-b7e0-35f0aa892873,fUST,0.0001475389,2,1,7790.9353443,offer,2026-09-07T16:47:02.253011+00:00
102fbcf8-0f5f-4410-b7e0-35f0aa892873,fUST,0.00014881767281015143,2,1,166.35643281,offer,2026-09-07T16:47:02.253011+00:00
102fbcf8-0f5f-4410-b7e0-35f0aa892873,fUST,0.00015076203218767123,2,1,922.961252,offer,2026-09-07T16:47:02.253011+00:00
0d3fa630-3b73-4808-9ec9-2e8cd6427d00,fUST,0.00016,60,20,-120487.01491964,demand,2026-09-07T17:47:02.524721+00:00
0d3fa630-3b73-4808-9ec9-2e8cd6427d00,fUST,0.00015275626301369867,7,1,-250.0,demand,2026-09-07T17:47:02.524721+00:00
0d3fa630-3b73-4808-9ec9-2e8cd6427d00,fUST,0.000152,60,1,-28000.0,demand,2026-09-07T17:47:02.524721+00:00
0d3fa630-3b73-4808-9ec9-2e8cd6427d00,fUST,0.00015,120,1,-300000.0,demand,2026-09-07T17:47:02.524721+00:00
0d3fa630-3b73-4808-9ec9-2e8cd6427d00,fUST,0.00015,45,23,-138845.272985,demand,2026-09-07T17:47:02.524721+00:00
0d3fa630-3b73-4808-9ec9-2e8cd6427d00,fUST,0.000148,30,2,-5231.18648634,demand,2026-09-07T17:47:02.524721+00:00
0d3fa630-3b73-4808-9ec9-2e8cd6427d00,fUST,0.0001432876712328767,2,1,-250.0,demand,2026-09-07T17:47:02.524721+00:00
0d3fa630-3b73-4808-9ec9-2e8cd6427d00,fUST,0.0001421,45,1,-10000.0,demand,2026-09-07T17:47:02.524721+00:00
0d3fa630-3b73-4808-9ec9-2e8cd6427d00,fUST,0.000142,45,2,-20000.0,demand,2026-09-07T17:47:02.524721+00:00
0d3fa630-3b73-4808-9ec9-2e8cd6427d00,fUST,0.000142,30,1,-28000.0,demand,2026-09-07T17:47:02.524721+00:00
0d3fa630-3b73-4808-9ec9-2e8cd6427d00,fUST,0.0001361,30,14,-50000.0,demand,2026-09-07T17:47:02.524721+00:00
0d3fa630-3b73-4808-9ec9-2e8cd6427d00,fUST,0.000136,30,3,-19544.22120933,demand,2026-09-07T17:47:02.524721+00:00
0d3fa630-3b73-4808-9ec9-2e8cd6427d00,fUST,0.0001302065,2,1,-250.0,demand,2026-09-07T17:47:02.524721+00:00
0d3fa630-3b73-4808-9ec9-2e8cd6427d00,fUST,0.000128,30,3,-30000.0,demand,2026-09-07T17:47:02.524721+00:00
0d3fa630-3b73-4808-9ec9-2e8cd6427d00,fUST,0.000126599998,13,1,-97780.35811529,demand,2026-09-07T17:47:02.524721+00:00
0d3fa630-3b73-4808-9ec9-2e8cd6427d00,fUST,0.0001225,59,1,-95000.0,demand,2026-09-07T17:47:02.524721+00:00
0d3fa630-3b73-4808-9ec9-2e8cd6427d00,fUST,0.0001222,29,1,-194504.86890568,demand,2026-09-07T17:47:02.524721+00:00
0d3fa630-3b73-4808-9ec9-2e8cd6427d00,fUST,0.0001202,19,1,-184532.71737778,demand,2026-09-07T17:47:02.524721+00:00
0d3fa630-3b73-4808-9ec9-2e8cd6427d00,fUST,0.00012,120,1,-30000.0,demand,2026-09-07T17:47:02.524721+00:00
0d3fa630-3b73-4808-9ec9-2e8cd6427d00,fUST,0.0001181,7,1,-84731.49418543,demand,2026-09-07T17:47:02.524721+00:00
0d3fa630-3b73-4808-9ec9-2e8cd6427d00,fUST,0.00011701,2,1,-590725.90136351,demand,2026-09-07T17:47:02.524721+00:00
0d3fa630-3b73-4808-9ec9-2e8cd6427d00,fUST,0.00011011,2,1,-1488853.9528906,demand,2026-09-07T17:47:02.524721+00:00
0d3fa630-3b73-4808-9ec9-2e8cd6427d00,fUST,0.0001101,2,3,-4366829.49373192,demand,2026-09-07T17:47:02.524721+00:00
0d3fa630-3b73-4808-9ec9-2e8cd6427d00,fUST,0.000101,120,1,-293300.0,demand,2026-09-07T17:47:02.524721+00:00
0d3fa630-3b73-4808-9ec9-2e8cd6427d00,fUST,8.1e-05,13,1,-220298.60067989,demand,2026-09-07T17:47:02.524721+00:00
0d3fa630-3b73-4808-9ec9-2e8cd6427d00,fUST,0.000118,5,1,548.38103672,offer,2026-09-07T17:47:02.524721+00:00
0d3fa630-3b73-4808-9ec9-2e8cd6427d00,fUST,0.00012035999999999999,7,1,217.43701548,offer,2026-09-07T17:47:02.524721+00:00
0d3fa630-3b73-4808-9ec9-2e8cd6427d00,fUST,0.00012501,2,1,470.51039996,offer,2026-09-07T17:47:02.524721+00:00
0d3fa630-3b73-4808-9ec9-2e8cd6427d00,fUST,0.00012744,7,1,326.15552323,offer,2026-09-07T17:47:02.524721+00:00
0d3fa630-3b73-4808-9ec9-2e8cd6427d00,fUST,0.0001295415,2,1,8884.093308,offer,2026-09-07T17:47:02.524721+00:00
0d3fa630-3b73-4808-9ec9-2e8cd6427d00,fUST,0.00013211,2,6,2927.05900993,offer,2026-09-07T17:47:02.524721+00:00
0d3fa630-3b73-4808-9ec9-2e8cd6427d00,fUST,0.00013212,2,15,4500.0,offer,2026-09-07T17:47:02.524721+00:00
0d3fa630-3b73-4808-9ec9-2e8cd6427d00,fUST,0.0001321205479452055,2,1,4608.57058063,offer,2026-09-07T17:47:02.524721+00:00
0d3fa630-3b73-4808-9ec9-2e8cd6427d00,fUST,0.00013698,2,4,2288.34,offer,2026-09-07T17:47:02.524721+00:00
0d3fa630-3b73-4808-9ec9-2e8cd6427d00,fUST,0.000136986301369863,2,2,520.9157757,offer,2026-09-07T17:47:02.524721+00:00
0d3fa630-3b73-4808-9ec9-2e8cd6427d00,fUST,0.0001397,2,2,1288.34,offer,2026-09-07T17:47:02.524721+00:00
0d3fa630-3b73-4808-9ec9-2e8cd6427d00,fUST,0.00014248,2,1,600.0,offer,2026-09-07T17:47:02.524721+00:00
0d3fa630-3b73-4808-9ec9-2e8cd6427d00,fUST,0.0001432776712328767,2,2,544.50058037,offer,2026-09-07T17:47:02.524721+00:00
0d3fa630-3b73-4808-9ec9-2e8cd6427d00,fUST,0.00014328,2,2,1000.0,offer,2026-09-07T17:47:02.524721+00:00
0d3fa630-3b73-4808-9ec9-2e8cd6427d00,fUST,0.0001432876712328767,2,3,14252.08441913,offer,2026-09-07T17:47:02.524721+00:00
0d3fa630-3b73-4808-9ec9-2e8cd6427d00,fUST,0.00014368,2,1,500.0,offer,2026-09-07T17:47:02.524721+00:00
0d3fa630-3b73-4808-9ec9-2e8cd6427d00,fUST,0.00014369,2,14,9018.38,offer,2026-09-07T17:47:02.524721+00:00
0d3fa630-3b73-4808-9ec9-2e8cd6427d00,fUST,0.0001454316,2,12,140798.25046899,offer,2026-09-07T17:47:02.524721+00:00
0d3fa630-3b73-4808-9ec9-2e8cd6427d00,fUST,0.00014723,2,10,7076.48308675,offer,2026-09-07T17:47:02.524721+00:00
0d3fa630-3b73-4808-9ec9-2e8cd6427d00,fUST,0.00015276,2,1,500.0,offer,2026-09-07T17:47:02.524721+00:00
0d3fa630-3b73-4808-9ec9-2e8cd6427d00,fUST,0.0001527681,2,1,4216.0109973,offer,2026-09-07T17:47:02.524721+00:00
0d3fa630-3b73-4808-9ec9-2e8cd6427d00,fUST,0.00015441,2,20,9791.85812579,offer,2026-09-07T17:47:02.524721+00:00
0d3fa630-3b73-4808-9ec9-2e8cd6427d00,fUST,0.00015635,2,1,788.34,offer,2026-09-07T17:47:02.524721+00:00
0d3fa630-3b73-4808-9ec9-2e8cd6427d00,fUST,0.00015673,2,1,720.0,offer,2026-09-07T17:47:02.524721+00:00
0d3fa630-3b73-4808-9ec9-2e8cd6427d00,fUST,0.0001580009916666667,2,1,164.70378377,offer,2026-09-07T17:47:02.524721+00:00
860c4884-446a-4d5e-93b8-25f52a4623e0,fUST,0.0001832876712328767,2,1,-150.0,demand,2026-09-07T18:47:02.352487+00:00
860c4884-446a-4d5e-93b8-25f52a4623e0,fUST,0.00016,60,20,-120487.01491964,demand,2026-09-07T18:47:02.352487+00:00
860c4884-446a-4d5e-93b8-25f52a4623e0,fUST,0.000152,60,1,-28000.0,demand,2026-09-07T18:47:02.352487+00:00
860c4884-446a-4d5e-93b8-25f52a4623e0,fUST,0.00015,120,1,-300000.0,demand,2026-09-07T18:47:02.352487+00:00
860c4884-446a-4d5e-93b8-25f52a4623e0,fUST,0.00015,45,23,-138845.272985,demand,2026-09-07T18:47:02.352487+00:00
860c4884-446a-4d5e-93b8-25f52a4623e0,fUST,0.000148,30,2,-5231.18648634,demand,2026-09-07T18:47:02.352487+00:00
860c4884-446a-4d5e-93b8-25f52a4623e0,fUST,0.0001421,45,1,-10000.0,demand,2026-09-07T18:47:02.352487+00:00
860c4884-446a-4d5e-93b8-25f52a4623e0,fUST,0.000142,45,2,-20000.0,demand,2026-09-07T18:47:02.352487+00:00
860c4884-446a-4d5e-93b8-25f52a4623e0,fUST,0.000142,30,1,-28000.0,demand,2026-09-07T18:47:02.352487+00:00
860c4884-446a-4d5e-93b8-25f52a4623e0,fUST,0.0001361,30,14,-50000.0,demand,2026-09-07T18:47:02.352487+00:00
860c4884-446a-4d5e-93b8-25f52a4623e0,fUST,0.000136,30,3,-19544.22120933,demand,2026-09-07T18:47:02.352487+00:00
860c4884-446a-4d5e-93b8-25f52a4623e0,fUST,0.000128,30,3,-30000.0,demand,2026-09-07T18:47:02.352487+00:00
860c4884-446a-4d5e-93b8-25f52a4623e0,fUST,0.000126599998,13,1,-97780.35811529,demand,2026-09-07T18:47:02.352487+00:00
860c4884-446a-4d5e-93b8-25f52a4623e0,fUST,0.0001225,59,1,-95000.0,demand,2026-09-07T18:47:02.352487+00:00
860c4884-446a-4d5e-93b8-25f52a4623e0,fUST,0.0001222,29,1,-194504.86890568,demand,2026-09-07T18:47:02.352487+00:00
860c4884-446a-4d5e-93b8-25f52a4623e0,fUST,0.0001202,19,1,-184532.71737778,demand,2026-09-07T18:47:02.352487+00:00
860c4884-446a-4d5e-93b8-25f52a4623e0,fUST,0.00012,120,1,-30000.0,demand,2026-09-07T18:47:02.352487+00:00
860c4884-446a-4d5e-93b8-25f52a4623e0,fUST,0.0001181,7,1,-84092.19906338,demand,2026-09-07T18:47:02.352487+00:00
860c4884-446a-4d5e-93b8-25f52a4623e0,fUST,0.00011701,2,1,-537666.31637065,demand,2026-09-07T18:47:02.352487+00:00
860c4884-446a-4d5e-93b8-25f52a4623e0,fUST,0.00011011,2,1,-1488853.9528906,demand,2026-09-07T18:47:02.352487+00:00
860c4884-446a-4d5e-93b8-25f52a4623e0,fUST,0.0001101,2,3,-4366829.49373192,demand,2026-09-07T18:47:02.352487+00:00
860c4884-446a-4d5e-93b8-25f52a4623e0,fUST,0.000101,120,1,-293300.0,demand,2026-09-07T18:47:02.352487+00:00
860c4884-446a-4d5e-93b8-25f52a4623e0,fUST,8.1e-05,13,1,-220298.60067989,demand,2026-09-07T18:47:02.352487+00:00
860c4884-446a-4d5e-93b8-25f52a4623e0,fUST,7.5e-05,120,1,-200000.0,demand,2026-09-07T18:47:02.352487+00:00
860c4884-446a-4d5e-93b8-25f52a4623e0,fUST,6.1e-05,9,1,-100000.0,demand,2026-09-07T18:47:02.352487+00:00
860c4884-446a-4d5e-93b8-25f52a4623e0,fUST,0.00011742000000000009,2,62,30351.41707692,offer,2026-09-07T18:47:02.352487+00:00
860c4884-446a-4d5e-93b8-25f52a4623e0,fUST,0.00011743000000000009,2,2,1612.60724711,offer,2026-09-07T18:47:02.352487+00:00
860c4884-446a-4d5e-93b8-25f52a4623e0,fUST,0.00011744000000000008,2,1,852.15957439,offer,2026-09-07T18:47:02.352487+00:00
860c4884-446a-4d5e-93b8-25f52a4623e0,fUST,0.00011983,2,16,5100.0,offer,2026-09-07T18:47:02.352487+00:00
860c4884-446a-4d5e-93b8-25f52a4623e0,fUST,0.0001232876712328767,2,7,2295.86,offer,2026-09-07T18:47:02.352487+00:00
860c4884-446a-4d5e-93b8-25f52a4623e0,fUST,0.0001274300000000001,2,1,187.5384761,offer,2026-09-07T18:47:02.352487+00:00
860c4884-446a-4d5e-93b8-25f52a4623e0,fUST,0.00013181,2,1,720.0,offer,2026-09-07T18:47:02.352487+00:00
860c4884-446a-4d5e-93b8-25f52a4623e0,fUST,0.00013577135316444888,2,1,4792.00226213,offer,2026-09-07T18:47:02.352487+00:00
860c4884-446a-4d5e-93b8-25f52a4623e0,fUST,0.00013698,2,4,2000.0,offer,2026-09-07T18:47:02.352487+00:00
860c4884-446a-4d5e-93b8-25f52a4623e0,fUST,0.000136986301369863,2,1,585.028461,offer,2026-09-07T18:47:02.352487+00:00
860c4884-446a-4d5e-93b8-25f52a4623e0,fUST,0.00013699,2,2,416.05,offer,2026-09-07T18:47:02.352487+00:00
860c4884-446a-4d5e-93b8-25f52a4623e0,fUST,0.0001381123,2,1,321.28,offer,2026-09-07T18:47:02.352487+00:00
860c4884-446a-4d5e-93b8-25f52a4623e0,fUST,0.00014288,2,2,1000.0,offer,2026-09-07T18:47:02.352487+00:00
860c4884-446a-4d5e-93b8-25f52a4623e0,fUST,0.00014327187500000002,2,1,193.55639491,offer,2026-09-07T18:47:02.352487+00:00
860c4884-446a-4d5e-93b8-25f52a4623e0,fUST,0.00014328,2,1,578.57974966,offer,2026-09-07T18:47:02.352487+00:00
860c4884-446a-4d5e-93b8-25f52a4623e0,fUST,0.00014499,2,1,864.0,offer,2026-09-07T18:47:02.352487+00:00
860c4884-446a-4d5e-93b8-25f52a4623e0,fUST,0.00014783,2,5,766.310492,offer,2026-09-07T18:47:02.352487+00:00
860c4884-446a-4d5e-93b8-25f52a4623e0,fUST,0.0001478325,2,20,306145.89745669,offer,2026-09-07T18:47:02.352487+00:00
860c4884-446a-4d5e-93b8-25f52a4623e0,fUST,0.0001478325,3,3,2464.7668215,offer,2026-09-07T18:47:02.352487+00:00
860c4884-446a-4d5e-93b8-25f52a4623e0,fUST,0.00014999,2,1,500.0,offer,2026-09-07T18:47:02.352487+00:00
860c4884-446a-4d5e-93b8-25f52a4623e0,fUST,0.00015,2,4,12244.65954237,offer,2026-09-07T18:47:02.352487+00:00
860c4884-446a-4d5e-93b8-25f52a4623e0,fUST,0.00015068493150684933,2,1,272.3703224,offer,2026-09-07T18:47:02.352487+00:00
860c4884-446a-4d5e-93b8-25f52a4623e0,fUST,0.00015078915000000002,4,1,800.29891518,offer,2026-09-07T18:47:02.352487+00:00
860c4884-446a-4d5e-93b8-25f52a4623e0,fUST,0.00015380493300000002,5,1,800.29891518,offer,2026-09-07T18:47:02.352487+00:00
860c4884-446a-4d5e-93b8-25f52a4623e0,fUST,0.00015688103166000002,7,1,800.29891518,offer,2026-09-07T18:47:02.352487+00:00
80ade3be-093e-471b-abb2-c6056cfbc8d7,fUST,0.000176013,2,1,-4612.37096192,demand,2026-09-07T19:47:02.107225+00:00
80ade3be-093e-471b-abb2-c6056cfbc8d7,fUST,0.00017514,2,1,-9998.61414177,demand,2026-09-07T19:47:02.107225+00:00
80ade3be-093e-471b-abb2-c6056cfbc8d7,fUST,0.00016,60,20,-120487.01491964,demand,2026-09-07T19:47:02.107225+00:00
80ade3be-093e-471b-abb2-c6056cfbc8d7,fUST,0.00015925479452054796,2,1,-690.18704406,demand,2026-09-07T19:47:02.107225+00:00
80ade3be-093e-471b-abb2-c6056cfbc8d7,fUST,0.000152,60,1,-28000.0,demand,2026-09-07T19:47:02.107225+00:00
80ade3be-093e-471b-abb2-c6056cfbc8d7,fUST,0.00015,120,1,-300000.0,demand,2026-09-07T19:47:02.107225+00:00
80ade3be-093e-471b-abb2-c6056cfbc8d7,fUST,0.00015,45,23,-138845.272985,demand,2026-09-07T19:47:02.107225+00:00
80ade3be-093e-471b-abb2-c6056cfbc8d7,fUST,0.000148,30,2,-5231.18648634,demand,2026-09-07T19:47:02.107225+00:00
80ade3be-093e-471b-abb2-c6056cfbc8d7,fUST,0.0001421,45,1,-10000.0,demand,2026-09-07T19:47:02.107225+00:00
80ade3be-093e-471b-abb2-c6056cfbc8d7,fUST,0.000142,45,2,-20000.0,demand,2026-09-07T19:47:02.107225+00:00
80ade3be-093e-471b-abb2-c6056cfbc8d7,fUST,0.000142,30,1,-28000.0,demand,2026-09-07T19:47:02.107225+00:00
80ade3be-093e-471b-abb2-c6056cfbc8d7,fUST,0.0001361,30,14,-50000.0,demand,2026-09-07T19:47:02.107225+00:00
80ade3be-093e-471b-abb2-c6056cfbc8d7,fUST,0.000136,30,3,-19544.22120933,demand,2026-09-07T19:47:02.107225+00:00
80ade3be-093e-471b-abb2-c6056cfbc8d7,fUST,0.000128,30,3,-30000.0,demand,2026-09-07T19:47:02.107225+00:00
80ade3be-093e-471b-abb2-c6056cfbc8d7,fUST,0.000126599998,13,1,-97780.35811529,demand,2026-09-07T19:47:02.107225+00:00
80ade3be-093e-471b-abb2-c6056cfbc8d7,fUST,0.0001225,59,1,-95000.0,demand,2026-09-07T19:47:02.107225+00:00
80ade3be-093e-471b-abb2-c6056cfbc8d7,fUST,0.0001222,29,1,-194504.86890568,demand,2026-09-07T19:47:02.107225+00:00
80ade3be-093e-471b-abb2-c6056cfbc8d7,fUST,0.0001202,19,1,-184532.71737778,demand,2026-09-07T19:47:02.107225+00:00
80ade3be-093e-471b-abb2-c6056cfbc8d7,fUST,0.00012,120,1,-30000.0,demand,2026-09-07T19:47:02.107225+00:00
80ade3be-093e-471b-abb2-c6056cfbc8d7,fUST,0.0001181,7,1,-83669.98199498,demand,2026-09-07T19:47:02.107225+00:00
80ade3be-093e-471b-abb2-c6056cfbc8d7,fUST,0.00011701,2,1,-536911.31637065,demand,2026-09-07T19:47:02.107225+00:00
80ade3be-093e-471b-abb2-c6056cfbc8d7,fUST,0.00011011,2,1,-1488853.9528906,demand,2026-09-07T19:47:02.107225+00:00
80ade3be-093e-471b-abb2-c6056cfbc8d7,fUST,0.0001101,2,3,-4366829.49373192,demand,2026-09-07T19:47:02.107225+00:00
80ade3be-093e-471b-abb2-c6056cfbc8d7,fUST,0.000101,120,1,-293300.0,demand,2026-09-07T19:47:02.107225+00:00
80ade3be-093e-471b-abb2-c6056cfbc8d7,fUST,8.1e-05,13,1,-220298.60067989,demand,2026-09-07T19:47:02.107225+00:00
80ade3be-093e-471b-abb2-c6056cfbc8d7,fUST,0.00011922580000000004,2,62,30792.08099888,offer,2026-09-07T19:47:02.107225+00:00
80ade3be-093e-471b-abb2-c6056cfbc8d7,fUST,0.00011923580000000003,2,2,628.39158365,offer,2026-09-07T19:47:02.107225+00:00
80ade3be-093e-471b-abb2-c6056cfbc8d7,fUST,0.00011924580000000003,2,1,309.85315794,offer,2026-09-07T19:47:02.107225+00:00
80ade3be-093e-471b-abb2-c6056cfbc8d7,fUST,0.00011925580000000002,2,1,301.27630734,offer,2026-09-07T19:47:02.107225+00:00
80ade3be-093e-471b-abb2-c6056cfbc8d7,fUST,0.00011926580000000002,2,1,314.55086822,offer,2026-09-07T19:47:02.107225+00:00
80ade3be-093e-471b-abb2-c6056cfbc8d7,fUST,0.00011927580000000001,2,1,331.52702321,offer,2026-09-07T19:47:02.107225+00:00
80ade3be-093e-471b-abb2-c6056cfbc8d7,fUST,0.00012168,2,15,4500.0,offer,2026-09-07T19:47:02.107225+00:00
80ade3be-093e-471b-abb2-c6056cfbc8d7,fUST,0.0001232876712328767,2,49,255125.43505217,offer,2026-09-07T19:47:02.107225+00:00
80ade3be-093e-471b-abb2-c6056cfbc8d7,fUST,0.0001232876712328767,3,1,315.09667602,offer,2026-09-07T19:47:02.107225+00:00
80ade3be-093e-471b-abb2-c6056cfbc8d7,fUST,0.00012501,2,1,19058.99912625,offer,2026-09-07T19:47:02.107225+00:00
80ade3be-093e-471b-abb2-c6056cfbc8d7,fUST,0.00012575342465753425,3,1,315.09667602,offer,2026-09-07T19:47:02.107225+00:00
80ade3be-093e-471b-abb2-c6056cfbc8d7,fUST,0.00012826849315068493,4,1,315.09667602,offer,2026-09-07T19:47:02.107225+00:00
80ade3be-093e-471b-abb2-c6056cfbc8d7,fUST,0.00013083386301369863,5,1,315.09667602,offer,2026-09-07T19:47:02.107225+00:00
80ade3be-093e-471b-abb2-c6056cfbc8d7,fUST,0.00013478644906499994,2,1,1107.46065417,offer,2026-09-07T19:47:02.107225+00:00
80ade3be-093e-471b-abb2-c6056cfbc8d7,fUST,0.00013698,2,8,3382.11181792,offer,2026-09-07T19:47:02.107225+00:00
80ade3be-093e-471b-abb2-c6056cfbc8d7,fUST,0.000136986301369863,2,1,285.3760719,offer,2026-09-07T19:47:02.107225+00:00
80ade3be-093e-471b-abb2-c6056cfbc8d7,fUST,0.00013739,2,1,500.0,offer,2026-09-07T19:47:02.107225+00:00
80ade3be-093e-471b-abb2-c6056cfbc8d7,fUST,0.00013836,2,9,4500.0,offer,2026-09-07T19:47:02.107225+00:00
80ade3be-093e-471b-abb2-c6056cfbc8d7,fUST,0.0001413,2,1,42005.8543238,offer,2026-09-07T19:47:02.107225+00:00
80ade3be-093e-471b-abb2-c6056cfbc8d7,fUST,0.00014327187500000002,2,1,193.55639491,offer,2026-09-07T19:47:02.107225+00:00
80ade3be-093e-471b-abb2-c6056cfbc8d7,fUST,0.00014412,2,1,600.0,offer,2026-09-07T19:47:02.107225+00:00
80ade3be-093e-471b-abb2-c6056cfbc8d7,fUST,0.0001481913225,2,1,306.654546,offer,2026-09-07T19:47:02.107225+00:00
80ade3be-093e-471b-abb2-c6056cfbc8d7,fUST,0.0001483779845401665,2,1,2681.73623912,offer,2026-09-07T19:47:02.107225+00:00
80ade3be-093e-471b-abb2-c6056cfbc8d7,fUST,0.0001499984,2,1,309.05,offer,2026-09-07T19:47:02.107225+00:00
80ade3be-093e-471b-abb2-c6056cfbc8d7,fUST,0.00015,2,4,12244.65954237,offer,2026-09-07T19:47:02.107225+00:00
c49c86eb-450a-42fb-9299-1143d5548094,fUST,0.00021513856337499997,2,1,-150.0,demand,2026-09-07T20:47:02.536853+00:00
c49c86eb-450a-42fb-9299-1143d5548094,fUST,0.00016,60,20,-120487.01491964,demand,2026-09-07T20:47:02.536853+00:00
c49c86eb-450a-42fb-9299-1143d5548094,fUST,0.000152,60,1,-28000.0,demand,2026-09-07T20:47:02.536853+00:00
c49c86eb-450a-42fb-9299-1143d5548094,fUST,0.00015,120,1,-300000.0,demand,2026-09-07T20:47:02.536853+00:00
c49c86eb-450a-42fb-9299-1143d5548094,fUST,0.00015,45,23,-138845.272985,demand,2026-09-07T20:47:02.536853+00:00
c49c86eb-450a-42fb-9299-1143d5548094,fUST,0.000148,30,1,-4358.44648634,demand,2026-09-07T20:47:02.536853+00:00
c49c86eb-450a-42fb-9299-1143d5548094,fUST,0.0001421,45,1,-10000.0,demand,2026-09-07T20:47:02.536853+00:00
c49c86eb-450a-42fb-9299-1143d5548094,fUST,0.000142,45,2,-20000.0,demand,2026-09-07T20:47:02.536853+00:00
c49c86eb-450a-42fb-9299-1143d5548094,fUST,0.000142,30,1,-28000.0,demand,2026-09-07T20:47:02.536853+00:00
c49c86eb-450a-42fb-9299-1143d5548094,fUST,0.00013907671232876712,2,1,-4065.71878411,demand,2026-09-07T20:47:02.536853+00:00
c49c86eb-450a-42fb-9299-1143d5548094,fUST,0.0001361,30,14,-50000.0,demand,2026-09-07T20:47:02.536853+00:00
c49c86eb-450a-42fb-9299-1143d5548094,fUST,0.000136,30,3,-19544.22120933,demand,2026-09-07T20:47:02.536853+00:00
c49c86eb-450a-42fb-9299-1143d5548094,fUST,0.000128,30,3,-30000.0,demand,2026-09-07T20:47:02.536853+00:00
c49c86eb-450a-42fb-9299-1143d5548094,fUST,0.000126599998,13,1,-97780.35811529,demand,2026-09-07T20:47:02.536853+00:00
c49c86eb-450a-42fb-9299-1143d5548094,fUST,0.0001225,59,1,-95000.0,demand,2026-09-07T20:47:02.536853+00:00
c49c86eb-450a-42fb-9299-1143d5548094,fUST,0.0001222,29,1,-194504.86890568,demand,2026-09-07T20:47:02.536853+00:00
c49c86eb-450a-42fb-9299-1143d5548094,fUST,0.0001202,19,1,-184532.71737778,demand,2026-09-07T20:47:02.536853+00:00
c49c86eb-450a-42fb-9299-1143d5548094,fUST,0.00012,120,1,-30000.0,demand,2026-09-07T20:47:02.536853+00:00
c49c86eb-450a-42fb-9299-1143d5548094,fUST,0.0001181,7,1,-83669.98199498,demand,2026-09-07T20:47:02.536853+00:00
c49c86eb-450a-42fb-9299-1143d5548094,fUST,0.000118,2,1,-198471.1920503,demand,2026-09-07T20:47:02.536853+00:00
c49c86eb-450a-42fb-9299-1143d5548094,fUST,0.00011701,2,1,-496690.82122131,demand,2026-09-07T20:47:02.536853+00:00
c49c86eb-450a-42fb-9299-1143d5548094,fUST,0.00011011,2,1,-1488853.9528906,demand,2026-09-07T20:47:02.536853+00:00
c49c86eb-450a-42fb-9299-1143d5548094,fUST,0.0001101,2,3,-4366829.49373192,demand,2026-09-07T20:47:02.536853+00:00
c49c86eb-450a-42fb-9299-1143d5548094,fUST,0.000101,120,1,-293300.0,demand,2026-09-07T20:47:02.536853+00:00
c49c86eb-450a-42fb-9299-1143d5548094,fUST,8.1e-05,13,1,-220298.60067989,demand,2026-09-07T20:47:02.536853+00:00
c49c86eb-450a-42fb-9299-1143d5548094,fUST,0.00011892246575342468,2,19,9365.08438841,offer,2026-09-07T20:47:02.536853+00:00
c49c86eb-450a-42fb-9299-1143d5548094,fUST,0.00011893246575342467,2,1,208.69115589,offer,2026-09-07T20:47:02.536853+00:00
c49c86eb-450a-42fb-9299-1143d5548094,fUST,0.00011894246575342467,2,14,181170.95268232,offer,2026-09-07T20:47:02.536853+00:00
c49c86eb-450a-42fb-9299-1143d5548094,fUST,0.00011895342465753425,2,11,156088.70065506,offer,2026-09-07T20:47:02.536853+00:00
c49c86eb-450a-42fb-9299-1143d5548094,fUST,0.0001189626,2,1,5011.139312,offer,2026-09-07T20:47:02.536853+00:00
c49c86eb-450a-42fb-9299-1143d5548094,fUST,0.00011897260273972603,2,2,856.10123367,offer,2026-09-07T20:47:02.536853+00:00
c49c86eb-450a-42fb-9299-1143d5548094,fUST,0.00012132131506849316,3,1,395.42806172,offer,2026-09-07T20:47:02.536853+00:00
c49c86eb-450a-42fb-9299-1143d5548094,fUST,0.00012138,2,16,5100.0,offer,2026-09-07T20:47:02.536853+00:00
c49c86eb-450a-42fb-9299-1143d5548094,fUST,0.0001232876712328767,2,11,5451.76,offer,2026-09-07T20:47:02.536853+00:00
c49c86eb-450a-42fb-9299-1143d5548094,fUST,0.00012374774136986302,4,1,395.42806172,offer,2026-09-07T20:47:02.536853+00:00
c49c86eb-450a-42fb-9299-1143d5548094,fUST,0.0001262226961972603,5,1,395.42806172,offer,2026-09-07T20:47:02.536853+00:00
c49c86eb-450a-42fb-9299-1143d5548094,fUST,0.0001287471501212055,6,1,395.42806172,offer,2026-09-07T20:47:02.536853+00:00
c49c86eb-450a-42fb-9299-1143d5548094,fUST,0.00013352,2,1,720.0,offer,2026-09-07T20:47:02.536853+00:00
c49c86eb-450a-42fb-9299-1143d5548094,fUST,0.00013365205479452054,14,1,240.16125905,offer,2026-09-07T20:47:02.536853+00:00
c49c86eb-450a-42fb-9299-1143d5548094,fUST,0.00013698,2,15,7333.6668052,offer,2026-09-07T20:47:02.536853+00:00
c49c86eb-450a-42fb-9299-1143d5548094,fUST,0.000136986301369863,2,1,209.474642,offer,2026-09-07T20:47:02.536853+00:00
c49c86eb-450a-42fb-9299-1143d5548094,fUST,0.00014687,2,1,864.0,offer,2026-09-07T20:47:02.536853+00:00
c49c86eb-450a-42fb-9299-1143d5548094,fUST,0.00015013,7,1,355.0,offer,2026-09-07T20:47:02.536853+00:00
c49c86eb-450a-42fb-9299-1143d5548094,fUST,0.00015068493150684933,2,1,193.250905,offer,2026-09-07T20:47:02.536853+00:00
c49c86eb-450a-42fb-9299-1143d5548094,fUST,0.00015287,7,1,440.39837069,offer,2026-09-07T20:47:02.536853+00:00
c49c86eb-450a-42fb-9299-1143d5548094,fUST,0.0001529555184,2,1,695.704207,offer,2026-09-07T20:47:02.536853+00:00
c49c86eb-450a-42fb-9299-1143d5548094,fUST,0.00015939442250958904,2,1,695.704207,offer,2026-09-07T20:47:02.536853+00:00
c49c86eb-450a-42fb-9299-1143d5548094,fUST,0.0001594151,30,1,436.37,offer,2026-09-07T20:47:02.536853+00:00
c49c86eb-450a-42fb-9299-1143d5548094,fUST,0.00016156,2,1,1000.0,offer,2026-09-07T20:47:02.536853+00:00
c49c86eb-450a-42fb-9299-1143d5548094,fUST,0.0001643836,2,1,175.4527,offer,2026-09-07T20:47:02.536853+00:00
245f4ab5-fc51-4a33-ae66-3dda459db875,fUST,0.00024,2,1,-150.0,demand,2026-09-07T21:47:02.553170+00:00
245f4ab5-fc51-4a33-ae66-3dda459db875,fUST,0.00016,60,20,-120487.01491964,demand,2026-09-07T21:47:02.553170+00:00
245f4ab5-fc51-4a33-ae66-3dda459db875,fUST,0.000152,60,1,-28000.0,demand,2026-09-07T21:47:02.553170+00:00
245f4ab5-fc51-4a33-ae66-3dda459db875,fUST,0.00015,120,1,-300000.0,demand,2026-09-07T21:47:02.553170+00:00
245f4ab5-fc51-4a33-ae66-3dda459db875,fUST,0.00015,45,23,-138845.272985,demand,2026-09-07T21:47:02.553170+00:00
245f4ab5-fc51-4a33-ae66-3dda459db875,fUST,0.000148,30,1,-4358.44648634,demand,2026-09-07T21:47:02.553170+00:00
245f4ab5-fc51-4a33-ae66-3dda459db875,fUST,0.0001421,45,1,-10000.0,demand,2026-09-07T21:47:02.553170+00:00
245f4ab5-fc51-4a33-ae66-3dda459db875,fUST,0.000142,45,2,-20000.0,demand,2026-09-07T21:47:02.553170+00:00
245f4ab5-fc51-4a33-ae66-3dda459db875,fUST,0.000142,30,1,-28000.0,demand,2026-09-07T21:47:02.553170+00:00
245f4ab5-fc51-4a33-ae66-3dda459db875,fUST,0.0001361,30,14,-50000.0,demand,2026-09-07T21:47:02.553170+00:00
245f4ab5-fc51-4a33-ae66-3dda459db875,fUST,0.000136,30,3,-19544.22120933,demand,2026-09-07T21:47:02.553170+00:00
245f4ab5-fc51-4a33-ae66-3dda459db875,fUST,0.000128,30,3,-30000.0,demand,2026-09-07T21:47:02.553170+00:00
245f4ab5-fc51-4a33-ae66-3dda459db875,fUST,0.000126599998,13,1,-97780.35811529,demand,2026-09-07T21:47:02.553170+00:00
245f4ab5-fc51-4a33-ae66-3dda459db875,fUST,0.0001225,59,1,-95000.0,demand,2026-09-07T21:47:02.553170+00:00
245f4ab5-fc51-4a33-ae66-3dda459db875,fUST,0.0001222,29,1,-194504.86890568,demand,2026-09-07T21:47:02.553170+00:00
245f4ab5-fc51-4a33-ae66-3dda459db875,fUST,0.0001202,19,1,-184532.71737778,demand,2026-09-07T21:47:02.553170+00:00
245f4ab5-fc51-4a33-ae66-3dda459db875,fUST,0.00012,120,1,-30000.0,demand,2026-09-07T21:47:02.553170+00:00
245f4ab5-fc51-4a33-ae66-3dda459db875,fUST,0.0001181,7,1,-83669.98199498,demand,2026-09-07T21:47:02.553170+00:00
245f4ab5-fc51-4a33-ae66-3dda459db875,fUST,0.000118,2,1,-94611.29774378,demand,2026-09-07T21:47:02.553170+00:00
245f4ab5-fc51-4a33-ae66-3dda459db875,fUST,0.00011701,2,1,-496690.82122131,demand,2026-09-07T21:47:02.553170+00:00
245f4ab5-fc51-4a33-ae66-3dda459db875,fUST,0.00011011,2,1,-1488853.9528906,demand,2026-09-07T21:47:02.553170+00:00
245f4ab5-fc51-4a33-ae66-3dda459db875,fUST,0.0001101,2,3,-4366829.49373192,demand,2026-09-07T21:47:02.553170+00:00
245f4ab5-fc51-4a33-ae66-3dda459db875,fUST,0.000101,120,1,-293300.0,demand,2026-09-07T21:47:02.553170+00:00
245f4ab5-fc51-4a33-ae66-3dda459db875,fUST,8.1e-05,13,1,-220298.60067989,demand,2026-09-07T21:47:02.553170+00:00
245f4ab5-fc51-4a33-ae66-3dda459db875,fUST,7.5e-05,120,1,-200000.0,demand,2026-09-07T21:47:02.553170+00:00
245f4ab5-fc51-4a33-ae66-3dda459db875,fUST,0.00011885246575342471,2,13,6282.29777029,offer,2026-09-07T21:47:02.553170+00:00
245f4ab5-fc51-4a33-ae66-3dda459db875,fUST,0.00011886123287671234,2,1,182.64005251,offer,2026-09-07T21:47:02.553170+00:00
245f4ab5-fc51-4a33-ae66-3dda459db875,fUST,0.00011886123287671234,7,2,328.74964168,offer,2026-09-07T21:47:02.553170+00:00
245f4ab5-fc51-4a33-ae66-3dda459db875,fUST,0.00011886246575342471,2,2,526.75111905,offer,2026-09-07T21:47:02.553170+00:00
245f4ab5-fc51-4a33-ae66-3dda459db875,fUST,0.0001188724657534247,2,17,248805.36642627,offer,2026-09-07T21:47:02.553170+00:00
245f4ab5-fc51-4a33-ae66-3dda459db875,fUST,0.00012123845753424658,7,1,169.81661022,offer,2026-09-07T21:47:02.553170+00:00
245f4ab5-fc51-4a33-ae66-3dda459db875,fUST,0.00012123975,3,1,236.57139591,offer,2026-09-07T21:47:02.553170+00:00
245f4ab5-fc51-4a33-ae66-3dda459db875,fUST,0.00012124991506849319,3,1,221.78568367,offer,2026-09-07T21:47:02.553170+00:00
245f4ab5-fc51-4a33-ae66-3dda459db875,fUST,0.00012138,2,16,5100.0,offer,2026-09-07T21:47:02.553170+00:00
245f4ab5-fc51-4a33-ae66-3dda459db875,fUST,0.0001232876712328767,2,13,7991.3,offer,2026-09-07T21:47:02.553170+00:00
245f4ab5-fc51-4a33-ae66-3dda459db875,fUST,0.000123664545,3,1,236.57139591,offer,2026-09-07T21:47:02.553170+00:00
245f4ab5-fc51-4a33-ae66-3dda459db875,fUST,0.00012480429452054796,7,1,169.81661022,offer,2026-09-07T21:47:02.553170+00:00
245f4ab5-fc51-4a33-ae66-3dda459db875,fUST,0.0001261378359,4,1,236.57139591,offer,2026-09-07T21:47:02.553170+00:00
245f4ab5-fc51-4a33-ae66-3dda459db875,fUST,0.00012837013150684932,7,1,169.81661022,offer,2026-09-07T21:47:02.553170+00:00
245f4ab5-fc51-4a33-ae66-3dda459db875,fUST,0.000128660592618,4,1,236.57139591,offer,2026-09-07T21:47:02.553170+00:00
245f4ab5-fc51-4a33-ae66-3dda459db875,fUST,0.00012886123287671235,2,1,181.72234576,offer,2026-09-07T21:47:02.553170+00:00
245f4ab5-fc51-4a33-ae66-3dda459db875,fUST,0.00013,2,1,1366.71,offer,2026-09-07T21:47:02.553170+00:00
245f4ab5-fc51-4a33-ae66-3dda459db875,fUST,0.00013312458082191783,7,1,169.81661024,offer,2026-09-07T21:47:02.553170+00:00
245f4ab5-fc51-4a33-ae66-3dda459db875,fUST,0.00013352,2,1,720.0,offer,2026-09-07T21:47:02.553170+00:00
245f4ab5-fc51-4a33-ae66-3dda459db875,fUST,0.00013365205479452054,14,1,240.16125905,offer,2026-09-07T21:47:02.553170+00:00
245f4ab5-fc51-4a33-ae66-3dda459db875,fUST,0.00013698,2,41,20227.19952709,offer,2026-09-07T21:47:02.553170+00:00
245f4ab5-fc51-4a33-ae66-3dda459db875,fUST,0.000136986301369863,2,5,2195.1983546,offer,2026-09-07T21:47:02.553170+00:00
245f4ab5-fc51-4a33-ae66-3dda459db875,fUST,0.00013717540833333333,2,1,259.62293508,offer,2026-09-07T21:47:02.553170+00:00
245f4ab5-fc51-4a33-ae66-3dda459db875,fUST,0.00014265540833333334,2,1,259.62293508,offer,2026-09-07T21:47:02.553170+00:00
245f4ab5-fc51-4a33-ae66-3dda459db875,fUST,0.00014421,2,1,207.187,offer,2026-09-07T21:47:02.553170+00:00
6746cc3c-ad0a-47b9-9d03-3e39e7679584,fUST,0.00018125958904109592,2,1,-150.0,demand,2026-09-07T22:47:02.190825+00:00
6746cc3c-ad0a-47b9-9d03-3e39e7679584,fUST,0.00016,60,20,-120487.01491964,demand,2026-09-07T22:47:02.190825+00:00
6746cc3c-ad0a-47b9-9d03-3e39e7679584,fUST,0.000152,60,1,-28000.0,demand,2026-09-07T22:47:02.190825+00:00
6746cc3c-ad0a-47b9-9d03-3e39e7679584,fUST,0.00015,120,1,-300000.0,demand,2026-09-07T22:47:02.190825+00:00
6746cc3c-ad0a-47b9-9d03-3e39e7679584,fUST,0.00015,45,23,-138845.272985,demand,2026-09-07T22:47:02.190825+00:00
6746cc3c-ad0a-47b9-9d03-3e39e7679584,fUST,0.000148,30,1,-4358.44648634,demand,2026-09-07T22:47:02.190825+00:00
6746cc3c-ad0a-47b9-9d03-3e39e7679584,fUST,0.0001421,45,1,-10000.0,demand,2026-09-07T22:47:02.190825+00:00
6746cc3c-ad0a-47b9-9d03-3e39e7679584,fUST,0.000142,45,2,-20000.0,demand,2026-09-07T22:47:02.190825+00:00
6746cc3c-ad0a-47b9-9d03-3e39e7679584,fUST,0.000142,30,1,-28000.0,demand,2026-09-07T22:47:02.190825+00:00
6746cc3c-ad0a-47b9-9d03-3e39e7679584,fUST,0.0001361,30,14,-50000.0,demand,2026-09-07T22:47:02.190825+00:00
6746cc3c-ad0a-47b9-9d03-3e39e7679584,fUST,0.000136,30,3,-19544.22120933,demand,2026-09-07T22:47:02.190825+00:00
6746cc3c-ad0a-47b9-9d03-3e39e7679584,fUST,0.000128,30,3,-30000.0,demand,2026-09-07T22:47:02.190825+00:00
6746cc3c-ad0a-47b9-9d03-3e39e7679584,fUST,0.000126599998,13,1,-97780.35811529,demand,2026-09-07T22:47:02.190825+00:00
6746cc3c-ad0a-47b9-9d03-3e39e7679584,fUST,0.0001225,59,1,-95000.0,demand,2026-09-07T22:47:02.190825+00:00
6746cc3c-ad0a-47b9-9d03-3e39e7679584,fUST,0.0001222,29,1,-194504.86890568,demand,2026-09-07T22:47:02.190825+00:00
6746cc3c-ad0a-47b9-9d03-3e39e7679584,fUST,0.0001202,19,1,-184532.71737778,demand,2026-09-07T22:47:02.190825+00:00
6746cc3c-ad0a-47b9-9d03-3e39e7679584,fUST,0.00012,120,1,-30000.0,demand,2026-09-07T22:47:02.190825+00:00
6746cc3c-ad0a-47b9-9d03-3e39e7679584,fUST,0.0001181,7,1,-83669.98199498,demand,2026-09-07T22:47:02.190825+00:00
6746cc3c-ad0a-47b9-9d03-3e39e7679584,fUST,0.00011701,2,1,-486352.1496252,demand,2026-09-07T22:47:02.190825+00:00
6746cc3c-ad0a-47b9-9d03-3e39e7679584,fUST,0.00011011,2,1,-1488853.9528906,demand,2026-09-07T22:47:02.190825+00:00
6746cc3c-ad0a-47b9-9d03-3e39e7679584,fUST,0.0001101,2,3,-4366829.49373192,demand,2026-09-07T22:47:02.190825+00:00
6746cc3c-ad0a-47b9-9d03-3e39e7679584,fUST,0.000101,120,1,-293300.0,demand,2026-09-07T22:47:02.190825+00:00
6746cc3c-ad0a-47b9-9d03-3e39e7679584,fUST,8.1e-05,13,1,-220298.60067989,demand,2026-09-07T22:47:02.190825+00:00
6746cc3c-ad0a-47b9-9d03-3e39e7679584,fUST,7.5e-05,120,1,-200000.0,demand,2026-09-07T22:47:02.190825+00:00
6746cc3c-ad0a-47b9-9d03-3e39e7679584,fUST,6.1e-05,9,1,-100000.0,demand,2026-09-07T22:47:02.190825+00:00
6746cc3c-ad0a-47b9-9d03-3e39e7679584,fUST,0.0001232876712328767,2,10,4458.0,offer,2026-09-07T22:47:02.190825+00:00
6746cc3c-ad0a-47b9-9d03-3e39e7679584,fUST,0.0001236091780821918,2,44,20544.8257338,offer,2026-09-07T22:47:02.190825+00:00
6746cc3c-ad0a-47b9-9d03-3e39e7679584,fUST,0.00012361917808219178,2,1,18717.83692171,offer,2026-09-07T22:47:02.190825+00:00
6746cc3c-ad0a-47b9-9d03-3e39e7679584,fUST,0.00012366027397260273,2,1,500.0,offer,2026-09-07T22:47:02.190825+00:00
6746cc3c-ad0a-47b9-9d03-3e39e7679584,fUST,0.00012367,2,1,175.88,offer,2026-09-07T22:47:02.190825+00:00
6746cc3c-ad0a-47b9-9d03-3e39e7679584,fUST,0.000125,2,1,4166.34332543,offer,2026-09-07T22:47:02.190825+00:00
6746cc3c-ad0a-47b9-9d03-3e39e7679584,fUST,0.00012615,2,29,176913.30133278,offer,2026-09-07T22:47:02.190825+00:00
6746cc3c-ad0a-47b9-9d03-3e39e7679584,fUST,0.0001310451,2,7,101227.98141662,offer,2026-09-07T22:47:02.190825+00:00
6746cc3c-ad0a-47b9-9d03-3e39e7679584,fUST,0.00013698,2,3,1500.0,offer,2026-09-07T22:47:02.190825+00:00
6746cc3c-ad0a-47b9-9d03-3e39e7679584,fUST,0.00013877,2,1,720.0,offer,2026-09-07T22:47:02.190825+00:00
6746cc3c-ad0a-47b9-9d03-3e39e7679584,fUST,0.00015068493150684933,2,1,193.250905,offer,2026-09-07T22:47:02.190825+00:00
6746cc3c-ad0a-47b9-9d03-3e39e7679584,fUST,0.00015245474999999999,2,1,166.44597847,offer,2026-09-07T22:47:02.190825+00:00
6746cc3c-ad0a-47b9-9d03-3e39e7679584,fUST,0.00015265,2,1,864.0,offer,2026-09-07T22:47:02.190825+00:00
6746cc3c-ad0a-47b9-9d03-3e39e7679584,fUST,0.00015793474999999997,2,1,166.44597847,offer,2026-09-07T22:47:02.190825+00:00
6746cc3c-ad0a-47b9-9d03-3e39e7679584,fUST,0.00016207783068072286,2,2,466.48341001,offer,2026-09-07T22:47:02.190825+00:00
6746cc3c-ad0a-47b9-9d03-3e39e7679584,fUST,0.00016341474999999998,2,1,166.44597847,offer,2026-09-07T22:47:02.190825+00:00
6746cc3c-ad0a-47b9-9d03-3e39e7679584,fUST,0.000166954,2,1,188.0,offer,2026-09-07T22:47:02.190825+00:00
6746cc3c-ad0a-47b9-9d03-3e39e7679584,fUST,0.00016791,2,1,1000.0,offer,2026-09-07T22:47:02.190825+00:00
6746cc3c-ad0a-47b9-9d03-3e39e7679584,fUST,0.0001688662910958904,2,1,159.27409682,offer,2026-09-07T22:47:02.190825+00:00
6746cc3c-ad0a-47b9-9d03-3e39e7679584,fUST,0.00016889474999999998,2,1,166.44597847,offer,2026-09-07T22:47:02.190825+00:00
6746cc3c-ad0a-47b9-9d03-3e39e7679584,fUST,0.00017,2,1,9701.73013164,offer,2026-09-07T22:47:02.190825+00:00
6746cc3c-ad0a-47b9-9d03-3e39e7679584,fUST,0.00017123287671232877,3,1,219.0,offer,2026-09-07T22:47:02.190825+00:00
6746cc3c-ad0a-47b9-9d03-3e39e7679584,fUST,0.00017189600269149345,2,1,160.0,offer,2026-09-07T22:47:02.190825+00:00
6746cc3c-ad0a-47b9-9d03-3e39e7679584,fUST,0.0001718963201299227,2,2,638.26594975,offer,2026-09-07T22:47:02.190825+00:00
6746cc3c-ad0a-47b9-9d03-3e39e7679584,fUST,0.00017437474999999997,2,1,166.44597847,offer,2026-09-07T22:47:02.190825+00:00
e946d7e0-2aaa-45ab-b445-0983a64bb76b,fUST,0.00020125958904109592,2,1,-150.0,demand,2026-09-07T23:47:02.194299+00:00
e946d7e0-2aaa-45ab-b445-0983a64bb76b,fUST,0.00016,60,20,-120487.01491964,demand,2026-09-07T23:47:02.194299+00:00
e946d7e0-2aaa-45ab-b445-0983a64bb76b,fUST,0.000152,60,1,-28000.0,demand,2026-09-07T23:47:02.194299+00:00
e946d7e0-2aaa-45ab-b445-0983a64bb76b,fUST,0.00015,120,1,-300000.0,demand,2026-09-07T23:47:02.194299+00:00
e946d7e0-2aaa-45ab-b445-0983a64bb76b,fUST,0.00015,45,23,-138845.272985,demand,2026-09-07T23:47:02.194299+00:00
e946d7e0-2aaa-45ab-b445-0983a64bb76b,fUST,0.0001421,45,1,-10000.0,demand,2026-09-07T23:47:02.194299+00:00
e946d7e0-2aaa-45ab-b445-0983a64bb76b,fUST,0.000142,45,2,-20000.0,demand,2026-09-07T23:47:02.194299+00:00
e946d7e0-2aaa-45ab-b445-0983a64bb76b,fUST,0.000142,30,1,-17756.0,demand,2026-09-07T23:47:02.194299+00:00
e946d7e0-2aaa-45ab-b445-0983a64bb76b,fUST,0.0001361,30,14,-50000.0,demand,2026-09-07T23:47:02.194299+00:00
e946d7e0-2aaa-45ab-b445-0983a64bb76b,fUST,0.000136,30,3,-19544.22120933,demand,2026-09-07T23:47:02.194299+00:00
e946d7e0-2aaa-45ab-b445-0983a64bb76b,fUST,0.000128,30,3,-30000.0,demand,2026-09-07T23:47:02.194299+00:00
e946d7e0-2aaa-45ab-b445-0983a64bb76b,fUST,0.000126599998,13,1,-97780.35811529,demand,2026-09-07T23:47:02.194299+00:00
e946d7e0-2aaa-45ab-b445-0983a64bb76b,fUST,0.0001225,59,1,-95000.0,demand,2026-09-07T23:47:02.194299+00:00
e946d7e0-2aaa-45ab-b445-0983a64bb76b,fUST,0.0001222,29,1,-194504.86890568,demand,2026-09-07T23:47:02.194299+00:00
e946d7e0-2aaa-45ab-b445-0983a64bb76b,fUST,0.0001202,19,1,-184532.71737778,demand,2026-09-07T23:47:02.194299+00:00
e946d7e0-2aaa-45ab-b445-0983a64bb76b,fUST,0.00012,120,1,-30000.0,demand,2026-09-07T23:47:02.194299+00:00
e946d7e0-2aaa-45ab-b445-0983a64bb76b,fUST,0.0001181,7,1,-83669.98199498,demand,2026-09-07T23:47:02.194299+00:00
e946d7e0-2aaa-45ab-b445-0983a64bb76b,fUST,0.00011701,2,1,-467089.03844567,demand,2026-09-07T23:47:02.194299+00:00
e946d7e0-2aaa-45ab-b445-0983a64bb76b,fUST,0.00011011,2,1,-1488853.9528906,demand,2026-09-07T23:47:02.194299+00:00
e946d7e0-2aaa-45ab-b445-0983a64bb76b,fUST,0.0001101,2,3,-4366829.49373192,demand,2026-09-07T23:47:02.194299+00:00
e946d7e0-2aaa-45ab-b445-0983a64bb76b,fUST,0.000101,120,1,-293300.0,demand,2026-09-07T23:47:02.194299+00:00
e946d7e0-2aaa-45ab-b445-0983a64bb76b,fUST,8.1e-05,13,1,-220298.60067989,demand,2026-09-07T23:47:02.194299+00:00
e946d7e0-2aaa-45ab-b445-0983a64bb76b,fUST,7.5e-05,120,1,-200000.0,demand,2026-09-07T23:47:02.194299+00:00
e946d7e0-2aaa-45ab-b445-0983a64bb76b,fUST,6.1e-05,9,1,-100000.0,demand,2026-09-07T23:47:02.194299+00:00
e946d7e0-2aaa-45ab-b445-0983a64bb76b,fUST,5.9797e-05,120,2,-13332.0,demand,2026-09-07T23:47:02.194299+00:00
e946d7e0-2aaa-45ab-b445-0983a64bb76b,fUST,0.00014288,2,1,207.187,offer,2026-09-07T23:47:02.194299+00:00
e946d7e0-2aaa-45ab-b445-0983a64bb76b,fUST,0.00015188,2,1,208.05938562,offer,2026-09-07T23:47:02.194299+00:00
e946d7e0-2aaa-45ab-b445-0983a64bb76b,fUST,0.00015287999999999999,2,1,182.30073076,offer,2026-09-07T23:47:02.194299+00:00
e946d7e0-2aaa-45ab-b445-0983a64bb76b,fUST,0.00015360098749999998,2,1,500.0,offer,2026-09-07T23:47:02.194299+00:00
e946d7e0-2aaa-45ab-b445-0983a64bb76b,fUST,0.0001538511,2,1,352.4574191,offer,2026-09-07T23:47:02.194299+00:00
e946d7e0-2aaa-45ab-b445-0983a64bb76b,fUST,0.0001590805,2,1,649.95146964,offer,2026-09-07T23:47:02.194299+00:00
e946d7e0-2aaa-45ab-b445-0983a64bb76b,fUST,0.00016390450000000002,2,21,10229.7808221,offer,2026-09-07T23:47:02.194299+00:00
e946d7e0-2aaa-45ab-b445-0983a64bb76b,fUST,0.0001639345,2,2,804.94487553,offer,2026-09-07T23:47:02.194299+00:00
e946d7e0-2aaa-45ab-b445-0983a64bb76b,fUST,0.00016394,2,4,1614.58363657,offer,2026-09-07T23:47:02.194299+00:00
e946d7e0-2aaa-45ab-b445-0983a64bb76b,fUST,0.0001639445,2,4,23472.24155453,offer,2026-09-07T23:47:02.194299+00:00
e946d7e0-2aaa-45ab-b445-0983a64bb76b,fUST,0.0001647357,2,1,188.730554,offer,2026-09-07T23:47:02.194299+00:00
e946d7e0-2aaa-45ab-b445-0983a64bb76b,fUST,0.00016716503280821916,2,1,532.6315,offer,2026-09-07T23:47:02.194299+00:00
e946d7e0-2aaa-45ab-b445-0983a64bb76b,fUST,0.00016716503280821916,7,1,180.93936567,offer,2026-09-07T23:47:02.194299+00:00
e946d7e0-2aaa-45ab-b445-0983a64bb76b,fUST,0.0001680093006506849,2,1,319.5789,offer,2026-09-07T23:47:02.194299+00:00
e946d7e0-2aaa-45ab-b445-0983a64bb76b,fUST,0.00016885356849315067,2,8,2983.07824696,offer,2026-09-07T23:47:02.194299+00:00
e946d7e0-2aaa-45ab-b445-0983a64bb76b,fUST,0.00016885479452054795,2,1,468.51553286,offer,2026-09-07T23:47:02.194299+00:00
e946d7e0-2aaa-45ab-b445-0983a64bb76b,fUST,0.0001704109589041096,3,1,159.0,offer,2026-09-07T23:47:02.194299+00:00
e946d7e0-2aaa-45ab-b445-0983a64bb76b,fUST,0.00017153403759372063,2,2,320.0,offer,2026-09-07T23:47:02.194299+00:00
e946d7e0-2aaa-45ab-b445-0983a64bb76b,fUST,0.000172,2,5,1948.60681756,offer,2026-09-07T23:47:02.194299+00:00
e946d7e0-2aaa-45ab-b445-0983a64bb76b,fUST,0.000173,2,1,712.2214483,offer,2026-09-07T23:47:02.194299+00:00
e946d7e0-2aaa-45ab-b445-0983a64bb76b,fUST,0.0001747094,2,1,423.697673,offer,2026-09-07T23:47:02.194299+00:00
e946d7e0-2aaa-45ab-b445-0983a64bb76b,fUST,0.000175,2,1,712.2214483,offer,2026-09-07T23:47:02.194299+00:00
e946d7e0-2aaa-45ab-b445-0983a64bb76b,fUST,0.000175266,2,2,654.392,offer,2026-09-07T23:47:02.194299+00:00
e946d7e0-2aaa-45ab-b445-0983a64bb76b,fUST,0.0001753,2,1,156.84,offer,2026-09-07T23:47:02.194299+00:00
e946d7e0-2aaa-45ab-b445-0983a64bb76b,fUST,0.00017698075342465755,2,27,281302.0645933,offer,2026-09-07T23:47:02.194299+00:00
