run_id,market,rate,period,count,amount,side,fetched_at
3e7df3d6-eff8-47af-8fba-eefa33ccbd62,fUSD,0.000273972602739726,120,1,-8423644.41481674,demand,2026-09-09T00:47:00.385311+00:00
3e7df3d6-eff8-47af-8fba-eefa33ccbd62,fUSD,0.00022,30,1,-30100.0,demand,2026-09-09T00:47:00.385311+00:00
3e7df3d6-eff8-47af-8fba-eefa33ccbd62,fUSD,0.00021,30,1,-30000.0,demand,2026-09-09T00:47:00.385311+00:00
3e7df3d6-eff8-47af-8fba-eefa33ccbd62,fUSD,0.000209,30,1,-6289.12258117,demand,2026-09-09T00:47:00.385311+00:00
3e7df3d6-eff8-47af-8fba-eefa33ccbd62,fUSD,0.0002,7,1,-150.0,demand,2026-09-09T00:47:00.385311+00:00
3e7df3d6-eff8-47af-8fba-eefa33ccbd62,fUSD,0.0001712,120,1,-20000.0,demand,2026-09-09T00:47:00.385311+00:00
3e7df3d6-eff8-47af-8fba-eefa33ccbd62,fUSD,0.00017111,120,1,-2000000.0,demand,2026-09-09T00:47:00.385311+00:00
3e7df3d6-eff8-47af-8fba-eefa33ccbd62,fUSD,0.000161,120,1,-100000.0,demand,2026-09-09T00:47:00.385311+00:00
3e7df3d6-eff8-47af-8fba-eefa33ccbd62,fUSD,0.00016,120,2,-10009162.66122322,demand,2026-09-09T00:47:00.385311+00:00
3e7df3d6-eff8-47af-8fba-eefa33ccbd62,fUSD,0.000152,45,2,-3000.0,demand,2026-09-09T00:47:00.385311+00:00
3e7df3d6-eff8-47af-8fba-eefa33ccbd62,fUSD,0.0001511,120,1,-20000.0,demand,2026-09-09T00:47:00.385311+00:00
3e7df3d6-eff8-47af-8fba-eefa33ccbd62,fUSD,0.0001503,90,1,-20000.0,demand,2026-09-09T00:47:00.385311+00:00
3e7df3d6-eff8-47af-8fba-eefa33ccbd62,fUSD,0.00015,120,1,-500.0,demand,2026-09-09T00:47:00.385311+00:00
3e7df3d6-eff8-47af-8fba-eefa33ccbd62,fUSD,0.00015,2,1,-10000.0,demand,2026-09-09T00:47:00.385311+00:00
3e7df3d6-eff8-47af-8fba-eefa33ccbd62,fUSD,0.000145,7,1,-190.0,demand,2026-09-09T00:47:00.385311+00:00
3e7df3d6-eff8-47af-8fba-eefa33ccbd62,fUSD,0.00014252,120,1,-10770.76644364,demand,2026-09-09T00:47:00.385311+00:00
3e7df3d6-eff8-47af-8fba-eefa33ccbd62,fUSD,0.0001403,90,1,-20000.0,demand,2026-09-09T00:47:00.385311+00:00
3e7df3d6-eff8-47af-8fba-eefa33ccbd62,fUSD,0.00014000000000000001,7,1,-3628.68329713,demand,2026-09-09T00:47:00.385311+00:00
3e7df3d6-eff8-47af-8fba-eefa33ccbd62,fUSD,0.000132,7,1,-10000.0,demand,2026-09-09T00:47:00.385311+00:00
3e7df3d6-eff8-47af-8fba-eefa33ccbd62,fUSD,0.000131,13,1,-7000.0,demand,2026-09-09T00:47:00.385311+00:00
3e7df3d6-eff8-47af-8fba-eefa33ccbd62,fUSD,0.000131,7,1,-5000.0,demand,2026-09-09T00:47:00.385311+00:00
3e7df3d6-eff8-47af-8fba-eefa33ccbd62,fUSD,0.00013,2,1,-1749827.99207973,demand,2026-09-09T00:47:00.385311+00:00
3e7df3d6-eff8-47af-8fba-eefa33ccbd62,fUSD,0.0001299976386903436,2,1,-4718.52507741,demand,2026-09-09T00:47:00.385311+00:00
3e7df3d6-eff8-47af-8fba-eefa33ccbd62,fUSD,0.0001299857266535729,2,1,-4718.52507741,demand,2026-09-09T00:47:00.385311+00:00
3e7df3d6-eff8-47af-8fba-eefa33ccbd62,fUSD,0.00012998398354291735,2,1,-4718.52507741,demand,2026-09-09T00:47:00.385311+00:00
3e7df3d6-eff8-47af-8fba-eefa33ccbd62,fUSD,0.00014899,2,2,9000.81318786,offer,2026-09-09T00:47:00.385311+00:00
3e7df3d6-eff8-47af-8fba-eefa33ccbd62,fUSD,0.000149,2,1,240.9525112,offer,2026-09-09T00:47:00.385311+00:00
3e7df3d6-eff8-47af-8fba-eefa33ccbd62,fUSD,0.0001498499,2,2,715.71,offer,2026-09-09T00:47:00.385311+00:00
3e7df3d6-eff8-47af-8fba-eefa33ccbd62,fUSD,0.00014987,2,1,392.02951829,offer,2026-09-09T00:47:00.385311+00:00
3e7df3d6-eff8-47af-8fba-eefa33ccbd62,fUSD,0.00014994,2,1,150.0,offer,2026-09-09T00:47:00.385311+00:00
3e7df3d6-eff8-47af-8fba-eefa33ccbd62,fUSD,0.00014997,2,1,199.5,offer,2026-09-09T00:47:00.385311+00:00
3e7df3d6-eff8-47af-8fba-eefa33ccbd62,fUSD,0.00014998,2,6,2714.25084803,offer,2026-09-09T00:47:00.385311+00:00
3e7df3d6-eff8-47af-8fba-eefa33ccbd62,fUSD,0.00014999,2,42,264803.43812793,offer,2026-09-09T00:47:00.385311+00:00
3e7df3d6-eff8-47af-8fba-eefa33ccbd62,fUSD,0.00015,2,15,788132.51105589,offer,2026-09-09T00:47:00.385311+00:00
3e7df3d6-eff8-47af-8fba-eefa33ccbd62,fUSD,0.00015,5,1,130318.61404949,offer,2026-09-09T00:47:00.385311+00:00
3e7df3d6-eff8-47af-8fba-eefa33ccbd62,fUSD,0.00015115,2,1,3883.8870604,offer,2026-09-09T00:47:00.385311+00:00
3e7df3d6-eff8-47af-8fba-eefa33ccbd62,fUSD,0.00015126,2,1,16570.210595,offer,2026-09-09T00:47:00.385311+00:00
3e7df3d6-eff8-47af-8fba-eefa33ccbd62,fUSD,0.00015137,2,2,54031.2057826,offer,2026-09-09T00:47:00.385311+00:00
3e7df3d6-eff8-47af-8fba-eefa33ccbd62,fUSD,0.00015148,2,1,938.5105295,offer,2026-09-09T00:47:00.385311+00:00
3e7df3d6-eff8-47af-8fba-eefa33ccbd62,fUSD,0.00015198,7,1,216.44403997,offer,2026-09-09T00:47:00.385311+00:00
3e7df3d6-eff8-47af-8fba-eefa33ccbd62,fUSD,0.0001529898,3,1,817.29407362,offer,2026-09-09T00:47:00.385311+00:00
3e7df3d6-eff8-47af-8fba-eefa33ccbd62,fUSD,0.00015505890410958905,2,1,443.36971118,offer,2026-09-09T00:47:00.385311+00:00
3e7df3d6-eff8-47af-8fba-eefa33ccbd62,fUSD,0.00015516007755432174,2,1,751.72,offer,2026-09-09T00:47:00.385311+00:00
3e7df3d6-eff8-47af-8fba-eefa33ccbd62,fUSD,0.00015604959599999999,3,1,817.29407362,offer,2026-09-09T00:47:00.385311+00:00
3e7df3d6-eff8-47af-8fba-eefa33ccbd62,fUSD,0.00015645,7,1,216.44403997,offer,2026-09-09T00:47:00.385311+00:00
3e7df3d6-eff8-47af-8fba-eefa33ccbd62,fUSD,0.0001588622,2,1,355.09,offer,2026-09-09T00:47:00.385311+00:00
3e7df3d6-eff8-47af-8fba-eefa33ccbd62,fUSD,0.0001589576,2,1,314.19,offer,2026-09-09T00:47:00.385311+00:00
3e7df3d6-eff8-47af-8fba-eefa33ccbd62,fUSD,0.0001589894,2,2,813.22,offer,2026-09-09T00:47:00.385311+00:00
3e7df3d6-eff8-47af-8fba-eefa33ccbd62,fUSD,0.00015917058792,4,1,817.29407362,offer,2026-09-09T00:47:00.385311+00:00
3e7df3d6-eff8-47af-8fba-eefa33ccbd62,fUSD,0.00016,2,1,40576.37404286,offer,2026-09-09T00:47:00.385311+00:00
6d99ade7-7b09-48c8-bca2-7f4a20b48afe,fUSD,0.000273972602739726,120,1,-8352505.19056303,demand,2026-09-09T01:47:00.530836+00:00
6d99ade7-7b09-48c8-bca2-7f4a20b48afe,fUSD,0.00022,30,1,-30100.0,demand,2026-09-09T01:47:00.530836+00:00
6d99ade7-7b09-48c8-bca2-7f4a20b48afe,fUSD,0.00021,30,1,-30000.0,demand,2026-09-09T01:47:00.530836+00:00
6d99ade7-7b09-48c8-bca2-7f4a20b48afe,fUSD,0.000209,30,1,-6289.12258117,demand,2026-09-09T01:47:00.530836+00:00
6d99ade7-7b09-48c8-bca2-7f4a20b48afe,fUSD,0.0002,7,1,-150.0,demand,2026-09-09T01:47:00.530836+00:00
6d99ade7-7b09-48c8-bca2-7f4a20b48afe,fUSD,0.0001712,120,1,-20000.0,demand,2026-09-09T01:47:00.530836+00:00
6d99ade7-7b09-48c8-bca2-7f4a20b48afe,fUSD,0.00017111,120,1,-2000000.0,demand,2026-09-09T01:47:00.530836+00:00
6d99ade7-7b09-48c8-bca2-7f4a20b48afe,fUSD,0.000161,120,1,-100000.0,demand,2026-09-09T01:47:00.530836+00:00
6d99ade7-7b09-48c8-bca2-7f4a20b48afe,fUSD,0.00016,120,2,-10009162.66122322,demand,2026-09-09T01:47:00.530836+00:00
6d99ade7-7b09-48c8-bca2-7f4a20b48afe,fUSD,0.000152,45,2,-3000.0,demand,2026-09-09T01:47:00.530836+00:00
6d99ade7-7b09-48c8-bca2-7f4a20b48afe,fUSD,0.0001511,120,1,-20000.0,demand,2026-09-09T01:47:00.530836+00:00
6d99ade7-7b09-48c8-bca2-7f4a20b48afe,fUSD,0.0001503,90,1,-20000.0,demand,2026-09-09T01:47:00.530836+00:00
6d99ade7-7b09-48c8-bca2-7f4a20b48afe,fUSD,0.00015,120,1,-500.0,demand,2026-09-09T01:47:00.530836+00:00
6d99ade7-7b09-48c8-bca2-7f4a20b48afe,fUSD,0.00015,2,1,-10000.0,demand,2026-09-09T01:47:00.530836+00:00
6d99ade7-7b09-48c8-bca2-7f4a20b48afe,fUSD,0.000145,7,1,-190.0,demand,2026-09-09T01:47:00.530836+00:00
6d99ade7-7b09-48c8-bca2-7f4a20b48afe,fUSD,0.00014252,120,1,-10770.76644364,demand,2026-09-09T01:47:00.530836+00:00
6d99ade7-7b09-48c8-bca2-7f4a20b48afe,fUSD,0.0001403,90,1,-20000.0,demand,2026-09-09T01:47:00.530836+00:00
6d99ade7-7b09-48c8-bca2-7f4a20b48afe,fUSD,0.00014000000000000001,7,1,-3628.68329713,demand,2026-09-09T01:47:00.530836+00:00
6d99ade7-7b09-48c8-bca2-7f4a20b48afe,fUSD,0.000132,7,1,-10000.0,demand,2026-09-09T01:47:00.530836+00:00
6d99ade7-7b09-48c8-bca2-7f4a20b48afe,fUSD,0.00013185959495231063,2,1,-3249.73402865,demand,2026-09-09T01:47:00.530836+00:00
6d99ade7-7b09-48c8-bca2-7f4a20b48afe,fUSD,0.0001318573006010666,2,1,-3994.11402865,demand,2026-09-09T01:47:00.530836+00:00
6d99ade7-7b09-48c8-bca2-7f4a20b48afe,fUSD,0.00013184393998982258,2,1,-3994.11402865,demand,2026-09-09T01:47:00.530836+00:00
6d99ade7-7b09-48c8-bca2-7f4a20b48afe,fUSD,0.0001318438070859156,2,1,-3994.11402865,demand,2026-09-09T01:47:00.530836+00:00
6d99ade7-7b09-48c8-bca2-7f4a20b48afe,fUSD,0.00013184262761330593,2,1,-3994.11402865,demand,2026-09-09T01:47:00.530836+00:00
6d99ade7-7b09-48c8-bca2-7f4a20b48afe,fUSD,0.00013182808884613405,2,1,-3994.11402865,demand,2026-09-09T01:47:00.530836+00:00
6d99ade7-7b09-48c8-bca2-7f4a20b48afe,fUSD,0.000149,2,1,163.70807896,offer,2026-09-09T01:47:00.530836+00:00
6d99ade7-7b09-48c8-bca2-7f4a20b48afe,fUSD,0.0001499,2,1,2875.75828127,offer,2026-09-09T01:47:00.530836+00:00
6d99ade7-7b09-48c8-bca2-7f4a20b48afe,fUSD,0.00014999,2,21,207759.56020782,offer,2026-09-09T01:47:00.530836+00:00
6d99ade7-7b09-48c8-bca2-7f4a20b48afe,fUSD,0.000149992475,2,1,257.41535601,offer,2026-09-09T01:47:00.530836+00:00
6d99ade7-7b09-48c8-bca2-7f4a20b48afe,fUSD,0.00014999495,2,17,2575.6596253,offer,2026-09-09T01:47:00.530836+00:00
6d99ade7-7b09-48c8-bca2-7f4a20b48afe,fUSD,0.00015,2,9,610757.30470112,offer,2026-09-09T01:47:00.530836+00:00
6d99ade7-7b09-48c8-bca2-7f4a20b48afe,fUSD,0.00015051684210526316,3,1,230.0,offer,2026-09-09T01:47:00.530836+00:00
6d99ade7-7b09-48c8-bca2-7f4a20b48afe,fUSD,0.0001529898,4,2,409.31849358,offer,2026-09-09T01:47:00.530836+00:00
6d99ade7-7b09-48c8-bca2-7f4a20b48afe,fUSD,0.0001558814,2,1,301.78,offer,2026-09-09T01:47:00.530836+00:00
6d99ade7-7b09-48c8-bca2-7f4a20b48afe,fUSD,0.00015604959599999999,5,1,203.26003657,offer,2026-09-09T01:47:00.530836+00:00
6d99ade7-7b09-48c8-bca2-7f4a20b48afe,fUSD,0.0001589788,2,2,631.94,offer,2026-09-09T01:47:00.530836+00:00
6d99ade7-7b09-48c8-bca2-7f4a20b48afe,fUSD,0.0001589894,2,1,356.64,offer,2026-09-09T01:47:00.530836+00:00
6d99ade7-7b09-48c8-bca2-7f4a20b48afe,fUSD,0.00015917058792,7,1,203.26003657,offer,2026-09-09T01:47:00.530836+00:00
6d99ade7-7b09-48c8-bca2-7f4a20b48afe,fUSD,0.000160736,2,1,167.85,offer,2026-09-09T01:47:00.530836+00:00
6d99ade7-7b09-48c8-bca2-7f4a20b48afe,fUSD,0.00016121,2,1,255.0,offer,2026-09-09T01:47:00.530836+00:00
6d99ade7-7b09-48c8-bca2-7f4a20b48afe,fUSD,0.0001623539996784,9,1,203.26003657,offer,2026-09-09T01:47:00.530836+00:00
6d99ade7-7b09-48c8-bca2-7f4a20b48afe,fUSD,0.00016498900000000002,2,3,822.88286248,offer,2026-09-09T01:47:00.530836+00:00
6d99ade7-7b09-48c8-bca2-7f4a20b48afe,fUSD,0.0001654356,2,1,5233.6997734,offer,2026-09-09T01:47:00.530836+00:00
6d99ade7-7b09-48c8-bca2-7f4a20b48afe,fUSD,0.0001654444,2,1,6213.27054667,offer,2026-09-09T01:47:00.530836+00:00
6d99ade7-7b09-48c8-bca2-7f4a20b48afe,fUSD,0.00016627526315789474,3,1,230.0,offer,2026-09-09T01:47:00.530836+00:00
6d99ade7-7b09-48c8-bca2-7f4a20b48afe,fUSD,0.00016739,2,1,168.3763156,offer,2026-09-09T01:47:00.530836+00:00
6d99ade7-7b09-48c8-bca2-7f4a20b48afe,fUSD,0.00017335,2,1,199.0,offer,2026-09-09T01:47:00.530836+00:00
6d99ade7-7b09-48c8-bca2-7f4a20b48afe,fUSD,0.000178882,3,1,154.0,offer,2026-09-09T01:47:00.530836+00:00
6d99ade7-7b09-48c8-bca2-7f4a20b48afe,fUSD,0.000180714,2,1,163.70807894,offer,2026-09-09T01:47:00.530836+00:00
6d99ade7-7b09-48c8-bca2-7f4a20b48afe,fUSD,0.0001818811,2,1,5233.6997734,offer,2026-09-09T01:47:00.530836+00:00
c63bdfbe-8b60-45c3-9308-fb1b2e665114,fUSD,0.000273972602739726,120,1,-8328549.42213377,demand,2026-09-09T02:47:00.463142+00:00
c63bdfbe-8b60-45c3-9308-fb1b2e665114,fUSD,0.00022,30,1,-30100.0,demand,2026-09-09T02:47:00.463142+00:00
c63bdfbe-8b60-45c3-9308-fb1b2e665114,fUSD,0.00021,30,1,-30000.0,demand,2026-09-09T02:47:00.463142+00:00
c63bdfbe-8b60-45c3-9308-fb1b2e665114,fUSD,0.000209,30,1,-6289.12258117,demand,2026-09-09T02:47:00.463142+00:00
c63bdfbe-8b60-45c3-9308-fb1b2e665114,fUSD,0.0002,7,1,-150.0,demand,2026-09-09T02:47:00.463142+00:00
c63bdfbe-8b60-45c3-9308-fb1b2e665114,fUSD,0.0001712,120,1,-20000.0,demand,2026-09-09T02:47:00.463142+00:00
c63bdfbe-8b60-45c3-9308-fb1b2e665114,fUSD,0.00017111,120,1,-2000000.0,demand,2026-09-09T02:47:00.463142+00:00
c63bdfbe-8b60-45c3-9308-fb1b2e665114,fUSD,0.000161,120,1,-100000.0,demand,2026-09-09T02:47:00.463142+00:00
c63bdfbe-8b60-45c3-9308-fb1b2e665114,fUSD,0.00016,120,2,-10009162.66122322,demand,2026-09-09T02:47:00.463142+00:00
c63bdfbe-8b60-45c3-9308-fb1b2e665114,fUSD,0.000152,45,2,-3000.0,demand,2026-09-09T02:47:00.463142+00:00
c63bdfbe-8b60-45c3-9308-fb1b2e665114,fUSD,0.0001511,120,1,-20000.0,demand,2026-09-09T02:47:00.463142+00:00
c63bdfbe-8b60-45c3-9308-fb1b2e665114,fUSD,0.0001503,90,1,-20000.0,demand,2026-09-09T02:47:00.463142+00:00
c63bdfbe-8b60-45c3-9308-fb1b2e665114,fUSD,0.00015,120,1,-500.0,demand,2026-09-09T02:47:00.463142+00:00
c63bdfbe-8b60-45c3-9308-fb1b2e665114,fUSD,0.00015,2,1,-10000.0,demand,2026-09-09T02:47:00.463142+00:00
c63bdfbe-8b60-45c3-9308-fb1b2e665114,fUSD,0.000145,7,1,-190.0,demand,2026-09-09T02:47:00.463142+00:00
c63bdfbe-8b60-45c3-9308-fb1b2e665114,fUSD,0.00014252,120,1,-10770.76644364,demand,2026-09-09T02:47:00.463142+00:00
c63bdfbe-8b60-45c3-9308-fb1b2e665114,fUSD,0.0001403,90,1,-20000.0,demand,2026-09-09T02:47:00.463142+00:00
c63bdfbe-8b60-45c3-9308-fb1b2e665114,fUSD,0.00014000000000000001,7,1,-3628.68329713,demand,2026-09-09T02:47:00.463142+00:00
c63bdfbe-8b60-45c3-9308-fb1b2e665114,fUSD,0.000132,7,1,-10000.0,demand,2026-09-09T02:47:00.463142+00:00
c63bdfbe-8b60-45c3-9308-fb1b2e665114,fUSD,0.00013185959495231063,2,1,-2768.70315696,demand,2026-09-09T02:47:00.463142+00:00
c63bdfbe-8b60-45c3-9308-fb1b2e665114,fUSD,0.0001318573006010666,2,1,-3994.11402865,demand,2026-09-09T02:47:00.463142+00:00
c63bdfbe-8b60-45c3-9308-fb1b2e665114,fUSD,0.00013184393998982258,2,1,-3994.11402865,demand,2026-09-09T02:47:00.463142+00:00
c63bdfbe-8b60-45c3-9308-fb1b2e665114,fUSD,0.0001318438070859156,2,1,-3994.11402865,demand,2026-09-09T02:47:00.463142+00:00
c63bdfbe-8b60-45c3-9308-fb1b2e665114,fUSD,0.00013184262761330593,2,1,-3994.11402865,demand,2026-09-09T02:47:00.463142+00:00
c63bdfbe-8b60-45c3-9308-fb1b2e665114,fUSD,0.00013182808884613405,2,1,-3994.11402865,demand,2026-09-09T02:47:00.463142+00:00
c63bdfbe-8b60-45c3-9308-fb1b2e665114,fUSD,0.000147,2,1,1535.53,offer,2026-09-09T02:47:00.463142+00:00
c63bdfbe-8b60-45c3-9308-fb1b2e665114,fUSD,0.000148,2,1,180.68735233,offer,2026-09-09T02:47:00.463142+00:00
c63bdfbe-8b60-45c3-9308-fb1b2e665114,fUSD,0.000149,2,1,5496.18887818,offer,2026-09-09T02:47:00.463142+00:00
c63bdfbe-8b60-45c3-9308-fb1b2e665114,fUSD,0.00014999,2,5,1764.38146134,offer,2026-09-09T02:47:00.463142+00:00
c63bdfbe-8b60-45c3-9308-fb1b2e665114,fUSD,0.00015,2,19,505996.36016456,offer,2026-09-09T02:47:00.463142+00:00
c63bdfbe-8b60-45c3-9308-fb1b2e665114,fUSD,0.00015,3,2,521.0,offer,2026-09-09T02:47:00.463142+00:00
c63bdfbe-8b60-45c3-9308-fb1b2e665114,fUSD,0.0001505365,2,1,310.22,offer,2026-09-09T02:47:00.463142+00:00
c63bdfbe-8b60-45c3-9308-fb1b2e665114,fUSD,0.0001523941,2,1,310.22,offer,2026-09-09T02:47:00.463142+00:00
c63bdfbe-8b60-45c3-9308-fb1b2e665114,fUSD,0.0001529796,7,2,771.76994423,offer,2026-09-09T02:47:00.463142+00:00
c63bdfbe-8b60-45c3-9308-fb1b2e665114,fUSD,0.00015299999999999998,4,1,730.70812633,offer,2026-09-09T02:47:00.463142+00:00
c63bdfbe-8b60-45c3-9308-fb1b2e665114,fUSD,0.0001536738,2,1,310.22,offer,2026-09-09T02:47:00.463142+00:00
c63bdfbe-8b60-45c3-9308-fb1b2e665114,fUSD,0.000154681,2,1,310.22,offer,2026-09-09T02:47:00.463142+00:00
c63bdfbe-8b60-45c3-9308-fb1b2e665114,fUSD,0.0001555244,2,1,310.22,offer,2026-09-09T02:47:00.463142+00:00
c63bdfbe-8b60-45c3-9308-fb1b2e665114,fUSD,0.00015606,5,1,730.70812633,offer,2026-09-09T02:47:00.463142+00:00
c63bdfbe-8b60-45c3-9308-fb1b2e665114,fUSD,0.0001562566,2,1,310.22,offer,2026-09-09T02:47:00.463142+00:00
c63bdfbe-8b60-45c3-9308-fb1b2e665114,fUSD,0.0001569077,2,1,310.22,offer,2026-09-09T02:47:00.463142+00:00
c63bdfbe-8b60-45c3-9308-fb1b2e665114,fUSD,0.000157479,7,2,789.34111857,offer,2026-09-09T02:47:00.463142+00:00
c63bdfbe-8b60-45c3-9308-fb1b2e665114,fUSD,0.0001574966,2,1,310.22,offer,2026-09-09T02:47:00.463142+00:00
c63bdfbe-8b60-45c3-9308-fb1b2e665114,fUSD,0.000158036,2,1,310.22,offer,2026-09-09T02:47:00.463142+00:00
c63bdfbe-8b60-45c3-9308-fb1b2e665114,fUSD,0.0001585349,2,1,310.22,offer,2026-09-09T02:47:00.463142+00:00
c63bdfbe-8b60-45c3-9308-fb1b2e665114,fUSD,0.000159,2,1,310.22,offer,2026-09-09T02:47:00.463142+00:00
c63bdfbe-8b60-45c3-9308-fb1b2e665114,fUSD,0.0001591812,7,1,730.70812633,offer,2026-09-09T02:47:00.463142+00:00
c63bdfbe-8b60-45c3-9308-fb1b2e665114,fUSD,0.00016124,2,1,255.0,offer,2026-09-09T02:47:00.463142+00:00
c63bdfbe-8b60-45c3-9308-fb1b2e665114,fUSD,0.0001617,2,7,6524.68355353,offer,2026-09-09T02:47:00.463142+00:00
c63bdfbe-8b60-45c3-9308-fb1b2e665114,fUSD,0.0001617013698630137,2,1,510.36116449,offer,2026-09-09T02:47:00.463142+00:00
d834d4c9-de6e-4950-b2e1-6b7bf965f253,fUSD,0.000273972602739726,120,1,-8201718.54573844,demand,2026-09-09T03:47:00.468857+00:00
d834d4c9-de6e-4950-b2e1-6b7bf965f253,fUSD,0.00022,30,1,-30100.0,demand,2026-09-09T03:47:00.468857+00:00
d834d4c9-de6e-4950-b2e1-6b7bf965f253,fUSD,0.00021,30,1,-30000.0,demand,2026-09-09T03:47:00.468857+00:00
d834d4c9-de6e-4950-b2e1-6b7bf965f253,fUSD,0.000209,30,1,-6289.12258117,demand,2026-09-09T03:47:00.468857+00:00
d834d4c9-de6e-4950-b2e1-6b7bf965f253,fUSD,0.0002,7,1,-150.0,demand,2026-09-09T03:47:00.468857+00:00
d834d4c9-de6e-4950-b2e1-6b7bf965f253,fUSD,0.0001712,120,1,-20000.0,demand,2026-09-09T03:47:00.468857+00:00
d834d4c9-de6e-4950-b2e1-6b7bf965f253,fUSD,0.00017111,120,1,-2000000.0,demand,2026-09-09T03:47:00.468857+00:00
d834d4c9-de6e-4950-b2e1-6b7bf965f253,fUSD,0.000161,120,1,-100000.0,demand,2026-09-09T03:47:00.468857+00:00
d834d4c9-de6e-4950-b2e1-6b7bf965f253,fUSD,0.00016,120,2,-10009162.66122322,demand,2026-09-09T03:47:00.468857+00:00
d834d4c9-de6e-4950-b2e1-6b7bf965f253,fUSD,0.000152,45,2,-3000.0,demand,2026-09-09T03:47:00.468857+00:00
d834d4c9-de6e-4950-b2e1-6b7bf965f253,fUSD,0.0001511,120,1,-20000.0,demand,2026-09-09T03:47:00.468857+00:00
d834d4c9-de6e-4950-b2e1-6b7bf965f253,fUSD,0.0001503,90,1,-20000.0,demand,2026-09-09T03:47:00.468857+00:00
d834d4c9-de6e-4950-b2e1-6b7bf965f253,fUSD,0.00015,120,1,-500.0,demand,2026-09-09T03:47:00.468857+00:00
d834d4c9-de6e-4950-b2e1-6b7bf965f253,fUSD,0.00015,2,1,-10000.0,demand,2026-09-09T03:47:00.468857+00:00
d834d4c9-de6e-4950-b2e1-6b7bf965f253,fUSD,0.000145,7,1,-190.0,demand,2026-09-09T03:47:00.468857+00:00
d834d4c9-de6e-4950-b2e1-6b7bf965f253,fUSD,0.00014252,120,1,-10770.76644364,demand,2026-09-09T03:47:00.468857+00:00
d834d4c9-de6e-4950-b2e1-6b7bf965f253,fUSD,0.0001403,90,1,-20000.0,demand,2026-09-09T03:47:00.468857+00:00
d834d4c9-de6e-4950-b2e1-6b7bf965f253,fUSD,0.00014000000000000001,7,1,-3628.68329713,demand,2026-09-09T03:47:00.468857+00:00
d834d4c9-de6e-4950-b2e1-6b7bf965f253,fUSD,0.000132,7,1,-10000.0,demand,2026-09-09T03:47:00.468857+00:00
d834d4c9-de6e-4950-b2e1-6b7bf965f253,fUSD,0.000131,13,1,-7000.0,demand,2026-09-09T03:47:00.468857+00:00
d834d4c9-de6e-4950-b2e1-6b7bf965f253,fUSD,0.000131,7,1,-5000.0,demand,2026-09-09T03:47:00.468857+00:00
d834d4c9-de6e-4950-b2e1-6b7bf965f253,fUSD,0.00013,2,1,-1745941.75591599,demand,2026-09-09T03:47:00.468857+00:00
d834d4c9-de6e-4950-b2e1-6b7bf965f253,fUSD,0.00012757,120,1,-100000.0,demand,2026-09-09T03:47:00.468857+00:00
d834d4c9-de6e-4950-b2e1-6b7bf965f253,fUSD,0.0001221,120,1,-12587.13,demand,2026-09-09T03:47:00.468857+00:00
d834d4c9-de6e-4950-b2e1-6b7bf965f253,fUSD,0.00012185927211283553,2,1,-4674.81378814,demand,2026-09-09T03:47:00.468857+00:00
d834d4c9-de6e-4950-b2e1-6b7bf965f253,fUSD,0.00017899,2,3,915.03,offer,2026-09-09T03:47:00.468857+00:00
d834d4c9-de6e-4950-b2e1-6b7bf965f253,fUSD,0.000179,2,2,2732.27787502,offer,2026-09-09T03:47:00.468857+00:00
d834d4c9-de6e-4950-b2e1-6b7bf965f253,fUSD,0.00017999000000000002,2,9,3104.39283966,offer,2026-09-09T03:47:00.468857+00:00
d834d4c9-de6e-4950-b2e1-6b7bf965f253,fUSD,0.00018,8,1,28600.0,offer,2026-09-09T03:47:00.468857+00:00
d834d4c9-de6e-4950-b2e1-6b7bf965f253,fUSD,0.00018,2,33,401633.79198977,offer,2026-09-09T03:47:00.468857+00:00
d834d4c9-de6e-4950-b2e1-6b7bf965f253,fUSD,0.00018315672328767123,2,1,1246.69,offer,2026-09-09T03:47:00.468857+00:00
d834d4c9-de6e-4950-b2e1-6b7bf965f253,fUSD,0.00018358272727272726,3,1,155.0,offer,2026-09-09T03:47:00.468857+00:00
d834d4c9-de6e-4950-b2e1-6b7bf965f253,fUSD,0.00018360000000000002,4,3,575.99850973,offer,2026-09-09T03:47:00.468857+00:00
d834d4c9-de6e-4950-b2e1-6b7bf965f253,fUSD,0.00018727200000000002,6,1,194.7939646,offer,2026-09-09T03:47:00.468857+00:00
d834d4c9-de6e-4950-b2e1-6b7bf965f253,fUSD,0.00018729052631578946,3,1,290.0,offer,2026-09-09T03:47:00.468857+00:00
d834d4c9-de6e-4950-b2e1-6b7bf965f253,fUSD,0.00018762384657534248,2,1,1246.69,offer,2026-09-09T03:47:00.468857+00:00
d834d4c9-de6e-4950-b2e1-6b7bf965f253,fUSD,0.00019101744000000004,8,1,194.7939646,offer,2026-09-09T03:47:00.468857+00:00
d834d4c9-de6e-4950-b2e1-6b7bf965f253,fUSD,0.0001919,2,1,489.45,offer,2026-09-09T03:47:00.468857+00:00
d834d4c9-de6e-4950-b2e1-6b7bf965f253,fUSD,0.000192,2,3,2581.00257068,offer,2026-09-09T03:47:00.468857+00:00
d834d4c9-de6e-4950-b2e1-6b7bf965f253,fUSD,0.0001920909698630137,2,1,1246.69,offer,2026-09-09T03:47:00.468857+00:00
d834d4c9-de6e-4950-b2e1-6b7bf965f253,fUSD,0.0001921111,2,1,2575.82091283,offer,2026-09-09T03:47:00.468857+00:00
d834d4c9-de6e-4950-b2e1-6b7bf965f253,fUSD,0.000193,2,3,2581.00257068,offer,2026-09-09T03:47:00.468857+00:00
d834d4c9-de6e-4950-b2e1-6b7bf965f253,fUSD,0.00019483778880000004,9,1,194.7939646,offer,2026-09-09T03:47:00.468857+00:00
d834d4c9-de6e-4950-b2e1-6b7bf965f253,fUSD,0.00019486849315068493,2,1,1038.34634135,offer,2026-09-09T03:47:00.468857+00:00
d834d4c9-de6e-4950-b2e1-6b7bf965f253,fUSD,0.000195,2,3,2581.00257068,offer,2026-09-09T03:47:00.468857+00:00
d834d4c9-de6e-4950-b2e1-6b7bf965f253,fUSD,0.00019655809315068492,2,1,1246.69,offer,2026-09-09T03:47:00.468857+00:00
d834d4c9-de6e-4950-b2e1-6b7bf965f253,fUSD,0.000197,2,3,2581.00257068,offer,2026-09-09T03:47:00.468857+00:00
d834d4c9-de6e-4950-b2e1-6b7bf965f253,fUSD,0.0001984312,2,1,317.87,offer,2026-09-09T03:47:00.468857+00:00
d834d4c9-de6e-4950-b2e1-6b7bf965f253,fUSD,0.000199,2,3,2581.00257068,offer,2026-09-09T03:47:00.468857+00:00
d834d4c9-de6e-4950-b2e1-6b7bf965f253,fUSD,0.0001991337,2,1,169.81,offer,2026-09-09T03:47:00.468857+00:00
e8ee9139-fbaf-4e2a-be89-5d26cefe9ba8,fUSD,0.000273972602739726,120,1,-8179008.01211105,demand,2026-09-09T04:47:00.417149+00:00
e8ee9139-fbaf-4e2a-be89-5d26cefe9ba8,fUSD,0.00022,30,1,-30100.0,demand,2026-09-09T04:47:00.417149+00:00
e8ee9139-fbaf-4e2a-be89-5d26cefe9ba8,fUSD,0.00021,30,1,-30000.0,demand,2026-09-09T04:47:00.417149+00:00
e8ee9139-fbaf-4e2a-be89-5d26cefe9ba8,fUSD,0.000209,30,1,-6289.12258117,demand,2026-09-09T04:47:00.417149+00:00
e8ee9139-fbaf-4e2a-be89-5d26cefe9ba8,fUSD,0.0002,7,1,-150.0,demand,2026-09-09T04:47:00.417149+00:00
e8ee9139-fbaf-4e2a-be89-5d26cefe9ba8,fUSD,0.0001712,120,1,-20000.0,demand,2026-09-09T04:47:00.417149+00:00
e8ee9139-fbaf-4e2a-be89-5d26cefe9ba8,fUSD,0.00017111,120,1,-2000000.0,demand,2026-09-09T04:47:00.417149+00:00
e8ee9139-fbaf-4e2a-be89-5d26cefe9ba8,fUSD,0.000161,120,1,-100000.0,demand,2026-09-09T04:47:00.417149+00:00
e8ee9139-fbaf-4e2a-be89-5d26cefe9ba8,fUSD,0.00016,120,2,-10009162.66122322,demand,2026-09-09T04:47:00.417149+00:00
e8ee9139-fbaf-4e2a-be89-5d26cefe9ba8,fUSD,0.000152,45,2,-3000.0,demand,2026-09-09T04:47:00.417149+00:00
e8ee9139-fbaf-4e2a-be89-5d26cefe9ba8,fUSD,0.0001511,120,1,-20000.0,demand,2026-09-09T04:47:00.417149+00:00
e8ee9139-fbaf-4e2a-be89-5d26cefe9ba8,fUSD,0.0001503,90,1,-20000.0,demand,2026-09-09T04:47:00.417149+00:00
e8ee9139-fbaf-4e2a-be89-5d26cefe9ba8,fUSD,0.00015,120,1,-500.0,demand,2026-09-09T04:47:00.417149+00:00
e8ee9139-fbaf-4e2a-be89-5d26cefe9ba8,fUSD,0.00015,2,2,-52060.83258212,demand,2026-09-09T04:47:00.417149+00:00
e8ee9139-fbaf-4e2a-be89-5d26cefe9ba8,fUSD,0.000145,7,1,-190.0,demand,2026-09-09T04:47:00.417149+00:00
e8ee9139-fbaf-4e2a-be89-5d26cefe9ba8,fUSD,0.00014252,120,1,-10770.76644364,demand,2026-09-09T04:47:00.417149+00:00
e8ee9139-fbaf-4e2a-be89-5d26cefe9ba8,fUSD,0.0001403,90,1,-20000.0,demand,2026-09-09T04:47:00.417149+00:00
e8ee9139-fbaf-4e2a-be89-5d26cefe9ba8,fUSD,0.00014000000000000001,7,1,-3628.68329713,demand,2026-09-09T04:47:00.417149+00:00
e8ee9139-fbaf-4e2a-be89-5d26cefe9ba8,fUSD,0.000132,7,1,-10000.0,demand,2026-09-09T04:47:00.417149+00:00
e8ee9139-fbaf-4e2a-be89-5d26cefe9ba8,fUSD,0.000131,13,1,-7000.0,demand,2026-09-09T04:47:00.417149+00:00
e8ee9139-fbaf-4e2a-be89-5d26cefe9ba8,fUSD,0.000131,7,1,-5000.0,demand,2026-09-09T04:47:00.417149+00:00
e8ee9139-fbaf-4e2a-be89-5d26cefe9ba8,fUSD,0.00013,2,1,-1744605.32770552,demand,2026-09-09T04:47:00.417149+00:00
e8ee9139-fbaf-4e2a-be89-5d26cefe9ba8,fUSD,0.00012757,120,1,-100000.0,demand,2026-09-09T04:47:00.417149+00:00
e8ee9139-fbaf-4e2a-be89-5d26cefe9ba8,fUSD,0.0001221,120,1,-12587.13,demand,2026-09-09T04:47:00.417149+00:00
e8ee9139-fbaf-4e2a-be89-5d26cefe9ba8,fUSD,0.00012185927211283553,2,1,-4674.81378814,demand,2026-09-09T04:47:00.417149+00:00
e8ee9139-fbaf-4e2a-be89-5d26cefe9ba8,fUSD,0.0001589788,2,1,188.24778479,offer,2026-09-09T04:47:00.417149+00:00
e8ee9139-fbaf-4e2a-be89-5d26cefe9ba8,fUSD,0.0001589894,2,2,1088.25,offer,2026-09-09T04:47:00.417149+00:00
e8ee9139-fbaf-4e2a-be89-5d26cefe9ba8,fUSD,0.000159,2,1,316.86,offer,2026-09-09T04:47:00.417149+00:00
e8ee9139-fbaf-4e2a-be89-5d26cefe9ba8,fUSD,0.00015911,2,1,150.0,offer,2026-09-09T04:47:00.417149+00:00
e8ee9139-fbaf-4e2a-be89-5d26cefe9ba8,fUSD,0.00016069,2,1,150.0,offer,2026-09-09T04:47:00.417149+00:00
e8ee9139-fbaf-4e2a-be89-5d26cefe9ba8,fUSD,0.0001607326,2,1,1000.0,offer,2026-09-09T04:47:00.417149+00:00
e8ee9139-fbaf-4e2a-be89-5d26cefe9ba8,fUSD,0.00016226,2,1,150.0,offer,2026-09-09T04:47:00.417149+00:00
e8ee9139-fbaf-4e2a-be89-5d26cefe9ba8,fUSD,0.00016402054794520548,2,1,150.0,offer,2026-09-09T04:47:00.417149+00:00
e8ee9139-fbaf-4e2a-be89-5d26cefe9ba8,fUSD,0.000164066949,2,1,166.66,offer,2026-09-09T04:47:00.417149+00:00
e8ee9139-fbaf-4e2a-be89-5d26cefe9ba8,fUSD,0.00016443,2,1,300.08279716,offer,2026-09-09T04:47:00.417149+00:00
e8ee9139-fbaf-4e2a-be89-5d26cefe9ba8,fUSD,0.00016444,2,1,18890.8528339,offer,2026-09-09T04:47:00.417149+00:00
e8ee9139-fbaf-4e2a-be89-5d26cefe9ba8,fUSD,0.00016483831506849318,2,1,150.0,offer,2026-09-09T04:47:00.417149+00:00
e8ee9139-fbaf-4e2a-be89-5d26cefe9ba8,fUSD,0.00016484931506849317,2,1,150.0,offer,2026-09-09T04:47:00.417149+00:00
e8ee9139-fbaf-4e2a-be89-5d26cefe9ba8,fUSD,0.0001649,2,1,212.85083497,offer,2026-09-09T04:47:00.417149+00:00
e8ee9139-fbaf-4e2a-be89-5d26cefe9ba8,fUSD,0.0001649890410958904,2,1,500.0,offer,2026-09-09T04:47:00.417149+00:00
e8ee9139-fbaf-4e2a-be89-5d26cefe9ba8,fUSD,0.00016527,2,1,150.0,offer,2026-09-09T04:47:00.417149+00:00
e8ee9139-fbaf-4e2a-be89-5d26cefe9ba8,fUSD,0.0001654189,2,1,794.74,offer,2026-09-09T04:47:00.417149+00:00
e8ee9139-fbaf-4e2a-be89-5d26cefe9ba8,fUSD,0.0001654356,2,32,326499.06217484,offer,2026-09-09T04:47:00.417149+00:00
e8ee9139-fbaf-4e2a-be89-5d26cefe9ba8,fUSD,0.00016561212048,6,1,1099.16008435,offer,2026-09-09T04:47:00.417149+00:00
e8ee9139-fbaf-4e2a-be89-5d26cefe9ba8,fUSD,0.00016604619726027397,2,1,154.37,offer,2026-09-09T04:47:00.417149+00:00
e8ee9139-fbaf-4e2a-be89-5d26cefe9ba8,fUSD,0.0001674925,2,1,313.08,offer,2026-09-09T04:47:00.417149+00:00
e8ee9139-fbaf-4e2a-be89-5d26cefe9ba8,fUSD,0.00016772876712328768,2,1,500.0,offer,2026-09-09T04:47:00.417149+00:00
e8ee9139-fbaf-4e2a-be89-5d26cefe9ba8,fUSD,0.0001681025,2,1,309.88,offer,2026-09-09T04:47:00.417149+00:00
e8ee9139-fbaf-4e2a-be89-5d26cefe9ba8,fUSD,0.000168744312,3,1,859.13557176,offer,2026-09-09T04:47:00.417149+00:00
e8ee9139-fbaf-4e2a-be89-5d26cefe9ba8,fUSD,0.00017046849315068493,2,1,505.26746615,offer,2026-09-09T04:47:00.417149+00:00
accd250a-b8bd-4d71-960f-05b9e00e9956,fUSD,0.000273972602739726,120,1,-8111261.88448518,demand,2026-09-09T05:47:00.540089+00:00
accd250a-b8bd-4d71-960f-05b9e00e9956,fUSD,0.00022,30,1,-30100.0,demand,2026-09-09T05:47:00.540089+00:00
accd250a-b8bd-4d71-960f-05b9e00e9956,fUSD,0.00021,30,1,-30000.0,demand,2026-09-09T05:47:00.540089+00:00
accd250a-b8bd-4d71-960f-05b9e00e9956,fUSD,0.000209,30,1,-6289.12258117,demand,2026-09-09T05:47:00.540089+00:00
accd250a-b8bd-4d71-960f-05b9e00e9956,fUSD,0.0002,7,1,-150.0,demand,2026-09-09T05:47:00.540089+00:00
accd250a-b8bd-4d71-960f-05b9e00e9956,fUSD,0.0001712,120,1,-20000.0,demand,2026-09-09T05:47:00.540089+00:00
accd250a-b8bd-4d71-960f-05b9e00e9956,fUSD,0.00017111,120,1,-2000000.0,demand,2026-09-09T05:47:00.540089+00:00
accd250a-b8bd-4d71-960f-05b9e00e9956,fUSD,0.000161,120,1,-100000.0,demand,2026-09-09T05:47:00.540089+00:00
accd250a-b8bd-4d71-960f-05b9e00e9956,fUSD,0.00016,120,2,-10009162.66122322,demand,2026-09-09T05:47:00.540089+00:00
accd250a-b8bd-4d71-960f-05b9e00e9956,fUSD,0.000152,45,2,-3000.0,demand,2026-09-09T05:47:00.540089+00:00
accd250a-b8bd-4d71-960f-05b9e00e9956,fUSD,0.0001511,120,1,-20000.0,demand,2026-09-09T05:47:00.540089+00:00
accd250a-b8bd-4d71-960f-05b9e00e9956,fUSD,0.0001503,90,1,-20000.0,demand,2026-09-09T05:47:00.540089+00:00
accd250a-b8bd-4d71-960f-05b9e00e9956,fUSD,0.00015,120,1,-500.0,demand,2026-09-09T05:47:00.540089+00:00
accd250a-b8bd-4d71-960f-05b9e00e9956,fUSD,0.00015,2,1,-10000.0,demand,2026-09-09T05:47:00.540089+00:00
accd250a-b8bd-4d71-960f-05b9e00e9956,fUSD,0.000145,7,1,-190.0,demand,2026-09-09T05:47:00.540089+00:00
accd250a-b8bd-4d71-960f-05b9e00e9956,fUSD,0.00014252,120,1,-10770.76644364,demand,2026-09-09T05:47:00.540089+00:00
accd250a-b8bd-4d71-960f-05b9e00e9956,fUSD,0.0001403,90,1,-20000.0,demand,2026-09-09T05:47:00.540089+00:00
accd250a-b8bd-4d71-960f-05b9e00e9956,fUSD,0.00014000000000000001,7,1,-3628.68329713,demand,2026-09-09T05:47:00.540089+00:00
accd250a-b8bd-4d71-960f-05b9e00e9956,fUSD,0.000132,7,1,-10000.0,demand,2026-09-09T05:47:00.540089+00:00
accd250a-b8bd-4d71-960f-05b9e00e9956,fUSD,0.000131,13,1,-7000.0,demand,2026-09-09T05:47:00.540089+00:00
accd250a-b8bd-4d71-960f-05b9e00e9956,fUSD,0.000131,7,1,-5000.0,demand,2026-09-09T05:47:00.540089+00:00
accd250a-b8bd-4d71-960f-05b9e00e9956,fUSD,0.00013,2,1,-1742029.32770552,demand,2026-09-09T05:47:00.540089+00:00
accd250a-b8bd-4d71-960f-05b9e00e9956,fUSD,0.00012757,120,1,-100000.0,demand,2026-09-09T05:47:00.540089+00:00
accd250a-b8bd-4d71-960f-05b9e00e9956,fUSD,0.0001221,120,1,-12587.13,demand,2026-09-09T05:47:00.540089+00:00
accd250a-b8bd-4d71-960f-05b9e00e9956,fUSD,0.00012185515269345372,2,1,-4643.51626664,demand,2026-09-09T05:47:00.540089+00:00
accd250a-b8bd-4d71-960f-05b9e00e9956,fUSD,0.0001552965,2,5,17064.67754807,offer,2026-09-09T05:47:00.540089+00:00
accd250a-b8bd-4d71-960f-05b9e00e9956,fUSD,0.0001553,2,1,193.91,offer,2026-09-09T05:47:00.540089+00:00
accd250a-b8bd-4d71-960f-05b9e00e9956,fUSD,0.0001554852,2,1,723.89,offer,2026-09-09T05:47:00.540089+00:00
accd250a-b8bd-4d71-960f-05b9e00e9956,fUSD,0.0001557074,2,1,302.54,offer,2026-09-09T05:47:00.540089+00:00
accd250a-b8bd-4d71-960f-05b9e00e9956,fUSD,0.0001559022,2,2,1036.26,offer,2026-09-09T05:47:00.540089+00:00
accd250a-b8bd-4d71-960f-05b9e00e9956,fUSD,0.00015599,2,1,249.0,offer,2026-09-09T05:47:00.540089+00:00
accd250a-b8bd-4d71-960f-05b9e00e9956,fUSD,0.0001560905,2,1,302.54,offer,2026-09-09T05:47:00.540089+00:00
accd250a-b8bd-4d71-960f-05b9e00e9956,fUSD,0.0001562909,2,1,723.89,offer,2026-09-09T05:47:00.540089+00:00
accd250a-b8bd-4d71-960f-05b9e00e9956,fUSD,0.0001563239,2,1,16341.68,offer,2026-09-09T05:47:00.540089+00:00
accd250a-b8bd-4d71-960f-05b9e00e9956,fUSD,0.0001564499,2,1,302.54,offer,2026-09-09T05:47:00.540089+00:00
accd250a-b8bd-4d71-960f-05b9e00e9956,fUSD,0.0001566556,2,1,723.89,offer,2026-09-09T05:47:00.540089+00:00
accd250a-b8bd-4d71-960f-05b9e00e9956,fUSD,0.00015675,2,2,300.0,offer,2026-09-09T05:47:00.540089+00:00
accd250a-b8bd-4d71-960f-05b9e00e9956,fUSD,0.000156789,2,1,302.54,offer,2026-09-09T05:47:00.540089+00:00
accd250a-b8bd-4d71-960f-05b9e00e9956,fUSD,0.0001569997,2,1,723.89,offer,2026-09-09T05:47:00.540089+00:00
accd250a-b8bd-4d71-960f-05b9e00e9956,fUSD,0.0001571102,2,2,610.21,offer,2026-09-09T05:47:00.540089+00:00
accd250a-b8bd-4d71-960f-05b9e00e9956,fUSD,0.0001573256,2,1,723.89,offer,2026-09-09T05:47:00.540089+00:00
accd250a-b8bd-4d71-960f-05b9e00e9956,fUSD,0.00015732602739726027,2,1,500.0,offer,2026-09-09T05:47:00.540089+00:00
accd250a-b8bd-4d71-960f-05b9e00e9956,fUSD,0.0001573762,2,1,106020.61,offer,2026-09-09T05:47:00.540089+00:00
accd250a-b8bd-4d71-960f-05b9e00e9956,fUSD,0.00015738,2,1,152.69,offer,2026-09-09T05:47:00.540089+00:00
accd250a-b8bd-4d71-960f-05b9e00e9956,fUSD,0.0001574158,2,1,302.54,offer,2026-09-09T05:47:00.540089+00:00
accd250a-b8bd-4d71-960f-05b9e00e9956,fUSD,0.00015749,2,1,249.0,offer,2026-09-09T05:47:00.540089+00:00
accd250a-b8bd-4d71-960f-05b9e00e9956,fUSD,0.0001576357,2,2,1036.26,offer,2026-09-09T05:47:00.540089+00:00
accd250a-b8bd-4d71-960f-05b9e00e9956,fUSD,0.0001577074,2,1,302.54,offer,2026-09-09T05:47:00.540089+00:00
accd250a-b8bd-4d71-960f-05b9e00e9956,fUSD,0.00015789000000000002,3,1,544.74,offer,2026-09-09T05:47:00.540089+00:00
accd250a-b8bd-4d71-960f-05b9e00e9956,fUSD,0.0001579316,2,1,723.89,offer,2026-09-09T05:47:00.540089+00:00
2cfa38ef-4dd6-4a99-bbaa-17ca3a48c667,fUSD,0.000273972602739726,120,1,-8097305.21154703,demand,2026-09-09T06:47:00.370802+00:00
2cfa38ef-4dd6-4a99-bbaa-17ca3a48c667,fUSD,0.00022,30,1,-30100.0,demand,2026-09-09T06:47:00.370802+00:00
2cfa38ef-4dd6-4a99-bbaa-17ca3a48c667,fUSD,0.00021,30,1,-30000.0,demand,2026-09-09T06:47:00.370802+00:00
2cfa38ef-4dd6-4a99-bbaa-17ca3a48c667,fUSD,0.000209,30,1,-6289.12258117,demand,2026-09-09T06:47:00.370802+00:00
2cfa38ef-4dd6-4a99-bbaa-17ca3a48c667,fUSD,0.0002,7,1,-150.0,demand,2026-09-09T06:47:00.370802+00:00
2cfa38ef-4dd6-4a99-bbaa-17ca3a48c667,fUSD,0.0001712,120,1,-20000.0,demand,2026-09-09T06:47:00.370802+00:00
2cfa38ef-4dd6-4a99-bbaa-17ca3a48c667,fUSD,0.00017111,120,1,-2000000.0,demand,2026-09-09T06:47:00.370802+00:00
2cfa38ef-4dd6-4a99-bbaa-17ca3a48c667,fUSD,0.000161,120,1,-100000.0,demand,2026-09-09T06:47:00.370802+00:00
2cfa38ef-4dd6-4a99-bbaa-17ca3a48c667,fUSD,0.00016,120,2,-10009162.66122322,demand,2026-09-09T06:47:00.370802+00:00
2cfa38ef-4dd6-4a99-bbaa-17ca3a48c667,fUSD,0.000152,45,2,-3000.0,demand,2026-09-09T06:47:00.370802+00:00
2cfa38ef-4dd6-4a99-bbaa-17ca3a48c667,fUSD,0.0001511,120,1,-20000.0,demand,2026-09-09T06:47:00.370802+00:00
2cfa38ef-4dd6-4a99-bbaa-17ca3a48c667,fUSD,0.0001503,90,1,-20000.0,demand,2026-09-09T06:47:00.370802+00:00
2cfa38ef-4dd6-4a99-bbaa-17ca3a48c667,fUSD,0.00015,120,1,-500.0,demand,2026-09-09T06:47:00.370802+00:00
2cfa38ef-4dd6-4a99-bbaa-17ca3a48c667,fUSD,0.00015,2,1,-10000.0,demand,2026-09-09T06:47:00.370802+00:00
2cfa38ef-4dd6-4a99-bbaa-17ca3a48c667,fUSD,0.000145,7,1,-190.0,demand,2026-09-09T06:47:00.370802+00:00
2cfa38ef-4dd6-4a99-bbaa-17ca3a48c667,fUSD,0.00014252,120,1,-10770.76644364,demand,2026-09-09T06:47:00.370802+00:00
2cfa38ef-4dd6-4a99-bbaa-17ca3a48c667,fUSD,0.0001403,90,1,-20000.0,demand,2026-09-09T06:47:00.370802+00:00
2cfa38ef-4dd6-4a99-bbaa-17ca3a48c667,fUSD,0.00014000000000000001,7,1,-3628.68329713,demand,2026-09-09T06:47:00.370802+00:00
2cfa38ef-4dd6-4a99-bbaa-17ca3a48c667,fUSD,0.000132,7,1,-10000.0,demand,2026-09-09T06:47:00.370802+00:00
2cfa38ef-4dd6-4a99-bbaa-17ca3a48c667,fUSD,0.000131,13,1,-7000.0,demand,2026-09-09T06:47:00.370802+00:00
2cfa38ef-4dd6-4a99-bbaa-17ca3a48c667,fUSD,0.000131,7,1,-5000.0,demand,2026-09-09T06:47:00.370802+00:00
2cfa38ef-4dd6-4a99-bbaa-17ca3a48c667,fUSD,0.00013,2,1,-1612940.72338006,demand,2026-09-09T06:47:00.370802+00:00
2cfa38ef-4dd6-4a99-bbaa-17ca3a48c667,fUSD,0.00012757,120,1,-100000.0,demand,2026-09-09T06:47:00.370802+00:00
2cfa38ef-4dd6-4a99-bbaa-17ca3a48c667,fUSD,0.0001221,120,1,-12587.13,demand,2026-09-09T06:47:00.370802+00:00
2cfa38ef-4dd6-4a99-bbaa-17ca3a48c667,fUSD,0.00012185515269345372,2,1,-4643.51626664,demand,2026-09-09T06:47:00.370802+00:00
2cfa38ef-4dd6-4a99-bbaa-17ca3a48c667,fUSD,0.00014998,2,30,13561.44506285,offer,2026-09-09T06:47:00.370802+00:00
2cfa38ef-4dd6-4a99-bbaa-17ca3a48c667,fUSD,0.00014999,2,24,193416.5061322,offer,2026-09-09T06:47:00.370802+00:00
2cfa38ef-4dd6-4a99-bbaa-17ca3a48c667,fUSD,0.00015,2,2,538344.97938078,offer,2026-09-09T06:47:00.370802+00:00
2cfa38ef-4dd6-4a99-bbaa-17ca3a48c667,fUSD,0.00015052602739726027,2,1,500.0,offer,2026-09-09T06:47:00.370802+00:00
2cfa38ef-4dd6-4a99-bbaa-17ca3a48c667,fUSD,0.0001505264,2,1,947.27,offer,2026-09-09T06:47:00.370802+00:00
2cfa38ef-4dd6-4a99-bbaa-17ca3a48c667,fUSD,0.0001506922,2,1,300.26,offer,2026-09-09T06:47:00.370802+00:00
2cfa38ef-4dd6-4a99-bbaa-17ca3a48c667,fUSD,0.0001510251,2,1,307.38,offer,2026-09-09T06:47:00.370802+00:00
2cfa38ef-4dd6-4a99-bbaa-17ca3a48c667,fUSD,0.00015149,2,1,307.0,offer,2026-09-09T06:47:00.370802+00:00
2cfa38ef-4dd6-4a99-bbaa-17ca3a48c667,fUSD,0.0001515659,2,1,947.27,offer,2026-09-09T06:47:00.370802+00:00
2cfa38ef-4dd6-4a99-bbaa-17ca3a48c667,fUSD,0.000152129,2,1,307.38,offer,2026-09-09T06:47:00.370802+00:00
2cfa38ef-4dd6-4a99-bbaa-17ca3a48c667,fUSD,0.00015238,2,1,719.94994763,offer,2026-09-09T06:47:00.370802+00:00
2cfa38ef-4dd6-4a99-bbaa-17ca3a48c667,fUSD,0.0001523839,2,1,947.27,offer,2026-09-09T06:47:00.370802+00:00
2cfa38ef-4dd6-4a99-bbaa-17ca3a48c667,fUSD,0.0001528053,2,1,300.26,offer,2026-09-09T06:47:00.370802+00:00
2cfa38ef-4dd6-4a99-bbaa-17ca3a48c667,fUSD,0.0001529796,7,3,714.64709977,offer,2026-09-09T06:47:00.370802+00:00
2cfa38ef-4dd6-4a99-bbaa-17ca3a48c667,fUSD,0.0001529898,3,1,1549.33343882,offer,2026-09-09T06:47:00.370802+00:00
2cfa38ef-4dd6-4a99-bbaa-17ca3a48c667,fUSD,0.00015299,2,1,307.0,offer,2026-09-09T06:47:00.370802+00:00
2cfa38ef-4dd6-4a99-bbaa-17ca3a48c667,fUSD,0.0001529978,2,1,307.38,offer,2026-09-09T06:47:00.370802+00:00
2cfa38ef-4dd6-4a99-bbaa-17ca3a48c667,fUSD,0.00015299999999999998,4,2,670.99,offer,2026-09-09T06:47:00.370802+00:00
2cfa38ef-4dd6-4a99-bbaa-17ca3a48c667,fUSD,0.000153,2,1,215.77214072,offer,2026-09-09T06:47:00.370802+00:00
2cfa38ef-4dd6-4a99-bbaa-17ca3a48c667,fUSD,0.0001530689,2,1,947.27,offer,2026-09-09T06:47:00.370802+00:00
2cfa38ef-4dd6-4a99-bbaa-17ca3a48c667,fUSD,0.0001532454082191781,2,1,2325.79,offer,2026-09-09T06:47:00.370802+00:00
2cfa38ef-4dd6-4a99-bbaa-17ca3a48c667,fUSD,0.0001536636,2,1,947.27,offer,2026-09-09T06:47:00.370802+00:00
2cfa38ef-4dd6-4a99-bbaa-17ca3a48c667,fUSD,0.0001537253,2,1,307.38,offer,2026-09-09T06:47:00.370802+00:00
2cfa38ef-4dd6-4a99-bbaa-17ca3a48c667,fUSD,0.0001541924,2,1,947.27,offer,2026-09-09T06:47:00.370802+00:00
2cfa38ef-4dd6-4a99-bbaa-17ca3a48c667,fUSD,0.0001542612,2,1,300.26,offer,2026-09-09T06:47:00.370802+00:00
08c48dd9-ebac-4319-a264-3fd9e12c0b85,fUSD,0.000273972602739726,120,1,-8090580.246182,demand,2026-09-09T07:47:00.806463+00:00
08c48dd9-ebac-4319-a264-3fd9e12c0b85,fUSD,0.00022,30,1,-30100.0,demand,2026-09-09T07:47:00.806463+00:00
08c48dd9-ebac-4319-a264-3fd9e12c0b85,fUSD,0.00021,30,1,-30000.0,demand,2026-09-09T07:47:00.806463+00:00
08c48dd9-ebac-4319-a264-3fd9e12c0b85,fUSD,0.000209,30,1,-6289.12258117,demand,2026-09-09T07:47:00.806463+00:00
08c48dd9-ebac-4319-a264-3fd9e12c0b85,fUSD,0.0002,7,1,-150.0,demand,2026-09-09T07:47:00.806463+00:00
08c48dd9-ebac-4319-a264-3fd9e12c0b85,fUSD,0.0001712,120,1,-20000.0,demand,2026-09-09T07:47:00.806463+00:00
08c48dd9-ebac-4319-a264-3fd9e12c0b85,fUSD,0.00017111,120,1,-2000000.0,demand,2026-09-09T07:47:00.806463+00:00
08c48dd9-ebac-4319-a264-3fd9e12c0b85,fUSD,0.000161,120,1,-100000.0,demand,2026-09-09T07:47:00.806463+00:00
08c48dd9-ebac-4319-a264-3fd9e12c0b85,fUSD,0.00016,120,2,-10009162.66122322,demand,2026-09-09T07:47:00.806463+00:00
08c48dd9-ebac-4319-a264-3fd9e12c0b85,fUSD,0.000152,45,2,-3000.0,demand,2026-09-09T07:47:00.806463+00:00
08c48dd9-ebac-4319-a264-3fd9e12c0b85,fUSD,0.0001511,120,1,-20000.0,demand,2026-09-09T07:47:00.806463+00:00
08c48dd9-ebac-4319-a264-3fd9e12c0b85,fUSD,0.0001503,90,1,-20000.0,demand,2026-09-09T07:47:00.806463+00:00
08c48dd9-ebac-4319-a264-3fd9e12c0b85,fUSD,0.00015,120,1,-500.0,demand,2026-09-09T07:47:00.806463+00:00
08c48dd9-ebac-4319-a264-3fd9e12c0b85,fUSD,0.00015,2,1,-10000.0,demand,2026-09-09T07:47:00.806463+00:00
08c48dd9-ebac-4319-a264-3fd9e12c0b85,fUSD,0.000145,7,1,-190.0,demand,2026-09-09T07:47:00.806463+00:00
08c48dd9-ebac-4319-a264-3fd9e12c0b85,fUSD,0.00014252,120,1,-10770.76644364,demand,2026-09-09T07:47:00.806463+00:00
08c48dd9-ebac-4319-a264-3fd9e12c0b85,fUSD,0.0001403,90,1,-20000.0,demand,2026-09-09T07:47:00.806463+00:00
08c48dd9-ebac-4319-a264-3fd9e12c0b85,fUSD,0.00014000000000000001,7,1,-3628.68329713,demand,2026-09-09T07:47:00.806463+00:00
08c48dd9-ebac-4319-a264-3fd9e12c0b85,fUSD,0.000132,7,1,-10000.0,demand,2026-09-09T07:47:00.806463+00:00
08c48dd9-ebac-4319-a264-3fd9e12c0b85,fUSD,0.000131,13,1,-7000.0,demand,2026-09-09T07:47:00.806463+00:00
08c48dd9-ebac-4319-a264-3fd9e12c0b85,fUSD,0.000131,7,1,-5000.0,demand,2026-09-09T07:47:00.806463+00:00
08c48dd9-ebac-4319-a264-3fd9e12c0b85,fUSD,0.00013,2,1,-1592148.56138006,demand,2026-09-09T07:47:00.806463+00:00
08c48dd9-ebac-4319-a264-3fd9e12c0b85,fUSD,0.00012757,120,1,-100000.0,demand,2026-09-09T07:47:00.806463+00:00
08c48dd9-ebac-4319-a264-3fd9e12c0b85,fUSD,0.0001221,120,1,-12587.13,demand,2026-09-09T07:47:00.806463+00:00
08c48dd9-ebac-4319-a264-3fd9e12c0b85,fUSD,0.000121,7,1,-6000.0,demand,2026-09-09T07:47:00.806463+00:00
08c48dd9-ebac-4319-a264-3fd9e12c0b85,fUSD,0.00014999,2,8,3208.09162014,offer,2026-09-09T07:47:00.806463+00:00
08c48dd9-ebac-4319-a264-3fd9e12c0b85,fUSD,0.00015,2,13,219926.98136234,offer,2026-09-09T07:47:00.806463+00:00
08c48dd9-ebac-4319-a264-3fd9e12c0b85,fUSD,0.00015,4,1,198.89514765,offer,2026-09-09T07:47:00.806463+00:00
08c48dd9-ebac-4319-a264-3fd9e12c0b85,fUSD,0.0001505049,2,1,308.61,offer,2026-09-09T07:47:00.806463+00:00
08c48dd9-ebac-4319-a264-3fd9e12c0b85,fUSD,0.0001515,2,1,200.0,offer,2026-09-09T07:47:00.806463+00:00
08c48dd9-ebac-4319-a264-3fd9e12c0b85,fUSD,0.0001516632,2,1,308.61,offer,2026-09-09T07:47:00.806463+00:00
08c48dd9-ebac-4319-a264-3fd9e12c0b85,fUSD,0.0001517035,2,1,300.56,offer,2026-09-09T07:47:00.806463+00:00
08c48dd9-ebac-4319-a264-3fd9e12c0b85,fUSD,0.0001525748,2,1,308.61,offer,2026-09-09T07:47:00.806463+00:00
08c48dd9-ebac-4319-a264-3fd9e12c0b85,fUSD,0.0001533381,2,1,308.61,offer,2026-09-09T07:47:00.806463+00:00
08c48dd9-ebac-4319-a264-3fd9e12c0b85,fUSD,0.0001538309,2,1,300.56,offer,2026-09-09T07:47:00.806463+00:00
08c48dd9-ebac-4319-a264-3fd9e12c0b85,fUSD,0.0001540008,2,1,308.61,offer,2026-09-09T07:47:00.806463+00:00
08c48dd9-ebac-4319-a264-3fd9e12c0b85,fUSD,0.0001545901,2,1,308.61,offer,2026-09-09T07:47:00.806463+00:00
08c48dd9-ebac-4319-a264-3fd9e12c0b85,fUSD,0.0001551231,2,1,308.61,offer,2026-09-09T07:47:00.806463+00:00
08c48dd9-ebac-4319-a264-3fd9e12c0b85,fUSD,0.0001552965,2,1,300.56,offer,2026-09-09T07:47:00.806463+00:00
08c48dd9-ebac-4319-a264-3fd9e12c0b85,fUSD,0.0001554695,2,1,340.17116517,offer,2026-09-09T07:47:00.806463+00:00
08c48dd9-ebac-4319-a264-3fd9e12c0b85,fUSD,0.0001556113,2,1,308.61,offer,2026-09-09T07:47:00.806463+00:00
08c48dd9-ebac-4319-a264-3fd9e12c0b85,fUSD,0.00015570500000000001,2,1,250.0,offer,2026-09-09T07:47:00.806463+00:00
08c48dd9-ebac-4319-a264-3fd9e12c0b85,fUSD,0.0001560628,2,1,308.61,offer,2026-09-09T07:47:00.806463+00:00
08c48dd9-ebac-4319-a264-3fd9e12c0b85,fUSD,0.0001564499,2,1,300.56,offer,2026-09-09T07:47:00.806463+00:00
08c48dd9-ebac-4319-a264-3fd9e12c0b85,fUSD,0.0001564838,2,1,308.61,offer,2026-09-09T07:47:00.806463+00:00
08c48dd9-ebac-4319-a264-3fd9e12c0b85,fUSD,0.00015675,2,2,300.0,offer,2026-09-09T07:47:00.806463+00:00
08c48dd9-ebac-4319-a264-3fd9e12c0b85,fUSD,0.0001568787,2,1,308.61,offer,2026-09-09T07:47:00.806463+00:00
08c48dd9-ebac-4319-a264-3fd9e12c0b85,fUSD,0.0001572513,2,1,308.61,offer,2026-09-09T07:47:00.806463+00:00
08c48dd9-ebac-4319-a264-3fd9e12c0b85,fUSD,0.0001574158,2,1,300.56,offer,2026-09-09T07:47:00.806463+00:00
08c48dd9-ebac-4319-a264-3fd9e12c0b85,fUSD,0.0001576042,2,1,308.61,offer,2026-09-09T07:47:00.806463+00:00
2c6906f8-e0ec-494d-acf0-1bb6aa6bb328,fUSD,0.000273972602739726,120,1,-7799380.94841786,demand,2026-09-09T08:47:00.606793+00:00
2c6906f8-e0ec-494d-acf0-1bb6aa6bb328,fUSD,0.00022,30,1,-30100.0,demand,2026-09-09T08:47:00.606793+00:00
2c6906f8-e0ec-494d-acf0-1bb6aa6bb328,fUSD,0.00021,30,1,-30000.0,demand,2026-09-09T08:47:00.606793+00:00
2c6906f8-e0ec-494d-acf0-1bb6aa6bb328,fUSD,0.000209,30,1,-6289.12258117,demand,2026-09-09T08:47:00.606793+00:00
2c6906f8-e0ec-494d-acf0-1bb6aa6bb328,fUSD,0.0002,7,1,-150.0,demand,2026-09-09T08:47:00.606793+00:00
2c6906f8-e0ec-494d-acf0-1bb6aa6bb328,fUSD,0.0001712,120,1,-20000.0,demand,2026-09-09T08:47:00.606793+00:00
2c6906f8-e0ec-494d-acf0-1bb6aa6bb328,fUSD,0.00017111,120,1,-2000000.0,demand,2026-09-09T08:47:00.606793+00:00
2c6906f8-e0ec-494d-acf0-1bb6aa6bb328,fUSD,0.000161,120,1,-100000.0,demand,2026-09-09T08:47:00.606793+00:00
2c6906f8-e0ec-494d-acf0-1bb6aa6bb328,fUSD,0.00016,120,2,-10009162.66122322,demand,2026-09-09T08:47:00.606793+00:00
2c6906f8-e0ec-494d-acf0-1bb6aa6bb328,fUSD,0.000152,45,2,-3000.0,demand,2026-09-09T08:47:00.606793+00:00
2c6906f8-e0ec-494d-acf0-1bb6aa6bb328,fUSD,0.0001511,120,1,-20000.0,demand,2026-09-09T08:47:00.606793+00:00
2c6906f8-e0ec-494d-acf0-1bb6aa6bb328,fUSD,0.0001503,90,1,-20000.0,demand,2026-09-09T08:47:00.606793+00:00
2c6906f8-e0ec-494d-acf0-1bb6aa6bb328,fUSD,0.00015,120,1,-500.0,demand,2026-09-09T08:47:00.606793+00:00
2c6906f8-e0ec-494d-acf0-1bb6aa6bb328,fUSD,0.00015,2,1,-10000.0,demand,2026-09-09T08:47:00.606793+00:00
2c6906f8-e0ec-494d-acf0-1bb6aa6bb328,fUSD,0.000145,7,1,-190.0,demand,2026-09-09T08:47:00.606793+00:00
2c6906f8-e0ec-494d-acf0-1bb6aa6bb328,fUSD,0.00014252,120,1,-10770.76644364,demand,2026-09-09T08:47:00.606793+00:00
2c6906f8-e0ec-494d-acf0-1bb6aa6bb328,fUSD,0.0001403,90,1,-20000.0,demand,2026-09-09T08:47:00.606793+00:00
2c6906f8-e0ec-494d-acf0-1bb6aa6bb328,fUSD,0.00014000000000000001,7,1,-3628.68329713,demand,2026-09-09T08:47:00.606793+00:00
2c6906f8-e0ec-494d-acf0-1bb6aa6bb328,fUSD,0.00013299999999999998,20,1,-5000.0,demand,2026-09-09T08:47:00.606793+00:00
2c6906f8-e0ec-494d-acf0-1bb6aa6bb328,fUSD,0.000132,7,1,-10000.0,demand,2026-09-09T08:47:00.606793+00:00
2c6906f8-e0ec-494d-acf0-1bb6aa6bb328,fUSD,0.000131,13,1,-7000.0,demand,2026-09-09T08:47:00.606793+00:00
2c6906f8-e0ec-494d-acf0-1bb6aa6bb328,fUSD,0.0001300002,2,1,-589857.40379281,demand,2026-09-09T08:47:00.606793+00:00
2c6906f8-e0ec-494d-acf0-1bb6aa6bb328,fUSD,0.00013,2,1,-1590922.93919712,demand,2026-09-09T08:47:00.606793+00:00
2c6906f8-e0ec-494d-acf0-1bb6aa6bb328,fUSD,0.00012757,120,1,-100000.0,demand,2026-09-09T08:47:00.606793+00:00
2c6906f8-e0ec-494d-acf0-1bb6aa6bb328,fUSD,0.0001221,120,1,-12587.13,demand,2026-09-09T08:47:00.606793+00:00
2c6906f8-e0ec-494d-acf0-1bb6aa6bb328,fUSD,0.0001401021,2,1,28214.59,offer,2026-09-09T08:47:00.606793+00:00
2c6906f8-e0ec-494d-acf0-1bb6aa6bb328,fUSD,0.0001403612,2,1,230.0,offer,2026-09-09T08:47:00.606793+00:00
2c6906f8-e0ec-494d-acf0-1bb6aa6bb328,fUSD,0.0001406169,2,1,1414.68,offer,2026-09-09T08:47:00.606793+00:00
2c6906f8-e0ec-494d-acf0-1bb6aa6bb328,fUSD,0.0001420824,2,4,2391.48,offer,2026-09-09T08:47:00.606793+00:00
2c6906f8-e0ec-494d-acf0-1bb6aa6bb328,fUSD,0.0001434394,2,1,500.09,offer,2026-09-09T08:47:00.606793+00:00
2c6906f8-e0ec-494d-acf0-1bb6aa6bb328,fUSD,0.000145531,7,1,158.05509352,offer,2026-09-09T08:47:00.606793+00:00
2c6906f8-e0ec-494d-acf0-1bb6aa6bb328,fUSD,0.000145531,30,1,150.0,offer,2026-09-09T08:47:00.606793+00:00
2c6906f8-e0ec-494d-acf0-1bb6aa6bb328,fUSD,0.0001462035,2,1,200.0,offer,2026-09-09T08:47:00.606793+00:00
2c6906f8-e0ec-494d-acf0-1bb6aa6bb328,fUSD,0.00014678990000000002,2,1,300.0,offer,2026-09-09T08:47:00.606793+00:00
2c6906f8-e0ec-494d-acf0-1bb6aa6bb328,fUSD,0.0001472431,2,1,500.0,offer,2026-09-09T08:47:00.606793+00:00
2c6906f8-e0ec-494d-acf0-1bb6aa6bb328,fUSD,0.0001472675,2,2,896.55181166,offer,2026-09-09T08:47:00.606793+00:00
2c6906f8-e0ec-494d-acf0-1bb6aa6bb328,fUSD,0.0001472775,2,1,1645.17,offer,2026-09-09T08:47:00.606793+00:00
2c6906f8-e0ec-494d-acf0-1bb6aa6bb328,fUSD,0.0001473763,2,1,4587.8,offer,2026-09-09T08:47:00.606793+00:00
2c6906f8-e0ec-494d-acf0-1bb6aa6bb328,fUSD,0.00014738,2,1,188.69,offer,2026-09-09T08:47:00.606793+00:00
2c6906f8-e0ec-494d-acf0-1bb6aa6bb328,fUSD,0.0001475631,2,1,1000.0,offer,2026-09-09T08:47:00.606793+00:00
2c6906f8-e0ec-494d-acf0-1bb6aa6bb328,fUSD,0.0001475765,2,1,1852.42,offer,2026-09-09T08:47:00.606793+00:00
2c6906f8-e0ec-494d-acf0-1bb6aa6bb328,fUSD,0.00014822926,2,2,600.0,offer,2026-09-09T08:47:00.606793+00:00
2c6906f8-e0ec-494d-acf0-1bb6aa6bb328,fUSD,0.00014844162,30,1,150.0,offer,2026-09-09T08:47:00.606793+00:00
2c6906f8-e0ec-494d-acf0-1bb6aa6bb328,fUSD,0.00014999,2,7,3034.22674283,offer,2026-09-09T08:47:00.606793+00:00
2c6906f8-e0ec-494d-acf0-1bb6aa6bb328,fUSD,0.00015,2,39,295784.98832432,offer,2026-09-09T08:47:00.606793+00:00
2c6906f8-e0ec-494d-acf0-1bb6aa6bb328,fUSD,0.00015013972602739725,2,1,500.0,offer,2026-09-09T08:47:00.606793+00:00
2c6906f8-e0ec-494d-acf0-1bb6aa6bb328,fUSD,0.0001502811,2,1,742.95,offer,2026-09-09T08:47:00.606793+00:00
2c6906f8-e0ec-494d-acf0-1bb6aa6bb328,fUSD,0.00015070152043835617,2,1,166.6,offer,2026-09-09T08:47:00.606793+00:00
2c6906f8-e0ec-494d-acf0-1bb6aa6bb328,fUSD,0.0001508199,2,1,742.95,offer,2026-09-09T08:47:00.606793+00:00
2c6906f8-e0ec-494d-acf0-1bb6aa6bb328,fUSD,0.00015125,2,3,3539.07879909,offer,2026-09-09T08:47:00.606793+00:00
dbdb05c6-24b9-41ba-a568-26dd984bd373,fUSD,0.000273972602739726,120,1,-7747758.06957687,demand,2026-09-09T09:47:00.435842+00:00
dbdb05c6-24b9-41ba-a568-26dd984bd373,fUSD,0.00022,30,1,-30100.0,demand,2026-09-09T09:47:00.435842+00:00
dbdb05c6-24b9-41ba-a568-26dd984bd373,fUSD,0.00021,30,1,-30000.0,demand,2026-09-09T09:47:00.435842+00:00
dbdb05c6-24b9-41ba-a568-26dd984bd373,fUSD,0.000209,30,1,-6289.12258117,demand,2026-09-09T09:47:00.435842+00:00
dbdb05c6-24b9-41ba-a568-26dd984bd373,fUSD,0.0002,7,1,-150.0,demand,2026-09-09T09:47:00.435842+00:00
dbdb05c6-24b9-41ba-a568-26dd984bd373,fUSD,0.0001712,120,1,-20000.0,demand,2026-09-09T09:47:00.435842+00:00
dbdb05c6-24b9-41ba-a568-26dd984bd373,fUSD,0.00017111,120,1,-2000000.0,demand,2026-09-09T09:47:00.435842+00:00
dbdb05c6-24b9-41ba-a568-26dd984bd373,fUSD,0.000161,120,1,-100000.0,demand,2026-09-09T09:47:00.435842+00:00
dbdb05c6-24b9-41ba-a568-26dd984bd373,fUSD,0.00016,120,2,-10009162.66122322,demand,2026-09-09T09:47:00.435842+00:00
dbdb05c6-24b9-41ba-a568-26dd984bd373,fUSD,0.000152,45,2,-3000.0,demand,2026-09-09T09:47:00.435842+00:00
dbdb05c6-24b9-41ba-a568-26dd984bd373,fUSD,0.0001511,120,1,-20000.0,demand,2026-09-09T09:47:00.435842+00:00
dbdb05c6-24b9-41ba-a568-26dd984bd373,fUSD,0.0001503,90,1,-20000.0,demand,2026-09-09T09:47:00.435842+00:00
dbdb05c6-24b9-41ba-a568-26dd984bd373,fUSD,0.00015,120,1,-500.0,demand,2026-09-09T09:47:00.435842+00:00
dbdb05c6-24b9-41ba-a568-26dd984bd373,fUSD,0.00015,2,1,-10000.0,demand,2026-09-09T09:47:00.435842+00:00
dbdb05c6-24b9-41ba-a568-26dd984bd373,fUSD,0.000145,7,1,-190.0,demand,2026-09-09T09:47:00.435842+00:00
dbdb05c6-24b9-41ba-a568-26dd984bd373,fUSD,0.00014252,120,1,-10770.76644364,demand,2026-09-09T09:47:00.435842+00:00
dbdb05c6-24b9-41ba-a568-26dd984bd373,fUSD,0.0001403,90,1,-20000.0,demand,2026-09-09T09:47:00.435842+00:00
dbdb05c6-24b9-41ba-a568-26dd984bd373,fUSD,0.00014000000000000001,7,1,-3109.00136613,demand,2026-09-09T09:47:00.435842+00:00
dbdb05c6-24b9-41ba-a568-26dd984bd373,fUSD,0.00013299999999999998,20,1,-5000.0,demand,2026-09-09T09:47:00.435842+00:00
dbdb05c6-24b9-41ba-a568-26dd984bd373,fUSD,0.000132,7,1,-10000.0,demand,2026-09-09T09:47:00.435842+00:00
dbdb05c6-24b9-41ba-a568-26dd984bd373,fUSD,0.000131,13,1,-7000.0,demand,2026-09-09T09:47:00.435842+00:00
dbdb05c6-24b9-41ba-a568-26dd984bd373,fUSD,0.0001300002,2,1,-579131.50579281,demand,2026-09-09T09:47:00.435842+00:00
dbdb05c6-24b9-41ba-a568-26dd984bd373,fUSD,0.00013,2,1,-1590922.93919712,demand,2026-09-09T09:47:00.435842+00:00
dbdb05c6-24b9-41ba-a568-26dd984bd373,fUSD,0.00012757,120,1,-100000.0,demand,2026-09-09T09:47:00.435842+00:00
dbdb05c6-24b9-41ba-a568-26dd984bd373,fUSD,0.0001221,120,1,-12587.13,demand,2026-09-09T09:47:00.435842+00:00
dbdb05c6-24b9-41ba-a568-26dd984bd373,fUSD,0.00014225,2,1,423.44354783,offer,2026-09-09T09:47:00.435842+00:00
dbdb05c6-24b9-41ba-a568-26dd984bd373,fUSD,0.0001425,2,3,788.18,offer,2026-09-09T09:47:00.435842+00:00
dbdb05c6-24b9-41ba-a568-26dd984bd373,fUSD,0.000143731144,2,1,250.0,offer,2026-09-09T09:47:00.435842+00:00
dbdb05c6-24b9-41ba-a568-26dd984bd373,fUSD,0.0001459812,2,1,2289.01,offer,2026-09-09T09:47:00.435842+00:00
dbdb05c6-24b9-41ba-a568-26dd984bd373,fUSD,0.0001466128,2,1,1852.42,offer,2026-09-09T09:47:00.435842+00:00
dbdb05c6-24b9-41ba-a568-26dd984bd373,fUSD,0.0001473046,2,1,1468.58,offer,2026-09-09T09:47:00.435842+00:00
dbdb05c6-24b9-41ba-a568-26dd984bd373,fUSD,0.0001483794,2,1,403.65,offer,2026-09-09T09:47:00.435842+00:00
dbdb05c6-24b9-41ba-a568-26dd984bd373,fUSD,0.0001484598,2,1,150.0,offer,2026-09-09T09:47:00.435842+00:00
dbdb05c6-24b9-41ba-a568-26dd984bd373,fUSD,0.0001489167,2,1,500.0,offer,2026-09-09T09:47:00.435842+00:00
dbdb05c6-24b9-41ba-a568-26dd984bd373,fUSD,0.00014897,2,6,2400.02476624,offer,2026-09-09T09:47:00.435842+00:00
dbdb05c6-24b9-41ba-a568-26dd984bd373,fUSD,0.000149,2,2,5012.85575437,offer,2026-09-09T09:47:00.435842+00:00
dbdb05c6-24b9-41ba-a568-26dd984bd373,fUSD,0.0001499,2,1,291.03791753,offer,2026-09-09T09:47:00.435842+00:00
dbdb05c6-24b9-41ba-a568-26dd984bd373,fUSD,0.00014998,2,2,773.15647645,offer,2026-09-09T09:47:00.435842+00:00
dbdb05c6-24b9-41ba-a568-26dd984bd373,fUSD,0.00014998904109589042,2,1,500.0,offer,2026-09-09T09:47:00.435842+00:00
dbdb05c6-24b9-41ba-a568-26dd984bd373,fUSD,0.00014999,2,31,354868.9135853,offer,2026-09-09T09:47:00.435842+00:00
dbdb05c6-24b9-41ba-a568-26dd984bd373,fUSD,0.00015,2,6,974789.50363665,offer,2026-09-09T09:47:00.435842+00:00
dbdb05c6-24b9-41ba-a568-26dd984bd373,fUSD,0.0001526811,2,1,314.24,offer,2026-09-09T09:47:00.435842+00:00
dbdb05c6-24b9-41ba-a568-26dd984bd373,fUSD,0.0001529898,3,1,406.7435853,offer,2026-09-09T09:47:00.435842+00:00
dbdb05c6-24b9-41ba-a568-26dd984bd373,fUSD,0.00015331,5,7,1939.71282232,offer,2026-09-09T09:47:00.435842+00:00
dbdb05c6-24b9-41ba-a568-26dd984bd373,fUSD,0.00015392,2,3,1204.85958099,offer,2026-09-09T09:47:00.435842+00:00
dbdb05c6-24b9-41ba-a568-26dd984bd373,fUSD,0.0001547627,2,1,200.0,offer,2026-09-09T09:47:00.435842+00:00
dbdb05c6-24b9-41ba-a568-26dd984bd373,fUSD,0.0001550344,2,1,314.24,offer,2026-09-09T09:47:00.435842+00:00
dbdb05c6-24b9-41ba-a568-26dd984bd373,fUSD,0.0001553945,2,1,39850.89,offer,2026-09-09T09:47:00.435842+00:00
dbdb05c6-24b9-41ba-a568-26dd984bd373,fUSD,0.00015565000000000002,2,1,250.0,offer,2026-09-09T09:47:00.435842+00:00
dbdb05c6-24b9-41ba-a568-26dd984bd373,fUSD,0.00015579830410958903,2,1,403.65,offer,2026-09-09T09:47:00.435842+00:00
382945df-1c3d-4194-b1c8-a170acae3abd,fUSD,0.000273972602739726,120,1,-7723477.35799289,demand,2026-09-09T10:47:00.423817+00:00
382945df-1c3d-4194-b1c8-a170acae3abd,fUSD,0.00022,30,1,-30100.0,demand,2026-09-09T10:47:00.423817+00:00
382945df-1c3d-4194-b1c8-a170acae3abd,fUSD,0.00021,30,1,-30000.0,demand,2026-09-09T10:47:00.423817+00:00
382945df-1c3d-4194-b1c8-a170acae3abd,fUSD,0.000209,30,1,-6289.12258117,demand,2026-09-09T10:47:00.423817+00:00
382945df-1c3d-4194-b1c8-a170acae3abd,fUSD,0.0002,7,1,-150.0,demand,2026-09-09T10:47:00.423817+00:00
382945df-1c3d-4194-b1c8-a170acae3abd,fUSD,0.0001712,120,1,-20000.0,demand,2026-09-09T10:47:00.423817+00:00
382945df-1c3d-4194-b1c8-a170acae3abd,fUSD,0.00017111,120,1,-2000000.0,demand,2026-09-09T10:47:00.423817+00:00
382945df-1c3d-4194-b1c8-a170acae3abd,fUSD,0.000161,120,1,-100000.0,demand,2026-09-09T10:47:00.423817+00:00
382945df-1c3d-4194-b1c8-a170acae3abd,fUSD,0.00016,120,2,-10009162.66122322,demand,2026-09-09T10:47:00.423817+00:00
382945df-1c3d-4194-b1c8-a170acae3abd,fUSD,0.000152,45,2,-3000.0,demand,2026-09-09T10:47:00.423817+00:00
382945df-1c3d-4194-b1c8-a170acae3abd,fUSD,0.0001511,120,1,-20000.0,demand,2026-09-09T10:47:00.423817+00:00
382945df-1c3d-4194-b1c8-a170acae3abd,fUSD,0.0001503,90,1,-20000.0,demand,2026-09-09T10:47:00.423817+00:00
382945df-1c3d-4194-b1c8-a170acae3abd,fUSD,0.00015,120,1,-500.0,demand,2026-09-09T10:47:00.423817+00:00
382945df-1c3d-4194-b1c8-a170acae3abd,fUSD,0.00015,2,1,-10000.0,demand,2026-09-09T10:47:00.423817+00:00
382945df-1c3d-4194-b1c8-a170acae3abd,fUSD,0.000145,7,1,-190.0,demand,2026-09-09T10:47:00.423817+00:00
382945df-1c3d-4194-b1c8-a170acae3abd,fUSD,0.00014252,120,1,-10770.76644364,demand,2026-09-09T10:47:00.423817+00:00
382945df-1c3d-4194-b1c8-a170acae3abd,fUSD,0.0001403,90,1,-20000.0,demand,2026-09-09T10:47:00.423817+00:00
382945df-1c3d-4194-b1c8-a170acae3abd,fUSD,0.00014000000000000001,7,1,-3109.00136613,demand,2026-09-09T10:47:00.423817+00:00
382945df-1c3d-4194-b1c8-a170acae3abd,fUSD,0.00013299999999999998,20,1,-5000.0,demand,2026-09-09T10:47:00.423817+00:00
382945df-1c3d-4194-b1c8-a170acae3abd,fUSD,0.000132,7,1,-10000.0,demand,2026-09-09T10:47:00.423817+00:00
382945df-1c3d-4194-b1c8-a170acae3abd,fUSD,0.00013159387229637936,2,1,-3919.10521787,demand,2026-09-09T10:47:00.423817+00:00
382945df-1c3d-4194-b1c8-a170acae3abd,fUSD,0.00013158654567781974,2,1,-3919.10521787,demand,2026-09-09T10:47:00.423817+00:00
382945df-1c3d-4194-b1c8-a170acae3abd,fUSD,0.00013158503150907113,2,1,-3919.10521787,demand,2026-09-09T10:47:00.423817+00:00
382945df-1c3d-4194-b1c8-a170acae3abd,fUSD,0.00013158149866959065,2,1,-3919.10521787,demand,2026-09-09T10:47:00.423817+00:00
382945df-1c3d-4194-b1c8-a170acae3abd,fUSD,0.00013157810361644993,2,1,-3919.10521787,demand,2026-09-09T10:47:00.423817+00:00
382945df-1c3d-4194-b1c8-a170acae3abd,fUSD,0.00014825205479452054,2,1,255.514984,offer,2026-09-09T10:47:00.423817+00:00
382945df-1c3d-4194-b1c8-a170acae3abd,fUSD,0.000149,2,1,4041.18183651,offer,2026-09-09T10:47:00.423817+00:00
382945df-1c3d-4194-b1c8-a170acae3abd,fUSD,0.00015,2,4,118500.25110339,offer,2026-09-09T10:47:00.423817+00:00
382945df-1c3d-4194-b1c8-a170acae3abd,fUSD,0.0001502383428,2,1,153.99,offer,2026-09-09T10:47:00.423817+00:00
382945df-1c3d-4194-b1c8-a170acae3abd,fUSD,0.00015048,2,1,174.0,offer,2026-09-09T10:47:00.423817+00:00
382945df-1c3d-4194-b1c8-a170acae3abd,fUSD,0.0001515049,2,1,309.08,offer,2026-09-09T10:47:00.423817+00:00
382945df-1c3d-4194-b1c8-a170acae3abd,fUSD,0.000152,2,1,842.0,offer,2026-09-09T10:47:00.423817+00:00
382945df-1c3d-4194-b1c8-a170acae3abd,fUSD,0.0001526709,2,1,309.08,offer,2026-09-09T10:47:00.423817+00:00
382945df-1c3d-4194-b1c8-a170acae3abd,fUSD,0.0001535885,2,1,309.08,offer,2026-09-09T10:47:00.423817+00:00
382945df-1c3d-4194-b1c8-a170acae3abd,fUSD,0.0001543569,2,1,309.08,offer,2026-09-09T10:47:00.423817+00:00
382945df-1c3d-4194-b1c8-a170acae3abd,fUSD,0.00015436,2,1,165.34,offer,2026-09-09T10:47:00.423817+00:00
382945df-1c3d-4194-b1c8-a170acae3abd,fUSD,0.000155024,2,1,309.08,offer,2026-09-09T10:47:00.423817+00:00
382945df-1c3d-4194-b1c8-a170acae3abd,fUSD,0.0001553857,2,1,500.09,offer,2026-09-09T10:47:00.423817+00:00
382945df-1c3d-4194-b1c8-a170acae3abd,fUSD,0.0001556172,2,1,309.08,offer,2026-09-09T10:47:00.423817+00:00
382945df-1c3d-4194-b1c8-a170acae3abd,fUSD,0.0001559288,2,1,6682.41,offer,2026-09-09T10:47:00.423817+00:00
382945df-1c3d-4194-b1c8-a170acae3abd,fUSD,0.0001561538,2,1,309.08,offer,2026-09-09T10:47:00.423817+00:00
382945df-1c3d-4194-b1c8-a170acae3abd,fUSD,0.0001562784,2,1,200.0,offer,2026-09-09T10:47:00.423817+00:00
382945df-1c3d-4194-b1c8-a170acae3abd,fUSD,0.0001566452,2,1,309.08,offer,2026-09-09T10:47:00.423817+00:00
382945df-1c3d-4194-b1c8-a170acae3abd,fUSD,0.0001570997,2,1,309.08,offer,2026-09-09T10:47:00.423817+00:00
382945df-1c3d-4194-b1c8-a170acae3abd,fUSD,0.0001572851,2,1,159.39,offer,2026-09-09T10:47:00.423817+00:00
382945df-1c3d-4194-b1c8-a170acae3abd,fUSD,0.0001574402,2,1,170.94,offer,2026-09-09T10:47:00.423817+00:00
382945df-1c3d-4194-b1c8-a170acae3abd,fUSD,0.0001575235,2,1,309.08,offer,2026-09-09T10:47:00.423817+00:00
382945df-1c3d-4194-b1c8-a170acae3abd,fUSD,0.0001576675,2,1,3935.32,offer,2026-09-09T10:47:00.423817+00:00
382945df-1c3d-4194-b1c8-a170acae3abd,fUSD,0.0001579211,2,1,309.08,offer,2026-09-09T10:47:00.423817+00:00
382945df-1c3d-4194-b1c8-a170acae3abd,fUSD,0.00015814574006027397,2,1,153.99,offer,2026-09-09T10:47:00.423817+00:00
4cfee4a9-0d2e-4330-a07b-f1d760820070,fUSD,0.000273972602739726,120,1,-7706569.49505804,demand,2026-09-09T11:47:00.778916+00:00
4cfee4a9-0d2e-4330-a07b-f1d760820070,fUSD,0.00022,30,1,-30100.0,demand,2026-09-09T11:47:00.778916+00:00
4cfee4a9-0d2e-4330-a07b-f1d760820070,fUSD,0.00021,30,1,-30000.0,demand,2026-09-09T11:47:00.778916+00:00
4cfee4a9-0d2e-4330-a07b-f1d760820070,fUSD,0.000209,30,1,-6289.12258117,demand,2026-09-09T11:47:00.778916+00:00
4cfee4a9-0d2e-4330-a07b-f1d760820070,fUSD,0.0002,7,1,-150.0,demand,2026-09-09T11:47:00.778916+00:00
4cfee4a9-0d2e-4330-a07b-f1d760820070,fUSD,0.0001712,120,1,-20000.0,demand,2026-09-09T11:47:00.778916+00:00
4cfee4a9-0d2e-4330-a07b-f1d760820070,fUSD,0.00017111,120,1,-2000000.0,demand,2026-09-09T11:47:00.778916+00:00
4cfee4a9-0d2e-4330-a07b-f1d760820070,fUSD,0.000161,120,1,-100000.0,demand,2026-09-09T11:47:00.778916+00:00
4cfee4a9-0d2e-4330-a07b-f1d760820070,fUSD,0.00016,120,2,-10009162.66122322,demand,2026-09-09T11:47:00.778916+00:00
4cfee4a9-0d2e-4330-a07b-f1d760820070,fUSD,0.000152,45,2,-3000.0,demand,2026-09-09T11:47:00.778916+00:00
4cfee4a9-0d2e-4330-a07b-f1d760820070,fUSD,0.0001511,120,1,-20000.0,demand,2026-09-09T11:47:00.778916+00:00
4cfee4a9-0d2e-4330-a07b-f1d760820070,fUSD,0.0001503,90,1,-20000.0,demand,2026-09-09T11:47:00.778916+00:00
4cfee4a9-0d2e-4330-a07b-f1d760820070,fUSD,0.00015,120,1,-500.0,demand,2026-09-09T11:47:00.778916+00:00
4cfee4a9-0d2e-4330-a07b-f1d760820070,fUSD,0.00015,2,1,-10000.0,demand,2026-09-09T11:47:00.778916+00:00
4cfee4a9-0d2e-4330-a07b-f1d760820070,fUSD,0.000145,7,1,-190.0,demand,2026-09-09T11:47:00.778916+00:00
4cfee4a9-0d2e-4330-a07b-f1d760820070,fUSD,0.00014252,120,1,-10770.76644364,demand,2026-09-09T11:47:00.778916+00:00
4cfee4a9-0d2e-4330-a07b-f1d760820070,fUSD,0.0001403,90,1,-20000.0,demand,2026-09-09T11:47:00.778916+00:00
4cfee4a9-0d2e-4330-a07b-f1d760820070,fUSD,0.00014000000000000001,7,1,-3109.00136613,demand,2026-09-09T11:47:00.778916+00:00
4cfee4a9-0d2e-4330-a07b-f1d760820070,fUSD,0.00013699,2,1,-112.394698,demand,2026-09-09T11:47:00.778916+00:00
4cfee4a9-0d2e-4330-a07b-f1d760820070,fUSD,0.00013299999999999998,20,1,-5000.0,demand,2026-09-09T11:47:00.778916+00:00
4cfee4a9-0d2e-4330-a07b-f1d760820070,fUSD,0.000132,7,1,-10000.0,demand,2026-09-09T11:47:00.778916+00:00
4cfee4a9-0d2e-4330-a07b-f1d760820070,fUSD,0.00013159387229637936,2,1,-3599.40921787,demand,2026-09-09T11:47:00.778916+00:00
4cfee4a9-0d2e-4330-a07b-f1d760820070,fUSD,0.00013158654567781974,2,1,-3919.10521787,demand,2026-09-09T11:47:00.778916+00:00
4cfee4a9-0d2e-4330-a07b-f1d760820070,fUSD,0.00013158503150907113,2,1,-3919.10521787,demand,2026-09-09T11:47:00.778916+00:00
4cfee4a9-0d2e-4330-a07b-f1d760820070,fUSD,0.00013158149866959065,2,1,-3919.10521787,demand,2026-09-09T11:47:00.778916+00:00
4cfee4a9-0d2e-4330-a07b-f1d760820070,fUSD,0.00014999,2,2,463.46939323,offer,2026-09-09T11:47:00.778916+00:00
4cfee4a9-0d2e-4330-a07b-f1d760820070,fUSD,0.00015,2,20,493950.71708947,offer,2026-09-09T11:47:00.778916+00:00
4cfee4a9-0d2e-4330-a07b-f1d760820070,fUSD,0.00015,5,1,46734.88093295,offer,2026-09-09T11:47:00.778916+00:00
4cfee4a9-0d2e-4330-a07b-f1d760820070,fUSD,0.0001503294,2,1,625.24,offer,2026-09-09T11:47:00.778916+00:00
4cfee4a9-0d2e-4330-a07b-f1d760820070,fUSD,0.0001505587095890411,2,1,910.52,offer,2026-09-09T11:47:00.778916+00:00
4cfee4a9-0d2e-4330-a07b-f1d760820070,fUSD,0.000150735144,2,1,166.6,offer,2026-09-09T11:47:00.778916+00:00
4cfee4a9-0d2e-4330-a07b-f1d760820070,fUSD,0.0001508715,2,1,625.24,offer,2026-09-09T11:47:00.778916+00:00
4cfee4a9-0d2e-4330-a07b-f1d760820070,fUSD,0.0001513421,2,1,625.24,offer,2026-09-09T11:47:00.778916+00:00
4cfee4a9-0d2e-4330-a07b-f1d760820070,fUSD,0.0001517606,2,1,625.24,offer,2026-09-09T11:47:00.778916+00:00
4cfee4a9-0d2e-4330-a07b-f1d760820070,fUSD,0.0001521391,2,1,625.24,offer,2026-09-09T11:47:00.778916+00:00
4cfee4a9-0d2e-4330-a07b-f1d760820070,fUSD,0.0001524858,2,1,625.24,offer,2026-09-09T11:47:00.778916+00:00
4cfee4a9-0d2e-4330-a07b-f1d760820070,fUSD,0.0001528065,2,1,625.24,offer,2026-09-09T11:47:00.778916+00:00
4cfee4a9-0d2e-4330-a07b-f1d760820070,fUSD,0.00015299999999999998,3,1,629.53018735,offer,2026-09-09T11:47:00.778916+00:00
4cfee4a9-0d2e-4330-a07b-f1d760820070,fUSD,0.0001531055,2,1,625.24,offer,2026-09-09T11:47:00.778916+00:00
4cfee4a9-0d2e-4330-a07b-f1d760820070,fUSD,0.00015321,2,2,10141.0,offer,2026-09-09T11:47:00.778916+00:00
4cfee4a9-0d2e-4330-a07b-f1d760820070,fUSD,0.0001533859,2,1,625.24,offer,2026-09-09T11:47:00.778916+00:00
4cfee4a9-0d2e-4330-a07b-f1d760820070,fUSD,0.0001536505,2,1,625.24,offer,2026-09-09T11:47:00.778916+00:00
4cfee4a9-0d2e-4330-a07b-f1d760820070,fUSD,0.0001539,7,1,279.10295522,offer,2026-09-09T11:47:00.778916+00:00
4cfee4a9-0d2e-4330-a07b-f1d760820070,fUSD,0.0001539012,2,1,625.24,offer,2026-09-09T11:47:00.778916+00:00
4cfee4a9-0d2e-4330-a07b-f1d760820070,fUSD,0.00015399,2,4,759.56745605,offer,2026-09-09T11:47:00.778916+00:00
4cfee4a9-0d2e-4330-a07b-f1d760820070,fUSD,0.0001540600794520548,2,1,910.52,offer,2026-09-09T11:47:00.778916+00:00
4cfee4a9-0d2e-4330-a07b-f1d760820070,fUSD,0.0001541396,2,1,625.24,offer,2026-09-09T11:47:00.778916+00:00
4cfee4a9-0d2e-4330-a07b-f1d760820070,fUSD,0.0001543672,2,1,625.24,offer,2026-09-09T11:47:00.778916+00:00
4cfee4a9-0d2e-4330-a07b-f1d760820070,fUSD,0.00015458,2,1,236.02991804,offer,2026-09-09T11:47:00.778916+00:00
4cfee4a9-0d2e-4330-a07b-f1d760820070,fUSD,0.000154585,2,1,625.24,offer,2026-09-09T11:47:00.778916+00:00
91721144-62bb-4966-aafb-5056dd0ab621,fUSD,0.000273972602739726,120,1,-7559911.25228999,demand,2026-09-09T12:47:00.424539+00:00
91721144-62bb-4966-aafb-5056dd0ab621,fUSD,0.00022,30,1,-30100.0,demand,2026-09-09T12:47:00.424539+00:00
91721144-62bb-4966-aafb-5056dd0ab621,fUSD,0.00021,30,1,-30000.0,demand,2026-09-09T12:47:00.424539+00:00
91721144-62bb-4966-aafb-5056dd0ab621,fUSD,0.000209,30,1,-6289.12258117,demand,2026-09-09T12:47:00.424539+00:00
91721144-62bb-4966-aafb-5056dd0ab621,fUSD,0.0002,7,1,-150.0,demand,2026-09-09T12:47:00.424539+00:00
91721144-62bb-4966-aafb-5056dd0ab621,fUSD,0.0001712,120,1,-20000.0,demand,2026-09-09T12:47:00.424539+00:00
91721144-62bb-4966-aafb-5056dd0ab621,fUSD,0.00017111,120,1,-2000000.0,demand,2026-09-09T12:47:00.424539+00:00
91721144-62bb-4966-aafb-5056dd0ab621,fUSD,0.000161,120,1,-100000.0,demand,2026-09-09T12:47:00.424539+00:00
91721144-62bb-4966-aafb-5056dd0ab621,fUSD,0.00016,120,2,-10009162.66122322,demand,2026-09-09T12:47:00.424539+00:00
91721144-62bb-4966-aafb-5056dd0ab621,fUSD,0.000152,45,2,-3000.0,demand,2026-09-09T12:47:00.424539+00:00
91721144-62bb-4966-aafb-5056dd0ab621,fUSD,0.0001511,120,1,-20000.0,demand,2026-09-09T12:47:00.424539+00:00
91721144-62bb-4966-aafb-5056dd0ab621,fUSD,0.0001503,90,1,-20000.0,demand,2026-09-09T12:47:00.424539+00:00
91721144-62bb-4966-aafb-5056dd0ab621,fUSD,0.00015,120,1,-500.0,demand,2026-09-09T12:47:00.424539+00:00
91721144-62bb-4966-aafb-5056dd0ab621,fUSD,0.00015,2,1,-10000.0,demand,2026-09-09T12:47:00.424539+00:00
91721144-62bb-4966-aafb-5056dd0ab621,fUSD,0.000145,7,1,-190.0,demand,2026-09-09T12:47:00.424539+00:00
91721144-62bb-4966-aafb-5056dd0ab621,fUSD,0.00014252,120,1,-10770.76644364,demand,2026-09-09T12:47:00.424539+00:00
91721144-62bb-4966-aafb-5056dd0ab621,fUSD,0.0001403,90,1,-20000.0,demand,2026-09-09T12:47:00.424539+00:00
91721144-62bb-4966-aafb-5056dd0ab621,fUSD,0.00014000000000000001,7,1,-2945.01476542,demand,2026-09-09T12:47:00.424539+00:00
91721144-62bb-4966-aafb-5056dd0ab621,fUSD,0.00013299999999999998,20,1,-5000.0,demand,2026-09-09T12:47:00.424539+00:00
91721144-62bb-4966-aafb-5056dd0ab621,fUSD,0.00013216666023716151,2,1,-3238.91702491,demand,2026-09-09T12:47:00.424539+00:00
91721144-62bb-4966-aafb-5056dd0ab621,fUSD,0.00013215458650763396,2,1,-3819.78702491,demand,2026-09-09T12:47:00.424539+00:00
91721144-62bb-4966-aafb-5056dd0ab621,fUSD,0.00013215396529612906,2,1,-3819.78702491,demand,2026-09-09T12:47:00.424539+00:00
91721144-62bb-4966-aafb-5056dd0ab621,fUSD,0.00013214070239319403,2,1,-3819.78702491,demand,2026-09-09T12:47:00.424539+00:00
91721144-62bb-4966-aafb-5056dd0ab621,fUSD,0.0001321327379438,2,1,-3819.78702491,demand,2026-09-09T12:47:00.424539+00:00
91721144-62bb-4966-aafb-5056dd0ab621,fUSD,0.00013210199524386784,2,1,-3819.78702491,demand,2026-09-09T12:47:00.424539+00:00
91721144-62bb-4966-aafb-5056dd0ab621,fUSD,0.0001338724,2,1,858.33,offer,2026-09-09T12:47:00.424539+00:00
91721144-62bb-4966-aafb-5056dd0ab621,fUSD,0.0001344187,2,2,714.15,offer,2026-09-09T12:47:00.424539+00:00
91721144-62bb-4966-aafb-5056dd0ab621,fUSD,0.00013446865,2,1,250.0,offer,2026-09-09T12:47:00.424539+00:00
91721144-62bb-4966-aafb-5056dd0ab621,fUSD,0.0001345186,2,1,155.15,offer,2026-09-09T12:47:00.424539+00:00
91721144-62bb-4966-aafb-5056dd0ab621,fUSD,0.0001347344,2,1,230.0,offer,2026-09-09T12:47:00.424539+00:00
91721144-62bb-4966-aafb-5056dd0ab621,fUSD,0.0001351,2,1,165.34,offer,2026-09-09T12:47:00.424539+00:00
91721144-62bb-4966-aafb-5056dd0ab621,fUSD,0.00013510064999999998,2,1,595.17956068,offer,2026-09-09T12:47:00.424539+00:00
91721144-62bb-4966-aafb-5056dd0ab621,fUSD,0.0001351013,2,1,150.0,offer,2026-09-09T12:47:00.424539+00:00
91721144-62bb-4966-aafb-5056dd0ab621,fUSD,0.0001354977,2,1,200.0,offer,2026-09-09T12:47:00.424539+00:00
91721144-62bb-4966-aafb-5056dd0ab621,fUSD,0.000136986301369863,2,1,200.0,offer,2026-09-09T12:47:00.424539+00:00
91721144-62bb-4966-aafb-5056dd0ab621,fUSD,0.00013721924931506848,2,1,858.33,offer,2026-09-09T12:47:00.424539+00:00
91721144-62bb-4966-aafb-5056dd0ab621,fUSD,0.0001377363,2,14,6776.41785539,offer,2026-09-09T12:47:00.424539+00:00
91721144-62bb-4966-aafb-5056dd0ab621,fUSD,0.0001377463,2,1,2870.86,offer,2026-09-09T12:47:00.424539+00:00
91721144-62bb-4966-aafb-5056dd0ab621,fUSD,0.00013775,2,1,172.94,offer,2026-09-09T12:47:00.424539+00:00
91721144-62bb-4966-aafb-5056dd0ab621,fUSD,0.0001389256,2,1,417.79,offer,2026-09-09T12:47:00.424539+00:00
91721144-62bb-4966-aafb-5056dd0ab621,fUSD,0.00013893,2,1,181.15,offer,2026-09-09T12:47:00.424539+00:00
91721144-62bb-4966-aafb-5056dd0ab621,fUSD,0.0001389382,2,6,1682.89573479,offer,2026-09-09T12:47:00.424539+00:00
91721144-62bb-4966-aafb-5056dd0ab621,fUSD,0.00013894,2,1,500.0,offer,2026-09-09T12:47:00.424539+00:00
91721144-62bb-4966-aafb-5056dd0ab621,fUSD,0.0001389482,2,1,16341.68,offer,2026-09-09T12:47:00.424539+00:00
91721144-62bb-4966-aafb-5056dd0ab621,fUSD,0.000139,2,1,179.34,offer,2026-09-09T12:47:00.424539+00:00
91721144-62bb-4966-aafb-5056dd0ab621,fUSD,0.0001396405,2,1,313.31,offer,2026-09-09T12:47:00.424539+00:00
91721144-62bb-4966-aafb-5056dd0ab621,fUSD,0.00014023163411647221,2,1,5265.90881535,offer,2026-09-09T12:47:00.424539+00:00
91721144-62bb-4966-aafb-5056dd0ab621,fUSD,0.0001405262,2,2,996.07788344,offer,2026-09-09T12:47:00.424539+00:00
91721144-62bb-4966-aafb-5056dd0ab621,fUSD,0.000140566098630137,2,1,858.33,offer,2026-09-09T12:47:00.424539+00:00
91721144-62bb-4966-aafb-5056dd0ab621,fUSD,0.00014074,2,1,360.11,offer,2026-09-09T12:47:00.424539+00:00
efa6eb1c-3e82-4be0-95dc-2261de28e63e,fUSD,0.000273972602739726,120,1,-7539203.22102809,demand,2026-09-09T13:47:00.580229+00:00
efa6eb1c-3e82-4be0-95dc-2261de28e63e,fUSD,0.00022,30,1,-30100.0,demand,2026-09-09T13:47:00.580229+00:00
efa6eb1c-3e82-4be0-95dc-2261de28e63e,fUSD,0.00021,30,1,-30000.0,demand,2026-09-09T13:47:00.580229+00:00
efa6eb1c-3e82-4be0-95dc-2261de28e63e,fUSD,0.000209,30,1,-6289.12258117,demand,2026-09-09T13:47:00.580229+00:00
efa6eb1c-3e82-4be0-95dc-2261de28e63e,fUSD,0.0002,7,1,-150.0,demand,2026-09-09T13:47:00.580229+00:00
efa6eb1c-3e82-4be0-95dc-2261de28e63e,fUSD,0.0001712,120,1,-20000.0,demand,2026-09-09T13:47:00.580229+00:00
efa6eb1c-3e82-4be0-95dc-2261de28e63e,fUSD,0.00017111,120,1,-2000000.0,demand,2026-09-09T13:47:00.580229+00:00
efa6eb1c-3e82-4be0-95dc-2261de28e63e,fUSD,0.000161,120,1,-100000.0,demand,2026-09-09T13:47:00.580229+00:00
efa6eb1c-3e82-4be0-95dc-2261de28e63e,fUSD,0.00016,120,2,-10009162.66122322,demand,2026-09-09T13:47:00.580229+00:00
efa6eb1c-3e82-4be0-95dc-2261de28e63e,fUSD,0.000152,45,2,-3000.0,demand,2026-09-09T13:47:00.580229+00:00
efa6eb1c-3e82-4be0-95dc-2261de28e63e,fUSD,0.0001511,120,1,-20000.0,demand,2026-09-09T13:47:00.580229+00:00
efa6eb1c-3e82-4be0-95dc-2261de28e63e,fUSD,0.0001503,90,1,-20000.0,demand,2026-09-09T13:47:00.580229+00:00
efa6eb1c-3e82-4be0-95dc-2261de28e63e,fUSD,0.00015,120,1,-500.0,demand,2026-09-09T13:47:00.580229+00:00
efa6eb1c-3e82-4be0-95dc-2261de28e63e,fUSD,0.00015,2,1,-10000.0,demand,2026-09-09T13:47:00.580229+00:00
efa6eb1c-3e82-4be0-95dc-2261de28e63e,fUSD,0.000145,7,1,-190.0,demand,2026-09-09T13:47:00.580229+00:00
efa6eb1c-3e82-4be0-95dc-2261de28e63e,fUSD,0.00014252,120,1,-10770.76644364,demand,2026-09-09T13:47:00.580229+00:00
efa6eb1c-3e82-4be0-95dc-2261de28e63e,fUSD,0.0001403,90,1,-20000.0,demand,2026-09-09T13:47:00.580229+00:00
efa6eb1c-3e82-4be0-95dc-2261de28e63e,fUSD,0.00014000000000000001,7,1,-2945.01476542,demand,2026-09-09T13:47:00.580229+00:00
efa6eb1c-3e82-4be0-95dc-2261de28e63e,fUSD,0.00013299999999999998,20,1,-5000.0,demand,2026-09-09T13:47:00.580229+00:00
efa6eb1c-3e82-4be0-95dc-2261de28e63e,fUSD,0.00013215458650763396,2,1,-362.16625885,demand,2026-09-09T13:47:00.580229+00:00
efa6eb1c-3e82-4be0-95dc-2261de28e63e,fUSD,0.00013215396529612906,2,1,-3819.78702491,demand,2026-09-09T13:47:00.580229+00:00
efa6eb1c-3e82-4be0-95dc-2261de28e63e,fUSD,0.00013214070239319403,2,1,-3819.78702491,demand,2026-09-09T13:47:00.580229+00:00
efa6eb1c-3e82-4be0-95dc-2261de28e63e,fUSD,0.0001321327379438,2,1,-3819.78702491,demand,2026-09-09T13:47:00.580229+00:00
efa6eb1c-3e82-4be0-95dc-2261de28e63e,fUSD,0.00013210199524386784,2,1,-3819.78702491,demand,2026-09-09T13:47:00.580229+00:00
efa6eb1c-3e82-4be0-95dc-2261de28e63e,fUSD,0.00013209267856786476,2,1,-3819.78702491,demand,2026-09-09T13:47:00.580229+00:00
efa6eb1c-3e82-4be0-95dc-2261de28e63e,fUSD,0.00013389412176,2,2,313.09,offer,2026-09-09T13:47:00.580229+00:00
efa6eb1c-3e82-4be0-95dc-2261de28e63e,fUSD,0.00013422920789999998,2,1,474.63122665,offer,2026-09-09T13:47:00.580229+00:00
efa6eb1c-3e82-4be0-95dc-2261de28e63e,fUSD,0.00013456429404,2,1,250.0,offer,2026-09-09T13:47:00.580229+00:00
efa6eb1c-3e82-4be0-95dc-2261de28e63e,fUSD,0.0001353092,2,1,150.0,offer,2026-09-09T13:47:00.580229+00:00
efa6eb1c-3e82-4be0-95dc-2261de28e63e,fUSD,0.0001360402,2,1,157.28,offer,2026-09-09T13:47:00.580229+00:00
efa6eb1c-3e82-4be0-95dc-2261de28e63e,fUSD,0.0001361154,2,1,150.0,offer,2026-09-09T13:47:00.580229+00:00
efa6eb1c-3e82-4be0-95dc-2261de28e63e,fUSD,0.0001362847,2,1,172.49,offer,2026-09-09T13:47:00.580229+00:00
efa6eb1c-3e82-4be0-95dc-2261de28e63e,fUSD,0.00013634,2,1,150.0,offer,2026-09-09T13:47:00.580229+00:00
efa6eb1c-3e82-4be0-95dc-2261de28e63e,fUSD,0.00013769,2,1,150.0,offer,2026-09-09T13:47:00.580229+00:00
efa6eb1c-3e82-4be0-95dc-2261de28e63e,fUSD,0.00013904,2,1,150.0,offer,2026-09-09T13:47:00.580229+00:00
efa6eb1c-3e82-4be0-95dc-2261de28e63e,fUSD,0.00013913577722240002,2,1,300.0,offer,2026-09-09T13:47:00.580229+00:00
efa6eb1c-3e82-4be0-95dc-2261de28e63e,fUSD,0.0001392555,2,1,269.06,offer,2026-09-09T13:47:00.580229+00:00
efa6eb1c-3e82-4be0-95dc-2261de28e63e,fUSD,0.00014039,2,1,150.0,offer,2026-09-09T13:47:00.580229+00:00
efa6eb1c-3e82-4be0-95dc-2261de28e63e,fUSD,0.000140889,2,1,155.15,offer,2026-09-09T13:47:00.580229+00:00
efa6eb1c-3e82-4be0-95dc-2261de28e63e,fUSD,0.00014174,2,1,150.0,offer,2026-09-09T13:47:00.580229+00:00
efa6eb1c-3e82-4be0-95dc-2261de28e63e,fUSD,0.0001424905,2,1,721.63,offer,2026-09-09T13:47:00.580229+00:00
efa6eb1c-3e82-4be0-95dc-2261de28e63e,fUSD,0.0001428421178082192,2,1,157.28,offer,2026-09-09T13:47:00.580229+00:00
efa6eb1c-3e82-4be0-95dc-2261de28e63e,fUSD,0.00014309,2,1,150.0,offer,2026-09-09T13:47:00.580229+00:00
efa6eb1c-3e82-4be0-95dc-2261de28e63e,fUSD,0.0001437958,2,1,166.01,offer,2026-09-09T13:47:00.580229+00:00
efa6eb1c-3e82-4be0-95dc-2261de28e63e,fUSD,0.00014444,2,1,150.0,offer,2026-09-09T13:47:00.580229+00:00
efa6eb1c-3e82-4be0-95dc-2261de28e63e,fUSD,0.000145404379,2,1,193.86,offer,2026-09-09T13:47:00.580229+00:00
efa6eb1c-3e82-4be0-95dc-2261de28e63e,fUSD,0.0001454345,2,3,1154.05030956,offer,2026-09-09T13:47:00.580229+00:00
efa6eb1c-3e82-4be0-95dc-2261de28e63e,fUSD,0.0001454445,2,4,715.03400655,offer,2026-09-09T13:47:00.580229+00:00
efa6eb1c-3e82-4be0-95dc-2261de28e63e,fUSD,0.00014579,2,2,300.0,offer,2026-09-09T13:47:00.580229+00:00
efa6eb1c-3e82-4be0-95dc-2261de28e63e,fUSD,0.00014599,2,1,324.29725556,offer,2026-09-09T13:47:00.580229+00:00
06702734-7073-40e5-b2be-d9fe0a1d93da,fUSD,0.000273972602739726,120,1,-7531109.18352498,demand,2026-09-09T14:47:00.664868+00:00
06702734-7073-40e5-b2be-d9fe0a1d93da,fUSD,0.00022,30,1,-30100.0,demand,2026-09-09T14:47:00.664868+00:00
06702734-7073-40e5-b2be-d9fe0a1d93da,fUSD,0.00021,30,1,-30000.0,demand,2026-09-09T14:47:00.664868+00:00
06702734-7073-40e5-b2be-d9fe0a1d93da,fUSD,0.000209,30,1,-6289.12258117,demand,2026-09-09T14:47:00.664868+00:00
06702734-7073-40e5-b2be-d9fe0a1d93da,fUSD,0.0002,7,1,-150.0,demand,2026-09-09T14:47:00.664868+00:00
06702734-7073-40e5-b2be-d9fe0a1d93da,fUSD,0.0001712,120,1,-20000.0,demand,2026-09-09T14:47:00.664868+00:00
06702734-7073-40e5-b2be-d9fe0a1d93da,fUSD,0.00017111,120,1,-2000000.0,demand,2026-09-09T14:47:00.664868+00:00
06702734-7073-40e5-b2be-d9fe0a1d93da,fUSD,0.000161,120,1,-100000.0,demand,2026-09-09T14:47:00.664868+00:00
06702734-7073-40e5-b2be-d9fe0a1d93da,fUSD,0.00016,120,2,-10009162.66122322,demand,2026-09-09T14:47:00.664868+00:00
06702734-7073-40e5-b2be-d9fe0a1d93da,fUSD,0.000152,45,2,-3000.0,demand,2026-09-09T14:47:00.664868+00:00
06702734-7073-40e5-b2be-d9fe0a1d93da,fUSD,0.0001511,120,1,-20000.0,demand,2026-09-09T14:47:00.664868+00:00
06702734-7073-40e5-b2be-d9fe0a1d93da,fUSD,0.0001503,90,1,-20000.0,demand,2026-09-09T14:47:00.664868+00:00
06702734-7073-40e5-b2be-d9fe0a1d93da,fUSD,0.00015,120,1,-500.0,demand,2026-09-09T14:47:00.664868+00:00
06702734-7073-40e5-b2be-d9fe0a1d93da,fUSD,0.00015,2,1,-10000.0,demand,2026-09-09T14:47:00.664868+00:00
06702734-7073-40e5-b2be-d9fe0a1d93da,fUSD,0.000145,7,1,-190.0,demand,2026-09-09T14:47:00.664868+00:00
06702734-7073-40e5-b2be-d9fe0a1d93da,fUSD,0.00014252,120,1,-10770.76644364,demand,2026-09-09T14:47:00.664868+00:00
06702734-7073-40e5-b2be-d9fe0a1d93da,fUSD,0.0001403,90,1,-20000.0,demand,2026-09-09T14:47:00.664868+00:00
06702734-7073-40e5-b2be-d9fe0a1d93da,fUSD,0.00014000000000000001,7,1,-2945.01476542,demand,2026-09-09T14:47:00.664868+00:00
06702734-7073-40e5-b2be-d9fe0a1d93da,fUSD,0.00013299999999999998,20,1,-5000.0,demand,2026-09-09T14:47:00.664868+00:00
06702734-7073-40e5-b2be-d9fe0a1d93da,fUSD,0.000132,7,1,-10000.0,demand,2026-09-09T14:47:00.664868+00:00
06702734-7073-40e5-b2be-d9fe0a1d93da,fUSD,0.000131,13,1,-7000.0,demand,2026-09-09T14:47:00.664868+00:00
06702734-7073-40e5-b2be-d9fe0a1d93da,fUSD,0.0001300002,2,1,-572241.06051201,demand,2026-09-09T14:47:00.664868+00:00
06702734-7073-40e5-b2be-d9fe0a1d93da,fUSD,0.00013,2,1,-1590922.93919712,demand,2026-09-09T14:47:00.664868+00:00
06702734-7073-40e5-b2be-d9fe0a1d93da,fUSD,0.00012757,120,1,-100000.0,demand,2026-09-09T14:47:00.664868+00:00
06702734-7073-40e5-b2be-d9fe0a1d93da,fUSD,0.0001221560370913535,2,1,-4605.20214912,demand,2026-09-09T14:47:00.664868+00:00
06702734-7073-40e5-b2be-d9fe0a1d93da,fUSD,0.00014999,2,2,1000.0,offer,2026-09-09T14:47:00.664868+00:00
06702734-7073-40e5-b2be-d9fe0a1d93da,fUSD,0.00015,2,4,1162862.79074285,offer,2026-09-09T14:47:00.664868+00:00
06702734-7073-40e5-b2be-d9fe0a1d93da,fUSD,0.00015014,2,2,447.197232,offer,2026-09-09T14:47:00.664868+00:00
06702734-7073-40e5-b2be-d9fe0a1d93da,fUSD,0.0001502553,2,1,655.12,offer,2026-09-09T14:47:00.664868+00:00
06702734-7073-40e5-b2be-d9fe0a1d93da,fUSD,0.0001506478676787104,2,1,19761.05236991,offer,2026-09-09T14:47:00.664868+00:00
06702734-7073-40e5-b2be-d9fe0a1d93da,fUSD,0.0001507595,2,1,320.0,offer,2026-09-09T14:47:00.664868+00:00
06702734-7073-40e5-b2be-d9fe0a1d93da,fUSD,0.0001507691,2,1,150.0,offer,2026-09-09T14:47:00.664868+00:00
06702734-7073-40e5-b2be-d9fe0a1d93da,fUSD,0.0001509552,2,1,655.12,offer,2026-09-09T14:47:00.664868+00:00
06702734-7073-40e5-b2be-d9fe0a1d93da,fUSD,0.0001515413,2,1,655.12,offer,2026-09-09T14:47:00.664868+00:00
06702734-7073-40e5-b2be-d9fe0a1d93da,fUSD,0.0001520501,2,1,655.12,offer,2026-09-09T14:47:00.664868+00:00
06702734-7073-40e5-b2be-d9fe0a1d93da,fUSD,0.0001522884,2,1,1852.42,offer,2026-09-09T14:47:00.664868+00:00
06702734-7073-40e5-b2be-d9fe0a1d93da,fUSD,0.0001525026,2,1,655.12,offer,2026-09-09T14:47:00.664868+00:00
06702734-7073-40e5-b2be-d9fe0a1d93da,fUSD,0.0001526709,2,1,320.0,offer,2026-09-09T14:47:00.664868+00:00
06702734-7073-40e5-b2be-d9fe0a1d93da,fUSD,0.0001527552,7,1,193.29354323,offer,2026-09-09T14:47:00.664868+00:00
06702734-7073-40e5-b2be-d9fe0a1d93da,fUSD,0.0001529118,2,1,655.12,offer,2026-09-09T14:47:00.664868+00:00
06702734-7073-40e5-b2be-d9fe0a1d93da,fUSD,0.00015299999999999998,3,1,611.77327814,offer,2026-09-09T14:47:00.664868+00:00
06702734-7073-40e5-b2be-d9fe0a1d93da,fUSD,0.0001532866,2,1,655.12,offer,2026-09-09T14:47:00.664868+00:00
06702734-7073-40e5-b2be-d9fe0a1d93da,fUSD,0.0001536333,2,1,655.12,offer,2026-09-09T14:47:00.664868+00:00
06702734-7073-40e5-b2be-d9fe0a1d93da,fUSD,0.0001539565,2,1,655.12,offer,2026-09-09T14:47:00.664868+00:00
06702734-7073-40e5-b2be-d9fe0a1d93da,fUSD,0.0001539877,2,1,320.0,offer,2026-09-09T14:47:00.664868+00:00
06702734-7073-40e5-b2be-d9fe0a1d93da,fUSD,0.0001542598,2,1,655.12,offer,2026-09-09T14:47:00.664868+00:00
06702734-7073-40e5-b2be-d9fe0a1d93da,fUSD,0.0001545458,2,1,655.12,offer,2026-09-09T14:47:00.664868+00:00
06702734-7073-40e5-b2be-d9fe0a1d93da,fUSD,0.0001548168,2,1,655.12,offer,2026-09-09T14:47:00.664868+00:00
06702734-7073-40e5-b2be-d9fe0a1d93da,fUSD,0.000155024,2,1,320.0,offer,2026-09-09T14:47:00.664868+00:00
06702734-7073-40e5-b2be-d9fe0a1d93da,fUSD,0.0001550746,2,1,655.12,offer,2026-09-09T14:47:00.664868+00:00
11988b17-ee46-4001-b463-b6be7e2f7f89,fUSD,0.000273972602739726,120,1,-7523809.7194422,demand,2026-09-09T15:47:00.802626+00:00
11988b17-ee46-4001-b463-b6be7e2f7f89,fUSD,0.00022,30,1,-30100.0,demand,2026-09-09T15:47:00.802626+00:00
11988b17-ee46-4001-b463-b6be7e2f7f89,fUSD,0.00021,30,1,-30000.0,demand,2026-09-09T15:47:00.802626+00:00
11988b17-ee46-4001-b463-b6be7e2f7f89,fUSD,0.000209,30,1,-6289.12258117,demand,2026-09-09T15:47:00.802626+00:00
11988b17-ee46-4001-b463-b6be7e2f7f89,fUSD,0.0002,7,1,-150.0,demand,2026-09-09T15:47:00.802626+00:00
11988b17-ee46-4001-b463-b6be7e2f7f89,fUSD,0.0001712,120,1,-20000.0,demand,2026-09-09T15:47:00.802626+00:00
11988b17-ee46-4001-b463-b6be7e2f7f89,fUSD,0.00017111,120,1,-2000000.0,demand,2026-09-09T15:47:00.802626+00:00
11988b17-ee46-4001-b463-b6be7e2f7f89,fUSD,0.000161,120,1,-100000.0,demand,2026-09-09T15:47:00.802626+00:00
11988b17-ee46-4001-b463-b6be7e2f7f89,fUSD,0.00016,120,2,-10009162.66122322,demand,2026-09-09T15:47:00.802626+00:00
11988b17-ee46-4001-b463-b6be7e2f7f89,fUSD,0.000152,45,2,-3000.0,demand,2026-09-09T15:47:00.802626+00:00
11988b17-ee46-4001-b463-b6be7e2f7f89,fUSD,0.0001511,120,1,-20000.0,demand,2026-09-09T15:47:00.802626+00:00
11988b17-ee46-4001-b463-b6be7e2f7f89,fUSD,0.0001503,90,1,-20000.0,demand,2026-09-09T15:47:00.802626+00:00
11988b17-ee46-4001-b463-b6be7e2f7f89,fUSD,0.00015,120,1,-500.0,demand,2026-09-09T15:47:00.802626+00:00
11988b17-ee46-4001-b463-b6be7e2f7f89,fUSD,0.00015,2,1,-10000.0,demand,2026-09-09T15:47:00.802626+00:00
11988b17-ee46-4001-b463-b6be7e2f7f89,fUSD,0.000145,7,1,-190.0,demand,2026-09-09T15:47:00.802626+00:00
11988b17-ee46-4001-b463-b6be7e2f7f89,fUSD,0.00014252,120,1,-10770.76644364,demand,2026-09-09T15:47:00.802626+00:00
11988b17-ee46-4001-b463-b6be7e2f7f89,fUSD,0.0001403,90,1,-20000.0,demand,2026-09-09T15:47:00.802626+00:00
11988b17-ee46-4001-b463-b6be7e2f7f89,fUSD,0.00014000000000000001,7,1,-2945.01476542,demand,2026-09-09T15:47:00.802626+00:00
11988b17-ee46-4001-b463-b6be7e2f7f89,fUSD,0.00013299999999999998,20,1,-5000.0,demand,2026-09-09T15:47:00.802626+00:00
11988b17-ee46-4001-b463-b6be7e2f7f89,fUSD,0.000132,7,1,-10000.0,demand,2026-09-09T15:47:00.802626+00:00
11988b17-ee46-4001-b463-b6be7e2f7f89,fUSD,0.000131,13,1,-7000.0,demand,2026-09-09T15:47:00.802626+00:00
11988b17-ee46-4001-b463-b6be7e2f7f89,fUSD,0.0001300002,2,1,-563839.37606608,demand,2026-09-09T15:47:00.802626+00:00
11988b17-ee46-4001-b463-b6be7e2f7f89,fUSD,0.00013,2,1,-1590922.93919712,demand,2026-09-09T15:47:00.802626+00:00
11988b17-ee46-4001-b463-b6be7e2f7f89,fUSD,0.00012757,120,1,-100000.0,demand,2026-09-09T15:47:00.802626+00:00
11988b17-ee46-4001-b463-b6be7e2f7f89,fUSD,0.0001221560370913535,2,1,-4605.20214912,demand,2026-09-09T15:47:00.802626+00:00
11988b17-ee46-4001-b463-b6be7e2f7f89,fUSD,0.000146928,2,1,1373.35,offer,2026-09-09T15:47:00.802626+00:00
11988b17-ee46-4001-b463-b6be7e2f7f89,fUSD,0.0001471561,2,1,200.0,offer,2026-09-09T15:47:00.802626+00:00
11988b17-ee46-4001-b463-b6be7e2f7f89,fUSD,0.000147183775,2,1,319.38978706,offer,2026-09-09T15:47:00.802626+00:00
11988b17-ee46-4001-b463-b6be7e2f7f89,fUSD,0.00014721145,2,1,250.0,offer,2026-09-09T15:47:00.802626+00:00
11988b17-ee46-4001-b463-b6be7e2f7f89,fUSD,0.0001472668,2,1,540.13,offer,2026-09-09T15:47:00.802626+00:00
11988b17-ee46-4001-b463-b6be7e2f7f89,fUSD,0.0001483299,2,1,3233.62,offer,2026-09-09T15:47:00.802626+00:00
11988b17-ee46-4001-b463-b6be7e2f7f89,fUSD,0.0001488229,2,1,150.0,offer,2026-09-09T15:47:00.802626+00:00
11988b17-ee46-4001-b463-b6be7e2f7f89,fUSD,0.000149,2,1,8904.97238306,offer,2026-09-09T15:47:00.802626+00:00
11988b17-ee46-4001-b463-b6be7e2f7f89,fUSD,0.00014997,2,2,437.26408152,offer,2026-09-09T15:47:00.802626+00:00
11988b17-ee46-4001-b463-b6be7e2f7f89,fUSD,0.00014998904109589042,2,1,1000.0,offer,2026-09-09T15:47:00.802626+00:00
11988b17-ee46-4001-b463-b6be7e2f7f89,fUSD,0.00014999,2,13,6164.80997632,offer,2026-09-09T15:47:00.802626+00:00
11988b17-ee46-4001-b463-b6be7e2f7f89,fUSD,0.00015,2,36,311055.93125939,offer,2026-09-09T15:47:00.802626+00:00
11988b17-ee46-4001-b463-b6be7e2f7f89,fUSD,0.00015,3,2,420.0,offer,2026-09-09T15:47:00.802626+00:00
11988b17-ee46-4001-b463-b6be7e2f7f89,fUSD,0.0001500143,2,1,200.0,offer,2026-09-09T15:47:00.802626+00:00
11988b17-ee46-4001-b463-b6be7e2f7f89,fUSD,0.000150067,2,1,1993.46,offer,2026-09-09T15:47:00.802626+00:00
11988b17-ee46-4001-b463-b6be7e2f7f89,fUSD,0.0001503194,2,1,303.32,offer,2026-09-09T15:47:00.802626+00:00
11988b17-ee46-4001-b463-b6be7e2f7f89,fUSD,0.00015032054794520547,2,1,500.0,offer,2026-09-09T15:47:00.802626+00:00
11988b17-ee46-4001-b463-b6be7e2f7f89,fUSD,0.0001517582,2,2,1500.0,offer,2026-09-09T15:47:00.802626+00:00
11988b17-ee46-4001-b463-b6be7e2f7f89,fUSD,0.00015176,2,10,10000.0,offer,2026-09-09T15:47:00.802626+00:00
11988b17-ee46-4001-b463-b6be7e2f7f89,fUSD,0.000152129,2,1,303.32,offer,2026-09-09T15:47:00.802626+00:00
11988b17-ee46-4001-b463-b6be7e2f7f89,fUSD,0.00015234318,2,1,166.68,offer,2026-09-09T15:47:00.802626+00:00
11988b17-ee46-4001-b463-b6be7e2f7f89,fUSD,0.0001529898,7,1,193.29354325,offer,2026-09-09T15:47:00.802626+00:00
11988b17-ee46-4001-b463-b6be7e2f7f89,fUSD,0.00015299999999999998,3,1,622.916601,offer,2026-09-09T15:47:00.802626+00:00
11988b17-ee46-4001-b463-b6be7e2f7f89,fUSD,0.00015306027397260274,2,1,491.36297184,offer,2026-09-09T15:47:00.802626+00:00
11988b17-ee46-4001-b463-b6be7e2f7f89,fUSD,0.0001533757,2,1,303.32,offer,2026-09-09T15:47:00.802626+00:00
6b67a2c7-b8dc-4311-bd91-f118df9db93f,fUSD,0.000273972602739726,120,1,-7515292.34552678,demand,2026-09-09T16:47:00.862302+00:00
6b67a2c7-b8dc-4311-bd91-f118df9db93f,fUSD,0.00022,30,1,-30100.0,demand,2026-09-09T16:47:00.862302+00:00
6b67a2c7-b8dc-4311-bd91-f118df9db93f,fUSD,0.00021,30,1,-30000.0,demand,2026-09-09T16:47:00.862302+00:00
6b67a2c7-b8dc-4311-bd91-f118df9db93f,fUSD,0.000209,30,1,-6289.12258117,demand,2026-09-09T16:47:00.862302+00:00
6b67a2c7-b8dc-4311-bd91-f118df9db93f,fUSD,0.0002,7,1,-150.0,demand,2026-09-09T16:47:00.862302+00:00
6b67a2c7-b8dc-4311-bd91-f118df9db93f,fUSD,0.0001712,120,1,-20000.0,demand,2026-09-09T16:47:00.862302+00:00
6b67a2c7-b8dc-4311-bd91-f118df9db93f,fUSD,0.00017111,120,1,-2000000.0,demand,2026-09-09T16:47:00.862302+00:00
6b67a2c7-b8dc-4311-bd91-f118df9db93f,fUSD,0.000161,120,1,-100000.0,demand,2026-09-09T16:47:00.862302+00:00
6b67a2c7-b8dc-4311-bd91-f118df9db93f,fUSD,0.00016,120,2,-10009162.66122322,demand,2026-09-09T16:47:00.862302+00:00
6b67a2c7-b8dc-4311-bd91-f118df9db93f,fUSD,0.000152,45,2,-3000.0,demand,2026-09-09T16:47:00.862302+00:00
6b67a2c7-b8dc-4311-bd91-f118df9db93f,fUSD,0.0001511,120,1,-20000.0,demand,2026-09-09T16:47:00.862302+00:00
6b67a2c7-b8dc-4311-bd91-f118df9db93f,fUSD,0.0001503,90,1,-20000.0,demand,2026-09-09T16:47:00.862302+00:00
6b67a2c7-b8dc-4311-bd91-f118df9db93f,fUSD,0.00015,120,1,-500.0,demand,2026-09-09T16:47:00.862302+00:00
6b67a2c7-b8dc-4311-bd91-f118df9db93f,fUSD,0.00015,2,1,-10000.0,demand,2026-09-09T16:47:00.862302+00:00
6b67a2c7-b8dc-4311-bd91-f118df9db93f,fUSD,0.000145,7,1,-190.0,demand,2026-09-09T16:47:00.862302+00:00
6b67a2c7-b8dc-4311-bd91-f118df9db93f,fUSD,0.00014252,120,1,-10770.76644364,demand,2026-09-09T16:47:00.862302+00:00
6b67a2c7-b8dc-4311-bd91-f118df9db93f,fUSD,0.0001403,90,1,-20000.0,demand,2026-09-09T16:47:00.862302+00:00
6b67a2c7-b8dc-4311-bd91-f118df9db93f,fUSD,0.00014000000000000001,7,1,-2945.01476542,demand,2026-09-09T16:47:00.862302+00:00
6b67a2c7-b8dc-4311-bd91-f118df9db93f,fUSD,0.00013299999999999998,20,1,-5000.0,demand,2026-09-09T16:47:00.862302+00:00
6b67a2c7-b8dc-4311-bd91-f118df9db93f,fUSD,0.00013290691002404282,2,1,-2037.64717922,demand,2026-09-09T16:47:00.862302+00:00
6b67a2c7-b8dc-4311-bd91-f118df9db93f,fUSD,0.00013290334898868826,2,1,-3063.96358961,demand,2026-09-09T16:47:00.862302+00:00
6b67a2c7-b8dc-4311-bd91-f118df9db93f,fUSD,0.00013287260967614792,2,1,-3063.96358961,demand,2026-09-09T16:47:00.862302+00:00
6b67a2c7-b8dc-4311-bd91-f118df9db93f,fUSD,0.00013286913271044867,2,1,-3063.96358961,demand,2026-09-09T16:47:00.862302+00:00
6b67a2c7-b8dc-4311-bd91-f118df9db93f,fUSD,0.00013286355812265908,2,1,-3063.96358961,demand,2026-09-09T16:47:00.862302+00:00
6b67a2c7-b8dc-4311-bd91-f118df9db93f,fUSD,0.00013286193325810232,2,1,-3063.96358961,demand,2026-09-09T16:47:00.862302+00:00
6b67a2c7-b8dc-4311-bd91-f118df9db93f,fUSD,0.0001434351,2,1,741.3,offer,2026-09-09T16:47:00.862302+00:00
6b67a2c7-b8dc-4311-bd91-f118df9db93f,fUSD,0.00014534031000000002,7,2,486.9512867,offer,2026-09-09T16:47:00.862302+00:00
6b67a2c7-b8dc-4311-bd91-f118df9db93f,fUSD,0.0001457552325,2,1,354.19205452,offer,2026-09-09T16:47:00.862302+00:00
6b67a2c7-b8dc-4311-bd91-f118df9db93f,fUSD,0.00014617015500000002,2,1,250.0,offer,2026-09-09T16:47:00.862302+00:00
6b67a2c7-b8dc-4311-bd91-f118df9db93f,fUSD,0.000146170156,2,2,999.99,offer,2026-09-09T16:47:00.862302+00:00
6b67a2c7-b8dc-4311-bd91-f118df9db93f,fUSD,0.000147,2,2,2554.171,offer,2026-09-09T16:47:00.862302+00:00
6b67a2c7-b8dc-4311-bd91-f118df9db93f,fUSD,0.0001488975,2,1,200.0,offer,2026-09-09T16:47:00.862302+00:00
6b67a2c7-b8dc-4311-bd91-f118df9db93f,fUSD,0.00014899,2,3,574.30572159,offer,2026-09-09T16:47:00.862302+00:00
6b67a2c7-b8dc-4311-bd91-f118df9db93f,fUSD,0.000149,2,8,50399.06499941,offer,2026-09-09T16:47:00.862302+00:00
6b67a2c7-b8dc-4311-bd91-f118df9db93f,fUSD,0.0001499,2,1,683.72975327,offer,2026-09-09T16:47:00.862302+00:00
6b67a2c7-b8dc-4311-bd91-f118df9db93f,fUSD,0.00014999,2,28,241040.15770462,offer,2026-09-09T16:47:00.862302+00:00
6b67a2c7-b8dc-4311-bd91-f118df9db93f,fUSD,0.00015,2,24,1469820.95882003,offer,2026-09-09T16:47:00.862302+00:00
6b67a2c7-b8dc-4311-bd91-f118df9db93f,fUSD,0.00015,5,1,1045.44880134,offer,2026-09-09T16:47:00.862302+00:00
6b67a2c7-b8dc-4311-bd91-f118df9db93f,fUSD,0.0001501,2,1,523.1390034,offer,2026-09-09T16:47:00.862302+00:00
6b67a2c7-b8dc-4311-bd91-f118df9db93f,fUSD,0.00015021,2,1,5119.1823868,offer,2026-09-09T16:47:00.862302+00:00
6b67a2c7-b8dc-4311-bd91-f118df9db93f,fUSD,0.0001503194,2,1,302.38,offer,2026-09-09T16:47:00.862302+00:00
6b67a2c7-b8dc-4311-bd91-f118df9db93f,fUSD,0.0001510001,2,1,888.08,offer,2026-09-09T16:47:00.862302+00:00
6b67a2c7-b8dc-4311-bd91-f118df9db93f,fUSD,0.0001520161,2,1,150.0,offer,2026-09-09T16:47:00.862302+00:00
6b67a2c7-b8dc-4311-bd91-f118df9db93f,fUSD,0.000152129,2,2,634.89,offer,2026-09-09T16:47:00.862302+00:00
6b67a2c7-b8dc-4311-bd91-f118df9db93f,fUSD,0.00015299999999999998,5,3,1390.12,offer,2026-09-09T16:47:00.862302+00:00
6b67a2c7-b8dc-4311-bd91-f118df9db93f,fUSD,0.00015299999999999998,2,2,2704.67,offer,2026-09-09T16:47:00.862302+00:00
6b67a2c7-b8dc-4311-bd91-f118df9db93f,fUSD,0.00015299999999999998,3,1,820.54695952,offer,2026-09-09T16:47:00.862302+00:00
6b67a2c7-b8dc-4311-bd91-f118df9db93f,fUSD,0.0001533757,2,1,302.38,offer,2026-09-09T16:47:00.862302+00:00
6b67a2c7-b8dc-4311-bd91-f118df9db93f,fUSD,0.00015388974000000001,7,2,658.11220426,offer,2026-09-09T16:47:00.862302+00:00
6b67a2c7-b8dc-4311-bd91-f118df9db93f,fUSD,0.00015399985107267256,2,1,689.00761003,offer,2026-09-09T16:47:00.862302+00:00
8f2a6606-9d8c-436b-b938-23da8c1d1042,fUSD,0.000273972602739726,120,1,-7506510.97235894,demand,2026-09-09T17:47:00.627758+00:00
8f2a6606-9d8c-436b-b938-23da8c1d1042,fUSD,0.00022,30,1,-30100.0,demand,2026-09-09T17:47:00.627758+00:00
8f2a6606-9d8c-436b-b938-23da8c1d1042,fUSD,0.00021,30,1,-30000.0,demand,2026-09-09T17:47:00.627758+00:00
8f2a6606-9d8c-436b-b938-23da8c1d1042,fUSD,0.000209,30,1,-6289.12258117,demand,2026-09-09T17:47:00.627758+00:00
8f2a6606-9d8c-436b-b938-23da8c1d1042,fUSD,0.0002,7,1,-150.0,demand,2026-09-09T17:47:00.627758+00:00
8f2a6606-9d8c-436b-b938-23da8c1d1042,fUSD,0.0001712,120,1,-20000.0,demand,2026-09-09T17:47:00.627758+00:00
8f2a6606-9d8c-436b-b938-23da8c1d1042,fUSD,0.00017111,120,1,-2000000.0,demand,2026-09-09T17:47:00.627758+00:00
8f2a6606-9d8c-436b-b938-23da8c1d1042,fUSD,0.000161,120,1,-100000.0,demand,2026-09-09T17:47:00.627758+00:00
8f2a6606-9d8c-436b-b938-23da8c1d1042,fUSD,0.00016,120,2,-10009162.66122322,demand,2026-09-09T17:47:00.627758+00:00
8f2a6606-9d8c-436b-b938-23da8c1d1042,fUSD,0.000152,45,2,-3000.0,demand,2026-09-09T17:47:00.627758+00:00
8f2a6606-9d8c-436b-b938-23da8c1d1042,fUSD,0.0001511,120,1,-20000.0,demand,2026-09-09T17:47:00.627758+00:00
8f2a6606-9d8c-436b-b938-23da8c1d1042,fUSD,0.0001503,90,1,-20000.0,demand,2026-09-09T17:47:00.627758+00:00
8f2a6606-9d8c-436b-b938-23da8c1d1042,fUSD,0.00015,120,1,-500.0,demand,2026-09-09T17:47:00.627758+00:00
8f2a6606-9d8c-436b-b938-23da8c1d1042,fUSD,0.00015,2,1,-10000.0,demand,2026-09-09T17:47:00.627758+00:00
8f2a6606-9d8c-436b-b938-23da8c1d1042,fUSD,0.00015,5,10,-199645.71216441,demand,2026-09-09T17:47:00.627758+00:00
8f2a6606-9d8c-436b-b938-23da8c1d1042,fUSD,0.000145,7,1,-190.0,demand,2026-09-09T17:47:00.627758+00:00
8f2a6606-9d8c-436b-b938-23da8c1d1042,fUSD,0.00014252,120,1,-10770.76644364,demand,2026-09-09T17:47:00.627758+00:00
8f2a6606-9d8c-436b-b938-23da8c1d1042,fUSD,0.0001403,90,1,-20000.0,demand,2026-09-09T17:47:00.627758+00:00
8f2a6606-9d8c-436b-b938-23da8c1d1042,fUSD,0.00014000000000000001,7,1,-2800.0,demand,2026-09-09T17:47:00.627758+00:00
8f2a6606-9d8c-436b-b938-23da8c1d1042,fUSD,0.00013299999999999998,20,1,-5000.0,demand,2026-09-09T17:47:00.627758+00:00
8f2a6606-9d8c-436b-b938-23da8c1d1042,fUSD,0.00013283072719542108,2,1,-681.79719221,demand,2026-09-09T17:47:00.627758+00:00
8f2a6606-9d8c-436b-b938-23da8c1d1042,fUSD,0.000132,7,1,-10000.0,demand,2026-09-09T17:47:00.627758+00:00
8f2a6606-9d8c-436b-b938-23da8c1d1042,fUSD,0.000131,13,1,-7000.0,demand,2026-09-09T17:47:00.627758+00:00
8f2a6606-9d8c-436b-b938-23da8c1d1042,fUSD,0.0001300002,2,1,-563839.37606608,demand,2026-09-09T17:47:00.627758+00:00
8f2a6606-9d8c-436b-b938-23da8c1d1042,fUSD,0.00013,2,2,-1883922.93919712,demand,2026-09-09T17:47:00.627758+00:00
8f2a6606-9d8c-436b-b938-23da8c1d1042,fUSD,0.000145,2,2,4660.07685175,offer,2026-09-09T17:47:00.627758+00:00
8f2a6606-9d8c-436b-b938-23da8c1d1042,fUSD,0.00014529875000000002,2,1,241.97456753,offer,2026-09-09T17:47:00.627758+00:00
8f2a6606-9d8c-436b-b938-23da8c1d1042,fUSD,0.00014558750000000004,2,1,250.0,offer,2026-09-09T17:47:00.627758+00:00
8f2a6606-9d8c-436b-b938-23da8c1d1042,fUSD,0.000147,2,1,162.83,offer,2026-09-09T17:47:00.627758+00:00
8f2a6606-9d8c-436b-b938-23da8c1d1042,fUSD,0.00014749999999999998,2,1,151.0,offer,2026-09-09T17:47:00.627758+00:00
8f2a6606-9d8c-436b-b938-23da8c1d1042,fUSD,0.000149,2,1,157.544,offer,2026-09-09T17:47:00.627758+00:00
8f2a6606-9d8c-436b-b938-23da8c1d1042,fUSD,0.00014987,2,2,955.49004321,offer,2026-09-09T17:47:00.627758+00:00
8f2a6606-9d8c-436b-b938-23da8c1d1042,fUSD,0.00014999,2,2,952.38095673,offer,2026-09-09T17:47:00.627758+00:00
8f2a6606-9d8c-436b-b938-23da8c1d1042,fUSD,0.00015,2,12,318376.22014856,offer,2026-09-09T17:47:00.627758+00:00
8f2a6606-9d8c-436b-b938-23da8c1d1042,fUSD,0.0001506985,2,2,1308.7,offer,2026-09-09T17:47:00.627758+00:00
8f2a6606-9d8c-436b-b938-23da8c1d1042,fUSD,0.0001519158702663555,7,1,193.29354325,offer,2026-09-09T17:47:00.627758+00:00
8f2a6606-9d8c-436b-b938-23da8c1d1042,fUSD,0.00015299999999999998,3,1,1161.82659358,offer,2026-09-09T17:47:00.627758+00:00
8f2a6606-9d8c-436b-b938-23da8c1d1042,fUSD,0.00015606,4,1,1161.82659358,offer,2026-09-09T17:47:00.627758+00:00
8f2a6606-9d8c-436b-b938-23da8c1d1042,fUSD,0.0001563839840977189,7,1,330.61050177,offer,2026-09-09T17:47:00.627758+00:00
8f2a6606-9d8c-436b-b938-23da8c1d1042,fUSD,0.0001563839840977189,2,1,279.34203468,offer,2026-09-09T17:47:00.627758+00:00
8f2a6606-9d8c-436b-b938-23da8c1d1042,fUSD,0.000158,2,1,5000.0,offer,2026-09-09T17:47:00.627758+00:00
8f2a6606-9d8c-436b-b938-23da8c1d1042,fUSD,0.00015864,3,1,1280.08778312,offer,2026-09-09T17:47:00.627758+00:00
8f2a6606-9d8c-436b-b938-23da8c1d1042,fUSD,0.0001589784,2,1,308.7,offer,2026-09-09T17:47:00.627758+00:00
8f2a6606-9d8c-436b-b938-23da8c1d1042,fUSD,0.0001591812,5,1,1161.82659358,offer,2026-09-09T17:47:00.627758+00:00
8f2a6606-9d8c-436b-b938-23da8c1d1042,fUSD,0.0001595,2,2,400.0,offer,2026-09-09T17:47:00.627758+00:00
8f2a6606-9d8c-436b-b938-23da8c1d1042,fUSD,0.00016,2,1,68228.99812319,offer,2026-09-09T17:47:00.627758+00:00
8f2a6606-9d8c-436b-b938-23da8c1d1042,fUSD,0.0001608922,2,1,308.7,offer,2026-09-09T17:47:00.627758+00:00
8f2a6606-9d8c-436b-b938-23da8c1d1042,fUSD,0.0001622107,2,1,308.7,offer,2026-09-09T17:47:00.627758+00:00
8f2a6606-9d8c-436b-b938-23da8c1d1042,fUSD,0.000162364824,7,1,1161.82659358,offer,2026-09-09T17:47:00.627758+00:00
8f2a6606-9d8c-436b-b938-23da8c1d1042,fUSD,0.00016282712328767124,2,2,1422.59256021,offer,2026-09-09T17:47:00.627758+00:00
b7c01971-182a-41de-942f-19487cc7c140,fUSD,0.000273972602739726,120,1,-7491042.54742433,demand,2026-09-09T18:47:02.197518+00:00
b7c01971-182a-41de-942f-19487cc7c140,fUSD,0.00022,30,1,-30100.0,demand,2026-09-09T18:47:02.197518+00:00
b7c01971-182a-41de-942f-19487cc7c140,fUSD,0.00021,30,1,-30000.0,demand,2026-09-09T18:47:02.197518+00:00
b7c01971-182a-41de-942f-19487cc7c140,fUSD,0.000209,30,1,-6289.12258117,demand,2026-09-09T18:47:02.197518+00:00
b7c01971-182a-41de-942f-19487cc7c140,fUSD,0.0002,7,1,-150.0,demand,2026-09-09T18:47:02.197518+00:00
b7c01971-182a-41de-942f-19487cc7c140,fUSD,0.0001712,120,1,-20000.0,demand,2026-09-09T18:47:02.197518+00:00
b7c01971-182a-41de-942f-19487cc7c140,fUSD,0.00017111,120,1,-2000000.0,demand,2026-09-09T18:47:02.197518+00:00
b7c01971-182a-41de-942f-19487cc7c140,fUSD,0.000161,120,1,-100000.0,demand,2026-09-09T18:47:02.197518+00:00
b7c01971-182a-41de-942f-19487cc7c140,fUSD,0.00016,120,2,-10009162.66122322,demand,2026-09-09T18:47:02.197518+00:00
b7c01971-182a-41de-942f-19487cc7c140,fUSD,0.000152,45,2,-3000.0,demand,2026-09-09T18:47:02.197518+00:00
b7c01971-182a-41de-942f-19487cc7c140,fUSD,0.0001511,120,1,-20000.0,demand,2026-09-09T18:47:02.197518+00:00
b7c01971-182a-41de-942f-19487cc7c140,fUSD,0.0001503,90,1,-20000.0,demand,2026-09-09T18:47:02.197518+00:00
b7c01971-182a-41de-942f-19487cc7c140,fUSD,0.00015,120,1,-500.0,demand,2026-09-09T18:47:02.197518+00:00
b7c01971-182a-41de-942f-19487cc7c140,fUSD,0.00015,2,1,-10000.0,demand,2026-09-09T18:47:02.197518+00:00
b7c01971-182a-41de-942f-19487cc7c140,fUSD,0.00015,5,10,-200000.0,demand,2026-09-09T18:47:02.197518+00:00
b7c01971-182a-41de-942f-19487cc7c140,fUSD,0.000145,7,1,-190.0,demand,2026-09-09T18:47:02.197518+00:00
b7c01971-182a-41de-942f-19487cc7c140,fUSD,0.00014252,120,1,-10770.76644364,demand,2026-09-09T18:47:02.197518+00:00
b7c01971-182a-41de-942f-19487cc7c140,fUSD,0.0001403,90,1,-20000.0,demand,2026-09-09T18:47:02.197518+00:00
b7c01971-182a-41de-942f-19487cc7c140,fUSD,0.00014000000000000001,7,1,-2800.0,demand,2026-09-09T18:47:02.197518+00:00
b7c01971-182a-41de-942f-19487cc7c140,fUSD,0.00013299999999999998,20,1,-5000.0,demand,2026-09-09T18:47:02.197518+00:00
b7c01971-182a-41de-942f-19487cc7c140,fUSD,0.000132,7,1,-10000.0,demand,2026-09-09T18:47:02.197518+00:00
b7c01971-182a-41de-942f-19487cc7c140,fUSD,0.000131,13,1,-7000.0,demand,2026-09-09T18:47:02.197518+00:00
b7c01971-182a-41de-942f-19487cc7c140,fUSD,0.0001300002,2,1,-553463.76606608,demand,2026-09-09T18:47:02.197518+00:00
b7c01971-182a-41de-942f-19487cc7c140,fUSD,0.00013,2,2,-1883922.93919712,demand,2026-09-09T18:47:02.197518+00:00
b7c01971-182a-41de-942f-19487cc7c140,fUSD,0.00012757,120,1,-100000.0,demand,2026-09-09T18:47:02.197518+00:00
b7c01971-182a-41de-942f-19487cc7c140,fUSD,0.00013989225,2,1,218.49014958,offer,2026-09-09T18:47:02.197518+00:00
b7c01971-182a-41de-942f-19487cc7c140,fUSD,0.000139897,2,1,352.08,offer,2026-09-09T18:47:02.197518+00:00
b7c01971-182a-41de-942f-19487cc7c140,fUSD,0.0001418778,2,1,215.03,offer,2026-09-09T18:47:02.197518+00:00
b7c01971-182a-41de-942f-19487cc7c140,fUSD,0.0001424785,2,1,200.0,offer,2026-09-09T18:47:02.197518+00:00
b7c01971-182a-41de-942f-19487cc7c140,fUSD,0.00014279,2,1,174.0,offer,2026-09-09T18:47:02.197518+00:00
b7c01971-182a-41de-942f-19487cc7c140,fUSD,0.0001429841,2,1,150.0,offer,2026-09-09T18:47:02.197518+00:00
b7c01971-182a-41de-942f-19487cc7c140,fUSD,0.000143592,2,1,730.11,offer,2026-09-09T18:47:02.197518+00:00
b7c01971-182a-41de-942f-19487cc7c140,fUSD,0.00014724,2,6,2333.43706608,offer,2026-09-09T18:47:02.197518+00:00
b7c01971-182a-41de-942f-19487cc7c140,fUSD,0.00014724931506849314,2,2,301.15477297,offer,2026-09-09T18:47:02.197518+00:00
b7c01971-182a-41de-942f-19487cc7c140,fUSD,0.00014725,2,57,29762.77428782,offer,2026-09-09T18:47:02.197518+00:00
b7c01971-182a-41de-942f-19487cc7c140,fUSD,0.00014726,2,19,7906.40030681,offer,2026-09-09T18:47:02.197518+00:00
b7c01971-182a-41de-942f-19487cc7c140,fUSD,0.000147696,2,2,1220.18,offer,2026-09-09T18:47:02.197518+00:00
b7c01971-182a-41de-942f-19487cc7c140,fUSD,0.00014899,2,2,6149.36539088,offer,2026-09-09T18:47:02.197518+00:00
b7c01971-182a-41de-942f-19487cc7c140,fUSD,0.000149,2,2,749.03306734,offer,2026-09-09T18:47:02.197518+00:00
b7c01971-182a-41de-942f-19487cc7c140,fUSD,0.00014984999999999998,2,1,250.0,offer,2026-09-09T18:47:02.197518+00:00
b7c01971-182a-41de-942f-19487cc7c140,fUSD,0.0001498890410958904,2,1,9758.85017501,offer,2026-09-09T18:47:02.197518+00:00
b7c01971-182a-41de-942f-19487cc7c140,fUSD,0.0001499,2,1,584.88377268,offer,2026-09-09T18:47:02.197518+00:00
b7c01971-182a-41de-942f-19487cc7c140,fUSD,0.00014997,2,1,151.0,offer,2026-09-09T18:47:02.197518+00:00
b7c01971-182a-41de-942f-19487cc7c140,fUSD,0.00014998,2,6,3000.0,offer,2026-09-09T18:47:02.197518+00:00
b7c01971-182a-41de-942f-19487cc7c140,fUSD,0.00014998904109589042,2,1,209.966,offer,2026-09-09T18:47:02.197518+00:00
b7c01971-182a-41de-942f-19487cc7c140,fUSD,0.00014999,2,86,324203.05048506,offer,2026-09-09T18:47:02.197518+00:00
b7c01971-182a-41de-942f-19487cc7c140,fUSD,0.00015,2,25,1797991.36069961,offer,2026-09-09T18:47:02.197518+00:00
b7c01971-182a-41de-942f-19487cc7c140,fUSD,0.00015299999999999998,3,1,519.13334277,offer,2026-09-09T18:47:02.197518+00:00
b7c01971-182a-41de-942f-19487cc7c140,fUSD,0.00015305,2,1,216.72501697,offer,2026-09-09T18:47:02.197518+00:00
b7c01971-182a-41de-942f-19487cc7c140,fUSD,0.0001530544,2,1,352.08,offer,2026-09-09T18:47:02.197518+00:00
3e3b91a8-5678-43fb-ae68-74450bc6c906,fUSD,0.000273972602739726,120,1,-7479782.83745135,demand,2026-09-09T19:47:00.934377+00:00
3e3b91a8-5678-43fb-ae68-74450bc6c906,fUSD,0.00022,30,1,-30100.0,demand,2026-09-09T19:47:00.934377+00:00
3e3b91a8-5678-43fb-ae68-74450bc6c906,fUSD,0.00021,30,1,-30000.0,demand,2026-09-09T19:47:00.934377+00:00
3e3b91a8-5678-43fb-ae68-74450bc6c906,fUSD,0.000209,30,1,-6289.12258117,demand,2026-09-09T19:47:00.934377+00:00
3e3b91a8-5678-43fb-ae68-74450bc6c906,fUSD,0.0002,7,1,-150.0,demand,2026-09-09T19:47:00.934377+00:00
3e3b91a8-5678-43fb-ae68-74450bc6c906,fUSD,0.0001712,120,1,-20000.0,demand,2026-09-09T19:47:00.934377+00:00
3e3b91a8-5678-43fb-ae68-74450bc6c906,fUSD,0.00017111,120,1,-2000000.0,demand,2026-09-09T19:47:00.934377+00:00
3e3b91a8-5678-43fb-ae68-74450bc6c906,fUSD,0.000161,120,1,-100000.0,demand,2026-09-09T19:47:00.934377+00:00
3e3b91a8-5678-43fb-ae68-74450bc6c906,fUSD,0.00016,120,2,-10009162.66122322,demand,2026-09-09T19:47:00.934377+00:00
3e3b91a8-5678-43fb-ae68-74450bc6c906,fUSD,0.000152,45,2,-3000.0,demand,2026-09-09T19:47:00.934377+00:00
3e3b91a8-5678-43fb-ae68-74450bc6c906,fUSD,0.0001511,120,1,-20000.0,demand,2026-09-09T19:47:00.934377+00:00
3e3b91a8-5678-43fb-ae68-74450bc6c906,fUSD,0.0001503,90,1,-20000.0,demand,2026-09-09T19:47:00.934377+00:00
3e3b91a8-5678-43fb-ae68-74450bc6c906,fUSD,0.00015,120,1,-500.0,demand,2026-09-09T19:47:00.934377+00:00
3e3b91a8-5678-43fb-ae68-74450bc6c906,fUSD,0.00015,2,1,-10000.0,demand,2026-09-09T19:47:00.934377+00:00
3e3b91a8-5678-43fb-ae68-74450bc6c906,fUSD,0.00015,5,10,-194412.09595955,demand,2026-09-09T19:47:00.934377+00:00
3e3b91a8-5678-43fb-ae68-74450bc6c906,fUSD,0.000145,7,1,-190.0,demand,2026-09-09T19:47:00.934377+00:00
3e3b91a8-5678-43fb-ae68-74450bc6c906,fUSD,0.00014252,120,1,-10770.76644364,demand,2026-09-09T19:47:00.934377+00:00
3e3b91a8-5678-43fb-ae68-74450bc6c906,fUSD,0.0001403,90,1,-20000.0,demand,2026-09-09T19:47:00.934377+00:00
3e3b91a8-5678-43fb-ae68-74450bc6c906,fUSD,0.00014000000000000001,7,1,-2800.0,demand,2026-09-09T19:47:00.934377+00:00
3e3b91a8-5678-43fb-ae68-74450bc6c906,fUSD,0.00013299999999999998,20,1,-5000.0,demand,2026-09-09T19:47:00.934377+00:00
3e3b91a8-5678-43fb-ae68-74450bc6c906,fUSD,0.000132,7,1,-10000.0,demand,2026-09-09T19:47:00.934377+00:00
3e3b91a8-5678-43fb-ae68-74450bc6c906,fUSD,0.000131,13,1,-7000.0,demand,2026-09-09T19:47:00.934377+00:00
3e3b91a8-5678-43fb-ae68-74450bc6c906,fUSD,0.0001300002,2,1,-553463.76606608,demand,2026-09-09T19:47:00.934377+00:00
3e3b91a8-5678-43fb-ae68-74450bc6c906,fUSD,0.00013,2,2,-1883922.93919712,demand,2026-09-09T19:47:00.934377+00:00
3e3b91a8-5678-43fb-ae68-74450bc6c906,fUSD,0.00012757,120,1,-100000.0,demand,2026-09-09T19:47:00.934377+00:00
3e3b91a8-5678-43fb-ae68-74450bc6c906,fUSD,0.000135503,2,1,175.39,offer,2026-09-09T19:47:00.934377+00:00
3e3b91a8-5678-43fb-ae68-74450bc6c906,fUSD,0.00013557255,2,1,382.781994,offer,2026-09-09T19:47:00.934377+00:00
3e3b91a8-5678-43fb-ae68-74450bc6c906,fUSD,0.0001356421,2,1,150.0,offer,2026-09-09T19:47:00.934377+00:00
3e3b91a8-5678-43fb-ae68-74450bc6c906,fUSD,0.00013570225,2,2,536.75,offer,2026-09-09T19:47:00.934377+00:00
3e3b91a8-5678-43fb-ae68-74450bc6c906,fUSD,0.0001357803,2,1,150.0,offer,2026-09-09T19:47:00.934377+00:00
3e3b91a8-5678-43fb-ae68-74450bc6c906,fUSD,0.00013611958,2,1,250.0,offer,2026-09-09T19:47:00.934377+00:00
3e3b91a8-5678-43fb-ae68-74450bc6c906,fUSD,0.0001362908,2,1,164.45,offer,2026-09-09T19:47:00.934377+00:00
3e3b91a8-5678-43fb-ae68-74450bc6c906,fUSD,0.0001363,2,1,150.0,offer,2026-09-09T19:47:00.934377+00:00
3e3b91a8-5678-43fb-ae68-74450bc6c906,fUSD,0.0001366026,2,1,1162.98,offer,2026-09-09T19:47:00.934377+00:00
3e3b91a8-5678-43fb-ae68-74450bc6c906,fUSD,0.000136986301369863,2,1,185.24,offer,2026-09-09T19:47:00.934377+00:00
3e3b91a8-5678-43fb-ae68-74450bc6c906,fUSD,0.00013713,2,1,150.0,offer,2026-09-09T19:47:00.934377+00:00
3e3b91a8-5678-43fb-ae68-74450bc6c906,fUSD,0.00013849,2,1,150.0,offer,2026-09-09T19:47:00.934377+00:00
3e3b91a8-5678-43fb-ae68-74450bc6c906,fUSD,0.00013902600000000002,2,1,192.67383719,offer,2026-09-09T19:47:00.934377+00:00
3e3b91a8-5678-43fb-ae68-74450bc6c906,fUSD,0.0001394893,2,1,150.0,offer,2026-09-09T19:47:00.934377+00:00
3e3b91a8-5678-43fb-ae68-74450bc6c906,fUSD,0.00013984,2,1,150.0,offer,2026-09-09T19:47:00.934377+00:00
3e3b91a8-5678-43fb-ae68-74450bc6c906,fUSD,0.0001399,2,1,1564.18840339,offer,2026-09-09T19:47:00.934377+00:00
3e3b91a8-5678-43fb-ae68-74450bc6c906,fUSD,0.0001400076684931507,2,2,996.94946748,offer,2026-09-09T19:47:00.934377+00:00
3e3b91a8-5678-43fb-ae68-74450bc6c906,fUSD,0.00014001766849315068,2,1,1162.98,offer,2026-09-09T19:47:00.934377+00:00
3e3b91a8-5678-43fb-ae68-74450bc6c906,fUSD,0.0001406227,2,1,162.26,offer,2026-09-09T19:47:00.934377+00:00
3e3b91a8-5678-43fb-ae68-74450bc6c906,fUSD,0.00014082,2,3,1735.50351964,offer,2026-09-09T19:47:00.934377+00:00
3e3b91a8-5678-43fb-ae68-74450bc6c906,fUSD,0.0001408397,2,1,200.0,offer,2026-09-09T19:47:00.934377+00:00
3e3b91a8-5678-43fb-ae68-74450bc6c906,fUSD,0.0001412,2,1,150.0,offer,2026-09-09T19:47:00.934377+00:00
3e3b91a8-5678-43fb-ae68-74450bc6c906,fUSD,0.0001414463,2,1,200.0,offer,2026-09-09T19:47:00.934377+00:00
3e3b91a8-5678-43fb-ae68-74450bc6c906,fUSD,0.00014155,2,2,1002.24,offer,2026-09-09T19:47:00.934377+00:00
3e3b91a8-5678-43fb-ae68-74450bc6c906,fUSD,0.00014256,2,1,150.0,offer,2026-09-09T19:47:00.934377+00:00
4991beeb-1c70-4e4e-a69a-9a6d4cc2b129,fUSD,0.000273972602739726,120,1,-7450271.49647259,demand,2026-09-09T20:47:00.989778+00:00
4991beeb-1c70-4e4e-a69a-9a6d4cc2b129,fUSD,0.00022,30,1,-30100.0,demand,2026-09-09T20:47:00.989778+00:00
4991beeb-1c70-4e4e-a69a-9a6d4cc2b129,fUSD,0.00021,30,1,-30000.0,demand,2026-09-09T20:47:00.989778+00:00
4991beeb-1c70-4e4e-a69a-9a6d4cc2b129,fUSD,0.000209,30,1,-6289.12258117,demand,2026-09-09T20:47:00.989778+00:00
4991beeb-1c70-4e4e-a69a-9a6d4cc2b129,fUSD,0.0002,7,1,-150.0,demand,2026-09-09T20:47:00.989778+00:00
4991beeb-1c70-4e4e-a69a-9a6d4cc2b129,fUSD,0.0001712,120,1,-20000.0,demand,2026-09-09T20:47:00.989778+00:00
4991beeb-1c70-4e4e-a69a-9a6d4cc2b129,fUSD,0.00017111,120,1,-2000000.0,demand,2026-09-09T20:47:00.989778+00:00
4991beeb-1c70-4e4e-a69a-9a6d4cc2b129,fUSD,0.000161,120,1,-100000.0,demand,2026-09-09T20:47:00.989778+00:00
4991beeb-1c70-4e4e-a69a-9a6d4cc2b129,fUSD,0.00016,120,2,-10009162.66122322,demand,2026-09-09T20:47:00.989778+00:00
4991beeb-1c70-4e4e-a69a-9a6d4cc2b129,fUSD,0.000152,45,2,-3000.0,demand,2026-09-09T20:47:00.989778+00:00
4991beeb-1c70-4e4e-a69a-9a6d4cc2b129,fUSD,0.0001511,120,1,-20000.0,demand,2026-09-09T20:47:00.989778+00:00
4991beeb-1c70-4e4e-a69a-9a6d4cc2b129,fUSD,0.0001503,90,1,-20000.0,demand,2026-09-09T20:47:00.989778+00:00
4991beeb-1c70-4e4e-a69a-9a6d4cc2b129,fUSD,0.00015,120,1,-500.0,demand,2026-09-09T20:47:00.989778+00:00
4991beeb-1c70-4e4e-a69a-9a6d4cc2b129,fUSD,0.00015,2,1,-10000.0,demand,2026-09-09T20:47:00.989778+00:00
4991beeb-1c70-4e4e-a69a-9a6d4cc2b129,fUSD,0.000145,7,1,-190.0,demand,2026-09-09T20:47:00.989778+00:00
4991beeb-1c70-4e4e-a69a-9a6d4cc2b129,fUSD,0.00014252,120,1,-10770.76644364,demand,2026-09-09T20:47:00.989778+00:00
4991beeb-1c70-4e4e-a69a-9a6d4cc2b129,fUSD,0.0001403,90,1,-20000.0,demand,2026-09-09T20:47:00.989778+00:00
4991beeb-1c70-4e4e-a69a-9a6d4cc2b129,fUSD,0.00014000000000000001,7,1,-2800.0,demand,2026-09-09T20:47:00.989778+00:00
4991beeb-1c70-4e4e-a69a-9a6d4cc2b129,fUSD,0.00013299999999999998,20,1,-5000.0,demand,2026-09-09T20:47:00.989778+00:00
4991beeb-1c70-4e4e-a69a-9a6d4cc2b129,fUSD,0.000132,7,1,-10000.0,demand,2026-09-09T20:47:00.989778+00:00
4991beeb-1c70-4e4e-a69a-9a6d4cc2b129,fUSD,0.000131,13,1,-7000.0,demand,2026-09-09T20:47:00.989778+00:00
4991beeb-1c70-4e4e-a69a-9a6d4cc2b129,fUSD,0.0001300002,2,1,-552552.85925112,demand,2026-09-09T20:47:00.989778+00:00
4991beeb-1c70-4e4e-a69a-9a6d4cc2b129,fUSD,0.00013,2,2,-1883922.93919712,demand,2026-09-09T20:47:00.989778+00:00
4991beeb-1c70-4e4e-a69a-9a6d4cc2b129,fUSD,0.00012757,120,1,-100000.0,demand,2026-09-09T20:47:00.989778+00:00
4991beeb-1c70-4e4e-a69a-9a6d4cc2b129,fUSD,0.00012287339428171726,2,1,-4718.52507741,demand,2026-09-09T20:47:00.989778+00:00
4991beeb-1c70-4e4e-a69a-9a6d4cc2b129,fUSD,0.000147,2,1,2351.4,offer,2026-09-09T20:47:00.989778+00:00
4991beeb-1c70-4e4e-a69a-9a6d4cc2b129,fUSD,0.00014712999999999998,2,1,323.56707465,offer,2026-09-09T20:47:00.989778+00:00
4991beeb-1c70-4e4e-a69a-9a6d4cc2b129,fUSD,0.00014726,30,1,204.28783559,offer,2026-09-09T20:47:00.989778+00:00
4991beeb-1c70-4e4e-a69a-9a6d4cc2b129,fUSD,0.00014899,2,1,519.61299251,offer,2026-09-09T20:47:00.989778+00:00
4991beeb-1c70-4e4e-a69a-9a6d4cc2b129,fUSD,0.000149,2,2,10891.61689032,offer,2026-09-09T20:47:00.989778+00:00
4991beeb-1c70-4e4e-a69a-9a6d4cc2b129,fUSD,0.00014931225,2,10,5234.26081319,offer,2026-09-09T20:47:00.989778+00:00
4991beeb-1c70-4e4e-a69a-9a6d4cc2b129,fUSD,0.00014996,2,2,482.79835883,offer,2026-09-09T20:47:00.989778+00:00
4991beeb-1c70-4e4e-a69a-9a6d4cc2b129,fUSD,0.00014998904109589045,2,2,1789.0,offer,2026-09-09T20:47:00.989778+00:00
4991beeb-1c70-4e4e-a69a-9a6d4cc2b129,fUSD,0.00014999,2,52,225806.40766144,offer,2026-09-09T20:47:00.989778+00:00
4991beeb-1c70-4e4e-a69a-9a6d4cc2b129,fUSD,0.00015,2,1,608210.60027943,offer,2026-09-09T20:47:00.989778+00:00
4991beeb-1c70-4e4e-a69a-9a6d4cc2b129,fUSD,0.00015,4,1,346.06188489,offer,2026-09-09T20:47:00.989778+00:00
4991beeb-1c70-4e4e-a69a-9a6d4cc2b129,fUSD,0.00015,5,1,290552.37864137,offer,2026-09-09T20:47:00.989778+00:00
4991beeb-1c70-4e4e-a69a-9a6d4cc2b129,fUSD,0.00015,3,2,1213.0,offer,2026-09-09T20:47:00.989778+00:00
4991beeb-1c70-4e4e-a69a-9a6d4cc2b129,fUSD,0.00015205225,2,1,151.0,offer,2026-09-09T20:47:00.989778+00:00
4991beeb-1c70-4e4e-a69a-9a6d4cc2b129,fUSD,0.0001521049,2,1,999.04,offer,2026-09-09T20:47:00.989778+00:00
4991beeb-1c70-4e4e-a69a-9a6d4cc2b129,fUSD,0.00015479224999999998,2,5,1059.99740046,offer,2026-09-09T20:47:00.989778+00:00
4991beeb-1c70-4e4e-a69a-9a6d4cc2b129,fUSD,0.0001560542,2,1,170.56,offer,2026-09-09T20:47:00.989778+00:00
4991beeb-1c70-4e4e-a69a-9a6d4cc2b129,fUSD,0.00015753225,2,1,151.0,offer,2026-09-09T20:47:00.989778+00:00
4991beeb-1c70-4e4e-a69a-9a6d4cc2b129,fUSD,0.000158,2,4,2049.59204213,offer,2026-09-09T20:47:00.989778+00:00
4991beeb-1c70-4e4e-a69a-9a6d4cc2b129,fUSD,0.00015878,2,1,1442.79205856,offer,2026-09-09T20:47:00.989778+00:00
4991beeb-1c70-4e4e-a69a-9a6d4cc2b129,fUSD,0.00015948954534861226,2,1,9096.01204656,offer,2026-09-09T20:47:00.989778+00:00
4991beeb-1c70-4e4e-a69a-9a6d4cc2b129,fUSD,0.0001601111,2,2,10891.61689022,offer,2026-09-09T20:47:00.989778+00:00
4991beeb-1c70-4e4e-a69a-9a6d4cc2b129,fUSD,0.00016027225,2,5,1059.99740046,offer,2026-09-09T20:47:00.989778+00:00
4991beeb-1c70-4e4e-a69a-9a6d4cc2b129,fUSD,0.0001605475,2,1,368.61,offer,2026-09-09T20:47:00.989778+00:00
4991beeb-1c70-4e4e-a69a-9a6d4cc2b129,fUSD,0.00016233333333333337,5,1,1585.0,offer,2026-09-09T20:47:00.989778+00:00
29d78ce8-3993-41d6-85c3-7d506040e01c,fUSD,0.000273972602739726,120,1,-7442794.37021229,demand,2026-09-09T21:47:00.942861+00:00
29d78ce8-3993-41d6-85c3-7d506040e01c,fUSD,0.00022,30,1,-30100.0,demand,2026-09-09T21:47:00.942861+00:00
29d78ce8-3993-41d6-85c3-7d506040e01c,fUSD,0.00021,30,1,-30000.0,demand,2026-09-09T21:47:00.942861+00:00
29d78ce8-3993-41d6-85c3-7d506040e01c,fUSD,0.000209,30,1,-6289.12258117,demand,2026-09-09T21:47:00.942861+00:00
29d78ce8-3993-41d6-85c3-7d506040e01c,fUSD,0.0002,7,1,-150.0,demand,2026-09-09T21:47:00.942861+00:00
29d78ce8-3993-41d6-85c3-7d506040e01c,fUSD,0.0001712,120,1,-20000.0,demand,2026-09-09T21:47:00.942861+00:00
29d78ce8-3993-41d6-85c3-7d506040e01c,fUSD,0.00017111,120,1,-2000000.0,demand,2026-09-09T21:47:00.942861+00:00
29d78ce8-3993-41d6-85c3-7d506040e01c,fUSD,0.00017,2,1,-150.0,demand,2026-09-09T21:47:00.942861+00:00
29d78ce8-3993-41d6-85c3-7d506040e01c,fUSD,0.000161,120,1,-100000.0,demand,2026-09-09T21:47:00.942861+00:00
29d78ce8-3993-41d6-85c3-7d506040e01c,fUSD,0.00016,120,2,-10009162.66122322,demand,2026-09-09T21:47:00.942861+00:00
29d78ce8-3993-41d6-85c3-7d506040e01c,fUSD,0.000152,45,2,-3000.0,demand,2026-09-09T21:47:00.942861+00:00
29d78ce8-3993-41d6-85c3-7d506040e01c,fUSD,0.0001511,120,1,-20000.0,demand,2026-09-09T21:47:00.942861+00:00
29d78ce8-3993-41d6-85c3-7d506040e01c,fUSD,0.0001503,90,1,-20000.0,demand,2026-09-09T21:47:00.942861+00:00
29d78ce8-3993-41d6-85c3-7d506040e01c,fUSD,0.00015,120,1,-500.0,demand,2026-09-09T21:47:00.942861+00:00
29d78ce8-3993-41d6-85c3-7d506040e01c,fUSD,0.00015,2,1,-10000.0,demand,2026-09-09T21:47:00.942861+00:00
29d78ce8-3993-41d6-85c3-7d506040e01c,fUSD,0.000145,7,1,-190.0,demand,2026-09-09T21:47:00.942861+00:00
29d78ce8-3993-41d6-85c3-7d506040e01c,fUSD,0.00014252,120,1,-10770.76644364,demand,2026-09-09T21:47:00.942861+00:00
29d78ce8-3993-41d6-85c3-7d506040e01c,fUSD,0.0001403,90,1,-20000.0,demand,2026-09-09T21:47:00.942861+00:00
29d78ce8-3993-41d6-85c3-7d506040e01c,fUSD,0.00014000000000000001,7,1,-2800.0,demand,2026-09-09T21:47:00.942861+00:00
29d78ce8-3993-41d6-85c3-7d506040e01c,fUSD,0.00013299999999999998,20,1,-5000.0,demand,2026-09-09T21:47:00.942861+00:00
29d78ce8-3993-41d6-85c3-7d506040e01c,fUSD,0.000132,7,1,-10000.0,demand,2026-09-09T21:47:00.942861+00:00
29d78ce8-3993-41d6-85c3-7d506040e01c,fUSD,0.000131,13,1,-7000.0,demand,2026-09-09T21:47:00.942861+00:00
29d78ce8-3993-41d6-85c3-7d506040e01c,fUSD,0.0001300002,2,1,-552242.95521067,demand,2026-09-09T21:47:00.942861+00:00
29d78ce8-3993-41d6-85c3-7d506040e01c,fUSD,0.00013,2,2,-1883922.93919712,demand,2026-09-09T21:47:00.942861+00:00
29d78ce8-3993-41d6-85c3-7d506040e01c,fUSD,0.00012757,120,1,-100000.0,demand,2026-09-09T21:47:00.942861+00:00
29d78ce8-3993-41d6-85c3-7d506040e01c,fUSD,0.0001396721,2,1,165.97,offer,2026-09-09T21:47:00.942861+00:00
29d78ce8-3993-41d6-85c3-7d506040e01c,fUSD,0.00013983605,2,1,358.63157228,offer,2026-09-09T21:47:00.942861+00:00
29d78ce8-3993-41d6-85c3-7d506040e01c,fUSD,0.00014,2,3,765.58406019,offer,2026-09-09T21:47:00.942861+00:00
29d78ce8-3993-41d6-85c3-7d506040e01c,fUSD,0.00014074999999999998,2,1,600.0,offer,2026-09-09T21:47:00.942861+00:00
29d78ce8-3993-41d6-85c3-7d506040e01c,fUSD,0.0001411223,2,1,165.32,offer,2026-09-09T21:47:00.942861+00:00
29d78ce8-3993-41d6-85c3-7d506040e01c,fUSD,0.00014263,2,1,463.54,offer,2026-09-09T21:47:00.942861+00:00
29d78ce8-3993-41d6-85c3-7d506040e01c,fUSD,0.00014291,2,1,615.86376127,offer,2026-09-09T21:47:00.942861+00:00
29d78ce8-3993-41d6-85c3-7d506040e01c,fUSD,0.00014391,2,1,150.0,offer,2026-09-09T21:47:00.942861+00:00
29d78ce8-3993-41d6-85c3-7d506040e01c,fUSD,0.000143921,2,17,8213.93244319,offer,2026-09-09T21:47:00.942861+00:00
29d78ce8-3993-41d6-85c3-7d506040e01c,fUSD,0.000143941,2,1,2866.48,offer,2026-09-09T21:47:00.942861+00:00
29d78ce8-3993-41d6-85c3-7d506040e01c,fUSD,0.0001454813,2,1,204.46,offer,2026-09-09T21:47:00.942861+00:00
29d78ce8-3993-41d6-85c3-7d506040e01c,fUSD,0.000145835,2,1,615.86376126,offer,2026-09-09T21:47:00.942861+00:00
29d78ce8-3993-41d6-85c3-7d506040e01c,fUSD,0.00014619575342465752,2,1,463.54,offer,2026-09-09T21:47:00.942861+00:00
29d78ce8-3993-41d6-85c3-7d506040e01c,fUSD,0.00014724,2,8,3532.35704395,offer,2026-09-09T21:47:00.942861+00:00
29d78ce8-3993-41d6-85c3-7d506040e01c,fUSD,0.00014725,2,59,23882.27550241,offer,2026-09-09T21:47:00.942861+00:00
29d78ce8-3993-41d6-85c3-7d506040e01c,fUSD,0.000147495,2,1,174.626,offer,2026-09-09T21:47:00.942861+00:00
29d78ce8-3993-41d6-85c3-7d506040e01c,fUSD,0.0001475,2,1,2265.839,offer,2026-09-09T21:47:00.942861+00:00
29d78ce8-3993-41d6-85c3-7d506040e01c,fUSD,0.00014798904109589045,2,1,1250.0,offer,2026-09-09T21:47:00.942861+00:00
29d78ce8-3993-41d6-85c3-7d506040e01c,fUSD,0.00014876,2,1,615.86376126,offer,2026-09-09T21:47:00.942861+00:00
29d78ce8-3993-41d6-85c3-7d506040e01c,fUSD,0.0001488,2,1,500.0,offer,2026-09-09T21:47:00.942861+00:00
29d78ce8-3993-41d6-85c3-7d506040e01c,fUSD,0.0001489890410958904,2,1,1250.0,offer,2026-09-09T21:47:00.942861+00:00
29d78ce8-3993-41d6-85c3-7d506040e01c,fUSD,0.00014899,2,1,9829.68674299,offer,2026-09-09T21:47:00.942861+00:00
29d78ce8-3993-41d6-85c3-7d506040e01c,fUSD,0.000149,2,1,1673.7187903,offer,2026-09-09T21:47:00.942861+00:00
29d78ce8-3993-41d6-85c3-7d506040e01c,fUSD,0.00014976150684931506,2,1,463.54,offer,2026-09-09T21:47:00.942861+00:00
29d78ce8-3993-41d6-85c3-7d506040e01c,fUSD,0.0001499,2,1,194.19,offer,2026-09-09T21:47:00.942861+00:00
57edd7e4-d51a-4fb3-bf59-6890d53a460b,fUSD,0.000273972602739726,120,1,-7436741.60665071,demand,2026-09-09T22:47:00.948305+00:00
57edd7e4-d51a-4fb3-bf59-6890d53a460b,fUSD,0.00022,30,1,-30100.0,demand,2026-09-09T22:47:00.948305+00:00
57edd7e4-d51a-4fb3-bf59-6890d53a460b,fUSD,0.00021,30,1,-30000.0,demand,2026-09-09T22:47:00.948305+00:00
57edd7e4-d51a-4fb3-bf59-6890d53a460b,fUSD,0.000209,30,1,-6289.12258117,demand,2026-09-09T22:47:00.948305+00:00
57edd7e4-d51a-4fb3-bf59-6890d53a460b,fUSD,0.0002,7,1,-150.0,demand,2026-09-09T22:47:00.948305+00:00
57edd7e4-d51a-4fb3-bf59-6890d53a460b,fUSD,0.0001712,120,1,-20000.0,demand,2026-09-09T22:47:00.948305+00:00
57edd7e4-d51a-4fb3-bf59-6890d53a460b,fUSD,0.00017111,120,1,-2000000.0,demand,2026-09-09T22:47:00.948305+00:00
57edd7e4-d51a-4fb3-bf59-6890d53a460b,fUSD,0.000161,120,1,-100000.0,demand,2026-09-09T22:47:00.948305+00:00
57edd7e4-d51a-4fb3-bf59-6890d53a460b,fUSD,0.00016,120,2,-10009162.66122322,demand,2026-09-09T22:47:00.948305+00:00
57edd7e4-d51a-4fb3-bf59-6890d53a460b,fUSD,0.000152,45,2,-3000.0,demand,2026-09-09T22:47:00.948305+00:00
57edd7e4-d51a-4fb3-bf59-6890d53a460b,fUSD,0.0001511,120,1,-20000.0,demand,2026-09-09T22:47:00.948305+00:00
57edd7e4-d51a-4fb3-bf59-6890d53a460b,fUSD,0.0001503,90,1,-20000.0,demand,2026-09-09T22:47:00.948305+00:00
57edd7e4-d51a-4fb3-bf59-6890d53a460b,fUSD,0.00015,120,1,-500.0,demand,2026-09-09T22:47:00.948305+00:00
57edd7e4-d51a-4fb3-bf59-6890d53a460b,fUSD,0.00015,2,1,-10000.0,demand,2026-09-09T22:47:00.948305+00:00
57edd7e4-d51a-4fb3-bf59-6890d53a460b,fUSD,0.000145,7,1,-190.0,demand,2026-09-09T22:47:00.948305+00:00
57edd7e4-d51a-4fb3-bf59-6890d53a460b,fUSD,0.00014252,120,1,-10770.76644364,demand,2026-09-09T22:47:00.948305+00:00
57edd7e4-d51a-4fb3-bf59-6890d53a460b,fUSD,0.0001403,90,1,-20000.0,demand,2026-09-09T22:47:00.948305+00:00
57edd7e4-d51a-4fb3-bf59-6890d53a460b,fUSD,0.00014000000000000001,7,1,-2800.0,demand,2026-09-09T22:47:00.948305+00:00
57edd7e4-d51a-4fb3-bf59-6890d53a460b,fUSD,0.00013299999999999998,20,1,-5000.0,demand,2026-09-09T22:47:00.948305+00:00
57edd7e4-d51a-4fb3-bf59-6890d53a460b,fUSD,0.000132,7,1,-10000.0,demand,2026-09-09T22:47:00.948305+00:00
57edd7e4-d51a-4fb3-bf59-6890d53a460b,fUSD,0.000131,13,1,-7000.0,demand,2026-09-09T22:47:00.948305+00:00
57edd7e4-d51a-4fb3-bf59-6890d53a460b,fUSD,0.0001300002,2,1,-525644.45621067,demand,2026-09-09T22:47:00.948305+00:00
57edd7e4-d51a-4fb3-bf59-6890d53a460b,fUSD,0.00013,2,2,-1883922.93919712,demand,2026-09-09T22:47:00.948305+00:00
57edd7e4-d51a-4fb3-bf59-6890d53a460b,fUSD,0.00012757,120,1,-100000.0,demand,2026-09-09T22:47:00.948305+00:00
57edd7e4-d51a-4fb3-bf59-6890d53a460b,fUSD,0.0001228741271725014,2,1,-4718.52507741,demand,2026-09-09T22:47:00.948305+00:00
57edd7e4-d51a-4fb3-bf59-6890d53a460b,fUSD,0.00015,2,8,1442683.04826809,offer,2026-09-09T22:47:00.948305+00:00
57edd7e4-d51a-4fb3-bf59-6890d53a460b,fUSD,0.00015,5,1,249261.02787474,offer,2026-09-09T22:47:00.948305+00:00
57edd7e4-d51a-4fb3-bf59-6890d53a460b,fUSD,0.00015002,2,3,10472.3011729,offer,2026-09-09T22:47:00.948305+00:00
57edd7e4-d51a-4fb3-bf59-6890d53a460b,fUSD,0.0001501336,2,1,305.59,offer,2026-09-09T22:47:00.948305+00:00
57edd7e4-d51a-4fb3-bf59-6890d53a460b,fUSD,0.0001503294,2,1,397.64,offer,2026-09-09T22:47:00.948305+00:00
57edd7e4-d51a-4fb3-bf59-6890d53a460b,fUSD,0.0001510352,2,1,397.64,offer,2026-09-09T22:47:00.948305+00:00
57edd7e4-d51a-4fb3-bf59-6890d53a460b,fUSD,0.00015134,2,2,2393.0943947,offer,2026-09-09T22:47:00.948305+00:00
57edd7e4-d51a-4fb3-bf59-6890d53a460b,fUSD,0.00015145,2,1,26641.4942798,offer,2026-09-09T22:47:00.948305+00:00
57edd7e4-d51a-4fb3-bf59-6890d53a460b,fUSD,0.0001516261,2,1,397.64,offer,2026-09-09T22:47:00.948305+00:00
57edd7e4-d51a-4fb3-bf59-6890d53a460b,fUSD,0.0001519003,2,1,305.59,offer,2026-09-09T22:47:00.948305+00:00
57edd7e4-d51a-4fb3-bf59-6890d53a460b,fUSD,0.0001521391,2,1,397.64,offer,2026-09-09T22:47:00.948305+00:00
57edd7e4-d51a-4fb3-bf59-6890d53a460b,fUSD,0.0001525954,2,1,397.64,offer,2026-09-09T22:47:00.948305+00:00
57edd7e4-d51a-4fb3-bf59-6890d53a460b,fUSD,0.00015299999999999998,3,1,951.05346921,offer,2026-09-09T22:47:00.948305+00:00
57edd7e4-d51a-4fb3-bf59-6890d53a460b,fUSD,0.000153008,2,1,397.64,offer,2026-09-09T22:47:00.948305+00:00
57edd7e4-d51a-4fb3-bf59-6890d53a460b,fUSD,0.0001531174,2,1,305.59,offer,2026-09-09T22:47:00.948305+00:00
57edd7e4-d51a-4fb3-bf59-6890d53a460b,fUSD,0.0001531541,2,1,172.95,offer,2026-09-09T22:47:00.948305+00:00
57edd7e4-d51a-4fb3-bf59-6890d53a460b,fUSD,0.0001533859,2,1,397.64,offer,2026-09-09T22:47:00.948305+00:00
57edd7e4-d51a-4fb3-bf59-6890d53a460b,fUSD,0.0001537355,2,1,397.64,offer,2026-09-09T22:47:00.948305+00:00
57edd7e4-d51a-4fb3-bf59-6890d53a460b,fUSD,0.0001539596,2,1,176.25,offer,2026-09-09T22:47:00.948305+00:00
57edd7e4-d51a-4fb3-bf59-6890d53a460b,fUSD,0.00015396,2,1,222.06032322,offer,2026-09-09T22:47:00.948305+00:00
57edd7e4-d51a-4fb3-bf59-6890d53a460b,fUSD,0.0001540614,2,1,397.64,offer,2026-09-09T22:47:00.948305+00:00
57edd7e4-d51a-4fb3-bf59-6890d53a460b,fUSD,0.0001540753,2,1,305.59,offer,2026-09-09T22:47:00.948305+00:00
57edd7e4-d51a-4fb3-bf59-6890d53a460b,fUSD,0.0001543672,2,1,397.64,offer,2026-09-09T22:47:00.948305+00:00
57edd7e4-d51a-4fb3-bf59-6890d53a460b,fUSD,0.0001546556,2,1,397.64,offer,2026-09-09T22:47:00.948305+00:00
57edd7e4-d51a-4fb3-bf59-6890d53a460b,fUSD,0.0001548774,2,1,305.59,offer,2026-09-09T22:47:00.948305+00:00
a35cf772-7046-443c-a951-a935f039bb6a,fUSD,0.000273972602739726,120,1,-7417959.52504301,demand,2026-09-09T23:47:00.981434+00:00
a35cf772-7046-443c-a951-a935f039bb6a,fUSD,0.00022,30,1,-30100.0,demand,2026-09-09T23:47:00.981434+00:00
a35cf772-7046-443c-a951-a935f039bb6a,fUSD,0.00021,30,1,-30000.0,demand,2026-09-09T23:47:00.981434+00:00
a35cf772-7046-443c-a951-a935f039bb6a,fUSD,0.000209,30,1,-6289.12258117,demand,2026-09-09T23:47:00.981434+00:00
a35cf772-7046-443c-a951-a935f039bb6a,fUSD,0.0002,7,1,-150.0,demand,2026-09-09T23:47:00.981434+00:00
a35cf772-7046-443c-a951-a935f039bb6a,fUSD,0.0001712,120,1,-20000.0,demand,2026-09-09T23:47:00.981434+00:00
a35cf772-7046-443c-a951-a935f039bb6a,fUSD,0.00017111,120,1,-2000000.0,demand,2026-09-09T23:47:00.981434+00:00
a35cf772-7046-443c-a951-a935f039bb6a,fUSD,0.000161,120,1,-100000.0,demand,2026-09-09T23:47:00.981434+00:00
a35cf772-7046-443c-a951-a935f039bb6a,fUSD,0.00016,120,2,-10009162.66122322,demand,2026-09-09T23:47:00.981434+00:00
a35cf772-7046-443c-a951-a935f039bb6a,fUSD,0.000152,45,2,-3000.0,demand,2026-09-09T23:47:00.981434+00:00
a35cf772-7046-443c-a951-a935f039bb6a,fUSD,0.0001511,120,1,-20000.0,demand,2026-09-09T23:47:00.981434+00:00
a35cf772-7046-443c-a951-a935f039bb6a,fUSD,0.0001503,90,1,-20000.0,demand,2026-09-09T23:47:00.981434+00:00
a35cf772-7046-443c-a951-a935f039bb6a,fUSD,0.00015,120,1,-500.0,demand,2026-09-09T23:47:00.981434+00:00
a35cf772-7046-443c-a951-a935f039bb6a,fUSD,0.00015,2,1,-10000.0,demand,2026-09-09T23:47:00.981434+00:00
a35cf772-7046-443c-a951-a935f039bb6a,fUSD,0.000145,7,1,-190.0,demand,2026-09-09T23:47:00.981434+00:00
a35cf772-7046-443c-a951-a935f039bb6a,fUSD,0.00014252,120,1,-10770.76644364,demand,2026-09-09T23:47:00.981434+00:00
a35cf772-7046-443c-a951-a935f039bb6a,fUSD,0.0001403,90,1,-20000.0,demand,2026-09-09T23:47:00.981434+00:00
a35cf772-7046-443c-a951-a935f039bb6a,fUSD,0.00014000000000000001,7,1,-2800.0,demand,2026-09-09T23:47:00.981434+00:00
a35cf772-7046-443c-a951-a935f039bb6a,fUSD,0.00013299999999999998,20,1,-5000.0,demand,2026-09-09T23:47:00.981434+00:00
a35cf772-7046-443c-a951-a935f039bb6a,fUSD,0.000132,7,1,-10000.0,demand,2026-09-09T23:47:00.981434+00:00
a35cf772-7046-443c-a951-a935f039bb6a,fUSD,0.000131,13,1,-7000.0,demand,2026-09-09T23:47:00.981434+00:00
a35cf772-7046-443c-a951-a935f039bb6a,fUSD,0.0001300002,2,1,-518258.82007132,demand,2026-09-09T23:47:00.981434+00:00
a35cf772-7046-443c-a951-a935f039bb6a,fUSD,0.00013,2,2,-1883922.93919712,demand,2026-09-09T23:47:00.981434+00:00
a35cf772-7046-443c-a951-a935f039bb6a,fUSD,0.00012757,120,1,-100000.0,demand,2026-09-09T23:47:00.981434+00:00
a35cf772-7046-443c-a951-a935f039bb6a,fUSD,0.0001228741271725014,2,1,-4718.52507741,demand,2026-09-09T23:47:00.981434+00:00
a35cf772-7046-443c-a951-a935f039bb6a,fUSD,0.0001458568,2,20,368390.26342511,offer,2026-09-09T23:47:00.981434+00:00
a35cf772-7046-443c-a951-a935f039bb6a,fUSD,0.00014731380821917807,2,1,600.0,offer,2026-09-09T23:47:00.981434+00:00
a35cf772-7046-443c-a951-a935f039bb6a,fUSD,0.0001489890410958904,2,1,870.44284429,offer,2026-09-09T23:47:00.981434+00:00
a35cf772-7046-443c-a951-a935f039bb6a,fUSD,0.00014899,2,1,8687.81732922,offer,2026-09-09T23:47:00.981434+00:00
a35cf772-7046-443c-a951-a935f039bb6a,fUSD,0.000149,2,1,312.29196768,offer,2026-09-09T23:47:00.981434+00:00
a35cf772-7046-443c-a951-a935f039bb6a,fUSD,0.0001496594,2,1,200.0,offer,2026-09-09T23:47:00.981434+00:00
a35cf772-7046-443c-a951-a935f039bb6a,fUSD,0.0001499,2,1,291.86979638,offer,2026-09-09T23:47:00.981434+00:00
a35cf772-7046-443c-a951-a935f039bb6a,fUSD,0.00014998,2,6,4915.20363782,offer,2026-09-09T23:47:00.981434+00:00
a35cf772-7046-443c-a951-a935f039bb6a,fUSD,0.00014999,2,41,87506.77333367,offer,2026-09-09T23:47:00.981434+00:00
a35cf772-7046-443c-a951-a935f039bb6a,fUSD,0.00014999001,2,2,966.0,offer,2026-09-09T23:47:00.981434+00:00
a35cf772-7046-443c-a951-a935f039bb6a,fUSD,0.00015,2,23,2243156.10518431,offer,2026-09-09T23:47:00.981434+00:00
a35cf772-7046-443c-a951-a935f039bb6a,fUSD,0.00015,5,1,18103.33692245,offer,2026-09-09T23:47:00.981434+00:00
a35cf772-7046-443c-a951-a935f039bb6a,fUSD,0.00015,3,2,1013.0,offer,2026-09-09T23:47:00.981434+00:00
a35cf772-7046-443c-a951-a935f039bb6a,fUSD,0.00015014,2,1,4216.8129626,offer,2026-09-09T23:47:00.981434+00:00
a35cf772-7046-443c-a951-a935f039bb6a,fUSD,0.00015025,2,1,238.2573284,offer,2026-09-09T23:47:00.981434+00:00
a35cf772-7046-443c-a951-a935f039bb6a,fUSD,0.00015036,2,1,736.44138335,offer,2026-09-09T23:47:00.981434+00:00
a35cf772-7046-443c-a951-a935f039bb6a,fUSD,0.00015136,2,1,1503.6247131,offer,2026-09-09T23:47:00.981434+00:00
a35cf772-7046-443c-a951-a935f039bb6a,fUSD,0.00015147,2,1,2098.1334908,offer,2026-09-09T23:47:00.981434+00:00
a35cf772-7046-443c-a951-a935f039bb6a,fUSD,0.00015299999999999998,3,1,496.41452391,offer,2026-09-09T23:47:00.981434+00:00
a35cf772-7046-443c-a951-a935f039bb6a,fUSD,0.00015606,3,1,496.41452391,offer,2026-09-09T23:47:00.981434+00:00
a35cf772-7046-443c-a951-a935f039bb6a,fUSD,0.00015631165899070924,2,1,195.3,offer,2026-09-09T23:47:00.981434+00:00
a35cf772-7046-443c-a951-a935f039bb6a,fUSD,0.0001591812,4,1,496.41452391,offer,2026-09-09T23:47:00.981434+00:00
a35cf772-7046-443c-a951-a935f039bb6a,fUSD,0.00015999,2,2,891.26,offer,2026-09-09T23:47:00.981434+00:00
a35cf772-7046-443c-a951-a935f039bb6a,fUSD,0.00016,2,1,113735.16245665,offer,2026-09-09T23:47:00.981434+00:00
a35cf772-7046-443c-a951-a935f039bb6a,fUSD,0.00016102628082191782,2,1,244.16,offer,2026-09-09T23:47:00.981434+00:00
