run_id,market,rate,period,count,amount,side,fetched_at
b8b706bc-11a5-43f1-8ac3-18f3170caa22,fUSD,0.000273972602739726,120,1,-7618559.91865144,demand,2026-09-05T00:47:00.857216+00:00
b8b706bc-11a5-43f1-8ac3-18f3170caa22,fUSD,0.00022,30,1,-30100.0,demand,2026-09-05T00:47:00.857216+00:00
b8b706bc-11a5-43f1-8ac3-18f3170caa22,fUSD,0.00021,30,1,-30000.0,demand,2026-09-05T00:47:00.857216+00:00
b8b706bc-11a5-43f1-8ac3-18f3170caa22,fUSD,0.000209,30,1,-6289.12258117,demand,2026-09-05T00:47:00.857216+00:00
b8b706bc-11a5-43f1-8ac3-18f3170caa22,fUSD,0.0002,7,1,-150.0,demand,2026-09-05T00:47:00.857216+00:00
b8b706bc-11a5-43f1-8ac3-18f3170caa22,fUSD,0.00018010999999999998,120,1,-133240.73391109,demand,2026-09-05T00:47:00.857216+00:00
b8b706bc-11a5-43f1-8ac3-18f3170caa22,fUSD,0.0001777,120,1,-23123.30278361,demand,2026-09-05T00:47:00.857216+00:00
b8b706bc-11a5-43f1-8ac3-18f3170caa22,fUSD,0.000174,120,1,-12350.0,demand,2026-09-05T00:47:00.857216+00:00
b8b706bc-11a5-43f1-8ac3-18f3170caa22,fUSD,0.0001713,120,1,-20000.0,demand,2026-09-05T00:47:00.857216+00:00
b8b706bc-11a5-43f1-8ac3-18f3170caa22,fUSD,0.0001712,120,1,-20000.0,demand,2026-09-05T00:47:00.857216+00:00
b8b706bc-11a5-43f1-8ac3-18f3170caa22,fUSD,0.00017111,120,1,-2000000.0,demand,2026-09-05T00:47:00.857216+00:00
b8b706bc-11a5-43f1-8ac3-18f3170caa22,fUSD,0.0001703,90,1,-19792.0,demand,2026-09-05T00:47:00.857216+00:00
b8b706bc-11a5-43f1-8ac3-18f3170caa22,fUSD,0.00017,120,1,-150.0,demand,2026-09-05T00:47:00.857216+00:00
b8b706bc-11a5-43f1-8ac3-18f3170caa22,fUSD,0.0001603,60,1,-18000.0,demand,2026-09-05T00:47:00.857216+00:00
b8b706bc-11a5-43f1-8ac3-18f3170caa22,fUSD,0.00016,120,2,-10009162.66122322,demand,2026-09-05T00:47:00.857216+00:00
b8b706bc-11a5-43f1-8ac3-18f3170caa22,fUSD,0.000152,30,3,-2831.19,demand,2026-09-05T00:47:00.857216+00:00
b8b706bc-11a5-43f1-8ac3-18f3170caa22,fUSD,0.0001511,4,1,-3228.17176961,demand,2026-09-05T00:47:00.857216+00:00
b8b706bc-11a5-43f1-8ac3-18f3170caa22,fUSD,0.000151,120,1,-10000.0,demand,2026-09-05T00:47:00.857216+00:00
b8b706bc-11a5-43f1-8ac3-18f3170caa22,fUSD,0.0001503,30,1,-20000.0,demand,2026-09-05T00:47:00.857216+00:00
b8b706bc-11a5-43f1-8ac3-18f3170caa22,fUSD,0.00015001,5,13,-130000.0,demand,2026-09-05T00:47:00.857216+00:00
b8b706bc-11a5-43f1-8ac3-18f3170caa22,fUSD,0.00015,29,1,-91128.42113844,demand,2026-09-05T00:47:00.857216+00:00
b8b706bc-11a5-43f1-8ac3-18f3170caa22,fUSD,0.00015,120,1,-500.0,demand,2026-09-05T00:47:00.857216+00:00
b8b706bc-11a5-43f1-8ac3-18f3170caa22,fUSD,0.00015,2,1,-10000.0,demand,2026-09-05T00:47:00.857216+00:00
b8b706bc-11a5-43f1-8ac3-18f3170caa22,fUSD,0.00015,30,1,-3800.0,demand,2026-09-05T00:47:00.857216+00:00
b8b706bc-11a5-43f1-8ac3-18f3170caa22,fUSD,0.000149,2,2,-2648530.20270462,demand,2026-09-05T00:47:00.857216+00:00
b8b706bc-11a5-43f1-8ac3-18f3170caa22,fUSD,0.00014998,2,7,1898.04928264,offer,2026-09-05T00:47:00.857216+00:00
b8b706bc-11a5-43f1-8ac3-18f3170caa22,fUSD,0.00014998062500000002,2,1,741.73543383,offer,2026-09-05T00:47:00.857216+00:00
b8b706bc-11a5-43f1-8ac3-18f3170caa22,fUSD,0.00014998125000000002,2,1,300.0,offer,2026-09-05T00:47:00.857216+00:00
b8b706bc-11a5-43f1-8ac3-18f3170caa22,fUSD,0.0001499825,2,2,900.0,offer,2026-09-05T00:47:00.857216+00:00
b8b706bc-11a5-43f1-8ac3-18f3170caa22,fUSD,0.000149985,2,1,250.0,offer,2026-09-05T00:47:00.857216+00:00
b8b706bc-11a5-43f1-8ac3-18f3170caa22,fUSD,0.00014998749999999998,2,1,344.295077,offer,2026-09-05T00:47:00.857216+00:00
b8b706bc-11a5-43f1-8ac3-18f3170caa22,fUSD,0.00014999,2,13,106706.94317705,offer,2026-09-05T00:47:00.857216+00:00
b8b706bc-11a5-43f1-8ac3-18f3170caa22,fUSD,0.00015,2,38,504830.95425837,offer,2026-09-05T00:47:00.857216+00:00
b8b706bc-11a5-43f1-8ac3-18f3170caa22,fUSD,0.00015006,2,8,21947.5963903,offer,2026-09-05T00:47:00.857216+00:00
b8b706bc-11a5-43f1-8ac3-18f3170caa22,fUSD,0.00015006027397260275,2,1,500.0,offer,2026-09-05T00:47:00.857216+00:00
b8b706bc-11a5-43f1-8ac3-18f3170caa22,fUSD,0.00015038,2,1,18837.2792636,offer,2026-09-05T00:47:00.857216+00:00
b8b706bc-11a5-43f1-8ac3-18f3170caa22,fUSD,0.00015049,2,1,204.03948057,offer,2026-09-05T00:47:00.857216+00:00
b8b706bc-11a5-43f1-8ac3-18f3170caa22,fUSD,0.0001507696,2,2,10316.85,offer,2026-09-05T00:47:00.857216+00:00
b8b706bc-11a5-43f1-8ac3-18f3170caa22,fUSD,0.00015077,2,1,165.24,offer,2026-09-05T00:47:00.857216+00:00
b8b706bc-11a5-43f1-8ac3-18f3170caa22,fUSD,0.000150903,2,1,162.8,offer,2026-09-05T00:47:00.857216+00:00
b8b706bc-11a5-43f1-8ac3-18f3170caa22,fUSD,0.0001520277,2,1,1185.71,offer,2026-09-05T00:47:00.857216+00:00
b8b706bc-11a5-43f1-8ac3-18f3170caa22,fUSD,0.00015225363507631595,2,1,58249.50065835,offer,2026-09-05T00:47:00.857216+00:00
b8b706bc-11a5-43f1-8ac3-18f3170caa22,fUSD,0.0001526811,2,1,316.86,offer,2026-09-05T00:47:00.857216+00:00
b8b706bc-11a5-43f1-8ac3-18f3170caa22,fUSD,0.0001528,2,1,500.0,offer,2026-09-05T00:47:00.857216+00:00
b8b706bc-11a5-43f1-8ac3-18f3170caa22,fUSD,0.0001529898,7,3,672.17456589,offer,2026-09-05T00:47:00.857216+00:00
b8b706bc-11a5-43f1-8ac3-18f3170caa22,fUSD,0.00015299999999999998,3,1,1086.25518329,offer,2026-09-05T00:47:00.857216+00:00
b8b706bc-11a5-43f1-8ac3-18f3170caa22,fUSD,0.00015393851095890412,2,1,1111.29,offer,2026-09-05T00:47:00.857216+00:00
b8b706bc-11a5-43f1-8ac3-18f3170caa22,fUSD,0.0001539979,2,1,316.86,offer,2026-09-05T00:47:00.857216+00:00
b8b706bc-11a5-43f1-8ac3-18f3170caa22,fUSD,0.000155,2,5,66048.33269793,offer,2026-09-05T00:47:00.857216+00:00
b8b706bc-11a5-43f1-8ac3-18f3170caa22,fUSD,0.00015501501661197015,2,1,6229.52903053,offer,2026-09-05T00:47:00.857216+00:00
ed026541-acca-4c42-baa9-24066ea156b3,fUSD,0.000273972602739726,120,1,-7569403.21443428,demand,2026-09-05T01:47:00.704796+00:00
ed026541-acca-4c42-baa9-24066ea156b3,fUSD,0.00022,30,1,-30100.0,demand,2026-09-05T01:47:00.704796+00:00
ed026541-acca-4c42-baa9-24066ea156b3,fUSD,0.00021,30,1,-30000.0,demand,2026-09-05T01:47:00.704796+00:00
ed026541-acca-4c42-baa9-24066ea156b3,fUSD,0.000209,30,1,-6289.12258117,demand,2026-09-05T01:47:00.704796+00:00
ed026541-acca-4c42-baa9-24066ea156b3,fUSD,0.0002,7,1,-150.0,demand,2026-09-05T01:47:00.704796+00:00
ed026541-acca-4c42-baa9-24066ea156b3,fUSD,0.00018010999999999998,120,1,-133240.73391109,demand,2026-09-05T01:47:00.704796+00:00
ed026541-acca-4c42-baa9-24066ea156b3,fUSD,0.0001777,120,1,-23123.30278361,demand,2026-09-05T01:47:00.704796+00:00
ed026541-acca-4c42-baa9-24066ea156b3,fUSD,0.000174,120,1,-12350.0,demand,2026-09-05T01:47:00.704796+00:00
ed026541-acca-4c42-baa9-24066ea156b3,fUSD,0.0001713,120,1,-20000.0,demand,2026-09-05T01:47:00.704796+00:00
ed026541-acca-4c42-baa9-24066ea156b3,fUSD,0.0001712,120,1,-20000.0,demand,2026-09-05T01:47:00.704796+00:00
ed026541-acca-4c42-baa9-24066ea156b3,fUSD,0.00017111,120,1,-2000000.0,demand,2026-09-05T01:47:00.704796+00:00
ed026541-acca-4c42-baa9-24066ea156b3,fUSD,0.0001703,90,1,-19792.0,demand,2026-09-05T01:47:00.704796+00:00
ed026541-acca-4c42-baa9-24066ea156b3,fUSD,0.00017,120,1,-150.0,demand,2026-09-05T01:47:00.704796+00:00
ed026541-acca-4c42-baa9-24066ea156b3,fUSD,0.0001603,60,1,-18000.0,demand,2026-09-05T01:47:00.704796+00:00
ed026541-acca-4c42-baa9-24066ea156b3,fUSD,0.00016,120,2,-10009162.66122322,demand,2026-09-05T01:47:00.704796+00:00
ed026541-acca-4c42-baa9-24066ea156b3,fUSD,0.000152,30,3,-2831.19,demand,2026-09-05T01:47:00.704796+00:00
ed026541-acca-4c42-baa9-24066ea156b3,fUSD,0.0001511,4,1,-740.16751184,demand,2026-09-05T01:47:00.704796+00:00
ed026541-acca-4c42-baa9-24066ea156b3,fUSD,0.000151,120,1,-10000.0,demand,2026-09-05T01:47:00.704796+00:00
ed026541-acca-4c42-baa9-24066ea156b3,fUSD,0.0001503,30,1,-20000.0,demand,2026-09-05T01:47:00.704796+00:00
ed026541-acca-4c42-baa9-24066ea156b3,fUSD,0.00015001,5,13,-130000.0,demand,2026-09-05T01:47:00.704796+00:00
ed026541-acca-4c42-baa9-24066ea156b3,fUSD,0.00015,29,1,-91128.42113844,demand,2026-09-05T01:47:00.704796+00:00
ed026541-acca-4c42-baa9-24066ea156b3,fUSD,0.00015,120,1,-500.0,demand,2026-09-05T01:47:00.704796+00:00
ed026541-acca-4c42-baa9-24066ea156b3,fUSD,0.00015,2,1,-10000.0,demand,2026-09-05T01:47:00.704796+00:00
ed026541-acca-4c42-baa9-24066ea156b3,fUSD,0.00015,30,1,-3800.0,demand,2026-09-05T01:47:00.704796+00:00
ed026541-acca-4c42-baa9-24066ea156b3,fUSD,0.000149,2,2,-2429303.81505873,demand,2026-09-05T01:47:00.704796+00:00
ed026541-acca-4c42-baa9-24066ea156b3,fUSD,0.00014906,2,1,175.48820946,offer,2026-09-05T01:47:00.704796+00:00
ed026541-acca-4c42-baa9-24066ea156b3,fUSD,0.00014998,2,6,2904.29596942,offer,2026-09-05T01:47:00.704796+00:00
ed026541-acca-4c42-baa9-24066ea156b3,fUSD,0.00014999,2,1,285.58213169,offer,2026-09-05T01:47:00.704796+00:00
ed026541-acca-4c42-baa9-24066ea156b3,fUSD,0.00015,2,11,51394.10739913,offer,2026-09-05T01:47:00.704796+00:00
ed026541-acca-4c42-baa9-24066ea156b3,fUSD,0.00015004,2,1,600.0,offer,2026-09-05T01:47:00.704796+00:00
ed026541-acca-4c42-baa9-24066ea156b3,fUSD,0.00015006,2,2,4642.3029213,offer,2026-09-05T01:47:00.704796+00:00
ed026541-acca-4c42-baa9-24066ea156b3,fUSD,0.00015017,2,2,1548.9017142,offer,2026-09-05T01:47:00.704796+00:00
ed026541-acca-4c42-baa9-24066ea156b3,fUSD,0.0001502811,2,1,474.24,offer,2026-09-05T01:47:00.704796+00:00
ed026541-acca-4c42-baa9-24066ea156b3,fUSD,0.0001508199,2,1,474.24,offer,2026-09-05T01:47:00.704796+00:00
ed026541-acca-4c42-baa9-24066ea156b3,fUSD,0.0001512876,2,1,474.24,offer,2026-09-05T01:47:00.704796+00:00
ed026541-acca-4c42-baa9-24066ea156b3,fUSD,0.00015155,2,1,194.0,offer,2026-09-05T01:47:00.704796+00:00
ed026541-acca-4c42-baa9-24066ea156b3,fUSD,0.0001517035,2,1,474.24,offer,2026-09-05T01:47:00.704796+00:00
ed026541-acca-4c42-baa9-24066ea156b3,fUSD,0.0001520797,2,1,474.24,offer,2026-09-05T01:47:00.704796+00:00
ed026541-acca-4c42-baa9-24066ea156b3,fUSD,0.0001524243,2,1,474.24,offer,2026-09-05T01:47:00.704796+00:00
ed026541-acca-4c42-baa9-24066ea156b3,fUSD,0.000152743,2,1,474.24,offer,2026-09-05T01:47:00.704796+00:00
ed026541-acca-4c42-baa9-24066ea156b3,fUSD,0.0001529898,7,2,453.27078241,offer,2026-09-05T01:47:00.704796+00:00
ed026541-acca-4c42-baa9-24066ea156b3,fUSD,0.00015299999999999998,7,1,239.81224433,offer,2026-09-05T01:47:00.704796+00:00
ed026541-acca-4c42-baa9-24066ea156b3,fUSD,0.000153,7,1,500.0,offer,2026-09-05T01:47:00.704796+00:00
ed026541-acca-4c42-baa9-24066ea156b3,fUSD,0.0001530401,2,1,474.24,offer,2026-09-05T01:47:00.704796+00:00
ed026541-acca-4c42-baa9-24066ea156b3,fUSD,0.00015305,2,1,194.0,offer,2026-09-05T01:47:00.704796+00:00
ed026541-acca-4c42-baa9-24066ea156b3,fUSD,0.0001532,2,6,80840.05024927,offer,2026-09-05T01:47:00.704796+00:00
ed026541-acca-4c42-baa9-24066ea156b3,fUSD,0.0001533188,2,1,474.24,offer,2026-09-05T01:47:00.704796+00:00
ed026541-acca-4c42-baa9-24066ea156b3,fUSD,0.0001535817,2,2,652.14,offer,2026-09-05T01:47:00.704796+00:00
ed026541-acca-4c42-baa9-24066ea156b3,fUSD,0.00015363766438356163,2,1,3768.88,offer,2026-09-05T01:47:00.704796+00:00
ed026541-acca-4c42-baa9-24066ea156b3,fUSD,0.00015366973424657535,2,1,791.91,offer,2026-09-05T01:47:00.704796+00:00
d3787aaa-c8a7-4b38-b4d3-45dacb955131,fUSD,0.000273972602739726,120,1,-7550437.02018398,demand,2026-09-05T02:47:01.014959+00:00
d3787aaa-c8a7-4b38-b4d3-45dacb955131,fUSD,0.00022,30,1,-30100.0,demand,2026-09-05T02:47:01.014959+00:00
d3787aaa-c8a7-4b38-b4d3-45dacb955131,fUSD,0.00021,30,1,-30000.0,demand,2026-09-05T02:47:01.014959+00:00
d3787aaa-c8a7-4b38-b4d3-45dacb955131,fUSD,0.000209,30,1,-6289.12258117,demand,2026-09-05T02:47:01.014959+00:00
d3787aaa-c8a7-4b38-b4d3-45dacb955131,fUSD,0.0002,7,1,-150.0,demand,2026-09-05T02:47:01.014959+00:00
d3787aaa-c8a7-4b38-b4d3-45dacb955131,fUSD,0.00018010999999999998,120,1,-133240.73391109,demand,2026-09-05T02:47:01.014959+00:00
d3787aaa-c8a7-4b38-b4d3-45dacb955131,fUSD,0.0001777,120,1,-23123.30278361,demand,2026-09-05T02:47:01.014959+00:00
d3787aaa-c8a7-4b38-b4d3-45dacb955131,fUSD,0.000174,120,1,-12350.0,demand,2026-09-05T02:47:01.014959+00:00
d3787aaa-c8a7-4b38-b4d3-45dacb955131,fUSD,0.0001713,120,1,-20000.0,demand,2026-09-05T02:47:01.014959+00:00
d3787aaa-c8a7-4b38-b4d3-45dacb955131,fUSD,0.0001712,120,1,-20000.0,demand,2026-09-05T02:47:01.014959+00:00
d3787aaa-c8a7-4b38-b4d3-45dacb955131,fUSD,0.00017111,120,1,-2000000.0,demand,2026-09-05T02:47:01.014959+00:00
d3787aaa-c8a7-4b38-b4d3-45dacb955131,fUSD,0.0001703,90,1,-19792.0,demand,2026-09-05T02:47:01.014959+00:00
d3787aaa-c8a7-4b38-b4d3-45dacb955131,fUSD,0.00017,120,1,-150.0,demand,2026-09-05T02:47:01.014959+00:00
d3787aaa-c8a7-4b38-b4d3-45dacb955131,fUSD,0.0001603,60,1,-18000.0,demand,2026-09-05T02:47:01.014959+00:00
d3787aaa-c8a7-4b38-b4d3-45dacb955131,fUSD,0.00016,120,2,-10009162.66122322,demand,2026-09-05T02:47:01.014959+00:00
d3787aaa-c8a7-4b38-b4d3-45dacb955131,fUSD,0.000152,30,3,-2831.19,demand,2026-09-05T02:47:01.014959+00:00
d3787aaa-c8a7-4b38-b4d3-45dacb955131,fUSD,0.0001511,4,1,-84.23397832,demand,2026-09-05T02:47:01.014959+00:00
d3787aaa-c8a7-4b38-b4d3-45dacb955131,fUSD,0.000151,120,1,-10000.0,demand,2026-09-05T02:47:01.014959+00:00
d3787aaa-c8a7-4b38-b4d3-45dacb955131,fUSD,0.0001503,30,1,-20000.0,demand,2026-09-05T02:47:01.014959+00:00
d3787aaa-c8a7-4b38-b4d3-45dacb955131,fUSD,0.00015001,5,13,-130000.0,demand,2026-09-05T02:47:01.014959+00:00
d3787aaa-c8a7-4b38-b4d3-45dacb955131,fUSD,0.00015,29,1,-91128.42113844,demand,2026-09-05T02:47:01.014959+00:00
d3787aaa-c8a7-4b38-b4d3-45dacb955131,fUSD,0.00015,120,1,-500.0,demand,2026-09-05T02:47:01.014959+00:00
d3787aaa-c8a7-4b38-b4d3-45dacb955131,fUSD,0.00015,2,1,-10000.0,demand,2026-09-05T02:47:01.014959+00:00
d3787aaa-c8a7-4b38-b4d3-45dacb955131,fUSD,0.00015,30,1,-3800.0,demand,2026-09-05T02:47:01.014959+00:00
d3787aaa-c8a7-4b38-b4d3-45dacb955131,fUSD,0.000149,2,2,-2388373.44812809,demand,2026-09-05T02:47:01.014959+00:00
d3787aaa-c8a7-4b38-b4d3-45dacb955131,fUSD,0.00015,2,10,1323954.26046507,offer,2026-09-05T02:47:01.014959+00:00
d3787aaa-c8a7-4b38-b4d3-45dacb955131,fUSD,0.00015007,2,1,6090.9712589,offer,2026-09-05T02:47:01.014959+00:00
d3787aaa-c8a7-4b38-b4d3-45dacb955131,fUSD,0.0001500904,2,2,2386.63,offer,2026-09-05T02:47:01.014959+00:00
d3787aaa-c8a7-4b38-b4d3-45dacb955131,fUSD,0.0001501867,2,1,200.0,offer,2026-09-05T02:47:01.014959+00:00
d3787aaa-c8a7-4b38-b4d3-45dacb955131,fUSD,0.00015078,2,1,1857.8547629,offer,2026-09-05T02:47:01.014959+00:00
d3787aaa-c8a7-4b38-b4d3-45dacb955131,fUSD,0.00015089,2,2,5069.5352635,offer,2026-09-05T02:47:01.014959+00:00
d3787aaa-c8a7-4b38-b4d3-45dacb955131,fUSD,0.000151,2,1,245.5,offer,2026-09-05T02:47:01.014959+00:00
d3787aaa-c8a7-4b38-b4d3-45dacb955131,fUSD,0.00015103,2,1,173.0,offer,2026-09-05T02:47:01.014959+00:00
d3787aaa-c8a7-4b38-b4d3-45dacb955131,fUSD,0.0001520076096,2,1,20668.15,offer,2026-09-05T02:47:01.014959+00:00
d3787aaa-c8a7-4b38-b4d3-45dacb955131,fUSD,0.00015208266351,7,1,186.29635768,offer,2026-09-05T02:47:01.014959+00:00
d3787aaa-c8a7-4b38-b4d3-45dacb955131,fUSD,0.00015252,2,1,173.0,offer,2026-09-05T02:47:01.014959+00:00
d3787aaa-c8a7-4b38-b4d3-45dacb955131,fUSD,0.00015297,2,1,938.0,offer,2026-09-05T02:47:01.014959+00:00
d3787aaa-c8a7-4b38-b4d3-45dacb955131,fUSD,0.00015299999999999998,3,1,229.42143066,offer,2026-09-05T02:47:01.014959+00:00
d3787aaa-c8a7-4b38-b4d3-45dacb955131,fUSD,0.0001533859,2,1,357.93,offer,2026-09-05T02:47:01.014959+00:00
d3787aaa-c8a7-4b38-b4d3-45dacb955131,fUSD,0.00015381,2,1,593.04312159,offer,2026-09-05T02:47:01.014959+00:00
d3787aaa-c8a7-4b38-b4d3-45dacb955131,fUSD,0.00015384,2,1,6815.0,offer,2026-09-05T02:47:01.014959+00:00
d3787aaa-c8a7-4b38-b4d3-45dacb955131,fUSD,0.0001538427287671233,2,1,2227.04,offer,2026-09-05T02:47:01.014959+00:00
d3787aaa-c8a7-4b38-b4d3-45dacb955131,fUSD,0.00015385,2,1,943.0,offer,2026-09-05T02:47:01.014959+00:00
d3787aaa-c8a7-4b38-b4d3-45dacb955131,fUSD,0.00015388,2,1,1740.2775025,offer,2026-09-05T02:47:01.014959+00:00
d3787aaa-c8a7-4b38-b4d3-45dacb955131,fUSD,0.00015391,2,2,2948.0,offer,2026-09-05T02:47:01.014959+00:00
d3787aaa-c8a7-4b38-b4d3-45dacb955131,fUSD,0.000154,2,5,15107.9840743,offer,2026-09-05T02:47:01.014959+00:00
d3787aaa-c8a7-4b38-b4d3-45dacb955131,fUSD,0.000154,3,15,88760.27003275,offer,2026-09-05T02:47:01.014959+00:00
d3787aaa-c8a7-4b38-b4d3-45dacb955131,fUSD,0.00015402,2,1,173.0,offer,2026-09-05T02:47:01.014959+00:00
d3787aaa-c8a7-4b38-b4d3-45dacb955131,fUSD,0.00015433,2,1,968.60976368,offer,2026-09-05T02:47:01.014959+00:00
d3787aaa-c8a7-4b38-b4d3-45dacb955131,fUSD,0.0001543672,2,1,313.75,offer,2026-09-05T02:47:01.014959+00:00
dd6828f5-c0aa-449e-9101-cddc77b1f1dd,fUSD,0.000273972602739726,120,1,-7496790.51032486,demand,2026-09-05T03:47:00.894519+00:00
dd6828f5-c0aa-449e-9101-cddc77b1f1dd,fUSD,0.00022,30,1,-30100.0,demand,2026-09-05T03:47:00.894519+00:00
dd6828f5-c0aa-449e-9101-cddc77b1f1dd,fUSD,0.00021,30,1,-30000.0,demand,2026-09-05T03:47:00.894519+00:00
dd6828f5-c0aa-449e-9101-cddc77b1f1dd,fUSD,0.000209,30,1,-6289.12258117,demand,2026-09-05T03:47:00.894519+00:00
dd6828f5-c0aa-449e-9101-cddc77b1f1dd,fUSD,0.0002,7,1,-150.0,demand,2026-09-05T03:47:00.894519+00:00
dd6828f5-c0aa-449e-9101-cddc77b1f1dd,fUSD,0.00018010999999999998,120,1,-133240.73391109,demand,2026-09-05T03:47:00.894519+00:00
dd6828f5-c0aa-449e-9101-cddc77b1f1dd,fUSD,0.0001777,120,1,-23123.30278361,demand,2026-09-05T03:47:00.894519+00:00
dd6828f5-c0aa-449e-9101-cddc77b1f1dd,fUSD,0.000174,120,1,-12350.0,demand,2026-09-05T03:47:00.894519+00:00
dd6828f5-c0aa-449e-9101-cddc77b1f1dd,fUSD,0.0001713,120,1,-20000.0,demand,2026-09-05T03:47:00.894519+00:00
dd6828f5-c0aa-449e-9101-cddc77b1f1dd,fUSD,0.0001712,120,1,-20000.0,demand,2026-09-05T03:47:00.894519+00:00
dd6828f5-c0aa-449e-9101-cddc77b1f1dd,fUSD,0.00017111,120,1,-2000000.0,demand,2026-09-05T03:47:00.894519+00:00
dd6828f5-c0aa-449e-9101-cddc77b1f1dd,fUSD,0.0001703,90,1,-19792.0,demand,2026-09-05T03:47:00.894519+00:00
dd6828f5-c0aa-449e-9101-cddc77b1f1dd,fUSD,0.00017,120,1,-150.0,demand,2026-09-05T03:47:00.894519+00:00
dd6828f5-c0aa-449e-9101-cddc77b1f1dd,fUSD,0.0001603,60,1,-18000.0,demand,2026-09-05T03:47:00.894519+00:00
dd6828f5-c0aa-449e-9101-cddc77b1f1dd,fUSD,0.00016,120,2,-10009162.66122322,demand,2026-09-05T03:47:00.894519+00:00
dd6828f5-c0aa-449e-9101-cddc77b1f1dd,fUSD,0.000152,30,3,-2831.19,demand,2026-09-05T03:47:00.894519+00:00
dd6828f5-c0aa-449e-9101-cddc77b1f1dd,fUSD,0.0001511,4,1,-84.23397832,demand,2026-09-05T03:47:00.894519+00:00
dd6828f5-c0aa-449e-9101-cddc77b1f1dd,fUSD,0.000151,120,1,-10000.0,demand,2026-09-05T03:47:00.894519+00:00
dd6828f5-c0aa-449e-9101-cddc77b1f1dd,fUSD,0.0001503,30,1,-20000.0,demand,2026-09-05T03:47:00.894519+00:00
dd6828f5-c0aa-449e-9101-cddc77b1f1dd,fUSD,0.00015001,5,13,-130000.0,demand,2026-09-05T03:47:00.894519+00:00
dd6828f5-c0aa-449e-9101-cddc77b1f1dd,fUSD,0.00015,29,1,-91128.42113844,demand,2026-09-05T03:47:00.894519+00:00
dd6828f5-c0aa-449e-9101-cddc77b1f1dd,fUSD,0.00015,120,1,-500.0,demand,2026-09-05T03:47:00.894519+00:00
dd6828f5-c0aa-449e-9101-cddc77b1f1dd,fUSD,0.00015,2,1,-10000.0,demand,2026-09-05T03:47:00.894519+00:00
dd6828f5-c0aa-449e-9101-cddc77b1f1dd,fUSD,0.00015,30,1,-3800.0,demand,2026-09-05T03:47:00.894519+00:00
dd6828f5-c0aa-449e-9101-cddc77b1f1dd,fUSD,0.000149,2,2,-2346481.92575822,demand,2026-09-05T03:47:00.894519+00:00
dd6828f5-c0aa-449e-9101-cddc77b1f1dd,fUSD,0.00014999,2,1,219.73940711,offer,2026-09-05T03:47:00.894519+00:00
dd6828f5-c0aa-449e-9101-cddc77b1f1dd,fUSD,0.00015,2,23,369714.43184996,offer,2026-09-05T03:47:00.894519+00:00
dd6828f5-c0aa-449e-9101-cddc77b1f1dd,fUSD,0.00015009,2,2,329.58,offer,2026-09-05T03:47:00.894519+00:00
dd6828f5-c0aa-449e-9101-cddc77b1f1dd,fUSD,0.00015011,2,2,450.0,offer,2026-09-05T03:47:00.894519+00:00
dd6828f5-c0aa-449e-9101-cddc77b1f1dd,fUSD,0.000150475,2,1,558.49200602,offer,2026-09-05T03:47:00.894519+00:00
dd6828f5-c0aa-449e-9101-cddc77b1f1dd,fUSD,0.00015095,2,1,535.3078362,offer,2026-09-05T03:47:00.894519+00:00
dd6828f5-c0aa-449e-9101-cddc77b1f1dd,fUSD,0.000151,2,1,152.0,offer,2026-09-05T03:47:00.894519+00:00
dd6828f5-c0aa-449e-9101-cddc77b1f1dd,fUSD,0.00015148,2,1,150.0,offer,2026-09-05T03:47:00.894519+00:00
dd6828f5-c0aa-449e-9101-cddc77b1f1dd,fUSD,0.00015166,2,1,99534.0345238,offer,2026-09-05T03:47:00.894519+00:00
dd6828f5-c0aa-449e-9101-cddc77b1f1dd,fUSD,0.0001517035,2,1,319.44,offer,2026-09-05T03:47:00.894519+00:00
dd6828f5-c0aa-449e-9101-cddc77b1f1dd,fUSD,0.000152129,2,1,315.46,offer,2026-09-05T03:47:00.894519+00:00
dd6828f5-c0aa-449e-9101-cddc77b1f1dd,fUSD,0.000152129,7,1,192.13290114,offer,2026-09-05T03:47:00.894519+00:00
dd6828f5-c0aa-449e-9101-cddc77b1f1dd,fUSD,0.00015298,2,1,230.0,offer,2026-09-05T03:47:00.894519+00:00
dd6828f5-c0aa-449e-9101-cddc77b1f1dd,fUSD,0.00015305924331060846,2,1,793.81,offer,2026-09-05T03:47:00.894519+00:00
dd6828f5-c0aa-449e-9101-cddc77b1f1dd,fUSD,0.0001538309,2,1,319.44,offer,2026-09-05T03:47:00.894519+00:00
dd6828f5-c0aa-449e-9101-cddc77b1f1dd,fUSD,0.000154,3,12,39607.92554187,offer,2026-09-05T03:47:00.894519+00:00
dd6828f5-c0aa-449e-9101-cddc77b1f1dd,fUSD,0.0001543569,2,1,315.46,offer,2026-09-05T03:47:00.894519+00:00
dd6828f5-c0aa-449e-9101-cddc77b1f1dd,fUSD,0.0001543569,7,1,288.19935172,offer,2026-09-05T03:47:00.894519+00:00
dd6828f5-c0aa-449e-9101-cddc77b1f1dd,fUSD,0.00015468,2,1,206.0,offer,2026-09-05T03:47:00.894519+00:00
dd6828f5-c0aa-449e-9101-cddc77b1f1dd,fUSD,0.0001552965,2,1,319.44,offer,2026-09-05T03:47:00.894519+00:00
dd6828f5-c0aa-449e-9101-cddc77b1f1dd,fUSD,0.0001554685,2,1,500.22980993,offer,2026-09-05T03:47:00.894519+00:00
dd6828f5-c0aa-449e-9101-cddc77b1f1dd,fUSD,0.00015567,2,1,2295.88170983,offer,2026-09-05T03:47:00.894519+00:00
dd6828f5-c0aa-449e-9101-cddc77b1f1dd,fUSD,0.0001558918,2,2,631.62,offer,2026-09-05T03:47:00.894519+00:00
dd6828f5-c0aa-449e-9101-cddc77b1f1dd,fUSD,0.00015602,2,1,690.02933463,offer,2026-09-05T03:47:00.894519+00:00
dd6828f5-c0aa-449e-9101-cddc77b1f1dd,fUSD,0.0001564499,2,1,319.44,offer,2026-09-05T03:47:00.894519+00:00
24e56da0-2753-477d-b069-80f8980c69a7,fUSD,0.000273972602739726,120,1,-7300707.98542712,demand,2026-09-05T04:47:00.878514+00:00
24e56da0-2753-477d-b069-80f8980c69a7,fUSD,0.00022,30,1,-30100.0,demand,2026-09-05T04:47:00.878514+00:00
24e56da0-2753-477d-b069-80f8980c69a7,fUSD,0.00021,30,1,-30000.0,demand,2026-09-05T04:47:00.878514+00:00
24e56da0-2753-477d-b069-80f8980c69a7,fUSD,0.000209,30,1,-6289.12258117,demand,2026-09-05T04:47:00.878514+00:00
24e56da0-2753-477d-b069-80f8980c69a7,fUSD,0.0002,7,1,-150.0,demand,2026-09-05T04:47:00.878514+00:00
24e56da0-2753-477d-b069-80f8980c69a7,fUSD,0.00018010999999999998,120,1,-133240.73391109,demand,2026-09-05T04:47:00.878514+00:00
24e56da0-2753-477d-b069-80f8980c69a7,fUSD,0.0001777,120,1,-23123.30278361,demand,2026-09-05T04:47:00.878514+00:00
24e56da0-2753-477d-b069-80f8980c69a7,fUSD,0.000174,120,1,-12350.0,demand,2026-09-05T04:47:00.878514+00:00
24e56da0-2753-477d-b069-80f8980c69a7,fUSD,0.0001713,120,1,-20000.0,demand,2026-09-05T04:47:00.878514+00:00
24e56da0-2753-477d-b069-80f8980c69a7,fUSD,0.0001712,120,1,-20000.0,demand,2026-09-05T04:47:00.878514+00:00
24e56da0-2753-477d-b069-80f8980c69a7,fUSD,0.00017111,120,1,-2000000.0,demand,2026-09-05T04:47:00.878514+00:00
24e56da0-2753-477d-b069-80f8980c69a7,fUSD,0.0001703,90,1,-19792.0,demand,2026-09-05T04:47:00.878514+00:00
24e56da0-2753-477d-b069-80f8980c69a7,fUSD,0.00017,120,1,-150.0,demand,2026-09-05T04:47:00.878514+00:00
24e56da0-2753-477d-b069-80f8980c69a7,fUSD,0.0001603,60,1,-18000.0,demand,2026-09-05T04:47:00.878514+00:00
24e56da0-2753-477d-b069-80f8980c69a7,fUSD,0.00016,120,2,-10009162.66122322,demand,2026-09-05T04:47:00.878514+00:00
24e56da0-2753-477d-b069-80f8980c69a7,fUSD,0.000152,30,3,-2831.19,demand,2026-09-05T04:47:00.878514+00:00
24e56da0-2753-477d-b069-80f8980c69a7,fUSD,0.0001511,4,1,-84.23397832,demand,2026-09-05T04:47:00.878514+00:00
24e56da0-2753-477d-b069-80f8980c69a7,fUSD,0.000151,120,1,-10000.0,demand,2026-09-05T04:47:00.878514+00:00
24e56da0-2753-477d-b069-80f8980c69a7,fUSD,0.0001503,30,1,-20000.0,demand,2026-09-05T04:47:00.878514+00:00
24e56da0-2753-477d-b069-80f8980c69a7,fUSD,0.00015001,5,13,-130000.0,demand,2026-09-05T04:47:00.878514+00:00
24e56da0-2753-477d-b069-80f8980c69a7,fUSD,0.00015,29,1,-91128.42113844,demand,2026-09-05T04:47:00.878514+00:00
24e56da0-2753-477d-b069-80f8980c69a7,fUSD,0.00015,120,1,-500.0,demand,2026-09-05T04:47:00.878514+00:00
24e56da0-2753-477d-b069-80f8980c69a7,fUSD,0.00015,2,1,-10000.0,demand,2026-09-05T04:47:00.878514+00:00
24e56da0-2753-477d-b069-80f8980c69a7,fUSD,0.00015,30,1,-3800.0,demand,2026-09-05T04:47:00.878514+00:00
24e56da0-2753-477d-b069-80f8980c69a7,fUSD,0.000149,2,2,-2283091.54982502,demand,2026-09-05T04:47:00.878514+00:00
24e56da0-2753-477d-b069-80f8980c69a7,fUSD,0.00014997,2,47,21459.32353944,offer,2026-09-05T04:47:00.878514+00:00
24e56da0-2753-477d-b069-80f8980c69a7,fUSD,0.000149975,2,2,986.83946853,offer,2026-09-05T04:47:00.878514+00:00
24e56da0-2753-477d-b069-80f8980c69a7,fUSD,0.00014998,2,1,181.14,offer,2026-09-05T04:47:00.878514+00:00
24e56da0-2753-477d-b069-80f8980c69a7,fUSD,0.000149985,2,1,300.0,offer,2026-09-05T04:47:00.878514+00:00
24e56da0-2753-477d-b069-80f8980c69a7,fUSD,0.00014999,2,11,5236.52,offer,2026-09-05T04:47:00.878514+00:00
24e56da0-2753-477d-b069-80f8980c69a7,fUSD,0.00015,2,8,22658.32918101,offer,2026-09-05T04:47:00.878514+00:00
24e56da0-2753-477d-b069-80f8980c69a7,fUSD,0.00015,3,2,464.0,offer,2026-09-05T04:47:00.878514+00:00
24e56da0-2753-477d-b069-80f8980c69a7,fUSD,0.00015000252911931818,2,1,251.84421735,offer,2026-09-05T04:47:00.878514+00:00
24e56da0-2753-477d-b069-80f8980c69a7,fUSD,0.00015004264559659091,2,1,250.0,offer,2026-09-05T04:47:00.878514+00:00
24e56da0-2753-477d-b069-80f8980c69a7,fUSD,0.0001501671747159091,2,1,250.0,offer,2026-09-05T04:47:00.878514+00:00
24e56da0-2753-477d-b069-80f8980c69a7,fUSD,0.0001503893,2,15,7583.54,offer,2026-09-05T04:47:00.878514+00:00
24e56da0-2753-477d-b069-80f8980c69a7,fUSD,0.000150428822,2,1,166.78,offer,2026-09-05T04:47:00.878514+00:00
24e56da0-2753-477d-b069-80f8980c69a7,fUSD,0.000151,2,1,245.77,offer,2026-09-05T04:47:00.878514+00:00
24e56da0-2753-477d-b069-80f8980c69a7,fUSD,0.00015149,2,1,150.0,offer,2026-09-05T04:47:00.878514+00:00
24e56da0-2753-477d-b069-80f8980c69a7,fUSD,0.00015298,2,1,181.14,offer,2026-09-05T04:47:00.878514+00:00
24e56da0-2753-477d-b069-80f8980c69a7,fUSD,0.00015299,2,1,196.0,offer,2026-09-05T04:47:00.878514+00:00
24e56da0-2753-477d-b069-80f8980c69a7,fUSD,0.00015313378806818182,7,1,186.29635768,offer,2026-09-05T04:47:00.878514+00:00
24e56da0-2753-477d-b069-80f8980c69a7,fUSD,0.00015326737521847988,2,1,1206.8214339,offer,2026-09-05T04:47:00.878514+00:00
24e56da0-2753-477d-b069-80f8980c69a7,fUSD,0.0001542,2,1,174.91,offer,2026-09-05T04:47:00.878514+00:00
24e56da0-2753-477d-b069-80f8980c69a7,fUSD,0.00015459,2,1,1464.0,offer,2026-09-05T04:47:00.878514+00:00
24e56da0-2753-477d-b069-80f8980c69a7,fUSD,0.00015467,2,1,371.0,offer,2026-09-05T04:47:00.878514+00:00
24e56da0-2753-477d-b069-80f8980c69a7,fUSD,0.0001548,2,1,1587.0,offer,2026-09-05T04:47:00.878514+00:00
24e56da0-2753-477d-b069-80f8980c69a7,fUSD,0.00015485,2,5,88744.04685931,offer,2026-09-05T04:47:00.878514+00:00
24e56da0-2753-477d-b069-80f8980c69a7,fUSD,0.000155,2,2,5445.81624425,offer,2026-09-05T04:47:00.878514+00:00
24e56da0-2753-477d-b069-80f8980c69a7,fUSD,0.00015511,2,1,692.0,offer,2026-09-05T04:47:00.878514+00:00
3067d612-33d8-4f58-8998-29255a750493,fUSD,0.000273972602739726,120,1,-7295685.03026207,demand,2026-09-05T05:47:00.856518+00:00
3067d612-33d8-4f58-8998-29255a750493,fUSD,0.00022,30,1,-30100.0,demand,2026-09-05T05:47:00.856518+00:00
3067d612-33d8-4f58-8998-29255a750493,fUSD,0.00021,30,1,-30000.0,demand,2026-09-05T05:47:00.856518+00:00
3067d612-33d8-4f58-8998-29255a750493,fUSD,0.000209,30,1,-6289.12258117,demand,2026-09-05T05:47:00.856518+00:00
3067d612-33d8-4f58-8998-29255a750493,fUSD,0.0002,7,1,-150.0,demand,2026-09-05T05:47:00.856518+00:00
3067d612-33d8-4f58-8998-29255a750493,fUSD,0.00018010999999999998,120,1,-133240.73391109,demand,2026-09-05T05:47:00.856518+00:00
3067d612-33d8-4f58-8998-29255a750493,fUSD,0.0001777,120,1,-23123.30278361,demand,2026-09-05T05:47:00.856518+00:00
3067d612-33d8-4f58-8998-29255a750493,fUSD,0.000174,120,1,-12350.0,demand,2026-09-05T05:47:00.856518+00:00
3067d612-33d8-4f58-8998-29255a750493,fUSD,0.0001713,120,1,-20000.0,demand,2026-09-05T05:47:00.856518+00:00
3067d612-33d8-4f58-8998-29255a750493,fUSD,0.0001712,120,1,-20000.0,demand,2026-09-05T05:47:00.856518+00:00
3067d612-33d8-4f58-8998-29255a750493,fUSD,0.00017111,120,1,-2000000.0,demand,2026-09-05T05:47:00.856518+00:00
3067d612-33d8-4f58-8998-29255a750493,fUSD,0.0001703,90,1,-19792.0,demand,2026-09-05T05:47:00.856518+00:00
3067d612-33d8-4f58-8998-29255a750493,fUSD,0.00017,120,1,-150.0,demand,2026-09-05T05:47:00.856518+00:00
3067d612-33d8-4f58-8998-29255a750493,fUSD,0.0001603,60,1,-18000.0,demand,2026-09-05T05:47:00.856518+00:00
3067d612-33d8-4f58-8998-29255a750493,fUSD,0.00016,120,2,-10009162.66122322,demand,2026-09-05T05:47:00.856518+00:00
3067d612-33d8-4f58-8998-29255a750493,fUSD,0.000152,30,3,-2831.19,demand,2026-09-05T05:47:00.856518+00:00
3067d612-33d8-4f58-8998-29255a750493,fUSD,0.000151,120,1,-10000.0,demand,2026-09-05T05:47:00.856518+00:00
3067d612-33d8-4f58-8998-29255a750493,fUSD,0.0001503,30,1,-20000.0,demand,2026-09-05T05:47:00.856518+00:00
3067d612-33d8-4f58-8998-29255a750493,fUSD,0.00015,29,1,-91128.42113844,demand,2026-09-05T05:47:00.856518+00:00
3067d612-33d8-4f58-8998-29255a750493,fUSD,0.00015,120,1,-500.0,demand,2026-09-05T05:47:00.856518+00:00
3067d612-33d8-4f58-8998-29255a750493,fUSD,0.00015,2,1,-10000.0,demand,2026-09-05T05:47:00.856518+00:00
3067d612-33d8-4f58-8998-29255a750493,fUSD,0.00015,30,1,-3800.0,demand,2026-09-05T05:47:00.856518+00:00
3067d612-33d8-4f58-8998-29255a750493,fUSD,0.000149,2,1,-1919326.83716077,demand,2026-09-05T05:47:00.856518+00:00
3067d612-33d8-4f58-8998-29255a750493,fUSD,0.000145,7,1,-190.0,demand,2026-09-05T05:47:00.856518+00:00
3067d612-33d8-4f58-8998-29255a750493,fUSD,0.00014252,120,1,-10770.76644364,demand,2026-09-05T05:47:00.856518+00:00
3067d612-33d8-4f58-8998-29255a750493,fUSD,0.000149913,2,10,5016.59388638,offer,2026-09-05T05:47:00.856518+00:00
3067d612-33d8-4f58-8998-29255a750493,fUSD,0.00014998,2,8,3346.71010543,offer,2026-09-05T05:47:00.856518+00:00
3067d612-33d8-4f58-8998-29255a750493,fUSD,0.00014999,2,26,305533.21374035,offer,2026-09-05T05:47:00.856518+00:00
3067d612-33d8-4f58-8998-29255a750493,fUSD,0.000149995,2,1,973.38330605,offer,2026-09-05T05:47:00.856518+00:00
3067d612-33d8-4f58-8998-29255a750493,fUSD,0.00015,2,21,1466537.08159313,offer,2026-09-05T05:47:00.856518+00:00
3067d612-33d8-4f58-8998-29255a750493,fUSD,0.00015,7,1,200.0,offer,2026-09-05T05:47:00.856518+00:00
3067d612-33d8-4f58-8998-29255a750493,fUSD,0.0001504695,2,1,2123.59,offer,2026-09-05T05:47:00.856518+00:00
3067d612-33d8-4f58-8998-29255a750493,fUSD,0.0001508882,2,1,16375.36,offer,2026-09-05T05:47:00.856518+00:00
3067d612-33d8-4f58-8998-29255a750493,fUSD,0.0001509325,2,1,302.3,offer,2026-09-05T05:47:00.856518+00:00
3067d612-33d8-4f58-8998-29255a750493,fUSD,0.000151194,2,1,278.16029346,offer,2026-09-05T05:47:00.856518+00:00
3067d612-33d8-4f58-8998-29255a750493,fUSD,0.00015148,2,1,487.0,offer,2026-09-05T05:47:00.856518+00:00
3067d612-33d8-4f58-8998-29255a750493,fUSD,0.0001515136,2,1,200.0,offer,2026-09-05T05:47:00.856518+00:00
3067d612-33d8-4f58-8998-29255a750493,fUSD,0.0001516934,2,2,914.69,offer,2026-09-05T05:47:00.856518+00:00
3067d612-33d8-4f58-8998-29255a750493,fUSD,0.0001523306,2,1,302.3,offer,2026-09-05T05:47:00.856518+00:00
3067d612-33d8-4f58-8998-29255a750493,fUSD,0.00015273972602739726,2,1,500.0,offer,2026-09-05T05:47:00.856518+00:00
3067d612-33d8-4f58-8998-29255a750493,fUSD,0.0001528838,2,2,914.69,offer,2026-09-05T05:47:00.856518+00:00
3067d612-33d8-4f58-8998-29255a750493,fUSD,0.00015298,2,1,487.0,offer,2026-09-05T05:47:00.856518+00:00
3067d612-33d8-4f58-8998-29255a750493,fUSD,0.00015299999999999998,3,1,628.13800662,offer,2026-09-05T05:47:00.856518+00:00
3067d612-33d8-4f58-8998-29255a750493,fUSD,0.0001532794520547945,2,1,177.9,offer,2026-09-05T05:47:00.856518+00:00
3067d612-33d8-4f58-8998-29255a750493,fUSD,0.0001532802,2,1,517.89,offer,2026-09-05T05:47:00.856518+00:00
3067d612-33d8-4f58-8998-29255a750493,fUSD,0.0001533441,2,1,4000.0,offer,2026-09-05T05:47:00.856518+00:00
3067d612-33d8-4f58-8998-29255a750493,fUSD,0.0001533757,2,1,302.3,offer,2026-09-05T05:47:00.856518+00:00
3067d612-33d8-4f58-8998-29255a750493,fUSD,0.0001533859,2,1,348.95,offer,2026-09-05T05:47:00.856518+00:00
3067d612-33d8-4f58-8998-29255a750493,fUSD,0.0001538206,2,2,914.69,offer,2026-09-05T05:47:00.856518+00:00
3067d612-33d8-4f58-8998-29255a750493,fUSD,0.00015388,2,1,809.18430787,offer,2026-09-05T05:47:00.856518+00:00
a6b4302f-385b-4864-8dc4-a828a2a8e760,fUSD,0.000273972602739726,120,1,-7033934.42407807,demand,2026-09-05T06:47:01.154260+00:00
a6b4302f-385b-4864-8dc4-a828a2a8e760,fUSD,0.00022,30,1,-30100.0,demand,2026-09-05T06:47:01.154260+00:00
a6b4302f-385b-4864-8dc4-a828a2a8e760,fUSD,0.00021,30,1,-30000.0,demand,2026-09-05T06:47:01.154260+00:00
a6b4302f-385b-4864-8dc4-a828a2a8e760,fUSD,0.000209,30,1,-6289.12258117,demand,2026-09-05T06:47:01.154260+00:00
a6b4302f-385b-4864-8dc4-a828a2a8e760,fUSD,0.0002,7,1,-150.0,demand,2026-09-05T06:47:01.154260+00:00
a6b4302f-385b-4864-8dc4-a828a2a8e760,fUSD,0.00018010999999999998,120,1,-133240.73391109,demand,2026-09-05T06:47:01.154260+00:00
a6b4302f-385b-4864-8dc4-a828a2a8e760,fUSD,0.0001777,120,1,-23123.30278361,demand,2026-09-05T06:47:01.154260+00:00
a6b4302f-385b-4864-8dc4-a828a2a8e760,fUSD,0.000174,120,1,-12350.0,demand,2026-09-05T06:47:01.154260+00:00
a6b4302f-385b-4864-8dc4-a828a2a8e760,fUSD,0.0001713,120,1,-20000.0,demand,2026-09-05T06:47:01.154260+00:00
a6b4302f-385b-4864-8dc4-a828a2a8e760,fUSD,0.0001712,120,1,-20000.0,demand,2026-09-05T06:47:01.154260+00:00
a6b4302f-385b-4864-8dc4-a828a2a8e760,fUSD,0.00017111,120,1,-2000000.0,demand,2026-09-05T06:47:01.154260+00:00
a6b4302f-385b-4864-8dc4-a828a2a8e760,fUSD,0.0001703,90,1,-19792.0,demand,2026-09-05T06:47:01.154260+00:00
a6b4302f-385b-4864-8dc4-a828a2a8e760,fUSD,0.00017,120,1,-150.0,demand,2026-09-05T06:47:01.154260+00:00
a6b4302f-385b-4864-8dc4-a828a2a8e760,fUSD,0.0001603,60,1,-18000.0,demand,2026-09-05T06:47:01.154260+00:00
a6b4302f-385b-4864-8dc4-a828a2a8e760,fUSD,0.00016,120,2,-10009162.66122322,demand,2026-09-05T06:47:01.154260+00:00
a6b4302f-385b-4864-8dc4-a828a2a8e760,fUSD,0.00016,7,1,-2043.92385417,demand,2026-09-05T06:47:01.154260+00:00
a6b4302f-385b-4864-8dc4-a828a2a8e760,fUSD,0.000152,30,3,-2831.19,demand,2026-09-05T06:47:01.154260+00:00
a6b4302f-385b-4864-8dc4-a828a2a8e760,fUSD,0.000151,120,1,-10000.0,demand,2026-09-05T06:47:01.154260+00:00
a6b4302f-385b-4864-8dc4-a828a2a8e760,fUSD,0.0001503,30,1,-20000.0,demand,2026-09-05T06:47:01.154260+00:00
a6b4302f-385b-4864-8dc4-a828a2a8e760,fUSD,0.00015001,5,10,-200000.0,demand,2026-09-05T06:47:01.154260+00:00
a6b4302f-385b-4864-8dc4-a828a2a8e760,fUSD,0.00015,29,1,-91128.42113844,demand,2026-09-05T06:47:01.154260+00:00
a6b4302f-385b-4864-8dc4-a828a2a8e760,fUSD,0.00015,120,1,-500.0,demand,2026-09-05T06:47:01.154260+00:00
a6b4302f-385b-4864-8dc4-a828a2a8e760,fUSD,0.00015,2,1,-10000.0,demand,2026-09-05T06:47:01.154260+00:00
a6b4302f-385b-4864-8dc4-a828a2a8e760,fUSD,0.00015,30,1,-3800.0,demand,2026-09-05T06:47:01.154260+00:00
a6b4302f-385b-4864-8dc4-a828a2a8e760,fUSD,0.000149,2,1,-1631649.47097243,demand,2026-09-05T06:47:01.154260+00:00
a6b4302f-385b-4864-8dc4-a828a2a8e760,fUSD,0.00014900245,2,5,1495.19340167,offer,2026-09-05T06:47:01.154260+00:00
a6b4302f-385b-4864-8dc4-a828a2a8e760,fUSD,0.00014900322812500002,2,1,1299.89170107,offer,2026-09-05T06:47:01.154260+00:00
a6b4302f-385b-4864-8dc4-a828a2a8e760,fUSD,0.00014900400625000003,2,1,193.0,offer,2026-09-05T06:47:01.154260+00:00
a6b4302f-385b-4864-8dc4-a828a2a8e760,fUSD,0.00014900556250000002,2,1,300.0,offer,2026-09-05T06:47:01.154260+00:00
a6b4302f-385b-4864-8dc4-a828a2a8e760,fUSD,0.00014900867500000002,2,1,250.0,offer,2026-09-05T06:47:01.154260+00:00
a6b4302f-385b-4864-8dc4-a828a2a8e760,fUSD,0.00014902990000000002,2,1,219.47336329,offer,2026-09-05T06:47:01.154260+00:00
a6b4302f-385b-4864-8dc4-a828a2a8e760,fUSD,0.0001490649,2,1,5000.0,offer,2026-09-05T06:47:01.154260+00:00
a6b4302f-385b-4864-8dc4-a828a2a8e760,fUSD,0.0001491726212350685,2,1,159.98,offer,2026-09-05T06:47:01.154260+00:00
a6b4302f-385b-4864-8dc4-a828a2a8e760,fUSD,0.00014924,2,1,225.34,offer,2026-09-05T06:47:01.154260+00:00
a6b4302f-385b-4864-8dc4-a828a2a8e760,fUSD,0.00014931,2,1,150.0,offer,2026-09-05T06:47:01.154260+00:00
a6b4302f-385b-4864-8dc4-a828a2a8e760,fUSD,0.00014932,2,16,6773.47133744,offer,2026-09-05T06:47:01.154260+00:00
a6b4302f-385b-4864-8dc4-a828a2a8e760,fUSD,0.000149515,2,1,151.0,offer,2026-09-05T06:47:01.154260+00:00
a6b4302f-385b-4864-8dc4-a828a2a8e760,fUSD,0.00014953,2,2,2998.902,offer,2026-09-05T06:47:01.154260+00:00
a6b4302f-385b-4864-8dc4-a828a2a8e760,fUSD,0.00014953212328767124,2,1,3737.44,offer,2026-09-05T06:47:01.154260+00:00
a6b4302f-385b-4864-8dc4-a828a2a8e760,fUSD,0.00014979012449999998,2,1,209.299,offer,2026-09-05T06:47:01.154260+00:00
a6b4302f-385b-4864-8dc4-a828a2a8e760,fUSD,0.0001499,2,1,295.42854778,offer,2026-09-05T06:47:01.154260+00:00
a6b4302f-385b-4864-8dc4-a828a2a8e760,fUSD,0.00014997,2,2,302.0,offer,2026-09-05T06:47:01.154260+00:00
a6b4302f-385b-4864-8dc4-a828a2a8e760,fUSD,0.00014998,2,2,1000.0,offer,2026-09-05T06:47:01.154260+00:00
a6b4302f-385b-4864-8dc4-a828a2a8e760,fUSD,0.00014999,2,21,264781.75694454,offer,2026-09-05T06:47:01.154260+00:00
a6b4302f-385b-4864-8dc4-a828a2a8e760,fUSD,0.00015,2,10,1293193.21148293,offer,2026-09-05T06:47:01.154260+00:00
a6b4302f-385b-4864-8dc4-a828a2a8e760,fUSD,0.0001502561,2,1,300.12,offer,2026-09-05T06:47:01.154260+00:00
a6b4302f-385b-4864-8dc4-a828a2a8e760,fUSD,0.00015029452191780821,2,1,160.92,offer,2026-09-05T06:47:01.154260+00:00
a6b4302f-385b-4864-8dc4-a828a2a8e760,fUSD,0.0001505,2,1,150.0,offer,2026-09-05T06:47:01.154260+00:00
a6b4302f-385b-4864-8dc4-a828a2a8e760,fUSD,0.0001506699,2,5,941.16,offer,2026-09-05T06:47:01.154260+00:00
a6b4302f-385b-4864-8dc4-a828a2a8e760,fUSD,0.0001507175,2,1,1500.0,offer,2026-09-05T06:47:01.154260+00:00
cfe6eddf-b3fb-4eed-83af-782d3af05372,fUSD,0.000273972602739726,120,1,-7030689.60449447,demand,2026-09-05T07:47:00.875442+00:00
cfe6eddf-b3fb-4eed-83af-782d3af05372,fUSD,0.00022,30,1,-30100.0,demand,2026-09-05T07:47:00.875442+00:00
cfe6eddf-b3fb-4eed-83af-782d3af05372,fUSD,0.00021,30,1,-30000.0,demand,2026-09-05T07:47:00.875442+00:00
cfe6eddf-b3fb-4eed-83af-782d3af05372,fUSD,0.000209,30,1,-6289.12258117,demand,2026-09-05T07:47:00.875442+00:00
cfe6eddf-b3fb-4eed-83af-782d3af05372,fUSD,0.0002,7,1,-150.0,demand,2026-09-05T07:47:00.875442+00:00
cfe6eddf-b3fb-4eed-83af-782d3af05372,fUSD,0.00018010999999999998,120,1,-133240.73391109,demand,2026-09-05T07:47:00.875442+00:00
cfe6eddf-b3fb-4eed-83af-782d3af05372,fUSD,0.0001777,120,1,-23123.30278361,demand,2026-09-05T07:47:00.875442+00:00
cfe6eddf-b3fb-4eed-83af-782d3af05372,fUSD,0.000174,120,1,-12350.0,demand,2026-09-05T07:47:00.875442+00:00
cfe6eddf-b3fb-4eed-83af-782d3af05372,fUSD,0.0001713,120,1,-20000.0,demand,2026-09-05T07:47:00.875442+00:00
cfe6eddf-b3fb-4eed-83af-782d3af05372,fUSD,0.0001712,120,1,-20000.0,demand,2026-09-05T07:47:00.875442+00:00
cfe6eddf-b3fb-4eed-83af-782d3af05372,fUSD,0.00017111,120,1,-2000000.0,demand,2026-09-05T07:47:00.875442+00:00
cfe6eddf-b3fb-4eed-83af-782d3af05372,fUSD,0.0001703,90,1,-19792.0,demand,2026-09-05T07:47:00.875442+00:00
cfe6eddf-b3fb-4eed-83af-782d3af05372,fUSD,0.00017,120,1,-150.0,demand,2026-09-05T07:47:00.875442+00:00
cfe6eddf-b3fb-4eed-83af-782d3af05372,fUSD,0.0001603,60,1,-18000.0,demand,2026-09-05T07:47:00.875442+00:00
cfe6eddf-b3fb-4eed-83af-782d3af05372,fUSD,0.00016,120,2,-10009162.66122322,demand,2026-09-05T07:47:00.875442+00:00
cfe6eddf-b3fb-4eed-83af-782d3af05372,fUSD,0.000152,30,3,-2831.19,demand,2026-09-05T07:47:00.875442+00:00
cfe6eddf-b3fb-4eed-83af-782d3af05372,fUSD,0.000151,120,1,-10000.0,demand,2026-09-05T07:47:00.875442+00:00
cfe6eddf-b3fb-4eed-83af-782d3af05372,fUSD,0.0001503,30,1,-20000.0,demand,2026-09-05T07:47:00.875442+00:00
cfe6eddf-b3fb-4eed-83af-782d3af05372,fUSD,0.00015001,5,10,-199847.07012706,demand,2026-09-05T07:47:00.875442+00:00
cfe6eddf-b3fb-4eed-83af-782d3af05372,fUSD,0.00015,29,1,-91128.42113844,demand,2026-09-05T07:47:00.875442+00:00
cfe6eddf-b3fb-4eed-83af-782d3af05372,fUSD,0.00015,120,1,-500.0,demand,2026-09-05T07:47:00.875442+00:00
cfe6eddf-b3fb-4eed-83af-782d3af05372,fUSD,0.00015,2,1,-10000.0,demand,2026-09-05T07:47:00.875442+00:00
cfe6eddf-b3fb-4eed-83af-782d3af05372,fUSD,0.00015,30,1,-3800.0,demand,2026-09-05T07:47:00.875442+00:00
cfe6eddf-b3fb-4eed-83af-782d3af05372,fUSD,0.00015,7,1,-3300.0,demand,2026-09-05T07:47:00.875442+00:00
cfe6eddf-b3fb-4eed-83af-782d3af05372,fUSD,0.000149,2,1,-1602728.85273975,demand,2026-09-05T07:47:00.875442+00:00
cfe6eddf-b3fb-4eed-83af-782d3af05372,fUSD,0.00014925197398027397,2,1,8.67,offer,2026-09-05T07:47:00.875442+00:00
cfe6eddf-b3fb-4eed-83af-782d3af05372,fUSD,0.00014936646370246575,2,1,835.79515035,offer,2026-09-05T07:47:00.875442+00:00
cfe6eddf-b3fb-4eed-83af-782d3af05372,fUSD,0.00014948095342465754,2,1,477.35,offer,2026-09-05T07:47:00.875442+00:00
cfe6eddf-b3fb-4eed-83af-782d3af05372,fUSD,0.00014960321506849315,2,1,250.0,offer,2026-09-05T07:47:00.875442+00:00
cfe6eddf-b3fb-4eed-83af-782d3af05372,fUSD,0.00014980728602739725,2,1,250.0,offer,2026-09-05T07:47:00.875442+00:00
cfe6eddf-b3fb-4eed-83af-782d3af05372,fUSD,0.0001499,2,1,173.4761826,offer,2026-09-05T07:47:00.875442+00:00
cfe6eddf-b3fb-4eed-83af-782d3af05372,fUSD,0.00014992000000000003,2,18,8998.49297884,offer,2026-09-05T07:47:00.875442+00:00
cfe6eddf-b3fb-4eed-83af-782d3af05372,fUSD,0.00014998,2,1,178.02,offer,2026-09-05T07:47:00.875442+00:00
cfe6eddf-b3fb-4eed-83af-782d3af05372,fUSD,0.00014999,2,21,203998.21659382,offer,2026-09-05T07:47:00.875442+00:00
cfe6eddf-b3fb-4eed-83af-782d3af05372,fUSD,0.00015,2,3,1059159.48580824,offer,2026-09-05T07:47:00.875442+00:00
cfe6eddf-b3fb-4eed-83af-782d3af05372,fUSD,0.00015088,2,1,150.0,offer,2026-09-05T07:47:00.875442+00:00
cfe6eddf-b3fb-4eed-83af-782d3af05372,fUSD,0.0001510352,2,1,325.74,offer,2026-09-05T07:47:00.875442+00:00
cfe6eddf-b3fb-4eed-83af-782d3af05372,fUSD,0.00015169882329534246,2,1,158.67,offer,2026-09-05T07:47:00.875442+00:00
cfe6eddf-b3fb-4eed-83af-782d3af05372,fUSD,0.0001521391,2,1,310.22,offer,2026-09-05T07:47:00.875442+00:00
cfe6eddf-b3fb-4eed-83af-782d3af05372,fUSD,0.00015238,2,1,150.0,offer,2026-09-05T07:47:00.875442+00:00
cfe6eddf-b3fb-4eed-83af-782d3af05372,fUSD,0.00015299999999999998,7,1,237.14873102,offer,2026-09-05T07:47:00.875442+00:00
cfe6eddf-b3fb-4eed-83af-782d3af05372,fUSD,0.000153008,2,1,325.74,offer,2026-09-05T07:47:00.875442+00:00
cfe6eddf-b3fb-4eed-83af-782d3af05372,fUSD,0.00015303042328767123,2,1,254.7,offer,2026-09-05T07:47:00.875442+00:00
cfe6eddf-b3fb-4eed-83af-782d3af05372,fUSD,0.00015309,2,1,1464.0,offer,2026-09-05T07:47:00.875442+00:00
cfe6eddf-b3fb-4eed-83af-782d3af05372,fUSD,0.00015312670684931507,2,1,477.35,offer,2026-09-05T07:47:00.875442+00:00
cfe6eddf-b3fb-4eed-83af-782d3af05372,fUSD,0.0001533,2,2,3642.0,offer,2026-09-05T07:47:00.875442+00:00
cfe6eddf-b3fb-4eed-83af-782d3af05372,fUSD,0.00015387,2,1,150.0,offer,2026-09-05T07:47:00.875442+00:00
cfe6eddf-b3fb-4eed-83af-782d3af05372,fUSD,0.0001539014,2,1,1593.66,offer,2026-09-05T07:47:00.875442+00:00
cfe6eddf-b3fb-4eed-83af-782d3af05372,fUSD,0.00015414567261041095,2,1,158.67,offer,2026-09-05T07:47:00.875442+00:00
cfe6eddf-b3fb-4eed-83af-782d3af05372,fUSD,0.0001543672,2,2,635.96,offer,2026-09-05T07:47:00.875442+00:00
36dd265b-d172-4003-a5dc-0d0f65855045,fUSD,0.000273972602739726,120,1,-7006850.55449447,demand,2026-09-05T08:47:00.942760+00:00
36dd265b-d172-4003-a5dc-0d0f65855045,fUSD,0.00022,30,1,-30100.0,demand,2026-09-05T08:47:00.942760+00:00
36dd265b-d172-4003-a5dc-0d0f65855045,fUSD,0.00021,30,1,-30000.0,demand,2026-09-05T08:47:00.942760+00:00
36dd265b-d172-4003-a5dc-0d0f65855045,fUSD,0.000209,30,1,-6289.12258117,demand,2026-09-05T08:47:00.942760+00:00
36dd265b-d172-4003-a5dc-0d0f65855045,fUSD,0.0002,7,1,-150.0,demand,2026-09-05T08:47:00.942760+00:00
36dd265b-d172-4003-a5dc-0d0f65855045,fUSD,0.00018010999999999998,120,1,-133240.73391109,demand,2026-09-05T08:47:00.942760+00:00
36dd265b-d172-4003-a5dc-0d0f65855045,fUSD,0.0001777,120,1,-23123.30278361,demand,2026-09-05T08:47:00.942760+00:00
36dd265b-d172-4003-a5dc-0d0f65855045,fUSD,0.000174,120,1,-12350.0,demand,2026-09-05T08:47:00.942760+00:00
36dd265b-d172-4003-a5dc-0d0f65855045,fUSD,0.0001713,120,1,-20000.0,demand,2026-09-05T08:47:00.942760+00:00
36dd265b-d172-4003-a5dc-0d0f65855045,fUSD,0.0001712,120,1,-20000.0,demand,2026-09-05T08:47:00.942760+00:00
36dd265b-d172-4003-a5dc-0d0f65855045,fUSD,0.00017111,120,1,-2000000.0,demand,2026-09-05T08:47:00.942760+00:00
36dd265b-d172-4003-a5dc-0d0f65855045,fUSD,0.0001703,90,1,-19792.0,demand,2026-09-05T08:47:00.942760+00:00
36dd265b-d172-4003-a5dc-0d0f65855045,fUSD,0.00017,120,1,-150.0,demand,2026-09-05T08:47:00.942760+00:00
36dd265b-d172-4003-a5dc-0d0f65855045,fUSD,0.0001603,60,1,-18000.0,demand,2026-09-05T08:47:00.942760+00:00
36dd265b-d172-4003-a5dc-0d0f65855045,fUSD,0.00016,120,2,-10009162.66122322,demand,2026-09-05T08:47:00.942760+00:00
36dd265b-d172-4003-a5dc-0d0f65855045,fUSD,0.000152,30,3,-2831.19,demand,2026-09-05T08:47:00.942760+00:00
36dd265b-d172-4003-a5dc-0d0f65855045,fUSD,0.000151,120,1,-10000.0,demand,2026-09-05T08:47:00.942760+00:00
36dd265b-d172-4003-a5dc-0d0f65855045,fUSD,0.0001503,30,1,-20000.0,demand,2026-09-05T08:47:00.942760+00:00
36dd265b-d172-4003-a5dc-0d0f65855045,fUSD,0.00015001,5,10,-200000.0,demand,2026-09-05T08:47:00.942760+00:00
36dd265b-d172-4003-a5dc-0d0f65855045,fUSD,0.00015,29,1,-91128.42113844,demand,2026-09-05T08:47:00.942760+00:00
36dd265b-d172-4003-a5dc-0d0f65855045,fUSD,0.00015,120,1,-500.0,demand,2026-09-05T08:47:00.942760+00:00
36dd265b-d172-4003-a5dc-0d0f65855045,fUSD,0.00015,2,1,-10000.0,demand,2026-09-05T08:47:00.942760+00:00
36dd265b-d172-4003-a5dc-0d0f65855045,fUSD,0.00015,30,1,-3800.0,demand,2026-09-05T08:47:00.942760+00:00
36dd265b-d172-4003-a5dc-0d0f65855045,fUSD,0.00015,7,1,-3300.0,demand,2026-09-05T08:47:00.942760+00:00
36dd265b-d172-4003-a5dc-0d0f65855045,fUSD,0.000149,2,1,-1532721.38227299,demand,2026-09-05T08:47:00.942760+00:00
36dd265b-d172-4003-a5dc-0d0f65855045,fUSD,0.00014999,2,1,150.0,offer,2026-09-05T08:47:00.942760+00:00
36dd265b-d172-4003-a5dc-0d0f65855045,fUSD,0.000149995,2,1,639.63705508,offer,2026-09-05T08:47:00.942760+00:00
36dd265b-d172-4003-a5dc-0d0f65855045,fUSD,0.00015,2,6,1311332.03826115,offer,2026-09-05T08:47:00.942760+00:00
36dd265b-d172-4003-a5dc-0d0f65855045,fUSD,0.0001505909,2,1,250.0,offer,2026-09-05T08:47:00.942760+00:00
36dd265b-d172-4003-a5dc-0d0f65855045,fUSD,0.0001505921,2,1,364.29,offer,2026-09-05T08:47:00.942760+00:00
36dd265b-d172-4003-a5dc-0d0f65855045,fUSD,0.0001511524,2,1,364.29,offer,2026-09-05T08:47:00.942760+00:00
36dd265b-d172-4003-a5dc-0d0f65855045,fUSD,0.00015121,2,1,9189.8090668,offer,2026-09-05T08:47:00.942760+00:00
36dd265b-d172-4003-a5dc-0d0f65855045,fUSD,0.000151332801369863,2,1,333.39,offer,2026-09-05T08:47:00.942760+00:00
36dd265b-d172-4003-a5dc-0d0f65855045,fUSD,0.0001516388,2,1,364.29,offer,2026-09-05T08:47:00.942760+00:00
36dd265b-d172-4003-a5dc-0d0f65855045,fUSD,0.0001517752,2,1,578.33,offer,2026-09-05T08:47:00.942760+00:00
36dd265b-d172-4003-a5dc-0d0f65855045,fUSD,0.00015192,2,2,29876.2407091,offer,2026-09-05T08:47:00.942760+00:00
36dd265b-d172-4003-a5dc-0d0f65855045,fUSD,0.00015203,2,2,97893.942415,offer,2026-09-05T08:47:00.942760+00:00
36dd265b-d172-4003-a5dc-0d0f65855045,fUSD,0.0001520713,2,1,364.29,offer,2026-09-05T08:47:00.942760+00:00
36dd265b-d172-4003-a5dc-0d0f65855045,fUSD,0.0001521,2,1,249.0,offer,2026-09-05T08:47:00.942760+00:00
36dd265b-d172-4003-a5dc-0d0f65855045,fUSD,0.0001521391,2,1,304.3,offer,2026-09-05T08:47:00.942760+00:00
36dd265b-d172-4003-a5dc-0d0f65855045,fUSD,0.0001524625,2,1,364.29,offer,2026-09-05T08:47:00.942760+00:00
36dd265b-d172-4003-a5dc-0d0f65855045,fUSD,0.0001527,2,3,1736.27,offer,2026-09-05T08:47:00.942760+00:00
36dd265b-d172-4003-a5dc-0d0f65855045,fUSD,0.0001528209,2,1,364.29,offer,2026-09-05T08:47:00.942760+00:00
36dd265b-d172-4003-a5dc-0d0f65855045,fUSD,0.00015294,2,1,484.0,offer,2026-09-05T08:47:00.942760+00:00
36dd265b-d172-4003-a5dc-0d0f65855045,fUSD,0.00015299999999999998,7,1,237.14873102,offer,2026-09-05T08:47:00.942760+00:00
36dd265b-d172-4003-a5dc-0d0f65855045,fUSD,0.00015299999999999998,3,1,507.61032308,offer,2026-09-05T08:47:00.942760+00:00
36dd265b-d172-4003-a5dc-0d0f65855045,fUSD,0.0001531523,2,1,364.29,offer,2026-09-05T08:47:00.942760+00:00
36dd265b-d172-4003-a5dc-0d0f65855045,fUSD,0.0001534613,2,1,364.29,offer,2026-09-05T08:47:00.942760+00:00
36dd265b-d172-4003-a5dc-0d0f65855045,fUSD,0.0001536,2,1,249.0,offer,2026-09-05T08:47:00.942760+00:00
36dd265b-d172-4003-a5dc-0d0f65855045,fUSD,0.0001537512,2,1,364.29,offer,2026-09-05T08:47:00.942760+00:00
8db0df10-3756-44cf-b96e-171f822c8300,fUSD,0.000273972602739726,120,1,-6998850.96955741,demand,2026-09-05T09:47:00.856584+00:00
8db0df10-3756-44cf-b96e-171f822c8300,fUSD,0.00022,30,1,-30100.0,demand,2026-09-05T09:47:00.856584+00:00
8db0df10-3756-44cf-b96e-171f822c8300,fUSD,0.00021,30,1,-30000.0,demand,2026-09-05T09:47:00.856584+00:00
8db0df10-3756-44cf-b96e-171f822c8300,fUSD,0.000209,30,1,-6289.12258117,demand,2026-09-05T09:47:00.856584+00:00
8db0df10-3756-44cf-b96e-171f822c8300,fUSD,0.0002,7,1,-150.0,demand,2026-09-05T09:47:00.856584+00:00
8db0df10-3756-44cf-b96e-171f822c8300,fUSD,0.00018010999999999998,120,1,-133240.73391109,demand,2026-09-05T09:47:00.856584+00:00
8db0df10-3756-44cf-b96e-171f822c8300,fUSD,0.0001777,120,1,-23123.30278361,demand,2026-09-05T09:47:00.856584+00:00
8db0df10-3756-44cf-b96e-171f822c8300,fUSD,0.000174,120,1,-12350.0,demand,2026-09-05T09:47:00.856584+00:00
8db0df10-3756-44cf-b96e-171f822c8300,fUSD,0.0001713,120,1,-20000.0,demand,2026-09-05T09:47:00.856584+00:00
8db0df10-3756-44cf-b96e-171f822c8300,fUSD,0.0001712,120,1,-20000.0,demand,2026-09-05T09:47:00.856584+00:00
8db0df10-3756-44cf-b96e-171f822c8300,fUSD,0.00017111,120,1,-2000000.0,demand,2026-09-05T09:47:00.856584+00:00
8db0df10-3756-44cf-b96e-171f822c8300,fUSD,0.0001703,90,1,-19792.0,demand,2026-09-05T09:47:00.856584+00:00
8db0df10-3756-44cf-b96e-171f822c8300,fUSD,0.00017,120,1,-150.0,demand,2026-09-05T09:47:00.856584+00:00
8db0df10-3756-44cf-b96e-171f822c8300,fUSD,0.0001603,60,1,-18000.0,demand,2026-09-05T09:47:00.856584+00:00
8db0df10-3756-44cf-b96e-171f822c8300,fUSD,0.00016,120,2,-10009162.66122322,demand,2026-09-05T09:47:00.856584+00:00
8db0df10-3756-44cf-b96e-171f822c8300,fUSD,0.000152,30,3,-2831.19,demand,2026-09-05T09:47:00.856584+00:00
8db0df10-3756-44cf-b96e-171f822c8300,fUSD,0.000151,120,1,-10000.0,demand,2026-09-05T09:47:00.856584+00:00
8db0df10-3756-44cf-b96e-171f822c8300,fUSD,0.0001503,30,1,-20000.0,demand,2026-09-05T09:47:00.856584+00:00
8db0df10-3756-44cf-b96e-171f822c8300,fUSD,0.00015001,5,10,-196920.51396458,demand,2026-09-05T09:47:00.856584+00:00
8db0df10-3756-44cf-b96e-171f822c8300,fUSD,0.00015,29,1,-91128.42113844,demand,2026-09-05T09:47:00.856584+00:00
8db0df10-3756-44cf-b96e-171f822c8300,fUSD,0.00015,120,1,-500.0,demand,2026-09-05T09:47:00.856584+00:00
8db0df10-3756-44cf-b96e-171f822c8300,fUSD,0.00015,2,1,-10000.0,demand,2026-09-05T09:47:00.856584+00:00
8db0df10-3756-44cf-b96e-171f822c8300,fUSD,0.00015,30,1,-3800.0,demand,2026-09-05T09:47:00.856584+00:00
8db0df10-3756-44cf-b96e-171f822c8300,fUSD,0.00015,7,1,-3300.0,demand,2026-09-05T09:47:00.856584+00:00
8db0df10-3756-44cf-b96e-171f822c8300,fUSD,0.000149,2,1,-1452732.43252835,demand,2026-09-05T09:47:00.856584+00:00
8db0df10-3756-44cf-b96e-171f822c8300,fUSD,0.0001499,2,6,1417.05,offer,2026-09-05T09:47:00.856584+00:00
8db0df10-3756-44cf-b96e-171f822c8300,fUSD,0.000149905,2,62,29894.73335208,offer,2026-09-05T09:47:00.856584+00:00
8db0df10-3756-44cf-b96e-171f822c8300,fUSD,0.00014990750000000002,2,1,2233.49779606,offer,2026-09-05T09:47:00.856584+00:00
8db0df10-3756-44cf-b96e-171f822c8300,fUSD,0.000149915,2,1,565.5985124,offer,2026-09-05T09:47:00.856584+00:00
8db0df10-3756-44cf-b96e-171f822c8300,fUSD,0.00014993,2,1,250.0,offer,2026-09-05T09:47:00.856584+00:00
8db0df10-3756-44cf-b96e-171f822c8300,fUSD,0.00014995,2,6,1697.35365872,offer,2026-09-05T09:47:00.856584+00:00
8db0df10-3756-44cf-b96e-171f822c8300,fUSD,0.00014998,2,1,345.13929744,offer,2026-09-05T09:47:00.856584+00:00
8db0df10-3756-44cf-b96e-171f822c8300,fUSD,0.00014999,2,40,335143.68606376,offer,2026-09-05T09:47:00.856584+00:00
8db0df10-3756-44cf-b96e-171f822c8300,fUSD,0.00014999495,2,5,755.0,offer,2026-09-05T09:47:00.856584+00:00
8db0df10-3756-44cf-b96e-171f822c8300,fUSD,0.00015,2,35,420682.35004045,offer,2026-09-05T09:47:00.856584+00:00
8db0df10-3756-44cf-b96e-171f822c8300,fUSD,0.0001501,2,11,17371.68440984,offer,2026-09-05T09:47:00.856584+00:00
8db0df10-3756-44cf-b96e-171f822c8300,fUSD,0.00015059,2,11,9500.201792,offer,2026-09-05T09:47:00.856584+00:00
8db0df10-3756-44cf-b96e-171f822c8300,fUSD,0.0001505921,2,17,119528.73,offer,2026-09-05T09:47:00.856584+00:00
8db0df10-3756-44cf-b96e-171f822c8300,fUSD,0.00015072,2,11,9556.574979,offer,2026-09-05T09:47:00.856584+00:00
8db0df10-3756-44cf-b96e-171f822c8300,fUSD,0.00015072328767123288,2,4,40279.77,offer,2026-09-05T09:47:00.856584+00:00
8db0df10-3756-44cf-b96e-171f822c8300,fUSD,0.0001507239425479452,2,1,158.67,offer,2026-09-05T09:47:00.856584+00:00
8db0df10-3756-44cf-b96e-171f822c8300,fUSD,0.0001511524,2,1,364.29,offer,2026-09-05T09:47:00.856584+00:00
8db0df10-3756-44cf-b96e-171f822c8300,fUSD,0.0001514,2,1,264.0,offer,2026-09-05T09:47:00.856584+00:00
8db0df10-3756-44cf-b96e-171f822c8300,fUSD,0.00015147,2,2,302.0,offer,2026-09-05T09:47:00.856584+00:00
8db0df10-3756-44cf-b96e-171f822c8300,fUSD,0.0001514713698630137,2,1,151.0,offer,2026-09-05T09:47:00.856584+00:00
8db0df10-3756-44cf-b96e-171f822c8300,fUSD,0.00015149,2,2,1091.43467622,offer,2026-09-05T09:47:00.856584+00:00
8db0df10-3756-44cf-b96e-171f822c8300,fUSD,0.00015150200115598977,2,1,51631.79832991,offer,2026-09-05T09:47:00.856584+00:00
8db0df10-3756-44cf-b96e-171f822c8300,fUSD,0.0001516388,2,1,364.29,offer,2026-09-05T09:47:00.856584+00:00
8db0df10-3756-44cf-b96e-171f822c8300,fUSD,0.0001520713,2,1,364.29,offer,2026-09-05T09:47:00.856584+00:00
8db0df10-3756-44cf-b96e-171f822c8300,fUSD,0.0001521391,2,1,304.3,offer,2026-09-05T09:47:00.856584+00:00
6ce13af5-db4c-40fc-896c-299d086c5195,fUSD,0.000273972602739726,120,1,-6980337.03293118,demand,2026-09-05T10:47:00.814215+00:00
6ce13af5-db4c-40fc-896c-299d086c5195,fUSD,0.00022,30,1,-30100.0,demand,2026-09-05T10:47:00.814215+00:00
6ce13af5-db4c-40fc-896c-299d086c5195,fUSD,0.00021,30,1,-30000.0,demand,2026-09-05T10:47:00.814215+00:00
6ce13af5-db4c-40fc-896c-299d086c5195,fUSD,0.000209,30,1,-6289.12258117,demand,2026-09-05T10:47:00.814215+00:00
6ce13af5-db4c-40fc-896c-299d086c5195,fUSD,0.0002,7,1,-150.0,demand,2026-09-05T10:47:00.814215+00:00
6ce13af5-db4c-40fc-896c-299d086c5195,fUSD,0.00018010999999999998,120,1,-133240.73391109,demand,2026-09-05T10:47:00.814215+00:00
6ce13af5-db4c-40fc-896c-299d086c5195,fUSD,0.0001777,120,1,-23123.30278361,demand,2026-09-05T10:47:00.814215+00:00
6ce13af5-db4c-40fc-896c-299d086c5195,fUSD,0.000174,120,1,-12350.0,demand,2026-09-05T10:47:00.814215+00:00
6ce13af5-db4c-40fc-896c-299d086c5195,fUSD,0.0001713,120,1,-20000.0,demand,2026-09-05T10:47:00.814215+00:00
6ce13af5-db4c-40fc-896c-299d086c5195,fUSD,0.0001712,120,1,-20000.0,demand,2026-09-05T10:47:00.814215+00:00
6ce13af5-db4c-40fc-896c-299d086c5195,fUSD,0.00017111,120,1,-2000000.0,demand,2026-09-05T10:47:00.814215+00:00
6ce13af5-db4c-40fc-896c-299d086c5195,fUSD,0.0001703,90,1,-19792.0,demand,2026-09-05T10:47:00.814215+00:00
6ce13af5-db4c-40fc-896c-299d086c5195,fUSD,0.00017,120,1,-150.0,demand,2026-09-05T10:47:00.814215+00:00
6ce13af5-db4c-40fc-896c-299d086c5195,fUSD,0.0001603,60,1,-18000.0,demand,2026-09-05T10:47:00.814215+00:00
6ce13af5-db4c-40fc-896c-299d086c5195,fUSD,0.00016,120,2,-10009162.66122322,demand,2026-09-05T10:47:00.814215+00:00
6ce13af5-db4c-40fc-896c-299d086c5195,fUSD,0.000152,30,3,-2831.19,demand,2026-09-05T10:47:00.814215+00:00
6ce13af5-db4c-40fc-896c-299d086c5195,fUSD,0.000151,120,1,-10000.0,demand,2026-09-05T10:47:00.814215+00:00
6ce13af5-db4c-40fc-896c-299d086c5195,fUSD,0.0001503,30,1,-20000.0,demand,2026-09-05T10:47:00.814215+00:00
6ce13af5-db4c-40fc-896c-299d086c5195,fUSD,0.00015001,5,10,-196605.95770054,demand,2026-09-05T10:47:00.814215+00:00
6ce13af5-db4c-40fc-896c-299d086c5195,fUSD,0.00015,29,1,-91128.42113844,demand,2026-09-05T10:47:00.814215+00:00
6ce13af5-db4c-40fc-896c-299d086c5195,fUSD,0.00015,120,1,-500.0,demand,2026-09-05T10:47:00.814215+00:00
6ce13af5-db4c-40fc-896c-299d086c5195,fUSD,0.00015,2,1,-10000.0,demand,2026-09-05T10:47:00.814215+00:00
6ce13af5-db4c-40fc-896c-299d086c5195,fUSD,0.00015,30,1,-3800.0,demand,2026-09-05T10:47:00.814215+00:00
6ce13af5-db4c-40fc-896c-299d086c5195,fUSD,0.00015,7,1,-3300.0,demand,2026-09-05T10:47:00.814215+00:00
6ce13af5-db4c-40fc-896c-299d086c5195,fUSD,0.000149,2,1,-1277915.88337279,demand,2026-09-05T10:47:00.814215+00:00
6ce13af5-db4c-40fc-896c-299d086c5195,fUSD,0.00014984,2,2,804.79989693,offer,2026-09-05T10:47:00.814215+00:00
6ce13af5-db4c-40fc-896c-299d086c5195,fUSD,0.00014984999999999998,2,4,4097.24491549,offer,2026-09-05T10:47:00.814215+00:00
6ce13af5-db4c-40fc-896c-299d086c5195,fUSD,0.00014985,2,1,164.79,offer,2026-09-05T10:47:00.814215+00:00
6ce13af5-db4c-40fc-896c-299d086c5195,fUSD,0.0001499,2,1,222.79313061,offer,2026-09-05T10:47:00.814215+00:00
6ce13af5-db4c-40fc-896c-299d086c5195,fUSD,0.00014996,2,1,182.57,offer,2026-09-05T10:47:00.814215+00:00
6ce13af5-db4c-40fc-896c-299d086c5195,fUSD,0.00014997,2,5,1148.48812494,offer,2026-09-05T10:47:00.814215+00:00
6ce13af5-db4c-40fc-896c-299d086c5195,fUSD,0.00014997808219178083,2,2,1948.46553251,offer,2026-09-05T10:47:00.814215+00:00
6ce13af5-db4c-40fc-896c-299d086c5195,fUSD,0.00014998,2,14,6444.93047538,offer,2026-09-05T10:47:00.814215+00:00
6ce13af5-db4c-40fc-896c-299d086c5195,fUSD,0.000149985,2,11,1661.0,offer,2026-09-05T10:47:00.814215+00:00
6ce13af5-db4c-40fc-896c-299d086c5195,fUSD,0.000149989,2,1,1000.0,offer,2026-09-05T10:47:00.814215+00:00
6ce13af5-db4c-40fc-896c-299d086c5195,fUSD,0.00014999,2,48,350561.12782579,offer,2026-09-05T10:47:00.814215+00:00
6ce13af5-db4c-40fc-896c-299d086c5195,fUSD,0.00015,2,9,1454856.34271415,offer,2026-09-05T10:47:00.814215+00:00
6ce13af5-db4c-40fc-896c-299d086c5195,fUSD,0.00015001130410958904,2,1,1739.27,offer,2026-09-05T10:47:00.814215+00:00
6ce13af5-db4c-40fc-896c-299d086c5195,fUSD,0.00015011,2,13,84891.1651738,offer,2026-09-05T10:47:00.814215+00:00
6ce13af5-db4c-40fc-896c-299d086c5195,fUSD,0.0001502241,2,1,302.94,offer,2026-09-05T10:47:00.814215+00:00
6ce13af5-db4c-40fc-896c-299d086c5195,fUSD,0.0001503898,2,1,172.73,offer,2026-09-05T10:47:00.814215+00:00
6ce13af5-db4c-40fc-896c-299d086c5195,fUSD,0.0001506471,2,2,719.62,offer,2026-09-05T10:47:00.814215+00:00
6ce13af5-db4c-40fc-896c-299d086c5195,fUSD,0.000150716501,2,1,166.78,offer,2026-09-05T10:47:00.814215+00:00
6ce13af5-db4c-40fc-896c-299d086c5195,fUSD,0.000151,2,1,373.76,offer,2026-09-05T10:47:00.814215+00:00
6ce13af5-db4c-40fc-896c-299d086c5195,fUSD,0.0001512244,2,1,302.94,offer,2026-09-05T10:47:00.814215+00:00
6ce13af5-db4c-40fc-896c-299d086c5195,fUSD,0.00015124358695652173,2,2,302.0,offer,2026-09-05T10:47:00.814215+00:00
6ce13af5-db4c-40fc-896c-299d086c5195,fUSD,0.000151332,2,1,304.42,offer,2026-09-05T10:47:00.814215+00:00
6ce13af5-db4c-40fc-896c-299d086c5195,fUSD,0.00015145,2,1,211.0,offer,2026-09-05T10:47:00.814215+00:00
6ce13af5-db4c-40fc-896c-299d086c5195,fUSD,0.0001515,2,1,200.0,offer,2026-09-05T10:47:00.814215+00:00
6ce13af5-db4c-40fc-896c-299d086c5195,fUSD,0.00015198438390410962,7,1,214.03902528,offer,2026-09-05T10:47:00.814215+00:00
f5e55454-9381-4675-816d-d989b017d8a5,fUSD,0.000273972602739726,120,1,-6978289.86293118,demand,2026-09-05T11:47:01.102880+00:00
f5e55454-9381-4675-816d-d989b017d8a5,fUSD,0.00022,30,1,-30100.0,demand,2026-09-05T11:47:01.102880+00:00
f5e55454-9381-4675-816d-d989b017d8a5,fUSD,0.00021,30,1,-30000.0,demand,2026-09-05T11:47:01.102880+00:00
f5e55454-9381-4675-816d-d989b017d8a5,fUSD,0.000209,30,1,-6289.12258117,demand,2026-09-05T11:47:01.102880+00:00
f5e55454-9381-4675-816d-d989b017d8a5,fUSD,0.0002,7,1,-150.0,demand,2026-09-05T11:47:01.102880+00:00
f5e55454-9381-4675-816d-d989b017d8a5,fUSD,0.00018010999999999998,120,1,-133240.73391109,demand,2026-09-05T11:47:01.102880+00:00
f5e55454-9381-4675-816d-d989b017d8a5,fUSD,0.0001777,120,1,-23123.30278361,demand,2026-09-05T11:47:01.102880+00:00
f5e55454-9381-4675-816d-d989b017d8a5,fUSD,0.000174,120,1,-12350.0,demand,2026-09-05T11:47:01.102880+00:00
f5e55454-9381-4675-816d-d989b017d8a5,fUSD,0.0001713,120,1,-20000.0,demand,2026-09-05T11:47:01.102880+00:00
f5e55454-9381-4675-816d-d989b017d8a5,fUSD,0.0001712,120,1,-20000.0,demand,2026-09-05T11:47:01.102880+00:00
f5e55454-9381-4675-816d-d989b017d8a5,fUSD,0.00017111,120,1,-2000000.0,demand,2026-09-05T11:47:01.102880+00:00
f5e55454-9381-4675-816d-d989b017d8a5,fUSD,0.0001703,90,1,-19792.0,demand,2026-09-05T11:47:01.102880+00:00
f5e55454-9381-4675-816d-d989b017d8a5,fUSD,0.00017,120,1,-150.0,demand,2026-09-05T11:47:01.102880+00:00
f5e55454-9381-4675-816d-d989b017d8a5,fUSD,0.0001603,60,1,-18000.0,demand,2026-09-05T11:47:01.102880+00:00
f5e55454-9381-4675-816d-d989b017d8a5,fUSD,0.00016,120,2,-10009162.66122322,demand,2026-09-05T11:47:01.102880+00:00
f5e55454-9381-4675-816d-d989b017d8a5,fUSD,0.000152,30,3,-2831.19,demand,2026-09-05T11:47:01.102880+00:00
f5e55454-9381-4675-816d-d989b017d8a5,fUSD,0.000151,120,1,-10000.0,demand,2026-09-05T11:47:01.102880+00:00
f5e55454-9381-4675-816d-d989b017d8a5,fUSD,0.0001503,30,1,-20000.0,demand,2026-09-05T11:47:01.102880+00:00
f5e55454-9381-4675-816d-d989b017d8a5,fUSD,0.00015001,5,10,-196605.95770054,demand,2026-09-05T11:47:01.102880+00:00
f5e55454-9381-4675-816d-d989b017d8a5,fUSD,0.00015,29,1,-91128.42113844,demand,2026-09-05T11:47:01.102880+00:00
f5e55454-9381-4675-816d-d989b017d8a5,fUSD,0.00015,120,1,-500.0,demand,2026-09-05T11:47:01.102880+00:00
f5e55454-9381-4675-816d-d989b017d8a5,fUSD,0.00015,2,1,-10000.0,demand,2026-09-05T11:47:01.102880+00:00
f5e55454-9381-4675-816d-d989b017d8a5,fUSD,0.00015,30,1,-3800.0,demand,2026-09-05T11:47:01.102880+00:00
f5e55454-9381-4675-816d-d989b017d8a5,fUSD,0.00015,7,1,-3300.0,demand,2026-09-05T11:47:01.102880+00:00
f5e55454-9381-4675-816d-d989b017d8a5,fUSD,0.000149,2,1,-1244138.81800943,demand,2026-09-05T11:47:01.102880+00:00
f5e55454-9381-4675-816d-d989b017d8a5,fUSD,0.0001499,2,1,327.62264415,offer,2026-09-05T11:47:01.102880+00:00
f5e55454-9381-4675-816d-d989b017d8a5,fUSD,0.00014992,2,1,250.0,offer,2026-09-05T11:47:01.102880+00:00
f5e55454-9381-4675-816d-d989b017d8a5,fUSD,0.00014994,2,1,495.06677501,offer,2026-09-05T11:47:01.102880+00:00
f5e55454-9381-4675-816d-d989b017d8a5,fUSD,0.0001499579332191781,2,1,250.0,offer,2026-09-05T11:47:01.102880+00:00
f5e55454-9381-4675-816d-d989b017d8a5,fUSD,0.00014997,2,4,1401.32509755,offer,2026-09-05T11:47:01.102880+00:00
f5e55454-9381-4675-816d-d989b017d8a5,fUSD,0.00014998,2,3,738.29272165,offer,2026-09-05T11:47:01.102880+00:00
f5e55454-9381-4675-816d-d989b017d8a5,fUSD,0.00014998904109589042,2,1,500.0,offer,2026-09-05T11:47:01.102880+00:00
f5e55454-9381-4675-816d-d989b017d8a5,fUSD,0.00014999,2,45,378473.65304696,offer,2026-09-05T11:47:01.102880+00:00
f5e55454-9381-4675-816d-d989b017d8a5,fUSD,0.00015,2,30,1669085.91882769,offer,2026-09-05T11:47:01.102880+00:00
f5e55454-9381-4675-816d-d989b017d8a5,fUSD,0.000152,7,1,183.27670664,offer,2026-09-05T11:47:01.102880+00:00
f5e55454-9381-4675-816d-d989b017d8a5,fUSD,0.00015299999999999998,3,1,316.51977732,offer,2026-09-05T11:47:01.102880+00:00
f5e55454-9381-4675-816d-d989b017d8a5,fUSD,0.00015504,7,1,191.40438471,offer,2026-09-05T11:47:01.102880+00:00
f5e55454-9381-4675-816d-d989b017d8a5,fUSD,0.00015504,2,1,1816.67,offer,2026-09-05T11:47:01.102880+00:00
f5e55454-9381-4675-816d-d989b017d8a5,fUSD,0.00015546999999999997,2,1,151.0,offer,2026-09-05T11:47:01.102880+00:00
f5e55454-9381-4675-816d-d989b017d8a5,fUSD,0.00015606,2,1,9999.99,offer,2026-09-05T11:47:01.102880+00:00
f5e55454-9381-4675-816d-d989b017d8a5,fUSD,0.00015606,3,1,316.51977732,offer,2026-09-05T11:47:01.102880+00:00
f5e55454-9381-4675-816d-d989b017d8a5,fUSD,0.00015702157894736843,3,1,186.0,offer,2026-09-05T11:47:01.102880+00:00
f5e55454-9381-4675-816d-d989b017d8a5,fUSD,0.0001591812,2,3,11150.97,offer,2026-09-05T11:47:01.102880+00:00
f5e55454-9381-4675-816d-d989b017d8a5,fUSD,0.0001591812,4,1,316.51977732,offer,2026-09-05T11:47:01.102880+00:00
f5e55454-9381-4675-816d-d989b017d8a5,fUSD,0.00015952,2,1,166.0,offer,2026-09-05T11:47:01.102880+00:00
f5e55454-9381-4675-816d-d989b017d8a5,fUSD,0.0001607022,2,1,1711.49928702,offer,2026-09-05T11:47:01.102880+00:00
f5e55454-9381-4675-816d-d989b017d8a5,fUSD,0.0001616213,2,1,154.2,offer,2026-09-05T11:47:01.102880+00:00
f5e55454-9381-4675-816d-d989b017d8a5,fUSD,0.0001623322,2,1,5634.88259108,offer,2026-09-05T11:47:01.102880+00:00
f5e55454-9381-4675-816d-d989b017d8a5,fUSD,0.000162364824,5,1,316.51977732,offer,2026-09-05T11:47:01.102880+00:00
f5e55454-9381-4675-816d-d989b017d8a5,fUSD,0.0001631464,2,1,159.56,offer,2026-09-05T11:47:01.102880+00:00
a049123b-ce83-4a3d-b21a-4cd773c246fe,fUSD,0.000273972602739726,120,1,-6976845.98635812,demand,2026-09-05T12:47:01.403079+00:00
a049123b-ce83-4a3d-b21a-4cd773c246fe,fUSD,0.00022,30,1,-30100.0,demand,2026-09-05T12:47:01.403079+00:00
a049123b-ce83-4a3d-b21a-4cd773c246fe,fUSD,0.00021,30,1,-30000.0,demand,2026-09-05T12:47:01.403079+00:00
a049123b-ce83-4a3d-b21a-4cd773c246fe,fUSD,0.000209,30,1,-6289.12258117,demand,2026-09-05T12:47:01.403079+00:00
a049123b-ce83-4a3d-b21a-4cd773c246fe,fUSD,0.0002,7,1,-150.0,demand,2026-09-05T12:47:01.403079+00:00
a049123b-ce83-4a3d-b21a-4cd773c246fe,fUSD,0.00018010999999999998,120,1,-133240.73391109,demand,2026-09-05T12:47:01.403079+00:00
a049123b-ce83-4a3d-b21a-4cd773c246fe,fUSD,0.0001777,120,1,-23123.30278361,demand,2026-09-05T12:47:01.403079+00:00
a049123b-ce83-4a3d-b21a-4cd773c246fe,fUSD,0.000174,120,1,-12350.0,demand,2026-09-05T12:47:01.403079+00:00
a049123b-ce83-4a3d-b21a-4cd773c246fe,fUSD,0.0001713,120,1,-20000.0,demand,2026-09-05T12:47:01.403079+00:00
a049123b-ce83-4a3d-b21a-4cd773c246fe,fUSD,0.0001712,120,1,-20000.0,demand,2026-09-05T12:47:01.403079+00:00
a049123b-ce83-4a3d-b21a-4cd773c246fe,fUSD,0.00017111,120,1,-2000000.0,demand,2026-09-05T12:47:01.403079+00:00
a049123b-ce83-4a3d-b21a-4cd773c246fe,fUSD,0.0001703,90,1,-19792.0,demand,2026-09-05T12:47:01.403079+00:00
a049123b-ce83-4a3d-b21a-4cd773c246fe,fUSD,0.00017,120,1,-150.0,demand,2026-09-05T12:47:01.403079+00:00
a049123b-ce83-4a3d-b21a-4cd773c246fe,fUSD,0.00017,2,1,-150.0,demand,2026-09-05T12:47:01.403079+00:00
a049123b-ce83-4a3d-b21a-4cd773c246fe,fUSD,0.0001603,60,1,-18000.0,demand,2026-09-05T12:47:01.403079+00:00
a049123b-ce83-4a3d-b21a-4cd773c246fe,fUSD,0.00016,120,2,-10009162.66122322,demand,2026-09-05T12:47:01.403079+00:00
a049123b-ce83-4a3d-b21a-4cd773c246fe,fUSD,0.00016,7,1,-7500.0,demand,2026-09-05T12:47:01.403079+00:00
a049123b-ce83-4a3d-b21a-4cd773c246fe,fUSD,0.000152,30,3,-2831.19,demand,2026-09-05T12:47:01.403079+00:00
a049123b-ce83-4a3d-b21a-4cd773c246fe,fUSD,0.000151,120,1,-10000.0,demand,2026-09-05T12:47:01.403079+00:00
a049123b-ce83-4a3d-b21a-4cd773c246fe,fUSD,0.0001503,30,1,-20000.0,demand,2026-09-05T12:47:01.403079+00:00
a049123b-ce83-4a3d-b21a-4cd773c246fe,fUSD,0.00015001,5,10,-196427.11921454,demand,2026-09-05T12:47:01.403079+00:00
a049123b-ce83-4a3d-b21a-4cd773c246fe,fUSD,0.00015,29,1,-91128.42113844,demand,2026-09-05T12:47:01.403079+00:00
a049123b-ce83-4a3d-b21a-4cd773c246fe,fUSD,0.00015,120,1,-500.0,demand,2026-09-05T12:47:01.403079+00:00
a049123b-ce83-4a3d-b21a-4cd773c246fe,fUSD,0.00015,2,1,-10000.0,demand,2026-09-05T12:47:01.403079+00:00
a049123b-ce83-4a3d-b21a-4cd773c246fe,fUSD,0.00015,30,1,-3800.0,demand,2026-09-05T12:47:01.403079+00:00
a049123b-ce83-4a3d-b21a-4cd773c246fe,fUSD,0.0001499,2,1,488.83575485,offer,2026-09-05T12:47:01.403079+00:00
a049123b-ce83-4a3d-b21a-4cd773c246fe,fUSD,0.00014990109375,2,1,515.76674056,offer,2026-09-05T12:47:01.403079+00:00
a049123b-ce83-4a3d-b21a-4cd773c246fe,fUSD,0.0001499021875,2,1,390.41408537,offer,2026-09-05T12:47:01.403079+00:00
a049123b-ce83-4a3d-b21a-4cd773c246fe,fUSD,0.000149904375,2,1,250.0,offer,2026-09-05T12:47:01.403079+00:00
a049123b-ce83-4a3d-b21a-4cd773c246fe,fUSD,0.00014993525,2,1,250.0,offer,2026-09-05T12:47:01.403079+00:00
a049123b-ce83-4a3d-b21a-4cd773c246fe,fUSD,0.00014997,2,2,301.0,offer,2026-09-05T12:47:01.403079+00:00
a049123b-ce83-4a3d-b21a-4cd773c246fe,fUSD,0.00014998,2,12,6001.30621115,offer,2026-09-05T12:47:01.403079+00:00
a049123b-ce83-4a3d-b21a-4cd773c246fe,fUSD,0.00014998904109589042,2,2,316.39248714,offer,2026-09-05T12:47:01.403079+00:00
a049123b-ce83-4a3d-b21a-4cd773c246fe,fUSD,0.00014999,2,49,372933.11092881,offer,2026-09-05T12:47:01.403079+00:00
a049123b-ce83-4a3d-b21a-4cd773c246fe,fUSD,0.00014999001,2,2,966.0,offer,2026-09-05T12:47:01.403079+00:00
a049123b-ce83-4a3d-b21a-4cd773c246fe,fUSD,0.00015,2,18,2225025.27268834,offer,2026-09-05T12:47:01.403079+00:00
a049123b-ce83-4a3d-b21a-4cd773c246fe,fUSD,0.0001501261,2,1,1787.22,offer,2026-09-05T12:47:01.403079+00:00
a049123b-ce83-4a3d-b21a-4cd773c246fe,fUSD,0.00015068493150684933,2,1,150.0,offer,2026-09-05T12:47:01.403079+00:00
a049123b-ce83-4a3d-b21a-4cd773c246fe,fUSD,0.00015078,2,1,101329.5661951,offer,2026-09-05T12:47:01.403079+00:00
a049123b-ce83-4a3d-b21a-4cd773c246fe,fUSD,0.00015089,2,6,12246.1994227,offer,2026-09-05T12:47:01.403079+00:00
a049123b-ce83-4a3d-b21a-4cd773c246fe,fUSD,0.0001509117,2,1,200.0,offer,2026-09-05T12:47:01.403079+00:00
a049123b-ce83-4a3d-b21a-4cd773c246fe,fUSD,0.00015267945205479452,2,1,270.0,offer,2026-09-05T12:47:01.403079+00:00
a049123b-ce83-4a3d-b21a-4cd773c246fe,fUSD,0.00015299999999999998,3,1,315.37243729,offer,2026-09-05T12:47:01.403079+00:00
a049123b-ce83-4a3d-b21a-4cd773c246fe,fUSD,0.00015606,3,1,315.37243729,offer,2026-09-05T12:47:01.403079+00:00
a049123b-ce83-4a3d-b21a-4cd773c246fe,fUSD,0.00015670511251664188,2,1,19545.14752956,offer,2026-09-05T12:47:01.403079+00:00
a049123b-ce83-4a3d-b21a-4cd773c246fe,fUSD,0.00015716162468963895,2,1,250.0,offer,2026-09-05T12:47:01.403079+00:00
a049123b-ce83-4a3d-b21a-4cd773c246fe,fUSD,0.000158,2,2,596.54,offer,2026-09-05T12:47:01.403079+00:00
a049123b-ce83-4a3d-b21a-4cd773c246fe,fUSD,0.0001589682,2,1,305.21,offer,2026-09-05T12:47:01.403079+00:00
a049123b-ce83-4a3d-b21a-4cd773c246fe,fUSD,0.0001591812,4,1,315.37243729,offer,2026-09-05T12:47:01.403079+00:00
a049123b-ce83-4a3d-b21a-4cd773c246fe,fUSD,0.0001594,2,1,767.70079588,offer,2026-09-05T12:47:01.403079+00:00
10d89a34-d37a-4c34-a279-3a3821e2aab7,fUSD,0.000273972602739726,120,1,-6976345.42635812,demand,2026-09-05T13:47:00.974705+00:00
10d89a34-d37a-4c34-a279-3a3821e2aab7,fUSD,0.00022,30,1,-30100.0,demand,2026-09-05T13:47:00.974705+00:00
10d89a34-d37a-4c34-a279-3a3821e2aab7,fUSD,0.00021,30,1,-30000.0,demand,2026-09-05T13:47:00.974705+00:00
10d89a34-d37a-4c34-a279-3a3821e2aab7,fUSD,0.000209,30,1,-6289.12258117,demand,2026-09-05T13:47:00.974705+00:00
10d89a34-d37a-4c34-a279-3a3821e2aab7,fUSD,0.0002,7,1,-150.0,demand,2026-09-05T13:47:00.974705+00:00
10d89a34-d37a-4c34-a279-3a3821e2aab7,fUSD,0.00018010999999999998,120,1,-133240.73391109,demand,2026-09-05T13:47:00.974705+00:00
10d89a34-d37a-4c34-a279-3a3821e2aab7,fUSD,0.0001777,120,1,-23123.30278361,demand,2026-09-05T13:47:00.974705+00:00
10d89a34-d37a-4c34-a279-3a3821e2aab7,fUSD,0.000174,120,1,-12350.0,demand,2026-09-05T13:47:00.974705+00:00
10d89a34-d37a-4c34-a279-3a3821e2aab7,fUSD,0.0001713,120,1,-20000.0,demand,2026-09-05T13:47:00.974705+00:00
10d89a34-d37a-4c34-a279-3a3821e2aab7,fUSD,0.0001712,120,1,-20000.0,demand,2026-09-05T13:47:00.974705+00:00
10d89a34-d37a-4c34-a279-3a3821e2aab7,fUSD,0.00017111,120,1,-2000000.0,demand,2026-09-05T13:47:00.974705+00:00
10d89a34-d37a-4c34-a279-3a3821e2aab7,fUSD,0.0001703,90,1,-19792.0,demand,2026-09-05T13:47:00.974705+00:00
10d89a34-d37a-4c34-a279-3a3821e2aab7,fUSD,0.00017,120,1,-150.0,demand,2026-09-05T13:47:00.974705+00:00
10d89a34-d37a-4c34-a279-3a3821e2aab7,fUSD,0.0001603,60,1,-18000.0,demand,2026-09-05T13:47:00.974705+00:00
10d89a34-d37a-4c34-a279-3a3821e2aab7,fUSD,0.00016,120,2,-10009162.66122322,demand,2026-09-05T13:47:00.974705+00:00
10d89a34-d37a-4c34-a279-3a3821e2aab7,fUSD,0.00016,7,1,-5660.46577189,demand,2026-09-05T13:47:00.974705+00:00
10d89a34-d37a-4c34-a279-3a3821e2aab7,fUSD,0.000152,30,3,-2831.19,demand,2026-09-05T13:47:00.974705+00:00
10d89a34-d37a-4c34-a279-3a3821e2aab7,fUSD,0.000151,120,1,-10000.0,demand,2026-09-05T13:47:00.974705+00:00
10d89a34-d37a-4c34-a279-3a3821e2aab7,fUSD,0.0001503,30,1,-20000.0,demand,2026-09-05T13:47:00.974705+00:00
10d89a34-d37a-4c34-a279-3a3821e2aab7,fUSD,0.00015001,5,9,-180000.0,demand,2026-09-05T13:47:00.974705+00:00
10d89a34-d37a-4c34-a279-3a3821e2aab7,fUSD,0.00015001,4,1,-20000.0,demand,2026-09-05T13:47:00.974705+00:00
10d89a34-d37a-4c34-a279-3a3821e2aab7,fUSD,0.00015,29,1,-91128.42113844,demand,2026-09-05T13:47:00.974705+00:00
10d89a34-d37a-4c34-a279-3a3821e2aab7,fUSD,0.00015,120,1,-500.0,demand,2026-09-05T13:47:00.974705+00:00
10d89a34-d37a-4c34-a279-3a3821e2aab7,fUSD,0.00015,2,1,-10000.0,demand,2026-09-05T13:47:00.974705+00:00
10d89a34-d37a-4c34-a279-3a3821e2aab7,fUSD,0.00015,30,1,-3800.0,demand,2026-09-05T13:47:00.974705+00:00
10d89a34-d37a-4c34-a279-3a3821e2aab7,fUSD,0.00014998,2,1,150.0,offer,2026-09-05T13:47:00.974705+00:00
10d89a34-d37a-4c34-a279-3a3821e2aab7,fUSD,0.00014998031250000002,2,1,317.25795283,offer,2026-09-05T13:47:00.974705+00:00
10d89a34-d37a-4c34-a279-3a3821e2aab7,fUSD,0.00014998062500000002,2,1,250.0,offer,2026-09-05T13:47:00.974705+00:00
10d89a34-d37a-4c34-a279-3a3821e2aab7,fUSD,0.00014998494999999998,2,1,250.0,offer,2026-09-05T13:47:00.974705+00:00
10d89a34-d37a-4c34-a279-3a3821e2aab7,fUSD,0.00014999,2,11,120199.80696772,offer,2026-09-05T13:47:00.974705+00:00
10d89a34-d37a-4c34-a279-3a3821e2aab7,fUSD,0.00015,2,8,1568223.71041325,offer,2026-09-05T13:47:00.974705+00:00
10d89a34-d37a-4c34-a279-3a3821e2aab7,fUSD,0.00015,3,2,327.0,offer,2026-09-05T13:47:00.974705+00:00
10d89a34-d37a-4c34-a279-3a3821e2aab7,fUSD,0.00015299999999999998,3,1,217.02862176,offer,2026-09-05T13:47:00.974705+00:00
10d89a34-d37a-4c34-a279-3a3821e2aab7,fUSD,0.0001543569,2,1,330.66,offer,2026-09-05T13:47:00.974705+00:00
10d89a34-d37a-4c34-a279-3a3821e2aab7,fUSD,0.00015606,5,1,217.02862176,offer,2026-09-05T13:47:00.974705+00:00
10d89a34-d37a-4c34-a279-3a3821e2aab7,fUSD,0.0001570997,2,1,330.66,offer,2026-09-05T13:47:00.974705+00:00
10d89a34-d37a-4c34-a279-3a3821e2aab7,fUSD,0.0001589894,2,1,330.66,offer,2026-09-05T13:47:00.974705+00:00
10d89a34-d37a-4c34-a279-3a3821e2aab7,fUSD,0.0001591812,6,1,217.02862176,offer,2026-09-05T13:47:00.974705+00:00
10d89a34-d37a-4c34-a279-3a3821e2aab7,fUSD,0.00016,2,1,1097.4851559,offer,2026-09-05T13:47:00.974705+00:00
10d89a34-d37a-4c34-a279-3a3821e2aab7,fUSD,0.00016123,2,1,255.0,offer,2026-09-05T13:47:00.974705+00:00
10d89a34-d37a-4c34-a279-3a3821e2aab7,fUSD,0.00016212,2,1,287.5655736,offer,2026-09-05T13:47:00.974705+00:00
10d89a34-d37a-4c34-a279-3a3821e2aab7,fUSD,0.00016224,2,1,309.0878957,offer,2026-09-05T13:47:00.974705+00:00
10d89a34-d37a-4c34-a279-3a3821e2aab7,fUSD,0.000162364824,8,1,217.02862176,offer,2026-09-05T13:47:00.974705+00:00
10d89a34-d37a-4c34-a279-3a3821e2aab7,fUSD,0.00016383,2,1,48370.5603451,offer,2026-09-05T13:47:00.974705+00:00
10d89a34-d37a-4c34-a279-3a3821e2aab7,fUSD,0.000164978,2,2,4250.0,offer,2026-09-05T13:47:00.974705+00:00
10d89a34-d37a-4c34-a279-3a3821e2aab7,fUSD,0.0001666933,2,1,1575.8799495,offer,2026-09-05T13:47:00.974705+00:00
10d89a34-d37a-4c34-a279-3a3821e2aab7,fUSD,0.0001667022,2,1,4304.67751705,offer,2026-09-05T13:47:00.974705+00:00
10d89a34-d37a-4c34-a279-3a3821e2aab7,fUSD,0.0001696312,2,1,364.08,offer,2026-09-05T13:47:00.974705+00:00
10d89a34-d37a-4c34-a279-3a3821e2aab7,fUSD,0.0001704092,2,1,150.0,offer,2026-09-05T13:47:00.974705+00:00
10d89a34-d37a-4c34-a279-3a3821e2aab7,fUSD,0.0001707003,2,1,183.56,offer,2026-09-05T13:47:00.974705+00:00
80a7f9f5-e301-462c-98eb-15960ef9ceb3,fUSD,0.000273972602739726,120,1,-6945745.53685255,demand,2026-09-05T14:47:01.053973+00:00
80a7f9f5-e301-462c-98eb-15960ef9ceb3,fUSD,0.00022,30,1,-30100.0,demand,2026-09-05T14:47:01.053973+00:00
80a7f9f5-e301-462c-98eb-15960ef9ceb3,fUSD,0.00021,30,1,-30000.0,demand,2026-09-05T14:47:01.053973+00:00
80a7f9f5-e301-462c-98eb-15960ef9ceb3,fUSD,0.000209,30,1,-6289.12258117,demand,2026-09-05T14:47:01.053973+00:00
80a7f9f5-e301-462c-98eb-15960ef9ceb3,fUSD,0.0002,7,1,-150.0,demand,2026-09-05T14:47:01.053973+00:00
80a7f9f5-e301-462c-98eb-15960ef9ceb3,fUSD,0.00018010999999999998,120,1,-133240.73391109,demand,2026-09-05T14:47:01.053973+00:00
80a7f9f5-e301-462c-98eb-15960ef9ceb3,fUSD,0.0001777,120,1,-23123.30278361,demand,2026-09-05T14:47:01.053973+00:00
80a7f9f5-e301-462c-98eb-15960ef9ceb3,fUSD,0.000174,120,1,-12350.0,demand,2026-09-05T14:47:01.053973+00:00
80a7f9f5-e301-462c-98eb-15960ef9ceb3,fUSD,0.0001713,120,1,-20000.0,demand,2026-09-05T14:47:01.053973+00:00
80a7f9f5-e301-462c-98eb-15960ef9ceb3,fUSD,0.0001712,120,1,-20000.0,demand,2026-09-05T14:47:01.053973+00:00
80a7f9f5-e301-462c-98eb-15960ef9ceb3,fUSD,0.00017111,120,1,-2000000.0,demand,2026-09-05T14:47:01.053973+00:00
80a7f9f5-e301-462c-98eb-15960ef9ceb3,fUSD,0.0001703,90,1,-19792.0,demand,2026-09-05T14:47:01.053973+00:00
80a7f9f5-e301-462c-98eb-15960ef9ceb3,fUSD,0.00017,120,1,-150.0,demand,2026-09-05T14:47:01.053973+00:00
80a7f9f5-e301-462c-98eb-15960ef9ceb3,fUSD,0.0001603,60,1,-18000.0,demand,2026-09-05T14:47:01.053973+00:00
80a7f9f5-e301-462c-98eb-15960ef9ceb3,fUSD,0.00016,120,2,-10009162.66122322,demand,2026-09-05T14:47:01.053973+00:00
80a7f9f5-e301-462c-98eb-15960ef9ceb3,fUSD,0.000152,30,3,-2831.19,demand,2026-09-05T14:47:01.053973+00:00
80a7f9f5-e301-462c-98eb-15960ef9ceb3,fUSD,0.000151,120,1,-10000.0,demand,2026-09-05T14:47:01.053973+00:00
80a7f9f5-e301-462c-98eb-15960ef9ceb3,fUSD,0.0001503,30,1,-20000.0,demand,2026-09-05T14:47:01.053973+00:00
80a7f9f5-e301-462c-98eb-15960ef9ceb3,fUSD,0.00015001,5,10,-196833.48621375,demand,2026-09-05T14:47:01.053973+00:00
80a7f9f5-e301-462c-98eb-15960ef9ceb3,fUSD,0.00015,29,1,-91128.42113844,demand,2026-09-05T14:47:01.053973+00:00
80a7f9f5-e301-462c-98eb-15960ef9ceb3,fUSD,0.00015,120,1,-500.0,demand,2026-09-05T14:47:01.053973+00:00
80a7f9f5-e301-462c-98eb-15960ef9ceb3,fUSD,0.00015,2,1,-10000.0,demand,2026-09-05T14:47:01.053973+00:00
80a7f9f5-e301-462c-98eb-15960ef9ceb3,fUSD,0.00015,30,1,-3800.0,demand,2026-09-05T14:47:01.053973+00:00
80a7f9f5-e301-462c-98eb-15960ef9ceb3,fUSD,0.000149,2,1,-1128223.15100528,demand,2026-09-05T14:47:01.053973+00:00
80a7f9f5-e301-462c-98eb-15960ef9ceb3,fUSD,0.000145,7,1,-190.0,demand,2026-09-05T14:47:01.053973+00:00
80a7f9f5-e301-462c-98eb-15960ef9ceb3,fUSD,0.0001498499,2,1,188.01,offer,2026-09-05T14:47:01.053973+00:00
80a7f9f5-e301-462c-98eb-15960ef9ceb3,fUSD,0.00014985803125,2,1,442.24556428,offer,2026-09-05T14:47:01.053973+00:00
80a7f9f5-e301-462c-98eb-15960ef9ceb3,fUSD,0.00014986616250000002,2,2,939.15928775,offer,2026-09-05T14:47:01.053973+00:00
80a7f9f5-e301-462c-98eb-15960ef9ceb3,fUSD,0.000149882425,2,1,250.0,offer,2026-09-05T14:47:01.053973+00:00
80a7f9f5-e301-462c-98eb-15960ef9ceb3,fUSD,0.000149914951,2,1,249.99,offer,2026-09-05T14:47:01.053973+00:00
80a7f9f5-e301-462c-98eb-15960ef9ceb3,fUSD,0.00014997,2,1,574.88847363,offer,2026-09-05T14:47:01.053973+00:00
80a7f9f5-e301-462c-98eb-15960ef9ceb3,fUSD,0.00014998,2,2,335.15363545,offer,2026-09-05T14:47:01.053973+00:00
80a7f9f5-e301-462c-98eb-15960ef9ceb3,fUSD,0.00014999,2,51,415782.30606817,offer,2026-09-05T14:47:01.053973+00:00
80a7f9f5-e301-462c-98eb-15960ef9ceb3,fUSD,0.00015,2,8,743164.28512946,offer,2026-09-05T14:47:01.053973+00:00
80a7f9f5-e301-462c-98eb-15960ef9ceb3,fUSD,0.000152129,2,1,311.36,offer,2026-09-05T14:47:01.053973+00:00
80a7f9f5-e301-462c-98eb-15960ef9ceb3,fUSD,0.0001529898,3,1,400.35960029,offer,2026-09-05T14:47:01.053973+00:00
80a7f9f5-e301-462c-98eb-15960ef9ceb3,fUSD,0.0001543569,2,1,311.36,offer,2026-09-05T14:47:01.053973+00:00
80a7f9f5-e301-462c-98eb-15960ef9ceb3,fUSD,0.0001558918,2,1,311.36,offer,2026-09-05T14:47:01.053973+00:00
80a7f9f5-e301-462c-98eb-15960ef9ceb3,fUSD,0.00015604959599999999,5,1,400.35960029,offer,2026-09-05T14:47:01.053973+00:00
80a7f9f5-e301-462c-98eb-15960ef9ceb3,fUSD,0.00015709877008807105,2,1,5174.00588285,offer,2026-09-05T14:47:01.053973+00:00
80a7f9f5-e301-462c-98eb-15960ef9ceb3,fUSD,0.0001570997,2,1,311.36,offer,2026-09-05T14:47:01.053973+00:00
80a7f9f5-e301-462c-98eb-15960ef9ceb3,fUSD,0.0001581112,2,1,311.36,offer,2026-09-05T14:47:01.053973+00:00
80a7f9f5-e301-462c-98eb-15960ef9ceb3,fUSD,0.0001589894,2,1,311.36,offer,2026-09-05T14:47:01.053973+00:00
80a7f9f5-e301-462c-98eb-15960ef9ceb3,fUSD,0.00015917058792,6,1,400.35960029,offer,2026-09-05T14:47:01.053973+00:00
80a7f9f5-e301-462c-98eb-15960ef9ceb3,fUSD,0.00016088466666666667,3,1,152.0,offer,2026-09-05T14:47:01.053973+00:00
80a7f9f5-e301-462c-98eb-15960ef9ceb3,fUSD,0.00016116035455278005,2,4,13783.78,offer,2026-09-05T14:47:01.053973+00:00
80a7f9f5-e301-462c-98eb-15960ef9ceb3,fUSD,0.00016123,2,1,255.0,offer,2026-09-05T14:47:01.053973+00:00
80a7f9f5-e301-462c-98eb-15960ef9ceb3,fUSD,0.0001623539996784,7,1,400.35960029,offer,2026-09-05T14:47:01.053973+00:00
80a7f9f5-e301-462c-98eb-15960ef9ceb3,fUSD,0.000162554,2,1,165.97,offer,2026-09-05T14:47:01.053973+00:00
80a7f9f5-e301-462c-98eb-15960ef9ceb3,fUSD,0.0001627979,2,1,150.0,offer,2026-09-05T14:47:01.053973+00:00
be987fdc-d198-4a2f-8081-cfc3841adcfe,fUSD,0.000273972602739726,120,1,-6937234.53893602,demand,2026-09-05T15:47:00.843997+00:00
be987fdc-d198-4a2f-8081-cfc3841adcfe,fUSD,0.00022,30,1,-30100.0,demand,2026-09-05T15:47:00.843997+00:00
be987fdc-d198-4a2f-8081-cfc3841adcfe,fUSD,0.00021,30,1,-30000.0,demand,2026-09-05T15:47:00.843997+00:00
be987fdc-d198-4a2f-8081-cfc3841adcfe,fUSD,0.000209,30,1,-6289.12258117,demand,2026-09-05T15:47:00.843997+00:00
be987fdc-d198-4a2f-8081-cfc3841adcfe,fUSD,0.0002,7,1,-150.0,demand,2026-09-05T15:47:00.843997+00:00
be987fdc-d198-4a2f-8081-cfc3841adcfe,fUSD,0.00018010999999999998,120,1,-133240.73391109,demand,2026-09-05T15:47:00.843997+00:00
be987fdc-d198-4a2f-8081-cfc3841adcfe,fUSD,0.0001777,120,1,-23123.30278361,demand,2026-09-05T15:47:00.843997+00:00
be987fdc-d198-4a2f-8081-cfc3841adcfe,fUSD,0.000174,120,1,-12350.0,demand,2026-09-05T15:47:00.843997+00:00
be987fdc-d198-4a2f-8081-cfc3841adcfe,fUSD,0.0001713,120,1,-20000.0,demand,2026-09-05T15:47:00.843997+00:00
be987fdc-d198-4a2f-8081-cfc3841adcfe,fUSD,0.0001712,120,1,-20000.0,demand,2026-09-05T15:47:00.843997+00:00
be987fdc-d198-4a2f-8081-cfc3841adcfe,fUSD,0.00017111,120,1,-2000000.0,demand,2026-09-05T15:47:00.843997+00:00
be987fdc-d198-4a2f-8081-cfc3841adcfe,fUSD,0.0001703,90,1,-19792.0,demand,2026-09-05T15:47:00.843997+00:00
be987fdc-d198-4a2f-8081-cfc3841adcfe,fUSD,0.00017,120,1,-150.0,demand,2026-09-05T15:47:00.843997+00:00
be987fdc-d198-4a2f-8081-cfc3841adcfe,fUSD,0.0001603,60,1,-18000.0,demand,2026-09-05T15:47:00.843997+00:00
be987fdc-d198-4a2f-8081-cfc3841adcfe,fUSD,0.00016,120,2,-10009162.66122322,demand,2026-09-05T15:47:00.843997+00:00
be987fdc-d198-4a2f-8081-cfc3841adcfe,fUSD,0.000152,30,3,-2831.19,demand,2026-09-05T15:47:00.843997+00:00
be987fdc-d198-4a2f-8081-cfc3841adcfe,fUSD,0.000151,120,1,-10000.0,demand,2026-09-05T15:47:00.843997+00:00
be987fdc-d198-4a2f-8081-cfc3841adcfe,fUSD,0.0001503,30,1,-20000.0,demand,2026-09-05T15:47:00.843997+00:00
be987fdc-d198-4a2f-8081-cfc3841adcfe,fUSD,0.00015011,2,1,-1754034.64613806,demand,2026-09-05T15:47:00.843997+00:00
be987fdc-d198-4a2f-8081-cfc3841adcfe,fUSD,0.0001501,2,1,-2000000.0,demand,2026-09-05T15:47:00.843997+00:00
be987fdc-d198-4a2f-8081-cfc3841adcfe,fUSD,0.00015001,5,10,-196683.48621375,demand,2026-09-05T15:47:00.843997+00:00
be987fdc-d198-4a2f-8081-cfc3841adcfe,fUSD,0.00015001,2,1,-617123.7794507,demand,2026-09-05T15:47:00.843997+00:00
be987fdc-d198-4a2f-8081-cfc3841adcfe,fUSD,0.00015,29,1,-91128.42113844,demand,2026-09-05T15:47:00.843997+00:00
be987fdc-d198-4a2f-8081-cfc3841adcfe,fUSD,0.00015,120,1,-500.0,demand,2026-09-05T15:47:00.843997+00:00
be987fdc-d198-4a2f-8081-cfc3841adcfe,fUSD,0.00015,2,1,-10000.0,demand,2026-09-05T15:47:00.843997+00:00
be987fdc-d198-4a2f-8081-cfc3841adcfe,fUSD,0.00015011,2,1,150.0,offer,2026-09-05T15:47:00.843997+00:00
be987fdc-d198-4a2f-8081-cfc3841adcfe,fUSD,0.000150205,2,1,275.77683768,offer,2026-09-05T15:47:00.843997+00:00
be987fdc-d198-4a2f-8081-cfc3841adcfe,fUSD,0.0001503,3,1,500.0,offer,2026-09-05T15:47:00.843997+00:00
be987fdc-d198-4a2f-8081-cfc3841adcfe,fUSD,0.00015098605263157895,2,1,298.29704433,offer,2026-09-05T15:47:00.843997+00:00
be987fdc-d198-4a2f-8081-cfc3841adcfe,fUSD,0.0001603,3,1,500.0,offer,2026-09-05T15:47:00.843997+00:00
be987fdc-d198-4a2f-8081-cfc3841adcfe,fUSD,0.000162735,2,1,329.06,offer,2026-09-05T15:47:00.843997+00:00
be987fdc-d198-4a2f-8081-cfc3841adcfe,fUSD,0.00016383482861231398,2,1,235.156872,offer,2026-09-05T15:47:00.843997+00:00
be987fdc-d198-4a2f-8081-cfc3841adcfe,fUSD,0.00016384482861231398,2,1,4012.26177368,offer,2026-09-05T15:47:00.843997+00:00
be987fdc-d198-4a2f-8081-cfc3841adcfe,fUSD,0.00016512100000000003,2,7,2027.35182752,offer,2026-09-05T15:47:00.843997+00:00
be987fdc-d198-4a2f-8081-cfc3841adcfe,fUSD,0.00017128,2,3,656.94615146,offer,2026-09-05T15:47:00.843997+00:00
be987fdc-d198-4a2f-8081-cfc3841adcfe,fUSD,0.00017129,2,1,550.0,offer,2026-09-05T15:47:00.843997+00:00
be987fdc-d198-4a2f-8081-cfc3841adcfe,fUSD,0.0001713,2,10,40781.9,offer,2026-09-05T15:47:00.843997+00:00
be987fdc-d198-4a2f-8081-cfc3841adcfe,fUSD,0.0001713,4,1,277.26,offer,2026-09-05T15:47:00.843997+00:00
be987fdc-d198-4a2f-8081-cfc3841adcfe,fUSD,0.00017235,2,1,270.05463903,offer,2026-09-05T15:47:00.843997+00:00
be987fdc-d198-4a2f-8081-cfc3841adcfe,fUSD,0.0001734966,2,1,173.04,offer,2026-09-05T15:47:00.843997+00:00
be987fdc-d198-4a2f-8081-cfc3841adcfe,fUSD,0.000174486,2,1,168.14,offer,2026-09-05T15:47:00.843997+00:00
be987fdc-d198-4a2f-8081-cfc3841adcfe,fUSD,0.0001762873,2,1,329.06,offer,2026-09-05T15:47:00.843997+00:00
be987fdc-d198-4a2f-8081-cfc3841adcfe,fUSD,0.0001772763900080581,2,1,1816.67,offer,2026-09-05T15:47:00.843997+00:00
be987fdc-d198-4a2f-8081-cfc3841adcfe,fUSD,0.0001774272,2,1,198.14,offer,2026-09-05T15:47:00.843997+00:00
be987fdc-d198-4a2f-8081-cfc3841adcfe,fUSD,0.0001776396,2,1,654.85,offer,2026-09-05T15:47:00.843997+00:00
be987fdc-d198-4a2f-8081-cfc3841adcfe,fUSD,0.0001794199,2,1,329.06,offer,2026-09-05T15:47:00.843997+00:00
be987fdc-d198-4a2f-8081-cfc3841adcfe,fUSD,0.000179500572,2,1,167.78,offer,2026-09-05T15:47:00.843997+00:00
be987fdc-d198-4a2f-8081-cfc3841adcfe,fUSD,0.00017988,3,1,400.0,offer,2026-09-05T15:47:00.843997+00:00
be987fdc-d198-4a2f-8081-cfc3841adcfe,fUSD,0.00018010999999999998,2,2,1138.74,offer,2026-09-05T15:47:00.843997+00:00
be987fdc-d198-4a2f-8081-cfc3841adcfe,fUSD,0.00018010999999999998,7,1,859.16,offer,2026-09-05T15:47:00.843997+00:00
a32e701d-462e-4120-a4c2-8931edcb38a3,fUSD,0.000273972602739726,120,1,-6932242.86604389,demand,2026-09-05T16:47:01.038690+00:00
a32e701d-462e-4120-a4c2-8931edcb38a3,fUSD,0.00022,30,1,-30100.0,demand,2026-09-05T16:47:01.038690+00:00
a32e701d-462e-4120-a4c2-8931edcb38a3,fUSD,0.00021,30,1,-30000.0,demand,2026-09-05T16:47:01.038690+00:00
a32e701d-462e-4120-a4c2-8931edcb38a3,fUSD,0.000209,30,1,-6289.12258117,demand,2026-09-05T16:47:01.038690+00:00
a32e701d-462e-4120-a4c2-8931edcb38a3,fUSD,0.0002,7,1,-150.0,demand,2026-09-05T16:47:01.038690+00:00
a32e701d-462e-4120-a4c2-8931edcb38a3,fUSD,0.00018010999999999998,120,1,-133240.73391109,demand,2026-09-05T16:47:01.038690+00:00
a32e701d-462e-4120-a4c2-8931edcb38a3,fUSD,0.0001777,120,1,-23123.30278361,demand,2026-09-05T16:47:01.038690+00:00
a32e701d-462e-4120-a4c2-8931edcb38a3,fUSD,0.000174,120,1,-12350.0,demand,2026-09-05T16:47:01.038690+00:00
a32e701d-462e-4120-a4c2-8931edcb38a3,fUSD,0.0001713,120,1,-20000.0,demand,2026-09-05T16:47:01.038690+00:00
a32e701d-462e-4120-a4c2-8931edcb38a3,fUSD,0.0001712,120,1,-20000.0,demand,2026-09-05T16:47:01.038690+00:00
a32e701d-462e-4120-a4c2-8931edcb38a3,fUSD,0.00017111,120,1,-2000000.0,demand,2026-09-05T16:47:01.038690+00:00
a32e701d-462e-4120-a4c2-8931edcb38a3,fUSD,0.0001703,90,1,-19792.0,demand,2026-09-05T16:47:01.038690+00:00
a32e701d-462e-4120-a4c2-8931edcb38a3,fUSD,0.00017,120,1,-150.0,demand,2026-09-05T16:47:01.038690+00:00
a32e701d-462e-4120-a4c2-8931edcb38a3,fUSD,0.0001603,60,1,-18000.0,demand,2026-09-05T16:47:01.038690+00:00
a32e701d-462e-4120-a4c2-8931edcb38a3,fUSD,0.00016,120,2,-10009162.66122322,demand,2026-09-05T16:47:01.038690+00:00
a32e701d-462e-4120-a4c2-8931edcb38a3,fUSD,0.000152,30,3,-2831.19,demand,2026-09-05T16:47:01.038690+00:00
a32e701d-462e-4120-a4c2-8931edcb38a3,fUSD,0.000151,120,1,-10000.0,demand,2026-09-05T16:47:01.038690+00:00
a32e701d-462e-4120-a4c2-8931edcb38a3,fUSD,0.0001503,30,1,-20000.0,demand,2026-09-05T16:47:01.038690+00:00
a32e701d-462e-4120-a4c2-8931edcb38a3,fUSD,0.0001501,2,1,-1204986.78844377,demand,2026-09-05T16:47:01.038690+00:00
a32e701d-462e-4120-a4c2-8931edcb38a3,fUSD,0.00015001,5,10,-196683.48621375,demand,2026-09-05T16:47:01.038690+00:00
a32e701d-462e-4120-a4c2-8931edcb38a3,fUSD,0.00015001,2,1,-617123.7794507,demand,2026-09-05T16:47:01.038690+00:00
a32e701d-462e-4120-a4c2-8931edcb38a3,fUSD,0.00015,29,1,-91128.42113844,demand,2026-09-05T16:47:01.038690+00:00
a32e701d-462e-4120-a4c2-8931edcb38a3,fUSD,0.00015,120,1,-500.0,demand,2026-09-05T16:47:01.038690+00:00
a32e701d-462e-4120-a4c2-8931edcb38a3,fUSD,0.00015,2,1,-10000.0,demand,2026-09-05T16:47:01.038690+00:00
a32e701d-462e-4120-a4c2-8931edcb38a3,fUSD,0.00015,30,1,-3800.0,demand,2026-09-05T16:47:01.038690+00:00
a32e701d-462e-4120-a4c2-8931edcb38a3,fUSD,0.00016,2,2,1252.7251559,offer,2026-09-05T16:47:01.038690+00:00
a32e701d-462e-4120-a4c2-8931edcb38a3,fUSD,0.00016012334375,2,1,191.13398409,offer,2026-09-05T16:47:01.038690+00:00
a32e701d-462e-4120-a4c2-8931edcb38a3,fUSD,0.00016024668750000003,2,1,500.0,offer,2026-09-05T16:47:01.038690+00:00
a32e701d-462e-4120-a4c2-8931edcb38a3,fUSD,0.00016049337500000002,2,1,250.0,offer,2026-09-05T16:47:01.038690+00:00
a32e701d-462e-4120-a4c2-8931edcb38a3,fUSD,0.00016176349500000002,2,3,1183.60303166,offer,2026-09-05T16:47:01.038690+00:00
a32e701d-462e-4120-a4c2-8931edcb38a3,fUSD,0.00016338735,2,1,250.0,offer,2026-09-05T16:47:01.038690+00:00
a32e701d-462e-4120-a4c2-8931edcb38a3,fUSD,0.00016395,2,1,1000.0,offer,2026-09-05T16:47:01.038690+00:00
a32e701d-462e-4120-a4c2-8931edcb38a3,fUSD,0.000164,2,1,493.0,offer,2026-09-05T16:47:01.038690+00:00
a32e701d-462e-4120-a4c2-8931edcb38a3,fUSD,0.00016726,2,1,200.0,offer,2026-09-05T16:47:01.038690+00:00
a32e701d-462e-4120-a4c2-8931edcb38a3,fUSD,0.000168,2,9,8196.33,offer,2026-09-05T16:47:01.038690+00:00
a32e701d-462e-4120-a4c2-8931edcb38a3,fUSD,0.000176,2,1,150.0,offer,2026-09-05T16:47:01.038690+00:00
a32e701d-462e-4120-a4c2-8931edcb38a3,fUSD,0.00017600000000000002,2,5,1665.62674808,offer,2026-09-05T16:47:01.038690+00:00
a32e701d-462e-4120-a4c2-8931edcb38a3,fUSD,0.00018476,2,2,385.92,offer,2026-09-05T16:47:01.038690+00:00
a32e701d-462e-4120-a4c2-8931edcb38a3,fUSD,0.00018476,4,1,299.99,offer,2026-09-05T16:47:01.038690+00:00
a32e701d-462e-4120-a4c2-8931edcb38a3,fUSD,0.00019648863603999997,2,17,2567.0,offer,2026-09-05T16:47:01.038690+00:00
a32e701d-462e-4120-a4c2-8931edcb38a3,fUSD,0.00019660660002769552,2,9,12338.28491862,offer,2026-09-05T16:47:01.038690+00:00
a32e701d-462e-4120-a4c2-8931edcb38a3,fUSD,0.00019726,7,18,2786.896257,offer,2026-09-05T16:47:01.038690+00:00
a32e701d-462e-4120-a4c2-8931edcb38a3,fUSD,0.000202,5,2,5525.62255009,offer,2026-09-05T16:47:01.038690+00:00
a32e701d-462e-4120-a4c2-8931edcb38a3,fUSD,0.000209,2,1,493.0,offer,2026-09-05T16:47:01.038690+00:00
a32e701d-462e-4120-a4c2-8931edcb38a3,fUSD,0.0002095,2,8,4775.366,offer,2026-09-05T16:47:01.038690+00:00
a32e701d-462e-4120-a4c2-8931edcb38a3,fUSD,0.00021012334375,2,1,254.20819884,offer,2026-09-05T16:47:01.038690+00:00
a32e701d-462e-4120-a4c2-8931edcb38a3,fUSD,0.000225,7,1,408.02,offer,2026-09-05T16:47:01.038690+00:00
a32e701d-462e-4120-a4c2-8931edcb38a3,fUSD,0.0002272876712328767,2,1,181.57963184,offer,2026-09-05T16:47:01.038690+00:00
a32e701d-462e-4120-a4c2-8931edcb38a3,fUSD,0.00023,2,1,150.0,offer,2026-09-05T16:47:01.038690+00:00
a32e701d-462e-4120-a4c2-8931edcb38a3,fUSD,0.0002341,2,1,150.0,offer,2026-09-05T16:47:01.038690+00:00
cec08851-5d19-4765-85d3-46c2e7dcd3dd,fUSD,0.000273972602739726,120,1,-6913814.22904714,demand,2026-09-05T17:47:00.869553+00:00
cec08851-5d19-4765-85d3-46c2e7dcd3dd,fUSD,0.00022,30,1,-30100.0,demand,2026-09-05T17:47:00.869553+00:00
cec08851-5d19-4765-85d3-46c2e7dcd3dd,fUSD,0.00021,30,1,-30000.0,demand,2026-09-05T17:47:00.869553+00:00
cec08851-5d19-4765-85d3-46c2e7dcd3dd,fUSD,0.000209,30,1,-6289.12258117,demand,2026-09-05T17:47:00.869553+00:00
cec08851-5d19-4765-85d3-46c2e7dcd3dd,fUSD,0.0002,7,1,-150.0,demand,2026-09-05T17:47:00.869553+00:00
cec08851-5d19-4765-85d3-46c2e7dcd3dd,fUSD,0.00018010999999999998,120,1,-133240.73391109,demand,2026-09-05T17:47:00.869553+00:00
cec08851-5d19-4765-85d3-46c2e7dcd3dd,fUSD,0.0001777,120,1,-23123.30278361,demand,2026-09-05T17:47:00.869553+00:00
cec08851-5d19-4765-85d3-46c2e7dcd3dd,fUSD,0.000174,120,1,-12350.0,demand,2026-09-05T17:47:00.869553+00:00
cec08851-5d19-4765-85d3-46c2e7dcd3dd,fUSD,0.0001713,120,1,-20000.0,demand,2026-09-05T17:47:00.869553+00:00
cec08851-5d19-4765-85d3-46c2e7dcd3dd,fUSD,0.0001712,120,1,-20000.0,demand,2026-09-05T17:47:00.869553+00:00
cec08851-5d19-4765-85d3-46c2e7dcd3dd,fUSD,0.00017111,120,1,-2000000.0,demand,2026-09-05T17:47:00.869553+00:00
cec08851-5d19-4765-85d3-46c2e7dcd3dd,fUSD,0.0001703,90,1,-19792.0,demand,2026-09-05T17:47:00.869553+00:00
cec08851-5d19-4765-85d3-46c2e7dcd3dd,fUSD,0.00017,120,1,-150.0,demand,2026-09-05T17:47:00.869553+00:00
cec08851-5d19-4765-85d3-46c2e7dcd3dd,fUSD,0.0001603,60,1,-18000.0,demand,2026-09-05T17:47:00.869553+00:00
cec08851-5d19-4765-85d3-46c2e7dcd3dd,fUSD,0.00016,120,2,-10009162.66122322,demand,2026-09-05T17:47:00.869553+00:00
cec08851-5d19-4765-85d3-46c2e7dcd3dd,fUSD,0.000152,30,3,-2831.19,demand,2026-09-05T17:47:00.869553+00:00
cec08851-5d19-4765-85d3-46c2e7dcd3dd,fUSD,0.000151,120,1,-10000.0,demand,2026-09-05T17:47:00.869553+00:00
cec08851-5d19-4765-85d3-46c2e7dcd3dd,fUSD,0.0001503,30,1,-20000.0,demand,2026-09-05T17:47:00.869553+00:00
cec08851-5d19-4765-85d3-46c2e7dcd3dd,fUSD,0.0001501,2,1,-1155663.74715666,demand,2026-09-05T17:47:00.869553+00:00
cec08851-5d19-4765-85d3-46c2e7dcd3dd,fUSD,0.00015001,5,10,-196683.48621375,demand,2026-09-05T17:47:00.869553+00:00
cec08851-5d19-4765-85d3-46c2e7dcd3dd,fUSD,0.00015001,2,1,-617123.7794507,demand,2026-09-05T17:47:00.869553+00:00
cec08851-5d19-4765-85d3-46c2e7dcd3dd,fUSD,0.00015,29,1,-91128.42113844,demand,2026-09-05T17:47:00.869553+00:00
cec08851-5d19-4765-85d3-46c2e7dcd3dd,fUSD,0.00015,120,1,-500.0,demand,2026-09-05T17:47:00.869553+00:00
cec08851-5d19-4765-85d3-46c2e7dcd3dd,fUSD,0.00015,2,1,-10000.0,demand,2026-09-05T17:47:00.869553+00:00
cec08851-5d19-4765-85d3-46c2e7dcd3dd,fUSD,0.00015,30,1,-3800.0,demand,2026-09-05T17:47:00.869553+00:00
cec08851-5d19-4765-85d3-46c2e7dcd3dd,fUSD,0.00015465315789473682,3,1,285.0,offer,2026-09-05T17:47:00.869553+00:00
cec08851-5d19-4765-85d3-46c2e7dcd3dd,fUSD,0.00015831644736842104,2,1,275.76899565,offer,2026-09-05T17:47:00.869553+00:00
cec08851-5d19-4765-85d3-46c2e7dcd3dd,fUSD,0.00016238581578947368,7,1,277.25331782,offer,2026-09-05T17:47:00.869553+00:00
cec08851-5d19-4765-85d3-46c2e7dcd3dd,fUSD,0.00016930631578947368,3,1,285.0,offer,2026-09-05T17:47:00.869553+00:00
cec08851-5d19-4765-85d3-46c2e7dcd3dd,fUSD,0.0001701184736842105,2,4,966.47056548,offer,2026-09-05T17:47:00.869553+00:00
cec08851-5d19-4765-85d3-46c2e7dcd3dd,fUSD,0.0001839594736842105,3,1,285.0,offer,2026-09-05T17:47:00.869553+00:00
cec08851-5d19-4765-85d3-46c2e7dcd3dd,fUSD,0.00019648,2,1,586.69,offer,2026-09-05T17:47:00.869553+00:00
cec08851-5d19-4765-85d3-46c2e7dcd3dd,fUSD,0.00019861263157894737,3,1,285.0,offer,2026-09-05T17:47:00.869553+00:00
cec08851-5d19-4765-85d3-46c2e7dcd3dd,fUSD,0.000202,2,2,3074.89849827,offer,2026-09-05T17:47:00.869553+00:00
cec08851-5d19-4765-85d3-46c2e7dcd3dd,fUSD,0.0002020734704045993,2,1,160.0,offer,2026-09-05T17:47:00.869553+00:00
cec08851-5d19-4765-85d3-46c2e7dcd3dd,fUSD,0.000204,2,2,3074.89849827,offer,2026-09-05T17:47:00.869553+00:00
cec08851-5d19-4765-85d3-46c2e7dcd3dd,fUSD,0.00020599,2,2,378.16497495,offer,2026-09-05T17:47:00.869553+00:00
cec08851-5d19-4765-85d3-46c2e7dcd3dd,fUSD,0.000206,2,2,3074.89849827,offer,2026-09-05T17:47:00.869553+00:00
cec08851-5d19-4765-85d3-46c2e7dcd3dd,fUSD,0.00020672524849868606,2,1,250.0,offer,2026-09-05T17:47:00.869553+00:00
cec08851-5d19-4765-85d3-46c2e7dcd3dd,fUSD,0.000208,2,2,3074.89849827,offer,2026-09-05T17:47:00.869553+00:00
cec08851-5d19-4765-85d3-46c2e7dcd3dd,fUSD,0.00020831644736842104,2,1,366.77276422,offer,2026-09-05T17:47:00.869553+00:00
cec08851-5d19-4765-85d3-46c2e7dcd3dd,fUSD,0.00021,2,2,3074.89849827,offer,2026-09-05T17:47:00.869553+00:00
cec08851-5d19-4765-85d3-46c2e7dcd3dd,fUSD,0.000212,2,1,1607.94754809,offer,2026-09-05T17:47:00.869553+00:00
cec08851-5d19-4765-85d3-46c2e7dcd3dd,fUSD,0.0002132657894736842,3,1,285.0,offer,2026-09-05T17:47:00.869553+00:00
cec08851-5d19-4765-85d3-46c2e7dcd3dd,fUSD,0.000214335,2,2,445.72267145,offer,2026-09-05T17:47:00.869553+00:00
cec08851-5d19-4765-85d3-46c2e7dcd3dd,fUSD,0.000215,2,4,2383.21328924,offer,2026-09-05T17:47:00.869553+00:00
cec08851-5d19-4765-85d3-46c2e7dcd3dd,fUSD,0.00021649,2,1,150.0,offer,2026-09-05T17:47:00.869553+00:00
cec08851-5d19-4765-85d3-46c2e7dcd3dd,fUSD,0.0002165,2,3,11293.11,offer,2026-09-05T17:47:00.869553+00:00
cec08851-5d19-4765-85d3-46c2e7dcd3dd,fUSD,0.0002165,4,1,274.93445757,offer,2026-09-05T17:47:00.869553+00:00
cec08851-5d19-4765-85d3-46c2e7dcd3dd,fUSD,0.000217,2,1,1607.94754809,offer,2026-09-05T17:47:00.869553+00:00
4e6f2748-384c-441f-a5cb-74992300b980,fUSD,0.000273972602739726,120,1,-6904996.20092393,demand,2026-09-05T18:47:01.114054+00:00
4e6f2748-384c-441f-a5cb-74992300b980,fUSD,0.00022,30,1,-30100.0,demand,2026-09-05T18:47:01.114054+00:00
4e6f2748-384c-441f-a5cb-74992300b980,fUSD,0.00021,30,1,-30000.0,demand,2026-09-05T18:47:01.114054+00:00
4e6f2748-384c-441f-a5cb-74992300b980,fUSD,0.000209,30,1,-6289.12258117,demand,2026-09-05T18:47:01.114054+00:00
4e6f2748-384c-441f-a5cb-74992300b980,fUSD,0.0002,7,1,-150.0,demand,2026-09-05T18:47:01.114054+00:00
4e6f2748-384c-441f-a5cb-74992300b980,fUSD,0.00018010999999999998,120,1,-133240.73391109,demand,2026-09-05T18:47:01.114054+00:00
4e6f2748-384c-441f-a5cb-74992300b980,fUSD,0.0001777,120,1,-23123.30278361,demand,2026-09-05T18:47:01.114054+00:00
4e6f2748-384c-441f-a5cb-74992300b980,fUSD,0.000174,120,1,-12350.0,demand,2026-09-05T18:47:01.114054+00:00
4e6f2748-384c-441f-a5cb-74992300b980,fUSD,0.0001713,120,1,-20000.0,demand,2026-09-05T18:47:01.114054+00:00
4e6f2748-384c-441f-a5cb-74992300b980,fUSD,0.0001712,120,1,-20000.0,demand,2026-09-05T18:47:01.114054+00:00
4e6f2748-384c-441f-a5cb-74992300b980,fUSD,0.00017111,120,1,-2000000.0,demand,2026-09-05T18:47:01.114054+00:00
4e6f2748-384c-441f-a5cb-74992300b980,fUSD,0.0001703,90,1,-19792.0,demand,2026-09-05T18:47:01.114054+00:00
4e6f2748-384c-441f-a5cb-74992300b980,fUSD,0.00017,120,1,-150.0,demand,2026-09-05T18:47:01.114054+00:00
4e6f2748-384c-441f-a5cb-74992300b980,fUSD,0.0001603,60,1,-18000.0,demand,2026-09-05T18:47:01.114054+00:00
4e6f2748-384c-441f-a5cb-74992300b980,fUSD,0.00016,120,2,-10009162.66122322,demand,2026-09-05T18:47:01.114054+00:00
4e6f2748-384c-441f-a5cb-74992300b980,fUSD,0.000152,30,3,-2831.19,demand,2026-09-05T18:47:01.114054+00:00
4e6f2748-384c-441f-a5cb-74992300b980,fUSD,0.000151,120,1,-10000.0,demand,2026-09-05T18:47:01.114054+00:00
4e6f2748-384c-441f-a5cb-74992300b980,fUSD,0.0001503,30,1,-20000.0,demand,2026-09-05T18:47:01.114054+00:00
4e6f2748-384c-441f-a5cb-74992300b980,fUSD,0.0001501,2,1,-1155663.74715666,demand,2026-09-05T18:47:01.114054+00:00
4e6f2748-384c-441f-a5cb-74992300b980,fUSD,0.00015001,5,10,-196683.48621375,demand,2026-09-05T18:47:01.114054+00:00
4e6f2748-384c-441f-a5cb-74992300b980,fUSD,0.00015001,2,1,-617123.7794507,demand,2026-09-05T18:47:01.114054+00:00
4e6f2748-384c-441f-a5cb-74992300b980,fUSD,0.00015,29,1,-91128.42113844,demand,2026-09-05T18:47:01.114054+00:00
4e6f2748-384c-441f-a5cb-74992300b980,fUSD,0.00015,120,1,-500.0,demand,2026-09-05T18:47:01.114054+00:00
4e6f2748-384c-441f-a5cb-74992300b980,fUSD,0.00015,2,1,-10000.0,demand,2026-09-05T18:47:01.114054+00:00
4e6f2748-384c-441f-a5cb-74992300b980,fUSD,0.00015,30,1,-3800.0,demand,2026-09-05T18:47:01.114054+00:00
4e6f2748-384c-441f-a5cb-74992300b980,fUSD,0.000152,7,1,150.0,offer,2026-09-05T18:47:01.114054+00:00
4e6f2748-384c-441f-a5cb-74992300b980,fUSD,0.000158,2,1,150.0,offer,2026-09-05T18:47:01.114054+00:00
4e6f2748-384c-441f-a5cb-74992300b980,fUSD,0.0001672,2,1,150.0,offer,2026-09-05T18:47:01.114054+00:00
4e6f2748-384c-441f-a5cb-74992300b980,fUSD,0.00016720000000000003,2,1,500.0,offer,2026-09-05T18:47:01.114054+00:00
4e6f2748-384c-441f-a5cb-74992300b980,fUSD,0.0002,2,1,1059.75338,offer,2026-09-05T18:47:01.114054+00:00
4e6f2748-384c-441f-a5cb-74992300b980,fUSD,0.00020731611583107488,2,1,155.13724451,offer,2026-09-05T18:47:01.114054+00:00
4e6f2748-384c-441f-a5cb-74992300b980,fUSD,0.00020732611583107487,2,2,1421.35918066,offer,2026-09-05T18:47:01.114054+00:00
4e6f2748-384c-441f-a5cb-74992300b980,fUSD,0.000208,2,1,199.5,offer,2026-09-05T18:47:01.114054+00:00
4e6f2748-384c-441f-a5cb-74992300b980,fUSD,0.0002165,2,1,184.0,offer,2026-09-05T18:47:01.114054+00:00
4e6f2748-384c-441f-a5cb-74992300b980,fUSD,0.00021852,2,1,213.70982776,offer,2026-09-05T18:47:01.114054+00:00
4e6f2748-384c-441f-a5cb-74992300b980,fUSD,0.0002191781,2,5,781.81,offer,2026-09-05T18:47:01.114054+00:00
4e6f2748-384c-441f-a5cb-74992300b980,fUSD,0.0002191781,7,1,163.16465213,offer,2026-09-05T18:47:01.114054+00:00
4e6f2748-384c-441f-a5cb-74992300b980,fUSD,0.0002209336,2,1,322.69,offer,2026-09-05T18:47:01.114054+00:00
4e6f2748-384c-441f-a5cb-74992300b980,fUSD,0.0002214472739711093,2,1,491.46360276,offer,2026-09-05T18:47:01.114054+00:00
4e6f2748-384c-441f-a5cb-74992300b980,fUSD,0.0002270821917808219,2,1,876.04423566,offer,2026-09-05T18:47:01.114054+00:00
4e6f2748-384c-441f-a5cb-74992300b980,fUSD,0.00022708767123287668,2,1,167.08624778,offer,2026-09-05T18:47:01.114054+00:00
4e6f2748-384c-441f-a5cb-74992300b980,fUSD,0.0002298154,2,1,161.57,offer,2026-09-05T18:47:01.114054+00:00
4e6f2748-384c-441f-a5cb-74992300b980,fUSD,0.0002298195,2,1,465.25,offer,2026-09-05T18:47:01.114054+00:00
4e6f2748-384c-441f-a5cb-74992300b980,fUSD,0.00023,2,1,150.0,offer,2026-09-05T18:47:01.114054+00:00
4e6f2748-384c-441f-a5cb-74992300b980,fUSD,0.0002307332,2,1,300.97,offer,2026-09-05T18:47:01.114054+00:00
4e6f2748-384c-441f-a5cb-74992300b980,fUSD,0.0002311241,2,1,195.14,offer,2026-09-05T18:47:01.114054+00:00
4e6f2748-384c-441f-a5cb-74992300b980,fUSD,0.0002314052,2,1,413.05,offer,2026-09-05T18:47:01.114054+00:00
4e6f2748-384c-441f-a5cb-74992300b980,fUSD,0.0002315473,2,1,5000.0,offer,2026-09-05T18:47:01.114054+00:00
4e6f2748-384c-441f-a5cb-74992300b980,fUSD,0.0002319522,2,1,200.0,offer,2026-09-05T18:47:01.114054+00:00
4e6f2748-384c-441f-a5cb-74992300b980,fUSD,0.0002325616438356164,2,1,876.04423566,offer,2026-09-05T18:47:01.114054+00:00
d8c1fd00-ff52-4835-ac2c-31e8be3f559e,fUSD,0.00022,30,1,-30100.0,demand,2026-09-05T19:47:00.861408+00:00
d8c1fd00-ff52-4835-ac2c-31e8be3f559e,fUSD,0.00021,30,1,-30000.0,demand,2026-09-05T19:47:00.861408+00:00
d8c1fd00-ff52-4835-ac2c-31e8be3f559e,fUSD,0.000209,30,1,-6289.12258117,demand,2026-09-05T19:47:00.861408+00:00
d8c1fd00-ff52-4835-ac2c-31e8be3f559e,fUSD,0.0002,7,1,-150.0,demand,2026-09-05T19:47:00.861408+00:00
d8c1fd00-ff52-4835-ac2c-31e8be3f559e,fUSD,0.00018010999999999998,120,1,-133240.73391109,demand,2026-09-05T19:47:00.861408+00:00
d8c1fd00-ff52-4835-ac2c-31e8be3f559e,fUSD,0.0001777,120,1,-23123.30278361,demand,2026-09-05T19:47:00.861408+00:00
d8c1fd00-ff52-4835-ac2c-31e8be3f559e,fUSD,0.000174,120,1,-12350.0,demand,2026-09-05T19:47:00.861408+00:00
d8c1fd00-ff52-4835-ac2c-31e8be3f559e,fUSD,0.0001713,120,1,-20000.0,demand,2026-09-05T19:47:00.861408+00:00
d8c1fd00-ff52-4835-ac2c-31e8be3f559e,fUSD,0.0001712,120,1,-20000.0,demand,2026-09-05T19:47:00.861408+00:00
d8c1fd00-ff52-4835-ac2c-31e8be3f559e,fUSD,0.00017111,120,1,-2000000.0,demand,2026-09-05T19:47:00.861408+00:00
d8c1fd00-ff52-4835-ac2c-31e8be3f559e,fUSD,0.0001703,90,1,-19792.0,demand,2026-09-05T19:47:00.861408+00:00
d8c1fd00-ff52-4835-ac2c-31e8be3f559e,fUSD,0.00017,120,1,-150.0,demand,2026-09-05T19:47:00.861408+00:00
d8c1fd00-ff52-4835-ac2c-31e8be3f559e,fUSD,0.0001603,60,1,-18000.0,demand,2026-09-05T19:47:00.861408+00:00
d8c1fd00-ff52-4835-ac2c-31e8be3f559e,fUSD,0.00016,120,2,-10009162.66122322,demand,2026-09-05T19:47:00.861408+00:00
d8c1fd00-ff52-4835-ac2c-31e8be3f559e,fUSD,0.000152,30,3,-2831.19,demand,2026-09-05T19:47:00.861408+00:00
d8c1fd00-ff52-4835-ac2c-31e8be3f559e,fUSD,0.000151,120,1,-10000.0,demand,2026-09-05T19:47:00.861408+00:00
d8c1fd00-ff52-4835-ac2c-31e8be3f559e,fUSD,0.0001503,30,1,-20000.0,demand,2026-09-05T19:47:00.861408+00:00
d8c1fd00-ff52-4835-ac2c-31e8be3f559e,fUSD,0.0001501,2,1,-1122434.34766535,demand,2026-09-05T19:47:00.861408+00:00
d8c1fd00-ff52-4835-ac2c-31e8be3f559e,fUSD,0.00015001,5,10,-196683.48621375,demand,2026-09-05T19:47:00.861408+00:00
d8c1fd00-ff52-4835-ac2c-31e8be3f559e,fUSD,0.00015001,2,1,-617123.7794507,demand,2026-09-05T19:47:00.861408+00:00
d8c1fd00-ff52-4835-ac2c-31e8be3f559e,fUSD,0.00015,29,1,-91128.42113844,demand,2026-09-05T19:47:00.861408+00:00
d8c1fd00-ff52-4835-ac2c-31e8be3f559e,fUSD,0.00015,120,1,-500.0,demand,2026-09-05T19:47:00.861408+00:00
d8c1fd00-ff52-4835-ac2c-31e8be3f559e,fUSD,0.00015,2,1,-10000.0,demand,2026-09-05T19:47:00.861408+00:00
d8c1fd00-ff52-4835-ac2c-31e8be3f559e,fUSD,0.00015,30,1,-3800.0,demand,2026-09-05T19:47:00.861408+00:00
d8c1fd00-ff52-4835-ac2c-31e8be3f559e,fUSD,0.00015,7,1,-7000.0,demand,2026-09-05T19:47:00.861408+00:00
d8c1fd00-ff52-4835-ac2c-31e8be3f559e,fUSD,0.0001501095890410959,2,1,504.0,offer,2026-09-05T19:47:00.861408+00:00
d8c1fd00-ff52-4835-ac2c-31e8be3f559e,fUSD,0.000152500164149243,2,1,150.0,offer,2026-09-05T19:47:00.861408+00:00
d8c1fd00-ff52-4835-ac2c-31e8be3f559e,fUSD,0.00015967188947368422,2,1,200.0,offer,2026-09-05T19:47:00.861408+00:00
d8c1fd00-ff52-4835-ac2c-31e8be3f559e,fUSD,0.0001642215789473684,3,1,162.0,offer,2026-09-05T19:47:00.861408+00:00
d8c1fd00-ff52-4835-ac2c-31e8be3f559e,fUSD,0.0001651205479452055,2,2,857.14289309,offer,2026-09-05T19:47:00.861408+00:00
d8c1fd00-ff52-4835-ac2c-31e8be3f559e,fUSD,0.0001767,2,1,1220.1357409,offer,2026-09-05T19:47:00.861408+00:00
d8c1fd00-ff52-4835-ac2c-31e8be3f559e,fUSD,0.00017718835616438355,4,1,504.0,offer,2026-09-05T19:47:00.861408+00:00
d8c1fd00-ff52-4835-ac2c-31e8be3f559e,fUSD,0.000177523288,7,2,6713.74521957,offer,2026-09-05T19:47:00.861408+00:00
d8c1fd00-ff52-4835-ac2c-31e8be3f559e,fUSD,0.0001777,2,8,125491.24840203,offer,2026-09-05T19:47:00.861408+00:00
d8c1fd00-ff52-4835-ac2c-31e8be3f559e,fUSD,0.0001777,7,2,53080.21,offer,2026-09-05T19:47:00.861408+00:00
d8c1fd00-ff52-4835-ac2c-31e8be3f559e,fUSD,0.0001777,4,1,299.99,offer,2026-09-05T19:47:00.861408+00:00
d8c1fd00-ff52-4835-ac2c-31e8be3f559e,fUSD,0.00017834315789473683,3,1,162.0,offer,2026-09-05T19:47:00.861408+00:00
d8c1fd00-ff52-4835-ac2c-31e8be3f559e,fUSD,0.0001906222,2,1,1220.13574084,offer,2026-09-05T19:47:00.861408+00:00
d8c1fd00-ff52-4835-ac2c-31e8be3f559e,fUSD,0.00019246473684210525,3,1,162.0,offer,2026-09-05T19:47:00.861408+00:00
d8c1fd00-ff52-4835-ac2c-31e8be3f559e,fUSD,0.0002,7,1,175.19021208,offer,2026-09-05T19:47:00.861408+00:00
d8c1fd00-ff52-4835-ac2c-31e8be3f559e,fUSD,0.000202500164149243,2,1,199.5,offer,2026-09-05T19:47:00.861408+00:00
d8c1fd00-ff52-4835-ac2c-31e8be3f559e,fUSD,0.00020400000000000003,7,1,175.19021208,offer,2026-09-05T19:47:00.861408+00:00
d8c1fd00-ff52-4835-ac2c-31e8be3f559e,fUSD,0.00020426712328767122,6,1,504.0,offer,2026-09-05T19:47:00.861408+00:00
d8c1fd00-ff52-4835-ac2c-31e8be3f559e,fUSD,0.0002045444,2,1,1220.13574084,offer,2026-09-05T19:47:00.861408+00:00
d8c1fd00-ff52-4835-ac2c-31e8be3f559e,fUSD,0.00020658631578947368,3,1,162.0,offer,2026-09-05T19:47:00.861408+00:00
d8c1fd00-ff52-4835-ac2c-31e8be3f559e,fUSD,0.00021,7,1,175.19021208,offer,2026-09-05T19:47:00.861408+00:00
d8c1fd00-ff52-4835-ac2c-31e8be3f559e,fUSD,0.00021101515688781353,2,1,160.0,offer,2026-09-05T19:47:00.861408+00:00
d8c1fd00-ff52-4835-ac2c-31e8be3f559e,fUSD,0.0002140201,2,1,200.0,offer,2026-09-05T19:47:00.861408+00:00
d8c1fd00-ff52-4835-ac2c-31e8be3f559e,fUSD,0.00021600000000000002,7,1,175.19021208,offer,2026-09-05T19:47:00.861408+00:00
d8c1fd00-ff52-4835-ac2c-31e8be3f559e,fUSD,0.000216238,2,1,201.27,offer,2026-09-05T19:47:00.861408+00:00
111f1e97-8aa3-499f-8a00-38fd7b318545,fUSD,0.00022,30,1,-30100.0,demand,2026-09-05T20:47:00.965248+00:00
111f1e97-8aa3-499f-8a00-38fd7b318545,fUSD,0.00021,30,1,-30000.0,demand,2026-09-05T20:47:00.965248+00:00
111f1e97-8aa3-499f-8a00-38fd7b318545,fUSD,0.000209,30,1,-6289.12258117,demand,2026-09-05T20:47:00.965248+00:00
111f1e97-8aa3-499f-8a00-38fd7b318545,fUSD,0.0002,7,1,-150.0,demand,2026-09-05T20:47:00.965248+00:00
111f1e97-8aa3-499f-8a00-38fd7b318545,fUSD,0.00018010999999999998,120,1,-133240.73391109,demand,2026-09-05T20:47:00.965248+00:00
111f1e97-8aa3-499f-8a00-38fd7b318545,fUSD,0.0001777,120,1,-23123.30278361,demand,2026-09-05T20:47:00.965248+00:00
111f1e97-8aa3-499f-8a00-38fd7b318545,fUSD,0.000174,120,1,-12350.0,demand,2026-09-05T20:47:00.965248+00:00
111f1e97-8aa3-499f-8a00-38fd7b318545,fUSD,0.0001713,120,1,-20000.0,demand,2026-09-05T20:47:00.965248+00:00
111f1e97-8aa3-499f-8a00-38fd7b318545,fUSD,0.0001712,120,1,-20000.0,demand,2026-09-05T20:47:00.965248+00:00
111f1e97-8aa3-499f-8a00-38fd7b318545,fUSD,0.00017111,120,1,-2000000.0,demand,2026-09-05T20:47:00.965248+00:00
111f1e97-8aa3-499f-8a00-38fd7b318545,fUSD,0.0001703,90,1,-19792.0,demand,2026-09-05T20:47:00.965248+00:00
111f1e97-8aa3-499f-8a00-38fd7b318545,fUSD,0.00017,120,1,-150.0,demand,2026-09-05T20:47:00.965248+00:00
111f1e97-8aa3-499f-8a00-38fd7b318545,fUSD,0.0001603,60,1,-18000.0,demand,2026-09-05T20:47:00.965248+00:00
111f1e97-8aa3-499f-8a00-38fd7b318545,fUSD,0.00016,120,2,-10009162.66122322,demand,2026-09-05T20:47:00.965248+00:00
111f1e97-8aa3-499f-8a00-38fd7b318545,fUSD,0.000152,30,3,-2831.19,demand,2026-09-05T20:47:00.965248+00:00
111f1e97-8aa3-499f-8a00-38fd7b318545,fUSD,0.000151,120,1,-10000.0,demand,2026-09-05T20:47:00.965248+00:00
111f1e97-8aa3-499f-8a00-38fd7b318545,fUSD,0.0001503,30,1,-20000.0,demand,2026-09-05T20:47:00.965248+00:00
111f1e97-8aa3-499f-8a00-38fd7b318545,fUSD,0.0001501,2,1,-796468.34546585,demand,2026-09-05T20:47:00.965248+00:00
111f1e97-8aa3-499f-8a00-38fd7b318545,fUSD,0.00015001,5,10,-196683.48621375,demand,2026-09-05T20:47:00.965248+00:00
111f1e97-8aa3-499f-8a00-38fd7b318545,fUSD,0.00015001,2,1,-617123.7794507,demand,2026-09-05T20:47:00.965248+00:00
111f1e97-8aa3-499f-8a00-38fd7b318545,fUSD,0.00015,29,1,-91128.42113844,demand,2026-09-05T20:47:00.965248+00:00
111f1e97-8aa3-499f-8a00-38fd7b318545,fUSD,0.00015,120,1,-500.0,demand,2026-09-05T20:47:00.965248+00:00
111f1e97-8aa3-499f-8a00-38fd7b318545,fUSD,0.00015,2,1,-10000.0,demand,2026-09-05T20:47:00.965248+00:00
111f1e97-8aa3-499f-8a00-38fd7b318545,fUSD,0.00015,30,1,-3800.0,demand,2026-09-05T20:47:00.965248+00:00
111f1e97-8aa3-499f-8a00-38fd7b318545,fUSD,0.00015,7,1,-7000.0,demand,2026-09-05T20:47:00.965248+00:00
111f1e97-8aa3-499f-8a00-38fd7b318545,fUSD,0.0001501095890410959,7,1,166.35199069,offer,2026-09-05T20:47:00.965248+00:00
111f1e97-8aa3-499f-8a00-38fd7b318545,fUSD,0.0001501095890410959,2,3,1233.9445721,offer,2026-09-05T20:47:00.965248+00:00
111f1e97-8aa3-499f-8a00-38fd7b318545,fUSD,0.000152,2,1,164.0,offer,2026-09-05T20:47:00.965248+00:00
111f1e97-8aa3-499f-8a00-38fd7b318545,fUSD,0.000162,2,1,164.0,offer,2026-09-05T20:47:00.965248+00:00
111f1e97-8aa3-499f-8a00-38fd7b318545,fUSD,0.0001651105479452055,2,2,855.97685359,offer,2026-09-05T20:47:00.965248+00:00
111f1e97-8aa3-499f-8a00-38fd7b318545,fUSD,0.0001651205479452055,2,2,750.0,offer,2026-09-05T20:47:00.965248+00:00
111f1e97-8aa3-499f-8a00-38fd7b318545,fUSD,0.00017769000000000001,2,2,344.04723643,offer,2026-09-05T20:47:00.965248+00:00
111f1e97-8aa3-499f-8a00-38fd7b318545,fUSD,0.0001777,2,9,32096.2633095,offer,2026-09-05T20:47:00.965248+00:00
111f1e97-8aa3-499f-8a00-38fd7b318545,fUSD,0.0001777,7,2,20652.24,offer,2026-09-05T20:47:00.965248+00:00
111f1e97-8aa3-499f-8a00-38fd7b318545,fUSD,0.00018105675342465754,4,1,509.0,offer,2026-09-05T20:47:00.965248+00:00
111f1e97-8aa3-499f-8a00-38fd7b318545,fUSD,0.00018842999999999998,3,1,162.0,offer,2026-09-05T20:47:00.965248+00:00
111f1e97-8aa3-499f-8a00-38fd7b318545,fUSD,0.000191,5,1,5223.0,offer,2026-09-05T20:47:00.965248+00:00
111f1e97-8aa3-499f-8a00-38fd7b318545,fUSD,0.0002,120,1,177.394589,offer,2026-09-05T20:47:00.965248+00:00
111f1e97-8aa3-499f-8a00-38fd7b318545,fUSD,0.0002001095890410959,2,1,287.20624099,offer,2026-09-05T20:47:00.965248+00:00
111f1e97-8aa3-499f-8a00-38fd7b318545,fUSD,0.00020298619026099248,2,1,250.0,offer,2026-09-05T20:47:00.965248+00:00
111f1e97-8aa3-499f-8a00-38fd7b318545,fUSD,0.0002054794520547945,2,3,1434.76088685,offer,2026-09-05T20:47:00.965248+00:00
111f1e97-8aa3-499f-8a00-38fd7b318545,fUSD,0.000209,2,1,164.0,offer,2026-09-05T20:47:00.965248+00:00
111f1e97-8aa3-499f-8a00-38fd7b318545,fUSD,0.0002097057,2,1,1480.12,offer,2026-09-05T20:47:00.965248+00:00
111f1e97-8aa3-499f-8a00-38fd7b318545,fUSD,0.00021089,2,1,185.58,offer,2026-09-05T20:47:00.965248+00:00
111f1e97-8aa3-499f-8a00-38fd7b318545,fUSD,0.0002109,2,1,236.01,offer,2026-09-05T20:47:00.965248+00:00
111f1e97-8aa3-499f-8a00-38fd7b318545,fUSD,0.00021105,2,1,184.65,offer,2026-09-05T20:47:00.965248+00:00
111f1e97-8aa3-499f-8a00-38fd7b318545,fUSD,0.00021107,2,1,312.9,offer,2026-09-05T20:47:00.965248+00:00
111f1e97-8aa3-499f-8a00-38fd7b318545,fUSD,0.00021109,2,1,235.6,offer,2026-09-05T20:47:00.965248+00:00
111f1e97-8aa3-499f-8a00-38fd7b318545,fUSD,0.00021127,2,1,294.89,offer,2026-09-05T20:47:00.965248+00:00
111f1e97-8aa3-499f-8a00-38fd7b318545,fUSD,0.00021128,2,1,157.17,offer,2026-09-05T20:47:00.965248+00:00
484d6ede-08ad-4c26-a86c-6963b8fdd010,fUSD,0.00022,30,1,-30100.0,demand,2026-09-05T21:47:00.819964+00:00
484d6ede-08ad-4c26-a86c-6963b8fdd010,fUSD,0.00021,30,1,-30000.0,demand,2026-09-05T21:47:00.819964+00:00
484d6ede-08ad-4c26-a86c-6963b8fdd010,fUSD,0.000209,30,1,-6289.12258117,demand,2026-09-05T21:47:00.819964+00:00
484d6ede-08ad-4c26-a86c-6963b8fdd010,fUSD,0.0002,7,1,-150.0,demand,2026-09-05T21:47:00.819964+00:00
484d6ede-08ad-4c26-a86c-6963b8fdd010,fUSD,0.00018010999999999998,120,1,-133240.73391109,demand,2026-09-05T21:47:00.819964+00:00
484d6ede-08ad-4c26-a86c-6963b8fdd010,fUSD,0.0001777,120,1,-23123.30278361,demand,2026-09-05T21:47:00.819964+00:00
484d6ede-08ad-4c26-a86c-6963b8fdd010,fUSD,0.000174,120,1,-12350.0,demand,2026-09-05T21:47:00.819964+00:00
484d6ede-08ad-4c26-a86c-6963b8fdd010,fUSD,0.0001713,120,1,-20000.0,demand,2026-09-05T21:47:00.819964+00:00
484d6ede-08ad-4c26-a86c-6963b8fdd010,fUSD,0.0001712,120,1,-20000.0,demand,2026-09-05T21:47:00.819964+00:00
484d6ede-08ad-4c26-a86c-6963b8fdd010,fUSD,0.00017111,120,1,-2000000.0,demand,2026-09-05T21:47:00.819964+00:00
484d6ede-08ad-4c26-a86c-6963b8fdd010,fUSD,0.0001703,90,1,-19792.0,demand,2026-09-05T21:47:00.819964+00:00
484d6ede-08ad-4c26-a86c-6963b8fdd010,fUSD,0.00017,120,1,-150.0,demand,2026-09-05T21:47:00.819964+00:00
484d6ede-08ad-4c26-a86c-6963b8fdd010,fUSD,0.0001603,60,1,-18000.0,demand,2026-09-05T21:47:00.819964+00:00
484d6ede-08ad-4c26-a86c-6963b8fdd010,fUSD,0.00016,120,2,-10009162.66122322,demand,2026-09-05T21:47:00.819964+00:00
484d6ede-08ad-4c26-a86c-6963b8fdd010,fUSD,0.000152,30,3,-2831.19,demand,2026-09-05T21:47:00.819964+00:00
484d6ede-08ad-4c26-a86c-6963b8fdd010,fUSD,0.000151,120,1,-10000.0,demand,2026-09-05T21:47:00.819964+00:00
484d6ede-08ad-4c26-a86c-6963b8fdd010,fUSD,0.0001503,30,1,-20000.0,demand,2026-09-05T21:47:00.819964+00:00
484d6ede-08ad-4c26-a86c-6963b8fdd010,fUSD,0.00015001,5,10,-196683.48621375,demand,2026-09-05T21:47:00.819964+00:00
484d6ede-08ad-4c26-a86c-6963b8fdd010,fUSD,0.00015001,2,1,-495857.00704355,demand,2026-09-05T21:47:00.819964+00:00
484d6ede-08ad-4c26-a86c-6963b8fdd010,fUSD,0.00015,29,1,-91128.42113844,demand,2026-09-05T21:47:00.819964+00:00
484d6ede-08ad-4c26-a86c-6963b8fdd010,fUSD,0.00015,120,1,-500.0,demand,2026-09-05T21:47:00.819964+00:00
484d6ede-08ad-4c26-a86c-6963b8fdd010,fUSD,0.00015,2,1,-10000.0,demand,2026-09-05T21:47:00.819964+00:00
484d6ede-08ad-4c26-a86c-6963b8fdd010,fUSD,0.00015,30,1,-3800.0,demand,2026-09-05T21:47:00.819964+00:00
484d6ede-08ad-4c26-a86c-6963b8fdd010,fUSD,0.00015,7,1,-7000.0,demand,2026-09-05T21:47:00.819964+00:00
484d6ede-08ad-4c26-a86c-6963b8fdd010,fUSD,0.000149,2,2,-1090970.98634052,demand,2026-09-05T21:47:00.819964+00:00
484d6ede-08ad-4c26-a86c-6963b8fdd010,fUSD,0.0001501095890410959,2,1,508.0,offer,2026-09-05T21:47:00.819964+00:00
484d6ede-08ad-4c26-a86c-6963b8fdd010,fUSD,0.00015311178082191783,7,1,106.65288528,offer,2026-09-05T21:47:00.819964+00:00
484d6ede-08ad-4c26-a86c-6963b8fdd010,fUSD,0.000156855,2,1,316.65,offer,2026-09-05T21:47:00.819964+00:00
484d6ede-08ad-4c26-a86c-6963b8fdd010,fUSD,0.0001576150684931507,7,1,209.39676484,offer,2026-09-05T21:47:00.819964+00:00
484d6ede-08ad-4c26-a86c-6963b8fdd010,fUSD,0.00016211835616438357,7,1,209.39676484,offer,2026-09-05T21:47:00.819964+00:00
484d6ede-08ad-4c26-a86c-6963b8fdd010,fUSD,0.00016509,2,1,450.0,offer,2026-09-05T21:47:00.819964+00:00
484d6ede-08ad-4c26-a86c-6963b8fdd010,fUSD,0.00016510054794520551,2,22,10749.54965377,offer,2026-09-05T21:47:00.819964+00:00
484d6ede-08ad-4c26-a86c-6963b8fdd010,fUSD,0.0001651105479452055,2,3,633.96609771,offer,2026-09-05T21:47:00.819964+00:00
484d6ede-08ad-4c26-a86c-6963b8fdd010,fUSD,0.0001651205479452055,2,6,1731.01672854,offer,2026-09-05T21:47:00.819964+00:00
484d6ede-08ad-4c26-a86c-6963b8fdd010,fUSD,0.0001681227397260274,7,3,688.76676485,offer,2026-09-05T21:47:00.819964+00:00
484d6ede-08ad-4c26-a86c-6963b8fdd010,fUSD,0.0001716073,2,1,316.65,offer,2026-09-05T21:47:00.819964+00:00
484d6ede-08ad-4c26-a86c-6963b8fdd010,fUSD,0.0001750172,2,1,316.65,offer,2026-09-05T21:47:00.819964+00:00
484d6ede-08ad-4c26-a86c-6963b8fdd010,fUSD,0.00018819,2,1,235.86958792,offer,2026-09-05T21:47:00.819964+00:00
484d6ede-08ad-4c26-a86c-6963b8fdd010,fUSD,0.0002001095890410959,2,1,199.5,offer,2026-09-05T21:47:00.819964+00:00
484d6ede-08ad-4c26-a86c-6963b8fdd010,fUSD,0.0002054794520547945,2,1,345.18618796,offer,2026-09-05T21:47:00.819964+00:00
484d6ede-08ad-4c26-a86c-6963b8fdd010,fUSD,0.00020932876712328766,2,1,150.0,offer,2026-09-05T21:47:00.819964+00:00
484d6ede-08ad-4c26-a86c-6963b8fdd010,fUSD,0.000211232,2,1,152.46,offer,2026-09-05T21:47:00.819964+00:00
484d6ede-08ad-4c26-a86c-6963b8fdd010,fUSD,0.00021299,2,1,195.19,offer,2026-09-05T21:47:00.819964+00:00
484d6ede-08ad-4c26-a86c-6963b8fdd010,fUSD,0.00021333,2,1,195.13,offer,2026-09-05T21:47:00.819964+00:00
484d6ede-08ad-4c26-a86c-6963b8fdd010,fUSD,0.00021371,2,1,194.66,offer,2026-09-05T21:47:00.819964+00:00
484d6ede-08ad-4c26-a86c-6963b8fdd010,fUSD,0.0002139869,2,1,365.37,offer,2026-09-05T21:47:00.819964+00:00
484d6ede-08ad-4c26-a86c-6963b8fdd010,fUSD,0.00021448,2,1,324.38,offer,2026-09-05T21:47:00.819964+00:00
484d6ede-08ad-4c26-a86c-6963b8fdd010,fUSD,0.00021488,2,1,214.42,offer,2026-09-05T21:47:00.819964+00:00
484d6ede-08ad-4c26-a86c-6963b8fdd010,fUSD,0.00021495,2,1,244.77,offer,2026-09-05T21:47:00.819964+00:00
484d6ede-08ad-4c26-a86c-6963b8fdd010,fUSD,0.00021509,7,1,324.38,offer,2026-09-05T21:47:00.819964+00:00
4edddf96-c83d-4b8b-9926-14658e487bb9,fUSD,0.00022,30,1,-30100.0,demand,2026-09-05T22:47:00.907679+00:00
4edddf96-c83d-4b8b-9926-14658e487bb9,fUSD,0.00021,30,1,-30000.0,demand,2026-09-05T22:47:00.907679+00:00
4edddf96-c83d-4b8b-9926-14658e487bb9,fUSD,0.000209,30,1,-6289.12258117,demand,2026-09-05T22:47:00.907679+00:00
4edddf96-c83d-4b8b-9926-14658e487bb9,fUSD,0.0002,7,1,-150.0,demand,2026-09-05T22:47:00.907679+00:00
4edddf96-c83d-4b8b-9926-14658e487bb9,fUSD,0.00018020000000000002,120,10,-200000.0,demand,2026-09-05T22:47:00.907679+00:00
4edddf96-c83d-4b8b-9926-14658e487bb9,fUSD,0.00018010999999999998,120,1,-133240.73391109,demand,2026-09-05T22:47:00.907679+00:00
4edddf96-c83d-4b8b-9926-14658e487bb9,fUSD,0.0001777,120,1,-23123.30278361,demand,2026-09-05T22:47:00.907679+00:00
4edddf96-c83d-4b8b-9926-14658e487bb9,fUSD,0.000174,120,1,-12350.0,demand,2026-09-05T22:47:00.907679+00:00
4edddf96-c83d-4b8b-9926-14658e487bb9,fUSD,0.0001713,120,1,-20000.0,demand,2026-09-05T22:47:00.907679+00:00
4edddf96-c83d-4b8b-9926-14658e487bb9,fUSD,0.0001712,120,1,-20000.0,demand,2026-09-05T22:47:00.907679+00:00
4edddf96-c83d-4b8b-9926-14658e487bb9,fUSD,0.00017111,120,1,-2000000.0,demand,2026-09-05T22:47:00.907679+00:00
4edddf96-c83d-4b8b-9926-14658e487bb9,fUSD,0.0001703,90,1,-19792.0,demand,2026-09-05T22:47:00.907679+00:00
4edddf96-c83d-4b8b-9926-14658e487bb9,fUSD,0.00017,120,1,-150.0,demand,2026-09-05T22:47:00.907679+00:00
4edddf96-c83d-4b8b-9926-14658e487bb9,fUSD,0.0001603,60,1,-18000.0,demand,2026-09-05T22:47:00.907679+00:00
4edddf96-c83d-4b8b-9926-14658e487bb9,fUSD,0.00016,120,2,-10009162.66122322,demand,2026-09-05T22:47:00.907679+00:00
4edddf96-c83d-4b8b-9926-14658e487bb9,fUSD,0.000152,30,3,-2831.19,demand,2026-09-05T22:47:00.907679+00:00
4edddf96-c83d-4b8b-9926-14658e487bb9,fUSD,0.000151,120,1,-10000.0,demand,2026-09-05T22:47:00.907679+00:00
4edddf96-c83d-4b8b-9926-14658e487bb9,fUSD,0.0001503,30,1,-20000.0,demand,2026-09-05T22:47:00.907679+00:00
4edddf96-c83d-4b8b-9926-14658e487bb9,fUSD,0.00015,29,1,-91128.42113844,demand,2026-09-05T22:47:00.907679+00:00
4edddf96-c83d-4b8b-9926-14658e487bb9,fUSD,0.00015,120,1,-500.0,demand,2026-09-05T22:47:00.907679+00:00
4edddf96-c83d-4b8b-9926-14658e487bb9,fUSD,0.00015,2,1,-10000.0,demand,2026-09-05T22:47:00.907679+00:00
4edddf96-c83d-4b8b-9926-14658e487bb9,fUSD,0.00015,30,1,-3800.0,demand,2026-09-05T22:47:00.907679+00:00
4edddf96-c83d-4b8b-9926-14658e487bb9,fUSD,0.00015,7,1,-7000.0,demand,2026-09-05T22:47:00.907679+00:00
4edddf96-c83d-4b8b-9926-14658e487bb9,fUSD,0.000149,2,1,-1086386.31612506,demand,2026-09-05T22:47:00.907679+00:00
4edddf96-c83d-4b8b-9926-14658e487bb9,fUSD,0.000145,7,1,-190.0,demand,2026-09-05T22:47:00.907679+00:00
4edddf96-c83d-4b8b-9926-14658e487bb9,fUSD,0.0001501095890410959,2,1,513.0,offer,2026-09-05T22:47:00.907679+00:00
4edddf96-c83d-4b8b-9926-14658e487bb9,fUSD,0.00015050469178082192,2,1,150.0,offer,2026-09-05T22:47:00.907679+00:00
4edddf96-c83d-4b8b-9926-14658e487bb9,fUSD,0.00015169,2,1,150.0,offer,2026-09-05T22:47:00.907679+00:00
4edddf96-c83d-4b8b-9926-14658e487bb9,fUSD,0.00015319,2,1,195.0,offer,2026-09-05T22:47:00.907679+00:00
4edddf96-c83d-4b8b-9926-14658e487bb9,fUSD,0.00017769000000000001,2,1,618.1147301,offer,2026-09-05T22:47:00.907679+00:00
4edddf96-c83d-4b8b-9926-14658e487bb9,fUSD,0.0001777,2,4,25377.40181978,offer,2026-09-05T22:47:00.907679+00:00
4edddf96-c83d-4b8b-9926-14658e487bb9,fUSD,0.0001777,7,2,20879.53,offer,2026-09-05T22:47:00.907679+00:00
4edddf96-c83d-4b8b-9926-14658e487bb9,fUSD,0.0001777,3,2,325.0,offer,2026-09-05T22:47:00.907679+00:00
4edddf96-c83d-4b8b-9926-14658e487bb9,fUSD,0.000188362,2,2,727.96,offer,2026-09-05T22:47:00.907679+00:00
4edddf96-c83d-4b8b-9926-14658e487bb9,fUSD,0.0001996,7,1,150.0,offer,2026-09-05T22:47:00.907679+00:00
4edddf96-c83d-4b8b-9926-14658e487bb9,fUSD,0.0001996,2,1,150.99,offer,2026-09-05T22:47:00.907679+00:00
4edddf96-c83d-4b8b-9926-14658e487bb9,fUSD,0.0002,2,2,1905.87338,offer,2026-09-05T22:47:00.907679+00:00
4edddf96-c83d-4b8b-9926-14658e487bb9,fUSD,0.0002,120,1,268.134663,offer,2026-09-05T22:47:00.907679+00:00
4edddf96-c83d-4b8b-9926-14658e487bb9,fUSD,0.00020050469178082192,2,1,199.5,offer,2026-09-05T22:47:00.907679+00:00
4edddf96-c83d-4b8b-9926-14658e487bb9,fUSD,0.0002091905397260274,7,1,513.0,offer,2026-09-05T22:47:00.907679+00:00
4edddf96-c83d-4b8b-9926-14658e487bb9,fUSD,0.0002110496902545389,2,1,296.5464793,offer,2026-09-05T22:47:00.907679+00:00
4edddf96-c83d-4b8b-9926-14658e487bb9,fUSD,0.00021535,30,1,234.48,offer,2026-09-05T22:47:00.907679+00:00
4edddf96-c83d-4b8b-9926-14658e487bb9,fUSD,0.00021577360124938388,2,1,256.0853788,offer,2026-09-05T22:47:00.907679+00:00
4edddf96-c83d-4b8b-9926-14658e487bb9,fUSD,0.0002159,30,1,234.41,offer,2026-09-05T22:47:00.907679+00:00
4edddf96-c83d-4b8b-9926-14658e487bb9,fUSD,0.00021596,30,1,170.48,offer,2026-09-05T22:47:00.907679+00:00
4edddf96-c83d-4b8b-9926-14658e487bb9,fUSD,0.00021603,2,1,256.05,offer,2026-09-05T22:47:00.907679+00:00
4edddf96-c83d-4b8b-9926-14658e487bb9,fUSD,0.00021603,30,1,170.48,offer,2026-09-05T22:47:00.907679+00:00
4edddf96-c83d-4b8b-9926-14658e487bb9,fUSD,0.00021652,2,1,150.0,offer,2026-09-05T22:47:00.907679+00:00
4edddf96-c83d-4b8b-9926-14658e487bb9,fUSD,0.0002173521,2,1,150.0,offer,2026-09-05T22:47:00.907679+00:00
4edddf96-c83d-4b8b-9926-14658e487bb9,fUSD,0.0002174587,2,1,156.26,offer,2026-09-05T22:47:00.907679+00:00
40334213-02e0-4f74-95ef-1f0d168ddda8,fUSD,0.00022,30,1,-30100.0,demand,2026-09-05T23:47:00.968158+00:00
40334213-02e0-4f74-95ef-1f0d168ddda8,fUSD,0.00021,30,1,-30000.0,demand,2026-09-05T23:47:00.968158+00:00
40334213-02e0-4f74-95ef-1f0d168ddda8,fUSD,0.000209,30,1,-6289.12258117,demand,2026-09-05T23:47:00.968158+00:00
40334213-02e0-4f74-95ef-1f0d168ddda8,fUSD,0.0002,7,1,-150.0,demand,2026-09-05T23:47:00.968158+00:00
40334213-02e0-4f74-95ef-1f0d168ddda8,fUSD,0.00018020000000000002,120,10,-200000.0,demand,2026-09-05T23:47:00.968158+00:00
40334213-02e0-4f74-95ef-1f0d168ddda8,fUSD,0.00018010999999999998,120,1,-133240.73391109,demand,2026-09-05T23:47:00.968158+00:00
40334213-02e0-4f74-95ef-1f0d168ddda8,fUSD,0.0001777,120,1,-23123.30278361,demand,2026-09-05T23:47:00.968158+00:00
40334213-02e0-4f74-95ef-1f0d168ddda8,fUSD,0.000174,120,1,-12350.0,demand,2026-09-05T23:47:00.968158+00:00
40334213-02e0-4f74-95ef-1f0d168ddda8,fUSD,0.0001713,120,1,-20000.0,demand,2026-09-05T23:47:00.968158+00:00
40334213-02e0-4f74-95ef-1f0d168ddda8,fUSD,0.0001712,120,1,-20000.0,demand,2026-09-05T23:47:00.968158+00:00
40334213-02e0-4f74-95ef-1f0d168ddda8,fUSD,0.00017111,120,1,-2000000.0,demand,2026-09-05T23:47:00.968158+00:00
40334213-02e0-4f74-95ef-1f0d168ddda8,fUSD,0.0001703,90,1,-19792.0,demand,2026-09-05T23:47:00.968158+00:00
40334213-02e0-4f74-95ef-1f0d168ddda8,fUSD,0.00017,120,1,-150.0,demand,2026-09-05T23:47:00.968158+00:00
40334213-02e0-4f74-95ef-1f0d168ddda8,fUSD,0.0001603,60,1,-18000.0,demand,2026-09-05T23:47:00.968158+00:00
40334213-02e0-4f74-95ef-1f0d168ddda8,fUSD,0.00016,120,2,-10009162.66122322,demand,2026-09-05T23:47:00.968158+00:00
40334213-02e0-4f74-95ef-1f0d168ddda8,fUSD,0.000152,30,3,-2831.19,demand,2026-09-05T23:47:00.968158+00:00
40334213-02e0-4f74-95ef-1f0d168ddda8,fUSD,0.000151,120,1,-10000.0,demand,2026-09-05T23:47:00.968158+00:00
40334213-02e0-4f74-95ef-1f0d168ddda8,fUSD,0.0001503,30,1,-20000.0,demand,2026-09-05T23:47:00.968158+00:00
40334213-02e0-4f74-95ef-1f0d168ddda8,fUSD,0.00015,29,1,-91128.42113844,demand,2026-09-05T23:47:00.968158+00:00
40334213-02e0-4f74-95ef-1f0d168ddda8,fUSD,0.00015,120,1,-500.0,demand,2026-09-05T23:47:00.968158+00:00
40334213-02e0-4f74-95ef-1f0d168ddda8,fUSD,0.00015,2,1,-10000.0,demand,2026-09-05T23:47:00.968158+00:00
40334213-02e0-4f74-95ef-1f0d168ddda8,fUSD,0.00015,30,1,-3800.0,demand,2026-09-05T23:47:00.968158+00:00
40334213-02e0-4f74-95ef-1f0d168ddda8,fUSD,0.00015,7,1,-6850.0,demand,2026-09-05T23:47:00.968158+00:00
40334213-02e0-4f74-95ef-1f0d168ddda8,fUSD,0.000149,2,1,-1081907.84783826,demand,2026-09-05T23:47:00.968158+00:00
40334213-02e0-4f74-95ef-1f0d168ddda8,fUSD,0.000145,7,1,-190.0,demand,2026-09-05T23:47:00.968158+00:00
40334213-02e0-4f74-95ef-1f0d168ddda8,fUSD,0.00014992000000000003,2,10,5017.46482983,offer,2026-09-05T23:47:00.968158+00:00
40334213-02e0-4f74-95ef-1f0d168ddda8,fUSD,0.000149965,2,1,150.0,offer,2026-09-05T23:47:00.968158+00:00
40334213-02e0-4f74-95ef-1f0d168ddda8,fUSD,0.00014999,2,3,1019.49808231,offer,2026-09-05T23:47:00.968158+00:00
40334213-02e0-4f74-95ef-1f0d168ddda8,fUSD,0.00015,2,10,670522.33660223,offer,2026-09-05T23:47:00.968158+00:00
40334213-02e0-4f74-95ef-1f0d168ddda8,fUSD,0.0001502,7,2,700.69625325,offer,2026-09-05T23:47:00.968158+00:00
40334213-02e0-4f74-95ef-1f0d168ddda8,fUSD,0.0001502,2,2,1088.12,offer,2026-09-05T23:47:00.968158+00:00
40334213-02e0-4f74-95ef-1f0d168ddda8,fUSD,0.000151,2,1,349.51,offer,2026-09-05T23:47:00.968158+00:00
40334213-02e0-4f74-95ef-1f0d168ddda8,fUSD,0.0001529898,7,1,194.8423802,offer,2026-09-05T23:47:00.968158+00:00
40334213-02e0-4f74-95ef-1f0d168ddda8,fUSD,0.00015299999999999998,3,2,1157.38204435,offer,2026-09-05T23:47:00.968158+00:00
40334213-02e0-4f74-95ef-1f0d168ddda8,fUSD,0.00015606,4,1,637.07326773,offer,2026-09-05T23:47:00.968158+00:00
40334213-02e0-4f74-95ef-1f0d168ddda8,fUSD,0.0001574895,7,1,298.48297263,offer,2026-09-05T23:47:00.968158+00:00
40334213-02e0-4f74-95ef-1f0d168ddda8,fUSD,0.0001574895,2,1,998.96,offer,2026-09-05T23:47:00.968158+00:00
40334213-02e0-4f74-95ef-1f0d168ddda8,fUSD,0.0001619892,7,1,292.26357033,offer,2026-09-05T23:47:00.968158+00:00
40334213-02e0-4f74-95ef-1f0d168ddda8,fUSD,0.00016489,2,1,150.0,offer,2026-09-05T23:47:00.968158+00:00
40334213-02e0-4f74-95ef-1f0d168ddda8,fUSD,0.000166,2,2,886.47600186,offer,2026-09-05T23:47:00.968158+00:00
40334213-02e0-4f74-95ef-1f0d168ddda8,fUSD,0.00017136,2,1,1187.79512797,offer,2026-09-05T23:47:00.968158+00:00
40334213-02e0-4f74-95ef-1f0d168ddda8,fUSD,0.00017197740170649123,2,1,541.58275631,offer,2026-09-05T23:47:00.968158+00:00
40334213-02e0-4f74-95ef-1f0d168ddda8,fUSD,0.00017388054571671044,2,1,256.0853788,offer,2026-09-05T23:47:00.968158+00:00
40334213-02e0-4f74-95ef-1f0d168ddda8,fUSD,0.00017855,2,1,150.0,offer,2026-09-05T23:47:00.968158+00:00
40334213-02e0-4f74-95ef-1f0d168ddda8,fUSD,0.00018010999999999998,2,4,4261.6,offer,2026-09-05T23:47:00.968158+00:00
40334213-02e0-4f74-95ef-1f0d168ddda8,fUSD,0.00018010999999999998,7,2,2852.6,offer,2026-09-05T23:47:00.968158+00:00
40334213-02e0-4f74-95ef-1f0d168ddda8,fUSD,0.000183,2,3,1386.47600186,offer,2026-09-05T23:47:00.968158+00:00
40334213-02e0-4f74-95ef-1f0d168ddda8,fUSD,0.0001918,2,2,32692.2,offer,2026-09-05T23:47:00.968158+00:00
40334213-02e0-4f74-95ef-1f0d168ddda8,fUSD,0.000196379,2,1,2317.82,offer,2026-09-05T23:47:00.968158+00:00
40334213-02e0-4f74-95ef-1f0d168ddda8,fUSD,0.0001968521,2,1,200.0,offer,2026-09-05T23:47:00.968158+00:00
