run_id,market,rate,period,count,amount,side,fetched_at
b8b706bc-11a5-43f1-8ac3-18f3170caa22,fUST,0.0002671232876712329,120,1,-3009250.19514079,demand,2026-09-05T00:47:01.957163+00:00
b8b706bc-11a5-43f1-8ac3-18f3170caa22,fUST,0.000267123287,120,1,-243.95,demand,2026-09-05T00:47:01.957163+00:00
b8b706bc-11a5-43f1-8ac3-18f3170caa22,fUST,0.000249652054,120,1,-1000.0,demand,2026-09-05T00:47:01.957163+00:00
b8b706bc-11a5-43f1-8ac3-18f3170caa22,fUST,0.000249589041,120,1,-1000.0,demand,2026-09-05T00:47:01.957163+00:00
b8b706bc-11a5-43f1-8ac3-18f3170caa22,fUST,0.000247980821,120,1,-56568.59382046,demand,2026-09-05T00:47:01.957163+00:00
b8b706bc-11a5-43f1-8ac3-18f3170caa22,fUST,0.00024191780821917807,120,1,-3616774.3610412,demand,2026-09-05T00:47:01.957163+00:00
b8b706bc-11a5-43f1-8ac3-18f3170caa22,fUST,0.00016,60,18,-400330.3840775,demand,2026-09-05T00:47:01.957163+00:00
b8b706bc-11a5-43f1-8ac3-18f3170caa22,fUST,0.000152,60,1,-28000.0,demand,2026-09-05T00:47:01.957163+00:00
b8b706bc-11a5-43f1-8ac3-18f3170caa22,fUST,0.00015,120,1,-300000.0,demand,2026-09-05T00:47:01.957163+00:00
b8b706bc-11a5-43f1-8ac3-18f3170caa22,fUST,0.00015,45,3,-13845.272985,demand,2026-09-05T00:47:01.957163+00:00
b8b706bc-11a5-43f1-8ac3-18f3170caa22,fUST,0.00015,30,5,-17741.96455423,demand,2026-09-05T00:47:01.957163+00:00
b8b706bc-11a5-43f1-8ac3-18f3170caa22,fUST,0.000148,30,4,-20000.0,demand,2026-09-05T00:47:01.957163+00:00
b8b706bc-11a5-43f1-8ac3-18f3170caa22,fUST,0.0001421,45,9,-80000.0,demand,2026-09-05T00:47:01.957163+00:00
b8b706bc-11a5-43f1-8ac3-18f3170caa22,fUST,0.000142,45,2,-20000.0,demand,2026-09-05T00:47:01.957163+00:00
b8b706bc-11a5-43f1-8ac3-18f3170caa22,fUST,0.000142,30,1,-28000.0,demand,2026-09-05T00:47:01.957163+00:00
b8b706bc-11a5-43f1-8ac3-18f3170caa22,fUST,0.0001401,30,11,-147973.68632078,demand,2026-09-05T00:47:01.957163+00:00
b8b706bc-11a5-43f1-8ac3-18f3170caa22,fUST,0.000138,20,6,-49368.52669917,demand,2026-09-05T00:47:01.957163+00:00
b8b706bc-11a5-43f1-8ac3-18f3170caa22,fUST,0.000136,30,3,-19544.22120933,demand,2026-09-05T00:47:01.957163+00:00
b8b706bc-11a5-43f1-8ac3-18f3170caa22,fUST,0.000133,14,6,-27126.10690046,demand,2026-09-05T00:47:01.957163+00:00
b8b706bc-11a5-43f1-8ac3-18f3170caa22,fUST,0.00013299999999999998,14,7,-27543.18620925,demand,2026-09-05T00:47:01.957163+00:00
b8b706bc-11a5-43f1-8ac3-18f3170caa22,fUST,0.000128,30,3,-30000.0,demand,2026-09-05T00:47:01.957163+00:00
b8b706bc-11a5-43f1-8ac3-18f3170caa22,fUST,0.000126599998,13,1,-97780.35811529,demand,2026-09-05T00:47:01.957163+00:00
b8b706bc-11a5-43f1-8ac3-18f3170caa22,fUST,0.000126,15,5,-45000.0,demand,2026-09-05T00:47:01.957163+00:00
b8b706bc-11a5-43f1-8ac3-18f3170caa22,fUST,0.000125,14,10,-38434.04490168,demand,2026-09-05T00:47:01.957163+00:00
b8b706bc-11a5-43f1-8ac3-18f3170caa22,fUST,0.000124,7,8,-25935.95976909,demand,2026-09-05T00:47:01.957163+00:00
b8b706bc-11a5-43f1-8ac3-18f3170caa22,fUST,0.00018525,2,2,713.38156774,offer,2026-09-05T00:47:01.957163+00:00
b8b706bc-11a5-43f1-8ac3-18f3170caa22,fUST,0.00018712328767123287,2,1,177.34156774,offer,2026-09-05T00:47:01.957163+00:00
b8b706bc-11a5-43f1-8ac3-18f3170caa22,fUST,0.00019,2,1,618.1829201,offer,2026-09-05T00:47:01.957163+00:00
b8b706bc-11a5-43f1-8ac3-18f3170caa22,fUST,0.00020378,2,1,536.04,offer,2026-09-05T00:47:01.957163+00:00
b8b706bc-11a5-43f1-8ac3-18f3170caa22,fUST,0.000206,2,1,306.39586232,offer,2026-09-05T00:47:01.957163+00:00
b8b706bc-11a5-43f1-8ac3-18f3170caa22,fUST,0.0002066921,2,1,2554.6531368,offer,2026-09-05T00:47:01.957163+00:00
b8b706bc-11a5-43f1-8ac3-18f3170caa22,fUST,0.000206849297260274,30,1,409.9,offer,2026-09-05T00:47:01.957163+00:00
b8b706bc-11a5-43f1-8ac3-18f3170caa22,fUST,0.0002071611403587248,2,1,220.99554983,offer,2026-09-05T00:47:01.957163+00:00
b8b706bc-11a5-43f1-8ac3-18f3170caa22,fUST,0.000208,2,1,306.39586232,offer,2026-09-05T00:47:01.957163+00:00
b8b706bc-11a5-43f1-8ac3-18f3170caa22,fUST,0.00020899,2,1,355.42538619,offer,2026-09-05T00:47:01.957163+00:00
b8b706bc-11a5-43f1-8ac3-18f3170caa22,fUST,0.00020899,7,1,355.0,offer,2026-09-05T00:47:01.957163+00:00
b8b706bc-11a5-43f1-8ac3-18f3170caa22,fUST,0.000209423,2,2,639.0,offer,2026-09-05T00:47:01.957163+00:00
b8b706bc-11a5-43f1-8ac3-18f3170caa22,fUST,0.00021,2,1,306.39586232,offer,2026-09-05T00:47:01.957163+00:00
b8b706bc-11a5-43f1-8ac3-18f3170caa22,fUST,0.00021173,7,1,355.0,offer,2026-09-05T00:47:01.957163+00:00
b8b706bc-11a5-43f1-8ac3-18f3170caa22,fUST,0.000212,2,1,328.0,offer,2026-09-05T00:47:01.957163+00:00
b8b706bc-11a5-43f1-8ac3-18f3170caa22,fUST,0.000213,2,1,306.39586232,offer,2026-09-05T00:47:01.957163+00:00
b8b706bc-11a5-43f1-8ac3-18f3170caa22,fUST,0.0002148,2,1,691.39241307,offer,2026-09-05T00:47:01.957163+00:00
b8b706bc-11a5-43f1-8ac3-18f3170caa22,fUST,0.000215,2,1,306.39586232,offer,2026-09-05T00:47:01.957163+00:00
b8b706bc-11a5-43f1-8ac3-18f3170caa22,fUST,0.00021769863013698632,4,1,300.0,offer,2026-09-05T00:47:01.957163+00:00
b8b706bc-11a5-43f1-8ac3-18f3170caa22,fUST,0.000219048492,2,3,487.80568051,offer,2026-09-05T00:47:01.957163+00:00
b8b706bc-11a5-43f1-8ac3-18f3170caa22,fUST,0.00021917,2,2,740.82,offer,2026-09-05T00:47:01.957163+00:00
b8b706bc-11a5-43f1-8ac3-18f3170caa22,fUST,0.00021918,2,1,1486.01,offer,2026-09-05T00:47:01.957163+00:00
b8b706bc-11a5-43f1-8ac3-18f3170caa22,fUST,0.00021942,2,1,388.39,offer,2026-09-05T00:47:01.957163+00:00
b8b706bc-11a5-43f1-8ac3-18f3170caa22,fUST,0.00021959752611828328,2,1,605.66504373,offer,2026-09-05T00:47:01.957163+00:00
b8b706bc-11a5-43f1-8ac3-18f3170caa22,fUST,0.00021964765265263794,2,1,605.66504373,offer,2026-09-05T00:47:01.957163+00:00
ed026541-acca-4c42-baa9-24066ea156b3,fUST,0.0002671232876712329,120,1,-3008256.39728946,demand,2026-09-05T01:47:02.253669+00:00
ed026541-acca-4c42-baa9-24066ea156b3,fUST,0.000267123287,120,1,-243.95,demand,2026-09-05T01:47:02.253669+00:00
ed026541-acca-4c42-baa9-24066ea156b3,fUST,0.000249652054,120,1,-1000.0,demand,2026-09-05T01:47:02.253669+00:00
ed026541-acca-4c42-baa9-24066ea156b3,fUST,0.000249589041,120,1,-1000.0,demand,2026-09-05T01:47:02.253669+00:00
ed026541-acca-4c42-baa9-24066ea156b3,fUST,0.000247980821,120,1,-56568.59382046,demand,2026-09-05T01:47:02.253669+00:00
ed026541-acca-4c42-baa9-24066ea156b3,fUST,0.00024197534246575341,120,1,-3601551.34553957,demand,2026-09-05T01:47:02.253669+00:00
ed026541-acca-4c42-baa9-24066ea156b3,fUST,0.00016,60,18,-400330.3840775,demand,2026-09-05T01:47:02.253669+00:00
ed026541-acca-4c42-baa9-24066ea156b3,fUST,0.000152,60,1,-28000.0,demand,2026-09-05T01:47:02.253669+00:00
ed026541-acca-4c42-baa9-24066ea156b3,fUST,0.00015,120,1,-300000.0,demand,2026-09-05T01:47:02.253669+00:00
ed026541-acca-4c42-baa9-24066ea156b3,fUST,0.00015,45,3,-13845.272985,demand,2026-09-05T01:47:02.253669+00:00
ed026541-acca-4c42-baa9-24066ea156b3,fUST,0.00015,30,5,-17741.96455423,demand,2026-09-05T01:47:02.253669+00:00
ed026541-acca-4c42-baa9-24066ea156b3,fUST,0.000148,30,4,-20000.0,demand,2026-09-05T01:47:02.253669+00:00
ed026541-acca-4c42-baa9-24066ea156b3,fUST,0.0001421,45,9,-80000.0,demand,2026-09-05T01:47:02.253669+00:00
ed026541-acca-4c42-baa9-24066ea156b3,fUST,0.000142,45,2,-20000.0,demand,2026-09-05T01:47:02.253669+00:00
ed026541-acca-4c42-baa9-24066ea156b3,fUST,0.000142,30,1,-28000.0,demand,2026-09-05T01:47:02.253669+00:00
ed026541-acca-4c42-baa9-24066ea156b3,fUST,0.0001401,30,11,-147973.68632078,demand,2026-09-05T01:47:02.253669+00:00
ed026541-acca-4c42-baa9-24066ea156b3,fUST,0.000138,20,6,-49368.52669917,demand,2026-09-05T01:47:02.253669+00:00
ed026541-acca-4c42-baa9-24066ea156b3,fUST,0.000136,30,3,-19544.22120933,demand,2026-09-05T01:47:02.253669+00:00
ed026541-acca-4c42-baa9-24066ea156b3,fUST,0.000133,14,6,-27126.10690046,demand,2026-09-05T01:47:02.253669+00:00
ed026541-acca-4c42-baa9-24066ea156b3,fUST,0.00013299999999999998,14,7,-27543.18620925,demand,2026-09-05T01:47:02.253669+00:00
ed026541-acca-4c42-baa9-24066ea156b3,fUST,0.000128,30,3,-30000.0,demand,2026-09-05T01:47:02.253669+00:00
ed026541-acca-4c42-baa9-24066ea156b3,fUST,0.000126599998,13,1,-97780.35811529,demand,2026-09-05T01:47:02.253669+00:00
ed026541-acca-4c42-baa9-24066ea156b3,fUST,0.000126,15,5,-45000.0,demand,2026-09-05T01:47:02.253669+00:00
ed026541-acca-4c42-baa9-24066ea156b3,fUST,0.000125,14,10,-38434.04490168,demand,2026-09-05T01:47:02.253669+00:00
ed026541-acca-4c42-baa9-24066ea156b3,fUST,0.000124,7,8,-25935.95976909,demand,2026-09-05T01:47:02.253669+00:00
ed026541-acca-4c42-baa9-24066ea156b3,fUST,0.00016325,2,1,310.65551453,offer,2026-09-05T01:47:02.253669+00:00
ed026541-acca-4c42-baa9-24066ea156b3,fUST,0.0001649,2,2,350.33,offer,2026-09-05T01:47:02.253669+00:00
ed026541-acca-4c42-baa9-24066ea156b3,fUST,0.00017,2,1,243.41248492,offer,2026-09-05T01:47:02.253669+00:00
ed026541-acca-4c42-baa9-24066ea156b3,fUST,0.00017325,2,1,211.24639364,offer,2026-09-05T01:47:02.253669+00:00
ed026541-acca-4c42-baa9-24066ea156b3,fUST,0.0001748133,2,1,21320.1530631,offer,2026-09-05T01:47:02.253669+00:00
ed026541-acca-4c42-baa9-24066ea156b3,fUST,0.0001781568493150685,2,1,161.67231328,offer,2026-09-05T01:47:02.253669+00:00
ed026541-acca-4c42-baa9-24066ea156b3,fUST,0.00018139,2,1,199.33,offer,2026-09-05T01:47:02.253669+00:00
ed026541-acca-4c42-baa9-24066ea156b3,fUST,0.00018356164383561644,3,1,159.62790488,offer,2026-09-05T01:47:02.253669+00:00
ed026541-acca-4c42-baa9-24066ea156b3,fUST,0.00018360246575342467,2,1,323.34462656,offer,2026-09-05T01:47:02.253669+00:00
ed026541-acca-4c42-baa9-24066ea156b3,fUST,0.0001871808219178082,2,1,279.76543407,offer,2026-09-05T01:47:02.253669+00:00
ed026541-acca-4c42-baa9-24066ea156b3,fUST,0.00018723287671232878,2,1,485.01693985,offer,2026-09-05T01:47:02.253669+00:00
ed026541-acca-4c42-baa9-24066ea156b3,fUST,0.000188955,7,1,211.17203488,offer,2026-09-05T01:47:02.253669+00:00
ed026541-acca-4c42-baa9-24066ea156b3,fUST,0.00019999,2,19,336765.98236335,offer,2026-09-05T01:47:02.253669+00:00
ed026541-acca-4c42-baa9-24066ea156b3,fUST,0.00019999,3,1,300.0,offer,2026-09-05T01:47:02.253669+00:00
ed026541-acca-4c42-baa9-24066ea156b3,fUST,0.0002,2,1,39433.89778464,offer,2026-09-05T01:47:02.253669+00:00
ed026541-acca-4c42-baa9-24066ea156b3,fUST,0.000208,2,1,204.26390822,offer,2026-09-05T01:47:02.253669+00:00
ed026541-acca-4c42-baa9-24066ea156b3,fUST,0.00020804087897374854,2,2,485.8060669,offer,2026-09-05T01:47:02.253669+00:00
ed026541-acca-4c42-baa9-24066ea156b3,fUST,0.00021,2,1,204.26390822,offer,2026-09-05T01:47:02.253669+00:00
ed026541-acca-4c42-baa9-24066ea156b3,fUST,0.000210097,2,1,190.937,offer,2026-09-05T01:47:02.253669+00:00
ed026541-acca-4c42-baa9-24066ea156b3,fUST,0.000212,2,1,204.26390822,offer,2026-09-05T01:47:02.253669+00:00
ed026541-acca-4c42-baa9-24066ea156b3,fUST,0.000212,64,1,258.16260816,offer,2026-09-05T01:47:02.253669+00:00
ed026541-acca-4c42-baa9-24066ea156b3,fUST,0.0002123013456,2,1,379.905444,offer,2026-09-05T01:47:02.253669+00:00
ed026541-acca-4c42-baa9-24066ea156b3,fUST,0.0002127,3,1,687.59,offer,2026-09-05T01:47:02.253669+00:00
ed026541-acca-4c42-baa9-24066ea156b3,fUST,0.0002128,2,1,255204.80655616,offer,2026-09-05T01:47:02.253669+00:00
ed026541-acca-4c42-baa9-24066ea156b3,fUST,0.0002128001,2,5,2825.1,offer,2026-09-05T01:47:02.253669+00:00
d3787aaa-c8a7-4b38-b4d3-45dacb955131,fUST,0.0002671232876712329,120,1,-2984524.80728946,demand,2026-09-05T02:47:02.079069+00:00
d3787aaa-c8a7-4b38-b4d3-45dacb955131,fUST,0.000267123287,120,1,-243.95,demand,2026-09-05T02:47:02.079069+00:00
d3787aaa-c8a7-4b38-b4d3-45dacb955131,fUST,0.000249652054,120,1,-1000.0,demand,2026-09-05T02:47:02.079069+00:00
d3787aaa-c8a7-4b38-b4d3-45dacb955131,fUST,0.000249589041,120,1,-1000.0,demand,2026-09-05T02:47:02.079069+00:00
d3787aaa-c8a7-4b38-b4d3-45dacb955131,fUST,0.000247980821,120,1,-56568.59382046,demand,2026-09-05T02:47:02.079069+00:00
d3787aaa-c8a7-4b38-b4d3-45dacb955131,fUST,0.00024204383561643835,120,1,-3600557.48755359,demand,2026-09-05T02:47:02.079069+00:00
d3787aaa-c8a7-4b38-b4d3-45dacb955131,fUST,0.00016,60,18,-400330.3840775,demand,2026-09-05T02:47:02.079069+00:00
d3787aaa-c8a7-4b38-b4d3-45dacb955131,fUST,0.000152,60,1,-28000.0,demand,2026-09-05T02:47:02.079069+00:00
d3787aaa-c8a7-4b38-b4d3-45dacb955131,fUST,0.00015,120,1,-300000.0,demand,2026-09-05T02:47:02.079069+00:00
d3787aaa-c8a7-4b38-b4d3-45dacb955131,fUST,0.00015,45,3,-13845.272985,demand,2026-09-05T02:47:02.079069+00:00
d3787aaa-c8a7-4b38-b4d3-45dacb955131,fUST,0.00015,30,5,-17741.96455423,demand,2026-09-05T02:47:02.079069+00:00
d3787aaa-c8a7-4b38-b4d3-45dacb955131,fUST,0.000148,30,4,-20000.0,demand,2026-09-05T02:47:02.079069+00:00
d3787aaa-c8a7-4b38-b4d3-45dacb955131,fUST,0.0001421,45,9,-80000.0,demand,2026-09-05T02:47:02.079069+00:00
d3787aaa-c8a7-4b38-b4d3-45dacb955131,fUST,0.000142,45,2,-20000.0,demand,2026-09-05T02:47:02.079069+00:00
d3787aaa-c8a7-4b38-b4d3-45dacb955131,fUST,0.000142,30,1,-28000.0,demand,2026-09-05T02:47:02.079069+00:00
d3787aaa-c8a7-4b38-b4d3-45dacb955131,fUST,0.0001401,30,11,-147973.68632078,demand,2026-09-05T02:47:02.079069+00:00
d3787aaa-c8a7-4b38-b4d3-45dacb955131,fUST,0.000138,20,6,-49368.52669917,demand,2026-09-05T02:47:02.079069+00:00
d3787aaa-c8a7-4b38-b4d3-45dacb955131,fUST,0.000136,30,3,-19544.22120933,demand,2026-09-05T02:47:02.079069+00:00
d3787aaa-c8a7-4b38-b4d3-45dacb955131,fUST,0.000133,14,6,-27126.10690046,demand,2026-09-05T02:47:02.079069+00:00
d3787aaa-c8a7-4b38-b4d3-45dacb955131,fUST,0.00013299999999999998,14,7,-27543.18620925,demand,2026-09-05T02:47:02.079069+00:00
d3787aaa-c8a7-4b38-b4d3-45dacb955131,fUST,0.000128,30,3,-30000.0,demand,2026-09-05T02:47:02.079069+00:00
d3787aaa-c8a7-4b38-b4d3-45dacb955131,fUST,0.000126599998,13,1,-97780.35811529,demand,2026-09-05T02:47:02.079069+00:00
d3787aaa-c8a7-4b38-b4d3-45dacb955131,fUST,0.000126,15,5,-45000.0,demand,2026-09-05T02:47:02.079069+00:00
d3787aaa-c8a7-4b38-b4d3-45dacb955131,fUST,0.000125,14,10,-38434.04490168,demand,2026-09-05T02:47:02.079069+00:00
d3787aaa-c8a7-4b38-b4d3-45dacb955131,fUST,0.000124,7,8,-25935.95976909,demand,2026-09-05T02:47:02.079069+00:00
d3787aaa-c8a7-4b38-b4d3-45dacb955131,fUST,0.00016490358102739727,2,1,151.0,offer,2026-09-05T02:47:02.079069+00:00
d3787aaa-c8a7-4b38-b4d3-45dacb955131,fUST,0.0001683,14,1,310.65551453,offer,2026-09-05T02:47:02.079069+00:00
d3787aaa-c8a7-4b38-b4d3-45dacb955131,fUST,0.00017000369178082192,2,1,189.98718553,offer,2026-09-05T02:47:02.079069+00:00
d3787aaa-c8a7-4b38-b4d3-45dacb955131,fUST,0.00017490358102739727,2,1,213.20281496,offer,2026-09-05T02:47:02.079069+00:00
d3787aaa-c8a7-4b38-b4d3-45dacb955131,fUST,0.0001781726712328767,2,1,379.97437107,offer,2026-09-05T02:47:02.079069+00:00
d3787aaa-c8a7-4b38-b4d3-45dacb955131,fUST,0.00018244939999999995,2,1,2790.70783133,offer,2026-09-05T02:47:02.079069+00:00
d3787aaa-c8a7-4b38-b4d3-45dacb955131,fUST,0.00018357,2,1,193.56,offer,2026-09-05T02:47:02.079069+00:00
d3787aaa-c8a7-4b38-b4d3-45dacb955131,fUST,0.0001835727808219178,2,1,181.03469425,offer,2026-09-05T02:47:02.079069+00:00
d3787aaa-c8a7-4b38-b4d3-45dacb955131,fUST,0.00018361865753424656,2,1,569.9615566,offer,2026-09-05T02:47:02.079069+00:00
d3787aaa-c8a7-4b38-b4d3-45dacb955131,fUST,0.0001872027397260274,2,2,534.88979604,offer,2026-09-05T02:47:02.079069+00:00
d3787aaa-c8a7-4b38-b4d3-45dacb955131,fUST,0.00018724931506849314,2,1,759.94874213,offer,2026-09-05T02:47:02.079069+00:00
d3787aaa-c8a7-4b38-b4d3-45dacb955131,fUST,0.00019,2,1,624.42174688,offer,2026-09-05T02:47:02.079069+00:00
d3787aaa-c8a7-4b38-b4d3-45dacb955131,fUST,0.0001915175,2,1,153.80637246,offer,2026-09-05T02:47:02.079069+00:00
d3787aaa-c8a7-4b38-b4d3-45dacb955131,fUST,0.0001915275,2,1,450.9836764,offer,2026-09-05T02:47:02.079069+00:00
d3787aaa-c8a7-4b38-b4d3-45dacb955131,fUST,0.00019847594520547944,2,1,184.937,offer,2026-09-05T02:47:02.079069+00:00
d3787aaa-c8a7-4b38-b4d3-45dacb955131,fUST,0.00019998,2,1,510.14791087,offer,2026-09-05T02:47:02.079069+00:00
d3787aaa-c8a7-4b38-b4d3-45dacb955131,fUST,0.00019999,2,22,421225.23468397,offer,2026-09-05T02:47:02.079069+00:00
d3787aaa-c8a7-4b38-b4d3-45dacb955131,fUST,0.00020191,2,1,300.0,offer,2026-09-05T02:47:02.079069+00:00
d3787aaa-c8a7-4b38-b4d3-45dacb955131,fUST,0.00020192,3,1,300.0,offer,2026-09-05T02:47:02.079069+00:00
d3787aaa-c8a7-4b38-b4d3-45dacb955131,fUST,0.00020193,2,1,193.56,offer,2026-09-05T02:47:02.079069+00:00
d3787aaa-c8a7-4b38-b4d3-45dacb955131,fUST,0.00020398,2,16,5100.0,offer,2026-09-05T02:47:02.079069+00:00
d3787aaa-c8a7-4b38-b4d3-45dacb955131,fUST,0.00020638,2,25,10700.88398049,offer,2026-09-05T02:47:02.079069+00:00
d3787aaa-c8a7-4b38-b4d3-45dacb955131,fUST,0.00020790206687385047,2,2,638.18422196,offer,2026-09-05T02:47:02.079069+00:00
d3787aaa-c8a7-4b38-b4d3-45dacb955131,fUST,0.000208,2,2,329.31040098,offer,2026-09-05T02:47:02.079069+00:00
d3787aaa-c8a7-4b38-b4d3-45dacb955131,fUST,0.00020912328768,2,2,873.0809472,offer,2026-09-05T02:47:02.079069+00:00
dd6828f5-c0aa-449e-9101-cddc77b1f1dd,fUST,0.0002671232876712329,120,1,-2981694.47728946,demand,2026-09-05T03:47:01.995157+00:00
dd6828f5-c0aa-449e-9101-cddc77b1f1dd,fUST,0.000267123287,120,1,-243.95,demand,2026-09-05T03:47:01.995157+00:00
dd6828f5-c0aa-449e-9101-cddc77b1f1dd,fUST,0.000249652054,120,1,-1000.0,demand,2026-09-05T03:47:01.995157+00:00
dd6828f5-c0aa-449e-9101-cddc77b1f1dd,fUST,0.000249589041,120,1,-1000.0,demand,2026-09-05T03:47:01.995157+00:00
dd6828f5-c0aa-449e-9101-cddc77b1f1dd,fUST,0.000247980821,120,1,-56568.59382046,demand,2026-09-05T03:47:01.995157+00:00
dd6828f5-c0aa-449e-9101-cddc77b1f1dd,fUST,0.00024195068493150686,120,1,-3600557.48755359,demand,2026-09-05T03:47:01.995157+00:00
dd6828f5-c0aa-449e-9101-cddc77b1f1dd,fUST,0.00016,60,18,-400330.3840775,demand,2026-09-05T03:47:01.995157+00:00
dd6828f5-c0aa-449e-9101-cddc77b1f1dd,fUST,0.000152,60,1,-28000.0,demand,2026-09-05T03:47:01.995157+00:00
dd6828f5-c0aa-449e-9101-cddc77b1f1dd,fUST,0.00015,120,1,-300000.0,demand,2026-09-05T03:47:01.995157+00:00
dd6828f5-c0aa-449e-9101-cddc77b1f1dd,fUST,0.00015,45,3,-13845.272985,demand,2026-09-05T03:47:01.995157+00:00
dd6828f5-c0aa-449e-9101-cddc77b1f1dd,fUST,0.00015,30,5,-17741.96455423,demand,2026-09-05T03:47:01.995157+00:00
dd6828f5-c0aa-449e-9101-cddc77b1f1dd,fUST,0.000148,30,4,-20000.0,demand,2026-09-05T03:47:01.995157+00:00
dd6828f5-c0aa-449e-9101-cddc77b1f1dd,fUST,0.0001421,45,9,-80000.0,demand,2026-09-05T03:47:01.995157+00:00
dd6828f5-c0aa-449e-9101-cddc77b1f1dd,fUST,0.000142,45,2,-20000.0,demand,2026-09-05T03:47:01.995157+00:00
dd6828f5-c0aa-449e-9101-cddc77b1f1dd,fUST,0.000142,30,1,-28000.0,demand,2026-09-05T03:47:01.995157+00:00
dd6828f5-c0aa-449e-9101-cddc77b1f1dd,fUST,0.0001401,30,11,-147973.68632078,demand,2026-09-05T03:47:01.995157+00:00
dd6828f5-c0aa-449e-9101-cddc77b1f1dd,fUST,0.000138,20,6,-49368.52669917,demand,2026-09-05T03:47:01.995157+00:00
dd6828f5-c0aa-449e-9101-cddc77b1f1dd,fUST,0.000136,30,3,-19544.22120933,demand,2026-09-05T03:47:01.995157+00:00
dd6828f5-c0aa-449e-9101-cddc77b1f1dd,fUST,0.000133,14,6,-27126.10690046,demand,2026-09-05T03:47:01.995157+00:00
dd6828f5-c0aa-449e-9101-cddc77b1f1dd,fUST,0.00013299999999999998,14,7,-27543.18620925,demand,2026-09-05T03:47:01.995157+00:00
dd6828f5-c0aa-449e-9101-cddc77b1f1dd,fUST,0.000128,30,3,-30000.0,demand,2026-09-05T03:47:01.995157+00:00
dd6828f5-c0aa-449e-9101-cddc77b1f1dd,fUST,0.000126599998,13,1,-97780.35811529,demand,2026-09-05T03:47:01.995157+00:00
dd6828f5-c0aa-449e-9101-cddc77b1f1dd,fUST,0.000126,15,5,-45000.0,demand,2026-09-05T03:47:01.995157+00:00
dd6828f5-c0aa-449e-9101-cddc77b1f1dd,fUST,0.000125,14,10,-38434.04490168,demand,2026-09-05T03:47:01.995157+00:00
dd6828f5-c0aa-449e-9101-cddc77b1f1dd,fUST,0.000124,7,8,-25935.95976909,demand,2026-09-05T03:47:01.995157+00:00
dd6828f5-c0aa-449e-9101-cddc77b1f1dd,fUST,0.000163251,2,1,151.0,offer,2026-09-05T03:47:01.995157+00:00
dd6828f5-c0aa-449e-9101-cddc77b1f1dd,fUST,0.0001683,2,1,243.41248492,offer,2026-09-05T03:47:01.995157+00:00
dd6828f5-c0aa-449e-9101-cddc77b1f1dd,fUST,0.00017,2,1,243.41248492,offer,2026-09-05T03:47:01.995157+00:00
dd6828f5-c0aa-449e-9101-cddc77b1f1dd,fUST,0.00017808301369863014,2,1,205.0889134,offer,2026-09-05T03:47:01.995157+00:00
dd6828f5-c0aa-449e-9101-cddc77b1f1dd,fUST,0.00018352690410958905,2,1,410.17782681,offer,2026-09-05T03:47:01.995157+00:00
dd6828f5-c0aa-449e-9101-cddc77b1f1dd,fUST,0.0001870674606164384,7,2,315.74977629,offer,2026-09-05T03:47:01.995157+00:00
dd6828f5-c0aa-449e-9101-cddc77b1f1dd,fUST,0.00018715616438356165,2,1,389.53206052,offer,2026-09-05T03:47:01.995157+00:00
dd6828f5-c0aa-449e-9101-cddc77b1f1dd,fUST,0.000195,2,1,5903.6391391,offer,2026-09-05T03:47:01.995157+00:00
dd6828f5-c0aa-449e-9101-cddc77b1f1dd,fUST,0.00020123,2,1,503.88188722,offer,2026-09-05T03:47:01.995157+00:00
dd6828f5-c0aa-449e-9101-cddc77b1f1dd,fUST,0.00020370775287645198,2,1,4033.87674122,offer,2026-09-05T03:47:01.995157+00:00
dd6828f5-c0aa-449e-9101-cddc77b1f1dd,fUST,0.00020499,2,1,501.58864909,offer,2026-09-05T03:47:01.995157+00:00
dd6828f5-c0aa-449e-9101-cddc77b1f1dd,fUST,0.000205,2,2,25264.46304414,offer,2026-09-05T03:47:01.995157+00:00
dd6828f5-c0aa-449e-9101-cddc77b1f1dd,fUST,0.00020545,60,1,201.55894873,offer,2026-09-05T03:47:01.995157+00:00
dd6828f5-c0aa-449e-9101-cddc77b1f1dd,fUST,0.0002077068493150685,2,1,423.53303429,offer,2026-09-05T03:47:01.995157+00:00
dd6828f5-c0aa-449e-9101-cddc77b1f1dd,fUST,0.0002077078233144639,2,4,958.18422196,offer,2026-09-05T03:47:01.995157+00:00
dd6828f5-c0aa-449e-9101-cddc77b1f1dd,fUST,0.000208,2,14,2550.40924352,offer,2026-09-05T03:47:01.995157+00:00
dd6828f5-c0aa-449e-9101-cddc77b1f1dd,fUST,0.00020909,2,15,4500.0,offer,2026-09-05T03:47:01.995157+00:00
dd6828f5-c0aa-449e-9101-cddc77b1f1dd,fUST,0.00020950846091861403,2,1,1273.27,offer,2026-09-05T03:47:01.995157+00:00
dd6828f5-c0aa-449e-9101-cddc77b1f1dd,fUST,0.00021,2,2,2093.05263,offer,2026-09-05T03:47:01.995157+00:00
dd6828f5-c0aa-449e-9101-cddc77b1f1dd,fUST,0.000212,5,1,161.38670859,offer,2026-09-05T03:47:01.995157+00:00
dd6828f5-c0aa-449e-9101-cddc77b1f1dd,fUST,0.00021215,10,1,600.0,offer,2026-09-05T03:47:01.995157+00:00
dd6828f5-c0aa-449e-9101-cddc77b1f1dd,fUST,0.000212599,2,1,188.0,offer,2026-09-05T03:47:01.995157+00:00
dd6828f5-c0aa-449e-9101-cddc77b1f1dd,fUST,0.000212658,2,1,180.111,offer,2026-09-05T03:47:01.995157+00:00
dd6828f5-c0aa-449e-9101-cddc77b1f1dd,fUST,0.000213651732,2,13,130336.41027737,offer,2026-09-05T03:47:01.995157+00:00
dd6828f5-c0aa-449e-9101-cddc77b1f1dd,fUST,0.00021378,2,1,147044.09778937,offer,2026-09-05T03:47:01.995157+00:00
24e56da0-2753-477d-b069-80f8980c69a7,fUST,0.0002671232876712329,120,1,-2981261.45480804,demand,2026-09-05T04:47:02.278248+00:00
24e56da0-2753-477d-b069-80f8980c69a7,fUST,0.000267123287,120,1,-243.95,demand,2026-09-05T04:47:02.278248+00:00
24e56da0-2753-477d-b069-80f8980c69a7,fUST,0.000249652054,120,1,-1000.0,demand,2026-09-05T04:47:02.278248+00:00
24e56da0-2753-477d-b069-80f8980c69a7,fUST,0.000249589041,120,1,-1000.0,demand,2026-09-05T04:47:02.278248+00:00
24e56da0-2753-477d-b069-80f8980c69a7,fUST,0.000247980821,120,1,-56568.59382046,demand,2026-09-05T04:47:02.278248+00:00
24e56da0-2753-477d-b069-80f8980c69a7,fUST,0.0002422027397260274,120,1,-3600382.92014159,demand,2026-09-05T04:47:02.278248+00:00
24e56da0-2753-477d-b069-80f8980c69a7,fUST,0.00016,60,18,-400330.3840775,demand,2026-09-05T04:47:02.278248+00:00
24e56da0-2753-477d-b069-80f8980c69a7,fUST,0.000152,60,1,-28000.0,demand,2026-09-05T04:47:02.278248+00:00
24e56da0-2753-477d-b069-80f8980c69a7,fUST,0.00015,120,1,-300000.0,demand,2026-09-05T04:47:02.278248+00:00
24e56da0-2753-477d-b069-80f8980c69a7,fUST,0.00015,45,3,-13845.272985,demand,2026-09-05T04:47:02.278248+00:00
24e56da0-2753-477d-b069-80f8980c69a7,fUST,0.00015,30,5,-17741.96455423,demand,2026-09-05T04:47:02.278248+00:00
24e56da0-2753-477d-b069-80f8980c69a7,fUST,0.000148,30,4,-20000.0,demand,2026-09-05T04:47:02.278248+00:00
24e56da0-2753-477d-b069-80f8980c69a7,fUST,0.0001421,45,9,-80000.0,demand,2026-09-05T04:47:02.278248+00:00
24e56da0-2753-477d-b069-80f8980c69a7,fUST,0.000142,45,2,-20000.0,demand,2026-09-05T04:47:02.278248+00:00
24e56da0-2753-477d-b069-80f8980c69a7,fUST,0.000142,30,1,-28000.0,demand,2026-09-05T04:47:02.278248+00:00
24e56da0-2753-477d-b069-80f8980c69a7,fUST,0.0001401,30,11,-147973.68632078,demand,2026-09-05T04:47:02.278248+00:00
24e56da0-2753-477d-b069-80f8980c69a7,fUST,0.000138,20,6,-49368.52669917,demand,2026-09-05T04:47:02.278248+00:00
24e56da0-2753-477d-b069-80f8980c69a7,fUST,0.000136,30,3,-19544.22120933,demand,2026-09-05T04:47:02.278248+00:00
24e56da0-2753-477d-b069-80f8980c69a7,fUST,0.000133,14,6,-27126.10690046,demand,2026-09-05T04:47:02.278248+00:00
24e56da0-2753-477d-b069-80f8980c69a7,fUST,0.00013299999999999998,14,7,-27543.18620925,demand,2026-09-05T04:47:02.278248+00:00
24e56da0-2753-477d-b069-80f8980c69a7,fUST,0.000128,30,3,-30000.0,demand,2026-09-05T04:47:02.278248+00:00
24e56da0-2753-477d-b069-80f8980c69a7,fUST,0.000126599998,13,1,-97780.35811529,demand,2026-09-05T04:47:02.278248+00:00
24e56da0-2753-477d-b069-80f8980c69a7,fUST,0.000126,15,5,-45000.0,demand,2026-09-05T04:47:02.278248+00:00
24e56da0-2753-477d-b069-80f8980c69a7,fUST,0.000125,14,10,-38434.04490168,demand,2026-09-05T04:47:02.278248+00:00
24e56da0-2753-477d-b069-80f8980c69a7,fUST,0.000124,7,8,-25935.95976909,demand,2026-09-05T04:47:02.278248+00:00
24e56da0-2753-477d-b069-80f8980c69a7,fUST,0.00016929,2,1,151.0,offer,2026-09-05T04:47:02.278248+00:00
24e56da0-2753-477d-b069-80f8980c69a7,fUST,0.0001710013,2,1,151.0,offer,2026-09-05T04:47:02.278248+00:00
24e56da0-2753-477d-b069-80f8980c69a7,fUST,0.0001834615068493151,2,6,3275.62802039,offer,2026-09-05T04:47:02.278248+00:00
24e56da0-2753-477d-b069-80f8980c69a7,fUST,0.00018352150684931506,2,3,1323.34316175,offer,2026-09-05T04:47:02.278248+00:00
24e56da0-2753-477d-b069-80f8980c69a7,fUST,0.0001837751780821918,2,1,335.27638795,offer,2026-09-05T04:47:02.278248+00:00
24e56da0-2753-477d-b069-80f8980c69a7,fUST,0.0001837753424657534,2,1,1223.14512015,offer,2026-09-05T04:47:02.278248+00:00
24e56da0-2753-477d-b069-80f8980c69a7,fUST,0.0001869735,7,2,315.74977629,offer,2026-09-05T04:47:02.278248+00:00
24e56da0-2753-477d-b069-80f8980c69a7,fUST,0.00018713068493150686,2,1,212.61229245,offer,2026-09-05T04:47:02.278248+00:00
24e56da0-2753-477d-b069-80f8980c69a7,fUST,0.00018715068493150685,2,14,3258.75505164,offer,2026-09-05T04:47:02.278248+00:00
24e56da0-2753-477d-b069-80f8980c69a7,fUST,0.0001874082191780822,2,6,1421.58919211,offer,2026-09-05T04:47:02.278248+00:00
24e56da0-2753-477d-b069-80f8980c69a7,fUST,0.00019087,2,3,1512.37967309,offer,2026-09-05T04:47:02.278248+00:00
24e56da0-2753-477d-b069-80f8980c69a7,fUST,0.00019087945205479453,2,1,500.0,offer,2026-09-05T04:47:02.278248+00:00
24e56da0-2753-477d-b069-80f8980c69a7,fUST,0.00019088,2,67,36052.410202,offer,2026-09-05T04:47:02.278248+00:00
24e56da0-2753-477d-b069-80f8980c69a7,fUST,0.00019178,2,1,500.0,offer,2026-09-05T04:47:02.278248+00:00
24e56da0-2753-477d-b069-80f8980c69a7,fUST,0.00019361917808219178,2,1,528.37712679,offer,2026-09-05T04:47:02.278248+00:00
24e56da0-2753-477d-b069-80f8980c69a7,fUST,0.000195,2,26,226476.81318909,offer,2026-09-05T04:47:02.278248+00:00
24e56da0-2753-477d-b069-80f8980c69a7,fUST,0.0001962008055,2,1,1475.776431,offer,2026-09-05T04:47:02.278248+00:00
24e56da0-2753-477d-b069-80f8980c69a7,fUST,0.00019636816666666667,2,2,324.16065225,offer,2026-09-05T04:47:02.278248+00:00
24e56da0-2753-477d-b069-80f8980c69a7,fUST,0.0001985,2,7,3600.45552803,offer,2026-09-05T04:47:02.278248+00:00
24e56da0-2753-477d-b069-80f8980c69a7,fUST,0.00019861,2,1,167.475,offer,2026-09-05T04:47:02.278248+00:00
24e56da0-2753-477d-b069-80f8980c69a7,fUST,0.00019888,2,1,500.0,offer,2026-09-05T04:47:02.278248+00:00
24e56da0-2753-477d-b069-80f8980c69a7,fUST,0.00019889,2,10,7791.73108966,offer,2026-09-05T04:47:02.278248+00:00
24e56da0-2753-477d-b069-80f8980c69a7,fUST,0.00019910816666666667,2,1,160.67021487,offer,2026-09-05T04:47:02.278248+00:00
24e56da0-2753-477d-b069-80f8980c69a7,fUST,0.00019998,2,2,852.36524708,offer,2026-09-05T04:47:02.278248+00:00
24e56da0-2753-477d-b069-80f8980c69a7,fUST,0.00019999,2,62,18745.06307237,offer,2026-09-05T04:47:02.278248+00:00
3067d612-33d8-4f58-8998-29255a750493,fUST,0.0002671232876712329,120,1,-2981261.45480804,demand,2026-09-05T05:47:01.897807+00:00
3067d612-33d8-4f58-8998-29255a750493,fUST,0.000267123287,120,1,-243.95,demand,2026-09-05T05:47:01.897807+00:00
3067d612-33d8-4f58-8998-29255a750493,fUST,0.000249652054,120,1,-1000.0,demand,2026-09-05T05:47:01.897807+00:00
3067d612-33d8-4f58-8998-29255a750493,fUST,0.000249589041,120,1,-1000.0,demand,2026-09-05T05:47:01.897807+00:00
3067d612-33d8-4f58-8998-29255a750493,fUST,0.000247980821,120,1,-56568.59382046,demand,2026-09-05T05:47:01.897807+00:00
3067d612-33d8-4f58-8998-29255a750493,fUST,0.00024189315068493152,120,1,-3600382.92014159,demand,2026-09-05T05:47:01.897807+00:00
3067d612-33d8-4f58-8998-29255a750493,fUST,0.00016,60,18,-400330.3840775,demand,2026-09-05T05:47:01.897807+00:00
3067d612-33d8-4f58-8998-29255a750493,fUST,0.000152,60,1,-28000.0,demand,2026-09-05T05:47:01.897807+00:00
3067d612-33d8-4f58-8998-29255a750493,fUST,0.00015,120,1,-300000.0,demand,2026-09-05T05:47:01.897807+00:00
3067d612-33d8-4f58-8998-29255a750493,fUST,0.00015,45,3,-13845.272985,demand,2026-09-05T05:47:01.897807+00:00
3067d612-33d8-4f58-8998-29255a750493,fUST,0.00015,30,5,-17741.96455423,demand,2026-09-05T05:47:01.897807+00:00
3067d612-33d8-4f58-8998-29255a750493,fUST,0.000148,30,4,-20000.0,demand,2026-09-05T05:47:01.897807+00:00
3067d612-33d8-4f58-8998-29255a750493,fUST,0.0001421,45,9,-80000.0,demand,2026-09-05T05:47:01.897807+00:00
3067d612-33d8-4f58-8998-29255a750493,fUST,0.000142,45,2,-20000.0,demand,2026-09-05T05:47:01.897807+00:00
3067d612-33d8-4f58-8998-29255a750493,fUST,0.000142,30,1,-28000.0,demand,2026-09-05T05:47:01.897807+00:00
3067d612-33d8-4f58-8998-29255a750493,fUST,0.0001401,30,11,-147973.68632078,demand,2026-09-05T05:47:01.897807+00:00
3067d612-33d8-4f58-8998-29255a750493,fUST,0.000138,20,6,-49368.52669917,demand,2026-09-05T05:47:01.897807+00:00
3067d612-33d8-4f58-8998-29255a750493,fUST,0.000136,30,3,-19544.22120933,demand,2026-09-05T05:47:01.897807+00:00
3067d612-33d8-4f58-8998-29255a750493,fUST,0.000133,14,6,-27126.10690046,demand,2026-09-05T05:47:01.897807+00:00
3067d612-33d8-4f58-8998-29255a750493,fUST,0.00013299999999999998,14,7,-27543.18620925,demand,2026-09-05T05:47:01.897807+00:00
3067d612-33d8-4f58-8998-29255a750493,fUST,0.000128,30,3,-30000.0,demand,2026-09-05T05:47:01.897807+00:00
3067d612-33d8-4f58-8998-29255a750493,fUST,0.000126599998,13,1,-97780.35811529,demand,2026-09-05T05:47:01.897807+00:00
3067d612-33d8-4f58-8998-29255a750493,fUST,0.000126,15,5,-45000.0,demand,2026-09-05T05:47:01.897807+00:00
3067d612-33d8-4f58-8998-29255a750493,fUST,0.000125,14,10,-38434.04490168,demand,2026-09-05T05:47:01.897807+00:00
3067d612-33d8-4f58-8998-29255a750493,fUST,0.000124,7,8,-25935.95976909,demand,2026-09-05T05:47:01.897807+00:00
3067d612-33d8-4f58-8998-29255a750493,fUST,0.000163251,2,1,151.0,offer,2026-09-05T05:47:01.897807+00:00
3067d612-33d8-4f58-8998-29255a750493,fUST,0.0001683,14,1,1100.67742047,offer,2026-09-05T05:47:01.897807+00:00
3067d612-33d8-4f58-8998-29255a750493,fUST,0.00017,2,1,243.41248492,offer,2026-09-05T05:47:01.897807+00:00
3067d612-33d8-4f58-8998-29255a750493,fUST,0.00017803027397260274,2,1,211.7214172,offer,2026-09-05T05:47:01.897807+00:00
3067d612-33d8-4f58-8998-29255a750493,fUST,0.0001834729315068493,2,1,423.4428344,offer,2026-09-05T05:47:01.897807+00:00
3067d612-33d8-4f58-8998-29255a750493,fUST,0.000184,2,8,4229.42584334,offer,2026-09-05T05:47:01.897807+00:00
3067d612-33d8-4f58-8998-29255a750493,fUST,0.00018401,2,1,201.2,offer,2026-09-05T05:47:01.897807+00:00
3067d612-33d8-4f58-8998-29255a750493,fUST,0.0001871013698630137,2,2,968.68080453,offer,2026-09-05T05:47:01.897807+00:00
3067d612-33d8-4f58-8998-29255a750493,fUST,0.00019498,2,1,249.4893005,offer,2026-09-05T05:47:01.897807+00:00
3067d612-33d8-4f58-8998-29255a750493,fUST,0.000195,2,1,4950.11371172,offer,2026-09-05T05:47:01.897807+00:00
3067d612-33d8-4f58-8998-29255a750493,fUST,0.0001964143,2,1,433.45811,offer,2026-09-05T05:47:01.897807+00:00
3067d612-33d8-4f58-8998-29255a750493,fUST,0.0001987348,2,1,1173.2168102,offer,2026-09-05T05:47:01.897807+00:00
3067d612-33d8-4f58-8998-29255a750493,fUST,0.0002052463,2,1,181.520888,offer,2026-09-05T05:47:01.897807+00:00
3067d612-33d8-4f58-8998-29255a750493,fUST,0.00020524657534246575,2,1,1190.89865185,offer,2026-09-05T05:47:01.897807+00:00
3067d612-33d8-4f58-8998-29255a750493,fUST,0.0002074802,2,1,178.831709,offer,2026-09-05T05:47:01.897807+00:00
3067d612-33d8-4f58-8998-29255a750493,fUST,0.00020828429479301813,2,1,417.15472785,offer,2026-09-05T05:47:01.897807+00:00
3067d612-33d8-4f58-8998-29255a750493,fUST,0.00021646,2,1,188.0,offer,2026-09-05T05:47:01.897807+00:00
3067d612-33d8-4f58-8998-29255a750493,fUST,0.00021742222315868914,2,1,221.02949411,offer,2026-09-05T05:47:01.897807+00:00
3067d612-33d8-4f58-8998-29255a750493,fUST,0.0002175533,7,1,233.68958236,offer,2026-09-05T05:47:01.897807+00:00
3067d612-33d8-4f58-8998-29255a750493,fUST,0.00022,2,1,170.0,offer,2026-09-05T05:47:01.897807+00:00
3067d612-33d8-4f58-8998-29255a750493,fUST,0.00022190436599999998,7,1,233.68958236,offer,2026-09-05T05:47:01.897807+00:00
3067d612-33d8-4f58-8998-29255a750493,fUST,0.0002238656,2,1,154.80704809,offer,2026-09-05T05:47:01.897807+00:00
3067d612-33d8-4f58-8998-29255a750493,fUST,0.00022399,2,4,1602.52524286,offer,2026-09-05T05:47:01.897807+00:00
3067d612-33d8-4f58-8998-29255a750493,fUST,0.000224,2,5,29475.05017774,offer,2026-09-05T05:47:01.897807+00:00
3067d612-33d8-4f58-8998-29255a750493,fUST,0.00022486,2,3,1182.86627594,offer,2026-09-05T05:47:01.897807+00:00
a6b4302f-385b-4864-8dc4-a828a2a8e760,fUST,0.0002671232876712329,120,1,-2981261.45480804,demand,2026-09-05T06:47:02.060809+00:00
a6b4302f-385b-4864-8dc4-a828a2a8e760,fUST,0.000267123287,120,1,-243.95,demand,2026-09-05T06:47:02.060809+00:00
a6b4302f-385b-4864-8dc4-a828a2a8e760,fUST,0.000249652054,120,1,-1000.0,demand,2026-09-05T06:47:02.060809+00:00
a6b4302f-385b-4864-8dc4-a828a2a8e760,fUST,0.000249589041,120,1,-1000.0,demand,2026-09-05T06:47:02.060809+00:00
a6b4302f-385b-4864-8dc4-a828a2a8e760,fUST,0.000247980821,120,1,-56568.59382046,demand,2026-09-05T06:47:02.060809+00:00
a6b4302f-385b-4864-8dc4-a828a2a8e760,fUST,0.00024188493150684932,120,1,-3599445.18121657,demand,2026-09-05T06:47:02.060809+00:00
a6b4302f-385b-4864-8dc4-a828a2a8e760,fUST,0.00016,60,18,-400330.3840775,demand,2026-09-05T06:47:02.060809+00:00
a6b4302f-385b-4864-8dc4-a828a2a8e760,fUST,0.000152,60,1,-28000.0,demand,2026-09-05T06:47:02.060809+00:00
a6b4302f-385b-4864-8dc4-a828a2a8e760,fUST,0.00015,120,1,-300000.0,demand,2026-09-05T06:47:02.060809+00:00
a6b4302f-385b-4864-8dc4-a828a2a8e760,fUST,0.00015,45,3,-13845.272985,demand,2026-09-05T06:47:02.060809+00:00
a6b4302f-385b-4864-8dc4-a828a2a8e760,fUST,0.00015,30,5,-17741.96455423,demand,2026-09-05T06:47:02.060809+00:00
a6b4302f-385b-4864-8dc4-a828a2a8e760,fUST,0.000148,30,4,-20000.0,demand,2026-09-05T06:47:02.060809+00:00
a6b4302f-385b-4864-8dc4-a828a2a8e760,fUST,0.0001421,45,9,-80000.0,demand,2026-09-05T06:47:02.060809+00:00
a6b4302f-385b-4864-8dc4-a828a2a8e760,fUST,0.000142,45,2,-20000.0,demand,2026-09-05T06:47:02.060809+00:00
a6b4302f-385b-4864-8dc4-a828a2a8e760,fUST,0.000142,30,1,-28000.0,demand,2026-09-05T06:47:02.060809+00:00
a6b4302f-385b-4864-8dc4-a828a2a8e760,fUST,0.0001401,30,11,-147973.68632078,demand,2026-09-05T06:47:02.060809+00:00
a6b4302f-385b-4864-8dc4-a828a2a8e760,fUST,0.000138,20,6,-49368.52669917,demand,2026-09-05T06:47:02.060809+00:00
a6b4302f-385b-4864-8dc4-a828a2a8e760,fUST,0.000136,30,3,-19544.22120933,demand,2026-09-05T06:47:02.060809+00:00
a6b4302f-385b-4864-8dc4-a828a2a8e760,fUST,0.000133,14,6,-27126.10690046,demand,2026-09-05T06:47:02.060809+00:00
a6b4302f-385b-4864-8dc4-a828a2a8e760,fUST,0.00013299999999999998,14,7,-27543.18620925,demand,2026-09-05T06:47:02.060809+00:00
a6b4302f-385b-4864-8dc4-a828a2a8e760,fUST,0.000128,30,3,-30000.0,demand,2026-09-05T06:47:02.060809+00:00
a6b4302f-385b-4864-8dc4-a828a2a8e760,fUST,0.000126599998,13,1,-97780.35811529,demand,2026-09-05T06:47:02.060809+00:00
a6b4302f-385b-4864-8dc4-a828a2a8e760,fUST,0.000126,15,5,-45000.0,demand,2026-09-05T06:47:02.060809+00:00
a6b4302f-385b-4864-8dc4-a828a2a8e760,fUST,0.000125,14,10,-38434.04490168,demand,2026-09-05T06:47:02.060809+00:00
a6b4302f-385b-4864-8dc4-a828a2a8e760,fUST,0.000124,7,8,-25935.95976909,demand,2026-09-05T06:47:02.060809+00:00
a6b4302f-385b-4864-8dc4-a828a2a8e760,fUST,0.0001763557,2,1,151.0,offer,2026-09-05T06:47:02.060809+00:00
a6b4302f-385b-4864-8dc4-a828a2a8e760,fUST,0.00018181,14,1,1100.67742047,offer,2026-09-05T06:47:02.060809+00:00
a6b4302f-385b-4864-8dc4-a828a2a8e760,fUST,0.00018364557534246575,2,1,159.47935971,offer,2026-09-05T06:47:02.060809+00:00
a6b4302f-385b-4864-8dc4-a828a2a8e760,fUST,0.00018643,2,2,482.16796917,offer,2026-09-05T06:47:02.060809+00:00
a6b4302f-385b-4864-8dc4-a828a2a8e760,fUST,0.00018727397260273973,2,3,715.44737422,offer,2026-09-05T06:47:02.060809+00:00
a6b4302f-385b-4864-8dc4-a828a2a8e760,fUST,0.00019,2,1,795.11134407,offer,2026-09-05T06:47:02.060809+00:00
a6b4302f-385b-4864-8dc4-a828a2a8e760,fUST,0.00019499,2,5,2310.07803916,offer,2026-09-05T06:47:02.060809+00:00
a6b4302f-385b-4864-8dc4-a828a2a8e760,fUST,0.000195,2,1,3674.19226542,offer,2026-09-05T06:47:02.060809+00:00
a6b4302f-385b-4864-8dc4-a828a2a8e760,fUST,0.000199395,2,1,173.631574,offer,2026-09-05T06:47:02.060809+00:00
a6b4302f-385b-4864-8dc4-a828a2a8e760,fUST,0.0001999677,2,1,176.68887609,offer,2026-09-05T06:47:02.060809+00:00
a6b4302f-385b-4864-8dc4-a828a2a8e760,fUST,0.0001999777,2,1,7903.3823999,offer,2026-09-05T06:47:02.060809+00:00
a6b4302f-385b-4864-8dc4-a828a2a8e760,fUST,0.00020400554774169553,2,1,278.09822495,offer,2026-09-05T06:47:02.060809+00:00
a6b4302f-385b-4864-8dc4-a828a2a8e760,fUST,0.00020507,2,1,153.28,offer,2026-09-05T06:47:02.060809+00:00
a6b4302f-385b-4864-8dc4-a828a2a8e760,fUST,0.000208,2,2,344.96211221,offer,2026-09-05T06:47:02.060809+00:00
a6b4302f-385b-4864-8dc4-a828a2a8e760,fUST,0.0002082940638430488,2,1,221.02949411,offer,2026-09-05T06:47:02.060809+00:00
a6b4302f-385b-4864-8dc4-a828a2a8e760,fUST,0.00021378,2,1,175.02,offer,2026-09-05T06:47:02.060809+00:00
a6b4302f-385b-4864-8dc4-a828a2a8e760,fUST,0.000216535,2,1,188.0,offer,2026-09-05T06:47:02.060809+00:00
a6b4302f-385b-4864-8dc4-a828a2a8e760,fUST,0.00021891,2,1,180.54,offer,2026-09-05T06:47:02.060809+00:00
a6b4302f-385b-4864-8dc4-a828a2a8e760,fUST,0.00022399,2,1,155.19076928,offer,2026-09-05T06:47:02.060809+00:00
a6b4302f-385b-4864-8dc4-a828a2a8e760,fUST,0.000224,2,2,24448.36897263,offer,2026-09-05T06:47:02.060809+00:00
a6b4302f-385b-4864-8dc4-a828a2a8e760,fUST,0.00022474996905999997,2,1,154.6614523,offer,2026-09-05T06:47:02.060809+00:00
a6b4302f-385b-4864-8dc4-a828a2a8e760,fUST,0.000224875,2,2,3565.14453859,offer,2026-09-05T06:47:02.060809+00:00
a6b4302f-385b-4864-8dc4-a828a2a8e760,fUST,0.00022488,3,1,300.0,offer,2026-09-05T06:47:02.060809+00:00
a6b4302f-385b-4864-8dc4-a828a2a8e760,fUST,0.0002248849315068493,2,1,2989453.8401,offer,2026-09-05T06:47:02.060809+00:00
a6b4302f-385b-4864-8dc4-a828a2a8e760,fUST,0.00022489,2,2,451.93426172,offer,2026-09-05T06:47:02.060809+00:00
cfe6eddf-b3fb-4eed-83af-782d3af05372,fUST,0.0002671232876712329,120,1,-973915.69991468,demand,2026-09-05T07:47:02.021981+00:00
cfe6eddf-b3fb-4eed-83af-782d3af05372,fUST,0.000267123287,120,1,-243.95,demand,2026-09-05T07:47:02.021981+00:00
cfe6eddf-b3fb-4eed-83af-782d3af05372,fUST,0.000249652054,120,1,-1000.0,demand,2026-09-05T07:47:02.021981+00:00
cfe6eddf-b3fb-4eed-83af-782d3af05372,fUST,0.000249589041,120,1,-1000.0,demand,2026-09-05T07:47:02.021981+00:00
cfe6eddf-b3fb-4eed-83af-782d3af05372,fUST,0.000247980821,120,1,-56568.59382046,demand,2026-09-05T07:47:02.021981+00:00
cfe6eddf-b3fb-4eed-83af-782d3af05372,fUST,0.00024234794520547944,120,1,-3590950.05709233,demand,2026-09-05T07:47:02.021981+00:00
cfe6eddf-b3fb-4eed-83af-782d3af05372,fUST,0.00017,60,18,-100000.0,demand,2026-09-05T07:47:02.021981+00:00
cfe6eddf-b3fb-4eed-83af-782d3af05372,fUST,0.00016,60,17,-350330.3840775,demand,2026-09-05T07:47:02.021981+00:00
cfe6eddf-b3fb-4eed-83af-782d3af05372,fUST,0.000157,30,7,-80000.0,demand,2026-09-05T07:47:02.021981+00:00
cfe6eddf-b3fb-4eed-83af-782d3af05372,fUST,0.000152,60,1,-28000.0,demand,2026-09-05T07:47:02.021981+00:00
cfe6eddf-b3fb-4eed-83af-782d3af05372,fUST,0.00015,120,1,-300000.0,demand,2026-09-05T07:47:02.021981+00:00
cfe6eddf-b3fb-4eed-83af-782d3af05372,fUST,0.00015,45,3,-13845.272985,demand,2026-09-05T07:47:02.021981+00:00
cfe6eddf-b3fb-4eed-83af-782d3af05372,fUST,0.00015,30,6,-22741.96455423,demand,2026-09-05T07:47:02.021981+00:00
cfe6eddf-b3fb-4eed-83af-782d3af05372,fUST,0.000148,30,4,-20000.0,demand,2026-09-05T07:47:02.021981+00:00
cfe6eddf-b3fb-4eed-83af-782d3af05372,fUST,0.0001421,45,9,-80000.0,demand,2026-09-05T07:47:02.021981+00:00
cfe6eddf-b3fb-4eed-83af-782d3af05372,fUST,0.000142,45,2,-20000.0,demand,2026-09-05T07:47:02.021981+00:00
cfe6eddf-b3fb-4eed-83af-782d3af05372,fUST,0.000142,30,1,-28000.0,demand,2026-09-05T07:47:02.021981+00:00
cfe6eddf-b3fb-4eed-83af-782d3af05372,fUST,0.0001401,30,11,-147973.68632078,demand,2026-09-05T07:47:02.021981+00:00
cfe6eddf-b3fb-4eed-83af-782d3af05372,fUST,0.000138,20,6,-49368.52669917,demand,2026-09-05T07:47:02.021981+00:00
cfe6eddf-b3fb-4eed-83af-782d3af05372,fUST,0.000136,30,3,-19544.22120933,demand,2026-09-05T07:47:02.021981+00:00
cfe6eddf-b3fb-4eed-83af-782d3af05372,fUST,0.000133,14,6,-27126.10690046,demand,2026-09-05T07:47:02.021981+00:00
cfe6eddf-b3fb-4eed-83af-782d3af05372,fUST,0.00013299999999999998,14,7,-27543.18620925,demand,2026-09-05T07:47:02.021981+00:00
cfe6eddf-b3fb-4eed-83af-782d3af05372,fUST,0.000128,30,3,-30000.0,demand,2026-09-05T07:47:02.021981+00:00
cfe6eddf-b3fb-4eed-83af-782d3af05372,fUST,0.000126599998,13,1,-97780.35811529,demand,2026-09-05T07:47:02.021981+00:00
cfe6eddf-b3fb-4eed-83af-782d3af05372,fUST,0.000126,15,5,-45000.0,demand,2026-09-05T07:47:02.021981+00:00
cfe6eddf-b3fb-4eed-83af-782d3af05372,fUST,0.0001616214,2,1,151.0,offer,2026-09-05T07:47:02.021981+00:00
cfe6eddf-b3fb-4eed-83af-782d3af05372,fUST,0.00016495,14,1,1252.04012981,offer,2026-09-05T07:47:02.021981+00:00
cfe6eddf-b3fb-4eed-83af-782d3af05372,fUST,0.00016662,7,1,168.34695116,offer,2026-09-05T07:47:02.021981+00:00
cfe6eddf-b3fb-4eed-83af-782d3af05372,fUST,0.00017,2,1,243.41248492,offer,2026-09-05T07:47:02.021981+00:00
cfe6eddf-b3fb-4eed-83af-782d3af05372,fUST,0.00017,7,1,216.7970504,offer,2026-09-05T07:47:02.021981+00:00
cfe6eddf-b3fb-4eed-83af-782d3af05372,fUST,0.0001734,7,1,216.7970504,offer,2026-09-05T07:47:02.021981+00:00
cfe6eddf-b3fb-4eed-83af-782d3af05372,fUST,0.00017845000000000005,2,10,4693.90950358,offer,2026-09-05T07:47:02.021981+00:00
cfe6eddf-b3fb-4eed-83af-782d3af05372,fUST,0.00017846027397260274,2,1,259.22444442,offer,2026-09-05T07:47:02.021981+00:00
cfe6eddf-b3fb-4eed-83af-782d3af05372,fUST,0.00017850000000000003,7,2,556.24152519,offer,2026-09-05T07:47:02.021981+00:00
cfe6eddf-b3fb-4eed-83af-782d3af05372,fUST,0.00018205,2,15,4500.0,offer,2026-09-05T07:47:02.021981+00:00
cfe6eddf-b3fb-4eed-83af-782d3af05372,fUST,0.00018360000000000002,7,1,216.7970504,offer,2026-09-05T07:47:02.021981+00:00
cfe6eddf-b3fb-4eed-83af-782d3af05372,fUST,0.00018568,2,1,600.0,offer,2026-09-05T07:47:02.021981+00:00
cfe6eddf-b3fb-4eed-83af-782d3af05372,fUST,0.00018743835616438355,2,1,183.22779839,offer,2026-09-05T07:47:02.021981+00:00
cfe6eddf-b3fb-4eed-83af-782d3af05372,fUST,0.00018755342465753423,2,2,396.48865481,offer,2026-09-05T07:47:02.021981+00:00
cfe6eddf-b3fb-4eed-83af-782d3af05372,fUST,0.00019040000000000002,7,1,216.79705042,offer,2026-09-05T07:47:02.021981+00:00
cfe6eddf-b3fb-4eed-83af-782d3af05372,fUST,0.00019357800000000002,7,4,636.43461557,offer,2026-09-05T07:47:02.021981+00:00
cfe6eddf-b3fb-4eed-83af-782d3af05372,fUST,0.0002,21,1,262.77958868,offer,2026-09-05T07:47:02.021981+00:00
cfe6eddf-b3fb-4eed-83af-782d3af05372,fUST,0.00020425,2,1,720.0,offer,2026-09-05T07:47:02.021981+00:00
cfe6eddf-b3fb-4eed-83af-782d3af05372,fUST,0.0002143751994,2,1,388.591277,offer,2026-09-05T07:47:02.021981+00:00
cfe6eddf-b3fb-4eed-83af-782d3af05372,fUST,0.000219034,2,1,188.0,offer,2026-09-05T07:47:02.021981+00:00
cfe6eddf-b3fb-4eed-83af-782d3af05372,fUST,0.00022072,2,1,151.93426172,offer,2026-09-05T07:47:02.021981+00:00
cfe6eddf-b3fb-4eed-83af-782d3af05372,fUST,0.00022249,2,5,2298.99,offer,2026-09-05T07:47:02.021981+00:00
cfe6eddf-b3fb-4eed-83af-782d3af05372,fUST,0.00022339958296164385,2,1,388.591277,offer,2026-09-05T07:47:02.021981+00:00
cfe6eddf-b3fb-4eed-83af-782d3af05372,fUST,0.00022467,10,1,864.0,offer,2026-09-05T07:47:02.021981+00:00
cfe6eddf-b3fb-4eed-83af-782d3af05372,fUST,0.0002248456298000006,2,1,221.02949411,offer,2026-09-05T07:47:02.021981+00:00
36dd265b-d172-4003-a5dc-0d0f65855045,fUST,0.0002671232876712329,120,1,-973510.69991468,demand,2026-09-05T08:47:01.866867+00:00
36dd265b-d172-4003-a5dc-0d0f65855045,fUST,0.000267123287,120,1,-243.95,demand,2026-09-05T08:47:01.866867+00:00
36dd265b-d172-4003-a5dc-0d0f65855045,fUST,0.000249652054,120,1,-1000.0,demand,2026-09-05T08:47:01.866867+00:00
36dd265b-d172-4003-a5dc-0d0f65855045,fUST,0.000249589041,120,1,-1000.0,demand,2026-09-05T08:47:01.866867+00:00
36dd265b-d172-4003-a5dc-0d0f65855045,fUST,0.000247980821,120,1,-56568.59382046,demand,2026-09-05T08:47:01.866867+00:00
36dd265b-d172-4003-a5dc-0d0f65855045,fUST,0.0002424054794520548,120,1,-3590950.05709233,demand,2026-09-05T08:47:01.866867+00:00
36dd265b-d172-4003-a5dc-0d0f65855045,fUST,0.00017,60,18,-100000.0,demand,2026-09-05T08:47:01.866867+00:00
36dd265b-d172-4003-a5dc-0d0f65855045,fUST,0.000165,45,8,-80000.0,demand,2026-09-05T08:47:01.866867+00:00
36dd265b-d172-4003-a5dc-0d0f65855045,fUST,0.00016,60,17,-350330.3840775,demand,2026-09-05T08:47:01.866867+00:00
36dd265b-d172-4003-a5dc-0d0f65855045,fUST,0.000157,30,7,-80000.0,demand,2026-09-05T08:47:01.866867+00:00
36dd265b-d172-4003-a5dc-0d0f65855045,fUST,0.000152,60,1,-28000.0,demand,2026-09-05T08:47:01.866867+00:00
36dd265b-d172-4003-a5dc-0d0f65855045,fUST,0.00015,120,1,-300000.0,demand,2026-09-05T08:47:01.866867+00:00
36dd265b-d172-4003-a5dc-0d0f65855045,fUST,0.00015,45,3,-13845.272985,demand,2026-09-05T08:47:01.866867+00:00
36dd265b-d172-4003-a5dc-0d0f65855045,fUST,0.00015,30,6,-28741.96455423,demand,2026-09-05T08:47:01.866867+00:00
36dd265b-d172-4003-a5dc-0d0f65855045,fUST,0.000148,30,4,-20000.0,demand,2026-09-05T08:47:01.866867+00:00
36dd265b-d172-4003-a5dc-0d0f65855045,fUST,0.0001421,45,1,-10000.0,demand,2026-09-05T08:47:01.866867+00:00
36dd265b-d172-4003-a5dc-0d0f65855045,fUST,0.000142,45,2,-20000.0,demand,2026-09-05T08:47:01.866867+00:00
36dd265b-d172-4003-a5dc-0d0f65855045,fUST,0.000142,30,1,-28000.0,demand,2026-09-05T08:47:01.866867+00:00
36dd265b-d172-4003-a5dc-0d0f65855045,fUST,0.0001401,30,11,-147973.68632078,demand,2026-09-05T08:47:01.866867+00:00
36dd265b-d172-4003-a5dc-0d0f65855045,fUST,0.000138,20,6,-49368.52669917,demand,2026-09-05T08:47:01.866867+00:00
36dd265b-d172-4003-a5dc-0d0f65855045,fUST,0.000136,30,3,-19544.22120933,demand,2026-09-05T08:47:01.866867+00:00
36dd265b-d172-4003-a5dc-0d0f65855045,fUST,0.000135,15,5,-45000.0,demand,2026-09-05T08:47:01.866867+00:00
36dd265b-d172-4003-a5dc-0d0f65855045,fUST,0.000133,14,6,-27126.10690046,demand,2026-09-05T08:47:01.866867+00:00
36dd265b-d172-4003-a5dc-0d0f65855045,fUST,0.00013299999999999998,14,7,-27543.18620925,demand,2026-09-05T08:47:01.866867+00:00
36dd265b-d172-4003-a5dc-0d0f65855045,fUST,0.000128,30,3,-30000.0,demand,2026-09-05T08:47:01.866867+00:00
36dd265b-d172-4003-a5dc-0d0f65855045,fUST,0.00017478,2,1,151.0,offer,2026-09-05T08:47:01.866867+00:00
36dd265b-d172-4003-a5dc-0d0f65855045,fUST,0.0001765497,2,1,151.0,offer,2026-09-05T08:47:01.866867+00:00
36dd265b-d172-4003-a5dc-0d0f65855045,fUST,0.00018019,2,1,160.0,offer,2026-09-05T08:47:01.866867+00:00
36dd265b-d172-4003-a5dc-0d0f65855045,fUST,0.000187527,7,1,240.77642078,offer,2026-09-05T08:47:01.866867+00:00
36dd265b-d172-4003-a5dc-0d0f65855045,fUST,0.00018758356164383562,2,1,160.0,offer,2026-09-05T08:47:01.866867+00:00
36dd265b-d172-4003-a5dc-0d0f65855045,fUST,0.0001876109589041096,2,7,1116.9,offer,2026-09-05T08:47:01.866867+00:00
36dd265b-d172-4003-a5dc-0d0f65855045,fUST,0.00018992000000000005,2,25,12212.65765857,offer,2026-09-05T08:47:01.866867+00:00
36dd265b-d172-4003-a5dc-0d0f65855045,fUST,0.00019,2,1,795.11134407,offer,2026-09-05T08:47:01.866867+00:00
36dd265b-d172-4003-a5dc-0d0f65855045,fUST,0.00019670868,2,1,1122.0487223,offer,2026-09-05T08:47:01.866867+00:00
36dd265b-d172-4003-a5dc-0d0f65855045,fUST,0.00019855800000000002,7,1,361.16463118,offer,2026-09-05T08:47:01.866867+00:00
36dd265b-d172-4003-a5dc-0d0f65855045,fUST,0.0002001528,2,1,1493.0762813,offer,2026-09-05T08:47:01.866867+00:00
36dd265b-d172-4003-a5dc-0d0f65855045,fUST,0.0002011558,2,1,456.8604463,offer,2026-09-05T08:47:01.866867+00:00
36dd265b-d172-4003-a5dc-0d0f65855045,fUST,0.000214498962,2,1,500.481556,offer,2026-09-05T08:47:01.866867+00:00
36dd265b-d172-4003-a5dc-0d0f65855045,fUST,0.0002166,2,2,1211.0,offer,2026-09-05T08:47:01.866867+00:00
36dd265b-d172-4003-a5dc-0d0f65855045,fUST,0.0002176398559343327,2,1,278.09822495,offer,2026-09-05T08:47:01.866867+00:00
36dd265b-d172-4003-a5dc-0d0f65855045,fUST,0.00022149,2,1,244.17496476,offer,2026-09-05T08:47:01.866867+00:00
36dd265b-d172-4003-a5dc-0d0f65855045,fUST,0.00022352855104109588,2,1,500.481556,offer,2026-09-05T08:47:01.866867+00:00
36dd265b-d172-4003-a5dc-0d0f65855045,fUST,0.000223606,2,1,188.0,offer,2026-09-05T08:47:01.866867+00:00
36dd265b-d172-4003-a5dc-0d0f65855045,fUST,0.00022399,2,1,410.13094476,offer,2026-09-05T08:47:01.866867+00:00
36dd265b-d172-4003-a5dc-0d0f65855045,fUST,0.000224,2,7,101200.05893543,offer,2026-09-05T08:47:01.866867+00:00
36dd265b-d172-4003-a5dc-0d0f65855045,fUST,0.000225,10,1,151.0,offer,2026-09-05T08:47:01.866867+00:00
36dd265b-d172-4003-a5dc-0d0f65855045,fUST,0.00022527015676,2,1,162.98133785,offer,2026-09-05T08:47:01.866867+00:00
36dd265b-d172-4003-a5dc-0d0f65855045,fUST,0.00022531,3,3,1178.14,offer,2026-09-05T08:47:01.866867+00:00
36dd265b-d172-4003-a5dc-0d0f65855045,fUST,0.00022537,2,2,390.37420159,offer,2026-09-05T08:47:01.866867+00:00
36dd265b-d172-4003-a5dc-0d0f65855045,fUST,0.000225378182,2,3,1716.94,offer,2026-09-05T08:47:01.866867+00:00
8db0df10-3756-44cf-b96e-171f822c8300,fUST,0.0002671232876712329,120,1,-3995198.13,demand,2026-09-05T09:47:01.933154+00:00
8db0df10-3756-44cf-b96e-171f822c8300,fUST,0.000267123287,120,1,-243.95,demand,2026-09-05T09:47:01.933154+00:00
8db0df10-3756-44cf-b96e-171f822c8300,fUST,0.000249652054,120,1,-1000.0,demand,2026-09-05T09:47:01.933154+00:00
8db0df10-3756-44cf-b96e-171f822c8300,fUST,0.000249589041,120,1,-1000.0,demand,2026-09-05T09:47:01.933154+00:00
8db0df10-3756-44cf-b96e-171f822c8300,fUST,0.000247980821,120,1,-56568.59382046,demand,2026-09-05T09:47:01.933154+00:00
8db0df10-3756-44cf-b96e-171f822c8300,fUST,0.00024264109589041096,120,1,-3580950.05709233,demand,2026-09-05T09:47:01.933154+00:00
8db0df10-3756-44cf-b96e-171f822c8300,fUST,0.00017,60,18,-100000.0,demand,2026-09-05T09:47:01.933154+00:00
8db0df10-3756-44cf-b96e-171f822c8300,fUST,0.000165,45,8,-80000.0,demand,2026-09-05T09:47:01.933154+00:00
8db0df10-3756-44cf-b96e-171f822c8300,fUST,0.00016,60,17,-350330.3840775,demand,2026-09-05T09:47:01.933154+00:00
8db0df10-3756-44cf-b96e-171f822c8300,fUST,0.000157,30,7,-80000.0,demand,2026-09-05T09:47:01.933154+00:00
8db0df10-3756-44cf-b96e-171f822c8300,fUST,0.000152,60,1,-28000.0,demand,2026-09-05T09:47:01.933154+00:00
8db0df10-3756-44cf-b96e-171f822c8300,fUST,0.00015,120,1,-300000.0,demand,2026-09-05T09:47:01.933154+00:00
8db0df10-3756-44cf-b96e-171f822c8300,fUST,0.00015,45,3,-13845.272985,demand,2026-09-05T09:47:01.933154+00:00
8db0df10-3756-44cf-b96e-171f822c8300,fUST,0.00015,30,6,-28741.96455423,demand,2026-09-05T09:47:01.933154+00:00
8db0df10-3756-44cf-b96e-171f822c8300,fUST,0.000148,30,4,-20000.0,demand,2026-09-05T09:47:01.933154+00:00
8db0df10-3756-44cf-b96e-171f822c8300,fUST,0.0001421,45,1,-10000.0,demand,2026-09-05T09:47:01.933154+00:00
8db0df10-3756-44cf-b96e-171f822c8300,fUST,0.000142,45,2,-20000.0,demand,2026-09-05T09:47:01.933154+00:00
8db0df10-3756-44cf-b96e-171f822c8300,fUST,0.000142,30,1,-28000.0,demand,2026-09-05T09:47:01.933154+00:00
8db0df10-3756-44cf-b96e-171f822c8300,fUST,0.0001401,30,11,-147973.68632078,demand,2026-09-05T09:47:01.933154+00:00
8db0df10-3756-44cf-b96e-171f822c8300,fUST,0.000138,20,6,-49368.52669917,demand,2026-09-05T09:47:01.933154+00:00
8db0df10-3756-44cf-b96e-171f822c8300,fUST,0.000136,30,3,-19544.22120933,demand,2026-09-05T09:47:01.933154+00:00
8db0df10-3756-44cf-b96e-171f822c8300,fUST,0.000135,15,5,-45000.0,demand,2026-09-05T09:47:01.933154+00:00
8db0df10-3756-44cf-b96e-171f822c8300,fUST,0.000133,14,6,-27126.10690046,demand,2026-09-05T09:47:01.933154+00:00
8db0df10-3756-44cf-b96e-171f822c8300,fUST,0.00013299999999999998,14,7,-27543.18620925,demand,2026-09-05T09:47:01.933154+00:00
8db0df10-3756-44cf-b96e-171f822c8300,fUST,0.000128,30,3,-30000.0,demand,2026-09-05T09:47:01.933154+00:00
8db0df10-3756-44cf-b96e-171f822c8300,fUST,0.00014913,2,1,151.0,offer,2026-09-05T09:47:01.933154+00:00
8db0df10-3756-44cf-b96e-171f822c8300,fUST,0.00015064,2,1,151.0,offer,2026-09-05T09:47:01.933154+00:00
8db0df10-3756-44cf-b96e-171f822c8300,fUST,0.0001521639,2,1,151.0,offer,2026-09-05T09:47:01.933154+00:00
8db0df10-3756-44cf-b96e-171f822c8300,fUST,0.0001553,2,1,243.41248492,offer,2026-09-05T09:47:01.933154+00:00
8db0df10-3756-44cf-b96e-171f822c8300,fUST,0.00016000740000000002,7,1,240.77642078,offer,2026-09-05T09:47:01.933154+00:00
8db0df10-3756-44cf-b96e-171f822c8300,fUST,0.0001621639,2,1,202.17548672,offer,2026-09-05T09:47:01.933154+00:00
8db0df10-3756-44cf-b96e-171f822c8300,fUST,0.000168,2,1,159.32702262,offer,2026-09-05T09:47:01.933154+00:00
8db0df10-3756-44cf-b96e-171f822c8300,fUST,0.00017,2,1,243.41248492,offer,2026-09-05T09:47:01.933154+00:00
8db0df10-3756-44cf-b96e-171f822c8300,fUST,0.00017055839726027398,2,1,152.76041056,offer,2026-09-05T09:47:01.933154+00:00
8db0df10-3756-44cf-b96e-171f822c8300,fUST,0.00017081284931506847,2,1,156.63512437,offer,2026-09-05T09:47:01.933154+00:00
8db0df10-3756-44cf-b96e-171f822c8300,fUST,0.0001734795890410959,2,11,5129.79276524,offer,2026-09-05T09:47:01.933154+00:00
8db0df10-3756-44cf-b96e-171f822c8300,fUST,0.0001734804109589041,2,1,284.86821571,offer,2026-09-05T09:47:01.933154+00:00
8db0df10-3756-44cf-b96e-171f822c8300,fUST,0.0001734904109589041,2,1,6111.18829513,offer,2026-09-05T09:47:01.933154+00:00
8db0df10-3756-44cf-b96e-171f822c8300,fUST,0.00017442646,2,1,210.41107328,offer,2026-09-05T09:47:01.933154+00:00
8db0df10-3756-44cf-b96e-171f822c8300,fUST,0.000178108,2,1,223.011897,offer,2026-09-05T09:47:01.933154+00:00
8db0df10-3756-44cf-b96e-171f822c8300,fUST,0.00017874753424657535,2,2,498.27532341,offer,2026-09-05T09:47:01.933154+00:00
8db0df10-3756-44cf-b96e-171f822c8300,fUST,0.00017901123287671232,2,1,313.27024875,offer,2026-09-05T09:47:01.933154+00:00
8db0df10-3756-44cf-b96e-171f822c8300,fUST,0.00018289600000000005,2,1,179.89206476,offer,2026-09-05T09:47:01.933154+00:00
8db0df10-3756-44cf-b96e-171f822c8300,fUST,0.0001842069589041096,2,4,1791.50041638,offer,2026-09-05T09:47:01.933154+00:00
8db0df10-3756-44cf-b96e-171f822c8300,fUST,0.00018447682191780821,2,2,690.92888113,offer,2026-09-05T09:47:01.933154+00:00
8db0df10-3756-44cf-b96e-171f822c8300,fUST,0.00018784657534246576,2,10,2982.06131413,offer,2026-09-05T09:47:01.933154+00:00
8db0df10-3756-44cf-b96e-171f822c8300,fUST,0.00018811,2,2,1000.41338347,offer,2026-09-05T09:47:01.933154+00:00
8db0df10-3756-44cf-b96e-171f822c8300,fUST,0.00018812054794520547,2,4,1769.6164374,offer,2026-09-05T09:47:01.933154+00:00
8db0df10-3756-44cf-b96e-171f822c8300,fUST,0.00019148619178082193,2,1,763.80205278,offer,2026-09-05T09:47:01.933154+00:00
8db0df10-3756-44cf-b96e-171f822c8300,fUST,0.00019176427397260272,2,1,783.17562187,offer,2026-09-05T09:47:01.933154+00:00
6ce13af5-db4c-40fc-896c-299d086c5195,fUST,0.0002671232876712329,120,1,-3994808.19426298,demand,2026-09-05T10:47:01.847471+00:00
6ce13af5-db4c-40fc-896c-299d086c5195,fUST,0.000267123287,120,1,-243.95,demand,2026-09-05T10:47:01.847471+00:00
6ce13af5-db4c-40fc-896c-299d086c5195,fUST,0.000249652054,120,1,-1000.0,demand,2026-09-05T10:47:01.847471+00:00
6ce13af5-db4c-40fc-896c-299d086c5195,fUST,0.000249589041,120,1,-1000.0,demand,2026-09-05T10:47:01.847471+00:00
6ce13af5-db4c-40fc-896c-299d086c5195,fUST,0.000247980821,120,1,-56568.59382046,demand,2026-09-05T10:47:01.847471+00:00
6ce13af5-db4c-40fc-896c-299d086c5195,fUST,0.000243,120,1,-3580950.05709233,demand,2026-09-05T10:47:01.847471+00:00
6ce13af5-db4c-40fc-896c-299d086c5195,fUST,0.00017,60,18,-100000.0,demand,2026-09-05T10:47:01.847471+00:00
6ce13af5-db4c-40fc-896c-299d086c5195,fUST,0.000165,45,8,-80000.0,demand,2026-09-05T10:47:01.847471+00:00
6ce13af5-db4c-40fc-896c-299d086c5195,fUST,0.00016,60,17,-350330.3840775,demand,2026-09-05T10:47:01.847471+00:00
6ce13af5-db4c-40fc-896c-299d086c5195,fUST,0.000157,30,7,-80000.0,demand,2026-09-05T10:47:01.847471+00:00
6ce13af5-db4c-40fc-896c-299d086c5195,fUST,0.000152,60,1,-28000.0,demand,2026-09-05T10:47:01.847471+00:00
6ce13af5-db4c-40fc-896c-299d086c5195,fUST,0.00015,120,1,-300000.0,demand,2026-09-05T10:47:01.847471+00:00
6ce13af5-db4c-40fc-896c-299d086c5195,fUST,0.00015,45,3,-13845.272985,demand,2026-09-05T10:47:01.847471+00:00
6ce13af5-db4c-40fc-896c-299d086c5195,fUST,0.00015,30,6,-28741.96455423,demand,2026-09-05T10:47:01.847471+00:00
6ce13af5-db4c-40fc-896c-299d086c5195,fUST,0.000148,30,4,-20000.0,demand,2026-09-05T10:47:01.847471+00:00
6ce13af5-db4c-40fc-896c-299d086c5195,fUST,0.0001421,45,1,-10000.0,demand,2026-09-05T10:47:01.847471+00:00
6ce13af5-db4c-40fc-896c-299d086c5195,fUST,0.000142,45,2,-20000.0,demand,2026-09-05T10:47:01.847471+00:00
6ce13af5-db4c-40fc-896c-299d086c5195,fUST,0.000142,30,1,-28000.0,demand,2026-09-05T10:47:01.847471+00:00
6ce13af5-db4c-40fc-896c-299d086c5195,fUST,0.0001401,30,11,-147973.68632078,demand,2026-09-05T10:47:01.847471+00:00
6ce13af5-db4c-40fc-896c-299d086c5195,fUST,0.000138,20,6,-49368.52669917,demand,2026-09-05T10:47:01.847471+00:00
6ce13af5-db4c-40fc-896c-299d086c5195,fUST,0.000136,30,3,-19544.22120933,demand,2026-09-05T10:47:01.847471+00:00
6ce13af5-db4c-40fc-896c-299d086c5195,fUST,0.000135,15,5,-45000.0,demand,2026-09-05T10:47:01.847471+00:00
6ce13af5-db4c-40fc-896c-299d086c5195,fUST,0.000133,14,6,-27126.10690046,demand,2026-09-05T10:47:01.847471+00:00
6ce13af5-db4c-40fc-896c-299d086c5195,fUST,0.00013299999999999998,14,7,-27543.18620925,demand,2026-09-05T10:47:01.847471+00:00
6ce13af5-db4c-40fc-896c-299d086c5195,fUST,0.000128,30,3,-30000.0,demand,2026-09-05T10:47:01.847471+00:00
6ce13af5-db4c-40fc-896c-299d086c5195,fUST,0.000137028699,2,1,151.0,offer,2026-09-05T10:47:01.847471+00:00
6ce13af5-db4c-40fc-896c-299d086c5195,fUST,0.0001412667,2,1,373.9406125,offer,2026-09-05T10:47:01.847471+00:00
6ce13af5-db4c-40fc-896c-299d086c5195,fUST,0.0001432249,2,1,336.8642811,offer,2026-09-05T10:47:01.847471+00:00
6ce13af5-db4c-40fc-896c-299d086c5195,fUST,0.000144092034,7,1,290.75749964,offer,2026-09-05T10:47:01.847471+00:00
6ce13af5-db4c-40fc-896c-299d086c5195,fUST,0.000147028699,2,1,193.94485978,offer,2026-09-05T10:47:01.847471+00:00
6ce13af5-db4c-40fc-896c-299d086c5195,fUST,0.0001480759,2,1,462.364921,offer,2026-09-05T10:47:01.847471+00:00
6ce13af5-db4c-40fc-896c-299d086c5195,fUST,0.00015,2,1,230.74272834,offer,2026-09-05T10:47:01.847471+00:00
6ce13af5-db4c-40fc-896c-299d086c5195,fUST,0.00015068493150684933,2,1,182.040438,offer,2026-09-05T10:47:01.847471+00:00
6ce13af5-db4c-40fc-896c-299d086c5195,fUST,0.000152558036,2,23,11100.54201646,offer,2026-09-05T10:47:01.847471+00:00
6ce13af5-db4c-40fc-896c-299d086c5195,fUST,0.000152568036,7,1,436.13624949,offer,2026-09-05T10:47:01.847471+00:00
6ce13af5-db4c-40fc-896c-299d086c5195,fUST,0.00015335700000000002,7,1,230.97240424,offer,2026-09-05T10:47:01.847471+00:00
6ce13af5-db4c-40fc-896c-299d086c5195,fUST,0.00015475904109589042,2,1,354.73005181,offer,2026-09-05T10:47:01.847471+00:00
6ce13af5-db4c-40fc-896c-299d086c5195,fUST,0.00015476986301369864,2,10,157428.31686932,offer,2026-09-05T10:47:01.847471+00:00
6ce13af5-db4c-40fc-896c-299d086c5195,fUST,0.00015478,2,1,500.0,offer,2026-09-05T10:47:01.847471+00:00
6ce13af5-db4c-40fc-896c-299d086c5195,fUST,0.0001547890410958904,2,2,11099.50367709,offer,2026-09-05T10:47:01.847471+00:00
6ce13af5-db4c-40fc-896c-299d086c5195,fUST,0.00015479,2,3,47787.57316711,offer,2026-09-05T10:47:01.847471+00:00
6ce13af5-db4c-40fc-896c-299d086c5195,fUST,0.0001548,3,1,848.13,offer,2026-09-05T10:47:01.847471+00:00
6ce13af5-db4c-40fc-896c-299d086c5195,fUST,0.00015489,2,18,19766.39567642,offer,2026-09-05T10:47:01.847471+00:00
6ce13af5-db4c-40fc-896c-299d086c5195,fUST,0.00015489041095890412,2,2,6304.12277778,offer,2026-09-05T10:47:01.847471+00:00
6ce13af5-db4c-40fc-896c-299d086c5195,fUST,0.0001549,2,6,5155.681492,offer,2026-09-05T10:47:01.847471+00:00
6ce13af5-db4c-40fc-896c-299d086c5195,fUST,0.000155,2,1,151.0,offer,2026-09-05T10:47:01.847471+00:00
6ce13af5-db4c-40fc-896c-299d086c5195,fUST,0.0001573824114,2,1,260.341641,offer,2026-09-05T10:47:01.847471+00:00
6ce13af5-db4c-40fc-896c-299d086c5195,fUST,0.00015763013698630136,2,1,500.0,offer,2026-09-05T10:47:01.847471+00:00
6ce13af5-db4c-40fc-896c-299d086c5195,fUST,0.00015796,3,1,282.71,offer,2026-09-05T10:47:01.847471+00:00
6ce13af5-db4c-40fc-896c-299d086c5195,fUST,0.00015806,2,3,483.660289,offer,2026-09-05T10:47:01.847471+00:00
f5e55454-9381-4675-816d-d989b017d8a5,fUST,0.0002671232876712329,120,1,-3994808.19426298,demand,2026-09-05T11:47:02.285327+00:00
f5e55454-9381-4675-816d-d989b017d8a5,fUST,0.000267123287,120,1,-243.95,demand,2026-09-05T11:47:02.285327+00:00
f5e55454-9381-4675-816d-d989b017d8a5,fUST,0.000249652054,120,1,-1000.0,demand,2026-09-05T11:47:02.285327+00:00
f5e55454-9381-4675-816d-d989b017d8a5,fUST,0.000249589041,120,1,-1000.0,demand,2026-09-05T11:47:02.285327+00:00
f5e55454-9381-4675-816d-d989b017d8a5,fUST,0.000247980821,120,1,-56568.59382046,demand,2026-09-05T11:47:02.285327+00:00
f5e55454-9381-4675-816d-d989b017d8a5,fUST,0.00024286027397260273,120,1,-3563988.19044138,demand,2026-09-05T11:47:02.285327+00:00
f5e55454-9381-4675-816d-d989b017d8a5,fUST,0.00017,60,18,-100000.0,demand,2026-09-05T11:47:02.285327+00:00
f5e55454-9381-4675-816d-d989b017d8a5,fUST,0.000165,45,8,-80000.0,demand,2026-09-05T11:47:02.285327+00:00
f5e55454-9381-4675-816d-d989b017d8a5,fUST,0.00016236,14,2,-3398.10633208,demand,2026-09-05T11:47:02.285327+00:00
f5e55454-9381-4675-816d-d989b017d8a5,fUST,0.00016,60,17,-350330.3840775,demand,2026-09-05T11:47:02.285327+00:00
f5e55454-9381-4675-816d-d989b017d8a5,fUST,0.000157,30,7,-80000.0,demand,2026-09-05T11:47:02.285327+00:00
f5e55454-9381-4675-816d-d989b017d8a5,fUST,0.000152,60,1,-28000.0,demand,2026-09-05T11:47:02.285327+00:00
f5e55454-9381-4675-816d-d989b017d8a5,fUST,0.00015,120,1,-300000.0,demand,2026-09-05T11:47:02.285327+00:00
f5e55454-9381-4675-816d-d989b017d8a5,fUST,0.00015,45,3,-13845.272985,demand,2026-09-05T11:47:02.285327+00:00
f5e55454-9381-4675-816d-d989b017d8a5,fUST,0.00015,30,6,-28741.96455423,demand,2026-09-05T11:47:02.285327+00:00
f5e55454-9381-4675-816d-d989b017d8a5,fUST,0.000148,30,4,-20000.0,demand,2026-09-05T11:47:02.285327+00:00
f5e55454-9381-4675-816d-d989b017d8a5,fUST,0.0001421,45,1,-10000.0,demand,2026-09-05T11:47:02.285327+00:00
f5e55454-9381-4675-816d-d989b017d8a5,fUST,0.000142,45,2,-20000.0,demand,2026-09-05T11:47:02.285327+00:00
f5e55454-9381-4675-816d-d989b017d8a5,fUST,0.000142,30,1,-28000.0,demand,2026-09-05T11:47:02.285327+00:00
f5e55454-9381-4675-816d-d989b017d8a5,fUST,0.0001401,30,11,-147973.68632078,demand,2026-09-05T11:47:02.285327+00:00
f5e55454-9381-4675-816d-d989b017d8a5,fUST,0.000138,20,6,-49368.52669917,demand,2026-09-05T11:47:02.285327+00:00
f5e55454-9381-4675-816d-d989b017d8a5,fUST,0.000136,30,3,-19544.22120933,demand,2026-09-05T11:47:02.285327+00:00
f5e55454-9381-4675-816d-d989b017d8a5,fUST,0.000135,15,5,-45000.0,demand,2026-09-05T11:47:02.285327+00:00
f5e55454-9381-4675-816d-d989b017d8a5,fUST,0.000133,14,6,-27126.10690046,demand,2026-09-05T11:47:02.285327+00:00
f5e55454-9381-4675-816d-d989b017d8a5,fUST,0.00013299999999999998,14,7,-27543.18620925,demand,2026-09-05T11:47:02.285327+00:00
f5e55454-9381-4675-816d-d989b017d8a5,fUST,0.00015913,2,1,180.0,offer,2026-09-05T11:47:02.285327+00:00
f5e55454-9381-4675-816d-d989b017d8a5,fUST,0.00016074,2,1,180.0,offer,2026-09-05T11:47:02.285327+00:00
f5e55454-9381-4675-816d-d989b017d8a5,fUST,0.00016236,2,1,180.0,offer,2026-09-05T11:47:02.285327+00:00
f5e55454-9381-4675-816d-d989b017d8a5,fUST,0.000164,2,1,180.0,offer,2026-09-05T11:47:02.285327+00:00
f5e55454-9381-4675-816d-d989b017d8a5,fUST,0.00017,2,1,17682.25251695,offer,2026-09-05T11:47:02.285327+00:00
f5e55454-9381-4675-816d-d989b017d8a5,fUST,0.00017,10,1,1528.28,offer,2026-09-05T11:47:02.285327+00:00
f5e55454-9381-4675-816d-d989b017d8a5,fUST,0.00017,5,1,321.17078656,offer,2026-09-05T11:47:02.285327+00:00
f5e55454-9381-4675-816d-d989b017d8a5,fUST,0.0001731539,2,1,325.8431821,offer,2026-09-05T11:47:02.285327+00:00
f5e55454-9381-4675-816d-d989b017d8a5,fUST,0.0001750834,2,2,435.2859059,offer,2026-09-05T11:47:02.285327+00:00
f5e55454-9381-4675-816d-d989b017d8a5,fUST,0.0001763344,2,1,728.7114344,offer,2026-09-05T11:47:02.285327+00:00
f5e55454-9381-4675-816d-d989b017d8a5,fUST,0.00017850000000000003,7,1,345.90299432,offer,2026-09-05T11:47:02.285327+00:00
f5e55454-9381-4675-816d-d989b017d8a5,fUST,0.0001843580821917808,2,3,696.65185584,offer,2026-09-05T11:47:02.285327+00:00
f5e55454-9381-4675-816d-d989b017d8a5,fUST,0.0001860544863,2,1,372.657468,offer,2026-09-05T11:47:02.285327+00:00
f5e55454-9381-4675-816d-d989b017d8a5,fUST,0.00018667,2,1,4317.5,offer,2026-09-05T11:47:02.285327+00:00
f5e55454-9381-4675-816d-d989b017d8a5,fUST,0.00018668,2,4,1785.92437681,offer,2026-09-05T11:47:02.285327+00:00
f5e55454-9381-4675-816d-d989b017d8a5,fUST,0.000188,2,8,2105.01709965,offer,2026-09-05T11:47:02.285327+00:00
f5e55454-9381-4675-816d-d989b017d8a5,fUST,0.00018986301369863014,3,1,170.0,offer,2026-09-05T11:47:02.285327+00:00
f5e55454-9381-4675-816d-d989b017d8a5,fUST,0.0001899,3,2,1133.28,offer,2026-09-05T11:47:02.285327+00:00
f5e55454-9381-4675-816d-d989b017d8a5,fUST,0.00018998904109589042,2,1,537.15711178,offer,2026-09-05T11:47:02.285327+00:00
f5e55454-9381-4675-816d-d989b017d8a5,fUST,0.00018999,2,18,188729.20200166,offer,2026-09-05T11:47:02.285327+00:00
f5e55454-9381-4675-816d-d989b017d8a5,fUST,0.00019,2,1,19326.90936388,offer,2026-09-05T11:47:02.285327+00:00
f5e55454-9381-4675-816d-d989b017d8a5,fUST,0.00019388654109452056,2,1,372.657468,offer,2026-09-05T11:47:02.285327+00:00
f5e55454-9381-4675-816d-d989b017d8a5,fUST,0.000195,2,1,1719.385234,offer,2026-09-05T11:47:02.285327+00:00
f5e55454-9381-4675-816d-d989b017d8a5,fUST,0.00019818,2,1,4317.5,offer,2026-09-05T11:47:02.285327+00:00
f5e55454-9381-4675-816d-d989b017d8a5,fUST,0.00019915,2,1,163.09,offer,2026-09-05T11:47:02.285327+00:00
a049123b-ce83-4a3d-b21a-4cd773c246fe,fUST,0.0002671232876712329,120,1,-3994808.19426298,demand,2026-09-05T12:47:02.582985+00:00
a049123b-ce83-4a3d-b21a-4cd773c246fe,fUST,0.000267123287,120,1,-243.95,demand,2026-09-05T12:47:02.582985+00:00
a049123b-ce83-4a3d-b21a-4cd773c246fe,fUST,0.000249652054,120,1,-1000.0,demand,2026-09-05T12:47:02.582985+00:00
a049123b-ce83-4a3d-b21a-4cd773c246fe,fUST,0.000249589041,120,1,-1000.0,demand,2026-09-05T12:47:02.582985+00:00
a049123b-ce83-4a3d-b21a-4cd773c246fe,fUST,0.000247980821,120,1,-56568.59382046,demand,2026-09-05T12:47:02.582985+00:00
a049123b-ce83-4a3d-b21a-4cd773c246fe,fUST,0.00024284383561643837,120,1,-3267560.57879122,demand,2026-09-05T12:47:02.582985+00:00
a049123b-ce83-4a3d-b21a-4cd773c246fe,fUST,0.00017,60,18,-100000.0,demand,2026-09-05T12:47:02.582985+00:00
a049123b-ce83-4a3d-b21a-4cd773c246fe,fUST,0.000165,45,8,-80000.0,demand,2026-09-05T12:47:02.582985+00:00
a049123b-ce83-4a3d-b21a-4cd773c246fe,fUST,0.00016,60,17,-350330.3840775,demand,2026-09-05T12:47:02.582985+00:00
a049123b-ce83-4a3d-b21a-4cd773c246fe,fUST,0.000157,30,7,-80000.0,demand,2026-09-05T12:47:02.582985+00:00
a049123b-ce83-4a3d-b21a-4cd773c246fe,fUST,0.000152,60,1,-28000.0,demand,2026-09-05T12:47:02.582985+00:00
a049123b-ce83-4a3d-b21a-4cd773c246fe,fUST,0.00015,120,1,-300000.0,demand,2026-09-05T12:47:02.582985+00:00
a049123b-ce83-4a3d-b21a-4cd773c246fe,fUST,0.00015,45,3,-13845.272985,demand,2026-09-05T12:47:02.582985+00:00
a049123b-ce83-4a3d-b21a-4cd773c246fe,fUST,0.00015,30,6,-28741.96455423,demand,2026-09-05T12:47:02.582985+00:00
a049123b-ce83-4a3d-b21a-4cd773c246fe,fUST,0.000148,30,4,-20000.0,demand,2026-09-05T12:47:02.582985+00:00
a049123b-ce83-4a3d-b21a-4cd773c246fe,fUST,0.0001421,45,1,-10000.0,demand,2026-09-05T12:47:02.582985+00:00
a049123b-ce83-4a3d-b21a-4cd773c246fe,fUST,0.000142,45,2,-20000.0,demand,2026-09-05T12:47:02.582985+00:00
a049123b-ce83-4a3d-b21a-4cd773c246fe,fUST,0.000142,30,1,-28000.0,demand,2026-09-05T12:47:02.582985+00:00
a049123b-ce83-4a3d-b21a-4cd773c246fe,fUST,0.0001401,30,11,-147973.68632078,demand,2026-09-05T12:47:02.582985+00:00
a049123b-ce83-4a3d-b21a-4cd773c246fe,fUST,0.000138,20,6,-49368.52669917,demand,2026-09-05T12:47:02.582985+00:00
a049123b-ce83-4a3d-b21a-4cd773c246fe,fUST,0.000136,30,3,-19544.22120933,demand,2026-09-05T12:47:02.582985+00:00
a049123b-ce83-4a3d-b21a-4cd773c246fe,fUST,0.000135,15,5,-45000.0,demand,2026-09-05T12:47:02.582985+00:00
a049123b-ce83-4a3d-b21a-4cd773c246fe,fUST,0.000133,14,6,-27126.10690046,demand,2026-09-05T12:47:02.582985+00:00
a049123b-ce83-4a3d-b21a-4cd773c246fe,fUST,0.00013299999999999998,14,7,-27543.18620925,demand,2026-09-05T12:47:02.582985+00:00
a049123b-ce83-4a3d-b21a-4cd773c246fe,fUST,0.000128,30,3,-30000.0,demand,2026-09-05T12:47:02.582985+00:00
a049123b-ce83-4a3d-b21a-4cd773c246fe,fUST,0.00015186,2,1,2309.32026037,offer,2026-09-05T12:47:02.582985+00:00
a049123b-ce83-4a3d-b21a-4cd773c246fe,fUST,0.00015339,2,5,2309.32026037,offer,2026-09-05T12:47:02.582985+00:00
a049123b-ce83-4a3d-b21a-4cd773c246fe,fUST,0.0001534,2,1,3245.0,offer,2026-09-05T12:47:02.582985+00:00
a049123b-ce83-4a3d-b21a-4cd773c246fe,fUST,0.00015347,2,1,258.36316911,offer,2026-09-05T12:47:02.582985+00:00
a049123b-ce83-4a3d-b21a-4cd773c246fe,fUST,0.00015502,2,1,339.60553142,offer,2026-09-05T12:47:02.582985+00:00
a049123b-ce83-4a3d-b21a-4cd773c246fe,fUST,0.00016138,2,1,298.43,offer,2026-09-05T12:47:02.582985+00:00
a049123b-ce83-4a3d-b21a-4cd773c246fe,fUST,0.0001672175426079687,2,1,2267.76544227,offer,2026-09-05T12:47:02.582985+00:00
a049123b-ce83-4a3d-b21a-4cd773c246fe,fUST,0.000168,2,1,165.29677251,offer,2026-09-05T12:47:02.582985+00:00
a049123b-ce83-4a3d-b21a-4cd773c246fe,fUST,0.000171731,2,1,163.13848,offer,2026-09-05T12:47:02.582985+00:00
a049123b-ce83-4a3d-b21a-4cd773c246fe,fUST,0.0001744271,2,1,224.218465,offer,2026-09-05T12:47:02.582985+00:00
a049123b-ce83-4a3d-b21a-4cd773c246fe,fUST,0.00017598846590312497,2,1,174.56509304,offer,2026-09-05T12:47:02.582985+00:00
a049123b-ce83-4a3d-b21a-4cd773c246fe,fUST,0.00017601846590312495,2,1,2358.01133582,offer,2026-09-05T12:47:02.582985+00:00
a049123b-ce83-4a3d-b21a-4cd773c246fe,fUST,0.0001760608,2,1,334.86963418,offer,2026-09-05T12:47:02.582985+00:00
a049123b-ce83-4a3d-b21a-4cd773c246fe,fUST,0.00017752,2,1,298.43,offer,2026-09-05T12:47:02.582985+00:00
a049123b-ce83-4a3d-b21a-4cd773c246fe,fUST,0.0001778332,2,1,2529.7075895,offer,2026-09-05T12:47:02.582985+00:00
a049123b-ce83-4a3d-b21a-4cd773c246fe,fUST,0.00017895585616438354,2,1,506.55782506,offer,2026-09-05T12:47:02.582985+00:00
a049123b-ce83-4a3d-b21a-4cd773c246fe,fUST,0.0001792402,2,1,1010.3140235,offer,2026-09-05T12:47:02.582985+00:00
a049123b-ce83-4a3d-b21a-4cd773c246fe,fUST,0.00017979,2,2,1000.0,offer,2026-09-05T12:47:02.582985+00:00
a049123b-ce83-4a3d-b21a-4cd773c246fe,fUST,0.00017999999999999998,2,1,625.71696781,offer,2026-09-05T12:47:02.582985+00:00
a049123b-ce83-4a3d-b21a-4cd773c246fe,fUST,0.00018049,2,2,708.1513433,offer,2026-09-05T12:47:02.582985+00:00
a049123b-ce83-4a3d-b21a-4cd773c246fe,fUST,0.0001844174520547945,2,1,151.91626456,offer,2026-09-05T12:47:02.582985+00:00
a049123b-ce83-4a3d-b21a-4cd773c246fe,fUST,0.0001844201506849315,2,3,1416.64760254,offer,2026-09-05T12:47:02.582985+00:00
a049123b-ce83-4a3d-b21a-4cd773c246fe,fUST,0.00018796,2,1,500.0,offer,2026-09-05T12:47:02.582985+00:00
a049123b-ce83-4a3d-b21a-4cd773c246fe,fUST,0.00018804931506849316,2,5,1022.36594858,offer,2026-09-05T12:47:02.582985+00:00
a049123b-ce83-4a3d-b21a-4cd773c246fe,fUST,0.00018806,2,1,221.28823697,offer,2026-09-05T12:47:02.582985+00:00
10d89a34-d37a-4c34-a279-3a3821e2aab7,fUST,0.0002671232876712329,120,1,-3993987.52033677,demand,2026-09-05T13:47:02.076758+00:00
10d89a34-d37a-4c34-a279-3a3821e2aab7,fUST,0.000267123287,120,1,-243.95,demand,2026-09-05T13:47:02.076758+00:00
10d89a34-d37a-4c34-a279-3a3821e2aab7,fUST,0.000249652054,120,1,-1000.0,demand,2026-09-05T13:47:02.076758+00:00
10d89a34-d37a-4c34-a279-3a3821e2aab7,fUST,0.000249589041,120,1,-1000.0,demand,2026-09-05T13:47:02.076758+00:00
10d89a34-d37a-4c34-a279-3a3821e2aab7,fUST,0.000247980821,120,1,-56568.59382046,demand,2026-09-05T13:47:02.076758+00:00
10d89a34-d37a-4c34-a279-3a3821e2aab7,fUST,0.00024277260273972604,120,1,-3267560.57879122,demand,2026-09-05T13:47:02.076758+00:00
10d89a34-d37a-4c34-a279-3a3821e2aab7,fUST,0.00017995499999999998,2,2,-5763.36126034,demand,2026-09-05T13:47:02.076758+00:00
10d89a34-d37a-4c34-a279-3a3821e2aab7,fUST,0.00017,60,18,-99840.0,demand,2026-09-05T13:47:02.076758+00:00
10d89a34-d37a-4c34-a279-3a3821e2aab7,fUST,0.000165,45,8,-80000.0,demand,2026-09-05T13:47:02.076758+00:00
10d89a34-d37a-4c34-a279-3a3821e2aab7,fUST,0.00016,60,17,-350330.3840775,demand,2026-09-05T13:47:02.076758+00:00
10d89a34-d37a-4c34-a279-3a3821e2aab7,fUST,0.000157,30,7,-80000.0,demand,2026-09-05T13:47:02.076758+00:00
10d89a34-d37a-4c34-a279-3a3821e2aab7,fUST,0.000152,60,1,-28000.0,demand,2026-09-05T13:47:02.076758+00:00
10d89a34-d37a-4c34-a279-3a3821e2aab7,fUST,0.00015,120,1,-300000.0,demand,2026-09-05T13:47:02.076758+00:00
10d89a34-d37a-4c34-a279-3a3821e2aab7,fUST,0.00015,45,3,-13845.272985,demand,2026-09-05T13:47:02.076758+00:00
10d89a34-d37a-4c34-a279-3a3821e2aab7,fUST,0.00015,30,6,-28741.96455423,demand,2026-09-05T13:47:02.076758+00:00
10d89a34-d37a-4c34-a279-3a3821e2aab7,fUST,0.000148,30,4,-20000.0,demand,2026-09-05T13:47:02.076758+00:00
10d89a34-d37a-4c34-a279-3a3821e2aab7,fUST,0.0001421,45,1,-10000.0,demand,2026-09-05T13:47:02.076758+00:00
10d89a34-d37a-4c34-a279-3a3821e2aab7,fUST,0.000142,45,2,-20000.0,demand,2026-09-05T13:47:02.076758+00:00
10d89a34-d37a-4c34-a279-3a3821e2aab7,fUST,0.000142,30,1,-28000.0,demand,2026-09-05T13:47:02.076758+00:00
10d89a34-d37a-4c34-a279-3a3821e2aab7,fUST,0.0001401,30,11,-147973.68632078,demand,2026-09-05T13:47:02.076758+00:00
10d89a34-d37a-4c34-a279-3a3821e2aab7,fUST,0.000138,20,6,-49368.52669917,demand,2026-09-05T13:47:02.076758+00:00
10d89a34-d37a-4c34-a279-3a3821e2aab7,fUST,0.000136,30,3,-19544.22120933,demand,2026-09-05T13:47:02.076758+00:00
10d89a34-d37a-4c34-a279-3a3821e2aab7,fUST,0.000135,15,5,-45000.0,demand,2026-09-05T13:47:02.076758+00:00
10d89a34-d37a-4c34-a279-3a3821e2aab7,fUST,0.000133,14,6,-27126.10690046,demand,2026-09-05T13:47:02.076758+00:00
10d89a34-d37a-4c34-a279-3a3821e2aab7,fUST,0.00013299999999999998,14,7,-27543.18620925,demand,2026-09-05T13:47:02.076758+00:00
10d89a34-d37a-4c34-a279-3a3821e2aab7,fUST,0.00016488060000000002,2,1,151.0,offer,2026-09-05T13:47:02.076758+00:00
10d89a34-d37a-4c34-a279-3a3821e2aab7,fUST,0.00016712,2,1,207.139,offer,2026-09-05T13:47:02.076758+00:00
10d89a34-d37a-4c34-a279-3a3821e2aab7,fUST,0.00016992000000000005,2,26,11807.34358687,offer,2026-09-05T13:47:02.076758+00:00
10d89a34-d37a-4c34-a279-3a3821e2aab7,fUST,0.00017,2,7,129031.84015355,offer,2026-09-05T13:47:02.076758+00:00
10d89a34-d37a-4c34-a279-3a3821e2aab7,fUST,0.0001705308,2,1,249.922461,offer,2026-09-05T13:47:02.076758+00:00
10d89a34-d37a-4c34-a279-3a3821e2aab7,fUST,0.00017070597945205478,2,2,380.15441646,offer,2026-09-05T13:47:02.076758+00:00
10d89a34-d37a-4c34-a279-3a3821e2aab7,fUST,0.00017070852397260274,7,1,200.0,offer,2026-09-05T13:47:02.076758+00:00
10d89a34-d37a-4c34-a279-3a3821e2aab7,fUST,0.00017245,7,1,153.0,offer,2026-09-05T13:47:02.076758+00:00
10d89a34-d37a-4c34-a279-3a3821e2aab7,fUST,0.0001741226944520548,7,1,200.0,offer,2026-09-05T13:47:02.076758+00:00
10d89a34-d37a-4c34-a279-3a3821e2aab7,fUST,0.00017451,2,59,46069.48373527,offer,2026-09-05T13:47:02.076758+00:00
10d89a34-d37a-4c34-a279-3a3821e2aab7,fUST,0.000176,2,1,2197.91857248,offer,2026-09-05T13:47:02.076758+00:00
10d89a34-d37a-4c34-a279-3a3821e2aab7,fUST,0.00017653,2,1,161.4,offer,2026-09-05T13:47:02.076758+00:00
10d89a34-d37a-4c34-a279-3a3821e2aab7,fUST,0.00017765,2,16,5100.0,offer,2026-09-05T13:47:02.076758+00:00
10d89a34-d37a-4c34-a279-3a3821e2aab7,fUST,0.00017890047945205478,2,2,760.30883292,offer,2026-09-05T13:47:02.076758+00:00
10d89a34-d37a-4c34-a279-3a3821e2aab7,fUST,0.0001792439501712329,7,1,200.0,offer,2026-09-05T13:47:02.076758+00:00
10d89a34-d37a-4c34-a279-3a3821e2aab7,fUST,0.00017995499999999998,2,2,5740.60108125,offer,2026-09-05T13:47:02.076758+00:00
10d89a34-d37a-4c34-a279-3a3821e2aab7,fUST,0.000179991,2,1,500.0,offer,2026-09-05T13:47:02.076758+00:00
10d89a34-d37a-4c34-a279-3a3821e2aab7,fUST,0.0001809937,2,1,192.9,offer,2026-09-05T13:47:02.076758+00:00
10d89a34-d37a-4c34-a279-3a3821e2aab7,fUST,0.0001835478,2,1,554.887203,offer,2026-09-05T13:47:02.076758+00:00
10d89a34-d37a-4c34-a279-3a3821e2aab7,fUST,0.00018433649315068493,2,1,273.0687251,offer,2026-09-05T13:47:02.076758+00:00
10d89a34-d37a-4c34-a279-3a3821e2aab7,fUST,0.0001843634794520548,2,1,289.04485572,offer,2026-09-05T13:47:02.076758+00:00
10d89a34-d37a-4c34-a279-3a3821e2aab7,fUST,0.00018436520589041098,7,1,200.0,offer,2026-09-05T13:47:02.076758+00:00
10d89a34-d37a-4c34-a279-3a3821e2aab7,fUST,0.00018797808219178083,2,2,1124.22716166,offer,2026-09-05T13:47:02.076758+00:00
10d89a34-d37a-4c34-a279-3a3821e2aab7,fUST,0.000188,2,2,13322.33830979,offer,2026-09-05T13:47:02.076758+00:00
10d89a34-d37a-4c34-a279-3a3821e2aab7,fUST,0.00018800547945205479,2,4,1248.44227478,offer,2026-09-05T13:47:02.076758+00:00
80a7f9f5-e301-462c-98eb-15960ef9ceb3,fUST,0.0002671232876712329,120,1,-3992819.82033677,demand,2026-09-05T14:47:02.289884+00:00
80a7f9f5-e301-462c-98eb-15960ef9ceb3,fUST,0.000267123287,120,1,-243.95,demand,2026-09-05T14:47:02.289884+00:00
80a7f9f5-e301-462c-98eb-15960ef9ceb3,fUST,0.000249652054,120,1,-1000.0,demand,2026-09-05T14:47:02.289884+00:00
80a7f9f5-e301-462c-98eb-15960ef9ceb3,fUST,0.000249589041,120,1,-1000.0,demand,2026-09-05T14:47:02.289884+00:00
80a7f9f5-e301-462c-98eb-15960ef9ceb3,fUST,0.000247980821,120,1,-56568.59382046,demand,2026-09-05T14:47:02.289884+00:00
80a7f9f5-e301-462c-98eb-15960ef9ceb3,fUST,0.0002428986301369863,120,1,-3267409.3370038,demand,2026-09-05T14:47:02.289884+00:00
80a7f9f5-e301-462c-98eb-15960ef9ceb3,fUST,0.00017,60,18,-99840.0,demand,2026-09-05T14:47:02.289884+00:00
80a7f9f5-e301-462c-98eb-15960ef9ceb3,fUST,0.000165,45,8,-80000.0,demand,2026-09-05T14:47:02.289884+00:00
80a7f9f5-e301-462c-98eb-15960ef9ceb3,fUST,0.00016,60,17,-350330.3840775,demand,2026-09-05T14:47:02.289884+00:00
80a7f9f5-e301-462c-98eb-15960ef9ceb3,fUST,0.000157,30,7,-80000.0,demand,2026-09-05T14:47:02.289884+00:00
80a7f9f5-e301-462c-98eb-15960ef9ceb3,fUST,0.000152,60,1,-28000.0,demand,2026-09-05T14:47:02.289884+00:00
80a7f9f5-e301-462c-98eb-15960ef9ceb3,fUST,0.00015,120,1,-300000.0,demand,2026-09-05T14:47:02.289884+00:00
80a7f9f5-e301-462c-98eb-15960ef9ceb3,fUST,0.00015,45,3,-13845.272985,demand,2026-09-05T14:47:02.289884+00:00
80a7f9f5-e301-462c-98eb-15960ef9ceb3,fUST,0.00015,30,6,-28741.96455423,demand,2026-09-05T14:47:02.289884+00:00
80a7f9f5-e301-462c-98eb-15960ef9ceb3,fUST,0.000148,30,4,-20000.0,demand,2026-09-05T14:47:02.289884+00:00
80a7f9f5-e301-462c-98eb-15960ef9ceb3,fUST,0.0001421,45,1,-10000.0,demand,2026-09-05T14:47:02.289884+00:00
80a7f9f5-e301-462c-98eb-15960ef9ceb3,fUST,0.000142,45,2,-20000.0,demand,2026-09-05T14:47:02.289884+00:00
80a7f9f5-e301-462c-98eb-15960ef9ceb3,fUST,0.000142,30,1,-28000.0,demand,2026-09-05T14:47:02.289884+00:00
80a7f9f5-e301-462c-98eb-15960ef9ceb3,fUST,0.0001401,30,11,-147973.68632078,demand,2026-09-05T14:47:02.289884+00:00
80a7f9f5-e301-462c-98eb-15960ef9ceb3,fUST,0.000138,20,6,-49368.52669917,demand,2026-09-05T14:47:02.289884+00:00
80a7f9f5-e301-462c-98eb-15960ef9ceb3,fUST,0.000136,30,3,-19544.22120933,demand,2026-09-05T14:47:02.289884+00:00
80a7f9f5-e301-462c-98eb-15960ef9ceb3,fUST,0.000135,15,5,-45000.0,demand,2026-09-05T14:47:02.289884+00:00
80a7f9f5-e301-462c-98eb-15960ef9ceb3,fUST,0.000133,14,3,-10644.69035123,demand,2026-09-05T14:47:02.289884+00:00
80a7f9f5-e301-462c-98eb-15960ef9ceb3,fUST,0.00013299999999999998,14,7,-27543.18620925,demand,2026-09-05T14:47:02.289884+00:00
80a7f9f5-e301-462c-98eb-15960ef9ceb3,fUST,0.000128,30,3,-30000.0,demand,2026-09-05T14:47:02.289884+00:00
80a7f9f5-e301-462c-98eb-15960ef9ceb3,fUST,0.0001287384,2,1,151.0,offer,2026-09-05T14:47:02.289884+00:00
80a7f9f5-e301-462c-98eb-15960ef9ceb3,fUST,0.00013272,2,1,200.0,offer,2026-09-05T14:47:02.289884+00:00
80a7f9f5-e301-462c-98eb-15960ef9ceb3,fUST,0.00013272,7,1,324.76,offer,2026-09-05T14:47:02.289884+00:00
80a7f9f5-e301-462c-98eb-15960ef9ceb3,fUST,0.0001342539,2,1,262.1634,offer,2026-09-05T14:47:02.289884+00:00
80a7f9f5-e301-462c-98eb-15960ef9ceb3,fUST,0.00013493195000000003,2,1,157.2981,offer,2026-09-05T14:47:02.289884+00:00
80a7f9f5-e301-462c-98eb-15960ef9ceb3,fUST,0.0001369499372647428,2,1,160.0,offer,2026-09-05T14:47:02.289884+00:00
80a7f9f5-e301-462c-98eb-15960ef9ceb3,fUST,0.00013696000000000002,2,4,1670.89183292,offer,2026-09-05T14:47:02.289884+00:00
80a7f9f5-e301-462c-98eb-15960ef9ceb3,fUST,0.00013698,2,3,1615.33076648,offer,2026-09-05T14:47:02.289884+00:00
80a7f9f5-e301-462c-98eb-15960ef9ceb3,fUST,0.0001369808219178082,2,1,270.11690852,offer,2026-09-05T14:47:02.289884+00:00
80a7f9f5-e301-462c-98eb-15960ef9ceb3,fUST,0.00013764,2,3,1181.97333514,offer,2026-09-05T14:47:02.289884+00:00
80a7f9f5-e301-462c-98eb-15960ef9ceb3,fUST,0.00013831200000000003,7,2,446.01613021,offer,2026-09-05T14:47:02.289884+00:00
80a7f9f5-e301-462c-98eb-15960ef9ceb3,fUST,0.00014221,2,2,551.69088744,offer,2026-09-05T14:47:02.289884+00:00
80a7f9f5-e301-462c-98eb-15960ef9ceb3,fUST,0.00014222,2,4,2000.0,offer,2026-09-05T14:47:02.289884+00:00
80a7f9f5-e301-462c-98eb-15960ef9ceb3,fUST,0.0001432545,2,1,1163.8303912,offer,2026-09-05T14:47:02.289884+00:00
80a7f9f5-e301-462c-98eb-15960ef9ceb3,fUST,0.0001448568,2,1,1116.0177847,offer,2026-09-05T14:47:02.289884+00:00
80a7f9f5-e301-462c-98eb-15960ef9ceb3,fUST,0.00014845,2,3,1500.0,offer,2026-09-05T14:47:02.289884+00:00
80a7f9f5-e301-462c-98eb-15960ef9ceb3,fUST,0.00014958,2,7,3388.13971555,offer,2026-09-05T14:47:02.289884+00:00
80a7f9f5-e301-462c-98eb-15960ef9ceb3,fUST,0.00014974,2,3,1500.0,offer,2026-09-05T14:47:02.289884+00:00
80a7f9f5-e301-462c-98eb-15960ef9ceb3,fUST,0.00015,2,1,205.83639884,offer,2026-09-05T14:47:02.289884+00:00
80a7f9f5-e301-462c-98eb-15960ef9ceb3,fUST,0.00015013,7,1,355.0,offer,2026-09-05T14:47:02.289884+00:00
80a7f9f5-e301-462c-98eb-15960ef9ceb3,fUST,0.0001506055,2,1,193.727076,offer,2026-09-05T14:47:02.289884+00:00
80a7f9f5-e301-462c-98eb-15960ef9ceb3,fUST,0.0001510597,2,1,606.6980688,offer,2026-09-05T14:47:02.289884+00:00
80a7f9f5-e301-462c-98eb-15960ef9ceb3,fUST,0.0001517958288,2,1,1025.088119,offer,2026-09-05T14:47:02.289884+00:00
80a7f9f5-e301-462c-98eb-15960ef9ceb3,fUST,0.00015232,2,3,1500.0,offer,2026-09-05T14:47:02.289884+00:00
80a7f9f5-e301-462c-98eb-15960ef9ceb3,fUST,0.00015233,2,2,1000.0,offer,2026-09-05T14:47:02.289884+00:00
be987fdc-d198-4a2f-8081-cfc3841adcfe,fUST,0.0002671232876712329,120,1,-3972730.26687233,demand,2026-09-05T15:47:02.245592+00:00
be987fdc-d198-4a2f-8081-cfc3841adcfe,fUST,0.000267123287,120,1,-243.95,demand,2026-09-05T15:47:02.245592+00:00
be987fdc-d198-4a2f-8081-cfc3841adcfe,fUST,0.000249652054,120,1,-1000.0,demand,2026-09-05T15:47:02.245592+00:00
be987fdc-d198-4a2f-8081-cfc3841adcfe,fUST,0.000249589041,120,1,-1000.0,demand,2026-09-05T15:47:02.245592+00:00
be987fdc-d198-4a2f-8081-cfc3841adcfe,fUST,0.000247980821,120,1,-56568.59382046,demand,2026-09-05T15:47:02.245592+00:00
be987fdc-d198-4a2f-8081-cfc3841adcfe,fUST,0.00024313698630136987,120,1,-3267409.3370038,demand,2026-09-05T15:47:02.245592+00:00
be987fdc-d198-4a2f-8081-cfc3841adcfe,fUST,0.00017,60,18,-99840.0,demand,2026-09-05T15:47:02.245592+00:00
be987fdc-d198-4a2f-8081-cfc3841adcfe,fUST,0.000165,45,8,-80000.0,demand,2026-09-05T15:47:02.245592+00:00
be987fdc-d198-4a2f-8081-cfc3841adcfe,fUST,0.00016,60,17,-350330.3840775,demand,2026-09-05T15:47:02.245592+00:00
be987fdc-d198-4a2f-8081-cfc3841adcfe,fUST,0.000157,30,7,-80000.0,demand,2026-09-05T15:47:02.245592+00:00
be987fdc-d198-4a2f-8081-cfc3841adcfe,fUST,0.000152,60,1,-28000.0,demand,2026-09-05T15:47:02.245592+00:00
be987fdc-d198-4a2f-8081-cfc3841adcfe,fUST,0.00015,120,1,-300000.0,demand,2026-09-05T15:47:02.245592+00:00
be987fdc-d198-4a2f-8081-cfc3841adcfe,fUST,0.00015,45,3,-13845.272985,demand,2026-09-05T15:47:02.245592+00:00
be987fdc-d198-4a2f-8081-cfc3841adcfe,fUST,0.00015,30,6,-28741.96455423,demand,2026-09-05T15:47:02.245592+00:00
be987fdc-d198-4a2f-8081-cfc3841adcfe,fUST,0.000148,30,4,-20000.0,demand,2026-09-05T15:47:02.245592+00:00
be987fdc-d198-4a2f-8081-cfc3841adcfe,fUST,0.0001421,45,1,-10000.0,demand,2026-09-05T15:47:02.245592+00:00
be987fdc-d198-4a2f-8081-cfc3841adcfe,fUST,0.000142,45,2,-20000.0,demand,2026-09-05T15:47:02.245592+00:00
be987fdc-d198-4a2f-8081-cfc3841adcfe,fUST,0.000142,30,1,-28000.0,demand,2026-09-05T15:47:02.245592+00:00
be987fdc-d198-4a2f-8081-cfc3841adcfe,fUST,0.0001401,30,11,-147973.68632078,demand,2026-09-05T15:47:02.245592+00:00
be987fdc-d198-4a2f-8081-cfc3841adcfe,fUST,0.000138,20,6,-49368.52669917,demand,2026-09-05T15:47:02.245592+00:00
be987fdc-d198-4a2f-8081-cfc3841adcfe,fUST,0.000136,30,3,-19544.22120933,demand,2026-09-05T15:47:02.245592+00:00
be987fdc-d198-4a2f-8081-cfc3841adcfe,fUST,0.000135,15,5,-45000.0,demand,2026-09-05T15:47:02.245592+00:00
be987fdc-d198-4a2f-8081-cfc3841adcfe,fUST,0.000133,14,2,-5341.48051737,demand,2026-09-05T15:47:02.245592+00:00
be987fdc-d198-4a2f-8081-cfc3841adcfe,fUST,0.00013299999999999998,14,7,-27543.18620925,demand,2026-09-05T15:47:02.245592+00:00
be987fdc-d198-4a2f-8081-cfc3841adcfe,fUST,0.000128,30,3,-30000.0,demand,2026-09-05T15:47:02.245592+00:00
be987fdc-d198-4a2f-8081-cfc3841adcfe,fUST,0.0001254846,2,43,21314.4602549,offer,2026-09-05T15:47:02.245592+00:00
be987fdc-d198-4a2f-8081-cfc3841adcfe,fUST,0.0001254946,2,1,9258.6577513,offer,2026-09-05T15:47:02.245592+00:00
be987fdc-d198-4a2f-8081-cfc3841adcfe,fUST,0.0001278492768,2,1,165.027382,offer,2026-09-05T15:47:02.245592+00:00
be987fdc-d198-4a2f-8081-cfc3841adcfe,fUST,0.00012796,2,1,178.65617864,offer,2026-09-05T15:47:02.245592+00:00
be987fdc-d198-4a2f-8081-cfc3841adcfe,fUST,0.00012798,2,16,5100.0,offer,2026-09-05T15:47:02.245592+00:00
be987fdc-d198-4a2f-8081-cfc3841adcfe,fUST,0.00012925,2,1,178.65617864,offer,2026-09-05T15:47:02.245592+00:00
be987fdc-d198-4a2f-8081-cfc3841adcfe,fUST,0.00013056,2,1,178.65617864,offer,2026-09-05T15:47:02.245592+00:00
be987fdc-d198-4a2f-8081-cfc3841adcfe,fUST,0.0001365,7,2,403.64980427,offer,2026-09-05T15:47:02.245592+00:00
be987fdc-d198-4a2f-8081-cfc3841adcfe,fUST,0.000136986301369863,2,1,303.207754,offer,2026-09-05T15:47:02.245592+00:00
be987fdc-d198-4a2f-8081-cfc3841adcfe,fUST,0.0001374792,2,1,13713.0060223,offer,2026-09-05T15:47:02.245592+00:00
be987fdc-d198-4a2f-8081-cfc3841adcfe,fUST,0.0001378492768,2,1,178.65617864,offer,2026-09-05T15:47:02.245592+00:00
be987fdc-d198-4a2f-8081-cfc3841adcfe,fUST,0.0001382745,2,1,352.4574191,offer,2026-09-05T15:47:02.245592+00:00
be987fdc-d198-4a2f-8081-cfc3841adcfe,fUST,0.00013847123287671234,2,1,500.0,offer,2026-09-05T15:47:02.245592+00:00
be987fdc-d198-4a2f-8081-cfc3841adcfe,fUST,0.00013923,7,1,244.57472088,offer,2026-09-05T15:47:02.245592+00:00
be987fdc-d198-4a2f-8081-cfc3841adcfe,fUST,0.00013923,2,1,5840.47908362,offer,2026-09-05T15:47:02.245592+00:00
be987fdc-d198-4a2f-8081-cfc3841adcfe,fUST,0.00014078,2,1,720.0,offer,2026-09-05T15:47:02.245592+00:00
be987fdc-d198-4a2f-8081-cfc3841adcfe,fUST,0.00014121095890410958,2,1,500.0,offer,2026-09-05T15:47:02.245592+00:00
be987fdc-d198-4a2f-8081-cfc3841adcfe,fUST,0.000143,2,5,42500.9856999,offer,2026-09-05T15:47:02.245592+00:00
be987fdc-d198-4a2f-8081-cfc3841adcfe,fUST,0.00014332500000000003,7,1,244.57472088,offer,2026-09-05T15:47:02.245592+00:00
be987fdc-d198-4a2f-8081-cfc3841adcfe,fUST,0.0001457447418,2,1,330.623481,offer,2026-09-05T15:47:02.245592+00:00
be987fdc-d198-4a2f-8081-cfc3841adcfe,fUST,0.00014742000000000002,7,1,244.57472088,offer,2026-09-05T15:47:02.245592+00:00
be987fdc-d198-4a2f-8081-cfc3841adcfe,fUST,0.00015068493150684933,2,1,159.483825,offer,2026-09-05T15:47:02.245592+00:00
be987fdc-d198-4a2f-8081-cfc3841adcfe,fUST,0.0001518800842657534,2,1,330.623481,offer,2026-09-05T15:47:02.245592+00:00
be987fdc-d198-4a2f-8081-cfc3841adcfe,fUST,0.00015288,7,1,244.5747209,offer,2026-09-05T15:47:02.245592+00:00
be987fdc-d198-4a2f-8081-cfc3841adcfe,fUST,0.00015315,2,1,500.0,offer,2026-09-05T15:47:02.245592+00:00
a32e701d-462e-4120-a4c2-8931edcb38a3,fUST,0.0002671232876712329,120,1,-3971685.02687233,demand,2026-09-05T16:47:02.166139+00:00
a32e701d-462e-4120-a4c2-8931edcb38a3,fUST,0.000267123287,120,1,-243.95,demand,2026-09-05T16:47:02.166139+00:00
a32e701d-462e-4120-a4c2-8931edcb38a3,fUST,0.000249652054,120,1,-1000.0,demand,2026-09-05T16:47:02.166139+00:00
a32e701d-462e-4120-a4c2-8931edcb38a3,fUST,0.000249589041,120,1,-1000.0,demand,2026-09-05T16:47:02.166139+00:00
a32e701d-462e-4120-a4c2-8931edcb38a3,fUST,0.000247980821,120,1,-56568.59382046,demand,2026-09-05T16:47:02.166139+00:00
a32e701d-462e-4120-a4c2-8931edcb38a3,fUST,0.0002430027397260274,120,1,-3267409.3370038,demand,2026-09-05T16:47:02.166139+00:00
a32e701d-462e-4120-a4c2-8931edcb38a3,fUST,0.00017,60,18,-99840.0,demand,2026-09-05T16:47:02.166139+00:00
a32e701d-462e-4120-a4c2-8931edcb38a3,fUST,0.000165,45,8,-80000.0,demand,2026-09-05T16:47:02.166139+00:00
a32e701d-462e-4120-a4c2-8931edcb38a3,fUST,0.00016,60,17,-350330.3840775,demand,2026-09-05T16:47:02.166139+00:00
a32e701d-462e-4120-a4c2-8931edcb38a3,fUST,0.000157,30,7,-79846.48331588,demand,2026-09-05T16:47:02.166139+00:00
a32e701d-462e-4120-a4c2-8931edcb38a3,fUST,0.000152,60,1,-28000.0,demand,2026-09-05T16:47:02.166139+00:00
a32e701d-462e-4120-a4c2-8931edcb38a3,fUST,0.00015,120,1,-300000.0,demand,2026-09-05T16:47:02.166139+00:00
a32e701d-462e-4120-a4c2-8931edcb38a3,fUST,0.00015,45,3,-13845.272985,demand,2026-09-05T16:47:02.166139+00:00
a32e701d-462e-4120-a4c2-8931edcb38a3,fUST,0.00015,30,6,-28741.96455423,demand,2026-09-05T16:47:02.166139+00:00
a32e701d-462e-4120-a4c2-8931edcb38a3,fUST,0.000148,30,4,-20000.0,demand,2026-09-05T16:47:02.166139+00:00
a32e701d-462e-4120-a4c2-8931edcb38a3,fUST,0.0001421,45,1,-10000.0,demand,2026-09-05T16:47:02.166139+00:00
a32e701d-462e-4120-a4c2-8931edcb38a3,fUST,0.000142,45,2,-20000.0,demand,2026-09-05T16:47:02.166139+00:00
a32e701d-462e-4120-a4c2-8931edcb38a3,fUST,0.000142,30,1,-28000.0,demand,2026-09-05T16:47:02.166139+00:00
a32e701d-462e-4120-a4c2-8931edcb38a3,fUST,0.0001401,30,11,-147973.68632078,demand,2026-09-05T16:47:02.166139+00:00
a32e701d-462e-4120-a4c2-8931edcb38a3,fUST,0.000138,20,6,-49368.52669917,demand,2026-09-05T16:47:02.166139+00:00
a32e701d-462e-4120-a4c2-8931edcb38a3,fUST,0.000136,30,3,-19544.22120933,demand,2026-09-05T16:47:02.166139+00:00
a32e701d-462e-4120-a4c2-8931edcb38a3,fUST,0.000135,15,5,-45000.0,demand,2026-09-05T16:47:02.166139+00:00
a32e701d-462e-4120-a4c2-8931edcb38a3,fUST,0.00013299999999999998,14,5,-20742.61839244,demand,2026-09-05T16:47:02.166139+00:00
a32e701d-462e-4120-a4c2-8931edcb38a3,fUST,0.000128,30,3,-30000.0,demand,2026-09-05T16:47:02.166139+00:00
a32e701d-462e-4120-a4c2-8931edcb38a3,fUST,0.000126599998,13,1,-97780.35811529,demand,2026-09-05T16:47:02.166139+00:00
a32e701d-462e-4120-a4c2-8931edcb38a3,fUST,0.00012508,2,1,453.0,offer,2026-09-05T16:47:02.166139+00:00
a32e701d-462e-4120-a4c2-8931edcb38a3,fUST,0.0001289110068493151,2,3,453.0,offer,2026-09-05T16:47:02.166139+00:00
a32e701d-462e-4120-a4c2-8931edcb38a3,fUST,0.0001328146575342466,2,60,29377.46990533,offer,2026-09-05T16:47:02.166139+00:00
a32e701d-462e-4120-a4c2-8931edcb38a3,fUST,0.0001328246575342466,2,1,17964.68547231,offer,2026-09-05T16:47:02.166139+00:00
a32e701d-462e-4120-a4c2-8931edcb38a3,fUST,0.00013295,2,1,200.0,offer,2026-09-05T16:47:02.166139+00:00
a32e701d-462e-4120-a4c2-8931edcb38a3,fUST,0.00013295890410958903,2,17,141215.11016236,offer,2026-09-05T16:47:02.166139+00:00
a32e701d-462e-4120-a4c2-8931edcb38a3,fUST,0.00013365205479452054,14,1,284.68871504,offer,2026-09-05T16:47:02.166139+00:00
a32e701d-462e-4120-a4c2-8931edcb38a3,fUST,0.00013508,2,1,259.11715305,offer,2026-09-05T16:47:02.166139+00:00
a32e701d-462e-4120-a4c2-8931edcb38a3,fUST,0.0001351728,7,1,224.05494082,offer,2026-09-05T16:47:02.166139+00:00
a32e701d-462e-4120-a4c2-8931edcb38a3,fUST,0.0001352495569560937,2,1,4412.12151993,offer,2026-09-05T16:47:02.166139+00:00
a32e701d-462e-4120-a4c2-8931edcb38a3,fUST,0.00013564,2,16,5100.0,offer,2026-09-05T16:47:02.166139+00:00
a32e701d-462e-4120-a4c2-8931edcb38a3,fUST,0.0001364472,2,1,151.0,offer,2026-09-05T16:47:02.166139+00:00
a32e701d-462e-4120-a4c2-8931edcb38a3,fUST,0.0001369033542,2,1,361.584075,offer,2026-09-05T16:47:02.166139+00:00
a32e701d-462e-4120-a4c2-8931edcb38a3,fUST,0.00013698,2,56,29503.10277132,offer,2026-09-05T16:47:02.166139+00:00
a32e701d-462e-4120-a4c2-8931edcb38a3,fUST,0.00013698,4,1,707.24062196,offer,2026-09-05T16:47:02.166139+00:00
a32e701d-462e-4120-a4c2-8931edcb38a3,fUST,0.000136986301369863,2,16,13481.5773488,offer,2026-09-05T16:47:02.166139+00:00
a32e701d-462e-4120-a4c2-8931edcb38a3,fUST,0.00013699,2,4,720.077624,offer,2026-09-05T16:47:02.166139+00:00
a32e701d-462e-4120-a4c2-8931edcb38a3,fUST,0.0001401792,7,1,224.05494084,offer,2026-09-05T16:47:02.166139+00:00
a32e701d-462e-4120-a4c2-8931edcb38a3,fUST,0.00014056354697432964,2,1,250.0,offer,2026-09-05T16:47:02.166139+00:00
a32e701d-462e-4120-a4c2-8931edcb38a3,fUST,0.00014266636789863013,2,1,361.584075,offer,2026-09-05T16:47:02.166139+00:00
a32e701d-462e-4120-a4c2-8931edcb38a3,fUST,0.00014332500000000003,7,1,244.57472088,offer,2026-09-05T16:47:02.166139+00:00
a32e701d-462e-4120-a4c2-8931edcb38a3,fUST,0.00014742000000000002,7,1,244.57472088,offer,2026-09-05T16:47:02.166139+00:00
a32e701d-462e-4120-a4c2-8931edcb38a3,fUST,0.00014842938159726027,2,1,361.584075,offer,2026-09-05T16:47:02.166139+00:00
a32e701d-462e-4120-a4c2-8931edcb38a3,fUST,0.00014919,2,1,621.58,offer,2026-09-05T16:47:02.166139+00:00
a32e701d-462e-4120-a4c2-8931edcb38a3,fUST,0.0001492,2,1,720.0,offer,2026-09-05T16:47:02.166139+00:00
cec08851-5d19-4765-85d3-46c2e7dcd3dd,fUST,0.0002671232876712329,120,1,-3970530.64442545,demand,2026-09-05T17:47:01.927673+00:00
cec08851-5d19-4765-85d3-46c2e7dcd3dd,fUST,0.000267123287,120,1,-243.95,demand,2026-09-05T17:47:01.927673+00:00
cec08851-5d19-4765-85d3-46c2e7dcd3dd,fUST,0.000249652054,120,1,-1000.0,demand,2026-09-05T17:47:01.927673+00:00
cec08851-5d19-4765-85d3-46c2e7dcd3dd,fUST,0.000249589041,120,1,-1000.0,demand,2026-09-05T17:47:01.927673+00:00
cec08851-5d19-4765-85d3-46c2e7dcd3dd,fUST,0.000247980821,120,1,-56568.59382046,demand,2026-09-05T17:47:01.927673+00:00
cec08851-5d19-4765-85d3-46c2e7dcd3dd,fUST,0.00024309315068493152,120,1,-3267409.3370038,demand,2026-09-05T17:47:01.927673+00:00
cec08851-5d19-4765-85d3-46c2e7dcd3dd,fUST,0.00017,60,18,-99840.0,demand,2026-09-05T17:47:01.927673+00:00
cec08851-5d19-4765-85d3-46c2e7dcd3dd,fUST,0.000165,45,8,-80000.0,demand,2026-09-05T17:47:01.927673+00:00
cec08851-5d19-4765-85d3-46c2e7dcd3dd,fUST,0.00016,60,17,-350330.3840775,demand,2026-09-05T17:47:01.927673+00:00
cec08851-5d19-4765-85d3-46c2e7dcd3dd,fUST,0.000157,30,7,-79846.48331588,demand,2026-09-05T17:47:01.927673+00:00
cec08851-5d19-4765-85d3-46c2e7dcd3dd,fUST,0.000152,60,1,-28000.0,demand,2026-09-05T17:47:01.927673+00:00
cec08851-5d19-4765-85d3-46c2e7dcd3dd,fUST,0.00015,120,1,-300000.0,demand,2026-09-05T17:47:01.927673+00:00
cec08851-5d19-4765-85d3-46c2e7dcd3dd,fUST,0.00015,45,3,-13845.272985,demand,2026-09-05T17:47:01.927673+00:00
cec08851-5d19-4765-85d3-46c2e7dcd3dd,fUST,0.00015,30,6,-28741.96455423,demand,2026-09-05T17:47:01.927673+00:00
cec08851-5d19-4765-85d3-46c2e7dcd3dd,fUST,0.000148,30,4,-20000.0,demand,2026-09-05T17:47:01.927673+00:00
cec08851-5d19-4765-85d3-46c2e7dcd3dd,fUST,0.0001421,45,1,-10000.0,demand,2026-09-05T17:47:01.927673+00:00
cec08851-5d19-4765-85d3-46c2e7dcd3dd,fUST,0.000142,45,2,-20000.0,demand,2026-09-05T17:47:01.927673+00:00
cec08851-5d19-4765-85d3-46c2e7dcd3dd,fUST,0.000142,30,1,-28000.0,demand,2026-09-05T17:47:01.927673+00:00
cec08851-5d19-4765-85d3-46c2e7dcd3dd,fUST,0.0001401,30,11,-147973.68632078,demand,2026-09-05T17:47:01.927673+00:00
cec08851-5d19-4765-85d3-46c2e7dcd3dd,fUST,0.000138,20,6,-49368.52669917,demand,2026-09-05T17:47:01.927673+00:00
cec08851-5d19-4765-85d3-46c2e7dcd3dd,fUST,0.000136,30,3,-19544.22120933,demand,2026-09-05T17:47:01.927673+00:00
cec08851-5d19-4765-85d3-46c2e7dcd3dd,fUST,0.000135,15,5,-45000.0,demand,2026-09-05T17:47:01.927673+00:00
cec08851-5d19-4765-85d3-46c2e7dcd3dd,fUST,0.000133,14,3,-45000.0,demand,2026-09-05T17:47:01.927673+00:00
cec08851-5d19-4765-85d3-46c2e7dcd3dd,fUST,0.00013299999999999998,14,5,-20742.61839244,demand,2026-09-05T17:47:01.927673+00:00
cec08851-5d19-4765-85d3-46c2e7dcd3dd,fUST,0.000128,30,3,-30000.0,demand,2026-09-05T17:47:01.927673+00:00
cec08851-5d19-4765-85d3-46c2e7dcd3dd,fUST,0.00012562000000000003,2,83,40614.05811968,offer,2026-09-05T17:47:01.927673+00:00
cec08851-5d19-4765-85d3-46c2e7dcd3dd,fUST,0.00012563013698630137,2,3,21076.11997036,offer,2026-09-05T17:47:01.927673+00:00
cec08851-5d19-4765-85d3-46c2e7dcd3dd,fUST,0.00012564109589041097,2,16,166957.90068037,offer,2026-09-05T17:47:01.927673+00:00
cec08851-5d19-4765-85d3-46c2e7dcd3dd,fUST,0.00012568,2,2,55298.18138158,offer,2026-09-05T17:47:01.927673+00:00
cec08851-5d19-4765-85d3-46c2e7dcd3dd,fUST,0.0001257068493150685,2,1,500.0,offer,2026-09-05T17:47:01.927673+00:00
cec08851-5d19-4765-85d3-46c2e7dcd3dd,fUST,0.0001271096,2,1,157.69,offer,2026-09-05T17:47:01.927673+00:00
cec08851-5d19-4765-85d3-46c2e7dcd3dd,fUST,0.0001281539178082192,3,1,1060.08917552,offer,2026-09-05T17:47:01.927673+00:00
cec08851-5d19-4765-85d3-46c2e7dcd3dd,fUST,0.00012832,2,16,5100.0,offer,2026-09-05T17:47:01.927673+00:00
cec08851-5d19-4765-85d3-46c2e7dcd3dd,fUST,0.00012844657534246575,2,1,500.0,offer,2026-09-05T17:47:01.927673+00:00
cec08851-5d19-4765-85d3-46c2e7dcd3dd,fUST,0.000131186301369863,2,1,500.0,offer,2026-09-05T17:47:01.927673+00:00
cec08851-5d19-4765-85d3-46c2e7dcd3dd,fUST,0.0001312843,2,2,343.15130298,offer,2026-09-05T17:47:01.927673+00:00
cec08851-5d19-4765-85d3-46c2e7dcd3dd,fUST,0.0001348228584,2,1,245.987332,offer,2026-09-05T17:47:01.927673+00:00
cec08851-5d19-4765-85d3-46c2e7dcd3dd,fUST,0.00013565000000000002,2,1,165.68687476,offer,2026-09-05T17:47:01.927673+00:00
cec08851-5d19-4765-85d3-46c2e7dcd3dd,fUST,0.0001367643,2,1,169.80432589,offer,2026-09-05T17:47:01.927673+00:00
cec08851-5d19-4765-85d3-46c2e7dcd3dd,fUST,0.00013698,2,54,32505.74756665,offer,2026-09-05T17:47:01.927673+00:00
cec08851-5d19-4765-85d3-46c2e7dcd3dd,fUST,0.000136986301369863,2,3,11399.1525458,offer,2026-09-05T17:47:01.927673+00:00
cec08851-5d19-4765-85d3-46c2e7dcd3dd,fUST,0.00013699,2,26,11585.85,offer,2026-09-05T17:47:01.927673+00:00
cec08851-5d19-4765-85d3-46c2e7dcd3dd,fUST,0.00014,2,1,300.0,offer,2026-09-05T17:47:01.927673+00:00
cec08851-5d19-4765-85d3-46c2e7dcd3dd,fUST,0.00014049820086575341,2,1,245.987332,offer,2026-09-05T17:47:01.927673+00:00
cec08851-5d19-4765-85d3-46c2e7dcd3dd,fUST,0.00014112,2,1,613.31,offer,2026-09-05T17:47:01.927673+00:00
cec08851-5d19-4765-85d3-46c2e7dcd3dd,fUST,0.00014115,2,1,720.0,offer,2026-09-05T17:47:01.927673+00:00
cec08851-5d19-4765-85d3-46c2e7dcd3dd,fUST,0.0001422443,2,1,169.80432589,offer,2026-09-05T17:47:01.927673+00:00
cec08851-5d19-4765-85d3-46c2e7dcd3dd,fUST,0.000143,2,1,151.0,offer,2026-09-05T17:47:01.927673+00:00
cec08851-5d19-4765-85d3-46c2e7dcd3dd,fUST,0.00014427397263,2,3,974.7503974,offer,2026-09-05T17:47:01.927673+00:00
cec08851-5d19-4765-85d3-46c2e7dcd3dd,fUST,0.000145,2,2,302.0,offer,2026-09-05T17:47:01.927673+00:00
4e6f2748-384c-441f-a5cb-74992300b980,fUST,0.0002671232876712329,120,1,-3969147.00442545,demand,2026-09-05T18:47:02.274851+00:00
4e6f2748-384c-441f-a5cb-74992300b980,fUST,0.000267123287,120,1,-243.95,demand,2026-09-05T18:47:02.274851+00:00
4e6f2748-384c-441f-a5cb-74992300b980,fUST,0.000249652054,120,1,-1000.0,demand,2026-09-05T18:47:02.274851+00:00
4e6f2748-384c-441f-a5cb-74992300b980,fUST,0.000249589041,120,1,-1000.0,demand,2026-09-05T18:47:02.274851+00:00
4e6f2748-384c-441f-a5cb-74992300b980,fUST,0.000247980821,120,1,-56568.59382046,demand,2026-09-05T18:47:02.274851+00:00
4e6f2748-384c-441f-a5cb-74992300b980,fUST,0.00024233972602739727,120,1,-3267409.3370038,demand,2026-09-05T18:47:02.274851+00:00
4e6f2748-384c-441f-a5cb-74992300b980,fUST,0.00017,60,18,-99840.0,demand,2026-09-05T18:47:02.274851+00:00
4e6f2748-384c-441f-a5cb-74992300b980,fUST,0.000165,45,8,-80000.0,demand,2026-09-05T18:47:02.274851+00:00
4e6f2748-384c-441f-a5cb-74992300b980,fUST,0.00016,60,17,-350330.3840775,demand,2026-09-05T18:47:02.274851+00:00
4e6f2748-384c-441f-a5cb-74992300b980,fUST,0.000157,30,7,-79846.48331588,demand,2026-09-05T18:47:02.274851+00:00
4e6f2748-384c-441f-a5cb-74992300b980,fUST,0.000152,60,1,-28000.0,demand,2026-09-05T18:47:02.274851+00:00
4e6f2748-384c-441f-a5cb-74992300b980,fUST,0.00015,120,1,-300000.0,demand,2026-09-05T18:47:02.274851+00:00
4e6f2748-384c-441f-a5cb-74992300b980,fUST,0.00015,45,3,-13845.272985,demand,2026-09-05T18:47:02.274851+00:00
4e6f2748-384c-441f-a5cb-74992300b980,fUST,0.00015,30,6,-28741.96455423,demand,2026-09-05T18:47:02.274851+00:00
4e6f2748-384c-441f-a5cb-74992300b980,fUST,0.000148,30,4,-20000.0,demand,2026-09-05T18:47:02.274851+00:00
4e6f2748-384c-441f-a5cb-74992300b980,fUST,0.0001421,45,1,-10000.0,demand,2026-09-05T18:47:02.274851+00:00
4e6f2748-384c-441f-a5cb-74992300b980,fUST,0.000142,45,2,-20000.0,demand,2026-09-05T18:47:02.274851+00:00
4e6f2748-384c-441f-a5cb-74992300b980,fUST,0.000142,30,1,-28000.0,demand,2026-09-05T18:47:02.274851+00:00
4e6f2748-384c-441f-a5cb-74992300b980,fUST,0.0001401,30,11,-147973.68632078,demand,2026-09-05T18:47:02.274851+00:00
4e6f2748-384c-441f-a5cb-74992300b980,fUST,0.000138,20,6,-49368.52669917,demand,2026-09-05T18:47:02.274851+00:00
4e6f2748-384c-441f-a5cb-74992300b980,fUST,0.000136,30,3,-19544.22120933,demand,2026-09-05T18:47:02.274851+00:00
4e6f2748-384c-441f-a5cb-74992300b980,fUST,0.000135,15,5,-45000.0,demand,2026-09-05T18:47:02.274851+00:00
4e6f2748-384c-441f-a5cb-74992300b980,fUST,0.000133,14,3,-43671.27306584,demand,2026-09-05T18:47:02.274851+00:00
4e6f2748-384c-441f-a5cb-74992300b980,fUST,0.00013299999999999998,14,5,-20742.61839244,demand,2026-09-05T18:47:02.274851+00:00
4e6f2748-384c-441f-a5cb-74992300b980,fUST,0.000128,30,3,-30000.0,demand,2026-09-05T18:47:02.274851+00:00
4e6f2748-384c-441f-a5cb-74992300b980,fUST,0.00012532000000000014,2,13,6331.79905031,offer,2026-09-05T18:47:02.274851+00:00
4e6f2748-384c-441f-a5cb-74992300b980,fUST,0.00012789,2,2,625.87754738,offer,2026-09-05T18:47:02.274851+00:00
4e6f2748-384c-441f-a5cb-74992300b980,fUST,0.0001279,2,16,5100.0,offer,2026-09-05T18:47:02.274851+00:00
4e6f2748-384c-441f-a5cb-74992300b980,fUST,0.0001372675,2,1,185.49194,offer,2026-09-05T18:47:02.274851+00:00
4e6f2748-384c-441f-a5cb-74992300b980,fUST,0.00014069,2,1,720.0,offer,2026-09-05T18:47:02.274851+00:00
4e6f2748-384c-441f-a5cb-74992300b980,fUST,0.00014849,2,1,257.23,offer,2026-09-05T18:47:02.274851+00:00
4e6f2748-384c-441f-a5cb-74992300b980,fUST,0.00014989990606,2,19,3766.15465771,offer,2026-09-05T18:47:02.274851+00:00
4e6f2748-384c-441f-a5cb-74992300b980,fUST,0.00014999,2,14,131245.7800894,offer,2026-09-05T18:47:02.274851+00:00
4e6f2748-384c-441f-a5cb-74992300b980,fUST,0.00015068493150684933,2,1,217.896256,offer,2026-09-05T18:47:02.274851+00:00
4e6f2748-384c-441f-a5cb-74992300b980,fUST,0.00015263990606,2,1,160.14252168,offer,2026-09-05T18:47:02.274851+00:00
4e6f2748-384c-441f-a5cb-74992300b980,fUST,0.00015476,2,1,864.0,offer,2026-09-05T18:47:02.274851+00:00
4e6f2748-384c-441f-a5cb-74992300b980,fUST,0.00015537990606,2,1,159.33913345,offer,2026-09-05T18:47:02.274851+00:00
4e6f2748-384c-441f-a5cb-74992300b980,fUST,0.00016085990606000002,2,1,159.33913345,offer,2026-09-05T18:47:02.274851+00:00
4e6f2748-384c-441f-a5cb-74992300b980,fUST,0.000166289,2,2,639.0,offer,2026-09-05T18:47:02.274851+00:00
4e6f2748-384c-441f-a5cb-74992300b980,fUST,0.00016633990606000003,2,1,159.33913345,offer,2026-09-05T18:47:02.274851+00:00
4e6f2748-384c-441f-a5cb-74992300b980,fUST,0.00016712,2,1,207.139,offer,2026-09-05T18:47:02.274851+00:00
4e6f2748-384c-441f-a5cb-74992300b980,fUST,0.00017,2,1,2148.90865949,offer,2026-09-05T18:47:02.274851+00:00
4e6f2748-384c-441f-a5cb-74992300b980,fUST,0.00017023,2,1,1000.0,offer,2026-09-05T18:47:02.274851+00:00
4e6f2748-384c-441f-a5cb-74992300b980,fUST,0.0001705660308219178,2,7,3447.02633496,offer,2026-09-05T18:47:02.274851+00:00
4e6f2748-384c-441f-a5cb-74992300b980,fUST,0.00017181990606,2,1,159.33913345,offer,2026-09-05T18:47:02.274851+00:00
4e6f2748-384c-441f-a5cb-74992300b980,fUST,0.00017729990606000002,2,1,159.33913345,offer,2026-09-05T18:47:02.274851+00:00
4e6f2748-384c-441f-a5cb-74992300b980,fUST,0.0001779,2,1,332.802,offer,2026-09-05T18:47:02.274851+00:00
4e6f2748-384c-441f-a5cb-74992300b980,fUST,0.00017845746575342468,2,3,1024.69150391,offer,2026-09-05T18:47:02.274851+00:00
4e6f2748-384c-441f-a5cb-74992300b980,fUST,0.00017875544520547945,2,11,2987.3486475,offer,2026-09-05T18:47:02.274851+00:00
4e6f2748-384c-441f-a5cb-74992300b980,fUST,0.00017883,2,2,3582.77,offer,2026-09-05T18:47:02.274851+00:00
d8c1fd00-ff52-4835-ac2c-31e8be3f559e,fUST,0.0002671232876712329,120,1,-3665010.36265345,demand,2026-09-05T19:47:01.971284+00:00
d8c1fd00-ff52-4835-ac2c-31e8be3f559e,fUST,0.000267123287,120,1,-243.95,demand,2026-09-05T19:47:01.971284+00:00
d8c1fd00-ff52-4835-ac2c-31e8be3f559e,fUST,0.000249652054,120,1,-1000.0,demand,2026-09-05T19:47:01.971284+00:00
d8c1fd00-ff52-4835-ac2c-31e8be3f559e,fUST,0.000249589041,120,1,-1000.0,demand,2026-09-05T19:47:01.971284+00:00
d8c1fd00-ff52-4835-ac2c-31e8be3f559e,fUST,0.000247980821,120,1,-56568.59382046,demand,2026-09-05T19:47:01.971284+00:00
d8c1fd00-ff52-4835-ac2c-31e8be3f559e,fUST,0.00024264657534246576,120,1,-3267230.13986694,demand,2026-09-05T19:47:01.971284+00:00
d8c1fd00-ff52-4835-ac2c-31e8be3f559e,fUST,0.00017,60,18,-99840.0,demand,2026-09-05T19:47:01.971284+00:00
d8c1fd00-ff52-4835-ac2c-31e8be3f559e,fUST,0.000165,45,8,-80000.0,demand,2026-09-05T19:47:01.971284+00:00
d8c1fd00-ff52-4835-ac2c-31e8be3f559e,fUST,0.00016,60,17,-350330.3840775,demand,2026-09-05T19:47:01.971284+00:00
d8c1fd00-ff52-4835-ac2c-31e8be3f559e,fUST,0.000157,30,7,-79846.48331588,demand,2026-09-05T19:47:01.971284+00:00
d8c1fd00-ff52-4835-ac2c-31e8be3f559e,fUST,0.000152,60,1,-28000.0,demand,2026-09-05T19:47:01.971284+00:00
d8c1fd00-ff52-4835-ac2c-31e8be3f559e,fUST,0.00015,120,1,-300000.0,demand,2026-09-05T19:47:01.971284+00:00
d8c1fd00-ff52-4835-ac2c-31e8be3f559e,fUST,0.00015,45,3,-13845.272985,demand,2026-09-05T19:47:01.971284+00:00
d8c1fd00-ff52-4835-ac2c-31e8be3f559e,fUST,0.00015,30,6,-28741.96455423,demand,2026-09-05T19:47:01.971284+00:00
d8c1fd00-ff52-4835-ac2c-31e8be3f559e,fUST,0.000148,30,4,-20000.0,demand,2026-09-05T19:47:01.971284+00:00
d8c1fd00-ff52-4835-ac2c-31e8be3f559e,fUST,0.0001421,45,1,-10000.0,demand,2026-09-05T19:47:01.971284+00:00
d8c1fd00-ff52-4835-ac2c-31e8be3f559e,fUST,0.000142,45,2,-20000.0,demand,2026-09-05T19:47:01.971284+00:00
d8c1fd00-ff52-4835-ac2c-31e8be3f559e,fUST,0.000142,30,1,-28000.0,demand,2026-09-05T19:47:01.971284+00:00
d8c1fd00-ff52-4835-ac2c-31e8be3f559e,fUST,0.0001401,30,11,-147973.68632078,demand,2026-09-05T19:47:01.971284+00:00
d8c1fd00-ff52-4835-ac2c-31e8be3f559e,fUST,0.000138,20,6,-49368.52669917,demand,2026-09-05T19:47:01.971284+00:00
d8c1fd00-ff52-4835-ac2c-31e8be3f559e,fUST,0.000136,30,3,-19544.22120933,demand,2026-09-05T19:47:01.971284+00:00
d8c1fd00-ff52-4835-ac2c-31e8be3f559e,fUST,0.000135,15,5,-45000.0,demand,2026-09-05T19:47:01.971284+00:00
d8c1fd00-ff52-4835-ac2c-31e8be3f559e,fUST,0.000133,14,3,-43671.27306584,demand,2026-09-05T19:47:01.971284+00:00
d8c1fd00-ff52-4835-ac2c-31e8be3f559e,fUST,0.00013299999999999998,14,5,-20742.61839244,demand,2026-09-05T19:47:01.971284+00:00
d8c1fd00-ff52-4835-ac2c-31e8be3f559e,fUST,0.000128,30,3,-30000.0,demand,2026-09-05T19:47:01.971284+00:00
d8c1fd00-ff52-4835-ac2c-31e8be3f559e,fUST,0.00012512,2,1,919.15895031,offer,2026-09-05T19:47:01.971284+00:00
d8c1fd00-ff52-4835-ac2c-31e8be3f559e,fUST,0.00012638,2,1,1349.48,offer,2026-09-05T19:47:01.971284+00:00
d8c1fd00-ff52-4835-ac2c-31e8be3f559e,fUST,0.00013022,2,67,32898.78664125,offer,2026-09-05T19:47:01.971284+00:00
d8c1fd00-ff52-4835-ac2c-31e8be3f559e,fUST,0.00013023,2,2,815.51638367,offer,2026-09-05T19:47:01.971284+00:00
d8c1fd00-ff52-4835-ac2c-31e8be3f559e,fUST,0.00013023013698630138,2,11,219687.61057993,offer,2026-09-05T19:47:01.971284+00:00
d8c1fd00-ff52-4835-ac2c-31e8be3f559e,fUST,0.00013024,2,5,1270.36033696,offer,2026-09-05T19:47:01.971284+00:00
d8c1fd00-ff52-4835-ac2c-31e8be3f559e,fUST,0.00013024109589041097,2,11,145768.63199813,offer,2026-09-05T19:47:01.971284+00:00
d8c1fd00-ff52-4835-ac2c-31e8be3f559e,fUST,0.00013157,2,1,1349.48,offer,2026-09-05T19:47:01.971284+00:00
d8c1fd00-ff52-4835-ac2c-31e8be3f559e,fUST,0.0001315708,2,2,302.0,offer,2026-09-05T19:47:01.971284+00:00
d8c1fd00-ff52-4835-ac2c-31e8be3f559e,fUST,0.0001328346,3,2,815.51638367,offer,2026-09-05T19:47:01.971284+00:00
d8c1fd00-ff52-4835-ac2c-31e8be3f559e,fUST,0.0001328448,3,1,408.6789874,offer,2026-09-05T19:47:01.971284+00:00
d8c1fd00-ff52-4835-ac2c-31e8be3f559e,fUST,0.000135491292,4,1,407.86647597,offer,2026-09-05T19:47:01.971284+00:00
d8c1fd00-ff52-4835-ac2c-31e8be3f559e,fUST,0.00013564109589041097,2,1,2335.78920742,offer,2026-09-05T19:47:01.971284+00:00
d8c1fd00-ff52-4835-ac2c-31e8be3f559e,fUST,0.00013698,2,10,6931.00759041,offer,2026-09-05T19:47:01.971284+00:00
d8c1fd00-ff52-4835-ac2c-31e8be3f559e,fUST,0.000136986301369863,2,2,641.432459,offer,2026-09-05T19:47:01.971284+00:00
d8c1fd00-ff52-4835-ac2c-31e8be3f559e,fUST,0.00013699,2,1,251.953575,offer,2026-09-05T19:47:01.971284+00:00
d8c1fd00-ff52-4835-ac2c-31e8be3f559e,fUST,0.00013702,2,1,321.36,offer,2026-09-05T19:47:01.971284+00:00
d8c1fd00-ff52-4835-ac2c-31e8be3f559e,fUST,0.00013766,2,1,178.91607726,offer,2026-09-05T19:47:01.971284+00:00
d8c1fd00-ff52-4835-ac2c-31e8be3f559e,fUST,0.00013820111784,5,1,407.86647597,offer,2026-09-05T19:47:01.971284+00:00
d8c1fd00-ff52-4835-ac2c-31e8be3f559e,fUST,0.0001397964,2,3,453.0,offer,2026-09-05T19:47:01.971284+00:00
d8c1fd00-ff52-4835-ac2c-31e8be3f559e,fUST,0.00014115,2,15,11292.17991274,offer,2026-09-05T19:47:01.971284+00:00
d8c1fd00-ff52-4835-ac2c-31e8be3f559e,fUST,0.00014115,5,1,407.86647597,offer,2026-09-05T19:47:01.971284+00:00
d8c1fd00-ff52-4835-ac2c-31e8be3f559e,fUST,0.00014116,2,73,33166.13608341,offer,2026-09-05T19:47:01.971284+00:00
d8c1fd00-ff52-4835-ac2c-31e8be3f559e,fUST,0.0001411965,2,1,392.6164969,offer,2026-09-05T19:47:01.971284+00:00
d8c1fd00-ff52-4835-ac2c-31e8be3f559e,fUST,0.00014397,2,1,600.0,offer,2026-09-05T19:47:01.971284+00:00
111f1e97-8aa3-499f-8a00-38fd7b318545,fUST,0.0002671232876712329,120,1,-3665010.36265345,demand,2026-09-05T20:47:02.096152+00:00
111f1e97-8aa3-499f-8a00-38fd7b318545,fUST,0.000267123287,120,1,-243.95,demand,2026-09-05T20:47:02.096152+00:00
111f1e97-8aa3-499f-8a00-38fd7b318545,fUST,0.000249652054,120,1,-1000.0,demand,2026-09-05T20:47:02.096152+00:00
111f1e97-8aa3-499f-8a00-38fd7b318545,fUST,0.000249589041,120,1,-1000.0,demand,2026-09-05T20:47:02.096152+00:00
111f1e97-8aa3-499f-8a00-38fd7b318545,fUST,0.000247980821,120,1,-56568.59382046,demand,2026-09-05T20:47:02.096152+00:00
111f1e97-8aa3-499f-8a00-38fd7b318545,fUST,0.00024236164383561643,120,1,-3267230.13986694,demand,2026-09-05T20:47:02.096152+00:00
111f1e97-8aa3-499f-8a00-38fd7b318545,fUST,0.00017,60,18,-99840.0,demand,2026-09-05T20:47:02.096152+00:00
111f1e97-8aa3-499f-8a00-38fd7b318545,fUST,0.000165,45,8,-80000.0,demand,2026-09-05T20:47:02.096152+00:00
111f1e97-8aa3-499f-8a00-38fd7b318545,fUST,0.00016,60,17,-350330.3840775,demand,2026-09-05T20:47:02.096152+00:00
111f1e97-8aa3-499f-8a00-38fd7b318545,fUST,0.000157,30,7,-79846.48331588,demand,2026-09-05T20:47:02.096152+00:00
111f1e97-8aa3-499f-8a00-38fd7b318545,fUST,0.000152,60,1,-28000.0,demand,2026-09-05T20:47:02.096152+00:00
111f1e97-8aa3-499f-8a00-38fd7b318545,fUST,0.00015,120,1,-300000.0,demand,2026-09-05T20:47:02.096152+00:00
111f1e97-8aa3-499f-8a00-38fd7b318545,fUST,0.00015,45,3,-13845.272985,demand,2026-09-05T20:47:02.096152+00:00
111f1e97-8aa3-499f-8a00-38fd7b318545,fUST,0.00015,30,6,-28741.96455423,demand,2026-09-05T20:47:02.096152+00:00
111f1e97-8aa3-499f-8a00-38fd7b318545,fUST,0.000148,30,4,-20000.0,demand,2026-09-05T20:47:02.096152+00:00
111f1e97-8aa3-499f-8a00-38fd7b318545,fUST,0.0001421,45,1,-10000.0,demand,2026-09-05T20:47:02.096152+00:00
111f1e97-8aa3-499f-8a00-38fd7b318545,fUST,0.000142,45,2,-20000.0,demand,2026-09-05T20:47:02.096152+00:00
111f1e97-8aa3-499f-8a00-38fd7b318545,fUST,0.000142,30,1,-28000.0,demand,2026-09-05T20:47:02.096152+00:00
111f1e97-8aa3-499f-8a00-38fd7b318545,fUST,0.0001401,30,11,-147973.68632078,demand,2026-09-05T20:47:02.096152+00:00
111f1e97-8aa3-499f-8a00-38fd7b318545,fUST,0.000138,20,6,-49368.52669917,demand,2026-09-05T20:47:02.096152+00:00
111f1e97-8aa3-499f-8a00-38fd7b318545,fUST,0.000136,30,3,-19544.22120933,demand,2026-09-05T20:47:02.096152+00:00
111f1e97-8aa3-499f-8a00-38fd7b318545,fUST,0.000135,15,5,-45000.0,demand,2026-09-05T20:47:02.096152+00:00
111f1e97-8aa3-499f-8a00-38fd7b318545,fUST,0.000133,14,3,-43671.27306584,demand,2026-09-05T20:47:02.096152+00:00
111f1e97-8aa3-499f-8a00-38fd7b318545,fUST,0.00013299999999999998,14,5,-20742.61839244,demand,2026-09-05T20:47:02.096152+00:00
111f1e97-8aa3-499f-8a00-38fd7b318545,fUST,0.000128,30,3,-30000.0,demand,2026-09-05T20:47:02.096152+00:00
111f1e97-8aa3-499f-8a00-38fd7b318545,fUST,0.00013024,2,1,151.0,offer,2026-09-05T20:47:02.096152+00:00
111f1e97-8aa3-499f-8a00-38fd7b318545,fUST,0.00013423689447,2,1,151.0,offer,2026-09-05T20:47:02.096152+00:00
111f1e97-8aa3-499f-8a00-38fd7b318545,fUST,0.0001380072,2,1,308.315684,offer,2026-09-05T20:47:02.096152+00:00
111f1e97-8aa3-499f-8a00-38fd7b318545,fUST,0.000138388551,2,1,250.0,offer,2026-09-05T20:47:02.096152+00:00
111f1e97-8aa3-499f-8a00-38fd7b318545,fUST,0.00013896120000000001,2,74,35804.24973371,offer,2026-09-05T20:47:02.096152+00:00
111f1e97-8aa3-499f-8a00-38fd7b318545,fUST,0.0001389812,2,1,13632.7092564,offer,2026-09-05T20:47:02.096152+00:00
111f1e97-8aa3-499f-8a00-38fd7b318545,fUST,0.00014156,2,1,184.45007472,offer,2026-09-05T20:47:02.096152+00:00
111f1e97-8aa3-499f-8a00-38fd7b318545,fUST,0.00014175,2,16,17273.71775588,offer,2026-09-05T20:47:02.096152+00:00
111f1e97-8aa3-499f-8a00-38fd7b318545,fUST,0.00014457,2,1,600.0,offer,2026-09-05T20:47:02.096152+00:00
111f1e97-8aa3-499f-8a00-38fd7b318545,fUST,0.0001449356,2,1,1013.6073668,offer,2026-09-05T20:47:02.096152+00:00
111f1e97-8aa3-499f-8a00-38fd7b318545,fUST,0.0001482921,2,1,551.4133,offer,2026-09-05T20:47:02.096152+00:00
111f1e97-8aa3-499f-8a00-38fd7b318545,fUST,0.00014904105,2,1,330.848,offer,2026-09-05T20:47:02.096152+00:00
111f1e97-8aa3-499f-8a00-38fd7b318545,fUST,0.00014975,2,11,135949.60000098,offer,2026-09-05T20:47:02.096152+00:00
111f1e97-8aa3-499f-8a00-38fd7b318545,fUST,0.00015068493150684933,2,1,193.835166,offer,2026-09-05T20:47:02.096152+00:00
111f1e97-8aa3-499f-8a00-38fd7b318545,fUST,0.00015129,2,1,553.72125104,offer,2026-09-05T20:47:02.096152+00:00
111f1e97-8aa3-499f-8a00-38fd7b318545,fUST,0.00015130310000000002,7,1,236.79257677,offer,2026-09-05T20:47:02.096152+00:00
111f1e97-8aa3-499f-8a00-38fd7b318545,fUST,0.00015474,2,1,500.0,offer,2026-09-05T20:47:02.096152+00:00
111f1e97-8aa3-499f-8a00-38fd7b318545,fUST,0.0001555767837,2,1,169.359879,offer,2026-09-05T20:47:02.096152+00:00
111f1e97-8aa3-499f-8a00-38fd7b318545,fUST,0.00015839777499999997,2,1,500.0,offer,2026-09-05T20:47:02.096152+00:00
111f1e97-8aa3-499f-8a00-38fd7b318545,fUST,0.00015903,2,1,720.0,offer,2026-09-05T20:47:02.096152+00:00
111f1e97-8aa3-499f-8a00-38fd7b318545,fUST,0.00016340734800000004,7,1,355.18886514,offer,2026-09-05T20:47:02.096152+00:00
111f1e97-8aa3-499f-8a00-38fd7b318545,fUST,0.0001635,2,1,500.0,offer,2026-09-05T20:47:02.096152+00:00
111f1e97-8aa3-499f-8a00-38fd7b318545,fUST,0.00016351,2,1,500.0,offer,2026-09-05T20:47:02.096152+00:00
111f1e97-8aa3-499f-8a00-38fd7b318545,fUST,0.000163763085069863,2,1,169.359879,offer,2026-09-05T20:47:02.096152+00:00
111f1e97-8aa3-499f-8a00-38fd7b318545,fUST,0.0001703014006849315,2,2,371.16665344,offer,2026-09-05T20:47:02.096152+00:00
484d6ede-08ad-4c26-a86c-6963b8fdd010,fUST,0.0002671232876712329,120,1,-3665010.36265345,demand,2026-09-05T21:47:02.239916+00:00
484d6ede-08ad-4c26-a86c-6963b8fdd010,fUST,0.000267123287,120,1,-243.95,demand,2026-09-05T21:47:02.239916+00:00
484d6ede-08ad-4c26-a86c-6963b8fdd010,fUST,0.000249652054,120,1,-1000.0,demand,2026-09-05T21:47:02.239916+00:00
484d6ede-08ad-4c26-a86c-6963b8fdd010,fUST,0.000249589041,120,1,-1000.0,demand,2026-09-05T21:47:02.239916+00:00
484d6ede-08ad-4c26-a86c-6963b8fdd010,fUST,0.000247980821,120,1,-56568.59382046,demand,2026-09-05T21:47:02.239916+00:00
484d6ede-08ad-4c26-a86c-6963b8fdd010,fUST,0.00024232602739726028,120,1,-3267230.13986694,demand,2026-09-05T21:47:02.239916+00:00
484d6ede-08ad-4c26-a86c-6963b8fdd010,fUST,0.00017,60,18,-99840.0,demand,2026-09-05T21:47:02.239916+00:00
484d6ede-08ad-4c26-a86c-6963b8fdd010,fUST,0.000165,45,8,-80000.0,demand,2026-09-05T21:47:02.239916+00:00
484d6ede-08ad-4c26-a86c-6963b8fdd010,fUST,0.00016,60,17,-350330.3840775,demand,2026-09-05T21:47:02.239916+00:00
484d6ede-08ad-4c26-a86c-6963b8fdd010,fUST,0.000157,30,7,-79846.48331588,demand,2026-09-05T21:47:02.239916+00:00
484d6ede-08ad-4c26-a86c-6963b8fdd010,fUST,0.000152,60,1,-28000.0,demand,2026-09-05T21:47:02.239916+00:00
484d6ede-08ad-4c26-a86c-6963b8fdd010,fUST,0.00015,120,1,-300000.0,demand,2026-09-05T21:47:02.239916+00:00
484d6ede-08ad-4c26-a86c-6963b8fdd010,fUST,0.00015,45,3,-13845.272985,demand,2026-09-05T21:47:02.239916+00:00
484d6ede-08ad-4c26-a86c-6963b8fdd010,fUST,0.00015,30,6,-28741.96455423,demand,2026-09-05T21:47:02.239916+00:00
484d6ede-08ad-4c26-a86c-6963b8fdd010,fUST,0.000148,30,4,-20000.0,demand,2026-09-05T21:47:02.239916+00:00
484d6ede-08ad-4c26-a86c-6963b8fdd010,fUST,0.0001421,45,1,-10000.0,demand,2026-09-05T21:47:02.239916+00:00
484d6ede-08ad-4c26-a86c-6963b8fdd010,fUST,0.000142,45,2,-20000.0,demand,2026-09-05T21:47:02.239916+00:00
484d6ede-08ad-4c26-a86c-6963b8fdd010,fUST,0.000142,30,1,-28000.0,demand,2026-09-05T21:47:02.239916+00:00
484d6ede-08ad-4c26-a86c-6963b8fdd010,fUST,0.0001401,30,11,-147973.68632078,demand,2026-09-05T21:47:02.239916+00:00
484d6ede-08ad-4c26-a86c-6963b8fdd010,fUST,0.000138,20,6,-49368.52669917,demand,2026-09-05T21:47:02.239916+00:00
484d6ede-08ad-4c26-a86c-6963b8fdd010,fUST,0.000136,30,3,-19544.22120933,demand,2026-09-05T21:47:02.239916+00:00
484d6ede-08ad-4c26-a86c-6963b8fdd010,fUST,0.000135,15,5,-45000.0,demand,2026-09-05T21:47:02.239916+00:00
484d6ede-08ad-4c26-a86c-6963b8fdd010,fUST,0.000133,14,3,-43671.27306584,demand,2026-09-05T21:47:02.239916+00:00
484d6ede-08ad-4c26-a86c-6963b8fdd010,fUST,0.00013299999999999998,14,5,-20742.61839244,demand,2026-09-05T21:47:02.239916+00:00
484d6ede-08ad-4c26-a86c-6963b8fdd010,fUST,0.000128,30,3,-30000.0,demand,2026-09-05T21:47:02.239916+00:00
484d6ede-08ad-4c26-a86c-6963b8fdd010,fUST,0.00012684,7,1,236.79257677,offer,2026-09-05T21:47:02.239916+00:00
484d6ede-08ad-4c26-a86c-6963b8fdd010,fUST,0.00012809,2,1,1783.15039995,offer,2026-09-05T21:47:02.239916+00:00
484d6ede-08ad-4c26-a86c-6963b8fdd010,fUST,0.0001306876712328767,2,1,42000.92579948,offer,2026-09-05T21:47:02.239916+00:00
484d6ede-08ad-4c26-a86c-6963b8fdd010,fUST,0.0001306886301369863,2,61,119706.68740188,offer,2026-09-05T21:47:02.239916+00:00
484d6ede-08ad-4c26-a86c-6963b8fdd010,fUST,0.0001306986301369863,2,9,108277.68452642,offer,2026-09-05T21:47:02.239916+00:00
484d6ede-08ad-4c26-a86c-6963b8fdd010,fUST,0.0001307095890410959,2,2,39462.62142616,offer,2026-09-05T21:47:02.239916+00:00
484d6ede-08ad-4c26-a86c-6963b8fdd010,fUST,0.00013293777,7,1,439.52864318,offer,2026-09-05T21:47:02.239916+00:00
484d6ede-08ad-4c26-a86c-6963b8fdd010,fUST,0.00013334,2,15,4500.0,offer,2026-09-05T21:47:02.239916+00:00
484d6ede-08ad-4c26-a86c-6963b8fdd010,fUST,0.0001349869158,2,1,169.359879,offer,2026-09-05T21:47:02.239916+00:00
484d6ede-08ad-4c26-a86c-6963b8fdd010,fUST,0.000136,2,1,600.0,offer,2026-09-05T21:47:02.239916+00:00
484d6ede-08ad-4c26-a86c-6963b8fdd010,fUST,0.000136735992,7,2,794.71750832,offer,2026-09-05T21:47:02.239916+00:00
484d6ede-08ad-4c26-a86c-6963b8fdd010,fUST,0.00013698,2,2,614.58363657,offer,2026-09-05T21:47:02.239916+00:00
484d6ede-08ad-4c26-a86c-6963b8fdd010,fUST,0.000136986301369863,2,2,522.6860788,offer,2026-09-05T21:47:02.239916+00:00
484d6ede-08ad-4c26-a86c-6963b8fdd010,fUST,0.00013897,2,8,4217.24766696,offer,2026-09-05T21:47:02.239916+00:00
484d6ede-08ad-4c26-a86c-6963b8fdd010,fUST,0.00013898,2,1,159.54486464,offer,2026-09-05T21:47:02.239916+00:00
484d6ede-08ad-4c26-a86c-6963b8fdd010,fUST,0.0001389812,2,1,281.99309376,offer,2026-09-05T21:47:02.239916+00:00
484d6ede-08ad-4c26-a86c-6963b8fdd010,fUST,0.000141800288,7,1,439.5286432,offer,2026-09-05T21:47:02.239916+00:00
484d6ede-08ad-4c26-a86c-6963b8fdd010,fUST,0.00014445760073150685,2,1,169.359879,offer,2026-09-05T21:47:02.239916+00:00
484d6ede-08ad-4c26-a86c-6963b8fdd010,fUST,0.0001482921,2,1,551.4133,offer,2026-09-05T21:47:02.239916+00:00
484d6ede-08ad-4c26-a86c-6963b8fdd010,fUST,0.00014904105,2,1,330.848,offer,2026-09-05T21:47:02.239916+00:00
484d6ede-08ad-4c26-a86c-6963b8fdd010,fUST,0.0001496,2,1,720.0,offer,2026-09-05T21:47:02.239916+00:00
484d6ede-08ad-4c26-a86c-6963b8fdd010,fUST,0.00015,2,1,200.62428026,offer,2026-09-05T21:47:02.239916+00:00
484d6ede-08ad-4c26-a86c-6963b8fdd010,fUST,0.00015068493150684933,2,1,184.521166,offer,2026-09-05T21:47:02.239916+00:00
484d6ede-08ad-4c26-a86c-6963b8fdd010,fUST,0.0001539282856630137,2,1,169.359879,offer,2026-09-05T21:47:02.239916+00:00
484d6ede-08ad-4c26-a86c-6963b8fdd010,fUST,0.00015839777499999997,2,1,500.0,offer,2026-09-05T21:47:02.239916+00:00
4edddf96-c83d-4b8b-9926-14658e487bb9,fUST,0.0002671232876712329,120,1,-3665010.36265345,demand,2026-09-05T22:47:01.974483+00:00
4edddf96-c83d-4b8b-9926-14658e487bb9,fUST,0.000267123287,120,1,-243.95,demand,2026-09-05T22:47:01.974483+00:00
4edddf96-c83d-4b8b-9926-14658e487bb9,fUST,0.000249652054,120,1,-1000.0,demand,2026-09-05T22:47:01.974483+00:00
4edddf96-c83d-4b8b-9926-14658e487bb9,fUST,0.000249589041,120,1,-1000.0,demand,2026-09-05T22:47:01.974483+00:00
4edddf96-c83d-4b8b-9926-14658e487bb9,fUST,0.000247980821,120,1,-56568.59382046,demand,2026-09-05T22:47:01.974483+00:00
4edddf96-c83d-4b8b-9926-14658e487bb9,fUST,0.0002422876712328767,120,1,-3267230.13986694,demand,2026-09-05T22:47:01.974483+00:00
4edddf96-c83d-4b8b-9926-14658e487bb9,fUST,0.00017,60,18,-99840.0,demand,2026-09-05T22:47:01.974483+00:00
4edddf96-c83d-4b8b-9926-14658e487bb9,fUST,0.000165,45,8,-80000.0,demand,2026-09-05T22:47:01.974483+00:00
4edddf96-c83d-4b8b-9926-14658e487bb9,fUST,0.00016,60,17,-350330.3840775,demand,2026-09-05T22:47:01.974483+00:00
4edddf96-c83d-4b8b-9926-14658e487bb9,fUST,0.000157,30,7,-79846.48331588,demand,2026-09-05T22:47:01.974483+00:00
4edddf96-c83d-4b8b-9926-14658e487bb9,fUST,0.000152,60,1,-28000.0,demand,2026-09-05T22:47:01.974483+00:00
4edddf96-c83d-4b8b-9926-14658e487bb9,fUST,0.00015,120,1,-300000.0,demand,2026-09-05T22:47:01.974483+00:00
4edddf96-c83d-4b8b-9926-14658e487bb9,fUST,0.00015,45,3,-13845.272985,demand,2026-09-05T22:47:01.974483+00:00
4edddf96-c83d-4b8b-9926-14658e487bb9,fUST,0.00015,30,6,-28741.96455423,demand,2026-09-05T22:47:01.974483+00:00
4edddf96-c83d-4b8b-9926-14658e487bb9,fUST,0.000148,30,4,-20000.0,demand,2026-09-05T22:47:01.974483+00:00
4edddf96-c83d-4b8b-9926-14658e487bb9,fUST,0.0001421,45,1,-10000.0,demand,2026-09-05T22:47:01.974483+00:00
4edddf96-c83d-4b8b-9926-14658e487bb9,fUST,0.000142,45,2,-20000.0,demand,2026-09-05T22:47:01.974483+00:00
4edddf96-c83d-4b8b-9926-14658e487bb9,fUST,0.000142,30,1,-28000.0,demand,2026-09-05T22:47:01.974483+00:00
4edddf96-c83d-4b8b-9926-14658e487bb9,fUST,0.0001401,30,11,-147973.68632078,demand,2026-09-05T22:47:01.974483+00:00
4edddf96-c83d-4b8b-9926-14658e487bb9,fUST,0.000138,20,6,-49368.52669917,demand,2026-09-05T22:47:01.974483+00:00
4edddf96-c83d-4b8b-9926-14658e487bb9,fUST,0.000136,30,3,-19544.22120933,demand,2026-09-05T22:47:01.974483+00:00
4edddf96-c83d-4b8b-9926-14658e487bb9,fUST,0.000135,15,5,-45000.0,demand,2026-09-05T22:47:01.974483+00:00
4edddf96-c83d-4b8b-9926-14658e487bb9,fUST,0.000133,14,3,-43671.27306584,demand,2026-09-05T22:47:01.974483+00:00
4edddf96-c83d-4b8b-9926-14658e487bb9,fUST,0.00013299999999999998,14,5,-20742.61839244,demand,2026-09-05T22:47:01.974483+00:00
4edddf96-c83d-4b8b-9926-14658e487bb9,fUST,0.000128,30,3,-30000.0,demand,2026-09-05T22:47:01.974483+00:00
4edddf96-c83d-4b8b-9926-14658e487bb9,fUST,0.00012517,2,1,206.91,offer,2026-09-05T22:47:01.974483+00:00
4edddf96-c83d-4b8b-9926-14658e487bb9,fUST,0.00012678383333333332,2,1,151.05546217,offer,2026-09-05T22:47:01.974483+00:00
4edddf96-c83d-4b8b-9926-14658e487bb9,fUST,0.00013013697808219178,7,1,406.87,offer,2026-09-05T22:47:01.974483+00:00
4edddf96-c83d-4b8b-9926-14658e487bb9,fUST,0.00013037671232876718,2,16,7140.52567847,offer,2026-09-05T22:47:01.974483+00:00
4edddf96-c83d-4b8b-9926-14658e487bb9,fUST,0.000130386301369863,2,1,597.19486505,offer,2026-09-05T22:47:01.974483+00:00
4edddf96-c83d-4b8b-9926-14658e487bb9,fUST,0.00013059918744,2,3,932.64498928,offer,2026-09-05T22:47:01.974483+00:00
4edddf96-c83d-4b8b-9926-14658e487bb9,fUST,0.00013060918744,2,6,1726.69189367,offer,2026-09-05T22:47:01.974483+00:00
4edddf96-c83d-4b8b-9926-14658e487bb9,fUST,0.0001306876712328767,2,22,330000.0,offer,2026-09-05T22:47:01.974483+00:00
4edddf96-c83d-4b8b-9926-14658e487bb9,fUST,0.00013069,2,1,151.0,offer,2026-09-05T22:47:01.974483+00:00
4edddf96-c83d-4b8b-9926-14658e487bb9,fUST,0.0001322019278082731,2,1,1668.14816267,offer,2026-09-05T22:47:01.974483+00:00
4edddf96-c83d-4b8b-9926-14658e487bb9,fUST,0.00013287750000000003,7,1,274.1666336,offer,2026-09-05T22:47:01.974483+00:00
4edddf96-c83d-4b8b-9926-14658e487bb9,fUST,0.00013293777,7,1,439.52864318,offer,2026-09-05T22:47:01.974483+00:00
4edddf96-c83d-4b8b-9926-14658e487bb9,fUST,0.0001331596027397261,6,1,232.38812164,offer,2026-09-05T22:47:01.974483+00:00
4edddf96-c83d-4b8b-9926-14658e487bb9,fUST,0.000133182,7,1,257.6988227,offer,2026-09-05T22:47:01.974483+00:00
4edddf96-c83d-4b8b-9926-14658e487bb9,fUST,0.00013334,2,15,4500.0,offer,2026-09-05T22:47:01.974483+00:00
4edddf96-c83d-4b8b-9926-14658e487bb9,fUST,0.0001334309166,2,1,200.435187,offer,2026-09-05T22:47:01.974483+00:00
4edddf96-c83d-4b8b-9926-14658e487bb9,fUST,0.00013517,2,1,183.16830826,offer,2026-09-05T22:47:01.974483+00:00
4edddf96-c83d-4b8b-9926-14658e487bb9,fUST,0.000136,2,1,600.0,offer,2026-09-05T22:47:01.974483+00:00
4edddf96-c83d-4b8b-9926-14658e487bb9,fUST,0.00013608918744,2,1,155.29180743,offer,2026-09-05T22:47:01.974483+00:00
4edddf96-c83d-4b8b-9926-14658e487bb9,fUST,0.00013662,2,1,157.60861085,offer,2026-09-05T22:47:01.974483+00:00
4edddf96-c83d-4b8b-9926-14658e487bb9,fUST,0.000136674,7,1,333.16211147,offer,2026-09-05T22:47:01.974483+00:00
4edddf96-c83d-4b8b-9926-14658e487bb9,fUST,0.000136735992,7,2,794.71750832,offer,2026-09-05T22:47:01.974483+00:00
4edddf96-c83d-4b8b-9926-14658e487bb9,fUST,0.00013698,2,13,6336.61480982,offer,2026-09-05T22:47:01.974483+00:00
4edddf96-c83d-4b8b-9926-14658e487bb9,fUST,0.000136986301369863,2,3,14409.5225793,offer,2026-09-05T22:47:01.974483+00:00
4edddf96-c83d-4b8b-9926-14658e487bb9,fUST,0.0001369872,7,1,257.6988227,offer,2026-09-05T22:47:01.974483+00:00
40334213-02e0-4f74-95ef-1f0d168ddda8,fUST,0.0002671232876712329,120,1,-3664813.32265345,demand,2026-09-05T23:47:01.954348+00:00
40334213-02e0-4f74-95ef-1f0d168ddda8,fUST,0.000267123287,120,1,-243.95,demand,2026-09-05T23:47:01.954348+00:00
40334213-02e0-4f74-95ef-1f0d168ddda8,fUST,0.000249652054,120,1,-1000.0,demand,2026-09-05T23:47:01.954348+00:00
40334213-02e0-4f74-95ef-1f0d168ddda8,fUST,0.000249589041,120,1,-1000.0,demand,2026-09-05T23:47:01.954348+00:00
40334213-02e0-4f74-95ef-1f0d168ddda8,fUST,0.000247980821,120,1,-56568.59382046,demand,2026-09-05T23:47:01.954348+00:00
40334213-02e0-4f74-95ef-1f0d168ddda8,fUST,0.00024208767123287672,120,1,-3267230.13986694,demand,2026-09-05T23:47:01.954348+00:00
40334213-02e0-4f74-95ef-1f0d168ddda8,fUST,0.00017,60,18,-99840.0,demand,2026-09-05T23:47:01.954348+00:00
40334213-02e0-4f74-95ef-1f0d168ddda8,fUST,0.000165,45,8,-80000.0,demand,2026-09-05T23:47:01.954348+00:00
40334213-02e0-4f74-95ef-1f0d168ddda8,fUST,0.00016,60,17,-350330.3840775,demand,2026-09-05T23:47:01.954348+00:00
40334213-02e0-4f74-95ef-1f0d168ddda8,fUST,0.000157,30,7,-78632.74331588,demand,2026-09-05T23:47:01.954348+00:00
40334213-02e0-4f74-95ef-1f0d168ddda8,fUST,0.000152,60,1,-28000.0,demand,2026-09-05T23:47:01.954348+00:00
40334213-02e0-4f74-95ef-1f0d168ddda8,fUST,0.00015,120,1,-300000.0,demand,2026-09-05T23:47:01.954348+00:00
40334213-02e0-4f74-95ef-1f0d168ddda8,fUST,0.00015,45,3,-13845.272985,demand,2026-09-05T23:47:01.954348+00:00
40334213-02e0-4f74-95ef-1f0d168ddda8,fUST,0.00015,30,6,-28741.96455423,demand,2026-09-05T23:47:01.954348+00:00
40334213-02e0-4f74-95ef-1f0d168ddda8,fUST,0.000148,30,4,-20000.0,demand,2026-09-05T23:47:01.954348+00:00
40334213-02e0-4f74-95ef-1f0d168ddda8,fUST,0.0001421,45,1,-10000.0,demand,2026-09-05T23:47:01.954348+00:00
40334213-02e0-4f74-95ef-1f0d168ddda8,fUST,0.000142,45,2,-20000.0,demand,2026-09-05T23:47:01.954348+00:00
40334213-02e0-4f74-95ef-1f0d168ddda8,fUST,0.000142,30,1,-28000.0,demand,2026-09-05T23:47:01.954348+00:00
40334213-02e0-4f74-95ef-1f0d168ddda8,fUST,0.0001401,30,11,-147973.68632078,demand,2026-09-05T23:47:01.954348+00:00
40334213-02e0-4f74-95ef-1f0d168ddda8,fUST,0.000138,20,6,-49368.52669917,demand,2026-09-05T23:47:01.954348+00:00
40334213-02e0-4f74-95ef-1f0d168ddda8,fUST,0.000136,30,3,-19544.22120933,demand,2026-09-05T23:47:01.954348+00:00
40334213-02e0-4f74-95ef-1f0d168ddda8,fUST,0.000135,15,5,-45000.0,demand,2026-09-05T23:47:01.954348+00:00
40334213-02e0-4f74-95ef-1f0d168ddda8,fUST,0.000133,14,3,-42866.63016344,demand,2026-09-05T23:47:01.954348+00:00
40334213-02e0-4f74-95ef-1f0d168ddda8,fUST,0.00013299999999999998,14,5,-20742.61839244,demand,2026-09-05T23:47:01.954348+00:00
40334213-02e0-4f74-95ef-1f0d168ddda8,fUST,0.000128,30,3,-30000.0,demand,2026-09-05T23:47:01.954348+00:00
40334213-02e0-4f74-95ef-1f0d168ddda8,fUST,0.00014496,2,1,316.26673202,offer,2026-09-05T23:47:01.954348+00:00
40334213-02e0-4f74-95ef-1f0d168ddda8,fUST,0.0001469,2,1,158.49673202,offer,2026-09-05T23:47:01.954348+00:00
40334213-02e0-4f74-95ef-1f0d168ddda8,fUST,0.0001479,2,1,157.77,offer,2026-09-05T23:47:01.954348+00:00
40334213-02e0-4f74-95ef-1f0d168ddda8,fUST,0.000149,2,1,610.79053036,offer,2026-09-05T23:47:01.954348+00:00
40334213-02e0-4f74-95ef-1f0d168ddda8,fUST,0.00015,2,2,6000.42066689,offer,2026-09-05T23:47:01.954348+00:00
40334213-02e0-4f74-95ef-1f0d168ddda8,fUST,0.00015297904109589042,2,2,492.72695158,offer,2026-09-05T23:47:01.954348+00:00
40334213-02e0-4f74-95ef-1f0d168ddda8,fUST,0.0001529890410958904,2,1,1697.04486411,offer,2026-09-05T23:47:01.954348+00:00
40334213-02e0-4f74-95ef-1f0d168ddda8,fUST,0.00015299,2,15,4500.0,offer,2026-09-05T23:47:01.954348+00:00
40334213-02e0-4f74-95ef-1f0d168ddda8,fUST,0.00015604,2,1,600.0,offer,2026-09-05T23:47:01.954348+00:00
40334213-02e0-4f74-95ef-1f0d168ddda8,fUST,0.00015666937712688345,2,1,702.93280036,offer,2026-09-05T23:47:01.954348+00:00
40334213-02e0-4f74-95ef-1f0d168ddda8,fUST,0.0001579985,2,1,209.700616,offer,2026-09-05T23:47:01.954348+00:00
40334213-02e0-4f74-95ef-1f0d168ddda8,fUST,0.00016269,2,1,157.77,offer,2026-09-05T23:47:01.954348+00:00
40334213-02e0-4f74-95ef-1f0d168ddda8,fUST,0.00017,2,1,5081.53939367,offer,2026-09-05T23:47:01.954348+00:00
40334213-02e0-4f74-95ef-1f0d168ddda8,fUST,0.000170111,2,1,188.0,offer,2026-09-05T23:47:01.954348+00:00
40334213-02e0-4f74-95ef-1f0d168ddda8,fUST,0.00017032684589041096,2,2,325.15049191,offer,2026-09-05T23:47:01.954348+00:00
40334213-02e0-4f74-95ef-1f0d168ddda8,fUST,0.00017164,2,1,720.0,offer,2026-09-05T23:47:01.954348+00:00
40334213-02e0-4f74-95ef-1f0d168ddda8,fUST,0.00017748,2,1,157.77,offer,2026-09-05T23:47:01.954348+00:00
40334213-02e0-4f74-95ef-1f0d168ddda8,fUST,0.0001785075684931507,2,2,650.30098382,offer,2026-09-05T23:47:01.954348+00:00
40334213-02e0-4f74-95ef-1f0d168ddda8,fUST,0.00018396138356164383,2,5,1677.65939646,offer,2026-09-05T23:47:01.954348+00:00
40334213-02e0-4f74-95ef-1f0d168ddda8,fUST,0.0001875972602739726,2,7,3134.96988097,offer,2026-09-05T23:47:01.954348+00:00
40334213-02e0-4f74-95ef-1f0d168ddda8,fUST,0.00018803,2,1,1049.33,offer,2026-09-05T23:47:01.954348+00:00
40334213-02e0-4f74-95ef-1f0d168ddda8,fUST,0.00018881,2,1,864.0,offer,2026-09-05T23:47:01.954348+00:00
40334213-02e0-4f74-95ef-1f0d168ddda8,fUST,0.00019,2,1,14998.33374536,offer,2026-09-05T23:47:01.954348+00:00
40334213-02e0-4f74-95ef-1f0d168ddda8,fUST,0.0001901496294485435,2,5,1118.18422196,offer,2026-09-05T23:47:01.954348+00:00
40334213-02e0-4f74-95ef-1f0d168ddda8,fUST,0.0001912331369863014,2,1,765.49108025,offer,2026-09-05T23:47:01.954348+00:00
