run_id,market,rate,period,count,amount,side,fetched_at
4e2537d0-2a36-46c0-b932-ba51627f0e26,fUSD,0.0002808219178082192,120,1,-12701263.49817975,demand,2026-08-21T00:47:01.239240+00:00
4e2537d0-2a36-46c0-b932-ba51627f0e26,fUSD,0.000273972602739726,120,1,-13952309.81174755,demand,2026-08-21T00:47:01.239240+00:00
4e2537d0-2a36-46c0-b932-ba51627f0e26,fUSD,0.00018010999999999998,120,1,-235606.73391109,demand,2026-08-21T00:47:01.239240+00:00
4e2537d0-2a36-46c0-b932-ba51627f0e26,fUSD,0.00018,2,1,-4125.4584,demand,2026-08-21T00:47:01.239240+00:00
4e2537d0-2a36-46c0-b932-ba51627f0e26,fUSD,0.0001777,120,1,-23123.30278361,demand,2026-08-21T00:47:01.239240+00:00
4e2537d0-2a36-46c0-b932-ba51627f0e26,fUSD,0.000174,120,1,-12350.0,demand,2026-08-21T00:47:01.239240+00:00
4e2537d0-2a36-46c0-b932-ba51627f0e26,fUSD,0.0001713,120,1,-14000.0,demand,2026-08-21T00:47:01.239240+00:00
4e2537d0-2a36-46c0-b932-ba51627f0e26,fUSD,0.0001712,120,1,-20000.0,demand,2026-08-21T00:47:01.239240+00:00
4e2537d0-2a36-46c0-b932-ba51627f0e26,fUSD,0.00017111,120,1,-2000000.0,demand,2026-08-21T00:47:01.239240+00:00
4e2537d0-2a36-46c0-b932-ba51627f0e26,fUSD,0.00016,120,2,-10009162.66122322,demand,2026-08-21T00:47:01.239240+00:00
4e2537d0-2a36-46c0-b932-ba51627f0e26,fUSD,0.00016,5,1,-10000.0,demand,2026-08-21T00:47:01.239240+00:00
4e2537d0-2a36-46c0-b932-ba51627f0e26,fUSD,0.0001534,5,1,-74863.35275088,demand,2026-08-21T00:47:01.239240+00:00
4e2537d0-2a36-46c0-b932-ba51627f0e26,fUSD,0.000153,2,1,-150.0,demand,2026-08-21T00:47:01.239240+00:00
4e2537d0-2a36-46c0-b932-ba51627f0e26,fUSD,0.00015112,2,1,-3977911.92179947,demand,2026-08-21T00:47:01.239240+00:00
4e2537d0-2a36-46c0-b932-ba51627f0e26,fUSD,0.000151,120,1,-10000.0,demand,2026-08-21T00:47:01.239240+00:00
4e2537d0-2a36-46c0-b932-ba51627f0e26,fUSD,0.0001502,30,1,-13500.0,demand,2026-08-21T00:47:01.239240+00:00
4e2537d0-2a36-46c0-b932-ba51627f0e26,fUSD,0.00015,90,1,-19550.75,demand,2026-08-21T00:47:01.239240+00:00
4e2537d0-2a36-46c0-b932-ba51627f0e26,fUSD,0.00015,29,1,-218795.0,demand,2026-08-21T00:47:01.239240+00:00
4e2537d0-2a36-46c0-b932-ba51627f0e26,fUSD,0.00015,120,1,-500.0,demand,2026-08-21T00:47:01.239240+00:00
4e2537d0-2a36-46c0-b932-ba51627f0e26,fUSD,0.00014252,120,1,-10770.76644364,demand,2026-08-21T00:47:01.239240+00:00
4e2537d0-2a36-46c0-b932-ba51627f0e26,fUSD,0.000142,7,2,-34801.97298254,demand,2026-08-21T00:47:01.239240+00:00
4e2537d0-2a36-46c0-b932-ba51627f0e26,fUSD,0.00014120000000000002,30,1,-13500.0,demand,2026-08-21T00:47:01.239240+00:00
4e2537d0-2a36-46c0-b932-ba51627f0e26,fUSD,0.00014000000000000001,2,2,-2363897.55678464,demand,2026-08-21T00:47:01.239240+00:00
4e2537d0-2a36-46c0-b932-ba51627f0e26,fUSD,0.0001342,2,1,-1783904.39862186,demand,2026-08-21T00:47:01.239240+00:00
4e2537d0-2a36-46c0-b932-ba51627f0e26,fUSD,0.000134,2,1,-2000000.0,demand,2026-08-21T00:47:01.239240+00:00
4e2537d0-2a36-46c0-b932-ba51627f0e26,fUSD,0.00019004109589041096,2,1,280.044366,offer,2026-08-21T00:47:01.239240+00:00
4e2537d0-2a36-46c0-b932-ba51627f0e26,fUSD,0.0001905205479452055,2,1,150.0,offer,2026-08-21T00:47:01.239240+00:00
4e2537d0-2a36-46c0-b932-ba51627f0e26,fUSD,0.00019100000000000003,2,1,341.81684171,offer,2026-08-21T00:47:01.239240+00:00
4e2537d0-2a36-46c0-b932-ba51627f0e26,fUSD,0.000191000001,2,1,466.03,offer,2026-08-21T00:47:01.239240+00:00
4e2537d0-2a36-46c0-b932-ba51627f0e26,fUSD,0.0001929,2,1,150.0,offer,2026-08-21T00:47:01.239240+00:00
4e2537d0-2a36-46c0-b932-ba51627f0e26,fUSD,0.00019425482290244748,2,1,205.0,offer,2026-08-21T00:47:01.239240+00:00
4e2537d0-2a36-46c0-b932-ba51627f0e26,fUSD,0.00019610086975429438,2,1,153.0,offer,2026-08-21T00:47:01.239240+00:00
4e2537d0-2a36-46c0-b932-ba51627f0e26,fUSD,0.00019987,2,13,6224.0469588,offer,2026-08-21T00:47:01.239240+00:00
4e2537d0-2a36-46c0-b932-ba51627f0e26,fUSD,0.00019988,2,1,174.02,offer,2026-08-21T00:47:01.239240+00:00
4e2537d0-2a36-46c0-b932-ba51627f0e26,fUSD,0.00019988999999999999,2,4,1565.21895121,offer,2026-08-21T00:47:01.239240+00:00
4e2537d0-2a36-46c0-b932-ba51627f0e26,fUSD,0.00019989999999999998,2,1,17767.4333285,offer,2026-08-21T00:47:01.239240+00:00
4e2537d0-2a36-46c0-b932-ba51627f0e26,fUSD,0.00019999,2,1,164.92,offer,2026-08-21T00:47:01.239240+00:00
4e2537d0-2a36-46c0-b932-ba51627f0e26,fUSD,0.0002,2,5,111367.34466776,offer,2026-08-21T00:47:01.239240+00:00
4e2537d0-2a36-46c0-b932-ba51627f0e26,fUSD,0.0002038390452,2,1,164.72,offer,2026-08-21T00:47:01.239240+00:00
4e2537d0-2a36-46c0-b932-ba51627f0e26,fUSD,0.0002079745,2,1,163.84,offer,2026-08-21T00:47:01.239240+00:00
4e2537d0-2a36-46c0-b932-ba51627f0e26,fUSD,0.00020910884634428123,2,1,151.0,offer,2026-08-21T00:47:01.239240+00:00
4e2537d0-2a36-46c0-b932-ba51627f0e26,fUSD,0.00020961178082191782,2,3,1043.60124215,offer,2026-08-21T00:47:01.239240+00:00
4e2537d0-2a36-46c0-b932-ba51627f0e26,fUSD,0.00020987698630136985,2,1,150.0,offer,2026-08-21T00:47:01.239240+00:00
4e2537d0-2a36-46c0-b932-ba51627f0e26,fUSD,0.00020987698630136988,2,1,154.93091874,offer,2026-08-21T00:47:01.239240+00:00
4e2537d0-2a36-46c0-b932-ba51627f0e26,fUSD,0.0002131871,2,1,187.74,offer,2026-08-21T00:47:01.239240+00:00
4e2537d0-2a36-46c0-b932-ba51627f0e26,fUSD,0.00021478,2,1,5504.37064921,offer,2026-08-21T00:47:01.239240+00:00
4e2537d0-2a36-46c0-b932-ba51627f0e26,fUSD,0.0002156563,2,1,16210.0,offer,2026-08-21T00:47:01.239240+00:00
4e2537d0-2a36-46c0-b932-ba51627f0e26,fUSD,0.0002157838082191781,2,1,710.52959977,offer,2026-08-21T00:47:01.239240+00:00
4e2537d0-2a36-46c0-b932-ba51627f0e26,fUSD,0.0002186832,2,1,168.4,offer,2026-08-21T00:47:01.239240+00:00
4e2537d0-2a36-46c0-b932-ba51627f0e26,fUSD,0.00021917808219178083,2,1,5000.0,offer,2026-08-21T00:47:01.239240+00:00
02368342-be13-45df-bbdc-3283ee342b7d,fUSD,0.0002808219178082192,120,1,-12655991.7040288,demand,2026-08-21T01:47:01.463783+00:00
02368342-be13-45df-bbdc-3283ee342b7d,fUSD,0.000273972602739726,120,1,-13952309.81174755,demand,2026-08-21T01:47:01.463783+00:00
02368342-be13-45df-bbdc-3283ee342b7d,fUSD,0.000209,30,1,-6289.12258117,demand,2026-08-21T01:47:01.463783+00:00
02368342-be13-45df-bbdc-3283ee342b7d,fUSD,0.00018010999999999998,120,1,-235606.73391109,demand,2026-08-21T01:47:01.463783+00:00
02368342-be13-45df-bbdc-3283ee342b7d,fUSD,0.0001777,120,1,-23123.30278361,demand,2026-08-21T01:47:01.463783+00:00
02368342-be13-45df-bbdc-3283ee342b7d,fUSD,0.000174,120,1,-12350.0,demand,2026-08-21T01:47:01.463783+00:00
02368342-be13-45df-bbdc-3283ee342b7d,fUSD,0.0001713,120,1,-14000.0,demand,2026-08-21T01:47:01.463783+00:00
02368342-be13-45df-bbdc-3283ee342b7d,fUSD,0.0001712,120,1,-20000.0,demand,2026-08-21T01:47:01.463783+00:00
02368342-be13-45df-bbdc-3283ee342b7d,fUSD,0.00017111,120,1,-2000000.0,demand,2026-08-21T01:47:01.463783+00:00
02368342-be13-45df-bbdc-3283ee342b7d,fUSD,0.00016,120,2,-10009162.66122322,demand,2026-08-21T01:47:01.463783+00:00
02368342-be13-45df-bbdc-3283ee342b7d,fUSD,0.0001534,5,1,-73624.91055539,demand,2026-08-21T01:47:01.463783+00:00
02368342-be13-45df-bbdc-3283ee342b7d,fUSD,0.000151,120,1,-10000.0,demand,2026-08-21T01:47:01.463783+00:00
02368342-be13-45df-bbdc-3283ee342b7d,fUSD,0.0001502,30,1,-13500.0,demand,2026-08-21T01:47:01.463783+00:00
02368342-be13-45df-bbdc-3283ee342b7d,fUSD,0.00015,90,1,-19550.75,demand,2026-08-21T01:47:01.463783+00:00
02368342-be13-45df-bbdc-3283ee342b7d,fUSD,0.00015,29,1,-218795.0,demand,2026-08-21T01:47:01.463783+00:00
02368342-be13-45df-bbdc-3283ee342b7d,fUSD,0.00015,120,1,-500.0,demand,2026-08-21T01:47:01.463783+00:00
02368342-be13-45df-bbdc-3283ee342b7d,fUSD,0.00015,2,1,-10000.0,demand,2026-08-21T01:47:01.463783+00:00
02368342-be13-45df-bbdc-3283ee342b7d,fUSD,0.00014252,120,1,-10770.76644364,demand,2026-08-21T01:47:01.463783+00:00
02368342-be13-45df-bbdc-3283ee342b7d,fUSD,0.000142,7,2,-34801.97298254,demand,2026-08-21T01:47:01.463783+00:00
02368342-be13-45df-bbdc-3283ee342b7d,fUSD,0.00014120000000000002,30,1,-13500.0,demand,2026-08-21T01:47:01.463783+00:00
02368342-be13-45df-bbdc-3283ee342b7d,fUSD,0.00014000000000000001,2,2,-2363897.55678464,demand,2026-08-21T01:47:01.463783+00:00
02368342-be13-45df-bbdc-3283ee342b7d,fUSD,0.0001342,2,1,-1783904.39862186,demand,2026-08-21T01:47:01.463783+00:00
02368342-be13-45df-bbdc-3283ee342b7d,fUSD,0.000134,2,1,-2000000.0,demand,2026-08-21T01:47:01.463783+00:00
02368342-be13-45df-bbdc-3283ee342b7d,fUSD,0.00013,2,1,-2000000.0,demand,2026-08-21T01:47:01.463783+00:00
02368342-be13-45df-bbdc-3283ee342b7d,fUSD,0.00012757,120,1,-100000.0,demand,2026-08-21T01:47:01.463783+00:00
02368342-be13-45df-bbdc-3283ee342b7d,fUSD,0.00016929451224,2,1,165.29995878,offer,2026-08-21T01:47:01.463783+00:00
02368342-be13-45df-bbdc-3283ee342b7d,fUSD,0.00023106,2,3,1531.07951347,offer,2026-08-21T01:47:01.463783+00:00
02368342-be13-45df-bbdc-3283ee342b7d,fUSD,0.0002318547945205479,2,1,170.63979082,offer,2026-08-21T01:47:01.463783+00:00
02368342-be13-45df-bbdc-3283ee342b7d,fUSD,0.0002321282191780822,7,1,572.7321873,offer,2026-08-21T01:47:01.463783+00:00
02368342-be13-45df-bbdc-3283ee342b7d,fUSD,0.00023237125705076556,2,1,150.0,offer,2026-08-21T01:47:01.463783+00:00
02368342-be13-45df-bbdc-3283ee342b7d,fUSD,0.00023367251410153113,2,1,404.35022643,offer,2026-08-21T01:47:01.463783+00:00
02368342-be13-45df-bbdc-3283ee342b7d,fUSD,0.00023368251410153112,2,5,32514.78720203,offer,2026-08-21T01:47:01.463783+00:00
02368342-be13-45df-bbdc-3283ee342b7d,fUSD,0.0002341377890410959,2,1,573.77,offer,2026-08-21T01:47:01.463783+00:00
02368342-be13-45df-bbdc-3283ee342b7d,fUSD,0.00023419,2,2,361.47,offer,2026-08-21T01:47:01.463783+00:00
02368342-be13-45df-bbdc-3283ee342b7d,fUSD,0.00023492027397260275,7,3,1513.197,offer,2026-08-21T01:47:01.463783+00:00
02368342-be13-45df-bbdc-3283ee342b7d,fUSD,0.00023540906301369862,2,1,178.49,offer,2026-08-21T01:47:01.463783+00:00
02368342-be13-45df-bbdc-3283ee342b7d,fUSD,0.00023549545015066897,2,1,582.37689181,offer,2026-08-21T01:47:01.463783+00:00
02368342-be13-45df-bbdc-3283ee342b7d,fUSD,0.0002357576,2,1,200.0,offer,2026-08-21T01:47:01.463783+00:00
02368342-be13-45df-bbdc-3283ee342b7d,fUSD,0.00023626,2,1,344.0,offer,2026-08-21T01:47:01.463783+00:00
02368342-be13-45df-bbdc-3283ee342b7d,fUSD,0.00023766027397260274,30,1,676.5,offer,2026-08-21T01:47:01.463783+00:00
02368342-be13-45df-bbdc-3283ee342b7d,fUSD,0.0002381754,2,1,871.44,offer,2026-08-21T01:47:01.463783+00:00
02368342-be13-45df-bbdc-3283ee342b7d,fUSD,0.0002384044,2,1,157.1,offer,2026-08-21T01:47:01.463783+00:00
02368342-be13-45df-bbdc-3283ee342b7d,fUSD,0.00023951,2,1,1000.0,offer,2026-08-21T01:47:01.463783+00:00
02368342-be13-45df-bbdc-3283ee342b7d,fUSD,0.00023970000000000003,2,1,606.32,offer,2026-08-21T01:47:01.463783+00:00
02368342-be13-45df-bbdc-3283ee342b7d,fUSD,0.00023971258356164383,2,1,573.77,offer,2026-08-21T01:47:01.463783+00:00
02368342-be13-45df-bbdc-3283ee342b7d,fUSD,0.00024,2,1,157.28651653,offer,2026-08-21T01:47:01.463783+00:00
02368342-be13-45df-bbdc-3283ee342b7d,fUSD,0.00024528174590163936,2,18,7117.74521569,offer,2026-08-21T01:47:01.463783+00:00
02368342-be13-45df-bbdc-3283ee342b7d,fUSD,0.00024528737808219176,2,1,573.77,offer,2026-08-21T01:47:01.463783+00:00
02368342-be13-45df-bbdc-3283ee342b7d,fUSD,0.0002455890410958904,7,7,1063.01999297,offer,2026-08-21T01:47:01.463783+00:00
02368342-be13-45df-bbdc-3283ee342b7d,fUSD,0.0002461237,2,1,165.75,offer,2026-08-21T01:47:01.463783+00:00
a290ad10-7f3d-44f0-90d0-7341d05d2518,fUSD,0.0002808219178082192,120,1,-12477921.19471594,demand,2026-08-21T02:47:01.364204+00:00
a290ad10-7f3d-44f0-90d0-7341d05d2518,fUSD,0.000273972602739726,120,1,-13952309.81174755,demand,2026-08-21T02:47:01.364204+00:00
a290ad10-7f3d-44f0-90d0-7341d05d2518,fUSD,0.000209,30,1,-6289.12258117,demand,2026-08-21T02:47:01.364204+00:00
a290ad10-7f3d-44f0-90d0-7341d05d2518,fUSD,0.00018010999999999998,120,1,-235606.73391109,demand,2026-08-21T02:47:01.364204+00:00
a290ad10-7f3d-44f0-90d0-7341d05d2518,fUSD,0.0001777,120,1,-23123.30278361,demand,2026-08-21T02:47:01.364204+00:00
a290ad10-7f3d-44f0-90d0-7341d05d2518,fUSD,0.000174,120,1,-12350.0,demand,2026-08-21T02:47:01.364204+00:00
a290ad10-7f3d-44f0-90d0-7341d05d2518,fUSD,0.0001713,120,1,-14000.0,demand,2026-08-21T02:47:01.364204+00:00
a290ad10-7f3d-44f0-90d0-7341d05d2518,fUSD,0.0001712,120,1,-20000.0,demand,2026-08-21T02:47:01.364204+00:00
a290ad10-7f3d-44f0-90d0-7341d05d2518,fUSD,0.00017111,120,1,-2000000.0,demand,2026-08-21T02:47:01.364204+00:00
a290ad10-7f3d-44f0-90d0-7341d05d2518,fUSD,0.00016,120,2,-10009162.66122322,demand,2026-08-21T02:47:01.364204+00:00
a290ad10-7f3d-44f0-90d0-7341d05d2518,fUSD,0.0001534,5,1,-69699.22473995,demand,2026-08-21T02:47:01.364204+00:00
a290ad10-7f3d-44f0-90d0-7341d05d2518,fUSD,0.000151,120,1,-10000.0,demand,2026-08-21T02:47:01.364204+00:00
a290ad10-7f3d-44f0-90d0-7341d05d2518,fUSD,0.0001502,30,1,-13500.0,demand,2026-08-21T02:47:01.364204+00:00
a290ad10-7f3d-44f0-90d0-7341d05d2518,fUSD,0.00015,90,1,-19550.75,demand,2026-08-21T02:47:01.364204+00:00
a290ad10-7f3d-44f0-90d0-7341d05d2518,fUSD,0.00015,29,1,-218795.0,demand,2026-08-21T02:47:01.364204+00:00
a290ad10-7f3d-44f0-90d0-7341d05d2518,fUSD,0.00015,120,1,-500.0,demand,2026-08-21T02:47:01.364204+00:00
a290ad10-7f3d-44f0-90d0-7341d05d2518,fUSD,0.00015,2,1,-10000.0,demand,2026-08-21T02:47:01.364204+00:00
a290ad10-7f3d-44f0-90d0-7341d05d2518,fUSD,0.00014252,120,1,-10770.76644364,demand,2026-08-21T02:47:01.364204+00:00
a290ad10-7f3d-44f0-90d0-7341d05d2518,fUSD,0.000142,7,2,-34801.97298254,demand,2026-08-21T02:47:01.364204+00:00
a290ad10-7f3d-44f0-90d0-7341d05d2518,fUSD,0.00014120000000000002,30,1,-13500.0,demand,2026-08-21T02:47:01.364204+00:00
a290ad10-7f3d-44f0-90d0-7341d05d2518,fUSD,0.00014000000000000001,2,2,-2362847.55678464,demand,2026-08-21T02:47:01.364204+00:00
a290ad10-7f3d-44f0-90d0-7341d05d2518,fUSD,0.0001342,2,1,-1783904.39862186,demand,2026-08-21T02:47:01.364204+00:00
a290ad10-7f3d-44f0-90d0-7341d05d2518,fUSD,0.000134,2,1,-2000000.0,demand,2026-08-21T02:47:01.364204+00:00
a290ad10-7f3d-44f0-90d0-7341d05d2518,fUSD,0.00013,2,1,-2000000.0,demand,2026-08-21T02:47:01.364204+00:00
a290ad10-7f3d-44f0-90d0-7341d05d2518,fUSD,0.00012757,120,1,-100000.0,demand,2026-08-21T02:47:01.364204+00:00
a290ad10-7f3d-44f0-90d0-7341d05d2518,fUSD,0.00021999,2,5,2668.64,offer,2026-08-21T02:47:01.364204+00:00
a290ad10-7f3d-44f0-90d0-7341d05d2518,fUSD,0.00022136,2,1,150.0,offer,2026-08-21T02:47:01.364204+00:00
a290ad10-7f3d-44f0-90d0-7341d05d2518,fUSD,0.00022158,2,1,495.0,offer,2026-08-21T02:47:01.364204+00:00
a290ad10-7f3d-44f0-90d0-7341d05d2518,fUSD,0.00022160178082191782,2,9,4016.41766141,offer,2026-08-21T02:47:01.364204+00:00
a290ad10-7f3d-44f0-90d0-7341d05d2518,fUSD,0.00022161178082191781,2,1,2287.12087293,offer,2026-08-21T02:47:01.364204+00:00
a290ad10-7f3d-44f0-90d0-7341d05d2518,fUSD,0.0002222943,2,1,3505.17,offer,2026-08-21T02:47:01.364204+00:00
a290ad10-7f3d-44f0-90d0-7341d05d2518,fUSD,0.000222527,2,1,200.0,offer,2026-08-21T02:47:01.364204+00:00
a290ad10-7f3d-44f0-90d0-7341d05d2518,fUSD,0.000222532,2,1,1000.0,offer,2026-08-21T02:47:01.364204+00:00
a290ad10-7f3d-44f0-90d0-7341d05d2518,fUSD,0.0002227167031695215,7,1,1371.97,offer,2026-08-21T02:47:01.364204+00:00
a290ad10-7f3d-44f0-90d0-7341d05d2518,fUSD,0.0002231929,2,1,162.62,offer,2026-08-21T02:47:01.364204+00:00
a290ad10-7f3d-44f0-90d0-7341d05d2518,fUSD,0.0002233225,2,1,161.62,offer,2026-08-21T02:47:01.364204+00:00
a290ad10-7f3d-44f0-90d0-7341d05d2518,fUSD,0.000223335978082,2,1,693.61825757,offer,2026-08-21T02:47:01.364204+00:00
a290ad10-7f3d-44f0-90d0-7341d05d2518,fUSD,0.0002236432,2,1,200.0,offer,2026-08-21T02:47:01.364204+00:00
a290ad10-7f3d-44f0-90d0-7341d05d2518,fUSD,0.0002236489,2,1,3444.3,offer,2026-08-21T02:47:01.364204+00:00
a290ad10-7f3d-44f0-90d0-7341d05d2518,fUSD,0.00022373698630136985,2,1,2287.12087292,offer,2026-08-21T02:47:01.364204+00:00
a290ad10-7f3d-44f0-90d0-7341d05d2518,fUSD,0.00022425700000000003,2,2,900.0,offer,2026-08-21T02:47:01.364204+00:00
a290ad10-7f3d-44f0-90d0-7341d05d2518,fUSD,0.0002243144,2,1,177.64,offer,2026-08-21T02:47:01.364204+00:00
a290ad10-7f3d-44f0-90d0-7341d05d2518,fUSD,0.0002245949,2,1,157.78,offer,2026-08-21T02:47:01.364204+00:00
a290ad10-7f3d-44f0-90d0-7341d05d2518,fUSD,0.0002247357,2,1,5000.0,offer,2026-08-21T02:47:01.364204+00:00
a290ad10-7f3d-44f0-90d0-7341d05d2518,fUSD,0.00022528135004,2,13,2069.93276791,offer,2026-08-21T02:47:01.364204+00:00
a290ad10-7f3d-44f0-90d0-7341d05d2518,fUSD,0.00022528219178082192,2,1,500.0,offer,2026-08-21T02:47:01.364204+00:00
a290ad10-7f3d-44f0-90d0-7341d05d2518,fUSD,0.0002252855,2,1,8706.15,offer,2026-08-21T02:47:01.364204+00:00
a290ad10-7f3d-44f0-90d0-7341d05d2518,fUSD,0.0002253164383561644,2,1,4025.00522692,offer,2026-08-21T02:47:01.364204+00:00
a290ad10-7f3d-44f0-90d0-7341d05d2518,fUSD,0.0002254166,2,1,16210.0,offer,2026-08-21T02:47:01.364204+00:00
a290ad10-7f3d-44f0-90d0-7341d05d2518,fUSD,0.00022548,2,1,299.71,offer,2026-08-21T02:47:01.364204+00:00
a3e077d1-2261-4018-93da-2dd135b93af0,fUSD,0.000209,30,1,-6289.12258117,demand,2026-08-21T03:47:01.451486+00:00
a3e077d1-2261-4018-93da-2dd135b93af0,fUSD,0.00018010999999999998,120,1,-235606.73391109,demand,2026-08-21T03:47:01.451486+00:00
a3e077d1-2261-4018-93da-2dd135b93af0,fUSD,0.0001777,120,1,-23123.30278361,demand,2026-08-21T03:47:01.451486+00:00
a3e077d1-2261-4018-93da-2dd135b93af0,fUSD,0.000174,120,1,-12350.0,demand,2026-08-21T03:47:01.451486+00:00
a3e077d1-2261-4018-93da-2dd135b93af0,fUSD,0.0001713,120,1,-14000.0,demand,2026-08-21T03:47:01.451486+00:00
a3e077d1-2261-4018-93da-2dd135b93af0,fUSD,0.0001712,120,1,-20000.0,demand,2026-08-21T03:47:01.451486+00:00
a3e077d1-2261-4018-93da-2dd135b93af0,fUSD,0.00017111,120,1,-2000000.0,demand,2026-08-21T03:47:01.451486+00:00
a3e077d1-2261-4018-93da-2dd135b93af0,fUSD,0.00016,120,2,-10009162.66122322,demand,2026-08-21T03:47:01.451486+00:00
a3e077d1-2261-4018-93da-2dd135b93af0,fUSD,0.0001534,5,1,-65790.97703653,demand,2026-08-21T03:47:01.451486+00:00
a3e077d1-2261-4018-93da-2dd135b93af0,fUSD,0.000151,120,1,-10000.0,demand,2026-08-21T03:47:01.451486+00:00
a3e077d1-2261-4018-93da-2dd135b93af0,fUSD,0.0001502,30,1,-13500.0,demand,2026-08-21T03:47:01.451486+00:00
a3e077d1-2261-4018-93da-2dd135b93af0,fUSD,0.00015,90,1,-19550.75,demand,2026-08-21T03:47:01.451486+00:00
a3e077d1-2261-4018-93da-2dd135b93af0,fUSD,0.00015,29,1,-218795.0,demand,2026-08-21T03:47:01.451486+00:00
a3e077d1-2261-4018-93da-2dd135b93af0,fUSD,0.00015,120,1,-500.0,demand,2026-08-21T03:47:01.451486+00:00
a3e077d1-2261-4018-93da-2dd135b93af0,fUSD,0.00015,2,1,-10000.0,demand,2026-08-21T03:47:01.451486+00:00
a3e077d1-2261-4018-93da-2dd135b93af0,fUSD,0.00014252,120,1,-10770.76644364,demand,2026-08-21T03:47:01.451486+00:00
a3e077d1-2261-4018-93da-2dd135b93af0,fUSD,0.000142,7,2,-34801.97298254,demand,2026-08-21T03:47:01.451486+00:00
a3e077d1-2261-4018-93da-2dd135b93af0,fUSD,0.00014120000000000002,30,1,-13500.0,demand,2026-08-21T03:47:01.451486+00:00
a3e077d1-2261-4018-93da-2dd135b93af0,fUSD,0.00014000000000000001,2,2,-2349750.22549582,demand,2026-08-21T03:47:01.451486+00:00
a3e077d1-2261-4018-93da-2dd135b93af0,fUSD,0.0001342,2,1,-1783904.39862186,demand,2026-08-21T03:47:01.451486+00:00
a3e077d1-2261-4018-93da-2dd135b93af0,fUSD,0.000134,2,1,-2000000.0,demand,2026-08-21T03:47:01.451486+00:00
a3e077d1-2261-4018-93da-2dd135b93af0,fUSD,0.00013,2,1,-2000000.0,demand,2026-08-21T03:47:01.451486+00:00
a3e077d1-2261-4018-93da-2dd135b93af0,fUSD,0.00012757,120,1,-100000.0,demand,2026-08-21T03:47:01.451486+00:00
a3e077d1-2261-4018-93da-2dd135b93af0,fUSD,0.0001221,120,1,-12587.13,demand,2026-08-21T03:47:01.451486+00:00
a3e077d1-2261-4018-93da-2dd135b93af0,fUSD,0.000121,7,1,-6000.0,demand,2026-08-21T03:47:01.451486+00:00
a3e077d1-2261-4018-93da-2dd135b93af0,fUSD,0.00014007863013698631,2,53,26053.42136276,offer,2026-08-21T03:47:01.451486+00:00
a3e077d1-2261-4018-93da-2dd135b93af0,fUSD,0.00014008,2,1,150.0,offer,2026-08-21T03:47:01.451486+00:00
a3e077d1-2261-4018-93da-2dd135b93af0,fUSD,0.00014008431506849317,2,1,613.6721359,offer,2026-08-21T03:47:01.451486+00:00
a3e077d1-2261-4018-93da-2dd135b93af0,fUSD,0.0001408045890410959,2,1,606.94403918,offer,2026-08-21T03:47:01.451486+00:00
a3e077d1-2261-4018-93da-2dd135b93af0,fUSD,0.00014098222602739726,2,1,606.40090704,offer,2026-08-21T03:47:01.451486+00:00
a3e077d1-2261-4018-93da-2dd135b93af0,fUSD,0.00014115068493150684,2,1,500.0,offer,2026-08-21T03:47:01.451486+00:00
a3e077d1-2261-4018-93da-2dd135b93af0,fUSD,0.00014123,2,1,200.0,offer,2026-08-21T03:47:01.451486+00:00
a3e077d1-2261-4018-93da-2dd135b93af0,fUSD,0.00014152594999999998,2,1,250.0,offer,2026-08-21T03:47:01.451486+00:00
a3e077d1-2261-4018-93da-2dd135b93af0,fUSD,0.0001419138,2,1,232.63,offer,2026-08-21T03:47:01.451486+00:00
a3e077d1-2261-4018-93da-2dd135b93af0,fUSD,0.00014229114,2,1,333.99750928,offer,2026-08-21T03:47:01.451486+00:00
a3e077d1-2261-4018-93da-2dd135b93af0,fUSD,0.0001423,2,1,150.0,offer,2026-08-21T03:47:01.451486+00:00
a3e077d1-2261-4018-93da-2dd135b93af0,fUSD,0.00014371,2,1,150.0,offer,2026-08-21T03:47:01.451486+00:00
a3e077d1-2261-4018-93da-2dd135b93af0,fUSD,0.00014512,2,1,150.0,offer,2026-08-21T03:47:01.451486+00:00
a3e077d1-2261-4018-93da-2dd135b93af0,fUSD,0.00014653,2,1,150.0,offer,2026-08-21T03:47:01.451486+00:00
a3e077d1-2261-4018-93da-2dd135b93af0,fUSD,0.00014793,2,1,150.0,offer,2026-08-21T03:47:01.451486+00:00
a3e077d1-2261-4018-93da-2dd135b93af0,fUSD,0.00014814,2,1,2076.58310571,offer,2026-08-21T03:47:01.451486+00:00
a3e077d1-2261-4018-93da-2dd135b93af0,fUSD,0.0001482179,2,1,321.44,offer,2026-08-21T03:47:01.451486+00:00
a3e077d1-2261-4018-93da-2dd135b93af0,fUSD,0.00014924,2,1,186.86,offer,2026-08-21T03:47:01.451486+00:00
a3e077d1-2261-4018-93da-2dd135b93af0,fUSD,0.00014934,2,1,150.0,offer,2026-08-21T03:47:01.451486+00:00
a3e077d1-2261-4018-93da-2dd135b93af0,fUSD,0.0001498890410958904,2,1,14515.40907301,offer,2026-08-21T03:47:01.451486+00:00
a3e077d1-2261-4018-93da-2dd135b93af0,fUSD,0.00014999,2,39,18522.26372232,offer,2026-08-21T03:47:01.451486+00:00
a3e077d1-2261-4018-93da-2dd135b93af0,fUSD,0.0001501095890410959,2,1,507.0,offer,2026-08-21T03:47:01.451486+00:00
a3e077d1-2261-4018-93da-2dd135b93af0,fUSD,0.00015075,2,1,150.0,offer,2026-08-21T03:47:01.451486+00:00
a3e077d1-2261-4018-93da-2dd135b93af0,fUSD,0.0001512,2,1,150.0,offer,2026-08-21T03:47:01.451486+00:00
a3e077d1-2261-4018-93da-2dd135b93af0,fUSD,0.00015128,2,1,255.0,offer,2026-08-21T03:47:01.451486+00:00
ba26f1fc-da17-4d74-b3df-9cc0488ddd0b,fUSD,0.000209,30,1,-6289.12258117,demand,2026-08-21T04:47:01.184730+00:00
ba26f1fc-da17-4d74-b3df-9cc0488ddd0b,fUSD,0.00018010999999999998,120,1,-235606.73391109,demand,2026-08-21T04:47:01.184730+00:00
ba26f1fc-da17-4d74-b3df-9cc0488ddd0b,fUSD,0.0001777,120,1,-23123.30278361,demand,2026-08-21T04:47:01.184730+00:00
ba26f1fc-da17-4d74-b3df-9cc0488ddd0b,fUSD,0.000174,120,1,-12350.0,demand,2026-08-21T04:47:01.184730+00:00
ba26f1fc-da17-4d74-b3df-9cc0488ddd0b,fUSD,0.0001713,120,1,-14000.0,demand,2026-08-21T04:47:01.184730+00:00
ba26f1fc-da17-4d74-b3df-9cc0488ddd0b,fUSD,0.0001712,120,1,-20000.0,demand,2026-08-21T04:47:01.184730+00:00
ba26f1fc-da17-4d74-b3df-9cc0488ddd0b,fUSD,0.00017111,120,1,-2000000.0,demand,2026-08-21T04:47:01.184730+00:00
ba26f1fc-da17-4d74-b3df-9cc0488ddd0b,fUSD,0.00016,120,2,-10009162.66122322,demand,2026-08-21T04:47:01.184730+00:00
ba26f1fc-da17-4d74-b3df-9cc0488ddd0b,fUSD,0.0001534,5,1,-63246.74643653,demand,2026-08-21T04:47:01.184730+00:00
ba26f1fc-da17-4d74-b3df-9cc0488ddd0b,fUSD,0.000151,120,1,-10000.0,demand,2026-08-21T04:47:01.184730+00:00
ba26f1fc-da17-4d74-b3df-9cc0488ddd0b,fUSD,0.000151,3,1,-378.19930595,demand,2026-08-21T04:47:01.184730+00:00
ba26f1fc-da17-4d74-b3df-9cc0488ddd0b,fUSD,0.0001502,30,1,-13500.0,demand,2026-08-21T04:47:01.184730+00:00
ba26f1fc-da17-4d74-b3df-9cc0488ddd0b,fUSD,0.00015,90,1,-19550.75,demand,2026-08-21T04:47:01.184730+00:00
ba26f1fc-da17-4d74-b3df-9cc0488ddd0b,fUSD,0.00015,29,1,-218795.0,demand,2026-08-21T04:47:01.184730+00:00
ba26f1fc-da17-4d74-b3df-9cc0488ddd0b,fUSD,0.00015,120,1,-500.0,demand,2026-08-21T04:47:01.184730+00:00
ba26f1fc-da17-4d74-b3df-9cc0488ddd0b,fUSD,0.00015,2,1,-10000.0,demand,2026-08-21T04:47:01.184730+00:00
ba26f1fc-da17-4d74-b3df-9cc0488ddd0b,fUSD,0.00014252,120,1,-10770.76644364,demand,2026-08-21T04:47:01.184730+00:00
ba26f1fc-da17-4d74-b3df-9cc0488ddd0b,fUSD,0.000142,7,2,-34801.97298254,demand,2026-08-21T04:47:01.184730+00:00
ba26f1fc-da17-4d74-b3df-9cc0488ddd0b,fUSD,0.00014120000000000002,30,1,-13500.0,demand,2026-08-21T04:47:01.184730+00:00
ba26f1fc-da17-4d74-b3df-9cc0488ddd0b,fUSD,0.00014000000000000001,2,2,-2172314.43723068,demand,2026-08-21T04:47:01.184730+00:00
ba26f1fc-da17-4d74-b3df-9cc0488ddd0b,fUSD,0.0001342,2,1,-1783904.39862186,demand,2026-08-21T04:47:01.184730+00:00
ba26f1fc-da17-4d74-b3df-9cc0488ddd0b,fUSD,0.000134,2,1,-2000000.0,demand,2026-08-21T04:47:01.184730+00:00
ba26f1fc-da17-4d74-b3df-9cc0488ddd0b,fUSD,0.00013,2,1,-2000000.0,demand,2026-08-21T04:47:01.184730+00:00
ba26f1fc-da17-4d74-b3df-9cc0488ddd0b,fUSD,0.00012757,120,1,-100000.0,demand,2026-08-21T04:47:01.184730+00:00
ba26f1fc-da17-4d74-b3df-9cc0488ddd0b,fUSD,0.0001221,120,1,-12587.13,demand,2026-08-21T04:47:01.184730+00:00
ba26f1fc-da17-4d74-b3df-9cc0488ddd0b,fUSD,0.0001401913698630137,2,46,22585.17468224,offer,2026-08-21T04:47:01.184730+00:00
ba26f1fc-da17-4d74-b3df-9cc0488ddd0b,fUSD,0.0001402013698630137,2,1,36173.09643238,offer,2026-08-21T04:47:01.184730+00:00
ba26f1fc-da17-4d74-b3df-9cc0488ddd0b,fUSD,0.00014026,2,1,150.0,offer,2026-08-21T04:47:01.184730+00:00
ba26f1fc-da17-4d74-b3df-9cc0488ddd0b,fUSD,0.00014026010000000002,2,5,2371.43705534,offer,2026-08-21T04:47:01.184730+00:00
ba26f1fc-da17-4d74-b3df-9cc0488ddd0b,fUSD,0.00014027,2,1,186.86,offer,2026-08-21T04:47:01.184730+00:00
ba26f1fc-da17-4d74-b3df-9cc0488ddd0b,fUSD,0.0001402800125,2,6,39044.37450408,offer,2026-08-21T04:47:01.184730+00:00
ba26f1fc-da17-4d74-b3df-9cc0488ddd0b,fUSD,0.00014028002500000001,2,1,509.96874307,offer,2026-08-21T04:47:01.184730+00:00
ba26f1fc-da17-4d74-b3df-9cc0488ddd0b,fUSD,0.00014028005000000002,2,1,250.0,offer,2026-08-21T04:47:01.184730+00:00
ba26f1fc-da17-4d74-b3df-9cc0488ddd0b,fUSD,0.000140282055,2,3,1806.40090704,offer,2026-08-21T04:47:01.184730+00:00
ba26f1fc-da17-4d74-b3df-9cc0488ddd0b,fUSD,0.00014029041095890411,2,1,500.0,offer,2026-08-21T04:47:01.184730+00:00
ba26f1fc-da17-4d74-b3df-9cc0488ddd0b,fUSD,0.0001403001,2,5,53671.01651499,offer,2026-08-21T04:47:01.184730+00:00
ba26f1fc-da17-4d74-b3df-9cc0488ddd0b,fUSD,0.0001403980410958904,2,1,174.24,offer,2026-08-21T04:47:01.184730+00:00
ba26f1fc-da17-4d74-b3df-9cc0488ddd0b,fUSD,0.00014052,2,1,9769.90915269,offer,2026-08-21T04:47:01.184730+00:00
ba26f1fc-da17-4d74-b3df-9cc0488ddd0b,fUSD,0.00014152,2,1,164.94,offer,2026-08-21T04:47:01.184730+00:00
ba26f1fc-da17-4d74-b3df-9cc0488ddd0b,fUSD,0.00014152190000000004,2,3,33194.68508597,offer,2026-08-21T04:47:01.184730+00:00
ba26f1fc-da17-4d74-b3df-9cc0488ddd0b,fUSD,0.00014167,2,1,150.0,offer,2026-08-21T04:47:01.184730+00:00
ba26f1fc-da17-4d74-b3df-9cc0488ddd0b,fUSD,0.0001419139,2,1,226.64,offer,2026-08-21T04:47:01.184730+00:00
ba26f1fc-da17-4d74-b3df-9cc0488ddd0b,fUSD,0.000142783441,2,1,166.39,offer,2026-08-21T04:47:01.184730+00:00
ba26f1fc-da17-4d74-b3df-9cc0488ddd0b,fUSD,0.00014303013698630136,2,1,500.0,offer,2026-08-21T04:47:01.184730+00:00
ba26f1fc-da17-4d74-b3df-9cc0488ddd0b,fUSD,0.00014308,2,1,150.0,offer,2026-08-21T04:47:01.184730+00:00
ba26f1fc-da17-4d74-b3df-9cc0488ddd0b,fUSD,0.0001442028,2,1,200.0,offer,2026-08-21T04:47:01.184730+00:00
ba26f1fc-da17-4d74-b3df-9cc0488ddd0b,fUSD,0.00014448,2,1,150.0,offer,2026-08-21T04:47:01.184730+00:00
ba26f1fc-da17-4d74-b3df-9cc0488ddd0b,fUSD,0.00014452,2,17,2716.81179901,offer,2026-08-21T04:47:01.184730+00:00
ba26f1fc-da17-4d74-b3df-9cc0488ddd0b,fUSD,0.00014492708219178082,2,1,174.24,offer,2026-08-21T04:47:01.184730+00:00
ba26f1fc-da17-4d74-b3df-9cc0488ddd0b,fUSD,0.0001449657,2,1,788.19,offer,2026-08-21T04:47:01.184730+00:00
c32a5624-a7fd-4ef2-8310-18ad87216a8d,fUSD,0.000209,30,1,-6289.12258117,demand,2026-08-21T05:47:01.257706+00:00
c32a5624-a7fd-4ef2-8310-18ad87216a8d,fUSD,0.00018010999999999998,120,1,-133240.73391109,demand,2026-08-21T05:47:01.257706+00:00
c32a5624-a7fd-4ef2-8310-18ad87216a8d,fUSD,0.0001777,120,1,-23123.30278361,demand,2026-08-21T05:47:01.257706+00:00
c32a5624-a7fd-4ef2-8310-18ad87216a8d,fUSD,0.000174,120,1,-12350.0,demand,2026-08-21T05:47:01.257706+00:00
c32a5624-a7fd-4ef2-8310-18ad87216a8d,fUSD,0.0001713,120,1,-14000.0,demand,2026-08-21T05:47:01.257706+00:00
c32a5624-a7fd-4ef2-8310-18ad87216a8d,fUSD,0.0001712,120,1,-20000.0,demand,2026-08-21T05:47:01.257706+00:00
c32a5624-a7fd-4ef2-8310-18ad87216a8d,fUSD,0.00017111,120,1,-2000000.0,demand,2026-08-21T05:47:01.257706+00:00
c32a5624-a7fd-4ef2-8310-18ad87216a8d,fUSD,0.00016,120,2,-10009162.66122322,demand,2026-08-21T05:47:01.257706+00:00
c32a5624-a7fd-4ef2-8310-18ad87216a8d,fUSD,0.0001534,5,1,-60639.33642907,demand,2026-08-21T05:47:01.257706+00:00
c32a5624-a7fd-4ef2-8310-18ad87216a8d,fUSD,0.000151,120,1,-10000.0,demand,2026-08-21T05:47:01.257706+00:00
c32a5624-a7fd-4ef2-8310-18ad87216a8d,fUSD,0.0001502,30,1,-13500.0,demand,2026-08-21T05:47:01.257706+00:00
c32a5624-a7fd-4ef2-8310-18ad87216a8d,fUSD,0.00015,90,1,-19550.75,demand,2026-08-21T05:47:01.257706+00:00
c32a5624-a7fd-4ef2-8310-18ad87216a8d,fUSD,0.00015,29,1,-218795.0,demand,2026-08-21T05:47:01.257706+00:00
c32a5624-a7fd-4ef2-8310-18ad87216a8d,fUSD,0.00015,120,1,-500.0,demand,2026-08-21T05:47:01.257706+00:00
c32a5624-a7fd-4ef2-8310-18ad87216a8d,fUSD,0.00015,2,1,-10000.0,demand,2026-08-21T05:47:01.257706+00:00
c32a5624-a7fd-4ef2-8310-18ad87216a8d,fUSD,0.00014252,120,1,-10770.76644364,demand,2026-08-21T05:47:01.257706+00:00
c32a5624-a7fd-4ef2-8310-18ad87216a8d,fUSD,0.000142,7,2,-34801.97298254,demand,2026-08-21T05:47:01.257706+00:00
c32a5624-a7fd-4ef2-8310-18ad87216a8d,fUSD,0.00014120000000000002,30,1,-13500.0,demand,2026-08-21T05:47:01.257706+00:00
c32a5624-a7fd-4ef2-8310-18ad87216a8d,fUSD,0.00014000000000000001,2,2,-2098647.01593971,demand,2026-08-21T05:47:01.257706+00:00
c32a5624-a7fd-4ef2-8310-18ad87216a8d,fUSD,0.0001342,2,1,-1783904.39862186,demand,2026-08-21T05:47:01.257706+00:00
c32a5624-a7fd-4ef2-8310-18ad87216a8d,fUSD,0.000134,2,1,-2000000.0,demand,2026-08-21T05:47:01.257706+00:00
c32a5624-a7fd-4ef2-8310-18ad87216a8d,fUSD,0.00013,2,1,-2000000.0,demand,2026-08-21T05:47:01.257706+00:00
c32a5624-a7fd-4ef2-8310-18ad87216a8d,fUSD,0.00012757,120,1,-100000.0,demand,2026-08-21T05:47:01.257706+00:00
c32a5624-a7fd-4ef2-8310-18ad87216a8d,fUSD,0.0001221,120,1,-12587.13,demand,2026-08-21T05:47:01.257706+00:00
c32a5624-a7fd-4ef2-8310-18ad87216a8d,fUSD,0.000121,7,1,-6000.0,demand,2026-08-21T05:47:01.257706+00:00
c32a5624-a7fd-4ef2-8310-18ad87216a8d,fUSD,0.0001400474,2,1,200.0,offer,2026-08-21T05:47:01.257706+00:00
c32a5624-a7fd-4ef2-8310-18ad87216a8d,fUSD,0.00014103,2,1,205.94294563,offer,2026-08-21T05:47:01.257706+00:00
c32a5624-a7fd-4ef2-8310-18ad87216a8d,fUSD,0.00014153,2,1,300.0,offer,2026-08-21T05:47:01.257706+00:00
c32a5624-a7fd-4ef2-8310-18ad87216a8d,fUSD,0.0001420093575342466,2,53,25392.65465076,offer,2026-08-21T05:47:01.257706+00:00
c32a5624-a7fd-4ef2-8310-18ad87216a8d,fUSD,0.00014201,2,1,150.0,offer,2026-08-21T05:47:01.257706+00:00
c32a5624-a7fd-4ef2-8310-18ad87216a8d,fUSD,0.0001420493575342466,2,1,454.54,offer,2026-08-21T05:47:01.257706+00:00
c32a5624-a7fd-4ef2-8310-18ad87216a8d,fUSD,0.0001424573315068493,2,1,300.0,offer,2026-08-21T05:47:01.257706+00:00
c32a5624-a7fd-4ef2-8310-18ad87216a8d,fUSD,0.0001425,2,1,266.0,offer,2026-08-21T05:47:01.257706+00:00
c32a5624-a7fd-4ef2-8310-18ad87216a8d,fUSD,0.0001450873,2,1,207.98,offer,2026-08-21T05:47:01.257706+00:00
c32a5624-a7fd-4ef2-8310-18ad87216a8d,fUSD,0.00014551401506849315,2,1,454.54,offer,2026-08-21T05:47:01.257706+00:00
c32a5624-a7fd-4ef2-8310-18ad87216a8d,fUSD,0.00014634456712328767,2,1,359.62,offer,2026-08-21T05:47:01.257706+00:00
c32a5624-a7fd-4ef2-8310-18ad87216a8d,fUSD,0.0001466,2,1,168.83,offer,2026-08-21T05:47:01.257706+00:00
c32a5624-a7fd-4ef2-8310-18ad87216a8d,fUSD,0.000147,2,1,256.6,offer,2026-08-21T05:47:01.257706+00:00
c32a5624-a7fd-4ef2-8310-18ad87216a8d,fUSD,0.00014765565,2,1,172.64,offer,2026-08-21T05:47:01.257706+00:00
c32a5624-a7fd-4ef2-8310-18ad87216a8d,fUSD,0.00014849409421844044,2,1,477.63,offer,2026-08-21T05:47:01.257706+00:00
c32a5624-a7fd-4ef2-8310-18ad87216a8d,fUSD,0.00014897867260273972,2,1,454.54,offer,2026-08-21T05:47:01.257706+00:00
c32a5624-a7fd-4ef2-8310-18ad87216a8d,fUSD,0.00014899,2,1,205.94294562,offer,2026-08-21T05:47:01.257706+00:00
c32a5624-a7fd-4ef2-8310-18ad87216a8d,fUSD,0.000149,2,2,13917.10100267,offer,2026-08-21T05:47:01.257706+00:00
c32a5624-a7fd-4ef2-8310-18ad87216a8d,fUSD,0.00014959254319102389,2,1,283.77575386,offer,2026-08-21T05:47:01.257706+00:00
c32a5624-a7fd-4ef2-8310-18ad87216a8d,fUSD,0.00014988,2,1,6701.6363695,offer,2026-08-21T05:47:01.257706+00:00
c32a5624-a7fd-4ef2-8310-18ad87216a8d,fUSD,0.0001499,2,1,163.01903427,offer,2026-08-21T05:47:01.257706+00:00
c32a5624-a7fd-4ef2-8310-18ad87216a8d,fUSD,0.00014997,2,3,453.0,offer,2026-08-21T05:47:01.257706+00:00
c32a5624-a7fd-4ef2-8310-18ad87216a8d,fUSD,0.00014998,2,6,2472.88646068,offer,2026-08-21T05:47:01.257706+00:00
c32a5624-a7fd-4ef2-8310-18ad87216a8d,fUSD,0.00014999,2,42,67696.6752425,offer,2026-08-21T05:47:01.257706+00:00
c32a5624-a7fd-4ef2-8310-18ad87216a8d,fUSD,0.00014999001,2,1,300.0,offer,2026-08-21T05:47:01.257706+00:00
2be828f3-2d67-42c6-abd7-f23149ae46f3,fUSD,0.000209,30,1,-6289.12258117,demand,2026-08-21T06:47:01.339764+00:00
2be828f3-2d67-42c6-abd7-f23149ae46f3,fUSD,0.00018010999999999998,120,1,-133240.73391109,demand,2026-08-21T06:47:01.339764+00:00
2be828f3-2d67-42c6-abd7-f23149ae46f3,fUSD,0.0001777,120,1,-23123.30278361,demand,2026-08-21T06:47:01.339764+00:00
2be828f3-2d67-42c6-abd7-f23149ae46f3,fUSD,0.000174,120,1,-12350.0,demand,2026-08-21T06:47:01.339764+00:00
2be828f3-2d67-42c6-abd7-f23149ae46f3,fUSD,0.0001713,120,1,-14000.0,demand,2026-08-21T06:47:01.339764+00:00
2be828f3-2d67-42c6-abd7-f23149ae46f3,fUSD,0.0001712,120,1,-20000.0,demand,2026-08-21T06:47:01.339764+00:00
2be828f3-2d67-42c6-abd7-f23149ae46f3,fUSD,0.00017111,120,1,-2000000.0,demand,2026-08-21T06:47:01.339764+00:00
2be828f3-2d67-42c6-abd7-f23149ae46f3,fUSD,0.00016,120,2,-10009162.66122322,demand,2026-08-21T06:47:01.339764+00:00
2be828f3-2d67-42c6-abd7-f23149ae46f3,fUSD,0.0001534,5,1,-53021.63201772,demand,2026-08-21T06:47:01.339764+00:00
2be828f3-2d67-42c6-abd7-f23149ae46f3,fUSD,0.000151,120,1,-10000.0,demand,2026-08-21T06:47:01.339764+00:00
2be828f3-2d67-42c6-abd7-f23149ae46f3,fUSD,0.0001502,30,1,-13500.0,demand,2026-08-21T06:47:01.339764+00:00
2be828f3-2d67-42c6-abd7-f23149ae46f3,fUSD,0.00015,90,1,-19550.75,demand,2026-08-21T06:47:01.339764+00:00
2be828f3-2d67-42c6-abd7-f23149ae46f3,fUSD,0.00015,29,1,-218795.0,demand,2026-08-21T06:47:01.339764+00:00
2be828f3-2d67-42c6-abd7-f23149ae46f3,fUSD,0.00015,120,1,-500.0,demand,2026-08-21T06:47:01.339764+00:00
2be828f3-2d67-42c6-abd7-f23149ae46f3,fUSD,0.00015,2,1,-10000.0,demand,2026-08-21T06:47:01.339764+00:00
2be828f3-2d67-42c6-abd7-f23149ae46f3,fUSD,0.00014252,120,1,-10770.76644364,demand,2026-08-21T06:47:01.339764+00:00
2be828f3-2d67-42c6-abd7-f23149ae46f3,fUSD,0.000142,7,2,-34801.97298254,demand,2026-08-21T06:47:01.339764+00:00
2be828f3-2d67-42c6-abd7-f23149ae46f3,fUSD,0.00014120000000000002,30,1,-13500.0,demand,2026-08-21T06:47:01.339764+00:00
2be828f3-2d67-42c6-abd7-f23149ae46f3,fUSD,0.00014000000000000001,2,2,-2093851.25757259,demand,2026-08-21T06:47:01.339764+00:00
2be828f3-2d67-42c6-abd7-f23149ae46f3,fUSD,0.0001342,2,1,-1783904.39862186,demand,2026-08-21T06:47:01.339764+00:00
2be828f3-2d67-42c6-abd7-f23149ae46f3,fUSD,0.000134,2,1,-2000000.0,demand,2026-08-21T06:47:01.339764+00:00
2be828f3-2d67-42c6-abd7-f23149ae46f3,fUSD,0.00013,2,1,-2000000.0,demand,2026-08-21T06:47:01.339764+00:00
2be828f3-2d67-42c6-abd7-f23149ae46f3,fUSD,0.00012757,120,1,-100000.0,demand,2026-08-21T06:47:01.339764+00:00
2be828f3-2d67-42c6-abd7-f23149ae46f3,fUSD,0.0001221,120,1,-12587.13,demand,2026-08-21T06:47:01.339764+00:00
2be828f3-2d67-42c6-abd7-f23149ae46f3,fUSD,0.000121,7,1,-6000.0,demand,2026-08-21T06:47:01.339764+00:00
2be828f3-2d67-42c6-abd7-f23149ae46f3,fUSD,0.0001434028,2,1,157.58,offer,2026-08-21T06:47:01.339764+00:00
2be828f3-2d67-42c6-abd7-f23149ae46f3,fUSD,0.0001444461,2,1,1045.56,offer,2026-08-21T06:47:01.339764+00:00
2be828f3-2d67-42c6-abd7-f23149ae46f3,fUSD,0.0001455173,2,1,247.47,offer,2026-08-21T06:47:01.339764+00:00
2be828f3-2d67-42c6-abd7-f23149ae46f3,fUSD,0.0001455473,2,1,236.56,offer,2026-08-21T06:47:01.339764+00:00
2be828f3-2d67-42c6-abd7-f23149ae46f3,fUSD,0.00014638547500000001,2,1,250.0,offer,2026-08-21T06:47:01.339764+00:00
2be828f3-2d67-42c6-abd7-f23149ae46f3,fUSD,0.00014725365,2,1,333.90218598,offer,2026-08-21T06:47:01.339764+00:00
2be828f3-2d67-42c6-abd7-f23149ae46f3,fUSD,0.00014785,2,1,150.0,offer,2026-08-21T06:47:01.339764+00:00
2be828f3-2d67-42c6-abd7-f23149ae46f3,fUSD,0.00014898,2,9,4198.19846936,offer,2026-08-21T06:47:01.339764+00:00
2be828f3-2d67-42c6-abd7-f23149ae46f3,fUSD,0.000149,2,1,10101.69147635,offer,2026-08-21T06:47:01.339764+00:00
2be828f3-2d67-42c6-abd7-f23149ae46f3,fUSD,0.00014932,2,1,150.0,offer,2026-08-21T06:47:01.339764+00:00
2be828f3-2d67-42c6-abd7-f23149ae46f3,fUSD,0.00014971,2,1,188.65,offer,2026-08-21T06:47:01.339764+00:00
2be828f3-2d67-42c6-abd7-f23149ae46f3,fUSD,0.00014998,2,6,1572.72835576,offer,2026-08-21T06:47:01.339764+00:00
2be828f3-2d67-42c6-abd7-f23149ae46f3,fUSD,0.00014999,2,24,89746.18508883,offer,2026-08-21T06:47:01.339764+00:00
2be828f3-2d67-42c6-abd7-f23149ae46f3,fUSD,0.00015,2,26,533617.78133305,offer,2026-08-21T06:47:01.339764+00:00
2be828f3-2d67-42c6-abd7-f23149ae46f3,fUSD,0.0001501095890410959,2,1,507.0,offer,2026-08-21T06:47:01.339764+00:00
2be828f3-2d67-42c6-abd7-f23149ae46f3,fUSD,0.00015093195391342466,2,1,321.11,offer,2026-08-21T06:47:01.339764+00:00
2be828f3-2d67-42c6-abd7-f23149ae46f3,fUSD,0.00015103,2,1,773.05297212,offer,2026-08-21T06:47:01.339764+00:00
2be828f3-2d67-42c6-abd7-f23149ae46f3,fUSD,0.0001512,2,2,650.0,offer,2026-08-21T06:47:01.339764+00:00
2be828f3-2d67-42c6-abd7-f23149ae46f3,fUSD,0.0001515,2,1,200.0,offer,2026-08-21T06:47:01.339764+00:00
2be828f3-2d67-42c6-abd7-f23149ae46f3,fUSD,0.000152,2,1,1675.0,offer,2026-08-21T06:47:01.339764+00:00
2be828f3-2d67-42c6-abd7-f23149ae46f3,fUSD,0.00015216122739726028,2,1,327.99,offer,2026-08-21T06:47:01.339764+00:00
2be828f3-2d67-42c6-abd7-f23149ae46f3,fUSD,0.00015256373473534248,2,1,321.11,offer,2026-08-21T06:47:01.339764+00:00
2be828f3-2d67-42c6-abd7-f23149ae46f3,fUSD,0.0001527894,2,1,474.93,offer,2026-08-21T06:47:01.339764+00:00
2be828f3-2d67-42c6-abd7-f23149ae46f3,fUSD,0.0001529176178082192,2,1,410.24,offer,2026-08-21T06:47:01.339764+00:00
2be828f3-2d67-42c6-abd7-f23149ae46f3,fUSD,0.00015299999999999998,3,1,761.52626182,offer,2026-08-21T06:47:01.339764+00:00
730212a6-5cfa-4992-b137-1f9a814c2d0f,fUSD,0.000209,30,1,-6289.12258117,demand,2026-08-21T07:47:01.583853+00:00
730212a6-5cfa-4992-b137-1f9a814c2d0f,fUSD,0.00018010999999999998,120,1,-133240.73391109,demand,2026-08-21T07:47:01.583853+00:00
730212a6-5cfa-4992-b137-1f9a814c2d0f,fUSD,0.0001777,120,1,-23123.30278361,demand,2026-08-21T07:47:01.583853+00:00
730212a6-5cfa-4992-b137-1f9a814c2d0f,fUSD,0.000174,120,1,-12350.0,demand,2026-08-21T07:47:01.583853+00:00
730212a6-5cfa-4992-b137-1f9a814c2d0f,fUSD,0.0001713,120,1,-14000.0,demand,2026-08-21T07:47:01.583853+00:00
730212a6-5cfa-4992-b137-1f9a814c2d0f,fUSD,0.0001712,120,1,-20000.0,demand,2026-08-21T07:47:01.583853+00:00
730212a6-5cfa-4992-b137-1f9a814c2d0f,fUSD,0.00017111,120,1,-2000000.0,demand,2026-08-21T07:47:01.583853+00:00
730212a6-5cfa-4992-b137-1f9a814c2d0f,fUSD,0.00016,120,2,-10009162.66122322,demand,2026-08-21T07:47:01.583853+00:00
730212a6-5cfa-4992-b137-1f9a814c2d0f,fUSD,0.0001534,5,1,-41734.11153831,demand,2026-08-21T07:47:01.583853+00:00
730212a6-5cfa-4992-b137-1f9a814c2d0f,fUSD,0.000151,120,1,-10000.0,demand,2026-08-21T07:47:01.583853+00:00
730212a6-5cfa-4992-b137-1f9a814c2d0f,fUSD,0.0001502,30,1,-13500.0,demand,2026-08-21T07:47:01.583853+00:00
730212a6-5cfa-4992-b137-1f9a814c2d0f,fUSD,0.00015,90,1,-19550.75,demand,2026-08-21T07:47:01.583853+00:00
730212a6-5cfa-4992-b137-1f9a814c2d0f,fUSD,0.00015,29,1,-218795.0,demand,2026-08-21T07:47:01.583853+00:00
730212a6-5cfa-4992-b137-1f9a814c2d0f,fUSD,0.00015,120,1,-500.0,demand,2026-08-21T07:47:01.583853+00:00
730212a6-5cfa-4992-b137-1f9a814c2d0f,fUSD,0.00015,2,1,-10000.0,demand,2026-08-21T07:47:01.583853+00:00
730212a6-5cfa-4992-b137-1f9a814c2d0f,fUSD,0.00014252,120,1,-10770.76644364,demand,2026-08-21T07:47:01.583853+00:00
730212a6-5cfa-4992-b137-1f9a814c2d0f,fUSD,0.000142,7,2,-34801.97298254,demand,2026-08-21T07:47:01.583853+00:00
730212a6-5cfa-4992-b137-1f9a814c2d0f,fUSD,0.00014120000000000002,30,1,-13500.0,demand,2026-08-21T07:47:01.583853+00:00
730212a6-5cfa-4992-b137-1f9a814c2d0f,fUSD,0.00014000000000000001,2,2,-2027469.22186435,demand,2026-08-21T07:47:01.583853+00:00
730212a6-5cfa-4992-b137-1f9a814c2d0f,fUSD,0.0001342,2,1,-1783904.39862186,demand,2026-08-21T07:47:01.583853+00:00
730212a6-5cfa-4992-b137-1f9a814c2d0f,fUSD,0.000134,2,1,-2000000.0,demand,2026-08-21T07:47:01.583853+00:00
730212a6-5cfa-4992-b137-1f9a814c2d0f,fUSD,0.00013,2,1,-2000000.0,demand,2026-08-21T07:47:01.583853+00:00
730212a6-5cfa-4992-b137-1f9a814c2d0f,fUSD,0.00012757,120,1,-100000.0,demand,2026-08-21T07:47:01.583853+00:00
730212a6-5cfa-4992-b137-1f9a814c2d0f,fUSD,0.0001221,120,1,-12587.13,demand,2026-08-21T07:47:01.583853+00:00
730212a6-5cfa-4992-b137-1f9a814c2d0f,fUSD,0.000121,7,1,-6000.0,demand,2026-08-21T07:47:01.583853+00:00
730212a6-5cfa-4992-b137-1f9a814c2d0f,fUSD,0.00014428580544,2,1,201.15,offer,2026-08-21T07:47:01.583853+00:00
730212a6-5cfa-4992-b137-1f9a814c2d0f,fUSD,0.00014439128489205478,2,1,600.0,offer,2026-08-21T07:47:01.583853+00:00
730212a6-5cfa-4992-b137-1f9a814c2d0f,fUSD,0.00014449676434410958,2,1,440.86767088,offer,2026-08-21T07:47:01.583853+00:00
730212a6-5cfa-4992-b137-1f9a814c2d0f,fUSD,0.00014470772324821918,2,1,250.0,offer,2026-08-21T07:47:01.583853+00:00
730212a6-5cfa-4992-b137-1f9a814c2d0f,fUSD,0.00014491103394104107,2,1,600.0,offer,2026-08-21T07:47:01.583853+00:00
730212a6-5cfa-4992-b137-1f9a814c2d0f,fUSD,0.0001450914,2,1,895.85,offer,2026-08-21T07:47:01.583853+00:00
730212a6-5cfa-4992-b137-1f9a814c2d0f,fUSD,0.00014597347667287671,2,1,201.15,offer,2026-08-21T07:47:01.583853+00:00
730212a6-5cfa-4992-b137-1f9a814c2d0f,fUSD,0.0001460332314157589,2,69,33213.88064146,offer,2026-08-21T07:47:01.583853+00:00
730212a6-5cfa-4992-b137-1f9a814c2d0f,fUSD,0.0001460432314157589,2,1,250.0,offer,2026-08-21T07:47:01.583853+00:00
730212a6-5cfa-4992-b137-1f9a814c2d0f,fUSD,0.00014766114790575342,2,1,201.15,offer,2026-08-21T07:47:01.583853+00:00
730212a6-5cfa-4992-b137-1f9a814c2d0f,fUSD,0.00014799700000000003,2,9,4263.79725001,offer,2026-08-21T07:47:01.583853+00:00
730212a6-5cfa-4992-b137-1f9a814c2d0f,fUSD,0.000148,2,1,150.0,offer,2026-08-21T07:47:01.583853+00:00
730212a6-5cfa-4992-b137-1f9a814c2d0f,fUSD,0.000148027,2,1,1123.84,offer,2026-08-21T07:47:01.583853+00:00
730212a6-5cfa-4992-b137-1f9a814c2d0f,fUSD,0.00014871879726027396,2,1,895.85,offer,2026-08-21T07:47:01.583853+00:00
730212a6-5cfa-4992-b137-1f9a814c2d0f,fUSD,0.00014896,2,5,2181.89,offer,2026-08-21T07:47:01.583853+00:00
730212a6-5cfa-4992-b137-1f9a814c2d0f,fUSD,0.00014898904109589042,2,6,904.0,offer,2026-08-21T07:47:01.583853+00:00
730212a6-5cfa-4992-b137-1f9a814c2d0f,fUSD,0.0001489944144995455,2,1,151.0,offer,2026-08-21T07:47:01.583853+00:00
730212a6-5cfa-4992-b137-1f9a814c2d0f,fUSD,0.00014899978790320053,2,1,208.0,offer,2026-08-21T07:47:01.583853+00:00
730212a6-5cfa-4992-b137-1f9a814c2d0f,fUSD,0.00014900000000000002,2,17,2929.96657427,offer,2026-08-21T07:47:01.583853+00:00
730212a6-5cfa-4992-b137-1f9a814c2d0f,fUSD,0.00014934881913863013,2,1,201.15,offer,2026-08-21T07:47:01.583853+00:00
730212a6-5cfa-4992-b137-1f9a814c2d0f,fUSD,0.00014948,2,1,1005.12,offer,2026-08-21T07:47:01.583853+00:00
730212a6-5cfa-4992-b137-1f9a814c2d0f,fUSD,0.00014999,2,31,15260.5189446,offer,2026-08-21T07:47:01.583853+00:00
730212a6-5cfa-4992-b137-1f9a814c2d0f,fUSD,0.00015,2,5,3735.78537467,offer,2026-08-21T07:47:01.583853+00:00
730212a6-5cfa-4992-b137-1f9a814c2d0f,fUSD,0.0001501095890410959,2,1,507.0,offer,2026-08-21T07:47:01.583853+00:00
730212a6-5cfa-4992-b137-1f9a814c2d0f,fUSD,0.00015103649037150684,2,1,201.15,offer,2026-08-21T07:47:01.583853+00:00
aa8856ee-89dd-40de-844c-e265c0daa698,fUSD,0.000273972602739726,120,1,-13865614.829917,demand,2026-08-21T08:47:01.229669+00:00
aa8856ee-89dd-40de-844c-e265c0daa698,fUSD,0.000209,30,1,-6289.12258117,demand,2026-08-21T08:47:01.229669+00:00
aa8856ee-89dd-40de-844c-e265c0daa698,fUSD,0.00018010999999999998,120,1,-133240.73391109,demand,2026-08-21T08:47:01.229669+00:00
aa8856ee-89dd-40de-844c-e265c0daa698,fUSD,0.0001777,120,1,-23123.30278361,demand,2026-08-21T08:47:01.229669+00:00
aa8856ee-89dd-40de-844c-e265c0daa698,fUSD,0.000174,120,1,-12350.0,demand,2026-08-21T08:47:01.229669+00:00
aa8856ee-89dd-40de-844c-e265c0daa698,fUSD,0.0001713,120,1,-14000.0,demand,2026-08-21T08:47:01.229669+00:00
aa8856ee-89dd-40de-844c-e265c0daa698,fUSD,0.0001712,120,1,-20000.0,demand,2026-08-21T08:47:01.229669+00:00
aa8856ee-89dd-40de-844c-e265c0daa698,fUSD,0.00017111,120,1,-2000000.0,demand,2026-08-21T08:47:01.229669+00:00
aa8856ee-89dd-40de-844c-e265c0daa698,fUSD,0.00016,120,2,-10009162.66122322,demand,2026-08-21T08:47:01.229669+00:00
aa8856ee-89dd-40de-844c-e265c0daa698,fUSD,0.0001534,5,1,-36965.65156992,demand,2026-08-21T08:47:01.229669+00:00
aa8856ee-89dd-40de-844c-e265c0daa698,fUSD,0.000151,120,1,-10000.0,demand,2026-08-21T08:47:01.229669+00:00
aa8856ee-89dd-40de-844c-e265c0daa698,fUSD,0.0001502,30,1,-13500.0,demand,2026-08-21T08:47:01.229669+00:00
aa8856ee-89dd-40de-844c-e265c0daa698,fUSD,0.00015,90,1,-19550.75,demand,2026-08-21T08:47:01.229669+00:00
aa8856ee-89dd-40de-844c-e265c0daa698,fUSD,0.00015,29,1,-218795.0,demand,2026-08-21T08:47:01.229669+00:00
aa8856ee-89dd-40de-844c-e265c0daa698,fUSD,0.00015,120,1,-500.0,demand,2026-08-21T08:47:01.229669+00:00
aa8856ee-89dd-40de-844c-e265c0daa698,fUSD,0.00015,2,1,-10000.0,demand,2026-08-21T08:47:01.229669+00:00
aa8856ee-89dd-40de-844c-e265c0daa698,fUSD,0.00014252,120,1,-10770.76644364,demand,2026-08-21T08:47:01.229669+00:00
aa8856ee-89dd-40de-844c-e265c0daa698,fUSD,0.000142,7,2,-34801.97298254,demand,2026-08-21T08:47:01.229669+00:00
aa8856ee-89dd-40de-844c-e265c0daa698,fUSD,0.00014120000000000002,30,1,-13500.0,demand,2026-08-21T08:47:01.229669+00:00
aa8856ee-89dd-40de-844c-e265c0daa698,fUSD,0.000141,2,1,-96609.02,demand,2026-08-21T08:47:01.229669+00:00
aa8856ee-89dd-40de-844c-e265c0daa698,fUSD,0.00014000000000000001,2,1,-1935959.98950496,demand,2026-08-21T08:47:01.229669+00:00
aa8856ee-89dd-40de-844c-e265c0daa698,fUSD,0.000135912,2,1,-600.884596,demand,2026-08-21T08:47:01.229669+00:00
aa8856ee-89dd-40de-844c-e265c0daa698,fUSD,0.0001342,2,1,-1783904.39862186,demand,2026-08-21T08:47:01.229669+00:00
aa8856ee-89dd-40de-844c-e265c0daa698,fUSD,0.000134,2,1,-2000000.0,demand,2026-08-21T08:47:01.229669+00:00
aa8856ee-89dd-40de-844c-e265c0daa698,fUSD,0.00013,2,1,-2000000.0,demand,2026-08-21T08:47:01.229669+00:00
aa8856ee-89dd-40de-844c-e265c0daa698,fUSD,0.00014286575342465754,2,1,282.094508,offer,2026-08-21T08:47:01.229669+00:00
aa8856ee-89dd-40de-844c-e265c0daa698,fUSD,0.00014358901472,2,29,13811.61653005,offer,2026-08-21T08:47:01.229669+00:00
aa8856ee-89dd-40de-844c-e265c0daa698,fUSD,0.00014762,2,1,150.0,offer,2026-08-21T08:47:01.229669+00:00
aa8856ee-89dd-40de-844c-e265c0daa698,fUSD,0.00014862,2,4,1322.31378704,offer,2026-08-21T08:47:01.229669+00:00
aa8856ee-89dd-40de-844c-e265c0daa698,fUSD,0.00014863,2,3,53396.20507246,offer,2026-08-21T08:47:01.229669+00:00
aa8856ee-89dd-40de-844c-e265c0daa698,fUSD,0.00014879,2,1,12574.30010174,offer,2026-08-21T08:47:01.229669+00:00
aa8856ee-89dd-40de-844c-e265c0daa698,fUSD,0.00014883,2,1,150.0,offer,2026-08-21T08:47:01.229669+00:00
aa8856ee-89dd-40de-844c-e265c0daa698,fUSD,0.00014885,2,1,151.0,offer,2026-08-21T08:47:01.229669+00:00
aa8856ee-89dd-40de-844c-e265c0daa698,fUSD,0.0001489263698630137,2,1,150.0,offer,2026-08-21T08:47:01.229669+00:00
aa8856ee-89dd-40de-844c-e265c0daa698,fUSD,0.000149,2,9,12981.49697085,offer,2026-08-21T08:47:01.229669+00:00
aa8856ee-89dd-40de-844c-e265c0daa698,fUSD,0.00014939469178082193,2,1,150.0,offer,2026-08-21T08:47:01.229669+00:00
aa8856ee-89dd-40de-844c-e265c0daa698,fUSD,0.00014978,2,2,1000.0,offer,2026-08-21T08:47:01.229669+00:00
aa8856ee-89dd-40de-844c-e265c0daa698,fUSD,0.00014979,2,2,629534.5481982,offer,2026-08-21T08:47:01.229669+00:00
aa8856ee-89dd-40de-844c-e265c0daa698,fUSD,0.00014984,2,8,3540.33299115,offer,2026-08-21T08:47:01.229669+00:00
aa8856ee-89dd-40de-844c-e265c0daa698,fUSD,0.0001498499,2,2,404.56,offer,2026-08-21T08:47:01.229669+00:00
aa8856ee-89dd-40de-844c-e265c0daa698,fUSD,0.00014985,2,5,543435.39287357,offer,2026-08-21T08:47:01.229669+00:00
aa8856ee-89dd-40de-844c-e265c0daa698,fUSD,0.00014986301369863012,2,6,900.0,offer,2026-08-21T08:47:01.229669+00:00
aa8856ee-89dd-40de-844c-e265c0daa698,fUSD,0.0001499,2,2,26675.42814515,offer,2026-08-21T08:47:01.229669+00:00
aa8856ee-89dd-40de-844c-e265c0daa698,fUSD,0.0001499590410958904,2,1,151.0,offer,2026-08-21T08:47:01.229669+00:00
aa8856ee-89dd-40de-844c-e265c0daa698,fUSD,0.00014997,2,3,453.0,offer,2026-08-21T08:47:01.229669+00:00
aa8856ee-89dd-40de-844c-e265c0daa698,fUSD,0.00014999,2,76,42185.33694508,offer,2026-08-21T08:47:01.229669+00:00
aa8856ee-89dd-40de-844c-e265c0daa698,fUSD,0.00014999001,2,2,1332.0,offer,2026-08-21T08:47:01.229669+00:00
aa8856ee-89dd-40de-844c-e265c0daa698,fUSD,0.00015,2,5,2171058.48329331,offer,2026-08-21T08:47:01.229669+00:00
aa8856ee-89dd-40de-844c-e265c0daa698,fUSD,0.00015011,2,1,6139.4468748,offer,2026-08-21T08:47:01.229669+00:00
aa8856ee-89dd-40de-844c-e265c0daa698,fUSD,0.00015022529863013698,2,1,316.71,offer,2026-08-21T08:47:01.229669+00:00
8aaeea54-88aa-4c5a-a143-f6b08da55207,fUSD,0.000273972602739726,120,1,-13782862.19226651,demand,2026-08-21T09:47:01.477718+00:00
8aaeea54-88aa-4c5a-a143-f6b08da55207,fUSD,0.000209,30,1,-6289.12258117,demand,2026-08-21T09:47:01.477718+00:00
8aaeea54-88aa-4c5a-a143-f6b08da55207,fUSD,0.00018010999999999998,120,1,-133240.73391109,demand,2026-08-21T09:47:01.477718+00:00
8aaeea54-88aa-4c5a-a143-f6b08da55207,fUSD,0.0001777,120,1,-23123.30278361,demand,2026-08-21T09:47:01.477718+00:00
8aaeea54-88aa-4c5a-a143-f6b08da55207,fUSD,0.000174,120,1,-12350.0,demand,2026-08-21T09:47:01.477718+00:00
8aaeea54-88aa-4c5a-a143-f6b08da55207,fUSD,0.0001713,120,1,-14000.0,demand,2026-08-21T09:47:01.477718+00:00
8aaeea54-88aa-4c5a-a143-f6b08da55207,fUSD,0.0001712,120,1,-20000.0,demand,2026-08-21T09:47:01.477718+00:00
8aaeea54-88aa-4c5a-a143-f6b08da55207,fUSD,0.00017111,120,1,-2000000.0,demand,2026-08-21T09:47:01.477718+00:00
8aaeea54-88aa-4c5a-a143-f6b08da55207,fUSD,0.00016,120,2,-10009162.66122322,demand,2026-08-21T09:47:01.477718+00:00
8aaeea54-88aa-4c5a-a143-f6b08da55207,fUSD,0.0001534,5,1,-31555.5723887,demand,2026-08-21T09:47:01.477718+00:00
8aaeea54-88aa-4c5a-a143-f6b08da55207,fUSD,0.000151,120,1,-10000.0,demand,2026-08-21T09:47:01.477718+00:00
8aaeea54-88aa-4c5a-a143-f6b08da55207,fUSD,0.0001502,30,1,-13500.0,demand,2026-08-21T09:47:01.477718+00:00
8aaeea54-88aa-4c5a-a143-f6b08da55207,fUSD,0.00015,90,1,-19550.75,demand,2026-08-21T09:47:01.477718+00:00
8aaeea54-88aa-4c5a-a143-f6b08da55207,fUSD,0.00015,29,1,-218795.0,demand,2026-08-21T09:47:01.477718+00:00
8aaeea54-88aa-4c5a-a143-f6b08da55207,fUSD,0.00015,120,1,-500.0,demand,2026-08-21T09:47:01.477718+00:00
8aaeea54-88aa-4c5a-a143-f6b08da55207,fUSD,0.00015,2,1,-10000.0,demand,2026-08-21T09:47:01.477718+00:00
8aaeea54-88aa-4c5a-a143-f6b08da55207,fUSD,0.00014252,120,1,-10770.76644364,demand,2026-08-21T09:47:01.477718+00:00
8aaeea54-88aa-4c5a-a143-f6b08da55207,fUSD,0.000142,7,2,-34801.97298254,demand,2026-08-21T09:47:01.477718+00:00
8aaeea54-88aa-4c5a-a143-f6b08da55207,fUSD,0.00014120000000000002,30,1,-13500.0,demand,2026-08-21T09:47:01.477718+00:00
8aaeea54-88aa-4c5a-a143-f6b08da55207,fUSD,0.000141,2,1,-36133.66178185,demand,2026-08-21T09:47:01.477718+00:00
8aaeea54-88aa-4c5a-a143-f6b08da55207,fUSD,0.00014000000000000001,2,1,-1935959.98950496,demand,2026-08-21T09:47:01.477718+00:00
8aaeea54-88aa-4c5a-a143-f6b08da55207,fUSD,0.000135912,2,1,-600.884596,demand,2026-08-21T09:47:01.477718+00:00
8aaeea54-88aa-4c5a-a143-f6b08da55207,fUSD,0.0001342,2,1,-1783904.39862186,demand,2026-08-21T09:47:01.477718+00:00
8aaeea54-88aa-4c5a-a143-f6b08da55207,fUSD,0.000134,2,1,-2000000.0,demand,2026-08-21T09:47:01.477718+00:00
8aaeea54-88aa-4c5a-a143-f6b08da55207,fUSD,0.00013,2,1,-2000000.0,demand,2026-08-21T09:47:01.477718+00:00
8aaeea54-88aa-4c5a-a143-f6b08da55207,fUSD,0.00014236986301369864,2,1,150.0,offer,2026-08-21T09:47:01.477718+00:00
8aaeea54-88aa-4c5a-a143-f6b08da55207,fUSD,0.00014259355583013698,2,1,210.83,offer,2026-08-21T09:47:01.477718+00:00
8aaeea54-88aa-4c5a-a143-f6b08da55207,fUSD,0.00014293344187260273,2,1,150.75259111,offer,2026-08-21T09:47:01.477718+00:00
8aaeea54-88aa-4c5a-a143-f6b08da55207,fUSD,0.00014320267671232877,2,1,936.81,offer,2026-08-21T09:47:01.477718+00:00
8aaeea54-88aa-4c5a-a143-f6b08da55207,fUSD,0.0001439531,2,1,150.0,offer,2026-08-21T09:47:01.477718+00:00
8aaeea54-88aa-4c5a-a143-f6b08da55207,fUSD,0.00014420478870684933,2,1,210.83,offer,2026-08-21T09:47:01.477718+00:00
8aaeea54-88aa-4c5a-a143-f6b08da55207,fUSD,0.0001447119,2,1,551.88552459,offer,2026-08-21T09:47:01.477718+00:00
8aaeea54-88aa-4c5a-a143-f6b08da55207,fUSD,0.0001447219,2,1,3224.12,offer,2026-08-21T09:47:01.477718+00:00
8aaeea54-88aa-4c5a-a143-f6b08da55207,fUSD,0.0001456461,2,2,451.02,offer,2026-08-21T09:47:01.477718+00:00
8aaeea54-88aa-4c5a-a143-f6b08da55207,fUSD,0.00014581602158356165,2,1,210.83,offer,2026-08-21T09:47:01.477718+00:00
8aaeea54-88aa-4c5a-a143-f6b08da55207,fUSD,0.00014611643835616436,2,1,150.0,offer,2026-08-21T09:47:01.477718+00:00
8aaeea54-88aa-4c5a-a143-f6b08da55207,fUSD,0.00014629675,2,1,151.0,offer,2026-08-21T09:47:01.477718+00:00
8aaeea54-88aa-4c5a-a143-f6b08da55207,fUSD,0.00014669555342465752,2,1,936.81,offer,2026-08-21T09:47:01.477718+00:00
8aaeea54-88aa-4c5a-a143-f6b08da55207,fUSD,0.0001470866,2,5,1714.52022475,offer,2026-08-21T09:47:01.477718+00:00
8aaeea54-88aa-4c5a-a143-f6b08da55207,fUSD,0.00014709,2,1,150.0,offer,2026-08-21T09:47:01.477718+00:00
8aaeea54-88aa-4c5a-a143-f6b08da55207,fUSD,0.0001470966,2,5,21347.5,offer,2026-08-21T09:47:01.477718+00:00
8aaeea54-88aa-4c5a-a143-f6b08da55207,fUSD,0.0001471066,2,1,6962.83,offer,2026-08-21T09:47:01.477718+00:00
8aaeea54-88aa-4c5a-a143-f6b08da55207,fUSD,0.00014742725446027397,2,1,210.83,offer,2026-08-21T09:47:01.477718+00:00
8aaeea54-88aa-4c5a-a143-f6b08da55207,fUSD,0.0001477762,2,1,150.0,offer,2026-08-21T09:47:01.477718+00:00
8aaeea54-88aa-4c5a-a143-f6b08da55207,fUSD,0.00014792876712328766,2,1,486.09935007,offer,2026-08-21T09:47:01.477718+00:00
8aaeea54-88aa-4c5a-a143-f6b08da55207,fUSD,0.0001479396,2,4,8317.86,offer,2026-08-21T09:47:01.477718+00:00
8aaeea54-88aa-4c5a-a143-f6b08da55207,fUSD,0.000148,2,1,2868.27089761,offer,2026-08-21T09:47:01.477718+00:00
8aaeea54-88aa-4c5a-a143-f6b08da55207,fUSD,0.000149,2,3,12371.95645786,offer,2026-08-21T09:47:01.477718+00:00
8aaeea54-88aa-4c5a-a143-f6b08da55207,fUSD,0.0001490384873369863,2,1,210.83,offer,2026-08-21T09:47:01.477718+00:00
8aaeea54-88aa-4c5a-a143-f6b08da55207,fUSD,0.00014986301369863012,2,1,150.0,offer,2026-08-21T09:47:01.477718+00:00
f460f1b8-c5e9-4be5-bae4-0ada72912f08,fUSD,0.000273972602739726,120,1,-13769468.14326751,demand,2026-08-21T10:47:01.629937+00:00
f460f1b8-c5e9-4be5-bae4-0ada72912f08,fUSD,0.000209,30,1,-6289.12258117,demand,2026-08-21T10:47:01.629937+00:00
f460f1b8-c5e9-4be5-bae4-0ada72912f08,fUSD,0.00018010999999999998,120,1,-133240.73391109,demand,2026-08-21T10:47:01.629937+00:00
f460f1b8-c5e9-4be5-bae4-0ada72912f08,fUSD,0.0001777,120,1,-23123.30278361,demand,2026-08-21T10:47:01.629937+00:00
f460f1b8-c5e9-4be5-bae4-0ada72912f08,fUSD,0.000174,120,1,-12350.0,demand,2026-08-21T10:47:01.629937+00:00
f460f1b8-c5e9-4be5-bae4-0ada72912f08,fUSD,0.0001713,120,1,-14000.0,demand,2026-08-21T10:47:01.629937+00:00
f460f1b8-c5e9-4be5-bae4-0ada72912f08,fUSD,0.0001712,120,1,-20000.0,demand,2026-08-21T10:47:01.629937+00:00
f460f1b8-c5e9-4be5-bae4-0ada72912f08,fUSD,0.00017111,120,1,-2000000.0,demand,2026-08-21T10:47:01.629937+00:00
f460f1b8-c5e9-4be5-bae4-0ada72912f08,fUSD,0.00016,120,2,-10009162.66122322,demand,2026-08-21T10:47:01.629937+00:00
f460f1b8-c5e9-4be5-bae4-0ada72912f08,fUSD,0.0001534,5,1,-30842.25491287,demand,2026-08-21T10:47:01.629937+00:00
f460f1b8-c5e9-4be5-bae4-0ada72912f08,fUSD,0.000151,120,1,-10000.0,demand,2026-08-21T10:47:01.629937+00:00
f460f1b8-c5e9-4be5-bae4-0ada72912f08,fUSD,0.0001502,30,1,-13500.0,demand,2026-08-21T10:47:01.629937+00:00
f460f1b8-c5e9-4be5-bae4-0ada72912f08,fUSD,0.00015,90,1,-19550.75,demand,2026-08-21T10:47:01.629937+00:00
f460f1b8-c5e9-4be5-bae4-0ada72912f08,fUSD,0.00015,29,1,-218795.0,demand,2026-08-21T10:47:01.629937+00:00
f460f1b8-c5e9-4be5-bae4-0ada72912f08,fUSD,0.00015,120,1,-500.0,demand,2026-08-21T10:47:01.629937+00:00
f460f1b8-c5e9-4be5-bae4-0ada72912f08,fUSD,0.00015,2,1,-10000.0,demand,2026-08-21T10:47:01.629937+00:00
f460f1b8-c5e9-4be5-bae4-0ada72912f08,fUSD,0.00014252,120,1,-10770.76644364,demand,2026-08-21T10:47:01.629937+00:00
f460f1b8-c5e9-4be5-bae4-0ada72912f08,fUSD,0.000142,7,2,-34801.97298254,demand,2026-08-21T10:47:01.629937+00:00
f460f1b8-c5e9-4be5-bae4-0ada72912f08,fUSD,0.00014120000000000002,30,1,-13500.0,demand,2026-08-21T10:47:01.629937+00:00
f460f1b8-c5e9-4be5-bae4-0ada72912f08,fUSD,0.00014000000000000001,2,1,-1930987.81950496,demand,2026-08-21T10:47:01.629937+00:00
f460f1b8-c5e9-4be5-bae4-0ada72912f08,fUSD,0.000135912,2,1,-600.884596,demand,2026-08-21T10:47:01.629937+00:00
f460f1b8-c5e9-4be5-bae4-0ada72912f08,fUSD,0.0001342,2,1,-1783904.39862186,demand,2026-08-21T10:47:01.629937+00:00
f460f1b8-c5e9-4be5-bae4-0ada72912f08,fUSD,0.000134,2,1,-2000000.0,demand,2026-08-21T10:47:01.629937+00:00
f460f1b8-c5e9-4be5-bae4-0ada72912f08,fUSD,0.00013,2,1,-2000000.0,demand,2026-08-21T10:47:01.629937+00:00
f460f1b8-c5e9-4be5-bae4-0ada72912f08,fUSD,0.00012757,120,1,-100000.0,demand,2026-08-21T10:47:01.629937+00:00
f460f1b8-c5e9-4be5-bae4-0ada72912f08,fUSD,0.0001403612,2,1,213.42,offer,2026-08-21T10:47:01.629937+00:00
f460f1b8-c5e9-4be5-bae4-0ada72912f08,fUSD,0.00014063607868520546,2,1,346.15353257,offer,2026-08-21T10:47:01.629937+00:00
f460f1b8-c5e9-4be5-bae4-0ada72912f08,fUSD,0.0001414607147408219,2,1,216.12,offer,2026-08-21T10:47:01.629937+00:00
f460f1b8-c5e9-4be5-bae4-0ada72912f08,fUSD,0.0001425,2,2,1656.66081193,offer,2026-08-21T10:47:01.629937+00:00
f460f1b8-c5e9-4be5-bae4-0ada72912f08,fUSD,0.00014254351232876713,2,1,382.87,offer,2026-08-21T10:47:01.629937+00:00
f460f1b8-c5e9-4be5-bae4-0ada72912f08,fUSD,0.0001430412626860274,2,1,216.12,offer,2026-08-21T10:47:01.629937+00:00
f460f1b8-c5e9-4be5-bae4-0ada72912f08,fUSD,0.00014361,2,1,153.16221942,offer,2026-08-21T10:47:01.629937+00:00
f460f1b8-c5e9-4be5-bae4-0ada72912f08,fUSD,0.000143997811,2,1,163.66,offer,2026-08-21T10:47:01.629937+00:00
f460f1b8-c5e9-4be5-bae4-0ada72912f08,fUSD,0.0001444863753424658,2,24,11115.00968471,offer,2026-08-21T10:47:01.629937+00:00
f460f1b8-c5e9-4be5-bae4-0ada72912f08,fUSD,0.00014449,2,1,150.0,offer,2026-08-21T10:47:01.629937+00:00
f460f1b8-c5e9-4be5-bae4-0ada72912f08,fUSD,0.00014461181063123288,2,4,1456.01528371,offer,2026-08-21T10:47:01.629937+00:00
f460f1b8-c5e9-4be5-bae4-0ada72912f08,fUSD,0.00014462181063123287,2,5,17929.58,offer,2026-08-21T10:47:01.629937+00:00
f460f1b8-c5e9-4be5-bae4-0ada72912f08,fUSD,0.00014492439589041097,2,1,231.93,offer,2026-08-21T10:47:01.629937+00:00
f460f1b8-c5e9-4be5-bae4-0ada72912f08,fUSD,0.0001451806,2,26,19659.58157525,offer,2026-08-21T10:47:01.629937+00:00
f460f1b8-c5e9-4be5-bae4-0ada72912f08,fUSD,0.00014573060000000002,2,14,50373.08596032,offer,2026-08-21T10:47:01.629937+00:00
f460f1b8-c5e9-4be5-bae4-0ada72912f08,fUSD,0.00014602022465753426,2,1,382.87,offer,2026-08-21T10:47:01.629937+00:00
f460f1b8-c5e9-4be5-bae4-0ada72912f08,fUSD,0.00014620235857643835,2,1,216.12,offer,2026-08-21T10:47:01.629937+00:00
f460f1b8-c5e9-4be5-bae4-0ada72912f08,fUSD,0.00014628060000000003,2,2,3474.13967209,offer,2026-08-21T10:47:01.629937+00:00
f460f1b8-c5e9-4be5-bae4-0ada72912f08,fUSD,0.00014683060000000002,2,1,158.9396721,offer,2026-08-21T10:47:01.629937+00:00
f460f1b8-c5e9-4be5-bae4-0ada72912f08,fUSD,0.0001473806,2,1,158.93967213,offer,2026-08-21T10:47:01.629937+00:00
f460f1b8-c5e9-4be5-bae4-0ada72912f08,fUSD,0.00014778290652164383,2,2,390.02,offer,2026-08-21T10:47:01.629937+00:00
f460f1b8-c5e9-4be5-bae4-0ada72912f08,fUSD,0.00014792060000000002,2,2,305.99941214,offer,2026-08-21T10:47:01.629937+00:00
f460f1b8-c5e9-4be5-bae4-0ada72912f08,fUSD,0.00014799,2,1,6211.91895878,offer,2026-08-21T10:47:01.629937+00:00
f460f1b8-c5e9-4be5-bae4-0ada72912f08,fUSD,0.000148,2,3,28860.51406473,offer,2026-08-21T10:47:01.629937+00:00
f460f1b8-c5e9-4be5-bae4-0ada72912f08,fUSD,0.00014815353770412164,2,2,1799.0,offer,2026-08-21T10:47:01.629937+00:00
1027e1fd-73a9-455e-bbb9-547d7eca8b20,fUSD,0.000273972602739726,120,1,-13767586.38284051,demand,2026-08-21T11:47:01.301541+00:00
1027e1fd-73a9-455e-bbb9-547d7eca8b20,fUSD,0.000209,30,1,-6289.12258117,demand,2026-08-21T11:47:01.301541+00:00
1027e1fd-73a9-455e-bbb9-547d7eca8b20,fUSD,0.00018010999999999998,120,1,-133240.73391109,demand,2026-08-21T11:47:01.301541+00:00
1027e1fd-73a9-455e-bbb9-547d7eca8b20,fUSD,0.0001777,120,1,-23123.30278361,demand,2026-08-21T11:47:01.301541+00:00
1027e1fd-73a9-455e-bbb9-547d7eca8b20,fUSD,0.000174,120,1,-12350.0,demand,2026-08-21T11:47:01.301541+00:00
1027e1fd-73a9-455e-bbb9-547d7eca8b20,fUSD,0.0001713,120,1,-14000.0,demand,2026-08-21T11:47:01.301541+00:00
1027e1fd-73a9-455e-bbb9-547d7eca8b20,fUSD,0.0001712,120,1,-20000.0,demand,2026-08-21T11:47:01.301541+00:00
1027e1fd-73a9-455e-bbb9-547d7eca8b20,fUSD,0.00017111,120,1,-2000000.0,demand,2026-08-21T11:47:01.301541+00:00
1027e1fd-73a9-455e-bbb9-547d7eca8b20,fUSD,0.00016,120,2,-10009162.66122322,demand,2026-08-21T11:47:01.301541+00:00
1027e1fd-73a9-455e-bbb9-547d7eca8b20,fUSD,0.0001534,5,1,-1742.33085997,demand,2026-08-21T11:47:01.301541+00:00
1027e1fd-73a9-455e-bbb9-547d7eca8b20,fUSD,0.000151,120,1,-10000.0,demand,2026-08-21T11:47:01.301541+00:00
1027e1fd-73a9-455e-bbb9-547d7eca8b20,fUSD,0.0001502,30,1,-13500.0,demand,2026-08-21T11:47:01.301541+00:00
1027e1fd-73a9-455e-bbb9-547d7eca8b20,fUSD,0.00015,90,1,-19550.75,demand,2026-08-21T11:47:01.301541+00:00
1027e1fd-73a9-455e-bbb9-547d7eca8b20,fUSD,0.00015,29,1,-218795.0,demand,2026-08-21T11:47:01.301541+00:00
1027e1fd-73a9-455e-bbb9-547d7eca8b20,fUSD,0.00015,120,1,-500.0,demand,2026-08-21T11:47:01.301541+00:00
1027e1fd-73a9-455e-bbb9-547d7eca8b20,fUSD,0.00015,2,1,-10000.0,demand,2026-08-21T11:47:01.301541+00:00
1027e1fd-73a9-455e-bbb9-547d7eca8b20,fUSD,0.00014252,120,1,-10770.76644364,demand,2026-08-21T11:47:01.301541+00:00
1027e1fd-73a9-455e-bbb9-547d7eca8b20,fUSD,0.000142,7,2,-34801.97298254,demand,2026-08-21T11:47:01.301541+00:00
1027e1fd-73a9-455e-bbb9-547d7eca8b20,fUSD,0.00014120000000000002,30,1,-13500.0,demand,2026-08-21T11:47:01.301541+00:00
1027e1fd-73a9-455e-bbb9-547d7eca8b20,fUSD,0.00014000000000000001,2,1,-1916437.25838347,demand,2026-08-21T11:47:01.301541+00:00
1027e1fd-73a9-455e-bbb9-547d7eca8b20,fUSD,0.000135912,2,1,-600.884596,demand,2026-08-21T11:47:01.301541+00:00
1027e1fd-73a9-455e-bbb9-547d7eca8b20,fUSD,0.0001342,2,1,-1783904.39862186,demand,2026-08-21T11:47:01.301541+00:00
1027e1fd-73a9-455e-bbb9-547d7eca8b20,fUSD,0.000134,2,1,-2000000.0,demand,2026-08-21T11:47:01.301541+00:00
1027e1fd-73a9-455e-bbb9-547d7eca8b20,fUSD,0.00013,2,1,-2000000.0,demand,2026-08-21T11:47:01.301541+00:00
1027e1fd-73a9-455e-bbb9-547d7eca8b20,fUSD,0.00012757,120,1,-100000.0,demand,2026-08-21T11:47:01.301541+00:00
1027e1fd-73a9-455e-bbb9-547d7eca8b20,fUSD,0.00014998904109589042,2,16,11353.7972997,offer,2026-08-21T11:47:01.301541+00:00
1027e1fd-73a9-455e-bbb9-547d7eca8b20,fUSD,0.0001499895205479452,2,1,404.28125551,offer,2026-08-21T11:47:01.301541+00:00
1027e1fd-73a9-455e-bbb9-547d7eca8b20,fUSD,0.00014999,2,11,5348.79556384,offer,2026-08-21T11:47:01.301541+00:00
1027e1fd-73a9-455e-bbb9-547d7eca8b20,fUSD,0.00015,2,1,199.45085001,offer,2026-08-21T11:47:01.301541+00:00
1027e1fd-73a9-455e-bbb9-547d7eca8b20,fUSD,0.00015131999999999998,2,2,5000.0,offer,2026-08-21T11:47:01.301541+00:00
1027e1fd-73a9-455e-bbb9-547d7eca8b20,fUSD,0.000153,2,1,371.11536961,offer,2026-08-21T11:47:01.301541+00:00
1027e1fd-73a9-455e-bbb9-547d7eca8b20,fUSD,0.00015390839166666665,2,11,4831.55925349,offer,2026-08-21T11:47:01.301541+00:00
1027e1fd-73a9-455e-bbb9-547d7eca8b20,fUSD,0.00015633,2,1,255.0,offer,2026-08-21T11:47:01.301541+00:00
1027e1fd-73a9-455e-bbb9-547d7eca8b20,fUSD,0.00015938839166666665,2,6,4045.65317879,offer,2026-08-21T11:47:01.301541+00:00
1027e1fd-73a9-455e-bbb9-547d7eca8b20,fUSD,0.00015967347830151373,2,1,250.0,offer,2026-08-21T11:47:01.301541+00:00
1027e1fd-73a9-455e-bbb9-547d7eca8b20,fUSD,0.00015967363590766912,2,3,1095.37242883,offer,2026-08-21T11:47:01.301541+00:00
1027e1fd-73a9-455e-bbb9-547d7eca8b20,fUSD,0.00015968383561643836,2,1,250.0,offer,2026-08-21T11:47:01.301541+00:00
1027e1fd-73a9-455e-bbb9-547d7eca8b20,fUSD,0.0001601652739726028,2,1,250.0,offer,2026-08-21T11:47:01.301541+00:00
1027e1fd-73a9-455e-bbb9-547d7eca8b20,fUSD,0.00016116035455278005,2,1,3136.69,offer,2026-08-21T11:47:01.301541+00:00
1027e1fd-73a9-455e-bbb9-547d7eca8b20,fUSD,0.0001615725,2,1,371.11536961,offer,2026-08-21T11:47:01.301541+00:00
1027e1fd-73a9-455e-bbb9-547d7eca8b20,fUSD,0.0001616,2,1,283.06731702,offer,2026-08-21T11:47:01.301541+00:00
1027e1fd-73a9-455e-bbb9-547d7eca8b20,fUSD,0.00016161,2,4,8248.50362428,offer,2026-08-21T11:47:01.301541+00:00
1027e1fd-73a9-455e-bbb9-547d7eca8b20,fUSD,0.0001616109589041096,2,1,315.63313201,offer,2026-08-21T11:47:01.301541+00:00
1027e1fd-73a9-455e-bbb9-547d7eca8b20,fUSD,0.0001625424,2,1,403.88,offer,2026-08-21T11:47:01.301541+00:00
1027e1fd-73a9-455e-bbb9-547d7eca8b20,fUSD,0.0001627679,2,1,210.84,offer,2026-08-21T11:47:01.301541+00:00
1027e1fd-73a9-455e-bbb9-547d7eca8b20,fUSD,0.0001635715,2,1,618.7,offer,2026-08-21T11:47:01.301541+00:00
1027e1fd-73a9-455e-bbb9-547d7eca8b20,fUSD,0.00016438,2,1,605.00024749,offer,2026-08-21T11:47:01.301541+00:00
1027e1fd-73a9-455e-bbb9-547d7eca8b20,fUSD,0.00016486839166666666,2,5,3545.65317879,offer,2026-08-21T11:47:01.301541+00:00
1027e1fd-73a9-455e-bbb9-547d7eca8b20,fUSD,0.00016759839166666666,2,1,151.0,offer,2026-08-21T11:47:01.301541+00:00
1027e1fd-73a9-455e-bbb9-547d7eca8b20,fUSD,0.000168061,2,1,187.36,offer,2026-08-21T11:47:01.301541+00:00
aeb75d46-4fbd-4c9d-b6e5-8a2228bf51f1,fUSD,0.000273972602739726,120,1,-13742281.61554843,demand,2026-08-21T12:47:01.348616+00:00
aeb75d46-4fbd-4c9d-b6e5-8a2228bf51f1,fUSD,0.000209,30,1,-6289.12258117,demand,2026-08-21T12:47:01.348616+00:00
aeb75d46-4fbd-4c9d-b6e5-8a2228bf51f1,fUSD,0.00018010999999999998,120,1,-133240.73391109,demand,2026-08-21T12:47:01.348616+00:00
aeb75d46-4fbd-4c9d-b6e5-8a2228bf51f1,fUSD,0.0001777,120,1,-23123.30278361,demand,2026-08-21T12:47:01.348616+00:00
aeb75d46-4fbd-4c9d-b6e5-8a2228bf51f1,fUSD,0.000174,120,1,-12350.0,demand,2026-08-21T12:47:01.348616+00:00
aeb75d46-4fbd-4c9d-b6e5-8a2228bf51f1,fUSD,0.0001713,120,1,-14000.0,demand,2026-08-21T12:47:01.348616+00:00
aeb75d46-4fbd-4c9d-b6e5-8a2228bf51f1,fUSD,0.0001712,120,1,-20000.0,demand,2026-08-21T12:47:01.348616+00:00
aeb75d46-4fbd-4c9d-b6e5-8a2228bf51f1,fUSD,0.00017111,120,1,-2000000.0,demand,2026-08-21T12:47:01.348616+00:00
aeb75d46-4fbd-4c9d-b6e5-8a2228bf51f1,fUSD,0.00016,120,2,-10009162.66122322,demand,2026-08-21T12:47:01.348616+00:00
aeb75d46-4fbd-4c9d-b6e5-8a2228bf51f1,fUSD,0.000151,120,1,-10000.0,demand,2026-08-21T12:47:01.348616+00:00
aeb75d46-4fbd-4c9d-b6e5-8a2228bf51f1,fUSD,0.0001502,30,1,-13500.0,demand,2026-08-21T12:47:01.348616+00:00
aeb75d46-4fbd-4c9d-b6e5-8a2228bf51f1,fUSD,0.00015,90,1,-19550.75,demand,2026-08-21T12:47:01.348616+00:00
aeb75d46-4fbd-4c9d-b6e5-8a2228bf51f1,fUSD,0.00015,29,1,-218795.0,demand,2026-08-21T12:47:01.348616+00:00
aeb75d46-4fbd-4c9d-b6e5-8a2228bf51f1,fUSD,0.00015,120,1,-500.0,demand,2026-08-21T12:47:01.348616+00:00
aeb75d46-4fbd-4c9d-b6e5-8a2228bf51f1,fUSD,0.00015,2,1,-10000.0,demand,2026-08-21T12:47:01.348616+00:00
aeb75d46-4fbd-4c9d-b6e5-8a2228bf51f1,fUSD,0.00014252,120,1,-10770.76644364,demand,2026-08-21T12:47:01.348616+00:00
aeb75d46-4fbd-4c9d-b6e5-8a2228bf51f1,fUSD,0.000142,7,2,-34801.97298254,demand,2026-08-21T12:47:01.348616+00:00
aeb75d46-4fbd-4c9d-b6e5-8a2228bf51f1,fUSD,0.00014120000000000002,30,1,-13500.0,demand,2026-08-21T12:47:01.348616+00:00
aeb75d46-4fbd-4c9d-b6e5-8a2228bf51f1,fUSD,0.00014000000000000001,2,1,-1907016.13838347,demand,2026-08-21T12:47:01.348616+00:00
aeb75d46-4fbd-4c9d-b6e5-8a2228bf51f1,fUSD,0.000134673,2,1,-600.884596,demand,2026-08-21T12:47:01.348616+00:00
aeb75d46-4fbd-4c9d-b6e5-8a2228bf51f1,fUSD,0.0001342,2,1,-1783904.39862186,demand,2026-08-21T12:47:01.348616+00:00
aeb75d46-4fbd-4c9d-b6e5-8a2228bf51f1,fUSD,0.000134,2,1,-2000000.0,demand,2026-08-21T12:47:01.348616+00:00
aeb75d46-4fbd-4c9d-b6e5-8a2228bf51f1,fUSD,0.00013,2,1,-2000000.0,demand,2026-08-21T12:47:01.348616+00:00
aeb75d46-4fbd-4c9d-b6e5-8a2228bf51f1,fUSD,0.00012757,120,1,-100000.0,demand,2026-08-21T12:47:01.348616+00:00
aeb75d46-4fbd-4c9d-b6e5-8a2228bf51f1,fUSD,0.0001221,120,1,-12587.13,demand,2026-08-21T12:47:01.348616+00:00
aeb75d46-4fbd-4c9d-b6e5-8a2228bf51f1,fUSD,0.00014873375,2,1,261.95449243,offer,2026-08-21T12:47:01.348616+00:00
aeb75d46-4fbd-4c9d-b6e5-8a2228bf51f1,fUSD,0.000148856875,2,1,162.0275388,offer,2026-08-21T12:47:01.348616+00:00
aeb75d46-4fbd-4c9d-b6e5-8a2228bf51f1,fUSD,0.00014898,7,1,171.77853257,offer,2026-08-21T12:47:01.348616+00:00
aeb75d46-4fbd-4c9d-b6e5-8a2228bf51f1,fUSD,0.00014899,2,1,169.33716446,offer,2026-08-21T12:47:01.348616+00:00
aeb75d46-4fbd-4c9d-b6e5-8a2228bf51f1,fUSD,0.00014998904109589042,2,6,906.0,offer,2026-08-21T12:47:01.348616+00:00
aeb75d46-4fbd-4c9d-b6e5-8a2228bf51f1,fUSD,0.00014998904109589042,7,1,185.30063342,offer,2026-08-21T12:47:01.348616+00:00
aeb75d46-4fbd-4c9d-b6e5-8a2228bf51f1,fUSD,0.00014999,2,2,748.04719791,offer,2026-08-21T12:47:01.348616+00:00
aeb75d46-4fbd-4c9d-b6e5-8a2228bf51f1,fUSD,0.0001519596,7,1,230.33771574,offer,2026-08-21T12:47:01.348616+00:00
aeb75d46-4fbd-4c9d-b6e5-8a2228bf51f1,fUSD,0.0001608984,7,1,345.50657364,offer,2026-08-21T12:47:01.348616+00:00
aeb75d46-4fbd-4c9d-b6e5-8a2228bf51f1,fUSD,0.000163607125,2,3,1400.0,offer,2026-08-21T12:47:01.348616+00:00
aeb75d46-4fbd-4c9d-b6e5-8a2228bf51f1,fUSD,0.00017129,2,10,4901.920431,offer,2026-08-21T12:47:01.348616+00:00
aeb75d46-4fbd-4c9d-b6e5-8a2228bf51f1,fUSD,0.0001713,2,15,15371.06,offer,2026-08-21T12:47:01.348616+00:00
aeb75d46-4fbd-4c9d-b6e5-8a2228bf51f1,fUSD,0.0001713,7,7,9904.02,offer,2026-08-21T12:47:01.348616+00:00
aeb75d46-4fbd-4c9d-b6e5-8a2228bf51f1,fUSD,0.0001795591,2,1,162.42,offer,2026-08-21T12:47:01.348616+00:00
aeb75d46-4fbd-4c9d-b6e5-8a2228bf51f1,fUSD,0.000181,2,1,212.57389936,offer,2026-08-21T12:47:01.348616+00:00
aeb75d46-4fbd-4c9d-b6e5-8a2228bf51f1,fUSD,0.0001812602,2,1,174.61,offer,2026-08-21T12:47:01.348616+00:00
aeb75d46-4fbd-4c9d-b6e5-8a2228bf51f1,fUSD,0.00018225,2,1,336.0,offer,2026-08-21T12:47:01.348616+00:00
aeb75d46-4fbd-4c9d-b6e5-8a2228bf51f1,fUSD,0.0001849875,2,1,150.0,offer,2026-08-21T12:47:01.348616+00:00
aeb75d46-4fbd-4c9d-b6e5-8a2228bf51f1,fUSD,0.000185,2,5,6496.02811796,offer,2026-08-21T12:47:01.348616+00:00
aeb75d46-4fbd-4c9d-b6e5-8a2228bf51f1,fUSD,0.0001851026542305335,2,4,1754.84562688,offer,2026-08-21T12:47:01.348616+00:00
aeb75d46-4fbd-4c9d-b6e5-8a2228bf51f1,fUSD,0.000187,2,5,6496.02811796,offer,2026-08-21T12:47:01.348616+00:00
aeb75d46-4fbd-4c9d-b6e5-8a2228bf51f1,fUSD,0.000188,2,1,12167.62020589,offer,2026-08-21T12:47:01.348616+00:00
aeb75d46-4fbd-4c9d-b6e5-8a2228bf51f1,fUSD,0.00018899,2,1,500.0,offer,2026-08-21T12:47:01.348616+00:00
aeb75d46-4fbd-4c9d-b6e5-8a2228bf51f1,fUSD,0.00018899000000000002,2,2,428.26552386,offer,2026-08-21T12:47:01.348616+00:00
aeb75d46-4fbd-4c9d-b6e5-8a2228bf51f1,fUSD,0.000189,2,23,296664.39691987,offer,2026-08-21T12:47:01.348616+00:00
41d0254a-4aa6-4842-a248-e1cfdd91a898,fUSD,0.000273972602739726,120,1,-13736397.78917682,demand,2026-08-21T13:47:01.520603+00:00
41d0254a-4aa6-4842-a248-e1cfdd91a898,fUSD,0.000209,30,1,-6289.12258117,demand,2026-08-21T13:47:01.520603+00:00
41d0254a-4aa6-4842-a248-e1cfdd91a898,fUSD,0.00018010999999999998,120,1,-133240.73391109,demand,2026-08-21T13:47:01.520603+00:00
41d0254a-4aa6-4842-a248-e1cfdd91a898,fUSD,0.0001777,120,1,-23123.30278361,demand,2026-08-21T13:47:01.520603+00:00
41d0254a-4aa6-4842-a248-e1cfdd91a898,fUSD,0.000174,120,1,-12350.0,demand,2026-08-21T13:47:01.520603+00:00
41d0254a-4aa6-4842-a248-e1cfdd91a898,fUSD,0.0001713,120,1,-14000.0,demand,2026-08-21T13:47:01.520603+00:00
41d0254a-4aa6-4842-a248-e1cfdd91a898,fUSD,0.0001712,120,1,-20000.0,demand,2026-08-21T13:47:01.520603+00:00
41d0254a-4aa6-4842-a248-e1cfdd91a898,fUSD,0.00017111,120,1,-2000000.0,demand,2026-08-21T13:47:01.520603+00:00
41d0254a-4aa6-4842-a248-e1cfdd91a898,fUSD,0.00016,120,2,-10009162.66122322,demand,2026-08-21T13:47:01.520603+00:00
41d0254a-4aa6-4842-a248-e1cfdd91a898,fUSD,0.000151,120,1,-10000.0,demand,2026-08-21T13:47:01.520603+00:00
41d0254a-4aa6-4842-a248-e1cfdd91a898,fUSD,0.0001502,30,1,-13500.0,demand,2026-08-21T13:47:01.520603+00:00
41d0254a-4aa6-4842-a248-e1cfdd91a898,fUSD,0.00015,90,1,-19550.75,demand,2026-08-21T13:47:01.520603+00:00
41d0254a-4aa6-4842-a248-e1cfdd91a898,fUSD,0.00015,29,1,-218795.0,demand,2026-08-21T13:47:01.520603+00:00
41d0254a-4aa6-4842-a248-e1cfdd91a898,fUSD,0.00015,120,1,-500.0,demand,2026-08-21T13:47:01.520603+00:00
41d0254a-4aa6-4842-a248-e1cfdd91a898,fUSD,0.00015,2,1,-10000.0,demand,2026-08-21T13:47:01.520603+00:00
41d0254a-4aa6-4842-a248-e1cfdd91a898,fUSD,0.00014252,120,1,-10770.76644364,demand,2026-08-21T13:47:01.520603+00:00
41d0254a-4aa6-4842-a248-e1cfdd91a898,fUSD,0.000142,7,2,-34801.97298254,demand,2026-08-21T13:47:01.520603+00:00
41d0254a-4aa6-4842-a248-e1cfdd91a898,fUSD,0.00014120000000000002,30,1,-13500.0,demand,2026-08-21T13:47:01.520603+00:00
41d0254a-4aa6-4842-a248-e1cfdd91a898,fUSD,0.00014000000000000001,2,1,-1906637.23459071,demand,2026-08-21T13:47:01.520603+00:00
41d0254a-4aa6-4842-a248-e1cfdd91a898,fUSD,0.0001342,2,1,-1783904.39862186,demand,2026-08-21T13:47:01.520603+00:00
41d0254a-4aa6-4842-a248-e1cfdd91a898,fUSD,0.000134,2,1,-2000000.0,demand,2026-08-21T13:47:01.520603+00:00
41d0254a-4aa6-4842-a248-e1cfdd91a898,fUSD,0.00013,2,1,-2000000.0,demand,2026-08-21T13:47:01.520603+00:00
41d0254a-4aa6-4842-a248-e1cfdd91a898,fUSD,0.00012757,120,1,-100000.0,demand,2026-08-21T13:47:01.520603+00:00
41d0254a-4aa6-4842-a248-e1cfdd91a898,fUSD,0.0001221,120,1,-12587.13,demand,2026-08-21T13:47:01.520603+00:00
41d0254a-4aa6-4842-a248-e1cfdd91a898,fUSD,0.000121,7,1,-6000.0,demand,2026-08-21T13:47:01.520603+00:00
41d0254a-4aa6-4842-a248-e1cfdd91a898,fUSD,0.00014246,2,2,384.33,offer,2026-08-21T13:47:01.520603+00:00
41d0254a-4aa6-4842-a248-e1cfdd91a898,fUSD,0.00014898,2,6,2598.62317039,offer,2026-08-21T13:47:01.520603+00:00
41d0254a-4aa6-4842-a248-e1cfdd91a898,fUSD,0.00014898249999999999,2,1,247.00793847,offer,2026-08-21T13:47:01.520603+00:00
41d0254a-4aa6-4842-a248-e1cfdd91a898,fUSD,0.00014899,2,2,15132.10426192,offer,2026-08-21T13:47:01.520603+00:00
41d0254a-4aa6-4842-a248-e1cfdd91a898,fUSD,0.000149,2,1,4032.15488678,offer,2026-08-21T13:47:01.520603+00:00
41d0254a-4aa6-4842-a248-e1cfdd91a898,fUSD,0.00014949250000000002,2,14,2163.0,offer,2026-08-21T13:47:01.520603+00:00
41d0254a-4aa6-4842-a248-e1cfdd91a898,fUSD,0.0001499,2,1,8482.33366464,offer,2026-08-21T13:47:01.520603+00:00
41d0254a-4aa6-4842-a248-e1cfdd91a898,fUSD,0.00014998,2,2,663.62590665,offer,2026-08-21T13:47:01.520603+00:00
41d0254a-4aa6-4842-a248-e1cfdd91a898,fUSD,0.00014999,2,72,401195.94333056,offer,2026-08-21T13:47:01.520603+00:00
41d0254a-4aa6-4842-a248-e1cfdd91a898,fUSD,0.00015,2,10,348599.12828549,offer,2026-08-21T13:47:01.520603+00:00
41d0254a-4aa6-4842-a248-e1cfdd91a898,fUSD,0.00015131999999999998,2,2,2076.65801213,offer,2026-08-21T13:47:01.520603+00:00
41d0254a-4aa6-4842-a248-e1cfdd91a898,fUSD,0.00015148,2,1,1159.4144343,offer,2026-08-21T13:47:01.520603+00:00
41d0254a-4aa6-4842-a248-e1cfdd91a898,fUSD,0.0001529898,3,1,991.54371968,offer,2026-08-21T13:47:01.520603+00:00
41d0254a-4aa6-4842-a248-e1cfdd91a898,fUSD,0.0001546838,2,1,313.0,offer,2026-08-21T13:47:01.520603+00:00
41d0254a-4aa6-4842-a248-e1cfdd91a898,fUSD,0.00015497250000000003,2,2,437.71033228,offer,2026-08-21T13:47:01.520603+00:00
41d0254a-4aa6-4842-a248-e1cfdd91a898,fUSD,0.00015604959599999999,5,1,991.54371968,offer,2026-08-21T13:47:01.520603+00:00
41d0254a-4aa6-4842-a248-e1cfdd91a898,fUSD,0.000156706,2,5,1520.10904522,offer,2026-08-21T13:47:01.520603+00:00
41d0254a-4aa6-4842-a248-e1cfdd91a898,fUSD,0.0001575,2,1,313.0,offer,2026-08-21T13:47:01.520603+00:00
41d0254a-4aa6-4842-a248-e1cfdd91a898,fUSD,0.00015917058792,6,1,991.54371968,offer,2026-08-21T13:47:01.520603+00:00
41d0254a-4aa6-4842-a248-e1cfdd91a898,fUSD,0.00015961529617836145,2,1,2772.42318819,offer,2026-08-21T13:47:01.520603+00:00
41d0254a-4aa6-4842-a248-e1cfdd91a898,fUSD,0.00016027123287671232,2,13,2005.60506948,offer,2026-08-21T13:47:01.520603+00:00
41d0254a-4aa6-4842-a248-e1cfdd91a898,fUSD,0.0001603,2,1,255.0,offer,2026-08-21T13:47:01.520603+00:00
41d0254a-4aa6-4842-a248-e1cfdd91a898,fUSD,0.00016114,2,2,24704.55093632,offer,2026-08-21T13:47:01.520603+00:00
41d0254a-4aa6-4842-a248-e1cfdd91a898,fUSD,0.0001623539996784,7,1,991.54371968,offer,2026-08-21T13:47:01.520603+00:00
41d0254a-4aa6-4842-a248-e1cfdd91a898,fUSD,0.000163878,2,1,300.0,offer,2026-08-21T13:47:01.520603+00:00
12acbff8-e19c-45fc-be7f-3c25a8f90f0f,fUSD,0.000273972602739726,120,1,-13733934.8496957,demand,2026-08-21T14:47:01.483431+00:00
12acbff8-e19c-45fc-be7f-3c25a8f90f0f,fUSD,0.000209,30,1,-6289.12258117,demand,2026-08-21T14:47:01.483431+00:00
12acbff8-e19c-45fc-be7f-3c25a8f90f0f,fUSD,0.00018010999999999998,120,1,-133240.73391109,demand,2026-08-21T14:47:01.483431+00:00
12acbff8-e19c-45fc-be7f-3c25a8f90f0f,fUSD,0.0001777,120,1,-23123.30278361,demand,2026-08-21T14:47:01.483431+00:00
12acbff8-e19c-45fc-be7f-3c25a8f90f0f,fUSD,0.000174,120,1,-12350.0,demand,2026-08-21T14:47:01.483431+00:00
12acbff8-e19c-45fc-be7f-3c25a8f90f0f,fUSD,0.0001713,120,1,-14000.0,demand,2026-08-21T14:47:01.483431+00:00
12acbff8-e19c-45fc-be7f-3c25a8f90f0f,fUSD,0.0001712,120,1,-20000.0,demand,2026-08-21T14:47:01.483431+00:00
12acbff8-e19c-45fc-be7f-3c25a8f90f0f,fUSD,0.00017111,120,1,-2000000.0,demand,2026-08-21T14:47:01.483431+00:00
12acbff8-e19c-45fc-be7f-3c25a8f90f0f,fUSD,0.00016,120,2,-10009162.66122322,demand,2026-08-21T14:47:01.483431+00:00
12acbff8-e19c-45fc-be7f-3c25a8f90f0f,fUSD,0.000151,120,1,-10000.0,demand,2026-08-21T14:47:01.483431+00:00
12acbff8-e19c-45fc-be7f-3c25a8f90f0f,fUSD,0.0001502,30,1,-13500.0,demand,2026-08-21T14:47:01.483431+00:00
12acbff8-e19c-45fc-be7f-3c25a8f90f0f,fUSD,0.00015,90,1,-19550.75,demand,2026-08-21T14:47:01.483431+00:00
12acbff8-e19c-45fc-be7f-3c25a8f90f0f,fUSD,0.00015,29,1,-218795.0,demand,2026-08-21T14:47:01.483431+00:00
12acbff8-e19c-45fc-be7f-3c25a8f90f0f,fUSD,0.00015,120,1,-500.0,demand,2026-08-21T14:47:01.483431+00:00
12acbff8-e19c-45fc-be7f-3c25a8f90f0f,fUSD,0.00015,2,1,-10000.0,demand,2026-08-21T14:47:01.483431+00:00
12acbff8-e19c-45fc-be7f-3c25a8f90f0f,fUSD,0.00014252,120,1,-10770.76644364,demand,2026-08-21T14:47:01.483431+00:00
12acbff8-e19c-45fc-be7f-3c25a8f90f0f,fUSD,0.000142,7,2,-34801.97298254,demand,2026-08-21T14:47:01.483431+00:00
12acbff8-e19c-45fc-be7f-3c25a8f90f0f,fUSD,0.00014120000000000002,30,1,-13500.0,demand,2026-08-21T14:47:01.483431+00:00
12acbff8-e19c-45fc-be7f-3c25a8f90f0f,fUSD,0.00014000000000000001,2,1,-1906187.23459071,demand,2026-08-21T14:47:01.483431+00:00
12acbff8-e19c-45fc-be7f-3c25a8f90f0f,fUSD,0.0001342,2,1,-1783904.39862186,demand,2026-08-21T14:47:01.483431+00:00
12acbff8-e19c-45fc-be7f-3c25a8f90f0f,fUSD,0.000134,2,1,-2000000.0,demand,2026-08-21T14:47:01.483431+00:00
12acbff8-e19c-45fc-be7f-3c25a8f90f0f,fUSD,0.00013,2,1,-2000000.0,demand,2026-08-21T14:47:01.483431+00:00
12acbff8-e19c-45fc-be7f-3c25a8f90f0f,fUSD,0.00012757,120,1,-100000.0,demand,2026-08-21T14:47:01.483431+00:00
12acbff8-e19c-45fc-be7f-3c25a8f90f0f,fUSD,0.0001221,120,1,-12587.13,demand,2026-08-21T14:47:01.483431+00:00
12acbff8-e19c-45fc-be7f-3c25a8f90f0f,fUSD,0.000121,7,1,-6000.0,demand,2026-08-21T14:47:01.483431+00:00
12acbff8-e19c-45fc-be7f-3c25a8f90f0f,fUSD,0.00014846921875000002,2,1,250.0,offer,2026-08-21T14:47:01.483431+00:00
12acbff8-e19c-45fc-be7f-3c25a8f90f0f,fUSD,0.00014848433593750004,2,1,211.51702938,offer,2026-08-21T14:47:01.483431+00:00
12acbff8-e19c-45fc-be7f-3c25a8f90f0f,fUSD,0.00014849945312500002,2,1,319.34532772,offer,2026-08-21T14:47:01.483431+00:00
12acbff8-e19c-45fc-be7f-3c25a8f90f0f,fUSD,0.00014920435,2,13,2012.0,offer,2026-08-21T14:47:01.483431+00:00
12acbff8-e19c-45fc-be7f-3c25a8f90f0f,fUSD,0.000149727,2,1,267.73,offer,2026-08-21T14:47:01.483431+00:00
12acbff8-e19c-45fc-be7f-3c25a8f90f0f,fUSD,0.0001497586,2,1,301.28,offer,2026-08-21T14:47:01.483431+00:00
12acbff8-e19c-45fc-be7f-3c25a8f90f0f,fUSD,0.00014985,2,1,315.19614169,offer,2026-08-21T14:47:01.483431+00:00
12acbff8-e19c-45fc-be7f-3c25a8f90f0f,fUSD,0.00014986,2,3,1500.0,offer,2026-08-21T14:47:01.483431+00:00
12acbff8-e19c-45fc-be7f-3c25a8f90f0f,fUSD,0.00014999,2,5,2150.01,offer,2026-08-21T14:47:01.483431+00:00
12acbff8-e19c-45fc-be7f-3c25a8f90f0f,fUSD,0.00015,2,4,2681.2265346,offer,2026-08-21T14:47:01.483431+00:00
12acbff8-e19c-45fc-be7f-3c25a8f90f0f,fUSD,0.00015018213711262294,7,1,283.85653316,offer,2026-08-21T14:47:01.483431+00:00
12acbff8-e19c-45fc-be7f-3c25a8f90f0f,fUSD,0.00015088350000000002,7,1,230.33771574,offer,2026-08-21T14:47:01.483431+00:00
12acbff8-e19c-45fc-be7f-3c25a8f90f0f,fUSD,0.0001511556,2,1,440.47,offer,2026-08-21T14:47:01.483431+00:00
12acbff8-e19c-45fc-be7f-3c25a8f90f0f,fUSD,0.0001514552,2,1,226.84,offer,2026-08-21T14:47:01.483431+00:00
12acbff8-e19c-45fc-be7f-3c25a8f90f0f,fUSD,0.0001517287,2,1,422.26,offer,2026-08-21T14:47:01.483431+00:00
12acbff8-e19c-45fc-be7f-3c25a8f90f0f,fUSD,0.000152266,2,1,304.18,offer,2026-08-21T14:47:01.483431+00:00
12acbff8-e19c-45fc-be7f-3c25a8f90f0f,fUSD,0.00015339545193548965,2,1,1586.03052037,offer,2026-08-21T14:47:01.483431+00:00
12acbff8-e19c-45fc-be7f-3c25a8f90f0f,fUSD,0.00015350243561643837,2,1,301.28,offer,2026-08-21T14:47:01.483431+00:00
12acbff8-e19c-45fc-be7f-3c25a8f90f0f,fUSD,0.00015468435,2,2,351.0,offer,2026-08-21T14:47:01.483431+00:00
12acbff8-e19c-45fc-be7f-3c25a8f90f0f,fUSD,0.000155032613,2,1,166.66,offer,2026-08-21T14:47:01.483431+00:00
12acbff8-e19c-45fc-be7f-3c25a8f90f0f,fUSD,0.0001572462712328767,2,1,301.28,offer,2026-08-21T14:47:01.483431+00:00
12acbff8-e19c-45fc-be7f-3c25a8f90f0f,fUSD,0.0001573155,2,1,304.18,offer,2026-08-21T14:47:01.483431+00:00
12acbff8-e19c-45fc-be7f-3c25a8f90f0f,fUSD,0.00015754,2,6,2854.07789923,offer,2026-08-21T14:47:01.483431+00:00
12acbff8-e19c-45fc-be7f-3c25a8f90f0f,fUSD,0.0001584827,2,1,304.18,offer,2026-08-21T14:47:01.483431+00:00
12acbff8-e19c-45fc-be7f-3c25a8f90f0f,fUSD,0.00015902807671232876,2,1,226.84,offer,2026-08-21T14:47:01.483431+00:00
c5c35f20-73eb-4fd4-ade5-cef2917a92f4,fUSD,0.000273972602739726,120,1,-13710513.16381653,demand,2026-08-21T15:47:01.355332+00:00
c5c35f20-73eb-4fd4-ade5-cef2917a92f4,fUSD,0.000209,30,1,-6289.12258117,demand,2026-08-21T15:47:01.355332+00:00
c5c35f20-73eb-4fd4-ade5-cef2917a92f4,fUSD,0.00018010999999999998,120,1,-133240.73391109,demand,2026-08-21T15:47:01.355332+00:00
c5c35f20-73eb-4fd4-ade5-cef2917a92f4,fUSD,0.0001777,120,1,-23123.30278361,demand,2026-08-21T15:47:01.355332+00:00
c5c35f20-73eb-4fd4-ade5-cef2917a92f4,fUSD,0.000174,120,1,-12350.0,demand,2026-08-21T15:47:01.355332+00:00
c5c35f20-73eb-4fd4-ade5-cef2917a92f4,fUSD,0.0001713,120,1,-14000.0,demand,2026-08-21T15:47:01.355332+00:00
c5c35f20-73eb-4fd4-ade5-cef2917a92f4,fUSD,0.0001712,120,1,-20000.0,demand,2026-08-21T15:47:01.355332+00:00
c5c35f20-73eb-4fd4-ade5-cef2917a92f4,fUSD,0.00017111,120,1,-2000000.0,demand,2026-08-21T15:47:01.355332+00:00
c5c35f20-73eb-4fd4-ade5-cef2917a92f4,fUSD,0.00016,120,2,-10009162.66122322,demand,2026-08-21T15:47:01.355332+00:00
c5c35f20-73eb-4fd4-ade5-cef2917a92f4,fUSD,0.000151,120,1,-10000.0,demand,2026-08-21T15:47:01.355332+00:00
c5c35f20-73eb-4fd4-ade5-cef2917a92f4,fUSD,0.0001502,30,1,-13500.0,demand,2026-08-21T15:47:01.355332+00:00
c5c35f20-73eb-4fd4-ade5-cef2917a92f4,fUSD,0.0001501,2,1,-707933.60556263,demand,2026-08-21T15:47:01.355332+00:00
c5c35f20-73eb-4fd4-ade5-cef2917a92f4,fUSD,0.00015,90,1,-19550.75,demand,2026-08-21T15:47:01.355332+00:00
c5c35f20-73eb-4fd4-ade5-cef2917a92f4,fUSD,0.00015,29,1,-218795.0,demand,2026-08-21T15:47:01.355332+00:00
c5c35f20-73eb-4fd4-ade5-cef2917a92f4,fUSD,0.00015,120,1,-500.0,demand,2026-08-21T15:47:01.355332+00:00
c5c35f20-73eb-4fd4-ade5-cef2917a92f4,fUSD,0.00015,2,1,-10000.0,demand,2026-08-21T15:47:01.355332+00:00
c5c35f20-73eb-4fd4-ade5-cef2917a92f4,fUSD,0.00014252,120,1,-10770.76644364,demand,2026-08-21T15:47:01.355332+00:00
c5c35f20-73eb-4fd4-ade5-cef2917a92f4,fUSD,0.000142,7,2,-34801.97298254,demand,2026-08-21T15:47:01.355332+00:00
c5c35f20-73eb-4fd4-ade5-cef2917a92f4,fUSD,0.00014120000000000002,30,1,-13500.0,demand,2026-08-21T15:47:01.355332+00:00
c5c35f20-73eb-4fd4-ade5-cef2917a92f4,fUSD,0.00014000000000000001,2,1,-1906187.23459071,demand,2026-08-21T15:47:01.355332+00:00
c5c35f20-73eb-4fd4-ade5-cef2917a92f4,fUSD,0.0001342,2,1,-1783904.39862186,demand,2026-08-21T15:47:01.355332+00:00
c5c35f20-73eb-4fd4-ade5-cef2917a92f4,fUSD,0.000134,2,1,-2000000.0,demand,2026-08-21T15:47:01.355332+00:00
c5c35f20-73eb-4fd4-ade5-cef2917a92f4,fUSD,0.00013,2,1,-2000000.0,demand,2026-08-21T15:47:01.355332+00:00
c5c35f20-73eb-4fd4-ade5-cef2917a92f4,fUSD,0.00012757,120,1,-100000.0,demand,2026-08-21T15:47:01.355332+00:00
c5c35f20-73eb-4fd4-ade5-cef2917a92f4,fUSD,0.0001221,120,1,-12587.13,demand,2026-08-21T15:47:01.355332+00:00
c5c35f20-73eb-4fd4-ade5-cef2917a92f4,fUSD,0.00016824287769700522,2,1,164.69656102,offer,2026-08-21T15:47:01.355332+00:00
c5c35f20-73eb-4fd4-ade5-cef2917a92f4,fUSD,0.0001722695,2,1,200.0,offer,2026-08-21T15:47:01.355332+00:00
c5c35f20-73eb-4fd4-ade5-cef2917a92f4,fUSD,0.000172868,2,57,28468.47128839,offer,2026-08-21T15:47:01.355332+00:00
c5c35f20-73eb-4fd4-ade5-cef2917a92f4,fUSD,0.000172878,2,8,3739.9,offer,2026-08-21T15:47:01.355332+00:00
c5c35f20-73eb-4fd4-ade5-cef2917a92f4,fUSD,0.00017426575539401042,2,1,354.65,offer,2026-08-21T15:47:01.355332+00:00
c5c35f20-73eb-4fd4-ade5-cef2917a92f4,fUSD,0.00017426575539401042,7,1,315.24,offer,2026-08-21T15:47:01.355332+00:00
c5c35f20-73eb-4fd4-ade5-cef2917a92f4,fUSD,0.00017442,2,1,550.0,offer,2026-08-21T15:47:01.355332+00:00
c5c35f20-73eb-4fd4-ade5-cef2917a92f4,fUSD,0.00017442019558960002,2,2,800.08824627,offer,2026-08-21T15:47:01.355332+00:00
c5c35f20-73eb-4fd4-ade5-cef2917a92f4,fUSD,0.00017443013698630137,2,2,711.94934964,offer,2026-08-21T15:47:01.355332+00:00
c5c35f20-73eb-4fd4-ade5-cef2917a92f4,fUSD,0.0001744401955896,2,2,43099.22,offer,2026-08-21T15:47:01.355332+00:00
c5c35f20-73eb-4fd4-ade5-cef2917a92f4,fUSD,0.0001744401955896,7,1,28732.82,offer,2026-08-21T15:47:01.355332+00:00
c5c35f20-73eb-4fd4-ade5-cef2917a92f4,fUSD,0.0001746148104,2,2,18281.52,offer,2026-08-21T15:47:01.355332+00:00
c5c35f20-73eb-4fd4-ade5-cef2917a92f4,fUSD,0.0001746148104,7,1,12511.37,offer,2026-08-21T15:47:01.355332+00:00
c5c35f20-73eb-4fd4-ade5-cef2917a92f4,fUSD,0.0001747896,2,1,388.08,offer,2026-08-21T15:47:01.355332+00:00
c5c35f20-73eb-4fd4-ade5-cef2917a92f4,fUSD,0.00017510701345886188,2,1,170.73036457,offer,2026-08-21T15:47:01.355332+00:00
c5c35f20-73eb-4fd4-ade5-cef2917a92f4,fUSD,0.00017716986301369864,2,1,500.0,offer,2026-08-21T15:47:01.355332+00:00
c5c35f20-73eb-4fd4-ade5-cef2917a92f4,fUSD,0.0001799095890410959,2,1,500.0,offer,2026-08-21T15:47:01.355332+00:00
c5c35f20-73eb-4fd4-ade5-cef2917a92f4,fUSD,0.00018080800000000002,2,1,207.40055233,offer,2026-08-21T15:47:01.355332+00:00
c5c35f20-73eb-4fd4-ade5-cef2917a92f4,fUSD,0.00018081800000000002,7,1,275.6664661,offer,2026-08-21T15:47:01.355332+00:00
c5c35f20-73eb-4fd4-ade5-cef2917a92f4,fUSD,0.0001808191780821918,2,4,605.0,offer,2026-08-21T15:47:01.355332+00:00
c5c35f20-73eb-4fd4-ade5-cef2917a92f4,fUSD,0.00018264931506849314,2,1,500.0,offer,2026-08-21T15:47:01.355332+00:00
c5c35f20-73eb-4fd4-ade5-cef2917a92f4,fUSD,0.000183,2,1,5718.01066194,offer,2026-08-21T15:47:01.355332+00:00
c5c35f20-73eb-4fd4-ade5-cef2917a92f4,fUSD,0.00018300000000000003,2,1,932.26187842,offer,2026-08-21T15:47:01.355332+00:00
c5c35f20-73eb-4fd4-ade5-cef2917a92f4,fUSD,0.0001833456,2,1,320.64,offer,2026-08-21T15:47:01.355332+00:00
c5c35f20-73eb-4fd4-ade5-cef2917a92f4,fUSD,0.0001839808219178082,2,5,755.0,offer,2026-08-21T15:47:01.355332+00:00
fd6910ac-b734-4bdd-8dc3-09077bd09cab,fUSD,0.000273972602739726,120,1,-13704721.79681652,demand,2026-08-21T16:47:01.500029+00:00
fd6910ac-b734-4bdd-8dc3-09077bd09cab,fUSD,0.000209,30,1,-6289.12258117,demand,2026-08-21T16:47:01.500029+00:00
fd6910ac-b734-4bdd-8dc3-09077bd09cab,fUSD,0.00018010999999999998,120,1,-133240.73391109,demand,2026-08-21T16:47:01.500029+00:00
fd6910ac-b734-4bdd-8dc3-09077bd09cab,fUSD,0.0001777,120,1,-23123.30278361,demand,2026-08-21T16:47:01.500029+00:00
fd6910ac-b734-4bdd-8dc3-09077bd09cab,fUSD,0.000174,120,1,-12350.0,demand,2026-08-21T16:47:01.500029+00:00
fd6910ac-b734-4bdd-8dc3-09077bd09cab,fUSD,0.0001713,120,1,-14000.0,demand,2026-08-21T16:47:01.500029+00:00
fd6910ac-b734-4bdd-8dc3-09077bd09cab,fUSD,0.0001712,120,1,-20000.0,demand,2026-08-21T16:47:01.500029+00:00
fd6910ac-b734-4bdd-8dc3-09077bd09cab,fUSD,0.00017111,120,1,-2000000.0,demand,2026-08-21T16:47:01.500029+00:00
fd6910ac-b734-4bdd-8dc3-09077bd09cab,fUSD,0.00016,120,2,-10009162.66122322,demand,2026-08-21T16:47:01.500029+00:00
fd6910ac-b734-4bdd-8dc3-09077bd09cab,fUSD,0.000151,120,1,-10000.0,demand,2026-08-21T16:47:01.500029+00:00
fd6910ac-b734-4bdd-8dc3-09077bd09cab,fUSD,0.0001502,30,1,-13500.0,demand,2026-08-21T16:47:01.500029+00:00
fd6910ac-b734-4bdd-8dc3-09077bd09cab,fUSD,0.00015,90,1,-19550.75,demand,2026-08-21T16:47:01.500029+00:00
fd6910ac-b734-4bdd-8dc3-09077bd09cab,fUSD,0.00015,29,1,-218795.0,demand,2026-08-21T16:47:01.500029+00:00
fd6910ac-b734-4bdd-8dc3-09077bd09cab,fUSD,0.00015,120,1,-500.0,demand,2026-08-21T16:47:01.500029+00:00
fd6910ac-b734-4bdd-8dc3-09077bd09cab,fUSD,0.00015,2,1,-10000.0,demand,2026-08-21T16:47:01.500029+00:00
fd6910ac-b734-4bdd-8dc3-09077bd09cab,fUSD,0.00014252,120,1,-10770.76644364,demand,2026-08-21T16:47:01.500029+00:00
fd6910ac-b734-4bdd-8dc3-09077bd09cab,fUSD,0.000142,7,2,-34801.97298254,demand,2026-08-21T16:47:01.500029+00:00
fd6910ac-b734-4bdd-8dc3-09077bd09cab,fUSD,0.00014120000000000002,30,1,-13500.0,demand,2026-08-21T16:47:01.500029+00:00
fd6910ac-b734-4bdd-8dc3-09077bd09cab,fUSD,0.00014000000000000001,2,1,-1906187.23459071,demand,2026-08-21T16:47:01.500029+00:00
fd6910ac-b734-4bdd-8dc3-09077bd09cab,fUSD,0.0001342,2,1,-1783904.39862186,demand,2026-08-21T16:47:01.500029+00:00
fd6910ac-b734-4bdd-8dc3-09077bd09cab,fUSD,0.000134,2,1,-2000000.0,demand,2026-08-21T16:47:01.500029+00:00
fd6910ac-b734-4bdd-8dc3-09077bd09cab,fUSD,0.00013,2,1,-2000000.0,demand,2026-08-21T16:47:01.500029+00:00
fd6910ac-b734-4bdd-8dc3-09077bd09cab,fUSD,0.00012757,120,1,-100000.0,demand,2026-08-21T16:47:01.500029+00:00
fd6910ac-b734-4bdd-8dc3-09077bd09cab,fUSD,0.0001221,120,1,-12587.13,demand,2026-08-21T16:47:01.500029+00:00
fd6910ac-b734-4bdd-8dc3-09077bd09cab,fUSD,0.000121,7,1,-6000.0,demand,2026-08-21T16:47:01.500029+00:00
fd6910ac-b734-4bdd-8dc3-09077bd09cab,fUSD,0.000244,2,1,151.0,offer,2026-08-21T16:47:01.500029+00:00
fd6910ac-b734-4bdd-8dc3-09077bd09cab,fUSD,0.00024419,2,1,296.0,offer,2026-08-21T16:47:01.500029+00:00
fd6910ac-b734-4bdd-8dc3-09077bd09cab,fUSD,0.0002445287671232877,2,1,204.0,offer,2026-08-21T16:47:01.500029+00:00
fd6910ac-b734-4bdd-8dc3-09077bd09cab,fUSD,0.00024453,2,1,151.0,offer,2026-08-21T16:47:01.500029+00:00
fd6910ac-b734-4bdd-8dc3-09077bd09cab,fUSD,0.00024499,2,2,598.47324947,offer,2026-08-21T16:47:01.500029+00:00
fd6910ac-b734-4bdd-8dc3-09077bd09cab,fUSD,0.00024611157889643836,30,1,341.64,offer,2026-08-21T16:47:01.500029+00:00
fd6910ac-b734-4bdd-8dc3-09077bd09cab,fUSD,0.00024631709016393444,2,10,11080.05163181,offer,2026-08-21T16:47:01.500029+00:00
fd6910ac-b734-4bdd-8dc3-09077bd09cab,fUSD,0.0002464,2,1,10225.0916406,offer,2026-08-21T16:47:01.500029+00:00
fd6910ac-b734-4bdd-8dc3-09077bd09cab,fUSD,0.0002465753,2,2,787.138205,offer,2026-08-21T16:47:01.500029+00:00
fd6910ac-b734-4bdd-8dc3-09077bd09cab,fUSD,0.0002465753424657534,2,4,1793.42,offer,2026-08-21T16:47:01.500029+00:00
fd6910ac-b734-4bdd-8dc3-09077bd09cab,fUSD,0.00024658,5,1,235.4,offer,2026-08-21T16:47:01.500029+00:00
fd6910ac-b734-4bdd-8dc3-09077bd09cab,fUSD,0.00024658,2,2,302.91,offer,2026-08-21T16:47:01.500029+00:00
fd6910ac-b734-4bdd-8dc3-09077bd09cab,fUSD,0.00024693800000000004,2,3,604.0,offer,2026-08-21T16:47:01.500029+00:00
fd6910ac-b734-4bdd-8dc3-09077bd09cab,fUSD,0.000247120278,2,1,171.27,offer,2026-08-21T16:47:01.500029+00:00
fd6910ac-b734-4bdd-8dc3-09077bd09cab,fUSD,0.00024802,7,2,302.91,offer,2026-08-21T16:47:01.500029+00:00
fd6910ac-b734-4bdd-8dc3-09077bd09cab,fUSD,0.0002487721268416438,30,1,341.64,offer,2026-08-21T16:47:01.500029+00:00
fd6910ac-b734-4bdd-8dc3-09077bd09cab,fUSD,0.00024905709016393444,2,1,153.13778397,offer,2026-08-21T16:47:01.500029+00:00
fd6910ac-b734-4bdd-8dc3-09077bd09cab,fUSD,0.0002491496123287671,2,1,333.59,offer,2026-08-21T16:47:01.500029+00:00
fd6910ac-b734-4bdd-8dc3-09077bd09cab,fUSD,0.00024946,8,2,4028.116,offer,2026-08-21T16:47:01.500029+00:00
fd6910ac-b734-4bdd-8dc3-09077bd09cab,fUSD,0.00024946,30,2,302.91,offer,2026-08-21T16:47:01.500029+00:00
fd6910ac-b734-4bdd-8dc3-09077bd09cab,fUSD,0.0002495,2,1,645.0,offer,2026-08-21T16:47:01.500029+00:00
fd6910ac-b734-4bdd-8dc3-09077bd09cab,fUSD,0.0002496,2,1,10225.0916406,offer,2026-08-21T16:47:01.500029+00:00
fd6910ac-b734-4bdd-8dc3-09077bd09cab,fUSD,0.00024999,2,2,1058.06661593,offer,2026-08-21T16:47:01.500029+00:00
fd6910ac-b734-4bdd-8dc3-09077bd09cab,fUSD,0.00025,2,32,367032.45522947,offer,2026-08-21T16:47:01.500029+00:00
fd6910ac-b734-4bdd-8dc3-09077bd09cab,fUSD,0.00025,4,1,9113.0,offer,2026-08-21T16:47:01.500029+00:00
3638e985-3b95-4d35-bbd6-88609bd779e2,fUSD,0.000273972602739726,120,1,-13687415.8259783,demand,2026-08-21T17:47:00.315387+00:00
3638e985-3b95-4d35-bbd6-88609bd779e2,fUSD,0.000209,30,1,-6289.12258117,demand,2026-08-21T17:47:00.315387+00:00
3638e985-3b95-4d35-bbd6-88609bd779e2,fUSD,0.00018010999999999998,120,1,-133240.73391109,demand,2026-08-21T17:47:00.315387+00:00
3638e985-3b95-4d35-bbd6-88609bd779e2,fUSD,0.0001777,120,1,-23123.30278361,demand,2026-08-21T17:47:00.315387+00:00
3638e985-3b95-4d35-bbd6-88609bd779e2,fUSD,0.000174,120,1,-12350.0,demand,2026-08-21T17:47:00.315387+00:00
3638e985-3b95-4d35-bbd6-88609bd779e2,fUSD,0.0001713,120,1,-14000.0,demand,2026-08-21T17:47:00.315387+00:00
3638e985-3b95-4d35-bbd6-88609bd779e2,fUSD,0.0001712,120,1,-20000.0,demand,2026-08-21T17:47:00.315387+00:00
3638e985-3b95-4d35-bbd6-88609bd779e2,fUSD,0.00017111,120,1,-2000000.0,demand,2026-08-21T17:47:00.315387+00:00
3638e985-3b95-4d35-bbd6-88609bd779e2,fUSD,0.00016,120,2,-10009162.66122322,demand,2026-08-21T17:47:00.315387+00:00
3638e985-3b95-4d35-bbd6-88609bd779e2,fUSD,0.000151,120,1,-10000.0,demand,2026-08-21T17:47:00.315387+00:00
3638e985-3b95-4d35-bbd6-88609bd779e2,fUSD,0.0001502,30,1,-13500.0,demand,2026-08-21T17:47:00.315387+00:00
3638e985-3b95-4d35-bbd6-88609bd779e2,fUSD,0.00015,90,1,-19550.75,demand,2026-08-21T17:47:00.315387+00:00
3638e985-3b95-4d35-bbd6-88609bd779e2,fUSD,0.00015,29,1,-218795.0,demand,2026-08-21T17:47:00.315387+00:00
3638e985-3b95-4d35-bbd6-88609bd779e2,fUSD,0.00015,120,1,-500.0,demand,2026-08-21T17:47:00.315387+00:00
3638e985-3b95-4d35-bbd6-88609bd779e2,fUSD,0.00015,2,1,-10000.0,demand,2026-08-21T17:47:00.315387+00:00
3638e985-3b95-4d35-bbd6-88609bd779e2,fUSD,0.00014252,120,1,-10770.76644364,demand,2026-08-21T17:47:00.315387+00:00
3638e985-3b95-4d35-bbd6-88609bd779e2,fUSD,0.000142,7,2,-34601.97298254,demand,2026-08-21T17:47:00.315387+00:00
3638e985-3b95-4d35-bbd6-88609bd779e2,fUSD,0.00014120000000000002,30,1,-13500.0,demand,2026-08-21T17:47:00.315387+00:00
3638e985-3b95-4d35-bbd6-88609bd779e2,fUSD,0.00014000000000000001,2,1,-1866762.86968658,demand,2026-08-21T17:47:00.315387+00:00
3638e985-3b95-4d35-bbd6-88609bd779e2,fUSD,0.0001342,2,1,-1783904.39862186,demand,2026-08-21T17:47:00.315387+00:00
3638e985-3b95-4d35-bbd6-88609bd779e2,fUSD,0.000134,2,1,-2000000.0,demand,2026-08-21T17:47:00.315387+00:00
3638e985-3b95-4d35-bbd6-88609bd779e2,fUSD,0.00013,2,1,-2000000.0,demand,2026-08-21T17:47:00.315387+00:00
3638e985-3b95-4d35-bbd6-88609bd779e2,fUSD,0.00012757,120,1,-100000.0,demand,2026-08-21T17:47:00.315387+00:00
3638e985-3b95-4d35-bbd6-88609bd779e2,fUSD,0.0001221,120,1,-12587.13,demand,2026-08-21T17:47:00.315387+00:00
3638e985-3b95-4d35-bbd6-88609bd779e2,fUSD,0.000121,7,1,-6000.0,demand,2026-08-21T17:47:00.315387+00:00
3638e985-3b95-4d35-bbd6-88609bd779e2,fUSD,0.0001412789,2,1,427.22,offer,2026-08-21T17:47:00.315387+00:00
3638e985-3b95-4d35-bbd6-88609bd779e2,fUSD,0.00014197772932,2,1,306.48872162,offer,2026-08-21T17:47:00.315387+00:00
3638e985-3b95-4d35-bbd6-88609bd779e2,fUSD,0.00014267655864,2,1,350.19,offer,2026-08-21T17:47:00.315387+00:00
3638e985-3b95-4d35-bbd6-88609bd779e2,fUSD,0.00014339,2,1,150.0,offer,2026-08-21T17:47:00.315387+00:00
3638e985-3b95-4d35-bbd6-88609bd779e2,fUSD,0.0001434235821917808,2,1,1117.3,offer,2026-08-21T17:47:00.315387+00:00
3638e985-3b95-4d35-bbd6-88609bd779e2,fUSD,0.00014434532576328767,2,1,350.19,offer,2026-08-21T17:47:00.315387+00:00
3638e985-3b95-4d35-bbd6-88609bd779e2,fUSD,0.00014481,2,1,150.0,offer,2026-08-21T17:47:00.315387+00:00
3638e985-3b95-4d35-bbd6-88609bd779e2,fUSD,0.00014601409288657533,2,1,350.19,offer,2026-08-21T17:47:00.315387+00:00
3638e985-3b95-4d35-bbd6-88609bd779e2,fUSD,0.00014623,2,1,150.0,offer,2026-08-21T17:47:00.315387+00:00
3638e985-3b95-4d35-bbd6-88609bd779e2,fUSD,0.00014692166438356165,2,1,1117.3,offer,2026-08-21T17:47:00.315387+00:00
3638e985-3b95-4d35-bbd6-88609bd779e2,fUSD,0.00014765,2,1,150.0,offer,2026-08-21T17:47:00.315387+00:00
3638e985-3b95-4d35-bbd6-88609bd779e2,fUSD,0.00014768286000986302,2,1,350.19,offer,2026-08-21T17:47:00.315387+00:00
3638e985-3b95-4d35-bbd6-88609bd779e2,fUSD,0.0001476909,2,1,1921.03,offer,2026-08-21T17:47:00.315387+00:00
3638e985-3b95-4d35-bbd6-88609bd779e2,fUSD,0.00014822,2,1,796.0,offer,2026-08-21T17:47:00.315387+00:00
3638e985-3b95-4d35-bbd6-88609bd779e2,fUSD,0.00014834273561643835,2,1,427.22,offer,2026-08-21T17:47:00.315387+00:00
3638e985-3b95-4d35-bbd6-88609bd779e2,fUSD,0.00014898,2,4,1260.2616606,offer,2026-08-21T17:47:00.315387+00:00
3638e985-3b95-4d35-bbd6-88609bd779e2,fUSD,0.00014899,2,1,6857.10247215,offer,2026-08-21T17:47:00.315387+00:00
3638e985-3b95-4d35-bbd6-88609bd779e2,fUSD,0.000149,2,1,10368.80504842,offer,2026-08-21T17:47:00.315387+00:00
3638e985-3b95-4d35-bbd6-88609bd779e2,fUSD,0.00014907,2,1,150.0,offer,2026-08-21T17:47:00.315387+00:00
3638e985-3b95-4d35-bbd6-88609bd779e2,fUSD,0.00014935162713315068,2,1,350.19,offer,2026-08-21T17:47:00.315387+00:00
3638e985-3b95-4d35-bbd6-88609bd779e2,fUSD,0.00014988,2,1,357.8931831,offer,2026-08-21T17:47:00.315387+00:00
3638e985-3b95-4d35-bbd6-88609bd779e2,fUSD,0.00014998,2,2,650.0,offer,2026-08-21T17:47:00.315387+00:00
3638e985-3b95-4d35-bbd6-88609bd779e2,fUSD,0.00014999,2,23,226665.28552756,offer,2026-08-21T17:47:00.315387+00:00
3638e985-3b95-4d35-bbd6-88609bd779e2,fUSD,0.00015,2,11,663420.86041424,offer,2026-08-21T17:47:00.315387+00:00
3638e985-3b95-4d35-bbd6-88609bd779e2,fUSD,0.00015,10,1,671.0,offer,2026-08-21T17:47:00.315387+00:00
0897a6be-d5d5-4016-be50-21f13c0b4c05,fUSD,0.000273972602739726,120,1,-13668194.6586171,demand,2026-08-21T18:47:00.584782+00:00
0897a6be-d5d5-4016-be50-21f13c0b4c05,fUSD,0.000209,30,1,-6289.12258117,demand,2026-08-21T18:47:00.584782+00:00
0897a6be-d5d5-4016-be50-21f13c0b4c05,fUSD,0.00018010999999999998,120,1,-133240.73391109,demand,2026-08-21T18:47:00.584782+00:00
0897a6be-d5d5-4016-be50-21f13c0b4c05,fUSD,0.0001777,120,1,-23123.30278361,demand,2026-08-21T18:47:00.584782+00:00
0897a6be-d5d5-4016-be50-21f13c0b4c05,fUSD,0.000174,120,1,-12350.0,demand,2026-08-21T18:47:00.584782+00:00
0897a6be-d5d5-4016-be50-21f13c0b4c05,fUSD,0.0001713,120,1,-14000.0,demand,2026-08-21T18:47:00.584782+00:00
0897a6be-d5d5-4016-be50-21f13c0b4c05,fUSD,0.0001712,120,1,-20000.0,demand,2026-08-21T18:47:00.584782+00:00
0897a6be-d5d5-4016-be50-21f13c0b4c05,fUSD,0.00017111,120,1,-2000000.0,demand,2026-08-21T18:47:00.584782+00:00
0897a6be-d5d5-4016-be50-21f13c0b4c05,fUSD,0.00016,120,2,-10009162.66122322,demand,2026-08-21T18:47:00.584782+00:00
0897a6be-d5d5-4016-be50-21f13c0b4c05,fUSD,0.000151,120,1,-10000.0,demand,2026-08-21T18:47:00.584782+00:00
0897a6be-d5d5-4016-be50-21f13c0b4c05,fUSD,0.0001502,30,1,-13500.0,demand,2026-08-21T18:47:00.584782+00:00
0897a6be-d5d5-4016-be50-21f13c0b4c05,fUSD,0.00015,90,1,-19550.75,demand,2026-08-21T18:47:00.584782+00:00
0897a6be-d5d5-4016-be50-21f13c0b4c05,fUSD,0.00015,29,1,-218795.0,demand,2026-08-21T18:47:00.584782+00:00
0897a6be-d5d5-4016-be50-21f13c0b4c05,fUSD,0.00015,120,1,-500.0,demand,2026-08-21T18:47:00.584782+00:00
0897a6be-d5d5-4016-be50-21f13c0b4c05,fUSD,0.00015,2,1,-10000.0,demand,2026-08-21T18:47:00.584782+00:00
0897a6be-d5d5-4016-be50-21f13c0b4c05,fUSD,0.00014252,120,1,-10770.76644364,demand,2026-08-21T18:47:00.584782+00:00
0897a6be-d5d5-4016-be50-21f13c0b4c05,fUSD,0.000142,7,2,-34416.67234912,demand,2026-08-21T18:47:00.584782+00:00
0897a6be-d5d5-4016-be50-21f13c0b4c05,fUSD,0.00014120000000000002,30,1,-13500.0,demand,2026-08-21T18:47:00.584782+00:00
0897a6be-d5d5-4016-be50-21f13c0b4c05,fUSD,0.00014001,2,24,-238471.65,demand,2026-08-21T18:47:00.584782+00:00
0897a6be-d5d5-4016-be50-21f13c0b4c05,fUSD,0.00014000000000000001,2,1,-1814952.93704389,demand,2026-08-21T18:47:00.584782+00:00
0897a6be-d5d5-4016-be50-21f13c0b4c05,fUSD,0.0001342,2,1,-1783904.39862186,demand,2026-08-21T18:47:00.584782+00:00
0897a6be-d5d5-4016-be50-21f13c0b4c05,fUSD,0.000134,2,1,-2000000.0,demand,2026-08-21T18:47:00.584782+00:00
0897a6be-d5d5-4016-be50-21f13c0b4c05,fUSD,0.00013,2,1,-2000000.0,demand,2026-08-21T18:47:00.584782+00:00
0897a6be-d5d5-4016-be50-21f13c0b4c05,fUSD,0.00012757,120,1,-100000.0,demand,2026-08-21T18:47:00.584782+00:00
0897a6be-d5d5-4016-be50-21f13c0b4c05,fUSD,0.0001221,120,1,-12587.13,demand,2026-08-21T18:47:00.584782+00:00
0897a6be-d5d5-4016-be50-21f13c0b4c05,fUSD,0.0001414401,2,1,200.0,offer,2026-08-21T18:47:00.584782+00:00
0897a6be-d5d5-4016-be50-21f13c0b4c05,fUSD,0.00014145064375000003,2,2,619.26921819,offer,2026-08-21T18:47:00.584782+00:00
0897a6be-d5d5-4016-be50-21f13c0b4c05,fUSD,0.00014146118750000002,2,1,263.77061658,offer,2026-08-21T18:47:00.584782+00:00
0897a6be-d5d5-4016-be50-21f13c0b4c05,fUSD,0.0001416088,2,1,240.12,offer,2026-08-21T18:47:00.584782+00:00
0897a6be-d5d5-4016-be50-21f13c0b4c05,fUSD,0.00014272269589041096,2,1,484.49,offer,2026-08-21T18:47:00.584782+00:00
0897a6be-d5d5-4016-be50-21f13c0b4c05,fUSD,0.000142932688,2,1,171.27,offer,2026-08-21T18:47:00.584782+00:00
0897a6be-d5d5-4016-be50-21f13c0b4c05,fUSD,0.00014571005,2,1,172.57982867,offer,2026-08-21T18:47:00.584782+00:00
0897a6be-d5d5-4016-be50-21f13c0b4c05,fUSD,0.00014572005,2,30,18360.7152195,offer,2026-08-21T18:47:00.584782+00:00
0897a6be-d5d5-4016-be50-21f13c0b4c05,fUSD,0.00014620379178082192,2,1,484.49,offer,2026-08-21T18:47:00.584782+00:00
0897a6be-d5d5-4016-be50-21f13c0b4c05,fUSD,0.00014627004999999998,2,3,466.94375616,offer,2026-08-21T18:47:00.584782+00:00
0897a6be-d5d5-4016-be50-21f13c0b4c05,fUSD,0.00014682005,2,2,311.02626063,offer,2026-08-21T18:47:00.584782+00:00
0897a6be-d5d5-4016-be50-21f13c0b4c05,fUSD,0.00014712328767123287,2,1,500.0,offer,2026-08-21T18:47:00.584782+00:00
0897a6be-d5d5-4016-be50-21f13c0b4c05,fUSD,0.00014737004999999998,2,2,311.02626063,offer,2026-08-21T18:47:00.584782+00:00
0897a6be-d5d5-4016-be50-21f13c0b4c05,fUSD,0.0001475001,2,1,820.0951,offer,2026-08-21T18:47:00.584782+00:00
0897a6be-d5d5-4016-be50-21f13c0b4c05,fUSD,0.00014792005,2,2,311.02626064,offer,2026-08-21T18:47:00.584782+00:00
0897a6be-d5d5-4016-be50-21f13c0b4c05,fUSD,0.00014824505,2,1,492.0571,offer,2026-08-21T18:47:00.584782+00:00
0897a6be-d5d5-4016-be50-21f13c0b4c05,fUSD,0.00014824520547945206,2,1,186.57,offer,2026-08-21T18:47:00.584782+00:00
0897a6be-d5d5-4016-be50-21f13c0b4c05,fUSD,0.00014846005,2,1,178.98200942,offer,2026-08-21T18:47:00.584782+00:00
0897a6be-d5d5-4016-be50-21f13c0b4c05,fUSD,0.00014847004999999998,2,1,151.0,offer,2026-08-21T18:47:00.584782+00:00
0897a6be-d5d5-4016-be50-21f13c0b4c05,fUSD,0.0001484986,2,1,200.0,offer,2026-08-21T18:47:00.584782+00:00
0897a6be-d5d5-4016-be50-21f13c0b4c05,fUSD,0.0001484986301369863,2,1,500.0,offer,2026-08-21T18:47:00.584782+00:00
0897a6be-d5d5-4016-be50-21f13c0b4c05,fUSD,0.0001487,2,3,4500.0,offer,2026-08-21T18:47:00.584782+00:00
0897a6be-d5d5-4016-be50-21f13c0b4c05,fUSD,0.00014879,2,1,200.0,offer,2026-08-21T18:47:00.584782+00:00
0897a6be-d5d5-4016-be50-21f13c0b4c05,fUSD,0.0001488,2,4,4700.0,offer,2026-08-21T18:47:00.584782+00:00
0897a6be-d5d5-4016-be50-21f13c0b4c05,fUSD,0.00014899,2,2,13360.44352713,offer,2026-08-21T18:47:00.584782+00:00
9c8aaeb9-5bdf-4ffa-9baf-613ea1850ced,fUSD,0.000273972602739726,120,1,-13646616.09711596,demand,2026-08-21T19:47:00.331073+00:00
9c8aaeb9-5bdf-4ffa-9baf-613ea1850ced,fUSD,0.000209,30,1,-6289.12258117,demand,2026-08-21T19:47:00.331073+00:00
9c8aaeb9-5bdf-4ffa-9baf-613ea1850ced,fUSD,0.00018010999999999998,120,1,-133240.73391109,demand,2026-08-21T19:47:00.331073+00:00
9c8aaeb9-5bdf-4ffa-9baf-613ea1850ced,fUSD,0.0001777,120,1,-23123.30278361,demand,2026-08-21T19:47:00.331073+00:00
9c8aaeb9-5bdf-4ffa-9baf-613ea1850ced,fUSD,0.000174,120,1,-12350.0,demand,2026-08-21T19:47:00.331073+00:00
9c8aaeb9-5bdf-4ffa-9baf-613ea1850ced,fUSD,0.0001713,120,1,-14000.0,demand,2026-08-21T19:47:00.331073+00:00
9c8aaeb9-5bdf-4ffa-9baf-613ea1850ced,fUSD,0.0001712,120,1,-20000.0,demand,2026-08-21T19:47:00.331073+00:00
9c8aaeb9-5bdf-4ffa-9baf-613ea1850ced,fUSD,0.00017111,120,1,-2000000.0,demand,2026-08-21T19:47:00.331073+00:00
9c8aaeb9-5bdf-4ffa-9baf-613ea1850ced,fUSD,0.00016,120,2,-10009162.66122322,demand,2026-08-21T19:47:00.331073+00:00
9c8aaeb9-5bdf-4ffa-9baf-613ea1850ced,fUSD,0.000151,120,1,-10000.0,demand,2026-08-21T19:47:00.331073+00:00
9c8aaeb9-5bdf-4ffa-9baf-613ea1850ced,fUSD,0.0001502,30,1,-13500.0,demand,2026-08-21T19:47:00.331073+00:00
9c8aaeb9-5bdf-4ffa-9baf-613ea1850ced,fUSD,0.00015,90,1,-19550.75,demand,2026-08-21T19:47:00.331073+00:00
9c8aaeb9-5bdf-4ffa-9baf-613ea1850ced,fUSD,0.00015,29,1,-218795.0,demand,2026-08-21T19:47:00.331073+00:00
9c8aaeb9-5bdf-4ffa-9baf-613ea1850ced,fUSD,0.00015,120,1,-500.0,demand,2026-08-21T19:47:00.331073+00:00
9c8aaeb9-5bdf-4ffa-9baf-613ea1850ced,fUSD,0.00015,2,1,-10000.0,demand,2026-08-21T19:47:00.331073+00:00
9c8aaeb9-5bdf-4ffa-9baf-613ea1850ced,fUSD,0.00014252,120,1,-10770.76644364,demand,2026-08-21T19:47:00.331073+00:00
9c8aaeb9-5bdf-4ffa-9baf-613ea1850ced,fUSD,0.000142,7,2,-33677.47594452,demand,2026-08-21T19:47:00.331073+00:00
9c8aaeb9-5bdf-4ffa-9baf-613ea1850ced,fUSD,0.00014120000000000002,30,1,-13500.0,demand,2026-08-21T19:47:00.331073+00:00
9c8aaeb9-5bdf-4ffa-9baf-613ea1850ced,fUSD,0.00014001,2,23,-228912.946774,demand,2026-08-21T19:47:00.331073+00:00
9c8aaeb9-5bdf-4ffa-9baf-613ea1850ced,fUSD,0.00014000000000000001,2,1,-1814952.93704389,demand,2026-08-21T19:47:00.331073+00:00
9c8aaeb9-5bdf-4ffa-9baf-613ea1850ced,fUSD,0.0001342,2,1,-1783904.39862186,demand,2026-08-21T19:47:00.331073+00:00
9c8aaeb9-5bdf-4ffa-9baf-613ea1850ced,fUSD,0.000134,2,1,-2000000.0,demand,2026-08-21T19:47:00.331073+00:00
9c8aaeb9-5bdf-4ffa-9baf-613ea1850ced,fUSD,0.00013,2,1,-2000000.0,demand,2026-08-21T19:47:00.331073+00:00
9c8aaeb9-5bdf-4ffa-9baf-613ea1850ced,fUSD,0.00012757,120,1,-100000.0,demand,2026-08-21T19:47:00.331073+00:00
9c8aaeb9-5bdf-4ffa-9baf-613ea1850ced,fUSD,0.0001221,120,1,-12587.13,demand,2026-08-21T19:47:00.331073+00:00
9c8aaeb9-5bdf-4ffa-9baf-613ea1850ced,fUSD,0.0001410322,2,1,150.0,offer,2026-08-21T19:47:00.331073+00:00
9c8aaeb9-5bdf-4ffa-9baf-613ea1850ced,fUSD,0.00014104026875,2,1,250.0,offer,2026-08-21T19:47:00.331073+00:00
9c8aaeb9-5bdf-4ffa-9baf-613ea1850ced,fUSD,0.0001410483375,2,1,235.02493884,offer,2026-08-21T19:47:00.331073+00:00
9c8aaeb9-5bdf-4ffa-9baf-613ea1850ced,fUSD,0.0001412904,2,1,166.35,offer,2026-08-21T19:47:00.331073+00:00
9c8aaeb9-5bdf-4ffa-9baf-613ea1850ced,fUSD,0.0001414803875,2,1,250.0,offer,2026-08-21T19:47:00.331073+00:00
9c8aaeb9-5bdf-4ffa-9baf-613ea1850ced,fUSD,0.0001415405,2,1,308.68,offer,2026-08-21T19:47:00.331073+00:00
9c8aaeb9-5bdf-4ffa-9baf-613ea1850ced,fUSD,0.0001424905,2,1,308.67,offer,2026-08-21T19:47:00.331073+00:00
9c8aaeb9-5bdf-4ffa-9baf-613ea1850ced,fUSD,0.00014325547260273972,2,1,315.67,offer,2026-08-21T19:47:00.331073+00:00
9c8aaeb9-5bdf-4ffa-9baf-613ea1850ced,fUSD,0.000144000798,2,1,170.76,offer,2026-08-21T19:47:00.331073+00:00
9c8aaeb9-5bdf-4ffa-9baf-613ea1850ced,fUSD,0.0001455161,2,8,7023.37798441,offer,2026-08-21T19:47:00.331073+00:00
9c8aaeb9-5bdf-4ffa-9baf-613ea1850ced,fUSD,0.00014674944520547944,2,1,315.67,offer,2026-08-21T19:47:00.331073+00:00
9c8aaeb9-5bdf-4ffa-9baf-613ea1850ced,fUSD,0.0001478005,2,1,308.68,offer,2026-08-21T19:47:00.331073+00:00
9c8aaeb9-5bdf-4ffa-9baf-613ea1850ced,fUSD,0.0001482011,2,1,308.67,offer,2026-08-21T19:47:00.331073+00:00
9c8aaeb9-5bdf-4ffa-9baf-613ea1850ced,fUSD,0.0001482561,2,1,152.6057133,offer,2026-08-21T19:47:00.331073+00:00
9c8aaeb9-5bdf-4ffa-9baf-613ea1850ced,fUSD,0.0001485,2,3,2303.663141,offer,2026-08-21T19:47:00.331073+00:00
9c8aaeb9-5bdf-4ffa-9baf-613ea1850ced,fUSD,0.0001486,2,1,938.37145,offer,2026-08-21T19:47:00.331073+00:00
9c8aaeb9-5bdf-4ffa-9baf-613ea1850ced,fUSD,0.0001488,2,1,200.0,offer,2026-08-21T19:47:00.331073+00:00
9c8aaeb9-5bdf-4ffa-9baf-613ea1850ced,fUSD,0.00014898,2,3,641.47931069,offer,2026-08-21T19:47:00.331073+00:00
9c8aaeb9-5bdf-4ffa-9baf-613ea1850ced,fUSD,0.00014899,2,2,9053.76063361,offer,2026-08-21T19:47:00.331073+00:00
9c8aaeb9-5bdf-4ffa-9baf-613ea1850ced,fUSD,0.000149,2,5,19116.78903289,offer,2026-08-21T19:47:00.331073+00:00
9c8aaeb9-5bdf-4ffa-9baf-613ea1850ced,fUSD,0.0001492475,2,1,308.68,offer,2026-08-21T19:47:00.331073+00:00
9c8aaeb9-5bdf-4ffa-9baf-613ea1850ced,fUSD,0.00014937,2,6,2618.22385087,offer,2026-08-21T19:47:00.331073+00:00
9c8aaeb9-5bdf-4ffa-9baf-613ea1850ced,fUSD,0.0001495211,2,1,308.67,offer,2026-08-21T19:47:00.331073+00:00
9c8aaeb9-5bdf-4ffa-9baf-613ea1850ced,fUSD,0.0001495890410958904,3,1,360.0,offer,2026-08-21T19:47:00.331073+00:00
9c8aaeb9-5bdf-4ffa-9baf-613ea1850ced,fUSD,0.00014977,2,2,1000.0,offer,2026-08-21T19:47:00.331073+00:00
e9603d68-0d38-4450-b6eb-a2d4861d39ca,fUSD,0.000273972602739726,120,1,-13611605.59894298,demand,2026-08-21T20:47:00.396326+00:00
e9603d68-0d38-4450-b6eb-a2d4861d39ca,fUSD,0.000209,30,1,-6289.12258117,demand,2026-08-21T20:47:00.396326+00:00
e9603d68-0d38-4450-b6eb-a2d4861d39ca,fUSD,0.00018010999999999998,120,1,-133240.73391109,demand,2026-08-21T20:47:00.396326+00:00
e9603d68-0d38-4450-b6eb-a2d4861d39ca,fUSD,0.0001777,120,1,-23123.30278361,demand,2026-08-21T20:47:00.396326+00:00
e9603d68-0d38-4450-b6eb-a2d4861d39ca,fUSD,0.000174,120,1,-12350.0,demand,2026-08-21T20:47:00.396326+00:00
e9603d68-0d38-4450-b6eb-a2d4861d39ca,fUSD,0.0001713,120,1,-14000.0,demand,2026-08-21T20:47:00.396326+00:00
e9603d68-0d38-4450-b6eb-a2d4861d39ca,fUSD,0.0001712,120,1,-20000.0,demand,2026-08-21T20:47:00.396326+00:00
e9603d68-0d38-4450-b6eb-a2d4861d39ca,fUSD,0.00017111,120,1,-2000000.0,demand,2026-08-21T20:47:00.396326+00:00
e9603d68-0d38-4450-b6eb-a2d4861d39ca,fUSD,0.00016,120,2,-10009162.66122322,demand,2026-08-21T20:47:00.396326+00:00
e9603d68-0d38-4450-b6eb-a2d4861d39ca,fUSD,0.000151,120,1,-10000.0,demand,2026-08-21T20:47:00.396326+00:00
e9603d68-0d38-4450-b6eb-a2d4861d39ca,fUSD,0.0001502,30,1,-13500.0,demand,2026-08-21T20:47:00.396326+00:00
e9603d68-0d38-4450-b6eb-a2d4861d39ca,fUSD,0.00015,90,1,-19550.75,demand,2026-08-21T20:47:00.396326+00:00
e9603d68-0d38-4450-b6eb-a2d4861d39ca,fUSD,0.00015,29,1,-218795.0,demand,2026-08-21T20:47:00.396326+00:00
e9603d68-0d38-4450-b6eb-a2d4861d39ca,fUSD,0.00015,120,1,-500.0,demand,2026-08-21T20:47:00.396326+00:00
e9603d68-0d38-4450-b6eb-a2d4861d39ca,fUSD,0.00015,2,1,-10000.0,demand,2026-08-21T20:47:00.396326+00:00
e9603d68-0d38-4450-b6eb-a2d4861d39ca,fUSD,0.00014252,120,1,-10770.76644364,demand,2026-08-21T20:47:00.396326+00:00
e9603d68-0d38-4450-b6eb-a2d4861d39ca,fUSD,0.000142,7,2,-33677.47594452,demand,2026-08-21T20:47:00.396326+00:00
e9603d68-0d38-4450-b6eb-a2d4861d39ca,fUSD,0.00014120000000000002,30,1,-13500.0,demand,2026-08-21T20:47:00.396326+00:00
e9603d68-0d38-4450-b6eb-a2d4861d39ca,fUSD,0.00014000000000000001,2,1,-1814059.90704389,demand,2026-08-21T20:47:00.396326+00:00
e9603d68-0d38-4450-b6eb-a2d4861d39ca,fUSD,0.0001342,2,1,-1783904.39862186,demand,2026-08-21T20:47:00.396326+00:00
e9603d68-0d38-4450-b6eb-a2d4861d39ca,fUSD,0.000134,2,1,-2000000.0,demand,2026-08-21T20:47:00.396326+00:00
e9603d68-0d38-4450-b6eb-a2d4861d39ca,fUSD,0.00013,2,1,-2000000.0,demand,2026-08-21T20:47:00.396326+00:00
e9603d68-0d38-4450-b6eb-a2d4861d39ca,fUSD,0.00012757,120,1,-100000.0,demand,2026-08-21T20:47:00.396326+00:00
e9603d68-0d38-4450-b6eb-a2d4861d39ca,fUSD,0.0001221,120,1,-12587.13,demand,2026-08-21T20:47:00.396326+00:00
e9603d68-0d38-4450-b6eb-a2d4861d39ca,fUSD,0.000121,7,1,-6000.0,demand,2026-08-21T20:47:00.396326+00:00
e9603d68-0d38-4450-b6eb-a2d4861d39ca,fUSD,0.0001424905,2,2,459.34,offer,2026-08-21T20:47:00.396326+00:00
e9603d68-0d38-4450-b6eb-a2d4861d39ca,fUSD,0.0001424905,7,1,165.97557598,offer,2026-08-21T20:47:00.396326+00:00
e9603d68-0d38-4450-b6eb-a2d4861d39ca,fUSD,0.0001436353,2,1,155.97,offer,2026-08-21T20:47:00.396326+00:00
e9603d68-0d38-4450-b6eb-a2d4861d39ca,fUSD,0.00014391,2,1,150.0,offer,2026-08-21T20:47:00.396326+00:00
e9603d68-0d38-4450-b6eb-a2d4861d39ca,fUSD,0.00014624524999999998,2,2,302.0,offer,2026-08-21T20:47:00.396326+00:00
e9603d68-0d38-4450-b6eb-a2d4861d39ca,fUSD,0.00014899,2,2,2313.46338,offer,2026-08-21T20:47:00.396326+00:00
e9603d68-0d38-4450-b6eb-a2d4861d39ca,fUSD,0.0001499,2,1,237.34009634,offer,2026-08-21T20:47:00.396326+00:00
e9603d68-0d38-4450-b6eb-a2d4861d39ca,fUSD,0.00014997,2,4,1339.22845086,offer,2026-08-21T20:47:00.396326+00:00
e9603d68-0d38-4450-b6eb-a2d4861d39ca,fUSD,0.00014998,2,23,58335.72094953,offer,2026-08-21T20:47:00.396326+00:00
e9603d68-0d38-4450-b6eb-a2d4861d39ca,fUSD,0.00014998,5,1,1129.42297241,offer,2026-08-21T20:47:00.396326+00:00
e9603d68-0d38-4450-b6eb-a2d4861d39ca,fUSD,0.00014999,2,36,606213.22784579,offer,2026-08-21T20:47:00.396326+00:00
e9603d68-0d38-4450-b6eb-a2d4861d39ca,fUSD,0.00015,2,5,735593.21224381,offer,2026-08-21T20:47:00.396326+00:00
e9603d68-0d38-4450-b6eb-a2d4861d39ca,fUSD,0.00015,10,1,10000.0,offer,2026-08-21T20:47:00.396326+00:00
e9603d68-0d38-4450-b6eb-a2d4861d39ca,fUSD,0.00015,7,1,150.0,offer,2026-08-21T20:47:00.396326+00:00
e9603d68-0d38-4450-b6eb-a2d4861d39ca,fUSD,0.00015025,2,1,250.0066207,offer,2026-08-21T20:47:00.396326+00:00
e9603d68-0d38-4450-b6eb-a2d4861d39ca,fUSD,0.00015036,2,1,1515.0601337,offer,2026-08-21T20:47:00.396326+00:00
e9603d68-0d38-4450-b6eb-a2d4861d39ca,fUSD,0.0001512528,2,1,309.34,offer,2026-08-21T20:47:00.396326+00:00
e9603d68-0d38-4450-b6eb-a2d4861d39ca,fUSD,0.0001515901,2,1,344.74,offer,2026-08-21T20:47:00.396326+00:00
e9603d68-0d38-4450-b6eb-a2d4861d39ca,fUSD,0.00015198,7,1,498.95172644,offer,2026-08-21T20:47:00.396326+00:00
e9603d68-0d38-4450-b6eb-a2d4861d39ca,fUSD,0.0001529898,3,2,388.33609092,offer,2026-08-21T20:47:00.396326+00:00
e9603d68-0d38-4450-b6eb-a2d4861d39ca,fUSD,0.00015299999999999998,7,1,150.0,offer,2026-08-21T20:47:00.396326+00:00
e9603d68-0d38-4450-b6eb-a2d4861d39ca,fUSD,0.0001531345,2,1,344.74,offer,2026-08-21T20:47:00.396326+00:00
e9603d68-0d38-4450-b6eb-a2d4861d39ca,fUSD,0.0001532781,2,1,309.34,offer,2026-08-21T20:47:00.396326+00:00
e9603d68-0d38-4450-b6eb-a2d4861d39ca,fUSD,0.00015435,2,2,737.7,offer,2026-08-21T20:47:00.396326+00:00
e9603d68-0d38-4450-b6eb-a2d4861d39ca,fUSD,0.0001546735,2,1,309.34,offer,2026-08-21T20:47:00.396326+00:00
d9361f84-e2cd-4a4d-95e0-8611ee8028da,fUSD,0.000273972602739726,120,1,-13598120.68964756,demand,2026-08-21T21:47:00.459150+00:00
d9361f84-e2cd-4a4d-95e0-8611ee8028da,fUSD,0.000209,30,1,-6289.12258117,demand,2026-08-21T21:47:00.459150+00:00
d9361f84-e2cd-4a4d-95e0-8611ee8028da,fUSD,0.00018010999999999998,120,1,-133240.73391109,demand,2026-08-21T21:47:00.459150+00:00
d9361f84-e2cd-4a4d-95e0-8611ee8028da,fUSD,0.0001777,120,1,-23123.30278361,demand,2026-08-21T21:47:00.459150+00:00
d9361f84-e2cd-4a4d-95e0-8611ee8028da,fUSD,0.000174,120,1,-12350.0,demand,2026-08-21T21:47:00.459150+00:00
d9361f84-e2cd-4a4d-95e0-8611ee8028da,fUSD,0.0001713,120,1,-14000.0,demand,2026-08-21T21:47:00.459150+00:00
d9361f84-e2cd-4a4d-95e0-8611ee8028da,fUSD,0.0001712,120,1,-20000.0,demand,2026-08-21T21:47:00.459150+00:00
d9361f84-e2cd-4a4d-95e0-8611ee8028da,fUSD,0.00017111,120,1,-2000000.0,demand,2026-08-21T21:47:00.459150+00:00
d9361f84-e2cd-4a4d-95e0-8611ee8028da,fUSD,0.00016,120,2,-10009162.66122322,demand,2026-08-21T21:47:00.459150+00:00
d9361f84-e2cd-4a4d-95e0-8611ee8028da,fUSD,0.000151,120,1,-10000.0,demand,2026-08-21T21:47:00.459150+00:00
d9361f84-e2cd-4a4d-95e0-8611ee8028da,fUSD,0.0001502,30,1,-13500.0,demand,2026-08-21T21:47:00.459150+00:00
d9361f84-e2cd-4a4d-95e0-8611ee8028da,fUSD,0.00015,90,1,-19550.75,demand,2026-08-21T21:47:00.459150+00:00
d9361f84-e2cd-4a4d-95e0-8611ee8028da,fUSD,0.00015,29,1,-218795.0,demand,2026-08-21T21:47:00.459150+00:00
d9361f84-e2cd-4a4d-95e0-8611ee8028da,fUSD,0.00015,120,1,-500.0,demand,2026-08-21T21:47:00.459150+00:00
d9361f84-e2cd-4a4d-95e0-8611ee8028da,fUSD,0.00015,2,1,-10000.0,demand,2026-08-21T21:47:00.459150+00:00
d9361f84-e2cd-4a4d-95e0-8611ee8028da,fUSD,0.00014252,120,1,-10770.76644364,demand,2026-08-21T21:47:00.459150+00:00
d9361f84-e2cd-4a4d-95e0-8611ee8028da,fUSD,0.000142,7,2,-33677.47594452,demand,2026-08-21T21:47:00.459150+00:00
d9361f84-e2cd-4a4d-95e0-8611ee8028da,fUSD,0.00014120000000000002,30,1,-13500.0,demand,2026-08-21T21:47:00.459150+00:00
d9361f84-e2cd-4a4d-95e0-8611ee8028da,fUSD,0.00014000000000000001,2,1,-1804059.09140764,demand,2026-08-21T21:47:00.459150+00:00
d9361f84-e2cd-4a4d-95e0-8611ee8028da,fUSD,0.0001342,2,1,-1783904.39862186,demand,2026-08-21T21:47:00.459150+00:00
d9361f84-e2cd-4a4d-95e0-8611ee8028da,fUSD,0.000134,2,1,-2000000.0,demand,2026-08-21T21:47:00.459150+00:00
d9361f84-e2cd-4a4d-95e0-8611ee8028da,fUSD,0.00013,2,1,-2000000.0,demand,2026-08-21T21:47:00.459150+00:00
d9361f84-e2cd-4a4d-95e0-8611ee8028da,fUSD,0.00012757,120,1,-100000.0,demand,2026-08-21T21:47:00.459150+00:00
d9361f84-e2cd-4a4d-95e0-8611ee8028da,fUSD,0.0001221,120,1,-12587.13,demand,2026-08-21T21:47:00.459150+00:00
d9361f84-e2cd-4a4d-95e0-8611ee8028da,fUSD,0.000121,7,1,-6000.0,demand,2026-08-21T21:47:00.459150+00:00
d9361f84-e2cd-4a4d-95e0-8611ee8028da,fUSD,0.000158627517,2,2,832.72297609,offer,2026-08-21T21:47:00.459150+00:00
d9361f84-e2cd-4a4d-95e0-8611ee8028da,fUSD,0.00016042276249999998,2,1,226.67313213,offer,2026-08-21T21:47:00.459150+00:00
d9361f84-e2cd-4a4d-95e0-8611ee8028da,fUSD,0.00016221800833333332,2,1,250.0,offer,2026-08-21T21:47:00.459150+00:00
d9361f84-e2cd-4a4d-95e0-8611ee8028da,fUSD,0.0001658085,2,1,600.0,offer,2026-08-21T21:47:00.459150+00:00
d9361f84-e2cd-4a4d-95e0-8611ee8028da,fUSD,0.00016977500000000002,2,1,163.0,offer,2026-08-21T21:47:00.459150+00:00
d9361f84-e2cd-4a4d-95e0-8611ee8028da,fUSD,0.00017083,2,1,182.77091098,offer,2026-08-21T21:47:00.459150+00:00
d9361f84-e2cd-4a4d-95e0-8611ee8028da,fUSD,0.0001717211026,2,1,291.22557969,offer,2026-08-21T21:47:00.459150+00:00
d9361f84-e2cd-4a4d-95e0-8611ee8028da,fUSD,0.000171832197,2,1,486.83164048,offer,2026-08-21T21:47:00.459150+00:00
d9361f84-e2cd-4a4d-95e0-8611ee8028da,fUSD,0.00017449026833333333,2,1,250.0,offer,2026-08-21T21:47:00.459150+00:00
d9361f84-e2cd-4a4d-95e0-8611ee8028da,fUSD,0.00017651129999999998,2,1,706.54403414,offer,2026-08-21T21:47:00.459150+00:00
d9361f84-e2cd-4a4d-95e0-8611ee8028da,fUSD,0.0001782539,2,1,150.0,offer,2026-08-21T21:47:00.459150+00:00
d9361f84-e2cd-4a4d-95e0-8611ee8028da,fUSD,0.0001785005,2,1,1852.42,offer,2026-08-21T21:47:00.459150+00:00
d9361f84-e2cd-4a4d-95e0-8611ee8028da,fUSD,0.000178624,2,1,277.36,offer,2026-08-21T21:47:00.459150+00:00
d9361f84-e2cd-4a4d-95e0-8611ee8028da,fUSD,0.0001789201,2,1,633.54,offer,2026-08-21T21:47:00.459150+00:00
d9361f84-e2cd-4a4d-95e0-8611ee8028da,fUSD,0.0001797211026,2,10,4623.71098602,offer,2026-08-21T21:47:00.459150+00:00
d9361f84-e2cd-4a4d-95e0-8611ee8028da,fUSD,0.0001824741,2,4,2000.0,offer,2026-08-21T21:47:00.459150+00:00
d9361f84-e2cd-4a4d-95e0-8611ee8028da,fUSD,0.0001824807,2,1,150.0,offer,2026-08-21T21:47:00.459150+00:00
d9361f84-e2cd-4a4d-95e0-8611ee8028da,fUSD,0.00018339297671232877,2,1,633.54,offer,2026-08-21T21:47:00.459150+00:00
d9361f84-e2cd-4a4d-95e0-8611ee8028da,fUSD,0.0001838163,2,1,200.0,offer,2026-08-21T21:47:00.459150+00:00
d9361f84-e2cd-4a4d-95e0-8611ee8028da,fUSD,0.0001843203,2,1,302.85,offer,2026-08-21T21:47:00.459150+00:00
d9361f84-e2cd-4a4d-95e0-8611ee8028da,fUSD,0.0001844611,2,1,614.3,offer,2026-08-21T21:47:00.459150+00:00
d9361f84-e2cd-4a4d-95e0-8611ee8028da,fUSD,0.0001845113,2,1,162.67,offer,2026-08-21T21:47:00.459150+00:00
d9361f84-e2cd-4a4d-95e0-8611ee8028da,fUSD,0.00018495071,2,1,150.0,offer,2026-08-21T21:47:00.459150+00:00
d9361f84-e2cd-4a4d-95e0-8611ee8028da,fUSD,0.00018495136986301368,2,1,151.0,offer,2026-08-21T21:47:00.459150+00:00
d9361f84-e2cd-4a4d-95e0-8611ee8028da,fUSD,0.00018495210113736332,2,1,206.0,offer,2026-08-21T21:47:00.459150+00:00
03925a82-1f33-4030-9376-415cac313a5a,fUSD,0.000273972602739726,120,1,-13576484.53064375,demand,2026-08-21T22:47:00.589478+00:00
03925a82-1f33-4030-9376-415cac313a5a,fUSD,0.000209,30,1,-6289.12258117,demand,2026-08-21T22:47:00.589478+00:00
03925a82-1f33-4030-9376-415cac313a5a,fUSD,0.00018010999999999998,120,1,-133240.73391109,demand,2026-08-21T22:47:00.589478+00:00
03925a82-1f33-4030-9376-415cac313a5a,fUSD,0.0001777,120,1,-23123.30278361,demand,2026-08-21T22:47:00.589478+00:00
03925a82-1f33-4030-9376-415cac313a5a,fUSD,0.000174,120,1,-12350.0,demand,2026-08-21T22:47:00.589478+00:00
03925a82-1f33-4030-9376-415cac313a5a,fUSD,0.0001713,120,1,-14000.0,demand,2026-08-21T22:47:00.589478+00:00
03925a82-1f33-4030-9376-415cac313a5a,fUSD,0.0001712,120,1,-20000.0,demand,2026-08-21T22:47:00.589478+00:00
03925a82-1f33-4030-9376-415cac313a5a,fUSD,0.00017111,120,1,-2000000.0,demand,2026-08-21T22:47:00.589478+00:00
03925a82-1f33-4030-9376-415cac313a5a,fUSD,0.00016,120,2,-10009162.66122322,demand,2026-08-21T22:47:00.589478+00:00
03925a82-1f33-4030-9376-415cac313a5a,fUSD,0.000151,120,1,-10000.0,demand,2026-08-21T22:47:00.589478+00:00
03925a82-1f33-4030-9376-415cac313a5a,fUSD,0.0001502,30,1,-12501.0,demand,2026-08-21T22:47:00.589478+00:00
03925a82-1f33-4030-9376-415cac313a5a,fUSD,0.00015,90,1,-19550.75,demand,2026-08-21T22:47:00.589478+00:00
03925a82-1f33-4030-9376-415cac313a5a,fUSD,0.00015,29,1,-218795.0,demand,2026-08-21T22:47:00.589478+00:00
03925a82-1f33-4030-9376-415cac313a5a,fUSD,0.00015,120,1,-500.0,demand,2026-08-21T22:47:00.589478+00:00
03925a82-1f33-4030-9376-415cac313a5a,fUSD,0.00015,2,1,-10000.0,demand,2026-08-21T22:47:00.589478+00:00
03925a82-1f33-4030-9376-415cac313a5a,fUSD,0.00014252,120,1,-10770.76644364,demand,2026-08-21T22:47:00.589478+00:00
03925a82-1f33-4030-9376-415cac313a5a,fUSD,0.000142,7,2,-33677.47594452,demand,2026-08-21T22:47:00.589478+00:00
03925a82-1f33-4030-9376-415cac313a5a,fUSD,0.00014120000000000002,30,1,-13500.0,demand,2026-08-21T22:47:00.589478+00:00
03925a82-1f33-4030-9376-415cac313a5a,fUSD,0.00014000000000000001,2,1,-1797002.77140764,demand,2026-08-21T22:47:00.589478+00:00
03925a82-1f33-4030-9376-415cac313a5a,fUSD,0.0001342,2,1,-1783904.39862186,demand,2026-08-21T22:47:00.589478+00:00
03925a82-1f33-4030-9376-415cac313a5a,fUSD,0.000134,2,1,-2000000.0,demand,2026-08-21T22:47:00.589478+00:00
03925a82-1f33-4030-9376-415cac313a5a,fUSD,0.00013,2,1,-2000000.0,demand,2026-08-21T22:47:00.589478+00:00
03925a82-1f33-4030-9376-415cac313a5a,fUSD,0.00012757,120,1,-100000.0,demand,2026-08-21T22:47:00.589478+00:00
03925a82-1f33-4030-9376-415cac313a5a,fUSD,0.0001221,120,1,-12587.13,demand,2026-08-21T22:47:00.589478+00:00
03925a82-1f33-4030-9376-415cac313a5a,fUSD,0.000121,7,1,-6000.0,demand,2026-08-21T22:47:00.589478+00:00
03925a82-1f33-4030-9376-415cac313a5a,fUSD,0.00014998,2,6,2423.40904474,offer,2026-08-21T22:47:00.589478+00:00
03925a82-1f33-4030-9376-415cac313a5a,fUSD,0.000149985,2,1,236.72577337,offer,2026-08-21T22:47:00.589478+00:00
03925a82-1f33-4030-9376-415cac313a5a,fUSD,0.00014999,2,3,1500.0,offer,2026-08-21T22:47:00.589478+00:00
03925a82-1f33-4030-9376-415cac313a5a,fUSD,0.00016820185518218178,2,1,267.68193542,offer,2026-08-21T22:47:00.589478+00:00
03925a82-1f33-4030-9376-415cac313a5a,fUSD,0.00017006,2,1,500.0,offer,2026-08-21T22:47:00.589478+00:00
03925a82-1f33-4030-9376-415cac313a5a,fUSD,0.000177,2,1,1366.4274996,offer,2026-08-21T22:47:00.589478+00:00
03925a82-1f33-4030-9376-415cac313a5a,fUSD,0.00017721077472,2,1,297.9,offer,2026-08-21T22:47:00.589478+00:00
03925a82-1f33-4030-9376-415cac313a5a,fUSD,0.0001774825816933899,2,1,1257.25825459,offer,2026-08-21T22:47:00.589478+00:00
03925a82-1f33-4030-9376-415cac313a5a,fUSD,0.00017748283751613182,2,1,177.58737229,offer,2026-08-21T22:47:00.589478+00:00
03925a82-1f33-4030-9376-415cac313a5a,fUSD,0.000179,2,1,1366.4274996,offer,2026-08-21T22:47:00.589478+00:00
03925a82-1f33-4030-9376-415cac313a5a,fUSD,0.00017928337745972604,2,1,297.9,offer,2026-08-21T22:47:00.589478+00:00
03925a82-1f33-4030-9376-415cac313a5a,fUSD,0.000181,2,1,1366.4274996,offer,2026-08-21T22:47:00.589478+00:00
03925a82-1f33-4030-9376-415cac313a5a,fUSD,0.00018135598019945206,2,1,297.9,offer,2026-08-21T22:47:00.589478+00:00
03925a82-1f33-4030-9376-415cac313a5a,fUSD,0.000181639,2,1,162.18,offer,2026-08-21T22:47:00.589478+00:00
03925a82-1f33-4030-9376-415cac313a5a,fUSD,0.0001820528,2,1,150.0,offer,2026-08-21T22:47:00.589478+00:00
03925a82-1f33-4030-9376-415cac313a5a,fUSD,0.000182159,2,2,1052.13,offer,2026-08-21T22:47:00.589478+00:00
03925a82-1f33-4030-9376-415cac313a5a,fUSD,0.0001821715,2,2,1520.85,offer,2026-08-21T22:47:00.589478+00:00
03925a82-1f33-4030-9376-415cac313a5a,fUSD,0.000182296,2,1,200.0,offer,2026-08-21T22:47:00.589478+00:00
03925a82-1f33-4030-9376-415cac313a5a,fUSD,0.0001824656,2,1,172.29,offer,2026-08-21T22:47:00.589478+00:00
03925a82-1f33-4030-9376-415cac313a5a,fUSD,0.0001827587,2,1,259.19356404,offer,2026-08-21T22:47:00.589478+00:00
03925a82-1f33-4030-9376-415cac313a5a,fUSD,0.0001827687,2,1,905.3,offer,2026-08-21T22:47:00.589478+00:00
03925a82-1f33-4030-9376-415cac313a5a,fUSD,0.000183,2,1,1366.4274996,offer,2026-08-21T22:47:00.589478+00:00
03925a82-1f33-4030-9376-415cac313a5a,fUSD,0.00018342858293917807,2,1,297.9,offer,2026-08-21T22:47:00.589478+00:00
03925a82-1f33-4030-9376-415cac313a5a,fUSD,0.000185,2,1,1366.4274996,offer,2026-08-21T22:47:00.589478+00:00
03925a82-1f33-4030-9376-415cac313a5a,fUSD,0.0001855011856789041,2,1,297.9,offer,2026-08-21T22:47:00.589478+00:00
cce2924b-4f2c-45fe-90fc-ab8b36715387,fUSD,0.000273972602739726,120,1,-13568041.0906153,demand,2026-08-21T23:47:00.442396+00:00
cce2924b-4f2c-45fe-90fc-ab8b36715387,fUSD,0.000209,30,1,-6289.12258117,demand,2026-08-21T23:47:00.442396+00:00
cce2924b-4f2c-45fe-90fc-ab8b36715387,fUSD,0.00018010999999999998,120,1,-133240.73391109,demand,2026-08-21T23:47:00.442396+00:00
cce2924b-4f2c-45fe-90fc-ab8b36715387,fUSD,0.0001777,120,1,-23123.30278361,demand,2026-08-21T23:47:00.442396+00:00
cce2924b-4f2c-45fe-90fc-ab8b36715387,fUSD,0.000174,120,1,-12350.0,demand,2026-08-21T23:47:00.442396+00:00
cce2924b-4f2c-45fe-90fc-ab8b36715387,fUSD,0.0001713,120,1,-14000.0,demand,2026-08-21T23:47:00.442396+00:00
cce2924b-4f2c-45fe-90fc-ab8b36715387,fUSD,0.0001712,120,1,-20000.0,demand,2026-08-21T23:47:00.442396+00:00
cce2924b-4f2c-45fe-90fc-ab8b36715387,fUSD,0.00017111,120,1,-2000000.0,demand,2026-08-21T23:47:00.442396+00:00
cce2924b-4f2c-45fe-90fc-ab8b36715387,fUSD,0.00016,120,2,-10009162.66122322,demand,2026-08-21T23:47:00.442396+00:00
cce2924b-4f2c-45fe-90fc-ab8b36715387,fUSD,0.000151,120,1,-10000.0,demand,2026-08-21T23:47:00.442396+00:00
cce2924b-4f2c-45fe-90fc-ab8b36715387,fUSD,0.0001502,30,1,-12501.0,demand,2026-08-21T23:47:00.442396+00:00
cce2924b-4f2c-45fe-90fc-ab8b36715387,fUSD,0.00015,90,1,-19550.75,demand,2026-08-21T23:47:00.442396+00:00
cce2924b-4f2c-45fe-90fc-ab8b36715387,fUSD,0.00015,29,1,-218795.0,demand,2026-08-21T23:47:00.442396+00:00
cce2924b-4f2c-45fe-90fc-ab8b36715387,fUSD,0.00015,120,1,-500.0,demand,2026-08-21T23:47:00.442396+00:00
cce2924b-4f2c-45fe-90fc-ab8b36715387,fUSD,0.00015,2,1,-10000.0,demand,2026-08-21T23:47:00.442396+00:00
cce2924b-4f2c-45fe-90fc-ab8b36715387,fUSD,0.00014252,120,1,-10770.76644364,demand,2026-08-21T23:47:00.442396+00:00
cce2924b-4f2c-45fe-90fc-ab8b36715387,fUSD,0.000142,7,2,-33460.26956997,demand,2026-08-21T23:47:00.442396+00:00
cce2924b-4f2c-45fe-90fc-ab8b36715387,fUSD,0.00014120000000000002,30,1,-13500.0,demand,2026-08-21T23:47:00.442396+00:00
cce2924b-4f2c-45fe-90fc-ab8b36715387,fUSD,0.00014000000000000001,2,1,-1794207.05173307,demand,2026-08-21T23:47:00.442396+00:00
cce2924b-4f2c-45fe-90fc-ab8b36715387,fUSD,0.0001342,2,1,-1783904.39862186,demand,2026-08-21T23:47:00.442396+00:00
cce2924b-4f2c-45fe-90fc-ab8b36715387,fUSD,0.000134,2,1,-2000000.0,demand,2026-08-21T23:47:00.442396+00:00
cce2924b-4f2c-45fe-90fc-ab8b36715387,fUSD,0.00013,2,1,-2000000.0,demand,2026-08-21T23:47:00.442396+00:00
cce2924b-4f2c-45fe-90fc-ab8b36715387,fUSD,0.00012757,120,1,-100000.0,demand,2026-08-21T23:47:00.442396+00:00
cce2924b-4f2c-45fe-90fc-ab8b36715387,fUSD,0.0001221,120,1,-12587.13,demand,2026-08-21T23:47:00.442396+00:00
cce2924b-4f2c-45fe-90fc-ab8b36715387,fUSD,0.000121,7,1,-6000.0,demand,2026-08-21T23:47:00.442396+00:00
cce2924b-4f2c-45fe-90fc-ab8b36715387,fUSD,0.0001484901,2,1,483.9024,offer,2026-08-21T23:47:00.442396+00:00
cce2924b-4f2c-45fe-90fc-ab8b36715387,fUSD,0.00014851353593749997,2,1,204.38609241,offer,2026-08-21T23:47:00.442396+00:00
cce2924b-4f2c-45fe-90fc-ab8b36715387,fUSD,0.00014853697187499997,2,1,288.21082229,offer,2026-08-21T23:47:00.442396+00:00
cce2924b-4f2c-45fe-90fc-ab8b36715387,fUSD,0.00014924005000000002,2,1,290.3414,offer,2026-08-21T23:47:00.442396+00:00
cce2924b-4f2c-45fe-90fc-ab8b36715387,fUSD,0.00014999,2,15,6468.08353633,offer,2026-08-21T23:47:00.442396+00:00
cce2924b-4f2c-45fe-90fc-ab8b36715387,fUSD,0.00015073995,2,1,193.5609,offer,2026-08-21T23:47:00.442396+00:00
cce2924b-4f2c-45fe-90fc-ab8b36715387,fUSD,0.0001574895,7,1,292.0065233,offer,2026-08-21T23:47:00.442396+00:00
cce2924b-4f2c-45fe-90fc-ab8b36715387,fUSD,0.0001610496000694437,3,1,159.05,offer,2026-08-21T23:47:00.442396+00:00
cce2924b-4f2c-45fe-90fc-ab8b36715387,fUSD,0.00016333911,2,2,850.0,offer,2026-08-21T23:47:00.442396+00:00
cce2924b-4f2c-45fe-90fc-ab8b36715387,fUSD,0.000172611,2,2,790.96,offer,2026-08-21T23:47:00.442396+00:00
cce2924b-4f2c-45fe-90fc-ab8b36715387,fUSD,0.0001732473,2,1,159.72,offer,2026-08-21T23:47:00.442396+00:00
cce2924b-4f2c-45fe-90fc-ab8b36715387,fUSD,0.00017421,2,1,176.46,offer,2026-08-21T23:47:00.442396+00:00
cce2924b-4f2c-45fe-90fc-ab8b36715387,fUSD,0.0001742477,2,1,316.0,offer,2026-08-21T23:47:00.442396+00:00
cce2924b-4f2c-45fe-90fc-ab8b36715387,fUSD,0.00017560515166697857,2,2,447.09303594,offer,2026-08-21T23:47:00.442396+00:00
cce2924b-4f2c-45fe-90fc-ab8b36715387,fUSD,0.00017561515166697857,2,4,1754.84562688,offer,2026-08-21T23:47:00.442396+00:00
cce2924b-4f2c-45fe-90fc-ab8b36715387,fUSD,0.000176,2,4,5882.47097984,offer,2026-08-21T23:47:00.442396+00:00
cce2924b-4f2c-45fe-90fc-ab8b36715387,fUSD,0.0001761692975967459,3,1,159.05,offer,2026-08-21T23:47:00.442396+00:00
cce2924b-4f2c-45fe-90fc-ab8b36715387,fUSD,0.000177,2,3,5707.12097984,offer,2026-08-21T23:47:00.442396+00:00
cce2924b-4f2c-45fe-90fc-ab8b36715387,fUSD,0.0001772393,2,1,163.75,offer,2026-08-21T23:47:00.442396+00:00
cce2924b-4f2c-45fe-90fc-ab8b36715387,fUSD,0.000179,2,3,5707.12097984,offer,2026-08-21T23:47:00.442396+00:00
cce2924b-4f2c-45fe-90fc-ab8b36715387,fUSD,0.0001791996,3,1,253.06,offer,2026-08-21T23:47:00.442396+00:00
cce2924b-4f2c-45fe-90fc-ab8b36715387,fUSD,0.0001802953,2,1,191.48,offer,2026-08-21T23:47:00.442396+00:00
cce2924b-4f2c-45fe-90fc-ab8b36715387,fUSD,0.000181,2,3,5707.12097984,offer,2026-08-21T23:47:00.442396+00:00
cce2924b-4f2c-45fe-90fc-ab8b36715387,fUSD,0.0001819097,2,1,310.69,offer,2026-08-21T23:47:00.442396+00:00
cce2924b-4f2c-45fe-90fc-ab8b36715387,fUSD,0.00018296002876712328,2,1,316.0,offer,2026-08-21T23:47:00.442396+00:00
