run_id,market,rate,period,count,amount,side,fetched_at
aa33da25-fd88-4a8e-847f-48ac4afdf144,fUSD,0.000273972602739726,120,1,-9473431.72676593,demand,2026-09-02T00:47:01.204292+00:00
aa33da25-fd88-4a8e-847f-48ac4afdf144,fUSD,0.00022,30,1,-30100.0,demand,2026-09-02T00:47:01.204292+00:00
aa33da25-fd88-4a8e-847f-48ac4afdf144,fUSD,0.00021,30,1,-30000.0,demand,2026-09-02T00:47:01.204292+00:00
aa33da25-fd88-4a8e-847f-48ac4afdf144,fUSD,0.000209,30,1,-6289.12258117,demand,2026-09-02T00:47:01.204292+00:00
aa33da25-fd88-4a8e-847f-48ac4afdf144,fUSD,0.0002,7,1,-150.0,demand,2026-09-02T00:47:01.204292+00:00
aa33da25-fd88-4a8e-847f-48ac4afdf144,fUSD,0.00018010999999999998,120,1,-133240.73391109,demand,2026-09-02T00:47:01.204292+00:00
aa33da25-fd88-4a8e-847f-48ac4afdf144,fUSD,0.0001777,120,1,-23123.30278361,demand,2026-09-02T00:47:01.204292+00:00
aa33da25-fd88-4a8e-847f-48ac4afdf144,fUSD,0.000174,120,1,-12350.0,demand,2026-09-02T00:47:01.204292+00:00
aa33da25-fd88-4a8e-847f-48ac4afdf144,fUSD,0.0001713,120,1,-14000.0,demand,2026-09-02T00:47:01.204292+00:00
aa33da25-fd88-4a8e-847f-48ac4afdf144,fUSD,0.0001712,120,1,-20000.0,demand,2026-09-02T00:47:01.204292+00:00
aa33da25-fd88-4a8e-847f-48ac4afdf144,fUSD,0.00017111,120,1,-2000000.0,demand,2026-09-02T00:47:01.204292+00:00
aa33da25-fd88-4a8e-847f-48ac4afdf144,fUSD,0.00017,120,1,-150.0,demand,2026-09-02T00:47:01.204292+00:00
aa33da25-fd88-4a8e-847f-48ac4afdf144,fUSD,0.0001603,60,1,-20000.0,demand,2026-09-02T00:47:01.204292+00:00
aa33da25-fd88-4a8e-847f-48ac4afdf144,fUSD,0.00016,120,2,-10009162.66122322,demand,2026-09-02T00:47:01.204292+00:00
aa33da25-fd88-4a8e-847f-48ac4afdf144,fUSD,0.000151,120,1,-10000.0,demand,2026-09-02T00:47:01.204292+00:00
aa33da25-fd88-4a8e-847f-48ac4afdf144,fUSD,0.00015,90,1,-19550.75,demand,2026-09-02T00:47:01.204292+00:00
aa33da25-fd88-4a8e-847f-48ac4afdf144,fUSD,0.00015,29,1,-91128.42113844,demand,2026-09-02T00:47:01.204292+00:00
aa33da25-fd88-4a8e-847f-48ac4afdf144,fUSD,0.00015,120,1,-500.0,demand,2026-09-02T00:47:01.204292+00:00
aa33da25-fd88-4a8e-847f-48ac4afdf144,fUSD,0.00015,2,1,-10000.0,demand,2026-09-02T00:47:01.204292+00:00
aa33da25-fd88-4a8e-847f-48ac4afdf144,fUSD,0.000145,7,1,-190.0,demand,2026-09-02T00:47:01.204292+00:00
aa33da25-fd88-4a8e-847f-48ac4afdf144,fUSD,0.00014252,120,1,-10770.76644364,demand,2026-09-02T00:47:01.204292+00:00
aa33da25-fd88-4a8e-847f-48ac4afdf144,fUSD,0.00014120000000000002,30,1,-13500.0,demand,2026-09-02T00:47:01.204292+00:00
aa33da25-fd88-4a8e-847f-48ac4afdf144,fUSD,0.0001342002,2,1,-334567.29054847,demand,2026-09-02T00:47:01.204292+00:00
aa33da25-fd88-4a8e-847f-48ac4afdf144,fUSD,0.0001342,2,1,-891058.84582125,demand,2026-09-02T00:47:01.204292+00:00
aa33da25-fd88-4a8e-847f-48ac4afdf144,fUSD,0.000131,13,1,-7000.0,demand,2026-09-02T00:47:01.204292+00:00
aa33da25-fd88-4a8e-847f-48ac4afdf144,fUSD,0.00014298,2,1,150.0,offer,2026-09-02T00:47:01.204292+00:00
aa33da25-fd88-4a8e-847f-48ac4afdf144,fUSD,0.0001529796,7,1,182.04406558,offer,2026-09-02T00:47:01.204292+00:00
aa33da25-fd88-4a8e-847f-48ac4afdf144,fUSD,0.000157479,2,1,199.5,offer,2026-09-02T00:47:01.204292+00:00
aa33da25-fd88-4a8e-847f-48ac4afdf144,fUSD,0.00016197840000000001,7,2,773.06609841,offer,2026-09-02T00:47:01.204292+00:00
aa33da25-fd88-4a8e-847f-48ac4afdf144,fUSD,0.0001861887,2,1,203.78,offer,2026-09-02T00:47:01.204292+00:00
aa33da25-fd88-4a8e-847f-48ac4afdf144,fUSD,0.0001862287,2,1,638.94,offer,2026-09-02T00:47:01.204292+00:00
aa33da25-fd88-4a8e-847f-48ac4afdf144,fUSD,0.000191787133,2,1,167.78,offer,2026-09-02T00:47:01.204292+00:00
aa33da25-fd88-4a8e-847f-48ac4afdf144,fUSD,0.00019452024961066924,2,1,454.281069,offer,2026-09-02T00:47:01.204292+00:00
aa33da25-fd88-4a8e-847f-48ac4afdf144,fUSD,0.00019452805290034886,2,1,180.57,offer,2026-09-02T00:47:01.204292+00:00
aa33da25-fd88-4a8e-847f-48ac4afdf144,fUSD,0.0001945302363105705,2,1,208.0,offer,2026-09-02T00:47:01.204292+00:00
aa33da25-fd88-4a8e-847f-48ac4afdf144,fUSD,0.0001945302428192085,2,1,208.0,offer,2026-09-02T00:47:01.204292+00:00
aa33da25-fd88-4a8e-847f-48ac4afdf144,fUSD,0.0001945302428777143,2,1,204.0,offer,2026-09-02T00:47:01.204292+00:00
aa33da25-fd88-4a8e-847f-48ac4afdf144,fUSD,0.0001945302429358278,2,1,203.0,offer,2026-09-02T00:47:01.204292+00:00
aa33da25-fd88-4a8e-847f-48ac4afdf144,fUSD,0.00019453024961066923,2,1,206.0,offer,2026-09-02T00:47:01.204292+00:00
aa33da25-fd88-4a8e-847f-48ac4afdf144,fUSD,0.0001945317189328436,2,1,204.0,offer,2026-09-02T00:47:01.204292+00:00
aa33da25-fd88-4a8e-847f-48ac4afdf144,fUSD,0.00019453323324112036,2,1,205.0,offer,2026-09-02T00:47:01.204292+00:00
aa33da25-fd88-4a8e-847f-48ac4afdf144,fUSD,0.00019453773080881106,2,1,206.0,offer,2026-09-02T00:47:01.204292+00:00
aa33da25-fd88-4a8e-847f-48ac4afdf144,fUSD,0.00019454865375894244,2,1,150.0,offer,2026-09-02T00:47:01.204292+00:00
aa33da25-fd88-4a8e-847f-48ac4afdf144,fUSD,0.0001945692502424045,2,2,419.0,offer,2026-09-02T00:47:01.204292+00:00
aa33da25-fd88-4a8e-847f-48ac4afdf144,fUSD,0.00019460390910568156,2,1,210.0,offer,2026-09-02T00:47:01.204292+00:00
aa33da25-fd88-4a8e-847f-48ac4afdf144,fUSD,0.0001946146611,2,1,413.28284887,offer,2026-09-02T00:47:01.204292+00:00
aa33da25-fd88-4a8e-847f-48ac4afdf144,fUSD,0.00019466796040306297,2,1,202.0,offer,2026-09-02T00:47:01.204292+00:00
aa33da25-fd88-4a8e-847f-48ac4afdf144,fUSD,0.0001947232876712329,2,2,415.0,offer,2026-09-02T00:47:01.204292+00:00
aa33da25-fd88-4a8e-847f-48ac4afdf144,fUSD,0.0001947233368056014,2,1,203.0,offer,2026-09-02T00:47:01.204292+00:00
aa33da25-fd88-4a8e-847f-48ac4afdf144,fUSD,0.00019473,2,1,628.0,offer,2026-09-02T00:47:01.204292+00:00
5ee41725-b371-407f-9895-6e578b4bec16,fUSD,0.000273972602739726,120,1,-9472707.84263293,demand,2026-09-02T01:47:01.161482+00:00
5ee41725-b371-407f-9895-6e578b4bec16,fUSD,0.00022,30,1,-30100.0,demand,2026-09-02T01:47:01.161482+00:00
5ee41725-b371-407f-9895-6e578b4bec16,fUSD,0.00021,30,1,-30000.0,demand,2026-09-02T01:47:01.161482+00:00
5ee41725-b371-407f-9895-6e578b4bec16,fUSD,0.000209,30,1,-6289.12258117,demand,2026-09-02T01:47:01.161482+00:00
5ee41725-b371-407f-9895-6e578b4bec16,fUSD,0.0002,7,1,-150.0,demand,2026-09-02T01:47:01.161482+00:00
5ee41725-b371-407f-9895-6e578b4bec16,fUSD,0.00018010999999999998,120,1,-133240.73391109,demand,2026-09-02T01:47:01.161482+00:00
5ee41725-b371-407f-9895-6e578b4bec16,fUSD,0.0001777,120,1,-23123.30278361,demand,2026-09-02T01:47:01.161482+00:00
5ee41725-b371-407f-9895-6e578b4bec16,fUSD,0.000174,120,1,-12350.0,demand,2026-09-02T01:47:01.161482+00:00
5ee41725-b371-407f-9895-6e578b4bec16,fUSD,0.0001713,120,1,-14000.0,demand,2026-09-02T01:47:01.161482+00:00
5ee41725-b371-407f-9895-6e578b4bec16,fUSD,0.0001712,120,1,-20000.0,demand,2026-09-02T01:47:01.161482+00:00
5ee41725-b371-407f-9895-6e578b4bec16,fUSD,0.00017111,120,1,-2000000.0,demand,2026-09-02T01:47:01.161482+00:00
5ee41725-b371-407f-9895-6e578b4bec16,fUSD,0.00017,120,1,-150.0,demand,2026-09-02T01:47:01.161482+00:00
5ee41725-b371-407f-9895-6e578b4bec16,fUSD,0.0001603,60,1,-20000.0,demand,2026-09-02T01:47:01.161482+00:00
5ee41725-b371-407f-9895-6e578b4bec16,fUSD,0.00016,120,2,-10009162.66122322,demand,2026-09-02T01:47:01.161482+00:00
5ee41725-b371-407f-9895-6e578b4bec16,fUSD,0.000151,120,1,-10000.0,demand,2026-09-02T01:47:01.161482+00:00
5ee41725-b371-407f-9895-6e578b4bec16,fUSD,0.00015,90,1,-19550.75,demand,2026-09-02T01:47:01.161482+00:00
5ee41725-b371-407f-9895-6e578b4bec16,fUSD,0.00015,29,1,-91128.42113844,demand,2026-09-02T01:47:01.161482+00:00
5ee41725-b371-407f-9895-6e578b4bec16,fUSD,0.00015,120,1,-500.0,demand,2026-09-02T01:47:01.161482+00:00
5ee41725-b371-407f-9895-6e578b4bec16,fUSD,0.00015,2,1,-10000.0,demand,2026-09-02T01:47:01.161482+00:00
5ee41725-b371-407f-9895-6e578b4bec16,fUSD,0.000145,7,1,-190.0,demand,2026-09-02T01:47:01.161482+00:00
5ee41725-b371-407f-9895-6e578b4bec16,fUSD,0.00014252,120,1,-10770.76644364,demand,2026-09-02T01:47:01.161482+00:00
5ee41725-b371-407f-9895-6e578b4bec16,fUSD,0.00014120000000000002,30,1,-13500.0,demand,2026-09-02T01:47:01.161482+00:00
5ee41725-b371-407f-9895-6e578b4bec16,fUSD,0.0001342002,2,1,-319779.80082364,demand,2026-09-02T01:47:01.161482+00:00
5ee41725-b371-407f-9895-6e578b4bec16,fUSD,0.0001342,2,1,-891058.84582125,demand,2026-09-02T01:47:01.161482+00:00
5ee41725-b371-407f-9895-6e578b4bec16,fUSD,0.000131,13,1,-7000.0,demand,2026-09-02T01:47:01.161482+00:00
5ee41725-b371-407f-9895-6e578b4bec16,fUSD,0.00014199999999999998,7,1,173.86613263,offer,2026-09-02T01:47:01.161482+00:00
5ee41725-b371-407f-9895-6e578b4bec16,fUSD,0.00014387374999999997,2,1,265.94149226,offer,2026-09-02T01:47:01.161482+00:00
5ee41725-b371-407f-9895-6e578b4bec16,fUSD,0.0001491,7,1,360.74006661,offer,2026-09-02T01:47:01.161482+00:00
5ee41725-b371-407f-9895-6e578b4bec16,fUSD,0.00014999,2,6,2785.35671447,offer,2026-09-02T01:47:01.161482+00:00
5ee41725-b371-407f-9895-6e578b4bec16,fUSD,0.00015,3,1,215.0,offer,2026-09-02T01:47:01.161482+00:00
5ee41725-b371-407f-9895-6e578b4bec16,fUSD,0.00015335999999999998,7,1,174.09332021,offer,2026-09-02T01:47:01.161482+00:00
5ee41725-b371-407f-9895-6e578b4bec16,fUSD,0.0001562,2,1,302.35804393,offer,2026-09-02T01:47:01.161482+00:00
5ee41725-b371-407f-9895-6e578b4bec16,fUSD,0.000159,2,1,175.81,offer,2026-09-02T01:47:01.161482+00:00
5ee41725-b371-407f-9895-6e578b4bec16,fUSD,0.00015900000000000002,2,1,500.0,offer,2026-09-02T01:47:01.161482+00:00
5ee41725-b371-407f-9895-6e578b4bec16,fUSD,0.00015904,7,1,174.09332025,offer,2026-09-02T01:47:01.161482+00:00
5ee41725-b371-407f-9895-6e578b4bec16,fUSD,0.00016412684210526316,3,1,215.0,offer,2026-09-02T01:47:01.161482+00:00
5ee41725-b371-407f-9895-6e578b4bec16,fUSD,0.00016438356164383562,2,1,151.0,offer,2026-09-02T01:47:01.161482+00:00
5ee41725-b371-407f-9895-6e578b4bec16,fUSD,0.00017294,2,1,737.05343621,offer,2026-09-02T01:47:01.161482+00:00
5ee41725-b371-407f-9895-6e578b4bec16,fUSD,0.00017315068493150684,2,1,503.0,offer,2026-09-02T01:47:01.161482+00:00
5ee41725-b371-407f-9895-6e578b4bec16,fUSD,0.0001747372,2,1,335.21,offer,2026-09-02T01:47:01.161482+00:00
5ee41725-b371-407f-9895-6e578b4bec16,fUSD,0.0001782536842105263,3,1,215.0,offer,2026-09-02T01:47:01.161482+00:00
5ee41725-b371-407f-9895-6e578b4bec16,fUSD,0.00018010999999999998,2,2,368.81,offer,2026-09-02T01:47:01.161482+00:00
5ee41725-b371-407f-9895-6e578b4bec16,fUSD,0.0001815256,2,1,178.43,offer,2026-09-02T01:47:01.161482+00:00
5ee41725-b371-407f-9895-6e578b4bec16,fUSD,0.00018393390620756263,2,1,308.46,offer,2026-09-02T01:47:01.161482+00:00
5ee41725-b371-407f-9895-6e578b4bec16,fUSD,0.0001861841,2,1,522.33,offer,2026-09-02T01:47:01.161482+00:00
5ee41725-b371-407f-9895-6e578b4bec16,fUSD,0.00018735616441,2,1,466.87,offer,2026-09-02T01:47:01.161482+00:00
5ee41725-b371-407f-9895-6e578b4bec16,fUSD,0.00018735890414,2,2,736.03,offer,2026-09-02T01:47:01.161482+00:00
5ee41725-b371-407f-9895-6e578b4bec16,fUSD,0.00018736164387,2,1,186.46,offer,2026-09-02T01:47:01.161482+00:00
5ee41725-b371-407f-9895-6e578b4bec16,fUSD,0.00018736712332,2,1,648.63,offer,2026-09-02T01:47:01.161482+00:00
5ee41725-b371-407f-9895-6e578b4bec16,fUSD,0.00018739452058,2,2,500.65,offer,2026-09-02T01:47:01.161482+00:00
879cffb9-c34d-45c5-b49c-36c3e061498a,fUSD,0.000273972602739726,120,1,-9414301.50166476,demand,2026-09-02T02:47:01.465709+00:00
879cffb9-c34d-45c5-b49c-36c3e061498a,fUSD,0.00022,30,1,-30100.0,demand,2026-09-02T02:47:01.465709+00:00
879cffb9-c34d-45c5-b49c-36c3e061498a,fUSD,0.00021,30,1,-30000.0,demand,2026-09-02T02:47:01.465709+00:00
879cffb9-c34d-45c5-b49c-36c3e061498a,fUSD,0.000209,30,1,-6289.12258117,demand,2026-09-02T02:47:01.465709+00:00
879cffb9-c34d-45c5-b49c-36c3e061498a,fUSD,0.0002,7,1,-150.0,demand,2026-09-02T02:47:01.465709+00:00
879cffb9-c34d-45c5-b49c-36c3e061498a,fUSD,0.00018010999999999998,120,1,-133240.73391109,demand,2026-09-02T02:47:01.465709+00:00
879cffb9-c34d-45c5-b49c-36c3e061498a,fUSD,0.0001777,120,1,-23123.30278361,demand,2026-09-02T02:47:01.465709+00:00
879cffb9-c34d-45c5-b49c-36c3e061498a,fUSD,0.000174,120,1,-12350.0,demand,2026-09-02T02:47:01.465709+00:00
879cffb9-c34d-45c5-b49c-36c3e061498a,fUSD,0.0001713,120,1,-14000.0,demand,2026-09-02T02:47:01.465709+00:00
879cffb9-c34d-45c5-b49c-36c3e061498a,fUSD,0.0001712,120,1,-20000.0,demand,2026-09-02T02:47:01.465709+00:00
879cffb9-c34d-45c5-b49c-36c3e061498a,fUSD,0.00017111,120,1,-2000000.0,demand,2026-09-02T02:47:01.465709+00:00
879cffb9-c34d-45c5-b49c-36c3e061498a,fUSD,0.00017,120,1,-150.0,demand,2026-09-02T02:47:01.465709+00:00
879cffb9-c34d-45c5-b49c-36c3e061498a,fUSD,0.0001603,60,1,-20000.0,demand,2026-09-02T02:47:01.465709+00:00
879cffb9-c34d-45c5-b49c-36c3e061498a,fUSD,0.00016,120,2,-10009162.66122322,demand,2026-09-02T02:47:01.465709+00:00
879cffb9-c34d-45c5-b49c-36c3e061498a,fUSD,0.000151,120,1,-10000.0,demand,2026-09-02T02:47:01.465709+00:00
879cffb9-c34d-45c5-b49c-36c3e061498a,fUSD,0.00015,90,1,-19550.75,demand,2026-09-02T02:47:01.465709+00:00
879cffb9-c34d-45c5-b49c-36c3e061498a,fUSD,0.00015,29,1,-91128.42113844,demand,2026-09-02T02:47:01.465709+00:00
879cffb9-c34d-45c5-b49c-36c3e061498a,fUSD,0.00015,120,1,-500.0,demand,2026-09-02T02:47:01.465709+00:00
879cffb9-c34d-45c5-b49c-36c3e061498a,fUSD,0.00015,2,1,-10000.0,demand,2026-09-02T02:47:01.465709+00:00
879cffb9-c34d-45c5-b49c-36c3e061498a,fUSD,0.000145,7,1,-190.0,demand,2026-09-02T02:47:01.465709+00:00
879cffb9-c34d-45c5-b49c-36c3e061498a,fUSD,0.00014252,120,1,-10770.76644364,demand,2026-09-02T02:47:01.465709+00:00
879cffb9-c34d-45c5-b49c-36c3e061498a,fUSD,0.00014120000000000002,30,1,-13500.0,demand,2026-09-02T02:47:01.465709+00:00
879cffb9-c34d-45c5-b49c-36c3e061498a,fUSD,0.0001342002,2,1,-305594.61355174,demand,2026-09-02T02:47:01.465709+00:00
879cffb9-c34d-45c5-b49c-36c3e061498a,fUSD,0.0001342,2,1,-891058.84582125,demand,2026-09-02T02:47:01.465709+00:00
879cffb9-c34d-45c5-b49c-36c3e061498a,fUSD,0.000131,13,1,-7000.0,demand,2026-09-02T02:47:01.465709+00:00
879cffb9-c34d-45c5-b49c-36c3e061498a,fUSD,0.00014,2,1,151.45409197,offer,2026-09-02T02:47:01.465709+00:00
879cffb9-c34d-45c5-b49c-36c3e061498a,fUSD,0.000147,2,1,64.6702944,offer,2026-09-02T02:47:01.465709+00:00
879cffb9-c34d-45c5-b49c-36c3e061498a,fUSD,0.00016054,2,1,4587.00702612,offer,2026-09-02T02:47:01.465709+00:00
879cffb9-c34d-45c5-b49c-36c3e061498a,fUSD,0.00016440823145780215,2,1,289.13627773,offer,2026-09-02T02:47:01.465709+00:00
879cffb9-c34d-45c5-b49c-36c3e061498a,fUSD,0.000171,2,1,847.0,offer,2026-09-02T02:47:01.465709+00:00
879cffb9-c34d-45c5-b49c-36c3e061498a,fUSD,0.00017699,2,1,454.281069,offer,2026-09-02T02:47:01.465709+00:00
879cffb9-c34d-45c5-b49c-36c3e061498a,fUSD,0.000177,3,1,5526.0,offer,2026-09-02T02:47:01.465709+00:00
879cffb9-c34d-45c5-b49c-36c3e061498a,fUSD,0.000179918767,2,2,378.38826675,offer,2026-09-02T02:47:01.465709+00:00
879cffb9-c34d-45c5-b49c-36c3e061498a,fUSD,0.000179928767,7,4,6651.67431026,offer,2026-09-02T02:47:01.465709+00:00
879cffb9-c34d-45c5-b49c-36c3e061498a,fUSD,0.00018010999999999998,2,1,437.42,offer,2026-09-02T02:47:01.465709+00:00
879cffb9-c34d-45c5-b49c-36c3e061498a,fUSD,0.00018010999999999998,7,2,634.63,offer,2026-09-02T02:47:01.465709+00:00
879cffb9-c34d-45c5-b49c-36c3e061498a,fUSD,0.000182,5,1,5526.0,offer,2026-09-02T02:47:01.465709+00:00
879cffb9-c34d-45c5-b49c-36c3e061498a,fUSD,0.0001837585,2,1,333.66,offer,2026-09-02T02:47:01.465709+00:00
879cffb9-c34d-45c5-b49c-36c3e061498a,fUSD,0.0001844082,2,1,333.66,offer,2026-09-02T02:47:01.465709+00:00
879cffb9-c34d-45c5-b49c-36c3e061498a,fUSD,0.0001850252,2,1,175.05,offer,2026-09-02T02:47:01.465709+00:00
879cffb9-c34d-45c5-b49c-36c3e061498a,fUSD,0.00018522,2,1,8387.56840783,offer,2026-09-02T02:47:01.465709+00:00
879cffb9-c34d-45c5-b49c-36c3e061498a,fUSD,0.0001853239,2,1,185.72,offer,2026-09-02T02:47:01.465709+00:00
879cffb9-c34d-45c5-b49c-36c3e061498a,fUSD,0.00018560892162655662,2,1,339.59362152,offer,2026-09-02T02:47:01.465709+00:00
879cffb9-c34d-45c5-b49c-36c3e061498a,fUSD,0.00018586202542372876,2,8,2258.64624712,offer,2026-09-02T02:47:01.465709+00:00
879cffb9-c34d-45c5-b49c-36c3e061498a,fUSD,0.00019,5,1,250.0,offer,2026-09-02T02:47:01.465709+00:00
879cffb9-c34d-45c5-b49c-36c3e061498a,fUSD,0.0001902175,2,1,384.09,offer,2026-09-02T02:47:01.465709+00:00
879cffb9-c34d-45c5-b49c-36c3e061498a,fUSD,0.00019035616438356162,2,2,307.28105704,offer,2026-09-02T02:47:01.465709+00:00
879cffb9-c34d-45c5-b49c-36c3e061498a,fUSD,0.0001913285,2,1,221.45,offer,2026-09-02T02:47:01.465709+00:00
879cffb9-c34d-45c5-b49c-36c3e061498a,fUSD,0.00019134202542372874,2,5,1428.13173664,offer,2026-09-02T02:47:01.465709+00:00
879cffb9-c34d-45c5-b49c-36c3e061498a,fUSD,0.0001917808219178082,2,2,1653.0,offer,2026-09-02T02:47:01.465709+00:00
edf25bbb-cf5e-4855-b532-7381bf7256d5,fUSD,0.000273972602739726,120,1,-9369743.08468035,demand,2026-09-02T03:47:01.188412+00:00
edf25bbb-cf5e-4855-b532-7381bf7256d5,fUSD,0.00022,30,1,-30100.0,demand,2026-09-02T03:47:01.188412+00:00
edf25bbb-cf5e-4855-b532-7381bf7256d5,fUSD,0.00021,30,1,-30000.0,demand,2026-09-02T03:47:01.188412+00:00
edf25bbb-cf5e-4855-b532-7381bf7256d5,fUSD,0.000209,30,1,-6289.12258117,demand,2026-09-02T03:47:01.188412+00:00
edf25bbb-cf5e-4855-b532-7381bf7256d5,fUSD,0.0002,7,1,-150.0,demand,2026-09-02T03:47:01.188412+00:00
edf25bbb-cf5e-4855-b532-7381bf7256d5,fUSD,0.00018010999999999998,120,1,-133240.73391109,demand,2026-09-02T03:47:01.188412+00:00
edf25bbb-cf5e-4855-b532-7381bf7256d5,fUSD,0.0001777,120,1,-23123.30278361,demand,2026-09-02T03:47:01.188412+00:00
edf25bbb-cf5e-4855-b532-7381bf7256d5,fUSD,0.000174,120,1,-12350.0,demand,2026-09-02T03:47:01.188412+00:00
edf25bbb-cf5e-4855-b532-7381bf7256d5,fUSD,0.0001713,120,1,-14000.0,demand,2026-09-02T03:47:01.188412+00:00
edf25bbb-cf5e-4855-b532-7381bf7256d5,fUSD,0.0001712,120,1,-20000.0,demand,2026-09-02T03:47:01.188412+00:00
edf25bbb-cf5e-4855-b532-7381bf7256d5,fUSD,0.00017111,120,1,-2000000.0,demand,2026-09-02T03:47:01.188412+00:00
edf25bbb-cf5e-4855-b532-7381bf7256d5,fUSD,0.00017,120,1,-150.0,demand,2026-09-02T03:47:01.188412+00:00
edf25bbb-cf5e-4855-b532-7381bf7256d5,fUSD,0.0001603,60,1,-20000.0,demand,2026-09-02T03:47:01.188412+00:00
edf25bbb-cf5e-4855-b532-7381bf7256d5,fUSD,0.00016,120,2,-10009162.66122322,demand,2026-09-02T03:47:01.188412+00:00
edf25bbb-cf5e-4855-b532-7381bf7256d5,fUSD,0.000151,120,1,-10000.0,demand,2026-09-02T03:47:01.188412+00:00
edf25bbb-cf5e-4855-b532-7381bf7256d5,fUSD,0.00015,90,1,-19550.75,demand,2026-09-02T03:47:01.188412+00:00
edf25bbb-cf5e-4855-b532-7381bf7256d5,fUSD,0.00015,29,1,-91128.42113844,demand,2026-09-02T03:47:01.188412+00:00
edf25bbb-cf5e-4855-b532-7381bf7256d5,fUSD,0.00015,120,1,-500.0,demand,2026-09-02T03:47:01.188412+00:00
edf25bbb-cf5e-4855-b532-7381bf7256d5,fUSD,0.00015,2,2,-5003666.28912411,demand,2026-09-02T03:47:01.188412+00:00
edf25bbb-cf5e-4855-b532-7381bf7256d5,fUSD,0.000145,7,1,-190.0,demand,2026-09-02T03:47:01.188412+00:00
edf25bbb-cf5e-4855-b532-7381bf7256d5,fUSD,0.00014252,120,1,-10770.76644364,demand,2026-09-02T03:47:01.188412+00:00
edf25bbb-cf5e-4855-b532-7381bf7256d5,fUSD,0.00014120000000000002,30,1,-13500.0,demand,2026-09-02T03:47:01.188412+00:00
edf25bbb-cf5e-4855-b532-7381bf7256d5,fUSD,0.0001342002,2,1,-299814.23355174,demand,2026-09-02T03:47:01.188412+00:00
edf25bbb-cf5e-4855-b532-7381bf7256d5,fUSD,0.0001342,2,1,-891058.84582125,demand,2026-09-02T03:47:01.188412+00:00
edf25bbb-cf5e-4855-b532-7381bf7256d5,fUSD,0.000131,13,1,-7000.0,demand,2026-09-02T03:47:01.188412+00:00
edf25bbb-cf5e-4855-b532-7381bf7256d5,fUSD,0.00015152892806,2,5,801.57607149,offer,2026-09-02T03:47:01.188412+00:00
edf25bbb-cf5e-4855-b532-7381bf7256d5,fUSD,0.00015157022580204686,2,1,251.25655798,offer,2026-09-02T03:47:01.188412+00:00
edf25bbb-cf5e-4855-b532-7381bf7256d5,fUSD,0.00015161152354409372,2,1,171.17133572,offer,2026-09-02T03:47:01.188412+00:00
edf25bbb-cf5e-4855-b532-7381bf7256d5,fUSD,0.00015162,2,1,7515.3318994,offer,2026-09-02T03:47:01.188412+00:00
edf25bbb-cf5e-4855-b532-7381bf7256d5,fUSD,0.00015162152354409372,7,1,332.19409316,offer,2026-09-02T03:47:01.188412+00:00
edf25bbb-cf5e-4855-b532-7381bf7256d5,fUSD,0.000152,2,1,1691.0,offer,2026-09-02T03:47:01.188412+00:00
edf25bbb-cf5e-4855-b532-7381bf7256d5,fUSD,0.00016049,2,1,2352.09211722,offer,2026-09-02T03:47:01.188412+00:00
edf25bbb-cf5e-4855-b532-7381bf7256d5,fUSD,0.000160523,2,1,150.0,offer,2026-09-02T03:47:01.188412+00:00
edf25bbb-cf5e-4855-b532-7381bf7256d5,fUSD,0.000162,2,1,1691.0,offer,2026-09-02T03:47:01.188412+00:00
edf25bbb-cf5e-4855-b532-7381bf7256d5,fUSD,0.000164989,2,1,150.0,offer,2026-09-02T03:47:01.188412+00:00
edf25bbb-cf5e-4855-b532-7381bf7256d5,fUSD,0.00016668182086600002,2,1,253.03623428,offer,2026-09-02T03:47:01.188412+00:00
edf25bbb-cf5e-4855-b532-7381bf7256d5,fUSD,0.0001691689198380919,2,1,674.67976964,offer,2026-09-02T03:47:01.188412+00:00
edf25bbb-cf5e-4855-b532-7381bf7256d5,fUSD,0.00017397,2,1,150.0,offer,2026-09-02T03:47:01.188412+00:00
edf25bbb-cf5e-4855-b532-7381bf7256d5,fUSD,0.0001765753,2,1,150.0,offer,2026-09-02T03:47:01.188412+00:00
edf25bbb-cf5e-4855-b532-7381bf7256d5,fUSD,0.00017751,2,1,346.54827455,offer,2026-09-02T03:47:01.188412+00:00
edf25bbb-cf5e-4855-b532-7381bf7256d5,fUSD,0.00018227,3,1,228.70287047,offer,2026-09-02T03:47:01.188412+00:00
edf25bbb-cf5e-4855-b532-7381bf7256d5,fUSD,0.00018233,2,1,4744.4884915,offer,2026-09-02T03:47:01.188412+00:00
edf25bbb-cf5e-4855-b532-7381bf7256d5,fUSD,0.0001850871,2,1,280.24,offer,2026-09-02T03:47:01.188412+00:00
edf25bbb-cf5e-4855-b532-7381bf7256d5,fUSD,0.0001861353,2,1,420.49,offer,2026-09-02T03:47:01.188412+00:00
edf25bbb-cf5e-4855-b532-7381bf7256d5,fUSD,0.0001880634,2,1,160.49,offer,2026-09-02T03:47:01.188412+00:00
edf25bbb-cf5e-4855-b532-7381bf7256d5,fUSD,0.0001890065,2,1,200.0,offer,2026-09-02T03:47:01.188412+00:00
edf25bbb-cf5e-4855-b532-7381bf7256d5,fUSD,0.0001911156,2,1,576.92,offer,2026-09-02T03:47:01.188412+00:00
edf25bbb-cf5e-4855-b532-7381bf7256d5,fUSD,0.00019199356164383564,2,1,1250.0,offer,2026-09-02T03:47:01.188412+00:00
edf25bbb-cf5e-4855-b532-7381bf7256d5,fUSD,0.00019434134657534248,2,1,280.24,offer,2026-09-02T03:47:01.188412+00:00
edf25bbb-cf5e-4855-b532-7381bf7256d5,fUSD,0.00019476,2,1,250.0,offer,2026-09-02T03:47:01.188412+00:00
bcd444b0-e265-425f-80a0-37e1d0067400,fUSD,0.000273972602739726,120,1,-9342723.49255816,demand,2026-09-02T04:47:01.379047+00:00
bcd444b0-e265-425f-80a0-37e1d0067400,fUSD,0.00022,30,1,-30100.0,demand,2026-09-02T04:47:01.379047+00:00
bcd444b0-e265-425f-80a0-37e1d0067400,fUSD,0.00021,30,1,-30000.0,demand,2026-09-02T04:47:01.379047+00:00
bcd444b0-e265-425f-80a0-37e1d0067400,fUSD,0.000209,30,1,-6289.12258117,demand,2026-09-02T04:47:01.379047+00:00
bcd444b0-e265-425f-80a0-37e1d0067400,fUSD,0.0002,7,1,-150.0,demand,2026-09-02T04:47:01.379047+00:00
bcd444b0-e265-425f-80a0-37e1d0067400,fUSD,0.00018010999999999998,120,1,-133240.73391109,demand,2026-09-02T04:47:01.379047+00:00
bcd444b0-e265-425f-80a0-37e1d0067400,fUSD,0.0001777,120,1,-23123.30278361,demand,2026-09-02T04:47:01.379047+00:00
bcd444b0-e265-425f-80a0-37e1d0067400,fUSD,0.000174,120,1,-12350.0,demand,2026-09-02T04:47:01.379047+00:00
bcd444b0-e265-425f-80a0-37e1d0067400,fUSD,0.0001713,120,1,-14000.0,demand,2026-09-02T04:47:01.379047+00:00
bcd444b0-e265-425f-80a0-37e1d0067400,fUSD,0.0001712,120,1,-20000.0,demand,2026-09-02T04:47:01.379047+00:00
bcd444b0-e265-425f-80a0-37e1d0067400,fUSD,0.00017111,120,1,-2000000.0,demand,2026-09-02T04:47:01.379047+00:00
bcd444b0-e265-425f-80a0-37e1d0067400,fUSD,0.00017,120,1,-150.0,demand,2026-09-02T04:47:01.379047+00:00
bcd444b0-e265-425f-80a0-37e1d0067400,fUSD,0.0001603,60,1,-20000.0,demand,2026-09-02T04:47:01.379047+00:00
bcd444b0-e265-425f-80a0-37e1d0067400,fUSD,0.00016,120,2,-10009162.66122322,demand,2026-09-02T04:47:01.379047+00:00
bcd444b0-e265-425f-80a0-37e1d0067400,fUSD,0.000151,120,1,-10000.0,demand,2026-09-02T04:47:01.379047+00:00
bcd444b0-e265-425f-80a0-37e1d0067400,fUSD,0.00015,90,1,-19550.75,demand,2026-09-02T04:47:01.379047+00:00
bcd444b0-e265-425f-80a0-37e1d0067400,fUSD,0.00015,29,1,-91128.42113844,demand,2026-09-02T04:47:01.379047+00:00
bcd444b0-e265-425f-80a0-37e1d0067400,fUSD,0.00015,120,1,-500.0,demand,2026-09-02T04:47:01.379047+00:00
bcd444b0-e265-425f-80a0-37e1d0067400,fUSD,0.00015,2,2,-4461986.50650343,demand,2026-09-02T04:47:01.379047+00:00
bcd444b0-e265-425f-80a0-37e1d0067400,fUSD,0.000145,7,1,-190.0,demand,2026-09-02T04:47:01.379047+00:00
bcd444b0-e265-425f-80a0-37e1d0067400,fUSD,0.00014252,120,1,-10770.76644364,demand,2026-09-02T04:47:01.379047+00:00
bcd444b0-e265-425f-80a0-37e1d0067400,fUSD,0.00014120000000000002,30,1,-13500.0,demand,2026-09-02T04:47:01.379047+00:00
bcd444b0-e265-425f-80a0-37e1d0067400,fUSD,0.00014,2,1,-50000.0,demand,2026-09-02T04:47:01.379047+00:00
bcd444b0-e265-425f-80a0-37e1d0067400,fUSD,0.0001342002,2,1,-299814.23355174,demand,2026-09-02T04:47:01.379047+00:00
bcd444b0-e265-425f-80a0-37e1d0067400,fUSD,0.0001342,2,1,-891058.84582125,demand,2026-09-02T04:47:01.379047+00:00
bcd444b0-e265-425f-80a0-37e1d0067400,fUSD,0.00018010999999999998,2,1,94.69648298,offer,2026-09-02T04:47:01.379047+00:00
bcd444b0-e265-425f-80a0-37e1d0067400,fUSD,0.000186866,2,1,997.41,offer,2026-09-02T04:47:01.379047+00:00
bcd444b0-e265-425f-80a0-37e1d0067400,fUSD,0.0001944162,2,1,165.39,offer,2026-09-02T04:47:01.379047+00:00
bcd444b0-e265-425f-80a0-37e1d0067400,fUSD,0.0001950956,2,1,223.1,offer,2026-09-02T04:47:01.379047+00:00
bcd444b0-e265-425f-80a0-37e1d0067400,fUSD,0.0001951847,2,1,291.7,offer,2026-09-02T04:47:01.379047+00:00
bcd444b0-e265-425f-80a0-37e1d0067400,fUSD,0.0001996,7,4,600.0,offer,2026-09-02T04:47:01.379047+00:00
bcd444b0-e265-425f-80a0-37e1d0067400,fUSD,0.0002,7,1,150.0,offer,2026-09-02T04:47:01.379047+00:00
bcd444b0-e265-425f-80a0-37e1d0067400,fUSD,0.00020055986301369867,2,2,746.00635124,offer,2026-09-02T04:47:01.379047+00:00
bcd444b0-e265-425f-80a0-37e1d0067400,fUSD,0.00020056986301369867,2,2,2500.0,offer,2026-09-02T04:47:01.379047+00:00
bcd444b0-e265-425f-80a0-37e1d0067400,fUSD,0.00020098000000000002,2,4,1012.56588338,offer,2026-09-02T04:47:01.379047+00:00
bcd444b0-e265-425f-80a0-37e1d0067400,fUSD,0.000201,2,2,621.33687,offer,2026-09-02T04:47:01.379047+00:00
bcd444b0-e265-425f-80a0-37e1d0067400,fUSD,0.00020116,2,1,730.79,offer,2026-09-02T04:47:01.379047+00:00
bcd444b0-e265-425f-80a0-37e1d0067400,fUSD,0.00020156986301369864,2,10,16667.0,offer,2026-09-02T04:47:01.379047+00:00
bcd444b0-e265-425f-80a0-37e1d0067400,fUSD,0.00020156986301369867,2,1,1789.0,offer,2026-09-02T04:47:01.379047+00:00
bcd444b0-e265-425f-80a0-37e1d0067400,fUSD,0.00020157,2,56,235490.86508907,offer,2026-09-02T04:47:01.379047+00:00
bcd444b0-e265-425f-80a0-37e1d0067400,fUSD,0.00020157,11,1,168.46717286,offer,2026-09-02T04:47:01.379047+00:00
bcd444b0-e265-425f-80a0-37e1d0067400,fUSD,0.0002016,2,1,201.97986452,offer,2026-09-02T04:47:01.379047+00:00
bcd444b0-e265-425f-80a0-37e1d0067400,fUSD,0.00020211555031217013,2,2,3559.0,offer,2026-09-02T04:47:01.379047+00:00
bcd444b0-e265-425f-80a0-37e1d0067400,fUSD,0.00020239340867652896,2,1,1823.0,offer,2026-09-02T04:47:01.379047+00:00
bcd444b0-e265-425f-80a0-37e1d0067400,fUSD,0.000203,2,2,621.33687,offer,2026-09-02T04:47:01.379047+00:00
bcd444b0-e265-425f-80a0-37e1d0067400,fUSD,0.0002041,30,1,643.3379978,offer,2026-09-02T04:47:01.379047+00:00
bcd444b0-e265-425f-80a0-37e1d0067400,fUSD,0.0002043095890410959,2,1,500.0,offer,2026-09-02T04:47:01.379047+00:00
bcd444b0-e265-425f-80a0-37e1d0067400,fUSD,0.00020446595907475107,2,1,5388.60477307,offer,2026-09-02T04:47:01.379047+00:00
bcd444b0-e265-425f-80a0-37e1d0067400,fUSD,0.00020447,2,8,1856.290256,offer,2026-09-02T04:47:01.379047+00:00
bcd444b0-e265-425f-80a0-37e1d0067400,fUSD,0.000205,2,2,621.33687,offer,2026-09-02T04:47:01.379047+00:00
be5a25b8-b70b-4d1c-9a47-c663c6b6b908,fUSD,0.000273972602739726,120,1,-9314352.79766955,demand,2026-09-02T05:47:01.242492+00:00
be5a25b8-b70b-4d1c-9a47-c663c6b6b908,fUSD,0.00022,30,1,-30100.0,demand,2026-09-02T05:47:01.242492+00:00
be5a25b8-b70b-4d1c-9a47-c663c6b6b908,fUSD,0.00021,30,1,-30000.0,demand,2026-09-02T05:47:01.242492+00:00
be5a25b8-b70b-4d1c-9a47-c663c6b6b908,fUSD,0.000209,30,1,-6289.12258117,demand,2026-09-02T05:47:01.242492+00:00
be5a25b8-b70b-4d1c-9a47-c663c6b6b908,fUSD,0.0002,7,1,-150.0,demand,2026-09-02T05:47:01.242492+00:00
be5a25b8-b70b-4d1c-9a47-c663c6b6b908,fUSD,0.00018010999999999998,120,1,-133240.73391109,demand,2026-09-02T05:47:01.242492+00:00
be5a25b8-b70b-4d1c-9a47-c663c6b6b908,fUSD,0.0001777,120,1,-23123.30278361,demand,2026-09-02T05:47:01.242492+00:00
be5a25b8-b70b-4d1c-9a47-c663c6b6b908,fUSD,0.000174,120,1,-12350.0,demand,2026-09-02T05:47:01.242492+00:00
be5a25b8-b70b-4d1c-9a47-c663c6b6b908,fUSD,0.0001713,120,1,-14000.0,demand,2026-09-02T05:47:01.242492+00:00
be5a25b8-b70b-4d1c-9a47-c663c6b6b908,fUSD,0.0001712,120,1,-20000.0,demand,2026-09-02T05:47:01.242492+00:00
be5a25b8-b70b-4d1c-9a47-c663c6b6b908,fUSD,0.00017111,120,1,-2000000.0,demand,2026-09-02T05:47:01.242492+00:00
be5a25b8-b70b-4d1c-9a47-c663c6b6b908,fUSD,0.00017,120,1,-150.0,demand,2026-09-02T05:47:01.242492+00:00
be5a25b8-b70b-4d1c-9a47-c663c6b6b908,fUSD,0.0001603,60,1,-20000.0,demand,2026-09-02T05:47:01.242492+00:00
be5a25b8-b70b-4d1c-9a47-c663c6b6b908,fUSD,0.00016,120,2,-10009162.66122322,demand,2026-09-02T05:47:01.242492+00:00
be5a25b8-b70b-4d1c-9a47-c663c6b6b908,fUSD,0.000151,120,1,-10000.0,demand,2026-09-02T05:47:01.242492+00:00
be5a25b8-b70b-4d1c-9a47-c663c6b6b908,fUSD,0.00015,90,1,-19550.75,demand,2026-09-02T05:47:01.242492+00:00
be5a25b8-b70b-4d1c-9a47-c663c6b6b908,fUSD,0.00015,29,1,-91128.42113844,demand,2026-09-02T05:47:01.242492+00:00
be5a25b8-b70b-4d1c-9a47-c663c6b6b908,fUSD,0.00015,120,1,-500.0,demand,2026-09-02T05:47:01.242492+00:00
be5a25b8-b70b-4d1c-9a47-c663c6b6b908,fUSD,0.00015,2,2,-3706162.6215997,demand,2026-09-02T05:47:01.242492+00:00
be5a25b8-b70b-4d1c-9a47-c663c6b6b908,fUSD,0.000145,7,1,-190.0,demand,2026-09-02T05:47:01.242492+00:00
be5a25b8-b70b-4d1c-9a47-c663c6b6b908,fUSD,0.00014252,120,1,-10770.76644364,demand,2026-09-02T05:47:01.242492+00:00
be5a25b8-b70b-4d1c-9a47-c663c6b6b908,fUSD,0.00014120000000000002,30,1,-13500.0,demand,2026-09-02T05:47:01.242492+00:00
be5a25b8-b70b-4d1c-9a47-c663c6b6b908,fUSD,0.00014,2,1,-50000.0,demand,2026-09-02T05:47:01.242492+00:00
be5a25b8-b70b-4d1c-9a47-c663c6b6b908,fUSD,0.0001342002,2,1,-299814.23355174,demand,2026-09-02T05:47:01.242492+00:00
be5a25b8-b70b-4d1c-9a47-c663c6b6b908,fUSD,0.0001342,2,1,-891058.84582125,demand,2026-09-02T05:47:01.242492+00:00
be5a25b8-b70b-4d1c-9a47-c663c6b6b908,fUSD,0.00015276,2,1,31.57409977,offer,2026-09-02T05:47:01.242492+00:00
be5a25b8-b70b-4d1c-9a47-c663c6b6b908,fUSD,0.00015452,2,1,150.0,offer,2026-09-02T05:47:01.242492+00:00
be5a25b8-b70b-4d1c-9a47-c663c6b6b908,fUSD,0.00015504,7,2,398.10789254,offer,2026-09-02T05:47:01.242492+00:00
be5a25b8-b70b-4d1c-9a47-c663c6b6b908,fUSD,0.0001596,7,1,209.5232295,offer,2026-09-02T05:47:01.242492+00:00
be5a25b8-b70b-4d1c-9a47-c663c6b6b908,fUSD,0.00016416000000000003,7,2,492.40022408,offer,2026-09-02T05:47:01.242492+00:00
be5a25b8-b70b-4d1c-9a47-c663c6b6b908,fUSD,0.00016720000000000003,2,1,250.0,offer,2026-09-02T05:47:01.242492+00:00
be5a25b8-b70b-4d1c-9a47-c663c6b6b908,fUSD,0.00017024000000000002,7,1,209.52322954,offer,2026-09-02T05:47:01.242492+00:00
be5a25b8-b70b-4d1c-9a47-c663c6b6b908,fUSD,0.00017242,2,1,204.47481358,offer,2026-09-02T05:47:01.242492+00:00
be5a25b8-b70b-4d1c-9a47-c663c6b6b908,fUSD,0.00018649,2,1,196.0,offer,2026-09-02T05:47:01.242492+00:00
be5a25b8-b70b-4d1c-9a47-c663c6b6b908,fUSD,0.0001889561,2,1,150.0,offer,2026-09-02T05:47:01.242492+00:00
be5a25b8-b70b-4d1c-9a47-c663c6b6b908,fUSD,0.0001897981,2,1,166.16,offer,2026-09-02T05:47:01.242492+00:00
be5a25b8-b70b-4d1c-9a47-c663c6b6b908,fUSD,0.0001901931,2,1,321.34,offer,2026-09-02T05:47:01.242492+00:00
be5a25b8-b70b-4d1c-9a47-c663c6b6b908,fUSD,0.0001909754,2,1,171.37,offer,2026-09-02T05:47:01.242492+00:00
be5a25b8-b70b-4d1c-9a47-c663c6b6b908,fUSD,0.0001912892,2,1,801.01,offer,2026-09-02T05:47:01.242492+00:00
be5a25b8-b70b-4d1c-9a47-c663c6b6b908,fUSD,0.00019348553389830506,2,1,174.61919141,offer,2026-09-02T05:47:01.242492+00:00
be5a25b8-b70b-4d1c-9a47-c663c6b6b908,fUSD,0.000197,2,3,1721.56580372,offer,2026-09-02T05:47:01.242492+00:00
be5a25b8-b70b-4d1c-9a47-c663c6b6b908,fUSD,0.00019715212281057746,2,2,1439.01783668,offer,2026-09-02T05:47:01.242492+00:00
be5a25b8-b70b-4d1c-9a47-c663c6b6b908,fUSD,0.00019884476690379405,2,1,352.55921042,offer,2026-09-02T05:47:01.242492+00:00
be5a25b8-b70b-4d1c-9a47-c663c6b6b908,fUSD,0.00019896553389830505,2,1,191.05149836,offer,2026-09-02T05:47:01.242492+00:00
be5a25b8-b70b-4d1c-9a47-c663c6b6b908,fUSD,0.00019899000000000002,2,1,205.99901317,offer,2026-09-02T05:47:01.242492+00:00
be5a25b8-b70b-4d1c-9a47-c663c6b6b908,fUSD,0.000199,2,4,2341.89817003,offer,2026-09-02T05:47:01.242492+00:00
be5a25b8-b70b-4d1c-9a47-c663c6b6b908,fUSD,0.00019956333333333333,2,1,161.93015254,offer,2026-09-02T05:47:01.242492+00:00
be5a25b8-b70b-4d1c-9a47-c663c6b6b908,fUSD,0.0001996,7,1,150.0,offer,2026-09-02T05:47:01.242492+00:00
be5a25b8-b70b-4d1c-9a47-c663c6b6b908,fUSD,0.0001996726245,2,13,19356.30093633,offer,2026-09-02T05:47:01.242492+00:00
be5a25b8-b70b-4d1c-9a47-c663c6b6b908,fUSD,0.0001997841,2,1,280.24,offer,2026-09-02T05:47:01.242492+00:00
ad936aa1-ca6c-4c0c-9795-d85939fb852e,fUSD,0.000273972602739726,120,1,-9313870.65299994,demand,2026-09-02T06:47:01.496958+00:00
ad936aa1-ca6c-4c0c-9795-d85939fb852e,fUSD,0.00022,30,1,-30100.0,demand,2026-09-02T06:47:01.496958+00:00
ad936aa1-ca6c-4c0c-9795-d85939fb852e,fUSD,0.00021,30,1,-30000.0,demand,2026-09-02T06:47:01.496958+00:00
ad936aa1-ca6c-4c0c-9795-d85939fb852e,fUSD,0.000209,30,1,-6289.12258117,demand,2026-09-02T06:47:01.496958+00:00
ad936aa1-ca6c-4c0c-9795-d85939fb852e,fUSD,0.0002,7,1,-150.0,demand,2026-09-02T06:47:01.496958+00:00
ad936aa1-ca6c-4c0c-9795-d85939fb852e,fUSD,0.00018010999999999998,120,1,-133240.73391109,demand,2026-09-02T06:47:01.496958+00:00
ad936aa1-ca6c-4c0c-9795-d85939fb852e,fUSD,0.0001777,120,1,-23123.30278361,demand,2026-09-02T06:47:01.496958+00:00
ad936aa1-ca6c-4c0c-9795-d85939fb852e,fUSD,0.000174,120,1,-12350.0,demand,2026-09-02T06:47:01.496958+00:00
ad936aa1-ca6c-4c0c-9795-d85939fb852e,fUSD,0.0001713,120,1,-14000.0,demand,2026-09-02T06:47:01.496958+00:00
ad936aa1-ca6c-4c0c-9795-d85939fb852e,fUSD,0.0001712,120,1,-20000.0,demand,2026-09-02T06:47:01.496958+00:00
ad936aa1-ca6c-4c0c-9795-d85939fb852e,fUSD,0.00017111,120,1,-2000000.0,demand,2026-09-02T06:47:01.496958+00:00
ad936aa1-ca6c-4c0c-9795-d85939fb852e,fUSD,0.00017,120,1,-150.0,demand,2026-09-02T06:47:01.496958+00:00
ad936aa1-ca6c-4c0c-9795-d85939fb852e,fUSD,0.0001603,60,1,-20000.0,demand,2026-09-02T06:47:01.496958+00:00
ad936aa1-ca6c-4c0c-9795-d85939fb852e,fUSD,0.00016,120,2,-10009162.66122322,demand,2026-09-02T06:47:01.496958+00:00
ad936aa1-ca6c-4c0c-9795-d85939fb852e,fUSD,0.000151,120,1,-10000.0,demand,2026-09-02T06:47:01.496958+00:00
ad936aa1-ca6c-4c0c-9795-d85939fb852e,fUSD,0.00015,90,1,-19550.75,demand,2026-09-02T06:47:01.496958+00:00
ad936aa1-ca6c-4c0c-9795-d85939fb852e,fUSD,0.00015,29,1,-91128.42113844,demand,2026-09-02T06:47:01.496958+00:00
ad936aa1-ca6c-4c0c-9795-d85939fb852e,fUSD,0.00015,120,1,-500.0,demand,2026-09-02T06:47:01.496958+00:00
ad936aa1-ca6c-4c0c-9795-d85939fb852e,fUSD,0.00015,2,2,-3528504.51116983,demand,2026-09-02T06:47:01.496958+00:00
ad936aa1-ca6c-4c0c-9795-d85939fb852e,fUSD,0.000145,7,1,-190.0,demand,2026-09-02T06:47:01.496958+00:00
ad936aa1-ca6c-4c0c-9795-d85939fb852e,fUSD,0.00014252,120,1,-10770.76644364,demand,2026-09-02T06:47:01.496958+00:00
ad936aa1-ca6c-4c0c-9795-d85939fb852e,fUSD,0.00014120000000000002,30,1,-13500.0,demand,2026-09-02T06:47:01.496958+00:00
ad936aa1-ca6c-4c0c-9795-d85939fb852e,fUSD,0.00014,2,1,-50000.0,demand,2026-09-02T06:47:01.496958+00:00
ad936aa1-ca6c-4c0c-9795-d85939fb852e,fUSD,0.0001342002,2,1,-299814.23355174,demand,2026-09-02T06:47:01.496958+00:00
ad936aa1-ca6c-4c0c-9795-d85939fb852e,fUSD,0.0001342,2,1,-891058.84582125,demand,2026-09-02T06:47:01.496958+00:00
ad936aa1-ca6c-4c0c-9795-d85939fb852e,fUSD,0.0001568,7,1,158.23931884,offer,2026-09-02T06:47:01.496958+00:00
ad936aa1-ca6c-4c0c-9795-d85939fb852e,fUSD,0.0001568,2,3,3865.634,offer,2026-09-02T06:47:01.496958+00:00
ad936aa1-ca6c-4c0c-9795-d85939fb852e,fUSD,0.00015899,2,1,228.42621792,offer,2026-09-02T06:47:01.496958+00:00
ad936aa1-ca6c-4c0c-9795-d85939fb852e,fUSD,0.000159,2,1,4548.35196027,offer,2026-09-02T06:47:01.496958+00:00
ad936aa1-ca6c-4c0c-9795-d85939fb852e,fUSD,0.000159904,2,2,327.94642501,offer,2026-09-02T06:47:01.496958+00:00
ad936aa1-ca6c-4c0c-9795-d85939fb852e,fUSD,0.00015993599999999998,7,2,367.76254834,offer,2026-09-02T06:47:01.496958+00:00
ad936aa1-ca6c-4c0c-9795-d85939fb852e,fUSD,0.00015999,2,30,17045.88010888,offer,2026-09-02T06:47:01.496958+00:00
ad936aa1-ca6c-4c0c-9795-d85939fb852e,fUSD,0.00016,2,3,538324.96576639,offer,2026-09-02T06:47:01.496958+00:00
ad936aa1-ca6c-4c0c-9795-d85939fb852e,fUSD,0.00016,3,2,407.0,offer,2026-09-02T06:47:01.496958+00:00
ad936aa1-ca6c-4c0c-9795-d85939fb852e,fUSD,0.0001632,3,1,286.43972917,offer,2026-09-02T06:47:01.496958+00:00
ad936aa1-ca6c-4c0c-9795-d85939fb852e,fUSD,0.00016464,7,2,505.59865908,offer,2026-09-02T06:47:01.496958+00:00
ad936aa1-ca6c-4c0c-9795-d85939fb852e,fUSD,0.00016464109589041097,7,1,500.0,offer,2026-09-02T06:47:01.496958+00:00
ad936aa1-ca6c-4c0c-9795-d85939fb852e,fUSD,0.000166464,4,1,424.67769279,offer,2026-09-02T06:47:01.496958+00:00
ad936aa1-ca6c-4c0c-9795-d85939fb852e,fUSD,0.000169,2,1,4548.35196022,offer,2026-09-02T06:47:01.496958+00:00
ad936aa1-ca6c-4c0c-9795-d85939fb852e,fUSD,0.000169344,7,1,158.23931884,offer,2026-09-02T06:47:01.496958+00:00
ad936aa1-ca6c-4c0c-9795-d85939fb852e,fUSD,0.0001695894,2,1,351.31,offer,2026-09-02T06:47:01.496958+00:00
ad936aa1-ca6c-4c0c-9795-d85939fb852e,fUSD,0.0001696,2,1,321.35,offer,2026-09-02T06:47:01.496958+00:00
ad936aa1-ca6c-4c0c-9795-d85939fb852e,fUSD,0.00016979328000000003,5,1,424.67769279,offer,2026-09-02T06:47:01.496958+00:00
ad936aa1-ca6c-4c0c-9795-d85939fb852e,fUSD,0.00017,2,1,242.575192,offer,2026-09-02T06:47:01.496958+00:00
ad936aa1-ca6c-4c0c-9795-d85939fb852e,fUSD,0.00017013,7,1,182.94014587,offer,2026-09-02T06:47:01.496958+00:00
ad936aa1-ca6c-4c0c-9795-d85939fb852e,fUSD,0.00017318914560000002,6,1,424.67769279,offer,2026-09-02T06:47:01.496958+00:00
ad936aa1-ca6c-4c0c-9795-d85939fb852e,fUSD,0.0001736005263157895,3,1,248.0,offer,2026-09-02T06:47:01.496958+00:00
ad936aa1-ca6c-4c0c-9795-d85939fb852e,fUSD,0.00017397,2,5,2500.0,offer,2026-09-02T06:47:01.496958+00:00
ad936aa1-ca6c-4c0c-9795-d85939fb852e,fUSD,0.000175616,7,1,158.23931884,offer,2026-09-02T06:47:01.496958+00:00
ad936aa1-ca6c-4c0c-9795-d85939fb852e,fUSD,0.000179,2,1,4548.35196022,offer,2026-09-02T06:47:01.496958+00:00
991a0ad9-658a-468c-af96-d1ef6ba17f0d,fUSD,0.000273972602739726,120,1,-9310622.73299994,demand,2026-09-02T07:47:01.646700+00:00
991a0ad9-658a-468c-af96-d1ef6ba17f0d,fUSD,0.00022,30,1,-30100.0,demand,2026-09-02T07:47:01.646700+00:00
991a0ad9-658a-468c-af96-d1ef6ba17f0d,fUSD,0.00021,30,1,-30000.0,demand,2026-09-02T07:47:01.646700+00:00
991a0ad9-658a-468c-af96-d1ef6ba17f0d,fUSD,0.000209,30,1,-6289.12258117,demand,2026-09-02T07:47:01.646700+00:00
991a0ad9-658a-468c-af96-d1ef6ba17f0d,fUSD,0.0002,7,1,-150.0,demand,2026-09-02T07:47:01.646700+00:00
991a0ad9-658a-468c-af96-d1ef6ba17f0d,fUSD,0.00018010999999999998,120,1,-133240.73391109,demand,2026-09-02T07:47:01.646700+00:00
991a0ad9-658a-468c-af96-d1ef6ba17f0d,fUSD,0.0001777,120,1,-23123.30278361,demand,2026-09-02T07:47:01.646700+00:00
991a0ad9-658a-468c-af96-d1ef6ba17f0d,fUSD,0.000174,120,1,-12350.0,demand,2026-09-02T07:47:01.646700+00:00
991a0ad9-658a-468c-af96-d1ef6ba17f0d,fUSD,0.0001713,120,1,-14000.0,demand,2026-09-02T07:47:01.646700+00:00
991a0ad9-658a-468c-af96-d1ef6ba17f0d,fUSD,0.0001712,120,1,-20000.0,demand,2026-09-02T07:47:01.646700+00:00
991a0ad9-658a-468c-af96-d1ef6ba17f0d,fUSD,0.00017111,120,1,-2000000.0,demand,2026-09-02T07:47:01.646700+00:00
991a0ad9-658a-468c-af96-d1ef6ba17f0d,fUSD,0.00017,120,1,-150.0,demand,2026-09-02T07:47:01.646700+00:00
991a0ad9-658a-468c-af96-d1ef6ba17f0d,fUSD,0.0001603,60,1,-20000.0,demand,2026-09-02T07:47:01.646700+00:00
991a0ad9-658a-468c-af96-d1ef6ba17f0d,fUSD,0.00016,120,2,-10009162.66122322,demand,2026-09-02T07:47:01.646700+00:00
991a0ad9-658a-468c-af96-d1ef6ba17f0d,fUSD,0.000151,120,1,-10000.0,demand,2026-09-02T07:47:01.646700+00:00
991a0ad9-658a-468c-af96-d1ef6ba17f0d,fUSD,0.0001500002,2,1,-168156.0,demand,2026-09-02T07:47:01.646700+00:00
991a0ad9-658a-468c-af96-d1ef6ba17f0d,fUSD,0.00015,90,1,-19550.75,demand,2026-09-02T07:47:01.646700+00:00
991a0ad9-658a-468c-af96-d1ef6ba17f0d,fUSD,0.00015,29,1,-91128.42113844,demand,2026-09-02T07:47:01.646700+00:00
991a0ad9-658a-468c-af96-d1ef6ba17f0d,fUSD,0.00015,120,1,-500.0,demand,2026-09-02T07:47:01.646700+00:00
991a0ad9-658a-468c-af96-d1ef6ba17f0d,fUSD,0.00015,2,2,-2191361.73913646,demand,2026-09-02T07:47:01.646700+00:00
991a0ad9-658a-468c-af96-d1ef6ba17f0d,fUSD,0.000145,7,1,-190.0,demand,2026-09-02T07:47:01.646700+00:00
991a0ad9-658a-468c-af96-d1ef6ba17f0d,fUSD,0.00014252,120,1,-10770.76644364,demand,2026-09-02T07:47:01.646700+00:00
991a0ad9-658a-468c-af96-d1ef6ba17f0d,fUSD,0.00014120000000000002,30,1,-13500.0,demand,2026-09-02T07:47:01.646700+00:00
991a0ad9-658a-468c-af96-d1ef6ba17f0d,fUSD,0.00014,2,1,-50000.0,demand,2026-09-02T07:47:01.646700+00:00
991a0ad9-658a-468c-af96-d1ef6ba17f0d,fUSD,0.0001342,2,1,-891058.84582125,demand,2026-09-02T07:47:01.646700+00:00
991a0ad9-658a-468c-af96-d1ef6ba17f0d,fUSD,0.00019,2,57,11233.77261753,offer,2026-09-02T07:47:01.646700+00:00
991a0ad9-658a-468c-af96-d1ef6ba17f0d,fUSD,0.00019,3,2,459.0,offer,2026-09-02T07:47:01.646700+00:00
991a0ad9-658a-468c-af96-d1ef6ba17f0d,fUSD,0.000194,2,2,581.88393094,offer,2026-09-02T07:47:01.646700+00:00
991a0ad9-658a-468c-af96-d1ef6ba17f0d,fUSD,0.00019400000000000003,2,4,656.0,offer,2026-09-02T07:47:01.646700+00:00
991a0ad9-658a-468c-af96-d1ef6ba17f0d,fUSD,0.00019403,2,1,616.1,offer,2026-09-02T07:47:01.646700+00:00
991a0ad9-658a-468c-af96-d1ef6ba17f0d,fUSD,0.00019437736986301367,2,1,1562.5,offer,2026-09-02T07:47:01.646700+00:00
991a0ad9-658a-468c-af96-d1ef6ba17f0d,fUSD,0.000196,2,1,346.77752651,offer,2026-09-02T07:47:01.646700+00:00
991a0ad9-658a-468c-af96-d1ef6ba17f0d,fUSD,0.000198,2,1,346.77752651,offer,2026-09-02T07:47:01.646700+00:00
991a0ad9-658a-468c-af96-d1ef6ba17f0d,fUSD,0.00019929143070687155,2,2,1811.0,offer,2026-09-02T07:47:01.646700+00:00
991a0ad9-658a-468c-af96-d1ef6ba17f0d,fUSD,0.0002,2,2,791.98653242,offer,2026-09-02T07:47:01.646700+00:00
991a0ad9-658a-468c-af96-d1ef6ba17f0d,fUSD,0.0002,20,1,157.36186776,offer,2026-09-02T07:47:01.646700+00:00
991a0ad9-658a-468c-af96-d1ef6ba17f0d,fUSD,0.0002000027397260274,2,1,1562.5,offer,2026-09-02T07:47:01.646700+00:00
991a0ad9-658a-468c-af96-d1ef6ba17f0d,fUSD,0.00020100220862078993,2,3,5429.0,offer,2026-09-02T07:47:01.646700+00:00
991a0ad9-658a-468c-af96-d1ef6ba17f0d,fUSD,0.000202,2,2,791.98653242,offer,2026-09-02T07:47:01.646700+00:00
991a0ad9-658a-468c-af96-d1ef6ba17f0d,fUSD,0.00020202157894736844,3,1,300.0,offer,2026-09-02T07:47:01.646700+00:00
991a0ad9-658a-468c-af96-d1ef6ba17f0d,fUSD,0.000204,2,1,445.20900591,offer,2026-09-02T07:47:01.646700+00:00
991a0ad9-658a-468c-af96-d1ef6ba17f0d,fUSD,0.00020422230508474574,2,9,9313.56693299,offer,2026-09-02T07:47:01.646700+00:00
991a0ad9-658a-468c-af96-d1ef6ba17f0d,fUSD,0.00020477230508474575,2,1,2751.36818882,offer,2026-09-02T07:47:01.646700+00:00
991a0ad9-658a-468c-af96-d1ef6ba17f0d,fUSD,0.00020564,2,1,326.76,offer,2026-09-02T07:47:01.646700+00:00
991a0ad9-658a-468c-af96-d1ef6ba17f0d,fUSD,0.000206,2,1,445.20900591,offer,2026-09-02T07:47:01.646700+00:00
991a0ad9-658a-468c-af96-d1ef6ba17f0d,fUSD,0.0002062728801369863,2,1,169.82492267,offer,2026-09-02T07:47:01.646700+00:00
991a0ad9-658a-468c-af96-d1ef6ba17f0d,fUSD,0.00020673,2,2,1000.0,offer,2026-09-02T07:47:01.646700+00:00
991a0ad9-658a-468c-af96-d1ef6ba17f0d,fUSD,0.000208,2,1,445.20900591,offer,2026-09-02T07:47:01.646700+00:00
991a0ad9-658a-468c-af96-d1ef6ba17f0d,fUSD,0.0002094631971452499,2,2,3607.0,offer,2026-09-02T07:47:01.646700+00:00
991a0ad9-658a-468c-af96-d1ef6ba17f0d,fUSD,0.00020970230508474575,2,5,871.73882386,offer,2026-09-02T07:47:01.646700+00:00
e7a21836-774e-4c22-81cd-22baca4599d4,fUSD,0.000273972602739726,120,1,-9268486.74369431,demand,2026-09-02T08:47:01.340286+00:00
e7a21836-774e-4c22-81cd-22baca4599d4,fUSD,0.00022,30,1,-30100.0,demand,2026-09-02T08:47:01.340286+00:00
e7a21836-774e-4c22-81cd-22baca4599d4,fUSD,0.00021,30,1,-30000.0,demand,2026-09-02T08:47:01.340286+00:00
e7a21836-774e-4c22-81cd-22baca4599d4,fUSD,0.000209,30,1,-6289.12258117,demand,2026-09-02T08:47:01.340286+00:00
e7a21836-774e-4c22-81cd-22baca4599d4,fUSD,0.0002,7,1,-150.0,demand,2026-09-02T08:47:01.340286+00:00
e7a21836-774e-4c22-81cd-22baca4599d4,fUSD,0.00018010999999999998,120,1,-133240.73391109,demand,2026-09-02T08:47:01.340286+00:00
e7a21836-774e-4c22-81cd-22baca4599d4,fUSD,0.0001777,120,1,-23123.30278361,demand,2026-09-02T08:47:01.340286+00:00
e7a21836-774e-4c22-81cd-22baca4599d4,fUSD,0.000174,120,1,-12350.0,demand,2026-09-02T08:47:01.340286+00:00
e7a21836-774e-4c22-81cd-22baca4599d4,fUSD,0.0001713,120,1,-14000.0,demand,2026-09-02T08:47:01.340286+00:00
e7a21836-774e-4c22-81cd-22baca4599d4,fUSD,0.0001712,120,1,-20000.0,demand,2026-09-02T08:47:01.340286+00:00
e7a21836-774e-4c22-81cd-22baca4599d4,fUSD,0.00017111,120,1,-2000000.0,demand,2026-09-02T08:47:01.340286+00:00
e7a21836-774e-4c22-81cd-22baca4599d4,fUSD,0.00017,120,1,-150.0,demand,2026-09-02T08:47:01.340286+00:00
e7a21836-774e-4c22-81cd-22baca4599d4,fUSD,0.0001603,60,1,-20000.0,demand,2026-09-02T08:47:01.340286+00:00
e7a21836-774e-4c22-81cd-22baca4599d4,fUSD,0.00016,120,2,-10009162.66122322,demand,2026-09-02T08:47:01.340286+00:00
e7a21836-774e-4c22-81cd-22baca4599d4,fUSD,0.000151,120,1,-10000.0,demand,2026-09-02T08:47:01.340286+00:00
e7a21836-774e-4c22-81cd-22baca4599d4,fUSD,0.00015,90,1,-19550.75,demand,2026-09-02T08:47:01.340286+00:00
e7a21836-774e-4c22-81cd-22baca4599d4,fUSD,0.00015,29,1,-91128.42113844,demand,2026-09-02T08:47:01.340286+00:00
e7a21836-774e-4c22-81cd-22baca4599d4,fUSD,0.00015,120,1,-500.0,demand,2026-09-02T08:47:01.340286+00:00
e7a21836-774e-4c22-81cd-22baca4599d4,fUSD,0.00015,2,1,-10000.0,demand,2026-09-02T08:47:01.340286+00:00
e7a21836-774e-4c22-81cd-22baca4599d4,fUSD,0.000145,7,1,-190.0,demand,2026-09-02T08:47:01.340286+00:00
e7a21836-774e-4c22-81cd-22baca4599d4,fUSD,0.00014252,120,1,-10770.76644364,demand,2026-09-02T08:47:01.340286+00:00
e7a21836-774e-4c22-81cd-22baca4599d4,fUSD,0.00014120000000000002,30,1,-13500.0,demand,2026-09-02T08:47:01.340286+00:00
e7a21836-774e-4c22-81cd-22baca4599d4,fUSD,0.0001342,2,1,-809100.83619645,demand,2026-09-02T08:47:01.340286+00:00
e7a21836-774e-4c22-81cd-22baca4599d4,fUSD,0.000131,13,1,-7000.0,demand,2026-09-02T08:47:01.340286+00:00
e7a21836-774e-4c22-81cd-22baca4599d4,fUSD,0.00013,2,1,-2000000.0,demand,2026-09-02T08:47:01.340286+00:00
e7a21836-774e-4c22-81cd-22baca4599d4,fUSD,0.0001405165,2,2,1653.21748229,offer,2026-09-02T08:47:01.340286+00:00
e7a21836-774e-4c22-81cd-22baca4599d4,fUSD,0.00014104754230459307,2,1,150.0,offer,2026-09-02T08:47:01.340286+00:00
e7a21836-774e-4c22-81cd-22baca4599d4,fUSD,0.0001412352,2,1,706.1,offer,2026-09-02T08:47:01.340286+00:00
e7a21836-774e-4c22-81cd-22baca4599d4,fUSD,0.00014143,2,1,150.0,offer,2026-09-02T08:47:01.340286+00:00
e7a21836-774e-4c22-81cd-22baca4599d4,fUSD,0.00014192908944399678,2,1,150.0,offer,2026-09-02T08:47:01.340286+00:00
e7a21836-774e-4c22-81cd-22baca4599d4,fUSD,0.00014193,2,1,267.64,offer,2026-09-02T08:47:01.340286+00:00
e7a21836-774e-4c22-81cd-22baca4599d4,fUSD,0.0001422031,2,1,165.27,offer,2026-09-02T08:47:01.340286+00:00
e7a21836-774e-4c22-81cd-22baca4599d4,fUSD,0.0001426031,2,1,200.0,offer,2026-09-02T08:47:01.340286+00:00
e7a21836-774e-4c22-81cd-22baca4599d4,fUSD,0.0001428106365834005,2,1,150.0,offer,2026-09-02T08:47:01.340286+00:00
e7a21836-774e-4c22-81cd-22baca4599d4,fUSD,0.00014283,2,1,155.0,offer,2026-09-02T08:47:01.340286+00:00
e7a21836-774e-4c22-81cd-22baca4599d4,fUSD,0.00014326144657534246,2,1,303.01,offer,2026-09-02T08:47:01.340286+00:00
e7a21836-774e-4c22-81cd-22baca4599d4,fUSD,0.00014366593328911026,2,1,686.87,offer,2026-09-02T08:47:01.340286+00:00
e7a21836-774e-4c22-81cd-22baca4599d4,fUSD,0.00014369218372280417,2,1,150.0,offer,2026-09-02T08:47:01.340286+00:00
e7a21836-774e-4c22-81cd-22baca4599d4,fUSD,0.0001445737308622079,2,1,150.0,offer,2026-09-02T08:47:01.340286+00:00
e7a21836-774e-4c22-81cd-22baca4599d4,fUSD,0.00014501995,2,1,240.93378721,offer,2026-09-02T08:47:01.340286+00:00
e7a21836-774e-4c22-81cd-22baca4599d4,fUSD,0.00014529,2,1,156.63,offer,2026-09-02T08:47:01.340286+00:00
e7a21836-774e-4c22-81cd-22baca4599d4,fUSD,0.0001454552780016116,2,1,150.0,offer,2026-09-02T08:47:01.340286+00:00
e7a21836-774e-4c22-81cd-22baca4599d4,fUSD,0.0001460014,2,1,212.1,offer,2026-09-02T08:47:01.340286+00:00
e7a21836-774e-4c22-81cd-22baca4599d4,fUSD,0.0001463368251410153,2,1,150.0,offer,2026-09-02T08:47:01.340286+00:00
e7a21836-774e-4c22-81cd-22baca4599d4,fUSD,0.0001465728,2,1,7403.78,offer,2026-09-02T08:47:01.340286+00:00
e7a21836-774e-4c22-81cd-22baca4599d4,fUSD,0.00014675569315068492,2,1,303.01,offer,2026-09-02T08:47:01.340286+00:00
e7a21836-774e-4c22-81cd-22baca4599d4,fUSD,0.000147,2,3,2733.849,offer,2026-09-02T08:47:01.340286+00:00
e7a21836-774e-4c22-81cd-22baca4599d4,fUSD,0.000147218372280419,2,1,150.0,offer,2026-09-02T08:47:01.340286+00:00
e7a21836-774e-4c22-81cd-22baca4599d4,fUSD,0.00014809991941982273,2,1,150.0,offer,2026-09-02T08:47:01.340286+00:00
e7a21836-774e-4c22-81cd-22baca4599d4,fUSD,0.0001489814665592264,2,1,150.0,offer,2026-09-02T08:47:01.340286+00:00
f3567295-40fc-4444-aeb9-148817a223af,fUSD,0.000273972602739726,120,1,-9245444.56270806,demand,2026-09-02T09:47:01.420720+00:00
f3567295-40fc-4444-aeb9-148817a223af,fUSD,0.00022,30,1,-30100.0,demand,2026-09-02T09:47:01.420720+00:00
f3567295-40fc-4444-aeb9-148817a223af,fUSD,0.00021,30,1,-30000.0,demand,2026-09-02T09:47:01.420720+00:00
f3567295-40fc-4444-aeb9-148817a223af,fUSD,0.000209,30,1,-6289.12258117,demand,2026-09-02T09:47:01.420720+00:00
f3567295-40fc-4444-aeb9-148817a223af,fUSD,0.0002,7,1,-150.0,demand,2026-09-02T09:47:01.420720+00:00
f3567295-40fc-4444-aeb9-148817a223af,fUSD,0.00018010999999999998,120,1,-133240.73391109,demand,2026-09-02T09:47:01.420720+00:00
f3567295-40fc-4444-aeb9-148817a223af,fUSD,0.0001777,120,1,-23123.30278361,demand,2026-09-02T09:47:01.420720+00:00
f3567295-40fc-4444-aeb9-148817a223af,fUSD,0.000174,120,1,-12350.0,demand,2026-09-02T09:47:01.420720+00:00
f3567295-40fc-4444-aeb9-148817a223af,fUSD,0.0001713,120,1,-14000.0,demand,2026-09-02T09:47:01.420720+00:00
f3567295-40fc-4444-aeb9-148817a223af,fUSD,0.0001712,120,1,-20000.0,demand,2026-09-02T09:47:01.420720+00:00
f3567295-40fc-4444-aeb9-148817a223af,fUSD,0.00017111,120,1,-2000000.0,demand,2026-09-02T09:47:01.420720+00:00
f3567295-40fc-4444-aeb9-148817a223af,fUSD,0.00017,120,1,-150.0,demand,2026-09-02T09:47:01.420720+00:00
f3567295-40fc-4444-aeb9-148817a223af,fUSD,0.0001603,60,1,-20000.0,demand,2026-09-02T09:47:01.420720+00:00
f3567295-40fc-4444-aeb9-148817a223af,fUSD,0.00016,120,2,-10009162.66122322,demand,2026-09-02T09:47:01.420720+00:00
f3567295-40fc-4444-aeb9-148817a223af,fUSD,0.000151,120,1,-10000.0,demand,2026-09-02T09:47:01.420720+00:00
f3567295-40fc-4444-aeb9-148817a223af,fUSD,0.00015,90,1,-19550.75,demand,2026-09-02T09:47:01.420720+00:00
f3567295-40fc-4444-aeb9-148817a223af,fUSD,0.00015,29,1,-91128.42113844,demand,2026-09-02T09:47:01.420720+00:00
f3567295-40fc-4444-aeb9-148817a223af,fUSD,0.00015,120,1,-500.0,demand,2026-09-02T09:47:01.420720+00:00
f3567295-40fc-4444-aeb9-148817a223af,fUSD,0.00015,2,1,-10000.0,demand,2026-09-02T09:47:01.420720+00:00
f3567295-40fc-4444-aeb9-148817a223af,fUSD,0.000145,7,1,-190.0,demand,2026-09-02T09:47:01.420720+00:00
f3567295-40fc-4444-aeb9-148817a223af,fUSD,0.00014252,120,1,-10770.76644364,demand,2026-09-02T09:47:01.420720+00:00
f3567295-40fc-4444-aeb9-148817a223af,fUSD,0.00014120000000000002,30,1,-13500.0,demand,2026-09-02T09:47:01.420720+00:00
f3567295-40fc-4444-aeb9-148817a223af,fUSD,0.00013754185692541857,2,1,-150.0,demand,2026-09-02T09:47:01.420720+00:00
f3567295-40fc-4444-aeb9-148817a223af,fUSD,0.0001342,2,1,-762620.28787125,demand,2026-09-02T09:47:01.420720+00:00
f3567295-40fc-4444-aeb9-148817a223af,fUSD,0.000131,13,1,-7000.0,demand,2026-09-02T09:47:01.420720+00:00
f3567295-40fc-4444-aeb9-148817a223af,fUSD,0.00014879305,2,1,311.37948257,offer,2026-09-02T09:47:01.420720+00:00
f3567295-40fc-4444-aeb9-148817a223af,fUSD,0.0001488,2,2,325.47552808,offer,2026-09-02T09:47:01.420720+00:00
f3567295-40fc-4444-aeb9-148817a223af,fUSD,0.00014880305,2,2,10195.95563327,offer,2026-09-02T09:47:01.420720+00:00
f3567295-40fc-4444-aeb9-148817a223af,fUSD,0.00014884,2,2,1000.0,offer,2026-09-02T09:47:01.420720+00:00
f3567295-40fc-4444-aeb9-148817a223af,fUSD,0.00014884741433054412,2,1,15686.89,offer,2026-09-02T09:47:01.420720+00:00
f3567295-40fc-4444-aeb9-148817a223af,fUSD,0.0001488556,2,1,267.60440473,offer,2026-09-02T09:47:01.420720+00:00
f3567295-40fc-4444-aeb9-148817a223af,fUSD,0.0001489278,2,1,267.60440473,offer,2026-09-02T09:47:01.420720+00:00
f3567295-40fc-4444-aeb9-148817a223af,fUSD,0.000149,2,1,267.60440473,offer,2026-09-02T09:47:01.420720+00:00
f3567295-40fc-4444-aeb9-148817a223af,fUSD,0.0001492,2,1,211.63379,offer,2026-09-02T09:47:01.420720+00:00
f3567295-40fc-4444-aeb9-148817a223af,fUSD,0.00014935304999999998,2,1,3034.3441509,offer,2026-09-02T09:47:01.420720+00:00
f3567295-40fc-4444-aeb9-148817a223af,fUSD,0.00014954,2,1,192.24,offer,2026-09-02T09:47:01.420720+00:00
f3567295-40fc-4444-aeb9-148817a223af,fUSD,0.00014969,2,1,192.61,offer,2026-09-02T09:47:01.420720+00:00
f3567295-40fc-4444-aeb9-148817a223af,fUSD,0.0001497,2,1,211.6338,offer,2026-09-02T09:47:01.420720+00:00
f3567295-40fc-4444-aeb9-148817a223af,fUSD,0.00014986301369863012,2,3,542.00343376,offer,2026-09-02T09:47:01.420720+00:00
f3567295-40fc-4444-aeb9-148817a223af,fUSD,0.00014987,2,1,363.62518924,offer,2026-09-02T09:47:01.420720+00:00
f3567295-40fc-4444-aeb9-148817a223af,fUSD,0.00014989,2,1,150.0,offer,2026-09-02T09:47:01.420720+00:00
f3567295-40fc-4444-aeb9-148817a223af,fUSD,0.0001499,2,4,1200.20985299,offer,2026-09-02T09:47:01.420720+00:00
f3567295-40fc-4444-aeb9-148817a223af,fUSD,0.00014991,2,13,247883.6655863,offer,2026-09-02T09:47:01.420720+00:00
f3567295-40fc-4444-aeb9-148817a223af,fUSD,0.00014992,2,2,1621.636,offer,2026-09-02T09:47:01.420720+00:00
f3567295-40fc-4444-aeb9-148817a223af,fUSD,0.00014997,2,1,151.0,offer,2026-09-02T09:47:01.420720+00:00
f3567295-40fc-4444-aeb9-148817a223af,fUSD,0.00014998,2,8,4024.74197558,offer,2026-09-02T09:47:01.420720+00:00
f3567295-40fc-4444-aeb9-148817a223af,fUSD,0.00014999,2,37,15573.741165,offer,2026-09-02T09:47:01.420720+00:00
f3567295-40fc-4444-aeb9-148817a223af,fUSD,0.00014999,5,1,1082.86164314,offer,2026-09-02T09:47:01.420720+00:00
f3567295-40fc-4444-aeb9-148817a223af,fUSD,0.00014999001,2,1,300.0,offer,2026-09-02T09:47:01.420720+00:00
f3567295-40fc-4444-aeb9-148817a223af,fUSD,0.00015,2,24,4914341.60212276,offer,2026-09-02T09:47:01.420720+00:00
926dffd9-a22e-4135-8372-60d8980dc57f,fUSD,0.000273972602739726,120,1,-9241775.81832646,demand,2026-09-02T10:47:01.537070+00:00
926dffd9-a22e-4135-8372-60d8980dc57f,fUSD,0.00022,30,1,-30100.0,demand,2026-09-02T10:47:01.537070+00:00
926dffd9-a22e-4135-8372-60d8980dc57f,fUSD,0.00021,30,1,-30000.0,demand,2026-09-02T10:47:01.537070+00:00
926dffd9-a22e-4135-8372-60d8980dc57f,fUSD,0.000209,30,1,-6289.12258117,demand,2026-09-02T10:47:01.537070+00:00
926dffd9-a22e-4135-8372-60d8980dc57f,fUSD,0.0002,7,1,-150.0,demand,2026-09-02T10:47:01.537070+00:00
926dffd9-a22e-4135-8372-60d8980dc57f,fUSD,0.00018010999999999998,120,1,-133240.73391109,demand,2026-09-02T10:47:01.537070+00:00
926dffd9-a22e-4135-8372-60d8980dc57f,fUSD,0.0001777,120,1,-23123.30278361,demand,2026-09-02T10:47:01.537070+00:00
926dffd9-a22e-4135-8372-60d8980dc57f,fUSD,0.000174,120,1,-12350.0,demand,2026-09-02T10:47:01.537070+00:00
926dffd9-a22e-4135-8372-60d8980dc57f,fUSD,0.0001713,120,1,-14000.0,demand,2026-09-02T10:47:01.537070+00:00
926dffd9-a22e-4135-8372-60d8980dc57f,fUSD,0.0001712,120,1,-20000.0,demand,2026-09-02T10:47:01.537070+00:00
926dffd9-a22e-4135-8372-60d8980dc57f,fUSD,0.00017111,120,1,-2000000.0,demand,2026-09-02T10:47:01.537070+00:00
926dffd9-a22e-4135-8372-60d8980dc57f,fUSD,0.00017,120,1,-150.0,demand,2026-09-02T10:47:01.537070+00:00
926dffd9-a22e-4135-8372-60d8980dc57f,fUSD,0.0001603,60,1,-20000.0,demand,2026-09-02T10:47:01.537070+00:00
926dffd9-a22e-4135-8372-60d8980dc57f,fUSD,0.00016,120,2,-10009162.66122322,demand,2026-09-02T10:47:01.537070+00:00
926dffd9-a22e-4135-8372-60d8980dc57f,fUSD,0.000151,120,1,-10000.0,demand,2026-09-02T10:47:01.537070+00:00
926dffd9-a22e-4135-8372-60d8980dc57f,fUSD,0.00015,29,1,-91128.42113844,demand,2026-09-02T10:47:01.537070+00:00
926dffd9-a22e-4135-8372-60d8980dc57f,fUSD,0.00015,120,1,-500.0,demand,2026-09-02T10:47:01.537070+00:00
926dffd9-a22e-4135-8372-60d8980dc57f,fUSD,0.00015,2,1,-10000.0,demand,2026-09-02T10:47:01.537070+00:00
926dffd9-a22e-4135-8372-60d8980dc57f,fUSD,0.000145,7,1,-190.0,demand,2026-09-02T10:47:01.537070+00:00
926dffd9-a22e-4135-8372-60d8980dc57f,fUSD,0.00014252,120,1,-10770.76644364,demand,2026-09-02T10:47:01.537070+00:00
926dffd9-a22e-4135-8372-60d8980dc57f,fUSD,0.00014120000000000002,30,1,-13500.0,demand,2026-09-02T10:47:01.537070+00:00
926dffd9-a22e-4135-8372-60d8980dc57f,fUSD,0.0001342001,2,1,-599345.97,demand,2026-09-02T10:47:01.537070+00:00
926dffd9-a22e-4135-8372-60d8980dc57f,fUSD,0.0001342,2,1,-762620.28787125,demand,2026-09-02T10:47:01.537070+00:00
926dffd9-a22e-4135-8372-60d8980dc57f,fUSD,0.000131,13,1,-7000.0,demand,2026-09-02T10:47:01.537070+00:00
926dffd9-a22e-4135-8372-60d8980dc57f,fUSD,0.00013,2,1,-2000000.0,demand,2026-09-02T10:47:01.537070+00:00
926dffd9-a22e-4135-8372-60d8980dc57f,fUSD,0.00014,2,1,150.0,offer,2026-09-02T10:47:01.537070+00:00
926dffd9-a22e-4135-8372-60d8980dc57f,fUSD,0.0001411367,2,2,1969.09252231,offer,2026-09-02T10:47:01.537070+00:00
926dffd9-a22e-4135-8372-60d8980dc57f,fUSD,0.000142548067,2,1,150.0,offer,2026-09-02T10:47:01.537070+00:00
926dffd9-a22e-4135-8372-60d8980dc57f,fUSD,0.000143959434,7,1,237.70722786,offer,2026-09-02T10:47:01.537070+00:00
926dffd9-a22e-4135-8372-60d8980dc57f,fUSD,0.00014543,2,1,150.0,offer,2026-09-02T10:47:01.537070+00:00
926dffd9-a22e-4135-8372-60d8980dc57f,fUSD,0.00014551835000000004,2,7,2982.41074801,offer,2026-09-02T10:47:01.537070+00:00
926dffd9-a22e-4135-8372-60d8980dc57f,fUSD,0.00014556,2,1,150.0,offer,2026-09-02T10:47:01.537070+00:00
926dffd9-a22e-4135-8372-60d8980dc57f,fUSD,0.00014556835,2,13,3383.50649205,offer,2026-09-02T10:47:01.537070+00:00
926dffd9-a22e-4135-8372-60d8980dc57f,fUSD,0.00014687,2,1,195.0,offer,2026-09-02T10:47:01.537070+00:00
926dffd9-a22e-4135-8372-60d8980dc57f,fUSD,0.00014693719756273972,2,1,170.36,offer,2026-09-02T10:47:01.537070+00:00
926dffd9-a22e-4135-8372-60d8980dc57f,fUSD,0.000147,2,1,189.95,offer,2026-09-02T10:47:01.537070+00:00
926dffd9-a22e-4135-8372-60d8980dc57f,fUSD,0.00014715,2,1,391.08226998,offer,2026-09-02T10:47:01.537070+00:00
926dffd9-a22e-4135-8372-60d8980dc57f,fUSD,0.00014775,7,1,171.80554162,offer,2026-09-02T10:47:01.537070+00:00
926dffd9-a22e-4135-8372-60d8980dc57f,fUSD,0.00014819353500000003,7,1,367.76254834,offer,2026-09-02T10:47:01.537070+00:00
926dffd9-a22e-4135-8372-60d8980dc57f,fUSD,0.00014830835,2,1,156.42914351,offer,2026-09-02T10:47:01.537070+00:00
926dffd9-a22e-4135-8372-60d8980dc57f,fUSD,0.0001488,2,1,200.0,offer,2026-09-02T10:47:01.537070+00:00
926dffd9-a22e-4135-8372-60d8980dc57f,fUSD,0.00014898,2,2,550.79099099,offer,2026-09-02T10:47:01.537070+00:00
926dffd9-a22e-4135-8372-60d8980dc57f,fUSD,0.00014899,2,1,1185.31156679,offer,2026-09-02T10:47:01.537070+00:00
926dffd9-a22e-4135-8372-60d8980dc57f,fUSD,0.0001489911,2,1,1185.31156678,offer,2026-09-02T10:47:01.537070+00:00
926dffd9-a22e-4135-8372-60d8980dc57f,fUSD,0.0001489922,2,1,1185.31156678,offer,2026-09-02T10:47:01.537070+00:00
926dffd9-a22e-4135-8372-60d8980dc57f,fUSD,0.0001489933,2,1,1185.31156678,offer,2026-09-02T10:47:01.537070+00:00
926dffd9-a22e-4135-8372-60d8980dc57f,fUSD,0.0001489944,2,1,1185.31156678,offer,2026-09-02T10:47:01.537070+00:00
926dffd9-a22e-4135-8372-60d8980dc57f,fUSD,0.0001489956,2,1,1185.31156678,offer,2026-09-02T10:47:01.537070+00:00
926dffd9-a22e-4135-8372-60d8980dc57f,fUSD,0.0001489967,2,1,1185.31156678,offer,2026-09-02T10:47:01.537070+00:00
926dffd9-a22e-4135-8372-60d8980dc57f,fUSD,0.0001489978,2,1,1185.31156678,offer,2026-09-02T10:47:01.537070+00:00
729a1401-499e-4900-a7b2-43ec4d595e07,fUSD,0.000273972602739726,120,1,-9239101.48250038,demand,2026-09-02T11:47:01.239106+00:00
729a1401-499e-4900-a7b2-43ec4d595e07,fUSD,0.00022,30,1,-30100.0,demand,2026-09-02T11:47:01.239106+00:00
729a1401-499e-4900-a7b2-43ec4d595e07,fUSD,0.00021,30,1,-30000.0,demand,2026-09-02T11:47:01.239106+00:00
729a1401-499e-4900-a7b2-43ec4d595e07,fUSD,0.000209,30,1,-6289.12258117,demand,2026-09-02T11:47:01.239106+00:00
729a1401-499e-4900-a7b2-43ec4d595e07,fUSD,0.0002,7,1,-150.0,demand,2026-09-02T11:47:01.239106+00:00
729a1401-499e-4900-a7b2-43ec4d595e07,fUSD,0.00018010999999999998,120,1,-133240.73391109,demand,2026-09-02T11:47:01.239106+00:00
729a1401-499e-4900-a7b2-43ec4d595e07,fUSD,0.0001777,120,1,-23123.30278361,demand,2026-09-02T11:47:01.239106+00:00
729a1401-499e-4900-a7b2-43ec4d595e07,fUSD,0.000174,120,1,-12350.0,demand,2026-09-02T11:47:01.239106+00:00
729a1401-499e-4900-a7b2-43ec4d595e07,fUSD,0.0001713,120,1,-14000.0,demand,2026-09-02T11:47:01.239106+00:00
729a1401-499e-4900-a7b2-43ec4d595e07,fUSD,0.0001712,120,1,-20000.0,demand,2026-09-02T11:47:01.239106+00:00
729a1401-499e-4900-a7b2-43ec4d595e07,fUSD,0.00017111,120,1,-2000000.0,demand,2026-09-02T11:47:01.239106+00:00
729a1401-499e-4900-a7b2-43ec4d595e07,fUSD,0.00017,120,1,-150.0,demand,2026-09-02T11:47:01.239106+00:00
729a1401-499e-4900-a7b2-43ec4d595e07,fUSD,0.0001603,60,1,-20000.0,demand,2026-09-02T11:47:01.239106+00:00
729a1401-499e-4900-a7b2-43ec4d595e07,fUSD,0.00016,120,2,-10009162.66122322,demand,2026-09-02T11:47:01.239106+00:00
729a1401-499e-4900-a7b2-43ec4d595e07,fUSD,0.000151,120,1,-10000.0,demand,2026-09-02T11:47:01.239106+00:00
729a1401-499e-4900-a7b2-43ec4d595e07,fUSD,0.00015,29,1,-91128.42113844,demand,2026-09-02T11:47:01.239106+00:00
729a1401-499e-4900-a7b2-43ec4d595e07,fUSD,0.00015,120,1,-500.0,demand,2026-09-02T11:47:01.239106+00:00
729a1401-499e-4900-a7b2-43ec4d595e07,fUSD,0.00015,2,1,-10000.0,demand,2026-09-02T11:47:01.239106+00:00
729a1401-499e-4900-a7b2-43ec4d595e07,fUSD,0.000145,7,1,-190.0,demand,2026-09-02T11:47:01.239106+00:00
729a1401-499e-4900-a7b2-43ec4d595e07,fUSD,0.00014252,120,1,-10770.76644364,demand,2026-09-02T11:47:01.239106+00:00
729a1401-499e-4900-a7b2-43ec4d595e07,fUSD,0.00014120000000000002,30,1,-13500.0,demand,2026-09-02T11:47:01.239106+00:00
729a1401-499e-4900-a7b2-43ec4d595e07,fUSD,0.0001342001,2,1,-599345.97,demand,2026-09-02T11:47:01.239106+00:00
729a1401-499e-4900-a7b2-43ec4d595e07,fUSD,0.0001342,2,1,-762620.28787125,demand,2026-09-02T11:47:01.239106+00:00
729a1401-499e-4900-a7b2-43ec4d595e07,fUSD,0.000131,13,1,-7000.0,demand,2026-09-02T11:47:01.239106+00:00
729a1401-499e-4900-a7b2-43ec4d595e07,fUSD,0.00013,2,1,-2000000.0,demand,2026-09-02T11:47:01.239106+00:00
729a1401-499e-4900-a7b2-43ec4d595e07,fUSD,0.00013487671232876713,2,1,150.0,offer,2026-09-02T11:47:01.239106+00:00
729a1401-499e-4900-a7b2-43ec4d595e07,fUSD,0.000136986301369863,2,1,243.31,offer,2026-09-02T11:47:01.239106+00:00
729a1401-499e-4900-a7b2-43ec4d595e07,fUSD,0.0001393956,2,1,170.87,offer,2026-09-02T11:47:01.239106+00:00
729a1401-499e-4900-a7b2-43ec4d595e07,fUSD,0.0001394294,2,2,1510.97,offer,2026-09-02T11:47:01.239106+00:00
729a1401-499e-4900-a7b2-43ec4d595e07,fUSD,0.0001394294,7,1,150.0,offer,2026-09-02T11:47:01.239106+00:00
729a1401-499e-4900-a7b2-43ec4d595e07,fUSD,0.0001394886,2,1,175.35246908,offer,2026-09-02T11:47:01.239106+00:00
729a1401-499e-4900-a7b2-43ec4d595e07,fUSD,0.0001395478,2,1,163.07,offer,2026-09-02T11:47:01.239106+00:00
729a1401-499e-4900-a7b2-43ec4d595e07,fUSD,0.000139718,2,1,251.5,offer,2026-09-02T11:47:01.239106+00:00
729a1401-499e-4900-a7b2-43ec4d595e07,fUSD,0.00014,2,1,150.0,offer,2026-09-02T11:47:01.239106+00:00
729a1401-499e-4900-a7b2-43ec4d595e07,fUSD,0.0001401124,2,1,328.24,offer,2026-09-02T11:47:01.239106+00:00
729a1401-499e-4900-a7b2-43ec4d595e07,fUSD,0.0001405725,2,1,166.58,offer,2026-09-02T11:47:01.239106+00:00
729a1401-499e-4900-a7b2-43ec4d595e07,fUSD,0.000142183512,7,2,384.40367559,offer,2026-09-02T11:47:01.239106+00:00
729a1401-499e-4900-a7b2-43ec4d595e07,fUSD,0.0001436151397260274,2,1,328.24,offer,2026-09-02T11:47:01.239106+00:00
729a1401-499e-4900-a7b2-43ec4d595e07,fUSD,0.0001447,2,2,340.33,offer,2026-09-02T11:47:01.239106+00:00
729a1401-499e-4900-a7b2-43ec4d595e07,fUSD,0.0001447047,2,7,2690.94726043,offer,2026-09-02T11:47:01.239106+00:00
729a1401-499e-4900-a7b2-43ec4d595e07,fUSD,0.0001447147,2,13,3066.39282774,offer,2026-09-02T11:47:01.239106+00:00
729a1401-499e-4900-a7b2-43ec4d595e07,fUSD,0.00014610232881,2,2,500.0,offer,2026-09-02T11:47:01.239106+00:00
729a1401-499e-4900-a7b2-43ec4d595e07,fUSD,0.00014611232881,2,1,485.53,offer,2026-09-02T11:47:01.239106+00:00
729a1401-499e-4900-a7b2-43ec4d595e07,fUSD,0.0001471178794520548,2,1,328.24,offer,2026-09-02T11:47:01.239106+00:00
729a1401-499e-4900-a7b2-43ec4d595e07,fUSD,0.00014799000000000002,2,6,2498.12349544,offer,2026-09-02T11:47:01.239106+00:00
729a1401-499e-4900-a7b2-43ec4d595e07,fUSD,0.00014800000000000002,2,1,29223.61893987,offer,2026-09-02T11:47:01.239106+00:00
729a1401-499e-4900-a7b2-43ec4d595e07,fUSD,0.0001485,2,1,3125.13038583,offer,2026-09-02T11:47:01.239106+00:00
729a1401-499e-4900-a7b2-43ec4d595e07,fUSD,0.0001488,2,1,833.33334,offer,2026-09-02T11:47:01.239106+00:00
729a1401-499e-4900-a7b2-43ec4d595e07,fUSD,0.00014894945414888324,2,1,257.06,offer,2026-09-02T11:47:01.239106+00:00
729a1401-499e-4900-a7b2-43ec4d595e07,fUSD,0.000149,2,2,370.76440512,offer,2026-09-02T11:47:01.239106+00:00
283e7c98-c168-41c2-9746-ee20a70c1bb3,fUSD,0.000273972602739726,120,1,-9229502.08295896,demand,2026-09-02T12:47:01.409132+00:00
283e7c98-c168-41c2-9746-ee20a70c1bb3,fUSD,0.00022,30,1,-30100.0,demand,2026-09-02T12:47:01.409132+00:00
283e7c98-c168-41c2-9746-ee20a70c1bb3,fUSD,0.00021,30,1,-30000.0,demand,2026-09-02T12:47:01.409132+00:00
283e7c98-c168-41c2-9746-ee20a70c1bb3,fUSD,0.000209,30,1,-6289.12258117,demand,2026-09-02T12:47:01.409132+00:00
283e7c98-c168-41c2-9746-ee20a70c1bb3,fUSD,0.0002,7,1,-150.0,demand,2026-09-02T12:47:01.409132+00:00
283e7c98-c168-41c2-9746-ee20a70c1bb3,fUSD,0.00018010999999999998,120,1,-133240.73391109,demand,2026-09-02T12:47:01.409132+00:00
283e7c98-c168-41c2-9746-ee20a70c1bb3,fUSD,0.0001777,120,1,-23123.30278361,demand,2026-09-02T12:47:01.409132+00:00
283e7c98-c168-41c2-9746-ee20a70c1bb3,fUSD,0.000174,120,1,-12350.0,demand,2026-09-02T12:47:01.409132+00:00
283e7c98-c168-41c2-9746-ee20a70c1bb3,fUSD,0.0001713,120,1,-14000.0,demand,2026-09-02T12:47:01.409132+00:00
283e7c98-c168-41c2-9746-ee20a70c1bb3,fUSD,0.0001712,120,1,-20000.0,demand,2026-09-02T12:47:01.409132+00:00
283e7c98-c168-41c2-9746-ee20a70c1bb3,fUSD,0.00017111,120,1,-2000000.0,demand,2026-09-02T12:47:01.409132+00:00
283e7c98-c168-41c2-9746-ee20a70c1bb3,fUSD,0.00017,120,1,-150.0,demand,2026-09-02T12:47:01.409132+00:00
283e7c98-c168-41c2-9746-ee20a70c1bb3,fUSD,0.0001603,60,1,-20000.0,demand,2026-09-02T12:47:01.409132+00:00
283e7c98-c168-41c2-9746-ee20a70c1bb3,fUSD,0.00016,120,2,-10009162.66122322,demand,2026-09-02T12:47:01.409132+00:00
283e7c98-c168-41c2-9746-ee20a70c1bb3,fUSD,0.000151,120,1,-10000.0,demand,2026-09-02T12:47:01.409132+00:00
283e7c98-c168-41c2-9746-ee20a70c1bb3,fUSD,0.00015,29,1,-91128.42113844,demand,2026-09-02T12:47:01.409132+00:00
283e7c98-c168-41c2-9746-ee20a70c1bb3,fUSD,0.00015,120,1,-500.0,demand,2026-09-02T12:47:01.409132+00:00
283e7c98-c168-41c2-9746-ee20a70c1bb3,fUSD,0.00015,2,1,-10000.0,demand,2026-09-02T12:47:01.409132+00:00
283e7c98-c168-41c2-9746-ee20a70c1bb3,fUSD,0.000145,7,1,-190.0,demand,2026-09-02T12:47:01.409132+00:00
283e7c98-c168-41c2-9746-ee20a70c1bb3,fUSD,0.00014252,120,1,-10770.76644364,demand,2026-09-02T12:47:01.409132+00:00
283e7c98-c168-41c2-9746-ee20a70c1bb3,fUSD,0.00014120000000000002,30,1,-13500.0,demand,2026-09-02T12:47:01.409132+00:00
283e7c98-c168-41c2-9746-ee20a70c1bb3,fUSD,0.00014,2,1,-36866.38543646,demand,2026-09-02T12:47:01.409132+00:00
283e7c98-c168-41c2-9746-ee20a70c1bb3,fUSD,0.0001342001,2,1,-597845.97,demand,2026-09-02T12:47:01.409132+00:00
283e7c98-c168-41c2-9746-ee20a70c1bb3,fUSD,0.0001342,2,1,-762620.28787125,demand,2026-09-02T12:47:01.409132+00:00
283e7c98-c168-41c2-9746-ee20a70c1bb3,fUSD,0.00013356,2,1,-601.84228,demand,2026-09-02T12:47:01.409132+00:00
283e7c98-c168-41c2-9746-ee20a70c1bb3,fUSD,0.0001410862,2,1,163.07,offer,2026-09-02T12:47:01.409132+00:00
283e7c98-c168-41c2-9746-ee20a70c1bb3,fUSD,0.00014199,2,1,199.58709596,offer,2026-09-02T12:47:01.409132+00:00
283e7c98-c168-41c2-9746-ee20a70c1bb3,fUSD,0.00014413631643835615,2,1,405.15,offer,2026-09-02T12:47:01.409132+00:00
283e7c98-c168-41c2-9746-ee20a70c1bb3,fUSD,0.0001448675799086758,2,1,150.0,offer,2026-09-02T12:47:01.409132+00:00
283e7c98-c168-41c2-9746-ee20a70c1bb3,fUSD,0.0001461643836,2,3,496.97,offer,2026-09-02T12:47:01.409132+00:00
283e7c98-c168-41c2-9746-ee20a70c1bb3,fUSD,0.00014726,2,1,500.0,offer,2026-09-02T12:47:01.409132+00:00
283e7c98-c168-41c2-9746-ee20a70c1bb3,fUSD,0.00014765193287671232,2,1,405.15,offer,2026-09-02T12:47:01.409132+00:00
283e7c98-c168-41c2-9746-ee20a70c1bb3,fUSD,0.00014801,2,1,238.91,offer,2026-09-02T12:47:01.409132+00:00
283e7c98-c168-41c2-9746-ee20a70c1bb3,fUSD,0.0001485,2,1,1600.06675755,offer,2026-09-02T12:47:01.409132+00:00
283e7c98-c168-41c2-9746-ee20a70c1bb3,fUSD,0.00014864769520773842,2,1,1391.5,offer,2026-09-02T12:47:01.409132+00:00
283e7c98-c168-41c2-9746-ee20a70c1bb3,fUSD,0.00014874000000000002,2,5,1951.9328612,offer,2026-09-02T12:47:01.409132+00:00
283e7c98-c168-41c2-9746-ee20a70c1bb3,fUSD,0.00014875,2,5,2589.45,offer,2026-09-02T12:47:01.409132+00:00
283e7c98-c168-41c2-9746-ee20a70c1bb3,fUSD,0.0001488,2,1,156.25,offer,2026-09-02T12:47:01.409132+00:00
283e7c98-c168-41c2-9746-ee20a70c1bb3,fUSD,0.000149,2,1,166.60267262,offer,2026-09-02T12:47:01.409132+00:00
283e7c98-c168-41c2-9746-ee20a70c1bb3,fUSD,0.00014904969737933836,2,2,1782.0,offer,2026-09-02T12:47:01.409132+00:00
283e7c98-c168-41c2-9746-ee20a70c1bb3,fUSD,0.0001492,2,1,156.25,offer,2026-09-02T12:47:01.409132+00:00
283e7c98-c168-41c2-9746-ee20a70c1bb3,fUSD,0.00014984,2,1,150.0,offer,2026-09-02T12:47:01.409132+00:00
283e7c98-c168-41c2-9746-ee20a70c1bb3,fUSD,0.00014986301369863012,2,3,617.28843404,offer,2026-09-02T12:47:01.409132+00:00
283e7c98-c168-41c2-9746-ee20a70c1bb3,fUSD,0.00014986301369863015,2,11,296298.0,offer,2026-09-02T12:47:01.409132+00:00
283e7c98-c168-41c2-9746-ee20a70c1bb3,fUSD,0.00014987,2,2,1421.328,offer,2026-09-02T12:47:01.409132+00:00
283e7c98-c168-41c2-9746-ee20a70c1bb3,fUSD,0.0001499,2,4,3138.58249714,offer,2026-09-02T12:47:01.409132+00:00
283e7c98-c168-41c2-9746-ee20a70c1bb3,fUSD,0.00014993,2,9,4456.98107735,offer,2026-09-02T12:47:01.409132+00:00
283e7c98-c168-41c2-9746-ee20a70c1bb3,fUSD,0.00014998,2,9,68319.1903702,offer,2026-09-02T12:47:01.409132+00:00
283e7c98-c168-41c2-9746-ee20a70c1bb3,fUSD,0.00014999,2,5,2272.51088069,offer,2026-09-02T12:47:01.409132+00:00
283e7c98-c168-41c2-9746-ee20a70c1bb3,fUSD,0.00014999001,2,1,300.0,offer,2026-09-02T12:47:01.409132+00:00
8d7e5279-958f-4f07-b4aa-5b6cc636e903,fUSD,0.00031096712328767124,60,1,-6801753.74266404,demand,2026-09-02T13:47:01.530875+00:00
8d7e5279-958f-4f07-b4aa-5b6cc636e903,fUSD,0.000273972602739726,120,1,-9219785.40144811,demand,2026-09-02T13:47:01.530875+00:00
8d7e5279-958f-4f07-b4aa-5b6cc636e903,fUSD,0.00022,30,1,-30100.0,demand,2026-09-02T13:47:01.530875+00:00
8d7e5279-958f-4f07-b4aa-5b6cc636e903,fUSD,0.00021,30,1,-30000.0,demand,2026-09-02T13:47:01.530875+00:00
8d7e5279-958f-4f07-b4aa-5b6cc636e903,fUSD,0.000209,30,1,-6289.12258117,demand,2026-09-02T13:47:01.530875+00:00
8d7e5279-958f-4f07-b4aa-5b6cc636e903,fUSD,0.0002,7,1,-150.0,demand,2026-09-02T13:47:01.530875+00:00
8d7e5279-958f-4f07-b4aa-5b6cc636e903,fUSD,0.00018010999999999998,120,1,-133240.73391109,demand,2026-09-02T13:47:01.530875+00:00
8d7e5279-958f-4f07-b4aa-5b6cc636e903,fUSD,0.0001777,120,1,-23123.30278361,demand,2026-09-02T13:47:01.530875+00:00
8d7e5279-958f-4f07-b4aa-5b6cc636e903,fUSD,0.000174,120,1,-12350.0,demand,2026-09-02T13:47:01.530875+00:00
8d7e5279-958f-4f07-b4aa-5b6cc636e903,fUSD,0.0001713,120,1,-14000.0,demand,2026-09-02T13:47:01.530875+00:00
8d7e5279-958f-4f07-b4aa-5b6cc636e903,fUSD,0.0001712,120,1,-20000.0,demand,2026-09-02T13:47:01.530875+00:00
8d7e5279-958f-4f07-b4aa-5b6cc636e903,fUSD,0.00017111,120,1,-2000000.0,demand,2026-09-02T13:47:01.530875+00:00
8d7e5279-958f-4f07-b4aa-5b6cc636e903,fUSD,0.00017,120,1,-150.0,demand,2026-09-02T13:47:01.530875+00:00
8d7e5279-958f-4f07-b4aa-5b6cc636e903,fUSD,0.0001603,60,1,-20000.0,demand,2026-09-02T13:47:01.530875+00:00
8d7e5279-958f-4f07-b4aa-5b6cc636e903,fUSD,0.00016,120,2,-10009162.66122322,demand,2026-09-02T13:47:01.530875+00:00
8d7e5279-958f-4f07-b4aa-5b6cc636e903,fUSD,0.000151,120,1,-10000.0,demand,2026-09-02T13:47:01.530875+00:00
8d7e5279-958f-4f07-b4aa-5b6cc636e903,fUSD,0.00015,29,1,-91128.42113844,demand,2026-09-02T13:47:01.530875+00:00
8d7e5279-958f-4f07-b4aa-5b6cc636e903,fUSD,0.00015,120,1,-500.0,demand,2026-09-02T13:47:01.530875+00:00
8d7e5279-958f-4f07-b4aa-5b6cc636e903,fUSD,0.00015,2,1,-10000.0,demand,2026-09-02T13:47:01.530875+00:00
8d7e5279-958f-4f07-b4aa-5b6cc636e903,fUSD,0.0001459068,2,10,-1500.0,demand,2026-09-02T13:47:01.530875+00:00
8d7e5279-958f-4f07-b4aa-5b6cc636e903,fUSD,0.000145,7,1,-190.0,demand,2026-09-02T13:47:01.530875+00:00
8d7e5279-958f-4f07-b4aa-5b6cc636e903,fUSD,0.00014252,120,1,-10770.76644364,demand,2026-09-02T13:47:01.530875+00:00
8d7e5279-958f-4f07-b4aa-5b6cc636e903,fUSD,0.00014120000000000002,30,1,-13500.0,demand,2026-09-02T13:47:01.530875+00:00
8d7e5279-958f-4f07-b4aa-5b6cc636e903,fUSD,0.00014,2,1,-34679.54831962,demand,2026-09-02T13:47:01.530875+00:00
8d7e5279-958f-4f07-b4aa-5b6cc636e903,fUSD,0.0001342001,2,1,-597845.97,demand,2026-09-02T13:47:01.530875+00:00
8d7e5279-958f-4f07-b4aa-5b6cc636e903,fUSD,0.00014583384452054795,2,1,150.0,offer,2026-09-02T13:47:01.530875+00:00
8d7e5279-958f-4f07-b4aa-5b6cc636e903,fUSD,0.00014594218904109588,2,1,222.76,offer,2026-09-02T13:47:01.530875+00:00
8d7e5279-958f-4f07-b4aa-5b6cc636e903,fUSD,0.00014613698634,2,1,485.57,offer,2026-09-02T13:47:01.530875+00:00
8d7e5279-958f-4f07-b4aa-5b6cc636e903,fUSD,0.00014614794525,2,1,151.0,offer,2026-09-02T13:47:01.530875+00:00
8d7e5279-958f-4f07-b4aa-5b6cc636e903,fUSD,0.00014621095895,2,1,648.16,offer,2026-09-02T13:47:01.530875+00:00
8d7e5279-958f-4f07-b4aa-5b6cc636e903,fUSD,0.00014627550000000003,2,5,10411.33742422,offer,2026-09-02T13:47:01.530875+00:00
8d7e5279-958f-4f07-b4aa-5b6cc636e903,fUSD,0.0001468255,2,4,9354.70373753,offer,2026-09-02T13:47:01.530875+00:00
8d7e5279-958f-4f07-b4aa-5b6cc636e903,fUSD,0.00014708808356164385,2,1,392.9,offer,2026-09-02T13:47:01.530875+00:00
8d7e5279-958f-4f07-b4aa-5b6cc636e903,fUSD,0.0001473453424657534,2,1,151.0,offer,2026-09-02T13:47:01.530875+00:00
8d7e5279-958f-4f07-b4aa-5b6cc636e903,fUSD,0.0001473755,2,16,211021.74420375,offer,2026-09-02T13:47:01.530875+00:00
8d7e5279-958f-4f07-b4aa-5b6cc636e903,fUSD,0.00014791550000000002,2,4,635.07687972,offer,2026-09-02T13:47:01.530875+00:00
8d7e5279-958f-4f07-b4aa-5b6cc636e903,fUSD,0.00014792549999999998,2,4,10024.1830882,offer,2026-09-02T13:47:01.530875+00:00
8d7e5279-958f-4f07-b4aa-5b6cc636e903,fUSD,0.00014836027397260274,10,1,170.28000565,offer,2026-09-02T13:47:01.530875+00:00
8d7e5279-958f-4f07-b4aa-5b6cc636e903,fUSD,0.0001484755,2,4,10377.61329922,offer,2026-09-02T13:47:01.530875+00:00
8d7e5279-958f-4f07-b4aa-5b6cc636e903,fUSD,0.0001485,2,1,174.43518958,offer,2026-09-02T13:47:01.530875+00:00
8d7e5279-958f-4f07-b4aa-5b6cc636e903,fUSD,0.00014898,2,1,1772.9514629,offer,2026-09-02T13:47:01.530875+00:00
8d7e5279-958f-4f07-b4aa-5b6cc636e903,fUSD,0.0001489822,2,1,1772.9514629,offer,2026-09-02T13:47:01.530875+00:00
8d7e5279-958f-4f07-b4aa-5b6cc636e903,fUSD,0.0001489844,2,1,1772.9514629,offer,2026-09-02T13:47:01.530875+00:00
8d7e5279-958f-4f07-b4aa-5b6cc636e903,fUSD,0.0001489867,2,1,1772.9514629,offer,2026-09-02T13:47:01.530875+00:00
8d7e5279-958f-4f07-b4aa-5b6cc636e903,fUSD,0.0001489889,2,1,1772.9514629,offer,2026-09-02T13:47:01.530875+00:00
8d7e5279-958f-4f07-b4aa-5b6cc636e903,fUSD,0.00014898904109589042,2,1,500.0,offer,2026-09-02T13:47:01.530875+00:00
8d7e5279-958f-4f07-b4aa-5b6cc636e903,fUSD,0.0001489911,2,1,1772.9514629,offer,2026-09-02T13:47:01.530875+00:00
8d7e5279-958f-4f07-b4aa-5b6cc636e903,fUSD,0.0001489933,2,1,1772.9514629,offer,2026-09-02T13:47:01.530875+00:00
8d7e5279-958f-4f07-b4aa-5b6cc636e903,fUSD,0.0001489956,2,1,1772.9514629,offer,2026-09-02T13:47:01.530875+00:00
8d7e5279-958f-4f07-b4aa-5b6cc636e903,fUSD,0.0001489978,2,1,1772.9514629,offer,2026-09-02T13:47:01.530875+00:00
58c77502-3487-4204-8c3d-3d2ae752f5b2,fUSD,0.000273972602739726,120,1,-9217385.52545978,demand,2026-09-02T14:47:01.468212+00:00
58c77502-3487-4204-8c3d-3d2ae752f5b2,fUSD,0.00022,30,1,-30100.0,demand,2026-09-02T14:47:01.468212+00:00
58c77502-3487-4204-8c3d-3d2ae752f5b2,fUSD,0.00021,30,1,-30000.0,demand,2026-09-02T14:47:01.468212+00:00
58c77502-3487-4204-8c3d-3d2ae752f5b2,fUSD,0.000209,30,1,-6289.12258117,demand,2026-09-02T14:47:01.468212+00:00
58c77502-3487-4204-8c3d-3d2ae752f5b2,fUSD,0.0002,7,1,-150.0,demand,2026-09-02T14:47:01.468212+00:00
58c77502-3487-4204-8c3d-3d2ae752f5b2,fUSD,0.00018010999999999998,120,1,-133240.73391109,demand,2026-09-02T14:47:01.468212+00:00
58c77502-3487-4204-8c3d-3d2ae752f5b2,fUSD,0.0001777,120,1,-23123.30278361,demand,2026-09-02T14:47:01.468212+00:00
58c77502-3487-4204-8c3d-3d2ae752f5b2,fUSD,0.000174,120,1,-12350.0,demand,2026-09-02T14:47:01.468212+00:00
58c77502-3487-4204-8c3d-3d2ae752f5b2,fUSD,0.0001713,120,1,-14000.0,demand,2026-09-02T14:47:01.468212+00:00
58c77502-3487-4204-8c3d-3d2ae752f5b2,fUSD,0.0001712,120,1,-20000.0,demand,2026-09-02T14:47:01.468212+00:00
58c77502-3487-4204-8c3d-3d2ae752f5b2,fUSD,0.00017111,120,1,-2000000.0,demand,2026-09-02T14:47:01.468212+00:00
58c77502-3487-4204-8c3d-3d2ae752f5b2,fUSD,0.00017,120,1,-150.0,demand,2026-09-02T14:47:01.468212+00:00
58c77502-3487-4204-8c3d-3d2ae752f5b2,fUSD,0.0001603,60,1,-20000.0,demand,2026-09-02T14:47:01.468212+00:00
58c77502-3487-4204-8c3d-3d2ae752f5b2,fUSD,0.00016,120,2,-10009162.66122322,demand,2026-09-02T14:47:01.468212+00:00
58c77502-3487-4204-8c3d-3d2ae752f5b2,fUSD,0.000151,120,1,-10000.0,demand,2026-09-02T14:47:01.468212+00:00
58c77502-3487-4204-8c3d-3d2ae752f5b2,fUSD,0.00015,29,1,-91128.42113844,demand,2026-09-02T14:47:01.468212+00:00
58c77502-3487-4204-8c3d-3d2ae752f5b2,fUSD,0.00015,120,1,-500.0,demand,2026-09-02T14:47:01.468212+00:00
58c77502-3487-4204-8c3d-3d2ae752f5b2,fUSD,0.00015,2,1,-10000.0,demand,2026-09-02T14:47:01.468212+00:00
58c77502-3487-4204-8c3d-3d2ae752f5b2,fUSD,0.00015,5,2,-17436.99635799,demand,2026-09-02T14:47:01.468212+00:00
58c77502-3487-4204-8c3d-3d2ae752f5b2,fUSD,0.000145,7,1,-190.0,demand,2026-09-02T14:47:01.468212+00:00
58c77502-3487-4204-8c3d-3d2ae752f5b2,fUSD,0.00014252,120,1,-10770.76644364,demand,2026-09-02T14:47:01.468212+00:00
58c77502-3487-4204-8c3d-3d2ae752f5b2,fUSD,0.00014120000000000002,30,1,-13500.0,demand,2026-09-02T14:47:01.468212+00:00
58c77502-3487-4204-8c3d-3d2ae752f5b2,fUSD,0.0001342001,2,1,-585364.16040657,demand,2026-09-02T14:47:01.468212+00:00
58c77502-3487-4204-8c3d-3d2ae752f5b2,fUSD,0.0001342,2,1,-762620.28787125,demand,2026-09-02T14:47:01.468212+00:00
58c77502-3487-4204-8c3d-3d2ae752f5b2,fUSD,0.0001339715,2,1,-479.4,demand,2026-09-02T14:47:01.468212+00:00
58c77502-3487-4204-8c3d-3d2ae752f5b2,fUSD,0.00014153729071537293,2,1,150.0,offer,2026-09-02T14:47:01.468212+00:00
58c77502-3487-4204-8c3d-3d2ae752f5b2,fUSD,0.0001420923389142567,2,1,150.0,offer,2026-09-02T14:47:01.468212+00:00
58c77502-3487-4204-8c3d-3d2ae752f5b2,fUSD,0.00014236986301369864,2,3,450.0,offer,2026-09-02T14:47:01.468212+00:00
58c77502-3487-4204-8c3d-3d2ae752f5b2,fUSD,0.00014264738711314054,2,1,150.0,offer,2026-09-02T14:47:01.468212+00:00
58c77502-3487-4204-8c3d-3d2ae752f5b2,fUSD,0.00014266072465753425,2,1,1341.46,offer,2026-09-02T14:47:01.468212+00:00
58c77502-3487-4204-8c3d-3d2ae752f5b2,fUSD,0.0001428247070432877,2,12,5664.80868165,offer,2026-09-02T14:47:01.468212+00:00
58c77502-3487-4204-8c3d-3d2ae752f5b2,fUSD,0.00014283470704328768,2,1,362.16,offer,2026-09-02T14:47:01.468212+00:00
58c77502-3487-4204-8c3d-3d2ae752f5b2,fUSD,0.00014320243531202434,2,1,150.0,offer,2026-09-02T14:47:01.468212+00:00
58c77502-3487-4204-8c3d-3d2ae752f5b2,fUSD,0.00014375748351090818,2,1,150.0,offer,2026-09-02T14:47:01.468212+00:00
58c77502-3487-4204-8c3d-3d2ae752f5b2,fUSD,0.00014386849315068493,2,1,150.0,offer,2026-09-02T14:47:01.468212+00:00
58c77502-3487-4204-8c3d-3d2ae752f5b2,fUSD,0.00014431253170979198,2,1,150.0,offer,2026-09-02T14:47:01.468212+00:00
58c77502-3487-4204-8c3d-3d2ae752f5b2,fUSD,0.00014437881663232878,2,1,362.16,offer,2026-09-02T14:47:01.468212+00:00
58c77502-3487-4204-8c3d-3d2ae752f5b2,fUSD,0.0001448675799086758,2,3,450.0,offer,2026-09-02T14:47:01.468212+00:00
58c77502-3487-4204-8c3d-3d2ae752f5b2,fUSD,0.0001453671232876712,2,1,150.0,offer,2026-09-02T14:47:01.468212+00:00
58c77502-3487-4204-8c3d-3d2ae752f5b2,fUSD,0.00014542262810755962,2,1,150.0,offer,2026-09-02T14:47:01.468212+00:00
58c77502-3487-4204-8c3d-3d2ae752f5b2,fUSD,0.0001457814,2,1,520.33,offer,2026-09-02T14:47:01.468212+00:00
58c77502-3487-4204-8c3d-3d2ae752f5b2,fUSD,0.00014592292622136985,2,1,362.16,offer,2026-09-02T14:47:01.468212+00:00
58c77502-3487-4204-8c3d-3d2ae752f5b2,fUSD,0.0001459273,2,1,520.33,offer,2026-09-02T14:47:01.468212+00:00
58c77502-3487-4204-8c3d-3d2ae752f5b2,fUSD,0.00014597767630644343,2,1,150.0,offer,2026-09-02T14:47:01.468212+00:00
58c77502-3487-4204-8c3d-3d2ae752f5b2,fUSD,0.00014605743698630137,2,1,1341.46,offer,2026-09-02T14:47:01.468212+00:00
58c77502-3487-4204-8c3d-3d2ae752f5b2,fUSD,0.0001460694,2,1,520.33,offer,2026-09-02T14:47:01.468212+00:00
58c77502-3487-4204-8c3d-3d2ae752f5b2,fUSD,0.000146188,2,7,2596.66531388,offer,2026-09-02T14:47:01.468212+00:00
58c77502-3487-4204-8c3d-3d2ae752f5b2,fUSD,0.0001461972602739726,2,1,500.0,offer,2026-09-02T14:47:01.468212+00:00
58c77502-3487-4204-8c3d-3d2ae752f5b2,fUSD,0.000146208,2,1,520.33,offer,2026-09-02T14:47:01.468212+00:00
58c77502-3487-4204-8c3d-3d2ae752f5b2,fUSD,0.0001463434,2,1,520.33,offer,2026-09-02T14:47:01.468212+00:00
17497352-c02d-47d5-96aa-95be67b122c9,fUSD,0.000273972602739726,120,1,-9203078.57047859,demand,2026-09-02T15:47:01.489482+00:00
17497352-c02d-47d5-96aa-95be67b122c9,fUSD,0.00022,30,1,-30100.0,demand,2026-09-02T15:47:01.489482+00:00
17497352-c02d-47d5-96aa-95be67b122c9,fUSD,0.00021,30,1,-30000.0,demand,2026-09-02T15:47:01.489482+00:00
17497352-c02d-47d5-96aa-95be67b122c9,fUSD,0.000209,30,1,-6289.12258117,demand,2026-09-02T15:47:01.489482+00:00
17497352-c02d-47d5-96aa-95be67b122c9,fUSD,0.0002,7,1,-150.0,demand,2026-09-02T15:47:01.489482+00:00
17497352-c02d-47d5-96aa-95be67b122c9,fUSD,0.00018010999999999998,120,1,-133240.73391109,demand,2026-09-02T15:47:01.489482+00:00
17497352-c02d-47d5-96aa-95be67b122c9,fUSD,0.0001777,120,1,-23123.30278361,demand,2026-09-02T15:47:01.489482+00:00
17497352-c02d-47d5-96aa-95be67b122c9,fUSD,0.000174,120,1,-12350.0,demand,2026-09-02T15:47:01.489482+00:00
17497352-c02d-47d5-96aa-95be67b122c9,fUSD,0.0001713,120,1,-14000.0,demand,2026-09-02T15:47:01.489482+00:00
17497352-c02d-47d5-96aa-95be67b122c9,fUSD,0.0001712,120,1,-20000.0,demand,2026-09-02T15:47:01.489482+00:00
17497352-c02d-47d5-96aa-95be67b122c9,fUSD,0.00017111,120,1,-2000000.0,demand,2026-09-02T15:47:01.489482+00:00
17497352-c02d-47d5-96aa-95be67b122c9,fUSD,0.00017,120,1,-150.0,demand,2026-09-02T15:47:01.489482+00:00
17497352-c02d-47d5-96aa-95be67b122c9,fUSD,0.0001603,60,1,-20000.0,demand,2026-09-02T15:47:01.489482+00:00
17497352-c02d-47d5-96aa-95be67b122c9,fUSD,0.00016,120,2,-10009162.66122322,demand,2026-09-02T15:47:01.489482+00:00
17497352-c02d-47d5-96aa-95be67b122c9,fUSD,0.000151,120,1,-10000.0,demand,2026-09-02T15:47:01.489482+00:00
17497352-c02d-47d5-96aa-95be67b122c9,fUSD,0.00015,29,1,-91128.42113844,demand,2026-09-02T15:47:01.489482+00:00
17497352-c02d-47d5-96aa-95be67b122c9,fUSD,0.00015,120,1,-500.0,demand,2026-09-02T15:47:01.489482+00:00
17497352-c02d-47d5-96aa-95be67b122c9,fUSD,0.00015,2,1,-10000.0,demand,2026-09-02T15:47:01.489482+00:00
17497352-c02d-47d5-96aa-95be67b122c9,fUSD,0.00015,5,1,-10000.0,demand,2026-09-02T15:47:01.489482+00:00
17497352-c02d-47d5-96aa-95be67b122c9,fUSD,0.000145,7,1,-190.0,demand,2026-09-02T15:47:01.489482+00:00
17497352-c02d-47d5-96aa-95be67b122c9,fUSD,0.00014252,120,1,-10770.76644364,demand,2026-09-02T15:47:01.489482+00:00
17497352-c02d-47d5-96aa-95be67b122c9,fUSD,0.00014120000000000002,30,1,-13500.0,demand,2026-09-02T15:47:01.489482+00:00
17497352-c02d-47d5-96aa-95be67b122c9,fUSD,0.0001342001,2,1,-572425.28588557,demand,2026-09-02T15:47:01.489482+00:00
17497352-c02d-47d5-96aa-95be67b122c9,fUSD,0.0001342,2,1,-762620.28787125,demand,2026-09-02T15:47:01.489482+00:00
17497352-c02d-47d5-96aa-95be67b122c9,fUSD,0.000131,13,1,-7000.0,demand,2026-09-02T15:47:01.489482+00:00
17497352-c02d-47d5-96aa-95be67b122c9,fUSD,0.0001399,2,1,1021.95811815,offer,2026-09-02T15:47:01.489482+00:00
17497352-c02d-47d5-96aa-95be67b122c9,fUSD,0.00014192040625000003,2,1,175.47056188,offer,2026-09-02T15:47:01.489482+00:00
17497352-c02d-47d5-96aa-95be67b122c9,fUSD,0.0001467913,2,1,1453.82,offer,2026-09-02T15:47:01.489482+00:00
17497352-c02d-47d5-96aa-95be67b122c9,fUSD,0.0001469233,2,1,295.32,offer,2026-09-02T15:47:01.489482+00:00
17497352-c02d-47d5-96aa-95be67b122c9,fUSD,0.00014699,2,1,168.46826864,offer,2026-09-02T15:47:01.489482+00:00
17497352-c02d-47d5-96aa-95be67b122c9,fUSD,0.000147,2,2,2435.603,offer,2026-09-02T15:47:01.489482+00:00
17497352-c02d-47d5-96aa-95be67b122c9,fUSD,0.0001489890410958904,2,2,5000.0,offer,2026-09-02T15:47:01.489482+00:00
17497352-c02d-47d5-96aa-95be67b122c9,fUSD,0.000149,2,2,5968.50130004,offer,2026-09-02T15:47:01.489482+00:00
17497352-c02d-47d5-96aa-95be67b122c9,fUSD,0.0001499,2,1,351.52081479,offer,2026-09-02T15:47:01.489482+00:00
17497352-c02d-47d5-96aa-95be67b122c9,fUSD,0.00014997808219178083,2,1,1002.18957406,offer,2026-09-02T15:47:01.489482+00:00
17497352-c02d-47d5-96aa-95be67b122c9,fUSD,0.00014998,2,2,334.1741188,offer,2026-09-02T15:47:01.489482+00:00
17497352-c02d-47d5-96aa-95be67b122c9,fUSD,0.00014999,2,12,200638.93827484,offer,2026-09-02T15:47:01.489482+00:00
17497352-c02d-47d5-96aa-95be67b122c9,fUSD,0.00015,2,6,1561833.68610418,offer,2026-09-02T15:47:01.489482+00:00
17497352-c02d-47d5-96aa-95be67b122c9,fUSD,0.0001503332,2,1,314.27,offer,2026-09-02T15:47:01.489482+00:00
17497352-c02d-47d5-96aa-95be67b122c9,fUSD,0.0001523634,2,1,314.27,offer,2026-09-02T15:47:01.489482+00:00
17497352-c02d-47d5-96aa-95be67b122c9,fUSD,0.00015299999999999998,3,3,2534.46188379,offer,2026-09-02T15:47:01.489482+00:00
17497352-c02d-47d5-96aa-95be67b122c9,fUSD,0.000153762,2,1,314.27,offer,2026-09-02T15:47:01.489482+00:00
17497352-c02d-47d5-96aa-95be67b122c9,fUSD,0.00015389000000000003,2,1,342.91927366,offer,2026-09-02T15:47:01.489482+00:00
17497352-c02d-47d5-96aa-95be67b122c9,fUSD,0.00015426960136986302,2,1,295.32,offer,2026-09-02T15:47:01.489482+00:00
17497352-c02d-47d5-96aa-95be67b122c9,fUSD,0.0001548628,2,1,314.27,offer,2026-09-02T15:47:01.489482+00:00
17497352-c02d-47d5-96aa-95be67b122c9,fUSD,0.0001557845,2,1,314.27,offer,2026-09-02T15:47:01.489482+00:00
17497352-c02d-47d5-96aa-95be67b122c9,fUSD,0.00015606,4,2,1588.45760404,offer,2026-09-02T15:47:01.489482+00:00
17497352-c02d-47d5-96aa-95be67b122c9,fUSD,0.00015648219178082193,2,1,500.0,offer,2026-09-02T15:47:01.489482+00:00
17497352-c02d-47d5-96aa-95be67b122c9,fUSD,0.000156483525,2,6,2750.0,offer,2026-09-02T15:47:01.489482+00:00
17497352-c02d-47d5-96aa-95be67b122c9,fUSD,0.0001565848,2,1,314.27,offer,2026-09-02T15:47:01.489482+00:00
5345642d-ee51-4d70-bf83-cb6fef037917,fUSD,0.00022,30,1,-30100.0,demand,2026-09-02T16:47:01.419224+00:00
5345642d-ee51-4d70-bf83-cb6fef037917,fUSD,0.00021,30,1,-30000.0,demand,2026-09-02T16:47:01.419224+00:00
5345642d-ee51-4d70-bf83-cb6fef037917,fUSD,0.000209,30,1,-6289.12258117,demand,2026-09-02T16:47:01.419224+00:00
5345642d-ee51-4d70-bf83-cb6fef037917,fUSD,0.0002,7,1,-150.0,demand,2026-09-02T16:47:01.419224+00:00
5345642d-ee51-4d70-bf83-cb6fef037917,fUSD,0.00018010999999999998,120,1,-133240.73391109,demand,2026-09-02T16:47:01.419224+00:00
5345642d-ee51-4d70-bf83-cb6fef037917,fUSD,0.0001777,120,1,-23123.30278361,demand,2026-09-02T16:47:01.419224+00:00
5345642d-ee51-4d70-bf83-cb6fef037917,fUSD,0.000174,120,1,-12350.0,demand,2026-09-02T16:47:01.419224+00:00
5345642d-ee51-4d70-bf83-cb6fef037917,fUSD,0.0001713,120,1,-14000.0,demand,2026-09-02T16:47:01.419224+00:00
5345642d-ee51-4d70-bf83-cb6fef037917,fUSD,0.0001712,120,1,-20000.0,demand,2026-09-02T16:47:01.419224+00:00
5345642d-ee51-4d70-bf83-cb6fef037917,fUSD,0.00017111,120,1,-2000000.0,demand,2026-09-02T16:47:01.419224+00:00
5345642d-ee51-4d70-bf83-cb6fef037917,fUSD,0.00017,120,1,-150.0,demand,2026-09-02T16:47:01.419224+00:00
5345642d-ee51-4d70-bf83-cb6fef037917,fUSD,0.0001603,60,1,-20000.0,demand,2026-09-02T16:47:01.419224+00:00
5345642d-ee51-4d70-bf83-cb6fef037917,fUSD,0.00016,120,2,-10009162.66122322,demand,2026-09-02T16:47:01.419224+00:00
5345642d-ee51-4d70-bf83-cb6fef037917,fUSD,0.000151,120,1,-10000.0,demand,2026-09-02T16:47:01.419224+00:00
5345642d-ee51-4d70-bf83-cb6fef037917,fUSD,0.00015,29,1,-91128.42113844,demand,2026-09-02T16:47:01.419224+00:00
5345642d-ee51-4d70-bf83-cb6fef037917,fUSD,0.00015,120,1,-500.0,demand,2026-09-02T16:47:01.419224+00:00
5345642d-ee51-4d70-bf83-cb6fef037917,fUSD,0.00015,2,1,-10000.0,demand,2026-09-02T16:47:01.419224+00:00
5345642d-ee51-4d70-bf83-cb6fef037917,fUSD,0.000145,7,1,-190.0,demand,2026-09-02T16:47:01.419224+00:00
5345642d-ee51-4d70-bf83-cb6fef037917,fUSD,0.00014252,120,1,-10770.76644364,demand,2026-09-02T16:47:01.419224+00:00
5345642d-ee51-4d70-bf83-cb6fef037917,fUSD,0.00014120000000000002,30,1,-13500.0,demand,2026-09-02T16:47:01.419224+00:00
5345642d-ee51-4d70-bf83-cb6fef037917,fUSD,0.0001342001,2,1,-568425.28588557,demand,2026-09-02T16:47:01.419224+00:00
5345642d-ee51-4d70-bf83-cb6fef037917,fUSD,0.0001342,2,1,-762620.28787125,demand,2026-09-02T16:47:01.419224+00:00
5345642d-ee51-4d70-bf83-cb6fef037917,fUSD,0.00013356,2,1,-601.84228,demand,2026-09-02T16:47:01.419224+00:00
5345642d-ee51-4d70-bf83-cb6fef037917,fUSD,0.000131,13,1,-7000.0,demand,2026-09-02T16:47:01.419224+00:00
5345642d-ee51-4d70-bf83-cb6fef037917,fUSD,0.00013,2,1,-2000000.0,demand,2026-09-02T16:47:01.419224+00:00
5345642d-ee51-4d70-bf83-cb6fef037917,fUSD,0.00014898,2,1,181.15509753,offer,2026-09-02T16:47:01.419224+00:00
5345642d-ee51-4d70-bf83-cb6fef037917,fUSD,0.00014899,2,8,4092.46028728,offer,2026-09-02T16:47:01.419224+00:00
5345642d-ee51-4d70-bf83-cb6fef037917,fUSD,0.000149,2,2,7441.70924046,offer,2026-09-02T16:47:01.419224+00:00
5345642d-ee51-4d70-bf83-cb6fef037917,fUSD,0.00014999,2,6,1786.57628639,offer,2026-09-02T16:47:01.419224+00:00
5345642d-ee51-4d70-bf83-cb6fef037917,fUSD,0.00015,2,17,348237.32724061,offer,2026-09-02T16:47:01.419224+00:00
5345642d-ee51-4d70-bf83-cb6fef037917,fUSD,0.00015,5,1,36340.68230225,offer,2026-09-02T16:47:01.419224+00:00
5345642d-ee51-4d70-bf83-cb6fef037917,fUSD,0.00015,3,2,981.0,offer,2026-09-02T16:47:01.419224+00:00
5345642d-ee51-4d70-bf83-cb6fef037917,fUSD,0.0001501095890410959,2,1,504.0,offer,2026-09-02T16:47:01.419224+00:00
5345642d-ee51-4d70-bf83-cb6fef037917,fUSD,0.00015299999999999998,4,2,1665.22691408,offer,2026-09-02T16:47:01.419224+00:00
5345642d-ee51-4d70-bf83-cb6fef037917,fUSD,0.00015606,5,2,1665.22691408,offer,2026-09-02T16:47:01.419224+00:00
5345642d-ee51-4d70-bf83-cb6fef037917,fUSD,0.0001581329315068493,2,1,504.0,offer,2026-09-02T16:47:01.419224+00:00
5345642d-ee51-4d70-bf83-cb6fef037917,fUSD,0.000159,2,1,448.97,offer,2026-09-02T16:47:01.419224+00:00
5345642d-ee51-4d70-bf83-cb6fef037917,fUSD,0.0001591812,7,1,933.80170869,offer,2026-09-02T16:47:01.419224+00:00
5345642d-ee51-4d70-bf83-cb6fef037917,fUSD,0.0001623333,2,2,7441.70924038,offer,2026-09-02T16:47:01.419224+00:00
5345642d-ee51-4d70-bf83-cb6fef037917,fUSD,0.00016412684210526316,3,1,821.0,offer,2026-09-02T16:47:01.419224+00:00
5345642d-ee51-4d70-bf83-cb6fef037917,fUSD,0.00016615627397260273,3,1,504.0,offer,2026-09-02T16:47:01.419224+00:00
5345642d-ee51-4d70-bf83-cb6fef037917,fUSD,0.0001741796,4,1,504.0,offer,2026-09-02T16:47:01.419224+00:00
5345642d-ee51-4d70-bf83-cb6fef037917,fUSD,0.0001756667,2,2,7441.70924038,offer,2026-09-02T16:47:01.419224+00:00
5345642d-ee51-4d70-bf83-cb6fef037917,fUSD,0.00017684099999999998,3,1,160.0,offer,2026-09-02T16:47:01.419224+00:00
5345642d-ee51-4d70-bf83-cb6fef037917,fUSD,0.0001782536842105263,3,1,821.0,offer,2026-09-02T16:47:01.419224+00:00
5345642d-ee51-4d70-bf83-cb6fef037917,fUSD,0.0001822029397260274,4,1,504.0,offer,2026-09-02T16:47:01.419224+00:00
5345642d-ee51-4d70-bf83-cb6fef037917,fUSD,0.00018533440773569706,2,3,34431.32,offer,2026-09-02T16:47:01.419224+00:00
5345642d-ee51-4d70-bf83-cb6fef037917,fUSD,0.0001859254,2,1,174.47,offer,2026-09-02T16:47:01.419224+00:00
5345642d-ee51-4d70-bf83-cb6fef037917,fUSD,0.0001888549,2,1,200.0,offer,2026-09-02T16:47:01.419224+00:00
5345642d-ee51-4d70-bf83-cb6fef037917,fUSD,0.000189,2,2,7441.70924038,offer,2026-09-02T16:47:01.419224+00:00
41b3fbff-e260-4c72-9160-3c0b2393c028,fUSD,0.00022,30,1,-30100.0,demand,2026-09-02T17:47:01.565503+00:00
41b3fbff-e260-4c72-9160-3c0b2393c028,fUSD,0.00021,30,1,-30000.0,demand,2026-09-02T17:47:01.565503+00:00
41b3fbff-e260-4c72-9160-3c0b2393c028,fUSD,0.000209,30,1,-6289.12258117,demand,2026-09-02T17:47:01.565503+00:00
41b3fbff-e260-4c72-9160-3c0b2393c028,fUSD,0.0002,7,1,-150.0,demand,2026-09-02T17:47:01.565503+00:00
41b3fbff-e260-4c72-9160-3c0b2393c028,fUSD,0.00018010999999999998,120,1,-133240.73391109,demand,2026-09-02T17:47:01.565503+00:00
41b3fbff-e260-4c72-9160-3c0b2393c028,fUSD,0.0001777,120,1,-23123.30278361,demand,2026-09-02T17:47:01.565503+00:00
41b3fbff-e260-4c72-9160-3c0b2393c028,fUSD,0.000174,120,1,-12350.0,demand,2026-09-02T17:47:01.565503+00:00
41b3fbff-e260-4c72-9160-3c0b2393c028,fUSD,0.0001713,120,1,-14000.0,demand,2026-09-02T17:47:01.565503+00:00
41b3fbff-e260-4c72-9160-3c0b2393c028,fUSD,0.0001712,120,1,-20000.0,demand,2026-09-02T17:47:01.565503+00:00
41b3fbff-e260-4c72-9160-3c0b2393c028,fUSD,0.00017111,120,1,-2000000.0,demand,2026-09-02T17:47:01.565503+00:00
41b3fbff-e260-4c72-9160-3c0b2393c028,fUSD,0.00017,120,1,-150.0,demand,2026-09-02T17:47:01.565503+00:00
41b3fbff-e260-4c72-9160-3c0b2393c028,fUSD,0.0001603,60,1,-20000.0,demand,2026-09-02T17:47:01.565503+00:00
41b3fbff-e260-4c72-9160-3c0b2393c028,fUSD,0.00016,120,2,-10009162.66122322,demand,2026-09-02T17:47:01.565503+00:00
41b3fbff-e260-4c72-9160-3c0b2393c028,fUSD,0.000151,120,1,-10000.0,demand,2026-09-02T17:47:01.565503+00:00
41b3fbff-e260-4c72-9160-3c0b2393c028,fUSD,0.00015,29,1,-91128.42113844,demand,2026-09-02T17:47:01.565503+00:00
41b3fbff-e260-4c72-9160-3c0b2393c028,fUSD,0.00015,120,1,-500.0,demand,2026-09-02T17:47:01.565503+00:00
41b3fbff-e260-4c72-9160-3c0b2393c028,fUSD,0.00015,2,1,-10000.0,demand,2026-09-02T17:47:01.565503+00:00
41b3fbff-e260-4c72-9160-3c0b2393c028,fUSD,0.000145,7,1,-190.0,demand,2026-09-02T17:47:01.565503+00:00
41b3fbff-e260-4c72-9160-3c0b2393c028,fUSD,0.00014252,120,1,-10770.76644364,demand,2026-09-02T17:47:01.565503+00:00
41b3fbff-e260-4c72-9160-3c0b2393c028,fUSD,0.00014120000000000002,30,1,-13500.0,demand,2026-09-02T17:47:01.565503+00:00
41b3fbff-e260-4c72-9160-3c0b2393c028,fUSD,0.0001342001,2,1,-568425.28588557,demand,2026-09-02T17:47:01.565503+00:00
41b3fbff-e260-4c72-9160-3c0b2393c028,fUSD,0.0001342,2,1,-762620.28787125,demand,2026-09-02T17:47:01.565503+00:00
41b3fbff-e260-4c72-9160-3c0b2393c028,fUSD,0.000131,13,1,-7000.0,demand,2026-09-02T17:47:01.565503+00:00
41b3fbff-e260-4c72-9160-3c0b2393c028,fUSD,0.00013,2,1,-2000000.0,demand,2026-09-02T17:47:01.565503+00:00
41b3fbff-e260-4c72-9160-3c0b2393c028,fUSD,0.000129999999,7,1,-5400.0,demand,2026-09-02T17:47:01.565503+00:00
41b3fbff-e260-4c72-9160-3c0b2393c028,fUSD,0.00014999,2,1,500.0,offer,2026-09-02T17:47:01.565503+00:00
41b3fbff-e260-4c72-9160-3c0b2393c028,fUSD,0.00015,2,16,212114.12261193,offer,2026-09-02T17:47:01.565503+00:00
41b3fbff-e260-4c72-9160-3c0b2393c028,fUSD,0.00015,3,2,446.0,offer,2026-09-02T17:47:01.565503+00:00
41b3fbff-e260-4c72-9160-3c0b2393c028,fUSD,0.0001501095890410959,2,1,505.0,offer,2026-09-02T17:47:01.565503+00:00
41b3fbff-e260-4c72-9160-3c0b2393c028,fUSD,0.00015299999999999998,4,3,616.12607323,offer,2026-09-02T17:47:01.565503+00:00
41b3fbff-e260-4c72-9160-3c0b2393c028,fUSD,0.00015606,5,2,382.49938503,offer,2026-09-02T17:47:01.565503+00:00
41b3fbff-e260-4c72-9160-3c0b2393c028,fUSD,0.000159,2,1,319.42,offer,2026-09-02T17:47:01.565503+00:00
41b3fbff-e260-4c72-9160-3c0b2393c028,fUSD,0.0001591812,7,1,199.28399281,offer,2026-09-02T17:47:01.565503+00:00
41b3fbff-e260-4c72-9160-3c0b2393c028,fUSD,0.0001603489,2,1,1455.95427837,offer,2026-09-02T17:47:01.565503+00:00
41b3fbff-e260-4c72-9160-3c0b2393c028,fUSD,0.000162364824,9,1,199.28399281,offer,2026-09-02T17:47:01.565503+00:00
41b3fbff-e260-4c72-9160-3c0b2393c028,fUSD,0.0001626074794520548,3,1,505.0,offer,2026-09-02T17:47:01.565503+00:00
41b3fbff-e260-4c72-9160-3c0b2393c028,fUSD,0.0001639,2,2,1981.98169861,offer,2026-09-02T17:47:01.565503+00:00
41b3fbff-e260-4c72-9160-3c0b2393c028,fUSD,0.00016412684210526316,3,1,285.0,offer,2026-09-02T17:47:01.565503+00:00
41b3fbff-e260-4c72-9160-3c0b2393c028,fUSD,0.0001644,2,1,234.56952071,offer,2026-09-02T17:47:01.565503+00:00
41b3fbff-e260-4c72-9160-3c0b2393c028,fUSD,0.0001716978,2,1,1455.95427837,offer,2026-09-02T17:47:01.565503+00:00
41b3fbff-e260-4c72-9160-3c0b2393c028,fUSD,0.0001751053698630137,4,2,680.3,offer,2026-09-02T17:47:01.565503+00:00
41b3fbff-e260-4c72-9160-3c0b2393c028,fUSD,0.0001782536842105263,3,1,285.0,offer,2026-09-02T17:47:01.565503+00:00
41b3fbff-e260-4c72-9160-3c0b2393c028,fUSD,0.0001830467,2,1,1455.95427837,offer,2026-09-02T17:47:01.565503+00:00
41b3fbff-e260-4c72-9160-3c0b2393c028,fUSD,0.000185585,2,1,279.08,offer,2026-09-02T17:47:01.565503+00:00
41b3fbff-e260-4c72-9160-3c0b2393c028,fUSD,0.0001876032712328767,5,1,505.0,offer,2026-09-02T17:47:01.565503+00:00
41b3fbff-e260-4c72-9160-3c0b2393c028,fUSD,0.00019061181216,2,1,164.88,offer,2026-09-02T17:47:01.565503+00:00
41b3fbff-e260-4c72-9160-3c0b2393c028,fUSD,0.00019178,2,1,1000.0,offer,2026-09-02T17:47:01.565503+00:00
41b3fbff-e260-4c72-9160-3c0b2393c028,fUSD,0.00019238052631578945,3,1,285.0,offer,2026-09-02T17:47:01.565503+00:00
41b3fbff-e260-4c72-9160-3c0b2393c028,fUSD,0.000194,2,1,175.48743436,offer,2026-09-02T17:47:01.565503+00:00
41b3fbff-e260-4c72-9160-3c0b2393c028,fUSD,0.000194125,2,1,251.92204851,offer,2026-09-02T17:47:01.565503+00:00
5e6b9c85-9802-41d3-928b-fbf6ebc7cad1,fUSD,0.00022,30,1,-30100.0,demand,2026-09-02T18:47:01.405113+00:00
5e6b9c85-9802-41d3-928b-fbf6ebc7cad1,fUSD,0.00021,30,1,-30000.0,demand,2026-09-02T18:47:01.405113+00:00
5e6b9c85-9802-41d3-928b-fbf6ebc7cad1,fUSD,0.000209,30,1,-6289.12258117,demand,2026-09-02T18:47:01.405113+00:00
5e6b9c85-9802-41d3-928b-fbf6ebc7cad1,fUSD,0.0002,7,1,-150.0,demand,2026-09-02T18:47:01.405113+00:00
5e6b9c85-9802-41d3-928b-fbf6ebc7cad1,fUSD,0.00018010999999999998,120,1,-133240.73391109,demand,2026-09-02T18:47:01.405113+00:00
5e6b9c85-9802-41d3-928b-fbf6ebc7cad1,fUSD,0.0001777,120,1,-23123.30278361,demand,2026-09-02T18:47:01.405113+00:00
5e6b9c85-9802-41d3-928b-fbf6ebc7cad1,fUSD,0.000174,120,1,-12350.0,demand,2026-09-02T18:47:01.405113+00:00
5e6b9c85-9802-41d3-928b-fbf6ebc7cad1,fUSD,0.0001713,120,1,-14000.0,demand,2026-09-02T18:47:01.405113+00:00
5e6b9c85-9802-41d3-928b-fbf6ebc7cad1,fUSD,0.0001712,120,1,-20000.0,demand,2026-09-02T18:47:01.405113+00:00
5e6b9c85-9802-41d3-928b-fbf6ebc7cad1,fUSD,0.00017111,120,1,-2000000.0,demand,2026-09-02T18:47:01.405113+00:00
5e6b9c85-9802-41d3-928b-fbf6ebc7cad1,fUSD,0.00017,120,1,-150.0,demand,2026-09-02T18:47:01.405113+00:00
5e6b9c85-9802-41d3-928b-fbf6ebc7cad1,fUSD,0.0001603,60,1,-20000.0,demand,2026-09-02T18:47:01.405113+00:00
5e6b9c85-9802-41d3-928b-fbf6ebc7cad1,fUSD,0.00016,120,2,-10009162.66122322,demand,2026-09-02T18:47:01.405113+00:00
5e6b9c85-9802-41d3-928b-fbf6ebc7cad1,fUSD,0.000151,120,1,-10000.0,demand,2026-09-02T18:47:01.405113+00:00
5e6b9c85-9802-41d3-928b-fbf6ebc7cad1,fUSD,0.00015,29,1,-91128.42113844,demand,2026-09-02T18:47:01.405113+00:00
5e6b9c85-9802-41d3-928b-fbf6ebc7cad1,fUSD,0.00015,120,1,-500.0,demand,2026-09-02T18:47:01.405113+00:00
5e6b9c85-9802-41d3-928b-fbf6ebc7cad1,fUSD,0.00015,2,1,-10000.0,demand,2026-09-02T18:47:01.405113+00:00
5e6b9c85-9802-41d3-928b-fbf6ebc7cad1,fUSD,0.000145,7,1,-190.0,demand,2026-09-02T18:47:01.405113+00:00
5e6b9c85-9802-41d3-928b-fbf6ebc7cad1,fUSD,0.00014252,120,1,-10770.76644364,demand,2026-09-02T18:47:01.405113+00:00
5e6b9c85-9802-41d3-928b-fbf6ebc7cad1,fUSD,0.00014120000000000002,30,1,-13500.0,demand,2026-09-02T18:47:01.405113+00:00
5e6b9c85-9802-41d3-928b-fbf6ebc7cad1,fUSD,0.00013421,2,3,-28000.0,demand,2026-09-02T18:47:01.405113+00:00
5e6b9c85-9802-41d3-928b-fbf6ebc7cad1,fUSD,0.0001342001,2,1,-568425.28588557,demand,2026-09-02T18:47:01.405113+00:00
5e6b9c85-9802-41d3-928b-fbf6ebc7cad1,fUSD,0.0001342,2,1,-762620.28787125,demand,2026-09-02T18:47:01.405113+00:00
5e6b9c85-9802-41d3-928b-fbf6ebc7cad1,fUSD,0.000131,13,1,-7000.0,demand,2026-09-02T18:47:01.405113+00:00
5e6b9c85-9802-41d3-928b-fbf6ebc7cad1,fUSD,0.00013,2,1,-2000000.0,demand,2026-09-02T18:47:01.405113+00:00
5e6b9c85-9802-41d3-928b-fbf6ebc7cad1,fUSD,0.00014011,2,1,200.0,offer,2026-09-02T18:47:01.405113+00:00
5e6b9c85-9802-41d3-928b-fbf6ebc7cad1,fUSD,0.0001501095890410959,2,1,510.0,offer,2026-09-02T18:47:01.405113+00:00
5e6b9c85-9802-41d3-928b-fbf6ebc7cad1,fUSD,0.00017107379726027396,3,1,510.0,offer,2026-09-02T18:47:01.405113+00:00
5e6b9c85-9802-41d3-928b-fbf6ebc7cad1,fUSD,0.00018792027397260275,2,1,150.0,offer,2026-09-02T18:47:01.405113+00:00
5e6b9c85-9802-41d3-928b-fbf6ebc7cad1,fUSD,0.0001879205479452055,2,21,3821.0,offer,2026-09-02T18:47:01.405113+00:00
5e6b9c85-9802-41d3-928b-fbf6ebc7cad1,fUSD,0.00018792065138205293,2,1,202.0,offer,2026-09-02T18:47:01.405113+00:00
5e6b9c85-9802-41d3-928b-fbf6ebc7cad1,fUSD,0.00018793329535658933,2,1,207.0,offer,2026-09-02T18:47:01.405113+00:00
5e6b9c85-9802-41d3-928b-fbf6ebc7cad1,fUSD,0.00018890780000000001,2,11,5282.39519775,offer,2026-09-02T18:47:01.405113+00:00
5e6b9c85-9802-41d3-928b-fbf6ebc7cad1,fUSD,0.00018891780821917814,2,2,355.0,offer,2026-09-02T18:47:01.405113+00:00
5e6b9c85-9802-41d3-928b-fbf6ebc7cad1,fUSD,0.00018892,3,1,151.49,offer,2026-09-02T18:47:01.405113+00:00
5e6b9c85-9802-41d3-928b-fbf6ebc7cad1,fUSD,0.0001889278,2,1,11677.06190374,offer,2026-09-02T18:47:01.405113+00:00
5e6b9c85-9802-41d3-928b-fbf6ebc7cad1,fUSD,0.00018893,3,2,454.0,offer,2026-09-02T18:47:01.405113+00:00
5e6b9c85-9802-41d3-928b-fbf6ebc7cad1,fUSD,0.000192038,5,1,510.0,offer,2026-09-02T18:47:01.405113+00:00
5e6b9c85-9802-41d3-928b-fbf6ebc7cad1,fUSD,0.0001926021,2,1,327.45,offer,2026-09-02T18:47:01.405113+00:00
5e6b9c85-9802-41d3-928b-fbf6ebc7cad1,fUSD,0.0001973802,2,1,331.54,offer,2026-09-02T18:47:01.405113+00:00
5e6b9c85-9802-41d3-928b-fbf6ebc7cad1,fUSD,0.0001978021,2,2,1230.9,offer,2026-09-02T18:47:01.405113+00:00
5e6b9c85-9802-41d3-928b-fbf6ebc7cad1,fUSD,0.0001986297,2,1,587.83,offer,2026-09-02T18:47:01.405113+00:00
5e6b9c85-9802-41d3-928b-fbf6ebc7cad1,fUSD,0.0002,2,1,7796.7302721,offer,2026-09-02T18:47:01.405113+00:00
5e6b9c85-9802-41d3-928b-fbf6ebc7cad1,fUSD,0.0002010078947368421,3,1,293.0,offer,2026-09-02T18:47:01.405113+00:00
5e6b9c85-9802-41d3-928b-fbf6ebc7cad1,fUSD,0.00020178831164383563,7,1,150.22336493,offer,2026-09-02T18:47:01.405113+00:00
5e6b9c85-9802-41d3-928b-fbf6ebc7cad1,fUSD,0.0002018546,2,1,150.0,offer,2026-09-02T18:47:01.405113+00:00
5e6b9c85-9802-41d3-928b-fbf6ebc7cad1,fUSD,0.0002020862,2,1,162.88,offer,2026-09-02T18:47:01.405113+00:00
5e6b9c85-9802-41d3-928b-fbf6ebc7cad1,fUSD,0.00020272900000000002,2,8,3282.26918343,offer,2026-09-02T18:47:01.405113+00:00
5e6b9c85-9802-41d3-928b-fbf6ebc7cad1,fUSD,0.00020273,2,4,1852.88456672,offer,2026-09-02T18:47:01.405113+00:00
5e6b9c85-9802-41d3-928b-fbf6ebc7cad1,fUSD,0.000202739,2,1,12258.46097716,offer,2026-09-02T18:47:01.405113+00:00
395b18a4-b599-4955-a1be-d32f02940719,fUSD,0.000273972602739726,120,1,-6115411.79564234,demand,2026-09-02T19:47:01.367501+00:00
395b18a4-b599-4955-a1be-d32f02940719,fUSD,0.00022,30,1,-30100.0,demand,2026-09-02T19:47:01.367501+00:00
395b18a4-b599-4955-a1be-d32f02940719,fUSD,0.00021,30,1,-30000.0,demand,2026-09-02T19:47:01.367501+00:00
395b18a4-b599-4955-a1be-d32f02940719,fUSD,0.000209,30,1,-6289.12258117,demand,2026-09-02T19:47:01.367501+00:00
395b18a4-b599-4955-a1be-d32f02940719,fUSD,0.0002,7,1,-150.0,demand,2026-09-02T19:47:01.367501+00:00
395b18a4-b599-4955-a1be-d32f02940719,fUSD,0.00018010999999999998,120,1,-133240.73391109,demand,2026-09-02T19:47:01.367501+00:00
395b18a4-b599-4955-a1be-d32f02940719,fUSD,0.0001777,120,1,-23123.30278361,demand,2026-09-02T19:47:01.367501+00:00
395b18a4-b599-4955-a1be-d32f02940719,fUSD,0.000174,120,1,-12350.0,demand,2026-09-02T19:47:01.367501+00:00
395b18a4-b599-4955-a1be-d32f02940719,fUSD,0.0001713,120,1,-14000.0,demand,2026-09-02T19:47:01.367501+00:00
395b18a4-b599-4955-a1be-d32f02940719,fUSD,0.0001712,120,1,-20000.0,demand,2026-09-02T19:47:01.367501+00:00
395b18a4-b599-4955-a1be-d32f02940719,fUSD,0.00017111,120,1,-2000000.0,demand,2026-09-02T19:47:01.367501+00:00
395b18a4-b599-4955-a1be-d32f02940719,fUSD,0.00017,120,1,-150.0,demand,2026-09-02T19:47:01.367501+00:00
395b18a4-b599-4955-a1be-d32f02940719,fUSD,0.0001603,60,1,-20000.0,demand,2026-09-02T19:47:01.367501+00:00
395b18a4-b599-4955-a1be-d32f02940719,fUSD,0.00016,120,2,-10009162.66122322,demand,2026-09-02T19:47:01.367501+00:00
395b18a4-b599-4955-a1be-d32f02940719,fUSD,0.000151,120,1,-10000.0,demand,2026-09-02T19:47:01.367501+00:00
395b18a4-b599-4955-a1be-d32f02940719,fUSD,0.00015,29,1,-91128.42113844,demand,2026-09-02T19:47:01.367501+00:00
395b18a4-b599-4955-a1be-d32f02940719,fUSD,0.00015,120,1,-500.0,demand,2026-09-02T19:47:01.367501+00:00
395b18a4-b599-4955-a1be-d32f02940719,fUSD,0.00015,2,1,-10000.0,demand,2026-09-02T19:47:01.367501+00:00
395b18a4-b599-4955-a1be-d32f02940719,fUSD,0.000145,7,1,-190.0,demand,2026-09-02T19:47:01.367501+00:00
395b18a4-b599-4955-a1be-d32f02940719,fUSD,0.00014252,120,1,-10770.76644364,demand,2026-09-02T19:47:01.367501+00:00
395b18a4-b599-4955-a1be-d32f02940719,fUSD,0.00014120000000000002,30,1,-13500.0,demand,2026-09-02T19:47:01.367501+00:00
395b18a4-b599-4955-a1be-d32f02940719,fUSD,0.00013421,2,3,-28000.0,demand,2026-09-02T19:47:01.367501+00:00
395b18a4-b599-4955-a1be-d32f02940719,fUSD,0.0001342001,2,1,-568425.28588557,demand,2026-09-02T19:47:01.367501+00:00
395b18a4-b599-4955-a1be-d32f02940719,fUSD,0.0001342,2,1,-762620.28787125,demand,2026-09-02T19:47:01.367501+00:00
395b18a4-b599-4955-a1be-d32f02940719,fUSD,0.000131,13,1,-7000.0,demand,2026-09-02T19:47:01.367501+00:00
395b18a4-b599-4955-a1be-d32f02940719,fUSD,0.00022487671232876712,4,1,150.0,offer,2026-09-02T19:47:01.367501+00:00
395b18a4-b599-4955-a1be-d32f02940719,fUSD,0.00022844618395303324,4,1,150.0,offer,2026-09-02T19:47:01.367501+00:00
395b18a4-b599-4955-a1be-d32f02940719,fUSD,0.0002320156555772994,4,1,150.0,offer,2026-09-02T19:47:01.367501+00:00
395b18a4-b599-4955-a1be-d32f02940719,fUSD,0.00023558512720156554,4,1,150.0,offer,2026-09-02T19:47:01.367501+00:00
395b18a4-b599-4955-a1be-d32f02940719,fUSD,0.00023711,2,1,162.29,offer,2026-09-02T19:47:01.367501+00:00
395b18a4-b599-4955-a1be-d32f02940719,fUSD,0.0002373103,2,1,5000.0,offer,2026-09-02T19:47:01.367501+00:00
395b18a4-b599-4955-a1be-d32f02940719,fUSD,0.00023816,2,1,196.8,offer,2026-09-02T19:47:01.367501+00:00
395b18a4-b599-4955-a1be-d32f02940719,fUSD,0.0002391545988258317,7,1,150.0,offer,2026-09-02T19:47:01.367501+00:00
395b18a4-b599-4955-a1be-d32f02940719,fUSD,0.00024272407045009784,7,1,150.0,offer,2026-09-02T19:47:01.367501+00:00
395b18a4-b599-4955-a1be-d32f02940719,fUSD,0.00024397260273972604,2,1,509.0,offer,2026-09-02T19:47:01.367501+00:00
395b18a4-b599-4955-a1be-d32f02940719,fUSD,0.00024427,7,1,162.29,offer,2026-09-02T19:47:01.367501+00:00
395b18a4-b599-4955-a1be-d32f02940719,fUSD,0.00024445205481,2,1,648.73,offer,2026-09-02T19:47:01.367501+00:00
395b18a4-b599-4955-a1be-d32f02940719,fUSD,0.0002451,7,1,163.81,offer,2026-09-02T19:47:01.367501+00:00
395b18a4-b599-4955-a1be-d32f02940719,fUSD,0.00024525,2,1,2089.69123647,offer,2026-09-02T19:47:01.367501+00:00
395b18a4-b599-4955-a1be-d32f02940719,fUSD,0.00024625,2,11,481090.63204713,offer,2026-09-02T19:47:01.367501+00:00
395b18a4-b599-4955-a1be-d32f02940719,fUSD,0.000246293542074364,7,1,150.0,offer,2026-09-02T19:47:01.367501+00:00
395b18a4-b599-4955-a1be-d32f02940719,fUSD,0.000246314,2,4,4593.623,offer,2026-09-02T19:47:01.367501+00:00
395b18a4-b599-4955-a1be-d32f02940719,fUSD,0.00024649,7,1,395.72,offer,2026-09-02T19:47:01.367501+00:00
395b18a4-b599-4955-a1be-d32f02940719,fUSD,0.0002465,2,4,3485.24078568,offer,2026-09-02T19:47:01.367501+00:00
395b18a4-b599-4955-a1be-d32f02940719,fUSD,0.00024657,2,6,7000.0,offer,2026-09-02T19:47:01.367501+00:00
395b18a4-b599-4955-a1be-d32f02940719,fUSD,0.0002465753424657534,2,2,1257.65,offer,2026-09-02T19:47:01.367501+00:00
395b18a4-b599-4955-a1be-d32f02940719,fUSD,0.00024658,2,23,3548.53194123,offer,2026-09-02T19:47:01.367501+00:00
395b18a4-b599-4955-a1be-d32f02940719,fUSD,0.00024687607893241723,7,1,2822.71601787,offer,2026-09-02T19:47:01.367501+00:00
395b18a4-b599-4955-a1be-d32f02940719,fUSD,0.0002469,2,1,626.13,offer,2026-09-02T19:47:01.367501+00:00
395b18a4-b599-4955-a1be-d32f02940719,fUSD,0.000247,2,1,440.64,offer,2026-09-02T19:47:01.367501+00:00
601a5f74-4fd0-4328-9c13-94d0b9e96b5c,fUSD,0.000273972602739726,120,1,-6101758.33426386,demand,2026-09-02T20:47:01.263795+00:00
601a5f74-4fd0-4328-9c13-94d0b9e96b5c,fUSD,0.00022,30,1,-30100.0,demand,2026-09-02T20:47:01.263795+00:00
601a5f74-4fd0-4328-9c13-94d0b9e96b5c,fUSD,0.00021,30,1,-30000.0,demand,2026-09-02T20:47:01.263795+00:00
601a5f74-4fd0-4328-9c13-94d0b9e96b5c,fUSD,0.000209,30,1,-6289.12258117,demand,2026-09-02T20:47:01.263795+00:00
601a5f74-4fd0-4328-9c13-94d0b9e96b5c,fUSD,0.0002,7,1,-150.0,demand,2026-09-02T20:47:01.263795+00:00
601a5f74-4fd0-4328-9c13-94d0b9e96b5c,fUSD,0.00018010999999999998,120,1,-133240.73391109,demand,2026-09-02T20:47:01.263795+00:00
601a5f74-4fd0-4328-9c13-94d0b9e96b5c,fUSD,0.0001777,120,1,-23123.30278361,demand,2026-09-02T20:47:01.263795+00:00
601a5f74-4fd0-4328-9c13-94d0b9e96b5c,fUSD,0.000174,120,1,-12350.0,demand,2026-09-02T20:47:01.263795+00:00
601a5f74-4fd0-4328-9c13-94d0b9e96b5c,fUSD,0.0001713,120,1,-14000.0,demand,2026-09-02T20:47:01.263795+00:00
601a5f74-4fd0-4328-9c13-94d0b9e96b5c,fUSD,0.0001712,120,1,-20000.0,demand,2026-09-02T20:47:01.263795+00:00
601a5f74-4fd0-4328-9c13-94d0b9e96b5c,fUSD,0.00017111,120,1,-2000000.0,demand,2026-09-02T20:47:01.263795+00:00
601a5f74-4fd0-4328-9c13-94d0b9e96b5c,fUSD,0.00017,120,1,-150.0,demand,2026-09-02T20:47:01.263795+00:00
601a5f74-4fd0-4328-9c13-94d0b9e96b5c,fUSD,0.0001603,60,1,-20000.0,demand,2026-09-02T20:47:01.263795+00:00
601a5f74-4fd0-4328-9c13-94d0b9e96b5c,fUSD,0.00016,120,2,-10009162.66122322,demand,2026-09-02T20:47:01.263795+00:00
601a5f74-4fd0-4328-9c13-94d0b9e96b5c,fUSD,0.000151,120,1,-10000.0,demand,2026-09-02T20:47:01.263795+00:00
601a5f74-4fd0-4328-9c13-94d0b9e96b5c,fUSD,0.00015,29,1,-91128.42113844,demand,2026-09-02T20:47:01.263795+00:00
601a5f74-4fd0-4328-9c13-94d0b9e96b5c,fUSD,0.00015,120,1,-500.0,demand,2026-09-02T20:47:01.263795+00:00
601a5f74-4fd0-4328-9c13-94d0b9e96b5c,fUSD,0.00015,2,1,-10000.0,demand,2026-09-02T20:47:01.263795+00:00
601a5f74-4fd0-4328-9c13-94d0b9e96b5c,fUSD,0.000145,7,1,-190.0,demand,2026-09-02T20:47:01.263795+00:00
601a5f74-4fd0-4328-9c13-94d0b9e96b5c,fUSD,0.00014252,120,1,-10770.76644364,demand,2026-09-02T20:47:01.263795+00:00
601a5f74-4fd0-4328-9c13-94d0b9e96b5c,fUSD,0.00014120000000000002,30,1,-13500.0,demand,2026-09-02T20:47:01.263795+00:00
601a5f74-4fd0-4328-9c13-94d0b9e96b5c,fUSD,0.0001342001,2,1,-568425.28588557,demand,2026-09-02T20:47:01.263795+00:00
601a5f74-4fd0-4328-9c13-94d0b9e96b5c,fUSD,0.0001342,2,1,-762620.28787125,demand,2026-09-02T20:47:01.263795+00:00
601a5f74-4fd0-4328-9c13-94d0b9e96b5c,fUSD,0.000131,13,1,-7000.0,demand,2026-09-02T20:47:01.263795+00:00
601a5f74-4fd0-4328-9c13-94d0b9e96b5c,fUSD,0.00013,2,1,-2000000.0,demand,2026-09-02T20:47:01.263795+00:00
601a5f74-4fd0-4328-9c13-94d0b9e96b5c,fUSD,0.00022,2,4,29217.06137289,offer,2026-09-02T20:47:01.263795+00:00
601a5f74-4fd0-4328-9c13-94d0b9e96b5c,fUSD,0.00022043835616438354,4,1,150.0,offer,2026-09-02T20:47:01.263795+00:00
601a5f74-4fd0-4328-9c13-94d0b9e96b5c,fUSD,0.00022086,2,23,11434.7703443,offer,2026-09-02T20:47:01.263795+00:00
601a5f74-4fd0-4328-9c13-94d0b9e96b5c,fUSD,0.0002219907,2,1,1018.64,offer,2026-09-02T20:47:01.263795+00:00
601a5f74-4fd0-4328-9c13-94d0b9e96b5c,fUSD,0.0002220071808219178,2,1,302.89,offer,2026-09-02T20:47:01.263795+00:00
601a5f74-4fd0-4328-9c13-94d0b9e96b5c,fUSD,0.00022299,2,3,1127.28916053,offer,2026-09-02T20:47:01.263795+00:00
601a5f74-4fd0-4328-9c13-94d0b9e96b5c,fUSD,0.000223,2,6,6214.34098295,offer,2026-09-02T20:47:01.263795+00:00
601a5f74-4fd0-4328-9c13-94d0b9e96b5c,fUSD,0.00022322568493150685,2,1,169.58143553,offer,2026-09-02T20:47:01.263795+00:00
601a5f74-4fd0-4328-9c13-94d0b9e96b5c,fUSD,0.0002232499726027397,2,1,255.48278324,offer,2026-09-02T20:47:01.263795+00:00
601a5f74-4fd0-4328-9c13-94d0b9e96b5c,fUSD,0.0002233147397260274,2,9,2926.79124318,offer,2026-09-02T20:47:01.263795+00:00
601a5f74-4fd0-4328-9c13-94d0b9e96b5c,fUSD,0.00022378,2,1,300.84,offer,2026-09-02T20:47:01.263795+00:00
601a5f74-4fd0-4328-9c13-94d0b9e96b5c,fUSD,0.00022411,3,1,275.2631356,offer,2026-09-02T20:47:01.263795+00:00
601a5f74-4fd0-4328-9c13-94d0b9e96b5c,fUSD,0.0002244,4,2,487.13394678,offer,2026-09-02T20:47:01.263795+00:00
601a5f74-4fd0-4328-9c13-94d0b9e96b5c,fUSD,0.00022481,2,2,799.491601,offer,2026-09-02T20:47:01.263795+00:00
601a5f74-4fd0-4328-9c13-94d0b9e96b5c,fUSD,0.000225,2,1,2508.27256003,offer,2026-09-02T20:47:01.263795+00:00
601a5f74-4fd0-4328-9c13-94d0b9e96b5c,fUSD,0.0002250722890410959,2,1,913.12,offer,2026-09-02T20:47:01.263795+00:00
601a5f74-4fd0-4328-9c13-94d0b9e96b5c,fUSD,0.00022533698630136987,4,1,150.0,offer,2026-09-02T20:47:01.263795+00:00
601a5f74-4fd0-4328-9c13-94d0b9e96b5c,fUSD,0.000227,2,1,2508.27256003,offer,2026-09-02T20:47:01.263795+00:00
601a5f74-4fd0-4328-9c13-94d0b9e96b5c,fUSD,0.0002278767123287671,2,8,2515.18782926,offer,2026-09-02T20:47:01.263795+00:00
601a5f74-4fd0-4328-9c13-94d0b9e96b5c,fUSD,0.0002278767123287671,4,1,315.41550212,offer,2026-09-02T20:47:01.263795+00:00
601a5f74-4fd0-4328-9c13-94d0b9e96b5c,fUSD,0.00022790136986301367,2,3,1180.29302231,offer,2026-09-02T20:47:01.263795+00:00
601a5f74-4fd0-4328-9c13-94d0b9e96b5c,fUSD,0.00022796712328767123,2,27,178692.15599631,offer,2026-09-02T20:47:01.263795+00:00
601a5f74-4fd0-4328-9c13-94d0b9e96b5c,fUSD,0.00022818,3,2,670.0,offer,2026-09-02T20:47:01.263795+00:00
601a5f74-4fd0-4328-9c13-94d0b9e96b5c,fUSD,0.00022886320630576153,7,1,154.99,offer,2026-09-02T20:47:01.263795+00:00
601a5f74-4fd0-4328-9c13-94d0b9e96b5c,fUSD,0.000229,2,1,2508.27256003,offer,2026-09-02T20:47:01.263795+00:00
55077f66-cd54-47ed-9ec3-13565c58766b,fUSD,0.000273972602739726,120,1,-6089343.93094023,demand,2026-09-02T21:47:00.316804+00:00
55077f66-cd54-47ed-9ec3-13565c58766b,fUSD,0.00022,30,1,-30100.0,demand,2026-09-02T21:47:00.316804+00:00
55077f66-cd54-47ed-9ec3-13565c58766b,fUSD,0.00021,30,1,-30000.0,demand,2026-09-02T21:47:00.316804+00:00
55077f66-cd54-47ed-9ec3-13565c58766b,fUSD,0.000209,30,1,-6289.12258117,demand,2026-09-02T21:47:00.316804+00:00
55077f66-cd54-47ed-9ec3-13565c58766b,fUSD,0.0002,7,1,-150.0,demand,2026-09-02T21:47:00.316804+00:00
55077f66-cd54-47ed-9ec3-13565c58766b,fUSD,0.00018010999999999998,120,1,-133240.73391109,demand,2026-09-02T21:47:00.316804+00:00
55077f66-cd54-47ed-9ec3-13565c58766b,fUSD,0.0001777,120,1,-23123.30278361,demand,2026-09-02T21:47:00.316804+00:00
55077f66-cd54-47ed-9ec3-13565c58766b,fUSD,0.000174,120,1,-12350.0,demand,2026-09-02T21:47:00.316804+00:00
55077f66-cd54-47ed-9ec3-13565c58766b,fUSD,0.0001713,120,1,-14000.0,demand,2026-09-02T21:47:00.316804+00:00
55077f66-cd54-47ed-9ec3-13565c58766b,fUSD,0.0001712,120,1,-20000.0,demand,2026-09-02T21:47:00.316804+00:00
55077f66-cd54-47ed-9ec3-13565c58766b,fUSD,0.00017111,120,1,-2000000.0,demand,2026-09-02T21:47:00.316804+00:00
55077f66-cd54-47ed-9ec3-13565c58766b,fUSD,0.00017,120,1,-150.0,demand,2026-09-02T21:47:00.316804+00:00
55077f66-cd54-47ed-9ec3-13565c58766b,fUSD,0.0001603,60,1,-20000.0,demand,2026-09-02T21:47:00.316804+00:00
55077f66-cd54-47ed-9ec3-13565c58766b,fUSD,0.00016,120,2,-10009162.66122322,demand,2026-09-02T21:47:00.316804+00:00
55077f66-cd54-47ed-9ec3-13565c58766b,fUSD,0.000151,120,1,-10000.0,demand,2026-09-02T21:47:00.316804+00:00
55077f66-cd54-47ed-9ec3-13565c58766b,fUSD,0.00015,29,1,-91128.42113844,demand,2026-09-02T21:47:00.316804+00:00
55077f66-cd54-47ed-9ec3-13565c58766b,fUSD,0.00015,120,1,-500.0,demand,2026-09-02T21:47:00.316804+00:00
55077f66-cd54-47ed-9ec3-13565c58766b,fUSD,0.00015,2,1,-10000.0,demand,2026-09-02T21:47:00.316804+00:00
55077f66-cd54-47ed-9ec3-13565c58766b,fUSD,0.000145,7,1,-190.0,demand,2026-09-02T21:47:00.316804+00:00
55077f66-cd54-47ed-9ec3-13565c58766b,fUSD,0.00014252,120,1,-10770.76644364,demand,2026-09-02T21:47:00.316804+00:00
55077f66-cd54-47ed-9ec3-13565c58766b,fUSD,0.00014120000000000002,30,1,-13500.0,demand,2026-09-02T21:47:00.316804+00:00
55077f66-cd54-47ed-9ec3-13565c58766b,fUSD,0.0001342001,2,1,-566223.07988557,demand,2026-09-02T21:47:00.316804+00:00
55077f66-cd54-47ed-9ec3-13565c58766b,fUSD,0.0001342,2,1,-762620.28787125,demand,2026-09-02T21:47:00.316804+00:00
55077f66-cd54-47ed-9ec3-13565c58766b,fUSD,0.000131,13,1,-7000.0,demand,2026-09-02T21:47:00.316804+00:00
55077f66-cd54-47ed-9ec3-13565c58766b,fUSD,0.00013,2,1,-2000000.0,demand,2026-09-02T21:47:00.316804+00:00
55077f66-cd54-47ed-9ec3-13565c58766b,fUSD,0.00014989999999999996,2,1,91157.0677129,offer,2026-09-02T21:47:00.316804+00:00
55077f66-cd54-47ed-9ec3-13565c58766b,fUSD,0.00014994499999999996,2,1,286.60605817,offer,2026-09-02T21:47:00.316804+00:00
55077f66-cd54-47ed-9ec3-13565c58766b,fUSD,0.00014999,2,12,5536.81923414,offer,2026-09-02T21:47:00.316804+00:00
55077f66-cd54-47ed-9ec3-13565c58766b,fUSD,0.00014999,7,1,150.0,offer,2026-09-02T21:47:00.316804+00:00
55077f66-cd54-47ed-9ec3-13565c58766b,fUSD,0.00015,2,28,373521.33190293,offer,2026-09-02T21:47:00.316804+00:00
55077f66-cd54-47ed-9ec3-13565c58766b,fUSD,0.00015,3,2,496.0,offer,2026-09-02T21:47:00.316804+00:00
55077f66-cd54-47ed-9ec3-13565c58766b,fUSD,0.0001502389,2,1,279.39,offer,2026-09-02T21:47:00.316804+00:00
55077f66-cd54-47ed-9ec3-13565c58766b,fUSD,0.00015299999999999998,4,2,431.0581097,offer,2026-09-02T21:47:00.316804+00:00
55077f66-cd54-47ed-9ec3-13565c58766b,fUSD,0.0001533381,2,1,311.58,offer,2026-09-02T21:47:00.316804+00:00
55077f66-cd54-47ed-9ec3-13565c58766b,fUSD,0.00015486,2,1,152.0,offer,2026-09-02T21:47:00.316804+00:00
55077f66-cd54-47ed-9ec3-13565c58766b,fUSD,0.000155,2,2,650.40811403,offer,2026-09-02T21:47:00.316804+00:00
55077f66-cd54-47ed-9ec3-13565c58766b,fUSD,0.0001559022,2,1,359.44,offer,2026-09-02T21:47:00.316804+00:00
55077f66-cd54-47ed-9ec3-13565c58766b,fUSD,0.00015606,5,2,431.0581097,offer,2026-09-02T21:47:00.316804+00:00
55077f66-cd54-47ed-9ec3-13565c58766b,fUSD,0.0001560628,2,1,311.58,offer,2026-09-02T21:47:00.316804+00:00
55077f66-cd54-47ed-9ec3-13565c58766b,fUSD,0.00015639,2,1,152.0,offer,2026-09-02T21:47:00.316804+00:00
55077f66-cd54-47ed-9ec3-13565c58766b,fUSD,0.00015793,2,1,152.0,offer,2026-09-02T21:47:00.316804+00:00
55077f66-cd54-47ed-9ec3-13565c58766b,fUSD,0.00015794,2,2,631.14,offer,2026-09-02T21:47:00.316804+00:00
55077f66-cd54-47ed-9ec3-13565c58766b,fUSD,0.0001589894,2,1,319.53,offer,2026-09-02T21:47:00.316804+00:00
55077f66-cd54-47ed-9ec3-13565c58766b,fUSD,0.000159,2,2,678.97,offer,2026-09-02T21:47:00.316804+00:00
55077f66-cd54-47ed-9ec3-13565c58766b,fUSD,0.0001591812,7,2,431.0581097,offer,2026-09-02T21:47:00.316804+00:00
55077f66-cd54-47ed-9ec3-13565c58766b,fUSD,0.00015946,2,1,152.0,offer,2026-09-02T21:47:00.316804+00:00
55077f66-cd54-47ed-9ec3-13565c58766b,fUSD,0.00016048,2,1,174.9,offer,2026-09-02T21:47:00.316804+00:00
55077f66-cd54-47ed-9ec3-13565c58766b,fUSD,0.00016099,2,1,152.0,offer,2026-09-02T21:47:00.316804+00:00
55077f66-cd54-47ed-9ec3-13565c58766b,fUSD,0.0001623333,2,1,19932.58702691,offer,2026-09-02T21:47:00.316804+00:00
55077f66-cd54-47ed-9ec3-13565c58766b,fUSD,0.00016253,2,1,152.0,offer,2026-09-02T21:47:00.316804+00:00
de9d60f7-7650-465b-8bfb-ed06fa3a84d9,fUSD,0.000273972602739726,120,1,-6086055.2240465,demand,2026-09-02T22:47:00.478993+00:00
de9d60f7-7650-465b-8bfb-ed06fa3a84d9,fUSD,0.00022,30,1,-30100.0,demand,2026-09-02T22:47:00.478993+00:00
de9d60f7-7650-465b-8bfb-ed06fa3a84d9,fUSD,0.00021,30,1,-30000.0,demand,2026-09-02T22:47:00.478993+00:00
de9d60f7-7650-465b-8bfb-ed06fa3a84d9,fUSD,0.000209,30,1,-6289.12258117,demand,2026-09-02T22:47:00.478993+00:00
de9d60f7-7650-465b-8bfb-ed06fa3a84d9,fUSD,0.0002,7,1,-150.0,demand,2026-09-02T22:47:00.478993+00:00
de9d60f7-7650-465b-8bfb-ed06fa3a84d9,fUSD,0.00018010999999999998,120,1,-133240.73391109,demand,2026-09-02T22:47:00.478993+00:00
de9d60f7-7650-465b-8bfb-ed06fa3a84d9,fUSD,0.0001777,120,1,-23123.30278361,demand,2026-09-02T22:47:00.478993+00:00
de9d60f7-7650-465b-8bfb-ed06fa3a84d9,fUSD,0.000174,120,1,-12350.0,demand,2026-09-02T22:47:00.478993+00:00
de9d60f7-7650-465b-8bfb-ed06fa3a84d9,fUSD,0.0001713,120,1,-14000.0,demand,2026-09-02T22:47:00.478993+00:00
de9d60f7-7650-465b-8bfb-ed06fa3a84d9,fUSD,0.0001712,120,1,-20000.0,demand,2026-09-02T22:47:00.478993+00:00
de9d60f7-7650-465b-8bfb-ed06fa3a84d9,fUSD,0.00017111,120,1,-2000000.0,demand,2026-09-02T22:47:00.478993+00:00
de9d60f7-7650-465b-8bfb-ed06fa3a84d9,fUSD,0.00017,120,1,-150.0,demand,2026-09-02T22:47:00.478993+00:00
de9d60f7-7650-465b-8bfb-ed06fa3a84d9,fUSD,0.0001603,60,1,-20000.0,demand,2026-09-02T22:47:00.478993+00:00
de9d60f7-7650-465b-8bfb-ed06fa3a84d9,fUSD,0.00016,120,2,-10009162.66122322,demand,2026-09-02T22:47:00.478993+00:00
de9d60f7-7650-465b-8bfb-ed06fa3a84d9,fUSD,0.000151,120,1,-10000.0,demand,2026-09-02T22:47:00.478993+00:00
de9d60f7-7650-465b-8bfb-ed06fa3a84d9,fUSD,0.00015,29,1,-91128.42113844,demand,2026-09-02T22:47:00.478993+00:00
de9d60f7-7650-465b-8bfb-ed06fa3a84d9,fUSD,0.00015,120,1,-500.0,demand,2026-09-02T22:47:00.478993+00:00
de9d60f7-7650-465b-8bfb-ed06fa3a84d9,fUSD,0.00015,2,1,-10000.0,demand,2026-09-02T22:47:00.478993+00:00
de9d60f7-7650-465b-8bfb-ed06fa3a84d9,fUSD,0.000145,7,1,-190.0,demand,2026-09-02T22:47:00.478993+00:00
de9d60f7-7650-465b-8bfb-ed06fa3a84d9,fUSD,0.00014252,120,1,-10770.76644364,demand,2026-09-02T22:47:00.478993+00:00
de9d60f7-7650-465b-8bfb-ed06fa3a84d9,fUSD,0.00014120000000000002,30,1,-13500.0,demand,2026-09-02T22:47:00.478993+00:00
de9d60f7-7650-465b-8bfb-ed06fa3a84d9,fUSD,0.0001342001,2,1,-560375.07988557,demand,2026-09-02T22:47:00.478993+00:00
de9d60f7-7650-465b-8bfb-ed06fa3a84d9,fUSD,0.0001342,2,1,-762620.28787125,demand,2026-09-02T22:47:00.478993+00:00
de9d60f7-7650-465b-8bfb-ed06fa3a84d9,fUSD,0.000131,13,1,-7000.0,demand,2026-09-02T22:47:00.478993+00:00
de9d60f7-7650-465b-8bfb-ed06fa3a84d9,fUSD,0.00013,2,1,-2000000.0,demand,2026-09-02T22:47:00.478993+00:00
de9d60f7-7650-465b-8bfb-ed06fa3a84d9,fUSD,0.00014199,2,1,369.15419685,offer,2026-09-02T22:47:00.478993+00:00
de9d60f7-7650-465b-8bfb-ed06fa3a84d9,fUSD,0.00014725,2,2,1025.911343,offer,2026-09-02T22:47:00.478993+00:00
de9d60f7-7650-465b-8bfb-ed06fa3a84d9,fUSD,0.00014726,2,24,11278.69951949,offer,2026-09-02T22:47:00.478993+00:00
de9d60f7-7650-465b-8bfb-ed06fa3a84d9,fUSD,0.00014899,2,1,159.97071173,offer,2026-09-02T22:47:00.478993+00:00
de9d60f7-7650-465b-8bfb-ed06fa3a84d9,fUSD,0.00014998,2,13,5468.62988881,offer,2026-09-02T22:47:00.478993+00:00
de9d60f7-7650-465b-8bfb-ed06fa3a84d9,fUSD,0.00014999,2,61,411711.08204933,offer,2026-09-02T22:47:00.478993+00:00
de9d60f7-7650-465b-8bfb-ed06fa3a84d9,fUSD,0.00014999452054794522,2,1,500.0,offer,2026-09-02T22:47:00.478993+00:00
de9d60f7-7650-465b-8bfb-ed06fa3a84d9,fUSD,0.00014999495,2,17,2567.0,offer,2026-09-02T22:47:00.478993+00:00
de9d60f7-7650-465b-8bfb-ed06fa3a84d9,fUSD,0.00015,2,6,920165.84116339,offer,2026-09-02T22:47:00.478993+00:00
de9d60f7-7650-465b-8bfb-ed06fa3a84d9,fUSD,0.0001508876,2,1,300.22,offer,2026-09-02T22:47:00.478993+00:00
de9d60f7-7650-465b-8bfb-ed06fa3a84d9,fUSD,0.000151653,2,1,324.91,offer,2026-09-02T22:47:00.478993+00:00
de9d60f7-7650-465b-8bfb-ed06fa3a84d9,fUSD,0.0001520966,2,1,300.22,offer,2026-09-02T22:47:00.478993+00:00
de9d60f7-7650-465b-8bfb-ed06fa3a84d9,fUSD,0.00015212,2,1,525.0,offer,2026-09-02T22:47:00.478993+00:00
de9d60f7-7650-465b-8bfb-ed06fa3a84d9,fUSD,0.00015239,2,1,150.0,offer,2026-09-02T22:47:00.478993+00:00
de9d60f7-7650-465b-8bfb-ed06fa3a84d9,fUSD,0.00015273424657534247,2,1,500.0,offer,2026-09-02T22:47:00.478993+00:00
de9d60f7-7650-465b-8bfb-ed06fa3a84d9,fUSD,0.000152961,2,1,324.91,offer,2026-09-02T22:47:00.478993+00:00
de9d60f7-7650-465b-8bfb-ed06fa3a84d9,fUSD,0.0001529898,3,1,634.70169175,offer,2026-09-02T22:47:00.478993+00:00
de9d60f7-7650-465b-8bfb-ed06fa3a84d9,fUSD,0.000153,2,1,506.0,offer,2026-09-02T22:47:00.478993+00:00
de9d60f7-7650-465b-8bfb-ed06fa3a84d9,fUSD,0.0001530481,2,1,300.22,offer,2026-09-02T22:47:00.478993+00:00
de9d60f7-7650-465b-8bfb-ed06fa3a84d9,fUSD,0.000153184,2,1,23831.83,offer,2026-09-02T22:47:00.478993+00:00
de9d60f7-7650-465b-8bfb-ed06fa3a84d9,fUSD,0.0001535012,2,1,897.15,offer,2026-09-02T22:47:00.478993+00:00
de9d60f7-7650-465b-8bfb-ed06fa3a84d9,fUSD,0.0001538383,2,1,1000.0,offer,2026-09-02T22:47:00.478993+00:00
de9d60f7-7650-465b-8bfb-ed06fa3a84d9,fUSD,0.0001538448,2,1,300.22,offer,2026-09-02T22:47:00.478993+00:00
de9d60f7-7650-465b-8bfb-ed06fa3a84d9,fUSD,0.0001539,2,1,150.0,offer,2026-09-02T22:47:00.478993+00:00
de9d60f7-7650-465b-8bfb-ed06fa3a84d9,fUSD,0.0001539905,2,2,498.01,offer,2026-09-02T22:47:00.478993+00:00
291c43df-683d-4c76-9680-b99f24eff8ed,fUSD,0.000273972602739726,120,1,-6071091.44004973,demand,2026-09-02T23:47:00.507476+00:00
291c43df-683d-4c76-9680-b99f24eff8ed,fUSD,0.00022,30,1,-30100.0,demand,2026-09-02T23:47:00.507476+00:00
291c43df-683d-4c76-9680-b99f24eff8ed,fUSD,0.00021,30,1,-30000.0,demand,2026-09-02T23:47:00.507476+00:00
291c43df-683d-4c76-9680-b99f24eff8ed,fUSD,0.000209,30,1,-6289.12258117,demand,2026-09-02T23:47:00.507476+00:00
291c43df-683d-4c76-9680-b99f24eff8ed,fUSD,0.0002,7,1,-150.0,demand,2026-09-02T23:47:00.507476+00:00
291c43df-683d-4c76-9680-b99f24eff8ed,fUSD,0.00018010999999999998,120,1,-133240.73391109,demand,2026-09-02T23:47:00.507476+00:00
291c43df-683d-4c76-9680-b99f24eff8ed,fUSD,0.0001777,120,1,-23123.30278361,demand,2026-09-02T23:47:00.507476+00:00
291c43df-683d-4c76-9680-b99f24eff8ed,fUSD,0.000174,120,1,-12350.0,demand,2026-09-02T23:47:00.507476+00:00
291c43df-683d-4c76-9680-b99f24eff8ed,fUSD,0.0001713,120,1,-14000.0,demand,2026-09-02T23:47:00.507476+00:00
291c43df-683d-4c76-9680-b99f24eff8ed,fUSD,0.0001712,120,1,-20000.0,demand,2026-09-02T23:47:00.507476+00:00
291c43df-683d-4c76-9680-b99f24eff8ed,fUSD,0.00017111,120,1,-2000000.0,demand,2026-09-02T23:47:00.507476+00:00
291c43df-683d-4c76-9680-b99f24eff8ed,fUSD,0.00017,120,1,-150.0,demand,2026-09-02T23:47:00.507476+00:00
291c43df-683d-4c76-9680-b99f24eff8ed,fUSD,0.0001603,60,1,-20000.0,demand,2026-09-02T23:47:00.507476+00:00
291c43df-683d-4c76-9680-b99f24eff8ed,fUSD,0.00016,120,2,-10009162.66122322,demand,2026-09-02T23:47:00.507476+00:00
291c43df-683d-4c76-9680-b99f24eff8ed,fUSD,0.000151,120,1,-10000.0,demand,2026-09-02T23:47:00.507476+00:00
291c43df-683d-4c76-9680-b99f24eff8ed,fUSD,0.00015,29,1,-91128.42113844,demand,2026-09-02T23:47:00.507476+00:00
291c43df-683d-4c76-9680-b99f24eff8ed,fUSD,0.00015,120,1,-500.0,demand,2026-09-02T23:47:00.507476+00:00
291c43df-683d-4c76-9680-b99f24eff8ed,fUSD,0.00015,2,1,-10000.0,demand,2026-09-02T23:47:00.507476+00:00
291c43df-683d-4c76-9680-b99f24eff8ed,fUSD,0.0001473903,2,1,-150.0,demand,2026-09-02T23:47:00.507476+00:00
291c43df-683d-4c76-9680-b99f24eff8ed,fUSD,0.000145,7,1,-190.0,demand,2026-09-02T23:47:00.507476+00:00
291c43df-683d-4c76-9680-b99f24eff8ed,fUSD,0.00014252,120,1,-10770.76644364,demand,2026-09-02T23:47:00.507476+00:00
291c43df-683d-4c76-9680-b99f24eff8ed,fUSD,0.00014120000000000002,30,1,-13500.0,demand,2026-09-02T23:47:00.507476+00:00
291c43df-683d-4c76-9680-b99f24eff8ed,fUSD,0.00013471744456,2,1,-476.7108282,demand,2026-09-02T23:47:00.507476+00:00
291c43df-683d-4c76-9680-b99f24eff8ed,fUSD,0.0001342001,2,1,-559885.67988557,demand,2026-09-02T23:47:00.507476+00:00
291c43df-683d-4c76-9680-b99f24eff8ed,fUSD,0.0001342,2,1,-762620.28787125,demand,2026-09-02T23:47:00.507476+00:00
291c43df-683d-4c76-9680-b99f24eff8ed,fUSD,0.00014743,2,1,585.0,offer,2026-09-02T23:47:00.507476+00:00
291c43df-683d-4c76-9680-b99f24eff8ed,fUSD,0.0001477919651079452,2,1,489.4,offer,2026-09-02T23:47:00.507476+00:00
291c43df-683d-4c76-9680-b99f24eff8ed,fUSD,0.00014809,2,3,939.72641376,offer,2026-09-02T23:47:00.507476+00:00
291c43df-683d-4c76-9680-b99f24eff8ed,fUSD,0.0001481,2,1,20891.31960245,offer,2026-09-02T23:47:00.507476+00:00
291c43df-683d-4c76-9680-b99f24eff8ed,fUSD,0.00014820950846091864,2,1,150.0,offer,2026-09-02T23:47:00.507476+00:00
291c43df-683d-4c76-9680-b99f24eff8ed,fUSD,0.0001482762,2,1,4000.0,offer,2026-09-02T23:47:00.507476+00:00
291c43df-683d-4c76-9680-b99f24eff8ed,fUSD,0.00014868,2,1,8793.99453685,offer,2026-09-02T23:47:00.507476+00:00
291c43df-683d-4c76-9680-b99f24eff8ed,fUSD,0.00014877741095890412,2,1,195.19,offer,2026-09-02T23:47:00.507476+00:00
291c43df-683d-4c76-9680-b99f24eff8ed,fUSD,0.00014882,2,2,4020.117,offer,2026-09-02T23:47:00.507476+00:00
291c43df-683d-4c76-9680-b99f24eff8ed,fUSD,0.00014889,2,1,585.0,offer,2026-09-02T23:47:00.507476+00:00
291c43df-683d-4c76-9680-b99f24eff8ed,fUSD,0.00014898,2,1,150.0,offer,2026-09-02T23:47:00.507476+00:00
291c43df-683d-4c76-9680-b99f24eff8ed,fUSD,0.00014899,2,1,2718.82517375,offer,2026-09-02T23:47:00.507476+00:00
291c43df-683d-4c76-9680-b99f24eff8ed,fUSD,0.000149,2,19,273958.97971259,offer,2026-09-02T23:47:00.507476+00:00
291c43df-683d-4c76-9680-b99f24eff8ed,fUSD,0.00014904,2,5,82899.67830113,offer,2026-09-02T23:47:00.507476+00:00
291c43df-683d-4c76-9680-b99f24eff8ed,fUSD,0.00014910233682514102,2,1,150.0,offer,2026-09-02T23:47:00.507476+00:00
291c43df-683d-4c76-9680-b99f24eff8ed,fUSD,0.0001491381,2,17,2567.0,offer,2026-09-02T23:47:00.507476+00:00
291c43df-683d-4c76-9680-b99f24eff8ed,fUSD,0.00014914,2,1,209.0,offer,2026-09-02T23:47:00.507476+00:00
291c43df-683d-4c76-9680-b99f24eff8ed,fUSD,0.00014968,2,1,173.0,offer,2026-09-02T23:47:00.507476+00:00
291c43df-683d-4c76-9680-b99f24eff8ed,fUSD,0.00014969,2,1,689.03329703,offer,2026-09-02T23:47:00.507476+00:00
291c43df-683d-4c76-9680-b99f24eff8ed,fUSD,0.0001499,2,1,1822.48708587,offer,2026-09-02T23:47:00.507476+00:00
291c43df-683d-4c76-9680-b99f24eff8ed,fUSD,0.00014998,2,5,2190.03909881,offer,2026-09-02T23:47:00.507476+00:00
291c43df-683d-4c76-9680-b99f24eff8ed,fUSD,0.00014999,2,5,2467.77328453,offer,2026-09-02T23:47:00.507476+00:00
291c43df-683d-4c76-9680-b99f24eff8ed,fUSD,0.00014999516518936343,2,1,150.0,offer,2026-09-02T23:47:00.507476+00:00
291c43df-683d-4c76-9680-b99f24eff8ed,fUSD,0.00015,2,3,1540440.74034191,offer,2026-09-02T23:47:00.507476+00:00
291c43df-683d-4c76-9680-b99f24eff8ed,fUSD,0.00015,5,1,36340.68230225,offer,2026-09-02T23:47:00.507476+00:00
