run_id,market,rate,period,count,amount,side,fetched_at
17aa62e0-71e8-41e1-9319-019e58a83c04,fUST,0.0002671232876712329,120,1,-2656762.11250564,demand,2026-09-28T00:47:01.356540+00:00
17aa62e0-71e8-41e1-9319-019e58a83c04,fUST,0.000267123287,120,1,-4451.08,demand,2026-09-28T00:47:01.356540+00:00
17aa62e0-71e8-41e1-9319-019e58a83c04,fUST,0.0002584054794520548,60,1,-5630224.32976836,demand,2026-09-28T00:47:01.356540+00:00
17aa62e0-71e8-41e1-9319-019e58a83c04,fUST,0.0002574,35,1,-56830.58696801,demand,2026-09-28T00:47:01.356540+00:00
17aa62e0-71e8-41e1-9319-019e58a83c04,fUST,0.000257279452,45,1,-1438.99,demand,2026-09-28T00:47:01.356540+00:00
17aa62e0-71e8-41e1-9319-019e58a83c04,fUST,0.000256575342,35,1,-14866.01998122,demand,2026-09-28T00:47:01.356540+00:00
17aa62e0-71e8-41e1-9319-019e58a83c04,fUST,0.0001613,2,1,-2500.017924,demand,2026-09-28T00:47:01.356540+00:00
17aa62e0-71e8-41e1-9319-019e58a83c04,fUST,0.0001612,2,1,-125482.75552556,demand,2026-09-28T00:47:01.356540+00:00
17aa62e0-71e8-41e1-9319-019e58a83c04,fUST,0.00016103,2,1,-202858.94493066,demand,2026-09-28T00:47:01.356540+00:00
17aa62e0-71e8-41e1-9319-019e58a83c04,fUST,0.0001601,29,1,-139823.84554117,demand,2026-09-28T00:47:01.356540+00:00
17aa62e0-71e8-41e1-9319-019e58a83c04,fUST,0.00016,60,18,-114200.828599,demand,2026-09-28T00:47:01.356540+00:00
17aa62e0-71e8-41e1-9319-019e58a83c04,fUST,0.00016,30,1,-3277.4,demand,2026-09-28T00:47:01.356540+00:00
17aa62e0-71e8-41e1-9319-019e58a83c04,fUST,0.00016,2,1,-4000.0,demand,2026-09-28T00:47:01.356540+00:00
17aa62e0-71e8-41e1-9319-019e58a83c04,fUST,0.000155,45,8,-47500.0,demand,2026-09-28T00:47:01.356540+00:00
17aa62e0-71e8-41e1-9319-019e58a83c04,fUST,0.000152,60,1,-28000.0,demand,2026-09-28T00:47:01.356540+00:00
17aa62e0-71e8-41e1-9319-019e58a83c04,fUST,0.00015,120,1,-300000.0,demand,2026-09-28T00:47:01.356540+00:00
17aa62e0-71e8-41e1-9319-019e58a83c04,fUST,0.00015,45,4,-18668.928077,demand,2026-09-28T00:47:01.356540+00:00
17aa62e0-71e8-41e1-9319-019e58a83c04,fUST,0.00015,30,14,-57500.0,demand,2026-09-28T00:47:01.356540+00:00
17aa62e0-71e8-41e1-9319-019e58a83c04,fUST,0.00015,6,1,-7766.14475445,demand,2026-09-28T00:47:01.356540+00:00
17aa62e0-71e8-41e1-9319-019e58a83c04,fUST,0.000149,2,1,-1912386.18946303,demand,2026-09-28T00:47:01.356540+00:00
17aa62e0-71e8-41e1-9319-019e58a83c04,fUST,0.00014806,2,2,-2346827.30931819,demand,2026-09-28T00:47:01.356540+00:00
17aa62e0-71e8-41e1-9319-019e58a83c04,fUST,0.000142,45,2,-20000.0,demand,2026-09-28T00:47:01.356540+00:00
17aa62e0-71e8-41e1-9319-019e58a83c04,fUST,0.0001401,13,1,-99488.31479105,demand,2026-09-28T00:47:01.356540+00:00
17aa62e0-71e8-41e1-9319-019e58a83c04,fUST,0.0001401,2,1,-2000000.0,demand,2026-09-28T00:47:01.356540+00:00
17aa62e0-71e8-41e1-9319-019e58a83c04,fUST,0.00014000000000000001,30,1,-28000.0,demand,2026-09-28T00:47:01.356540+00:00
17aa62e0-71e8-41e1-9319-019e58a83c04,fUST,0.0001866586,2,1,3288.63673475,offer,2026-09-28T00:47:01.356540+00:00
17aa62e0-71e8-41e1-9319-019e58a83c04,fUST,0.00018756449924999997,2,1,1219.81056682,offer,2026-09-28T00:47:01.356540+00:00
17aa62e0-71e8-41e1-9319-019e58a83c04,fUST,0.0001913095890410959,2,1,5091.94212401,offer,2026-09-28T00:47:01.356540+00:00
17aa62e0-71e8-41e1-9319-019e58a83c04,fUST,0.00019131,2,15,4500.0,offer,2026-09-28T00:47:01.356540+00:00
17aa62e0-71e8-41e1-9319-019e58a83c04,fUST,0.00019131578923499998,7,1,267.28366122,offer,2026-09-28T00:47:01.356540+00:00
17aa62e0-71e8-41e1-9319-019e58a83c04,fUST,0.00019513,2,1,600.0,offer,2026-09-28T00:47:01.356540+00:00
17aa62e0-71e8-41e1-9319-019e58a83c04,fUST,0.0001955863,2,1,645.3217638,offer,2026-09-28T00:47:01.356540+00:00
17aa62e0-71e8-41e1-9319-019e58a83c04,fUST,0.00019694272421249997,7,1,267.28366122,offer,2026-09-28T00:47:01.356540+00:00
17aa62e0-71e8-41e1-9319-019e58a83c04,fUST,0.00019742631499999996,2,5,2366.06322632,offer,2026-09-28T00:47:01.356540+00:00
17aa62e0-71e8-41e1-9319-019e58a83c04,fUST,0.00019743,2,4,1839.27775421,offer,2026-09-28T00:47:01.356540+00:00
17aa62e0-71e8-41e1-9319-019e58a83c04,fUST,0.00019743631499999996,2,16,91912.66768378,offer,2026-09-28T00:47:01.356540+00:00
17aa62e0-71e8-41e1-9319-019e58a83c04,fUST,0.00019795,2,1,491.91205598,offer,2026-09-28T00:47:01.356540+00:00
17aa62e0-71e8-41e1-9319-019e58a83c04,fUST,0.0001993225,2,1,181.577777,offer,2026-09-28T00:47:01.356540+00:00
17aa62e0-71e8-41e1-9319-019e58a83c04,fUST,0.00020256965918999997,7,1,267.28366122,offer,2026-09-28T00:47:01.356540+00:00
17aa62e0-71e8-41e1-9319-019e58a83c04,fUST,0.00020761674657534247,2,1,506.648719,offer,2026-09-28T00:47:01.356540+00:00
17aa62e0-71e8-41e1-9319-019e58a83c04,fUST,0.00020782,2,3,1420.38658315,offer,2026-09-28T00:47:01.356540+00:00
17aa62e0-71e8-41e1-9319-019e58a83c04,fUST,0.00020782739726027397,2,1,500.0,offer,2026-09-28T00:47:01.356540+00:00
17aa62e0-71e8-41e1-9319-019e58a83c04,fUST,0.00021007223915999997,7,1,267.28366125,offer,2026-09-28T00:47:01.356540+00:00
17aa62e0-71e8-41e1-9319-019e58a83c04,fUST,0.00021056712328767124,2,1,500.0,offer,2026-09-28T00:47:01.356540+00:00
17aa62e0-71e8-41e1-9319-019e58a83c04,fUST,0.00021064,2,21,9241.83644025,offer,2026-09-28T00:47:01.356540+00:00
17aa62e0-71e8-41e1-9319-019e58a83c04,fUST,0.0002112,2,1,154.0,offer,2026-09-28T00:47:01.356540+00:00
17aa62e0-71e8-41e1-9319-019e58a83c04,fUST,0.00021129,2,1,500.0,offer,2026-09-28T00:47:01.356540+00:00
17aa62e0-71e8-41e1-9319-019e58a83c04,fUST,0.0002113,2,1,3000.0,offer,2026-09-28T00:47:01.356540+00:00
17aa62e0-71e8-41e1-9319-019e58a83c04,fUST,0.0002114,2,1,3000.0,offer,2026-09-28T00:47:01.356540+00:00
17aa62e0-71e8-41e1-9319-019e58a83c04,fUST,0.0002115,2,1,3000.0,offer,2026-09-28T00:47:01.356540+00:00
ca98b05c-a223-4bfd-a538-2cf75cc9a21f,fUST,0.0002671232876712329,120,1,-2655429.64845999,demand,2026-09-28T01:47:01.334826+00:00
ca98b05c-a223-4bfd-a538-2cf75cc9a21f,fUST,0.000267123287,120,1,-4451.08,demand,2026-09-28T01:47:01.334826+00:00
ca98b05c-a223-4bfd-a538-2cf75cc9a21f,fUST,0.0002584054794520548,60,1,-5614056.07114944,demand,2026-09-28T01:47:01.334826+00:00
ca98b05c-a223-4bfd-a538-2cf75cc9a21f,fUST,0.0002574,35,1,-55681.7770701,demand,2026-09-28T01:47:01.334826+00:00
ca98b05c-a223-4bfd-a538-2cf75cc9a21f,fUST,0.000257279452,45,1,-1438.99,demand,2026-09-28T01:47:01.334826+00:00
ca98b05c-a223-4bfd-a538-2cf75cc9a21f,fUST,0.000256575342,35,1,-14866.01998122,demand,2026-09-28T01:47:01.334826+00:00
ca98b05c-a223-4bfd-a538-2cf75cc9a21f,fUST,0.0001613,2,1,-1654.31273473,demand,2026-09-28T01:47:01.334826+00:00
ca98b05c-a223-4bfd-a538-2cf75cc9a21f,fUST,0.0001612,2,1,-120329.03279997,demand,2026-09-28T01:47:01.334826+00:00
ca98b05c-a223-4bfd-a538-2cf75cc9a21f,fUST,0.00016103,2,1,-202858.94493066,demand,2026-09-28T01:47:01.334826+00:00
ca98b05c-a223-4bfd-a538-2cf75cc9a21f,fUST,0.0001601,29,1,-139823.84554117,demand,2026-09-28T01:47:01.334826+00:00
ca98b05c-a223-4bfd-a538-2cf75cc9a21f,fUST,0.00016,60,18,-114200.828599,demand,2026-09-28T01:47:01.334826+00:00
ca98b05c-a223-4bfd-a538-2cf75cc9a21f,fUST,0.00016,30,1,-3277.4,demand,2026-09-28T01:47:01.334826+00:00
ca98b05c-a223-4bfd-a538-2cf75cc9a21f,fUST,0.00016,2,1,-4000.0,demand,2026-09-28T01:47:01.334826+00:00
ca98b05c-a223-4bfd-a538-2cf75cc9a21f,fUST,0.000155,45,8,-47500.0,demand,2026-09-28T01:47:01.334826+00:00
ca98b05c-a223-4bfd-a538-2cf75cc9a21f,fUST,0.000152,60,1,-28000.0,demand,2026-09-28T01:47:01.334826+00:00
ca98b05c-a223-4bfd-a538-2cf75cc9a21f,fUST,0.00015,120,1,-300000.0,demand,2026-09-28T01:47:01.334826+00:00
ca98b05c-a223-4bfd-a538-2cf75cc9a21f,fUST,0.00015,45,4,-18668.928077,demand,2026-09-28T01:47:01.334826+00:00
ca98b05c-a223-4bfd-a538-2cf75cc9a21f,fUST,0.00015,30,14,-57500.0,demand,2026-09-28T01:47:01.334826+00:00
ca98b05c-a223-4bfd-a538-2cf75cc9a21f,fUST,0.00015,6,1,-7766.14475445,demand,2026-09-28T01:47:01.334826+00:00
ca98b05c-a223-4bfd-a538-2cf75cc9a21f,fUST,0.000149,2,1,-1912386.18946303,demand,2026-09-28T01:47:01.334826+00:00
ca98b05c-a223-4bfd-a538-2cf75cc9a21f,fUST,0.00014806,2,2,-2346827.30931819,demand,2026-09-28T01:47:01.334826+00:00
ca98b05c-a223-4bfd-a538-2cf75cc9a21f,fUST,0.000142,45,2,-20000.0,demand,2026-09-28T01:47:01.334826+00:00
ca98b05c-a223-4bfd-a538-2cf75cc9a21f,fUST,0.0001401,13,1,-99488.31479105,demand,2026-09-28T01:47:01.334826+00:00
ca98b05c-a223-4bfd-a538-2cf75cc9a21f,fUST,0.0001401,2,1,-2000000.0,demand,2026-09-28T01:47:01.334826+00:00
ca98b05c-a223-4bfd-a538-2cf75cc9a21f,fUST,0.00014000000000000001,30,1,-28000.0,demand,2026-09-28T01:47:01.334826+00:00
ca98b05c-a223-4bfd-a538-2cf75cc9a21f,fUST,0.00018,2,1,200.0,offer,2026-09-28T01:47:01.334826+00:00
ca98b05c-a223-4bfd-a538-2cf75cc9a21f,fUST,0.000189,3,1,348.22880366,offer,2026-09-28T01:47:01.334826+00:00
ca98b05c-a223-4bfd-a538-2cf75cc9a21f,fUST,0.00018999999999999998,2,1,1508.91500254,offer,2026-09-28T01:47:01.334826+00:00
ca98b05c-a223-4bfd-a538-2cf75cc9a21f,fUST,0.00019811,2,1,500.0,offer,2026-09-28T01:47:01.334826+00:00
ca98b05c-a223-4bfd-a538-2cf75cc9a21f,fUST,0.00019835616438356165,3,1,178.81334942,offer,2026-09-28T01:47:01.334826+00:00
ca98b05c-a223-4bfd-a538-2cf75cc9a21f,fUST,0.00019998,2,2,715.71874551,offer,2026-09-28T01:47:01.334826+00:00
ca98b05c-a223-4bfd-a538-2cf75cc9a21f,fUST,0.00019999,2,1,166.84690003,offer,2026-09-28T01:47:01.334826+00:00
ca98b05c-a223-4bfd-a538-2cf75cc9a21f,fUST,0.00020999,2,1,187.20862251,offer,2026-09-28T01:47:01.334826+00:00
ca98b05c-a223-4bfd-a538-2cf75cc9a21f,fUST,0.00021,3,1,2744.0,offer,2026-09-28T01:47:01.334826+00:00
ca98b05c-a223-4bfd-a538-2cf75cc9a21f,fUST,0.000211,7,1,157.05328934,offer,2026-09-28T01:47:01.334826+00:00
ca98b05c-a223-4bfd-a538-2cf75cc9a21f,fUST,0.00021522000000000002,7,1,157.05328934,offer,2026-09-28T01:47:01.334826+00:00
ca98b05c-a223-4bfd-a538-2cf75cc9a21f,fUST,0.00021727775508,2,1,170.30621358,offer,2026-09-28T01:47:01.334826+00:00
ca98b05c-a223-4bfd-a538-2cf75cc9a21f,fUST,0.00021740821917808217,2,3,1148.28099761,offer,2026-09-28T01:47:01.334826+00:00
ca98b05c-a223-4bfd-a538-2cf75cc9a21f,fUST,0.0002188086768,2,1,172.3541766,offer,2026-09-28T01:47:01.334826+00:00
ca98b05c-a223-4bfd-a538-2cf75cc9a21f,fUST,0.000219,2,1,1069.68408875,offer,2026-09-28T01:47:01.334826+00:00
ca98b05c-a223-4bfd-a538-2cf75cc9a21f,fUST,0.0002195575,2,1,179.152484,offer,2026-09-28T01:47:01.334826+00:00
ca98b05c-a223-4bfd-a538-2cf75cc9a21f,fUST,0.00022022885511058303,2,1,417.15472785,offer,2026-09-28T01:47:01.334826+00:00
ca98b05c-a223-4bfd-a538-2cf75cc9a21f,fUST,0.00022155000000000002,7,1,157.05328934,offer,2026-09-28T01:47:01.334826+00:00
ca98b05c-a223-4bfd-a538-2cf75cc9a21f,fUST,0.00022293,2,1,189.0,offer,2026-09-28T01:47:01.334826+00:00
ca98b05c-a223-4bfd-a538-2cf75cc9a21f,fUST,0.00022788000000000002,7,1,157.05328934,offer,2026-09-28T01:47:01.334826+00:00
ca98b05c-a223-4bfd-a538-2cf75cc9a21f,fUST,0.0002332857,2,1,232.459877,offer,2026-09-28T01:47:01.334826+00:00
ca98b05c-a223-4bfd-a538-2cf75cc9a21f,fUST,0.00023632000000000004,7,1,157.05328938,offer,2026-09-28T01:47:01.334826+00:00
ca98b05c-a223-4bfd-a538-2cf75cc9a21f,fUST,0.00023671232876712331,10,1,159.0,offer,2026-09-28T01:47:01.334826+00:00
ca98b05c-a223-4bfd-a538-2cf75cc9a21f,fUST,0.00024,2,3,2798.3165,offer,2026-09-28T01:47:01.334826+00:00
ca98b05c-a223-4bfd-a538-2cf75cc9a21f,fUST,0.000240313095,2,1,218.506004,offer,2026-09-28T01:47:01.334826+00:00
2fd84e17-4d15-4400-9512-9a349df58990,fUST,0.0002671232876712329,120,1,-2653737.95372895,demand,2026-09-28T02:47:01.420024+00:00
2fd84e17-4d15-4400-9512-9a349df58990,fUST,0.000267123287,120,1,-4451.08,demand,2026-09-28T02:47:01.420024+00:00
2fd84e17-4d15-4400-9512-9a349df58990,fUST,0.0002585013698630137,60,1,-5613722.19950562,demand,2026-09-28T02:47:01.420024+00:00
2fd84e17-4d15-4400-9512-9a349df58990,fUST,0.0002574,35,1,-43242.7170701,demand,2026-09-28T02:47:01.420024+00:00
2fd84e17-4d15-4400-9512-9a349df58990,fUST,0.000257279452,45,1,-1438.99,demand,2026-09-28T02:47:01.420024+00:00
2fd84e17-4d15-4400-9512-9a349df58990,fUST,0.000256575342,35,1,-14866.01998122,demand,2026-09-28T02:47:01.420024+00:00
2fd84e17-4d15-4400-9512-9a349df58990,fUST,0.00016103,2,1,-159363.72028351,demand,2026-09-28T02:47:01.420024+00:00
2fd84e17-4d15-4400-9512-9a349df58990,fUST,0.0001601,29,1,-139823.84554117,demand,2026-09-28T02:47:01.420024+00:00
2fd84e17-4d15-4400-9512-9a349df58990,fUST,0.00016,60,18,-114200.828599,demand,2026-09-28T02:47:01.420024+00:00
2fd84e17-4d15-4400-9512-9a349df58990,fUST,0.00016,30,1,-3277.4,demand,2026-09-28T02:47:01.420024+00:00
2fd84e17-4d15-4400-9512-9a349df58990,fUST,0.00016,2,1,-4000.0,demand,2026-09-28T02:47:01.420024+00:00
2fd84e17-4d15-4400-9512-9a349df58990,fUST,0.000155,45,8,-47500.0,demand,2026-09-28T02:47:01.420024+00:00
2fd84e17-4d15-4400-9512-9a349df58990,fUST,0.000152,60,1,-28000.0,demand,2026-09-28T02:47:01.420024+00:00
2fd84e17-4d15-4400-9512-9a349df58990,fUST,0.00015,120,1,-300000.0,demand,2026-09-28T02:47:01.420024+00:00
2fd84e17-4d15-4400-9512-9a349df58990,fUST,0.00015,45,4,-18668.928077,demand,2026-09-28T02:47:01.420024+00:00
2fd84e17-4d15-4400-9512-9a349df58990,fUST,0.00015,30,14,-57500.0,demand,2026-09-28T02:47:01.420024+00:00
2fd84e17-4d15-4400-9512-9a349df58990,fUST,0.00015,6,1,-7766.14475445,demand,2026-09-28T02:47:01.420024+00:00
2fd84e17-4d15-4400-9512-9a349df58990,fUST,0.000149,2,1,-1912386.18946303,demand,2026-09-28T02:47:01.420024+00:00
2fd84e17-4d15-4400-9512-9a349df58990,fUST,0.00014806,2,2,-2346827.30931819,demand,2026-09-28T02:47:01.420024+00:00
2fd84e17-4d15-4400-9512-9a349df58990,fUST,0.000142,45,2,-20000.0,demand,2026-09-28T02:47:01.420024+00:00
2fd84e17-4d15-4400-9512-9a349df58990,fUST,0.0001401,13,1,-99488.31479105,demand,2026-09-28T02:47:01.420024+00:00
2fd84e17-4d15-4400-9512-9a349df58990,fUST,0.0001401,2,1,-2000000.0,demand,2026-09-28T02:47:01.420024+00:00
2fd84e17-4d15-4400-9512-9a349df58990,fUST,0.00014000000000000001,30,1,-28000.0,demand,2026-09-28T02:47:01.420024+00:00
2fd84e17-4d15-4400-9512-9a349df58990,fUST,0.00014,2,2,-3000.0,demand,2026-09-28T02:47:01.420024+00:00
2fd84e17-4d15-4400-9512-9a349df58990,fUST,0.0001361,30,23,-93124.47696771,demand,2026-09-28T02:47:01.420024+00:00
2fd84e17-4d15-4400-9512-9a349df58990,fUST,0.00024,2,1,156.0,offer,2026-09-28T02:47:01.420024+00:00
2fd84e17-4d15-4400-9512-9a349df58990,fUST,0.00024349,17,1,283.44884455,offer,2026-09-28T02:47:01.420024+00:00
2fd84e17-4d15-4400-9512-9a349df58990,fUST,0.00024349,2,1,500.0,offer,2026-09-28T02:47:01.420024+00:00
2fd84e17-4d15-4400-9512-9a349df58990,fUST,0.0002435,7,1,28720.81907836,offer,2026-09-28T02:47:01.420024+00:00
2fd84e17-4d15-4400-9512-9a349df58990,fUST,0.00024355,2,2,839.78455224,offer,2026-09-28T02:47:01.420024+00:00
2fd84e17-4d15-4400-9512-9a349df58990,fUST,0.00024356,2,6,30292.09378127,offer,2026-09-28T02:47:01.420024+00:00
2fd84e17-4d15-4400-9512-9a349df58990,fUST,0.00024357,2,2,38808.53268729,offer,2026-09-28T02:47:01.420024+00:00
2fd84e17-4d15-4400-9512-9a349df58990,fUST,0.00024357,17,1,370.66387364,offer,2026-09-28T02:47:01.420024+00:00
2fd84e17-4d15-4400-9512-9a349df58990,fUST,0.00024656,2,2,1000.0,offer,2026-09-28T02:47:01.420024+00:00
2fd84e17-4d15-4400-9512-9a349df58990,fUST,0.00024657,7,2,1035.57205262,offer,2026-09-28T02:47:01.420024+00:00
2fd84e17-4d15-4400-9512-9a349df58990,fUST,0.00024657,9,2,315.58456774,offer,2026-09-28T02:47:01.420024+00:00
2fd84e17-4d15-4400-9512-9a349df58990,fUST,0.00024657,2,28,37800.0,offer,2026-09-28T02:47:01.420024+00:00
2fd84e17-4d15-4400-9512-9a349df58990,fUST,0.0002465753424657534,7,1,150.0,offer,2026-09-28T02:47:01.420024+00:00
2fd84e17-4d15-4400-9512-9a349df58990,fUST,0.0002467523144328767,2,1,366.450264,offer,2026-09-28T02:47:01.420024+00:00
2fd84e17-4d15-4400-9512-9a349df58990,fUST,0.000247,2,9,15436.66,offer,2026-09-28T02:47:01.420024+00:00
2fd84e17-4d15-4400-9512-9a349df58990,fUST,0.00024735,2,2,4000.0,offer,2026-09-28T02:47:01.420024+00:00
2fd84e17-4d15-4400-9512-9a349df58990,fUST,0.00024843,10,1,600.0,offer,2026-09-28T02:47:01.420024+00:00
2fd84e17-4d15-4400-9512-9a349df58990,fUST,0.00025,2,2,732.0,offer,2026-09-28T02:47:01.420024+00:00
2fd84e17-4d15-4400-9512-9a349df58990,fUST,0.00025075,2,1,1000.0,offer,2026-09-28T02:47:01.420024+00:00
2fd84e17-4d15-4400-9512-9a349df58990,fUST,0.0002552666160853771,2,1,538.43647525,offer,2026-09-28T02:47:01.420024+00:00
2fd84e17-4d15-4400-9512-9a349df58990,fUST,0.00025562,2,25,10570.00011612,offer,2026-09-28T02:47:01.420024+00:00
2fd84e17-4d15-4400-9512-9a349df58990,fUST,0.0002567199856657534,2,1,366.450264,offer,2026-09-28T02:47:01.420024+00:00
2fd84e17-4d15-4400-9512-9a349df58990,fUST,0.00025769061121210174,2,1,538.43647525,offer,2026-09-28T02:47:01.420024+00:00
2fd84e17-4d15-4400-9512-9a349df58990,fUST,0.0002583595963475324,2,1,538.43647525,offer,2026-09-28T02:47:01.420024+00:00
2fd84e17-4d15-4400-9512-9a349df58990,fUST,0.00025836,2,2,414.07398833,offer,2026-09-28T02:47:01.420024+00:00
88f4dc7b-f4be-44f5-932d-3cf6d63b8e2c,fUST,0.0002671232876712329,120,1,-2633140.95372895,demand,2026-09-28T03:47:01.475039+00:00
88f4dc7b-f4be-44f5-932d-3cf6d63b8e2c,fUST,0.000267123287,120,1,-4451.08,demand,2026-09-28T03:47:01.475039+00:00
88f4dc7b-f4be-44f5-932d-3cf6d63b8e2c,fUST,0.00025865205479452054,60,1,-5610954.67612308,demand,2026-09-28T03:47:01.475039+00:00
88f4dc7b-f4be-44f5-932d-3cf6d63b8e2c,fUST,0.0002574,35,1,-42142.3070726,demand,2026-09-28T03:47:01.475039+00:00
88f4dc7b-f4be-44f5-932d-3cf6d63b8e2c,fUST,0.000257279452,45,1,-1438.99,demand,2026-09-28T03:47:01.475039+00:00
88f4dc7b-f4be-44f5-932d-3cf6d63b8e2c,fUST,0.000256575342,35,1,-14866.01998122,demand,2026-09-28T03:47:01.475039+00:00
88f4dc7b-f4be-44f5-932d-3cf6d63b8e2c,fUST,0.00016113,2,1,-1053.51534956,demand,2026-09-28T03:47:01.475039+00:00
88f4dc7b-f4be-44f5-932d-3cf6d63b8e2c,fUST,0.00016103,2,1,-159363.72028351,demand,2026-09-28T03:47:01.475039+00:00
88f4dc7b-f4be-44f5-932d-3cf6d63b8e2c,fUST,0.0001601,29,1,-139823.84554117,demand,2026-09-28T03:47:01.475039+00:00
88f4dc7b-f4be-44f5-932d-3cf6d63b8e2c,fUST,0.00016,60,18,-114200.828599,demand,2026-09-28T03:47:01.475039+00:00
88f4dc7b-f4be-44f5-932d-3cf6d63b8e2c,fUST,0.00016,30,1,-3277.4,demand,2026-09-28T03:47:01.475039+00:00
88f4dc7b-f4be-44f5-932d-3cf6d63b8e2c,fUST,0.00016,2,1,-4000.0,demand,2026-09-28T03:47:01.475039+00:00
88f4dc7b-f4be-44f5-932d-3cf6d63b8e2c,fUST,0.000155,45,8,-47500.0,demand,2026-09-28T03:47:01.475039+00:00
88f4dc7b-f4be-44f5-932d-3cf6d63b8e2c,fUST,0.000152,60,1,-28000.0,demand,2026-09-28T03:47:01.475039+00:00
88f4dc7b-f4be-44f5-932d-3cf6d63b8e2c,fUST,0.00015,120,1,-300000.0,demand,2026-09-28T03:47:01.475039+00:00
88f4dc7b-f4be-44f5-932d-3cf6d63b8e2c,fUST,0.00015,45,4,-18668.928077,demand,2026-09-28T03:47:01.475039+00:00
88f4dc7b-f4be-44f5-932d-3cf6d63b8e2c,fUST,0.00015,30,14,-57500.0,demand,2026-09-28T03:47:01.475039+00:00
88f4dc7b-f4be-44f5-932d-3cf6d63b8e2c,fUST,0.00015,6,1,-7766.14475445,demand,2026-09-28T03:47:01.475039+00:00
88f4dc7b-f4be-44f5-932d-3cf6d63b8e2c,fUST,0.000149,2,1,-1912386.18946303,demand,2026-09-28T03:47:01.475039+00:00
88f4dc7b-f4be-44f5-932d-3cf6d63b8e2c,fUST,0.00014806,2,2,-2346827.30931819,demand,2026-09-28T03:47:01.475039+00:00
88f4dc7b-f4be-44f5-932d-3cf6d63b8e2c,fUST,0.000142,45,2,-20000.0,demand,2026-09-28T03:47:01.475039+00:00
88f4dc7b-f4be-44f5-932d-3cf6d63b8e2c,fUST,0.0001401,13,1,-99488.31479105,demand,2026-09-28T03:47:01.475039+00:00
88f4dc7b-f4be-44f5-932d-3cf6d63b8e2c,fUST,0.0001401,2,1,-2000000.0,demand,2026-09-28T03:47:01.475039+00:00
88f4dc7b-f4be-44f5-932d-3cf6d63b8e2c,fUST,0.00014000000000000001,30,1,-28000.0,demand,2026-09-28T03:47:01.475039+00:00
88f4dc7b-f4be-44f5-932d-3cf6d63b8e2c,fUST,0.00014,2,2,-3000.0,demand,2026-09-28T03:47:01.475039+00:00
88f4dc7b-f4be-44f5-932d-3cf6d63b8e2c,fUST,0.0001662702,7,1,137.5833325,offer,2026-09-28T03:47:01.475039+00:00
88f4dc7b-f4be-44f5-932d-3cf6d63b8e2c,fUST,0.0001881,2,1,246.62021525,offer,2026-09-28T03:47:01.475039+00:00
88f4dc7b-f4be-44f5-932d-3cf6d63b8e2c,fUST,0.00018999999999999998,2,1,200.49502136,offer,2026-09-28T03:47:01.475039+00:00
88f4dc7b-f4be-44f5-932d-3cf6d63b8e2c,fUST,0.00019178,2,1,300.0,offer,2026-09-28T03:47:01.475039+00:00
88f4dc7b-f4be-44f5-932d-3cf6d63b8e2c,fUST,0.0001954815,2,1,180.66800717,offer,2026-09-28T03:47:01.475039+00:00
88f4dc7b-f4be-44f5-932d-3cf6d63b8e2c,fUST,0.00019552930463972995,2,1,4105.51682619,offer,2026-09-28T03:47:01.475039+00:00
88f4dc7b-f4be-44f5-932d-3cf6d63b8e2c,fUST,0.00019795,2,1,1986.97515551,offer,2026-09-28T03:47:01.475039+00:00
88f4dc7b-f4be-44f5-932d-3cf6d63b8e2c,fUST,0.00019882949657534245,2,1,776.95775449,offer,2026-09-28T03:47:01.475039+00:00
88f4dc7b-f4be-44f5-932d-3cf6d63b8e2c,fUST,0.0001989041095890411,3,1,195.29803141,offer,2026-09-28T03:47:01.475039+00:00
88f4dc7b-f4be-44f5-932d-3cf6d63b8e2c,fUST,0.00019999,2,23,3629.41,offer,2026-09-28T03:47:01.475039+00:00
88f4dc7b-f4be-44f5-932d-3cf6d63b8e2c,fUST,0.00020398,2,1,600.0,offer,2026-09-28T03:47:01.475039+00:00
88f4dc7b-f4be-44f5-932d-3cf6d63b8e2c,fUST,0.0002057948,2,1,554.4280675,offer,2026-09-28T03:47:01.475039+00:00
88f4dc7b-f4be-44f5-932d-3cf6d63b8e2c,fUST,0.00020754818493150685,2,8,2257.89517051,offer,2026-09-28T03:47:01.475039+00:00
88f4dc7b-f4be-44f5-932d-3cf6d63b8e2c,fUST,0.00020785671232876712,2,2,376.14773934,offer,2026-09-28T03:47:01.475039+00:00
88f4dc7b-f4be-44f5-932d-3cf6d63b8e2c,fUST,0.0002091625,2,1,7215.5585369,offer,2026-09-28T03:47:01.475039+00:00
88f4dc7b-f4be-44f5-932d-3cf6d63b8e2c,fUST,0.00021336064383561642,2,23,6282.25745837,offer,2026-09-28T03:47:01.475039+00:00
88f4dc7b-f4be-44f5-932d-3cf6d63b8e2c,fUST,0.00021336164383561643,2,1,500.0,offer,2026-09-28T03:47:01.475039+00:00
88f4dc7b-f4be-44f5-932d-3cf6d63b8e2c,fUST,0.0002136763835616438,2,4,1280.23834904,offer,2026-09-28T03:47:01.475039+00:00
88f4dc7b-f4be-44f5-932d-3cf6d63b8e2c,fUST,0.000216,2,2,5371.406,offer,2026-09-28T03:47:01.475039+00:00
88f4dc7b-f4be-44f5-932d-3cf6d63b8e2c,fUST,0.0002161013698630137,2,1,500.0,offer,2026-09-28T03:47:01.475039+00:00
88f4dc7b-f4be-44f5-932d-3cf6d63b8e2c,fUST,0.0002170885671,2,1,1364.868376,offer,2026-09-28T03:47:01.475039+00:00
88f4dc7b-f4be-44f5-932d-3cf6d63b8e2c,fUST,0.00021723,2,1,500.0,offer,2026-09-28T03:47:01.475039+00:00
88f4dc7b-f4be-44f5-932d-3cf6d63b8e2c,fUST,0.00021723561643835615,2,34,11172.36727761,offer,2026-09-28T03:47:01.475039+00:00
88f4dc7b-f4be-44f5-932d-3cf6d63b8e2c,fUST,0.00021755616438356163,2,7,2458.45277971,offer,2026-09-28T03:47:01.475039+00:00
88f4dc7b-f4be-44f5-932d-3cf6d63b8e2c,fUST,0.00021884109589041096,2,1,500.0,offer,2026-09-28T03:47:01.475039+00:00
27c6768d-05b5-40af-87d8-cd8378814166,fUST,0.0002671232876712329,120,1,-2633140.95372895,demand,2026-09-28T04:47:01.450969+00:00
27c6768d-05b5-40af-87d8-cd8378814166,fUST,0.000267123287,120,1,-4451.08,demand,2026-09-28T04:47:01.450969+00:00
27c6768d-05b5-40af-87d8-cd8378814166,fUST,0.00026035890410958904,60,1,-5608302.18145705,demand,2026-09-28T04:47:01.450969+00:00
27c6768d-05b5-40af-87d8-cd8378814166,fUST,0.0002574,35,1,-41793.8970726,demand,2026-09-28T04:47:01.450969+00:00
27c6768d-05b5-40af-87d8-cd8378814166,fUST,0.000257279452,45,1,-1438.99,demand,2026-09-28T04:47:01.450969+00:00
27c6768d-05b5-40af-87d8-cd8378814166,fUST,0.000256575342,35,1,-14866.01998122,demand,2026-09-28T04:47:01.450969+00:00
27c6768d-05b5-40af-87d8-cd8378814166,fUST,0.00016113,2,1,-138.37908035,demand,2026-09-28T04:47:01.450969+00:00
27c6768d-05b5-40af-87d8-cd8378814166,fUST,0.00016103,2,1,-159363.72028351,demand,2026-09-28T04:47:01.450969+00:00
27c6768d-05b5-40af-87d8-cd8378814166,fUST,0.0001601,29,1,-139823.84554117,demand,2026-09-28T04:47:01.450969+00:00
27c6768d-05b5-40af-87d8-cd8378814166,fUST,0.00016,60,18,-114200.828599,demand,2026-09-28T04:47:01.450969+00:00
27c6768d-05b5-40af-87d8-cd8378814166,fUST,0.00016,30,1,-3277.4,demand,2026-09-28T04:47:01.450969+00:00
27c6768d-05b5-40af-87d8-cd8378814166,fUST,0.00016,2,1,-4000.0,demand,2026-09-28T04:47:01.450969+00:00
27c6768d-05b5-40af-87d8-cd8378814166,fUST,0.000155,45,8,-47500.0,demand,2026-09-28T04:47:01.450969+00:00
27c6768d-05b5-40af-87d8-cd8378814166,fUST,0.000152,60,1,-28000.0,demand,2026-09-28T04:47:01.450969+00:00
27c6768d-05b5-40af-87d8-cd8378814166,fUST,0.00015,120,1,-300000.0,demand,2026-09-28T04:47:01.450969+00:00
27c6768d-05b5-40af-87d8-cd8378814166,fUST,0.00015,45,4,-18668.928077,demand,2026-09-28T04:47:01.450969+00:00
27c6768d-05b5-40af-87d8-cd8378814166,fUST,0.00015,30,14,-57500.0,demand,2026-09-28T04:47:01.450969+00:00
27c6768d-05b5-40af-87d8-cd8378814166,fUST,0.00015,6,1,-7766.14475445,demand,2026-09-28T04:47:01.450969+00:00
27c6768d-05b5-40af-87d8-cd8378814166,fUST,0.000149,2,1,-1912386.18946303,demand,2026-09-28T04:47:01.450969+00:00
27c6768d-05b5-40af-87d8-cd8378814166,fUST,0.00014806,2,2,-2346827.30931819,demand,2026-09-28T04:47:01.450969+00:00
27c6768d-05b5-40af-87d8-cd8378814166,fUST,0.000142,45,2,-20000.0,demand,2026-09-28T04:47:01.450969+00:00
27c6768d-05b5-40af-87d8-cd8378814166,fUST,0.0001401,13,1,-99488.31479105,demand,2026-09-28T04:47:01.450969+00:00
27c6768d-05b5-40af-87d8-cd8378814166,fUST,0.0001401,2,1,-2000000.0,demand,2026-09-28T04:47:01.450969+00:00
27c6768d-05b5-40af-87d8-cd8378814166,fUST,0.00014000000000000001,30,1,-28000.0,demand,2026-09-28T04:47:01.450969+00:00
27c6768d-05b5-40af-87d8-cd8378814166,fUST,0.00014,2,2,-3000.0,demand,2026-09-28T04:47:01.450969+00:00
27c6768d-05b5-40af-87d8-cd8378814166,fUST,0.00024,2,1,153.0,offer,2026-09-28T04:47:01.450969+00:00
27c6768d-05b5-40af-87d8-cd8378814166,fUST,0.00025,2,1,153.0,offer,2026-09-28T04:47:01.450969+00:00
27c6768d-05b5-40af-87d8-cd8378814166,fUST,0.0002506763,2,1,2641.48596985,offer,2026-09-28T04:47:01.450969+00:00
27c6768d-05b5-40af-87d8-cd8378814166,fUST,0.00025532583174597275,2,1,221.87012687,offer,2026-09-28T04:47:01.450969+00:00
27c6768d-05b5-40af-87d8-cd8378814166,fUST,0.00025615,2,1,274.508873,offer,2026-09-28T04:47:01.450969+00:00
27c6768d-05b5-40af-87d8-cd8378814166,fUST,0.0002568013,2,1,182.5422362,offer,2026-09-28T04:47:01.450969+00:00
27c6768d-05b5-40af-87d8-cd8378814166,fUST,0.0002579963,2,1,11730.083497,offer,2026-09-28T04:47:01.450969+00:00
27c6768d-05b5-40af-87d8-cd8378814166,fUST,0.00026,2,1,154.0,offer,2026-09-28T04:47:01.450969+00:00
27c6768d-05b5-40af-87d8-cd8378814166,fUST,0.0002600811,2,1,981.9424743,offer,2026-09-28T04:47:01.450969+00:00
27c6768d-05b5-40af-87d8-cd8378814166,fUST,0.00026034890410958904,2,5,1321.46861079,offer,2026-09-28T04:47:01.450969+00:00
27c6768d-05b5-40af-87d8-cd8378814166,fUST,0.00026035890410958904,2,1,227.40600426,offer,2026-09-28T04:47:01.450969+00:00
27c6768d-05b5-40af-87d8-cd8378814166,fUST,0.00026541517808219175,7,1,301.03890682,offer,2026-09-28T04:47:01.450969+00:00
27c6768d-05b5-40af-87d8-cd8378814166,fUST,0.00027,120,1,249.30158,offer,2026-09-28T04:47:01.450969+00:00
27c6768d-05b5-40af-87d8-cd8378814166,fUST,0.0002708699,2,1,180.6415981,offer,2026-09-28T04:47:01.450969+00:00
27c6768d-05b5-40af-87d8-cd8378814166,fUST,0.0002732682,120,1,3292.1342033,offer,2026-09-28T04:47:01.450969+00:00
27c6768d-05b5-40af-87d8-cd8378814166,fUST,0.000278,17,1,312.771,offer,2026-09-28T04:47:01.450969+00:00
27c6768d-05b5-40af-87d8-cd8378814166,fUST,0.00027898,15,1,474.69357699,offer,2026-09-28T04:47:01.450969+00:00
27c6768d-05b5-40af-87d8-cd8378814166,fUST,0.00027898,120,1,500.0,offer,2026-09-28T04:47:01.450969+00:00
27c6768d-05b5-40af-87d8-cd8378814166,fUST,0.000279,3,3,4327.752,offer,2026-09-28T04:47:01.450969+00:00
27c6768d-05b5-40af-87d8-cd8378814166,fUST,0.000279,5,1,1308.26,offer,2026-09-28T04:47:01.450969+00:00
27c6768d-05b5-40af-87d8-cd8378814166,fUST,0.000279,2,1,1939.02,offer,2026-09-28T04:47:01.450969+00:00
27c6768d-05b5-40af-87d8-cd8378814166,fUST,0.00028102783561643834,7,1,451.55836023,offer,2026-09-28T04:47:01.450969+00:00
27c6768d-05b5-40af-87d8-cd8378814166,fUST,0.0002827696446,2,1,225.203752,offer,2026-09-28T04:47:01.450969+00:00
27c6768d-05b5-40af-87d8-cd8378814166,fUST,0.000312376,2,2,642.0,offer,2026-09-28T04:47:01.450969+00:00
27c6768d-05b5-40af-87d8-cd8378814166,fUST,0.00032435,120,1,500.0,offer,2026-09-28T04:47:01.450969+00:00
9214e2a4-5191-4269-aa13-5789e0a46a3e,fUST,0.0002671232876712329,120,1,-2633140.95372895,demand,2026-09-28T05:47:01.211943+00:00
9214e2a4-5191-4269-aa13-5789e0a46a3e,fUST,0.000267123287,120,1,-4451.08,demand,2026-09-28T05:47:01.211943+00:00
9214e2a4-5191-4269-aa13-5789e0a46a3e,fUST,0.0002621150684931507,60,1,-5606238.11486063,demand,2026-09-28T05:47:01.211943+00:00
9214e2a4-5191-4269-aa13-5789e0a46a3e,fUST,0.0002574,35,1,-40115.89644578,demand,2026-09-28T05:47:01.211943+00:00
9214e2a4-5191-4269-aa13-5789e0a46a3e,fUST,0.000257279452,45,1,-1438.99,demand,2026-09-28T05:47:01.211943+00:00
9214e2a4-5191-4269-aa13-5789e0a46a3e,fUST,0.000256575342,35,1,-14866.01998122,demand,2026-09-28T05:47:01.211943+00:00
9214e2a4-5191-4269-aa13-5789e0a46a3e,fUST,0.00016113,2,2,-2500.028311,demand,2026-09-28T05:47:01.211943+00:00
9214e2a4-5191-4269-aa13-5789e0a46a3e,fUST,0.00016103,2,1,-132296.0170355,demand,2026-09-28T05:47:01.211943+00:00
9214e2a4-5191-4269-aa13-5789e0a46a3e,fUST,0.0001601,29,1,-139823.84554117,demand,2026-09-28T05:47:01.211943+00:00
9214e2a4-5191-4269-aa13-5789e0a46a3e,fUST,0.00016,60,18,-114200.828599,demand,2026-09-28T05:47:01.211943+00:00
9214e2a4-5191-4269-aa13-5789e0a46a3e,fUST,0.00016,30,1,-3277.4,demand,2026-09-28T05:47:01.211943+00:00
9214e2a4-5191-4269-aa13-5789e0a46a3e,fUST,0.00016,2,1,-4000.0,demand,2026-09-28T05:47:01.211943+00:00
9214e2a4-5191-4269-aa13-5789e0a46a3e,fUST,0.000155,45,8,-47500.0,demand,2026-09-28T05:47:01.211943+00:00
9214e2a4-5191-4269-aa13-5789e0a46a3e,fUST,0.000152,60,1,-28000.0,demand,2026-09-28T05:47:01.211943+00:00
9214e2a4-5191-4269-aa13-5789e0a46a3e,fUST,0.00015,120,1,-300000.0,demand,2026-09-28T05:47:01.211943+00:00
9214e2a4-5191-4269-aa13-5789e0a46a3e,fUST,0.00015,45,4,-18668.928077,demand,2026-09-28T05:47:01.211943+00:00
9214e2a4-5191-4269-aa13-5789e0a46a3e,fUST,0.00015,30,14,-57500.0,demand,2026-09-28T05:47:01.211943+00:00
9214e2a4-5191-4269-aa13-5789e0a46a3e,fUST,0.00015,6,1,-7766.14475445,demand,2026-09-28T05:47:01.211943+00:00
9214e2a4-5191-4269-aa13-5789e0a46a3e,fUST,0.000149,2,1,-1912386.18946303,demand,2026-09-28T05:47:01.211943+00:00
9214e2a4-5191-4269-aa13-5789e0a46a3e,fUST,0.00014806,2,2,-2346827.30931819,demand,2026-09-28T05:47:01.211943+00:00
9214e2a4-5191-4269-aa13-5789e0a46a3e,fUST,0.000142,45,2,-20000.0,demand,2026-09-28T05:47:01.211943+00:00
9214e2a4-5191-4269-aa13-5789e0a46a3e,fUST,0.0001401,13,1,-99488.31479105,demand,2026-09-28T05:47:01.211943+00:00
9214e2a4-5191-4269-aa13-5789e0a46a3e,fUST,0.0001401,2,1,-2000000.0,demand,2026-09-28T05:47:01.211943+00:00
9214e2a4-5191-4269-aa13-5789e0a46a3e,fUST,0.00014000000000000001,30,1,-28000.0,demand,2026-09-28T05:47:01.211943+00:00
9214e2a4-5191-4269-aa13-5789e0a46a3e,fUST,0.00014,2,2,-3000.0,demand,2026-09-28T05:47:01.211943+00:00
9214e2a4-5191-4269-aa13-5789e0a46a3e,fUST,0.00017,2,1,3041.75249805,offer,2026-09-28T05:47:01.211943+00:00
9214e2a4-5191-4269-aa13-5789e0a46a3e,fUST,0.00019393,2,2,465.68,offer,2026-09-28T05:47:01.211943+00:00
9214e2a4-5191-4269-aa13-5789e0a46a3e,fUST,0.0001958915,2,2,302.0,offer,2026-09-28T05:47:01.211943+00:00
9214e2a4-5191-4269-aa13-5789e0a46a3e,fUST,0.00019999,2,1,505.43427809,offer,2026-09-28T05:47:01.211943+00:00
9214e2a4-5191-4269-aa13-5789e0a46a3e,fUST,0.00020095,2,1,153.85815595,offer,2026-09-28T05:47:01.211943+00:00
9214e2a4-5191-4269-aa13-5789e0a46a3e,fUST,0.00020195,2,1,269.19,offer,2026-09-28T05:47:01.211943+00:00
9214e2a4-5191-4269-aa13-5789e0a46a3e,fUST,0.00020598,2,15,4500.0,offer,2026-09-28T05:47:01.211943+00:00
9214e2a4-5191-4269-aa13-5789e0a46a3e,fUST,0.00021009,2,1,600.0,offer,2026-09-28T05:47:01.211943+00:00
9214e2a4-5191-4269-aa13-5789e0a46a3e,fUST,0.00021195,2,1,269.182186,offer,2026-09-28T05:47:01.211943+00:00
9214e2a4-5191-4269-aa13-5789e0a46a3e,fUST,0.0002210191780821918,2,1,151.24879008,offer,2026-09-28T05:47:01.211943+00:00
9214e2a4-5191-4269-aa13-5789e0a46a3e,fUST,0.00022492,2,6,1007.93530664,offer,2026-09-28T05:47:01.211943+00:00
9214e2a4-5191-4269-aa13-5789e0a46a3e,fUST,0.0002311,10,1,720.0,offer,2026-09-28T05:47:01.211943+00:00
9214e2a4-5191-4269-aa13-5789e0a46a3e,fUST,0.00024,2,1,156.0,offer,2026-09-28T05:47:01.211943+00:00
9214e2a4-5191-4269-aa13-5789e0a46a3e,fUST,0.00025,2,1,156.0,offer,2026-09-28T05:47:01.211943+00:00
9214e2a4-5191-4269-aa13-5789e0a46a3e,fUST,0.0002535053,2,1,5250.896663,offer,2026-09-28T05:47:01.211943+00:00
9214e2a4-5191-4269-aa13-5789e0a46a3e,fUST,0.00025421,10,1,864.0,offer,2026-09-28T05:47:01.211943+00:00
9214e2a4-5191-4269-aa13-5789e0a46a3e,fUST,0.0002574979,2,1,2697.6328799,offer,2026-09-28T05:47:01.211943+00:00
9214e2a4-5191-4269-aa13-5789e0a46a3e,fUST,0.0002592404,2,1,176.223257,offer,2026-09-28T05:47:01.211943+00:00
9214e2a4-5191-4269-aa13-5789e0a46a3e,fUST,0.00026,2,1,156.0,offer,2026-09-28T05:47:01.211943+00:00
9214e2a4-5191-4269-aa13-5789e0a46a3e,fUST,0.0002621150684931507,6,1,151.0,offer,2026-09-28T05:47:01.211943+00:00
9214e2a4-5191-4269-aa13-5789e0a46a3e,fUST,0.000267,2,1,307.49,offer,2026-09-28T05:47:01.211943+00:00
9214e2a4-5191-4269-aa13-5789e0a46a3e,fUST,0.0002671232876712329,120,4,1563.03,offer,2026-09-28T05:47:01.211943+00:00
9214e2a4-5191-4269-aa13-5789e0a46a3e,fUST,0.00027,120,1,249.30158,offer,2026-09-28T05:47:01.211943+00:00
9214e2a4-5191-4269-aa13-5789e0a46a3e,fUST,0.00027,2,1,156.0,offer,2026-09-28T05:47:01.211943+00:00
9214e2a4-5191-4269-aa13-5789e0a46a3e,fUST,0.00027962,120,1,438.16878139,offer,2026-09-28T05:47:01.211943+00:00
8c222aee-804a-4958-8f93-667d215c013e,fUST,0.0002671232876712329,120,1,-2633140.95372895,demand,2026-09-28T06:47:01.676883+00:00
8c222aee-804a-4958-8f93-667d215c013e,fUST,0.000267123287,120,1,-4451.08,demand,2026-09-28T06:47:01.676883+00:00
8c222aee-804a-4958-8f93-667d215c013e,fUST,0.00026325753424657534,60,1,-5504921.89403963,demand,2026-09-28T06:47:01.676883+00:00
8c222aee-804a-4958-8f93-667d215c013e,fUST,0.0002574,35,1,-40115.89644578,demand,2026-09-28T06:47:01.676883+00:00
8c222aee-804a-4958-8f93-667d215c013e,fUST,0.000257279452,45,1,-1438.99,demand,2026-09-28T06:47:01.676883+00:00
8c222aee-804a-4958-8f93-667d215c013e,fUST,0.000256575342,35,1,-14866.01998122,demand,2026-09-28T06:47:01.676883+00:00
8c222aee-804a-4958-8f93-667d215c013e,fUST,0.00016103,2,1,-122618.02173488,demand,2026-09-28T06:47:01.676883+00:00
8c222aee-804a-4958-8f93-667d215c013e,fUST,0.0001601,29,1,-139823.84554117,demand,2026-09-28T06:47:01.676883+00:00
8c222aee-804a-4958-8f93-667d215c013e,fUST,0.00016,60,18,-114200.828599,demand,2026-09-28T06:47:01.676883+00:00
8c222aee-804a-4958-8f93-667d215c013e,fUST,0.00016,30,1,-3277.4,demand,2026-09-28T06:47:01.676883+00:00
8c222aee-804a-4958-8f93-667d215c013e,fUST,0.00016,2,1,-4000.0,demand,2026-09-28T06:47:01.676883+00:00
8c222aee-804a-4958-8f93-667d215c013e,fUST,0.000155,45,8,-47500.0,demand,2026-09-28T06:47:01.676883+00:00
8c222aee-804a-4958-8f93-667d215c013e,fUST,0.000152,60,1,-28000.0,demand,2026-09-28T06:47:01.676883+00:00
8c222aee-804a-4958-8f93-667d215c013e,fUST,0.00015,120,1,-300000.0,demand,2026-09-28T06:47:01.676883+00:00
8c222aee-804a-4958-8f93-667d215c013e,fUST,0.00015,45,4,-18668.928077,demand,2026-09-28T06:47:01.676883+00:00
8c222aee-804a-4958-8f93-667d215c013e,fUST,0.00015,30,14,-57500.0,demand,2026-09-28T06:47:01.676883+00:00
8c222aee-804a-4958-8f93-667d215c013e,fUST,0.00015,6,1,-7766.14475445,demand,2026-09-28T06:47:01.676883+00:00
8c222aee-804a-4958-8f93-667d215c013e,fUST,0.000149,2,1,-1912386.18946303,demand,2026-09-28T06:47:01.676883+00:00
8c222aee-804a-4958-8f93-667d215c013e,fUST,0.00014806,2,2,-2346827.30931819,demand,2026-09-28T06:47:01.676883+00:00
8c222aee-804a-4958-8f93-667d215c013e,fUST,0.000142,45,2,-20000.0,demand,2026-09-28T06:47:01.676883+00:00
8c222aee-804a-4958-8f93-667d215c013e,fUST,0.0001401,13,1,-99488.31479105,demand,2026-09-28T06:47:01.676883+00:00
8c222aee-804a-4958-8f93-667d215c013e,fUST,0.0001401,2,1,-2000000.0,demand,2026-09-28T06:47:01.676883+00:00
8c222aee-804a-4958-8f93-667d215c013e,fUST,0.00014000000000000001,30,1,-28000.0,demand,2026-09-28T06:47:01.676883+00:00
8c222aee-804a-4958-8f93-667d215c013e,fUST,0.00014,2,2,-3000.0,demand,2026-09-28T06:47:01.676883+00:00
8c222aee-804a-4958-8f93-667d215c013e,fUST,0.0001361,30,23,-93124.47696771,demand,2026-09-28T06:47:01.676883+00:00
8c222aee-804a-4958-8f93-667d215c013e,fUST,0.0001872585,2,1,151.0,offer,2026-09-28T06:47:01.676883+00:00
8c222aee-804a-4958-8f93-667d215c013e,fUST,0.00019305,2,1,2543.76754771,offer,2026-09-28T06:47:01.676883+00:00
8c222aee-804a-4958-8f93-667d215c013e,fUST,0.00019399,2,1,156.21134756,offer,2026-09-28T06:47:01.676883+00:00
8c222aee-804a-4958-8f93-667d215c013e,fUST,0.00019499,2,1,500.0,offer,2026-09-28T06:47:01.676883+00:00
8c222aee-804a-4958-8f93-667d215c013e,fUST,0.000195,2,1,22024.16570006,offer,2026-09-28T06:47:01.676883+00:00
8c222aee-804a-4958-8f93-667d215c013e,fUST,0.00021221,2,1,180.34,offer,2026-09-28T06:47:01.676883+00:00
8c222aee-804a-4958-8f93-667d215c013e,fUST,0.00021582,2,1,161.314,offer,2026-09-28T06:47:01.676883+00:00
8c222aee-804a-4958-8f93-667d215c013e,fUST,0.00021814531506849315,2,1,338.54261276,offer,2026-09-28T06:47:01.676883+00:00
8c222aee-804a-4958-8f93-667d215c013e,fUST,0.0002220931506849315,2,3,536.13322777,offer,2026-09-28T06:47:01.676883+00:00
8c222aee-804a-4958-8f93-667d215c013e,fUST,0.0002306242433044793,2,1,221.87012687,offer,2026-09-28T06:47:01.676883+00:00
8c222aee-804a-4958-8f93-667d215c013e,fUST,0.00024,2,1,157.0,offer,2026-09-28T06:47:01.676883+00:00
8c222aee-804a-4958-8f93-667d215c013e,fUST,0.00025,2,1,157.0,offer,2026-09-28T06:47:01.676883+00:00
8c222aee-804a-4958-8f93-667d215c013e,fUST,0.00025068,2,1,166.980631,offer,2026-09-28T06:47:01.676883+00:00
8c222aee-804a-4958-8f93-667d215c013e,fUST,0.00026,2,1,157.0,offer,2026-09-28T06:47:01.676883+00:00
8c222aee-804a-4958-8f93-667d215c013e,fUST,0.00026325753424657534,6,1,151.0,offer,2026-09-28T06:47:01.676883+00:00
8c222aee-804a-4958-8f93-667d215c013e,fUST,0.00027,2,1,157.0,offer,2026-09-28T06:47:01.676883+00:00
8c222aee-804a-4958-8f93-667d215c013e,fUST,0.00028,2,1,157.0,offer,2026-09-28T06:47:01.676883+00:00
8c222aee-804a-4958-8f93-667d215c013e,fUST,0.00029,2,1,157.0,offer,2026-09-28T06:47:01.676883+00:00
8c222aee-804a-4958-8f93-667d215c013e,fUST,0.00029,30,1,160.0,offer,2026-09-28T06:47:01.676883+00:00
8c222aee-804a-4958-8f93-667d215c013e,fUST,0.00034645,2,1,200.0,offer,2026-09-28T06:47:01.676883+00:00
8c222aee-804a-4958-8f93-667d215c013e,fUST,0.0003469,7,2,404.74504002,offer,2026-09-28T06:47:01.676883+00:00
8c222aee-804a-4958-8f93-667d215c013e,fUST,0.00035171,2,1,200.0,offer,2026-09-28T06:47:01.676883+00:00
8c222aee-804a-4958-8f93-667d215c013e,fUST,0.000353838,7,2,404.74504002,offer,2026-09-28T06:47:01.676883+00:00
8c222aee-804a-4958-8f93-667d215c013e,fUST,0.0003567484,2,1,174.064673,offer,2026-09-28T06:47:01.676883+00:00
8c222aee-804a-4958-8f93-667d215c013e,fUST,0.00035698,2,1,200.0,offer,2026-09-28T06:47:01.676883+00:00
6121514e-f05c-464c-85c4-0d5a96859f53,fUST,0.0002671232876712329,120,1,-2624081.71756629,demand,2026-09-28T07:47:01.780619+00:00
6121514e-f05c-464c-85c4-0d5a96859f53,fUST,0.000267123287,120,1,-4451.08,demand,2026-09-28T07:47:01.780619+00:00
6121514e-f05c-464c-85c4-0d5a96859f53,fUST,0.00026441643835616437,60,1,-5497691.98403963,demand,2026-09-28T07:47:01.780619+00:00
6121514e-f05c-464c-85c4-0d5a96859f53,fUST,0.0002574,35,1,-39829.70644578,demand,2026-09-28T07:47:01.780619+00:00
6121514e-f05c-464c-85c4-0d5a96859f53,fUST,0.000257279452,45,1,-1438.99,demand,2026-09-28T07:47:01.780619+00:00
6121514e-f05c-464c-85c4-0d5a96859f53,fUST,0.000256575342,35,1,-14866.01998122,demand,2026-09-28T07:47:01.780619+00:00
6121514e-f05c-464c-85c4-0d5a96859f53,fUST,0.00016113,2,1,-2500.04457,demand,2026-09-28T07:47:01.780619+00:00
6121514e-f05c-464c-85c4-0d5a96859f53,fUST,0.00016103,2,1,-114728.14323173,demand,2026-09-28T07:47:01.780619+00:00
6121514e-f05c-464c-85c4-0d5a96859f53,fUST,0.0001601,29,1,-139823.84554117,demand,2026-09-28T07:47:01.780619+00:00
6121514e-f05c-464c-85c4-0d5a96859f53,fUST,0.00016,60,18,-114200.828599,demand,2026-09-28T07:47:01.780619+00:00
6121514e-f05c-464c-85c4-0d5a96859f53,fUST,0.00016,30,1,-3277.4,demand,2026-09-28T07:47:01.780619+00:00
6121514e-f05c-464c-85c4-0d5a96859f53,fUST,0.00016,2,1,-4000.0,demand,2026-09-28T07:47:01.780619+00:00
6121514e-f05c-464c-85c4-0d5a96859f53,fUST,0.000155,45,8,-47500.0,demand,2026-09-28T07:47:01.780619+00:00
6121514e-f05c-464c-85c4-0d5a96859f53,fUST,0.000153,7,1,-2485.0,demand,2026-09-28T07:47:01.780619+00:00
6121514e-f05c-464c-85c4-0d5a96859f53,fUST,0.000152,60,1,-28000.0,demand,2026-09-28T07:47:01.780619+00:00
6121514e-f05c-464c-85c4-0d5a96859f53,fUST,0.00015,120,1,-300000.0,demand,2026-09-28T07:47:01.780619+00:00
6121514e-f05c-464c-85c4-0d5a96859f53,fUST,0.00015,45,4,-18668.928077,demand,2026-09-28T07:47:01.780619+00:00
6121514e-f05c-464c-85c4-0d5a96859f53,fUST,0.00015,30,14,-57500.0,demand,2026-09-28T07:47:01.780619+00:00
6121514e-f05c-464c-85c4-0d5a96859f53,fUST,0.00015,6,1,-7766.14475445,demand,2026-09-28T07:47:01.780619+00:00
6121514e-f05c-464c-85c4-0d5a96859f53,fUST,0.000149,2,1,-1912386.18946303,demand,2026-09-28T07:47:01.780619+00:00
6121514e-f05c-464c-85c4-0d5a96859f53,fUST,0.00014806,2,2,-2346827.30931819,demand,2026-09-28T07:47:01.780619+00:00
6121514e-f05c-464c-85c4-0d5a96859f53,fUST,0.000142,45,2,-20000.0,demand,2026-09-28T07:47:01.780619+00:00
6121514e-f05c-464c-85c4-0d5a96859f53,fUST,0.0001401,13,1,-99488.31479105,demand,2026-09-28T07:47:01.780619+00:00
6121514e-f05c-464c-85c4-0d5a96859f53,fUST,0.0001401,2,1,-2000000.0,demand,2026-09-28T07:47:01.780619+00:00
6121514e-f05c-464c-85c4-0d5a96859f53,fUST,0.00014000000000000001,30,1,-28000.0,demand,2026-09-28T07:47:01.780619+00:00
6121514e-f05c-464c-85c4-0d5a96859f53,fUST,0.00019433,2,1,4295.81558434,offer,2026-09-28T07:47:01.780619+00:00
6121514e-f05c-464c-85c4-0d5a96859f53,fUST,0.00020027397260273972,3,1,160.0,offer,2026-09-28T07:47:01.780619+00:00
6121514e-f05c-464c-85c4-0d5a96859f53,fUST,0.00022319452054794518,2,2,401.69303751,offer,2026-09-28T07:47:01.780619+00:00
6121514e-f05c-464c-85c4-0d5a96859f53,fUST,0.00022332054794520545,2,1,187.67276615,offer,2026-09-28T07:47:01.780619+00:00
6121514e-f05c-464c-85c4-0d5a96859f53,fUST,0.000251,5,2,565.3547,offer,2026-09-28T07:47:01.780619+00:00
6121514e-f05c-464c-85c4-0d5a96859f53,fUST,0.0002512739726027397,2,2,566.48072224,offer,2026-09-28T07:47:01.780619+00:00
6121514e-f05c-464c-85c4-0d5a96859f53,fUST,0.00025226,2,20,3947.92,offer,2026-09-28T07:47:01.780619+00:00
6121514e-f05c-464c-85c4-0d5a96859f53,fUST,0.00026355,7,1,335.52885298,offer,2026-09-28T07:47:01.780619+00:00
6121514e-f05c-464c-85c4-0d5a96859f53,fUST,0.000266,2,1,1326.31757378,offer,2026-09-28T07:47:01.780619+00:00
6121514e-f05c-464c-85c4-0d5a96859f53,fUST,0.000267,5,1,1188.92001161,offer,2026-09-28T07:47:01.780619+00:00
6121514e-f05c-464c-85c4-0d5a96859f53,fUST,0.000267,2,1,205.718242,offer,2026-09-28T07:47:01.780619+00:00
6121514e-f05c-464c-85c4-0d5a96859f53,fUST,0.000267,6,1,151.0,offer,2026-09-28T07:47:01.780619+00:00
6121514e-f05c-464c-85c4-0d5a96859f53,fUST,0.000267,3,1,1059.0601,offer,2026-09-28T07:47:01.780619+00:00
6121514e-f05c-464c-85c4-0d5a96859f53,fUST,0.0002671109,2,1,467.9329586,offer,2026-09-28T07:47:01.780619+00:00
6121514e-f05c-464c-85c4-0d5a96859f53,fUST,0.00027,120,1,249.30158,offer,2026-09-28T07:47:01.780619+00:00
6121514e-f05c-464c-85c4-0d5a96859f53,fUST,0.0002739677679290894,7,1,358.12,offer,2026-09-28T07:47:01.780619+00:00
6121514e-f05c-464c-85c4-0d5a96859f53,fUST,0.0002739677679290894,30,1,1342.97,offer,2026-09-28T07:47:01.780619+00:00
6121514e-f05c-464c-85c4-0d5a96859f53,fUST,0.000273972602739726,2,1,248.13291109,offer,2026-09-28T07:47:01.780619+00:00
6121514e-f05c-464c-85c4-0d5a96859f53,fUST,0.000274,120,1,200.29,offer,2026-09-28T07:47:01.780619+00:00
6121514e-f05c-464c-85c4-0d5a96859f53,fUST,0.000301,120,1,200.29,offer,2026-09-28T07:47:01.780619+00:00
6121514e-f05c-464c-85c4-0d5a96859f53,fUST,0.0003120836,2,6,2634.4174741,offer,2026-09-28T07:47:01.780619+00:00
6121514e-f05c-464c-85c4-0d5a96859f53,fUST,0.00031209,120,1,343.51911391,offer,2026-09-28T07:47:01.780619+00:00
6121514e-f05c-464c-85c4-0d5a96859f53,fUST,0.0003120936,2,1,14298.5460556,offer,2026-09-28T07:47:01.780619+00:00
6121514e-f05c-464c-85c4-0d5a96859f53,fUST,0.00032037440000000003,8,1,180.59844048,offer,2026-09-28T07:47:01.780619+00:00
6121514e-f05c-464c-85c4-0d5a96859f53,fUST,0.0003203753424657534,8,1,500.0,offer,2026-09-28T07:47:01.780619+00:00
253eaedd-b97f-47ff-9f68-cce8d304ddd7,fUST,0.0002671232876712329,120,1,-2615161.74949729,demand,2026-09-28T08:47:01.317514+00:00
253eaedd-b97f-47ff-9f68-cce8d304ddd7,fUST,0.000267123287,120,1,-4451.08,demand,2026-09-28T08:47:01.317514+00:00
253eaedd-b97f-47ff-9f68-cce8d304ddd7,fUST,0.00026433972602739726,60,1,-5497691.98403963,demand,2026-09-28T08:47:01.317514+00:00
253eaedd-b97f-47ff-9f68-cce8d304ddd7,fUST,0.0002574,35,1,-38832.05817875,demand,2026-09-28T08:47:01.317514+00:00
253eaedd-b97f-47ff-9f68-cce8d304ddd7,fUST,0.000257279452,45,1,-1438.99,demand,2026-09-28T08:47:01.317514+00:00
253eaedd-b97f-47ff-9f68-cce8d304ddd7,fUST,0.000256575342,35,1,-14866.01998122,demand,2026-09-28T08:47:01.317514+00:00
253eaedd-b97f-47ff-9f68-cce8d304ddd7,fUST,0.0002271191,2,1,-7879.93735811,demand,2026-09-28T08:47:01.317514+00:00
253eaedd-b97f-47ff-9f68-cce8d304ddd7,fUST,0.000227117808,2,1,-15919.76291692,demand,2026-09-28T08:47:01.317514+00:00
253eaedd-b97f-47ff-9f68-cce8d304ddd7,fUST,0.0002176496,7,1,-300.73374768,demand,2026-09-28T08:47:01.317514+00:00
253eaedd-b97f-47ff-9f68-cce8d304ddd7,fUST,0.0002098764,7,1,-300.73374764,demand,2026-09-28T08:47:01.317514+00:00
253eaedd-b97f-47ff-9f68-cce8d304ddd7,fUST,0.0001935,2,1,-5000.0,demand,2026-09-28T08:47:01.317514+00:00
253eaedd-b97f-47ff-9f68-cce8d304ddd7,fUST,0.00019,2,1,-2000.0,demand,2026-09-28T08:47:01.317514+00:00
253eaedd-b97f-47ff-9f68-cce8d304ddd7,fUST,0.00016103,2,1,-114073.22667394,demand,2026-09-28T08:47:01.317514+00:00
253eaedd-b97f-47ff-9f68-cce8d304ddd7,fUST,0.0001601,29,1,-139823.84554117,demand,2026-09-28T08:47:01.317514+00:00
253eaedd-b97f-47ff-9f68-cce8d304ddd7,fUST,0.00016,60,18,-114200.828599,demand,2026-09-28T08:47:01.317514+00:00
253eaedd-b97f-47ff-9f68-cce8d304ddd7,fUST,0.00016,30,1,-3277.4,demand,2026-09-28T08:47:01.317514+00:00
253eaedd-b97f-47ff-9f68-cce8d304ddd7,fUST,0.00016,2,1,-4000.0,demand,2026-09-28T08:47:01.317514+00:00
253eaedd-b97f-47ff-9f68-cce8d304ddd7,fUST,0.000155,45,8,-47500.0,demand,2026-09-28T08:47:01.317514+00:00
253eaedd-b97f-47ff-9f68-cce8d304ddd7,fUST,0.000153,7,1,-2485.0,demand,2026-09-28T08:47:01.317514+00:00
253eaedd-b97f-47ff-9f68-cce8d304ddd7,fUST,0.000152,60,1,-28000.0,demand,2026-09-28T08:47:01.317514+00:00
253eaedd-b97f-47ff-9f68-cce8d304ddd7,fUST,0.00015,120,1,-300000.0,demand,2026-09-28T08:47:01.317514+00:00
253eaedd-b97f-47ff-9f68-cce8d304ddd7,fUST,0.00015,45,4,-18668.928077,demand,2026-09-28T08:47:01.317514+00:00
253eaedd-b97f-47ff-9f68-cce8d304ddd7,fUST,0.00015,30,14,-57500.0,demand,2026-09-28T08:47:01.317514+00:00
253eaedd-b97f-47ff-9f68-cce8d304ddd7,fUST,0.00015,6,1,-7766.14475445,demand,2026-09-28T08:47:01.317514+00:00
253eaedd-b97f-47ff-9f68-cce8d304ddd7,fUST,0.000149,2,1,-1912386.18946303,demand,2026-09-28T08:47:01.317514+00:00
253eaedd-b97f-47ff-9f68-cce8d304ddd7,fUST,0.00023522,2,1,4840.12162,offer,2026-09-28T08:47:01.317514+00:00
253eaedd-b97f-47ff-9f68-cce8d304ddd7,fUST,0.0002366,2,1,221.97105826,offer,2026-09-28T08:47:01.317514+00:00
253eaedd-b97f-47ff-9f68-cce8d304ddd7,fUST,0.0002376,2,1,159.07,offer,2026-09-28T08:47:01.317514+00:00
253eaedd-b97f-47ff-9f68-cce8d304ddd7,fUST,0.00023827397260273975,2,1,175.00555892,offer,2026-09-28T08:47:01.317514+00:00
253eaedd-b97f-47ff-9f68-cce8d304ddd7,fUST,0.00024,2,3,504.0,offer,2026-09-28T08:47:01.317514+00:00
253eaedd-b97f-47ff-9f68-cce8d304ddd7,fUST,0.0002472292,2,1,976.0519349,offer,2026-09-28T08:47:01.317514+00:00
253eaedd-b97f-47ff-9f68-cce8d304ddd7,fUST,0.000247411,2,1,7341.5962486,offer,2026-09-28T08:47:01.317514+00:00
253eaedd-b97f-47ff-9f68-cce8d304ddd7,fUST,0.00025,2,1,162.0,offer,2026-09-28T08:47:01.317514+00:00
253eaedd-b97f-47ff-9f68-cce8d304ddd7,fUST,0.000251,2,1,584.78,offer,2026-09-28T08:47:01.317514+00:00
253eaedd-b97f-47ff-9f68-cce8d304ddd7,fUST,0.00025603,2,1,202.39,offer,2026-09-28T08:47:01.317514+00:00
253eaedd-b97f-47ff-9f68-cce8d304ddd7,fUST,0.000257,2,2,950.17307928,offer,2026-09-28T08:47:01.317514+00:00
253eaedd-b97f-47ff-9f68-cce8d304ddd7,fUST,0.00026,2,1,164.9335024,offer,2026-09-28T08:47:01.317514+00:00
253eaedd-b97f-47ff-9f68-cce8d304ddd7,fUST,0.0002602170062159237,2,1,1129.46794574,offer,2026-09-28T08:47:01.317514+00:00
253eaedd-b97f-47ff-9f68-cce8d304ddd7,fUST,0.00026022,12,1,300.924,offer,2026-09-28T08:47:01.317514+00:00
253eaedd-b97f-47ff-9f68-cce8d304ddd7,fUST,0.0002615382,3,1,160.69,offer,2026-09-28T08:47:01.317514+00:00
253eaedd-b97f-47ff-9f68-cce8d304ddd7,fUST,0.000264,13,1,151.0,offer,2026-09-28T08:47:01.317514+00:00
253eaedd-b97f-47ff-9f68-cce8d304ddd7,fUST,0.00026432,2,1,296.66140297,offer,2026-09-28T08:47:01.317514+00:00
253eaedd-b97f-47ff-9f68-cce8d304ddd7,fUST,0.00026432972602739727,2,3,894.84929303,offer,2026-09-28T08:47:01.317514+00:00
253eaedd-b97f-47ff-9f68-cce8d304ddd7,fUST,0.00026433,2,8,3730.65722767,offer,2026-09-28T08:47:01.317514+00:00
253eaedd-b97f-47ff-9f68-cce8d304ddd7,fUST,0.00026433972602739726,30,3,12000000.0,offer,2026-09-28T08:47:01.317514+00:00
253eaedd-b97f-47ff-9f68-cce8d304ddd7,fUST,0.00026433972602739726,2,1,389.98983373,offer,2026-09-28T08:47:01.317514+00:00
253eaedd-b97f-47ff-9f68-cce8d304ddd7,fUST,0.00026434,2,7,1488.102768,offer,2026-09-28T08:47:01.317514+00:00
253eaedd-b97f-47ff-9f68-cce8d304ddd7,fUST,0.00026434343000000007,2,1,201.67712521,offer,2026-09-28T08:47:01.317514+00:00
253eaedd-b97f-47ff-9f68-cce8d304ddd7,fUST,0.000264353525,2,1,284.12,offer,2026-09-28T08:47:01.317514+00:00
253eaedd-b97f-47ff-9f68-cce8d304ddd7,fUST,0.00026464383561643836,7,1,352.18316954,offer,2026-09-28T08:47:01.317514+00:00
66699c8e-8442-49aa-818f-c910f900537f,fUST,0.0002671232876712329,120,1,-2614966.43941529,demand,2026-09-28T09:47:01.112767+00:00
66699c8e-8442-49aa-818f-c910f900537f,fUST,0.000267123287,120,1,-4451.08,demand,2026-09-28T09:47:01.112767+00:00
66699c8e-8442-49aa-818f-c910f900537f,fUST,0.00026355068493150684,60,1,-5497018.87150587,demand,2026-09-28T09:47:01.112767+00:00
66699c8e-8442-49aa-818f-c910f900537f,fUST,0.0002574,35,1,-38497.55817875,demand,2026-09-28T09:47:01.112767+00:00
66699c8e-8442-49aa-818f-c910f900537f,fUST,0.000257279452,45,1,-1438.99,demand,2026-09-28T09:47:01.112767+00:00
66699c8e-8442-49aa-818f-c910f900537f,fUST,0.000256575342,35,1,-14866.01998122,demand,2026-09-28T09:47:01.112767+00:00
66699c8e-8442-49aa-818f-c910f900537f,fUST,0.00019,2,1,-2000.0,demand,2026-09-28T09:47:01.112767+00:00
66699c8e-8442-49aa-818f-c910f900537f,fUST,0.00016113,2,1,-1316.37096725,demand,2026-09-28T09:47:01.112767+00:00
66699c8e-8442-49aa-818f-c910f900537f,fUST,0.00016103,2,1,-114073.22667394,demand,2026-09-28T09:47:01.112767+00:00
66699c8e-8442-49aa-818f-c910f900537f,fUST,0.0001601,29,1,-139823.84554117,demand,2026-09-28T09:47:01.112767+00:00
66699c8e-8442-49aa-818f-c910f900537f,fUST,0.00016,60,18,-114200.828599,demand,2026-09-28T09:47:01.112767+00:00
66699c8e-8442-49aa-818f-c910f900537f,fUST,0.00016,30,1,-3277.4,demand,2026-09-28T09:47:01.112767+00:00
66699c8e-8442-49aa-818f-c910f900537f,fUST,0.00016,2,1,-4000.0,demand,2026-09-28T09:47:01.112767+00:00
66699c8e-8442-49aa-818f-c910f900537f,fUST,0.000155,45,8,-47500.0,demand,2026-09-28T09:47:01.112767+00:00
66699c8e-8442-49aa-818f-c910f900537f,fUST,0.000153,7,1,-2485.0,demand,2026-09-28T09:47:01.112767+00:00
66699c8e-8442-49aa-818f-c910f900537f,fUST,0.000152,60,1,-28000.0,demand,2026-09-28T09:47:01.112767+00:00
66699c8e-8442-49aa-818f-c910f900537f,fUST,0.00015,120,1,-300000.0,demand,2026-09-28T09:47:01.112767+00:00
66699c8e-8442-49aa-818f-c910f900537f,fUST,0.00015,45,4,-18668.928077,demand,2026-09-28T09:47:01.112767+00:00
66699c8e-8442-49aa-818f-c910f900537f,fUST,0.00015,30,14,-57500.0,demand,2026-09-28T09:47:01.112767+00:00
66699c8e-8442-49aa-818f-c910f900537f,fUST,0.00015,6,1,-7766.14475445,demand,2026-09-28T09:47:01.112767+00:00
66699c8e-8442-49aa-818f-c910f900537f,fUST,0.000149,2,1,-1912386.18946303,demand,2026-09-28T09:47:01.112767+00:00
66699c8e-8442-49aa-818f-c910f900537f,fUST,0.00014806,2,2,-2346827.30931819,demand,2026-09-28T09:47:01.112767+00:00
66699c8e-8442-49aa-818f-c910f900537f,fUST,0.000142,45,2,-20000.0,demand,2026-09-28T09:47:01.112767+00:00
66699c8e-8442-49aa-818f-c910f900537f,fUST,0.0001401,13,1,-99488.31479105,demand,2026-09-28T09:47:01.112767+00:00
66699c8e-8442-49aa-818f-c910f900537f,fUST,0.0001401,2,1,-2000000.0,demand,2026-09-28T09:47:01.112767+00:00
66699c8e-8442-49aa-818f-c910f900537f,fUST,0.00019,2,1,5000.0,offer,2026-09-28T09:47:01.112767+00:00
66699c8e-8442-49aa-818f-c910f900537f,fUST,0.000193,2,1,163.19418736,offer,2026-09-28T09:47:01.112767+00:00
66699c8e-8442-49aa-818f-c910f900537f,fUST,0.000194,2,1,1126.03460454,offer,2026-09-28T09:47:01.112767+00:00
66699c8e-8442-49aa-818f-c910f900537f,fUST,0.00019904400000000003,7,2,599.7878547,offer,2026-09-28T09:47:01.112767+00:00
66699c8e-8442-49aa-818f-c910f900537f,fUST,0.00020641600000000004,7,1,357.22455539,offer,2026-09-28T09:47:01.112767+00:00
66699c8e-8442-49aa-818f-c910f900537f,fUST,0.00021292763698630137,2,1,247.27089037,offer,2026-09-28T09:47:01.112767+00:00
66699c8e-8442-49aa-818f-c910f900537f,fUST,0.0002188658493150685,2,1,494.54178074,offer,2026-09-28T09:47:01.112767+00:00
66699c8e-8442-49aa-818f-c910f900537f,fUST,0.00022244657534246576,2,2,416.56360681,offer,2026-09-28T09:47:01.112767+00:00
66699c8e-8442-49aa-818f-c910f900537f,fUST,0.00022245479452054793,2,1,180.1884806,offer,2026-09-28T09:47:01.112767+00:00
66699c8e-8442-49aa-818f-c910f900537f,fUST,0.00022282465753424658,2,10,3194.52238501,offer,2026-09-28T09:47:01.112767+00:00
66699c8e-8442-49aa-818f-c910f900537f,fUST,0.000237324,2,1,194.5570663,offer,2026-09-28T09:47:01.112767+00:00
66699c8e-8442-49aa-818f-c910f900537f,fUST,0.0002378358,2,1,174.3867937,offer,2026-09-28T09:47:01.112767+00:00
66699c8e-8442-49aa-818f-c910f900537f,fUST,0.0002389702,2,1,981.9424743,offer,2026-09-28T09:47:01.112767+00:00
66699c8e-8442-49aa-818f-c910f900537f,fUST,0.00024,2,3,495.0,offer,2026-09-28T09:47:01.112767+00:00
66699c8e-8442-49aa-818f-c910f900537f,fUST,0.00025,2,2,336.0,offer,2026-09-28T09:47:01.112767+00:00
66699c8e-8442-49aa-818f-c910f900537f,fUST,0.0002506127655777176,2,1,198.50127327,offer,2026-09-28T09:47:01.112767+00:00
66699c8e-8442-49aa-818f-c910f900537f,fUST,0.00025391506849315067,2,2,595.79660721,offer,2026-09-28T09:47:01.112767+00:00
66699c8e-8442-49aa-818f-c910f900537f,fUST,0.0002578934486593749,2,1,1840.89122854,offer,2026-09-28T09:47:01.112767+00:00
66699c8e-8442-49aa-818f-c910f900537f,fUST,0.00026,2,1,157.0,offer,2026-09-28T09:47:01.112767+00:00
66699c8e-8442-49aa-818f-c910f900537f,fUST,0.0002608,2,4,818.0519898,offer,2026-09-28T09:47:01.112767+00:00
66699c8e-8442-49aa-818f-c910f900537f,fUST,0.0002609852121254665,2,1,160.0,offer,2026-09-28T09:47:01.112767+00:00
66699c8e-8442-49aa-818f-c910f900537f,fUST,0.00026116,2,3,1282.15174997,offer,2026-09-28T09:47:01.112767+00:00
66699c8e-8442-49aa-818f-c910f900537f,fUST,0.00026155068493150684,7,1,153.5492236,offer,2026-09-28T09:47:01.112767+00:00
66699c8e-8442-49aa-818f-c910f900537f,fUST,0.0002625440904,2,1,214.490566,offer,2026-09-28T09:47:01.112767+00:00
66699c8e-8442-49aa-818f-c910f900537f,fUST,0.00026255,2,1,163.19418736,offer,2026-09-28T09:47:01.112767+00:00
7385badf-af85-4148-a3ca-26984e945c01,fUST,0.0002671232876712329,120,1,-2614966.43941529,demand,2026-09-28T10:47:01.740984+00:00
7385badf-af85-4148-a3ca-26984e945c01,fUST,0.000267123287,120,1,-4451.08,demand,2026-09-28T10:47:01.740984+00:00
7385badf-af85-4148-a3ca-26984e945c01,fUST,0.0002626630136986301,60,1,-5472749.53148765,demand,2026-09-28T10:47:01.740984+00:00
7385badf-af85-4148-a3ca-26984e945c01,fUST,0.0002574,35,1,-38128.14817875,demand,2026-09-28T10:47:01.740984+00:00
7385badf-af85-4148-a3ca-26984e945c01,fUST,0.000257279452,45,1,-1438.99,demand,2026-09-28T10:47:01.740984+00:00
7385badf-af85-4148-a3ca-26984e945c01,fUST,0.000256575342,35,1,-14866.01998122,demand,2026-09-28T10:47:01.740984+00:00
7385badf-af85-4148-a3ca-26984e945c01,fUST,0.00019,2,1,-2000.0,demand,2026-09-28T10:47:01.740984+00:00
7385badf-af85-4148-a3ca-26984e945c01,fUST,0.0001616,2,1,-2500.024053,demand,2026-09-28T10:47:01.740984+00:00
7385badf-af85-4148-a3ca-26984e945c01,fUST,0.0001615,2,1,-500000.0,demand,2026-09-28T10:47:01.740984+00:00
7385badf-af85-4148-a3ca-26984e945c01,fUST,0.00016103,2,1,-89823.20415265,demand,2026-09-28T10:47:01.740984+00:00
7385badf-af85-4148-a3ca-26984e945c01,fUST,0.0001601,29,1,-139823.84554117,demand,2026-09-28T10:47:01.740984+00:00
7385badf-af85-4148-a3ca-26984e945c01,fUST,0.00016,60,18,-114200.828599,demand,2026-09-28T10:47:01.740984+00:00
7385badf-af85-4148-a3ca-26984e945c01,fUST,0.00016,30,1,-3277.4,demand,2026-09-28T10:47:01.740984+00:00
7385badf-af85-4148-a3ca-26984e945c01,fUST,0.00016,2,1,-4000.0,demand,2026-09-28T10:47:01.740984+00:00
7385badf-af85-4148-a3ca-26984e945c01,fUST,0.000155,45,8,-47500.0,demand,2026-09-28T10:47:01.740984+00:00
7385badf-af85-4148-a3ca-26984e945c01,fUST,0.000153,7,1,-2485.0,demand,2026-09-28T10:47:01.740984+00:00
7385badf-af85-4148-a3ca-26984e945c01,fUST,0.000152,60,1,-28000.0,demand,2026-09-28T10:47:01.740984+00:00
7385badf-af85-4148-a3ca-26984e945c01,fUST,0.00015,120,1,-300000.0,demand,2026-09-28T10:47:01.740984+00:00
7385badf-af85-4148-a3ca-26984e945c01,fUST,0.00015,45,4,-18668.928077,demand,2026-09-28T10:47:01.740984+00:00
7385badf-af85-4148-a3ca-26984e945c01,fUST,0.00015,30,14,-57500.0,demand,2026-09-28T10:47:01.740984+00:00
7385badf-af85-4148-a3ca-26984e945c01,fUST,0.00015,6,1,-7766.14475445,demand,2026-09-28T10:47:01.740984+00:00
7385badf-af85-4148-a3ca-26984e945c01,fUST,0.000149,2,1,-1912386.18946303,demand,2026-09-28T10:47:01.740984+00:00
7385badf-af85-4148-a3ca-26984e945c01,fUST,0.00014806,2,2,-2346827.30931819,demand,2026-09-28T10:47:01.740984+00:00
7385badf-af85-4148-a3ca-26984e945c01,fUST,0.000142,45,2,-20000.0,demand,2026-09-28T10:47:01.740984+00:00
7385badf-af85-4148-a3ca-26984e945c01,fUST,0.0001401,13,1,-99488.31479105,demand,2026-09-28T10:47:01.740984+00:00
7385badf-af85-4148-a3ca-26984e945c01,fUST,0.00019,2,7,58582.91991754,offer,2026-09-28T10:47:01.740984+00:00
7385badf-af85-4148-a3ca-26984e945c01,fUST,0.00020246575342465752,3,1,157.0,offer,2026-09-28T10:47:01.740984+00:00
7385badf-af85-4148-a3ca-26984e945c01,fUST,0.00021218136986301368,2,1,154.10758325,offer,2026-09-28T10:47:01.740984+00:00
7385badf-af85-4148-a3ca-26984e945c01,fUST,0.0002155747,2,1,252.84708499,offer,2026-09-28T10:47:01.740984+00:00
7385badf-af85-4148-a3ca-26984e945c01,fUST,0.0002155847,2,1,9753.5383817,offer,2026-09-28T10:47:01.740984+00:00
7385badf-af85-4148-a3ca-26984e945c01,fUST,0.00021762717808219176,2,3,536.95388505,offer,2026-09-28T10:47:01.740984+00:00
7385badf-af85-4148-a3ca-26984e945c01,fUST,0.00021762739726027396,2,1,18381.2792962,offer,2026-09-28T10:47:01.740984+00:00
7385badf-af85-4148-a3ca-26984e945c01,fUST,0.00021810213698630134,2,7,1293.39107146,offer,2026-09-28T10:47:01.740984+00:00
7385badf-af85-4148-a3ca-26984e945c01,fUST,0.0002215671232876712,2,4,1378.3161803,offer,2026-09-28T10:47:01.740984+00:00
7385badf-af85-4148-a3ca-26984e945c01,fUST,0.00022157,2,1,347.776,offer,2026-09-28T10:47:01.740984+00:00
7385badf-af85-4148-a3ca-26984e945c01,fUST,0.00022204,2,1,500.0,offer,2026-09-28T10:47:01.740984+00:00
7385badf-af85-4148-a3ca-26984e945c01,fUST,0.00022204931506849312,2,14,4641.76717522,offer,2026-09-28T10:47:01.740984+00:00
7385badf-af85-4148-a3ca-26984e945c01,fUST,0.0002230657,2,2,4588.9288882,offer,2026-09-28T10:47:01.740984+00:00
7385badf-af85-4148-a3ca-26984e945c01,fUST,0.0002234066,2,1,329.03,offer,2026-09-28T10:47:01.740984+00:00
7385badf-af85-4148-a3ca-26984e945c01,fUST,0.00022735,2,1,201.8878301,offer,2026-09-28T10:47:01.740984+00:00
7385badf-af85-4148-a3ca-26984e945c01,fUST,0.000228710664,30,1,540.5247376,offer,2026-09-28T10:47:01.740984+00:00
7385badf-af85-4148-a3ca-26984e945c01,fUST,0.000229223,2,1,295.6418254,offer,2026-09-28T10:47:01.740984+00:00
7385badf-af85-4148-a3ca-26984e945c01,fUST,0.000231056784,2,1,179.238023,offer,2026-09-28T10:47:01.740984+00:00
7385badf-af85-4148-a3ca-26984e945c01,fUST,0.0002396415,2,1,422.6364649,offer,2026-09-28T10:47:01.740984+00:00
7385badf-af85-4148-a3ca-26984e945c01,fUST,0.00023988,2,8,4866.09202499,offer,2026-09-28T10:47:01.740984+00:00
7385badf-af85-4148-a3ca-26984e945c01,fUST,0.00023988,7,1,355.0,offer,2026-09-28T10:47:01.740984+00:00
7385badf-af85-4148-a3ca-26984e945c01,fUST,0.00024,2,1,159.0,offer,2026-09-28T10:47:01.740984+00:00
7385badf-af85-4148-a3ca-26984e945c01,fUST,0.00024262,7,1,355.0,offer,2026-09-28T10:47:01.740984+00:00
7385badf-af85-4148-a3ca-26984e945c01,fUST,0.00024942184801799805,2,1,221.87012687,offer,2026-09-28T10:47:01.740984+00:00
7385badf-af85-4148-a3ca-26984e945c01,fUST,0.00025,2,1,159.0,offer,2026-09-28T10:47:01.740984+00:00
f238fa91-48e7-4f7a-b827-cf0cedc85172,fUST,0.0002671232876712329,120,1,-2604273.0470308,demand,2026-09-28T11:47:01.508682+00:00
f238fa91-48e7-4f7a-b827-cf0cedc85172,fUST,0.000267123287,120,1,-4451.08,demand,2026-09-28T11:47:01.508682+00:00
f238fa91-48e7-4f7a-b827-cf0cedc85172,fUST,0.00026263561643835614,60,1,-5468980.50789942,demand,2026-09-28T11:47:01.508682+00:00
f238fa91-48e7-4f7a-b827-cf0cedc85172,fUST,0.0002574,35,1,-37735.71817875,demand,2026-09-28T11:47:01.508682+00:00
f238fa91-48e7-4f7a-b827-cf0cedc85172,fUST,0.000257279452,45,1,-1438.99,demand,2026-09-28T11:47:01.508682+00:00
f238fa91-48e7-4f7a-b827-cf0cedc85172,fUST,0.000256575342,35,1,-14866.01998122,demand,2026-09-28T11:47:01.508682+00:00
f238fa91-48e7-4f7a-b827-cf0cedc85172,fUST,0.00019,2,3,-2855.64461138,demand,2026-09-28T11:47:01.508682+00:00
f238fa91-48e7-4f7a-b827-cf0cedc85172,fUST,0.0001615,2,1,-484667.22253017,demand,2026-09-28T11:47:01.508682+00:00
f238fa91-48e7-4f7a-b827-cf0cedc85172,fUST,0.00016103,2,1,-89823.20415265,demand,2026-09-28T11:47:01.508682+00:00
f238fa91-48e7-4f7a-b827-cf0cedc85172,fUST,0.0001601,29,1,-139823.84554117,demand,2026-09-28T11:47:01.508682+00:00
f238fa91-48e7-4f7a-b827-cf0cedc85172,fUST,0.00016,60,18,-114200.828599,demand,2026-09-28T11:47:01.508682+00:00
f238fa91-48e7-4f7a-b827-cf0cedc85172,fUST,0.00016,30,1,-3277.4,demand,2026-09-28T11:47:01.508682+00:00
f238fa91-48e7-4f7a-b827-cf0cedc85172,fUST,0.00016,2,1,-4000.0,demand,2026-09-28T11:47:01.508682+00:00
f238fa91-48e7-4f7a-b827-cf0cedc85172,fUST,0.000155,45,8,-47500.0,demand,2026-09-28T11:47:01.508682+00:00
f238fa91-48e7-4f7a-b827-cf0cedc85172,fUST,0.000153,7,1,-2485.0,demand,2026-09-28T11:47:01.508682+00:00
f238fa91-48e7-4f7a-b827-cf0cedc85172,fUST,0.000152,60,1,-28000.0,demand,2026-09-28T11:47:01.508682+00:00
f238fa91-48e7-4f7a-b827-cf0cedc85172,fUST,0.00015,120,1,-300000.0,demand,2026-09-28T11:47:01.508682+00:00
f238fa91-48e7-4f7a-b827-cf0cedc85172,fUST,0.00015,45,4,-18668.928077,demand,2026-09-28T11:47:01.508682+00:00
f238fa91-48e7-4f7a-b827-cf0cedc85172,fUST,0.00015,30,14,-57500.0,demand,2026-09-28T11:47:01.508682+00:00
f238fa91-48e7-4f7a-b827-cf0cedc85172,fUST,0.00015,6,1,-7766.14475445,demand,2026-09-28T11:47:01.508682+00:00
f238fa91-48e7-4f7a-b827-cf0cedc85172,fUST,0.000149,2,1,-1912386.18946303,demand,2026-09-28T11:47:01.508682+00:00
f238fa91-48e7-4f7a-b827-cf0cedc85172,fUST,0.00014806,2,2,-2346827.30931819,demand,2026-09-28T11:47:01.508682+00:00
f238fa91-48e7-4f7a-b827-cf0cedc85172,fUST,0.000142,45,2,-20000.0,demand,2026-09-28T11:47:01.508682+00:00
f238fa91-48e7-4f7a-b827-cf0cedc85172,fUST,0.0001401,13,1,-99488.31479105,demand,2026-09-28T11:47:01.508682+00:00
f238fa91-48e7-4f7a-b827-cf0cedc85172,fUST,0.0001401,2,1,-2000000.0,demand,2026-09-28T11:47:01.508682+00:00
f238fa91-48e7-4f7a-b827-cf0cedc85172,fUST,0.000168,2,1,4.34739894,offer,2026-09-28T11:47:01.508682+00:00
f238fa91-48e7-4f7a-b827-cf0cedc85172,fUST,0.000189,2,1,154.92654364,offer,2026-09-28T11:47:01.508682+00:00
f238fa91-48e7-4f7a-b827-cf0cedc85172,fUST,0.00019,2,2,5151.6,offer,2026-09-28T11:47:01.508682+00:00
f238fa91-48e7-4f7a-b827-cf0cedc85172,fUST,0.00019363,2,1,167.08,offer,2026-09-28T11:47:01.508682+00:00
f238fa91-48e7-4f7a-b827-cf0cedc85172,fUST,0.00021194705198307709,2,1,250.0,offer,2026-09-28T11:47:01.508682+00:00
f238fa91-48e7-4f7a-b827-cf0cedc85172,fUST,0.00021243,2,1,151.0,offer,2026-09-28T11:47:01.508682+00:00
f238fa91-48e7-4f7a-b827-cf0cedc85172,fUST,0.0002170182,2,1,307.0194342,offer,2026-09-28T11:47:01.508682+00:00
f238fa91-48e7-4f7a-b827-cf0cedc85172,fUST,0.00021760019178082189,2,1,224.1195572,offer,2026-09-28T11:47:01.508682+00:00
f238fa91-48e7-4f7a-b827-cf0cedc85172,fUST,0.000219,2,4,2225.49241276,offer,2026-09-28T11:47:01.508682+00:00
f238fa91-48e7-4f7a-b827-cf0cedc85172,fUST,0.0002210126,2,1,256.806184,offer,2026-09-28T11:47:01.508682+00:00
f238fa91-48e7-4f7a-b827-cf0cedc85172,fUST,0.00022128767123287668,2,2,520.11680867,offer,2026-09-28T11:47:01.508682+00:00
f238fa91-48e7-4f7a-b827-cf0cedc85172,fUST,0.00022153972602739723,2,2,773.30661965,offer,2026-09-28T11:47:01.508682+00:00
f238fa91-48e7-4f7a-b827-cf0cedc85172,fUST,0.0002219398,2,1,1053.1526675,offer,2026-09-28T11:47:01.508682+00:00
f238fa91-48e7-4f7a-b827-cf0cedc85172,fUST,0.00022305,2,2,1000.0,offer,2026-09-28T11:47:01.508682+00:00
f238fa91-48e7-4f7a-b827-cf0cedc85172,fUST,0.0002230507,2,5,2202.61853499,offer,2026-09-28T11:47:01.508682+00:00
f238fa91-48e7-4f7a-b827-cf0cedc85172,fUST,0.0002230607,2,1,15000.0,offer,2026-09-28T11:47:01.508682+00:00
f238fa91-48e7-4f7a-b827-cf0cedc85172,fUST,0.00022574,2,4,2000.0,offer,2026-09-28T11:47:01.508682+00:00
f238fa91-48e7-4f7a-b827-cf0cedc85172,fUST,0.00022574,7,1,355.0,offer,2026-09-28T11:47:01.508682+00:00
f238fa91-48e7-4f7a-b827-cf0cedc85172,fUST,0.0002271893,2,1,178.7247987,offer,2026-09-28T11:47:01.508682+00:00
f238fa91-48e7-4f7a-b827-cf0cedc85172,fUST,0.00022848,7,1,355.0,offer,2026-09-28T11:47:01.508682+00:00
f238fa91-48e7-4f7a-b827-cf0cedc85172,fUST,0.00023,2,1,160.0,offer,2026-09-28T11:47:01.508682+00:00
f238fa91-48e7-4f7a-b827-cf0cedc85172,fUST,0.0002303656,2,1,173.742474,offer,2026-09-28T11:47:01.508682+00:00
f238fa91-48e7-4f7a-b827-cf0cedc85172,fUST,0.00023122,7,1,355.0,offer,2026-09-28T11:47:01.508682+00:00
f238fa91-48e7-4f7a-b827-cf0cedc85172,fUST,0.0002353382191780822,2,1,171.46858263,offer,2026-09-28T11:47:01.508682+00:00
f238fa91-48e7-4f7a-b827-cf0cedc85172,fUST,0.00023705064999999997,2,1,2468.95999706,offer,2026-09-28T11:47:01.508682+00:00
5e55646b-516a-4604-b782-b2e0d4749a75,fUST,0.0002671232876712329,120,1,-2602764.40734328,demand,2026-09-28T12:47:01.474199+00:00
5e55646b-516a-4604-b782-b2e0d4749a75,fUST,0.000267123287,120,1,-4451.08,demand,2026-09-28T12:47:01.474199+00:00
5e55646b-516a-4604-b782-b2e0d4749a75,fUST,0.000261958904109589,60,1,-5466307.26609184,demand,2026-09-28T12:47:01.474199+00:00
5e55646b-516a-4604-b782-b2e0d4749a75,fUST,0.0002574,35,1,-37004.12817875,demand,2026-09-28T12:47:01.474199+00:00
5e55646b-516a-4604-b782-b2e0d4749a75,fUST,0.000257279452,45,1,-1438.99,demand,2026-09-28T12:47:01.474199+00:00
5e55646b-516a-4604-b782-b2e0d4749a75,fUST,0.000256575342,35,1,-14866.01998122,demand,2026-09-28T12:47:01.474199+00:00
5e55646b-516a-4604-b782-b2e0d4749a75,fUST,0.00019,2,1,-2000.0,demand,2026-09-28T12:47:01.474199+00:00
5e55646b-516a-4604-b782-b2e0d4749a75,fUST,0.0001615,2,1,-1200000.0,demand,2026-09-28T12:47:01.474199+00:00
5e55646b-516a-4604-b782-b2e0d4749a75,fUST,0.00016103,2,1,-89823.20415265,demand,2026-09-28T12:47:01.474199+00:00
5e55646b-516a-4604-b782-b2e0d4749a75,fUST,0.0001601,29,1,-139823.84554117,demand,2026-09-28T12:47:01.474199+00:00
5e55646b-516a-4604-b782-b2e0d4749a75,fUST,0.00016,60,18,-114200.828599,demand,2026-09-28T12:47:01.474199+00:00
5e55646b-516a-4604-b782-b2e0d4749a75,fUST,0.00016,30,1,-3277.4,demand,2026-09-28T12:47:01.474199+00:00
5e55646b-516a-4604-b782-b2e0d4749a75,fUST,0.00016,2,1,-4000.0,demand,2026-09-28T12:47:01.474199+00:00
5e55646b-516a-4604-b782-b2e0d4749a75,fUST,0.000155,45,8,-47500.0,demand,2026-09-28T12:47:01.474199+00:00
5e55646b-516a-4604-b782-b2e0d4749a75,fUST,0.000153,7,1,-2485.0,demand,2026-09-28T12:47:01.474199+00:00
5e55646b-516a-4604-b782-b2e0d4749a75,fUST,0.000152,60,1,-28000.0,demand,2026-09-28T12:47:01.474199+00:00
5e55646b-516a-4604-b782-b2e0d4749a75,fUST,0.00015,120,1,-300000.0,demand,2026-09-28T12:47:01.474199+00:00
5e55646b-516a-4604-b782-b2e0d4749a75,fUST,0.00015,45,4,-18668.928077,demand,2026-09-28T12:47:01.474199+00:00
5e55646b-516a-4604-b782-b2e0d4749a75,fUST,0.00015,30,14,-57500.0,demand,2026-09-28T12:47:01.474199+00:00
5e55646b-516a-4604-b782-b2e0d4749a75,fUST,0.00015,6,1,-7766.14475445,demand,2026-09-28T12:47:01.474199+00:00
5e55646b-516a-4604-b782-b2e0d4749a75,fUST,0.000149,2,1,-1912386.18946303,demand,2026-09-28T12:47:01.474199+00:00
5e55646b-516a-4604-b782-b2e0d4749a75,fUST,0.00014806,2,2,-2346827.30931819,demand,2026-09-28T12:47:01.474199+00:00
5e55646b-516a-4604-b782-b2e0d4749a75,fUST,0.000142,45,2,-20000.0,demand,2026-09-28T12:47:01.474199+00:00
5e55646b-516a-4604-b782-b2e0d4749a75,fUST,0.0001401,13,1,-99488.31479105,demand,2026-09-28T12:47:01.474199+00:00
5e55646b-516a-4604-b782-b2e0d4749a75,fUST,0.0001401,2,1,-2000000.0,demand,2026-09-28T12:47:01.474199+00:00
5e55646b-516a-4604-b782-b2e0d4749a75,fUST,0.0001858691,2,1,2655.2794817,offer,2026-09-28T12:47:01.474199+00:00
5e55646b-516a-4604-b782-b2e0d4749a75,fUST,0.000189,7,2,3479.9236172,offer,2026-09-28T12:47:01.474199+00:00
5e55646b-516a-4604-b782-b2e0d4749a75,fUST,0.0001896611,2,1,295.6418254,offer,2026-09-28T12:47:01.474199+00:00
5e55646b-516a-4604-b782-b2e0d4749a75,fUST,0.00019,2,2,5151.6,offer,2026-09-28T12:47:01.474199+00:00
5e55646b-516a-4604-b782-b2e0d4749a75,fUST,0.0001905702,2,1,351.9042139,offer,2026-09-28T12:47:01.474199+00:00
5e55646b-516a-4604-b782-b2e0d4749a75,fUST,0.00019189,7,1,355.0,offer,2026-09-28T12:47:01.474199+00:00
5e55646b-516a-4604-b782-b2e0d4749a75,fUST,0.00019278,7,2,4055.8623433,offer,2026-09-28T12:47:01.474199+00:00
5e55646b-516a-4604-b782-b2e0d4749a75,fUST,0.00019463,7,1,355.0,offer,2026-09-28T12:47:01.474199+00:00
5e55646b-516a-4604-b782-b2e0d4749a75,fUST,0.00019845000000000003,7,2,4055.8623433,offer,2026-09-28T12:47:01.474199+00:00
5e55646b-516a-4604-b782-b2e0d4749a75,fUST,0.00020040369102602984,2,1,551.83207428,offer,2026-09-28T12:47:01.474199+00:00
5e55646b-516a-4604-b782-b2e0d4749a75,fUST,0.00020235,2,97,46851.3839407,offer,2026-09-28T12:47:01.474199+00:00
5e55646b-516a-4604-b782-b2e0d4749a75,fUST,0.00020235000000000004,2,1,371.7034605,offer,2026-09-28T12:47:01.474199+00:00
5e55646b-516a-4604-b782-b2e0d4749a75,fUST,0.00020236,2,5,2500.0,offer,2026-09-28T12:47:01.474199+00:00
5e55646b-516a-4604-b782-b2e0d4749a75,fUST,0.00020237000000000003,2,1,20000.0,offer,2026-09-28T12:47:01.474199+00:00
5e55646b-516a-4604-b782-b2e0d4749a75,fUST,0.0002024,2,1,500.0,offer,2026-09-28T12:47:01.474199+00:00
5e55646b-516a-4604-b782-b2e0d4749a75,fUST,0.00020241,2,15,4500.0,offer,2026-09-28T12:47:01.474199+00:00
5e55646b-516a-4604-b782-b2e0d4749a75,fUST,0.0002025750308219178,2,2,360.12128398,offer,2026-09-28T12:47:01.474199+00:00
5e55646b-516a-4604-b782-b2e0d4749a75,fUST,0.0002031450165,2,1,632.520347,offer,2026-09-28T12:47:01.474199+00:00
5e55646b-516a-4604-b782-b2e0d4749a75,fUST,0.00020356164383561646,3,1,197.0,offer,2026-09-28T12:47:01.474199+00:00
5e55646b-516a-4604-b782-b2e0d4749a75,fUST,0.00020411,2,1,500.0,offer,2026-09-28T12:47:01.474199+00:00
5e55646b-516a-4604-b782-b2e0d4749a75,fUST,0.00020412000000000002,7,2,4055.8623433,offer,2026-09-28T12:47:01.474199+00:00
5e55646b-516a-4604-b782-b2e0d4749a75,fUST,0.00020774,2,1,162.38,offer,2026-09-28T12:47:01.474199+00:00
5e55646b-516a-4604-b782-b2e0d4749a75,fUST,0.00020817,2,2,1000.0,offer,2026-09-28T12:47:01.474199+00:00
5e55646b-516a-4604-b782-b2e0d4749a75,fUST,0.00020819,2,1,600.0,offer,2026-09-28T12:47:01.474199+00:00
5e55646b-516a-4604-b782-b2e0d4749a75,fUST,0.00021103955479452051,2,1,399.68381778,offer,2026-09-28T12:47:01.474199+00:00
c094dbeb-9f34-4c74-8cfb-ad7183d1667c,fUST,0.0002671232876712329,120,1,-2592225.89734328,demand,2026-09-28T13:47:01.285336+00:00
c094dbeb-9f34-4c74-8cfb-ad7183d1667c,fUST,0.000267123287,120,1,-4451.08,demand,2026-09-28T13:47:01.285336+00:00
c094dbeb-9f34-4c74-8cfb-ad7183d1667c,fUST,0.00026193972602739726,60,1,-5464293.98960156,demand,2026-09-28T13:47:01.285336+00:00
c094dbeb-9f34-4c74-8cfb-ad7183d1667c,fUST,0.0002574,35,1,-26082.0589196,demand,2026-09-28T13:47:01.285336+00:00
c094dbeb-9f34-4c74-8cfb-ad7183d1667c,fUST,0.000257279452,45,1,-1438.99,demand,2026-09-28T13:47:01.285336+00:00
c094dbeb-9f34-4c74-8cfb-ad7183d1667c,fUST,0.000256575342,35,1,-14866.01998122,demand,2026-09-28T13:47:01.285336+00:00
c094dbeb-9f34-4c74-8cfb-ad7183d1667c,fUST,0.00019,2,1,-2000.0,demand,2026-09-28T13:47:01.285336+00:00
c094dbeb-9f34-4c74-8cfb-ad7183d1667c,fUST,0.0001615,2,1,-1196191.13216217,demand,2026-09-28T13:47:01.285336+00:00
c094dbeb-9f34-4c74-8cfb-ad7183d1667c,fUST,0.00016103,2,1,-89823.20415265,demand,2026-09-28T13:47:01.285336+00:00
c094dbeb-9f34-4c74-8cfb-ad7183d1667c,fUST,0.0001601,29,1,-139823.84554117,demand,2026-09-28T13:47:01.285336+00:00
c094dbeb-9f34-4c74-8cfb-ad7183d1667c,fUST,0.00016,60,18,-114200.828599,demand,2026-09-28T13:47:01.285336+00:00
c094dbeb-9f34-4c74-8cfb-ad7183d1667c,fUST,0.00016,30,1,-3277.4,demand,2026-09-28T13:47:01.285336+00:00
c094dbeb-9f34-4c74-8cfb-ad7183d1667c,fUST,0.00016,2,1,-4000.0,demand,2026-09-28T13:47:01.285336+00:00
c094dbeb-9f34-4c74-8cfb-ad7183d1667c,fUST,0.000155,45,8,-47500.0,demand,2026-09-28T13:47:01.285336+00:00
c094dbeb-9f34-4c74-8cfb-ad7183d1667c,fUST,0.000153,7,1,-2485.0,demand,2026-09-28T13:47:01.285336+00:00
c094dbeb-9f34-4c74-8cfb-ad7183d1667c,fUST,0.000152,60,1,-28000.0,demand,2026-09-28T13:47:01.285336+00:00
c094dbeb-9f34-4c74-8cfb-ad7183d1667c,fUST,0.00015,120,1,-300000.0,demand,2026-09-28T13:47:01.285336+00:00
c094dbeb-9f34-4c74-8cfb-ad7183d1667c,fUST,0.00015,45,4,-18668.928077,demand,2026-09-28T13:47:01.285336+00:00
c094dbeb-9f34-4c74-8cfb-ad7183d1667c,fUST,0.00015,30,14,-57500.0,demand,2026-09-28T13:47:01.285336+00:00
c094dbeb-9f34-4c74-8cfb-ad7183d1667c,fUST,0.00015,6,1,-7766.14475445,demand,2026-09-28T13:47:01.285336+00:00
c094dbeb-9f34-4c74-8cfb-ad7183d1667c,fUST,0.000149,2,1,-1912386.18946303,demand,2026-09-28T13:47:01.285336+00:00
c094dbeb-9f34-4c74-8cfb-ad7183d1667c,fUST,0.00014806,2,2,-2346827.30931819,demand,2026-09-28T13:47:01.285336+00:00
c094dbeb-9f34-4c74-8cfb-ad7183d1667c,fUST,0.000142,45,2,-20000.0,demand,2026-09-28T13:47:01.285336+00:00
c094dbeb-9f34-4c74-8cfb-ad7183d1667c,fUST,0.0001401,13,1,-99488.31479105,demand,2026-09-28T13:47:01.285336+00:00
c094dbeb-9f34-4c74-8cfb-ad7183d1667c,fUST,0.0001401,2,1,-2000000.0,demand,2026-09-28T13:47:01.285336+00:00
c094dbeb-9f34-4c74-8cfb-ad7183d1667c,fUST,0.00016947,2,1,500.0,offer,2026-09-28T13:47:01.285336+00:00
c094dbeb-9f34-4c74-8cfb-ad7183d1667c,fUST,0.00017052,2,1,500.0,offer,2026-09-28T13:47:01.285336+00:00
c094dbeb-9f34-4c74-8cfb-ad7183d1667c,fUST,0.00018092230000000002,2,88,43829.92903173,offer,2026-09-28T13:47:01.285336+00:00
c094dbeb-9f34-4c74-8cfb-ad7183d1667c,fUST,0.0001809423,2,3,12100.44234068,offer,2026-09-28T13:47:01.285336+00:00
c094dbeb-9f34-4c74-8cfb-ad7183d1667c,fUST,0.0001809423,8,1,255.02467837,offer,2026-09-28T13:47:01.285336+00:00
c094dbeb-9f34-4c74-8cfb-ad7183d1667c,fUST,0.00018453,2,1,349.18089201,offer,2026-09-28T13:47:01.285336+00:00
c094dbeb-9f34-4c74-8cfb-ad7183d1667c,fUST,0.00018454,2,16,5100.0,offer,2026-09-28T13:47:01.285336+00:00
c094dbeb-9f34-4c74-8cfb-ad7183d1667c,fUST,0.00018599,2,1,500.0,offer,2026-09-28T13:47:01.285336+00:00
c094dbeb-9f34-4c74-8cfb-ad7183d1667c,fUST,0.00018997000000000003,5,1,189.71636317,offer,2026-09-28T13:47:01.285336+00:00
c094dbeb-9f34-4c74-8cfb-ad7183d1667c,fUST,0.00018998000000000002,4,1,180.64248051,offer,2026-09-28T13:47:01.285336+00:00
c094dbeb-9f34-4c74-8cfb-ad7183d1667c,fUST,0.00018999999999999998,2,1,200.00000002,offer,2026-09-28T13:47:01.285336+00:00
c094dbeb-9f34-4c74-8cfb-ad7183d1667c,fUST,0.00019,2,4,12330.6761615,offer,2026-09-28T13:47:01.285336+00:00
c094dbeb-9f34-4c74-8cfb-ad7183d1667c,fUST,0.00019044399999999998,2,1,198.13079989,offer,2026-09-28T13:47:01.285336+00:00
c094dbeb-9f34-4c74-8cfb-ad7183d1667c,fUST,0.00019372458333333331,2,1,3877.90969697,offer,2026-09-28T13:47:01.285336+00:00
c094dbeb-9f34-4c74-8cfb-ad7183d1667c,fUST,0.00019378,2,1,500.0,offer,2026-09-28T13:47:01.285336+00:00
c094dbeb-9f34-4c74-8cfb-ad7183d1667c,fUST,0.00019393,2,1,500.0,offer,2026-09-28T13:47:01.285336+00:00
c094dbeb-9f34-4c74-8cfb-ad7183d1667c,fUST,0.0001974673,3,1,267.82,offer,2026-09-28T13:47:01.285336+00:00
c094dbeb-9f34-4c74-8cfb-ad7183d1667c,fUST,0.00019899,2,1,500.0,offer,2026-09-28T13:47:01.285336+00:00
c094dbeb-9f34-4c74-8cfb-ad7183d1667c,fUST,0.0002005118,2,1,329.03,offer,2026-09-28T13:47:01.285336+00:00
c094dbeb-9f34-4c74-8cfb-ad7183d1667c,fUST,0.000202,2,1,180.05964442,offer,2026-09-28T13:47:01.285336+00:00
c094dbeb-9f34-4c74-8cfb-ad7183d1667c,fUST,0.00020299,2,1,720.0,offer,2026-09-28T13:47:01.285336+00:00
c094dbeb-9f34-4c74-8cfb-ad7183d1667c,fUST,0.00020383561643835615,3,1,159.0,offer,2026-09-28T13:47:01.285336+00:00
c094dbeb-9f34-4c74-8cfb-ad7183d1667c,fUST,0.0002072460087,2,1,198.512445,offer,2026-09-28T13:47:01.285336+00:00
c094dbeb-9f34-4c74-8cfb-ad7183d1667c,fUST,0.00020789000000000002,8,1,189.71636317,offer,2026-09-28T13:47:01.285336+00:00
c094dbeb-9f34-4c74-8cfb-ad7183d1667c,fUST,0.00020799,2,1,647.16811007,offer,2026-09-28T13:47:01.285336+00:00
17948fae-88b2-4dcc-84bc-ee54e626a4b6,fUST,0.0002671232876712329,120,1,-2592066.59734328,demand,2026-09-28T14:47:01.254434+00:00
17948fae-88b2-4dcc-84bc-ee54e626a4b6,fUST,0.000267123287,120,1,-4451.08,demand,2026-09-28T14:47:01.254434+00:00
17948fae-88b2-4dcc-84bc-ee54e626a4b6,fUST,0.00026182191780821915,60,1,-5440540.28960156,demand,2026-09-28T14:47:01.254434+00:00
17948fae-88b2-4dcc-84bc-ee54e626a4b6,fUST,0.0002574,35,1,-25497.1189196,demand,2026-09-28T14:47:01.254434+00:00
17948fae-88b2-4dcc-84bc-ee54e626a4b6,fUST,0.000257279452,45,1,-1438.99,demand,2026-09-28T14:47:01.254434+00:00
17948fae-88b2-4dcc-84bc-ee54e626a4b6,fUST,0.000256575342,35,1,-14866.01998122,demand,2026-09-28T14:47:01.254434+00:00
17948fae-88b2-4dcc-84bc-ee54e626a4b6,fUST,0.000235881,10,2,-1519.64,demand,2026-09-28T14:47:01.254434+00:00
17948fae-88b2-4dcc-84bc-ee54e626a4b6,fUST,0.00019,2,1,-2000.0,demand,2026-09-28T14:47:01.254434+00:00
17948fae-88b2-4dcc-84bc-ee54e626a4b6,fUST,0.0001615,2,1,-1196191.13216217,demand,2026-09-28T14:47:01.254434+00:00
17948fae-88b2-4dcc-84bc-ee54e626a4b6,fUST,0.00016103,2,1,-89823.20415265,demand,2026-09-28T14:47:01.254434+00:00
17948fae-88b2-4dcc-84bc-ee54e626a4b6,fUST,0.0001601,29,1,-139823.84554117,demand,2026-09-28T14:47:01.254434+00:00
17948fae-88b2-4dcc-84bc-ee54e626a4b6,fUST,0.00016,60,18,-114200.828599,demand,2026-09-28T14:47:01.254434+00:00
17948fae-88b2-4dcc-84bc-ee54e626a4b6,fUST,0.00016,30,1,-3277.4,demand,2026-09-28T14:47:01.254434+00:00
17948fae-88b2-4dcc-84bc-ee54e626a4b6,fUST,0.00016,2,1,-4000.0,demand,2026-09-28T14:47:01.254434+00:00
17948fae-88b2-4dcc-84bc-ee54e626a4b6,fUST,0.000155,45,8,-47500.0,demand,2026-09-28T14:47:01.254434+00:00
17948fae-88b2-4dcc-84bc-ee54e626a4b6,fUST,0.000153,7,1,-2485.0,demand,2026-09-28T14:47:01.254434+00:00
17948fae-88b2-4dcc-84bc-ee54e626a4b6,fUST,0.000152,60,1,-28000.0,demand,2026-09-28T14:47:01.254434+00:00
17948fae-88b2-4dcc-84bc-ee54e626a4b6,fUST,0.00015,120,1,-300000.0,demand,2026-09-28T14:47:01.254434+00:00
17948fae-88b2-4dcc-84bc-ee54e626a4b6,fUST,0.00015,45,4,-18668.928077,demand,2026-09-28T14:47:01.254434+00:00
17948fae-88b2-4dcc-84bc-ee54e626a4b6,fUST,0.00015,30,14,-57500.0,demand,2026-09-28T14:47:01.254434+00:00
17948fae-88b2-4dcc-84bc-ee54e626a4b6,fUST,0.00015,6,1,-7766.14475445,demand,2026-09-28T14:47:01.254434+00:00
17948fae-88b2-4dcc-84bc-ee54e626a4b6,fUST,0.000149,2,1,-1912386.18946303,demand,2026-09-28T14:47:01.254434+00:00
17948fae-88b2-4dcc-84bc-ee54e626a4b6,fUST,0.00014806,2,2,-2346827.30931819,demand,2026-09-28T14:47:01.254434+00:00
17948fae-88b2-4dcc-84bc-ee54e626a4b6,fUST,0.000142,45,2,-20000.0,demand,2026-09-28T14:47:01.254434+00:00
17948fae-88b2-4dcc-84bc-ee54e626a4b6,fUST,0.0001401,13,1,-99488.31479105,demand,2026-09-28T14:47:01.254434+00:00
17948fae-88b2-4dcc-84bc-ee54e626a4b6,fUST,0.000178,30,1,15379.18301515,offer,2026-09-28T14:47:01.254434+00:00
17948fae-88b2-4dcc-84bc-ee54e626a4b6,fUST,0.00019795,2,1,619.77926831,offer,2026-09-28T14:47:01.254434+00:00
17948fae-88b2-4dcc-84bc-ee54e626a4b6,fUST,0.00021677,7,2,480.91058425,offer,2026-09-28T14:47:01.254434+00:00
17948fae-88b2-4dcc-84bc-ee54e626a4b6,fUST,0.000216796,2,1,201.64593244,offer,2026-09-28T14:47:01.254434+00:00
17948fae-88b2-4dcc-84bc-ee54e626a4b6,fUST,0.000219,2,1,195.51809462,offer,2026-09-28T14:47:01.254434+00:00
17948fae-88b2-4dcc-84bc-ee54e626a4b6,fUST,0.0002211054,7,1,258.81404865,offer,2026-09-28T14:47:01.254434+00:00
17948fae-88b2-4dcc-84bc-ee54e626a4b6,fUST,0.0002211164383561644,7,1,282.16790646,offer,2026-09-28T14:47:01.254434+00:00
17948fae-88b2-4dcc-84bc-ee54e626a4b6,fUST,0.00022451221749999998,2,1,574.15240774,offer,2026-09-28T14:47:01.254434+00:00
17948fae-88b2-4dcc-84bc-ee54e626a4b6,fUST,0.0002276085,7,1,258.81404865,offer,2026-09-28T14:47:01.254434+00:00
17948fae-88b2-4dcc-84bc-ee54e626a4b6,fUST,0.00022761986301369865,7,1,343.90374531,offer,2026-09-28T14:47:01.254434+00:00
17948fae-88b2-4dcc-84bc-ee54e626a4b6,fUST,0.00023,10,15,4500.0,offer,2026-09-28T14:47:01.254434+00:00
17948fae-88b2-4dcc-84bc-ee54e626a4b6,fUST,0.00023411160000000002,7,1,258.81404865,offer,2026-09-28T14:47:01.254434+00:00
17948fae-88b2-4dcc-84bc-ee54e626a4b6,fUST,0.0002341232876712329,7,1,423.25185972,offer,2026-09-28T14:47:01.254434+00:00
17948fae-88b2-4dcc-84bc-ee54e626a4b6,fUST,0.0002349922720247295,2,1,160.0,offer,2026-09-28T14:47:01.254434+00:00
17948fae-88b2-4dcc-84bc-ee54e626a4b6,fUST,0.000235,2,1,611.58,offer,2026-09-28T14:47:01.254434+00:00
17948fae-88b2-4dcc-84bc-ee54e626a4b6,fUST,0.000235881,10,1,5000.0,offer,2026-09-28T14:47:01.254434+00:00
17948fae-88b2-4dcc-84bc-ee54e626a4b6,fUST,0.00024,2,2,584.0,offer,2026-09-28T14:47:01.254434+00:00
17948fae-88b2-4dcc-84bc-ee54e626a4b6,fUST,0.00024278240000000004,7,1,258.81404868,offer,2026-09-28T14:47:01.254434+00:00
17948fae-88b2-4dcc-84bc-ee54e626a4b6,fUST,0.00024312340993095808,2,1,221.87012687,offer,2026-09-28T14:47:01.254434+00:00
17948fae-88b2-4dcc-84bc-ee54e626a4b6,fUST,0.00024313059244015483,2,3,480.0,offer,2026-09-28T14:47:01.254434+00:00
17948fae-88b2-4dcc-84bc-ee54e626a4b6,fUST,0.0002431312717180495,2,1,417.15472785,offer,2026-09-28T14:47:01.254434+00:00
17948fae-88b2-4dcc-84bc-ee54e626a4b6,fUST,0.000248,30,3,469.24342709,offer,2026-09-28T14:47:01.254434+00:00
17948fae-88b2-4dcc-84bc-ee54e626a4b6,fUST,0.00025,8,1,414.318,offer,2026-09-28T14:47:01.254434+00:00
17948fae-88b2-4dcc-84bc-ee54e626a4b6,fUST,0.00025,2,2,584.0,offer,2026-09-28T14:47:01.254434+00:00
17948fae-88b2-4dcc-84bc-ee54e626a4b6,fUST,0.000254,2,1,2839.01088778,offer,2026-09-28T14:47:01.254434+00:00
048ae23e-3a0b-4863-b72a-1ee7444b065c,fUST,0.0002671232876712329,120,1,-2592066.59734328,demand,2026-09-28T15:47:01.931994+00:00
048ae23e-3a0b-4863-b72a-1ee7444b065c,fUST,0.000267123287,120,1,-4451.08,demand,2026-09-28T15:47:01.931994+00:00
048ae23e-3a0b-4863-b72a-1ee7444b065c,fUST,0.0002619041095890411,60,1,-5436017.04449233,demand,2026-09-28T15:47:01.931994+00:00
048ae23e-3a0b-4863-b72a-1ee7444b065c,fUST,0.0002574,35,1,-25152.6589196,demand,2026-09-28T15:47:01.931994+00:00
048ae23e-3a0b-4863-b72a-1ee7444b065c,fUST,0.000257279452,45,1,-1438.99,demand,2026-09-28T15:47:01.931994+00:00
048ae23e-3a0b-4863-b72a-1ee7444b065c,fUST,0.000256575342,35,1,-14866.01998122,demand,2026-09-28T15:47:01.931994+00:00
048ae23e-3a0b-4863-b72a-1ee7444b065c,fUST,0.00021,2,2,-300.0,demand,2026-09-28T15:47:01.931994+00:00
048ae23e-3a0b-4863-b72a-1ee7444b065c,fUST,0.00019,2,1,-2000.0,demand,2026-09-28T15:47:01.931994+00:00
048ae23e-3a0b-4863-b72a-1ee7444b065c,fUST,0.0001615,2,1,-1194749.69845233,demand,2026-09-28T15:47:01.931994+00:00
048ae23e-3a0b-4863-b72a-1ee7444b065c,fUST,0.00016103,2,1,-89823.20415265,demand,2026-09-28T15:47:01.931994+00:00
048ae23e-3a0b-4863-b72a-1ee7444b065c,fUST,0.0001601,29,1,-139823.84554117,demand,2026-09-28T15:47:01.931994+00:00
048ae23e-3a0b-4863-b72a-1ee7444b065c,fUST,0.00016,60,18,-114200.828599,demand,2026-09-28T15:47:01.931994+00:00
048ae23e-3a0b-4863-b72a-1ee7444b065c,fUST,0.00016,30,1,-3277.4,demand,2026-09-28T15:47:01.931994+00:00
048ae23e-3a0b-4863-b72a-1ee7444b065c,fUST,0.00016,2,1,-4000.0,demand,2026-09-28T15:47:01.931994+00:00
048ae23e-3a0b-4863-b72a-1ee7444b065c,fUST,0.000155,45,8,-47500.0,demand,2026-09-28T15:47:01.931994+00:00
048ae23e-3a0b-4863-b72a-1ee7444b065c,fUST,0.000153,7,1,-2485.0,demand,2026-09-28T15:47:01.931994+00:00
048ae23e-3a0b-4863-b72a-1ee7444b065c,fUST,0.000152,60,1,-28000.0,demand,2026-09-28T15:47:01.931994+00:00
048ae23e-3a0b-4863-b72a-1ee7444b065c,fUST,0.00015,120,1,-300000.0,demand,2026-09-28T15:47:01.931994+00:00
048ae23e-3a0b-4863-b72a-1ee7444b065c,fUST,0.00015,45,4,-18668.928077,demand,2026-09-28T15:47:01.931994+00:00
048ae23e-3a0b-4863-b72a-1ee7444b065c,fUST,0.00015,30,14,-57500.0,demand,2026-09-28T15:47:01.931994+00:00
048ae23e-3a0b-4863-b72a-1ee7444b065c,fUST,0.00015,6,1,-7766.14475445,demand,2026-09-28T15:47:01.931994+00:00
048ae23e-3a0b-4863-b72a-1ee7444b065c,fUST,0.000149,2,1,-1912386.18946303,demand,2026-09-28T15:47:01.931994+00:00
048ae23e-3a0b-4863-b72a-1ee7444b065c,fUST,0.00014806,2,2,-2346827.30931819,demand,2026-09-28T15:47:01.931994+00:00
048ae23e-3a0b-4863-b72a-1ee7444b065c,fUST,0.000142,45,2,-20000.0,demand,2026-09-28T15:47:01.931994+00:00
048ae23e-3a0b-4863-b72a-1ee7444b065c,fUST,0.0001401,13,1,-99488.31479105,demand,2026-09-28T15:47:01.931994+00:00
048ae23e-3a0b-4863-b72a-1ee7444b065c,fUST,0.0002,10,1,4062.43546043,offer,2026-09-28T15:47:01.931994+00:00
048ae23e-3a0b-4863-b72a-1ee7444b065c,fUST,0.00021,2,1,5000.0,offer,2026-09-28T15:47:01.931994+00:00
048ae23e-3a0b-4863-b72a-1ee7444b065c,fUST,0.0002120711,2,1,1.0,offer,2026-09-28T15:47:01.931994+00:00
048ae23e-3a0b-4863-b72a-1ee7444b065c,fUST,0.00021475,2,1,659.979,offer,2026-09-28T15:47:01.931994+00:00
048ae23e-3a0b-4863-b72a-1ee7444b065c,fUST,0.0002168742602739726,2,2,330.62954974,offer,2026-09-28T15:47:01.931994+00:00
048ae23e-3a0b-4863-b72a-1ee7444b065c,fUST,0.000219,2,1,4885.59716385,offer,2026-09-28T15:47:01.931994+00:00
048ae23e-3a0b-4863-b72a-1ee7444b065c,fUST,0.00021912,2,1,488.02285284,offer,2026-09-28T15:47:01.931994+00:00
048ae23e-3a0b-4863-b72a-1ee7444b065c,fUST,0.0002198,2,1,154.42065295,offer,2026-09-28T15:47:01.931994+00:00
048ae23e-3a0b-4863-b72a-1ee7444b065c,fUST,0.00022,2,1,45297.60682134,offer,2026-09-28T15:47:01.931994+00:00
048ae23e-3a0b-4863-b72a-1ee7444b065c,fUST,0.0002208027397260274,2,3,1030.15880957,offer,2026-09-28T15:47:01.931994+00:00
048ae23e-3a0b-4863-b72a-1ee7444b065c,fUST,0.00022084931506849315,2,3,852.44835788,offer,2026-09-28T15:47:01.931994+00:00
048ae23e-3a0b-4863-b72a-1ee7444b065c,fUST,0.0002208575342465753,2,1,178.09468888,offer,2026-09-28T15:47:01.931994+00:00
048ae23e-3a0b-4863-b72a-1ee7444b065c,fUST,0.000221,2,1,10038.49318274,offer,2026-09-28T15:47:01.931994+00:00
048ae23e-3a0b-4863-b72a-1ee7444b065c,fUST,0.00022466,2,1,151.0,offer,2026-09-28T15:47:01.931994+00:00
048ae23e-3a0b-4863-b72a-1ee7444b065c,fUST,0.0002246832,7,1,312.58155341,offer,2026-09-28T15:47:01.931994+00:00
048ae23e-3a0b-4863-b72a-1ee7444b065c,fUST,0.00022525,10,1,600.0,offer,2026-09-28T15:47:01.931994+00:00
048ae23e-3a0b-4863-b72a-1ee7444b065c,fUST,0.00022737284090909094,3,1,1023.0,offer,2026-09-28T15:47:01.931994+00:00
048ae23e-3a0b-4863-b72a-1ee7444b065c,fUST,0.0002277447,2,1,166.623591,offer,2026-09-28T15:47:01.931994+00:00
048ae23e-3a0b-4863-b72a-1ee7444b065c,fUST,0.0002278121,2,1,1498.1596006,offer,2026-09-28T15:47:01.931994+00:00
048ae23e-3a0b-4863-b72a-1ee7444b065c,fUST,0.0002317449,2,1,253.257183,offer,2026-09-28T15:47:01.931994+00:00
048ae23e-3a0b-4863-b72a-1ee7444b065c,fUST,0.0002321992,2,1,1484.5881565,offer,2026-09-28T15:47:01.931994+00:00
048ae23e-3a0b-4863-b72a-1ee7444b065c,fUST,0.000232291,2,1,1140.4794624,offer,2026-09-28T15:47:01.931994+00:00
048ae23e-3a0b-4863-b72a-1ee7444b065c,fUST,0.0002324548,2,1,1525.0220579,offer,2026-09-28T15:47:01.931994+00:00
048ae23e-3a0b-4863-b72a-1ee7444b065c,fUST,0.0002340721,2,5,2053.12403503,offer,2026-09-28T15:47:01.931994+00:00
048ae23e-3a0b-4863-b72a-1ee7444b065c,fUST,0.0002340821,2,1,3839.7129172,offer,2026-09-28T15:47:01.931994+00:00
b890f8be-390f-43e1-bc5f-3a66021e2bcb,fUST,0.0002671232876712329,120,1,-2592066.59734328,demand,2026-09-28T16:47:01.709617+00:00
b890f8be-390f-43e1-bc5f-3a66021e2bcb,fUST,0.000267123287,120,1,-4451.08,demand,2026-09-28T16:47:01.709617+00:00
b890f8be-390f-43e1-bc5f-3a66021e2bcb,fUST,0.00026207123287671233,60,1,-5436017.04449233,demand,2026-09-28T16:47:01.709617+00:00
b890f8be-390f-43e1-bc5f-3a66021e2bcb,fUST,0.0002574,35,1,-24397.8889196,demand,2026-09-28T16:47:01.709617+00:00
b890f8be-390f-43e1-bc5f-3a66021e2bcb,fUST,0.000257279452,45,1,-1438.99,demand,2026-09-28T16:47:01.709617+00:00
b890f8be-390f-43e1-bc5f-3a66021e2bcb,fUST,0.000256575342,35,1,-14866.01998122,demand,2026-09-28T16:47:01.709617+00:00
b890f8be-390f-43e1-bc5f-3a66021e2bcb,fUST,0.00023,2,1,-150.0,demand,2026-09-28T16:47:01.709617+00:00
b890f8be-390f-43e1-bc5f-3a66021e2bcb,fUST,0.00021,2,1,-150.0,demand,2026-09-28T16:47:01.709617+00:00
b890f8be-390f-43e1-bc5f-3a66021e2bcb,fUST,0.00019,2,1,-2000.0,demand,2026-09-28T16:47:01.709617+00:00
b890f8be-390f-43e1-bc5f-3a66021e2bcb,fUST,0.0001616,2,1,-2500.173688,demand,2026-09-28T16:47:01.709617+00:00
b890f8be-390f-43e1-bc5f-3a66021e2bcb,fUST,0.0001615,2,1,-1181681.17947317,demand,2026-09-28T16:47:01.709617+00:00
b890f8be-390f-43e1-bc5f-3a66021e2bcb,fUST,0.00016103,2,1,-89823.20415265,demand,2026-09-28T16:47:01.709617+00:00
b890f8be-390f-43e1-bc5f-3a66021e2bcb,fUST,0.0001601,29,1,-139823.84554117,demand,2026-09-28T16:47:01.709617+00:00
b890f8be-390f-43e1-bc5f-3a66021e2bcb,fUST,0.00016,60,18,-114200.828599,demand,2026-09-28T16:47:01.709617+00:00
b890f8be-390f-43e1-bc5f-3a66021e2bcb,fUST,0.00016,30,1,-3277.4,demand,2026-09-28T16:47:01.709617+00:00
b890f8be-390f-43e1-bc5f-3a66021e2bcb,fUST,0.00016,2,1,-4000.0,demand,2026-09-28T16:47:01.709617+00:00
b890f8be-390f-43e1-bc5f-3a66021e2bcb,fUST,0.000155,45,8,-47500.0,demand,2026-09-28T16:47:01.709617+00:00
b890f8be-390f-43e1-bc5f-3a66021e2bcb,fUST,0.000153,7,1,-2485.0,demand,2026-09-28T16:47:01.709617+00:00
b890f8be-390f-43e1-bc5f-3a66021e2bcb,fUST,0.000152,60,1,-28000.0,demand,2026-09-28T16:47:01.709617+00:00
b890f8be-390f-43e1-bc5f-3a66021e2bcb,fUST,0.00015,120,1,-300000.0,demand,2026-09-28T16:47:01.709617+00:00
b890f8be-390f-43e1-bc5f-3a66021e2bcb,fUST,0.00015,45,4,-18668.928077,demand,2026-09-28T16:47:01.709617+00:00
b890f8be-390f-43e1-bc5f-3a66021e2bcb,fUST,0.00015,30,14,-57500.0,demand,2026-09-28T16:47:01.709617+00:00
b890f8be-390f-43e1-bc5f-3a66021e2bcb,fUST,0.00015,6,1,-7766.14475445,demand,2026-09-28T16:47:01.709617+00:00
b890f8be-390f-43e1-bc5f-3a66021e2bcb,fUST,0.000149,2,1,-1912386.18946303,demand,2026-09-28T16:47:01.709617+00:00
b890f8be-390f-43e1-bc5f-3a66021e2bcb,fUST,0.00014806,2,2,-2346827.30931819,demand,2026-09-28T16:47:01.709617+00:00
b890f8be-390f-43e1-bc5f-3a66021e2bcb,fUST,0.00019946,2,1,223.35220591,offer,2026-09-28T16:47:01.709617+00:00
b890f8be-390f-43e1-bc5f-3a66021e2bcb,fUST,0.0002,10,1,734606.24036652,offer,2026-09-28T16:47:01.709617+00:00
b890f8be-390f-43e1-bc5f-3a66021e2bcb,fUST,0.00020295,2,16,5100.0,offer,2026-09-28T16:47:01.709617+00:00
b890f8be-390f-43e1-bc5f-3a66021e2bcb,fUST,0.00020892,2,2,1000.0,offer,2026-09-28T16:47:01.709617+00:00
b890f8be-390f-43e1-bc5f-3a66021e2bcb,fUST,0.000209988,2,1,252.21319471,offer,2026-09-28T16:47:01.709617+00:00
b890f8be-390f-43e1-bc5f-3a66021e2bcb,fUST,0.00021102000000000002,2,13,6217.46367644,offer,2026-09-28T16:47:01.709617+00:00
b890f8be-390f-43e1-bc5f-3a66021e2bcb,fUST,0.00021117404109589042,2,1,157.74276156,offer,2026-09-28T16:47:01.709617+00:00
b890f8be-390f-43e1-bc5f-3a66021e2bcb,fUST,0.0002135603,2,1,232.4598778,offer,2026-09-28T16:47:01.709617+00:00
b890f8be-390f-43e1-bc5f-3a66021e2bcb,fUST,0.0002159029,2,1,2127.6154019,offer,2026-09-28T16:47:01.709617+00:00
b890f8be-390f-43e1-bc5f-3a66021e2bcb,fUST,0.00021707,2,2,770.68731353,offer,2026-09-28T16:47:01.709617+00:00
b890f8be-390f-43e1-bc5f-3a66021e2bcb,fUST,0.00021707126027397262,2,4,941.17308196,offer,2026-09-28T16:47:01.709617+00:00
b890f8be-390f-43e1-bc5f-3a66021e2bcb,fUST,0.000217821744,2,1,195.3100825,offer,2026-09-28T16:47:01.709617+00:00
b890f8be-390f-43e1-bc5f-3a66021e2bcb,fUST,0.00021897,2,1,500.0,offer,2026-09-28T16:47:01.709617+00:00
b890f8be-390f-43e1-bc5f-3a66021e2bcb,fUST,0.0002205479,2,2,313.74,offer,2026-09-28T16:47:01.709617+00:00
b890f8be-390f-43e1-bc5f-3a66021e2bcb,fUST,0.00022054794520547945,2,1,500.0,offer,2026-09-28T16:47:01.709617+00:00
b890f8be-390f-43e1-bc5f-3a66021e2bcb,fUST,0.0002210027397260274,2,8,2958.26345229,offer,2026-09-28T16:47:01.709617+00:00
b890f8be-390f-43e1-bc5f-3a66021e2bcb,fUST,0.00022286,2,1,513.30486144,offer,2026-09-28T16:47:01.709617+00:00
b890f8be-390f-43e1-bc5f-3a66021e2bcb,fUST,0.00022324,10,1,720.0,offer,2026-09-28T16:47:01.709617+00:00
b890f8be-390f-43e1-bc5f-3a66021e2bcb,fUST,0.00023,2,2,5257.3827024,offer,2026-09-28T16:47:01.709617+00:00
b890f8be-390f-43e1-bc5f-3a66021e2bcb,fUST,0.00023705840833333333,2,1,247.21346172,offer,2026-09-28T16:47:01.709617+00:00
b890f8be-390f-43e1-bc5f-3a66021e2bcb,fUST,0.0002374787322,2,1,187.129669,offer,2026-09-28T16:47:01.709617+00:00
b890f8be-390f-43e1-bc5f-3a66021e2bcb,fUST,0.0002386453,2,1,338.23,offer,2026-09-28T16:47:01.709617+00:00
b890f8be-390f-43e1-bc5f-3a66021e2bcb,fUST,0.00023865,5,1,455.076,offer,2026-09-28T16:47:01.709617+00:00
b890f8be-390f-43e1-bc5f-3a66021e2bcb,fUST,0.00024,2,6,1822.0,offer,2026-09-28T16:47:01.709617+00:00
b890f8be-390f-43e1-bc5f-3a66021e2bcb,fUST,0.00024071351050647036,14,1,453.15848459,offer,2026-09-28T16:47:01.709617+00:00
90f92bc4-b5fc-420e-8b23-284e0ad2bee5,fUST,0.0002671232876712329,120,1,-2592066.59734328,demand,2026-09-28T17:47:01.636923+00:00
90f92bc4-b5fc-420e-8b23-284e0ad2bee5,fUST,0.000267123287,120,1,-4451.08,demand,2026-09-28T17:47:01.636923+00:00
90f92bc4-b5fc-420e-8b23-284e0ad2bee5,fUST,0.0002620191780821918,60,1,-5431010.94738664,demand,2026-09-28T17:47:01.636923+00:00
90f92bc4-b5fc-420e-8b23-284e0ad2bee5,fUST,0.0002574,35,1,-1888.0388576,demand,2026-09-28T17:47:01.636923+00:00
90f92bc4-b5fc-420e-8b23-284e0ad2bee5,fUST,0.000257279452,45,1,-1438.99,demand,2026-09-28T17:47:01.636923+00:00
90f92bc4-b5fc-420e-8b23-284e0ad2bee5,fUST,0.000256575342,35,1,-14866.01998122,demand,2026-09-28T17:47:01.636923+00:00
90f92bc4-b5fc-420e-8b23-284e0ad2bee5,fUST,0.000199782,2,1,-500.0,demand,2026-09-28T17:47:01.636923+00:00
90f92bc4-b5fc-420e-8b23-284e0ad2bee5,fUST,0.00019,2,2,-2500.0,demand,2026-09-28T17:47:01.636923+00:00
90f92bc4-b5fc-420e-8b23-284e0ad2bee5,fUST,0.0001616,2,1,-1851.20354085,demand,2026-09-28T17:47:01.636923+00:00
90f92bc4-b5fc-420e-8b23-284e0ad2bee5,fUST,0.0001615,2,1,-1181681.17947317,demand,2026-09-28T17:47:01.636923+00:00
90f92bc4-b5fc-420e-8b23-284e0ad2bee5,fUST,0.00016103,2,1,-89823.20415265,demand,2026-09-28T17:47:01.636923+00:00
90f92bc4-b5fc-420e-8b23-284e0ad2bee5,fUST,0.0001601,29,1,-139823.84554117,demand,2026-09-28T17:47:01.636923+00:00
90f92bc4-b5fc-420e-8b23-284e0ad2bee5,fUST,0.00016,60,18,-114200.828599,demand,2026-09-28T17:47:01.636923+00:00
90f92bc4-b5fc-420e-8b23-284e0ad2bee5,fUST,0.00016,30,1,-3277.4,demand,2026-09-28T17:47:01.636923+00:00
90f92bc4-b5fc-420e-8b23-284e0ad2bee5,fUST,0.00016,2,1,-4000.0,demand,2026-09-28T17:47:01.636923+00:00
90f92bc4-b5fc-420e-8b23-284e0ad2bee5,fUST,0.000155,45,8,-47500.0,demand,2026-09-28T17:47:01.636923+00:00
90f92bc4-b5fc-420e-8b23-284e0ad2bee5,fUST,0.000153,7,1,-2485.0,demand,2026-09-28T17:47:01.636923+00:00
90f92bc4-b5fc-420e-8b23-284e0ad2bee5,fUST,0.000152,60,1,-28000.0,demand,2026-09-28T17:47:01.636923+00:00
90f92bc4-b5fc-420e-8b23-284e0ad2bee5,fUST,0.00015,120,1,-300000.0,demand,2026-09-28T17:47:01.636923+00:00
90f92bc4-b5fc-420e-8b23-284e0ad2bee5,fUST,0.00015,45,4,-18668.928077,demand,2026-09-28T17:47:01.636923+00:00
90f92bc4-b5fc-420e-8b23-284e0ad2bee5,fUST,0.00015,30,14,-57500.0,demand,2026-09-28T17:47:01.636923+00:00
90f92bc4-b5fc-420e-8b23-284e0ad2bee5,fUST,0.00015,6,1,-7766.14475445,demand,2026-09-28T17:47:01.636923+00:00
90f92bc4-b5fc-420e-8b23-284e0ad2bee5,fUST,0.000149,2,1,-1912386.18946303,demand,2026-09-28T17:47:01.636923+00:00
90f92bc4-b5fc-420e-8b23-284e0ad2bee5,fUST,0.00014806,2,2,-2346827.30931819,demand,2026-09-28T17:47:01.636923+00:00
90f92bc4-b5fc-420e-8b23-284e0ad2bee5,fUST,0.000142,45,2,-20000.0,demand,2026-09-28T17:47:01.636923+00:00
90f92bc4-b5fc-420e-8b23-284e0ad2bee5,fUST,0.0001914383,2,1,184.069275,offer,2026-09-28T17:47:01.636923+00:00
90f92bc4-b5fc-420e-8b23-284e0ad2bee5,fUST,0.00019377690000000003,2,1,151.0,offer,2026-09-28T17:47:01.636923+00:00
90f92bc4-b5fc-420e-8b23-284e0ad2bee5,fUST,0.00019978,2,4,1689.48678923,offer,2026-09-28T17:47:01.636923+00:00
90f92bc4-b5fc-420e-8b23-284e0ad2bee5,fUST,0.000199782,2,1,5000.0,offer,2026-09-28T17:47:01.636923+00:00
90f92bc4-b5fc-420e-8b23-284e0ad2bee5,fUST,0.00019979,2,1,500.0,offer,2026-09-28T17:47:01.636923+00:00
90f92bc4-b5fc-420e-8b23-284e0ad2bee5,fUST,0.000199857888,7,1,181.26339383,offer,2026-09-28T17:47:01.636923+00:00
90f92bc4-b5fc-420e-8b23-284e0ad2bee5,fUST,0.00019988038354171867,2,1,386.62968119,offer,2026-09-28T17:47:01.636923+00:00
90f92bc4-b5fc-420e-8b23-284e0ad2bee5,fUST,0.00019995890410958903,2,1,1515.53129882,offer,2026-09-28T17:47:01.636923+00:00
90f92bc4-b5fc-420e-8b23-284e0ad2bee5,fUST,0.00019996,2,30,14849.95359264,offer,2026-09-28T17:47:01.636923+00:00
90f92bc4-b5fc-420e-8b23-284e0ad2bee5,fUST,0.00019997,2,4,1346.88632344,offer,2026-09-28T17:47:01.636923+00:00
90f92bc4-b5fc-420e-8b23-284e0ad2bee5,fUST,0.00019998,2,1,384.54,offer,2026-09-28T17:47:01.636923+00:00
90f92bc4-b5fc-420e-8b23-284e0ad2bee5,fUST,0.00019998904109589042,2,1,509.65740655,offer,2026-09-28T17:47:01.636923+00:00
90f92bc4-b5fc-420e-8b23-284e0ad2bee5,fUST,0.00019999,2,19,8578.38634699,offer,2026-09-28T17:47:01.636923+00:00
90f92bc4-b5fc-420e-8b23-284e0ad2bee5,fUST,0.00019999000000000001,2,1,152.19446054,offer,2026-09-28T17:47:01.636923+00:00
90f92bc4-b5fc-420e-8b23-284e0ad2bee5,fUST,0.0002,10,1,532574.79146222,offer,2026-09-28T17:47:01.636923+00:00
90f92bc4-b5fc-420e-8b23-284e0ad2bee5,fUST,0.0002037654,4,1,167.78857298,offer,2026-09-28T17:47:01.636923+00:00
90f92bc4-b5fc-420e-8b23-284e0ad2bee5,fUST,0.00020396,2,1,500.0,offer,2026-09-28T17:47:01.636923+00:00
90f92bc4-b5fc-420e-8b23-284e0ad2bee5,fUST,0.00020397,2,1,600.0,offer,2026-09-28T17:47:01.636923+00:00
90f92bc4-b5fc-420e-8b23-284e0ad2bee5,fUST,0.00020398,2,15,4500.0,offer,2026-09-28T17:47:01.636923+00:00
90f92bc4-b5fc-420e-8b23-284e0ad2bee5,fUST,0.0002058475104,2,1,196.6306304,offer,2026-09-28T17:47:01.636923+00:00
90f92bc4-b5fc-420e-8b23-284e0ad2bee5,fUST,0.00020726003200000003,7,2,369.59870987,offer,2026-09-28T17:47:01.636923+00:00
90f92bc4-b5fc-420e-8b23-284e0ad2bee5,fUST,0.0002114493984,2,1,253.96742,offer,2026-09-28T17:47:01.636923+00:00
90f92bc4-b5fc-420e-8b23-284e0ad2bee5,fUST,0.00021374,2,1,182.31,offer,2026-09-28T17:47:01.636923+00:00
90f92bc4-b5fc-420e-8b23-284e0ad2bee5,fUST,0.00021417,2,3,1603.54881185,offer,2026-09-28T17:47:01.636923+00:00
90f92bc4-b5fc-420e-8b23-284e0ad2bee5,fUST,0.00021486,2,1,397.726,offer,2026-09-28T17:47:01.636923+00:00
44398b13-cef0-44df-81a4-1df8cb4d7759,fUST,0.0002671232876712329,120,1,-2590573.95630248,demand,2026-09-28T18:47:01.396524+00:00
44398b13-cef0-44df-81a4-1df8cb4d7759,fUST,0.000267123287,120,1,-4451.08,demand,2026-09-28T18:47:01.396524+00:00
44398b13-cef0-44df-81a4-1df8cb4d7759,fUST,0.00026185753424657536,60,1,-5428743.68822541,demand,2026-09-28T18:47:01.396524+00:00
44398b13-cef0-44df-81a4-1df8cb4d7759,fUST,0.0002574,35,1,-1559.5488576,demand,2026-09-28T18:47:01.396524+00:00
44398b13-cef0-44df-81a4-1df8cb4d7759,fUST,0.000257279452,45,1,-1438.99,demand,2026-09-28T18:47:01.396524+00:00
44398b13-cef0-44df-81a4-1df8cb4d7759,fUST,0.000256575342,35,1,-14866.01998122,demand,2026-09-28T18:47:01.396524+00:00
44398b13-cef0-44df-81a4-1df8cb4d7759,fUST,0.00024,2,1,-150.0,demand,2026-09-28T18:47:01.396524+00:00
44398b13-cef0-44df-81a4-1df8cb4d7759,fUST,0.00022,2,1,-150.0,demand,2026-09-28T18:47:01.396524+00:00
44398b13-cef0-44df-81a4-1df8cb4d7759,fUST,0.0002,2,1,-2000.0,demand,2026-09-28T18:47:01.396524+00:00
44398b13-cef0-44df-81a4-1df8cb4d7759,fUST,0.00019,2,1,-2000.0,demand,2026-09-28T18:47:01.396524+00:00
44398b13-cef0-44df-81a4-1df8cb4d7759,fUST,0.00018,2,1,-2000.0,demand,2026-09-28T18:47:01.396524+00:00
44398b13-cef0-44df-81a4-1df8cb4d7759,fUST,0.0001616,2,1,-1851.20354085,demand,2026-09-28T18:47:01.396524+00:00
44398b13-cef0-44df-81a4-1df8cb4d7759,fUST,0.0001615,2,1,-1181681.17947317,demand,2026-09-28T18:47:01.396524+00:00
44398b13-cef0-44df-81a4-1df8cb4d7759,fUST,0.00016103,2,1,-89823.20415265,demand,2026-09-28T18:47:01.396524+00:00
44398b13-cef0-44df-81a4-1df8cb4d7759,fUST,0.0001601,29,1,-139823.84554117,demand,2026-09-28T18:47:01.396524+00:00
44398b13-cef0-44df-81a4-1df8cb4d7759,fUST,0.00016,60,18,-114200.828599,demand,2026-09-28T18:47:01.396524+00:00
44398b13-cef0-44df-81a4-1df8cb4d7759,fUST,0.00016,30,1,-3277.4,demand,2026-09-28T18:47:01.396524+00:00
44398b13-cef0-44df-81a4-1df8cb4d7759,fUST,0.00016,2,1,-4000.0,demand,2026-09-28T18:47:01.396524+00:00
44398b13-cef0-44df-81a4-1df8cb4d7759,fUST,0.000155,45,8,-47500.0,demand,2026-09-28T18:47:01.396524+00:00
44398b13-cef0-44df-81a4-1df8cb4d7759,fUST,0.000153,7,1,-2485.0,demand,2026-09-28T18:47:01.396524+00:00
44398b13-cef0-44df-81a4-1df8cb4d7759,fUST,0.000152,60,1,-28000.0,demand,2026-09-28T18:47:01.396524+00:00
44398b13-cef0-44df-81a4-1df8cb4d7759,fUST,0.00015,120,1,-300000.0,demand,2026-09-28T18:47:01.396524+00:00
44398b13-cef0-44df-81a4-1df8cb4d7759,fUST,0.00015,45,4,-18668.928077,demand,2026-09-28T18:47:01.396524+00:00
44398b13-cef0-44df-81a4-1df8cb4d7759,fUST,0.00015,30,14,-57500.0,demand,2026-09-28T18:47:01.396524+00:00
44398b13-cef0-44df-81a4-1df8cb4d7759,fUST,0.00015,6,1,-7766.14475445,demand,2026-09-28T18:47:01.396524+00:00
44398b13-cef0-44df-81a4-1df8cb4d7759,fUST,0.00019999000000000001,2,9,3869.2266822,offer,2026-09-28T18:47:01.396524+00:00
44398b13-cef0-44df-81a4-1df8cb4d7759,fUST,0.0002,10,1,86348.38726252,offer,2026-09-28T18:47:01.396524+00:00
44398b13-cef0-44df-81a4-1df8cb4d7759,fUST,0.000201863625,2,1,223.64975302,offer,2026-09-28T18:47:01.396524+00:00
44398b13-cef0-44df-81a4-1df8cb4d7759,fUST,0.00020398,2,15,4500.0,offer,2026-09-28T18:47:01.396524+00:00
44398b13-cef0-44df-81a4-1df8cb4d7759,fUST,0.00020399,2,1,600.0,offer,2026-09-28T18:47:01.396524+00:00
44398b13-cef0-44df-81a4-1df8cb4d7759,fUST,0.00020438356164383562,3,1,160.0,offer,2026-09-28T18:47:01.396524+00:00
44398b13-cef0-44df-81a4-1df8cb4d7759,fUST,0.00021094198630136987,2,1,164.31201181,offer,2026-09-28T18:47:01.396524+00:00
44398b13-cef0-44df-81a4-1df8cb4d7759,fUST,0.00021113184931506848,2,2,347.03947437,offer,2026-09-28T18:47:01.396524+00:00
44398b13-cef0-44df-81a4-1df8cb4d7759,fUST,0.0002150231,2,1,259.6406137,offer,2026-09-28T18:47:01.396524+00:00
44398b13-cef0-44df-81a4-1df8cb4d7759,fUST,0.00021683378082191783,2,2,508.06174993,offer,2026-09-28T18:47:01.396524+00:00
44398b13-cef0-44df-81a4-1df8cb4d7759,fUST,0.0002170280821917808,2,8,2132.81959924,offer,2026-09-28T18:47:01.396524+00:00
44398b13-cef0-44df-81a4-1df8cb4d7759,fUST,0.0002170334794520548,2,3,735.91116002,offer,2026-09-28T18:47:01.396524+00:00
44398b13-cef0-44df-81a4-1df8cb4d7759,fUST,0.0002177929,2,1,259.296893,offer,2026-09-28T18:47:01.396524+00:00
44398b13-cef0-44df-81a4-1df8cb4d7759,fUST,0.00021801956748535023,2,1,1538.81410291,offer,2026-09-28T18:47:01.396524+00:00
44398b13-cef0-44df-81a4-1df8cb4d7759,fUST,0.000219,2,2,308.90196301,offer,2026-09-28T18:47:01.396524+00:00
44398b13-cef0-44df-81a4-1df8cb4d7759,fUST,0.000220294,2,1,267.7190563,offer,2026-09-28T18:47:01.396524+00:00
44398b13-cef0-44df-81a4-1df8cb4d7759,fUST,0.00022076164383561645,2,4,1291.0344046,offer,2026-09-28T18:47:01.396524+00:00
44398b13-cef0-44df-81a4-1df8cb4d7759,fUST,0.00022095890410958903,2,15,4306.11907328,offer,2026-09-28T18:47:01.396524+00:00
44398b13-cef0-44df-81a4-1df8cb4d7759,fUST,0.00022096438356164383,2,9,2574.16339078,offer,2026-09-28T18:47:01.396524+00:00
44398b13-cef0-44df-81a4-1df8cb4d7759,fUST,0.00022096438356164385,2,1,500.0,offer,2026-09-28T18:47:01.396524+00:00
44398b13-cef0-44df-81a4-1df8cb4d7759,fUST,0.00022137414904109588,7,1,196.32444832,offer,2026-09-28T18:47:01.396524+00:00
44398b13-cef0-44df-81a4-1df8cb4d7759,fUST,0.0002237041095890411,2,1,494.41924766,offer,2026-09-28T18:47:01.396524+00:00
44398b13-cef0-44df-81a4-1df8cb4d7759,fUST,0.00022439,10,1,720.0,offer,2026-09-28T18:47:01.396524+00:00
44398b13-cef0-44df-81a4-1df8cb4d7759,fUST,0.00022535068493150686,2,1,500.0,offer,2026-09-28T18:47:01.396524+00:00
44398b13-cef0-44df-81a4-1df8cb4d7759,fUST,0.00022536,2,1,500.0,offer,2026-09-28T18:47:01.396524+00:00
18103eeb-eee3-4737-bff5-30b81e278287,fUST,0.0002671232876712329,120,1,-2589823.95630248,demand,2026-09-28T19:47:01.778905+00:00
18103eeb-eee3-4737-bff5-30b81e278287,fUST,0.000267123287,120,1,-4451.08,demand,2026-09-28T19:47:01.778905+00:00
18103eeb-eee3-4737-bff5-30b81e278287,fUST,0.0002621945205479452,60,1,-5428743.68822541,demand,2026-09-28T19:47:01.778905+00:00
18103eeb-eee3-4737-bff5-30b81e278287,fUST,0.0002574,35,1,-1559.5488576,demand,2026-09-28T19:47:01.778905+00:00
18103eeb-eee3-4737-bff5-30b81e278287,fUST,0.000257279452,45,1,-1438.99,demand,2026-09-28T19:47:01.778905+00:00
18103eeb-eee3-4737-bff5-30b81e278287,fUST,0.000256575342,35,1,-14866.01998122,demand,2026-09-28T19:47:01.778905+00:00
18103eeb-eee3-4737-bff5-30b81e278287,fUST,0.00024,2,1,-150.0,demand,2026-09-28T19:47:01.778905+00:00
18103eeb-eee3-4737-bff5-30b81e278287,fUST,0.00022,2,1,-150.0,demand,2026-09-28T19:47:01.778905+00:00
18103eeb-eee3-4737-bff5-30b81e278287,fUST,0.0002,2,1,-2000.0,demand,2026-09-28T19:47:01.778905+00:00
18103eeb-eee3-4737-bff5-30b81e278287,fUST,0.00019,2,1,-2000.0,demand,2026-09-28T19:47:01.778905+00:00
18103eeb-eee3-4737-bff5-30b81e278287,fUST,0.00018,2,1,-2000.0,demand,2026-09-28T19:47:01.778905+00:00
18103eeb-eee3-4737-bff5-30b81e278287,fUST,0.0001616,2,1,-1851.20354085,demand,2026-09-28T19:47:01.778905+00:00
18103eeb-eee3-4737-bff5-30b81e278287,fUST,0.0001615,2,1,-1181681.17947317,demand,2026-09-28T19:47:01.778905+00:00
18103eeb-eee3-4737-bff5-30b81e278287,fUST,0.00016103,2,1,-89823.20415265,demand,2026-09-28T19:47:01.778905+00:00
18103eeb-eee3-4737-bff5-30b81e278287,fUST,0.0001601,29,1,-139823.84554117,demand,2026-09-28T19:47:01.778905+00:00
18103eeb-eee3-4737-bff5-30b81e278287,fUST,0.00016,60,18,-114200.828599,demand,2026-09-28T19:47:01.778905+00:00
18103eeb-eee3-4737-bff5-30b81e278287,fUST,0.00016,30,1,-3277.4,demand,2026-09-28T19:47:01.778905+00:00
18103eeb-eee3-4737-bff5-30b81e278287,fUST,0.00016,2,1,-4000.0,demand,2026-09-28T19:47:01.778905+00:00
18103eeb-eee3-4737-bff5-30b81e278287,fUST,0.000155,45,8,-47500.0,demand,2026-09-28T19:47:01.778905+00:00
18103eeb-eee3-4737-bff5-30b81e278287,fUST,0.000153,7,1,-2485.0,demand,2026-09-28T19:47:01.778905+00:00
18103eeb-eee3-4737-bff5-30b81e278287,fUST,0.000152,60,1,-28000.0,demand,2026-09-28T19:47:01.778905+00:00
18103eeb-eee3-4737-bff5-30b81e278287,fUST,0.00015,120,1,-300000.0,demand,2026-09-28T19:47:01.778905+00:00
18103eeb-eee3-4737-bff5-30b81e278287,fUST,0.00015,45,4,-18668.928077,demand,2026-09-28T19:47:01.778905+00:00
18103eeb-eee3-4737-bff5-30b81e278287,fUST,0.00015,30,14,-57500.0,demand,2026-09-28T19:47:01.778905+00:00
18103eeb-eee3-4737-bff5-30b81e278287,fUST,0.00015,6,1,-7766.14475445,demand,2026-09-28T19:47:01.778905+00:00
18103eeb-eee3-4737-bff5-30b81e278287,fUST,0.00019999,2,1,79.51943614,offer,2026-09-28T19:47:01.778905+00:00
18103eeb-eee3-4737-bff5-30b81e278287,fUST,0.00019999000000000001,2,5,1837.00744066,offer,2026-09-28T19:47:01.778905+00:00
18103eeb-eee3-4737-bff5-30b81e278287,fUST,0.0002,2,1,3047.45,offer,2026-09-28T19:47:01.778905+00:00
18103eeb-eee3-4737-bff5-30b81e278287,fUST,0.0002,10,1,119449.20964534,offer,2026-09-28T19:47:01.778905+00:00
18103eeb-eee3-4737-bff5-30b81e278287,fUST,0.0002039898,7,1,1156.23621286,offer,2026-09-28T19:47:01.778905+00:00
18103eeb-eee3-4737-bff5-30b81e278287,fUST,0.0002055,2,1,533.55,offer,2026-09-28T19:47:01.778905+00:00
18103eeb-eee3-4737-bff5-30b81e278287,fUST,0.00020551,2,1,246.89,offer,2026-09-28T19:47:01.778905+00:00
18103eeb-eee3-4737-bff5-30b81e278287,fUST,0.00020604931506849314,2,1,331.40486632,offer,2026-09-28T19:47:01.778905+00:00
18103eeb-eee3-4737-bff5-30b81e278287,fUST,0.00020605,2,9,4079.97045471,offer,2026-09-28T19:47:01.778905+00:00
18103eeb-eee3-4737-bff5-30b81e278287,fUST,0.0002081954,2,1,7785.8276642,offer,2026-09-28T19:47:01.778905+00:00
18103eeb-eee3-4737-bff5-30b81e278287,fUST,0.00020998,2,2,1000.0,offer,2026-09-28T19:47:01.778905+00:00
18103eeb-eee3-4737-bff5-30b81e278287,fUST,0.0002099895,7,1,1156.23621286,offer,2026-09-28T19:47:01.778905+00:00
18103eeb-eee3-4737-bff5-30b81e278287,fUST,0.0002113148,2,1,228.996897,offer,2026-09-28T19:47:01.778905+00:00
18103eeb-eee3-4737-bff5-30b81e278287,fUST,0.0002116719,2,1,805.8611796,offer,2026-09-28T19:47:01.778905+00:00
18103eeb-eee3-4737-bff5-30b81e278287,fUST,0.0002133157,2,1,328.1922002,offer,2026-09-28T19:47:01.778905+00:00
18103eeb-eee3-4737-bff5-30b81e278287,fUST,0.0002146082,2,1,381.692828,offer,2026-09-28T19:47:01.778905+00:00
18103eeb-eee3-4737-bff5-30b81e278287,fUST,0.0002159892,7,1,1156.23621286,offer,2026-09-28T19:47:01.778905+00:00
18103eeb-eee3-4737-bff5-30b81e278287,fUST,0.000217,2,5,2283.14399571,offer,2026-09-28T19:47:01.778905+00:00
18103eeb-eee3-4737-bff5-30b81e278287,fUST,0.0002170901506849315,2,1,526.04091735,offer,2026-09-28T19:47:01.778905+00:00
18103eeb-eee3-4737-bff5-30b81e278287,fUST,0.00021999,2,1,173.72,offer,2026-09-28T19:47:01.778905+00:00
18103eeb-eee3-4737-bff5-30b81e278287,fUST,0.00022017658333333334,3,1,1023.0,offer,2026-09-28T19:47:01.778905+00:00
18103eeb-eee3-4737-bff5-30b81e278287,fUST,0.00022102191780821917,2,4,852.00909691,offer,2026-09-28T19:47:01.778905+00:00
18103eeb-eee3-4737-bff5-30b81e278287,fUST,0.00022109863013698627,2,5,1382.30715036,offer,2026-09-28T19:47:01.778905+00:00
18103eeb-eee3-4737-bff5-30b81e278287,fUST,0.00022199,2,1,300.20052417,offer,2026-09-28T19:47:01.778905+00:00
18103eeb-eee3-4737-bff5-30b81e278287,fUST,0.00022398,2,14,6882.22199062,offer,2026-09-28T19:47:01.778905+00:00
20129e86-92d8-442c-ba2d-4cb77b21fccc,fUST,0.0002671232876712329,120,1,-2588544.03512548,demand,2026-09-28T20:47:01.731143+00:00
20129e86-92d8-442c-ba2d-4cb77b21fccc,fUST,0.000267123287,120,1,-4451.08,demand,2026-09-28T20:47:01.731143+00:00
20129e86-92d8-442c-ba2d-4cb77b21fccc,fUST,0.00026254246575342465,60,1,-5427071.78430899,demand,2026-09-28T20:47:01.731143+00:00
20129e86-92d8-442c-ba2d-4cb77b21fccc,fUST,0.0002574,35,1,-1347.3088576,demand,2026-09-28T20:47:01.731143+00:00
20129e86-92d8-442c-ba2d-4cb77b21fccc,fUST,0.000257279452,45,1,-1438.99,demand,2026-09-28T20:47:01.731143+00:00
20129e86-92d8-442c-ba2d-4cb77b21fccc,fUST,0.000256575342,35,1,-14866.01998122,demand,2026-09-28T20:47:01.731143+00:00
20129e86-92d8-442c-ba2d-4cb77b21fccc,fUST,0.0002,2,1,-2000.0,demand,2026-09-28T20:47:01.731143+00:00
20129e86-92d8-442c-ba2d-4cb77b21fccc,fUST,0.00019,2,1,-2000.0,demand,2026-09-28T20:47:01.731143+00:00
20129e86-92d8-442c-ba2d-4cb77b21fccc,fUST,0.00018,2,1,-2000.0,demand,2026-09-28T20:47:01.731143+00:00
20129e86-92d8-442c-ba2d-4cb77b21fccc,fUST,0.0001615,2,1,-1149538.20170139,demand,2026-09-28T20:47:01.731143+00:00
20129e86-92d8-442c-ba2d-4cb77b21fccc,fUST,0.00016103,2,1,-89823.20415265,demand,2026-09-28T20:47:01.731143+00:00
20129e86-92d8-442c-ba2d-4cb77b21fccc,fUST,0.0001601,29,1,-139823.84554117,demand,2026-09-28T20:47:01.731143+00:00
20129e86-92d8-442c-ba2d-4cb77b21fccc,fUST,0.00016,60,18,-114200.828599,demand,2026-09-28T20:47:01.731143+00:00
20129e86-92d8-442c-ba2d-4cb77b21fccc,fUST,0.00016,30,1,-3277.4,demand,2026-09-28T20:47:01.731143+00:00
20129e86-92d8-442c-ba2d-4cb77b21fccc,fUST,0.00016,2,1,-4000.0,demand,2026-09-28T20:47:01.731143+00:00
20129e86-92d8-442c-ba2d-4cb77b21fccc,fUST,0.000155,45,8,-47500.0,demand,2026-09-28T20:47:01.731143+00:00
20129e86-92d8-442c-ba2d-4cb77b21fccc,fUST,0.000153,7,1,-2485.0,demand,2026-09-28T20:47:01.731143+00:00
20129e86-92d8-442c-ba2d-4cb77b21fccc,fUST,0.000152,60,1,-28000.0,demand,2026-09-28T20:47:01.731143+00:00
20129e86-92d8-442c-ba2d-4cb77b21fccc,fUST,0.00015,120,1,-300000.0,demand,2026-09-28T20:47:01.731143+00:00
20129e86-92d8-442c-ba2d-4cb77b21fccc,fUST,0.00015,45,4,-18668.928077,demand,2026-09-28T20:47:01.731143+00:00
20129e86-92d8-442c-ba2d-4cb77b21fccc,fUST,0.00015,30,14,-57500.0,demand,2026-09-28T20:47:01.731143+00:00
20129e86-92d8-442c-ba2d-4cb77b21fccc,fUST,0.00015,6,1,-7766.14475445,demand,2026-09-28T20:47:01.731143+00:00
20129e86-92d8-442c-ba2d-4cb77b21fccc,fUST,0.000149,2,1,-1912386.18946303,demand,2026-09-28T20:47:01.731143+00:00
20129e86-92d8-442c-ba2d-4cb77b21fccc,fUST,0.00014806,2,2,-2346827.30931819,demand,2026-09-28T20:47:01.731143+00:00
20129e86-92d8-442c-ba2d-4cb77b21fccc,fUST,0.000142,45,2,-20000.0,demand,2026-09-28T20:47:01.731143+00:00
20129e86-92d8-442c-ba2d-4cb77b21fccc,fUST,0.00016264,2,1,202.39,offer,2026-09-28T20:47:01.731143+00:00
20129e86-92d8-442c-ba2d-4cb77b21fccc,fUST,0.00016841,2,9,4068.88842861,offer,2026-09-28T20:47:01.731143+00:00
20129e86-92d8-442c-ba2d-4cb77b21fccc,fUST,0.00016843,2,7,3416.95401037,offer,2026-09-28T20:47:01.731143+00:00
20129e86-92d8-442c-ba2d-4cb77b21fccc,fUST,0.00016843013698630138,2,1,7120.68615992,offer,2026-09-28T20:47:01.731143+00:00
20129e86-92d8-442c-ba2d-4cb77b21fccc,fUST,0.00017135999999999999,7,3,1143.88669252,offer,2026-09-28T20:47:01.731143+00:00
20129e86-92d8-442c-ba2d-4cb77b21fccc,fUST,0.00017141,2,1,183.431321,offer,2026-09-28T20:47:01.731143+00:00
20129e86-92d8-442c-ba2d-4cb77b21fccc,fUST,0.00017170876712328768,2,69,34400.15192555,offer,2026-09-28T20:47:01.731143+00:00
20129e86-92d8-442c-ba2d-4cb77b21fccc,fUST,0.00017172,2,4,2135.03659112,offer,2026-09-28T20:47:01.731143+00:00
20129e86-92d8-442c-ba2d-4cb77b21fccc,fUST,0.00017175,2,2,1000.0,offer,2026-09-28T20:47:01.731143+00:00
20129e86-92d8-442c-ba2d-4cb77b21fccc,fUST,0.00017177,2,15,4500.0,offer,2026-09-28T20:47:01.731143+00:00
20129e86-92d8-442c-ba2d-4cb77b21fccc,fUST,0.00017182,2,1,600.0,offer,2026-09-28T20:47:01.731143+00:00
20129e86-92d8-442c-ba2d-4cb77b21fccc,fUST,0.0001735239,2,1,153.66,offer,2026-09-28T20:47:01.731143+00:00
20129e86-92d8-442c-ba2d-4cb77b21fccc,fUST,0.0001751269968,2,1,4580.8202955,offer,2026-09-28T20:47:01.731143+00:00
20129e86-92d8-442c-ba2d-4cb77b21fccc,fUST,0.00017537,2,2,1000.0,offer,2026-09-28T20:47:01.731143+00:00
20129e86-92d8-442c-ba2d-4cb77b21fccc,fUST,0.00017537,7,1,355.0,offer,2026-09-28T20:47:01.731143+00:00
20129e86-92d8-442c-ba2d-4cb77b21fccc,fUST,0.0001764,7,2,965.54121046,offer,2026-09-28T20:47:01.731143+00:00
20129e86-92d8-442c-ba2d-4cb77b21fccc,fUST,0.000178,30,1,15379.18301515,offer,2026-09-28T20:47:01.731143+00:00
20129e86-92d8-442c-ba2d-4cb77b21fccc,fUST,0.00017811,7,1,355.0,offer,2026-09-28T20:47:01.731143+00:00
20129e86-92d8-442c-ba2d-4cb77b21fccc,fUST,0.00017846,2,2,1000.0,offer,2026-09-28T20:47:01.731143+00:00
20129e86-92d8-442c-ba2d-4cb77b21fccc,fUST,0.00018143,2,1,500.0,offer,2026-09-28T20:47:01.731143+00:00
20129e86-92d8-442c-ba2d-4cb77b21fccc,fUST,0.0001814327337117394,2,1,4103.02894837,offer,2026-09-28T20:47:01.731143+00:00
20129e86-92d8-442c-ba2d-4cb77b21fccc,fUST,0.00018144,7,4,1399.43595277,offer,2026-09-28T20:47:01.731143+00:00
20129e86-92d8-442c-ba2d-4cb77b21fccc,fUST,0.00018816000000000001,7,2,965.54121051,offer,2026-09-28T20:47:01.731143+00:00
20129e86-92d8-442c-ba2d-4cb77b21fccc,fUST,0.00018899,2,1,500.0,offer,2026-09-28T20:47:01.731143+00:00
20129e86-92d8-442c-ba2d-4cb77b21fccc,fUST,0.000189,2,1,720.0,offer,2026-09-28T20:47:01.731143+00:00
c1a4cd2b-7f98-4ae9-98b8-d1db086e3288,fUST,0.0002671232876712329,120,1,-2556099.47512548,demand,2026-09-28T21:47:01.641948+00:00
c1a4cd2b-7f98-4ae9-98b8-d1db086e3288,fUST,0.000267123287,120,1,-4451.08,demand,2026-09-28T21:47:01.641948+00:00
c1a4cd2b-7f98-4ae9-98b8-d1db086e3288,fUST,0.0002626630136986301,60,1,-5426874.95211859,demand,2026-09-28T21:47:01.641948+00:00
c1a4cd2b-7f98-4ae9-98b8-d1db086e3288,fUST,0.0002574,35,1,-639.7388576,demand,2026-09-28T21:47:01.641948+00:00
c1a4cd2b-7f98-4ae9-98b8-d1db086e3288,fUST,0.000257279452,45,1,-1438.99,demand,2026-09-28T21:47:01.641948+00:00
c1a4cd2b-7f98-4ae9-98b8-d1db086e3288,fUST,0.000256575342,35,1,-14866.01998122,demand,2026-09-28T21:47:01.641948+00:00
c1a4cd2b-7f98-4ae9-98b8-d1db086e3288,fUST,0.00022,2,1,-150.0,demand,2026-09-28T21:47:01.641948+00:00
c1a4cd2b-7f98-4ae9-98b8-d1db086e3288,fUST,0.0002,2,1,-2000.0,demand,2026-09-28T21:47:01.641948+00:00
c1a4cd2b-7f98-4ae9-98b8-d1db086e3288,fUST,0.00019,2,1,-2000.0,demand,2026-09-28T21:47:01.641948+00:00
c1a4cd2b-7f98-4ae9-98b8-d1db086e3288,fUST,0.00018,2,1,-2000.0,demand,2026-09-28T21:47:01.641948+00:00
c1a4cd2b-7f98-4ae9-98b8-d1db086e3288,fUST,0.0001615,2,1,-1073064.46065864,demand,2026-09-28T21:47:01.641948+00:00
c1a4cd2b-7f98-4ae9-98b8-d1db086e3288,fUST,0.00016103,2,1,-89823.20415265,demand,2026-09-28T21:47:01.641948+00:00
c1a4cd2b-7f98-4ae9-98b8-d1db086e3288,fUST,0.0001601,29,1,-139823.84554117,demand,2026-09-28T21:47:01.641948+00:00
c1a4cd2b-7f98-4ae9-98b8-d1db086e3288,fUST,0.00016,60,18,-114200.828599,demand,2026-09-28T21:47:01.641948+00:00
c1a4cd2b-7f98-4ae9-98b8-d1db086e3288,fUST,0.00016,30,1,-3277.4,demand,2026-09-28T21:47:01.641948+00:00
c1a4cd2b-7f98-4ae9-98b8-d1db086e3288,fUST,0.00016,2,1,-4000.0,demand,2026-09-28T21:47:01.641948+00:00
c1a4cd2b-7f98-4ae9-98b8-d1db086e3288,fUST,0.000155,45,8,-47500.0,demand,2026-09-28T21:47:01.641948+00:00
c1a4cd2b-7f98-4ae9-98b8-d1db086e3288,fUST,0.000153,7,1,-2485.0,demand,2026-09-28T21:47:01.641948+00:00
c1a4cd2b-7f98-4ae9-98b8-d1db086e3288,fUST,0.000152,60,1,-28000.0,demand,2026-09-28T21:47:01.641948+00:00
c1a4cd2b-7f98-4ae9-98b8-d1db086e3288,fUST,0.00015,120,1,-300000.0,demand,2026-09-28T21:47:01.641948+00:00
c1a4cd2b-7f98-4ae9-98b8-d1db086e3288,fUST,0.00015,45,4,-18668.928077,demand,2026-09-28T21:47:01.641948+00:00
c1a4cd2b-7f98-4ae9-98b8-d1db086e3288,fUST,0.00015,30,14,-57500.0,demand,2026-09-28T21:47:01.641948+00:00
c1a4cd2b-7f98-4ae9-98b8-d1db086e3288,fUST,0.00015,6,1,-7766.14475445,demand,2026-09-28T21:47:01.641948+00:00
c1a4cd2b-7f98-4ae9-98b8-d1db086e3288,fUST,0.000149,2,1,-1912386.18946303,demand,2026-09-28T21:47:01.641948+00:00
c1a4cd2b-7f98-4ae9-98b8-d1db086e3288,fUST,0.00014806,2,2,-2346827.30931819,demand,2026-09-28T21:47:01.641948+00:00
c1a4cd2b-7f98-4ae9-98b8-d1db086e3288,fUST,0.00016547,7,1,164.30121029,offer,2026-09-28T21:47:01.641948+00:00
c1a4cd2b-7f98-4ae9-98b8-d1db086e3288,fUST,0.00016547,2,1,293.1,offer,2026-09-28T21:47:01.641948+00:00
c1a4cd2b-7f98-4ae9-98b8-d1db086e3288,fUST,0.00016591,2,1,159.48030695,offer,2026-09-28T21:47:01.641948+00:00
c1a4cd2b-7f98-4ae9-98b8-d1db086e3288,fUST,0.00016691,2,1,196.0,offer,2026-09-28T21:47:01.641948+00:00
c1a4cd2b-7f98-4ae9-98b8-d1db086e3288,fUST,0.00016717,2,1,183.0,offer,2026-09-28T21:47:01.641948+00:00
c1a4cd2b-7f98-4ae9-98b8-d1db086e3288,fUST,0.0001679769,2,1,159.48030695,offer,2026-09-28T21:47:01.641948+00:00
c1a4cd2b-7f98-4ae9-98b8-d1db086e3288,fUST,0.00016807410958904112,2,69,33460.73805772,offer,2026-09-28T21:47:01.641948+00:00
c1a4cd2b-7f98-4ae9-98b8-d1db086e3288,fUST,0.00016808410958904111,2,1,1705.83758481,offer,2026-09-28T21:47:01.641948+00:00
c1a4cd2b-7f98-4ae9-98b8-d1db086e3288,fUST,0.00016808493150684932,2,1,28175.92259248,offer,2026-09-28T21:47:01.641948+00:00
c1a4cd2b-7f98-4ae9-98b8-d1db086e3288,fUST,0.00016809,2,3,1191.59934464,offer,2026-09-28T21:47:01.641948+00:00
c1a4cd2b-7f98-4ae9-98b8-d1db086e3288,fUST,0.0001680941095890411,2,1,1928.05277271,offer,2026-09-28T21:47:01.641948+00:00
c1a4cd2b-7f98-4ae9-98b8-d1db086e3288,fUST,0.0001681,2,6,3000.0,offer,2026-09-28T21:47:01.641948+00:00
c1a4cd2b-7f98-4ae9-98b8-d1db086e3288,fUST,0.0001681041095890411,2,4,52406.86519996,offer,2026-09-28T21:47:01.641948+00:00
c1a4cd2b-7f98-4ae9-98b8-d1db086e3288,fUST,0.00016811,2,2,1000.0,offer,2026-09-28T21:47:01.641948+00:00
c1a4cd2b-7f98-4ae9-98b8-d1db086e3288,fUST,0.00016811506849315067,2,1,1968.89186032,offer,2026-09-28T21:47:01.641948+00:00
c1a4cd2b-7f98-4ae9-98b8-d1db086e3288,fUST,0.00016811616438356167,2,1,1748.64773402,offer,2026-09-28T21:47:01.641948+00:00
c1a4cd2b-7f98-4ae9-98b8-d1db086e3288,fUST,0.00016812,2,4,2942.1,offer,2026-09-28T21:47:01.641948+00:00
c1a4cd2b-7f98-4ae9-98b8-d1db086e3288,fUST,0.00016813,2,6,3649.74700218,offer,2026-09-28T21:47:01.641948+00:00
c1a4cd2b-7f98-4ae9-98b8-d1db086e3288,fUST,0.00016816,2,9,5066.71213222,offer,2026-09-28T21:47:01.641948+00:00
c1a4cd2b-7f98-4ae9-98b8-d1db086e3288,fUST,0.00016816,7,1,355.0,offer,2026-09-28T21:47:01.641948+00:00
c1a4cd2b-7f98-4ae9-98b8-d1db086e3288,fUST,0.00016817,2,18,8768.90045253,offer,2026-09-28T21:47:01.641948+00:00
c1a4cd2b-7f98-4ae9-98b8-d1db086e3288,fUST,0.00016818,2,5,2274.92256924,offer,2026-09-28T21:47:01.641948+00:00
c1a4cd2b-7f98-4ae9-98b8-d1db086e3288,fUST,0.0001682,2,1,500.0,offer,2026-09-28T21:47:01.641948+00:00
c1a4cd2b-7f98-4ae9-98b8-d1db086e3288,fUST,0.00016824,2,1,172.55241927,offer,2026-09-28T21:47:01.641948+00:00
c1a4cd2b-7f98-4ae9-98b8-d1db086e3288,fUST,0.0001687794,7,2,1256.65101588,offer,2026-09-28T21:47:01.641948+00:00
14b1e34e-18f0-4eca-a7b2-5cec8d55f649,fUST,0.0002671232876712329,120,1,-2556099.47512548,demand,2026-09-28T22:47:01.667481+00:00
14b1e34e-18f0-4eca-a7b2-5cec8d55f649,fUST,0.000267123287,120,1,-4451.08,demand,2026-09-28T22:47:01.667481+00:00
14b1e34e-18f0-4eca-a7b2-5cec8d55f649,fUST,0.00026276438356164384,60,1,-5426874.95211859,demand,2026-09-28T22:47:01.667481+00:00
14b1e34e-18f0-4eca-a7b2-5cec8d55f649,fUST,0.000257279452,45,1,-1438.99,demand,2026-09-28T22:47:01.667481+00:00
14b1e34e-18f0-4eca-a7b2-5cec8d55f649,fUST,0.000256575342,35,1,-14866.01998122,demand,2026-09-28T22:47:01.667481+00:00
14b1e34e-18f0-4eca-a7b2-5cec8d55f649,fUST,0.00024,2,1,-150.0,demand,2026-09-28T22:47:01.667481+00:00
14b1e34e-18f0-4eca-a7b2-5cec8d55f649,fUST,0.00022,2,1,-150.0,demand,2026-09-28T22:47:01.667481+00:00
14b1e34e-18f0-4eca-a7b2-5cec8d55f649,fUST,0.0002,2,1,-2000.0,demand,2026-09-28T22:47:01.667481+00:00
14b1e34e-18f0-4eca-a7b2-5cec8d55f649,fUST,0.00019,2,1,-2000.0,demand,2026-09-28T22:47:01.667481+00:00
14b1e34e-18f0-4eca-a7b2-5cec8d55f649,fUST,0.00018,2,1,-2000.0,demand,2026-09-28T22:47:01.667481+00:00
14b1e34e-18f0-4eca-a7b2-5cec8d55f649,fUST,0.00017,2,3,-3000.0,demand,2026-09-28T22:47:01.667481+00:00
14b1e34e-18f0-4eca-a7b2-5cec8d55f649,fUST,0.00017,5,1,-1000.0,demand,2026-09-28T22:47:01.667481+00:00
14b1e34e-18f0-4eca-a7b2-5cec8d55f649,fUST,0.00017,7,1,-1000.0,demand,2026-09-28T22:47:01.667481+00:00
14b1e34e-18f0-4eca-a7b2-5cec8d55f649,fUST,0.0001615,2,1,-1054008.45330043,demand,2026-09-28T22:47:01.667481+00:00
14b1e34e-18f0-4eca-a7b2-5cec8d55f649,fUST,0.00016103,2,1,-89823.20415265,demand,2026-09-28T22:47:01.667481+00:00
14b1e34e-18f0-4eca-a7b2-5cec8d55f649,fUST,0.0001601,29,1,-139823.84554117,demand,2026-09-28T22:47:01.667481+00:00
14b1e34e-18f0-4eca-a7b2-5cec8d55f649,fUST,0.00016,60,18,-114200.828599,demand,2026-09-28T22:47:01.667481+00:00
14b1e34e-18f0-4eca-a7b2-5cec8d55f649,fUST,0.00016,30,1,-3277.4,demand,2026-09-28T22:47:01.667481+00:00
14b1e34e-18f0-4eca-a7b2-5cec8d55f649,fUST,0.000155,45,8,-47500.0,demand,2026-09-28T22:47:01.667481+00:00
14b1e34e-18f0-4eca-a7b2-5cec8d55f649,fUST,0.000153,7,1,-2485.0,demand,2026-09-28T22:47:01.667481+00:00
14b1e34e-18f0-4eca-a7b2-5cec8d55f649,fUST,0.000152,60,1,-28000.0,demand,2026-09-28T22:47:01.667481+00:00
14b1e34e-18f0-4eca-a7b2-5cec8d55f649,fUST,0.00015,120,1,-300000.0,demand,2026-09-28T22:47:01.667481+00:00
14b1e34e-18f0-4eca-a7b2-5cec8d55f649,fUST,0.00015,45,4,-18668.928077,demand,2026-09-28T22:47:01.667481+00:00
14b1e34e-18f0-4eca-a7b2-5cec8d55f649,fUST,0.00015,30,14,-57500.0,demand,2026-09-28T22:47:01.667481+00:00
14b1e34e-18f0-4eca-a7b2-5cec8d55f649,fUST,0.00015,6,1,-7766.14475445,demand,2026-09-28T22:47:01.667481+00:00
14b1e34e-18f0-4eca-a7b2-5cec8d55f649,fUST,0.00016208,2,1,199.99,offer,2026-09-28T22:47:01.667481+00:00
14b1e34e-18f0-4eca-a7b2-5cec8d55f649,fUST,0.00016986,2,7,3448.8809101,offer,2026-09-28T22:47:01.667481+00:00
14b1e34e-18f0-4eca-a7b2-5cec8d55f649,fUST,0.00016987,2,1,23209.57975085,offer,2026-09-28T22:47:01.667481+00:00
14b1e34e-18f0-4eca-a7b2-5cec8d55f649,fUST,0.0001698742,2,1,244.7403958,offer,2026-09-28T22:47:01.667481+00:00
14b1e34e-18f0-4eca-a7b2-5cec8d55f649,fUST,0.00017009,2,2,696.29,offer,2026-09-28T22:47:01.667481+00:00
14b1e34e-18f0-4eca-a7b2-5cec8d55f649,fUST,0.0001702422,2,2,4531.9325503,offer,2026-09-28T22:47:01.667481+00:00
14b1e34e-18f0-4eca-a7b2-5cec8d55f649,fUST,0.0001706708,2,1,247.80279,offer,2026-09-28T22:47:01.667481+00:00
14b1e34e-18f0-4eca-a7b2-5cec8d55f649,fUST,0.0001707752,2,1,369.136911,offer,2026-09-28T22:47:01.667481+00:00
14b1e34e-18f0-4eca-a7b2-5cec8d55f649,fUST,0.00017376000000000002,2,2,831.03084305,offer,2026-09-28T22:47:01.667481+00:00
14b1e34e-18f0-4eca-a7b2-5cec8d55f649,fUST,0.00017378,7,1,291.68555625,offer,2026-09-28T22:47:01.667481+00:00
14b1e34e-18f0-4eca-a7b2-5cec8d55f649,fUST,0.00017378,2,11,5121.37050501,offer,2026-09-28T22:47:01.667481+00:00
14b1e34e-18f0-4eca-a7b2-5cec8d55f649,fUST,0.0001743026,2,1,8613.3362482,offer,2026-09-28T22:47:01.667481+00:00
14b1e34e-18f0-4eca-a7b2-5cec8d55f649,fUST,0.0001772556,7,1,291.68555625,offer,2026-09-28T22:47:01.667481+00:00
14b1e34e-18f0-4eca-a7b2-5cec8d55f649,fUST,0.00017767,2,4,1850.0,offer,2026-09-28T22:47:01.667481+00:00
14b1e34e-18f0-4eca-a7b2-5cec8d55f649,fUST,0.0001776775,2,1,14264.2178023,offer,2026-09-28T22:47:01.667481+00:00
14b1e34e-18f0-4eca-a7b2-5cec8d55f649,fUST,0.00017777,2,1,500.0,offer,2026-09-28T22:47:01.667481+00:00
14b1e34e-18f0-4eca-a7b2-5cec8d55f649,fUST,0.000178,30,1,937.92503962,offer,2026-09-28T22:47:01.667481+00:00
14b1e34e-18f0-4eca-a7b2-5cec8d55f649,fUST,0.00017999,2,7,3415.65629387,offer,2026-09-28T22:47:01.667481+00:00
14b1e34e-18f0-4eca-a7b2-5cec8d55f649,fUST,0.00018,7,3,625.72,offer,2026-09-28T22:47:01.667481+00:00
14b1e34e-18f0-4eca-a7b2-5cec8d55f649,fUST,0.00018,2,14,110197.69132791,offer,2026-09-28T22:47:01.667481+00:00
14b1e34e-18f0-4eca-a7b2-5cec8d55f649,fUST,0.00018111,2,1,612.98188142,offer,2026-09-28T22:47:01.667481+00:00
14b1e34e-18f0-4eca-a7b2-5cec8d55f649,fUST,0.00018246900000000002,7,2,508.04482518,offer,2026-09-28T22:47:01.667481+00:00
14b1e34e-18f0-4eca-a7b2-5cec8d55f649,fUST,0.0001871,2,1,196.29,offer,2026-09-28T22:47:01.667481+00:00
14b1e34e-18f0-4eca-a7b2-5cec8d55f649,fUST,0.00018768240000000002,7,1,291.68555625,offer,2026-09-28T22:47:01.667481+00:00
14b1e34e-18f0-4eca-a7b2-5cec8d55f649,fUST,0.0001892944539,2,1,181.168154,offer,2026-09-28T22:47:01.667481+00:00
f2e47469-5475-485c-bea1-e422994ef950,fUST,0.0002671232876712329,120,1,-2528480.72557885,demand,2026-09-28T23:47:01.421724+00:00
f2e47469-5475-485c-bea1-e422994ef950,fUST,0.000267123287,120,1,-4451.08,demand,2026-09-28T23:47:01.421724+00:00
f2e47469-5475-485c-bea1-e422994ef950,fUST,0.00026244657534246573,60,1,-5426298.95211859,demand,2026-09-28T23:47:01.421724+00:00
f2e47469-5475-485c-bea1-e422994ef950,fUST,0.000256575342,35,1,-14866.01998122,demand,2026-09-28T23:47:01.421724+00:00
f2e47469-5475-485c-bea1-e422994ef950,fUST,0.0002,2,1,-150.0,demand,2026-09-28T23:47:01.421724+00:00
f2e47469-5475-485c-bea1-e422994ef950,fUST,0.00018,7,1,-1000.0,demand,2026-09-28T23:47:01.421724+00:00
f2e47469-5475-485c-bea1-e422994ef950,fUST,0.00018,2,1,-3000.0,demand,2026-09-28T23:47:01.421724+00:00
f2e47469-5475-485c-bea1-e422994ef950,fUST,0.0001615,2,1,-1046751.35154141,demand,2026-09-28T23:47:01.421724+00:00
f2e47469-5475-485c-bea1-e422994ef950,fUST,0.00016103,2,1,-89823.20415265,demand,2026-09-28T23:47:01.421724+00:00
f2e47469-5475-485c-bea1-e422994ef950,fUST,0.0001601,29,1,-139823.84554117,demand,2026-09-28T23:47:01.421724+00:00
f2e47469-5475-485c-bea1-e422994ef950,fUST,0.00016,60,18,-114200.828599,demand,2026-09-28T23:47:01.421724+00:00
f2e47469-5475-485c-bea1-e422994ef950,fUST,0.00016,30,1,-3277.4,demand,2026-09-28T23:47:01.421724+00:00
f2e47469-5475-485c-bea1-e422994ef950,fUST,0.000155,45,8,-47500.0,demand,2026-09-28T23:47:01.421724+00:00
f2e47469-5475-485c-bea1-e422994ef950,fUST,0.000153,7,1,-2485.0,demand,2026-09-28T23:47:01.421724+00:00
f2e47469-5475-485c-bea1-e422994ef950,fUST,0.000152,60,1,-28000.0,demand,2026-09-28T23:47:01.421724+00:00
f2e47469-5475-485c-bea1-e422994ef950,fUST,0.00015,120,1,-300000.0,demand,2026-09-28T23:47:01.421724+00:00
f2e47469-5475-485c-bea1-e422994ef950,fUST,0.00015,45,4,-18668.928077,demand,2026-09-28T23:47:01.421724+00:00
f2e47469-5475-485c-bea1-e422994ef950,fUST,0.00015,30,14,-57500.0,demand,2026-09-28T23:47:01.421724+00:00
f2e47469-5475-485c-bea1-e422994ef950,fUST,0.00015,6,1,-7766.14475445,demand,2026-09-28T23:47:01.421724+00:00
f2e47469-5475-485c-bea1-e422994ef950,fUST,0.000149,2,1,-1912386.18946303,demand,2026-09-28T23:47:01.421724+00:00
f2e47469-5475-485c-bea1-e422994ef950,fUST,0.00014806,2,2,-2346827.30931819,demand,2026-09-28T23:47:01.421724+00:00
f2e47469-5475-485c-bea1-e422994ef950,fUST,0.000142,45,2,-20000.0,demand,2026-09-28T23:47:01.421724+00:00
f2e47469-5475-485c-bea1-e422994ef950,fUST,0.0001401,13,1,-99488.31479105,demand,2026-09-28T23:47:01.421724+00:00
f2e47469-5475-485c-bea1-e422994ef950,fUST,0.0001401,2,1,-2000000.0,demand,2026-09-28T23:47:01.421724+00:00
f2e47469-5475-485c-bea1-e422994ef950,fUST,0.00014000000000000001,30,1,-28000.0,demand,2026-09-28T23:47:01.421724+00:00
f2e47469-5475-485c-bea1-e422994ef950,fUST,0.000178,30,1,1850.0,offer,2026-09-28T23:47:01.421724+00:00
f2e47469-5475-485c-bea1-e422994ef950,fUST,0.00017884,2,6,2850.86035633,offer,2026-09-28T23:47:01.421724+00:00
f2e47469-5475-485c-bea1-e422994ef950,fUST,0.000179972,2,1,636.60730645,offer,2026-09-28T23:47:01.421724+00:00
f2e47469-5475-485c-bea1-e422994ef950,fUST,0.00017998,7,2,353.43,offer,2026-09-28T23:47:01.421724+00:00
f2e47469-5475-485c-bea1-e422994ef950,fUST,0.000179982,2,3,10712.40229304,offer,2026-09-28T23:47:01.421724+00:00
f2e47469-5475-485c-bea1-e422994ef950,fUST,0.00018212100000000001,7,1,159.85123892,offer,2026-09-28T23:47:01.421724+00:00
f2e47469-5475-485c-bea1-e422994ef950,fUST,0.00018212100000000001,2,1,1312.73311477,offer,2026-09-28T23:47:01.421724+00:00
f2e47469-5475-485c-bea1-e422994ef950,fUST,0.0001824,2,1,500.0,offer,2026-09-28T23:47:01.421724+00:00
f2e47469-5475-485c-bea1-e422994ef950,fUST,0.00018241,2,1,486.81052325,offer,2026-09-28T23:47:01.421724+00:00
f2e47469-5475-485c-bea1-e422994ef950,fUST,0.0001842693,2,1,175.243324,offer,2026-09-28T23:47:01.421724+00:00
f2e47469-5475-485c-bea1-e422994ef950,fUST,0.00018688642944342249,2,1,484.61793259,offer,2026-09-28T23:47:01.421724+00:00
f2e47469-5475-485c-bea1-e422994ef950,fUST,0.0001873455,2,1,361.26104,offer,2026-09-28T23:47:01.421724+00:00
f2e47469-5475-485c-bea1-e422994ef950,fUST,0.0001884566,2,1,2766.4367669,offer,2026-09-28T23:47:01.421724+00:00
f2e47469-5475-485c-bea1-e422994ef950,fUST,0.00018941995,2,1,465.46411358,offer,2026-09-28T23:47:01.421724+00:00
f2e47469-5475-485c-bea1-e422994ef950,fUST,0.0001895,2,1,1016.18,offer,2026-09-28T23:47:01.421724+00:00
f2e47469-5475-485c-bea1-e422994ef950,fUST,0.00018999595684530366,5,1,1000.0,offer,2026-09-28T23:47:01.421724+00:00
f2e47469-5475-485c-bea1-e422994ef950,fUST,0.00019283400000000002,7,1,239.7768584,offer,2026-09-28T23:47:01.421724+00:00
f2e47469-5475-485c-bea1-e422994ef950,fUST,0.00019399,2,2,1000.0,offer,2026-09-28T23:47:01.421724+00:00
f2e47469-5475-485c-bea1-e422994ef950,fUST,0.000194,2,5,10896.64531354,offer,2026-09-28T23:47:01.421724+00:00
f2e47469-5475-485c-bea1-e422994ef950,fUST,0.00019489995,2,1,465.46411358,offer,2026-09-28T23:47:01.421724+00:00
f2e47469-5475-485c-bea1-e422994ef950,fUST,0.00019598,2,1,488.02778654,offer,2026-09-28T23:47:01.421724+00:00
f2e47469-5475-485c-bea1-e422994ef950,fUST,0.00019599,2,1,1358.74318818,offer,2026-09-28T23:47:01.421724+00:00
f2e47469-5475-485c-bea1-e422994ef950,fUST,0.00019672,2,1,189.78,offer,2026-09-28T23:47:01.421724+00:00
f2e47469-5475-485c-bea1-e422994ef950,fUST,0.00019795,2,1,7050.81832049,offer,2026-09-28T23:47:01.421724+00:00
f2e47469-5475-485c-bea1-e422994ef950,fUST,0.0001992876712328767,2,4,1052.58,offer,2026-09-28T23:47:01.421724+00:00
